date,side,level,touch_ts,touch_close,fwd_ret_15m,outcome_15m,fwd_ret_60m,outcome_60m,fwd_ret_240m,outcome_240m,outcome_1440m,fwd_ret_1440m,kind,k,pair
2020-10-28,call,104.16666666666667,2020-10-28 11:18:00,104.16,0.0007296466973887306,break,0.002054531490015332,break,0.0011904761904761862,break,,,wall,0.0,USD_JPY
2020-10-29,call,104.16666666666667,2020-10-29 11:14:00,104.126,1.9207498607398676e-05,reject,0.0011332424178398526,break,0.003687839732631648,break,,,wall,0.0,USD_JPY
2020-10-29,call,104.16666666666667,2020-10-29 11:30:00,104.134,0.0004033264831850847,break,0.0013156125761037973,break,0.004628651545124596,break,,,wall,0.0,USD_JPY
2020-11-05,call,104.16666666666667,2020-11-05 11:04:00,104.178,0.00021117702393991244,break,8.639060070270155e-05,break,-0.004252337345696744,reject,,,wall,0.0,USD_JPY
2020-11-05,call,104.16666666666667,2020-11-05 11:55:00,104.14,0.0004129057038602113,break,-0.0026310735548300546,reject,-0.004637987324755177,reject,,,wall,0.0,USD_JPY
2020-11-09,call,104.16666666666667,2020-11-09 11:59:00,104.206,0.00210160643341073,break,0.007293246070283699,break,0.011323724161756532,break,,,wall,0.0,USD_JPY
2020-11-17,call,104.16666666666667,2020-11-17 13:57:00,104.158,0.00034562875631261036,break,-0.00034562875631249934,reject,0.0005472455308281887,break,,,wall,0.0,USD_JPY
2020-11-17,call,104.16666666666667,2020-11-17 14:44:00,104.148,-0.0006433152820984889,reject,0.0006049083995851579,break,0.0009217651803203886,break,,,wall,0.0,USD_JPY
2020-11-17,call,104.16666666666667,2020-11-17 14:55:00,104.141,-0.0002976733467127124,reject,0.0004417088370574085,break,0.0007585869158159841,break,,,wall,0.0,USD_JPY
2020-11-17,call,104.16666666666667,2020-11-17 15:03:00,104.148,-0.00013442408879671408,reject,0.0006529170027269604,break,0.0005665015170719379,break,,,wall,0.0,USD_JPY
2020-11-17,call,104.16666666666667,2020-11-17 15:19:00,104.152,0.000556878408479955,break,0.0007105000384053373,break,0.0005184730009986094,break,,,wall,0.0,USD_JPY
2020-11-18,call,104.16666666666667,2020-11-18 01:47:00,104.152,-0.000412858130424798,reject,-0.00038405407481378884,reject,-0.0013153852062370852,reject,,,wall,0.0,USD_JPY
2020-11-19,call,104.16666666666667,2020-11-19 10:15:00,104.144,0.0005569211860501078,break,-1.9204178829390628e-05,reject,-0.0008833922261484162,reject,,,wall,0.0,USD_JPY
2020-11-19,call,104.16666666666667,2020-11-19 11:07:00,104.145,-0.0002784579192471881,reject,-0.0016611455182677926,reject,-0.0017571654904219303,reject,,,wall,0.0,USD_JPY
2020-11-23,call,104.16666666666667,2020-11-23 15:11:00,104.144,0.0008833922261484162,break,0.00457059456137654,break,0.0032070978644951342,break,,,wall,0.0,USD_JPY
2020-11-27,call,104.16666666666667,2020-11-27 11:59:00,104.144,0.00021124596712240873,reject,8.641880473181374e-05,reject,-0.001190659087417556,reject,,,wall,0.0,USD_JPY
2020-11-30,call,104.16666666666667,2020-11-30 08:03:00,104.142,9.602273818454243e-05,reject,0.0009410228342070504,break,-0.0009986364771177314,reject,,,wall,0.0,USD_JPY
2020-11-30,call,104.16666666666667,2020-11-30 08:15:00,104.15,0.00012481997119540011,reject,0.0012674027844454816,break,-0.00032645223235727716,reject,,,wall,0.0,USD_JPY
2020-11-30,call,104.16666666666667,2020-11-30 12:17:00,104.141,-0.0005665395953564634,reject,0.00018244495443675568,reject,0.001968485034712586,break,,,wall,0.0,USD_JPY
2020-11-30,call,104.16666666666667,2020-11-30 12:57:00,104.148,0.0002880516188501492,break,0.0001248223681684646,reject,0.0021315819794907043,break,,,wall,0.0,USD_JPY
2020-11-30,call,104.16666666666667,2020-11-30 13:11:00,104.154,0.00021122568504328143,break,0.00040324903508270893,break,0.0019490370028996118,break,,,wall,0.0,USD_JPY
2020-11-30,call,104.16666666666667,2020-11-30 15:30:00,104.161,0.0007584412592045453,break,0.0018913028868769999,break,0.001632088785630037,break,,,wall,0.0,USD_JPY
2021-04-15,call,108.69565217391305,2021-04-15 14:23:00,108.671,-0.00015643547956689652,reject,0.00035888139430007016,break,-8.281878330007597e-05,reject,,,wall,0.0,USD_JPY
2021-04-15,call,108.69565217391305,2021-04-15 19:08:00,108.676,0.00021163826419812182,break,0.0001656299458943078,reject,-2.760499098242164e-05,reject,,,wall,0.0,USD_JPY
2021-04-16,call,108.69565217391305,2021-04-16 00:19:00,108.684,9.200986345736517e-05,reject,0.0019322071326046686,break,0.001361745979168827,break,,,wall,0.0,USD_JPY
2021-04-19,call,108.69565217391305,2021-04-19 04:32:00,108.683,-0.00023002677511663183,reject,-0.00010121178105138018,reject,-0.005456235105766316,reject,,,wall,0.0,USD_JPY
2021-04-27,call,108.69565217391305,2021-04-27 16:58:00,108.678,-0.00037726126722981146,reject,0.00022083586374432862,break,-9.201494322674808e-05,reject,,,wall,0.0,USD_JPY
2021-04-27,call,108.69565217391305,2021-04-27 17:49:00,108.675,0.00015642972164697788,reject,0.0005337014032666954,break,0.0004324821716126248,break,,,wall,0.0,USD_JPY
2021-04-28,call,108.69565217391305,2021-04-28 18:39:00,108.672,0.00013803003533574554,reject,-0.0005245141342756776,reject,-0.0011870583038868787,reject,,,wall,0.0,USD_JPY
2021-04-28,call,108.69565217391305,2021-04-28 18:47:00,108.682,0.0002576323586240825,break,-0.0002208277359636579,reject,-0.0011685467694741991,reject,,,wall,0.0,USD_JPY
2021-07-19,call,109.2896174863388,2021-07-19 14:24:00,109.284,0.0001647084660152398,break,0.0017843417151641727,break,0.0015189780754729654,break,,,wall,0.0,USD_JPY
2021-07-19,call,109.2896174863388,2021-07-19 14:33:00,109.275,0.0011805078929305601,break,0.0027087622969570457,break,0.0017112788835507153,break,,,wall,0.0,USD_JPY
2022-01-14,call,113.63636363636363,2022-01-14 14:21:00,113.656,0.0005279087773630842,break,0.001310973463785503,break,0.003255437460406796,break,,,wall,0.0,USD_JPY
2023-12-07,call,144.92753623188406,2023-12-07 09:55:00,144.902,-0.0005658997115290942,reject,-0.0002898510717586067,reject,6.9012159942261064e-06,reject,,,wall,0.0,USD_JPY
2023-12-07,call,144.92753623188406,2023-12-07 09:58:00,144.834,-0.0012428021044782467,reject,-1.3808912272095242e-05,reject,-0.00019332477180766805,reject,,,wall,0.0,USD_JPY
2023-12-07,call,144.92753623188406,2023-12-07 10:00:00,144.884,-0.0014080229701001201,reject,-0.000414124402970506,reject,-0.000289887082079221,reject,,,wall,0.0,USD_JPY
2023-12-07,call,144.92753623188406,2023-12-07 10:33:00,144.912,-0.0011110191012476678,reject,0.001946008612123018,break,-0.0019667108314010973,reject,,,wall,0.0,USD_JPY
2023-12-07,call,144.92753623188406,2023-12-07 10:37:00,144.9,-3.4506556245705866e-05,reject,0.001683919944789558,break,-0.0009661835748793202,reject,,,wall,0.0,USD_JPY
2023-12-07,call,144.92753623188406,2023-12-07 10:53:00,144.895,0.00020014493253728283,reject,0.0011180510024499934,break,-0.0026432934193727498,reject,,,wall,0.0,USD_JPY
2023-12-07,call,144.92753623188406,2023-12-07 11:02:00,144.911,0.0004140472427904829,break,0.0011386299176736614,break,-0.0020633354265722215,reject,,,wall,0.0,USD_JPY
2023-12-07,call,144.92753623188406,2023-12-07 13:55:00,144.903,-0.0008902507194467058,reject,-0.003153833944086637,reject,-0.010103310490465978,reject,,,wall,0.0,USD_JPY
2023-12-07,call,144.92753623188406,2023-12-07 14:16:00,144.942,-0.001697230616384604,reject,-0.002083592057512851,reject,-0.011646037725435154,reject,,,wall,0.0,USD_JPY
2023-12-07,call,144.92753623188406,2023-12-07 14:25:00,144.829,-0.0006559459776701582,reject,-0.0029483045522652462,reject,-0.009411098605942136,reject,,,wall,0.0,USD_JPY
2024-08-02,call,147.05882352941177,2024-08-02 14:09:00,147.012,-0.0011767746850597227,reject,-0.0021766930590699785,reject,-0.0011903790166789552,reject,,,wall,0.0,USD_JPY
2024-08-02,call,147.05882352941177,2024-08-02 14:11:00,147.078,-0.0009722732155726943,reject,-0.002515671956376919,reject,-0.0017677694828593937,reject,,,wall,0.0,USD_JPY
2024-08-02,call,147.05882352941177,2024-08-02 14:16:00,147.074,-0.0004351550919946545,reject,-0.0032228674000844837,reject,-0.0016726273848539641,reject,,,wall,0.0,USD_JPY
2024-08-02,call,147.05882352941177,2024-08-02 14:18:00,146.997,-0.00011564861867940923,reject,-0.0023741981128867495,reject,-0.0012177119260937674,reject,,,wall,0.0,USD_JPY
2024-08-02,call,147.05882352941177,2024-08-02 14:26:00,146.935,-0.0015176778847790784,reject,-0.00344369959505908,reject,-0.0009732194507775516,reject,,,wall,0.0,USD_JPY
2024-08-02,call,147.05882352941177,2024-08-02 14:30:00,147.025,-0.0017956129909879603,reject,-0.0036048291106954844,reject,-0.0017071926543105187,reject,,,wall,0.0,USD_JPY
2024-08-02,call,147.05882352941177,2024-08-02 14:33:00,146.98,-0.0011566199482921924,reject,-0.0028983535174852415,reject,-0.0014763913457612743,reject,,,wall,0.0,USD_JPY
2024-08-02,call,147.05882352941177,2024-08-02 15:57:00,147.108,-8.837044892195944e-05,break,-0.0018353862468390991,reject,-0.0032968975174701987,reject,,,wall,0.0,USD_JPY
2024-08-02,call,147.05882352941177,2024-08-02 16:00:00,147.036,6.801055523819599e-05,reject,-0.0012717973829539098,reject,-0.0030604749857177094,reject,,,wall,0.0,USD_JPY
2024-08-02,call,147.05882352941177,2024-08-02 16:17:00,147.084,-0.0006866824399662796,reject,-0.001053819586086857,reject,-0.0032770389709281256,reject,,,wall,0.0,USD_JPY
2024-08-02,call,147.05882352941177,2024-08-02 16:33:00,147.073,-0.0006051416643435559,reject,-0.0018290236821171257,reject,-0.003515261128827163,reject,,,wall,0.0,USD_JPY
2024-08-07,call,147.05882352941177,2024-08-07 01:46:00,147.341,-0.00479839284381145,reject,-0.005015576112555209,reject,-0.0015610047440971497,break,,,wall,0.0,USD_JPY
2024-08-07,call,147.05882352941177,2024-08-07 01:50:00,146.896,-0.0008441346258577509,reject,-0.002069491340812357,reject,0.0014840431325564563,break,,,wall,0.0,USD_JPY
2024-08-07,call,147.05882352941177,2024-08-07 01:53:00,147.015,-0.0018161412100805574,reject,-0.0024691358024691024,reject,0.0007074108084210717,break,,,wall,0.0,USD_JPY
2024-08-07,call,147.05882352941177,2024-08-07 03:11:00,147.021,0.0008094081797838104,break,0.0018364723406860683,break,-0.0014147638772692428,reject,,,wall,0.0,USD_JPY
2024-08-07,call,147.05882352941177,2024-08-07 03:21:00,147.07,-0.00035357312844219724,reject,0.003970898211735907,break,-0.0034405385190725557,reject,,,wall,0.0,USD_JPY
2024-08-07,call,147.05882352941177,2024-08-07 03:34:00,147.03,0.0011290212881724937,break,0.005468271781269074,break,-0.004985377133918223,reject,,,wall,0.0,USD_JPY
2024-08-07,call,147.05882352941177,2024-08-07 05:46:00,147.111,-0.0015702428778269217,reject,-0.002399548640142357,reject,0.001475076642807327,break,,,wall,0.0,USD_JPY
2024-08-07,call,147.05882352941177,2024-08-07 06:00:00,146.915,-0.0015451111186740585,reject,-0.002048803730047899,reject,0.0039750876357076415,break,,,wall,0.0,USD_JPY
2024-08-07,call,147.05882352941177,2024-08-07 06:05:00,147.115,-0.0012847092410700478,reject,-0.00219556129558518,reject,0.00202562621078739,break,,,wall,0.0,USD_JPY
2024-08-07,call,147.05882352941177,2024-08-07 06:27:00,147.02,-0.0022105835940690044,reject,-0.005557067065705357,reject,0.0018636920146919422,break,,,wall,0.0,USD_JPY
2024-08-07,call,147.05882352941177,2024-08-07 08:48:00,147.062,0.0006799853123171662,break,0.0016319647495612877,break,-0.0004147910405135624,reject,,,wall,0.0,USD_JPY
2024-08-07,call,147.05882352941177,2024-08-07 12:03:00,147.068,0.0004419724209208109,break,-0.0002923817553784902,reject,0.0013463159898821075,break,,,wall,0.0,USD_JPY
2024-08-07,call,147.05882352941177,2024-08-07 12:12:00,147.078,-0.00023116985545079682,reject,-0.00019037517507713986,reject,0.0020261357918927025,break,,,wall,0.0,USD_JPY
2024-08-07,call,147.05882352941177,2024-08-07 12:23:00,147.048,-0.00029242152222408446,reject,-0.00032642402480820287,reject,0.002570589195364681,break,,,wall,0.0,USD_JPY
2024-08-07,call,147.05882352941177,2024-08-07 12:30:00,147.03,0.000170033326531982,reject,0.0004964973134735651,break,0.0028225532204311232,break,,,wall,0.0,USD_JPY
2024-08-07,call,147.05882352941177,2024-08-07 12:36:00,146.993,0.0001428639459022385,reject,0.00048301619805024565,break,0.002680399746926687,break,,,wall,0.0,USD_JPY
2024-08-07,call,147.05882352941177,2024-08-07 12:39:00,147.02,-0.0007890082981908408,reject,0.0004965310842059978,break,0.0023126105291797483,break,,,wall,0.0,USD_JPY
2024-08-07,call,147.05882352941177,2024-08-07 12:45:00,147.055,0.0001020026520688333,break,0.0015504403114479093,break,0.0015708408418617648,break,,,wall,0.0,USD_JPY
2024-08-07,call,147.05882352941177,2024-08-07 12:58:00,147.01,-0.00011563839194606018,reject,0.0012516155363579973,break,0.0011835929528603018,break,,,wall,0.0,USD_JPY
2024-08-07,call,147.05882352941177,2024-08-07 13:00:00,147.07,-0.0005847555585773989,reject,0.000448765893792169,break,0.0009927245529339768,break,,,wall,0.0,USD_JPY
2024-08-07,call,147.05882352941177,2024-08-07 13:02:00,147.076,-0.0004895428213984587,reject,0.00010878729364427464,break,0.0012238570534961468,break,,,wall,0.0,USD_JPY
2024-08-07,call,147.05882352941177,2024-08-07 13:11:00,147.098,-0.0003263130701981476,reject,-0.0008361772423827185,reject,0.0002583311805732791,break,,,wall,0.0,USD_JPY
2024-08-07,call,147.05882352941177,2024-08-07 13:19:00,146.986,0.0005578762603242193,break,-0.0012109996870449669,reject,0.00015647748765190705,reject,,,wall,0.0,USD_JPY
2024-08-07,call,147.05882352941177,2024-08-07 13:25:00,147.017,0.00037410639585910843,break,-0.0016392662073092534,reject,0.0019521551929368997,break,,,wall,0.0,USD_JPY
2024-08-07,call,147.05882352941177,2024-08-07 14:10:00,147.043,-0.001815795379582763,reject,0.0032099453901237585,break,-0.0014621573281284883,reject,,,wall,0.0,USD_JPY
2024-08-07,call,147.05882352941177,2024-08-07 14:12:00,147.044,-0.001972198797638991,reject,0.0032167242458038814,break,-0.0016865700062567157,reject,,,wall,0.0,USD_JPY
2024-08-07,call,147.05882352941177,2024-08-07 14:50:00,147.058,0.003944022086523669,break,0.0018768105101389931,break,-0.0007888044173046671,reject,,,wall,0.0,USD_JPY
2024-08-07,call,147.05882352941177,2024-08-07 17:59:00,147.036,-0.0017546723251449237,reject,-0.0012717973829539098,reject,-0.0022715525449550356,reject,,,wall,0.0,USD_JPY
2024-08-07,call,147.05882352941177,2024-08-07 18:41:00,147.035,-0.000918148740095881,reject,-0.000829734416975425,reject,-0.0032237222430032686,reject,,,wall,0.0,USD_JPY
2024-08-07,call,147.05882352941177,2024-08-07 19:03:00,147.062,-0.0009995784091064719,reject,-0.0013055717996491856,reject,-0.004447103942554986,reject,,,wall,0.0,USD_JPY
2024-08-08,call,147.05882352941177,2024-08-08 12:40:00,147.162,8.154278957883676e-05,break,0.0014949511422786,break,0.0001698808116226136,break,,,wall,0.0,USD_JPY
2024-08-08,call,147.05882352941177,2024-08-08 12:47:00,147.07,-0.00015638811450324752,reject,0.0014278914802474674,break,0.0008023390222342552,break,,,wall,0.0,USD_JPY
2024-08-08,call,147.05882352941177,2024-08-08 13:01:00,147.028,0.0012174551786054977,break,0.0007685610904044626,break,0.0011970509018690567,break,,,wall,0.0,USD_JPY
2024-08-08,call,147.05882352941177,2024-08-08 13:08:00,147.04,0.0016322089227420733,break,-0.0004760609357997714,reject,0.0010745375408052205,break,,,wall,0.0,USD_JPY
2024-08-08,call,147.05882352941177,2024-08-08 14:05:00,147.054,0.00019040624532484784,break,0.0009112298883402481,break,0.002237273382567073,break,,,wall,0.0,USD_JPY
2024-08-08,call,147.05882352941177,2024-08-08 14:09:00,147.032,0.0007073290168124746,break,0.0011426084117740487,break,0.002482452799390522,break,,,wall,0.0,USD_JPY
2024-08-08,call,147.05882352941177,2024-08-08 14:15:00,147.074,0.0013666589607952417,break,0.00012238736962344454,break,0.001985395107224841,break,,,wall,0.0,USD_JPY
2024-08-09,call,147.05882352941177,2024-08-09 04:44:00,147.048,-0.001081279582177186,reject,-0.0008092595615036835,reject,0.0008296610630540435,break,,,wall,0.0,USD_JPY
2024-08-09,call,147.05882352941177,2024-08-09 05:38:00,147.056,-0.00024480470025023404,reject,0.00018360352518764778,break,0.0009860189315633594,break,,,wall,0.0,USD_JPY
2024-08-09,call,147.05882352941177,2024-08-09 05:48:00,147.043,-0.0009725046414994498,reject,0.0008364900063246861,break,0.0008092870792897333,break,,,wall,0.0,USD_JPY
2024-08-09,call,147.05882352941177,2024-08-09 06:08:00,147.047,0.00011560929498721784,break,-0.0005236421008248948,reject,0.0012853033383883883,break,,,wall,0.0,USD_JPY
2024-08-09,call,147.05882352941177,2024-08-09 06:10:00,147.044,-0.00010201028263656653,reject,0.0,reject,0.0012921302467288065,break,,,wall,0.0,USD_JPY
2024-08-09,call,147.05882352941177,2024-08-09 07:09:00,147.006,-0.0002108757465681954,reject,0.001210834931907545,break,0.00013604886875362432,reject,,,wall,0.0,USD_JPY
2024-08-09,call,147.05882352941177,2024-08-09 07:15:00,147.038,-8.841251921276605e-05,reject,-0.0004352616330474124,reject,-6.800963016373451e-05,reject,,,wall,0.0,USD_JPY
2024-08-09,call,147.05882352941177,2024-08-09 07:28:00,147.022,0.0006461617989144131,break,0.0008706180027480137,break,0.00010882725034355722,reject,,,wall,0.0,USD_JPY
2024-08-09,call,147.05882352941177,2024-08-09 08:20:00,147.057,0.0007072087693889006,break,0.0012988161053197889,break,-0.0013260164426038834,reject,,,wall,0.0,USD_JPY
2024-08-09,call,147.05882352941177,2024-08-09 11:10:00,147.072,0.00014958659704089605,break,-0.0013394799825935388,reject,-0.0028897410791993705,reject,,,wall,0.0,USD_JPY
2024-08-09,call,147.05882352941177,2024-08-09 11:57:00,147.06,-0.0012919896640827266,reject,-0.0020807833537332954,reject,-0.004066367469060306,reject,,,wall,0.0,USD_JPY
2024-08-12,call,147.05882352941177,2024-08-12 03:35:00,147.099,0.00035350342286499803,break,-0.0001291647122004802,break,0.001312041550248555,break,,,wall,0.0,USD_JPY
2024-08-13,call,147.05882352941177,2024-08-13 13:14:00,147.113,-0.0010536118493946756,reject,-0.0008360919837131497,reject,-0.0023043510770631714,reject,,,wall,0.0,USD_JPY
2024-08-13,call,147.05882352941177,2024-08-13 13:27:00,147.032,0.00023124217857328766,break,0.0002448446596658993,break,-0.001537080363458343,reject,,,wall,0.0,USD_JPY
2024-08-13,call,147.05882352941177,2024-08-13 13:32:00,147.036,0.0013874153268587097,break,0.00021083272123845198,break,-0.0015166353818113487,reject,,,wall,0.0,USD_JPY
2024-08-13,call,147.05882352941177,2024-08-13 13:38:00,146.998,0.0006666757370850096,break,0.0011768867603640931,break,-0.0010952529966393731,reject,,,wall,0.0,USD_JPY
2024-08-13,call,147.05882352941177,2024-08-13 14:07:00,147.012,-0.0006394035861018166,reject,0.0002992952956222261,reject,-0.00112915952439252,reject,,,wall,0.0,USD_JPY
2024-08-13,call,147.05882352941177,2024-08-13 14:12:00,147.038,0.0002040288904909815,break,-0.0003128442987528901,reject,-0.0014282022334363154,reject,,,wall,0.0,USD_JPY
2024-08-13,call,147.05882352941177,2024-08-13 14:18:00,147.006,0.00030610995469571023,reject,-4.08146606261095e-05,reject,-0.0019318939363018872,reject,,,wall,0.0,USD_JPY
2024-08-13,call,147.05882352941177,2024-08-13 14:25:00,147.035,0.0004420716156017246,break,0.00013602203556972725,reject,-0.0019655184139829585,reject,,,wall,0.0,USD_JPY
2024-08-13,call,147.05882352941177,2024-08-13 14:51:00,147.038,-0.0002992423727200544,reject,-0.00014282022334377587,reject,-0.0019178715706145155,reject,,,wall,0.0,USD_JPY
2024-08-13,call,147.05882352941177,2024-08-13 15:00:00,147.04,-0.00030603917301408323,reject,-0.0006800870511425305,reject,-0.0024687159956474636,reject,,,wall,0.0,USD_JPY
2024-08-13,call,147.05882352941177,2024-08-13 15:07:00,147.056,-0.0003332063975628463,reject,-0.0015844304210641535,reject,-0.0027472527472529595,reject,,,wall,0.0,USD_JPY
2024-08-13,call,147.05882352941177,2024-08-13 15:25:00,147.055,0.0001700044201149442,break,-0.0009248240454251544,reject,-0.0027744721362756852,reject,,,wall,0.0,USD_JPY
2024-08-13,call,147.05882352941177,2024-08-13 15:34:00,147.084,-0.0002991487857280095,reject,-0.0013121753555792592,reject,-0.002257213565037608,reject,,,wall,0.0,USD_JPY
2024-08-14,call,147.05882352941177,2024-08-14 00:02:00,147.068,6.799575706462058e-05,break,0.0003263796339108005,break,-0.0019446786520521675,reject,,,wall,0.0,USD_JPY
2024-08-14,call,147.05882352941177,2024-08-14 00:54:00,147.055,0.0006800176804595548,break,-0.001768045969195331,reject,-0.0009792254598619543,reject,,,wall,0.0,USD_JPY
2024-08-14,call,147.05882352941177,2024-08-14 01:19:00,147.039,-0.0012105631839172126,reject,-0.003767707887022964,reject,-0.0014621971041695048,reject,,,wall,0.0,USD_JPY
2024-08-14,call,147.05882352941177,2024-08-14 01:23:00,147.026,-0.0008161821718607465,reject,-0.003346346904629205,reject,-0.0013330975473725415,reject,,,wall,0.0,USD_JPY
2024-08-14,call,147.05882352941177,2024-08-14 04:29:00,147.002,-0.00032652616971196036,reject,-0.000918354852315062,reject,0.0018163018190229252,break,,,wall,0.0,USD_JPY
2024-08-14,call,147.05882352941177,2024-08-14 05:46:00,147.061,-0.00018359728276029497,reject,0.0015027777588891844,break,-2.0399698084538898e-05,reject,,,wall,0.0,USD_JPY
2024-08-14,call,147.05882352941177,2024-08-14 05:57:00,147.048,-0.0005304390403133574,reject,0.0011696860888961158,break,0.0005032370382460627,break,,,wall,0.0,USD_JPY
2024-08-14,call,147.05882352941177,2024-08-14 06:20:00,147.029,0.00015643172435364505,reject,0.0010882206911562164,break,-0.0003468703453058941,reject,,,wall,0.0,USD_JPY
2024-08-14,call,147.05882352941177,2024-08-14 10:23:00,147.019,-0.00036049762275625064,reject,-0.0005509491970426827,reject,-0.0002924792033682788,reject,,,wall,0.0,USD_JPY
2024-08-14,call,147.05882352941177,2024-08-14 12:16:00,147.014,0.0029725060198346753,break,0.0023399132055450522,break,-0.00040812439631598973,reject,,,wall,0.0,USD_JPY
2024-08-14,call,147.05882352941177,2024-08-14 12:30:00,147.376,-0.0003799804581479105,break,0.00018999022907384422,break,-0.0033926826620345185,reject,,,wall,0.0,USD_JPY
2024-08-14,call,147.05882352941177,2024-08-14 13:47:00,147.048,-0.0006596485501333404,reject,-0.00217616016538813,reject,0.0014553071106033766,break,,,wall,0.0,USD_JPY
2024-08-14,call,147.05882352941177,2024-08-14 17:06:00,147.045,0.0007548709578701907,break,0.0011017035601346148,break,0.0012853208201573096,break,,,wall,0.0,USD_JPY
2024-08-20,call,147.05882352941177,2024-08-20 02:57:00,147.044,-0.0007480754060009698,reject,0.0002584260493456725,break,-0.00020402056527302204,reject,,,wall,0.0,USD_JPY
2024-08-20,call,147.05882352941177,2024-08-20 03:04:00,146.954,-0.0005988268437742139,reject,0.00031982797337937185,reject,0.000952679069640805,break,,,wall,0.0,USD_JPY
2024-08-20,call,147.05882352941177,2024-08-20 03:51:00,147.018,-0.0005373491681290865,reject,-0.0009386605721748431,reject,-0.002734359058074398,reject,,,wall,0.0,USD_JPY
2024-08-20,call,147.05882352941177,2024-08-20 04:16:00,147.031,-0.0003332630533697811,reject,-0.00019723731730036942,reject,-0.0034346498357489263,reject,,,wall,0.0,USD_JPY
2024-08-20,call,147.05882352941177,2024-08-20 04:20:00,147.068,-0.0003807762395627856,reject,0.0003331792096170627,break,-0.0037397666385617923,reject,,,wall,0.0,USD_JPY
2024-08-20,call,147.05882352941177,2024-08-20 05:05:00,147.037,0.0005440807415819648,break,0.0016934513081741098,break,-0.0036249379407905513,reject,,,wall,0.0,USD_JPY
2024-08-20,call,147.05882352941177,2024-08-20 05:11:00,147.038,0.001754648458221597,break,0.0012105714169126092,break,-0.0039377575864743,reject,,,wall,0.0,USD_JPY
2024-08-20,call,147.05882352941177,2024-08-20 05:18:00,147.05,0.0012444746684801,break,0.0006596395783746711,break,-0.003964637878272725,reject,,,wall,0.0,USD_JPY
2024-08-20,call,147.05882352941177,2024-08-20 06:50:00,147.035,0.0006461046689563155,break,-0.0025368109633759905,reject,-0.004073859965314286,reject,,,wall,0.0,USD_JPY
2024-08-20,call,147.05882352941177,2024-08-20 06:58:00,147.046,-0.0004080355807026814,reject,-0.0031554751574337514,reject,-0.0039987486908857894,reject,,,wall,0.0,USD_JPY
2024-09-04,call,144.92753623188406,2024-09-04 07:08:00,144.914,-0.0001035096678029257,reject,0.0007176670301007881,break,0.0009177857211863927,break,,,wall,0.0,USD_JPY
2024-09-04,call,144.92753623188406,2024-09-04 07:39:00,144.93,-4.139929621194138e-05,reject,0.0016283723176704346,break,-0.00011039812323199172,reject,,,wall,0.0,USD_JPY
2024-09-04,call,144.92753623188406,2024-09-04 12:00:00,144.912,0.0013249420337859696,break,0.0010351109638953027,break,-0.003947223142320877,reject,,,wall,0.0,USD_JPY
2024-09-04,call,144.92753623188406,2024-09-04 13:30:00,144.904,-0.0005244851763925862,reject,-0.004651355380113742,reject,-0.005872853751449192,reject,,,wall,0.0,USD_JPY
2024-10-03,call,147.05882352941177,2024-10-03 00:56:00,147.0,0.0011088435374151384,break,-0.0009931972789114507,reject,-0.001748299319727975,reject,,,wall,0.0,USD_JPY
2024-10-03,call,147.05882352941177,2024-10-03 01:01:00,147.074,0.0005983382514924696,break,-0.0020125923004746804,reject,-0.0020737859852864027,reject,,,wall,0.0,USD_JPY
2024-10-03,call,147.05882352941177,2024-10-03 14:00:00,146.91,-0.001177591722823501,reject,-0.0011980123885371174,reject,-0.0016064257028112205,reject,,,wall,0.0,USD_JPY
2024-10-03,call,147.05882352941177,2024-10-03 14:09:00,147.054,-0.0025976852040747733,reject,-0.0022644742747561786,reject,-0.0021284698138097635,reject,,,wall,0.0,USD_JPY
2024-10-04,call,147.05882352941177,2024-10-04 12:30:00,147.928,0.0021834946730843185,break,0.004508950300146086,break,0.0067735655183602805,break,,,wall,0.0,USD_JPY
2026-01-26,call,153.84615384615384,2026-01-26 08:42:00,153.834,1.3001027081127603e-05,reject,-0.0017421376288726531,reject,0.0014756165737093152,break,,,wall,0.0,USD_JPY
2026-01-26,call,153.84615384615384,2026-01-26 08:47:00,153.84,0.0012285491419656847,break,-0.0018005720228809752,reject,0.0016380655226209129,break,,,wall,0.0,USD_JPY
2026-01-26,call,153.84615384615384,2026-01-26 08:57:00,153.836,0.0006890454770014376,break,-0.0007800514833978811,reject,0.0020541355729475352,break,,,wall,0.0,USD_JPY
2026-01-26,call,153.84615384615384,2026-01-26 10:10:00,153.844,-0.0011050154702164638,reject,-0.0020475286654012548,reject,0.0010205142872001804,break,,,wall,0.0,USD_JPY
2026-01-26,call,153.84615384615384,2026-01-26 11:31:00,153.808,-0.0006046499531883187,reject,0.001313325704774826,break,-0.00014303547279714834,reject,,,wall,0.0,USD_JPY
2026-01-26,call,153.84615384615384,2026-01-26 12:01:00,153.749,0.0009040709207865927,break,0.002712212762359334,break,0.00041626287000240403,reject,,,wall,0.0,USD_JPY
2026-01-26,call,153.84615384615384,2026-01-26 12:06:00,153.838,0.00045502411627817985,break,0.0028341502099611393,break,0.00045502411627817985,break,,,wall,0.0,USD_JPY
2026-01-26,call,153.84615384615384,2026-01-26 14:50:00,153.804,-0.0001560427557151245,reject,-0.0005721567709552344,reject,0.0021325843281059242,break,,,wall,0.0,USD_JPY
2026-01-26,call,153.84615384615384,2026-01-26 14:52:00,153.834,-0.0004810380020022764,reject,-0.0006760534082193015,reject,0.002002158170495427,break,,,wall,0.0,USD_JPY
2026-01-26,call,153.84615384615384,2026-01-26 15:15:00,153.816,0.00012352421074535158,reject,0.0008451656524679496,break,0.002841056847141976,break,,,wall,0.0,USD_JPY
2026-01-26,call,153.84615384615384,2026-01-26 15:27:00,153.808,-0.0006436596275876116,reject,0.0011962966815770582,break,0.0027306772079476183,break,,,wall,0.0,USD_JPY
2026-01-26,call,153.84615384615384,2026-01-26 15:33:00,153.883,-0.0012996887245505517,reject,0.000617352144161476,break,0.0020795019592807495,break,,,wall,0.0,USD_JPY
2026-01-26,call,153.84615384615384,2026-01-26 16:00:00,153.829,0.0007605848052056885,break,0.0002665297180635129,break,0.00024052681874042747,break,,,wall,0.0,USD_JPY
2026-01-26,call,153.84615384615384,2026-01-26 16:06:00,153.908,0.0006757283572005335,break,6.497388050008546e-05,break,0.000662733581100472,break,,,wall,0.0,USD_JPY
2026-04-30,call,156.25,2026-04-30 11:38:00,156.1,0.0006213965406791644,reject,0.004695707879564415,break,0.0034465086483024265,break,,,wall,0.0,USD_JPY
2026-04-30,call,156.25,2026-04-30 11:52:00,156.216,0.0023429098171761087,break,0.003571977262252224,break,0.003226302043324525,break,,,wall,0.0,USD_JPY
2026-04-30,call,156.25,2026-04-30 11:54:00,156.358,0.0010232927000857206,break,0.0027756814489825476,break,0.002200079305184177,break,,,wall,0.0,USD_JPY
2026-05-01,call,156.25,2026-05-01 07:00:00,156.14,0.0020302292814140532,break,0.0031125912642502307,break,0.0029909055975407828,break,,,wall,0.0,USD_JPY
2026-05-01,call,156.25,2026-05-01 07:06:00,156.192,0.0010115754968242907,break,0.0019847367342757938,break,0.002650583896742331,break,,,wall,0.0,USD_JPY
2026-05-04,call,156.25,2026-05-04 03:47:00,156.046,0.0014418825218205367,break,0.004524306935134614,break,0.005370211347935916,break,,,wall,0.0,USD_JPY
2026-05-04,call,156.25,2026-05-04 03:49:00,156.34,7.675578866583876e-05,break,0.0027632083919661987,break,0.0035179736471790957,break,,,wall,0.0,USD_JPY
2026-05-04,call,156.25,2026-05-04 03:59:00,156.204,0.002074210647614594,break,0.0033737932447310826,break,0.004442907992112888,break,,,wall,0.0,USD_JPY
2026-05-06,call,156.25,2026-05-06 04:36:00,156.253,-0.006675071838620594,reject,0.00033919348748523426,break,-0.0007999846402949595,reject,,,wall,0.0,USD_JPY
2026-05-06,call,156.25,2026-05-06 05:15:00,156.268,0.00048634397317415257,break,0.0008830982670797738,break,-0.0014782297079376505,reject,,,wall,0.0,USD_JPY
2026-05-06,call,156.25,2026-05-06 08:03:00,156.27,-0.00024316887438413648,reject,-0.0013822230754464426,reject,-0.0006271197286747965,reject,,,wall,0.0,USD_JPY
2026-05-06,call,156.25,2026-05-06 08:16:00,156.244,-0.00014080540692762433,reject,-0.0015488594762038677,reject,6.400245769366819e-06,reject,,,wall,0.0,USD_JPY
2026-05-06,call,156.25,2026-05-06 12:10:00,156.268,-0.0008191056390304263,reject,-1.2798525609869493e-05,break,0.001100673202447,break,,,wall,0.0,USD_JPY
2026-05-06,call,156.25,2026-05-06 12:57:00,156.242,0.00019200983090339463,break,-0.0007552386682198042,reject,0.0010368530868780645,break,,,wall,0.0,USD_JPY
2026-05-06,call,156.25,2026-05-06 13:04:00,156.237,0.0,reject,-0.0006080505898090616,reject,0.0009344777485487121,break,,,wall,0.0,USD_JPY
2026-05-06,call,156.25,2026-05-06 14:07:00,156.198,-0.0003073022701954864,reject,0.0009283089412155388,break,0.0016453475716717847,break,,,wall,0.0,USD_JPY
2026-05-06,call,156.25,2026-05-06 14:54:00,156.222,0.0011906133579135947,break,0.001203415652084816,break,0.0011522064754001526,break,,,wall,0.0,USD_JPY
2026-05-07,call,156.25,2026-05-07 02:05:00,156.237,8.960745534025705e-05,break,0.0007104591101980695,break,0.0009088756184514324,break,,,wall,0.0,USD_JPY
2026-05-07,call,156.25,2026-05-07 06:45:00,156.232,0.00010881253520400591,reject,0.00021762507040801182,break,0.000729684059603608,break,,,wall,0.0,USD_JPY
2026-05-07,call,156.25,2026-05-07 07:34:00,156.22,0.0001920368710792708,reject,0.00015362949686337224,reject,0.0009857892715401384,break,,,wall,0.0,USD_JPY
2026-05-07,call,156.25,2026-05-07 08:34:00,156.244,0.0002944113053939823,break,0.000768029492332456,break,0.0006464248227131542,break,,,wall,0.0,USD_JPY
2026-08-03,call,156.25,2026-08-03 00:37:00,156.206,-0.004929388115693212,reject,0.0008450379626903093,break,0.00171568313637116,break,,,wall,0.0,USD_JPY
2026-08-03,call,156.25,2026-08-03 01:00:00,156.264,-0.0003711667434599386,reject,0.0007935288998104362,break,0.0012798853222750761,break,,,wall,0.0,USD_JPY
2026-08-03,call,156.25,2026-08-03 01:03:00,156.232,-0.0003328383429770376,reject,0.0012225408367043666,break,0.0012481437861642242,break,,,wall,0.0,USD_JPY
2026-08-03,call,156.25,2026-08-03 01:10:00,156.205,-0.00020485899939193253,reject,0.0026439614609006235,break,0.0018181236196024297,break,,,wall,0.0,USD_JPY
2026-08-03,call,156.25,2026-08-03 01:16:00,156.259,8.319520795607716e-05,break,0.0016703037905019258,break,0.0012223295938154077,break,,,wall,0.0,USD_JPY
2026-08-03,call,156.25,2026-08-03 01:20:00,156.178,0.000685115701315242,break,0.0018888703914765603,break,0.002055347103945504,break,,,wall,0.0,USD_JPY
2026-08-03,call,156.25,2026-08-03 01:24:00,156.188,0.001568622429380051,break,0.0017671011857505192,break,0.0019719824826491816,break,,,wall,0.0,USD_JPY
2026-08-03,call,156.25,2026-08-03 01:26:00,156.241,0.0007360423960418583,break,0.0014976862667288593,break,0.0013632785248429702,break,,,wall,0.0,USD_JPY
2020-09-21,call,104.16666666666666,2020-09-21 07:27:00,104.129,0.0006242257200204104,break,-0.0006434326652517974,reject,0.0,reject,,,grid,-2.0,USD_JPY
2020-09-21,call,104.16666666666666,2020-09-21 07:37:00,104.138,0.00013443699706150447,reject,-0.0008834431235476004,reject,-2.880792794179854e-05,reject,,,grid,-2.0,USD_JPY
2020-09-21,call,104.16666666666666,2020-09-21 08:59:00,104.12,0.0006819054936610947,break,0.0003649635036495624,reject,0.0004225893200153763,reject,,,grid,-2.0,USD_JPY
2020-09-21,call,104.16666666666666,2020-09-21 09:52:00,104.15,-3.840614498329398e-05,reject,-0.0006144983197312603,reject,0.004176668266922645,break,,,grid,-2.0,USD_JPY
2020-09-21,call,104.16666666666666,2020-09-21 10:45:00,104.138,-0.0010178801206093269,reject,-0.00016324492500341403,reject,0.0030920509324166012,break,,,grid,-2.0,USD_JPY
2020-09-21,call,104.16666666666666,2020-09-21 11:22:00,104.145,-9.601997215413771e-05,reject,-0.0006433338134331779,reject,0.005185078496327211,break,,,grid,-2.0,USD_JPY
2020-09-21,call,104.16666666666666,2020-09-21 12:41:00,104.142,9.602273818454243e-05,reject,0.0040617618252001275,break,0.005482898350329446,break,,,grid,-2.0,USD_JPY
2020-09-23,call,105.26315789473685,2020-09-23 14:21:00,105.25,0.0004560570071259207,break,0.0003990498812351806,break,0.0011211401425177403,break,,,grid,-2.0,USD_JPY
2020-09-24,call,105.26315789473685,2020-09-24 07:50:00,105.254,0.0006460562068899556,break,0.0006840595131776261,break,0.002014175233245208,break,,,grid,-2.0,USD_JPY
2020-10-02,call,105.26315789473685,2020-10-02 07:27:00,105.2,-9.505703422063583e-05,reject,-0.00011406844106465197,reject,-0.00013307984790866811,reject,,,grid,-2.0,USD_JPY
2020-10-02,call,105.26315789473685,2020-10-02 12:36:00,105.304,-0.000854668388665214,reject,-9.496315429613489e-05,break,0.0003988452480436777,break,,,grid,-2.0,USD_JPY
2020-10-02,call,105.26315789473685,2020-10-02 13:05:00,105.231,0.00048464805998227334,break,0.000959793216827709,break,0.0013209035360304267,break,,,grid,-2.0,USD_JPY
2020-10-14,call,105.26315789473685,2020-10-14 13:31:00,105.248,-0.000494071146245112,reject,-0.0004465643052600221,reject,-0.0012541806020067714,reject,,,grid,-2.0,USD_JPY
2020-10-15,call,105.26315789473685,2020-10-15 00:47:00,105.23,0.00018055687541562726,reject,7.602394754346875e-05,reject,0.0005321676328042813,break,,,grid,-2.0,USD_JPY
2020-10-15,call,105.26315789473685,2020-10-15 02:45:00,105.239,0.00017103925350858695,reject,0.0002850654225143856,break,0.0005131177605259829,break,,,grid,-2.0,USD_JPY
2020-10-15,call,105.26315789473685,2020-10-15 08:24:00,105.24,0.00020904599011783986,reject,0.0005321170657546226,break,-0.00019004180919801605,reject,,,grid,-2.0,USD_JPY
2020-10-15,call,105.26315789473685,2020-10-15 13:06:00,105.244,-0.00011402075177679993,reject,0.0006366158640873643,break,0.0012352248109155362,break,,,grid,-2.0,USD_JPY
2020-10-16,call,105.26315789473685,2020-10-16 03:49:00,105.24,0.00015203344735836843,reject,-0.00018053971873799313,reject,0.00047510452299515116,break,,,grid,-2.0,USD_JPY
2020-10-16,call,105.26315789473685,2020-10-16 10:07:00,105.246,0.0002280371700587036,break,5.700929251473141e-05,reject,0.0008836440339776708,break,,,grid,-2.0,USD_JPY
2020-10-21,call,105.26315789473685,2020-10-21 06:54:00,105.257,-0.00046552723334325474,reject,-0.0019476139354152044,reject,-0.0037052167551802073,reject,,,grid,-2.0,USD_JPY
2020-11-04,call,105.26315789473685,2020-11-04 02:40:00,105.275,-0.00073141771550711,reject,-0.0018902873426740463,reject,-0.0034861078128710643,reject,,,grid,-2.0,USD_JPY
2020-11-04,call,105.26315789473685,2020-11-04 03:06:00,105.264,-0.0009879920960632615,reject,-0.0018999848001216568,reject,-0.0030209758321932956,reject,,,grid,-2.0,USD_JPY
2020-11-09,call,105.26315789473685,2020-11-09 14:53:00,105.237,0.00022805667208292135,reject,0.00187196518334809,break,0.0026701635356387587,break,,,grid,-2.0,USD_JPY
2020-11-09,call,105.26315789473685,2020-11-09 15:05:00,105.218,-0.00026611416297595003,reject,0.002318994848790057,break,0.002376019312285038,break,,,grid,-2.0,USD_JPY
2020-11-09,call,105.26315789473685,2020-11-09 15:24:00,105.24,0.0008646902318509841,break,0.002755606233371344,break,0.0015013302926643046,break,,,grid,-2.0,USD_JPY
2020-11-10,call,105.26315789473685,2020-11-10 00:03:00,105.249,-0.0005605753973909611,reject,-0.0012066622960787976,reject,-0.0028598846544860557,reject,,,grid,-2.0,USD_JPY
2020-11-10,call,105.26315789473685,2020-11-10 00:08:00,105.242,-0.0011402291860664882,reject,-0.0009216852587370372,reject,-0.002527508029113945,reject,,,grid,-2.0,USD_JPY
2020-11-10,call,105.26315789473685,2020-11-10 00:40:00,105.24,-0.0008456860509311603,reject,-0.0023185100722158403,reject,-0.002746104142911432,reject,,,grid,-2.0,USD_JPY
2020-11-10,call,105.26315789473685,2020-11-10 00:44:00,105.227,-0.0008457905290467638,reject,-0.0018341300236630609,reject,-0.0024993585296549936,reject,,,grid,-2.0,USD_JPY
2020-11-10,call,105.26315789473685,2020-11-10 09:44:00,105.25,0.0006650831353918196,break,0.001786223277909782,break,0.0008171021377672005,break,,,grid,-2.0,USD_JPY
2020-11-10,call,105.26315789473685,2020-11-10 12:00:00,105.258,-0.0006080297934598633,reject,0.00017100837941064206,break,-0.0005890288624141871,reject,,,grid,-2.0,USD_JPY
2020-11-10,call,105.26315789473685,2020-11-10 12:23:00,105.237,0.00010452597470478331,reject,0.001263814057793411,break,0.0006841700162489861,break,,,grid,-2.0,USD_JPY
2020-11-10,call,105.26315789473685,2020-11-10 12:38:00,105.248,0.00039905746427493227,break,0.0012161751292185663,break,0.0006650957737912577,break,,,grid,-2.0,USD_JPY
2020-11-10,call,105.26315789473685,2020-11-10 14:16:00,105.26,0.0005510165304958292,break,9.500285008545717e-05,break,0.0006460193805812864,break,,,grid,-2.0,USD_JPY
2020-11-10,call,105.26315789473685,2020-11-10 16:03:00,105.235,0.00035159405140872124,break,0.0008457262317669301,break,0.0006746804770276782,break,,,grid,-2.0,USD_JPY
2020-11-11,call,105.26315789473685,2020-11-11 05:56:00,105.248,6.650957737908136e-05,reject,0.000532076619033095,break,0.001843265430221841,break,,,grid,-2.0,USD_JPY
2020-11-11,call,105.26315789473685,2020-11-11 06:07:00,105.267,0.000579478849022097,break,0.0006744753816485538,break,0.0012539542306706508,break,,,grid,-2.0,USD_JPY
2020-11-12,call,105.26315789473685,2020-11-12 01:47:00,105.244,0.00019003458629462955,break,0.0006176124054577681,break,1.9003458629374137e-05,reject,,,grid,-2.0,USD_JPY
2020-11-12,call,105.26315789473685,2020-11-12 05:31:00,105.25,-9.501187648464082e-05,reject,-0.00044655581947739,reject,0.0006270783847981409,break,,,grid,-2.0,USD_JPY
2020-11-12,call,105.26315789473685,2020-11-12 06:46:00,105.249,0.0,reject,0.00035154728310970995,break,0.0006935932882974338,break,,,grid,-2.0,USD_JPY
2020-11-12,call,105.26315789473685,2020-11-12 07:00:00,105.246,0.0001710278775439722,break,0.00043707124261249675,break,0.0009691579727495458,break,,,grid,-2.0,USD_JPY
2020-11-12,call,105.26315789473685,2020-11-12 14:48:00,105.248,5.700820918219662e-05,reject,-0.0007031012465794628,reject,-0.0010451505016721985,reject,,,grid,-2.0,USD_JPY
2020-11-12,call,105.26315789473685,2020-11-12 15:26:00,105.237,-0.00023755903341970974,reject,-0.0007126771002593513,reject,-0.000997747940363114,reject,,,grid,-2.0,USD_JPY
2020-12-17,call,103.09278350515464,2020-12-17 11:49:00,103.077,-0.00032985050011147266,reject,-0.0006499995149256144,reject,-0.0008246262502789037,reject,,,grid,-2.0,USD_JPY
2020-12-17,call,103.09278350515464,2020-12-17 13:07:00,103.073,0.00039777633327853223,break,-0.0005918135690238246,reject,0.00024254654468203185,break,,,grid,-2.0,USD_JPY
2020-12-17,call,103.09278350515464,2020-12-17 14:04:00,103.057,-0.0006113121864599336,reject,-0.0014458018378179505,reject,0.00013584715254655322,reject,,,grid,-2.0,USD_JPY
2020-12-17,call,103.09278350515464,2020-12-17 16:01:00,103.086,0.0006014395747240275,break,0.00038802553208006074,break,0.00019401276604003037,break,,,grid,-2.0,USD_JPY
2021-04-09,call,109.89010989010988,2021-04-09 12:43:00,109.877,-0.00015471845791203975,reject,-0.0005915705743695376,reject,-0.002311675782920797,reject,,,grid,-2.0,USD_JPY
2021-05-07,call,108.69565217391305,2021-05-07 12:33:00,108.702,-0.001002741439899868,reject,0.0006347629298448787,break,-0.00046917260032020014,reject,,,grid,-2.0,USD_JPY
2021-05-07,call,108.69565217391305,2021-05-07 13:07:00,108.734,-0.00029429617231035987,break,-0.0009380690492393207,reject,-0.0007265436753912669,reject,,,grid,-2.0,USD_JPY
2021-05-07,call,108.69565217391305,2021-05-07 13:19:00,108.688,0.00101207124981606,break,-0.0005704401589872177,reject,-0.00018401295451198063,reject,,,grid,-2.0,USD_JPY
2021-05-07,call,108.69565217391305,2021-05-07 16:35:00,108.714,-0.00011038136762520079,break,-0.00020236584064614593,reject,-0.0010394245451367246,reject,,,grid,-2.0,USD_JPY
2021-05-10,call,108.69565217391305,2021-05-10 00:04:00,108.659,0.0005245768873263223,break,0.0005613893004721149,break,0.002144323065737641,break,,,grid,-2.0,USD_JPY
2021-05-11,call,108.69565217391305,2021-05-11 20:00:00,108.677,-0.00010121736890056354,reject,-0.00043247421257497365,reject,,,,,grid,-2.0,USD_JPY
2021-05-11,call,108.69565217391305,2021-05-11 23:03:00,108.676,-8.28149729471539e-05,reject,,,,,,,grid,-2.0,USD_JPY
2021-05-19,call,108.69565217391305,2021-05-19 15:13:00,108.67,0.00020244777767541855,reject,0.000717769393576928,break,0.005208429189288655,break,,,grid,-2.0,USD_JPY
2021-05-21,call,108.69565217391305,2021-05-21 08:27:00,108.682,-5.5206933990858964e-05,reject,-0.00042325316059699247,reject,0.0006992878305513983,break,,,grid,-2.0,USD_JPY
2021-05-21,call,108.69565217391305,2021-05-21 09:54:00,108.676,0.00022083992785892903,break,-0.00024844491884135067,reject,0.0022083992785895123,break,,,grid,-2.0,USD_JPY
2021-05-25,call,108.69565217391305,2021-05-25 07:00:00,108.682,-0.0005336670285788214,reject,0.00046005778325763913,break,0.0022266796709666803,break,,,grid,-2.0,USD_JPY
2021-05-25,call,108.69565217391305,2021-05-25 07:37:00,108.668,-0.00011963043398244277,reject,0.0009570434718593201,break,0.0020521220598519463,break,,,grid,-2.0,USD_JPY
2021-05-25,call,108.69565217391305,2021-05-25 07:44:00,108.674,0.00047849531626686925,break,0.0006625319763695625,break,0.002024403261129626,break,,,grid,-2.0,USD_JPY
2021-07-09,call,109.89010989010988,2021-07-09 00:04:00,109.864,5.461297604303361e-05,reject,-0.00010922595208617825,reject,0.00025486055486778625,break,,,grid,-2.0,USD_JPY
2021-07-09,call,109.89010989010988,2021-07-09 00:17:00,109.873,2.730425127195346e-05,reject,-0.00019112975890345218,reject,0.0002821439298097417,break,,,grid,-2.0,USD_JPY
2021-07-09,call,109.89010989010988,2021-07-09 02:22:00,109.875,0.0005187713310579323,break,0.0004459613196814427,break,0.0015290102389078353,break,,,grid,-2.0,USD_JPY
2021-07-15,call,109.89010989010988,2021-07-15 00:50:00,109.865,-0.00011832703772807207,reject,0.00033677695353384607,break,-9.102079825185072e-06,reject,,,grid,-2.0,USD_JPY
2021-07-15,call,109.89010989010988,2021-07-15 01:37:00,109.864,0.0004642102963663408,break,0.00032767785625864576,break,5.461297604303361e-05,reject,,,grid,-2.0,USD_JPY
2021-07-15,call,109.89010989010988,2021-07-15 04:54:00,109.87,-0.00016382998088648737,reject,-0.0002730499681441456,reject,-0.0010375898789478644,reject,,,grid,-2.0,USD_JPY
2021-07-15,call,109.89010989010988,2021-07-15 05:34:00,109.872,-0.0002730449978156635,reject,-0.0007463229940293248,reject,-0.0010557739915537656,reject,,,grid,-2.0,USD_JPY
2021-07-15,call,109.89010989010988,2021-07-15 06:58:00,109.87,-0.0006189132611267301,reject,-0.0009374715572950665,reject,0.0009829798853189242,break,,,grid,-2.0,USD_JPY
2021-07-15,call,109.89010989010988,2021-07-15 10:01:00,109.872,0.00024574049803405273,break,0.000764525993883769,break,0.0004823794961410499,break,,,grid,-2.0,USD_JPY
2021-07-23,call,110.49723756906076,2021-07-23 08:46:00,110.475,9.957003847027579e-05,reject,-0.00019008825526134476,reject,-9.051821678984773e-06,reject,,,grid,-2.0,USD_JPY
2021-07-23,call,110.49723756906076,2021-07-23 10:57:00,110.486,-9.956012526479707e-05,reject,0.00038013866010166986,break,0.0007964810021179325,break,,,grid,-2.0,USD_JPY
2021-07-23,call,110.49723756906076,2021-07-23 13:16:00,110.473,0.0002806115521440944,break,-7.241588442419289e-05,reject,0.00042544332099248017,break,,,grid,-2.0,USD_JPY
2021-07-23,call,110.49723756906076,2021-07-23 14:19:00,110.476,3.620695897765813e-05,reject,0.0006426735218509894,break,0.0005250009051740445,break,,,grid,-2.0,USD_JPY
2021-07-28,call,109.89010989010988,2021-07-28 00:26:00,109.87,-3.6406662419219415e-05,reject,0.00012742331846715693,reject,-0.0006553199235460605,reject,,,grid,-2.0,USD_JPY
2021-07-28,call,109.89010989010988,2021-07-28 00:50:00,109.88,0.0002548234437569352,break,-0.00048234437568250854,reject,-0.0009737895886421377,reject,,,grid,-2.0,USD_JPY
2021-07-28,call,109.89010989010988,2021-07-28 06:27:00,109.874,-0.0002002293536231825,reject,-0.00043686404426890313,reject,0.0008100187487485311,break,,,grid,-2.0,USD_JPY
2021-07-28,call,109.89010989010988,2021-07-28 07:33:00,109.872,2.7304499781610758e-05,reject,0.001092179991262654,break,0.0019113149847094224,break,,,grid,-2.0,USD_JPY
2021-07-29,call,109.89010989010988,2021-07-29 07:02:00,109.878,-0.0005460601758313643,reject,-0.00015471704981884216,reject,-8.190902637472686e-05,reject,,,grid,-2.0,USD_JPY
2021-07-29,call,109.89010989010988,2021-07-29 07:45:00,109.878,-5.460601758311423e-05,reject,-0.0011194233604543413,reject,-0.00042774713773452433,reject,,,grid,-2.0,USD_JPY
2021-07-29,call,109.89010989010988,2021-07-29 10:51:00,109.865,3.640831930096233e-05,reject,-0.00017293951667951557,reject,-0.002057070040504261,reject,,,grid,-2.0,USD_JPY
2021-07-29,call,109.89010989010988,2021-07-29 13:04:00,109.848,0.00020027674604916612,reject,-0.00034593256135750927,reject,-0.0026946325832057916,reject,,,grid,-2.0,USD_JPY
2021-07-29,call,109.89010989010988,2021-07-29 13:10:00,109.875,-0.00030944254835041374,reject,-0.0009738339021615472,reject,-0.0028759954493743356,reject,,,grid,-2.0,USD_JPY
2021-08-06,call,109.89010989010988,2021-08-06 00:32:00,109.878,-0.00045505014652613696,reject,-0.00029123209377668324,reject,-0.00031853510256829587,reject,,,grid,-2.0,USD_JPY
2021-08-06,call,109.89010989010988,2021-08-06 00:52:00,109.878,-0.0004186461348041348,reject,-0.00015471704981884216,reject,-0.0005187571670398627,reject,,,grid,-2.0,USD_JPY
2021-08-06,call,109.89010989010988,2021-08-06 01:46:00,109.876,-3.640467436027972e-05,reject,-9.101168590097686e-06,reject,-0.0005551712839929612,reject,,,grid,-2.0,USD_JPY
2021-08-06,call,109.89010989010988,2021-08-06 12:30:00,110.043,-2.7262070281586226e-05,break,0.0015902874330944172,break,0.002053742627881716,break,,,grid,-2.0,USD_JPY
2021-08-16,call,109.2896174863388,2021-08-16 14:08:00,109.276,-0.0010340788462241957,reject,-0.0008785094622788536,reject,-0.0005307661334601477,reject,,,grid,-2.0,USD_JPY
2021-08-16,call,109.2896174863388,2021-08-16 15:53:00,109.264,1.830429052573912e-05,reject,-0.0001830429052569471,reject,-0.0003111729389367879,reject,,,grid,-2.0,USD_JPY
2021-08-16,call,109.2896174863388,2021-08-16 20:30:00,109.266,-1.8303955484855194e-05,reject,0.00013727966613585885,reject,,,,,grid,-2.0,USD_JPY
2021-08-16,call,109.2896174863388,2021-08-16 23:20:00,109.281,0.00026537092449729904,break,,,,,,,grid,-2.0,USD_JPY
2021-09-03,call,109.89010989010988,2021-09-03 02:53:00,109.866,0.0016929714379334548,break,0.00130158556787352,break,0.0014017075346330898,break,,,grid,-2.0,USD_JPY
2021-09-03,call,109.89010989010988,2021-09-03 12:36:00,109.857,0.00024577405172188094,reject,-0.0018842677298669397,reject,-0.0021664527522142762,reject,,,grid,-2.0,USD_JPY
2021-09-03,call,109.89010989010988,2021-09-03 12:58:00,109.849,-0.00021848173401672888,reject,-0.00160219938278916,reject,-0.0019390253893982745,reject,,,grid,-2.0,USD_JPY
2021-09-07,call,109.89010989010988,2021-09-07 06:07:00,109.86,0.00012743491716715738,reject,0.0008738394320044751,break,0.000964864372838159,break,,,grid,-2.0,USD_JPY
2021-09-21,call,109.2896174863388,2021-09-21 13:28:00,109.27,0.0002562459961563679,break,0.0002928525670358173,break,-0.00012812299807807292,reject,,,grid,-2.0,USD_JPY
2021-09-21,call,109.2896174863388,2021-09-21 13:33:00,109.268,0.0008053593000694192,break,0.0002287952557016304,break,-0.0002287952557016304,reject,,,grid,-2.0,USD_JPY
2021-09-21,call,109.2896174863388,2021-09-21 15:32:00,109.281,-4.5753607672005536e-05,reject,0.00010980865841281329,break,-0.0007412084442858236,reject,,,grid,-2.0,USD_JPY
2021-09-21,call,109.2896174863388,2021-09-21 17:38:00,109.269,-8.236553825879955e-05,reject,-0.00039352423834759787,reject,-0.0003203104265621093,reject,,,grid,-2.0,USD_JPY
2021-09-22,call,109.2896174863388,2021-09-22 00:38:00,109.272,-0.0003111501574054598,reject,0.0012537521048392453,break,0.0017113258657295294,break,,,grid,-2.0,USD_JPY
2021-09-22,call,109.2896174863388,2021-09-22 01:08:00,109.312,0.0007775907494145251,break,0.00031103629976581004,break,0.002094920960187263,break,,,grid,-2.0,USD_JPY
2022-01-04,call,116.27906976744185,2022-01-04 12:23:00,116.291,-6.019382411359686e-05,break,0.00014618500141905244,break,-0.0024163520822763074,reject,,,grid,-2.0,USD_JPY
2022-01-12,call,114.94252873563217,2022-01-12 15:26:00,114.924,0.00022623646931885233,break,-0.0016880721172253255,reject,-0.0031325049597996646,reject,,,grid,-2.0,USD_JPY
2022-01-18,call,114.94252873563217,2022-01-18 03:35:00,114.968,5.218843504284365e-05,break,-0.0010263725558417036,reject,-0.00041750748034241614,reject,,,grid,-2.0,USD_JPY
2022-01-18,call,114.94252873563217,2022-01-18 06:44:00,114.894,-0.0001827771685205537,reject,6.96293975315232e-05,reject,-0.0018974010827371712,reject,,,grid,-2.0,USD_JPY
2022-01-18,call,114.94252873563217,2022-01-18 06:46:00,114.918,-0.000791868984841404,reject,-0.0004176891348613987,reject,-0.002140656816164599,reject,,,grid,-2.0,USD_JPY
2022-01-18,call,114.94252873563217,2022-01-18 07:29:00,114.932,-0.0002610239097901035,reject,-0.0018619705565029454,reject,-0.0019315769324470544,reject,,,grid,-2.0,USD_JPY
2023-03-29,call,131.57894736842104,2023-03-29 01:12:00,131.57,0.0004788325606142063,break,0.00030402067340595806,break,0.0013376909629856382,break,,,grid,-2.0,USD_JPY
2023-03-29,call,131.57894736842104,2023-03-29 01:14:00,131.57,0.0006080413468116941,break,0.00027361860606522903,break,0.0011248764916014231,break,,,grid,-2.0,USD_JPY
2023-03-29,call,131.57894736842104,2023-03-29 02:06:00,131.552,0.0005169058623206713,break,0.001337873996594574,break,0.003314278764291023,break,,,grid,-2.0,USD_JPY
2023-04-05,call,131.57894736842104,2023-04-05 00:55:00,131.537,-0.00023567513323252687,reject,0.0004485429955070064,break,0.0013988459520895002,break,,,grid,-2.0,USD_JPY
2023-04-05,call,131.57894736842104,2023-04-05 01:07:00,131.558,-0.0008969427932926655,reject,0.0011781875674607978,break,0.0009881573146444111,break,,,grid,-2.0,USD_JPY
2023-04-05,call,131.57894736842104,2023-04-05 01:35:00,131.557,-0.00041806973403146763,reject,0.0018015004902820486,break,0.0007981331286059934,break,,,grid,-2.0,USD_JPY
2023-04-05,call,131.57894736842104,2023-04-05 01:52:00,131.562,0.0011477478299204424,break,0.0015049938432067922,break,0.0003040391602437964,break,,,grid,-2.0,USD_JPY
2023-04-05,call,131.57894736842104,2023-04-05 06:01:00,131.544,0.00022806057288815573,reject,-3.0408076385213256e-05,reject,0.0007069877759531273,break,,,grid,-2.0,USD_JPY
2023-04-05,call,131.57894736842104,2023-04-05 06:08:00,131.569,-0.000904468377809331,reject,-0.001451709749257013,reject,0.0001900143650861441,break,,,grid,-2.0,USD_JPY
2023-04-05,call,131.57894736842104,2023-04-05 06:33:00,131.554,0.00022804323699765483,break,-9.88187360323467e-05,reject,0.0008513614181249185,break,,,grid,-2.0,USD_JPY
2023-04-05,call,131.57894736842104,2023-04-05 06:39:00,131.543,-0.00028127684483403304,reject,0.0002584706141717241,reject,0.0011783219175478532,break,,,grid,-2.0,USD_JPY
2023-04-05,call,131.57894736842104,2023-04-05 06:43:00,131.56,-0.000425661295226587,reject,-0.00010641532380673002,reject,0.0013529948312556161,break,,,grid,-2.0,USD_JPY
2023-04-05,call,131.57894736842104,2023-04-05 07:02:00,131.527,3.801500832545379e-05,reject,-0.001102435241433164,reject,0.0012316862697392406,break,,,grid,-2.0,USD_JPY
2023-04-05,call,131.57894736842104,2023-04-05 07:19:00,131.536,7.60248144993092e-05,reject,-0.001277216883590837,reject,0.0008438754409438864,break,,,grid,-2.0,USD_JPY
2023-04-05,call,131.57894736842104,2023-04-05 07:35:00,131.568,-0.0009728809436946317,reject,-0.001178098017755036,reject,-0.0001900158093153248,reject,,,grid,-2.0,USD_JPY
2023-04-05,call,131.57894736842104,2023-04-05 09:02:00,131.558,0.0006841089101385922,break,0.0005472871281109182,break,-0.003823408686662755,reject,,,grid,-2.0,USD_JPY
2023-04-05,call,131.57894736842104,2023-04-05 11:35:00,131.543,-0.0003116851523835562,reject,-0.0040671111347619915,reject,-0.0032993013691340334,reject,,,grid,-2.0,USD_JPY
2023-04-06,call,131.57894736842104,2023-04-06 10:23:00,131.565,-0.0012541329380914013,reject,-0.0008588910424505158,reject,0.0022726408999353964,break,,,grid,-2.0,USD_JPY
2023-04-06,call,131.57894736842104,2023-04-06 11:55:00,131.551,-0.0010110147395305802,reject,0.00045609687497627505,break,0.0012390631770189398,break,,,grid,-2.0,USD_JPY
2023-04-06,call,131.57894736842104,2023-04-06 12:38:00,131.572,1.5200802602421959e-05,reject,-7.600401301177673e-05,reject,0.00048642568327594837,break,,,grid,-2.0,USD_JPY
2023-04-06,call,131.57894736842104,2023-04-06 12:42:00,131.522,0.0004942138957739761,break,0.000912394884506007,break,0.0007907422332387171,break,,,grid,-2.0,USD_JPY
2023-07-31,call,140.84507042253523,2023-07-31 00:07:00,140.826,-0.00034084615056884093,reject,0.0006958942240780086,break,0.006603894167270363,break,,,grid,-2.0,USD_JPY
2023-07-31,call,140.84507042253523,2023-07-31 00:09:00,140.83,-0.00017041823475116846,reject,0.000710075978129554,break,0.006660512674856234,break,,,grid,-2.0,USD_JPY
2023-07-31,call,140.84507042253523,2023-07-31 00:27:00,140.806,-0.000426118205190118,reject,0.002087979205431356,break,0.007634617842989577,break,,,grid,-2.0,USD_JPY
2023-07-31,call,140.84507042253523,2023-07-31 00:49:00,140.826,0.0008663172993623736,break,0.0053541249485180575,break,0.0076548364648574285,break,,,grid,-2.0,USD_JPY
2023-09-01,call,144.92753623188406,2023-09-01 13:05:00,144.912,-0.0006762724964116673,reject,0.004913326708622989,break,0.008377498067792866,break,,,grid,-2.0,USD_JPY
2023-09-01,call,144.92753623188406,2023-09-01 13:23:00,144.926,0.0007590080454853432,break,0.0055614589514649815,break,0.008224887183804208,break,,,grid,-2.0,USD_JPY
2023-09-01,call,144.92753623188406,2023-09-01 13:30:00,144.9,0.002525879917184115,break,0.006652864044168316,break,0.008267770876466685,break,,,grid,-2.0,USD_JPY
2023-10-30,call,149.2537313432836,2023-10-30 14:07:00,149.306,-0.0007300443384726796,reject,-0.001647623002424603,reject,-0.002009296344420264,reject,,,grid,-2.0,USD_JPY
2023-10-30,call,149.2537313432836,2023-10-30 14:16:00,149.269,0.00014068560786228979,break,-0.002485445738900971,reject,-0.0019762978247326313,reject,,,grid,-2.0,USD_JPY
2023-10-30,call,149.2537313432836,2023-10-30 14:21:00,149.235,0.00018762354675505577,break,-0.0022179783562837896,reject,-0.0017690220122625888,reject,,,grid,-2.0,USD_JPY
2023-10-30,call,149.2537313432836,2023-10-30 14:25:00,149.286,-0.0002813391744704852,reject,-0.0027196120198813567,reject,-0.0020832496014362434,reject,,,grid,-2.0,USD_JPY
2023-10-31,call,149.2537313432836,2023-10-31 00:08:00,149.222,0.00027475841363866493,break,0.0010789293803863398,break,0.005039471391617756,break,,,grid,-2.0,USD_JPY
2023-11-29,call,147.05882352941177,2023-11-29 02:44:00,147.069,-0.00023118400206700862,reject,0.0013123091882043525,break,2.0398588417736008e-05,break,,,grid,-2.0,USD_JPY
2023-11-29,call,147.05882352941177,2023-11-29 03:05:00,147.034,0.0007481262837167879,break,0.0016254743800754312,break,0.001727491600582276,break,,,grid,-2.0,USD_JPY
2023-11-29,call,147.05882352941177,2023-11-29 05:34:00,147.07,0.00042156796083503423,break,-2.7197932957023774e-05,break,0.0037397157816005944,break,,,grid,-2.0,USD_JPY
2023-11-29,call,147.05882352941177,2023-11-29 23:30:00,147.038,-7.481059318015237e-05,reject,,,,,,,grid,-2.0,USD_JPY
2023-11-29,call,147.05882352941177,2023-11-29 23:45:00,147.027,,,,,,,,,grid,-2.0,USD_JPY
2023-11-29,call,147.05882352941177,2023-11-29 23:50:00,147.018,,,,,,,,,grid,-2.0,USD_JPY
2023-11-30,call,147.05882352941177,2023-11-30 00:25:00,147.028,0.00013602851157612506,reject,0.0004352912370433337,break,-2.7205702315180602e-05,reject,,,grid,-2.0,USD_JPY
2023-11-30,call,147.05882352941177,2023-11-30 00:40:00,147.048,-0.0010200750775257728,reject,-0.0003536260268754976,reject,0.00037402752842607967,break,,,grid,-2.0,USD_JPY
2023-11-30,call,147.05882352941177,2023-11-30 00:50:00,147.054,-0.00024480802970339166,reject,-8.160267656776021e-05,reject,0.00044201449807546034,break,,,grid,-2.0,USD_JPY
2023-11-30,call,147.05882352941177,2023-11-30 01:02:00,147.074,-4.7595088186969114e-05,break,4.0795789874481514e-05,break,-0.0002583733358718643,reject,,,grid,-2.0,USD_JPY
2023-11-30,call,147.05882352941177,2023-11-30 01:08:00,147.036,0.0002720422209525619,break,0.0006937076634294659,break,-0.0003672569982861029,reject,,,grid,-2.0,USD_JPY
2023-11-30,call,147.05882352941177,2023-11-30 01:15:00,147.042,0.00043524979257614227,break,0.0005576637967383835,break,-0.0002516287863332245,reject,,,grid,-2.0,USD_JPY
2023-11-30,call,147.05882352941177,2023-11-30 01:45:00,147.044,0.0001972198797639546,break,-0.0002924294768913427,reject,0.00032643290443679085,break,,,grid,-2.0,USD_JPY
2023-11-30,call,147.05882352941177,2023-11-30 03:06:00,147.032,0.0003264595462213471,break,0.0002108384569343702,break,-0.0003264595462212361,reject,,,grid,-2.0,USD_JPY
2023-11-30,call,147.05882352941177,2023-11-30 04:27:00,147.037,0.0006120908342799325,break,0.00020403027809323682,break,0.0001360201853954912,reject,,,grid,-2.0,USD_JPY
2023-11-30,call,147.05882352941177,2023-11-30 05:22:00,147.041,0.00022442720057691545,break,8.841071537868395e-05,reject,0.0004556552254133539,break,,,grid,-2.0,USD_JPY
2023-11-30,call,147.05882352941177,2023-11-30 06:00:00,147.029,0.0003128634487072901,break,-0.00043528827646244217,reject,0.003074223452516067,break,,,grid,-2.0,USD_JPY
2023-11-30,call,147.05882352941177,2023-11-30 07:07:00,147.028,0.0005849225997769381,break,-0.0001700356394700453,reject,0.003958429686862441,break,,,grid,-2.0,USD_JPY
2023-11-30,call,147.05882352941177,2023-11-30 08:09:00,147.06,0.00037399700802387414,break,0.0005031959744321579,break,0.004256765945872543,break,,,grid,-2.0,USD_JPY
2023-11-30,call,147.05882352941177,2023-11-30 08:39:00,147.058,0.00016320091392518776,break,0.0016864094438930888,break,0.0034136191162670304,break,,,grid,-2.0,USD_JPY
2023-12-01,call,147.05882352941177,2023-12-01 17:00:00,147.056,-0.0012648242846262647,reject,-0.0012648242846262647,reject,-0.0012784245457514443,reject,,,grid,-2.0,USD_JPY
2023-12-01,call,147.05882352941177,2023-12-01 17:18:00,147.038,-0.00042846067003099453,reject,-0.002128701424121804,reject,-0.001305784899141793,reject,,,grid,-2.0,USD_JPY
2023-12-01,call,147.05882352941177,2023-12-01 17:26:00,147.021,-0.00030607872344756704,reject,-0.0018364723406858463,reject,-0.0011358921514611486,reject,,,grid,-2.0,USD_JPY
2023-12-04,call,147.05882352941177,2023-12-04 08:01:00,147.068,-0.00011559278701023246,reject,-0.002447847254331448,reject,-0.00326379633910856,reject,,,grid,-2.0,USD_JPY
2023-12-04,call,147.05882352941177,2023-12-04 08:22:00,147.032,-0.0007753414222754218,reject,-0.002380434191196601,reject,-0.00325099298111986,reject,,,grid,-2.0,USD_JPY
2023-12-04,call,147.05882352941177,2023-12-04 14:29:00,147.039,-0.0007072953434121843,reject,-0.0008841191792653413,reject,0.0026999639551412713,break,,,grid,-2.0,USD_JPY
2023-12-04,call,147.05882352941177,2023-12-04 14:32:00,147.035,-0.0012514027272417794,reject,-0.0005848947529498716,reject,0.002530009861597682,break,,,grid,-2.0,USD_JPY
2023-12-04,call,147.05882352941177,2023-12-04 15:34:00,147.068,-0.0001767889683684798,reject,0.0003263796339108005,break,0.0019378790763455722,break,,,grid,-2.0,USD_JPY
2023-12-04,call,147.05882352941177,2023-12-04 16:25:00,147.064,0.0007887722352173387,break,0.0011015612250449003,break,0.0019515313060980422,break,,,grid,-2.0,USD_JPY
2023-12-05,call,147.05882352941177,2023-12-05 00:50:00,147.044,0.00017681782323641926,break,0.0012513261336741799,break,0.0004896493566550753,break,,,grid,-2.0,USD_JPY
2023-12-05,call,147.05882352941177,2023-12-05 01:02:00,147.045,0.0011425073956952136,break,0.0005440511408072446,break,0.00046924410894644275,break,,,grid,-2.0,USD_JPY
2023-12-05,call,147.05882352941177,2023-12-05 08:53:00,147.044,0.00023122330730940277,break,-1.3601371018245878e-05,reject,0.00023122330730940277,break,,,grid,-2.0,USD_JPY
2023-12-05,call,147.05882352941177,2023-12-05 08:58:00,147.02,0.0005781526322947705,break,0.00017004489185135085,reject,0.00031288260100659215,break,,,grid,-2.0,USD_JPY
2023-12-05,call,147.05882352941177,2023-12-05 11:25:00,147.03,0.0004488879820445657,break,0.0006121199755151352,break,-0.001217438617969191,reject,,,grid,-2.0,USD_JPY
2023-12-05,call,147.05882352941177,2023-12-05 12:00:00,147.054,0.0004216138289336868,break,0.00013600446094641505,break,0.00023120758360861693,break,,,grid,-2.0,USD_JPY
2023-12-05,call,147.05882352941177,2023-12-05 13:04:00,147.04,-0.00017682263329699133,reject,-0.0012785636561478686,reject,0.0014621871599564962,break,,,grid,-2.0,USD_JPY
2023-12-05,call,147.05882352941177,2023-12-05 13:16:00,147.037,-0.0008637281772615468,reject,-0.0004352645932655941,reject,0.0008433251494521787,break,,,grid,-2.0,USD_JPY
2023-12-05,call,147.05882352941177,2023-12-05 13:20:00,147.04,-0.0011017410228509883,reject,-0.00010881392818273827,reject,0.00039445048966291196,break,,,grid,-2.0,USD_JPY
2023-12-05,call,147.05882352941177,2023-12-05 14:30:00,147.043,0.0012173309848140246,break,-0.0007820841522548916,reject,0.0017613895255128575,break,,,grid,-2.0,USD_JPY
2023-12-05,call,147.05882352941177,2023-12-05 14:45:00,147.222,-0.004034723071280277,reject,-0.0002716985233186531,break,0.00098490714702959,break,,,grid,-2.0,USD_JPY
2023-12-05,call,147.05882352941177,2023-12-05 15:33:00,147.078,0.0004079468037367917,break,0.001339425338935829,break,0.0017609703694636547,break,,,grid,-2.0,USD_JPY
2023-12-05,call,147.05882352941177,2023-12-05 16:05:00,147.054,0.0009384307805295755,break,0.00127844193289528,break,0.0012920423789899438,break,,,grid,-2.0,USD_JPY
2023-12-06,call,147.05882352941177,2023-12-06 07:39:00,147.04,-0.0006664853101195911,reject,0.0004012513601741041,break,0.002951577801958649,break,,,grid,-2.0,USD_JPY
2023-12-06,call,147.05882352941177,2023-12-06 07:49:00,147.036,-0.0007073097744770829,reject,0.0007481161076197118,break,0.0027068200984792234,break,,,grid,-2.0,USD_JPY
2023-12-06,call,147.05882352941177,2023-12-06 08:11:00,147.052,-0.0005440252427711956,reject,0.0006936321845334437,break,0.0016388760438486027,break,,,grid,-2.0,USD_JPY
2023-12-06,call,147.05882352941177,2023-12-06 08:20:00,147.028,0.00021764561852166686,break,0.0011698451995538761,break,0.0019860162690099603,break,,,grid,-2.0,USD_JPY
2023-12-06,call,147.05882352941177,2023-12-06 08:24:00,147.04,0.0004012513601741041,break,0.0011153427638739277,break,0.0017954298150164583,break,,,grid,-2.0,USD_JPY
2023-12-06,call,147.05882352941177,2023-12-06 08:31:00,147.056,0.0005168099227503831,break,0.0010200195843759197,break,0.0015640300293764398,break,,,grid,-2.0,USD_JPY
2023-12-07,call,147.05882352941177,2023-12-07 00:57:00,147.07,8.159379887118234e-05,break,-0.0013190997484190392,reject,-0.0022166315360032662,reject,,,grid,-2.0,USD_JPY
2023-12-28,call,140.84507042253523,2023-12-28 07:15:00,140.801,-0.00033380444741160087,reject,0.0009019822302398506,break,-0.0007883466736741118,reject,,,grid,-2.0,USD_JPY
2023-12-28,call,140.84507042253523,2023-12-28 07:25:00,140.841,-0.00036211046499257105,reject,0.0008165235975319263,break,-0.0008378242131197311,reject,,,grid,-2.0,USD_JPY
2023-12-28,call,140.84507042253523,2023-12-28 07:35:00,140.829,0.0005538631957906492,break,0.0013420531282619663,break,-0.0009586093773300552,reject,,,grid,-2.0,USD_JPY
2023-12-28,call,140.84507042253523,2023-12-28 07:42:00,140.864,-0.0002129713766469976,reject,0.000667310313493763,break,-0.0008660835983644866,reject,,,grid,-2.0,USD_JPY
2023-12-28,call,140.84507042253523,2023-12-28 08:03:00,140.792,0.00048298198761309585,break,0.0005682141030740606,break,0.00014205352576857067,reject,,,grid,-2.0,USD_JPY
2023-12-28,call,140.84507042253523,2023-12-28 08:06:00,140.832,0.0005538513974097103,break,0.000631958645762376,break,7.10065894116152e-05,reject,,,grid,-2.0,USD_JPY
2023-12-28,call,140.84507042253523,2023-12-28 11:54:00,140.832,7.10065894116152e-05,reject,0.000809475119291081,break,-0.0028047602817540263,reject,,,grid,-2.0,USD_JPY
2023-12-28,call,140.84507042253523,2023-12-28 11:58:00,140.832,4.260395364696912e-05,reject,0.0006958645762327187,break,0.0004189388775277525,break,,,grid,-2.0,USD_JPY
2023-12-28,call,140.84507042253523,2023-12-28 12:39:00,140.841,0.0007455215455725028,break,-0.0009443272910587552,reject,0.0014271412443818132,break,,,grid,-2.0,USD_JPY
2023-12-28,call,140.84507042253523,2023-12-28 13:45:00,140.838,0.001590479842088266,break,0.0005680285150315711,break,0.0028827447137846907,break,,,grid,-2.0,USD_JPY
2023-12-28,call,140.84507042253523,2023-12-28 15:56:00,140.863,0.0016185939529897997,break,0.0016256930492748456,break,0.0043943406004416374,break,,,grid,-2.0,USD_JPY
2023-12-28,call,140.84507042253523,2023-12-28 15:58:00,140.891,0.0012278995819463567,break,0.0014834162579582255,break,0.004066973759856873,break,,,grid,-2.0,USD_JPY
2024-08-01,call,149.2537313432836,2024-08-01 01:09:00,149.258,-0.0011657666590736415,reject,-0.00014069597609522866,reject,0.003035013198622538,break,,,grid,-2.0,USD_JPY
2024-08-01,call,149.2537313432836,2024-08-01 02:06:00,149.287,-0.0007636297869205722,reject,0.0021368237019967484,break,0.0030076295993621827,break,,,grid,-2.0,USD_JPY
2024-08-01,call,149.2537313432836,2024-08-01 02:30:00,149.19,0.0009920235940745759,break,0.002741470607949603,break,0.006300690394798636,break,,,grid,-2.0,USD_JPY
2024-08-01,call,149.2537313432836,2024-08-01 02:32:00,149.249,0.0007169227264505196,break,0.0010787341958740093,break,0.0055611762892884276,break,,,grid,-2.0,USD_JPY
2024-08-01,call,149.2537313432836,2024-08-01 02:36:00,149.206,0.0018631958500330281,break,0.0013270243823975125,break,0.0069434205058778176,break,,,grid,-2.0,USD_JPY
2024-08-01,call,149.2537313432836,2024-08-01 02:43:00,149.286,0.003228701954637314,break,0.0017282263574616152,break,0.0063502270809052686,break,,,grid,-2.0,USD_JPY
2024-08-01,call,149.2537313432836,2024-08-01 22:17:00,149.222,0.0006969481711811554,break,-0.0006567396228439604,reject,,,,,grid,-2.0,USD_JPY
2024-08-01,call,149.2537313432836,2024-08-01 23:58:00,149.242,,,,,,,,,grid,-2.0,USD_JPY
2024-08-02,call,149.2537313432836,2024-08-02 00:01:00,149.232,-0.0004087595153854373,reject,0.0017288517208107201,break,0.0019566848933205705,break,,,grid,-2.0,USD_JPY
2024-08-02,call,149.2537313432836,2024-08-02 00:13:00,149.24,-0.0013669257571696791,reject,0.0017756633610290784,break,0.0021844009648888107,break,,,grid,-2.0,USD_JPY
2024-08-02,call,149.2537313432836,2024-08-02 00:16:00,149.171,-3.351857934852376e-05,reject,0.0034658211046383336,break,0.0023194856909185546,break,,,grid,-2.0,USD_JPY
2024-08-02,call,149.2537313432836,2024-08-02 00:32:00,149.23,-4.020639281643312e-05,reject,0.0032165114253166482,break,0.0007773235944517065,break,,,grid,-2.0,USD_JPY
2024-08-02,call,149.2537313432836,2024-08-02 00:46:00,149.236,0.0017020021978613187,break,0.0028210351389745814,break,0.0009381114476401109,break,,,grid,-2.0,USD_JPY
2024-08-02,call,149.2537313432836,2024-08-02 00:50:00,149.226,0.001199522871349501,break,0.0028279254285445976,break,0.0010587967244313212,break,,,grid,-2.0,USD_JPY
2024-08-02,call,149.2537313432836,2024-08-02 05:05:00,149.245,0.00010050587959375967,break,-0.000656638413347288,reject,-0.001829207008610001,reject,,,grid,-2.0,USD_JPY
2024-08-02,call,149.2537313432836,2024-08-02 05:10:00,149.16,0.00123357468490215,break,-4.022526146418848e-05,reject,-0.0011263073209976104,reject,,,grid,-2.0,USD_JPY
2024-08-02,call,149.2537313432836,2024-08-02 05:14:00,149.268,0.0004689551678858095,break,-0.0010986949647613375,reject,-0.0016279443685183193,reject,,,grid,-2.0,USD_JPY
2024-08-02,call,149.2537313432836,2024-08-02 06:20:00,149.276,-0.0024384361853211356,reject,-0.002304456175138858,reject,-0.003175326241324883,reject,,,grid,-2.0,USD_JPY
2024-08-02,call,149.2537313432836,2024-08-02 08:00:00,149.296,-0.0013932054442181707,reject,-0.0015941485371342434,reject,-0.0017549030114671904,reject,,,grid,-2.0,USD_JPY
2024-08-15,call,149.2537313432836,2024-08-15 13:07:00,149.266,-0.0019562391971380544,reject,-0.0021907199228223817,reject,-0.001929441399916798,reject,,,grid,-2.0,USD_JPY
2024-08-15,call,149.2537313432836,2024-08-15 20:31:00,149.226,0.000562904587672497,break,0.0005897095680376108,break,,,,,grid,-2.0,USD_JPY
2024-08-15,call,149.2537313432836,2024-08-15 22:49:00,149.235,0.0001273159781551847,break,3.350420477765681e-05,reject,,,,,grid,-2.0,USD_JPY
2024-08-15,call,149.2537313432836,2024-08-15 23:21:00,149.236,0.00012731512503694198,break,,,,,,,grid,-2.0,USD_JPY
2024-08-15,call,149.2537313432836,2024-08-15 23:30:00,149.235,0.00015411934197739896,break,,,,,,,grid,-2.0,USD_JPY
2024-08-15,call,149.2537313432836,2024-08-15 23:59:00,149.236,,,,,,,,,grid,-2.0,USD_JPY
2024-09-03,call,147.05882352941177,2024-09-03 00:34:00,147.064,-0.00010879617037473643,reject,-0.0008295707991077261,reject,-0.00405265734646143,reject,,,grid,-2.0,USD_JPY
2024-09-03,call,147.05882352941177,2024-09-03 01:11:00,147.032,-4.7608683823918696e-05,reject,-0.0021423907720767854,reject,-0.0032101855378421362,reject,,,grid,-2.0,USD_JPY
2024-11-07,call,153.84615384615387,2024-11-07 07:19:00,153.819,-0.000383567699698939,reject,0.00046808261658193295,break,0.001397746702292979,break,,,grid,-2.0,USD_JPY
2024-11-07,call,153.84615384615387,2024-11-07 07:30:00,153.83,-1.3001365143372468e-05,reject,0.00018201911200677046,break,0.0010271078463237604,break,,,grid,-2.0,USD_JPY
2024-11-07,call,153.84615384615387,2024-11-07 07:37:00,153.853,0.00035098438119507414,break,0.0005589751256067643,break,0.0010724522758736033,break,,,grid,-2.0,USD_JPY
2024-11-11,call,153.84615384615387,2024-11-11 08:18:00,153.811,-8.45193126629562e-05,reject,-0.0003575817074201737,reject,0.0,reject,,,grid,-2.0,USD_JPY
2024-11-11,call,153.84615384615387,2024-11-11 08:51:00,153.858,-0.0008449349400095896,reject,-0.00135189590401541,reject,-0.0004679639667746205,reject,,,grid,-2.0,USD_JPY
2024-11-11,call,153.84615384615387,2024-11-11 09:08:00,153.818,-0.0005721046951593367,reject,-0.0016252974294296285,reject,-0.00023404282983785496,reject,,,grid,-2.0,USD_JPY
2024-11-11,call,153.84615384615387,2024-11-11 12:22:00,153.8,6.501950585180438e-05,reject,0.0008972691807540567,break,0.0,reject,,,grid,-2.0,USD_JPY
2024-11-11,call,153.84615384615387,2024-11-11 12:35:00,153.848,-0.00035099578805053433,reject,0.000649992200093541,break,5.199937600730564e-05,break,,,grid,-2.0,USD_JPY
2024-11-11,call,153.84615384615387,2024-11-11 13:01:00,153.833,0.00010400889276018788,break,-0.0007995683630950268,reject,-0.00016901445073558286,reject,,,grid,-2.0,USD_JPY
2024-11-11,call,153.84615384615387,2024-11-11 13:11:00,153.872,0.00022096287823636374,break,-0.0011828012893835282,reject,-0.0004094312155559221,reject,,,grid,-2.0,USD_JPY
2024-11-11,call,153.84615384615387,2024-11-11 14:46:00,153.837,0.00016250966932540578,break,0.00016250966932540578,break,-0.00018201082964430793,reject,,,grid,-2.0,USD_JPY
2024-11-11,call,153.84615384615387,2024-11-11 16:30:00,153.822,-0.000169026537166439,reject,0.0005265826734797141,break,-0.000728114313947259,reject,,,grid,-2.0,USD_JPY
2024-11-11,call,153.84615384615387,2024-11-11 16:52:00,153.834,-0.00016901335205488088,reject,0.00037702978535292253,break,-0.0010465826800317712,reject,,,grid,-2.0,USD_JPY
2024-11-11,call,153.84615384615387,2024-11-11 17:23:00,153.825,0.00034454737526412593,break,-0.0003965545262472059,reject,-0.0010856492767755688,reject,,,grid,-2.0,USD_JPY
2025-04-04,call,144.92753623188406,2025-04-04 11:19:00,144.972,0.00013795767458524288,break,0.0016347984438374041,break,0.006670253566205764,break,,,grid,-2.0,USD_JPY
2025-04-04,call,144.92753623188406,2025-04-04 11:31:00,144.886,0.0009110611101141863,break,0.002098201344505446,break,0.007364410640089414,break,,,grid,-2.0,USD_JPY
2025-04-04,call,144.92753623188406,2025-04-04 11:45:00,144.924,0.0028566697027405663,break,0.004126300681736472,break,0.006327454389887022,break,,,grid,-2.0,USD_JPY
2025-04-21,call,140.84507042253523,2025-04-21 02:51:00,140.835,-0.0012354883374161574,reject,-0.0005751411225903835,reject,4.260304611780619e-05,reject,,,grid,-2.0,USD_JPY
2025-04-21,call,140.84507042253523,2025-04-21 03:21:00,140.829,-0.00046155266315883736,reject,0.000979911807937217,break,-0.0013846579894767341,reject,,,grid,-2.0,USD_JPY
2025-04-21,call,140.84507042253523,2025-04-21 04:00:00,140.84,0.00034081226924165264,break,-0.0005822209599545269,reject,-0.0019170690144846292,reject,,,grid,-2.0,USD_JPY
2025-04-21,call,140.84507042253523,2025-04-21 06:28:00,140.834,-0.0005396424158938817,reject,-0.0013775082721503296,reject,-0.00039763125381664377,reject,,,grid,-2.0,USD_JPY
2025-04-21,call,140.84507042253523,2025-04-21 06:49:00,140.833,-0.0005893505073384375,reject,-0.0014414235299965439,reject,0.0004899419880282085,break,,,grid,-2.0,USD_JPY
2025-04-21,call,140.84507042253523,2025-04-21 10:10:00,140.812,-0.0001704400193165423,reject,0.0017328068630515503,break,-0.0009729284435985308,reject,,,grid,-2.0,USD_JPY
2025-04-21,call,140.84507042253523,2025-04-21 10:31:00,140.805,0.0007883242782571465,break,0.0005468555804126751,break,-0.0014985263307412122,reject,,,grid,-2.0,USD_JPY
2025-04-21,call,140.84507042253523,2025-04-21 10:34:00,140.813,0.0006320439163998159,break,0.0003905889371009774,break,-0.0009942263853478517,reject,,,grid,-2.0,USD_JPY
2025-04-21,call,140.84507042253523,2025-04-21 12:27:00,140.83,0.001050912447631891,break,0.0012213306823829484,break,0.00019882127387615967,break,,,grid,-2.0,USD_JPY
2025-04-21,call,140.84507042253523,2025-04-21 13:07:00,140.833,0.00017041460453159907,break,-0.0008875760652687914,reject,3.550304261068504e-05,reject,,,grid,-2.0,USD_JPY
2025-04-21,call,140.84507042253523,2025-04-21 14:43:00,140.808,0.0004403158911425731,break,0.00018464859951139445,reject,-0.0012783364581557821,reject,,,grid,-2.0,USD_JPY
2025-04-21,call,140.84507042253523,2025-04-21 16:20:00,140.826,0.0005822788405549506,break,0.000532572110263807,break,0.0006532884552570284,break,,,grid,-2.0,USD_JPY
2025-04-21,call,140.84507042253523,2025-04-21 19:55:00,140.822,0.0002556418741390676,break,0.00036215932169669784,break,0.00036926048486729535,break,,,grid,-2.0,USD_JPY
2025-04-21,call,140.84507042253523,2025-04-21 23:40:00,140.816,0.00048289967049197635,break,,,,,,,grid,-2.0,USD_JPY
2025-04-22,call,140.84507042253523,2025-04-22 01:09:00,140.832,0.0008449784139967775,break,-8.520790729382721e-05,reject,-0.0037420472619857925,reject,,,grid,-2.0,USD_JPY
2025-04-22,call,140.84507042253523,2025-04-22 01:16:00,140.808,0.0006249644906539675,break,-0.000411908414294615,reject,-0.00438895517300153,reject,,,grid,-2.0,USD_JPY
2025-04-22,call,140.84507042253523,2025-04-22 14:01:00,140.819,0.0001349249746127601,reject,-0.000717232759783859,reject,0.002464156115296934,break,,,grid,-2.0,USD_JPY
2025-04-22,call,140.84507042253523,2025-04-22 15:22:00,140.826,-0.0004970673029127681,reject,0.0019314615198899876,break,0.004842855722664963,break,,,grid,-2.0,USD_JPY
2025-04-22,call,140.84507042253523,2025-04-22 15:58:00,140.79,0.0011151360181831382,break,0.0036792385822856932,break,0.0059805383905107146,break,,,grid,-2.0,USD_JPY
2026-01-23,call,156.25,2026-01-23 17:32:00,156.266,0.0014846479720476147,break,-0.0006783305389528316,reject,-0.0035580356571486282,reject,,,grid,-2.0,USD_JPY
2026-01-23,call,156.25,2026-01-23 18:25:00,156.167,-0.0004930619144889459,reject,0.00033938027880409116,reject,,,,,grid,-2.0,USD_JPY
2026-01-23,call,156.25,2026-01-23 18:33:00,156.198,-0.00027529161705019956,reject,-0.00028169374767927913,reject,,,,,grid,-2.0,USD_JPY
2026-01-23,call,156.25,2026-01-23 19:24:00,156.234,-0.0009600983140674035,reject,-0.0028482916650666157,reject,,,,,grid,-2.0,USD_JPY
2026-01-27,call,153.84615384615387,2026-01-27 09:54:00,153.571,0.003027915426740746,break,0.0012827942775655021,reject,-0.0019339588854666578,reject,,,grid,-2.0,USD_JPY
2026-01-27,call,153.84615384615387,2026-01-27 10:00:00,153.775,0.0016972849943097668,break,-0.00017558120630800644,reject,-0.0035636481872866055,reject,,,grid,-2.0,USD_JPY
2026-01-27,call,153.84615384615387,2026-01-27 10:50:00,153.762,-0.0007414055488352833,reject,-0.00022762451060731603,reject,-0.003134714688934892,reject,,,grid,-2.0,USD_JPY
2026-01-28,call,153.84615384615387,2026-01-28 18:37:00,153.872,0.00022096287823636374,break,-0.0014557554330874023,reject,-0.0028920141416243217,reject,,,grid,-2.0,USD_JPY
2026-01-28,call,153.84615384615387,2026-01-28 19:01:00,154.017,-0.0018114883421960215,reject,-0.0038761954849140245,reject,-0.004135907075192957,reject,,,grid,-2.0,USD_JPY
2026-01-28,call,153.84615384615387,2026-01-28 19:21:00,153.83,-0.0005200546057336775,reject,-0.0020152115972177365,reject,-0.004192940258727185,reject,,,grid,-2.0,USD_JPY
2026-01-30,call,153.84615384615387,2026-01-30 02:00:00,153.824,0.00023403370085284259,break,6.500936134790081e-05,reject,0.0006500936134803403,break,,,grid,-2.0,USD_JPY
2026-01-30,call,153.84615384615387,2026-01-30 02:04:00,153.864,-0.0002924660739355156,reject,-0.00018847813653610768,reject,-0.0002209743669733255,reject,,,grid,-2.0,USD_JPY
2026-01-30,call,153.84615384615387,2026-01-30 02:19:00,153.819,0.00035756310988888096,break,-0.00011702065414542773,reject,-4.550803216751831e-05,reject,,,grid,-2.0,USD_JPY
2026-01-30,call,153.84615384615387,2026-01-30 02:33:00,153.822,0.0004810755288580104,break,0.0,reject,0.00011051735122413753,reject,,,grid,-2.0,USD_JPY
2026-01-30,call,153.84615384615387,2026-01-30 03:21:00,153.816,0.0004485879232327683,break,0.00042908410048370094,break,0.0010141987829614951,break,,,grid,-2.0,USD_JPY
2026-01-30,call,153.84615384615387,2026-01-30 03:34:00,153.872,0.0003834355828220559,break,0.00018196942913584202,break,0.0004809192055732492,break,,,grid,-2.0,USD_JPY
2026-01-30,call,153.84615384615387,2026-01-30 05:18:00,153.852,0.0004159841926005825,break,-0.0003379871564880288,reject,0.0013129501078958938,break,,,grid,-2.0,USD_JPY
2026-01-30,call,153.84615384615387,2026-01-30 06:25:00,153.853,0.0006304719439984563,break,0.000688969340864265,break,0.001748422195212429,break,,,grid,-2.0,USD_JPY
2026-01-30,call,153.84615384615387,2026-01-30 07:48:00,153.838,-3.25017225912827e-05,reject,0.00015600826843820137,break,0.001105058568104278,break,,,grid,-2.0,USD_JPY
2026-01-30,call,153.84615384615387,2026-01-30 07:59:00,153.809,-0.0004226020583970591,reject,0.0008907151076984476,break,0.0003315800765886223,break,,,grid,-2.0,USD_JPY
2026-01-30,call,153.84615384615387,2026-01-30 08:03:00,153.833,-0.0005460466869917635,reject,0.0011896017109462864,break,0.00021451834131824832,break,,,grid,-2.0,USD_JPY
2026-01-30,call,153.84615384615387,2026-01-30 08:24:00,153.842,-0.0003250087752370012,reject,0.0017680477372887804,break,0.0004355117588172863,break,,,grid,-2.0,USD_JPY
2026-01-30,call,153.84615384615387,2026-01-30 08:40:00,153.854,0.00025998674067606586,break,0.0012154380126612185,break,0.0008709555812653758,break,,,grid,-2.0,USD_JPY
2026-02-11,call,153.84615384615387,2026-02-11 13:30:00,154.396,-0.0045985647296560295,reject,-0.0036464675250653666,reject,-0.010777481281898371,reject,,,grid,-2.0,USD_JPY
2026-02-11,call,153.84615384615387,2026-02-11 13:42:00,153.829,-9.751087246234746e-05,reject,-0.0010986224964084634,reject,-0.007417327031964183,reject,,,grid,-2.0,USD_JPY
2026-02-11,call,153.84615384615387,2026-02-11 13:46:00,153.894,-0.00012995958256989404,break,-0.001903907884647893,reject,-0.007498667914278667,reject,,,grid,-2.0,USD_JPY
2026-02-11,call,153.84615384615387,2026-02-11 13:57:00,153.814,-0.0019829144291156897,reject,-0.0022624728568270136,reject,-0.006358328890738063,reject,,,grid,-2.0,USD_JPY
2026-02-11,call,153.84615384615387,2026-02-11 13:59:00,153.838,-0.0011635616687684092,reject,-0.0025221336730847366,reject,-0.006552347274405457,reject,,,grid,-2.0,USD_JPY
2026-02-11,call,153.84615384615387,2026-02-11 14:04:00,153.78,-0.0008323579139031256,reject,-0.003407465210040317,reject,-0.006164650799843963,reject,,,grid,-2.0,USD_JPY
2026-02-11,call,153.84615384615387,2026-02-11 14:22:00,153.855,-0.0012934256280262568,reject,-0.0032433135094731558,reject,-0.006434630008774422,reject,,,grid,-2.0,USD_JPY
2026-02-17,call,153.84615384615387,2026-02-17 15:34:00,153.84,0.00022100884035358703,break,-0.0014690587623504836,reject,-0.00295761830473229,reject,,,grid,-2.0,USD_JPY
2026-02-17,call,153.84615384615387,2026-02-17 15:58:00,153.796,-0.0001950635907306264,reject,-0.001378449374496049,reject,-0.00343311919685807,reject,,,grid,-2.0,USD_JPY
2026-02-17,call,153.84615384615387,2026-02-17 16:02:00,153.796,-0.00037062082238803473,reject,-0.0015865172046086728,reject,-0.003758225181409114,reject,,,grid,-2.0,USD_JPY
2026-02-18,call,153.84615384615387,2026-02-18 10:34:00,153.828,-0.00016901994435347678,reject,-0.0009361104610344784,reject,0.002678316041292872,break,,,grid,-2.0,USD_JPY
2026-02-18,call,153.84615384615387,2026-02-18 13:36:00,153.838,0.00012350654584691867,break,0.003367178460458309,break,0.004270726348496456,break,,,grid,-2.0,USD_JPY
2026-02-18,call,153.84615384615387,2026-02-18 13:44:00,153.814,0.0008451766419181883,break,0.003926820705527634,break,0.0047654959886616055,break,,,grid,-2.0,USD_JPY
2026-02-18,call,153.84615384615387,2026-02-18 13:49:00,153.813,0.0007541625220235382,break,0.0038553308237927464,break,0.004999577408931755,break,,,grid,-2.0,USD_JPY
2026-04-14,call,158.73015873015873,2026-04-14 14:12:00,158.69,-1.2603188606741256e-05,reject,0.0005923498645157288,break,0.000100825508853708,reject,,,grid,-2.0,USD_JPY
2026-04-14,call,158.73015873015873,2026-04-14 14:43:00,158.692,0.00018904544652542654,reject,0.0009200211730899799,break,0.0006931666372596013,break,,,grid,-2.0,USD_JPY
2026-04-14,call,158.73015873015873,2026-04-14 14:50:00,158.73,0.0002898002898004126,break,0.0010710010710011098,break,0.0006552006552007494,break,,,grid,-2.0,USD_JPY
2026-04-15,call,158.73015873015873,2026-04-15 08:26:00,158.722,0.0002709139249756909,break,0.0007434382127240458,break,0.00251382921082155,break,,,grid,-2.0,USD_JPY
2026-04-16,call,158.73015873015873,2026-04-16 02:47:00,158.715,-0.002047695554925566,reject,-0.0006741643826985166,reject,0.0006993667895283107,break,,,grid,-2.0,USD_JPY
2026-04-16,call,158.73015873015873,2026-04-16 04:00:00,158.697,-3.150658172490495e-05,reject,0.0001953408066945883,reject,0.0010712237786472123,break,,,grid,-2.0,USD_JPY
2026-04-16,call,158.73015873015873,2026-04-16 04:11:00,158.718,-0.0001071082044884486,reject,-3.150241308480517e-05,reject,0.001247495558159839,break,,,grid,-2.0,USD_JPY
2026-04-16,call,158.73015873015873,2026-04-16 04:37:00,158.708,0.00014492023086409844,break,0.0005166721274290076,break,0.002072989389318769,break,,,grid,-2.0,USD_JPY
2026-04-20,call,158.73015873015873,2026-04-20 14:03:00,158.726,0.00017640462180112948,break,0.00010080264102918512,break,-5.0401320514703585e-05,reject,,,grid,-2.0,USD_JPY
2026-04-20,call,158.73015873015873,2026-04-20 14:35:00,158.726,-8.820231090056474e-05,reject,-0.0009198240993912865,reject,8.820231090056474e-05,break,,,grid,-2.0,USD_JPY
2026-04-20,call,158.73015873015873,2026-04-20 14:48:00,158.708,0.00021422990649488938,break,-0.00044736245179821665,reject,0.000730902033924119,break,,,grid,-2.0,USD_JPY
2026-04-20,call,158.73015873015873,2026-04-20 15:52:00,158.706,-8.821342608333893e-05,reject,-0.00046627096644102917,reject,0.00081912467077494,break,,,grid,-2.0,USD_JPY
2026-04-20,call,158.73015873015873,2026-04-20 16:04:00,158.703,-0.0003843657649824639,reject,-0.00015752695286164187,reject,0.0009955703420854167,break,,,grid,-2.0,USD_JPY
2026-04-20,call,158.73015873015873,2026-04-20 17:20:00,158.719,0.0001953137305552577,break,-0.00023311638808209967,reject,0.0006237438491927261,break,,,grid,-2.0,USD_JPY
2026-04-20,call,158.73015873015873,2026-04-20 18:24:00,158.718,0.0006174472964630695,break,0.0008064617749721226,break,0.0004599352310388216,break,,,grid,-2.0,USD_JPY
2026-05-15,call,158.73015873015873,2026-05-15 13:50:00,158.72,-0.0002205141129032473,reject,7.560483870960866e-05,break,-7.560483870971968e-05,reject,,,grid,-2.0,USD_JPY
2026-05-15,call,158.73015873015873,2026-05-15 14:45:00,158.711,-0.0007371889787098906,reject,-3.150380250915852e-05,reject,0.00014491749154110778,break,,,grid,-2.0,USD_JPY
2026-05-15,call,158.73015873015873,2026-05-15 15:44:00,158.705,-4.410699095813708e-05,reject,-3.150499354165337e-05,reject,0.00025203994833167265,break,,,grid,-2.0,USD_JPY
2026-05-15,call,158.73015873015873,2026-05-15 16:59:00,158.708,-0.00031504398013970647,reject,0.00013231847165884325,reject,0.0004284598129900008,break,,,grid,-2.0,USD_JPY
2026-05-15,call,158.73015873015873,2026-05-15 17:48:00,158.71,0.00018902400604869918,break,0.0001260160040323921,reject,,,,,grid,-2.0,USD_JPY
2026-05-18,call,158.73015873015873,2026-05-18 12:51:00,158.721,8.190472590263731e-05,break,-0.00015750908827438792,reject,0.0011970690708853482,break,,,grid,-2.0,USD_JPY
2026-05-18,call,158.73015873015873,2026-05-18 13:57:00,158.711,0.0008506026677419509,break,0.0008253996257348017,break,0.0013042574238710802,break,,,grid,-2.0,USD_JPY
2026-05-20,call,158.73015873015873,2026-05-20 15:17:00,158.709,0.00014491931774496258,break,0.00048516467245085515,break,0.0007750033079407803,break,,,grid,-2.0,USD_JPY
2026-07-02,call,161.29032258064515,2026-07-02 08:07:00,161.29,-0.00023560047120085859,reject,-0.00023560047120085859,reject,0.001860003720007608,break,,,grid,-2.0,USD_JPY
2026-07-02,call,161.29032258064515,2026-07-02 08:16:00,161.244,-8.062315497014971e-05,reject,0.0002728783706680282,reject,0.0022574483391630817,break,,,grid,-2.0,USD_JPY
2026-07-02,call,161.29032258064515,2026-07-02 08:23:00,161.304,-0.0008803253484104268,reject,-0.00039056687992855554,reject,0.0016614591082675378,break,,,grid,-2.0,USD_JPY
2026-07-02,call,161.29032258064515,2026-07-02 09:08:00,161.279,-0.00023561654028103618,reject,-8.060565851730761e-05,reject,-0.001401298371145665,reject,,,grid,-2.0,USD_JPY
2026-07-02,call,161.29032258064515,2026-07-02 10:04:00,161.276,0.0005456484535826256,break,0.0006572583645427788,break,-0.001853964632059335,reject,,,grid,-2.0,USD_JPY
2026-07-02,call,161.29032258064515,2026-07-02 22:41:00,161.272,0.0001240140880005569,break,0.0004650528300016443,break,,,,,grid,-2.0,USD_JPY
2026-07-31,call,158.73015873015873,2026-07-31 17:31:00,158.6,0.001992433795712456,break,0.0014123581336698,break,,,,,grid,-2.0,USD_JPY
2026-07-31,call,158.73015873015873,2026-07-31 17:45:00,158.744,-0.0009134203497456195,reject,0.0015811621226629047,break,,,,,grid,-2.0,USD_JPY
2026-07-31,call,158.73015873015873,2026-07-31 18:01:00,158.63,0.0008195171152998171,break,0.0019920569879594563,break,,,,,grid,-2.0,USD_JPY
2026-07-31,call,158.73015873015873,2026-07-31 18:06:00,158.712,9.451081203692979e-05,reject,0.0016255859670346595,break,,,,,grid,-2.0,USD_JPY
2026-07-31,call,158.73015873015873,2026-07-31 18:11:00,158.703,0.00016382803097614307,reject,0.0016760867784477718,break,,,,,grid,-2.0,USD_JPY
2026-07-31,call,158.73015873015873,2026-07-31 18:14:00,158.742,0.0004031699235238495,break,0.0015874815738745607,break,,,,,grid,-2.0,USD_JPY
2026-07-31,call,158.73015873015873,2026-07-31 18:26:00,158.729,0.0008064058867629509,break,0.0018711136591296196,break,,,,,grid,-2.0,USD_JPY
2026-09-03,call,156.25,2026-09-03 11:31:00,156.144,0.0003714519930320126,reject,-0.003714519930320792,reject,-0.004271697919868811,reject,,,grid,-2.0,USD_JPY
2026-09-03,call,156.25,2026-09-03 11:45:00,156.234,-0.0005312544004505426,reject,-0.004006810297374486,reject,-0.00490290205717081,reject,,,grid,-2.0,USD_JPY
2020-09-22,call,104.71204188481676,2020-09-22 08:02:00,104.699,0.00029608687762072705,break,-0.001461332008901639,reject,-0.0016428046113142747,reject,,,grid,-1.0,USD_JPY
2020-09-22,call,104.71204188481676,2020-09-22 13:34:00,104.702,0.0008213787702240349,break,0.0019388359343661676,break,0.0022349143282842654,break,,,grid,-1.0,USD_JPY
2020-10-21,call,104.71204188481676,2020-10-21 12:49:00,104.686,-0.00047761878379160017,reject,-0.0011940469594787784,reject,-0.0020824178973311014,reject,,,grid,-1.0,USD_JPY
2020-10-21,call,104.71204188481676,2020-10-21 23:59:00,104.683,,,,,,,,,grid,-1.0,USD_JPY
2020-10-22,call,104.71204188481676,2020-10-22 00:02:00,104.684,-0.0008024148867067371,reject,-0.00031523441977765465,reject,0.00030568186160251365,break,,,grid,-1.0,USD_JPY
2020-10-22,call,104.71204188481676,2020-10-22 00:32:00,104.684,-0.00030568186160251365,reject,-0.0004967330251040014,reject,0.00038210232700319757,break,,,grid,-1.0,USD_JPY
2020-10-22,call,104.71204188481676,2020-10-22 01:55:00,104.696,-2.8654389852555973e-05,reject,0.0004966760907771928,break,-0.00032474975166185693,reject,,,grid,-1.0,USD_JPY
2020-10-22,call,104.71204188481676,2020-10-22 09:03:00,104.698,0.00034384610976334606,break,0.0005157691646449081,break,-0.0009169229593687378,reject,,,grid,-1.0,USD_JPY
2020-10-22,call,104.71204188481676,2020-10-22 10:47:00,104.69,0.0002101442353616978,reject,-0.00019104021396498805,reject,0.0014136975833412002,break,,,grid,-1.0,USD_JPY
2020-10-22,call,104.71204188481676,2020-10-22 11:37:00,104.684,-0.00021015627985165874,reject,-0.0002388139543768597,reject,0.0013182530281610205,break,,,grid,-1.0,USD_JPY
2020-10-22,call,104.71204188481676,2020-10-22 12:22:00,104.691,-0.0003056614226628618,reject,-0.0010507111404036706,reject,0.0013086129657755574,break,,,grid,-1.0,USD_JPY
2020-10-22,call,104.71204188481676,2020-10-22 13:39:00,104.69,-9.552010698243851e-05,reject,0.001108033240997175,break,0.0012131053586779128,break,,,grid,-1.0,USD_JPY
2020-10-23,call,104.71204188481676,2020-10-23 10:33:00,104.69,1.910402139637668e-05,reject,0.0005731206418950752,break,0.001595185786608111,break,,,grid,-1.0,USD_JPY
2020-10-23,call,104.71204188481676,2020-10-23 12:33:00,104.704,9.550733496332953e-05,break,0.0007640586797066362,break,0.0006590006112470181,break,,,grid,-1.0,USD_JPY
2020-10-26,call,104.71204188481676,2020-10-26 01:06:00,104.691,0.000639978603700353,break,0.001375476401982878,break,0.002015455005683453,break,,,grid,-1.0,USD_JPY
2020-10-29,call,104.71204188481676,2020-10-29 15:50:00,104.688,-0.0003725355341586134,reject,-0.0006304447501146448,reject,-0.0003820877273422729,reject,,,grid,-1.0,USD_JPY
2020-10-29,call,104.71204188481676,2020-10-29 17:09:00,104.686,-5.7314254054974256e-05,reject,0.00011462850810972647,reject,-0.0005731425405498536,reject,,,grid,-1.0,USD_JPY
2020-10-29,call,104.71204188481676,2020-10-29 17:29:00,104.694,-0.00021013620646848086,reject,-0.00015282633197699624,reject,-0.0007354767226392944,reject,,,grid,-1.0,USD_JPY
2020-10-30,call,104.71204188481676,2020-10-30 14:54:00,104.682,-0.0002674767390764554,reject,-0.0007546665138229436,reject,-0.0004107678492960565,reject,,,grid,-1.0,USD_JPY
2020-10-30,call,104.71204188481676,2020-10-30 15:27:00,104.695,-0.00027699508094936043,reject,-0.0010029132241271554,reject,-0.00028654663546479053,reject,,,grid,-1.0,USD_JPY
2020-10-30,call,104.71204188481676,2020-10-30 15:46:00,104.701,-0.0019675074736630327,reject,-0.0013275899943648861,reject,-0.0002960812217647213,reject,,,grid,-1.0,USD_JPY
2020-10-30,call,104.71204188481676,2020-10-30 18:59:00,104.684,5.731534905040192e-05,reject,0.0001623934889762868,reject,,,,,grid,-1.0,USD_JPY
2020-10-30,call,104.71204188481676,2020-10-30 19:56:00,104.698,-0.00011461536992096732,reject,-0.00022923073984204567,reject,,,,,grid,-1.0,USD_JPY
2020-11-02,call,104.71204188481676,2020-11-02 00:32:00,104.696,0.0005730877970504533,break,-3.82058531367413e-05,reject,0.0004393673110720808,break,,,grid,-1.0,USD_JPY
2020-11-02,call,104.71204188481676,2020-11-02 04:02:00,104.692,0.0002101402208383174,break,0.00026745119015791907,break,0.0014518778894281326,break,,,grid,-1.0,USD_JPY
2020-11-02,call,104.71204188481676,2020-11-02 12:46:00,104.688,-0.00014328289775333847,reject,-5.731315910129098e-05,reject,0.0012035763411277767,break,,,grid,-1.0,USD_JPY
2020-11-02,call,104.71204188481676,2020-11-02 14:04:00,104.688,-0.00015283509093688696,reject,0.0014710377502673566,break,0.0016620816139385486,break,,,grid,-1.0,USD_JPY
2020-11-03,call,104.71204188481676,2020-11-03 09:22:00,104.7,5.730659025782181e-05,reject,-5.730659025793283e-05,reject,0.0003342884431709603,break,,,grid,-1.0,USD_JPY
2020-11-03,call,104.71204188481676,2020-11-03 10:52:00,104.692,0.0005922133496352178,break,0.0007354907729339999,break,-7.641462575935787e-05,reject,,,grid,-1.0,USD_JPY
2020-11-03,call,104.71204188481676,2020-11-03 14:54:00,104.707,-0.0007162844890979958,reject,-0.002282559905259385,reject,-0.0012893120803766367,reject,,,grid,-1.0,USD_JPY
2020-11-03,call,104.71204188481676,2020-11-03 23:03:00,104.733,-0.0016327232104494938,reject,,,,,,,grid,-1.0,USD_JPY
2020-11-04,call,104.71204188481676,2020-11-04 01:00:00,104.658,8.599438170042717e-05,reject,-0.0008217240918038105,reject,0.0018154369470082532,break,,,grid,-1.0,USD_JPY
2020-11-04,call,104.71204188481676,2020-11-04 02:22:00,104.666,0.0037452467850114246,break,0.004605124873406918,break,0.0026178510691150514,break,,,grid,-1.0,USD_JPY
2020-11-04,call,104.71204188481676,2020-11-04 10:25:00,104.704,0.00021011613691945819,break,-0.0016618276283617561,reject,-0.002158465770171092,reject,,,grid,-1.0,USD_JPY
2020-11-04,call,104.71204188481676,2020-11-04 10:30:00,104.694,0.00040116912143961514,break,-0.0009265096376106507,reject,-0.0015187116740215112,reject,,,grid,-1.0,USD_JPY
2020-11-09,call,104.71204188481676,2020-11-09 12:47:00,104.686,0.0012800183405612398,break,0.0023498844162541666,break,0.008100414573104286,break,,,grid,-1.0,USD_JPY
2020-11-16,call,104.71204188481676,2020-11-16 00:10:00,104.702,-0.00013371282305973953,reject,-0.00045844396477623395,reject,-0.0016809612041794875,reject,,,grid,-1.0,USD_JPY
2020-11-16,call,104.71204188481676,2020-11-16 10:50:00,104.676,0.00021972562956174002,reject,-0.0006782834651687386,reject,-0.0007833696358287012,reject,,,grid,-1.0,USD_JPY
2020-11-16,call,104.71204188481676,2020-11-16 11:03:00,104.69,-0.0003629764065334884,reject,0.0032094755946125986,break,-0.0010698251982041995,reject,,,grid,-1.0,USD_JPY
2020-11-16,call,104.71204188481676,2020-11-16 11:53:00,104.821,0.0014977914730827102,break,0.000505623873078731,break,-0.0021655965884699313,reject,,,grid,-1.0,USD_JPY
2020-11-24,call,104.71204188481676,2020-11-24 14:02:00,104.713,-0.0004679457182965585,reject,-0.0001814483397476474,reject,-0.0007544430968455806,reject,,,grid,-1.0,USD_JPY
2020-11-24,call,104.71204188481676,2020-11-24 14:35:00,104.688,7.641754546838797e-05,reject,0.0003438789546079679,break,-0.0010793978297417572,reject,,,grid,-1.0,USD_JPY
2020-11-24,call,104.71204188481676,2020-11-24 15:01:00,104.704,-0.0002578698044009009,reject,-0.00036292787286063,reject,-0.0015472188264057385,reject,,,grid,-1.0,USD_JPY
2020-11-24,call,104.71204188481676,2020-11-24 15:09:00,104.69,-0.0003056643423440253,reject,-0.00045849651351614895,reject,-0.0012131053586779128,reject,,,grid,-1.0,USD_JPY
2020-11-24,call,104.71204188481676,2020-11-24 15:26:00,104.696,-0.00018147780239929912,reject,-0.0007641170627340488,reject,-0.001337204859784502,reject,,,grid,-1.0,USD_JPY
2020-11-24,call,104.71204188481676,2020-11-24 15:49:00,104.698,-0.0004011537947237187,reject,-0.0009169229593687378,reject,-0.0013180767540926785,reject,,,grid,-1.0,USD_JPY
2020-11-24,call,104.71204188481676,2020-11-24 16:02:00,104.685,-0.0006400152839471929,reject,-0.0006209103500979252,reject,-0.0012991355017433204,reject,,,grid,-1.0,USD_JPY
2021-04-08,call,109.2896174863388,2021-04-08 14:55:00,109.268,-0.0002287952557016304,reject,0.0001464289636490257,reject,-0.00025625068638579496,reject,,,grid,-1.0,USD_JPY
2021-04-08,call,109.2896174863388,2021-04-08 18:26:00,109.268,-0.00029285792729794036,reject,0.0002013398250173548,break,0.000567412234139919,break,,,grid,-1.0,USD_JPY
2021-04-08,call,109.2896174863388,2021-04-08 18:50:00,109.268,0.00012812534319284197,reject,0.0004118314602628015,break,0.0002928579272980514,break,,,grid,-1.0,USD_JPY
2021-04-08,call,109.2896174863388,2021-04-08 21:43:00,109.272,2.745442565332823e-05,reject,0.0006223003148106976,break,,,,,grid,-1.0,USD_JPY
2021-04-09,call,109.2896174863388,2021-04-09 01:00:00,109.264,-0.0002013471957825752,reject,-0.0002013471957825752,reject,0.0008603016547079623,break,,,grid,-1.0,USD_JPY
2021-04-09,call,109.2896174863388,2021-04-09 01:32:00,109.286,-7.320242300012936e-05,reject,0.00024705817762571414,break,0.0002562084805006748,break,,,grid,-1.0,USD_JPY
2021-04-09,call,109.2896174863388,2021-04-09 02:07:00,109.274,0.0001464209235499947,break,9.151307721833035e-06,reject,0.0013909987737248386,break,,,grid,-1.0,USD_JPY
2021-04-13,call,109.2896174863388,2021-04-13 11:18:00,109.268,0.00048504594208731433,break,0.001839513855840691,break,-0.0001830362045611711,reject,,,grid,-1.0,USD_JPY
2021-04-13,call,109.2896174863388,2021-04-13 12:48:00,109.276,-0.0002745342069622181,reject,-0.000777846919726155,reject,-0.0011347413887770053,reject,,,grid,-1.0,USD_JPY
2021-04-13,call,109.2896174863388,2021-04-13 13:04:00,109.271,-2.7454676904237196e-05,reject,-0.00044842638943554114,reject,-0.0016015228194122821,reject,,,grid,-1.0,USD_JPY
2021-04-13,call,109.2896174863388,2021-04-13 14:16:00,109.267,-0.00010067083382903075,reject,-0.00021049356164259958,reject,-0.0016198852352493631,reject,,,grid,-1.0,USD_JPY
2021-04-29,call,108.69565217391305,2021-04-29 06:04:00,108.67,0.0004601085856261733,break,0.0011318671206406172,break,0.003119536210545615,break,,,grid,-1.0,USD_JPY
2021-04-30,call,109.2896174863388,2021-04-30 14:56:00,109.276,-0.00010981368278484283,reject,0.00043925473113959335,break,0.00038434788974717193,break,,,grid,-1.0,USD_JPY
2021-07-08,call,109.89010989010988,2021-07-08 08:08:00,109.918,-0.0004002984042651425,reject,0.0001819538201204285,break,-0.002401790425590078,reject,,,grid,-1.0,USD_JPY
2021-07-08,call,109.89010989010988,2021-07-08 09:01:00,109.898,0.00033667582667562534,break,5.459608000135674e-05,break,-0.0019654588800523953,reject,,,grid,-1.0,USD_JPY
2021-07-08,call,109.89010989010988,2021-07-08 10:33:00,109.86,-0.0005097396686691846,reject,-0.0006644820680865582,reject,-0.0026761332605133026,reject,,,grid,-1.0,USD_JPY
2021-07-16,call,109.89010989010988,2021-07-16 00:52:00,109.872,7.281199941755467e-05,reject,0.0010375709916994325,break,0.0010011649919907661,break,,,grid,-1.0,USD_JPY
2021-07-19,call,109.89010989010988,2021-07-19 07:38:00,109.862,-0.00033678614989707256,reject,-0.0012834283009592884,reject,-0.0021663541533923913,reject,,,grid,-1.0,USD_JPY
2021-07-19,call,109.89010989010988,2021-07-19 08:01:00,109.878,0.0,reject,-0.0012559384044121824,reject,-0.0019840186388540015,reject,,,grid,-1.0,USD_JPY
2021-07-20,call,109.89010989010988,2021-07-20 14:44:00,109.874,0.00047326938129144125,break,0.0007008027376813608,break,-0.0004641680470357512,reject,,,grid,-1.0,USD_JPY
2021-07-20,call,109.89010989010988,2021-07-20 16:16:00,109.872,0.00025484199796133034,break,3.640599970888836e-05,reject,-0.000218435998252553,reject,,,grid,-1.0,USD_JPY
2021-07-20,call,109.89010989010988,2021-07-20 19:31:00,109.87,-3.6406662419219415e-05,reject,-0.00016382998088648737,reject,,,,,grid,-1.0,USD_JPY
2021-07-20,call,109.89010989010988,2021-07-20 21:08:00,109.879,-0.0003549358840179151,reject,-6.370644072117848e-05,reject,,,,,grid,-1.0,USD_JPY
2021-07-20,call,109.89010989010988,2021-07-20 22:26:00,109.872,5.4608999563221516e-05,reject,0.00034585699723321817,break,,,,,grid,-1.0,USD_JPY
2021-07-21,call,109.89010989010988,2021-07-21 06:46:00,109.87,0.0008464549012467959,break,0.002366433057249484,break,0.002411941385273453,break,,,grid,-1.0,USD_JPY
2021-08-02,call,109.2896174863388,2021-08-02 14:41:00,109.272,0.0,reject,-0.0006589062156819869,reject,-1.8302950435700183e-05,reject,,,grid,-1.0,USD_JPY
2021-08-02,call,109.2896174863388,2021-08-02 17:11:00,109.272,-0.00011896917783149608,reject,8.236327696020673e-05,reject,0.00048502818654361235,break,,,grid,-1.0,USD_JPY
2021-08-03,call,109.2896174863388,2021-08-03 00:23:00,109.266,-5.491186645434354e-05,reject,0.0006040305309975569,break,-0.0010067175516629279,reject,,,grid,-1.0,USD_JPY
2021-08-03,call,109.2896174863388,2021-08-03 00:50:00,109.27,0.0002379427107166432,break,5.490985631917411e-05,reject,-0.0008419511302278915,reject,,,grid,-1.0,USD_JPY
2021-08-03,call,109.2896174863388,2021-08-03 03:32:00,109.272,-2.745442565343925e-05,reject,-0.0010158137491763641,reject,-0.0007687239182956329,reject,,,grid,-1.0,USD_JPY
2021-08-04,call,109.2896174863388,2021-08-04 14:09:00,109.276,0.0017295655038618296,break,0.002910062593799223,break,0.0019491928694315153,break,,,grid,-1.0,USD_JPY
2022-01-13,call,114.28571428571428,2022-01-13 13:20:00,114.26,0.0004113425520742009,break,-0.0004551023980395863,reject,-0.0020829686679503245,reject,,,grid,-1.0,USD_JPY
2022-01-13,call,114.28571428571428,2022-01-13 13:30:00,114.234,0.00042019013603655786,reject,0.00010504753400919498,reject,-0.0020309189908434,reject,,,grid,-1.0,USD_JPY
2022-01-13,call,114.28571428571428,2022-01-13 14:06:00,114.268,-0.0004025623971716241,reject,1.7502712920558494e-05,reject,-0.0013652116077992327,reject,,,grid,-1.0,USD_JPY
2022-01-13,call,114.28571428571428,2022-01-13 14:30:00,114.246,-8.753041681974771e-05,reject,9.628345850187792e-05,reject,-0.001164154543703888,reject,,,grid,-1.0,USD_JPY
2022-01-13,call,114.28571428571428,2022-01-13 14:46:00,114.302,0.0005249251981591652,break,-0.0014435442949379818,reject,-0.0014172980350301012,reject,,,grid,-1.0,USD_JPY
2022-01-13,call,114.28571428571428,2022-01-13 15:17:00,114.26,-0.0003675827061089265,reject,-0.001715385961841509,reject,-0.0012340276562227137,reject,,,grid,-1.0,USD_JPY
2022-01-13,call,114.28571428571428,2022-01-13 15:22:00,114.25,-0.0008402625820569387,reject,-0.001505470459518543,reject,-0.0011553610503283185,reject,,,grid,-1.0,USD_JPY
2022-01-13,call,114.28571428571428,2022-01-13 15:29:00,114.274,-0.0015051542783135474,reject,-0.0015751614540491232,reject,-0.0014701506904458705,reject,,,grid,-1.0,USD_JPY
2022-01-14,call,114.28571428571428,2022-01-14 21:29:00,114.266,-0.00017503019270836973,reject,,,,,,,grid,-1.0,USD_JPY
2022-02-02,call,114.28571428571428,2022-02-02 13:14:00,114.24,0.0006302521008403339,break,0.0011642156862745612,break,0.000884103641456635,break,,,grid,-1.0,USD_JPY
2022-02-02,call,114.28571428571428,2022-02-02 13:18:00,114.274,0.0005338047149832104,break,0.0007525771391567737,break,0.0004550466422807986,break,,,grid,-1.0,USD_JPY
2022-02-02,call,114.28571428571428,2022-02-02 13:22:00,114.269,0.00032379735536314236,break,0.0008663767075933748,break,0.00046381783335802673,break,,,grid,-1.0,USD_JPY
2022-02-02,call,114.28571428571428,2022-02-02 15:03:00,114.263,0.0004375869704102975,break,0.0009889465531274233,break,0.0012690022141901292,break,,,grid,-1.0,USD_JPY
2023-03-28,call,130.71895424836597,2023-03-28 00:55:00,130.74,0.000994339911274178,break,9.178522257924371e-05,break,-0.0010478812911121071,reject,,,grid,-1.0,USD_JPY
2023-03-28,call,130.71895424836597,2023-03-28 01:39:00,130.717,0.0003289549178757678,break,-0.00032130480350678337,reject,-0.00040545606156827674,reject,,,grid,-1.0,USD_JPY
2023-03-28,call,130.71895424836597,2023-03-28 01:50:00,130.678,0.0009948116744975533,break,6.121917996915194e-05,reject,-0.0003060958998453156,reject,,,grid,-1.0,USD_JPY
2023-03-28,call,130.71895424836597,2023-03-28 03:02:00,130.685,-0.0001300837892642681,reject,-0.0011095382025482214,reject,0.0026016757852853623,break,,,grid,-1.0,USD_JPY
2023-03-28,call,130.71895424836597,2023-03-28 03:19:00,130.692,-0.0005509135983839952,reject,-0.0003672757322560338,reject,0.002884644813760495,break,,,grid,-1.0,USD_JPY
2023-03-28,call,130.71895424836597,2023-03-28 05:55:00,130.697,0.0006886156529990473,break,0.0013236723107645787,break,0.0020275905338300593,break,,,grid,-1.0,USD_JPY
2023-03-28,call,130.71895424836597,2023-03-28 12:51:00,130.672,0.0010254683482306959,break,0.0027702950899963774,break,0.0023417411534223387,break,,,grid,-1.0,USD_JPY
2023-03-28,call,130.71895424836597,2023-03-28 13:00:00,130.754,0.00019884668920266968,break,0.0018202120011625578,break,0.0014378145219267058,break,,,grid,-1.0,USD_JPY
2023-03-28,call,130.71895424836597,2023-03-28 18:16:00,130.689,0.0005279709845511515,break,0.0006503990389399306,break,0.0008187376137240854,break,,,grid,-1.0,USD_JPY
2023-03-28,call,130.71895424836597,2023-03-28 18:19:00,130.725,0.0001223943392618665,break,0.000344234079173944,break,0.0003595333715815663,break,,,grid,-1.0,USD_JPY
2023-12-07,call,145.98540145985402,2023-12-07 07:26:00,145.949,-0.0018157027454797081,reject,-0.0038026982027968836,reject,-0.005734879992326247,reject,,,grid,-1.0,USD_JPY
2024-03-08,call,147.05882352941177,2024-03-08 09:50:00,147.042,0.0006732770228914386,break,0.0009589096992694834,break,-0.0016525890561880363,reject,,,grid,-1.0,USD_JPY
2024-03-08,call,147.05882352941177,2024-03-08 09:52:00,147.022,0.0005713430643032869,break,0.0008570145964550413,break,-0.0016188053488593868,reject,,,grid,-1.0,USD_JPY
2024-03-08,call,147.05882352941177,2024-03-08 09:57:00,147.068,-0.0002583838768461799,reject,0.0001903881197813373,break,-0.0008431473876031603,reject,,,grid,-1.0,USD_JPY
2024-03-08,call,147.05882352941177,2024-03-08 10:14:00,147.052,0.00021080978157383967,break,-0.0001088050485541503,reject,-0.0008432391262954697,reject,,,grid,-1.0,USD_JPY
2024-03-08,call,147.05882352941177,2024-03-08 10:17:00,147.036,0.0005168802198101119,break,0.00020403166571458797,break,-0.0008297287739058579,reject,,,grid,-1.0,USD_JPY
2024-03-08,call,147.05882352941177,2024-03-08 10:20:00,147.044,0.00021762193629104587,break,-0.0003944397595279092,reject,-0.0013329343597834331,reject,,,grid,-1.0,USD_JPY
2024-03-08,call,147.05882352941177,2024-03-08 10:23:00,147.054,0.0005712187359745435,break,-0.00042841405198079663,reject,-0.00150964951650423,reject,,,grid,-1.0,USD_JPY
2024-03-08,call,147.05882352941177,2024-03-08 11:15:00,147.036,0.00020403166571458797,break,0.0009929541064772618,break,1.3602111047728016e-05,reject,,,grid,-1.0,USD_JPY
2024-03-08,call,147.05882352941177,2024-03-08 11:29:00,147.024,0.00046250952225501685,break,0.000877407770159877,break,0.0006801610621394172,break,,,grid,-1.0,USD_JPY
2024-03-08,call,147.05882352941177,2024-03-08 14:15:00,147.018,-0.0016052456161830264,reject,0.0001360377640833299,reject,0.0007550095906623255,break,,,grid,-1.0,USD_JPY
2024-03-08,call,147.05882352941177,2024-03-08 15:15:00,147.038,0.0006936982276688486,break,0.001128959860716261,break,0.0007277030427508269,break,,,grid,-1.0,USD_JPY
2024-03-08,call,147.05882352941177,2024-03-08 18:41:00,147.034,0.00017682984887845699,break,0.00025844362528393283,break,,,,,grid,-1.0,USD_JPY
2024-03-11,call,147.05882352941177,2024-03-11 02:40:00,147.031,0.00021764117771061464,break,-0.00040127592140426493,reject,-0.00022444246451436278,reject,,,grid,-1.0,USD_JPY
2024-03-11,call,147.05882352941177,2024-03-11 03:08:00,147.04,-0.00032644178454843686,reject,-0.0006256800870509949,reject,-0.0005848748639825097,reject,,,grid,-1.0,USD_JPY
2024-03-11,call,147.05882352941177,2024-03-11 04:32:00,147.046,-0.0008500741264638734,reject,-0.000598452185030518,reject,-0.0014145233464357698,reject,,,grid,-1.0,USD_JPY
2024-03-11,call,147.05882352941177,2024-03-11 05:37:00,147.04,0.0001224156692056777,reject,-0.00032644178454843686,reject,-0.0026319368879216265,reject,,,grid,-1.0,USD_JPY
2024-03-11,call,147.05882352941177,2024-03-11 06:02:00,147.066,-0.0006391688085620739,reject,-0.00111514558089576,reject,-0.0031142480246963977,reject,,,grid,-1.0,USD_JPY
2024-03-11,call,147.05882352941177,2024-03-11 14:08:00,147.03,-7.481466367409428e-05,reject,6.80133306127928e-05,reject,-0.0006257226416378492,reject,,,grid,-1.0,USD_JPY
2024-03-11,call,147.05882352941177,2024-03-11 14:25:00,147.038,0.00024483466858904457,break,-0.0007889117098982545,reject,-0.00042165970701457667,reject,,,grid,-1.0,USD_JPY
2024-03-11,call,147.05882352941177,2024-03-11 14:32:00,147.04,0.0006052774755167523,break,-0.0010201305767139068,reject,-0.0002584330794340728,reject,,,grid,-1.0,USD_JPY
2024-03-11,call,147.05882352941177,2024-03-11 14:35:00,147.066,0.00010879469081892523,break,-0.0011219452490718318,reject,-0.00029238573157630565,reject,,,grid,-1.0,USD_JPY
2024-03-11,call,147.05882352941177,2024-03-11 15:00:00,147.029,-0.0005237062076188792,reject,-0.0011834400016323965,reject,-0.0005101034489793932,reject,,,grid,-1.0,USD_JPY
2024-03-11,call,147.05882352941177,2024-03-11 15:08:00,147.04,-0.0007480957562566726,reject,-0.0011017410228509883,reject,-0.0006392818280739343,reject,,,grid,-1.0,USD_JPY
2024-03-11,call,147.05882352941177,2024-03-11 18:36:00,147.042,-0.00035364045646812947,reject,-0.000510058350675191,reject,-0.0005984684647922789,reject,,,grid,-1.0,USD_JPY
2024-03-12,call,147.05882352941177,2024-03-12 02:05:00,147.029,0.0016119268987750957,break,0.002523311727618438,break,0.0035299158669379604,break,,,grid,-1.0,USD_JPY
2024-08-02,call,148.14814814814815,2024-08-02 13:17:00,148.048,-0.004856533016318942,reject,-0.007038257862314934,reject,-0.007558359450988816,reject,,,grid,-1.0,USD_JPY
2024-08-12,call,148.14814814814815,2024-08-12 13:15:00,148.13,-0.00020252480928917294,reject,-0.0020522514007965675,reject,-0.006332275703773593,reject,,,grid,-1.0,USD_JPY
2024-08-12,call,148.14814814814815,2024-08-12 13:18:00,148.096,0.00062797104580814,break,-0.00210674157303381,reject,-0.006104148660328379,reject,,,grid,-1.0,USD_JPY
2024-08-12,call,148.14814814814815,2024-08-12 13:24:00,148.104,-0.0002295684113867713,reject,-0.0018635553394912296,reject,-0.00555015394587588,reject,,,grid,-1.0,USD_JPY
2024-08-12,call,148.14814814814815,2024-08-12 13:32:00,148.204,-0.0025235486221694137,reject,-0.0023008825672722333,reject,-0.006450568135812906,reject,,,grid,-1.0,USD_JPY
2024-08-15,call,148.14814814814815,2024-08-15 12:30:00,148.072,0.00505159652061149,break,0.006672429628829191,break,0.005855259603436025,break,,,grid,-1.0,USD_JPY
2024-08-16,call,148.14814814814815,2024-08-16 11:32:00,148.113,7.426761999274056e-05,reject,-0.0026331247088370313,reject,0.0007426761999285159,break,,,grid,-1.0,USD_JPY
2024-08-16,call,148.14814814814815,2024-08-16 11:47:00,148.124,-0.0008506386541006217,reject,-0.00176878831249494,reject,0.0003645594231860283,break,,,grid,-1.0,USD_JPY
2024-08-16,call,148.14814814814815,2024-08-16 14:04:00,148.095,0.0008035382693540871,break,-0.0003646308113035568,reject,-0.0021945372902527627,reject,,,grid,-1.0,USD_JPY
2024-08-16,call,148.14814814814815,2024-08-16 14:12:00,148.142,0.0005872743718866591,break,-0.0004725196095637374,reject,-0.0026663606539669704,reject,,,grid,-1.0,USD_JPY
2024-08-16,call,148.14814814814815,2024-08-16 14:43:00,148.133,-0.0009991021581956527,reject,0.000661567645291683,break,-0.003139070970006652,reject,,,grid,-1.0,USD_JPY
2024-08-16,call,148.14814814814815,2024-08-16 14:45:00,148.116,-0.0009181992492371949,reject,0.0010329741553916083,break,-0.002869372653865998,reject,,,grid,-1.0,USD_JPY
2024-08-16,call,148.14814814814815,2024-08-16 15:19:00,148.128,0.00048606610499035696,break,0.00012151652624758924,reject,-0.00295690213869082,reject,,,grid,-1.0,USD_JPY
2024-08-16,call,148.14814814814815,2024-08-16 16:12:00,148.132,-0.0002700294332081965,reject,-0.0017011854292118267,reject,-0.0035103826317068876,reject,,,grid,-1.0,USD_JPY
2024-09-03,call,145.98540145985402,2024-09-03 08:00:00,145.983,-0.0011850694943932316,reject,-0.0010617674660747811,reject,0.0014453737763984176,break,,,grid,-1.0,USD_JPY
2024-09-03,call,145.98540145985402,2024-09-03 08:04:00,145.886,-0.0012544041237678716,reject,-9.596534280176261e-05,reject,0.0017273761704346136,break,,,grid,-1.0,USD_JPY
2024-09-03,call,145.98540145985402,2024-09-03 09:56:00,145.974,-0.0006713524326248388,reject,0.0005206406620359427,break,-0.003884253360187273,reject,,,grid,-1.0,USD_JPY
2024-09-03,call,145.98540145985402,2024-09-03 10:23:00,145.957,2.0553998780536986e-05,reject,0.00011647265975600618,reject,-0.0036312064512150632,reject,,,grid,-1.0,USD_JPY
2024-09-03,call,145.98540145985402,2024-09-03 11:23:00,145.974,0.0007672599230001964,break,0.0018633455272858424,break,-0.001520818775946231,reject,,,grid,-1.0,USD_JPY
2024-09-03,call,145.98540145985402,2024-09-03 12:55:00,145.958,-0.001699118924622045,reject,-0.003740802148563205,reject,-0.0010893544718343362,reject,,,grid,-1.0,USD_JPY
2024-10-04,call,148.14814814814815,2024-10-04 12:32:00,148.355,-0.0004516194263757267,break,0.0005594688416299398,break,0.0040173907182097235,break,,,grid,-1.0,USD_JPY
2024-10-04,call,148.14814814814815,2024-10-04 12:41:00,148.138,0.003064709932630416,break,0.0020521405716291685,break,0.0054678745494065595,break,,,grid,-1.0,USD_JPY
2024-10-07,call,148.14814814814815,2024-10-07 08:37:00,148.115,0.00155959896026725,break,0.0014650778111602314,break,0.0008439388313135066,break,,,grid,-1.0,USD_JPY
2024-10-07,call,148.14814814814815,2024-10-07 12:08:00,148.102,0.0008102523936206474,break,-0.0009993112854653763,reject,1.3504206560321919e-05,reject,,,grid,-1.0,USD_JPY
2024-10-07,call,148.14814814814815,2024-10-07 12:15:00,148.101,0.0008440186089222479,break,-0.0011411131592630186,reject,-0.00019581231726994996,reject,,,grid,-1.0,USD_JPY
2024-10-07,call,148.14814814814815,2024-10-07 12:20:00,148.118,0.0007088942599819958,break,-0.0006751373904588798,reject,-0.00027680633008819733,reject,,,grid,-1.0,USD_JPY
2024-10-07,call,148.14814814814815,2024-10-07 12:46:00,148.13,0.00041180044555466644,break,-0.0013771687031661761,reject,0.00012151488557354817,reject,,,grid,-1.0,USD_JPY
2024-10-07,call,148.14814814814815,2024-10-07 12:55:00,148.095,-0.001141159390931623,reject,-0.0010196157871636968,reject,-0.0005874607515445884,reject,,,grid,-1.0,USD_JPY
2024-10-07,call,148.14814814814815,2024-10-07 14:19:00,148.182,0.00033742289886773413,break,0.0006073612179617882,break,-0.0006883427136897824,reject,,,grid,-1.0,USD_JPY
2024-10-07,call,148.14814814814815,2024-10-07 14:48:00,148.128,9.451285374817431e-05,reject,-0.00020252754374572302,reject,-0.0009991358824800178,reject,,,grid,-1.0,USD_JPY
2024-10-07,call,148.14814814814815,2024-10-07 15:32:00,148.125,-0.00017552742616044892,reject,0.0001350210970465504,reject,-0.00030379746835429433,reject,,,grid,-1.0,USD_JPY
2024-10-07,call,148.14814814814815,2024-10-07 15:56:00,148.132,-0.00041854562147281005,reject,-0.0009113493370777048,reject,-0.0003780412064915417,reject,,,grid,-1.0,USD_JPY
2024-10-07,call,148.14814814814815,2024-10-07 16:27:00,148.154,-0.000188992534794874,reject,-0.0011744536090825264,reject,-8.099680062634285e-05,reject,,,grid,-1.0,USD_JPY
2024-10-07,call,148.14814814814815,2024-10-07 16:39:00,148.12,-0.0005130974885227957,reject,-0.001390764245206677,reject,0.00022954361328642037,break,,,grid,-1.0,USD_JPY
2024-10-07,call,148.14814814814815,2024-10-07 19:02:00,148.104,-3.376006049815583e-05,reject,-0.00012828822989252586,reject,-0.0004928968832712544,reject,,,grid,-1.0,USD_JPY
2024-10-07,call,148.14814814814815,2024-10-07 19:50:00,148.104,-0.00014854426619148597,reject,0.0007022092583588435,break,,,,,grid,-1.0,USD_JPY
2024-10-07,call,148.14814814814815,2024-10-07 20:15:00,148.138,-1.3500924813447668e-05,reject,0.00029702034589362825,break,,,,,grid,-1.0,USD_JPY
2024-10-07,call,148.14814814814815,2024-10-07 22:30:00,148.161,-0.000809929738595172,reject,-0.0013026369962406692,reject,,,,,grid,-1.0,USD_JPY
2024-10-07,call,148.14814814814815,2024-10-07 22:36:00,148.07,-0.00012156412507602354,reject,-0.0007496454379685158,reject,,,,,grid,-1.0,USD_JPY
2024-10-07,call,148.14814814814815,2024-10-07 23:57:00,148.152,,,,,,,,,grid,-1.0,USD_JPY
2024-11-08,call,152.67175572519085,2024-11-08 04:24:00,152.688,-0.0005239442523314874,reject,0.000877606622655458,break,-0.0002619721261657437,reject,,,grid,-1.0,USD_JPY
2024-11-08,call,152.67175572519085,2024-11-08 04:40:00,152.656,0.0007598784194526864,break,0.001519756838905817,break,-0.0006747196310660231,reject,,,grid,-1.0,USD_JPY
2024-11-08,call,152.67175572519085,2024-11-08 08:06:00,152.692,-0.00034055484242800915,reject,-0.002436276949676519,reject,-0.00183375684384246,reject,,,grid,-1.0,USD_JPY
2024-11-08,call,152.67175572519085,2024-11-08 08:20:00,152.659,-0.0008843238852606072,reject,-0.0019193103583803328,reject,-0.0010939413988039215,reject,,,grid,-1.0,USD_JPY
2024-11-08,call,152.67175572519085,2024-11-08 08:25:00,152.648,-0.0006223468371678864,reject,-0.0017229180860541815,reject,-0.0007271631465854966,reject,,,grid,-1.0,USD_JPY
2024-11-08,call,152.67175572519085,2024-11-08 13:20:00,152.667,0.00018995591712678284,break,0.0004519640786808665,break,0.000681221220040884,break,,,grid,-1.0,USD_JPY
2024-11-08,call,152.67175572519085,2024-11-08 13:30:00,152.662,0.0008908569257575216,break,-0.0002358150685829452,reject,0.0,reject,,,grid,-1.0,USD_JPY
2024-11-08,call,152.67175572519085,2024-11-08 14:43:00,152.62,0.000746953217140689,break,-0.0006814310051108663,reject,0.0009500720744330948,break,,,grid,-1.0,USD_JPY
2024-11-08,call,152.67175572519085,2024-11-08 14:46:00,152.656,0.0007926317996016508,break,-0.0013559899381615503,reject,0.0008843412640184845,break,,,grid,-1.0,USD_JPY
2024-11-08,call,152.67175572519085,2024-11-08 15:05:00,152.662,-0.001493495434358283,reject,-0.0009170586000446512,reject,0.0006026385086006503,break,,,grid,-1.0,USD_JPY
2024-11-08,call,152.67175572519085,2024-11-08 16:15:00,152.651,-0.00016377226483943463,reject,6.550890593559622e-05,reject,0.000478215013330896,break,,,grid,-1.0,USD_JPY
2024-11-08,call,152.67175572519085,2024-11-08 16:24:00,152.638,0.0003668811174148967,break,0.0005568731246479164,break,0.000373432565940357,break,,,grid,-1.0,USD_JPY
2024-11-08,call,152.67175572519085,2024-11-08 17:02:00,152.666,0.0009694365477577183,break,0.00018995716138503482,break,-0.0010087380294236947,reject,,,grid,-1.0,USD_JPY
2024-11-08,call,152.67175572519085,2024-11-08 18:16:00,152.652,0.0002227288211096301,break,0.0004651101852581885,break,,,,,grid,-1.0,USD_JPY
2024-11-08,call,152.67175572519085,2024-11-08 21:57:00,152.654,,,,,,,,,grid,-1.0,USD_JPY
2026-01-26,call,155.03875968992247,2026-01-26 00:11:00,155.131,-0.000844447595902853,reject,-0.0023012808529565554,reject,-0.006600872810721303,reject,,,grid,-1.0,USD_JPY
2026-01-26,call,155.03875968992247,2026-01-26 00:26:00,155.0,-0.0013483870967742062,reject,-0.0018451612903226389,reject,-0.00667096774193543,reject,,,grid,-1.0,USD_JPY
2026-01-26,call,155.03875968992247,2026-01-26 00:28:00,155.032,-0.0015093658083492612,reject,-0.002102791681717453,reject,-0.006411579544868151,reject,,,grid,-1.0,USD_JPY
2026-01-26,call,155.03875968992247,2026-01-26 00:36:00,155.032,-0.0009804427473039112,reject,-0.0035347541152794815,reject,-0.006721193044016749,reject,,,grid,-1.0,USD_JPY
2026-01-27,call,152.67175572519085,2026-01-27 18:08:00,152.722,0.00039287070625060316,break,0.00031429656500048253,break,-0.003339401003130016,reject,,,grid,-1.0,USD_JPY
2026-01-27,call,152.67175572519085,2026-01-27 20:38:00,152.678,-0.0031504211477749733,reject,-0.002292406240584688,reject,,,,,grid,-1.0,USD_JPY
2026-01-28,call,152.67175572519085,2026-01-28 00:04:00,152.649,-0.0008188720528794491,reject,0.00021618222196018166,break,0.0002292841748061658,break,,,grid,-1.0,USD_JPY
2026-01-28,call,152.67175572519085,2026-01-28 00:10:00,152.676,-0.0005567345227801557,reject,0.00047158688988457875,break,0.0007728785139775596,break,,,grid,-1.0,USD_JPY
2026-01-28,call,152.67175572519085,2026-01-28 00:28:00,152.656,-0.0004716486741431769,reject,0.0013625406141912766,break,0.0006550676029766223,break,,,grid,-1.0,USD_JPY
2026-01-28,call,152.67175572519085,2026-01-28 00:50:00,152.62,0.000746953217140689,break,0.0017428908399947929,break,0.0001834621936835923,reject,,,grid,-1.0,USD_JPY
2026-01-28,call,152.67175572519085,2026-01-28 00:58:00,152.638,0.0009499600361637661,break,0.002135772219237664,break,-0.0006551448525268233,reject,,,grid,-1.0,USD_JPY
2026-01-28,call,152.67175572519085,2026-01-28 05:01:00,152.658,-0.0005633507579031471,reject,0.0001834165258292053,break,-0.00013101180416341673,reject,,,grid,-1.0,USD_JPY
2026-01-28,call,152.67175572519085,2026-01-28 05:46:00,152.661,0.00016376153700026208,break,0.00015066061404023223,break,0.0003078716895605904,break,,,grid,-1.0,USD_JPY
2026-01-28,call,152.67175572519085,2026-01-28 06:24:00,152.702,-0.0005238962161594474,reject,-0.001813990648452446,reject,-6.5487027020028066e-06,break,,,grid,-1.0,USD_JPY
2026-01-28,call,152.67175572519085,2026-01-28 06:32:00,152.654,0.00026203047414408154,break,-0.0007336853276035393,reject,3.930457112155672e-05,reject,,,grid,-1.0,USD_JPY
2026-01-28,call,152.67175572519085,2026-01-28 06:44:00,152.666,-0.0001048039511089005,reject,-5.2401975554561275e-05,reject,-0.0006026227188764555,reject,,,grid,-1.0,USD_JPY
2026-01-28,call,152.67175572519085,2026-01-28 07:37:00,152.654,0.00020307361746185748,break,-0.000805743707993134,reject,0.00030788580711926805,break,,,grid,-1.0,USD_JPY
2026-01-28,call,152.67175572519085,2026-01-28 08:02:00,152.687,-0.0002947205721509638,reject,-0.000379862070772341,reject,-0.0003995101089157016,reject,,,grid,-1.0,USD_JPY
2026-01-28,call,152.67175572519085,2026-01-28 08:15:00,152.66,-0.0010611817109917876,reject,3.9303026333037394e-05,reject,-0.0008908685968819219,reject,,,grid,-1.0,USD_JPY
2026-01-28,call,152.67175572519085,2026-01-28 08:45:00,152.656,-0.0003340844775181484,reject,0.00030133109736918406,break,-0.00044544597002416086,reject,,,grid,-1.0,USD_JPY
2026-01-28,call,152.67175572519085,2026-01-28 09:02:00,152.629,0.0003800064207983844,break,0.00046518027373565474,break,-0.00043897293437011875,reject,,,grid,-1.0,USD_JPY
2026-01-28,call,152.67175572519085,2026-01-28 09:28:00,152.646,0.00047823067751529,break,0.00012447099825751984,reject,0.00036686188960088906,break,,,grid,-1.0,USD_JPY
2026-01-28,call,152.67175572519085,2026-01-28 09:42:00,152.698,-0.00041912795190524044,reject,-0.0007989626583191356,reject,3.929324549112323e-05,break,,,grid,-1.0,USD_JPY
2026-01-28,call,152.67175572519085,2026-01-28 09:58:00,152.679,-0.00011134471669316248,reject,-0.0008711086658939049,reject,0.0012378912620596427,break,,,grid,-1.0,USD_JPY
2026-01-28,call,152.67175572519085,2026-01-28 11:03:00,152.652,0.0003013389932657873,break,-0.00036029662238279414,reject,0.0009629746089145907,break,,,grid,-1.0,USD_JPY
2026-01-28,call,152.67175572519085,2026-01-28 11:35:00,152.671,-0.00032095158871026097,reject,-0.0015916578787065205,reject,0.004539172468903896,break,,,grid,-1.0,USD_JPY
2026-01-28,call,152.67175572519085,2026-01-28 13:12:00,152.64,0.00024240041928735856,break,0.0012709643605870458,break,0.006918238993710801,break,,,grid,-1.0,USD_JPY
2026-01-28,call,152.67175572519085,2026-01-28 13:17:00,152.652,9.171186751566474e-05,reject,0.0014804915756099213,break,0.0070618137987055185,break,,,grid,-1.0,USD_JPY
2026-02-11,call,152.67175572519085,2026-02-11 17:34:00,152.706,0.0007923722708997882,break,0.0002946839024007275,break,0.0035689494846307124,break,,,grid,-1.0,USD_JPY
2026-02-11,call,152.67175572519085,2026-02-11 18:50:00,152.628,0.000851744109862107,break,0.0015593469088241996,break,0.0034397358282884927,break,,,grid,-1.0,USD_JPY
2026-02-11,call,152.67175572519085,2026-02-11 18:58:00,152.669,0.0011397205719561043,break,0.0017619818037715174,break,0.003517413489313226,break,,,grid,-1.0,USD_JPY
2026-02-12,call,152.67175572519085,2026-02-12 02:34:00,152.666,7.860296333173089e-05,break,-0.0022598351957868745,reject,0.005292599531002251,break,,,grid,-1.0,USD_JPY
2026-02-12,call,152.67175572519085,2026-02-12 04:28:00,152.644,0.0005109928985089773,break,0.0027252954587144718,break,0.0019522549199444406,break,,,grid,-1.0,USD_JPY
2026-02-12,call,152.67175572519085,2026-02-12 04:42:00,152.678,0.0009038630320019614,break,0.0031176724871953,break,0.0020042180274828514,break,,,grid,-1.0,USD_JPY
2026-02-12,call,152.67175572519085,2026-02-12 16:13:00,152.652,-0.0013298220789768056,reject,0.0005240678143751953,break,0.0017032203967195514,break,,,grid,-1.0,USD_JPY
2026-02-12,call,152.67175572519085,2026-02-12 16:17:00,152.586,-3.932208721635355e-05,reject,0.00040632823456920875,reject,0.0020840706224685146,break,,,grid,-1.0,USD_JPY
2026-02-12,call,152.67175572519085,2026-02-12 16:36:00,152.671,0.00021615106994787858,break,0.0005305526262355809,break,0.0015654577490158417,break,,,grid,-1.0,USD_JPY
2026-02-12,call,152.67175572519085,2026-02-12 17:02:00,152.698,-0.0003274437124258789,reject,0.0009037446462953902,break,-2.6195496994230183e-05,break,,,grid,-1.0,USD_JPY
2026-02-12,call,152.67175572519085,2026-02-12 17:23:00,152.68,0.0006156667539951588,break,0.0014147236049251166,break,0.0005501702908043971,break,,,grid,-1.0,USD_JPY
2026-02-12,call,152.67175572519085,2026-02-12 17:28:00,152.658,0.0010546450235167093,break,0.0012970168612191912,break,0.0006223060697769789,break,,,grid,-1.0,USD_JPY
2026-04-30,call,157.4803149606299,2026-04-30 10:51:00,157.301,0.0004132205135378708,reject,-0.007501541630377306,reject,-0.004990432355801877,reject,,,grid,-1.0,USD_JPY
2026-04-30,call,157.4803149606299,2026-04-30 10:56:00,157.468,-0.0002667208575710678,reject,-0.007474534508598474,reject,-0.005931363832651693,reject,,,grid,-1.0,USD_JPY
2026-04-30,call,157.4803149606299,2026-04-30 11:12:00,157.11,-0.003927184774998538,reject,-0.004251798103239834,reject,-0.0028706002164090583,reject,,,grid,-1.0,USD_JPY
2026-05-05,call,157.4803149606299,2026-05-05 09:00:00,157.482,0.0005587940209039743,break,0.00033654639895353,break,0.0018668800243837325,break,,,grid,-1.0,USD_JPY
2026-05-05,call,157.4803149606299,2026-05-05 09:07:00,157.46,0.0009907278038867595,break,0.0008510097802616468,break,0.0018925441381938413,break,,,grid,-1.0,USD_JPY
2026-05-05,call,157.4803149606299,2026-05-05 09:12:00,157.45,0.000749444268021815,break,0.000990790727215085,break,0.0016894252143537791,break,,,grid,-1.0,USD_JPY
2026-05-05,call,157.4803149606299,2026-05-05 09:32:00,157.458,0.00039375579519629333,break,0.0007621079907023098,break,0.0015940758805523814,break,,,grid,-1.0,USD_JPY
2026-08-03,call,157.4803149606299,2026-08-03 23:36:00,157.495,0.000653989015524381,break,,,,,,,grid,-1.0,USD_JPY
2026-08-04,call,157.4803149606299,2026-08-04 00:47:00,157.469,0.0007684052099143912,break,-0.0001016073004844742,reject,0.00022226596980989832,break,,,grid,-1.0,USD_JPY
2026-08-04,call,157.4803149606299,2026-08-04 00:54:00,157.399,0.0011372372124347496,break,0.0009720519190083987,break,0.001010171602106702,break,,,grid,-1.0,USD_JPY
2026-08-04,call,157.4803149606299,2026-08-04 01:48:00,157.495,0.0011492428331056903,break,0.0010349534905869096,break,0.001568303755674627,break,,,grid,-1.0,USD_JPY
2026-08-04,call,157.4803149606299,2026-08-04 11:57:00,157.521,-0.0005078687920974101,reject,-0.00028567619555475154,reject,-0.0004951720722949915,reject,,,grid,-1.0,USD_JPY
2026-08-04,call,157.4803149606299,2026-08-04 12:10:00,157.47,0.00039372578903917876,break,0.00024131580618536042,break,0.00026671746999440415,break,,,grid,-1.0,USD_JPY
2026-08-04,call,157.4803149606299,2026-08-04 12:14:00,157.46,0.000762098310682191,break,0.00039375079385228773,break,0.00020322621618173997,break,,,grid,-1.0,USD_JPY
2026-08-04,call,157.4803149606299,2026-08-04 12:51:00,157.47,0.0003556232933257242,break,-0.0006350415952244282,reject,0.0008763574014098996,break,,,grid,-1.0,USD_JPY
2026-08-04,call,157.4803149606299,2026-08-04 14:20:00,157.463,0.0005398093520383451,break,0.0009081498510761232,break,0.0012891917466326674,break,,,grid,-1.0,USD_JPY
2026-08-04,call,157.4803149606299,2026-08-04 16:02:00,157.476,5.0801391958232855e-05,break,0.00040641113566497467,break,0.00186060098046692,break,,,grid,-1.0,USD_JPY
2026-08-05,call,157.4803149606299,2026-08-05 02:28:00,157.46,-0.0007366950336594735,reject,-0.00016512130064783026,reject,0.0016004064524322015,break,,,grid,-1.0,USD_JPY
2026-08-05,call,157.4803149606299,2026-08-05 02:59:00,157.459,-0.00047631446916351905,reject,-0.0002222800856095386,reject,0.001022488393804144,break,,,grid,-1.0,USD_JPY
2026-08-05,call,157.4803149606299,2026-08-05 03:30:00,157.47,-0.00010160665523584189,reject,-0.00013970915094929648,reject,0.0012573823585444455,break,,,grid,-1.0,USD_JPY
2026-08-05,call,157.4803149606299,2026-08-05 04:34:00,157.49,0.0007238554828878918,break,0.0011873769763157682,break,0.0020953711346751724,break,,,grid,-1.0,USD_JPY
2026-08-05,call,157.4803149606299,2026-08-05 14:22:00,157.45,0.000520800254049103,break,0.0007113369323596963,break,0.0014607812003812892,break,,,grid,-1.0,USD_JPY
2026-08-05,call,157.4803149606299,2026-08-05 15:03:00,157.462,0.0007493871537260777,break,0.0013082521497251864,break,0.0013146028883159744,break,,,grid,-1.0,USD_JPY
2026-08-07,call,157.4803149606299,2026-08-07 13:04:00,157.493,-0.0006412983434184172,reject,0.0018921475875117721,break,-0.00012064028242531055,reject,,,grid,-1.0,USD_JPY
2026-08-07,call,157.4803149606299,2026-08-07 13:31:00,157.468,0.0007874615794956075,break,0.0018797469962152924,break,-0.00035562781009468303,reject,,,grid,-1.0,USD_JPY
2026-08-07,call,157.4803149606299,2026-08-07 16:17:00,157.443,-0.0006796110338345152,reject,-6.351504989177137e-06,reject,0.002013427081546837,break,,,grid,-1.0,USD_JPY
2026-08-07,call,157.4803149606299,2026-08-07 16:57:00,157.448,1.9053909862121188e-05,reject,0.00017783649204816676,reject,0.0022737665769017035,break,,,grid,-1.0,USD_JPY
2026-08-07,call,157.4803149606299,2026-08-07 17:50:00,157.436,0.00040651439315020355,break,0.0005589572905815299,break,,,,,grid,-1.0,USD_JPY
2020-11-05,call,103.62694300518136,2020-11-05 16:54:00,103.66,0.00047269920895232076,break,0.0005016399768473789,break,-0.0016013891568589234,reject,,,grid,1.0,USD_JPY
2020-11-05,call,103.62694300518136,2020-11-05 19:36:00,103.6,-0.0004247104247103728,reject,-0.0003861003861003187,reject,-5.7915057915081114e-05,reject,,,grid,1.0,USD_JPY
2020-11-05,call,103.62694300518136,2020-11-05 22:54:00,103.618,-0.0002509216545387716,reject,-9.650832866747727e-06,reject,,,,,grid,1.0,USD_JPY
2020-11-05,call,103.62694300518136,2020-11-05 23:53:00,103.616,,,,,,,,,grid,1.0,USD_JPY
2020-11-06,call,103.62694300518136,2020-11-06 00:42:00,103.608,0.0007528376187166952,break,0.00030885645896061575,break,-0.0018338352250790724,reject,,,grid,1.0,USD_JPY
2020-11-06,call,103.62694300518136,2020-11-06 02:21:00,103.604,-0.00020269487664570374,reject,-0.0015539940542835806,reject,-0.0006563453148527021,reject,,,grid,1.0,USD_JPY
2020-11-06,call,103.62694300518136,2020-11-06 14:41:00,103.65,-0.0006560540279788585,reject,-0.002103232030873148,reject,-0.0034346357935359784,reject,,,grid,1.0,USD_JPY
2020-11-06,call,103.62694300518136,2020-11-06 14:52:00,103.619,-0.0006079966029396422,reject,-0.003078585973614878,reject,-0.003310203727115768,reject,,,grid,1.0,USD_JPY
2020-11-06,call,103.62694300518136,2020-11-06 15:16:00,103.606,-0.0012740574870180321,reject,-0.0029148890990868814,reject,-0.0034167905333667425,reject,,,grid,1.0,USD_JPY
2020-11-09,call,103.62694300518136,2020-11-09 09:22:00,103.603,0.0006853083404922966,break,0.0008783529434477355,break,0.012895379477428248,break,,,grid,1.0,USD_JPY
2021-04-19,call,108.10810810810811,2021-04-19 08:22:00,108.086,-9.251892011918894e-05,reject,-0.00022204540828596464,reject,0.00018503784023837788,reject,,,grid,1.0,USD_JPY
2021-04-19,call,108.10810810810811,2021-04-19 08:45:00,108.092,0.0001110165414646147,reject,-0.000314546867483223,reject,0.0001110165414646147,reject,,,grid,1.0,USD_JPY
2021-04-19,call,108.10810810810811,2021-04-19 08:52:00,108.074,0.00035161093324931336,break,-0.00012028795084839672,reject,0.00011103503155251992,reject,,,grid,1.0,USD_JPY
2021-04-19,call,108.10810810810811,2021-04-19 08:56:00,108.093,8.326163581351409e-05,reject,-0.000342297836122607,reject,-0.00015727197875914367,reject,,,grid,1.0,USD_JPY
2021-04-19,call,108.10810810810811,2021-04-19 09:07:00,108.112,-0.0004624833505993964,reject,-0.00020349267426367224,reject,-7.399733609581016e-05,reject,,,grid,1.0,USD_JPY
2021-04-19,call,108.10810810810811,2021-04-19 09:18:00,108.088,-0.0005180963659240367,reject,0.000573606690844608,break,0.0011287099400487666,break,,,grid,1.0,USD_JPY
2021-04-19,call,108.10810810810811,2021-04-19 10:05:00,108.089,0.000582853019271079,break,0.0005458464783649752,break,0.0015265198123768364,break,,,grid,1.0,USD_JPY
2021-04-19,call,108.10810810810811,2021-04-19 15:58:00,108.096,-0.00012026346950866351,reject,-0.000259029011249301,reject,0.0007863380698638345,break,,,grid,1.0,USD_JPY
2021-04-20,call,108.10810810810811,2021-04-20 00:32:00,108.098,0.00033303113841154364,break,0.0013043719587781943,break,0.0004995467076172044,break,,,grid,1.0,USD_JPY
2021-04-20,call,108.10810810810811,2021-04-20 15:35:00,108.072,7.402472425788176e-05,reject,0.00029609889703152703,reject,-5.551854319341132e-05,reject,,,grid,1.0,USD_JPY
2021-04-20,call,108.10810810810811,2021-04-20 15:54:00,108.067,0.00010178870515531457,reject,0.0005089435257756847,break,-0.00013880277975686361,reject,,,grid,1.0,USD_JPY
2021-04-20,call,108.10810810810811,2021-04-20 16:03:00,108.093,-4.6256464340976855e-05,reject,0.00010176422154994924,reject,8.326163581351409e-05,reject,,,grid,1.0,USD_JPY
2021-04-20,call,108.10810810810811,2021-04-20 20:00:00,108.092,-1.850275691073211e-05,reject,2.7754135366153676e-05,reject,,,,,grid,1.0,USD_JPY
2021-04-21,call,108.10810810810811,2021-04-21 00:58:00,108.102,-0.0004255240421084938,reject,-0.0015725888512700958,reject,-0.0004440250874174767,reject,,,grid,1.0,USD_JPY
2021-04-21,call,108.10810810810811,2021-04-21 01:15:00,108.091,-0.0013229593583184984,reject,-0.0015542459594229951,reject,-0.0006938598033138232,reject,,,grid,1.0,USD_JPY
2021-04-21,call,108.10810810810811,2021-04-21 04:37:00,108.087,-8.326625773680263e-05,reject,-0.0007678999324618463,reject,0.0007493963196314457,break,,,grid,1.0,USD_JPY
2021-04-21,call,108.10810810810811,2021-04-21 07:29:00,108.093,0.0009991396297630573,break,0.0010824012655767934,break,0.00046256464340888037,break,,,grid,1.0,USD_JPY
2021-04-21,call,108.10810810810811,2021-04-21 13:49:00,108.086,0.00025905297633377344,break,0.000666136224858116,break,0.0001572821642026323,reject,,,grid,1.0,USD_JPY
2021-04-21,call,108.10810810810811,2021-04-21 20:59:00,108.078,3.701030737057742e-05,reject,-0.0002775773052795527,reject,,,,,grid,1.0,USD_JPY
2021-04-22,call,108.10810810810811,2021-04-22 00:22:00,108.09,-0.00027754648903688395,reject,-0.0005365898788047829,reject,-0.0010731797576093438,reject,,,grid,1.0,USD_JPY
2021-04-22,call,108.10810810810811,2021-04-22 08:43:00,108.086,-0.0005366097366911182,reject,-0.0001387783801787279,reject,0.0003885794645004381,break,,,grid,1.0,USD_JPY
2021-04-22,call,108.10810810810811,2021-04-22 08:50:00,108.088,-0.0006106135741247298,reject,-0.00033306194952253954,reject,1.8503441640227436e-05,reject,,,grid,1.0,USD_JPY
2021-04-22,call,108.10810810810811,2021-04-22 09:18:00,108.084,-0.0001480330113615702,reject,-0.000555123792605805,reject,8.326856889095957e-05,reject,,,grid,1.0,USD_JPY
2021-04-22,call,108.10810810810811,2021-04-22 11:53:00,108.094,0.0004995651932577783,break,0.0002775362184765928,break,0.0003052898403241855,break,,,grid,1.0,USD_JPY
2021-04-22,call,108.10810810810811,2021-04-22 14:28:00,108.086,-0.00036082378846480356,reject,0.0001572821642026323,reject,0.0004255870325482469,break,,,grid,1.0,USD_JPY
2021-04-22,call,108.10810810810811,2021-04-22 15:28:00,108.103,0.00036076704624288247,break,0.0002682626754115791,break,-0.0005087740395732787,reject,,,grid,1.0,USD_JPY
2021-04-22,call,108.10810810810811,2021-04-22 18:07:00,108.096,0.0002497779751331475,break,-2.7753108348127498e-05,reject,-0.001221136767317943,reject,,,grid,1.0,USD_JPY
2021-04-23,call,108.10810810810811,2021-04-23 14:49:00,108.09,-0.00042557128318998494,reject,-0.0013692293459155458,reject,-0.0014339901933574373,reject,,,grid,1.0,USD_JPY
2021-04-26,call,108.10810810810811,2021-04-26 12:18:00,108.108,-0.0005180005180004388,reject,-0.00029600029600040934,reject,0.0006105006105006083,break,,,grid,1.0,USD_JPY
2021-04-26,call,108.10810810810811,2021-04-26 13:02:00,108.091,-4.6257320220899345e-05,reject,-0.001137930077434679,reject,0.00015727488875127982,reject,,,grid,1.0,USD_JPY
2021-04-26,call,108.10810810810811,2021-04-26 13:16:00,108.08,-0.0009252405625461702,reject,-0.001415618060695678,reject,0.0006476683937823857,break,,,grid,1.0,USD_JPY
2021-04-26,call,108.10810810810811,2021-04-26 14:59:00,108.08,0.0009992598075498904,break,0.0004348630643966622,break,0.0003423390081420674,break,,,grid,1.0,USD_JPY
2023-12-07,call,143.88489208633095,2023-12-07 21:10:00,143.872,0.0008340747330959353,break,0.0020156806049822507,break,,,,,grid,1.0,USD_JPY
2023-12-07,call,143.88489208633095,2023-12-07 23:08:00,143.854,0.0006812462635725769,break,,,,,,,grid,1.0,USD_JPY
2024-06-14,call,157.48031496062993,2024-06-14 03:23:00,157.57,0.002532207907596673,break,0.0016627530621311504,break,0.0024877832074632344,break,,,grid,1.0,USD_JPY
2024-06-14,call,157.48031496062993,2024-06-14 08:10:00,157.465,0.0010351506684023182,break,-0.0002222716159145932,reject,-0.002711713714158681,reject,,,grid,1.0,USD_JPY
2024-06-14,call,157.48031496062993,2024-06-14 09:07:00,157.46,-0.00022227867394897238,reject,-0.0024006096786486353,reject,-0.001117744189000458,reject,,,grid,1.0,USD_JPY
2024-06-14,call,157.48031496062993,2024-06-14 09:23:00,157.464,-0.0016257684296092645,reject,-0.003137225016511702,reject,-0.0010542092160747973,reject,,,grid,1.0,USD_JPY
2024-06-14,call,157.48031496062993,2024-06-14 14:50:00,157.472,-0.00044452347083934196,reject,-0.0014478764478764727,reject,-0.001104958341800466,reject,,,grid,1.0,USD_JPY
2024-08-06,call,145.98540145985402,2024-08-06 00:04:00,145.988,-0.00039729292818579953,reject,-0.005370304408581439,reject,-0.0032879414746417313,reject,,,grid,1.0,USD_JPY
2024-08-06,call,145.98540145985402,2024-08-06 00:10:00,146.11,-0.003052494695777286,reject,-0.006584080487304189,reject,-0.004024365204298275,reject,,,grid,1.0,USD_JPY
2024-08-06,call,145.98540145985402,2024-08-06 05:34:00,146.0,-0.0012602739726027545,reject,-0.0014589041095890432,reject,-0.00891780821917798,reject,,,grid,1.0,USD_JPY
2024-08-06,call,145.98540145985402,2024-08-06 05:40:00,145.942,-0.0013429992736840868,reject,-0.0013224431623523047,reject,-0.009058393060256797,reject,,,grid,1.0,USD_JPY
2024-08-06,call,145.98540145985402,2024-08-06 05:44:00,146.024,-0.0010614693475045067,reject,-0.0024242590259135888,reject,-0.008149345313099188,reject,,,grid,1.0,USD_JPY
2024-08-06,call,145.98540145985402,2024-08-06 06:03:00,146.075,-0.0008009584117747437,reject,-0.002307034057846935,reject,-0.00861886017456781,reject,,,grid,1.0,USD_JPY
2024-08-06,call,145.98540145985402,2024-08-06 06:14:00,145.972,-0.0006439591154469015,reject,-0.0016098977886170873,reject,-0.009070232647357068,reject,,,grid,1.0,USD_JPY
2024-08-06,call,145.98540145985402,2024-08-06 06:28:00,145.958,-0.0019252113621727185,reject,-0.0013497033393168323,reject,-0.007598076158895073,reject,,,grid,1.0,USD_JPY
2024-08-07,call,145.98540145985402,2024-08-07 01:40:00,146.018,0.005423988823295867,break,0.004430960566505382,break,0.00978646468243638,break,,,grid,1.0,USD_JPY
2024-08-07,call,145.98540145985402,2024-08-07 23:35:00,145.814,0.00032918649786717324,reject,,,,,,,grid,1.0,USD_JPY
2024-08-07,call,145.98540145985402,2024-08-07 23:46:00,145.924,,,,,,,,,grid,1.0,USD_JPY
2024-08-07,call,145.98540145985402,2024-08-07 23:52:00,146.03,,,,,,,,,grid,1.0,USD_JPY
2024-08-07,call,145.98540145985402,2024-08-07 23:55:00,145.964,,,,,,,,,grid,1.0,USD_JPY
2024-08-08,call,145.98540145985402,2024-08-08 00:27:00,145.888,-0.0007951305110770468,reject,0.00328334064487823,break,0.002495064707172645,break,,,grid,1.0,USD_JPY
2024-08-08,call,145.98540145985402,2024-08-08 00:30:00,145.953,-0.0017334347358397562,reject,0.002781717402177364,break,0.0016649195288893637,break,,,grid,1.0,USD_JPY
2024-08-08,call,145.98540145985402,2024-08-08 00:34:00,145.859,-0.0014740262856595132,reject,0.004120417663634024,break,0.0022967386311436577,break,,,grid,1.0,USD_JPY
2024-08-08,call,145.98540145985402,2024-08-08 00:53:00,145.924,0.0018639839916667622,break,0.0026452125764095946,break,0.0006441709382967176,break,,,grid,1.0,USD_JPY
2024-08-08,call,145.98540145985402,2024-08-08 06:02:00,145.95,0.0015347721822542848,break,0.00010962658444690909,reject,0.0009729359369647916,break,,,grid,1.0,USD_JPY
2024-08-08,call,145.98540145985402,2024-08-08 07:05:00,145.972,0.0005137971665798435,break,-0.0009042830131806845,reject,0.0007672704354260151,break,,,grid,1.0,USD_JPY
2024-08-08,call,145.98540145985402,2024-08-08 07:09:00,146.046,-0.0005066896731166226,reject,-0.0018761212220806955,reject,8.216589293774668e-05,break,,,grid,1.0,USD_JPY
2024-08-08,call,145.98540145985402,2024-08-08 08:15:00,145.915,-0.0008018366857416304,reject,0.002179350992016049,break,0.0006921838056401786,break,,,grid,1.0,USD_JPY
2024-08-08,call,145.98540145985402,2024-08-08 08:26:00,145.954,0.0011099387478246125,break,0.0014730668566809157,break,0.00016443537004806608,reject,,,grid,1.0,USD_JPY
2024-08-08,call,145.98540145985402,2024-08-08 08:35:00,146.04,0.0006778964667215615,break,0.0018898931799506968,break,0.005313612708846893,break,,,grid,1.0,USD_JPY
2024-08-19,call,145.98540145985402,2024-08-19 04:44:00,145.974,0.0015002671708661541,break,-0.0008563168783481956,reject,0.0007672599230001964,break,,,grid,1.0,USD_JPY
2024-08-19,call,145.98540145985402,2024-08-19 05:25:00,145.976,-0.0013221351455035002,reject,-0.003541678084068578,reject,0.0006028388228200843,break,,,grid,1.0,USD_JPY
2024-08-19,call,145.98540145985402,2024-08-19 07:33:00,146.047,0.0007257937513265311,break,0.0008285004142503105,break,0.0011297732921593528,break,,,grid,1.0,USD_JPY
2024-08-19,call,145.98540145985402,2024-08-19 08:06:00,145.946,0.0011648143834022129,break,0.0007262960272977903,break,0.00030148136982188767,break,,,grid,1.0,USD_JPY
2024-08-19,call,145.98540145985402,2024-08-19 08:08:00,145.937,0.0011443294024133799,break,0.0009319089744204145,break,0.00038372722476132104,break,,,grid,1.0,USD_JPY
2024-08-20,call,145.98540145985402,2024-08-20 01:07:00,145.887,0.00240597174525492,break,0.0046542872223021,break,0.007738866382885234,break,,,grid,1.0,USD_JPY
2024-08-21,call,145.98540145985402,2024-08-21 06:51:00,145.936,-0.0002672404341630408,reject,0.001959763183861485,break,0.001123780287249021,break,,,grid,1.0,USD_JPY
2024-08-21,call,145.98540145985402,2024-08-21 07:00:00,145.963,-0.0013085507971198895,reject,0.0011235724121867463,break,0.0015551886436973028,break,,,grid,1.0,USD_JPY
2024-08-21,call,145.98540145985402,2024-08-21 07:04:00,146.006,-0.0015615796611099242,reject,0.0005342246209059098,break,0.0008766763009737666,break,,,grid,1.0,USD_JPY
2024-08-21,call,145.98540145985402,2024-08-21 07:42:00,146.012,0.001082102840862298,break,-0.00041092512944140847,reject,0.0004246226337563108,break,,,grid,1.0,USD_JPY
2024-08-21,call,145.98540145985402,2024-08-21 08:55:00,146.002,0.0004109532746126021,break,0.00086300187668642,break,-0.0012945028150300741,reject,,,grid,1.0,USD_JPY
2024-08-21,call,145.98540145985402,2024-08-21 12:21:00,145.986,-0.0013014946638718605,reject,-0.0025481895524227527,reject,-0.005863575959338507,reject,,,grid,1.0,USD_JPY
2024-08-21,call,145.98540145985402,2024-08-21 12:27:00,145.954,-0.0005138605314004563,reject,-0.002439124655713387,reject,-0.005714129109171351,reject,,,grid,1.0,USD_JPY
2024-08-21,call,145.98540145985402,2024-08-21 14:00:00,146.34,-0.004810714773814451,reject,-0.005111384447177736,reject,-0.009935766024326997,reject,,,grid,1.0,USD_JPY
2024-08-21,call,145.98540145985402,2024-08-21 14:04:00,145.848,-2.742581317549675e-05,reject,-0.002646590971422502,reject,-0.007507816356755126,reject,,,grid,1.0,USD_JPY
2024-08-21,call,145.98540145985402,2024-08-21 14:09:00,146.126,-0.002326759098312481,reject,-0.004557710469047294,reject,-0.009772388212912153,reject,,,grid,1.0,USD_JPY
2024-08-21,call,145.98540145985402,2024-08-21 14:35:00,146.005,-0.0028423684120406634,reject,-0.004664223827950953,reject,-0.009020239032909827,reject,,,grid,1.0,USD_JPY
2024-08-21,call,145.98540145985402,2024-08-21 14:45:00,145.982,-0.002671562247400283,reject,-0.0052198216218437565,reject,-0.008213341370854055,reject,,,grid,1.0,USD_JPY
2024-08-22,call,145.98540145985402,2024-08-22 11:22:00,145.963,0.0007193603858512976,break,0.0012605934380629513,break,0.0015003802333468652,break,,,grid,1.0,USD_JPY
2024-08-22,call,145.98540145985402,2024-08-22 13:04:00,145.994,-0.0007260572352287831,reject,0.0030138224858555773,break,0.002369960409331906,break,,,grid,1.0,USD_JPY
2024-08-22,call,145.98540145985402,2024-08-22 13:09:00,145.85,0.0005622214604044107,reject,0.003928693863558541,break,0.0036475831333562247,break,,,grid,1.0,USD_JPY
2024-08-22,call,145.98540145985402,2024-08-22 13:21:00,145.981,0.000938478295120504,break,0.003219597070851732,break,0.0033086497557901495,break,,,grid,1.0,USD_JPY
2024-08-22,call,145.98540145985402,2024-08-22 13:29:00,145.965,0.0014798068030008604,break,0.0034186277532284315,break,0.0031582913712189242,break,,,grid,1.0,USD_JPY
2024-08-22,call,145.98540145985402,2024-08-22 15:57:00,145.968,0.0004795571632139062,break,0.002233366217253341,break,0.002425189082538637,break,,,grid,1.0,USD_JPY
2024-08-23,call,145.98540145985402,2024-08-23 07:51:00,145.924,-0.0003700556454044879,reject,-0.00020558646966917227,reject,0.0004248787039828894,break,,,grid,1.0,USD_JPY
2024-08-23,call,145.98540145985402,2024-08-23 08:33:00,145.912,-0.0002467240528537529,reject,0.0004249136465814818,reject,0.0014734908712099593,break,,,grid,1.0,USD_JPY
2024-08-23,call,145.98540145985402,2024-08-23 08:55:00,145.964,0.00013016908278751238,reject,0.0010550546710148545,break,0.0006439944095804062,break,,,grid,1.0,USD_JPY
2024-08-23,call,145.98540145985402,2024-08-23 09:01:00,145.964,0.0006165903921515614,break,0.0010824586884439213,break,0.0005891863747227166,break,,,grid,1.0,USD_JPY
2024-08-23,call,145.98540145985402,2024-08-23 14:01:00,145.874,-0.003653838243963925,reject,-0.005155133882665752,reject,-0.009933230047849406,reject,,,grid,1.0,USD_JPY
2024-08-30,call,145.98540145985402,2024-08-30 15:53:00,145.972,-8.22075466527794e-05,reject,0.0016441509330555881,break,0.0013016194886690258,break,,,grid,1.0,USD_JPY
2024-08-30,call,145.98540145985402,2024-08-30 16:09:00,145.967,0.0010070769420484904,break,0.0013359183925132356,break,0.0011851993943834405,break,,,grid,1.0,USD_JPY
2024-09-04,call,143.88489208633095,2024-09-04 19:11:00,143.862,0.0003892619315732926,break,-0.0004170663552571785,reject,-0.0014180256078742959,reject,,,grid,1.0,USD_JPY
2024-09-04,call,143.88489208633095,2024-09-04 19:22:00,143.871,0.00035448422545192315,break,-0.0007159191219913152,reject,-0.0020782506551008106,reject,,,grid,1.0,USD_JPY
2024-09-04,call,143.88489208633095,2024-09-04 20:01:00,143.86,-0.0005978034199917159,reject,-0.0013137772834701522,reject,,,,,grid,1.0,USD_JPY
2024-09-05,call,143.88489208633095,2024-09-05 02:53:00,143.906,-0.0007504899031312018,reject,-0.001278612427556891,reject,-0.005642572234653254,reject,,,grid,1.0,USD_JPY
2024-09-05,call,143.88489208633095,2024-09-05 03:04:00,143.874,-0.00013205999694176906,reject,-0.0004865368308381024,reject,-0.004337128320613837,reject,,,grid,1.0,USD_JPY
2024-09-05,call,143.88489208633095,2024-09-05 14:31:00,143.884,0.001598509910761603,break,-0.0014456089627755686,reject,-0.004128325595618598,reject,,,grid,1.0,USD_JPY
2024-09-06,call,143.88489208633095,2024-09-06 12:30:00,142.416,0.001614987080103214,reject,0.0062633411976182884,reject,0.0005968430513425549,reject,,,grid,1.0,USD_JPY
2024-09-06,call,143.88489208633095,2024-09-06 13:47:00,143.857,-0.0032462792912406613,reject,-0.009926524256727132,reject,-0.010197626809957172,reject,,,grid,1.0,USD_JPY
2024-09-27,call,145.98540145985402,2024-09-27 05:07:00,145.945,0.0034807633012436945,break,0.0025626092020967217,break,-0.01815752509507007,reject,,,grid,1.0,USD_JPY
2024-09-27,call,145.98540145985402,2024-09-27 05:11:00,145.98,0.002794903411426297,break,0.002329086176188433,break,-0.017248938210713827,reject,,,grid,1.0,USD_JPY
2024-10-02,call,145.98540145985402,2024-10-02 14:44:00,145.971,0.0015071486802173961,break,0.0009796466421412298,break,0.0021853655863151022,break,,,grid,1.0,USD_JPY
2024-10-02,call,145.98540145985402,2024-10-02 16:09:00,146.016,0.00041091387245240085,break,8.903133903137572e-05,break,0.0032393710278326715,break,,,grid,1.0,USD_JPY
2023-12-07,call,142.85714285714286,2023-12-07 17:49:00,143.005,0.0027201846089297543,break,0.0033285549456312236,break,0.0075591762525786255,break,,,grid,2.0,USD_JPY
2024-06-12,call,156.25,2024-06-12 18:00:00,156.084,0.002037364496040528,break,0.003184182875887176,break,0.0032610645549830952,break,,,grid,2.0,USD_JPY
2024-06-12,call,156.25,2024-06-12 18:02:00,156.226,0.0004736727561354126,break,0.0021891362513282164,break,0.0023939677134408033,break,,,grid,2.0,USD_JPY
2024-06-12,call,156.25,2024-06-12 18:05:00,156.182,0.00044819505448789876,break,0.002650753607970291,break,0.002842837202750692,break,,,grid,2.0,USD_JPY
2024-06-12,call,156.25,2024-06-12 18:32:00,156.282,0.0009214112949667008,break,0.0035960635261897966,break,0.0026874496103197476,break,,,grid,2.0,USD_JPY
2024-08-05,call,144.92753623188406,2024-08-05 01:15:00,144.906,0.0024429630243052447,break,0.0028432225028640623,break,-0.010779401819110412,reject,,,grid,2.0,USD_JPY
2024-08-05,call,144.92753623188406,2024-08-05 03:24:00,144.943,-0.0003656609839731706,reject,-0.011597662529408193,reject,-0.012860227813692338,reject,,,grid,2.0,USD_JPY
2024-08-05,call,144.92753623188406,2024-08-05 23:00:00,144.913,0.0011386142030045399,break,,,,,,,grid,2.0,USD_JPY
2024-08-05,call,144.92753623188406,2024-08-05 23:20:00,144.92,0.001283466740270578,break,,,,,,,grid,2.0,USD_JPY
2024-08-06,call,144.92753623188406,2024-08-06 01:38:00,144.918,-0.001083371285830692,reject,0.001242081728977773,break,0.006638236795981189,break,,,grid,2.0,USD_JPY
2024-08-06,call,144.92753623188406,2024-08-06 02:25:00,144.889,0.00151150190835736,break,0.004361959845122554,break,0.007212417781888192,break,,,grid,2.0,USD_JPY
2024-08-06,call,144.92753623188406,2024-08-06 02:28:00,144.891,0.001704729762373125,break,0.004479229213684821,break,0.007364156503854691,break,,,grid,2.0,USD_JPY
2024-08-06,call,144.92753623188406,2024-08-06 02:35:00,144.976,0.0009104955302947637,break,0.005449177794945248,break,0.00640795717911935,break,,,grid,2.0,USD_JPY
2024-08-06,call,144.92753623188406,2024-08-06 08:29:00,144.916,-0.0004830384498605289,reject,-0.0003036241684837293,reject,-0.0010902867868280985,reject,,,grid,2.0,USD_JPY
2024-08-06,call,144.92753623188406,2024-08-06 08:44:00,144.846,0.0005246951935158339,reject,-8.284660950252931e-05,reject,-0.0015050467392956346,reject,,,grid,2.0,USD_JPY
2024-08-06,call,144.92753623188406,2024-08-06 08:47:00,144.902,-0.001587279678679332,reject,-0.000731528895391298,reject,-0.002028957502311801,reject,,,grid,2.0,USD_JPY
2024-08-06,call,144.92753623188406,2024-08-06 10:30:00,144.989,-0.0004345157218824669,reject,0.002889874404265136,break,-0.003082992502879578,reject,,,grid,2.0,USD_JPY
2024-08-06,call,144.92753623188406,2024-08-06 10:49:00,144.908,0.0017183316311040198,break,0.0018287465150303994,break,-0.0005106688381593116,reject,,,grid,2.0,USD_JPY
2024-08-06,call,144.92753623188406,2024-08-06 10:51:00,144.832,0.002174933716305727,break,0.002209456473707405,break,-0.0014292421564294777,reject,,,grid,2.0,USD_JPY
2024-08-06,call,144.92753623188406,2024-08-06 10:54:00,144.926,0.001490415798407474,break,0.0012765135310435216,break,-0.0036156383257662794,reject,,,grid,2.0,USD_JPY
2024-08-06,call,144.92753623188406,2024-08-06 14:42:00,144.932,-0.003422294593326436,reject,0.0005243838489776831,break,0.00149035409709386,break,,,grid,2.0,USD_JPY
2024-08-06,call,144.92753623188406,2024-08-06 14:46:00,144.957,-0.0020350862669618053,reject,0.0005587863987253083,break,0.0012486461502376756,break,,,grid,2.0,USD_JPY
2024-08-06,call,144.92753623188406,2024-08-06 14:49:00,144.834,-0.0006421144206469886,reject,0.002347515086236651,break,0.002209425963516809,break,,,grid,2.0,USD_JPY
2024-08-06,call,144.92753623188406,2024-08-06 15:32:00,144.898,0.0010214081629835725,break,0.002760562602658556,break,0.0008074645612774489,break,,,grid,2.0,USD_JPY
2024-08-06,call,144.92753623188406,2024-08-06 19:51:00,144.878,-0.0008144783887131801,reject,-0.0029196979527600364,reject,,,,,grid,2.0,USD_JPY
2024-08-06,call,144.92753623188406,2024-08-06 19:54:00,144.883,-0.0008834714907892671,reject,-0.0032508990012630745,reject,,,,,grid,2.0,USD_JPY
2024-08-07,call,144.92753623188406,2024-08-07 00:06:00,144.876,0.0005314889974874504,break,-0.0019050774455396935,reject,0.01720091664595924,break,,,grid,2.0,USD_JPY
2024-08-07,call,144.92753623188406,2024-08-07 01:31:00,145.0,0.016144827586207056,break,0.010813793103448432,break,0.018351724137930958,break,,,grid,2.0,USD_JPY
2024-08-21,call,144.92753623188406,2024-08-21 19:23:00,144.908,0.00042095674496933633,break,0.001808043724293995,break,0.0002139288376072912,break,,,grid,2.0,USD_JPY
2024-08-21,call,144.92753623188406,2024-08-21 23:06:00,144.906,-0.00013802050984779157,reject,,,,,,,grid,2.0,USD_JPY
2024-08-21,call,144.92753623188406,2024-08-21 23:11:00,144.892,0.0,reject,,,,,,,grid,2.0,USD_JPY
2024-08-23,call,144.92753623188406,2024-08-23 15:49:00,144.94,-0.0005381537187801877,reject,-0.000676141851800649,reject,-0.00518835380157312,reject,,,grid,2.0,USD_JPY
2024-08-23,call,144.92753623188406,2024-08-23 16:05:00,144.918,-0.0005382354158903757,reject,-0.0006624435887881974,reject,-0.004471494224319916,reject,,,grid,2.0,USD_JPY
2024-08-23,call,144.92753623188406,2024-08-23 16:40:00,144.91,-0.00030363674004540986,reject,-0.002649920640397374,reject,-0.00403698847560563,reject,,,grid,2.0,USD_JPY
2024-08-27,call,144.92753623188406,2024-08-27 01:10:00,144.912,-0.0005934636193001275,reject,-0.0014767583084906999,reject,-0.0016423760627138906,reject,,,grid,2.0,USD_JPY
2024-08-27,call,144.92753623188406,2024-08-27 02:37:00,144.924,-0.000372609091661813,reject,-0.0002898070712925582,reject,-0.0017664431012116566,reject,,,grid,2.0,USD_JPY
2024-08-27,call,144.92753623188406,2024-08-27 03:18:00,144.926,-6.900073140769791e-05,reject,-0.001117811848805439,reject,-0.0004140043884462985,reject,,,grid,2.0,USD_JPY
2024-08-27,call,144.92753623188406,2024-08-27 03:43:00,144.91,-0.00037264509005585644,reject,-0.0010765302601615234,reject,0.0008695052101304057,break,,,grid,2.0,USD_JPY
2024-08-27,call,144.92753623188406,2024-08-27 07:15:00,144.854,0.0014497355958411617,break,0.0010769464426247932,break,-0.00042801717591511856,reject,,,grid,2.0,USD_JPY
2024-08-27,call,144.92753623188406,2024-08-27 07:19:00,144.912,0.001628574583195208,break,0.00048305178315111164,break,-0.0012283316771557473,reject,,,grid,2.0,USD_JPY
2024-08-28,call,144.92753623188406,2024-08-28 13:06:00,144.908,9.661302343566547e-05,reject,-0.0013525823280977622,reject,-0.0013111767466253976,reject,,,grid,2.0,USD_JPY
2024-08-28,call,144.92753623188406,2024-08-28 13:19:00,144.923,0.0006693209497456998,break,-0.002311572352214686,reject,-0.0013593425474217602,reject,,,grid,2.0,USD_JPY
2024-08-29,call,144.92753623188406,2024-08-29 12:30:00,145.204,0.0005784964601527331,break,0.0010881242940965485,break,-0.0018112448692874095,break,,,grid,2.0,USD_JPY
2024-08-29,call,144.92753623188406,2024-08-29 17:16:00,144.887,-0.00021395984456851203,reject,-0.0001518424703389476,reject,0.0006418795337055361,break,,,grid,2.0,USD_JPY
2024-08-29,call,144.92753623188406,2024-08-29 17:53:00,144.907,-0.0006279889860393295,reject,-0.0008074144106221537,reject,0.0001311185795025427,reject,,,grid,2.0,USD_JPY
2024-08-29,call,144.92753623188406,2024-08-29 19:37:00,144.931,-0.00040709027054253166,reject,0.00018629554753624156,break,0.00013799670187863988,break,,,grid,2.0,USD_JPY
2024-08-29,call,144.92753623188406,2024-08-29 19:57:00,144.912,0.0001518162747045082,break,0.0006624710168929848,break,,,,,grid,2.0,USD_JPY
2024-08-29,call,144.92753623188406,2024-08-29 22:25:00,144.922,0.0001794068533418347,break,0.00042781634258437506,break,,,,,grid,2.0,USD_JPY
2024-08-29,call,144.92753623188406,2024-08-29 23:14:00,144.906,0.0008074199826093587,break,,,,,,,grid,2.0,USD_JPY
2024-08-30,call,144.92753623188406,2024-08-30 00:00:00,144.872,-0.0005522116074880845,reject,-0.0009939808934784633,reject,-0.0005384063173008435,reject,,,grid,2.0,USD_JPY
2024-08-30,call,144.92753623188406,2024-08-30 00:43:00,144.879,-0.000710938093167246,reject,-0.000710938093167246,reject,-0.00040033407188067027,reject,,,grid,2.0,USD_JPY
2024-08-30,call,144.92753623188406,2024-08-30 00:50:00,144.925,-0.0010971191995861052,reject,-0.0006417112299466066,reject,-0.0005589097809213239,reject,,,grid,2.0,USD_JPY
2024-08-30,call,144.92753623188406,2024-08-30 05:48:00,144.893,0.00016563947188608097,reject,0.0010766565672599704,break,0.0015804766275804294,break,,,grid,2.0,USD_JPY
2024-08-30,call,144.92753623188406,2024-08-30 05:57:00,144.886,0.0003312949491325323,break,0.00046243253316413657,break,0.0017254945267313193,break,,,grid,2.0,USD_JPY
2024-08-30,call,144.92753623188406,2024-08-30 06:02:00,144.914,0.00015181417944454267,break,0.0002622244917676042,break,0.0016009495286859465,break,,,grid,2.0,USD_JPY
2024-08-30,call,144.92753623188406,2024-08-30 07:36:00,144.913,-4.830484497597709e-05,reject,0.0008487851331488994,break,0.002449745709494522,break,,,grid,2.0,USD_JPY
2024-08-30,call,144.92753623188406,2024-08-30 07:43:00,144.917,0.00017251254166184005,break,0.0005727416383169981,break,0.0025600861182608625,break,,,grid,2.0,USD_JPY
2024-08-30,call,144.92753623188406,2024-08-30 08:13:00,144.903,0.00042787243880404446,break,0.0009592624031249386,break,0.003126229270615566,break,,,grid,2.0,USD_JPY
2024-09-06,call,142.85714285714286,2024-09-06 09:34:00,142.852,-0.0008190294850614066,reject,5.600201607269817e-05,break,0.004172150197407243,break,,,grid,2.0,USD_JPY
2024-09-06,call,142.85714285714286,2024-09-06 10:00:00,142.836,0.00022403315690699976,break,0.00019602901229376357,break,0.004228625836623756,break,,,grid,2.0,USD_JPY
2024-09-06,call,142.85714285714286,2024-09-06 12:47:00,142.783,0.0005252726164881594,break,0.007521903868107582,break,-0.0019189959589026584,reject,,,grid,2.0,USD_JPY
2024-09-06,call,142.85714285714286,2024-09-06 12:50:00,142.856,0.000308002464019852,break,0.006293050344402751,break,-0.0025340202721620964,reject,,,grid,2.0,USD_JPY
2024-09-09,call,142.85714285714286,2024-09-09 01:31:00,142.828,0.000294059988237505,break,-0.0001540314224101058,reject,0.00046209426723042846,break,,,grid,2.0,USD_JPY
2024-09-09,call,142.85714285714286,2024-09-09 01:44:00,142.847,0.0007910561649877579,break,-0.0005530392657879801,reject,0.00020301441402326148,break,,,grid,2.0,USD_JPY
2024-09-09,call,142.85714285714286,2024-09-09 02:58:00,142.837,0.0006090858811094169,break,-0.0005600789711348586,reject,0.0014632063120900707,break,,,grid,2.0,USD_JPY
2024-09-09,call,142.85714285714286,2024-09-09 03:02:00,142.858,2.7999832000968894e-05,break,-0.0005599966400202661,reject,0.0020019879880721625,break,,,grid,2.0,USD_JPY
2024-09-09,call,142.85714285714286,2024-09-09 04:10:00,142.864,-0.00037098219285469636,reject,0.0012319408668381993,break,0.002575876357934881,break,,,grid,2.0,USD_JPY
2024-09-09,call,142.85714285714286,2024-09-09 04:34:00,142.842,0.0009661024068550184,break,0.00042004452471933185,break,0.0034233628764648305,break,,,grid,2.0,USD_JPY
2024-09-09,call,142.85714285714286,2024-09-09 06:47:00,142.864,0.0019599059245156703,break,0.0015539254115803924,break,0.00606170903796599,break,,,grid,2.0,USD_JPY
2024-09-09,call,142.85714285714286,2024-09-09 13:50:00,142.87,-4.1996220340179136e-05,break,-0.0010919017288444355,reject,-0.0001959823615873546,reject,,,grid,2.0,USD_JPY
2024-09-09,call,142.85714285714286,2024-09-09 13:58:00,142.844,0.0007420682702807824,break,-0.0004760437960291686,reject,-0.00016801545742206603,reject,,,grid,2.0,USD_JPY
2024-09-09,call,142.85714285714286,2024-09-09 14:02:00,142.839,0.0003500444556459037,break,-0.0002170275625005269,reject,-0.0003780480120975094,reject,,,grid,2.0,USD_JPY
2024-09-09,call,142.85714285714286,2024-09-09 14:21:00,142.824,-0.0005461267013947557,reject,-0.00032207472133549686,reject,-4.901137063806349e-05,reject,,,grid,2.0,USD_JPY
2024-09-09,call,142.85714285714286,2024-09-09 14:42:00,142.871,-0.0005669450063344739,reject,0.0002309775951732096,break,0.00013298710025111404,break,,,grid,2.0,USD_JPY
2024-09-09,call,142.85714285714286,2024-09-09 14:56:00,142.793,-6.302829970672441e-05,reject,0.0010574748061877859,break,0.00042719180912231813,reject,,,grid,2.0,USD_JPY
2024-09-09,call,142.85714285714286,2024-09-09 15:03:00,142.842,-0.0005320563979783755,reject,0.0003360356197754655,break,0.0,reject,,,grid,2.0,USD_JPY
2024-09-09,call,142.85714285714286,2024-09-09 15:23:00,142.861,0.00023099376316859654,break,0.0003359909282449891,break,-7.699792105608783e-05,reject,,,grid,2.0,USD_JPY
2024-09-09,call,142.85714285714286,2024-09-09 17:40:00,142.824,-0.00015403573629091394,reject,0.00037808771634995075,break,0.0023245392931159348,break,,,grid,2.0,USD_JPY
2024-09-09,call,142.85714285714286,2024-09-09 17:47:00,142.845,-0.0004200357030347268,reject,0.00017501487626447876,break,0.0017361475725437003,break,,,grid,2.0,USD_JPY
2024-09-09,call,142.85714285714286,2024-09-09 18:10:00,142.858,-0.0002939982360106175,reject,-6.999958000242223e-05,reject,0.00039899760601436185,break,,,grid,2.0,USD_JPY
2024-09-09,call,142.85714285714286,2024-09-09 18:28:00,142.828,0.00046209426723042846,break,0.00031506427311156493,break,0.0011412328114936976,break,,,grid,2.0,USD_JPY
2024-09-09,call,142.85714285714286,2024-09-09 19:09:00,142.842,-2.8002968314733145e-05,reject,0.0009941053751696405,break,0.0027582923789919445,break,,,grid,2.0,USD_JPY
2024-09-26,call,144.92753623188406,2024-09-26 01:37:00,144.91,-0.00037264509005585644,reject,-0.0008211993651231486,reject,-0.0007866951901179808,reject,,,grid,2.0,USD_JPY
2024-09-26,call,144.92753623188406,2024-09-26 01:40:00,144.934,-0.0008555618419417987,reject,-0.0007037686119198971,reject,-0.0005933735355402314,reject,,,grid,2.0,USD_JPY
2024-09-26,call,144.92753623188406,2024-09-26 01:50:00,144.894,0.00028296547821171636,break,-0.0002346542990047107,reject,-0.0008005852554282544,reject,,,grid,2.0,USD_JPY
2024-09-26,call,144.92753623188406,2024-09-26 02:05:00,144.935,-0.000551971573464094,reject,-0.0006140683754786158,reject,-0.002035395177148458,reject,,,grid,2.0,USD_JPY
2024-09-26,call,144.92753623188406,2024-09-26 02:14:00,144.895,-0.0006280409952035271,reject,-0.000517616204838145,reject,-0.0011180510024501045,reject,,,grid,2.0,USD_JPY
2024-09-26,call,144.92753623188406,2024-09-26 03:03:00,144.907,-0.0005037713844052716,reject,0.0002967420483481753,break,-0.0009868398352046448,reject,,,grid,2.0,USD_JPY
2024-09-26,call,144.92753623188406,2024-09-26 03:36:00,144.911,0.000407146455410512,break,-0.0010627212564953137,reject,0.0009592094457977485,break,,,grid,2.0,USD_JPY
2024-09-26,call,144.92753623188406,2024-09-26 07:09:00,144.906,0.001311194843553798,break,0.0013802050984774716,break,-0.0034643147971789023,reject,,,grid,2.0,USD_JPY
2024-09-26,call,144.92753623188406,2024-09-26 08:24:00,144.879,-0.0010836629187113145,reject,-6.9023115841782e-06,reject,-0.004672864942469213,reject,,,grid,2.0,USD_JPY
2024-09-26,call,144.92753623188406,2024-09-26 09:21:00,144.936,-0.00020698791190598698,reject,-0.001973284760170002,reject,-0.002111276701440734,reject,,,grid,2.0,USD_JPY
2024-09-26,call,144.92753623188406,2024-09-26 09:28:00,144.917,-8.970652166417903e-05,reject,-0.0020356479916089354,reject,-0.0027947031749208096,reject,,,grid,2.0,USD_JPY
2024-09-26,call,144.92753623188406,2024-09-26 09:42:00,144.909,-0.0013042668157257076,reject,-0.002263489500307081,reject,-0.00232559744391303,reject,,,grid,2.0,USD_JPY
2024-09-26,call,144.92753623188406,2024-09-26 14:25:00,144.924,0.00016560404073850954,break,-0.0015042367033757387,reject,-0.001621539565565544,reject,,,grid,2.0,USD_JPY
2024-09-26,call,144.92753623188406,2024-09-26 15:08:00,144.928,-0.0015041951865752967,reject,-0.0005312982998454396,reject,-0.002759991168028275,reject,,,grid,2.0,USD_JPY
2024-09-26,call,144.92753623188406,2024-09-26 22:13:00,144.901,0.0001449265360486951,reject,0.0004761871898744108,break,,,,,grid,2.0,USD_JPY
2024-09-26,call,144.92753623188406,2024-09-26 23:00:00,144.921,0.0005313239627107169,break,,,,,,,grid,2.0,USD_JPY
2024-10-02,call,144.92753623188406,2024-10-02 12:15:00,144.982,0.0010897904567461758,break,0.0030486543157082213,break,0.007669917644949065,break,,,grid,2.0,USD_JPY
2020-10-21,call,104.43864229765015,2020-10-21 14:59:00,104.418,0.0008619203585586988,break,0.0015993411097703358,break,0.001158804037618033,break,,,offgrid,-0.5,USD_JPY
2020-10-28,call,104.43864229765015,2020-10-28 12:39:00,104.415,-0.00017238902456540028,reject,-0.0008906766269214383,reject,-0.0008236364507016036,reject,,,offgrid,-0.5,USD_JPY
2020-10-29,call,104.43864229765015,2020-10-29 00:57:00,104.418,-0.0009385355015419927,reject,0.0007469976440841464,break,0.00019153785745751328,reject,,,offgrid,-0.5,USD_JPY
2020-10-29,call,104.43864229765015,2020-10-29 01:50:00,104.419,0.0003926488474319534,break,0.0004118024497457018,break,-0.00015322881850998726,reject,,,offgrid,-0.5,USD_JPY
2020-10-29,call,104.43864229765015,2020-10-29 14:15:00,104.438,9.575058886612808e-05,break,0.0007085543576093034,break,0.002479940251632451,break,,,offgrid,-0.5,USD_JPY
2020-10-30,call,104.43864229765015,2020-10-30 07:10:00,104.429,-0.0005266736251424708,reject,-0.0010724990184719507,reject,0.00023939710233733535,break,,,offgrid,-0.5,USD_JPY
2020-10-30,call,104.43864229765015,2020-10-30 07:45:00,104.431,-0.0009192672673823399,reject,-0.0005936934435176733,reject,8.61813063171013e-05,break,,,offgrid,-0.5,USD_JPY
2020-10-30,call,104.43864229765015,2020-10-30 08:53:00,104.414,-0.0008427988583906698,reject,3.8309039017692115e-05,reject,0.00044055394870401443,break,,,offgrid,-0.5,USD_JPY
2020-10-30,call,104.43864229765015,2020-10-30 09:51:00,104.412,0.0,reject,-9.577443205766034e-05,reject,0.0009385894341646939,break,,,offgrid,-0.5,USD_JPY
2020-10-30,call,104.43864229765015,2020-10-30 10:53:00,104.428,5.74558547516979e-05,reject,1.9151951583973315e-05,reject,0.0023173861416478925,break,,,offgrid,-0.5,USD_JPY
2020-10-30,call,104.43864229765015,2020-10-30 12:52:00,104.436,0.0008521965605730042,break,0.000708567926768433,break,0.0013022329464935645,break,,,offgrid,-0.5,USD_JPY
2020-11-04,call,104.43864229765015,2020-11-04 12:41:00,104.422,-0.0009576526019420273,reject,-0.000852310815728452,reject,0.0006895098733983307,break,,,offgrid,-0.5,USD_JPY
2020-11-04,call,104.43864229765015,2020-11-04 13:45:00,104.412,0.000574646592345518,break,0.0007853503428723041,break,0.0012642225031604948,break,,,offgrid,-0.5,USD_JPY
2020-11-04,call,104.43864229765015,2020-11-04 13:48:00,104.414,2.8731779263324597e-05,reject,0.0006512536633018762,break,0.0010726530924971556,break,,,offgrid,-0.5,USD_JPY
2020-11-04,call,104.43864229765015,2020-11-04 15:46:00,104.422,0.0005362854570876152,break,0.0006512037693207073,break,0.0005745915611652386,break,,,offgrid,-0.5,USD_JPY
2020-11-04,call,104.43864229765015,2020-11-04 17:01:00,104.446,0.0011872163606072572,break,0.001484020450759349,break,0.0008425406430117022,break,,,offgrid,-0.5,USD_JPY
2020-11-05,call,104.43864229765015,2020-11-05 06:44:00,104.42,-0.00028730128327902893,reject,-0.0005362957287875503,reject,-0.002336717104003072,reject,,,offgrid,-0.5,USD_JPY
2020-11-05,call,104.43864229765015,2020-11-05 07:09:00,104.434,-0.0013692858647567085,reject,-0.0007851849014688383,reject,-0.0016852749104697695,reject,,,offgrid,-0.5,USD_JPY
2020-11-09,call,104.43864229765015,2020-11-09 12:13:00,104.418,-0.0006416518224827694,reject,0.004778869543565323,break,0.011013426803807791,break,,,offgrid,-0.5,USD_JPY
2020-11-09,call,104.43864229765015,2020-11-09 12:30:00,104.415,0.0015036153809317998,break,0.004779006847675182,break,0.01118613226069054,break,,,offgrid,-0.5,USD_JPY
2020-11-09,call,104.43864229765015,2020-11-09 12:38:00,104.426,0.003514450424223936,break,0.005209430601574194,break,0.0107731790933292,break,,,offgrid,-0.5,USD_JPY
2020-11-16,call,104.43864229765015,2020-11-16 09:14:00,104.416,0.0003830830524058637,break,0.0013312136071101932,break,0.005056696291756202,break,,,offgrid,-0.5,USD_JPY
2020-11-23,call,104.43864229765015,2020-11-23 15:56:00,104.418,0.0019345323603210396,break,0.0002298454289488827,break,0.0009768430730332511,break,,,offgrid,-0.5,USD_JPY
2020-11-23,call,104.43864229765015,2020-11-23 18:43:00,104.422,0.00019153052038833884,break,0.0013790197467966614,break,0.0009001934458257033,break,,,offgrid,-0.5,USD_JPY
2020-11-24,call,104.43864229765015,2020-11-24 06:37:00,104.422,0.00018195399436904403,break,0.00019153052038833884,break,-0.0016375859493209521,reject,,,offgrid,-0.5,USD_JPY
2020-11-24,call,104.43864229765015,2020-11-24 11:57:00,104.42,-3.830683777061861e-05,reject,0.0010630147481325292,break,0.0023750239417736907,break,,,offgrid,-0.5,USD_JPY
2020-11-25,call,104.43864229765015,2020-11-25 08:28:00,104.418,7.66151429829609e-05,reject,-0.00011492271447455238,reject,0.0003734988220420732,break,,,offgrid,-0.5,USD_JPY
2020-11-25,call,104.43864229765015,2020-11-25 10:23:00,104.413,-0.00013408292070904437,reject,0.0007374560638999661,break,0.00021070173254300606,reject,,,offgrid,-0.5,USD_JPY
2020-11-25,call,104.43864229765015,2020-11-25 13:36:00,104.416,9.577076310152144e-05,reject,7.661661048130597e-05,reject,-0.0007470119521912899,reject,,,offgrid,-0.5,USD_JPY
2020-11-25,call,104.43864229765015,2020-11-25 13:45:00,104.422,-3.830610407762336e-05,reject,-0.0005267089310680984,reject,-0.0006320507172817846,reject,,,offgrid,-0.5,USD_JPY
2020-11-25,call,104.43864229765015,2020-11-25 15:58:00,104.424,-0.0006607676396230833,reject,-0.000287290278097041,reject,-0.0001819505094614593,reject,,,offgrid,-0.5,USD_JPY
2020-11-25,call,104.43864229765015,2020-11-25 16:34:00,104.42,-0.0004405286343612813,reject,-0.0006703696609845489,reject,0.00013407393219688757,reject,,,offgrid,-0.5,USD_JPY
2020-11-25,call,104.43864229765015,2020-11-25 19:02:00,104.404,-5.746906248804695e-05,reject,0.00012451630205734254,reject,-3.8312708325216605e-05,reject,,,offgrid,-0.5,USD_JPY
2020-11-25,call,104.43864229765015,2020-11-25 19:12:00,104.415,-4.788584015713582e-05,reject,-0.0001053488483456766,reject,-0.00016281185653410635,reject,,,offgrid,-0.5,USD_JPY
2020-12-01,call,104.43864229765015,2020-12-01 03:20:00,104.417,-9.57698459069789e-06,reject,2.8730953771871626e-05,reject,-0.0008331976593849433,reject,,,offgrid,-0.5,USD_JPY
2020-12-01,call,104.43864229765015,2020-12-01 11:20:00,104.414,-0.0003639358706686302,reject,-0.00040224490968643334,reject,0.0012546210278314707,break,,,offgrid,-0.5,USD_JPY
2020-12-01,call,104.43864229765015,2020-12-01 11:38:00,104.418,-0.0003256143576778614,reject,-0.0004405370721524138,reject,0.0009768430730332511,break,,,offgrid,-0.5,USD_JPY
2020-12-01,call,104.43864229765015,2020-12-01 14:28:00,104.428,0.0,reject,0.0010342053855287858,break,-0.0007086222086030158,reject,,,offgrid,-0.5,USD_JPY
2020-12-01,call,104.43864229765015,2020-12-01 16:47:00,104.435,-0.0005553693685067529,reject,-0.0007756020491215265,reject,-0.0008139033848806321,reject,,,offgrid,-0.5,USD_JPY
2020-12-01,call,104.43864229765015,2020-12-01 19:40:00,104.422,-9.576526019416942e-05,reject,-0.0006033211392235671,reject,,,,,offgrid,-0.5,USD_JPY
2021-04-14,call,108.99182561307903,2021-04-14 05:08:00,108.966,-0.0002753152359450395,reject,-0.0011563239909695433,reject,-0.00014683479250399145,reject,,,offgrid,-0.5,USD_JPY
2021-04-14,call,108.99182561307903,2021-04-14 07:24:00,108.962,0.0006974908683761161,break,0.000238615297075917,reject,-0.00025697031992810704,reject,,,offgrid,-0.5,USD_JPY
2021-04-14,call,108.99182561307903,2021-04-14 08:43:00,108.98,-4.587997797766974e-05,reject,0.000532207744540214,break,-0.0005505597357313707,reject,,,offgrid,-0.5,USD_JPY
2021-04-14,call,108.99182561307903,2021-04-14 09:13:00,108.97,0.00033954299348448735,break,0.00031201248049916863,break,3.670735064709163e-05,reject,,,offgrid,-0.5,USD_JPY
2021-04-14,call,108.99182561307903,2021-04-14 09:19:00,108.976,5.5057994420737444e-05,reject,0.0002569373072971448,break,0.0005505799442078185,break,,,offgrid,-0.5,USD_JPY
2021-04-14,call,108.99182561307903,2021-04-14 12:02:00,108.965,-0.000156013398797894,reject,0.0,reject,-0.0002477859863259102,reject,,,offgrid,-0.5,USD_JPY
2021-04-14,call,108.99182561307903,2021-04-14 12:19:00,108.974,-0.0006148255547195891,reject,0.0005689430506359283,break,-0.0005505900490024862,reject,,,offgrid,-0.5,USD_JPY
2021-04-14,call,108.99182561307903,2021-04-14 13:01:00,108.986,-0.00016515882773937562,reject,0.0006698108013871718,break,-0.00040372157891854776,reject,,,offgrid,-0.5,USD_JPY
2021-04-14,call,108.99182561307903,2021-04-14 16:28:00,108.974,-0.0003211775285848484,reject,-0.00022023601960097228,reject,-0.000596472553086036,reject,,,offgrid,-0.5,USD_JPY
2021-04-14,call,108.99182561307903,2021-04-14 17:16:00,108.966,-0.00018354349063010034,reject,-9.177174531493915e-05,reject,-0.00025696088688209606,reject,,,offgrid,-0.5,USD_JPY
2021-04-14,call,108.99182561307903,2021-04-14 21:05:00,108.953,-0.00013767404293596464,reject,-0.00015603058199398223,reject,,,,,offgrid,-0.5,USD_JPY
2021-04-28,call,108.99182561307903,2021-04-28 06:28:00,108.968,0.0002018941340575786,reject,0.0005689743777990142,break,-0.00040378826811537927,reject,,,offgrid,-0.5,USD_JPY
2021-04-28,call,108.99182561307903,2021-04-28 11:10:00,108.97,0.00020189042855833783,break,-0.0006790859869688637,reject,-0.0014132329999081428,reject,,,offgrid,-0.5,USD_JPY
2021-04-28,call,108.99182561307903,2021-04-28 12:28:00,108.978,-0.0004404558718271723,reject,-0.00033034190387049023,reject,-0.0012479583035107655,reject,,,offgrid,-0.5,USD_JPY
2021-04-28,call,108.99182561307903,2021-04-28 12:49:00,108.978,-0.0005689221677769307,reject,-0.000587274495769674,reject,-0.0012479583035107655,reject,,,offgrid,-0.5,USD_JPY
2021-04-28,call,108.99182561307903,2021-04-28 13:38:00,108.959,-0.00028451068750634523,reject,-0.0017713084738295581,reject,-0.0006149101955782443,reject,,,offgrid,-0.5,USD_JPY
2021-04-28,call,108.99182561307903,2021-04-28 18:00:00,108.976,-0.001018572896784642,reject,-0.002495962413742503,reject,-0.0034686536485097896,reject,,,offgrid,-0.5,USD_JPY
2021-04-30,call,108.99182561307903,2021-04-30 00:10:00,108.96,0.00010095447870783758,reject,-0.000761747430249593,reject,-0.0011288546255505683,reject,,,offgrid,-0.5,USD_JPY
2021-04-30,call,108.99182561307903,2021-04-30 12:30:00,108.971,9.176753448159047e-05,reject,-0.00023859558965233507,reject,0.0030742124051352793,break,,,offgrid,-0.5,USD_JPY
2021-04-30,call,108.99182561307903,2021-04-30 12:41:00,108.974,0.00012847101143398376,reject,-0.0002752950245012986,reject,0.0030465982711471717,break,,,offgrid,-0.5,USD_JPY
2021-04-30,call,108.99182561307903,2021-04-30 13:35:00,108.976,0.0003303479665246467,break,0.0008075172515049633,break,0.0029731316987227085,break,,,offgrid,-0.5,USD_JPY
2021-04-30,call,108.99182561307903,2021-04-30 13:43:00,108.977,0.00044963616175874854,break,0.0007983335933270386,break,0.002963928168329133,break,,,offgrid,-0.5,USD_JPY
2021-04-30,call,108.99182561307903,2021-04-30 13:49:00,108.992,0.0004954492072812844,break,0.0007798737522020094,break,0.0028809453904872218,break,,,offgrid,-0.5,USD_JPY
2021-07-08,call,109.58904109589042,2021-07-08 14:57:00,109.558,0.0008488654411360486,break,0.0025465963234085898,break,0.002400554957191492,break,,,offgrid,-0.5,USD_JPY
2021-07-19,call,109.58904109589042,2021-07-19 15:31:00,109.562,-1.8254504298931273e-05,reject,-0.0015881418740073538,reject,-0.000994870484291921,reject,,,offgrid,-0.5,USD_JPY
2021-07-20,call,109.58904109589042,2021-07-20 01:02:00,109.564,-0.0005658793034207799,reject,-0.0004015917637180122,reject,-0.0009309627249826091,reject,,,offgrid,-0.5,USD_JPY
2021-07-20,call,109.58904109589042,2021-07-20 03:05:00,109.586,9.125253225783503e-05,break,-0.0011680324128994224,reject,0.00036501012903111807,break,,,offgrid,-0.5,USD_JPY
2021-07-20,call,109.58904109589042,2021-07-20 07:00:00,109.565,0.0006388901565281824,break,0.0005111121252223683,break,-0.001396431342125637,reject,,,offgrid,-0.5,USD_JPY
2021-07-20,call,109.58904109589042,2021-07-20 11:26:00,109.568,-0.00041983060747652345,reject,8.214077102808304e-05,reject,0.0030027015186917527,break,,,offgrid,-0.5,USD_JPY
2021-07-20,call,109.58904109589042,2021-07-20 11:48:00,109.58,0.0002737725862382856,break,-0.00032852710348607594,reject,0.003367402810731779,break,,,offgrid,-0.5,USD_JPY
2021-07-20,call,109.58904109589042,2021-07-20 12:54:00,109.56,-0.0010222709017890796,reject,0.0001460387002554242,reject,0.003066812705367017,break,,,offgrid,-0.5,USD_JPY
2021-07-20,call,109.58904109589042,2021-07-20 13:48:00,109.575,0.00038329911019840956,break,0.0029295003422313837,break,0.002582705909194516,break,,,offgrid,-0.5,USD_JPY
2021-07-20,call,109.58904109589042,2021-07-20 13:54:00,109.576,0.00036504344016941026,break,0.00292034752135506,break,0.0025918084252025686,break,,,offgrid,-0.5,USD_JPY
2021-08-03,call,108.99182561307903,2021-08-03 13:28:00,108.972,-0.0006240135080570752,reject,7.341335388910686e-05,reject,0.0012296736776420403,break,,,offgrid,-0.5,USD_JPY
2021-08-03,call,108.99182561307903,2021-08-03 14:23:00,108.966,-0.00011930326890952081,reject,0.0009544261512766106,break,0.0016977772883284281,break,,,offgrid,-0.5,USD_JPY
2021-08-03,call,108.99182561307903,2021-08-03 14:40:00,108.986,-0.00047712550235812223,reject,0.0007523902152568596,break,0.0012478666984749864,break,,,offgrid,-0.5,USD_JPY
2021-08-03,call,108.99182561307903,2021-08-03 15:03:00,108.986,0.00034866863633853384,break,0.001027654928155819,break,0.0009450755142861311,break,,,offgrid,-0.5,USD_JPY
2021-08-04,call,108.99182561307903,2021-08-04 01:50:00,108.97,0.0005781407726896948,break,0.0007708543635862597,break,0.0007525006882629359,break,,,offgrid,-0.5,USD_JPY
2021-08-04,call,108.99182561307903,2021-08-04 14:00:00,108.976,0.003780648950227672,break,0.005028630157098757,break,0.004817574511819078,break,,,offgrid,-0.5,USD_JPY
2022-01-03,call,115.27377521613835,2022-01-03 00:34:00,115.255,0.0002949980478070824,break,6.073489219571293e-05,reject,0.00023426315561136946,break,,,offgrid,-0.5,USD_JPY
2022-01-03,call,115.27377521613835,2022-01-03 02:19:00,115.248,8.676940163820923e-05,reject,0.0002603082049146277,break,0.0008329862557265866,break,,,offgrid,-0.5,USD_JPY
2022-01-03,call,115.27377521613835,2022-01-03 14:26:00,115.246,0.0004859170817208547,break,0.000624750533641194,break,0.0005379796261910652,break,,,offgrid,-0.5,USD_JPY
2022-01-14,call,113.96011396011396,2022-01-14 01:03:00,113.943,0.00022818426757242882,break,-0.0006406712127993153,reject,-0.0018869083664639907,reject,,,offgrid,-0.5,USD_JPY
2022-01-14,call,113.96011396011396,2022-01-14 10:06:00,113.936,0.00043884285914908006,break,-0.0004915040022469563,reject,-0.003686280016851562,reject,,,offgrid,-0.5,USD_JPY
2022-01-14,call,113.96011396011396,2022-01-14 11:28:00,113.964,-0.00029833982661187086,reject,-0.0017373907549751433,reject,-0.0013688533221016819,reject,,,offgrid,-0.5,USD_JPY
2022-01-14,call,113.96011396011396,2022-01-14 16:53:00,113.949,0.000131637837980092,break,0.0016059816233577884,break,0.001974567569702268,break,,,offgrid,-0.5,USD_JPY
2022-01-14,call,113.96011396011396,2022-01-14 16:58:00,113.941,0.0006670118745666365,break,0.0016060943821802898,break,0.002378423921152173,break,,,offgrid,-0.5,USD_JPY
2022-01-14,call,113.96011396011396,2022-01-14 17:02:00,113.942,0.0011409313510384322,break,0.0014042232012778655,break,0.0023696266521564535,break,,,offgrid,-0.5,USD_JPY
2022-01-14,call,113.96011396011396,2022-01-14 17:06:00,113.939,0.0011760678959793491,break,0.0015095796873767497,break,0.002589104696372635,break,,,offgrid,-0.5,USD_JPY
2023-12-07,call,145.45454545454547,2023-12-07 08:26:00,145.394,-0.0016575649614153365,reject,-0.0005777404844766743,reject,-0.001004167984923865,reject,,,offgrid,-0.5,USD_JPY
2024-08-02,call,147.60147601476015,2024-08-02 12:38:00,147.524,-0.0014912827743281953,reject,-0.00012201404517231396,reject,-0.0034163932648246798,reject,,,offgrid,-0.5,USD_JPY
2024-08-02,call,147.60147601476015,2024-08-02 13:00:00,147.636,0.0024384296513046966,break,-0.0035492698257877375,reject,-0.005330678154379709,reject,,,offgrid,-0.5,USD_JPY
2024-08-02,call,147.60147601476015,2024-08-02 13:04:00,147.654,0.0019505059124711455,break,-0.005255529819713778,reject,-0.00555352377856333,reject,,,offgrid,-0.5,USD_JPY
2024-08-02,call,147.60147601476015,2024-08-02 13:40:00,147.618,-0.002926472381416856,reject,-0.005229714533457885,reject,-0.0057445568968552685,reject,,,offgrid,-0.5,USD_JPY
2024-08-02,call,147.60147601476015,2024-08-02 13:42:00,147.446,-0.0021295932070045653,reject,-0.0044219578693215356,reject,-0.004510125740949222,reject,,,offgrid,-0.5,USD_JPY
2024-08-07,call,147.60147601476015,2024-08-07 04:21:00,147.654,0.00035217467864057106,break,-0.0007178945372289247,reject,-0.006691318894171516,reject,,,offgrid,-0.5,USD_JPY
2024-08-07,call,147.60147601476015,2024-08-07 05:06:00,147.652,-0.0007043588979491755,reject,-0.004199062660851016,reject,-0.002783572183241545,reject,,,offgrid,-0.5,USD_JPY
2024-08-07,call,147.60147601476015,2024-08-07 05:10:00,147.574,-0.0004607857752721989,reject,-0.005603968178676477,reject,-0.002832477265643063,reject,,,offgrid,-0.5,USD_JPY
2024-08-07,call,147.60147601476015,2024-08-07 05:13:00,147.612,0.0005216378072243621,break,-0.006652575671354577,reject,-0.0029943365038073155,reject,,,offgrid,-0.5,USD_JPY
2024-08-07,call,147.60147601476015,2024-08-07 05:17:00,147.584,0.0005691673894190341,break,-0.004851474414570789,reject,-0.0016939505637467711,reject,,,offgrid,-0.5,USD_JPY
2024-08-07,call,147.60147601476015,2024-08-07 05:22:00,147.568,0.000562452564241589,break,-0.004418302070909763,reject,-0.0011384582023202805,reject,,,offgrid,-0.5,USD_JPY
2024-08-07,call,147.60147601476015,2024-08-07 05:27:00,147.582,-0.0015449038500628953,reject,-0.003808052472523582,reject,-0.0006504858316055406,reject,,,offgrid,-0.5,USD_JPY
2024-08-07,call,147.60147601476015,2024-08-07 05:31:00,147.661,-0.0037247479022898267,reject,-0.005465221012995958,reject,-0.0016727504215738875,reject,,,offgrid,-0.5,USD_JPY
2024-08-07,call,147.60147601476015,2024-08-07 09:57:00,147.61,-0.0015378361899600623,reject,-0.002601449766276076,reject,-0.0026962942890049746,reject,,,offgrid,-0.5,USD_JPY
2024-08-07,call,147.60147601476015,2024-08-07 15:04:00,147.516,-0.0007456818243444241,reject,-0.0016676157162611727,reject,-0.002847148783860609,reject,,,offgrid,-0.5,USD_JPY
2024-08-07,call,147.60147601476015,2024-08-07 15:35:00,147.648,-0.002126679670567788,reject,-0.0017744906805374772,reject,-0.00547247507585602,reject,,,offgrid,-0.5,USD_JPY
2024-08-08,call,147.60147601476015,2024-08-08 23:11:00,147.652,-0.00029799799528607007,break,,,,,,,offgrid,-0.5,USD_JPY
2024-08-09,call,147.60147601476015,2024-08-09 00:08:00,147.588,-0.0011383039271486428,reject,-0.00027102474455908965,reject,-0.0023714665148927283,reject,,,offgrid,-0.5,USD_JPY
2024-08-09,call,147.60147601476015,2024-08-09 00:58:00,147.552,-0.00044729993493819453,reject,-0.002981999566254556,reject,-0.0048389720234222056,reject,,,offgrid,-0.5,USD_JPY
2024-08-09,call,147.60147601476015,2024-08-09 01:10:00,147.578,-0.0014704088685306704,reject,-0.0029272655815908433,reject,-0.004824567347436526,reject,,,offgrid,-0.5,USD_JPY
2024-08-12,call,147.60147601476015,2024-08-12 11:24:00,147.598,0.00017615414842997446,break,-5.4201276440180024e-05,reject,-0.001571837016761779,reject,,,offgrid,-0.5,USD_JPY
2024-08-12,call,147.60147601476015,2024-08-12 12:07:00,147.539,0.000352449182928094,reject,0.001999471326225688,break,-0.000725231972563134,reject,,,offgrid,-0.5,USD_JPY
2024-08-12,call,147.60147601476015,2024-08-12 12:13:00,147.558,0.00024397186191182918,reject,0.002873446373629296,break,-0.0011249813632605576,reject,,,offgrid,-0.5,USD_JPY
2024-08-13,call,147.60147601476015,2024-08-13 04:23:00,147.616,0.0006232386733144857,break,0.0002371016691957717,break,0.000711305007587093,break,,,offgrid,-0.5,USD_JPY
2024-08-13,call,147.60147601476015,2024-08-13 10:57:00,147.582,-3.387947039612538e-05,reject,-0.0014093859684785048,reject,-0.004248485587673212,reject,,,offgrid,-0.5,USD_JPY
2024-08-13,call,147.60147601476015,2024-08-13 11:03:00,147.58,0.0001761756335545428,break,-0.0011383656321994895,reject,-0.0036861363328365426,reject,,,offgrid,-0.5,USD_JPY
2024-08-14,call,147.60147601476015,2024-08-14 12:33:00,147.492,-0.001098364657066031,reject,-0.0018306077617767924,reject,-0.0040002169609199,reject,,,offgrid,-0.5,USD_JPY
2024-08-15,call,147.60147601476015,2024-08-15 01:53:00,147.57,-0.00021006979738436016,reject,-0.0007589618486142369,reject,-0.0030900589550720836,reject,,,offgrid,-0.5,USD_JPY
2024-08-15,call,147.60147601476015,2024-08-15 02:28:00,147.584,-0.0003794449262793931,reject,-0.0010163703382480849,reject,-0.002500271032090162,reject,,,offgrid,-0.5,USD_JPY
2024-08-15,call,147.60147601476015,2024-08-15 12:30:00,148.072,0.00505159652061149,break,0.006672429628829191,break,0.005855259603436025,break,,,offgrid,-0.5,USD_JPY
2024-08-19,call,147.60147601476015,2024-08-19 02:16:00,147.58,0.00031169535167352436,break,-0.004770294077788395,reject,-0.014290554275647183,reject,,,offgrid,-0.5,USD_JPY
2024-08-19,call,147.60147601476015,2024-08-19 02:25:00,147.584,-0.0003794449262793931,reject,-0.004553339115351274,reject,-0.014398579791847332,reject,,,offgrid,-0.5,USD_JPY
2024-08-19,call,147.60147601476015,2024-08-19 02:35:00,147.584,-0.0013754878577624252,reject,-0.006071118820468402,reject,-0.014405355594102387,reject,,,offgrid,-0.5,USD_JPY
2024-08-19,call,147.60147601476015,2024-08-19 02:43:00,147.567,-0.0016670393787229232,reject,-0.0075491132841353226,reject,-0.014251153713228604,reject,,,offgrid,-0.5,USD_JPY
2024-09-03,call,145.45454545454547,2024-09-03 13:56:00,145.407,-0.0007771290240496942,reject,0.0012585363840804664,break,0.003170411328202727,break,,,offgrid,-0.5,USD_JPY
2024-09-03,call,145.45454545454547,2024-09-03 14:18:00,145.437,0.00030941232286130216,break,0.0026403184884176145,break,0.0024271677771130484,break,,,offgrid,-0.5,USD_JPY
2024-09-03,call,145.45454545454547,2024-09-03 14:22:00,145.416,0.0002681960719592702,break,0.0022555977333993393,break,0.0026682070748749176,break,,,offgrid,-0.5,USD_JPY
2024-09-03,call,145.45454545454547,2024-09-03 14:42:00,145.442,0.0011000948831836332,break,0.0029152514404366947,break,0.002598974161521328,break,,,offgrid,-0.5,USD_JPY
2024-09-03,call,145.45454545454547,2024-09-03 14:50:00,145.431,0.0016296387977803306,break,0.0032524014824899528,break,0.0030736225426488684,break,,,offgrid,-0.5,USD_JPY
2024-09-03,call,145.45454545454547,2024-09-03 22:11:00,145.429,0.00021316243665303602,break,-0.001230841166479868,reject,,,,,offgrid,-0.5,USD_JPY
2024-09-04,call,145.45454545454547,2024-09-04 00:02:00,145.446,6.875403929984536e-05,break,-0.00154009048031567,reject,-0.0008800517030375099,reject,,,offgrid,-0.5,USD_JPY
2024-09-04,call,145.45454545454547,2024-09-04 00:06:00,145.43,-0.0003988173004193518,reject,-0.0007976346008390367,reject,-0.0003575603383072501,reject,,,offgrid,-0.5,USD_JPY
2024-09-04,call,145.45454545454547,2024-09-04 00:11:00,145.475,-0.0010448530675373213,reject,-0.0009417425674514979,reject,-0.00019934696683276965,reject,,,offgrid,-0.5,USD_JPY
2024-09-04,call,145.45454545454547,2024-09-04 01:34:00,145.443,0.0005156659309832889,break,0.0001581375521682027,break,-0.002537076380437653,reject,,,offgrid,-0.5,USD_JPY
2024-09-04,call,145.45454545454547,2024-09-04 01:45:00,145.462,-0.00021998872557771332,reject,-0.0002887352023208667,reject,-0.0020417703592691128,reject,,,offgrid,-0.5,USD_JPY
2024-09-04,call,145.45454545454547,2024-09-04 02:34:00,145.466,-0.0002818528040916535,reject,0.00028872726272810567,break,-0.0015536276518224312,reject,,,offgrid,-0.5,USD_JPY
2024-09-04,call,145.45454545454547,2024-09-04 03:30:00,145.476,-0.0003986911930490278,reject,0.00017872363826332283,break,-0.004784294316588333,reject,,,offgrid,-0.5,USD_JPY
2024-09-04,call,145.45454545454547,2024-09-04 04:08:00,145.418,-4.1260366667073e-05,reject,-0.0019667441444662925,reject,-0.0027506911111416787,reject,,,offgrid,-0.5,USD_JPY
2024-10-04,call,147.60147601476015,2024-10-04 12:30:00,147.928,0.0021834946730843185,break,0.004508950300146086,break,0.0067735655183602805,break,,,offgrid,-0.5,USD_JPY
2026-01-26,call,154.44015444015443,2026-01-26 01:52:00,154.425,-0.0003691112190384871,reject,-0.002383033835195225,reject,-0.0025708272624253015,reject,,,offgrid,-0.5,USD_JPY
2026-01-26,call,154.44015444015443,2026-01-26 01:57:00,154.472,-0.0023823087679319954,reject,-0.002900201978352057,reject,-0.002848412657310062,reject,,,offgrid,-0.5,USD_JPY
2026-01-26,call,154.44015444015443,2026-01-26 06:15:00,154.416,-0.0015024349808310244,reject,-0.0019233758159775682,reject,-0.00375608745207745,reject,,,offgrid,-0.5,USD_JPY
2026-01-26,call,154.44015444015443,2026-01-26 23:50:00,154.407,,,,,,,,,offgrid,-0.5,USD_JPY
2026-04-30,call,156.8627450980392,2026-04-30 11:16:00,156.924,-0.0012490122607121679,reject,-0.0022303790369859744,reject,-0.0011852871453698066,reject,,,offgrid,-0.5,USD_JPY
2026-04-30,call,156.8627450980392,2026-04-30 11:21:00,156.704,-0.0038416377373902133,reject,-0.0005998570553399363,reject,2.5525832141992666e-05,reject,,,offgrid,-0.5,USD_JPY
2026-04-30,call,156.8627450980392,2026-04-30 11:25:00,156.634,-0.002304735881098585,reject,0.0006320466820741721,reject,0.0006511996118339081,reject,,,offgrid,-0.5,USD_JPY
2026-04-30,call,156.8627450980392,2026-04-30 12:37:00,156.843,-0.0004399303762360196,reject,-0.0006758350707395389,reject,-0.0009244913703511104,reject,,,offgrid,-0.5,USD_JPY
2026-04-30,call,156.8627450980392,2026-04-30 12:55:00,156.808,-0.002519004132442104,reject,0.00043365134431927466,break,-0.0014284985459924737,reject,,,offgrid,-0.5,USD_JPY
2026-04-30,call,156.8627450980392,2026-04-30 12:58:00,156.792,-0.0007143221592937898,reject,0.0008291239348945378,break,-0.0014669115771211994,reject,,,offgrid,-0.5,USD_JPY
2026-04-30,call,156.8627450980392,2026-04-30 13:01:00,156.84,-0.00041443509308847215,reject,7.651109410855561e-05,reject,-0.0020402958428972218,reject,,,offgrid,-0.5,USD_JPY
2026-04-30,call,156.8627450980392,2026-04-30 13:06:00,156.828,4.4634886627425985e-05,reject,-0.00031882061876709056,reject,-0.0014857040834544977,reject,,,offgrid,-0.5,USD_JPY
2026-04-30,call,156.8627450980392,2026-04-30 13:18:00,156.773,-0.0007080300817103868,reject,-2.5514597539078032e-05,reject,-0.0011481568892602878,reject,,,offgrid,-0.5,USD_JPY
2026-04-30,call,156.8627450980392,2026-04-30 13:49:00,156.851,-0.0003634022097404044,reject,-0.001715003410880378,reject,-0.002237792554717566,reject,,,offgrid,-0.5,USD_JPY
2026-04-30,call,156.8627450980392,2026-04-30 14:09:00,156.789,-0.0008355177978046635,reject,-0.0007079578286741661,reject,-0.0021621414767617475,reject,,,offgrid,-0.5,USD_JPY
2026-04-30,call,156.8627450980392,2026-04-30 23:43:00,156.837,0.001109432085541151,break,,,,,,,offgrid,-0.5,USD_JPY
2026-05-01,call,156.8627450980392,2026-05-01 15:50:00,156.812,-0.000733362242685609,reject,0.0004208861566714628,break,0.0017600693824451064,break,,,offgrid,-0.5,USD_JPY
2026-05-01,call,156.8627450980392,2026-05-01 16:23:00,156.818,0.000484638243058777,break,0.0005292759759720767,break,0.0013646392633499538,break,,,offgrid,-0.5,USD_JPY
2026-05-01,call,156.8627450980392,2026-05-01 16:26:00,156.852,3.8252620304435325e-05,reject,0.0005610384311325323,break,0.0011922066661564923,break,,,offgrid,-0.5,USD_JPY
2026-05-04,call,156.8627450980392,2026-05-04 01:18:00,156.886,0.0009624823119973591,break,0.0015170251010288016,break,-0.0005609168440777745,reject,,,offgrid,-0.5,USD_JPY
2026-05-04,call,156.8627450980392,2026-05-04 05:18:00,156.798,0.00024235002997485822,reject,7.653158841303132e-05,reject,0.0011607290909321222,break,,,offgrid,-0.5,USD_JPY
2026-05-04,call,156.8627450980392,2026-05-04 05:33:00,156.836,-0.0002040347879314064,reject,-7.01369583515632e-05,reject,0.0008671478487081163,break,,,offgrid,-0.5,USD_JPY
2026-05-04,call,156.8627450980392,2026-05-04 06:36:00,156.852,0.0002805192155661551,break,0.0003570244561752478,break,0.0009308137607424438,break,,,offgrid,-0.5,USD_JPY
2026-05-04,call,156.8627450980392,2026-05-04 19:00:00,157.022,0.0002611099081657464,break,0.000636853434550666,break,0.0013692348842837543,break,,,offgrid,-0.5,USD_JPY
2026-05-07,call,156.8627450980392,2026-05-07 17:35:00,156.822,-0.0005611457576104595,reject,-0.0005483924449376509,reject,0.0001912996900945707,reject,,,offgrid,-0.5,USD_JPY
2026-05-07,call,156.8627450980392,2026-05-07 18:44:00,156.842,-0.0006057051045000872,reject,-0.000484564083600203,reject,0.0002295303553894179,break,,,offgrid,-0.5,USD_JPY
2026-05-07,call,156.8627450980392,2026-05-07 19:20:00,156.816,-0.00035072951739623104,reject,0.0003124681154984543,break,0.0005101520253034675,break,,,offgrid,-0.5,USD_JPY
2026-05-07,call,156.8627450980392,2026-05-07 19:25:00,156.841,-0.0007013472242590746,reject,0.0001466453287086722,break,0.0003761771475569997,break,,,offgrid,-0.5,USD_JPY
2026-05-07,call,156.8627450980392,2026-05-07 19:52:00,156.838,-8.28880755939787e-05,reject,0.0005355844884531447,break,,,,,offgrid,-0.5,USD_JPY
2026-05-07,call,156.8627450980392,2026-05-07 20:07:00,156.825,0.0002996971146183025,break,9.56480153038175e-05,reject,,,,,offgrid,-0.5,USD_JPY
2026-05-07,call,156.8627450980392,2026-05-07 20:13:00,156.858,3.825115709754634e-05,break,0.00010200308559338289,break,,,,,offgrid,-0.5,USD_JPY
2026-05-07,call,156.8627450980392,2026-05-07 21:21:00,156.869,-0.0004462322064907598,reject,-1.912423742089775e-05,break,,,,,offgrid,-0.5,USD_JPY
2026-05-07,call,156.8627450980392,2026-05-07 21:44:00,156.859,-2.550060882711147e-05,reject,0.00033788306695825554,break,,,,,offgrid,-0.5,USD_JPY
2026-05-08,call,156.8627450980392,2026-05-08 04:01:00,156.848,0.00018489237988372764,break,-6.3755993063852046e-06,reject,3.1877996531592956e-05,reject,,,offgrid,-0.5,USD_JPY
2026-05-08,call,156.8627450980392,2026-05-08 06:03:00,156.802,0.00012754939350267946,reject,0.00015305927220321536,reject,-0.000931110572569116,reject,,,offgrid,-0.5,USD_JPY
2026-05-08,call,156.8627450980392,2026-05-08 06:12:00,156.828,-0.0003443262682684134,reject,-0.00031244420639175985,reject,-0.0007970515469176709,reject,,,offgrid,-0.5,USD_JPY
2026-05-08,call,156.8627450980392,2026-05-08 07:25:00,156.842,-0.00025503372821067405,reject,-0.0006375843205265186,reject,-0.0004718123971896304,reject,,,offgrid,-0.5,USD_JPY
2026-05-08,call,156.8627450980392,2026-05-08 07:47:00,156.83,6.376331059110285e-05,reject,-0.0010967289421668358,reject,-0.000344321877191911,reject,,,offgrid,-0.5,USD_JPY
2026-05-08,call,156.8627450980392,2026-05-08 08:00:00,156.852,-0.00026776834213149137,reject,-0.0009945681279167617,reject,-0.0006885471654808351,reject,,,offgrid,-0.5,USD_JPY
2026-08-03,call,156.8627450980392,2026-08-03 06:54:00,156.843,-0.0011476444597462443,reject,-0.0007332172937267734,reject,0.00013389185363710254,break,,,offgrid,-0.5,USD_JPY
2026-08-03,call,156.8627450980392,2026-08-03 08:32:00,156.828,0.0005993827632819748,break,0.0012625296503177008,break,-0.0006376412375340701,reject,,,offgrid,-0.5,USD_JPY
2026-08-03,call,156.8627450980392,2026-08-03 08:39:00,156.864,8.924928600562154e-05,break,0.0012494900040800339,break,-0.00045899632802937074,reject,,,offgrid,-0.5,USD_JPY
2026-08-03,call,156.8627450980392,2026-08-03 10:54:00,156.864,-0.0003506221950224653,reject,-0.0003888718890249221,reject,-0.00141523867809068,reject,,,offgrid,-0.5,USD_JPY
2026-08-03,call,156.8627450980392,2026-08-03 10:59:00,156.829,-0.0002678076121125361,reject,-0.0010393485898654298,reject,-0.0016961148767129508,reject,,,offgrid,-0.5,USD_JPY
2026-08-03,call,156.8627450980392,2026-08-03 11:04:00,156.858,1.2750385699256128e-05,reject,-0.0011985362557218604,reject,-0.0013132897270143884,reject,,,offgrid,-0.5,USD_JPY
2026-08-03,call,156.8627450980392,2026-08-03 11:11:00,156.844,0.0003697941904057256,break,-0.0009946188569533998,reject,-0.0005738185713193289,reject,,,offgrid,-0.5,USD_JPY
2026-08-03,call,156.8627450980392,2026-08-03 11:18:00,156.852,0.0005610384311325323,break,-0.0011348277356998393,reject,-0.0004144033866320118,reject,,,offgrid,-0.5,USD_JPY
2026-08-03,call,156.8627450980392,2026-08-03 12:42:00,156.847,-0.0004335435169305901,reject,-0.003028428978558706,reject,0.00032515763769791484,break,,,offgrid,-0.5,USD_JPY
2026-08-03,call,156.8627450980392,2026-08-03 13:03:00,156.848,-0.001243241864735456,reject,-0.0020146893808018485,reject,0.0004845455472815008,break,,,offgrid,-0.5,USD_JPY
2026-08-03,call,156.8627450980392,2026-08-03 13:07:00,156.834,-0.0015430327607532934,reject,-0.0020148692247854427,reject,0.0007906448856753734,break,,,offgrid,-0.5,USD_JPY
2026-08-03,call,156.8627450980392,2026-08-03 15:25:00,156.846,-0.0002932813077795027,reject,0.00010838657026623899,break,1.9127041811728418e-05,reject,,,offgrid,-0.5,USD_JPY
2026-08-03,call,156.8627450980392,2026-08-03 15:44:00,156.896,0.00047165001019799924,break,-6.373648786450747e-05,break,-2.5494595145780785e-05,break,,,offgrid,-0.5,USD_JPY
2026-08-03,call,156.8627450980392,2026-08-03 19:13:00,156.848,2.5502397225318774e-05,reject,0.0012241150668161893,break,0.003111292461491333,break,,,offgrid,-0.5,USD_JPY
2020-11-05,call,103.8961038961039,2020-11-05 12:55:00,103.866,-0.001771513295977467,reject,-0.0017137465580652211,reject,-0.0017137465580652211,reject,,,offgrid,0.5,USD_JPY
2020-11-09,call,103.8961038961039,2020-11-09 11:45:00,103.872,0.0029651879235983447,break,0.006739063462723349,break,0.014768176216882312,break,,,offgrid,0.5,USD_JPY
2020-11-18,call,103.8961038961039,2020-11-18 10:42:00,103.878,0.0,reject,-0.0005776006469127015,reject,-9.626677448548726e-05,reject,,,offgrid,0.5,USD_JPY
2020-11-18,call,103.8961038961039,2020-11-18 11:45:00,103.9,0.0002887391722810051,break,0.00019249278152067006,break,-0.0021174205967275928,reject,,,offgrid,0.5,USD_JPY
2020-11-18,call,103.8961038961039,2020-11-18 20:54:00,103.878,-7.70134195883232e-05,reject,-0.0007605075184350385,reject,,,,,offgrid,0.5,USD_JPY
2020-11-18,call,103.8961038961039,2020-11-18 23:52:00,103.887,,,,,,,,,offgrid,0.5,USD_JPY
2020-11-19,call,103.8961038961039,2020-11-19 01:47:00,103.876,-0.00043320882590780485,reject,-0.0006161192190690112,reject,-0.0009338056914013348,reject,,,offgrid,0.5,USD_JPY
2020-11-19,call,103.8961038961039,2020-11-19 06:19:00,103.875,-6.738868832734113e-05,reject,0.00037545126353788483,break,0.0027533092659446368,break,,,offgrid,0.5,USD_JPY
2020-11-19,call,103.8961038961039,2020-11-19 08:06:00,103.884,0.0003465403719533633,break,0.0005486889222594549,break,0.0009433599014285754,break,,,offgrid,0.5,USD_JPY
2020-11-19,call,103.8961038961039,2020-11-19 15:47:00,103.857,0.00030811596714719336,reject,0.00027923009522701214,reject,-0.0006547464301875916,reject,,,offgrid,0.5,USD_JPY
2020-11-19,call,103.8961038961039,2020-11-19 15:51:00,103.88,7.701193685027974e-05,reject,0.00010589141316907913,reject,-0.0008086253369271601,reject,,,offgrid,0.5,USD_JPY
2020-11-20,call,103.8961038961039,2020-11-20 00:23:00,103.878,-0.0001925335489708635,reject,-0.0002695469685592977,reject,-0.0005968540018097546,reject,,,offgrid,0.5,USD_JPY
2020-11-20,call,103.8961038961039,2020-11-20 00:50:00,103.868,-0.0002792005237416406,reject,-5.776562560178e-05,reject,-0.0005391458389494286,reject,,,offgrid,0.5,USD_JPY
2020-11-20,call,103.8961038961039,2020-11-20 01:18:00,103.878,-0.00025029361366213365,reject,0.00031768035580204135,break,-0.0004620805175301612,reject,,,offgrid,0.5,USD_JPY
2020-11-20,call,103.8961038961039,2020-11-20 01:51:00,103.88,-0.00011551790527530859,reject,-0.0001925298421254773,reject,-0.000558336542163973,reject,,,offgrid,0.5,USD_JPY
2020-11-20,call,103.8961038961039,2020-11-20 07:46:00,103.875,-0.00014440433212992154,reject,-0.0002888086642599541,reject,-0.0009434416365824427,reject,,,offgrid,0.5,USD_JPY
2020-11-20,call,103.8961038961039,2020-11-20 07:58:00,103.872,-9.627233518183509e-05,reject,-0.0007027880468267744,reject,-0.000750924214417803,reject,,,offgrid,0.5,USD_JPY
2020-11-23,call,103.8961038961039,2020-11-23 14:48:00,103.95,0.001481481481481417,break,0.0030399230399229538,break,0.004357864357864338,break,,,offgrid,0.5,USD_JPY
2020-11-30,call,103.8961038961039,2020-11-30 01:18:00,103.868,0.0002118072938730453,reject,0.00025994531520767694,reject,4.8138021334853676e-05,reject,,,offgrid,0.5,USD_JPY
2020-11-30,call,103.8961038961039,2020-11-30 06:21:00,103.876,7.701490238365416e-05,reject,0.0008471639262197517,break,0.0012514921637336585,break,,,offgrid,0.5,USD_JPY
2021-04-20,call,108.40108401084011,2021-04-20 06:43:00,108.417,5.534187442934879e-05,break,-0.0008577990536540181,reject,-0.00010146010312028775,break,,,offgrid,0.5,USD_JPY
2021-04-20,call,108.40108401084011,2021-04-20 07:52:00,108.384,0.0003598317094775094,break,0.0009687776793623204,break,-0.00013839681133742676,reject,,,offgrid,0.5,USD_JPY
2021-04-20,call,108.40108401084011,2021-04-20 11:33:00,108.378,-0.00011072357858610271,reject,0.0008765616638062301,break,-0.0031002602004096547,reject,,,offgrid,0.5,USD_JPY
2021-04-27,call,108.40108401084011,2021-04-27 02:28:00,108.38,-0.00019376268684256903,reject,-0.0008211847204281364,reject,-0.0015777818785752684,reject,,,offgrid,0.5,USD_JPY
2021-04-27,call,108.40108401084011,2021-04-27 08:11:00,108.383,-0.00026756963730467653,reject,0.0003782881079137379,break,-0.000996466235479665,reject,,,offgrid,0.5,USD_JPY
2021-04-27,call,108.40108401084011,2021-04-27 09:05:00,108.394,0.00021218886654228442,break,-0.00123623078768198,reject,-0.0009502370979944663,reject,,,offgrid,0.5,USD_JPY
2021-04-27,call,108.40108401084011,2021-04-27 13:26:00,108.384,-0.00046132270445820023,reject,0.00014762326542672177,reject,0.002361972246825994,break,,,offgrid,0.5,USD_JPY
2021-04-27,call,108.40108401084011,2021-04-27 13:46:00,108.382,0.0003690649738885554,break,0.0008765293129855412,break,0.002583454817220554,break,,,offgrid,0.5,USD_JPY
2024-06-14,call,158.10276679841897,2024-06-14 05:52:00,158.092,0.0007084482453254548,break,0.00025301723047332914,break,-0.006287478177263828,reject,,,offgrid,0.5,USD_JPY
2024-06-14,call,158.10276679841897,2024-06-14 06:45:00,158.062,-0.0010249142741456385,reject,-0.0007718490212702545,reject,-0.006820108564993488,reject,,,offgrid,0.5,USD_JPY
2024-06-14,call,158.10276679841897,2024-06-14 07:11:00,158.068,-0.0006705974643825829,reject,-0.00391603613634639,reject,-0.0065035301262749146,reject,,,offgrid,0.5,USD_JPY
2024-06-14,call,158.10276679841897,2024-06-14 07:34:00,158.081,-0.001625748824969353,reject,-0.0024860672693113317,reject,-0.005522485308164793,reject,,,offgrid,0.5,USD_JPY
2024-08-02,call,146.52014652014654,2024-08-02 15:27:00,146.458,0.0015157929235685152,break,0.0039533518141721125,break,0.0007783801499405829,break,,,offgrid,0.5,USD_JPY
2024-08-02,call,146.52014652014654,2024-08-02 15:32:00,146.502,0.002307135738761179,break,0.003283231628237182,break,0.0007440171465233902,break,,,offgrid,0.5,USD_JPY
2024-08-02,call,146.52014652014654,2024-08-02 18:58:00,146.497,0.0003003474473879386,break,0.0006484774432240492,break,,,,,offgrid,0.5,USD_JPY
2024-08-14,call,146.52014652014654,2024-08-14 02:18:00,146.496,-0.00030034949759727425,reject,-0.0007099169943207695,reject,0.0033721057230231555,break,,,offgrid,0.5,USD_JPY
2024-08-14,call,146.52014652014654,2024-08-14 02:23:00,146.534,-0.0023271049722247694,reject,-0.00042310999494987733,reject,0.0034940696357159684,break,,,offgrid,0.5,USD_JPY
2024-08-14,call,146.52014652014654,2024-08-14 02:57:00,146.498,-0.0005051263498476732,reject,0.002232112383786733,break,0.0049283949268932314,break,,,offgrid,0.5,USD_JPY
2024-08-14,call,146.52014652014654,2024-08-14 03:00:00,146.478,-9.557749286592809e-05,reject,0.002348475538988648,break,0.005195319433635159,break,,,offgrid,0.5,USD_JPY
2024-08-14,call,146.52014652014654,2024-08-14 03:28:00,146.544,0.0018697456054155293,break,0.003207227863303741,break,0.0044696473414127524,break,,,offgrid,0.5,USD_JPY
2024-08-19,call,146.52014652014654,2024-08-19 03:45:00,146.494,-2.7304872554423376e-05,reject,-0.0032902371428181754,reject,-0.0018157740248746501,reject,,,offgrid,0.5,USD_JPY
2024-08-19,call,146.52014652014654,2024-08-19 03:51:00,146.477,0.0005120257787911697,break,-0.002450896727813956,reject,-0.00243724270704615,reject,,,offgrid,0.5,USD_JPY
2024-08-19,call,146.52014652014654,2024-08-19 04:00:00,146.49,0.0008191685439280505,break,-0.0014608505700047791,reject,-0.002204928664072736,reject,,,offgrid,0.5,USD_JPY
2024-08-19,call,146.52014652014654,2024-08-19 10:35:00,146.492,-0.0014949621822352155,reject,-0.0018840619282962656,reject,-0.0011741255495180125,reject,,,offgrid,0.5,USD_JPY
2024-08-19,call,146.52014652014654,2024-08-19 13:07:00,146.524,-0.0008667522044171205,reject,-0.0010919712811552351,reject,-1.3649641014468195e-05,break,,,offgrid,0.5,USD_JPY
2024-08-19,call,146.52014652014654,2024-08-19 13:11:00,146.526,-0.0009827607387085102,reject,0.00012284509233850827,break,-0.00040265891377633256,reject,,,offgrid,0.5,USD_JPY
2024-08-19,call,146.52014652014654,2024-08-19 13:15:00,146.57,-0.0014327625025584156,reject,0.00015692160742308836,break,-0.00043665142935112033,reject,,,offgrid,0.5,USD_JPY
2024-08-19,call,146.52014652014654,2024-08-19 13:42:00,146.474,-0.00017750590548482048,reject,-0.0010923440337533563,reject,0.00040962901265761964,break,,,offgrid,0.5,USD_JPY
2024-08-19,call,146.52014652014654,2024-08-19 13:45:00,146.414,-0.0008195937546954246,reject,-0.001079131777015796,reject,0.0009083830781209112,break,,,offgrid,0.5,USD_JPY
2024-08-19,call,146.52014652014654,2024-08-19 14:10:00,146.578,-0.0008323213579118915,reject,-0.0010438128504959288,reject,-0.00020466918637174203,break,,,offgrid,0.5,USD_JPY
2024-08-19,call,146.52014652014654,2024-08-19 15:21:00,146.503,0.0005938444946520516,break,-0.0002320771588294468,reject,0.0005938444946520516,break,,,offgrid,0.5,USD_JPY
2024-08-19,call,146.52014652014654,2024-08-19 16:28:00,146.489,0.0005529425417607481,break,0.0007372567223478121,break,0.0012082818505143589,break,,,offgrid,0.5,USD_JPY
2024-08-19,call,146.52014652014654,2024-08-19 17:13:00,146.506,0.0006211349705813607,break,0.00019794411150386715,break,0.0007098685378075231,break,,,offgrid,0.5,USD_JPY
2024-08-20,call,146.52014652014654,2024-08-20 00:21:00,146.492,4.778417934092616e-05,reject,-0.0022117248723478866,reject,0.003911476394615532,break,,,offgrid,0.5,USD_JPY
2024-08-20,call,146.52014652014654,2024-08-20 00:29:00,146.522,-0.0009145384310887961,reject,-0.0016789287615510684,reject,0.003439756487080503,break,,,offgrid,0.5,USD_JPY
2024-08-20,call,146.52014652014654,2024-08-20 00:36:00,146.499,-0.0015563246165503086,reject,-0.00018430159932825152,reject,0.003228690980825899,break,,,offgrid,0.5,USD_JPY
2024-08-20,call,146.52014652014654,2024-08-20 01:37:00,146.428,-0.0007102466741332192,reject,0.0020897642527386573,break,0.005080995438030866,break,,,offgrid,0.5,USD_JPY
2024-08-20,call,146.52014652014654,2024-08-20 01:40:00,146.526,-0.0017198312927398929,reject,0.0015696872909927162,break,0.0043951244147795165,break,,,offgrid,0.5,USD_JPY
2024-08-20,call,146.52014652014654,2024-08-20 02:06:00,146.524,0.00012284676912988068,break,0.0031257677923071103,break,0.004736425432011027,break,,,offgrid,0.5,USD_JPY
2024-08-20,call,146.52014652014654,2024-08-20 07:41:00,146.52,0.0005391755391754849,break,-0.0016380016380016515,reject,-0.00011602511602526455,reject,,,offgrid,0.5,USD_JPY
2024-08-20,call,146.52014652014654,2024-08-20 08:01:00,146.534,-5.459483805791976e-05,break,2.7297419029181924e-05,break,-0.0012283838563061922,reject,,,offgrid,0.5,USD_JPY
2024-08-20,call,146.52014652014654,2024-08-20 08:10:00,146.49,-0.00015018089972029802,reject,-0.00023209775411303646,reject,-0.0008464741620588523,reject,,,offgrid,0.5,USD_JPY
2024-08-20,call,146.52014652014654,2024-08-20 08:26:00,146.514,-0.001597116999058179,reject,-4.0951717924619935e-05,reject,-0.0013650572641523695,reject,,,offgrid,0.5,USD_JPY
2024-08-20,call,146.52014652014654,2024-08-20 08:59:00,146.522,-0.0006551917118248207,reject,-0.00030029620125293643,reject,-0.0023750699553649612,reject,,,offgrid,0.5,USD_JPY
2024-08-20,call,146.52014652014654,2024-08-20 09:26:00,146.508,-0.0003890572528463254,reject,-0.001057962705108273,reject,-0.0027370519016026718,reject,,,offgrid,0.5,USD_JPY
2024-08-20,call,146.52014652014654,2024-08-20 09:44:00,146.508,-0.00020476697518223563,reject,-0.0006825565839410075,reject,-0.002429901438829485,reject,,,offgrid,0.5,USD_JPY
2024-08-20,call,146.52014652014654,2024-08-20 10:53:00,146.496,-4.0956749672305115e-05,reject,-0.0002116098733071503,reject,-0.006416557448667537,reject,,,offgrid,0.5,USD_JPY
2024-08-20,call,146.52014652014654,2024-08-20 11:06:00,146.506,-0.00034810860988621073,reject,-0.0010989311017979286,reject,-0.005883718072979938,reject,,,offgrid,0.5,USD_JPY
2024-08-20,call,146.52014652014654,2024-08-20 11:37:00,146.504,-0.00027985584011358533,reject,-0.0009692568121006939,reject,-0.005324086714355913,reject,,,offgrid,0.5,USD_JPY
2024-08-21,call,146.52014652014654,2024-08-21 14:00:00,146.34,-0.004810714773814451,reject,-0.005111384447177736,reject,-0.009935766024326997,reject,,,offgrid,0.5,USD_JPY
2024-08-22,call,146.52014652014654,2024-08-22 14:23:00,146.478,-0.0010513524215239878,reject,-0.0023621294665411297,reject,-0.0013107770450170309,reject,,,offgrid,0.5,USD_JPY
2024-10-02,call,146.52014652014654,2024-10-02 20:09:00,146.489,-0.0005051573838309453,reject,-0.0007577360757464735,reject,,,,,offgrid,0.5,USD_JPY
2024-10-02,call,146.52014652014654,2024-10-02 20:56:00,146.504,-0.0008873477857259671,reject,-0.0013514989351824935,reject,,,,,offgrid,0.5,USD_JPY
2024-10-02,call,146.52014652014654,2024-10-02 22:27:00,146.504,0.0005801889368208801,break,-0.00017746955714503798,reject,,,,,offgrid,0.5,USD_JPY
2024-10-02,call,146.52014652014654,2024-10-02 23:32:00,146.504,2.7303008791612626e-05,reject,,,,,,,offgrid,0.5,USD_JPY
2024-10-02,call,146.52014652014654,2024-10-02 23:37:00,146.492,-2.7305245337561068e-05,reject,,,,,,,offgrid,0.5,USD_JPY
2024-10-02,call,146.52014652014654,2024-10-02 23:52:00,146.488,,,,,,,,,offgrid,0.5,USD_JPY
2024-10-03,call,146.52014652014654,2024-10-03 08:02:00,146.484,0.0004778678900083655,break,0.002293765872040554,break,0.0010513093580186705,break,,,offgrid,0.5,USD_JPY
2024-10-03,call,146.52014652014654,2024-10-03 08:06:00,146.498,0.0004641701593197656,break,0.002327676828352665,break,0.0015563352400715935,break,,,offgrid,0.5,USD_JPY
2024-10-04,call,146.52014652014654,2024-10-04 02:20:00,146.498,0.0002320850796599938,break,-0.00037543174650833677,reject,-0.0028874114322380295,reject,,,offgrid,0.5,USD_JPY
2024-10-04,call,146.52014652014654,2024-10-04 02:45:00,146.494,-0.00047100905156516326,reject,-0.0006143596324764689,reject,-0.0023345666034104706,reject,,,offgrid,0.5,USD_JPY
2024-10-04,call,146.52014652014654,2024-10-04 10:30:00,146.513,0.00012968132520674303,break,-0.00034126664528066897,reject,0.013664316477036031,break,,,offgrid,0.5,USD_JPY
2024-10-04,call,146.52014652014654,2024-10-04 10:52:00,146.496,-0.0002662188728703718,reject,0.0004505242463959114,break,0.013188073394495348,break,,,offgrid,0.5,USD_JPY
2024-10-04,call,146.52014652014654,2024-10-04 10:58:00,146.504,-0.00018429530934305216,reject,0.0008327417681428528,break,0.013685633156773847,break,,,offgrid,0.5,USD_JPY
2024-10-04,call,146.52014652014654,2024-10-04 11:11:00,146.476,-0.00012288702586094047,reject,0.0007100139271962735,break,0.013845271580327001,break,,,offgrid,0.5,USD_JPY
2024-10-04,call,146.52014652014654,2024-10-04 11:48:00,146.51,0.0005733397037746002,break,0.012763633881646363,break,0.014900006825472767,break,,,offgrid,0.5,USD_JPY
2026-05-01,call,155.6420233463035,2026-05-01 06:52:00,155.724,0.00346767357632749,break,0.0043217487349414,break,0.005252883306362532,break,,,offgrid,0.5,USD_JPY
2026-05-01,call,155.6420233463035,2026-05-01 06:56:00,155.693,0.005048396523928522,break,0.006069637042127818,break,0.005697109054356941,break,,,offgrid,0.5,USD_JPY
2026-05-06,call,155.6420233463035,2026-05-06 04:49:00,155.49,0.0031513280596822124,break,0.005247925911634255,break,0.004411859283555142,break,,,offgrid,0.5,USD_JPY
2026-05-06,call,155.6420233463035,2026-05-06 04:57:00,155.756,0.0026772644392512035,break,0.003832918154035747,break,0.0015793934102057428,break,,,offgrid,0.5,USD_JPY
2026-08-03,call,155.6420233463035,2026-08-03 00:47:00,155.651,0.0024542084535272846,break,0.004233830813807682,break,0.005114005049758674,break,,,offgrid,0.5,USD_JPY
2026-08-03,call,155.6420233463035,2026-08-03 00:51:00,155.654,0.003918948436917757,break,0.004394361853855333,break,0.005589319901833534,break,,,offgrid,0.5,USD_JPY
2026-08-03,call,155.6420233463035,2026-08-03 00:54:00,155.734,0.0028253303710172872,break,0.0038784080547600297,break,0.005034225024721506,break,,,offgrid,0.5,USD_JPY
2026-08-03,call,155.6420233463035,2026-08-03 01:02:00,156.033,0.0012369178314843854,break,0.0024033377554748547,break,0.002211070735036902,break,,,offgrid,0.5,USD_JPY
2021-01-29,put,104.71204188481676,2021-01-29 10:58:00,104.72,0.00021008403361344463,reject,0.0002673796791443639,reject,0.0004774637127578085,reject,,,wall,0.0,USD_JPY
2021-01-29,put,104.71204188481676,2021-01-29 11:34:00,104.732,-5.728908070123939e-05,reject,-0.0005824389871289526,break,-0.00028644540350608594,break,,,wall,0.0,USD_JPY
2021-01-29,put,104.71204188481676,2021-01-29 13:33:00,104.704,-0.0006972035452321723,break,0.0008595660146699657,reject,-0.00026742053789718945,break,,,wall,0.0,USD_JPY
2021-01-29,put,104.71204188481676,2021-01-29 14:31:00,104.736,0.0007065383440267858,reject,-0.00042010388023228096,break,9.547815459809428e-05,reject,,,wall,0.0,USD_JPY
2021-01-29,put,104.71204188481676,2021-01-29 15:08:00,104.726,0.00013368218016540645,reject,-0.00024826690602142154,break,-0.00012413345301076628,reject,,,wall,0.0,USD_JPY
2021-01-29,put,104.71204188481676,2021-01-29 15:55:00,104.732,-0.00042011992514223717,break,-0.0009643661918038449,break,-0.00017186724210360715,reject,,,wall,0.0,USD_JPY
2021-01-29,put,104.71204188481676,2021-01-29 18:37:00,104.733,9.548088949928868e-06,reject,-0.00018141369004998076,reject,,,,,wall,0.0,USD_JPY
2021-02-26,put,106.38297872340425,2021-02-26 10:01:00,106.4,0.00027255639097734097,reject,-3.759398496250288e-05,reject,-0.000808270676691869,break,,,wall,0.0,USD_JPY
2021-02-26,put,106.38297872340425,2021-02-26 10:14:00,106.395,-0.00029136707552035457,break,-6.579256544003709e-05,reject,-0.0003289628272005185,break,,,wall,0.0,USD_JPY
2021-02-26,put,106.38297872340425,2021-02-26 11:00:00,106.409,6.57839092557122e-05,reject,-0.0006014528846245426,break,0.00049807817007963,reject,,,wall,0.0,USD_JPY
2021-02-26,put,106.38297872340425,2021-02-26 15:10:00,106.394,0.0007801191796530382,reject,0.0017764159633062437,reject,0.0014850461492188494,reject,,,wall,0.0,USD_JPY
2021-03-01,put,106.38297872340425,2021-03-01 00:37:00,106.404,0.0007330551483026859,reject,0.0016728694409984257,reject,0.0012499530092855426,reject,,,wall,0.0,USD_JPY
2021-03-03,put,106.951871657754,2021-03-03 11:52:00,106.977,0.00019630387840385843,reject,-0.0004954335978761826,break,0.0009254325696177457,reject,,,wall,0.0,USD_JPY
2021-03-03,put,106.951871657754,2021-03-03 12:21:00,106.96,-1.8698578907905272e-05,reject,-0.0007479431563200967,break,-0.0006170531039639826,break,,,wall,0.0,USD_JPY
2021-03-03,put,106.951871657754,2021-03-03 15:00:00,107.04,0.00037369207772797175,reject,-0.0009342301943199294,break,-0.0007286995515695116,reject,,,wall,0.0,USD_JPY
2021-03-03,put,106.951871657754,2021-03-03 15:57:00,106.976,-0.0005421776847142068,break,-0.0005608734669458881,break,-0.0002523930601256996,break,,,wall,0.0,USD_JPY
2021-03-04,put,106.951871657754,2021-03-04 00:53:00,106.984,0.0004112764525536772,reject,0.0004112764525536772,reject,0.0005608315262095598,reject,,,wall,0.0,USD_JPY
2021-03-08,put,108.69565217391305,2021-03-08 14:44:00,108.721,0.0008737962307190372,reject,0.0010209619116821056,reject,0.0013060954185484253,reject,,,wall,0.0,USD_JPY
2021-03-09,put,108.69565217391305,2021-03-09 08:37:00,108.689,-0.0003404208337549619,break,-0.0001564095722658143,break,0.000726844482882516,reject,,,wall,0.0,USD_JPY
2021-03-09,put,108.69565217391305,2021-03-09 10:54:00,108.711,2.7596103430171937e-05,reject,0.0003955441491660938,reject,-0.0003771467468792755,break,,,wall,0.0,USD_JPY
2021-03-09,put,108.69565217391305,2021-03-09 11:03:00,108.714,-3.679378920840026e-05,reject,0.0006990819949592719,reject,-0.0005703037327299265,break,,,wall,0.0,USD_JPY
2021-03-09,put,108.69565217391305,2021-03-09 14:28:00,108.698,0.00042319085907749354,reject,-0.00013799701926431318,break,-0.002253951314651559,break,,,wall,0.0,USD_JPY
2021-03-09,put,108.69565217391305,2021-03-09 14:49:00,108.722,-0.0007542171777560336,break,0.0008921837346627104,reject,-0.0024650024833979822,break,,,wall,0.0,USD_JPY
2021-03-09,put,108.69565217391305,2021-03-09 15:35:00,108.716,0.000892232973987328,reject,-0.0007542588027520392,break,-0.0023547591890797914,break,,,wall,0.0,USD_JPY
2021-03-09,put,108.69565217391305,2021-03-09 16:07:00,108.697,-0.0004691941819922052,break,-0.0008555893906916356,break,-0.0023551707958821,break,,,wall,0.0,USD_JPY
2021-03-10,put,108.69565217391305,2021-03-10 07:48:00,108.712,0.0006990948561336197,reject,9.198616528061088e-05,reject,0.0011222312164249626,reject,,,wall,0.0,USD_JPY
2021-03-10,put,108.69565217391305,2021-03-10 08:37:00,108.718,-0.00047830166117857065,break,-0.00042311300796560314,break,0.0003863205724903285,reject,,,wall,0.0,USD_JPY
2021-03-10,put,108.69565217391305,2021-03-10 13:06:00,108.644,-0.00010124811310341375,break,-0.0017304222966754157,break,-0.0008468024005007235,break,,,wall,0.0,USD_JPY
2021-03-11,put,108.69565217391305,2021-03-11 07:12:00,108.722,-0.0006990305549934295,break,-0.0004230974411801869,break,-0.002391420319714399,break,,,wall,0.0,USD_JPY
2021-03-12,put,108.69565217391305,2021-03-12 03:41:00,108.712,-3.679446611237758e-05,reject,-0.00011038339833691069,reject,0.0027227904923099455,reject,,,wall,0.0,USD_JPY
2021-03-17,put,108.69565217391305,2021-03-17 22:27:00,108.718,0.0003495281370149428,reject,0.001195754152946149,reject,,,,,wall,0.0,USD_JPY
2021-03-18,put,108.69565217391305,2021-03-18 03:05:00,108.726,0.0006162279491566114,reject,0.0014991814285452154,reject,0.0010485072567738563,reject,,,wall,0.0,USD_JPY
2021-03-31,put,110.49723756906076,2021-03-31 08:59:00,110.516,0.000561004741394866,reject,0.0004705201056860453,reject,0.0017463534691808391,reject,,,wall,0.0,USD_JPY
2021-03-31,put,110.49723756906076,2021-03-31 14:56:00,110.497,-0.0004072508755893489,break,0.0008235517706363105,reject,0.002126754572522316,reject,,,wall,0.0,USD_JPY
2021-03-31,put,110.49723756906076,2021-03-31 15:09:00,110.484,0.0008508019260708988,reject,0.000760291082871678,reject,0.002280873248615256,reject,,,wall,0.0,USD_JPY
2021-04-02,put,110.49723756906076,2021-04-02 05:32:00,110.524,-0.000398103579313025,break,-0.000642394412073366,break,-0.0007781115413846296,break,,,wall,0.0,USD_JPY
2021-04-02,put,110.49723756906076,2021-04-02 08:30:00,110.51,-0.0004886435616686668,break,-0.0007601122070400868,break,0.0008867975748800827,reject,,,wall,0.0,USD_JPY
2021-04-02,put,110.49723756906076,2021-04-02 12:11:00,110.518,0.0001266761975424746,reject,0.001845853164190281,reject,0.0015744041694565336,reject,,,wall,0.0,USD_JPY
2021-04-02,put,110.49723756906076,2021-04-02 12:26:00,110.532,0.0006875836861723883,reject,0.0018818079832083612,reject,0.0013751673723447766,reject,,,wall,0.0,USD_JPY
2021-04-05,put,110.49723756906076,2021-04-05 11:14:00,110.516,0.00012667848999226017,reject,-0.0001266784899924822,reject,-0.003221253031235327,break,,,wall,0.0,USD_JPY
2021-04-06,put,110.49723756906076,2021-04-06 10:45:00,110.512,0.00016287823946714575,reject,-0.0007058057043579646,break,-0.00620747068191696,break,,,wall,0.0,USD_JPY
2021-07-01,put,111.11111111111111,2021-07-01 00:36:00,111.123,-8.999037103052387e-06,reject,-0.0006659287456242113,break,-0.00020697785336976082,break,,,wall,0.0,USD_JPY
2021-07-02,put,111.11111111111111,2021-07-02 17:34:00,111.126,-0.00019797347155481315,break,-0.0007738962978960373,break,,,,,wall,0.0,USD_JPY
2021-09-30,put,111.73184357541899,2021-09-30 13:34:00,111.73,0.0006265103374205605,reject,0.0002506041349681354,reject,-0.0033294549360064485,break,,,wall,0.0,USD_JPY
2021-09-30,put,111.73184357541899,2021-09-30 13:54:00,111.766,-0.00019683982606522044,reject,-8.947264821146383e-05,reject,-0.0033552243079291166,break,,,wall,0.0,USD_JPY
2021-09-30,put,111.73184357541899,2021-09-30 14:06:00,111.744,0.0003579610538373412,reject,-0.0014407932416953262,break,-0.002648911798396436,break,,,wall,0.0,USD_JPY
2021-09-30,put,111.73184357541899,2021-09-30 14:25:00,111.742,0.001020207263159767,reject,-0.002147804764547012,break,-0.002469975479229003,break,,,wall,0.0,USD_JPY
2021-09-30,put,111.73184357541899,2021-09-30 14:48:00,111.773,-0.001744607373873719,break,-0.002540864072718696,break,-0.0030687196371215197,break,,,wall,0.0,USD_JPY
2021-09-30,put,111.73184357541899,2021-09-30 14:51:00,111.758,-0.0015658834266898403,break,-0.0022996116609100836,break,-0.0030243919898351734,break,,,wall,0.0,USD_JPY
2021-10-08,put,111.73184357541899,2021-10-08 11:22:00,111.752,0.00017896771422454272,reject,0.0008053547140096651,reject,0.002630825399098091,reject,,,wall,0.0,USD_JPY
2021-10-08,put,111.73184357541899,2021-10-08 11:41:00,111.748,-3.579482406845802e-05,reject,-0.0015391774349430287,break,0.003489995346672936,reject,,,wall,0.0,USD_JPY
2021-10-08,put,111.73184357541899,2021-10-08 12:30:00,111.674,-0.0007163708651970468,break,0.0009402367605708672,reject,0.004790730161004397,reject,,,wall,0.0,USD_JPY
2021-12-29,put,114.9425287356322,2021-12-29 11:30:00,114.968,-0.0003827151903138537,break,-0.00041750748034241614,break,-0.001391691601141165,break,,,wall,0.0,USD_JPY
2021-12-29,put,114.9425287356322,2021-12-29 13:32:00,114.966,-0.00042621296731204517,break,-0.0012525442304680556,break,-0.0004697040864254376,break,,,wall,0.0,USD_JPY
2021-12-29,put,114.9425287356322,2021-12-29 19:59:00,114.956,-0.00019137757054876747,break,0.000260969414384693,reject,,,,,wall,0.0,USD_JPY
2021-12-29,put,114.9425287356322,2021-12-29 22:03:00,114.949,0.00018268971456913974,reject,0.00021748775543950494,reject,,,,,wall,0.0,USD_JPY
2022-01-05,put,115.60693641618498,2022-01-05 11:49:00,115.627,0.0004929644460203164,reject,0.0013491658522664096,reject,0.0017037543134388322,reject,,,wall,0.0,USD_JPY
2022-01-06,put,115.60693641618498,2022-01-06 15:19:00,115.656,0.00029397523690932736,reject,0.0010029743376911426,reject,0.0014785225150446557,reject,,,wall,0.0,USD_JPY
2022-01-07,put,115.60693641618498,2022-01-07 15:11:00,115.632,0.00024214750242146366,reject,-1.729625017299341e-05,reject,-0.000492943129929424,break,,,wall,0.0,USD_JPY
2022-01-07,put,115.60693641618498,2022-01-07 15:20:00,115.62,0.0008216571527417393,reject,0.00041515308770101456,reject,-0.00032866286109678455,break,,,wall,0.0,USD_JPY
2022-01-07,put,115.60693641618498,2022-01-07 15:54:00,115.608,0.00025084769220118375,reject,0.00041519618019525417,reject,-0.0002767974534635398,break,,,wall,0.0,USD_JPY
2022-01-07,put,115.60693641618498,2022-01-07 16:42:00,115.618,7.784255046794364e-05,reject,0.0003286685464201078,reject,-6.9193378193666e-05,reject,,,wall,0.0,USD_JPY
2022-01-07,put,115.60693641618498,2022-01-07 16:57:00,115.627,0.00021621247632475082,reject,-6.053949337081477e-05,reject,-0.000458370449808454,break,,,wall,0.0,USD_JPY
2022-01-07,put,115.60693641618498,2022-01-07 17:20:00,115.618,0.00012108841183899877,reject,-7.784255046794364e-05,reject,-0.0004065110968880514,break,,,wall,0.0,USD_JPY
2022-01-07,put,115.60693641618498,2022-01-07 17:48:00,115.63,1.7296549338574607e-05,reject,-0.0005880826775057635,break,-0.0007005102482053882,break,,,wall,0.0,USD_JPY
2022-01-10,put,115.60693641618498,2022-01-10 00:39:00,115.626,-0.00010378288620205289,reject,-6.0540016951216025e-05,reject,0.0013751232421772563,reject,,,wall,0.0,USD_JPY
2022-01-10,put,115.60693641618498,2022-01-10 09:19:00,115.628,0.00044971806136917536,reject,-0.0003113432732556598,break,-0.003286401217698076,break,,,wall,0.0,USD_JPY
2022-01-10,put,115.60693641618498,2022-01-10 10:11:00,115.634,-0.00023349533874117423,reject,-0.0010031651590363122,break,-0.0023003614853762677,break,,,wall,0.0,USD_JPY
2022-03-22,put,120.48192771084337,2022-03-22 12:54:00,120.497,0.0009211847597865308,reject,0.0011037619193838832,reject,0.0014440193531790602,reject,,,wall,0.0,USD_JPY
2022-03-22,put,120.48192771084337,2022-03-22 13:41:00,120.543,0.0004728603071102455,reject,0.001302439793268828,reject,0.0018084832798253014,reject,,,wall,0.0,USD_JPY
2022-03-28,put,123.4567901234568,2022-03-28 12:35:00,123.598,-0.0010194339714235667,reject,0.0017152381106491088,reject,-0.002362497775044936,break,,,wall,0.0,USD_JPY
2022-03-28,put,123.4567901234568,2022-03-28 12:45:00,123.54,9.713453132587091e-05,reject,0.0024769305488101523,reject,-0.0011332361988020123,break,,,wall,0.0,USD_JPY
2022-03-28,put,123.4567901234568,2022-03-28 14:46:00,123.419,0.0010128100211475033,reject,-0.0004618413696432233,break,0.0014098315494373015,reject,,,wall,0.0,USD_JPY
2022-03-28,put,123.4567901234568,2022-03-28 14:50:00,123.466,-0.0005426595175999083,break,-0.0005183613302447432,break,0.0012959033256119135,reject,,,wall,0.0,USD_JPY
2022-03-28,put,123.4567901234568,2022-03-28 15:01:00,123.544,-0.0016350450042089681,break,-0.0021692676293466606,break,0.00037233698115657354,reject,,,wall,0.0,USD_JPY
2022-03-29,put,123.4567901234568,2022-03-29 00:13:00,123.507,-0.0002671913332847886,reject,0.0027285902823321884,reject,-0.0018055656764394135,break,,,wall,0.0,USD_JPY
2022-03-29,put,123.4567901234568,2022-03-29 00:26:00,123.477,0.001425366667476613,reject,0.0024862929938369582,reject,-0.0022352340921791836,break,,,wall,0.0,USD_JPY
2022-03-29,put,123.4567901234568,2022-03-29 02:38:00,123.472,-0.0013363353634832098,break,-0.0016845924582091776,break,-0.00025916807049364277,break,,,wall,0.0,USD_JPY
2022-03-29,put,123.4567901234568,2022-03-29 02:52:00,123.371,0.0003323309367679883,break,-0.0006322393431194007,break,-0.0002999084063515234,break,,,wall,0.0,USD_JPY
2022-03-29,put,123.4567901234568,2022-03-29 06:15:00,123.452,0.00025921005735018987,reject,0.001053040857985188,reject,0.0007128276577130777,reject,,,wall,0.0,USD_JPY
2022-03-29,put,123.4567901234568,2022-03-29 06:22:00,123.466,-0.000242981873552095,break,0.0022516320282508495,reject,0.0005588583091702404,reject,,,wall,0.0,USD_JPY
2022-03-29,put,123.4567901234568,2022-03-29 07:54:00,123.486,0.00030772719174643193,reject,0.0017005976385986443,reject,0.0009231815752392958,reject,,,wall,0.0,USD_JPY
2022-03-29,put,123.4567901234568,2022-03-29 08:02:00,123.482,0.0010527850212986856,reject,0.00195979980887917,reject,0.0005668842422377196,reject,,,wall,0.0,USD_JPY
2022-03-29,put,123.4567901234568,2022-03-29 10:18:00,123.461,0.0005102825993634763,reject,0.0008666704465378761,reject,-0.008869197560363196,break,,,wall,0.0,USD_JPY
2022-03-29,put,123.4567901234568,2022-03-29 10:43:00,123.48,0.0002753482345319025,reject,0.0017978620019436509,reject,-0.007612568837058631,break,,,wall,0.0,USD_JPY
2022-03-29,put,123.4567901234568,2022-03-29 10:57:00,123.481,0.0004778063021841916,reject,0.0007369554830298775,reject,-0.006422040637830806,break,,,wall,0.0,USD_JPY
2022-03-29,put,123.4567901234568,2022-03-29 12:05:00,123.457,-0.0020816964611158895,break,-0.004333492633062486,break,-0.006382789149258383,break,,,wall,0.0,USD_JPY
2022-04-07,put,123.4567901234568,2022-04-07 00:39:00,123.514,0.0009148760464401384,reject,0.0013115922081707865,reject,0.001295399711773726,reject,,,wall,0.0,USD_JPY
2022-06-14,put,135.13513513513513,2022-06-14 19:54:00,135.152,0.00021457322126217093,reject,0.0021309340594295456,reject,,,,,wall,0.0,USD_JPY
2022-06-14,put,135.13513513513513,2022-06-14 20:04:00,135.15,0.0008879023307437617,reject,0.002249352571217278,reject,,,,,wall,0.0,USD_JPY
2022-06-15,put,135.13513513513513,2022-06-15 00:02:00,135.145,0.00011839135743074714,reject,-0.0007991416626587089,break,-0.0004957638092419892,break,,,wall,0.0,USD_JPY
2022-06-15,put,135.13513513513513,2022-06-15 00:05:00,135.113,-2.2203636955597794e-05,break,-0.00023683879419456044,break,-5.9209698548667866e-05,break,,,wall,0.0,USD_JPY
2022-06-15,put,135.13513513513513,2022-06-15 02:40:00,135.164,-0.00043650676215556405,break,-0.0007102482909648877,break,-0.00431327868367315,break,,,wall,0.0,USD_JPY
2022-06-15,put,135.13513513513513,2022-06-15 02:55:00,135.105,0.0002886643721551341,reject,-0.0006143369971502999,break,-0.0030346767329114677,break,,,wall,0.0,USD_JPY
2022-06-17,put,135.13513513513513,2022-06-17 14:23:00,135.108,8.141634840264089e-05,break,0.0004070817420138706,reject,-0.0011546318500755826,break,,,wall,0.0,USD_JPY
2022-06-17,put,135.13513513513513,2022-06-17 15:18:00,135.147,-0.0004661590712334851,break,-0.0006289447786482771,break,-0.0010137109961745328,break,,,wall,0.0,USD_JPY
2022-06-17,put,135.13513513513513,2022-06-17 15:21:00,135.154,-0.0010950471314203902,break,-0.00085088121698218,break,-0.001102446098524612,break,,,wall,0.0,USD_JPY
2022-06-17,put,135.13513513513513,2022-06-17 15:25:00,135.156,-0.0012430080795525766,break,-0.0007694811921040712,break,-0.0011172275000740362,break,,,wall,0.0,USD_JPY
2022-06-21,put,135.13513513513513,2022-06-21 00:21:00,135.16,-0.0012133767386799388,break,-0.0009174311926605228,break,-0.0009026339153594964,break,,,wall,0.0,USD_JPY
2022-06-21,put,135.13513513513513,2022-06-21 00:24:00,135.168,-0.0010949337121212155,break,-0.0006954308712120438,break,-0.000991358901515249,break,,,wall,0.0,USD_JPY
2022-06-21,put,135.13513513513513,2022-06-21 06:59:00,135.147,-7.399350337111699e-06,reject,0.0006141460779742758,reject,0.004868772521772646,reject,,,wall,0.0,USD_JPY
2022-06-21,put,135.13513513513513,2022-06-21 07:18:00,135.143,0.000495771146119317,reject,0.0015317108544281588,reject,0.00582346107456555,reject,,,wall,0.0,USD_JPY
2022-06-21,put,135.13513513513513,2022-06-21 07:35:00,135.188,0.00048820901263435523,reject,0.0010355948752849287,reject,0.006228363464212849,reject,,,wall,0.0,USD_JPY
2022-06-23,put,135.13513513513513,2022-06-23 02:57:00,135.22,0.0011980476260908812,reject,0.0011832569146574823,reject,0.0042301434699010265,reject,,,wall,0.0,USD_JPY
2022-06-23,put,135.13513513513513,2022-06-23 12:29:00,135.144,-0.0005253655360207832,break,-0.0025084354466347047,break,-0.0025750310779614205,break,,,wall,0.0,USD_JPY
2022-06-24,put,135.13513513513513,2022-06-24 00:36:00,135.122,0.0005476532318939853,reject,-0.0024274359467740814,break,-0.002679060404671474,break,,,wall,0.0,USD_JPY
2022-06-24,put,135.13513513513513,2022-06-24 00:52:00,135.181,-0.0010578409687751478,break,-0.0029959831633143974,break,-0.0033288701814605526,break,,,wall,0.0,USD_JPY
2022-06-24,put,135.13513513513513,2022-06-24 11:30:00,135.142,-0.0006807654171167021,break,-0.0004883751905403466,break,-0.00036998120495468356,break,,,wall,0.0,USD_JPY
2022-06-24,put,135.13513513513513,2022-06-24 12:04:00,135.144,-0.0004439708755106242,break,-2.9598058367552582e-05,reject,0.0005179660214289505,reject,,,wall,0.0,USD_JPY
2022-06-24,put,135.13513513513513,2022-06-24 14:38:00,135.124,0.0007548622006454675,reject,-0.0002960243924098327,break,0.0007696634202658537,reject,,,wall,0.0,USD_JPY
2022-06-24,put,135.13513513513513,2022-06-24 14:50:00,135.138,-0.0002737941955630596,break,-4.439905873998562e-05,break,0.0006733857242227081,reject,,,wall,0.0,USD_JPY
2022-06-24,put,135.13513513513513,2022-06-24 15:02:00,135.149,-0.0002589734293261259,break,0.0005549430628417618,reject,0.0007769202879783776,reject,,,wall,0.0,USD_JPY
2022-06-24,put,135.13513513513513,2022-06-24 16:11:00,135.144,0.0,reject,5.9196116734661075e-05,reject,0.00028118155448986215,reject,,,wall,0.0,USD_JPY
2022-06-24,put,135.13513513513513,2022-06-24 17:22:00,135.154,0.0004587359604599772,reject,0.0005697204670227496,reject,,,,,wall,0.0,USD_JPY
2022-06-27,put,135.13513513513513,2022-06-27 10:02:00,135.154,-2.9595868416665283e-05,reject,0.0006955029077939656,reject,-0.0002737617828552086,break,,,wall,0.0,USD_JPY
2022-06-27,put,135.13513513513513,2022-06-27 13:36:00,135.107,-4.440924600501717e-05,break,0.0007105479360802747,reject,0.0023018792512601305,reject,,,wall,0.0,USD_JPY
2022-06-27,put,135.13513513513513,2022-06-27 14:20:00,135.143,0.0003403801898729242,reject,-0.00027378406576739067,break,0.002256868650244659,reject,,,wall,0.0,USD_JPY
2022-06-27,put,135.13513513513513,2022-06-27 14:32:00,135.166,-0.00017755944542263702,reject,4.438986135557599e-05,reject,0.001990145450779135,reject,,,wall,0.0,USD_JPY
2022-06-27,put,135.13513513513513,2022-06-27 14:45:00,135.161,-2.219575173323385e-05,reject,0.0004587122024846124,reject,0.0023231553480662637,reject,,,wall,0.0,USD_JPY
2022-06-27,put,135.13513513513513,2022-06-27 14:59:00,135.174,-0.000325506384363905,break,0.0009025404293723227,reject,0.0018864574548360658,reject,,,wall,0.0,USD_JPY
2022-06-27,put,135.13513513513513,2022-06-27 15:07:00,135.181,-0.0004068619110674243,break,0.00043645186823582094,reject,0.0018271798551570129,reject,,,wall,0.0,USD_JPY
2022-06-27,put,135.13513513513513,2022-06-27 15:33:00,135.158,0.0008582547832907128,reject,0.0012725846786725281,reject,0.0023232069133904965,reject,,,wall,0.0,USD_JPY
2022-06-28,put,135.13513513513513,2022-06-28 01:55:00,135.168,0.00028113162878784514,reject,0.00048828125,reject,0.0017459753787878451,reject,,,wall,0.0,USD_JPY
2022-07-01,put,135.13513513513513,2022-07-01 03:19:00,135.128,0.0001924101592565286,reject,-0.0006290332129534892,break,-0.0008880468888755599,break,,,wall,0.0,USD_JPY
2022-07-01,put,135.13513513513513,2022-07-01 03:43:00,135.164,-0.0005030925394334806,break,5.918735758059235e-05,reject,2.9593678790407196e-05,reject,,,wall,0.0,USD_JPY
2022-07-01,put,135.13513513513513,2022-07-01 04:07:00,135.172,-0.0006658183647501037,break,-0.002315568312964089,break,0.0011540851655669204,reject,,,wall,0.0,USD_JPY
2022-07-01,put,135.13513513513513,2022-07-01 11:13:00,135.138,0.0002515946661929558,reject,0.001035978037265517,reject,0.0012209741153486053,reject,,,wall,0.0,USD_JPY
2022-07-01,put,135.13513513513513,2022-07-01 12:20:00,135.134,0.0009694081430284829,reject,0.0019018159752541841,reject,0.0010656089511151823,reject,,,wall,0.0,USD_JPY
2022-07-01,put,135.13513513513513,2022-07-01 14:03:00,135.14,-0.00121355631197273,break,0.00041438508213720304,reject,0.0011247595086578688,reject,,,wall,0.0,USD_JPY
2022-07-01,put,135.13513513513513,2022-07-01 14:07:00,135.136,-0.001672389296708543,break,0.0010581932275632866,reject,0.0013023916646934808,reject,,,wall,0.0,USD_JPY
2022-07-01,put,135.13513513513513,2022-07-01 15:04:00,135.156,0.0007398857616383037,reject,-0.00032554973512100016,break,0.000732486904021945,reject,,,wall,0.0,USD_JPY
2022-07-01,put,135.13513513513513,2022-07-01 15:33:00,135.144,4.4397087550995806e-05,reject,0.0015390990351031864,reject,0.0005327650506126158,reject,,,wall,0.0,USD_JPY
2022-07-06,put,135.13513513513513,2022-07-06 01:32:00,135.16,0.0009396271086121732,reject,0.0006214856466411067,reject,0.0007472625036992753,reject,,,wall,0.0,USD_JPY
2022-07-06,put,135.13513513513513,2022-07-06 01:34:00,135.178,0.0008877184157185525,reject,0.00048824512864520386,reject,0.0008285371880039083,reject,,,wall,0.0,USD_JPY
2022-07-06,put,135.13513513513513,2022-07-06 02:17:00,135.163,0.0005992764292002128,reject,0.0005844794803309128,reject,0.0004956977871162227,reject,,,wall,0.0,USD_JPY
2022-07-06,put,135.13513513513513,2022-07-06 03:01:00,135.183,0.0001775371163534878,reject,0.0012649519540179899,reject,0.0018271528224704792,reject,,,wall,0.0,USD_JPY
2022-07-06,put,135.13513513513513,2022-07-06 03:13:00,135.154,0.0010358553945870597,reject,0.0017165603681725816,reject,0.0011394409340454992,reject,,,wall,0.0,USD_JPY
2022-07-06,put,135.13513513513513,2022-07-06 05:57:00,135.155,-0.0002367651955162975,break,0.0020199030742480417,reject,0.001354000961858448,reject,,,wall,0.0,USD_JPY
2022-07-06,put,135.13513513513513,2022-07-06 06:03:00,135.14,0.0006067781559866425,reject,0.0022495190173152935,reject,0.0011469587094865563,reject,,,wall,0.0,USD_JPY
2022-07-06,put,135.13513513513513,2022-07-06 06:24:00,135.164,0.0017312302092273857,reject,0.0030037583972064574,reject,0.001020981918262276,reject,,,wall,0.0,USD_JPY
2022-07-06,put,135.13513513513513,2022-07-06 08:43:00,135.12,0.000651272942569614,reject,0.000991711071639978,reject,0.000303433984606194,reject,,,wall,0.0,USD_JPY
2022-07-06,put,135.13513513513513,2022-07-06 12:21:00,135.156,-0.001080233211992132,break,-8.878629139663641e-05,reject,0.004306135132735367,reject,,,wall,0.0,USD_JPY
2022-07-06,put,135.13513513513513,2022-07-06 12:51:00,135.151,-0.0002515704656275153,break,0.0013244445102145175,reject,0.0041805092082189965,reject,,,wall,0.0,USD_JPY
2022-07-06,put,135.13513513513513,2022-07-06 12:57:00,135.174,-0.0010357021320669402,break,0.0013981978782902083,reject,0.004157604273010929,reject,,,wall,0.0,USD_JPY
2022-07-06,put,135.13513513513513,2022-07-06 12:59:00,135.154,-0.0006585080722730785,break,0.0012578244077128264,reject,0.0044023854269943374,reject,,,wall,0.0,USD_JPY
2022-07-06,put,135.13513513513513,2022-07-06 13:01:00,135.158,-0.0005992985986770227,break,0.0042172864351353034,reject,0.004365261397771603,reject,,,wall,0.0,USD_JPY
2022-07-06,put,135.13513513513513,2022-07-06 13:46:00,135.174,0.0040984212940358145,reject,0.004209389379614237,reject,0.004187195762498819,reject,,,wall,0.0,USD_JPY
2022-09-09,put,142.85714285714286,2022-09-09 04:08:00,142.899,-0.0016165263577770927,break,0.00011896514321296792,reject,-0.003981833322836303,break,,,wall,0.0,USD_JPY
2022-09-09,put,142.85714285714286,2022-09-09 05:10:00,142.869,-0.0006439465524362697,break,0.00105691227628113,reject,-0.005480545114755375,break,,,wall,0.0,USD_JPY
2022-09-09,put,142.85714285714286,2022-09-09 06:24:00,142.87,-0.0006859382655561852,break,-0.004199622034016914,break,-0.007265346118849325,break,,,wall,0.0,USD_JPY
2022-09-09,put,142.85714285714286,2022-09-09 06:36:00,142.873,-0.0006999223086237016,break,-0.0033106325197902464,break,-0.00844806226508854,break,,,wall,0.0,USD_JPY
2022-09-09,put,142.85714285714286,2022-09-09 06:38:00,142.865,-0.0007769572673503866,break,-0.003156826374549504,break,-0.008861512616806233,break,,,wall,0.0,USD_JPY
2022-09-12,put,142.85714285714286,2022-09-12 00:28:00,142.862,-4.199857204856272e-05,break,-0.0034858814800295956,break,0.002225924318573158,reject,,,wall,0.0,USD_JPY
2022-09-12,put,142.85714285714286,2022-09-12 03:05:00,142.878,-0.0006998978149189705,break,0.0004199386889514045,reject,0.00039194277635479224,reject,,,wall,0.0,USD_JPY
2022-09-12,put,142.85714285714286,2022-09-12 07:02:00,142.882,0.00020996346635682173,reject,-0.0010988088072676483,break,-0.0016237174731597026,break,,,wall,0.0,USD_JPY
2022-09-12,put,142.85714285714286,2022-09-12 07:05:00,142.934,-0.0013012999006535297,break,-0.001224341304378318,break,-0.002210810583905931,break,,,wall,0.0,USD_JPY
2022-09-12,put,142.85714285714286,2022-09-12 07:08:00,142.866,-0.0010919323001974401,break,-0.0002379852449149178,break,-0.001889882827264766,break,,,wall,0.0,USD_JPY
2022-09-12,put,142.85714285714286,2022-09-12 07:10:00,142.868,-0.0014138925441666839,break,3.499734020206979e-05,reject,-0.0014838872245708234,break,,,wall,0.0,USD_JPY
2022-09-12,put,142.85714285714286,2022-09-12 07:18:00,142.764,0.0004903196884367134,break,0.001071698747583394,reject,-0.00014709590653116944,break,,,wall,0.0,USD_JPY
2022-09-12,put,142.85714285714286,2022-09-12 08:15:00,142.874,-0.0007769083248175823,break,-0.0010778728110082403,break,-0.0039335358427704525,break,,,wall,0.0,USD_JPY
2022-09-12,put,142.85714285714286,2022-09-12 08:21:00,142.867,-0.0006089579818991941,break,-0.0011339217593984152,break,-0.0037307425787619364,break,,,wall,0.0,USD_JPY
2023-01-12,put,131.57894736842104,2023-01-12 00:32:00,131.628,0.0010180204819645322,reject,0.0007521196098096983,reject,9.116601331027319e-05,reject,,,wall,0.0,USD_JPY
2023-01-12,put,131.57894736842104,2023-01-12 01:50:00,131.587,0.0011171316315443658,reject,-0.0004559720945078727,break,-4.559720945074286e-05,reject,,,wall,0.0,USD_JPY
2023-01-12,put,131.57894736842104,2023-01-12 01:55:00,131.609,0.0006990403391864408,reject,-0.0003951097569316886,break,-0.000265939259473158,break,,,wall,0.0,USD_JPY
2023-01-12,put,131.57894736842104,2023-01-12 02:43:00,131.597,-8.35885316534668e-05,reject,0.0006003176364202112,reject,0.0004331405731132776,reject,,,wall,0.0,USD_JPY
2023-01-12,put,131.57894736842104,2023-01-12 03:20:00,131.616,0.0005318502309747952,reject,0.0005926331145147401,reject,0.001580354972039899,reject,,,wall,0.0,USD_JPY
2023-01-12,put,131.57894736842104,2023-01-12 04:34:00,131.551,0.0004484952603935888,reject,-0.0006309340103838323,break,0.0008589824478719699,reject,,,wall,0.0,USD_JPY
2023-01-12,put,131.57894736842104,2023-01-12 06:01:00,131.596,0.0007902975774338739,reject,0.001572996139700189,reject,-0.004179458342198905,break,,,wall,0.0,USD_JPY
2023-01-12,put,131.57894736842104,2023-01-12 07:55:00,131.612,0.0008965747804150492,reject,0.0006230434914749061,reject,-0.005463027687444888,break,,,wall,0.0,USD_JPY
2023-01-12,put,131.57894736842104,2023-01-12 08:42:00,131.6,0.0008434650455928505,reject,-0.0048784194528874725,break,-0.0070212765957446965,break,,,wall,0.0,USD_JPY
2023-01-12,put,131.57894736842104,2023-01-12 09:12:00,131.558,-0.0018394928472612593,break,-0.004325088554097745,break,-0.007616412532875039,break,,,wall,0.0,USD_JPY
2023-02-03,put,129.87012987012986,2023-02-03 13:55:00,129.877,0.0011010417548911189,reject,0.0032030305596832953,reject,0.00878523526105468,reject,,,wall,0.0,USD_JPY
2023-02-03,put,129.87012987012986,2023-02-03 14:04:00,129.884,0.003510825043885557,reject,0.008184225924671384,reject,0.008607680699701525,reject,,,wall,0.0,USD_JPY
2023-02-10,put,129.87012987012986,2023-02-10 08:06:00,129.838,0.002634051664381909,reject,0.004189836565566374,reject,0.007339915895192561,reject,,,wall,0.0,USD_JPY
2023-03-16,put,133.33333333333334,2023-03-16 01:10:00,133.308,-0.000277552735019726,break,-0.0036831998079633887,break,-0.0042158010021903225,break,,,wall,0.0,USD_JPY
2023-03-16,put,133.33333333333334,2023-03-16 23:44:00,133.368,-1.4996101013631247e-05,reject,,,,,,,wall,0.0,USD_JPY
2023-03-16,put,133.33333333333334,2023-03-16 23:51:00,133.35,,,,,,,,,wall,0.0,USD_JPY
2023-03-17,put,133.33333333333334,2023-03-17 01:01:00,133.36,-0.0002924415116978274,break,-0.00022495500899821774,break,-0.001987102579484201,break,,,wall,0.0,USD_JPY
2023-03-17,put,133.33333333333334,2023-03-17 01:07:00,133.366,-0.0006598383396069218,break,-0.0006373438507566442,break,-0.0016645921749172121,break,,,wall,0.0,USD_JPY
2023-03-17,put,133.33333333333334,2023-03-17 01:15:00,133.366,-0.0007423181320578287,break,-0.0011472189313619374,break,-0.00209948562602158,break,,,wall,0.0,USD_JPY
2023-03-31,put,133.33333333333334,2023-03-31 00:47:00,133.342,-0.001154924929879786,break,-0.0014099083559570014,break,-0.004349717268377629,break,,,wall,0.0,USD_JPY
2023-03-31,put,133.33333333333334,2023-03-31 00:52:00,133.438,-0.0016636940002097145,break,-0.001813576342570955,break,-0.004526446739309575,break,,,wall,0.0,USD_JPY
2023-03-31,put,133.33333333333334,2023-03-31 00:55:00,133.322,-0.0014401224104049204,break,-0.0016951440872473578,break,-0.0037503187770960844,break,,,wall,0.0,USD_JPY
2023-03-31,put,133.33333333333334,2023-03-31 09:04:00,133.33,-0.00025500637515951663,break,0.0004800120002999009,reject,-0.0011400285007125976,break,,,wall,0.0,USD_JPY
2023-03-31,put,133.33333333333334,2023-03-31 10:09:00,133.344,0.0007499400047996652,reject,-0.0004499640028797769,break,-0.0032847372210221826,break,,,wall,0.0,USD_JPY
2023-03-31,put,133.33333333333334,2023-03-31 10:52:00,133.344,-0.0005024598032158378,break,-0.0011549076073913422,break,-0.0008249340052794985,break,,,wall,0.0,USD_JPY
2023-04-03,put,133.33333333333334,2023-04-03 03:31:00,133.347,0.00024747463384988677,reject,0.0007574223642077271,reject,0.0014623501091137747,reject,,,wall,0.0,USD_JPY
2023-04-03,put,133.33333333333334,2023-04-03 05:31:00,133.34,0.0004049797510123909,reject,0.0029398530073496687,reject,0.0009599520023997332,reject,,,wall,0.0,USD_JPY
2023-04-03,put,133.33333333333334,2023-04-03 09:58:00,133.354,-0.0009823477361009525,break,-0.0005999070144128149,break,-0.0038619014052823086,break,,,wall,0.0,USD_JPY
2023-04-10,put,133.33333333333334,2023-04-10 13:09:00,133.356,-0.0002399592069346479,break,0.002309607366747679,reject,0.0020921443354628977,reject,,,wall,0.0,USD_JPY
2023-04-11,put,133.33333333333334,2023-04-11 00:07:00,133.356,-0.0005774018416868643,break,0.0007948648729716457,reject,0.00023995920693486994,reject,,,wall,0.0,USD_JPY
2023-04-11,put,133.33333333333334,2023-04-11 02:10:00,133.374,1.4995426395048028e-05,reject,-0.00032989938068872515,break,8.997255836962204e-05,reject,,,wall,0.0,USD_JPY
2023-04-11,put,133.33333333333334,2023-04-11 02:58:00,133.352,-5.9991601175868325e-05,reject,0.0004949307097006361,reject,0.001214829923810612,reject,,,wall,0.0,USD_JPY
2023-04-11,put,133.33333333333334,2023-04-11 03:09:00,133.34,-7.4996250187808755e-06,reject,0.0003749812509372674,reject,0.00035248237588114684,reject,,,wall,0.0,USD_JPY
2023-04-11,put,133.33333333333334,2023-04-11 05:02:00,133.326,0.00013500742540850652,reject,0.0,break,-0.0018301006555360155,break,,,wall,0.0,USD_JPY
2023-04-11,put,133.33333333333334,2023-04-11 06:09:00,133.365,-0.0002924305477450817,break,0.00016496082180483818,reject,-0.0021969782176733954,break,,,wall,0.0,USD_JPY
2023-04-11,put,133.33333333333334,2023-04-11 06:17:00,133.352,0.00026246325514422963,reject,0.00015747795308640455,reject,-0.0017997480352751616,break,,,wall,0.0,USD_JPY
2023-04-11,put,133.33333333333334,2023-04-11 07:11:00,133.365,-0.0010872417800773526,break,-0.0011172346567690505,break,-0.0018895512315825203,break,,,wall,0.0,USD_JPY
2023-04-11,put,133.33333333333334,2023-04-11 07:18:00,133.318,-0.0008250948859119811,break,-0.0014851707946413883,break,-0.001665191497022267,break,,,wall,0.0,USD_JPY
2023-04-11,put,133.33333333333334,2023-04-11 14:23:00,133.352,0.00026996220529129644,reject,0.002099706041154281,reject,0.0025421440998261158,reject,,,wall,0.0,USD_JPY
2023-04-11,put,133.33333333333334,2023-04-11 14:36:00,133.344,0.0008624310055196371,reject,0.001649868010559219,reject,0.0028647708183344722,reject,,,wall,0.0,USD_JPY
2023-04-12,put,133.33333333333334,2023-04-12 12:30:00,133.186,-0.0014415929602210609,break,-0.001741924826933805,break,-0.0004204646133978418,break,,,wall,0.0,USD_JPY
2023-04-12,put,133.33333333333334,2023-04-12 18:00:00,133.296,-0.0011253150882247764,break,-0.0008702436682269665,break,-0.0008102268635218346,break,,,wall,0.0,USD_JPY
2023-04-14,put,132.4503311258278,2023-04-14 00:04:00,132.479,0.00021890261852819393,reject,0.000588772560179196,reject,-0.0006340627571161939,break,,,wall,0.0,USD_JPY
2023-04-14,put,132.4503311258278,2023-04-14 00:51:00,132.452,0.0008833388699300837,reject,0.00022649714613587335,reject,-3.774952435597889e-05,break,,,wall,0.0,USD_JPY
2023-04-14,put,132.4503311258278,2023-04-14 00:54:00,132.502,0.0005433880243317368,reject,7.547055893342147e-06,reject,-0.0001358470060829342,reject,,,wall,0.0,USD_JPY
2023-04-14,put,132.4503311258278,2023-04-14 01:18:00,132.396,0.0007024381401252722,reject,-3.0212393123618675e-05,break,0.0007628629263725095,reject,,,wall,0.0,USD_JPY
2023-04-14,put,132.4503311258278,2023-04-14 01:46:00,132.458,-0.00016609038336679038,break,-0.0004756224614593796,break,0.0005888659046642264,reject,,,wall,0.0,USD_JPY
2023-04-14,put,132.4503311258278,2023-04-14 01:59:00,132.436,-0.0004530490199039505,break,-0.00013591470597118516,break,0.0002114228759551029,reject,,,wall,0.0,USD_JPY
2023-04-14,put,132.4503311258278,2023-04-14 05:59:00,132.464,-0.00031706727865687956,break,1.5098441840777355e-05,reject,0.00024157506945288176,reject,,,wall,0.0,USD_JPY
2023-04-14,put,132.4503311258278,2023-04-14 06:57:00,132.462,0.0007096374809381079,reject,-0.0018571363862842638,break,0.0003925654149870006,reject,,,wall,0.0,USD_JPY
2023-04-14,put,132.4503311258278,2023-04-14 07:28:00,132.472,-0.0008756567425570738,break,-0.0008907542726009909,break,0.0015248505344525043,reject,,,wall,0.0,USD_JPY
2023-04-14,put,132.4503311258278,2023-04-14 10:00:00,132.474,-0.0004529190633634217,break,0.00037743255280298094,reject,0.006748494044114262,reject,,,wall,0.0,USD_JPY
2023-04-14,put,132.4503311258278,2023-04-14 12:19:00,132.474,0.0036535471111314166,reject,0.004332925706176383,reject,0.009239548892613136,reject,,,wall,0.0,USD_JPY
2023-04-26,put,133.33333333333334,2023-04-26 10:10:00,133.343,0.00036747335818154703,reject,0.0006824505223372856,reject,-0.0009074342110195754,break,,,wall,0.0,USD_JPY
2023-04-26,put,133.33333333333334,2023-04-26 10:38:00,133.366,0.0005848567101058855,reject,-0.0004348934511045899,break,-0.0014546436123150652,break,,,wall,0.0,USD_JPY
2023-04-26,put,133.33333333333334,2023-04-26 11:06:00,133.352,-0.0004949307097006361,break,0.0033070370148180483,reject,-7.49895014697799e-05,reject,,,wall,0.0,USD_JPY
2023-04-26,put,133.33333333333334,2023-04-26 11:14:00,133.355,-0.0005549098271530051,break,0.0029620186719658825,reject,0.0009673428067940026,reject,,,wall,0.0,USD_JPY
2023-04-26,put,133.33333333333334,2023-04-26 13:22:00,133.36,-0.0012222555488903275,break,-0.002002099580084127,break,0.0031043791241751606,reject,,,wall,0.0,USD_JPY
2023-04-27,put,133.33333333333334,2023-04-27 12:05:00,133.345,5.999475045936897e-05,reject,0.004387116127338997,reject,0.005159548539502623,reject,,,wall,0.0,USD_JPY
2023-04-27,put,133.33333333333334,2023-04-27 12:30:00,133.745,0.0017869826909417963,reject,0.0021458746121350014,reject,0.0022355975924333027,reject,,,wall,0.0,USD_JPY
2023-04-28,put,133.33333333333334,2023-04-28 03:24:00,134.022,-0.0017012132336480246,reject,0.006558624703407068,reject,0.012826252406321625,reject,,,wall,0.0,USD_JPY
2023-05-02,put,136.986301369863,2023-05-02 14:03:00,137.074,-0.0006638749872331928,break,-0.004377197718021142,break,-0.0031880590046253765,break,,,wall,0.0,USD_JPY
2023-05-02,put,136.986301369863,2023-05-02 14:06:00,137.018,-0.0005765665824928323,break,-0.003605365718372777,break,-0.0025836021544615173,break,,,wall,0.0,USD_JPY
2023-05-02,put,136.986301369863,2023-05-02 14:08:00,137.012,-0.0011385864011911329,break,-0.003386564680465942,break,-0.002722389279771087,break,,,wall,0.0,USD_JPY
2023-05-02,put,136.986301369863,2023-05-02 14:10:00,136.998,-0.001372282807048153,break,-0.003474503277420049,break,-0.002474488678666842,break,,,wall,0.0,USD_JPY
2023-05-10,put,134.2281879194631,2023-05-10 17:13:00,134.252,-0.00013407621487948607,reject,0.000208563000923645,reject,0.0006405863599796557,reject,,,wall,0.0,USD_JPY
2023-05-10,put,134.2281879194631,2023-05-10 18:18:00,134.246,6.704110364541549e-05,reject,0.0005065327830995336,reject,0.00022347034548508837,reject,,,wall,0.0,USD_JPY
2023-05-10,put,134.2281879194631,2023-05-10 18:31:00,134.262,-0.00034261369561006116,break,0.0006256424006791939,reject,-0.00011916998108174592,reject,,,wall,0.0,USD_JPY
2023-05-10,put,134.2281879194631,2023-05-10 21:30:00,134.252,0.00034263921580302004,reject,-9.683282185746211e-05,reject,,,,,wall,0.0,USD_JPY
2023-05-10,put,134.2281879194631,2023-05-10 22:30:00,134.239,7.449399950898439e-06,reject,-0.0009758713935592578,break,,,,,wall,0.0,USD_JPY
2023-05-11,put,134.2281879194631,2023-05-11 04:50:00,134.245,7.449067004339227e-06,reject,-8.193973704795354e-05,reject,0.003739431636187618,reject,,,wall,0.0,USD_JPY
2023-05-11,put,134.2281879194631,2023-05-11 06:04:00,134.246,0.0001191841842587138,reject,0.0012216378886520385,reject,0.002964706583436394,reject,,,wall,0.0,USD_JPY
2023-05-11,put,134.2281879194631,2023-05-11 06:16:00,134.253,-0.000230907316782325,break,0.0017355291874296963,reject,0.0030464868569046732,reject,,,wall,0.0,USD_JPY
2023-05-11,put,134.2281879194631,2023-05-11 11:14:00,134.25,-0.00022346368715087106,break,-0.001206703910614615,break,0.0012960893854749855,reject,,,wall,0.0,USD_JPY
2023-05-11,put,134.2281879194631,2023-05-11 12:22:00,134.28,-0.003068215668751928,break,-0.001735180220434951,break,0.0006404527852250652,reject,,,wall,0.0,USD_JPY
2023-05-11,put,134.2281879194631,2023-05-11 14:00:00,134.253,0.0007597595584456496,reject,0.001303509046352902,reject,0.001288611800108752,reject,,,wall,0.0,USD_JPY
2023-05-17,put,136.986301369863,2023-05-17 08:22:00,136.97,-7.300868803383764e-05,break,0.0004745564722201667,reject,0.00010221216324746152,break,,,wall,0.0,USD_JPY
2023-05-17,put,136.986301369863,2023-05-17 09:24:00,136.999,-0.0002189797005817118,break,-0.0008832181256798188,break,0.0009124154190907063,reject,,,wall,0.0,USD_JPY
2023-05-17,put,136.986301369863,2023-05-17 11:55:00,137.006,-0.0005036275783540933,break,0.0006788023882164929,reject,0.003605681502999891,reject,,,wall,0.0,USD_JPY
2023-05-17,put,136.986301369863,2023-05-17 13:05:00,137.095,0.0003136511178380985,reject,0.0024946205186184844,reject,0.0024873263065758877,reject,,,wall,0.0,USD_JPY
2023-05-25,put,139.86013986013987,2023-05-25 16:33:00,139.874,0.00048615182235445253,reject,0.00012153795558855762,reject,0.0014727540500738545,reject,,,wall,0.0,USD_JPY
2023-05-25,put,139.86013986013987,2023-05-25 16:38:00,139.892,0.0003431218368454836,reject,0.00020730277642755368,reject,0.0013724873473823784,reject,,,wall,0.0,USD_JPY
2023-05-25,put,139.86013986013987,2023-05-25 17:02:00,139.902,0.00012866149161561147,reject,0.0003359494503296645,reject,0.001172249145830806,reject,,,wall,0.0,USD_JPY
2023-05-25,put,139.86013986013987,2023-05-25 17:54:00,139.88,0.0002859593937660776,reject,0.0007077494995710865,reject,0.001243923362882482,reject,,,wall,0.0,USD_JPY
2023-05-25,put,139.86013986013987,2023-05-25 23:12:00,139.899,9.29241810163628e-05,reject,,,,,,,wall,0.0,USD_JPY
2023-07-21,put,141.84397163120568,2023-07-21 08:47:00,141.862,-8.458924870646811e-05,reject,-0.0014732627483047267,break,-0.003989792897322819,break,,,wall,0.0,USD_JPY
2023-07-21,put,141.84397163120568,2023-07-21 08:54:00,141.864,-0.0006485084306097066,break,-0.0016001240624824442,break,-0.0036161394011166026,break,,,wall,0.0,USD_JPY
2023-07-21,put,141.84397163120568,2023-07-21 08:56:00,141.86,-0.0004934442408008888,break,-0.0014380375017623015,break,-0.0038629634851261585,break,,,wall,0.0,USD_JPY
2023-07-21,put,141.84397163120568,2023-07-21 09:00:00,141.917,-0.0010217239654164434,break,-0.0016981756942439086,break,-0.0037627627416024767,break,,,wall,0.0,USD_JPY
2023-08-01,put,142.85714285714286,2023-08-01 14:00:00,143.026,0.0024680827262175686,reject,0.0017129752632387696,reject,0.003202214981891327,reject,,,wall,0.0,USD_JPY
2023-08-01,put,142.85714285714286,2023-08-01 21:54:00,142.894,-0.0006858230576511914,break,-4.1989166794986765e-05,reject,,,,,wall,0.0,USD_JPY
2023-08-01,put,142.85714285714286,2023-08-01 22:03:00,142.904,0.00012595868555109746,reject,-1.399540950575151e-05,reject,,,,,wall,0.0,USD_JPY
2023-08-01,put,142.85714285714286,2023-08-01 23:25:00,142.882,-0.00023095981299259272,break,,,,,,,wall,0.0,USD_JPY
2023-08-01,put,142.85714285714286,2023-08-01 23:31:00,142.876,1.3998152243788198e-05,reject,,,,,,,wall,0.0,USD_JPY
2023-08-18,put,144.92753623188406,2023-08-18 17:13:00,144.951,0.0010831246421205698,reject,0.0018282040137702626,reject,,,,,wall,0.0,USD_JPY
2023-08-23,put,144.92753623188406,2023-08-23 13:45:00,144.895,-0.0004209945132682691,break,-0.0010490355084717962,break,-0.0011111494530522403,break,,,wall,0.0,USD_JPY
2023-08-23,put,144.92753623188406,2023-08-23 14:13:00,144.899,-0.001449285364288233,break,-0.0016770302072477428,break,-0.0009178807307159698,break,,,wall,0.0,USD_JPY
2023-08-24,put,144.92753623188406,2023-08-24 01:36:00,144.944,0.0004967435699305689,reject,0.0005105420024285046,reject,0.0013729440335579213,reject,,,wall,0.0,USD_JPY
2023-08-24,put,144.92753623188406,2023-08-24 02:08:00,144.956,0.000565688898700456,reject,0.00018626341786487366,reject,0.0008140401225200655,reject,,,wall,0.0,USD_JPY
2023-08-24,put,144.92753623188406,2023-08-24 03:17:00,144.942,0.0006623338990769945,reject,0.0005519449158972733,reject,0.0015178485187177237,reject,,,wall,0.0,USD_JPY
2023-08-24,put,144.92753623188406,2023-08-24 06:51:00,144.961,0.0010830499237723945,reject,0.0024558329481723096,reject,0.0033181338428955875,reject,,,wall,0.0,USD_JPY
2023-10-31,put,151.51515151515153,2023-10-31 17:03:00,151.5,-0.001240924092409168,break,-0.0002772277227722775,break,0.001122112211221049,reject,,,wall,0.0,USD_JPY
2023-10-31,put,151.51515151515153,2023-10-31 17:06:00,151.528,-0.0008843250092390731,break,-0.0001979832110237112,break,0.0006467451560108195,reject,,,wall,0.0,USD_JPY
2023-10-31,put,151.51515151515153,2023-10-31 18:40:00,151.54,0.00040253398442668953,reject,0.00023756103998939793,reject,-0.0002837534644316575,break,,,wall,0.0,USD_JPY
2023-10-31,put,151.51515151515153,2023-10-31 19:15:00,151.534,3.9595074372789085e-05,reject,0.00048174007153511944,reject,-0.0019863528976994393,break,,,wall,0.0,USD_JPY
2023-10-31,put,151.51515151515153,2023-10-31 22:26:00,151.538,-0.00026396019480279254,break,-0.0016365532077763367,break,,,,,wall,0.0,USD_JPY
2023-11-10,put,151.51515151515153,2023-11-10 19:07:00,151.529,-5.939457133607995e-05,reject,0.0003101716503111085,reject,,,,,wall,0.0,USD_JPY
2023-11-10,put,151.51515151515153,2023-11-10 20:35:00,151.532,9.898899242388737e-05,reject,3.9595596969643765e-05,reject,,,,,wall,0.0,USD_JPY
2023-11-13,put,151.51515151515153,2023-11-13 15:02:00,151.628,-0.0006529137098688631,reject,0.00022423299126828056,reject,-3.957052787062487e-05,reject,,,wall,0.0,USD_JPY
2023-11-13,put,151.51515151515153,2023-11-13 16:41:00,151.512,0.00038280796240552917,reject,0.00022440466761697309,reject,0.0007524156502456414,reject,,,wall,0.0,USD_JPY
2023-11-13,put,151.51515151515153,2023-11-13 17:38:00,151.534,0.0006599179062123373,reject,0.0008314965618276826,reject,0.0012274473055551294,reject,,,wall,0.0,USD_JPY
2023-11-14,put,151.51515151515153,2023-11-14 13:30:00,151.21,-0.002261755174922331,break,-0.0016665564446796122,break,-0.0032471397394353563,break,,,wall,0.0,USD_JPY
2023-12-12,put,145.98540145985402,2023-12-12 00:13:00,146.006,-0.000458885251291119,break,-0.002287577222853887,break,-0.0029039902469761847,break,,,wall,0.0,USD_JPY
2024-01-09,put,143.88489208633095,2024-01-09 00:37:00,143.919,0.0003265725859684654,reject,-0.0018899519868816883,break,-0.002035867397633395,break,,,wall,0.0,USD_JPY
2024-01-09,put,143.88489208633095,2024-01-09 00:54:00,143.914,-0.000993648984810358,break,-0.0030226385202272166,break,-0.002279138930194269,break,,,wall,0.0,USD_JPY
2024-01-09,put,143.88489208633095,2024-01-09 01:04:00,143.861,-0.0002988996322838,break,-0.0028291197753386177,break,-0.0017586420225077504,break,,,wall,0.0,USD_JPY
2024-01-09,put,143.88489208633095,2024-01-09 06:40:00,143.903,0.0012438934560086157,reject,0.000576777412562679,reject,0.0002849141435550262,reject,,,wall,0.0,USD_JPY
2024-01-09,put,143.88489208633095,2024-01-09 06:43:00,143.906,0.001209122621711467,reject,0.0007365919419621836,reject,0.0004308367962417847,reject,,,wall,0.0,USD_JPY
2024-01-09,put,143.88489208633095,2024-01-09 07:11:00,143.907,-4.864252607594821e-05,reject,0.0025085645590554595,reject,0.001264705677972433,reject,,,wall,0.0,USD_JPY
2024-01-09,put,143.88489208633095,2024-01-09 07:21:00,143.896,0.0005976538611220938,reject,0.002335019736476429,reject,0.0013203980652696234,reject,,,wall,0.0,USD_JPY
2024-01-09,put,143.88489208633095,2024-01-09 09:04:00,143.892,0.0004169794012176542,reject,0.0006602173852612303,reject,0.0014872265310093002,reject,,,wall,0.0,USD_JPY
2024-01-09,put,143.88489208633095,2024-01-09 09:21:00,143.912,-0.0006531769414641619,break,-0.00013897381733285474,reject,0.0015217632997943653,reject,,,wall,0.0,USD_JPY
2024-01-09,put,143.88489208633095,2024-01-09 10:17:00,143.908,0.00011118214414773675,reject,0.0014175723378826444,reject,-0.0006323484448396144,break,,,wall,0.0,USD_JPY
2024-01-09,put,143.88489208633095,2024-01-09 13:38:00,143.92,-0.0006045025013895478,break,-0.0010700389105058328,break,0.0036548082267926496,reject,,,wall,0.0,USD_JPY
2024-01-09,put,143.88489208633095,2024-01-09 13:50:00,143.924,-0.0010283205024873565,break,-0.0007156554848393171,break,0.003376782190600558,reject,,,wall,0.0,USD_JPY
2024-01-09,put,143.88489208633095,2024-01-09 15:04:00,143.892,-0.0007227642954437119,break,0.002946654435270979,reject,0.004656269980263028,reject,,,wall,0.0,USD_JPY
2024-02-29,put,149.2537313432836,2024-02-29 15:05:00,149.272,0.0009378852028512075,reject,0.0031620129696126043,reject,0.0041132965325043624,reject,,,wall,0.0,USD_JPY
2024-02-29,put,149.2537313432836,2024-02-29 15:26:00,149.296,-0.00025452791769353666,reject,0.003416032579573569,reject,0.003838013074697333,reject,,,wall,0.0,USD_JPY
2024-02-29,put,149.2537313432836,2024-02-29 15:31:00,149.269,0.00103839377231707,reject,0.0034300491059764404,reject,0.003986092222765691,reject,,,wall,0.0,USD_JPY
2024-03-05,put,150.37593984962407,2024-03-05 00:14:00,150.396,0.000598420170749181,reject,0.000199473390249727,reject,0.0006649113008325713,reject,,,wall,0.0,USD_JPY
2024-03-05,put,150.37593984962407,2024-03-05 00:51:00,150.398,0.00013962951635004828,reject,0.00046543172116653153,reject,0.0007978829505712604,reject,,,wall,0.0,USD_JPY
2024-03-05,put,150.37593984962407,2024-03-05 01:28:00,150.396,0.00018617516423313774,reject,0.0007181042048991504,reject,0.0007579988829491402,reject,,,wall,0.0,USD_JPY
2024-03-05,put,150.37593984962407,2024-03-05 07:45:00,150.39,2.6597513132609052e-05,reject,2.6597513132609052e-05,reject,0.00019948134849401278,reject,,,wall,0.0,USD_JPY
2024-03-05,put,150.37593984962407,2024-03-05 08:00:00,150.394,9.30888200325608e-05,reject,0.00041225048871629255,reject,0.00010638722289457725,reject,,,wall,0.0,USD_JPY
2024-03-05,put,150.37593984962407,2024-03-05 08:27:00,150.363,0.0001529631624801464,reject,0.00022611945757922136,reject,0.00037908262005936777,reject,,,wall,0.0,USD_JPY
2024-03-05,put,150.37593984962407,2024-03-05 09:16:00,150.395,-8.643904385119416e-05,reject,0.00012633398716688227,reject,-0.0008577412812926788,break,,,wall,0.0,USD_JPY
2024-03-05,put,150.37593984962407,2024-03-05 12:45:00,150.388,-0.00013298933425542891,break,-0.00140968694310728,break,-0.0011171104077453142,break,,,wall,0.0,USD_JPY
2024-03-07,put,148.14814814814815,2024-03-07 06:54:00,148.184,-0.0008975327970631719,break,-0.0011269772715003512,break,-0.001822059061707182,break,,,wall,0.0,USD_JPY
2024-03-07,put,148.14814814814815,2024-03-07 07:24:00,148.214,-0.0008298811178431009,break,-0.0018351842605961455,break,-0.0029012104119718884,break,,,wall,0.0,USD_JPY
2024-03-07,put,148.14814814814815,2024-03-07 07:31:00,148.17,-0.0004589323074845053,break,-0.0019167172842005087,break,-0.0025511237092528116,break,,,wall,0.0,USD_JPY
2024-03-07,put,148.14814814814815,2024-03-07 15:15:00,148.162,0.0005804457283242748,reject,8.099242720804867e-05,reject,-0.0006479394176645004,break,,,wall,0.0,USD_JPY
2024-03-07,put,148.14814814814815,2024-03-07 15:35:00,148.16,-0.0008774298056155594,break,-0.0005399568034556435,break,-0.0007694384449243863,break,,,wall,0.0,USD_JPY
2024-03-07,put,148.14814814814815,2024-03-07 17:13:00,148.183,0.00021594919795120404,reject,-0.0007625706052650782,break,-0.0008165579047527682,break,,,wall,0.0,USD_JPY
2024-03-07,put,148.14814814814815,2024-03-07 17:30:00,148.172,-8.098696109926085e-05,reject,-0.0006748913424937664,break,-0.0010258348405906004,break,,,wall,0.0,USD_JPY
2024-03-14,put,148.14814814814815,2024-03-14 16:09:00,148.172,-0.0003644413249467293,break,9.448478794915616e-05,reject,0.00052641524714514,reject,,,wall,0.0,USD_JPY
2024-03-14,put,148.14814814814815,2024-03-14 17:05:00,148.171,-0.0001214812615154548,reject,0.0008301219536888116,reject,0.0008841136254733595,reject,,,wall,0.0,USD_JPY
2024-03-15,put,148.14814814814815,2024-03-15 06:51:00,148.242,-0.0007285384708787257,break,0.001983243615169883,reject,0.0035212692759138964,reject,,,wall,0.0,USD_JPY
2024-03-15,put,148.14814814814815,2024-03-15 07:02:00,148.134,0.0009045863880001725,reject,0.003388823632656912,reject,0.00440142033564217,reject,,,wall,0.0,USD_JPY
2024-04-02,put,151.51515151515153,2024-04-02 00:01:00,151.526,0.0005015640880112748,reject,0.0011483177804467726,reject,0.0014584955717171777,reject,,,wall,0.0,USD_JPY
2024-04-02,put,151.51515151515153,2024-04-02 14:00:00,151.544,-6.59874359922874e-05,reject,0.00018476482077800505,reject,0.0001583698463811789,reject,,,wall,0.0,USD_JPY
2024-04-02,put,151.51515151515153,2024-04-02 15:08:00,151.523,2.6398632550828083e-05,reject,0.0003695808557118152,reject,0.0004223781208132493,reject,,,wall,0.0,USD_JPY
2024-04-02,put,151.51515151515153,2024-04-02 15:18:00,151.532,0.0005015442282818583,reject,0.00035636037272657184,reject,0.00043555156666585937,reject,,,wall,0.0,USD_JPY
2024-04-02,put,151.51515151515153,2024-04-02 15:45:00,151.528,0.00017158544955386823,reject,0.000329972018372926,reject,0.0002903753761682726,reject,,,wall,0.0,USD_JPY
2024-04-02,put,151.51515151515153,2024-04-02 22:00:00,151.532,-2.6397064646577206e-05,reject,0.00013858458939353113,reject,,,,,wall,0.0,USD_JPY
2024-04-02,put,151.51515151515153,2024-04-02 23:43:00,151.555,-1.979479396929662e-05,reject,,,,,,,wall,0.0,USD_JPY
2024-04-03,put,151.51515151515153,2024-04-03 04:12:00,151.54,0.00016497294443706956,reject,0.0001055826844398311,reject,0.0011218160221724283,reject,,,wall,0.0,USD_JPY
2024-04-04,put,151.51515151515153,2024-04-04 13:35:00,151.528,6.599440367471843e-05,reject,0.0007721345229925181,reject,0.0008447283670345307,reject,,,wall,0.0,USD_JPY
2024-04-04,put,151.51515151515153,2024-04-04 14:02:00,151.53,0.00023757671748159126,reject,0.0009833036362436598,reject,0.00093710816339998,reject,,,wall,0.0,USD_JPY
2024-04-04,put,151.51515151515153,2024-04-04 18:33:00,151.536,-0.0001319818392989669,reject,-0.0018609439341147338,break,-0.001735561186780754,break,,,wall,0.0,USD_JPY
2024-04-04,put,151.51515151515153,2024-04-04 18:44:00,151.542,-0.0022106082802128,break,-0.002646131105568217,break,-0.0015111322273694272,break,,,wall,0.0,USD_JPY
2024-04-05,put,151.51515151515153,2024-04-05 14:12:00,151.526,-0.00019798582421504118,break,0.0005015640880112748,reject,0.0003167773187440215,reject,,,wall,0.0,USD_JPY
2024-04-05,put,151.51515151515153,2024-04-05 14:23:00,151.528,-7.919328440952889e-05,reject,0.0004091653027824549,reject,0.00035636977984276896,reject,,,wall,0.0,USD_JPY
2024-04-05,put,151.51515151515153,2024-04-05 15:06:00,151.562,0.00023752655678865864,reject,-9.237143875118203e-05,reject,0.00013855715812671754,reject,,,wall,0.0,USD_JPY
2024-04-05,put,151.51515151515153,2024-04-05 15:26:00,151.542,0.00022436024336491833,reject,0.0003299415343602785,reject,0.00042892399466820663,reject,,,wall,0.0,USD_JPY
2024-04-05,put,151.51515151515153,2024-04-05 16:07:00,151.537,0.00029695717877475936,reject,0.00028375908194044897,reject,0.0007060981806423783,reject,,,wall,0.0,USD_JPY
2024-07-01,put,161.29032258064515,2024-07-01 13:41:00,161.32,0.0,reject,0.0014009422266303417,reject,0.0008678403173816296,reject,,,wall,0.0,USD_JPY
2024-07-01,put,161.29032258064515,2024-07-01 14:00:00,161.212,0.0008312036324840122,reject,0.002878197652780079,reject,0.0017740614842567393,reject,,,wall,0.0,USD_JPY
2024-07-02,put,161.29032258064515,2024-07-02 13:38:00,161.316,0.0003967368394950377,reject,0.0007562796002875682,reject,0.001636539462917641,reject,,,wall,0.0,USD_JPY
2024-07-02,put,161.29032258064515,2024-07-02 13:40:00,161.315,0.0005021231751540789,reject,0.0009980472987634048,reject,0.0015931562470943295,reject,,,wall,0.0,USD_JPY
2024-07-03,put,161.29032258064515,2024-07-03 14:01:00,161.327,-0.0027149826129537757,break,0.00011157462792965589,reject,0.0009359871565206568,reject,,,wall,0.0,USD_JPY
2024-07-03,put,161.29032258064515,2024-07-03 14:05:00,161.286,-0.0010044269186414434,break,0.0002232059819202714,reject,0.0015500415411133783,reject,,,wall,0.0,USD_JPY
2024-07-03,put,161.29032258064515,2024-07-03 15:03:00,161.305,0.00024797743405335915,reject,0.0007067356870524844,reject,0.0023371873159541146,reject,,,wall,0.0,USD_JPY
2024-07-03,put,161.29032258064515,2024-07-03 15:12:00,161.303,0.0006261507845484182,reject,0.0009485254458998504,reject,0.0024240094728553707,reject,,,wall,0.0,USD_JPY
2024-07-05,put,161.29032258064515,2024-07-05 00:07:00,161.316,-0.00016117434104501172,break,-0.001153016439782828,break,-0.004562473654194155,break,,,wall,0.0,USD_JPY
2024-08-07,put,147.05882352941177,2024-08-07 01:47:00,146.927,-0.0035119481102859895,break,-0.002865368516338007,break,0.0014496995106412225,reject,,,wall,0.0,USD_JPY
2024-08-07,put,147.05882352941177,2024-08-07 03:14:00,147.063,7.479787574049546e-05,reject,0.0024343308650034423,reject,-0.0016659526869435837,break,,,wall,0.0,USD_JPY
2024-08-07,put,147.05882352941177,2024-08-07 03:24:00,147.094,0.00019715284104049324,reject,0.004187798278651789,reject,-0.005091981997906059,break,,,wall,0.0,USD_JPY
2024-08-07,put,147.05882352941177,2024-08-07 03:29:00,147.074,0.0015298421202931678,reject,0.004827501801814016,reject,-0.0057862028638644425,break,,,wall,0.0,USD_JPY
2024-08-07,put,147.05882352941177,2024-08-07 03:40:00,147.188,0.00014946870668808288,reject,0.004049243144821579,reject,-0.004640323939451574,break,,,wall,0.0,USD_JPY
2024-08-07,put,147.05882352941177,2024-08-07 05:45:00,146.974,-0.0004014315457155915,break,-0.001551294786832913,break,0.0027419815749725185,reject,,,wall,0.0,USD_JPY
2024-08-07,put,147.05882352941177,2024-08-07 05:49:00,147.166,-0.0011415680252232496,break,-0.002595708247829065,break,0.001060027451992962,reject,,,wall,0.0,USD_JPY
2024-08-07,put,147.05882352941177,2024-08-07 05:51:00,147.24,-0.0014126596033686711,break,-0.0030358598207008702,break,0.0008693289866883447,reject,,,wall,0.0,USD_JPY
2024-08-07,put,147.05882352941177,2024-08-07 05:53:00,147.119,-0.0020051794805564516,break,-0.0025761458411217575,break,0.0028684262399825133,reject,,,wall,0.0,USD_JPY
2024-08-07,put,147.05882352941177,2024-08-07 05:56:00,147.028,-0.001856789183012686,break,-0.0027069673803629124,break,0.0035503441521345103,reject,,,wall,0.0,USD_JPY
2024-08-07,put,147.05882352941177,2024-08-07 06:06:00,147.032,-0.0006257141302574709,break,-0.0018431361880407726,break,0.0022852168235485415,reject,,,wall,0.0,USD_JPY
2024-08-07,put,147.05882352941177,2024-08-07 08:56:00,147.102,0.00013596008212002353,reject,0.003045505839485596,reject,-0.0013663988253048709,break,,,wall,0.0,USD_JPY
2024-08-07,put,147.05882352941177,2024-08-07 08:58:00,147.098,0.0004894696052970549,reject,0.0034738745598172915,reject,-0.0005982406286966224,break,,,wall,0.0,USD_JPY
2024-08-07,put,147.05882352941177,2024-08-07 10:44:00,147.064,0.0008839688842952054,reject,0.000489582766686647,reject,-0.0009927650546699418,break,,,wall,0.0,USD_JPY
2024-08-07,put,147.05882352941177,2024-08-07 11:40:00,147.081,0.0009110626117583287,reject,-0.0004011395081621183,break,0.003290703761872793,reject,,,wall,0.0,USD_JPY
2024-08-07,put,147.05882352941177,2024-08-07 11:45:00,147.058,-0.00027200152320849824,break,-2.0400114240537448e-05,break,0.002312012947272457,reject,,,wall,0.0,USD_JPY
2024-08-07,put,147.05882352941177,2024-08-07 12:00:00,147.018,5.441510563342078e-05,break,0.00035369818661656893,reject,0.0028431892693412397,reject,,,wall,0.0,USD_JPY
2024-08-07,put,147.05882352941177,2024-08-07 12:09:00,147.049,-0.00023801589946204071,break,-0.00036042407632830287,break,0.001870124924344907,reject,,,wall,0.0,USD_JPY
2024-08-07,put,147.05882352941177,2024-08-07 12:19:00,147.068,-0.00020398727119430582,break,-0.0005575652079311544,break,0.0018766828949872139,reject,,,wall,0.0,USD_JPY
2024-08-07,put,147.05882352941177,2024-08-07 12:34:00,147.038,-0.0005100722262273427,break,0.0002040288904909815,reject,0.0021423033501544175,reject,,,wall,0.0,USD_JPY
2024-08-07,put,147.05882352941177,2024-08-07 13:32:00,147.024,0.0013875285667646065,reject,-0.0018092284252910762,break,0.001129067363151659,reject,,,wall,0.0,USD_JPY
2024-08-07,put,147.05882352941177,2024-08-07 13:38:00,147.082,0.0010742307012416852,reject,-0.0025020056839041294,break,0.0016997321222176343,reject,,,wall,0.0,USD_JPY
2024-08-07,put,147.05882352941177,2024-08-07 14:01:00,147.058,-0.0016184090630907422,break,0.001700009520053225,reject,-0.0009180051408287371,break,,,wall,0.0,USD_JPY
2024-08-07,put,147.05882352941177,2024-08-07 16:55:00,147.177,0.0002378088967704972,reject,-0.0008085502490199348,break,-0.002792555902077054,break,,,wall,0.0,USD_JPY
2024-08-07,put,147.05882352941177,2024-08-07 17:13:00,147.097,0.0006526305771021867,reject,-0.0021278476107603472,break,-0.0028484605396439378,break,,,wall,0.0,USD_JPY
2024-08-07,put,147.05882352941177,2024-08-07 17:19:00,147.009,0.001686971545959981,reject,-0.001666564632097245,break,-0.0022039466971408572,break,,,wall,0.0,USD_JPY
2024-08-07,put,147.05882352941177,2024-08-07 17:50:00,147.086,-0.0012237738465932235,break,-0.000979019077274601,break,-0.002284377846973995,break,,,wall,0.0,USD_JPY
2024-08-07,put,147.05882352941177,2024-08-07 19:10:00,147.074,-0.0014482505405443158,break,-0.0011286835198609513,break,-0.005126670927560362,break,,,wall,0.0,USD_JPY
2024-08-08,put,147.05882352941177,2024-08-08 12:42:00,147.109,0.0002515141833605572,reject,0.0025355348755005114,reject,0.0003602770734625338,reject,,,wall,0.0,USD_JPY
2024-08-08,put,147.05882352941177,2024-08-08 12:59:00,147.064,0.000979165533373294,reject,0.0004487842027960376,reject,0.00125795571995857,reject,,,wall,0.0,USD_JPY
2024-08-08,put,147.05882352941177,2024-08-08 14:04:00,146.998,0.0006938869916597312,reject,0.001020422046558389,reject,0.002530646675465098,reject,,,wall,0.0,USD_JPY
2024-08-08,put,147.05882352941177,2024-08-08 15:14:00,147.067,0.0012307315713244726,reject,0.0005371701333405365,reject,0.0007955557670993318,reject,,,wall,0.0,USD_JPY
2024-08-08,put,147.05882352941177,2024-08-08 15:42:00,147.084,-1.3597672078646816e-05,reject,0.000530309211063118,reject,0.0003739359821599564,reject,,,wall,0.0,USD_JPY
2024-08-08,put,147.05882352941177,2024-08-08 15:46:00,147.048,0.0004080300310103091,reject,0.0007752570589196761,reject,0.0005576410423806522,reject,,,wall,0.0,USD_JPY
2024-08-08,put,147.05882352941177,2024-08-08 15:58:00,147.08,0.0004623334239868271,reject,0.0012306227903180478,reject,0.00035354908893103776,reject,,,wall,0.0,USD_JPY
2024-08-08,put,147.05882352941177,2024-08-08 16:12:00,147.084,0.0009654347175762634,reject,0.0006254929156126465,reject,0.0003263441298850811,reject,,,wall,0.0,USD_JPY
2024-08-09,put,147.05882352941177,2024-08-09 02:00:00,147.044,0.0010269035118739556,reject,0.0031555180762221635,reject,-0.0005848589537825744,break,,,wall,0.0,USD_JPY
2024-08-09,put,147.05882352941177,2024-08-09 02:08:00,147.08,0.0008974707642097624,reject,0.0022980690780527446,reject,-0.00022436769105260712,break,,,wall,0.0,USD_JPY
2024-08-09,put,147.05882352941177,2024-08-09 04:30:00,147.098,-0.0004622768494474405,break,-0.0007885899196454771,break,0.0004894696052970549,reject,,,wall,0.0,USD_JPY
2024-08-09,put,147.05882352941177,2024-08-09 04:35:00,147.083,6.118994037396241e-05,reject,-0.0006390949327930162,break,0.0005303128165730087,reject,,,wall,0.0,USD_JPY
2024-08-09,put,147.05882352941177,2024-08-09 04:40:00,147.064,-0.0006391775009518819,break,-0.0008023717565140975,break,0.0008227710384594022,reject,,,wall,0.0,USD_JPY
2024-08-09,put,147.05882352941177,2024-08-09 04:49:00,147.092,-0.002352269328039669,break,-1.3596932532111694e-05,reject,0.0002991325157042368,reject,,,wall,0.0,USD_JPY
2024-08-09,put,147.05882352941177,2024-08-09 06:33:00,147.062,0.0007071847248099061,reject,0.0005711876623464285,reject,0.0008159823747806438,reject,,,wall,0.0,USD_JPY
2024-08-09,put,147.05882352941177,2024-08-09 07:01:00,147.065,-0.0005235780097235798,break,0.0011967497365110713,reject,3.3998572059878995e-05,reject,,,wall,0.0,USD_JPY
2024-08-09,put,147.05882352941177,2024-08-09 07:12:00,147.074,-0.0005643417599303646,break,4.0795789874481514e-05,reject,-0.00013598596624830872,break,,,wall,0.0,USD_JPY
2024-08-09,put,147.05882352941177,2024-08-09 08:12:00,147.08,0.0003943432145769865,reject,0.0007614903453903032,reject,-0.001427794397606763,break,,,wall,0.0,USD_JPY
2024-08-09,put,147.05882352941177,2024-08-09 08:25:00,147.076,0.0007411134379504691,reject,0.001060676113030068,reject,-0.0020941554026489007,break,,,wall,0.0,USD_JPY
2024-08-09,put,147.05882352941177,2024-08-09 10:58:00,147.087,-0.0003059413816312029,break,-0.0004487140263925715,break,-0.0035693161190314404,break,,,wall,0.0,USD_JPY
2024-08-09,put,147.05882352941177,2024-08-09 11:01:00,147.07,-9.519276534974974e-05,break,-0.000380771061399221,break,-0.0030869653906301364,break,,,wall,0.0,USD_JPY
2024-08-09,put,147.05882352941177,2024-08-09 11:22:00,147.054,-0.0007208236430154003,break,-0.0014892488473621235,break,-0.0034953146463204687,break,,,wall,0.0,USD_JPY
2024-08-12,put,147.05882352941177,2024-08-12 03:40:00,147.055,0.0006528169732413769,reject,7.480194485043334e-05,reject,0.0011764305871952985,reject,,,wall,0.0,USD_JPY
2024-08-12,put,147.05882352941177,2024-08-12 04:29:00,147.076,5.43936468220263e-05,reject,0.0005779324974843902,reject,0.001958171285593835,reject,,,wall,0.0,USD_JPY
2024-08-12,put,147.05882352941177,2024-08-12 04:35:00,147.08,-2.7196083764113865e-05,reject,0.0006187109056294826,reject,0.0024340494968722037,reject,,,wall,0.0,USD_JPY
2024-08-12,put,147.05882352941177,2024-08-12 18:08:00,147.117,0.00023790588443217686,reject,0.00030587899427003684,reject,0.00038744672607538,reject,,,wall,0.0,USD_JPY
2024-08-12,put,147.05882352941177,2024-08-12 19:42:00,147.047,0.0006596530361042685,reject,0.0013941120866118872,reject,-0.0006936557699239732,break,,,wall,0.0,USD_JPY
2024-08-12,put,147.05882352941177,2024-08-12 23:34:00,147.076,-0.0005099404389566908,break,,,,,,,wall,0.0,USD_JPY
2024-09-04,put,144.92753623188406,2024-09-04 00:41:00,144.915,0.0022633957837352447,reject,0.0035676085981437566,reject,0.0034019942725045382,reject,,,wall,0.0,USD_JPY
2024-09-04,put,144.92753623188406,2024-09-04 06:58:00,144.914,0.0006210580068177762,reject,0.00040023738217165317,reject,0.0013801289040398235,reject,,,wall,0.0,USD_JPY
2024-09-04,put,144.92753623188406,2024-09-04 07:19:00,144.956,-0.000641573994867306,break,0.0012486547642043266,reject,0.00015177019233436617,reject,,,wall,0.0,USD_JPY
2024-09-04,put,144.92753623188406,2024-09-04 07:22:00,144.922,-0.0003381129159134577,break,0.001573260098535867,reject,-9.660369026098792e-05,break,,,wall,0.0,USD_JPY
2024-09-04,put,144.92753623188406,2024-09-04 07:49:00,144.956,8.278374127312915e-05,reject,0.001138276442506747,reject,0.0002897430944561741,reject,,,wall,0.0,USD_JPY
2024-09-04,put,144.92753623188406,2024-09-04 08:03:00,144.956,0.0011727696680372546,reject,0.0018212423080108397,reject,-0.00016556748254648035,reject,,,wall,0.0,USD_JPY
2024-09-04,put,144.92753623188406,2024-09-04 10:18:00,144.947,0.0011521452668905585,reject,0.00044843977453834505,reject,-0.005001828254465379,break,,,wall,0.0,USD_JPY
2024-09-04,put,144.92753623188406,2024-09-04 11:21:00,144.938,0.00012419103340732818,reject,0.0009314327505556275,reject,-0.004608867239785153,break,,,wall,0.0,USD_JPY
2024-09-04,put,144.92753623188406,2024-09-04 11:37:00,144.943,0.0003932580393670726,reject,0.0009658969387964511,reject,-0.004505219293101548,break,,,wall,0.0,USD_JPY
2024-09-04,put,144.92753623188406,2024-09-04 11:55:00,144.912,0.0009661035663022233,reject,0.0017389864193440019,reject,-0.004057634978469671,break,,,wall,0.0,USD_JPY
2024-09-04,put,144.92753623188406,2024-09-04 13:18:00,144.988,-0.0007862719673352725,break,-0.005283195850691036,break,-0.006738488702513368,break,,,wall,0.0,USD_JPY
2024-09-04,put,144.92753623188406,2024-09-04 13:24:00,144.949,-0.0006692008913480318,break,-0.004663709304652097,break,-0.0062366763482329945,break,,,wall,0.0,USD_JPY
2024-09-11,put,141.84397163120568,2024-09-11 01:33:00,141.885,-0.00028896641646403154,reject,-0.0020791486062655684,break,-0.006420692814603335,break,,,wall,0.0,USD_JPY
2024-09-11,put,141.84397163120568,2024-09-11 01:43:00,141.878,-0.00011277294577027863,reject,9.162801843842772e-05,reject,-0.004997251159446714,break,,,wall,0.0,USD_JPY
2024-09-11,put,141.84397163120568,2024-09-11 01:48:00,141.844,-0.0009094498181099198,break,-0.00011279997743995906,break,-0.004660049067990224,break,,,wall,0.0,USD_JPY
2024-09-11,put,141.84397163120568,2024-09-11 01:51:00,141.83,-0.0010011986180640253,break,-5.6405555947325325e-05,break,-0.004413734752873211,break,,,wall,0.0,USD_JPY
2024-09-11,put,141.84397163120568,2024-09-11 01:55:00,141.858,-0.0010996912405363268,break,-0.00027492281013419273,break,-0.004723032892047119,break,,,wall,0.0,USD_JPY
2024-09-11,put,141.84397163120568,2024-09-11 03:06:00,141.866,-0.0014802701140513852,break,-0.00403197383446352,break,-0.004088365076903688,break,,,wall,0.0,USD_JPY
2024-09-11,put,141.84397163120568,2024-09-11 13:53:00,141.852,-0.0010926881538505517,break,-0.0035882469052253008,break,0.002735245185122581,reject,,,wall,0.0,USD_JPY
2024-09-11,put,141.84397163120568,2024-09-11 14:06:00,141.792,-0.003117242157526623,break,-0.0019041976980366249,break,0.0023344053261113995,reject,,,wall,0.0,USD_JPY
2024-09-11,put,141.84397163120568,2024-09-11 16:09:00,141.813,0.0009731124791099166,reject,0.0014878748774795891,reject,0.004407212314808895,reject,,,wall,0.0,USD_JPY
2024-09-11,put,141.84397163120568,2024-09-11 16:13:00,141.876,0.0003101299726520068,reject,0.0019171671036679605,reject,0.003735656488764949,reject,,,wall,0.0,USD_JPY
2024-09-11,put,141.84397163120568,2024-09-11 16:46:00,141.872,0.001148922972820543,reject,0.0028617345212584855,reject,0.00384853952858899,reject,,,wall,0.0,USD_JPY
2024-09-12,put,141.84397163120568,2024-09-12 19:34:00,141.858,-0.0006908316767472167,break,-0.0003242679299017004,break,-0.0028831648549957345,break,,,wall,0.0,USD_JPY
2024-09-12,put,141.84397163120568,2024-09-12 20:11:00,141.856,-0.0007119896232798961,break,-0.00014803744642444272,break,,,,,wall,0.0,USD_JPY
2024-09-17,put,141.84397163120568,2024-09-17 16:37:00,141.855,-0.0009234781995699493,break,0.0005428077966938005,reject,0.0033837369144549267,reject,,,wall,0.0,USD_JPY
2024-09-17,put,141.84397163120568,2024-09-17 17:13:00,141.864,0.00016917611233302488,reject,0.000437038290193259,reject,0.0035879433823942097,reject,,,wall,0.0,USD_JPY
2024-09-17,put,141.84397163120568,2024-09-17 17:45:00,141.866,0.00033834745464011995,reject,0.0001973693485401995,reject,0.003453963599452825,reject,,,wall,0.0,USD_JPY
2024-09-17,put,141.84397163120568,2024-09-17 18:39:00,141.862,8.458924870646811e-05,reject,0.002424891796252604,reject,0.001127856649419945,reject,,,wall,0.0,USD_JPY
2024-09-17,put,141.84397163120568,2024-09-17 18:48:00,141.876,-0.00041585609969263526,break,0.002452846147339871,reject,0.0012687135244862091,reject,,,wall,0.0,USD_JPY
2024-09-18,put,141.84397163120568,2024-09-18 00:01:00,141.896,-0.00045103456052320023,break,-0.0014658623217004285,break,-0.0035730394091445516,break,,,wall,0.0,USD_JPY
2024-09-18,put,141.84397163120568,2024-09-18 00:07:00,141.828,0.0004300984290832588,reject,-0.0011492794088615588,break,-0.002947231858307253,break,,,wall,0.0,USD_JPY
2024-09-18,put,141.84397163120568,2024-09-18 00:13:00,141.875,-0.000599118942731347,break,-0.0013110132158591359,break,-0.0032211453744492857,break,,,wall,0.0,USD_JPY
2024-09-18,put,141.84397163120568,2024-09-18 08:01:00,141.86,0.0007895107852813332,reject,-0.00035950937544071415,break,0.0001550824756801905,reject,,,wall,0.0,USD_JPY
2024-09-18,put,141.84397163120568,2024-09-18 08:11:00,141.869,-0.0005639004997568531,break,-0.0014168000056389296,break,0.000683729355955176,reject,,,wall,0.0,USD_JPY
2024-09-18,put,141.84397163120568,2024-09-18 08:23:00,141.862,-0.0011067093372431058,break,-0.0017411287025418387,break,0.00021147312176617028,reject,,,wall,0.0,USD_JPY
2024-09-18,put,141.84397163120568,2024-09-18 11:57:00,141.874,0.0006625597361038515,reject,0.0002537462819121039,reject,0.000796481384890857,reject,,,wall,0.0,USD_JPY
2024-09-18,put,141.84397163120568,2024-09-18 12:20:00,141.866,-2.1146715915132397e-05,reject,-0.000845868636600744,break,0.0003031029281150843,reject,,,wall,0.0,USD_JPY
2024-09-18,put,141.84397163120568,2024-09-18 12:34:00,141.872,-5.638885756176215e-05,reject,-0.00039472200293233506,break,0.00019031239427080848,reject,,,wall,0.0,USD_JPY
2024-09-18,put,141.84397163120568,2024-09-18 12:43:00,141.838,0.0006486273072097148,reject,-1.4100593634824854e-05,break,0.00026791127906489187,reject,,,wall,0.0,USD_JPY
2024-09-18,put,141.84397163120568,2024-09-18 13:00:00,141.834,-0.0004935346954890729,break,-0.0004935346954890729,break,0.00021856536514519576,reject,,,wall,0.0,USD_JPY
2024-09-18,put,141.84397163120568,2024-09-18 13:42:00,141.86,-0.000451149020160857,break,-7.04920344007931e-06,reject,9.163964471992081e-05,reject,,,wall,0.0,USD_JPY
2024-09-18,put,141.84397163120568,2024-09-18 14:22:00,141.853,0.0001480405772171789,reject,0.0007684010912702988,reject,-0.007853200143810857,break,,,wall,0.0,USD_JPY
2024-09-18,put,141.84397163120568,2024-09-18 14:40:00,141.876,0.0012546167075473402,reject,0.0006695988045899437,reject,-0.008204347458343975,break,,,wall,0.0,USD_JPY
2024-09-18,put,141.84397163120568,2024-09-18 16:29:00,141.854,0.00017623754000584135,reject,0.0002678810608087723,reject,0.003228671732908417,reject,,,wall,0.0,USD_JPY
2024-09-18,put,141.84397163120568,2024-09-18 16:40:00,141.862,0.00023262043394289833,reject,4.2294624353234056e-05,reject,0.0030945566818456616,reject,,,wall,0.0,USD_JPY
2024-09-18,put,141.84397163120568,2024-09-18 17:00:00,141.865,0.00021851760476487847,reject,-0.006322912628203059,break,0.0026997497620977473,reject,,,wall,0.0,USD_JPY
2024-09-18,put,141.84397163120568,2024-09-18 17:28:00,141.875,6.343612334802629e-05,reject,-0.007252863436123302,break,0.0022484581497796974,reject,,,wall,0.0,USD_JPY
2024-09-18,put,141.84397163120568,2024-09-18 18:00:00,140.968,0.0004256285114352387,break,0.002532489643039648,break,0.007207309460303124,reject,,,wall,0.0,USD_JPY
2024-09-20,put,141.84397163120568,2024-09-20 06:25:00,141.858,0.004603194744039696,reject,0.009178192276783737,reject,0.01419729588743679,reject,,,wall,0.0,USD_JPY
2024-09-20,put,141.84397163120568,2024-09-20 06:31:00,141.848,0.004018385877841091,reject,0.010765044272742497,reject,0.015072471941796728,reject,,,wall,0.0,USD_JPY
2024-09-27,put,142.85714285714286,2024-09-27 07:08:00,142.894,0.001350651531904612,reject,0.002078463756350901,reject,0.002421375285176497,reject,,,wall,0.0,USD_JPY
2024-09-27,put,142.85714285714286,2024-09-27 07:23:00,143.087,0.0008176843458875815,reject,0.004228196831298492,reject,0.0007617743051431258,reject,,,wall,0.0,USD_JPY
2024-09-27,put,142.85714285714286,2024-09-27 12:30:00,142.82,4.901274331325922e-05,break,0.0010782803528917029,reject,-0.0014283713765577133,break,,,wall,0.0,USD_JPY
2024-09-27,put,142.85714285714286,2024-09-27 12:33:00,142.954,-0.0007275067504233235,break,-0.0011262364117128332,break,-0.0026721882563621735,break,,,wall,0.0,USD_JPY
2024-09-27,put,142.85714285714286,2024-09-27 12:42:00,142.857,-0.002310002310002446,break,-0.001743001743001682,break,-0.0029890029890029535,break,,,wall,0.0,USD_JPY
2024-09-27,put,142.85714285714286,2024-09-27 13:33:00,142.793,-0.0005252358308881488,break,-0.00038517294265127955,break,-0.003095389830033768,break,,,wall,0.0,USD_JPY
2024-09-27,put,142.85714285714286,2024-09-27 14:26:00,142.839,-7.70097802420544e-05,break,0.00034304356653303003,reject,-0.004207534356863274,break,,,wall,0.0,USD_JPY
2024-09-27,put,142.85714285714286,2024-09-27 14:29:00,142.77,-0.0001050640890944976,break,0.0008545212579673667,reject,-0.004370666106324972,break,,,wall,0.0,USD_JPY
2024-09-27,put,142.85714285714286,2024-09-27 15:05:00,142.862,0.0009099690610518962,reject,-0.001770939788047099,break,-0.004311853396984366,break,,,wall,0.0,USD_JPY
2024-09-27,put,142.85714285714286,2024-09-27 15:26:00,142.888,-0.0007418397626112183,break,-0.001924584289793474,break,-0.005360842058115378,break,,,wall,0.0,USD_JPY
2024-09-27,put,142.85714285714286,2024-09-27 15:28:00,142.889,-0.0007768267676309115,break,-0.0019875567748393053,break,-0.005311815465151359,break,,,wall,0.0,USD_JPY
2024-09-30,put,142.85714285714286,2024-09-30 13:02:00,142.868,-0.0002519808494554354,break,0.0015958787132177576,reject,0.0013998936080859004,reject,,,wall,0.0,USD_JPY
2024-09-30,put,142.85714285714286,2024-09-30 13:37:00,142.924,0.00041980353194714937,reject,-0.00041980353194703834,reject,0.0006716856511153058,reject,,,wall,0.0,USD_JPY
2024-09-30,put,142.85714285714286,2024-09-30 14:23:00,142.878,-0.00016797547558033976,break,0.002120690379204815,reject,0.0061870966838841746,reject,,,wall,0.0,USD_JPY
2024-09-30,put,142.85714285714286,2024-09-30 14:30:00,142.971,0.000342726846703334,reject,0.0019024837204746348,reject,0.00565149575788082,reject,,,wall,0.0,USD_JPY
2024-09-30,put,142.85714285714286,2024-09-30 14:35:00,142.865,0.0010219437930913955,reject,0.0024988625625590455,reject,0.006222657753823357,reject,,,wall,0.0,USD_JPY
2024-11-04,put,151.51515151515153,2024-11-04 11:53:00,151.558,0.0005674395281014544,reject,0.0015307670990643008,reject,0.002995552857651962,reject,,,wall,0.0,USD_JPY
2024-11-05,put,151.51515151515153,2024-11-05 18:13:00,151.518,-0.0004223920590292751,break,0.0005543895774759999,reject,0.00020459615359236238,reject,,,wall,0.0,USD_JPY
2024-11-05,put,151.51515151515153,2024-11-05 19:27:00,151.542,-0.0003563368571088965,break,-0.0008974409734594513,break,0.0018872655765398427,reject,,,wall,0.0,USD_JPY
2024-11-05,put,151.51515151515153,2024-11-05 22:54:00,151.545,0.0015704906133491292,reject,0.00022435580190705018,reject,,,,,wall,0.0,USD_JPY
2024-11-05,put,151.51515151515153,2024-11-05 23:55:00,151.502,,,,,,,,,wall,0.0,USD_JPY
2024-12-19,put,156.25,2024-12-19 07:50:00,156.265,0.002028605253895588,reject,0.003065305730650003,reject,0.003385275013598754,reject,,,wall,0.0,USD_JPY
2024-12-20,put,156.25,2024-12-20 16:33:00,156.27,-0.0006527164522941442,break,-0.001062264030204152,break,-0.0012158443719203493,break,,,wall,0.0,USD_JPY
2025-05-16,put,144.92753623188406,2025-05-16 07:09:00,144.947,0.0016488785556099117,reject,0.0025181618108689463,reject,0.003594417269760619,reject,,,wall,0.0,USD_JPY
2025-05-19,put,144.92753623188406,2025-05-19 00:54:00,144.946,9.658769472786766e-05,reject,0.0012280435472520335,reject,0.002407793247140244,reject,,,wall,0.0,USD_JPY
2025-05-19,put,144.92753623188406,2025-05-19 01:14:00,145.02,0.00037236243276783654,reject,0.0009240104813128536,reject,0.0014480761274304754,reject,,,wall,0.0,USD_JPY
2025-05-19,put,144.92753623188406,2025-05-19 07:01:00,145.035,-6.894887440955788e-05,reject,-0.0009583893542938204,break,-0.0014961905746887494,break,,,wall,0.0,USD_JPY
2025-05-19,put,144.92753623188406,2025-05-19 07:24:00,144.954,-0.0017522800336660094,break,-4.1392441740173425e-05,reject,-0.000282848351890963,break,,,wall,0.0,USD_JPY
2025-05-19,put,144.92753623188406,2025-05-19 08:29:00,144.946,0.00015178066314347483,reject,-7.589033157173741e-05,reject,-0.0002621665999752443,break,,,wall,0.0,USD_JPY
2025-05-19,put,144.92753623188406,2025-05-19 11:40:00,144.964,-8.277917276011681e-05,reject,-0.0004345906569905855,break,-0.0005656576805275204,break,,,wall,0.0,USD_JPY
2025-05-19,put,144.92753623188406,2025-05-19 11:55:00,144.952,2.759534190621693e-05,reject,0.0001931673933439626,reject,0.0003449417738285998,reject,,,wall,0.0,USD_JPY
2025-05-19,put,144.92753623188406,2025-05-19 12:32:00,144.974,-0.0001241601942417736,reject,-0.00039317394843207953,break,0.0001793425027936113,reject,,,wall,0.0,USD_JPY
2025-05-19,put,144.92753623188406,2025-05-19 12:34:00,144.928,4.139986752038638e-05,reject,0.00015179951424149074,reject,0.0003311989401633131,reject,,,wall,0.0,USD_JPY
2025-05-19,put,144.92753623188406,2025-05-19 13:14:00,144.976,-0.0007035647279549639,break,0.0010898355589890052,reject,0.00044145237832471373,reject,,,wall,0.0,USD_JPY
2025-05-19,put,144.92753623188406,2025-05-19 13:20:00,144.934,0.0003104861523177682,reject,0.0009659569183215755,reject,0.0009728566105950964,reject,,,wall,0.0,USD_JPY
2025-05-19,put,144.92753623188406,2025-05-19 13:34:00,144.95,0.0005795101759227261,reject,0.0006209037599171907,reject,0.0006484994825803891,reject,,,wall,0.0,USD_JPY
2025-05-19,put,144.92753623188406,2025-05-19 13:37:00,144.926,0.000779708264907697,reject,0.0008694092157377487,reject,0.0008280087768930411,reject,,,wall,0.0,USD_JPY
2025-05-19,put,144.92753623188406,2025-05-19 13:42:00,144.978,0.00031728951978915454,reject,-8.966877733174172e-05,reject,0.00044144628840236955,reject,,,wall,0.0,USD_JPY
2025-05-19,put,144.92753623188406,2025-05-19 14:41:00,144.96,-0.000593267108167872,break,-0.0004415011037529615,break,0.0004277041942604143,reject,,,wall,0.0,USD_JPY
2025-05-19,put,144.92753623188406,2025-05-19 14:51:00,144.932,-2.0699362459519755e-05,reject,-0.000338089586840562,break,0.0003242900118678449,reject,,,wall,0.0,USD_JPY
2025-05-19,put,144.92753623188406,2025-05-19 17:00:00,144.952,0.0006760858767040911,reject,0.0006346928638447658,reject,-0.0005932998509849963,break,,,wall,0.0,USD_JPY
2025-05-19,put,144.92753623188406,2025-05-19 19:01:00,144.947,-0.00015867868945196317,break,-0.0008209897410778044,break,-4.829351418111916e-05,reject,,,wall,0.0,USD_JPY
2025-05-20,put,144.92753623188406,2025-05-20 01:09:00,144.933,-0.0004346836124277109,break,-0.00021389193627407987,break,-0.0013454492765622161,break,,,wall,0.0,USD_JPY
2025-05-20,put,144.92753623188406,2025-05-20 01:13:00,144.958,-0.0012693331861642898,break,-0.000344927496240377,break,-0.0017660287807502728,break,,,wall,0.0,USD_JPY
2025-05-20,put,144.92753623188406,2025-05-20 01:15:00,144.941,-0.0012211865517692821,break,-0.00032426987532852003,break,-0.0017593365576337172,break,,,wall,0.0,USD_JPY
2025-05-20,put,144.92753623188406,2025-05-20 03:10:00,144.926,-6.900073140769791e-05,break,-0.0006624070215142108,break,-0.0035466375943583595,break,,,wall,0.0,USD_JPY
2026-03-23,put,158.73015873015873,2026-03-23 11:06:00,158.588,0.0018349433752868904,reject,0.002616843645168565,reject,-0.0021060862108104317,break,,,wall,0.0,USD_JPY
2026-03-23,put,158.73015873015873,2026-03-23 11:26:00,158.754,-0.00030865364022314434,break,0.0003401489096337418,reject,-0.001751136979225687,break,,,wall,0.0,USD_JPY
2026-03-23,put,158.73015873015873,2026-03-23 11:29:00,158.769,-0.0005038767013713086,break,6.928304643860628e-05,reject,-0.0015683162330177858,break,,,wall,0.0,USD_JPY
2026-03-23,put,158.73015873015873,2026-03-23 11:49:00,158.758,0.0009952254374581138,reject,-0.0012345834540621325,break,-0.0009322364857203835,break,,,wall,0.0,USD_JPY
2026-03-23,put,158.73015873015873,2026-03-23 11:54:00,158.784,0.0003526803708182591,reject,-0.001624848851269567,break,-0.0002645102781136943,reject,,,wall,0.0,USD_JPY
2026-03-23,put,158.73015873015873,2026-03-23 12:21:00,158.754,-6.299053882097283e-05,reject,-0.0005039243105684488,break,2.5196215528655586e-05,reject,,,wall,0.0,USD_JPY
2026-03-23,put,158.73015873015873,2026-03-23 12:35:00,158.749,-0.0012346534466358694,break,-0.0002708678479864668,break,-0.0004598454163491361,break,,,wall,0.0,USD_JPY
2026-03-23,put,158.73015873015873,2026-03-23 12:41:00,158.708,-0.001171963606119486,break,-0.0010144416160495773,break,-8.821231443911781e-05,break,,,wall,0.0,USD_JPY
2026-03-23,put,158.73015873015873,2026-03-23 16:31:00,158.74,-0.0003968753937256819,break,-0.001310318760236906,break,-0.0017638906387803521,break,,,wall,0.0,USD_JPY
2026-03-24,put,158.73015873015873,2026-03-24 04:20:00,158.752,6.2991332390183175e-06,reject,-8.188873211045777e-05,reject,-0.00104565611771823,break,,,wall,0.0,USD_JPY
2026-03-24,put,158.73015873015873,2026-03-24 05:09:00,158.752,-0.00045353759322719345,break,-0.0009826647853256043,break,-0.0006299133239268118,break,,,wall,0.0,USD_JPY
2026-03-24,put,158.73015873015873,2026-03-24 12:21:00,158.747,0.00042835455158196645,reject,0.0011401790270051393,reject,0.0005354431894775136,reject,,,wall,0.0,USD_JPY
2026-03-24,put,158.73015873015873,2026-03-24 12:52:00,158.734,0.0008252800282233519,reject,0.0006992830773495662,reject,0.000793780790504961,reject,,,wall,0.0,USD_JPY
2026-03-24,put,158.73015873015873,2026-03-24 14:07:00,158.752,-0.00036534972787760633,break,-0.00018897399717798802,break,0.0022361922999394324,reject,,,wall,0.0,USD_JPY
2026-03-24,put,158.73015873015873,2026-03-24 14:51:00,158.696,0.00013862983314005817,break,0.0007120532338558139,reject,0.001550133588748448,reject,,,wall,0.0,USD_JPY
2026-03-24,put,158.73015873015873,2026-03-24 20:22:00,158.672,0.00018906927498241188,break,-0.00047267318745580766,break,,,,,wall,0.0,USD_JPY
2026-03-25,put,158.73015873015873,2026-03-25 00:30:00,158.756,-0.0003275466754012468,break,-0.00023306205749706876,break,0.0008314646375571222,reject,,,wall,0.0,USD_JPY
2026-03-25,put,158.73015873015873,2026-03-25 08:33:00,158.751,-4.409421043016781e-05,reject,0.0008881833815219675,reject,0.0017322725526138782,reject,,,wall,0.0,USD_JPY
2026-03-25,put,158.73015873015873,2026-03-25 08:46:00,158.767,-9.447807163953659e-05,reject,0.0010077660974887603,reject,0.0018832628946821028,reject,,,wall,0.0,USD_JPY
2026-03-31,put,158.73015873015873,2026-03-31 19:40:00,158.752,-0.0003464523281596632,break,-0.0002141705301351715,break,-0.0008755795202580741,break,,,wall,0.0,USD_JPY
2026-03-31,put,158.73015873015873,2026-03-31 19:49:00,158.748,-0.0004283518532516295,break,-0.00013228513115115526,break,,,,,wall,0.0,USD_JPY
2026-03-31,put,158.73015873015873,2026-03-31 21:33:00,158.738,0.00021418941904260969,reject,0.0002204891078381177,reject,,,,,wall,0.0,USD_JPY
2026-03-31,put,158.73015873015873,2026-03-31 21:59:00,158.74,0.00010079375078730912,reject,-3.779765654532419e-05,reject,,,,,wall,0.0,USD_JPY
2026-03-31,put,158.73015873015873,2026-03-31 22:15:00,158.756,-0.0001259794905390521,reject,-0.0003023507772934586,break,,,,,wall,0.0,USD_JPY
2026-04-01,put,158.73015873015873,2026-04-01 01:29:00,158.746,0.0006929308455014827,reject,-7.559245587285268e-05,reject,0.00030236982349163277,reject,,,wall,0.0,USD_JPY
2026-04-01,put,158.73015873015873,2026-04-01 01:55:00,158.752,-0.0001007861318284009,reject,-0.00041574279379164025,break,-0.00045353759322719345,break,,,wall,0.0,USD_JPY
2026-04-01,put,158.73015873015873,2026-04-01 05:39:00,158.742,-0.0004535661639641919,break,-0.0019402552569577347,break,-0.0006047548852855522,break,,,wall,0.0,USD_JPY
2026-04-01,put,158.73015873015873,2026-04-01 08:03:00,158.731,-0.00023309876457655587,break,-0.0014174924872897288,break,-0.0023246876791552795,break,,,wall,0.0,USD_JPY
2026-04-01,put,158.73015873015873,2026-04-01 18:41:00,158.722,0.0003906200778718283,reject,0.0010080518138633199,reject,-0.0007056362697042129,break,,,wall,0.0,USD_JPY
2026-04-01,put,158.73015873015873,2026-04-01 21:18:00,158.744,-0.0003653681398981812,break,-0.00017638461926117177,break,,,,,wall,0.0,USD_JPY
2026-04-01,put,158.73015873015873,2026-04-01 21:50:00,158.735,-0.00025829212209038666,break,-0.0007874759819825883,break,,,,,wall,0.0,USD_JPY
2026-04-02,put,158.73015873015873,2026-04-02 01:10:00,158.714,0.001940597552830825,reject,0.0033393399448062855,reject,0.00415842332749472,reject,,,wall,0.0,USD_JPY
2026-07-30,put,161.29032258064515,2026-07-30 13:38:00,161.004,-0.004416039353059453,break,-0.010446945417505127,break,-0.01252763906486798,break,,,wall,0.0,USD_JPY
2026-08-10,put,158.73015873015873,2026-08-10 10:22:00,158.779,0.00015745155215740603,reject,0.00010076899338073986,reject,0.0006235081465433279,reject,,,wall,0.0,USD_JPY
2026-08-10,put,158.73015873015873,2026-08-10 10:49:00,158.753,6.299093560446778e-05,reject,0.0006488066367249523,reject,0.0009259667533842997,reject,,,wall,0.0,USD_JPY
2026-08-10,put,158.73015873015873,2026-08-10 11:03:00,158.752,0.00023936706309202194,reject,0.0004409393267486017,reject,0.0013102197137673244,reject,,,wall,0.0,USD_JPY
2026-08-10,put,158.73015873015873,2026-08-10 12:07:00,158.548,0.0007631758205717265,break,0.0025355097509902613,reject,0.002327370890834235,reject,,,wall,0.0,USD_JPY
2026-08-12,put,158.73015873015873,2026-08-12 09:24:00,158.874,0.0012840364062087772,reject,0.0018253458715711268,reject,-6.294296108855235e-05,reject,,,wall,0.0,USD_JPY
2026-08-12,put,158.73015873015873,2026-08-12 12:30:00,159.142,-0.0013949805833783913,reject,-0.0019479458596725063,reject,0.0011562001231604224,reject,,,wall,0.0,USD_JPY
2026-08-12,put,158.73015873015873,2026-08-12 12:41:00,158.804,0.0007241631193168896,reject,0.001057907861262919,reject,0.003425606407899018,reject,,,wall,0.0,USD_JPY
2026-08-12,put,158.73015873015873,2026-08-12 13:07:00,158.786,0.0005038227551548147,reject,0.0019523131762246848,reject,0.0037030972503873105,reject,,,wall,0.0,USD_JPY
2026-08-14,put,158.73015873015873,2026-08-14 12:30:00,158.719,0.0011277792828836564,reject,0.001732621803312906,reject,0.003937776825710948,reject,,,wall,0.0,USD_JPY
2026-08-19,put,158.73015873015873,2026-08-19 12:34:00,158.714,-0.0014113436747860142,break,-0.0018334866489408963,break,-0.0020036039668839267,break,,,wall,0.0,USD_JPY
2026-08-19,put,158.73015873015873,2026-08-19 12:36:00,158.692,-0.0010334484410052802,break,-0.0011657802535729456,break,-0.0018274393164118274,break,,,wall,0.0,USD_JPY
2026-08-20,put,158.73015873015873,2026-08-20 12:10:00,158.747,-0.0005732391793231706,break,-0.0010519883840324207,break,0.001114981700441442,reject,,,wall,0.0,USD_JPY
2026-08-20,put,158.73015873015873,2026-08-20 13:54:00,158.754,0.0006676997115033778,reject,1.2598107764327793e-05,reject,0.0018771180568679657,reject,,,wall,0.0,USD_JPY
2026-08-20,put,158.73015873015873,2026-08-20 14:24:00,158.774,0.00011336868756850471,reject,0.00027712345850083864,reject,0.002393338959779223,reject,,,wall,0.0,USD_JPY
2026-08-20,put,158.73015873015873,2026-08-20 14:38:00,158.752,-8.818786534980916e-05,reject,0.0006803063898408457,reject,0.002437764563596012,reject,,,wall,0.0,USD_JPY
2026-08-20,put,158.73015873015873,2026-08-20 14:45:00,158.739,-8.189543842407332e-05,break,0.001316626663894871,reject,0.0025513578893656685,reject,,,wall,0.0,USD_JPY
2026-08-20,put,158.73015873015873,2026-08-20 15:14:00,158.75,6.299212598426251e-05,reject,0.001354330708661422,reject,0.0023937007874015315,reject,,,wall,0.0,USD_JPY
2026-08-20,put,158.73015873015873,2026-08-20 15:20:00,158.758,0.0006172917270310663,reject,0.001360561357537815,reject,0.0023431890046485826,reject,,,wall,0.0,USD_JPY
2026-08-21,put,158.73015873015873,2026-08-21 07:50:00,158.754,0.00032125174798758316,reject,-0.0009700542978444693,break,-0.0003653451251621753,break,,,wall,0.0,USD_JPY
2026-08-21,put,158.73015873015873,2026-08-21 08:25:00,158.751,-0.0008188924794174657,break,-0.0016188874400790976,break,-0.0003338561646855087,break,,,wall,0.0,USD_JPY
2026-08-21,put,158.73015873015873,2026-08-21 12:43:00,158.759,-6.92874104775143e-05,reject,0.000497609584338532,reject,0.001278667666085198,reject,,,wall,0.0,USD_JPY
2026-08-21,put,158.73015873015873,2026-08-21 12:58:00,158.748,0.0002897674301409747,reject,0.00027716884622175364,reject,0.0013354498954318839,reject,,,wall,0.0,USD_JPY
2026-08-24,put,158.73015873015873,2026-08-24 00:23:00,158.742,-3.779718033036783e-05,reject,0.0008756346776530588,reject,0.0009827266885891195,reject,,,wall,0.0,USD_JPY
2026-08-24,put,158.73015873015873,2026-08-24 00:54:00,158.751,0.0002582660896623956,reject,0.0006740115022898507,reject,0.0007433024043943526,reject,,,wall,0.0,USD_JPY
2026-08-24,put,158.73015873015873,2026-08-24 00:57:00,158.752,0.0004409393267486017,reject,0.000617315057447998,reject,0.0007558959887119521,reject,,,wall,0.0,USD_JPY
2026-09-02,put,158.73015873015873,2026-09-02 13:26:00,158.515,0.0010409109547993012,break,0.0014825095416839407,reject,0.0027442197899252285,reject,,,wall,0.0,USD_JPY
2026-09-02,put,158.73015873015873,2026-09-02 13:29:00,158.858,-0.0016618615367184342,break,-0.0008687003487392042,break,0.000491004544939555,reject,,,wall,0.0,USD_JPY
2026-09-02,put,158.73015873015873,2026-09-02 13:39:00,158.732,-0.0008693899150770124,break,2.519970768344315e-05,reject,0.0013418844341406277,reject,,,wall,0.0,USD_JPY
2026-09-02,put,158.73015873015873,2026-09-02 13:41:00,158.68,-0.0008444668515251719,break,0.0004285354171917888,reject,0.001537685908747255,reject,,,wall,0.0,USD_JPY
2026-09-02,put,158.73015873015873,2026-09-02 14:21:00,158.722,3.780194301983286e-05,break,-8.820453371305437e-05,break,0.0011844608812892066,reject,,,wall,0.0,USD_JPY
2026-09-02,put,158.73015873015873,2026-09-02 14:31:00,158.749,0.00023307233431402175,reject,-0.0006614214892691761,break,0.0010771721396669598,reject,,,wall,0.0,USD_JPY
2026-09-02,put,158.73015873015873,2026-09-02 14:50:00,158.796,-0.00046600670042051817,break,-1.259477568693601e-05,reject,0.0009131212373107989,reject,,,wall,0.0,USD_JPY
2026-09-02,put,158.73015873015873,2026-09-02 14:55:00,158.758,-0.00017636906486617754,break,0.00028974917799406974,reject,0.00110860555058645,reject,,,wall,0.0,USD_JPY
2026-09-02,put,158.73015873015873,2026-09-02 15:01:00,158.754,-0.000548017687743263,break,0.0003527470173980696,reject,0.0010582410521939867,reject,,,wall,0.0,USD_JPY
2026-09-02,put,158.73015873015873,2026-09-02 20:02:00,158.714,-0.0003402346358859498,break,-5.040513124243695e-05,break,,,,,wall,0.0,USD_JPY
2026-09-02,put,158.73015873015873,2026-09-02 22:24:00,158.749,0.0001574813069689096,reject,0.0003968528935616167,reject,,,,,wall,0.0,USD_JPY
2026-09-02,put,158.73015873015873,2026-09-02 23:01:00,158.8,0.0003400503778336894,reject,,,,,,,wall,0.0,USD_JPY
2026-09-03,put,158.73015873015873,2026-09-03 00:35:00,158.77,-0.0011966996283933051,break,-0.0029539585564024584,break,-0.0068526799773258595,break,,,wall,0.0,USD_JPY
2021-10-12,put,112.99435028248587,2021-10-12 06:55:00,113.016,0.0013272456997237558,reject,0.002185531252212103,reject,0.003034968500035262,reject,,,grid,-2.0,USD_JPY
2022-04-12,put,125.0,2022-04-12 12:54:00,124.883,0.0003763522657207474,break,0.0025303684248456637,reject,0.00297078065068912,reject,,,grid,-2.0,USD_JPY
2022-04-12,put,125.0,2022-04-12 13:03:00,125.035,0.0006798096532971698,reject,0.0016395409285399065,reject,0.00202343343863709,reject,,,grid,-2.0,USD_JPY
2022-04-12,put,125.0,2022-04-12 13:12:00,125.03,0.0004798848276412748,reject,0.0011517235863394149,reject,0.0020315124370151594,reject,,,grid,-2.0,USD_JPY
2022-04-12,put,125.0,2022-04-12 13:14:00,125.023,0.0001039808675205034,reject,0.0011517880709950301,reject,0.0020716188221368004,reject,,,grid,-2.0,USD_JPY
2022-04-12,put,125.0,2022-04-12 13:25:00,125.022,0.001375757866615368,reject,0.0017436931100125452,reject,0.001679704372030466,reject,,,grid,-2.0,USD_JPY
2022-04-12,put,125.0,2022-04-12 13:30:00,125.029,0.001623623319390033,reject,0.0015996288860984365,reject,0.0013356901198922078,reject,,,grid,-2.0,USD_JPY
2023-02-06,put,131.57894736842104,2023-02-06 05:04:00,131.596,0.0008814857594454661,reject,0.0008662877291103488,reject,0.0018845557615732034,reject,,,grid,-2.0,USD_JPY
2023-02-06,put,131.57894736842104,2023-02-06 08:51:00,131.593,0.002180967072716644,reject,0.0023329508408502786,reject,0.0033360437105318663,reject,,,grid,-2.0,USD_JPY
2023-02-07,put,131.57894736842104,2023-02-07 15:46:00,131.568,-0.002751428918886245,break,-0.001900158093153359,break,-0.0036483035388545915,break,,,grid,-2.0,USD_JPY
2023-02-09,put,131.57894736842104,2023-02-09 01:48:00,131.614,-0.0006002400960384291,break,-0.0015499870834410068,break,-0.00036470284316258983,break,,,grid,-2.0,USD_JPY
2023-02-09,put,131.57894736842104,2023-02-09 01:54:00,131.572,-0.0006232329066974129,break,-0.0010564557808653285,break,-0.0009424497613473859,break,,,grid,-2.0,USD_JPY
2023-02-09,put,131.57894736842104,2023-02-09 05:48:00,131.566,-0.0010261009683352196,break,-0.0019457914658802533,break,-0.00453004575650251,break,,,grid,-2.0,USD_JPY
2023-02-09,put,131.57894736842104,2023-02-09 20:53:00,131.592,8.359170770266822e-05,reject,-0.0005243479846800403,break,,,,,grid,-2.0,USD_JPY
2023-02-09,put,131.57894736842104,2023-02-09 21:09:00,131.589,0.00023558200153517284,reject,-0.0001291901298740017,break,,,,,grid,-2.0,USD_JPY
2023-02-09,put,131.57894736842104,2023-02-09 21:28:00,131.594,-0.00019757739714565403,break,-0.0005851330607777872,break,,,,,grid,-2.0,USD_JPY
2023-02-10,put,131.57894736842104,2023-02-10 00:53:00,131.572,0.00041042167026428267,reject,0.0010260541756603736,reject,0.0011400601951783162,reject,,,grid,-2.0,USD_JPY
2023-02-10,put,131.57894736842104,2023-02-10 01:09:00,131.586,0.0004407763743863313,reject,0.0007827580441686077,reject,0.0008055568221543297,reject,,,grid,-2.0,USD_JPY
2023-02-10,put,131.57894736842104,2023-02-10 02:20:00,131.574,-0.00021280800158096635,break,0.00045601714624443623,reject,7.600285770736903e-05,reject,,,grid,-2.0,USD_JPY
2023-02-10,put,131.57894736842104,2023-02-10 05:20:00,131.666,0.00087342214390973,reject,-0.0006227879634833622,reject,-0.0026886212082085637,break,,,grid,-2.0,USD_JPY
2023-02-10,put,131.57894736842104,2023-02-10 05:55:00,131.59,-0.0004407629759100029,break,-0.0002279808496086222,break,-0.004810395926742261,break,,,grid,-2.0,USD_JPY
2023-02-10,put,131.57894736842104,2023-02-10 06:48:00,131.588,0.0,reject,-0.007325895978356645,break,-0.004635681065142561,break,,,grid,-2.0,USD_JPY
2023-02-13,put,131.57894736842104,2023-02-13 00:49:00,131.598,0.0010942415538228722,reject,0.0011854283499748153,reject,0.0038754388364563574,reject,,,grid,-2.0,USD_JPY
2023-02-14,put,131.57894736842104,2023-02-14 13:33:00,131.666,0.0030303950906080956,reject,0.010762079807999037,reject,0.012045630610787894,reject,,,grid,-2.0,USD_JPY
2023-03-21,put,131.57894736842104,2023-03-21 06:35:00,131.594,-0.00016718087450784402,break,0.0005015426235239762,reject,0.006026110612946001,reject,,,grid,-2.0,USD_JPY
2023-03-21,put,131.57894736842104,2023-03-21 07:07:00,131.574,0.0010792405794457505,reject,0.0034657303114595805,reject,0.005008588322920948,reject,,,grid,-2.0,USD_JPY
2023-04-17,put,134.22818791946307,2023-04-17 13:26:00,134.258,4.46900743344969e-05,reject,0.0005660742749034053,reject,0.0014002889958140141,reject,,,grid,-2.0,USD_JPY
2023-04-17,put,134.22818791946307,2023-04-17 13:37:00,134.254,0.0010651451725833816,reject,0.0010874908755047485,reject,0.0014971620957291432,reject,,,grid,-2.0,USD_JPY
2023-05-03,put,135.13513513513516,2023-05-03 14:48:00,135.173,0.00011096890651218771,reject,0.0006436196577717102,reject,0.002641059974995086,reject,,,grid,-2.0,USD_JPY
2023-05-03,put,135.13513513513516,2023-05-03 14:52:00,135.148,8.139225145753493e-05,reject,0.0008065232189895521,reject,0.002989315417172289,reject,,,grid,-2.0,USD_JPY
2023-05-03,put,135.13513513513516,2023-05-03 15:04:00,135.158,-0.0001775699551636034,break,0.0012133946936179196,reject,0.0027375368087720897,reject,,,grid,-2.0,USD_JPY
2023-05-03,put,135.13513513513516,2023-05-03 18:00:00,135.061,0.0024359363546839763,reject,0.0031245141084399464,reject,-0.0035909700061454997,break,,,grid,-2.0,USD_JPY
2023-05-03,put,135.13513513513516,2023-05-03 18:07:00,135.176,0.0018494407291234083,reject,0.0027741610936853345,reject,-0.005341184825708556,break,,,grid,-2.0,USD_JPY
2023-05-03,put,135.13513513513516,2023-05-03 19:22:00,135.19,0.0009616095865079277,reject,-7.396996819286628e-05,reject,-0.004896811894370967,break,,,grid,-2.0,USD_JPY
2023-05-03,put,135.13513513513516,2023-05-03 19:28:00,135.159,-0.00014057517442422895,reject,0.0003477385893650986,reject,-0.004498405581574327,break,,,grid,-2.0,USD_JPY
2023-05-03,put,135.13513513513516,2023-05-03 19:40:00,135.145,-0.0013245033112583293,break,0.0007769432831401524,reject,-0.0042398904879944466,break,,,grid,-2.0,USD_JPY
2023-05-03,put,135.13513513513516,2023-05-03 20:45:00,135.097,-0.002701762437359867,break,-0.003456775502046816,break,,,,,grid,-2.0,USD_JPY
2023-05-08,put,135.13513513513516,2023-05-08 11:54:00,135.183,-0.000377266372250884,break,-0.0011687860159930175,break,-0.002685248884845004,break,,,grid,-2.0,USD_JPY
2023-05-08,put,135.13513513513516,2023-05-08 12:07:00,135.136,-0.0004513971110585713,break,-0.0010063935590811646,break,-0.0026787828557897075,break,,,grid,-2.0,USD_JPY
2023-05-08,put,135.13513513513516,2023-05-08 12:19:00,135.142,-7.399624099091451e-05,break,-0.0007103639135132012,break,-0.0028414556540526936,break,,,grid,-2.0,USD_JPY
2023-09-08,put,147.05882352941177,2023-09-08 00:29:00,147.098,-0.0016383635399530583,break,0.0006390297624712105,reject,0.0007342044079454713,reject,,,grid,-2.0,USD_JPY
2023-09-08,put,147.05882352941177,2023-09-08 01:51:00,147.063,0.00045558706132742266,reject,0.0009179739295406275,reject,0.0008227766331436737,reject,,,grid,-2.0,USD_JPY
2023-09-08,put,147.05882352941177,2023-09-08 02:10:00,147.066,0.00013599336352387859,reject,0.0011899419308338821,reject,4.079800905709696e-05,reject,,,grid,-2.0,USD_JPY
2023-09-08,put,147.05882352941177,2023-09-08 02:25:00,147.086,0.0004963082822293519,reject,0.0010810002311572031,reject,0.0003671321539777672,reject,,,grid,-2.0,USD_JPY
2023-09-08,put,147.05882352941177,2023-09-08 06:10:00,147.076,0.00025836982240479145,reject,0.0013054475237292973,reject,0.0017133998748946055,reject,,,grid,-2.0,USD_JPY
2023-09-12,put,147.05882352941177,2023-09-12 12:28:00,147.1,-0.0007613868116926881,break,0.0001359619306595672,reject,-0.0002447314751869989,reject,,,grid,-2.0,USD_JPY
2023-09-12,put,147.05882352941177,2023-09-12 12:40:00,146.98,0.0010953871275003468,reject,0.0011838345353110125,reject,0.0013403184106681731,reject,,,grid,-2.0,USD_JPY
2023-09-12,put,147.05882352941177,2023-09-12 13:24:00,147.082,0.0004759249942207777,reject,0.0008294692756423139,reject,0.0005779089215540711,reject,,,grid,-2.0,USD_JPY
2023-09-12,put,147.05882352941177,2023-09-12 13:31:00,147.08,0.0006255099265704001,reject,0.0005575197171607815,reject,0.0007750883872721381,reject,,,grid,-2.0,USD_JPY
2023-09-12,put,147.05882352941177,2023-09-12 13:35:00,147.142,0.0003669924290821136,reject,-0.00025825393157619114,reject,0.0003126231803292079,reject,,,grid,-2.0,USD_JPY
2023-09-12,put,147.05882352941177,2023-09-12 16:18:00,147.071,0.0003059746652978035,reject,0.0007887346927675232,reject,0.0003603701613505983,reject,,,grid,-2.0,USD_JPY
2023-09-12,put,147.05882352941177,2023-09-12 20:26:00,147.074,-4.0795789874481514e-05,reject,0.00027197193249661744,reject,,,,,grid,-2.0,USD_JPY
2023-09-12,put,147.05882352941177,2023-09-12 22:00:00,147.087,-0.0001155778552829334,reject,-0.00010877915791329684,reject,,,,,grid,-2.0,USD_JPY
2023-09-13,put,147.05882352941177,2023-09-13 12:30:00,147.51,0.0007185953494679431,reject,-0.0006101281269066394,reject,-0.0015049827130362292,reject,,,grid,-2.0,USD_JPY
2024-01-11,put,145.98540145985402,2024-01-11 14:30:00,145.978,0.00028086423981688036,reject,-0.002014002109907098,break,-1.3700694625251586e-05,break,,,grid,-2.0,USD_JPY
2024-01-11,put,145.98540145985402,2024-01-11 14:33:00,145.899,0.0012131680134888079,reject,-0.000767654336218837,break,0.0006922597139116249,reject,,,grid,-2.0,USD_JPY
2024-01-11,put,145.98540145985402,2024-01-11 14:44:00,146.001,-0.0006506804747912209,break,-0.0019931370333079457,break,-0.00032191560331773506,break,,,grid,-2.0,USD_JPY
2024-01-11,put,145.98540145985402,2024-01-11 14:50:00,145.937,0.000637261283978674,reject,-6.167044683680345e-05,break,-0.0002877954185710463,break,,,grid,-2.0,USD_JPY
2024-01-11,put,145.98540145985402,2024-01-11 15:19:00,146.001,-0.0009588975417977874,break,-6.849268155750821e-06,reject,-0.00205478044670937,break,,,grid,-2.0,USD_JPY
2024-01-11,put,145.98540145985402,2024-01-11 16:17:00,145.994,0.0010000410975792295,reject,-8.219515870511174e-05,break,-0.003178212803265912,break,,,grid,-2.0,USD_JPY
2024-01-11,put,145.98540145985402,2024-01-11 16:47:00,145.928,-0.0001233485006304491,break,4.1116166876742355e-05,break,-0.003241324488788888,break,,,grid,-2.0,USD_JPY
2024-01-11,put,145.98540145985402,2024-01-11 17:00:00,145.986,-0.0003013987642649374,break,-0.0002328990451138102,break,-0.003918183935445851,break,,,grid,-2.0,USD_JPY
2024-01-16,put,145.98540145985402,2024-01-16 01:07:00,145.99,-0.0007945749708885286,break,-0.00030139050619915064,break,0.0007671758339611312,reject,,,grid,-2.0,USD_JPY
2024-01-16,put,145.98540145985402,2024-01-16 01:12:00,145.985,-0.0010138027879578182,break,7.535020721305408e-05,reject,0.0008905024488816693,reject,,,grid,-2.0,USD_JPY
2024-01-16,put,145.98540145985402,2024-01-16 03:01:00,145.962,0.0006851098231048791,reject,0.0009660048505777397,reject,0.0004932790726352998,reject,,,grid,-2.0,USD_JPY
2024-01-16,put,145.98540145985402,2024-01-16 03:11:00,146.02,0.0008628954937677236,reject,0.00069853444733603,reject,0.0009313792631147066,reject,,,grid,-2.0,USD_JPY
2024-01-16,put,145.98540145985402,2024-01-16 07:45:00,146.048,0.0009175065731812371,reject,0.002766213847502197,reject,0.0038959794040314133,reject,,,grid,-2.0,USD_JPY
2024-01-16,put,145.98540145985402,2024-01-16 08:21:00,146.058,0.0020471319612755945,reject,0.002834490407920276,reject,0.004785770036560999,reject,,,grid,-2.0,USD_JPY
2024-02-01,put,145.98540145985402,2024-02-01 16:16:00,146.054,0.00035603270023409905,reject,0.0013214290604846024,reject,0.001752776370383513,reject,,,grid,-2.0,USD_JPY
2024-02-01,put,145.98540145985402,2024-02-01 16:45:00,145.927,0.002179171777669797,reject,0.002857593180151774,reject,0.002768507541441867,reject,,,grid,-2.0,USD_JPY
2024-02-01,put,145.98540145985402,2024-02-01 16:51:00,146.051,0.0010475792702551168,reject,0.0019993016138197817,reject,0.001896597763795027,reject,,,grid,-2.0,USD_JPY
2024-02-01,put,145.98540145985402,2024-02-01 16:53:00,145.993,0.0019110505298198799,reject,0.002650812025233984,reject,0.002280931277526932,reject,,,grid,-2.0,USD_JPY
2024-02-08,put,149.2537313432836,2024-02-08 12:42:00,149.258,1.3399616770826128e-05,reject,0.0010987685752186227,reject,0.0007101796888608902,reject,,,grid,-2.0,USD_JPY
2024-02-08,put,149.2537313432836,2024-02-08 12:54:00,149.27,-0.00028136933074296433,break,0.0008240101828900226,reject,0.0001473839351509021,reject,,,grid,-2.0,USD_JPY
2024-02-08,put,149.2537313432836,2024-02-08 14:13:00,149.258,0.0004890860121398166,reject,0.0006431816050060934,reject,2.67992335418743e-05,reject,,,grid,-2.0,USD_JPY
2024-02-08,put,149.2537313432836,2024-02-08 14:33:00,149.263,0.0002880821101010067,reject,0.0003952754533942393,reject,0.00032827961383596893,reject,,,grid,-2.0,USD_JPY
2024-02-08,put,149.2537313432836,2024-02-08 14:37:00,149.27,0.00016078247471029705,reject,0.0006967240570776578,reject,0.0003282642191999585,reject,,,grid,-2.0,USD_JPY
2024-02-08,put,149.2537313432836,2024-02-08 14:54:00,149.251,0.0003819069888977289,reject,0.0009916181466120833,reject,0.0006097111577141323,reject,,,grid,-2.0,USD_JPY
2024-02-08,put,149.2537313432836,2024-02-08 16:56:00,149.27,0.0003282642191999585,reject,0.0006565284384001391,reject,0.0004555503450123233,reject,,,grid,-2.0,USD_JPY
2024-02-08,put,149.2537313432836,2024-02-08 17:15:00,149.286,0.00015406669078132929,reject,-0.00024114786383189202,break,0.0001406695872352426,reject,,,grid,-2.0,USD_JPY
2024-02-08,put,149.2537313432836,2024-02-08 18:01:00,149.232,0.00014072048890301225,break,0.0008041170794468311,reject,0.000509274150316319,reject,,,grid,-2.0,USD_JPY
2024-02-08,put,149.2537313432836,2024-02-08 21:01:00,149.273,0.000281363675949553,reject,0.00023446972995788684,reject,,,,,grid,-2.0,USD_JPY
2024-02-08,put,149.2537313432836,2024-02-08 22:42:00,149.281,6.028898520238357e-05,reject,6.028898520238357e-05,reject,,,,,grid,-2.0,USD_JPY
2024-02-08,put,149.2537313432836,2024-02-08 22:55:00,149.281,-1.3397552267258028e-05,reject,-0.00010048164200415766,reject,,,,,grid,-2.0,USD_JPY
2024-02-09,put,149.2537313432836,2024-02-09 01:19:00,149.271,0.00012728527309402438,reject,4.689457429774002e-05,reject,0.0007570124136637713,reject,,,grid,-2.0,USD_JPY
2024-02-09,put,149.2537313432836,2024-02-09 01:35:00,149.279,4.0193195292026473e-05,reject,0.00018756824469612354,reject,0.0005828013317346059,reject,,,grid,-2.0,USD_JPY
2024-02-09,put,149.2537313432836,2024-02-09 01:42:00,149.262,0.00018758960753562093,reject,0.00028138441130365344,reject,0.0008039554608674226,reject,,,grid,-2.0,USD_JPY
2024-02-09,put,149.2537313432836,2024-02-09 02:15:00,149.273,0.0001607792433997446,reject,0.0005292316761906779,reject,0.0008909849738398812,reject,,,grid,-2.0,USD_JPY
2024-02-09,put,149.2537313432836,2024-02-09 07:03:00,149.272,6.699180020386386e-05,reject,0.001018275363095622,reject,0.0007838040623828757,reject,,,grid,-2.0,USD_JPY
2024-02-09,put,149.2537313432836,2024-02-09 07:19:00,149.249,0.00014070446033143114,reject,0.00196316223224291,reject,0.0009179290983523103,reject,,,grid,-2.0,USD_JPY
2024-02-09,put,149.2537313432836,2024-02-09 09:26:00,149.303,0.00016744472649588005,reject,0.00024781819521391135,reject,0.001078344038632828,reject,,,grid,-2.0,USD_JPY
2024-02-09,put,149.2537313432836,2024-02-09 09:33:00,149.272,0.0006699180020366402,reject,0.0006565196419958674,reject,-0.0009847794629936901,break,,,grid,-2.0,USD_JPY
2024-02-09,put,149.2537313432836,2024-02-09 13:31:00,149.221,0.000583027858009233,reject,0.0009851160359466427,reject,0.0009985189752113044,reject,,,grid,-2.0,USD_JPY
2024-02-09,put,149.2537313432836,2024-02-09 13:47:00,149.278,0.0006296976111686003,reject,0.0006162997896543843,reject,0.0006162997896543843,reject,,,grid,-2.0,USD_JPY
2024-02-09,put,149.2537313432836,2024-02-09 14:07:00,149.248,0.0010385398799312995,reject,0.0006633254716983394,reject,0.0005092195540310485,reject,,,grid,-2.0,USD_JPY
2024-02-09,put,149.2537313432836,2024-02-09 15:31:00,149.278,0.0005225150390546496,reject,0.0003617411808840565,reject,0.00030814989482719213,reject,,,grid,-2.0,USD_JPY
2024-02-09,put,149.2537313432836,2024-02-09 20:53:00,149.27,8.03912373550375e-05,reject,-0.00013398539559195122,break,,,,,grid,-2.0,USD_JPY
2024-02-12,put,149.2537313432836,2024-02-12 14:51:00,149.276,0.00046223103512943453,reject,0.0009177630697498884,reject,-4.689300356386372e-05,reject,,,grid,-2.0,USD_JPY
2024-02-12,put,149.2537313432836,2024-02-12 17:34:00,149.256,0.00021439674116963126,reject,0.00037519429704668816,reject,0.0005761912418931203,reject,,,grid,-2.0,USD_JPY
2024-02-12,put,149.2537313432836,2024-02-12 18:48:00,149.268,-6.69935954121792e-05,reject,0.0007637269877001085,reject,0.0003885628533910612,reject,,,grid,-2.0,USD_JPY
2024-02-12,put,149.2537313432836,2024-02-12 23:00:00,149.293,0.0001674559423416877,reject,,,,,,,grid,-2.0,USD_JPY
2024-03-19,put,150.37593984962407,2024-03-19 06:05:00,150.407,-0.0009308077416610994,break,-0.0006382681657104428,break,0.0017884805893342293,reject,,,grid,-2.0,USD_JPY
2024-03-19,put,150.37593984962407,2024-03-19 06:35:00,150.389,-0.0005319537998125234,break,-0.0019615796368086524,break,0.001256740852056959,reject,,,grid,-2.0,USD_JPY
2024-03-19,put,150.37593984962407,2024-03-19 06:49:00,150.366,-0.0001928627482278289,break,-0.0005985395634651169,break,0.0011571764893658631,reject,,,grid,-2.0,USD_JPY
2024-03-19,put,150.37593984962407,2024-03-19 08:19:00,150.394,-1.9947604292802623e-05,reject,0.00035905687726911495,reject,0.0008444485817251657,reject,,,grid,-2.0,USD_JPY
2024-03-19,put,150.37593984962407,2024-03-19 08:45:00,150.414,-0.00046538221176217753,break,0.0011966971159600437,reject,0.0004653822117623996,reject,,,grid,-2.0,USD_JPY
2024-03-19,put,150.37593984962407,2024-03-19 08:50:00,150.382,-0.00015294383636332842,break,0.0016025854158077113,reject,0.000492080169169018,reject,,,grid,-2.0,USD_JPY
2024-03-19,put,150.37593984962407,2024-03-19 11:52:00,150.349,0.00016627978902428175,break,0.0008180965619992708,reject,0.0023079634716560715,reject,,,grid,-2.0,USD_JPY
2024-03-21,put,150.37593984962407,2024-03-21 01:10:00,150.444,-0.0007311690728775133,break,-0.0002991146207226292,reject,0.0022998590837786104,reject,,,grid,-2.0,USD_JPY
2024-03-21,put,150.37593984962407,2024-03-21 01:15:00,150.373,-1.99503900299991e-05,break,3.325065005022054e-05,reject,0.0028329553842778576,reject,,,grid,-2.0,USD_JPY
2024-03-21,put,150.37593984962407,2024-03-21 02:10:00,150.399,0.00035239596007952123,reject,0.0002393632936388279,reject,0.0037566739140553196,reject,,,grid,-2.0,USD_JPY
2024-03-21,put,150.37593984962407,2024-03-21 02:27:00,150.396,1.3298226016811299e-05,reject,0.0007646479959573238,reject,0.0036503630415702926,reject,,,grid,-2.0,USD_JPY
2024-03-21,put,150.37593984962407,2024-03-21 02:37:00,150.39,0.00041226145355421906,reject,0.0005585477757830137,reject,0.0046146685284926825,reject,,,grid,-2.0,USD_JPY
2024-03-21,put,150.37593984962407,2024-03-21 03:05:00,150.432,0.00030578600297825886,reject,0.00019942565411623647,reject,0.003410178685386178,reject,,,grid,-2.0,USD_JPY
2024-04-15,put,153.84615384615387,2024-04-15 08:11:00,153.811,0.0005526262751036626,reject,-7.801782707350657e-05,break,0.0009427154104710844,reject,,,grid,-2.0,USD_JPY
2024-04-15,put,153.84615384615387,2024-04-15 08:47:00,153.87,-6.498992656134295e-05,reject,7.798791187374476e-05,reject,0.002612595047767563,reject,,,grid,-2.0,USD_JPY
2024-04-15,put,153.84615384615387,2024-04-15 11:23:00,153.89,-6.498148027811457e-05,reject,0.0003768925856131311,reject,0.0020924036649554445,reject,,,grid,-2.0,USD_JPY
2024-04-15,put,153.84615384615387,2024-04-15 11:44:00,153.866,0.00031845891879922483,reject,0.0026256612896935483,reject,0.0030416076326154062,reject,,,grid,-2.0,USD_JPY
2024-04-15,put,153.84615384615387,2024-04-15 14:37:00,154.14,0.0008044634747632617,reject,0.001219670429479791,reject,0.0005579343454003016,reject,,,grid,-2.0,USD_JPY
2024-04-19,put,153.84615384615387,2024-04-19 02:10:00,153.889,-0.0007342954987036299,break,0.001994944407982313,reject,0.002982669326592635,reject,,,grid,-2.0,USD_JPY
2024-04-19,put,153.84615384615387,2024-04-19 02:14:00,153.848,-0.0001819978160263469,break,0.0020669751962976157,reject,0.0034579585044978156,reject,,,grid,-2.0,USD_JPY
2024-04-19,put,153.84615384615387,2024-04-19 02:18:00,153.748,0.000143091292244657,break,0.002640684756874956,reject,0.00413663917579421,reject,,,grid,-2.0,USD_JPY
2024-05-01,put,153.84615384615387,2024-05-01 20:46:00,153.808,0.0057799334234891475,reject,0.00981743472381158,reject,,,,,grid,-2.0,USD_JPY
2024-05-02,put,153.84615384615387,2024-05-02 15:11:00,153.806,0.00026006787771604145,break,0.0007151866637191695,reject,-0.0042716148914867524,break,,,grid,-2.0,USD_JPY
2024-05-02,put,153.84615384615387,2024-05-02 15:15:00,153.896,-0.0010266673597753018,break,-0.0007667515724905094,break,-0.004691479960492684,break,,,grid,-2.0,USD_JPY
2024-05-02,put,153.84615384615387,2024-05-02 15:19:00,153.863,-0.001195869052338705,break,-0.000545940219546015,break,-0.004413016774663214,break,,,grid,-2.0,USD_JPY
2024-05-02,put,153.84615384615387,2024-05-02 15:24:00,153.884,-0.0022354500792804988,break,-0.001897533206830948,break,-0.003873047230381177,break,,,grid,-2.0,USD_JPY
2024-05-02,put,153.84615384615387,2024-05-02 16:13:00,153.836,-0.0018201201279284263,break,-0.0008320549156245471,break,-0.0030877037884501357,break,,,grid,-2.0,USD_JPY
2024-05-06,put,153.84615384615387,2024-05-06 04:36:00,153.886,-0.00012346802178242466,reject,0.00035740743147538723,reject,-0.0008967677371560789,break,,,grid,-2.0,USD_JPY
2024-05-06,put,153.84615384615387,2024-05-06 06:05:00,153.878,-0.00032493273892297836,break,-0.001325725574805925,break,-0.0005328896918337378,break,,,grid,-2.0,USD_JPY
2024-05-06,put,153.84615384615387,2024-05-06 15:45:00,153.87,-0.00011698186781050612,reject,0.0006044063170207448,reject,0.00043543250796140853,reject,,,grid,-2.0,USD_JPY
2024-05-06,put,153.84615384615387,2024-05-06 15:59:00,153.857,0.0004224702158497351,reject,0.00031847754733305145,reject,0.0005264628843666408,reject,,,grid,-2.0,USD_JPY
2024-05-06,put,153.84615384615387,2024-05-06 17:02:00,153.848,0.0003314960220477392,reject,0.0002079975040298887,reject,0.00014949820602150332,reject,,,grid,-2.0,USD_JPY
2024-05-06,put,153.84615384615387,2024-05-06 17:41:00,153.882,0.00024694246240608564,reject,0.0004548940096957832,reject,6.498485852790559e-05,reject,,,grid,-2.0,USD_JPY
2024-05-06,put,153.84615384615387,2024-05-06 21:13:00,153.87,0.00022096575030872145,reject,0.000279456684213919,reject,,,,,grid,-2.0,USD_JPY
2024-05-06,put,153.84615384615387,2024-05-06 22:13:00,153.89,0.0,reject,0.001533562934563859,reject,,,,,grid,-2.0,USD_JPY
2024-05-16,put,153.84615384615387,2024-05-16 00:48:00,153.872,-0.0005069148383072264,break,0.0002859519600706406,reject,-0.00010398253093490961,reject,,,grid,-2.0,USD_JPY
2024-05-16,put,153.84615384615387,2024-05-16 00:53:00,153.885,-0.00022094421158647126,reject,0.00042239334568017206,reject,-0.00042239334568017206,break,,,grid,-2.0,USD_JPY
2024-05-16,put,153.84615384615387,2024-05-16 02:46:00,153.832,0.0013001196110042912,reject,0.001339123199334491,reject,0.0025612356336783826,reject,,,grid,-2.0,USD_JPY
2024-05-16,put,153.84615384615387,2024-05-16 04:41:00,153.866,-0.00014298155537950663,break,0.0008578893322759296,reject,0.005231825094562659,reject,,,grid,-2.0,USD_JPY
2024-05-16,put,153.84615384615387,2024-05-16 04:48:00,153.856,0.00029248128119818695,reject,0.0015339018302829022,reject,0.005004679700499226,reject,,,grid,-2.0,USD_JPY
2024-05-16,put,153.84615384615387,2024-05-16 05:04:00,153.854,0.0007474618794440779,reject,0.0027558594511678525,reject,0.005518218570852884,reject,,,grid,-2.0,USD_JPY
2024-09-03,put,147.05882352941177,2024-09-03 00:42:00,147.078,0.0005711255252316416,reject,-0.001523001400617341,break,-0.00413386094453283,break,,,grid,-2.0,USD_JPY
2024-09-03,put,147.05882352941177,2024-09-03 00:52:00,147.076,-0.00019037776387709204,break,-0.0024409149011394016,break,-0.0038891457477766567,break,,,grid,-2.0,USD_JPY
2024-09-03,put,147.05882352941177,2024-09-03 01:02:00,147.113,-0.00042144473975791463,break,-0.0032288105062094896,break,-0.003949345061279308,break,,,grid,-2.0,USD_JPY
2024-09-03,put,147.05882352941177,2024-09-03 01:25:00,147.05,-0.0014552873172389846,break,-0.0025161509690582173,break,-0.005698741924515582,break,,,grid,-2.0,USD_JPY
2024-09-19,put,143.88489208633095,2024-09-19 01:41:00,143.876,-0.0006533403764352741,break,-0.003377908754761183,break,-0.008041646973783068,break,,,grid,-2.0,USD_JPY
2024-09-20,put,143.88489208633095,2024-09-20 10:03:00,143.897,-0.0006254473686039264,break,0.0029326532172317954,reject,0.001730404386470763,reject,,,grid,-2.0,USD_JPY
2024-09-20,put,143.88489208633095,2024-09-20 12:23:00,143.906,0.000319653106889195,reject,-0.0016677553402916212,break,-0.0005976123302712244,break,,,grid,-2.0,USD_JPY
2024-09-20,put,143.88489208633095,2024-09-20 12:40:00,143.892,-0.0014872265310094113,break,0.0002223890139827489,reject,-0.0002084897006088271,break,,,grid,-2.0,USD_JPY
2024-09-20,put,143.88489208633095,2024-09-20 13:40:00,143.924,0.0005836413662767548,reject,0.001389622300658644,reject,0.0011255940635335193,reject,,,grid,-2.0,USD_JPY
2024-09-20,put,143.88489208633095,2024-09-20 15:48:00,143.912,-0.0003821779976652673,break,-0.0010353549391294292,break,-0.0003752293067985635,break,,,grid,-2.0,USD_JPY
2024-09-20,put,143.88489208633095,2024-09-20 15:50:00,143.926,-0.0005141531064574156,break,-0.0010699943026276637,break,-0.0003474007476063079,break,,,grid,-2.0,USD_JPY
2024-09-20,put,143.88489208633095,2024-09-20 15:56:00,143.874,-0.0007993105078054619,break,-0.0010286778709147626,break,9.03568400127952e-05,reject,,,grid,-2.0,USD_JPY
2024-09-20,put,143.88489208633095,2024-09-20 18:06:00,143.9,0.0003613620569840048,reject,-0.0004725503822099464,break,,,,,grid,-2.0,USD_JPY
2024-09-20,put,143.88489208633095,2024-09-20 18:31:00,143.894,-0.0004934187665920353,break,-0.0009729384129986141,break,,,,,grid,-2.0,USD_JPY
2024-09-20,put,143.88489208633095,2024-09-20 20:44:00,143.891,0.00020154144456574485,reject,,,,,,,grid,-2.0,USD_JPY
2024-09-20,put,143.88489208633095,2024-09-20 20:55:00,143.885,,,,,,,,,grid,-2.0,USD_JPY
2024-09-23,put,143.88489208633095,2024-09-23 06:38:00,143.924,0.0006114338122897855,reject,-0.001181178955560025,break,-0.004238348017009064,break,,,grid,-2.0,USD_JPY
2024-09-23,put,143.88489208633095,2024-09-23 06:43:00,143.91,0.00045861997081519945,reject,-0.0021263289555971676,break,-0.004071989437843038,break,,,grid,-2.0,USD_JPY
2024-09-23,put,143.88489208633095,2024-09-23 06:47:00,143.926,-0.00043077692703186177,break,-0.0019315481566916093,break,-0.004057640732042733,break,,,grid,-2.0,USD_JPY
2024-09-23,put,143.88489208633095,2024-09-23 07:01:00,143.916,-0.0009172017009922984,break,-0.002244364768337115,break,-0.00407181967258663,break,,,grid,-2.0,USD_JPY
2024-09-23,put,143.88489208633095,2024-09-23 07:08:00,143.92,-0.0012645914396886004,break,-0.001806559199555191,break,-0.0049610894941634065,break,,,grid,-2.0,USD_JPY
2024-09-23,put,143.88489208633095,2024-09-23 14:30:00,143.902,-0.0007922058067294513,break,9.033925866219761e-05,reject,-0.0039054356437018267,break,,,grid,-2.0,USD_JPY
2024-09-23,put,143.88489208633095,2024-09-23 15:13:00,143.898,6.254430221419582e-05,reject,-0.002612961959165605,break,-0.0033009492835202048,break,,,grid,-2.0,USD_JPY
2024-09-24,put,143.88489208633095,2024-09-24 10:51:00,143.901,-0.00045169943224854237,break,0.0010076371950158425,reject,-0.0014245905170916506,break,,,grid,-2.0,USD_JPY
2024-09-24,put,143.88489208633095,2024-09-24 11:01:00,143.921,-0.00031961979141326147,break,0.00045858491811490154,reject,-0.0018968739794748002,break,,,grid,-2.0,USD_JPY
2024-09-24,put,143.88489208633095,2024-09-24 11:04:00,143.886,0.0007088945415121284,reject,0.00020849839456227315,reject,-0.0011189413841513618,break,,,grid,-2.0,USD_JPY
2024-09-24,put,143.88489208633095,2024-09-24 11:15:00,143.898,0.00048645568388705485,reject,8.339240295218708e-05,reject,-0.0018346328649461174,break,,,grid,-2.0,USD_JPY
2024-09-24,put,143.88489208633095,2024-09-24 12:05:00,143.839,0.0013973956993582615,reject,0.0011471158726075181,reject,-0.0010914981333296492,break,,,grid,-2.0,USD_JPY
2024-09-24,put,143.88489208633095,2024-09-24 13:00:00,143.99,0.0008333912077227446,reject,-0.0011320230571568723,break,-0.0035071879991666055,break,,,grid,-2.0,USD_JPY
2024-09-24,put,143.88489208633095,2024-09-24 14:00:00,143.827,-0.002092792034875113,break,-0.0010568252136246015,break,-0.0025864406543971707,break,,,grid,-2.0,USD_JPY
2024-09-25,put,143.88489208633095,2024-09-25 13:20:00,143.916,0.0002848884071262603,reject,0.0020706523249673925,reject,0.004766669446065741,reject,,,grid,-2.0,USD_JPY
2024-09-25,put,143.88489208633095,2024-09-25 13:38:00,143.927,7.642763345305781e-05,reject,0.0013965413021879147,reject,0.004064560506367831,reject,,,grid,-2.0,USD_JPY
2024-09-25,put,143.88489208633095,2024-09-25 13:46:00,143.93,0.0014868338775793077,reject,0.001959285763912799,reject,0.004182588758424366,reject,,,grid,-2.0,USD_JPY
2024-09-26,put,144.92753623188406,2024-09-26 03:52:00,144.94,-0.0006692424451497647,break,-0.0015730647164344802,break,0.0006485442251966678,reject,,,grid,-2.0,USD_JPY
2024-09-26,put,144.92753623188406,2024-09-26 07:16:00,144.94,0.0009659169311440063,reject,0.000676141851800871,reject,-0.003905064164481886,break,,,grid,-2.0,USD_JPY
2024-09-26,put,144.92753623188406,2024-09-26 08:20:00,144.924,-0.0003174077447490875,break,-0.0005589136374928305,break,-0.00519582677817354,break,,,grid,-2.0,USD_JPY
2024-09-26,put,144.92753623188406,2024-09-26 14:40:00,144.948,-0.0016557662058117595,break,-0.0019455252918288979,break,-0.0016281701023816986,break,,,grid,-2.0,USD_JPY
2024-09-26,put,144.92753623188406,2024-09-26 23:45:00,144.966,,,,,,,,,grid,-2.0,USD_JPY
2024-09-27,put,144.92753623188406,2024-09-27 00:03:00,145.039,0.00029647198339755043,reject,0.003095719082453874,reject,0.0017581478085206825,reject,,,grid,-2.0,USD_JPY
2024-09-27,put,144.92753623188406,2024-09-27 06:22:00,144.976,-0.008215152852885987,break,-0.01407129455909939,break,-0.012429643527204437,break,,,grid,-2.0,USD_JPY
2024-11-06,put,153.84615384615387,2024-11-06 02:41:00,153.782,0.0008843687817818857,reject,0.0032513558153750566,reject,0.0031668205641752767,reject,,,grid,-2.0,USD_JPY
2024-11-06,put,153.84615384615387,2024-11-06 02:49:00,153.87,0.0022746474296484465,reject,0.0011568206927925484,reject,0.0023786313121465508,reject,,,grid,-2.0,USD_JPY
2024-11-06,put,153.84615384615387,2024-11-06 03:10:00,153.826,0.0005525723869828081,reject,3.900510966947657e-05,break,0.0018462418576834505,reject,,,grid,-2.0,USD_JPY
2024-11-06,put,153.84615384615387,2024-11-06 03:20:00,153.906,-0.0001169545046977305,reject,-0.00030538120671053104,reject,5.8477252348643205e-05,reject,,,grid,-2.0,USD_JPY
2024-11-06,put,153.84615384615387,2024-11-06 03:24:00,153.868,0.0017482517482518833,reject,-0.0005459224790079764,break,0.00042244001351798843,reject,,,grid,-2.0,USD_JPY
2024-11-06,put,153.84615384615387,2024-11-06 03:26:00,153.817,0.003023072872309296,reject,-5.851108785126513e-05,break,0.0009946884934695088,reject,,,grid,-2.0,USD_JPY
2024-11-06,put,153.84615384615387,2024-11-06 03:32:00,153.865,0.0005654307347349175,reject,-0.0002274721346634534,break,-0.00016248009618824444,break,,,grid,-2.0,USD_JPY
2024-11-06,put,153.84615384615387,2024-11-06 03:34:00,153.907,0.0009161376675523858,reject,-0.0005912661542361031,break,-5.847687239701749e-05,reject,,,grid,-2.0,USD_JPY
2024-11-06,put,153.84615384615387,2024-11-06 04:01:00,153.962,-0.0009612761590521712,break,-0.004247801405541596,break,0.0006754913550097719,reject,,,grid,-2.0,USD_JPY
2024-11-06,put,153.84615384615387,2024-11-06 04:10:00,153.832,-0.0004745436580165796,break,-0.0021256955639918917,break,0.0014171303759946685,reject,,,grid,-2.0,USD_JPY
2024-11-06,put,153.84615384615387,2024-11-06 04:31:00,153.848,-0.0008839893921274156,break,-0.0017354791742500986,break,0.0011959856481722486,reject,,,grid,-2.0,USD_JPY
2024-11-06,put,153.84615384615387,2024-11-06 06:07:00,153.839,0.0006955323422539461,reject,0.0017420810067667603,reject,0.0015535722411093023,reject,,,grid,-2.0,USD_JPY
2024-11-06,put,153.84615384615387,2024-11-06 07:20:00,153.915,-0.0003638371828605935,reject,0.0006302179774551053,reject,0.001721729526037219,reject,,,grid,-2.0,USD_JPY
2024-11-06,put,153.84615384615387,2024-11-06 07:28:00,153.776,0.0010274685256475014,reject,0.0020159192591822084,reject,0.0025231505566536416,reject,,,grid,-2.0,USD_JPY
2024-11-06,put,153.84615384615387,2024-11-06 07:35:00,153.859,-0.0007149403024848677,break,0.0014883757206272108,reject,0.001644362695714774,reject,,,grid,-2.0,USD_JPY
2024-11-06,put,153.84615384615387,2024-11-06 07:46:00,153.826,0.0015602043867746218,reject,0.0010661396642961396,reject,0.002652347457517079,reject,,,grid,-2.0,USD_JPY
2024-11-06,put,153.84615384615387,2024-11-06 07:54:00,153.87,0.0007798791187365595,reject,0.00038993955936827973,reject,0.0022941444076167716,reject,,,grid,-2.0,USD_JPY
2024-11-06,put,153.84615384615387,2024-11-06 07:58:00,153.877,0.0012152563411034212,reject,8.448306114616777e-05,reject,0.002144570013712155,reject,,,grid,-2.0,USD_JPY
2024-11-06,put,153.84615384615387,2024-11-06 08:57:00,153.834,0.0004550359478399102,reject,0.0010140801123288412,reject,0.0036337870691784957,reject,,,grid,-2.0,USD_JPY
2024-11-06,put,153.84615384615387,2024-11-06 09:13:00,153.888,0.0006628197130380542,reject,0.0007278020378456151,reject,0.0022938760657100765,reject,,,grid,-2.0,USD_JPY
2024-11-06,put,153.84615384615387,2024-11-06 09:22:00,153.942,-0.00020137454365931617,reject,0.0005456600537865341,reject,0.002065713060763086,reject,,,grid,-2.0,USD_JPY
2024-11-06,put,153.84615384615387,2024-11-06 09:32:00,153.91,-0.0003118705737119587,reject,0.00019491910856994643,reject,0.0021181209797933587,reject,,,grid,-2.0,USD_JPY
2024-11-06,put,153.84615384615387,2024-11-06 09:36:00,153.853,-9.749566144312549e-05,break,0.0009944557467191917,reject,0.002190402527087576,reject,,,grid,-2.0,USD_JPY
2024-11-06,put,153.84615384615387,2024-11-06 09:44:00,153.862,0.0008839089573773329,reject,0.0010268942298943262,reject,0.0026452275415633775,reject,,,grid,-2.0,USD_JPY
2024-11-06,put,153.84615384615387,2024-11-06 09:47:00,153.862,0.0013258634360662214,reject,0.0007149263625847446,reject,0.002853206119769691,reject,,,grid,-2.0,USD_JPY
2024-11-07,put,153.84615384615387,2024-11-07 07:05:00,153.914,-0.0010395415621710091,break,0.0008056447106827846,reject,0.0011824785269696214,reject,,,grid,-2.0,USD_JPY
2024-11-07,put,153.84615384615387,2024-11-07 08:21:00,153.856,0.0005979617304492368,reject,0.0012869176372711788,reject,0.0005329658901829237,reject,,,grid,-2.0,USD_JPY
2024-11-07,put,153.84615384615387,2024-11-07 12:44:00,153.88,-0.000740837015856588,break,-0.0016831297114633381,break,-0.005062386275019426,break,,,grid,-2.0,USD_JPY
2024-11-11,put,153.84615384615387,2024-11-11 13:45:00,153.844,-0.0008905124671745313,break,-0.00037700527807382755,break,7.800109201538952e-05,reject,,,grid,-2.0,USD_JPY
2024-11-11,put,153.84615384615387,2024-11-11 14:52:00,153.866,-7.798993929786224e-05,reject,0.00010398658573040898,reject,-0.000506934605435938,break,,,grid,-2.0,USD_JPY
2024-11-11,put,153.84615384615387,2024-11-11 15:26:00,153.856,0.0,reject,-0.000357477121464278,break,-0.00066295757071555,break,,,grid,-2.0,USD_JPY
2024-11-11,put,153.84615384615387,2024-11-11 15:36:00,153.868,5.199261704835756e-05,reject,-0.0003639483193385029,break,-0.0006499077131046915,break,,,grid,-2.0,USD_JPY
2024-11-11,put,153.84615384615387,2024-11-11 16:06:00,153.848,-0.00033799594404881894,break,-0.0002599968800375274,break,-0.0007539909521087074,break,,,grid,-2.0,USD_JPY
2024-11-11,put,153.84615384615387,2024-11-11 17:45:00,153.856,7.14954242928556e-05,reject,-0.0003509775374376245,break,-0.001085430532445919,break,,,grid,-2.0,USD_JPY
2024-11-12,put,154.44015444015443,2024-11-12 15:56:00,154.466,0.00021363924747186402,reject,0.001747957479315776,reject,0.0016832183134152245,reject,,,grid,-2.0,USD_JPY
2024-11-12,put,154.44015444015443,2024-11-12 16:04:00,154.484,0.0001812485435384037,reject,0.0019354755185001515,reject,0.0019290023562310576,reject,,,grid,-2.0,USD_JPY
2024-11-13,put,154.44015444015443,2024-11-13 13:38:00,154.462,0.0004920304022997257,reject,0.0019551734407170507,reject,0.006137431860263387,reject,,,grid,-2.0,USD_JPY
2024-11-13,put,154.44015444015443,2024-11-13 13:41:00,154.474,0.0003172054844180483,reject,0.0015666066781465648,reject,0.006059272110517044,reject,,,grid,-2.0,USD_JPY
2024-11-13,put,154.44015444015443,2024-11-13 13:57:00,154.474,-0.0007703561764439426,break,0.0020715460206897074,reject,0.006162849411551541,reject,,,grid,-2.0,USD_JPY
2024-11-13,put,154.44015444015443,2024-11-13 14:00:00,154.422,0.00026550621025500654,reject,0.002855810700547856,reject,0.006592324927795268,reject,,,grid,-2.0,USD_JPY
2024-11-13,put,154.44015444015443,2024-11-13 14:05:00,154.462,0.00019422252722356426,reject,0.0031464049410212525,reject,0.00637049889293162,reject,,,grid,-2.0,USD_JPY
2024-11-13,put,154.44015444015443,2024-11-13 14:07:00,154.458,0.0006150539305183056,reject,0.0035867355527068323,reject,0.0065001489077936014,reject,,,grid,-2.0,USD_JPY
2024-11-13,put,154.44015444015443,2024-11-13 14:17:00,154.496,0.0009061723280860967,reject,0.003068040596520216,reject,0.0063561516155759,reject,,,grid,-2.0,USD_JPY
2024-11-13,put,154.44015444015443,2024-11-13 14:25:00,154.445,0.0018712162905889507,reject,0.003897827705655832,reject,0.00674026352423196,reject,,,grid,-2.0,USD_JPY
2025-05-14,put,147.05882352941177,2025-05-14 01:26:00,147.064,0.0003943861176087804,reject,0.0013123538051460493,reject,-0.0011423597889355097,break,,,grid,-2.0,USD_JPY
2025-05-14,put,147.05882352941177,2025-05-14 01:34:00,147.076,0.0009790856427969175,reject,0.0008838967608582049,reject,-0.0008838967608583159,break,,,grid,-2.0,USD_JPY
2025-05-14,put,147.05882352941177,2025-05-14 03:36:00,147.052,0.00021080978157383967,reject,-0.0008092375486222769,break,0.00013600631069299318,reject,,,grid,-2.0,USD_JPY
2025-05-14,put,147.05882352941177,2025-05-14 03:51:00,147.083,0.00046912287619904625,reject,-0.0009382457523983145,break,-0.00042832958261651566,break,,,grid,-2.0,USD_JPY
2025-05-14,put,147.05882352941177,2025-05-14 03:59:00,147.088,-6.798651147610357e-05,reject,-0.0009654084629608928,break,-0.0007478516262372503,break,,,grid,-2.0,USD_JPY
2025-05-14,put,147.05882352941177,2025-05-14 04:08:00,147.092,-9.517852772422675e-05,reject,-0.0016860196339707478,break,-0.005289206754956255,break,,,grid,-2.0,USD_JPY
2025-05-14,put,147.05882352941177,2025-05-14 04:20:00,147.068,-0.0008499469633095336,break,-0.0012375227785786924,break,-0.004542116571925936,break,,,grid,-2.0,USD_JPY
2025-05-14,put,147.05882352941177,2025-05-14 06:11:00,147.087,-0.0005234996974579076,break,0.0001767661316092184,reject,-0.008267216001414002,break,,,grid,-2.0,USD_JPY
2025-05-14,put,147.05882352941177,2025-05-14 06:40:00,147.06,0.00035359717122251944,reject,-0.0005439956480348673,break,-0.007391540867673019,break,,,grid,-2.0,USD_JPY
2025-05-14,put,147.05882352941177,2025-05-14 06:46:00,147.072,0.0005439512619667131,reject,-0.00016318537859005833,break,-0.007928089643167935,break,,,grid,-2.0,USD_JPY
2025-05-14,put,147.05882352941177,2025-05-14 07:03:00,147.13,0.0003398355196084779,reject,-0.002759464419221147,break,-0.008196832732957127,break,,,grid,-2.0,USD_JPY
2025-05-14,put,147.05882352941177,2025-05-14 07:25:00,147.062,-0.0005575879561002806,break,-0.005317485142320999,break,-0.007071847248099616,break,,,grid,-2.0,USD_JPY
2026-06-18,put,161.29032258064515,2026-06-18 16:00:00,161.244,0.0004279228994565898,reject,0.0012899704795217293,reject,0.001302374041824761,reject,,,grid,-2.0,USD_JPY
2026-06-18,put,161.29032258064515,2026-06-18 16:25:00,161.299,-6.199666457984421e-06,reject,0.00047737431726169177,reject,0.000675763643915861,reject,,,grid,-2.0,USD_JPY
2026-06-18,put,161.29032258064515,2026-06-18 19:30:00,161.398,-8.674209098014085e-05,reject,-0.00011152554554583194,reject,-0.00072491604604763,break,,,grid,-2.0,USD_JPY
2026-06-18,put,161.29032258064515,2026-06-18 19:40:00,161.322,0.0002727464326006679,reject,0.0005021013872874569,reject,-4.9590260472909264e-05,reject,,,grid,-2.0,USD_JPY
2026-06-18,put,161.29032258064515,2026-06-18 19:52:00,161.304,0.0005331547884739329,reject,0.0005827505827504798,reject,,,,,grid,-2.0,USD_JPY
2026-06-18,put,161.29032258064515,2026-06-18 22:44:00,161.302,-0.00014878922765992897,break,-0.00011159192074494673,break,,,,,grid,-2.0,USD_JPY
2026-06-18,put,161.29032258064515,2026-06-18 23:41:00,161.306,0.00014878553804575922,reject,,,,,,,grid,-2.0,USD_JPY
2026-06-19,put,161.29032258064515,2026-06-19 06:10:00,161.345,-6.197898912319033e-06,reject,-0.00044005082277109864,break,-0.000539217205367315,break,,,grid,-2.0,USD_JPY
2026-06-19,put,161.29032258064515,2026-06-19 06:47:00,161.284,-0.00012400486099040098,break,0.00017360680538680562,reject,0.00014260559013901108,reject,,,grid,-2.0,USD_JPY
2026-06-19,put,161.29032258064515,2026-06-19 07:27:00,161.312,3.7195000991863125e-05,reject,-0.00011158500297558938,reject,-0.0001611783376315179,break,,,grid,-2.0,USD_JPY
2026-06-19,put,161.29032258064515,2026-06-19 17:32:00,161.32,-0.00010538060996778675,reject,-0.00028514753285391325,break,,,,,grid,-2.0,USD_JPY
2026-06-22,put,161.29032258064515,2026-06-22 14:08:00,161.468,0.0015854534644634821,reject,-0.0015297148661034266,break,0.00026011345901366667,reject,,,grid,-2.0,USD_JPY
2026-06-22,put,161.29032258064515,2026-06-22 14:46:00,161.208,0.0004218152945263398,break,0.0016376358493375154,reject,0.0013771028733065016,reject,,,grid,-2.0,USD_JPY
2026-06-23,put,161.29032258064515,2026-06-23 08:02:00,161.352,0.0004090435817343252,reject,0.0005267985522336982,reject,0.0014006643859387768,reject,,,grid,-2.0,USD_JPY
2026-06-23,put,161.29032258064515,2026-06-23 08:05:00,161.32,0.0006446813786264993,reject,0.0004959087527895978,reject,0.0015249194148276857,reject,,,grid,-2.0,USD_JPY
2026-07-02,put,161.29032258064515,2026-07-02 06:50:00,161.706,0.0010636587386985141,reject,-0.001583119983179393,reject,-0.0016944331069966845,reject,,,grid,-2.0,USD_JPY
2026-07-02,put,161.29032258064515,2026-07-02 08:03:00,161.32,-0.0007686585668236212,break,-0.001140590131415764,break,0.0014009422266303417,reject,,,grid,-2.0,USD_JPY
2026-07-02,put,161.29032258064515,2026-07-02 12:30:00,161.148,-0.002109861742001118,break,-0.0004964380569413285,break,-0.0004095613969766765,break,,,grid,-2.0,USD_JPY
2026-07-08,put,162.60162601626016,2026-07-08 16:20:00,162.618,0.0,reject,-0.0011929798669273461,break,-0.0005288467451326495,break,,,grid,-2.0,USD_JPY
2026-07-08,put,162.60162601626016,2026-07-08 16:35:00,162.618,-0.000491950460588475,break,-0.0009347058751183468,break,-0.00019063080347814232,break,,,grid,-2.0,USD_JPY
2021-03-04,put,107.5268817204301,2021-03-04 16:32:00,107.544,-9.29851967557127e-06,reject,0.0018968980138363012,reject,0.003328870043889154,reject,,,grid,-1.0,USD_JPY
2021-03-15,put,109.2896174863388,2021-03-15 06:23:00,109.296,1.8298931342419777e-05,reject,-0.0005306690089299515,break,-0.0019122383252818675,break,,,grid,-1.0,USD_JPY
2021-10-11,put,112.35955056179776,2021-10-11 02:06:00,112.379,0.0003470399273886038,reject,0.0016818088788830288,reject,0.0029097963142579175,reject,,,grid,-1.0,USD_JPY
2022-01-04,put,116.27906976744185,2022-01-04 13:51:00,116.27,0.0002236174421605952,reject,5.160402511394935e-05,break,-0.0008084630601186138,break,,,grid,-1.0,USD_JPY
2022-03-28,put,124.22360248447205,2022-03-28 09:47:00,124.19,0.0005797568242209561,reject,-0.0007085916740477982,break,-0.002914888477333122,break,,,grid,-1.0,USD_JPY
2022-03-28,put,124.22360248447205,2022-03-28 10:02:00,124.262,0.0005472308509439916,reject,-0.0002897104504997472,reject,-0.0045307495453155155,break,,,grid,-1.0,USD_JPY
2022-03-28,put,124.22360248447205,2022-03-28 10:10:00,124.298,-0.0005631627218459778,reject,-0.0012228676245796821,break,-0.004408759593879208,break,,,grid,-1.0,USD_JPY
2022-03-28,put,124.22360248447205,2022-03-28 10:21:00,124.219,-0.002664648725235197,break,-0.000845281317672697,break,-0.004628921501541594,break,,,grid,-1.0,USD_JPY
2022-03-28,put,124.22360248447205,2022-03-28 10:55:00,124.23,-0.0006761651774933597,break,-0.00012879336714166634,break,-0.005602511470659266,break,,,grid,-1.0,USD_JPY
2022-03-28,put,124.22360248447205,2022-03-28 11:00:00,124.218,-0.0005393743257821049,break,-0.0010948493777069856,break,-0.005337390716321333,break,,,grid,-1.0,USD_JPY
2022-06-21,put,136.05442176870747,2022-06-21 12:21:00,136.122,-0.0010431818515744817,break,0.0007493278088770428,reject,0.000940332936630206,reject,,,grid,-1.0,USD_JPY
2022-06-21,put,136.05442176870747,2022-06-21 12:28:00,136.066,0.0004556612232298196,reject,0.0010215630649832441,reject,0.0018226448929195005,reject,,,grid,-1.0,USD_JPY
2022-06-21,put,136.05442176870747,2022-06-21 12:30:00,136.069,0.0003454129889983726,reject,0.0011979216426960537,reject,0.002050430296393957,reject,,,grid,-1.0,USD_JPY
2022-06-21,put,136.05442176870747,2022-06-21 14:41:00,136.046,0.0003822236596446871,reject,0.0008453023242138702,reject,0.0031018920071153033,reject,,,grid,-1.0,USD_JPY
2022-06-22,put,136.05442176870747,2022-06-22 03:08:00,136.062,0.0006173656127352878,reject,0.000918698828475284,reject,0.0016610074818832476,reject,,,grid,-1.0,USD_JPY
2022-06-22,put,136.05442176870747,2022-06-22 03:17:00,136.094,0.0004114803003807399,reject,0.0008890913633223807,reject,0.0023366202771615274,reject,,,grid,-1.0,USD_JPY
2022-06-22,put,136.05442176870747,2022-06-22 03:36:00,136.055,0.0009775458454299724,reject,0.0016978427841680688,reject,0.002227040535077718,reject,,,grid,-1.0,USD_JPY
2022-06-22,put,136.05442176870747,2022-06-22 09:44:00,136.004,-0.00015440722331683254,break,0.0011543778124174509,reject,-0.0012205523366959348,break,,,grid,-1.0,USD_JPY
2022-06-22,put,136.05442176870747,2022-06-22 11:00:00,136.055,-0.0008893462202785862,break,-0.00038954834441951025,break,-0.0014773437212891594,break,,,grid,-1.0,USD_JPY
2022-06-22,put,136.05442176870747,2022-06-22 11:06:00,136.08,-0.00033803644914776054,break,-0.00024985302763091966,break,-0.002020870076425707,break,,,grid,-1.0,USD_JPY
2022-06-22,put,136.05442176870747,2022-06-22 11:57:00,136.068,-0.0002351765293824304,break,-0.0020577946320957663,break,-0.0002719228620984282,break,,,grid,-1.0,USD_JPY
2022-06-22,put,136.05442176870747,2022-06-22 13:33:00,136.064,-0.0017050799623706814,break,-0.00016168861712129168,break,0.0004997648165570023,reject,,,grid,-1.0,USD_JPY
2022-06-22,put,136.05442176870747,2022-06-22 14:36:00,136.081,-0.0018003982921934725,break,-0.0012859987801381312,break,0.0008083420903728378,reject,,,grid,-1.0,USD_JPY
2022-06-22,put,136.05442176870747,2022-06-22 22:27:00,136.078,0.00010288217052001336,reject,-0.001234586046238273,break,,,,,grid,-1.0,USD_JPY
2022-06-22,put,136.05442176870747,2022-06-22 23:14:00,136.059,-0.0008893200743795848,break,,,,,,,grid,-1.0,USD_JPY
2022-06-23,put,136.05442176870747,2022-06-23 00:17:00,136.087,0.00030862609948045794,reject,-0.0012051114360664972,break,-0.004915972870296104,break,,,grid,-1.0,USD_JPY
2022-06-23,put,136.05442176870747,2022-06-23 00:39:00,136.072,0.0006099711917220141,reject,-0.0011170556764067419,break,-0.004512317008642519,break,,,grid,-1.0,USD_JPY
2022-06-23,put,136.05442176870747,2022-06-23 00:55:00,136.108,-0.0012343139271755454,break,-0.0015869750492256696,break,-0.004996032562377017,break,,,grid,-1.0,USD_JPY
2022-06-23,put,136.05442176870747,2022-06-23 00:59:00,136.076,-0.0011170228401774507,break,-0.0018151621152884267,break,-0.004688556394955801,break,,,grid,-1.0,USD_JPY
2022-06-28,put,136.05442176870747,2022-06-28 10:43:00,136.096,0.000514342816835045,reject,0.000918469315777104,reject,0.0005878203620972577,reject,,,grid,-1.0,USD_JPY
2022-06-28,put,136.05442176870747,2022-06-28 11:57:00,136.07,-0.0004997427794516396,break,0.001719703093995717,reject,0.000955390607775275,reject,,,grid,-1.0,USD_JPY
2022-06-28,put,136.05442176870747,2022-06-28 12:05:00,136.036,0.0006174836072805334,reject,0.0009629803875443876,reject,0.0007645035137755496,reject,,,grid,-1.0,USD_JPY
2022-06-28,put,136.05442176870747,2022-06-28 16:06:00,136.072,0.0004850373331766189,reject,0.0009847727673584217,reject,0.0010288670703744174,reject,,,grid,-1.0,USD_JPY
2022-06-28,put,136.05442176870747,2022-06-28 23:10:00,136.07,-0.00032336297493928967,break,,,,,,,grid,-1.0,USD_JPY
2022-06-28,put,136.05442176870747,2022-06-28 23:54:00,136.074,,,,,,,,,grid,-1.0,USD_JPY
2022-06-29,put,136.05442176870747,2022-06-29 00:24:00,136.082,0.00011757616731111753,reject,-0.0006246233888389519,break,0.0007054570038653729,reject,,,grid,-1.0,USD_JPY
2022-06-29,put,136.05442176870747,2022-06-29 00:29:00,136.052,0.0006027107282509103,reject,-0.0002352041866343635,break,0.0014112251198072912,reject,,,grid,-1.0,USD_JPY
2022-06-29,put,136.05442176870747,2022-06-29 00:52:00,136.016,-0.00045582872603211477,break,8.822491471582872e-05,break,-0.00013968944830000662,break,,,grid,-1.0,USD_JPY
2022-06-29,put,136.05442176870747,2022-06-29 00:55:00,136.028,-0.0006322227776632827,break,-2.940571058895891e-05,break,1.4702855294590478e-05,break,,,grid,-1.0,USD_JPY
2022-06-29,put,136.05442176870747,2022-06-29 02:51:00,136.081,-0.00015431985361646916,reject,0.0005952337210926029,reject,-0.0014476671982128764,break,,,grid,-1.0,USD_JPY
2022-06-29,put,136.05442176870747,2022-06-29 03:01:00,136.078,0.00022046179397117172,reject,0.0008524522700215087,reject,-0.00020576434103958263,break,,,grid,-1.0,USD_JPY
2022-06-29,put,136.05442176870747,2022-06-29 04:41:00,136.067,-0.0003160207838786011,break,-0.0001984316549935583,break,0.000639390888312219,reject,,,grid,-1.0,USD_JPY
2022-06-29,put,136.05442176870747,2022-06-29 05:30:00,136.06,-0.0002719388505071363,break,-0.0013229457592238703,break,0.0013229457592238703,reject,,,grid,-1.0,USD_JPY
2022-06-29,put,136.05442176870747,2022-06-29 07:09:00,136.082,0.00021310680325092868,reject,3.674255228469647e-05,reject,0.0031231169441954254,reject,,,grid,-1.0,USD_JPY
2022-06-29,put,136.05442176870747,2022-06-29 07:15:00,136.098,0.0003086011550499368,reject,0.0005363781980629589,reject,0.002865582154035984,reject,,,grid,-1.0,USD_JPY
2022-06-29,put,136.05442176870747,2022-06-29 07:45:00,135.986,0.0005441736649360873,reject,0.0014192637477388192,reject,0.00335328636771437,reject,,,grid,-1.0,USD_JPY
2022-06-29,put,136.05442176870747,2022-06-29 07:56:00,136.062,0.00020578853757835525,reject,0.001065690641031125,reject,0.0030059825667709816,reject,,,grid,-1.0,USD_JPY
2022-06-30,put,136.05442176870747,2022-06-30 07:15:00,136.089,5.143692730502636e-05,reject,0.0010140422811542038,reject,0.0014916708918428778,reject,,,grid,-1.0,USD_JPY
2022-06-30,put,136.05442176870747,2022-06-30 07:32:00,136.107,0.0005804256944903496,reject,0.0008743121220804451,reject,0.001902914618645779,reject,,,grid,-1.0,USD_JPY
2022-06-30,put,136.05442176870747,2022-06-30 12:30:00,136.075,0.00016167554657364747,reject,-0.0013081021495499057,break,-0.003343744258680781,break,,,grid,-1.0,USD_JPY
2022-06-30,put,136.05442176870747,2022-06-30 12:46:00,136.08,0.00019106407995272967,reject,-0.0014991181657848518,break,-0.0030129335684893066,break,,,grid,-1.0,USD_JPY
2022-06-30,put,136.05442176870747,2022-06-30 12:49:00,136.089,0.0006392875250753605,reject,-0.001153656798124847,break,-0.0035491479840399354,break,,,grid,-1.0,USD_JPY
2022-06-30,put,136.05442176870747,2022-06-30 13:02:00,136.089,-0.00038945102102294626,break,-0.0007274651147409772,break,-0.002975993651213593,break,,,grid,-1.0,USD_JPY
2022-06-30,put,136.05442176870747,2022-06-30 13:12:00,136.066,-0.0010289124395514992,break,-0.001616862405009356,break,-0.002925051078153218,break,,,grid,-1.0,USD_JPY
2022-06-30,put,136.05442176870747,2022-06-30 14:49:00,136.085,-0.0015651982216996485,break,-0.0028732042473456065,break,-0.0035492523055443703,break,,,grid,-1.0,USD_JPY
2022-07-05,put,136.05442176870747,2022-07-05 00:56:00,136.06,-0.0005585770983389526,break,0.001918271350874523,reject,0.0014258415404968527,reject,,,grid,-1.0,USD_JPY
2022-07-05,put,136.05442176870747,2022-07-05 07:43:00,136.076,-0.0001616743584467173,break,-0.003615626561627283,break,0.00022046503424566488,reject,,,grid,-1.0,USD_JPY
2022-07-05,put,136.05442176870747,2022-07-05 11:37:00,136.066,-2.2048123704765388e-05,reject,-0.0019328855114429944,break,-0.003277821057428021,break,,,grid,-1.0,USD_JPY
2022-07-05,put,136.05442176870747,2022-07-05 11:45:00,136.07,-0.0006393767913572823,break,-0.0014698317042697306,break,-0.002689792018813697,break,,,grid,-1.0,USD_JPY
2022-09-08,put,143.88489208633092,2022-09-08 04:01:00,143.878,6.255299628854516e-05,reject,0.0009243942784860071,reject,-0.0007645366213040461,break,,,grid,-1.0,USD_JPY
2022-09-08,put,143.88489208633092,2022-09-08 05:46:00,143.572,0.0012885520853649357,break,0.001037806814699227,break,0.0025353132922854016,reject,,,grid,-1.0,USD_JPY
2022-09-08,put,143.88489208633092,2022-09-08 08:33:00,143.858,0.0009940357852882276,reject,0.0014945293275312466,reject,2.7805196791241826e-05,break,,,grid,-1.0,USD_JPY
2022-09-08,put,143.88489208633092,2022-09-08 09:47:00,143.914,-0.00012507469738876065,reject,-0.0014869991800658955,break,-0.0002223550175798339,break,,,grid,-1.0,USD_JPY
2022-09-08,put,143.88489208633092,2022-09-08 12:46:00,143.888,0.0009521294340042452,reject,0.0004030912932280195,reject,0.0017444123206939999,reject,,,grid,-1.0,USD_JPY
2022-09-08,put,143.88489208633092,2022-09-08 12:49:00,143.864,0.0011121614858478068,reject,-0.0005421787243508058,break,0.0018142134237890684,reject,,,grid,-1.0,USD_JPY
2022-09-08,put,143.88489208633092,2022-09-08 13:41:00,143.904,0.0003196575494772702,reject,0.0016121859017121931,reject,-7.643984878802357e-05,reject,,,grid,-1.0,USD_JPY
2022-09-08,put,143.88489208633092,2022-09-08 13:47:00,143.882,0.0009799696973908922,reject,0.0015012301747265866,reject,0.000674163550687501,reject,,,grid,-1.0,USD_JPY
2022-09-08,put,143.88489208633092,2022-09-08 13:56:00,143.95,0.0001250434178534654,reject,-2.7787426189584963e-05,reject,0.000541854810698128,reject,,,grid,-1.0,USD_JPY
2022-09-08,put,143.88489208633092,2022-09-08 14:21:00,143.918,0.001688461485012338,reject,-0.00030572965160724497,break,0.00034742005864440983,reject,,,grid,-1.0,USD_JPY
2022-09-08,put,143.88489208633092,2022-09-08 15:19:00,143.906,-0.0002223673787056235,break,0.0022097758258863287,reject,0.00043778577682651587,reject,,,grid,-1.0,USD_JPY
2022-09-08,put,143.88489208633092,2022-09-08 15:28:00,143.916,0.000632313293865927,reject,0.0017927124155758811,reject,0.00037521887767866247,reject,,,grid,-1.0,USD_JPY
2022-09-08,put,143.88489208633092,2022-09-08 17:18:00,143.925,1.389612645463778e-05,reject,0.0006878582595100102,reject,0.0013131839499738174,reject,,,grid,-1.0,USD_JPY
2022-09-08,put,143.88489208633092,2022-09-08 17:29:00,143.92,0.0001528627015010553,reject,0.0001528627015010553,reject,0.0012645914396889335,reject,,,grid,-1.0,USD_JPY
2022-09-08,put,143.88489208633092,2022-09-08 17:37:00,143.894,0.0005907126078918967,reject,0.00035442756473513803,reject,0.0014872058598691673,reject,,,grid,-1.0,USD_JPY
2022-09-08,put,143.88489208633092,2022-09-08 18:31:00,143.904,0.0005976206359796787,reject,0.0004586390927285855,reject,0.00018762508338898698,reject,,,grid,-1.0,USD_JPY
2022-09-08,put,143.88489208633092,2022-09-08 22:20:00,143.892,0.00020154004392169966,reject,0.00040308008784362137,reject,,,,,grid,-1.0,USD_JPY
2022-09-08,put,143.88489208633092,2022-09-08 22:36:00,143.899,0.0005767934454026236,reject,-0.0003196686564881368,break,,,,,grid,-1.0,USD_JPY
2022-09-08,put,143.88489208633092,2022-09-08 23:23:00,143.89,-0.00030578914448520234,break,,,,,,,grid,-1.0,USD_JPY
2022-09-09,put,143.88489208633092,2022-09-09 00:02:00,143.876,-0.0005699352219966647,break,-0.0003544719063639512,break,-0.005039061413995349,break,,,grid,-1.0,USD_JPY
2022-09-09,put,143.88489208633092,2022-09-09 00:10:00,143.904,-0.0008616855681564672,break,-0.001264732043584571,break,-0.007630086724482843,break,,,grid,-1.0,USD_JPY
2023-02-03,put,130.71895424836597,2023-02-03 15:18:00,130.827,0.0006191382512783505,reject,0.000848448714714678,reject,0.0022778172701354293,reject,,,grid,-1.0,USD_JPY
2023-02-07,put,130.71895424836597,2023-02-07 17:52:00,130.764,-0.0006806154599124925,break,0.0044890030895352595,reject,0.00236303569789853,reject,,,grid,-1.0,USD_JPY
2023-02-07,put,130.71895424836597,2023-02-07 17:56:00,130.664,0.0015536031347578305,reject,0.00543378436294617,reject,0.003367415661544415,reject,,,grid,-1.0,USD_JPY
2023-02-07,put,130.71895424836597,2023-02-07 18:03:00,130.623,0.0025033876116762332,reject,0.0054584567801996275,reject,0.003674697411635064,reject,,,grid,-1.0,USD_JPY
2023-02-07,put,130.71895424836597,2023-02-07 18:10:00,130.752,0.0019120166421928708,reject,0.004527655408712583,reject,0.002592694566813547,reject,,,grid,-1.0,USD_JPY
2023-02-08,put,130.71895424836597,2023-02-08 00:46:00,130.765,0.0006423737238558935,reject,0.0025312583642413955,reject,0.0031583374756243288,reject,,,grid,-1.0,USD_JPY
2023-02-08,put,130.71895424836597,2023-02-08 09:08:00,130.708,-0.00010710897573229516,break,0.0007344615478777072,reject,0.0026165192643143875,reject,,,grid,-1.0,USD_JPY
2023-02-08,put,130.71895424836597,2023-02-08 09:38:00,130.746,-7.648417542427399e-05,reject,0.0010019426980558688,reject,0.003747724595780877,reject,,,grid,-1.0,USD_JPY
2023-02-08,put,130.71895424836597,2023-02-08 09:46:00,130.702,0.00017597282367520783,reject,0.0011859038117243426,reject,0.0038867041055226093,reject,,,grid,-1.0,USD_JPY
2023-02-08,put,130.71895424836597,2023-02-08 11:32:00,130.734,3.059647834535717e-05,reject,0.0004436489360073459,reject,0.005300839873330521,reject,,,grid,-1.0,USD_JPY
2023-02-09,put,130.71895424836597,2023-02-09 12:27:00,130.774,0.0004664535763989619,reject,-0.00022940339822896672,reject,0.0024010889014636216,reject,,,grid,-1.0,USD_JPY
2023-02-09,put,130.71895424836597,2023-02-09 12:30:00,130.74,0.0006119014838610326,reject,-0.000718984243537002,break,0.002684717760440547,reject,,,grid,-1.0,USD_JPY
2023-02-09,put,130.71895424836597,2023-02-09 13:11:00,130.734,0.00013768415255399624,reject,-0.0014992274389217242,break,0.0017898939832023952,reject,,,grid,-1.0,USD_JPY
2023-02-10,put,130.71895424836597,2023-02-10 07:20:00,130.718,0.002157315748404942,reject,-0.00405452959806607,break,0.0021879159717865804,reject,,,grid,-1.0,USD_JPY
2023-02-10,put,130.71895424836597,2023-02-10 07:45:00,130.583,-0.002550102233828233,break,-0.0013401438165765445,break,0.0022284677178499024,reject,,,grid,-1.0,USD_JPY
2023-02-10,put,130.71895424836597,2023-02-10 13:19:00,130.752,9.177679882532708e-05,reject,-0.0002217939304943739,reject,0.00549131179637774,reject,,,grid,-1.0,USD_JPY
2023-02-10,put,130.71895424836597,2023-02-10 13:25:00,130.705,-5.355571707288398e-05,break,0.0002677785853639758,reject,0.005699858459890406,reject,,,grid,-1.0,USD_JPY
2023-02-10,put,130.71895424836597,2023-02-10 13:33:00,130.706,0.00026777653665499557,reject,0.0009792970483375463,reject,0.005485593622328144,reject,,,grid,-1.0,USD_JPY
2023-02-10,put,130.71895424836597,2023-02-10 13:37:00,130.694,-0.0006044653924432986,break,0.0006274197744351451,reject,0.005769201340536156,reject,,,grid,-1.0,USD_JPY
2023-02-10,put,130.71895424836597,2023-02-10 14:05:00,130.734,-0.0001070876742087501,reject,0.003128489910811272,reject,0.005591506417611303,reject,,,grid,-1.0,USD_JPY
2023-04-14,put,133.33333333333331,2023-04-14 14:12:00,133.351,0.0004874354148074467,reject,0.001462306244422562,reject,0.0032020757249664467,reject,,,grid,-1.0,USD_JPY
2023-04-18,put,134.2281879194631,2023-04-18 06:54:00,134.291,0.0008861353329709942,reject,-0.0001861628850780006,reject,-0.0019435405202135048,break,,,grid,-1.0,USD_JPY
2023-04-18,put,134.2281879194631,2023-04-18 07:51:00,134.241,-0.0003575658703376394,break,-7.449288965377665e-05,reject,-0.0021230473551301365,break,,,grid,-1.0,USD_JPY
2023-04-18,put,134.2281879194631,2023-04-18 07:55:00,134.267,-0.000826710956526866,break,-0.0007447846455197471,break,-0.0029344515033478125,break,,,grid,-1.0,USD_JPY
2023-04-18,put,134.2281879194631,2023-04-18 08:34:00,134.23,-2.9799597705326697e-05,break,-0.00034269537361242275,break,-0.0014974297846979123,break,,,grid,-1.0,USD_JPY
2023-04-18,put,134.2281879194631,2023-04-18 13:30:00,134.24,-0.0004469606674613047,break,-0.001899582836710323,break,-0.0014749702026222167,break,,,grid,-1.0,USD_JPY
2023-04-18,put,134.2281879194631,2023-04-18 13:36:00,134.224,-0.0006854213851471558,break,-0.0017955060197877293,break,-0.0012665395160328385,break,,,grid,-1.0,USD_JPY
2023-04-20,put,134.2281879194631,2023-04-20 12:33:00,134.24,5.9594755661418475e-05,reject,0.00010429082240759335,reject,-0.0006778903456496899,break,,,grid,-1.0,USD_JPY
2023-04-20,put,134.2281879194631,2023-04-20 12:41:00,134.251,-2.9794936350469037e-05,reject,-0.00035009050211909365,break,-0.0009608866973057628,break,,,grid,-1.0,USD_JPY
2023-04-20,put,134.2281879194631,2023-04-20 12:45:00,134.238,0.0004469673266884744,reject,-0.000506562970246982,break,-0.0008045411880391873,break,,,grid,-1.0,USD_JPY
2023-04-20,put,134.2281879194631,2023-04-20 13:07:00,134.256,0.0004022166607078326,reject,-0.0011917530687641786,break,-0.000446907400786567,break,,,grid,-1.0,USD_JPY
2023-04-20,put,134.2281879194631,2023-04-20 13:34:00,134.236,-0.00031288179027977314,break,-0.000983342769450668,break,-0.00022348699305696496,break,,,grid,-1.0,USD_JPY
2023-04-20,put,134.2281879194631,2023-04-20 13:39:00,134.224,0.00035761115746812955,reject,-0.000752473477172444,break,-5.960185957787356e-05,break,,,grid,-1.0,USD_JPY
2023-04-20,put,134.2281879194631,2023-04-20 14:00:00,134.213,-0.0010282163426792446,break,-0.0011474298316854759,break,0.00046940311296239656,reject,,,grid,-1.0,USD_JPY
2023-04-20,put,134.2281879194631,2023-04-20 20:00:00,134.235,3.724810965843872e-05,reject,7.449621931687744e-05,reject,,,,,grid,-1.0,USD_JPY
2023-04-20,put,134.2281879194631,2023-04-20 22:03:00,134.228,-0.00037250052150084034,break,-0.0006705009387013572,break,,,,,grid,-1.0,USD_JPY
2023-04-21,put,134.2281879194631,2023-04-21 14:24:00,134.228,0.0012665017731023909,reject,0.0002905504067705067,reject,-0.0008940012516017726,break,,,grid,-1.0,USD_JPY
2023-04-21,put,134.2281879194631,2023-04-21 16:02:00,134.249,-0.0003798910978851655,break,-0.0007970264210533928,break,-0.0011694686738820126,break,,,grid,-1.0,USD_JPY
2023-04-24,put,134.2281879194631,2023-04-24 02:25:00,134.25,0.0003128491620112417,reject,0.0006480446927372707,reject,9.683426443207743e-05,reject,,,grid,-1.0,USD_JPY
2023-04-24,put,134.2281879194631,2023-04-24 06:10:00,134.253,7.44862312203054e-05,reject,-0.0005065063722969887,break,0.001288611800108752,reject,,,grid,-1.0,USD_JPY
2023-04-24,put,134.2281879194631,2023-04-24 06:28:00,134.247,-0.00034265197732552544,break,-0.0005884675262762817,break,0.0028380522469773073,reject,,,grid,-1.0,USD_JPY
2023-04-24,put,134.2281879194631,2023-04-24 07:23:00,134.246,0.0001191841842587138,reject,0.0008342892898112186,reject,0.0033371571592448745,reject,,,grid,-1.0,USD_JPY
2023-04-24,put,134.2281879194631,2023-04-24 07:38:00,134.262,-0.00041709493378627727,break,0.0008192936199371559,reject,0.002755805812515888,reject,,,grid,-1.0,USD_JPY
2023-04-24,put,134.2281879194631,2023-04-24 07:49:00,134.246,0.00013408220729105302,reject,0.0006778600479715458,reject,0.002845522399177458,reject,,,grid,-1.0,USD_JPY
2023-04-24,put,134.2281879194631,2023-04-24 18:49:00,134.24,0.00047675804529201393,reject,0.0004693087008342811,reject,-0.0009162693682956968,break,,,grid,-1.0,USD_JPY
2023-04-24,put,134.2281879194631,2023-04-24 20:57:00,134.25,-0.0008044692737430026,break,-0.0006852886405960268,break,,,,,grid,-1.0,USD_JPY
2023-04-25,put,134.2281879194631,2023-04-25 01:25:00,134.264,0.00014896025740318564,reject,-0.000446880772210001,break,-0.0001340642316629559,reject,,,grid,-1.0,USD_JPY
2023-04-25,put,134.2281879194631,2023-04-25 01:32:00,134.251,0.0007225272065012334,reject,-0.0005735525247484441,break,6.703860678869411e-05,reject,,,grid,-1.0,USD_JPY
2023-04-25,put,134.2281879194631,2023-04-25 01:56:00,134.229,0.00014154914362740634,reject,0.00042464743088288515,reject,-0.00030544815203892295,break,,,grid,-1.0,USD_JPY
2023-04-25,put,134.2281879194631,2023-04-25 05:05:00,134.258,-7.448345722427252e-05,reject,-0.0005288325462914356,break,-0.0010353200554157338,break,,,grid,-1.0,USD_JPY
2023-04-25,put,134.2281879194631,2023-04-25 05:14:00,134.25,0.00032029795158283747,reject,-0.0010428305400371762,break,-0.0009236499068900894,break,,,grid,-1.0,USD_JPY
2023-04-25,put,134.2281879194631,2023-04-25 05:32:00,134.26,-0.00031282586027114867,break,-0.0004990317294799596,break,-0.002606882168925906,break,,,grid,-1.0,USD_JPY
2023-04-25,put,134.2281879194631,2023-04-25 07:08:00,134.25,-0.0010279329608938736,break,-0.0015865921787708848,break,-0.0013631284916200137,break,,,grid,-1.0,USD_JPY
2023-04-28,put,134.2281879194631,2023-04-28 04:02:00,134.456,0.0030270125542928294,reject,0.002305586957815242,reject,0.009177723567561191,reject,,,grid,-1.0,USD_JPY
2023-05-04,put,134.2281879194631,2023-05-04 06:33:00,134.254,0.0001042799469663791,reject,0.0039402922817941555,reject,0.0025474101330316135,reject,,,grid,-1.0,USD_JPY
2023-05-04,put,134.2281879194631,2023-05-04 06:51:00,134.258,0.0017503612447673511,reject,0.0029644415975211835,reject,0.0018322930477139288,reject,,,grid,-1.0,USD_JPY
2023-05-04,put,134.2281879194631,2023-05-04 13:47:00,134.276,-0.0003574726682356033,break,-0.0013330751586284606,break,-0.0025097560249041084,break,,,grid,-1.0,USD_JPY
2023-05-04,put,134.2281879194631,2023-05-04 14:00:00,134.206,0.000938855192763377,reject,-0.002086344872807455,break,-0.0012816118504388463,break,,,grid,-1.0,USD_JPY
2023-05-04,put,134.2281879194631,2023-05-04 14:16:00,134.179,-0.0022581775091482514,break,-0.0007825367605958089,break,-0.00032046743529168253,break,,,grid,-1.0,USD_JPY
2023-05-04,put,134.2281879194631,2023-05-04 20:41:00,134.236,0.00026818439166831354,reject,0.00013409219583415677,reject,,,,,grid,-1.0,USD_JPY
2023-05-04,put,134.2281879194631,2023-05-04 21:45:00,134.254,1.48971352809113e-05,reject,0.00020855989393253616,reject,,,,,grid,-1.0,USD_JPY
2023-05-04,put,134.2281879194631,2023-05-04 22:36:00,134.248,0.0003724450271140878,reject,-0.00022346701626840826,break,,,,,grid,-1.0,USD_JPY
2023-05-04,put,134.2281879194631,2023-05-04 23:02:00,134.24,-5.95947556615295e-05,reject,,,,,,,grid,-1.0,USD_JPY
2023-05-05,put,134.2281879194631,2023-05-05 10:36:00,134.239,-0.0002830771981318092,break,-0.00021603259857416734,break,0.003970530173794451,reject,,,grid,-1.0,USD_JPY
2023-05-05,put,134.2281879194631,2023-05-05 10:47:00,134.223,-6.705259158279464e-05,break,0.00014155547111882605,reject,0.003985904055191725,reject,,,grid,-1.0,USD_JPY
2023-05-05,put,134.2281879194631,2023-05-05 11:51:00,134.246,-0.00019367429942052095,break,0.00546757445287005,reject,0.0046854282436719075,reject,,,grid,-1.0,USD_JPY
2023-05-05,put,134.2281879194631,2023-05-05 12:26:00,134.248,0.005303617186103393,reject,0.004581073833502147,reject,0.0040298551933735105,reject,,,grid,-1.0,USD_JPY
2023-05-05,put,134.2281879194631,2023-05-05 12:29:00,134.288,0.005853091862266124,reject,0.004363755510544465,reject,0.0037829143333729665,reject,,,grid,-1.0,USD_JPY
2023-05-10,put,135.13513513513516,2023-05-10 00:52:00,135.108,8.881783462122428e-05,break,0.00032566539361100766,reject,0.000976996180833245,reject,,,grid,-1.0,USD_JPY
2023-05-10,put,135.13513513513516,2023-05-10 01:49:00,135.158,-0.0003329436659316176,break,0.00014057621450458413,reject,0.0012133946936179196,reject,,,grid,-1.0,USD_JPY
2023-05-10,put,135.13513513513516,2023-05-10 02:51:00,135.16,0.00010358094110696214,reject,-4.4391831902967915e-05,reject,0.0014797277300977463,reject,,,grid,-1.0,USD_JPY
2023-05-10,put,135.13513513513516,2023-05-10 03:05:00,135.158,0.00014797496263629917,reject,-2.219624439536716e-05,reject,0.0011985971973542675,reject,,,grid,-1.0,USD_JPY
2023-05-10,put,135.13513513513516,2023-05-10 08:08:00,135.147,-0.00012578895572967763,break,0.0007177369826929514,reject,0.0011616980029154345,reject,,,grid,-1.0,USD_JPY
2023-05-10,put,135.13513513513516,2023-05-10 08:20:00,135.174,0.00018494680929759255,reject,0.0007175936200747302,reject,0.0011540680900172795,reject,,,grid,-1.0,USD_JPY
2023-05-10,put,135.13513513513516,2023-05-10 09:51:00,135.158,-2.959499252719322e-05,reject,0.0001775699551636034,reject,-0.0056230485801801455,break,,,grid,-1.0,USD_JPY
2023-05-10,put,135.13513513513516,2023-05-10 10:03:00,135.156,0.000251561158957081,reject,0.0006510994702417783,reject,-0.005312379768563913,break,,,grid,-1.0,USD_JPY
2023-05-10,put,135.13513513513516,2023-05-10 12:30:00,134.794,-0.0013873021054350287,break,-0.0009941095300979308,break,-0.0027894416665430466,break,,,grid,-1.0,USD_JPY
2023-08-04,put,141.84397163120565,2023-08-04 13:14:00,141.876,0.00012687135244870973,reject,-0.0008528574247935738,break,-0.000246694296427874,break,,,grid,-1.0,USD_JPY
2023-08-04,put,141.84397163120565,2023-08-04 13:16:00,141.912,-0.0005425897739443908,break,-0.0013247646428773407,break,-0.0005425897739443908,break,,,grid,-1.0,USD_JPY
2023-08-04,put,141.84397163120565,2023-08-04 13:30:00,141.847,-0.0007331843465142596,break,-0.0013394714022855192,break,-0.00013394714022862964,break,,,grid,-1.0,USD_JPY
2023-08-04,put,141.84397163120565,2023-08-04 15:05:00,141.853,7.049551296045564e-05,reject,-0.0004300226290596676,break,-6.344596166463212e-05,reject,,,grid,-1.0,USD_JPY
2023-08-04,put,141.84397163120565,2023-08-04 15:19:00,141.872,-0.0005004511108607224,break,-0.00015506935829490143,reject,-0.00021145821585655256,break,,,grid,-1.0,USD_JPY
2023-08-07,put,141.84397163120565,2023-08-07 00:03:00,141.834,-0.0011562812865745231,break,-0.001656866477713459,break,0.0027496933034392157,reject,,,grid,-1.0,USD_JPY
2023-08-07,put,141.84397163120565,2023-08-07 01:16:00,141.874,-0.00024669777408115046,break,0.0005638806264713914,reject,0.001755078449892089,reject,,,grid,-1.0,USD_JPY
2023-08-07,put,141.84397163120565,2023-08-07 13:44:00,141.866,0.0017763241368613514,reject,0.002142867212721722,reject,0.00420114756178358,reject,,,grid,-1.0,USD_JPY
2023-08-16,put,145.98540145985402,2023-08-16 18:01:00,146.022,0.0009108216570106187,reject,0.001595649970552504,reject,0.0016983742175837868,reject,,,grid,-1.0,USD_JPY
2023-08-17,put,145.98540145985402,2023-08-17 10:43:00,146.02,-0.00042459936994942993,break,-0.00069853444733603,break,0.00019175455417053122,reject,,,grid,-1.0,USD_JPY
2023-08-17,put,145.98540145985402,2023-08-17 11:26:00,145.986,-0.00050689792171843,break,-0.001849492417080989,break,0.0004726480621430884,reject,,,grid,-1.0,USD_JPY
2023-08-17,put,145.98540145985402,2023-08-17 14:52:00,146.002,6.849221243543369e-05,reject,0.0012465582663250263,reject,0.0014246380186573315,reject,,,grid,-1.0,USD_JPY
2023-08-17,put,145.98540145985402,2023-08-17 14:58:00,146.004,-0.0002328703323195569,break,0.0011917481712830913,reject,0.0009725760938055217,reject,,,grid,-1.0,USD_JPY
2023-08-17,put,145.98540145985402,2023-08-17 15:06:00,146.004,-8.21895290540331e-05,reject,0.000630119722747402,reject,-0.0005890249582202189,break,,,grid,-1.0,USD_JPY
2023-08-17,put,145.98540145985402,2023-08-17 19:02:00,146.008,-0.0020409840556682157,break,-0.00169853706646228,break,-0.0021231713330776003,break,,,grid,-1.0,USD_JPY
2023-08-21,put,145.98540145985402,2023-08-21 12:38:00,145.998,0.0003356210359046763,reject,0.0009931642899219106,reject,0.001273990054658336,reject,,,grid,-1.0,USD_JPY
2023-08-21,put,145.98540145985402,2023-08-21 12:48:00,146.002,0.0002602704072545148,reject,0.0010342324077750042,reject,0.001068478513992721,reject,,,grid,-1.0,USD_JPY
2023-08-22,put,145.98540145985402,2023-08-22 02:22:00,146.005,0.00032190678401433637,reject,-0.0005684736824080883,break,-0.00045888839423313676,break,,,grid,-1.0,USD_JPY
2023-08-22,put,145.98540145985402,2023-08-22 02:34:00,146.04,-8.901670775129933e-05,reject,-0.0009244042728019375,break,-0.0005957271980279177,break,,,grid,-1.0,USD_JPY
2023-08-22,put,145.98540145985402,2023-08-22 03:08:00,145.996,-0.0005068632017316554,break,0.00015068905997428494,reject,-0.0009452313762021713,break,,,grid,-1.0,USD_JPY
2023-08-22,put,145.98540145985402,2023-08-22 05:04:00,145.976,-5.480352934739141e-05,break,0.0005069326464626212,reject,-0.001835918233134226,break,,,grid,-1.0,USD_JPY
2023-08-22,put,145.98540145985402,2023-08-22 06:10:00,145.996,-0.0006575522617058294,break,-0.0010959204361763453,break,-0.003130222745828859,break,,,grid,-1.0,USD_JPY
2023-08-22,put,145.98540145985402,2023-08-22 14:00:00,146.034,-0.000616294835449338,break,-0.0011093307038085864,break,-0.0016845392168945983,break,,,grid,-1.0,USD_JPY
2023-08-22,put,145.98540145985402,2023-08-22 14:30:00,145.978,-0.0004658236172574437,break,-0.0012878652947705405,break,-0.0008905451506391326,break,,,grid,-1.0,USD_JPY
2023-08-22,put,145.98540145985402,2023-08-22 14:44:00,145.938,-0.0004659512943852029,break,-0.0012882182844768941,break,-0.0008702325645135733,break,,,grid,-1.0,USD_JPY
2023-08-25,put,145.98540145985402,2023-08-25 00:46:00,146.018,0.00017806023914856972,reject,0.0010478160226821132,reject,0.0005067868344998949,reject,,,grid,-1.0,USD_JPY
2023-08-25,put,145.98540145985402,2023-08-25 02:32:00,146.01,9.588384357250845e-05,reject,0.00011643038148068108,reject,0.0003218957605644057,reject,,,grid,-1.0,USD_JPY
2023-08-25,put,145.98540145985402,2023-08-25 02:47:00,146.024,0.00015066016545217664,reject,0.0001985974908234045,reject,0.0002876239522271451,reject,,,grid,-1.0,USD_JPY
2023-08-25,put,145.98540145985402,2023-08-25 02:58:00,146.012,-0.0001643700517766078,reject,0.0004725638988576364,reject,0.0006163876941620572,reject,,,grid,-1.0,USD_JPY
2023-08-25,put,145.98540145985402,2023-08-25 03:11:00,145.988,-3.424939036078545e-05,break,0.0007192371975777156,reject,0.00021234622023724725,reject,,,grid,-1.0,USD_JPY
2023-08-25,put,145.98540145985402,2023-08-25 05:23:00,146.006,0.000657507225730436,reject,0.0008629782337712388,reject,0.00030820651206098226,reject,,,grid,-1.0,USD_JPY
2023-08-25,put,145.98540145985402,2023-08-25 07:04:00,146.017,-3.42425881917352e-05,reject,0.00017121294095900907,reject,-0.000390365505386292,break,,,grid,-1.0,USD_JPY
2023-08-25,put,145.98540145985402,2023-08-25 07:12:00,146.002,0.0002808180709852337,reject,0.0003904056108818832,reject,2.054766373049688e-05,reject,,,grid,-1.0,USD_JPY
2023-08-25,put,145.98540145985402,2023-08-25 07:31:00,145.996,-0.0003835721526618263,break,0.0004109701635661711,reject,6.84950272609175e-05,reject,,,grid,-1.0,USD_JPY
2023-08-25,put,145.98540145985402,2023-08-25 08:02:00,146.019,0.00019860429122231515,reject,0.0001438169005403278,reject,-0.0002739369534101588,break,,,grid,-1.0,USD_JPY
2023-08-25,put,145.98540145985402,2023-08-25 08:08:00,146.014,0.0003081896256522665,reject,0.00030134096730449755,reject,-0.000246551700521902,break,,,grid,-1.0,USD_JPY
2023-08-25,put,145.98540145985402,2023-08-25 08:54:00,146.006,0.000328753612865329,reject,0.000328753612865329,reject,-0.0005205265537032711,break,,,grid,-1.0,USD_JPY
2023-08-25,put,145.98540145985402,2023-08-25 10:55:00,145.99,9.589697924505813e-05,reject,9.589697924505813e-05,reject,0.004000273991369374,reject,,,grid,-1.0,USD_JPY
2023-08-25,put,145.98540145985402,2023-08-25 14:02:00,145.94,-0.0004865013019048625,break,0.004405920241195016,reject,0.0024736192956009706,reject,,,grid,-1.0,USD_JPY
2023-08-25,put,145.98540145985402,2023-08-25 14:10:00,145.928,0.0024052957622937576,reject,0.0037278657968313755,reject,0.002357326900937373,reject,,,grid,-1.0,USD_JPY
2023-08-25,put,145.98540145985402,2023-08-25 14:13:00,145.826,0.0035247486730762834,reject,0.004388792122118179,reject,0.003065296997792011,reject,,,grid,-1.0,USD_JPY
2023-08-30,put,145.98540145985402,2023-08-30 00:20:00,146.012,-6.848752157351257e-05,reject,2.7395008629360618e-05,reject,0.0013286579185272096,reject,,,grid,-1.0,USD_JPY
2023-08-30,put,145.98540145985402,2023-08-30 00:35:00,146.002,-1.3698442487108942e-05,reject,0.0003013657347159526,reject,0.0011369707264283768,reject,,,grid,-1.0,USD_JPY
2023-08-30,put,145.98540145985402,2023-08-30 00:44:00,146.006,-0.0006438091585276862,break,0.0006506581921290611,reject,0.0012259770146432203,reject,,,grid,-1.0,USD_JPY
2023-08-30,put,145.98540145985402,2023-08-30 00:47:00,146.004,-0.0004931371743239765,break,0.0008561409276457432,reject,0.0013150324648640854,reject,,,grid,-1.0,USD_JPY
2023-08-30,put,145.98540145985402,2023-08-30 00:53:00,146.015,-0.00011642639454845227,reject,0.0006506180871830303,reject,0.001349176454473966,reject,,,grid,-1.0,USD_JPY
2023-08-30,put,145.98540145985402,2023-08-30 01:19:00,146.014,0.0003766762091303999,reject,0.0009314175353047904,reject,0.0014382182530441323,reject,,,grid,-1.0,USD_JPY
2023-08-30,put,145.98540145985402,2023-08-30 01:26:00,146.007,0.00054791893539341,reject,0.0007602375228583647,reject,0.0010752909107096809,reject,,,grid,-1.0,USD_JPY
2023-08-30,put,145.98540145985402,2023-08-30 12:30:00,145.945,-0.00014388982150803642,break,-0.0014183425262941363,break,0.0009661173729831329,reject,,,grid,-1.0,USD_JPY
2023-08-30,put,145.98540145985402,2023-08-30 12:40:00,145.974,-0.0007535588529463677,break,-0.0016852316165891779,break,0.000842615808294811,reject,,,grid,-1.0,USD_JPY
2023-08-30,put,145.98540145985402,2023-08-30 16:12:00,146.023,0.00029447415818051326,reject,-8.902707107782959e-05,reject,0.001568246098217596,reject,,,grid,-1.0,USD_JPY
2023-08-30,put,145.98540145985402,2023-08-30 17:13:00,146.0,8.219178082202738e-05,reject,0.0012260273972601876,reject,0.0013835616438355736,reject,,,grid,-1.0,USD_JPY
2023-08-30,put,145.98540145985402,2023-08-30 23:06:00,146.03,-0.00028076422652878463,reject,,,,,,,grid,-1.0,USD_JPY
2023-08-30,put,145.98540145985402,2023-08-30 23:42:00,146.017,0.0006026695521754721,reject,,,,,,,grid,-1.0,USD_JPY
2024-01-10,put,144.92753623188406,2024-01-10 06:51:00,144.986,0.00030347757714555,reject,-0.0004965996716924659,break,-0.0006966189839019421,break,,,grid,-1.0,USD_JPY
2024-01-10,put,144.92753623188406,2024-01-10 07:32:00,144.944,-0.000620929462412878,break,-0.00010348824373540566,reject,0.0009934871398609157,reject,,,grid,-1.0,USD_JPY
2024-01-10,put,144.92753623188406,2024-01-10 09:11:00,144.94,0.00018628397957787257,reject,-0.000676141851800649,break,0.002069821995308585,reject,,,grid,-1.0,USD_JPY
2024-01-10,put,144.92753623188406,2024-01-10 11:13:00,144.945,0.0009451861050744359,reject,0.0005036393114630222,reject,0.0037807444202972995,reject,,,grid,-1.0,USD_JPY
2024-01-11,put,144.92753623188406,2024-01-11 23:23:00,144.952,0.000758871902422964,reject,,,,,,,grid,-1.0,USD_JPY
2024-01-12,put,144.92753623188406,2024-01-12 03:07:00,144.887,0.0005728602290060447,reject,0.0004900370633666995,reject,0.0022155196808546496,reject,,,grid,-1.0,USD_JPY
2024-01-12,put,144.92753623188406,2024-01-12 04:10:00,144.962,0.000538072046467386,reject,0.0011037375312152875,reject,0.0003104261806543551,reject,,,grid,-1.0,USD_JPY
2024-01-12,put,144.92753623188406,2024-01-12 08:15:00,144.901,0.0005175947716025142,reject,0.0005175947716025142,reject,0.0022912195222943854,reject,,,grid,-1.0,USD_JPY
2024-01-12,put,144.92753623188406,2024-01-12 13:33:00,145.009,-0.00033101393706580495,reject,-0.003186009144259927,break,-0.000655131750443072,break,,,grid,-1.0,USD_JPY
2024-01-12,put,144.92753623188406,2024-01-12 13:35:00,144.916,0.0008004637169118922,reject,-0.0023875900521681537,break,0.0002760219713489054,reject,,,grid,-1.0,USD_JPY
2024-01-12,put,144.92753623188406,2024-01-12 13:52:00,144.904,-0.00110417931872131,break,-0.002470601225639024,break,0.00023463810522827977,reject,,,grid,-1.0,USD_JPY
2024-01-12,put,144.92753623188406,2024-01-12 17:20:00,144.948,5.519220686034387e-05,reject,-0.0001034853878633113,reject,-0.0004415376548833061,break,,,grid,-1.0,USD_JPY
2024-01-12,put,144.92753623188406,2024-01-12 18:16:00,144.94,-0.00042776321236381865,break,-0.0007589347316129258,break,,,,,grid,-1.0,USD_JPY
2024-02-02,put,148.14814814814815,2024-02-02 15:21:00,148.177,0.0008705804544566487,reject,0.0009515646827782387,reject,0.0008368370259892455,reject,,,grid,-1.0,USD_JPY
2024-02-06,put,148.14814814814815,2024-02-06 15:18:00,148.114,0.00023630446817990425,reject,0.00010802489973937845,break,-0.0009992303225893062,break,,,grid,-1.0,USD_JPY
2024-02-06,put,148.14814814814815,2024-02-06 15:43:00,148.148,-0.0005332505332505955,break,-0.0006480006480006351,break,-0.001046251046251001,break,,,grid,-1.0,USD_JPY
2024-02-07,put,148.14814814814815,2024-02-07 13:14:00,148.154,-0.00014174440109604447,break,-0.0007154717388663245,break,1.3499466771094148e-05,reject,,,grid,-1.0,USD_JPY
2024-02-07,put,148.14814814814815,2024-02-07 14:00:00,148.162,-0.0008369217478165769,break,-0.001930319515125345,break,-0.0002159798058881668,break,,,grid,-1.0,USD_JPY
2024-02-07,put,148.14814814814815,2024-02-07 14:37:00,148.154,-0.002942883756091641,break,-0.0014444429445036322,break,-0.00031048773573438826,break,,,grid,-1.0,USD_JPY
2024-02-08,put,148.14814814814815,2024-02-08 01:47:00,148.167,0.0010798625874857137,reject,0.0011271065756881526,reject,0.0031113540801932515,reject,,,grid,-1.0,USD_JPY
2024-02-15,put,150.37593984962407,2024-02-15 00:37:00,150.401,-5.98400276594635e-05,reject,-0.00081781371134515,break,-0.0015491918271820504,break,,,grid,-1.0,USD_JPY
2024-02-16,put,150.37593984962407,2024-02-16 15:07:00,150.38,-0.0003856895863810772,break,-0.0006583322250298673,break,-0.001848650086447634,break,,,grid,-1.0,USD_JPY
2024-02-20,put,150.37593984962407,2024-02-20 05:46:00,150.394,0.00022607284865072685,reject,1.32984028617944e-05,reject,-0.0006516217402290359,break,,,grid,-1.0,USD_JPY
2024-02-20,put,150.37593984962407,2024-02-20 06:12:00,150.388,-9.309253397882244e-05,break,6.649466712760344e-05,reject,-0.0007181424049791385,break,,,grid,-1.0,USD_JPY
2024-02-22,put,150.37593984962407,2024-02-22 00:08:00,150.396,0.00012633314715815303,reject,0.00028591185935811225,reject,0.00029256097236629586,reject,,,grid,-1.0,USD_JPY
2024-02-22,put,150.37593984962407,2024-02-22 00:22:00,150.392,7.979147827019695e-05,reject,2.6597159423324968e-05,reject,-0.0005053460290440626,break,,,grid,-1.0,USD_JPY
2024-02-22,put,150.37593984962407,2024-02-22 01:18:00,150.396,-0.00041224500651604323,break,-0.00025266629431619503,break,-0.0007314024309156286,break,,,grid,-1.0,USD_JPY
2024-02-22,put,150.37593984962407,2024-02-22 03:40:00,150.408,5.318866017778312e-05,reject,-0.00058507526195406,break,-0.0021208978245836896,break,,,grid,-1.0,USD_JPY
2024-02-22,put,150.37593984962407,2024-02-22 04:13:00,150.398,-0.0006250083112806504,break,-0.0008776712456283198,break,-0.0022872644583039614,break,,,grid,-1.0,USD_JPY
2024-02-22,put,150.37593984962407,2024-02-22 13:09:00,150.412,0.0002659362284922473,reject,0.0010105576682710726,reject,0.001755179108049676,reject,,,grid,-1.0,USD_JPY
2024-02-23,put,150.37593984962407,2024-02-23 00:27:00,150.397,0.0004720838846519193,reject,0.00032580437109785976,reject,0.0005119782974394305,reject,,,grid,-1.0,USD_JPY
2024-02-23,put,150.37593984962407,2024-02-23 01:09:00,150.388,0.00029922600207465955,reject,0.0005319573370214936,reject,0.001017368407053798,reject,,,grid,-1.0,USD_JPY
2024-02-23,put,150.37593984962407,2024-02-23 13:07:00,150.399,1.9946941136383955e-05,reject,0.0002260653328811646,reject,-0.0002792571759120399,break,,,grid,-1.0,USD_JPY
2024-02-23,put,150.37593984962407,2024-02-23 13:38:00,150.376,0.0006915997233600812,reject,0.00015959993616010415,reject,0.00012634994946014722,reject,,,grid,-1.0,USD_JPY
2024-02-23,put,150.37593984962407,2024-02-23 14:32:00,150.39,-2.659751313249803e-05,reject,0.0008112241505420226,reject,-2.659751313249803e-05,reject,,,grid,-1.0,USD_JPY
2024-02-23,put,150.37593984962407,2024-02-23 16:22:00,150.402,-9.30838685654356e-05,reject,2.6595391018791048e-05,reject,0.0006781824709778395,reject,,,grid,-1.0,USD_JPY
2024-02-26,put,150.37593984962407,2024-02-26 00:17:00,150.405,0.00020611016920990544,reject,-0.00033243575679009485,break,0.00029254346597529235,reject,,,grid,-1.0,USD_JPY
2024-02-26,put,150.37593984962407,2024-02-26 00:45:00,150.4,-7.978723404256094e-05,reject,-0.00038563829787230386,break,0.0007579787234042179,reject,,,grid,-1.0,USD_JPY
2024-02-26,put,150.37593984962407,2024-02-26 05:47:00,150.399,0.0002460122740177706,reject,-5.9840823409818e-05,reject,0.0017885757219131548,reject,,,grid,-1.0,USD_JPY
2024-02-26,put,150.37593984962407,2024-02-26 06:43:00,150.398,0.00010638439340948658,reject,0.00029920610646438917,reject,0.001462785409380496,reject,,,grid,-1.0,USD_JPY
2024-02-26,put,150.37593984962407,2024-02-26 07:12:00,150.376,0.00012634994946014722,reject,0.0002393999042400452,reject,0.0016159493536203051,reject,,,grid,-1.0,USD_JPY
2024-02-26,put,150.37593984962407,2024-02-26 07:49:00,150.404,0.0004122230791734349,reject,0.000837743677029934,reject,0.0016887848727427102,reject,,,grid,-1.0,USD_JPY
2024-02-27,put,150.37593984962407,2024-02-27 07:27:00,150.417,-0.0003191128662318743,break,-0.00111689503181156,break,-0.0003390574203713248,break,,,grid,-1.0,USD_JPY
2024-02-27,put,150.37593984962407,2024-02-27 14:44:00,150.388,-3.989680027660647e-05,reject,0.0010107189403409933,reject,0.00016623666781923063,reject,,,grid,-1.0,USD_JPY
2024-02-27,put,150.37593984962407,2024-02-27 14:56:00,150.37,-0.0002660105074150376,break,0.00042561681186392697,reject,0.0006251246924253717,reject,,,grid,-1.0,USD_JPY
2024-02-27,put,150.37593984962407,2024-02-27 15:51:00,150.431,-0.00015954158384912098,reject,8.641835791811658e-05,reject,0.000857536013188609,reject,,,grid,-1.0,USD_JPY
2024-02-27,put,150.37593984962407,2024-02-27 16:01:00,150.412,0.00011967130282153349,reject,0.0006515437598062501,reject,0.0007778634683401897,reject,,,grid,-1.0,USD_JPY
2024-02-27,put,150.37593984962407,2024-02-27 16:27:00,150.412,0.00033906869132782624,reject,0.0005318724569847166,reject,0.0007047310055048328,reject,,,grid,-1.0,USD_JPY
2024-02-27,put,150.37593984962407,2024-02-27 18:02:00,150.388,-0.0005053594701704966,break,0.000731441338404526,reject,0.0006915445381279195,reject,,,grid,-1.0,USD_JPY
2024-02-28,put,150.37593984962407,2024-02-28 00:54:00,150.446,0.000172819483402753,reject,-0.0002791699347274301,reject,0.0012097363838186048,reject,,,grid,-1.0,USD_JPY
2024-02-28,put,150.37593984962407,2024-02-28 01:53:00,150.404,-4.654131539061357e-05,reject,0.00030584292970936566,reject,0.0013962394617164087,reject,,,grid,-1.0,USD_JPY
2024-02-29,put,150.37593984962407,2024-02-29 01:33:00,150.416,-0.0006648228911817489,break,-0.00333741091373263,break,-0.002606105733432562,break,,,grid,-1.0,USD_JPY
2024-03-01,put,150.37593984962407,2024-03-01 06:21:00,150.395,-0.00023272050267630906,break,0.00047209016257188097,reject,0.0002194221882374503,reject,,,grid,-1.0,USD_JPY
2024-03-01,put,150.37593984962407,2024-03-01 10:23:00,150.369,-0.00019285890043818643,break,0.0006184785427847395,reject,0.0016692270348277471,reject,,,grid,-1.0,USD_JPY
2024-03-01,put,150.37593984962407,2024-03-01 11:35:00,150.392,-0.00015958295654028287,break,0.0006117346667375845,reject,-0.001549284536411566,break,,,grid,-1.0,USD_JPY
2024-03-01,put,150.37593984962407,2024-03-01 15:00:00,150.4,-0.0013164893617021445,break,-0.0019813829787234116,break,-0.0018351063829787906,break,,,grid,-1.0,USD_JPY
2024-03-01,put,150.37593984962407,2024-03-01 15:03:00,150.412,-0.0012233066510650703,break,-0.001595617370954483,break,-0.001994521713693187,break,,,grid,-1.0,USD_JPY
2024-03-01,put,150.37593984962407,2024-03-01 15:05:00,150.338,-0.000884673203048969,break,-0.0010509651585094426,break,-0.0015298859902352913,break,,,grid,-1.0,USD_JPY
2024-03-04,put,150.37593984962407,2024-03-04 11:00:00,150.386,0.00023273443006655015,reject,0.0002526830955009718,reject,-0.0001728884337636183,break,,,grid,-1.0,USD_JPY
2024-03-04,put,150.37593984962407,2024-03-04 12:04:00,150.4,0.00013962765957442613,reject,0.0004986702127658393,reject,0.0005053191489361453,reject,,,grid,-1.0,USD_JPY
2024-03-04,put,150.37593984962407,2024-03-04 14:55:00,150.407,5.9837640535187475e-05,reject,0.00034572858975967513,reject,0.0010039426356485137,reject,,,grid,-1.0,USD_JPY
2024-03-04,put,150.37593984962407,2024-03-04 15:19:00,150.376,0.0004920998031598955,reject,0.000518699792520172,reject,0.0010240995903600947,reject,,,grid,-1.0,USD_JPY
2024-03-04,put,150.37593984962407,2024-03-04 23:30:00,150.394,0.0003191616686835097,reject,,,,,,,grid,-1.0,USD_JPY
2024-03-06,put,149.2537313432836,2024-03-06 14:26:00,149.284,0.00046890490608508806,reject,0.0012057554727902264,reject,-0.00025454837758887017,break,,,grid,-1.0,USD_JPY
2024-03-06,put,149.2537313432836,2024-03-06 15:16:00,149.272,0.0021973310466798512,reject,0.0006029262018329984,reject,0.0003483573610592039,reject,,,grid,-1.0,USD_JPY
2024-03-06,put,149.2537313432836,2024-03-06 16:50:00,149.272,-0.000964681922932642,break,0.00021437376065169822,reject,0.0009378852028512075,reject,,,grid,-1.0,USD_JPY
2024-03-06,put,149.2537313432836,2024-03-06 17:22:00,149.264,1.3399078143239151e-05,reject,-0.0001339907814342789,break,0.0008843391574657744,reject,,,grid,-1.0,USD_JPY
2024-03-06,put,149.2537313432836,2024-03-06 17:46:00,149.282,5.358985008219186e-05,reject,-0.0003751289505767863,break,0.0009378223764417992,reject,,,grid,-1.0,USD_JPY
2024-03-06,put,149.2537313432836,2024-03-06 18:03:00,149.279,-0.0003885342211562559,break,4.6892061174030886e-05,reject,0.0005158126729145618,reject,,,grid,-1.0,USD_JPY
2024-03-06,put,149.2537313432836,2024-03-06 23:15:00,149.262,-0.00040867735927430093,break,,,,,,,grid,-1.0,USD_JPY
2024-03-06,put,149.2537313432836,2024-03-06 23:50:00,149.277,,,,,,,,,grid,-1.0,USD_JPY
2024-03-18,put,149.2537313432836,2024-03-18 01:15:00,149.273,0.00024116886509961688,reject,-0.0010852598929478319,break,-0.0006766126493069624,break,,,grid,-1.0,USD_JPY
2024-03-18,put,149.2537313432836,2024-03-18 01:36:00,149.272,-0.0004823409614663765,break,-0.001440323704378632,break,-0.0012192507637064365,break,,,grid,-1.0,USD_JPY
2024-03-19,put,149.2537313432836,2024-03-19 01:15:00,149.279,0.00032824442821843824,reject,-0.0005426081364424684,break,0.006008882696159512,reject,,,grid,-1.0,USD_JPY
2024-03-19,put,149.2537313432836,2024-03-19 01:37:00,149.278,6.69891075713025e-05,reject,-0.00033494553785540226,break,0.006685512935596716,reject,,,grid,-1.0,USD_JPY
2024-03-19,put,149.2537313432836,2024-03-19 02:09:00,149.272,-8.039016024441459e-05,reject,0.0006967147221181857,reject,0.007529878342890761,reject,,,grid,-1.0,USD_JPY
2024-03-19,put,149.2537313432836,2024-03-19 03:14:00,149.314,-0.0002411026427528995,reject,0.0034558045461243747,reject,0.006657111858231701,reject,,,grid,-1.0,USD_JPY
2024-03-19,put,149.2537313432836,2024-03-19 03:17:00,149.252,0.00030820357516136987,reject,0.0034706402594271157,reject,0.006713477876343132,reject,,,grid,-1.0,USD_JPY
2024-03-19,put,149.2537313432836,2024-03-19 03:24:00,149.262,0.0021840790020233314,reject,0.0038790850986856196,reject,0.005855475606651339,reject,,,grid,-1.0,USD_JPY
2024-03-19,put,149.2537313432836,2024-03-19 03:29:00,149.278,0.003516928147483167,reject,0.003657605273382769,reject,0.005506504642345256,reject,,,grid,-1.0,USD_JPY
2024-04-10,put,152.67175572519085,2024-04-10 14:08:00,152.704,-0.0006941533948029432,break,0.000851320201173511,reject,0.0006024727577533806,reject,,,grid,-1.0,USD_JPY
2024-04-10,put,152.67175572519085,2024-04-10 14:18:00,152.682,1.964868157355859e-05,reject,0.0012182182575548595,reject,0.0010020827602468252,reject,,,grid,-1.0,USD_JPY
2024-04-10,put,152.67175572519085,2024-04-10 14:50:00,152.719,0.0008054007687321452,reject,0.0013947184043896499,reject,0.001316142719635316,reject,,,grid,-1.0,USD_JPY
2024-04-10,put,152.67175572519085,2024-04-10 17:31:00,152.764,0.000536775680133994,reject,0.001073551360267988,reject,0.001970359508784769,reject,,,grid,-1.0,USD_JPY
2024-04-10,put,152.67175572519085,2024-04-10 17:34:00,152.648,0.001428122215817007,reject,0.0019522037629056133,reject,0.0027514281222158488,reject,,,grid,-1.0,USD_JPY
2024-04-12,put,152.67175572519085,2024-04-12 13:05:00,152.692,0.0014604563434887918,reject,0.0008382888428992707,reject,0.0026458491604013368,reject,,,grid,-1.0,USD_JPY
2024-05-03,put,152.67175572519085,2024-05-03 12:30:00,152.2,0.00036793692509862197,break,0.0011432325886990835,break,0.003705650459921328,reject,,,grid,-1.0,USD_JPY
2024-05-03,put,152.67175572519085,2024-05-03 14:14:00,152.691,0.001237793976069268,reject,0.0012246956271160236,reject,0.0015259576530377572,reject,,,grid,-1.0,USD_JPY
2024-08-12,put,148.14814814814815,2024-08-12 13:33:00,148.189,-0.0021931452401999785,break,-0.002368596859416039,break,-0.006363495266180186,break,,,grid,-1.0,USD_JPY
2024-09-03,put,145.98540145985402,2024-09-03 06:43:00,145.996,0.0008356393325843481,reject,0.00030137811994834784,reject,5.479602180868959e-05,reject,,,grid,-1.0,USD_JPY
2024-09-03,put,145.98540145985402,2024-09-03 07:00:00,146.076,0.0002738300610642952,reject,-0.0006366548919739534,break,-0.00043812809770249483,reject,,,grid,-1.0,USD_JPY
2024-09-03,put,145.98540145985402,2024-09-03 07:02:00,146.068,0.0003696908289290146,reject,-0.0010543034750939428,break,-0.00038338308185237313,reject,,,grid,-1.0,USD_JPY
2024-09-03,put,145.98540145985402,2024-09-03 07:42:00,145.992,-0.0004383801852155811,break,-0.0019727108334701704,break,0.0005616746123076055,reject,,,grid,-1.0,USD_JPY
2024-09-03,put,145.98540145985402,2024-09-03 07:51:00,146.088,-0.0015743935162366718,break,-0.001581238705437804,break,0.0008761842177318346,reject,,,grid,-1.0,USD_JPY
2024-09-03,put,145.98540145985402,2024-09-03 07:53:00,146.012,-0.0012875654055830577,break,-0.0010547078322329373,break,0.0013834479357861529,reject,,,grid,-1.0,USD_JPY
2024-09-03,put,145.98540145985402,2024-09-03 10:35:00,145.984,0.00030140289346758387,reject,0.0006576063130205867,reject,-0.0038771372205173016,break,,,grid,-1.0,USD_JPY
2024-09-03,put,145.98540145985402,2024-09-03 11:01:00,146.012,-0.0004931101553297124,break,0.0010684053365477286,reject,-0.0028490808974604986,break,,,grid,-1.0,USD_JPY
2024-09-03,put,145.98540145985402,2024-09-03 12:40:00,145.986,-0.0001917992136231117,break,-0.0033153864069156436,break,-0.0011507952817392253,break,,,grid,-1.0,USD_JPY
2024-09-10,put,142.85714285714286,2024-09-10 12:31:00,142.852,6.300226808164666e-05,reject,0.0013160473777054094,reject,-0.0033741214683729037,break,,,grid,-1.0,USD_JPY
2024-09-10,put,142.85714285714286,2024-09-10 12:54:00,142.886,0.0004129165908486332,reject,0.0010217935976932768,reject,-0.0030373864479374957,break,,,grid,-1.0,USD_JPY
2024-09-10,put,142.85714285714286,2024-09-10 14:06:00,142.878,-0.001770741471745052,break,-0.001483783367628222,break,-0.003352510533461972,break,,,grid,-1.0,USD_JPY
2024-09-10,put,142.85714285714286,2024-09-10 14:10:00,142.846,-0.0020511599904793343,break,-0.001386108116433138,break,-0.003374263192528981,break,,,grid,-1.0,USD_JPY
2024-09-12,put,142.85714285714286,2024-09-12 00:21:00,142.884,0.00011197894795800245,reject,-0.0029114526469024016,break,-0.0015677052714089257,break,,,grid,-1.0,USD_JPY
2024-09-12,put,142.85714285714286,2024-09-12 00:37:00,142.87,9.099181073701779e-05,reject,-0.0017358437740602195,break,-0.0006649401553859846,break,,,grid,-1.0,USD_JPY
2024-09-12,put,142.85714285714286,2024-09-12 00:47:00,142.888,-0.0028833771905268923,break,-0.002561446727506911,break,-0.0007558367392643817,break,,,grid,-1.0,USD_JPY
2024-09-12,put,142.85714285714286,2024-09-12 07:33:00,142.891,6.298507253799102e-05,reject,-0.0019105472003134727,break,-0.0028273299228083193,break,,,grid,-1.0,USD_JPY
2024-09-12,put,142.85714285714286,2024-09-12 07:50:00,142.84,-0.00119014281713814,break,-0.0015961915429851814,break,-0.002520302436292421,break,,,grid,-1.0,USD_JPY
2024-09-19,put,142.85714285714286,2024-09-19 00:15:00,142.89,0.001371684512562199,reject,0.0038141227517671794,reject,0.002029533207362544,reject,,,grid,-1.0,USD_JPY
2024-09-19,put,142.85714285714286,2024-09-19 05:22:00,142.894,-0.0008327851414334786,break,-0.0020574691729534633,break,-0.0010777219477374755,break,,,grid,-1.0,USD_JPY
2024-09-19,put,142.85714285714286,2024-09-19 08:22:00,142.878,-0.0017287476028499116,break,-0.0009658589845881194,break,-0.000741891683814111,break,,,grid,-1.0,USD_JPY
2024-09-19,put,142.85714285714286,2024-09-19 09:10:00,142.894,-0.0008677761137626527,break,0.0014136352820972586,reject,0.004016963623385106,reject,,,grid,-1.0,USD_JPY
2024-09-19,put,142.85714285714286,2024-09-19 09:40:00,142.878,-0.0008888702249469915,break,0.0016097649743138653,reject,0.004255378714707714,reject,,,grid,-1.0,USD_JPY
2024-09-19,put,142.85714285714286,2024-09-19 10:52:00,142.836,0.0005810860007280372,reject,0.00019602901229376357,reject,0.0002100310846004927,reject,,,grid,-1.0,USD_JPY
2024-09-19,put,142.85714285714286,2024-09-19 10:58:00,142.852,0.001568056450032218,reject,0.0003150113404082333,reject,0.0006300226808164666,reject,,,grid,-1.0,USD_JPY
2024-09-19,put,142.85714285714286,2024-09-19 11:08:00,142.918,0.0019311773184622627,reject,0.0006717138498999464,reject,9.79582697768766e-05,reject,,,grid,-1.0,USD_JPY
2024-09-19,put,142.85714285714286,2024-09-19 11:50:00,142.874,0.0005319372314065429,reject,0.005193387180312925,reject,4.199504458468617e-05,reject,,,grid,-1.0,USD_JPY
2024-09-19,put,142.85714285714286,2024-09-19 11:57:00,142.889,0.0010497659022037364,reject,0.005731721826032654,reject,0.0,reject,,,grid,-1.0,USD_JPY
2024-09-19,put,142.85714285714286,2024-09-19 12:19:00,142.874,0.00265268698293597,reject,0.00359757548609263,reject,0.0007489116284278285,reject,,,grid,-1.0,USD_JPY
2024-09-19,put,142.85714285714286,2024-09-19 14:46:00,142.892,0.00011197267866625005,reject,0.0001749573104163904,reject,-0.001399658483330013,break,,,grid,-1.0,USD_JPY
2024-09-19,put,142.85714285714286,2024-09-19 15:00:00,142.892,-0.0006718360719984995,break,-6.998292416682261e-06,reject,-0.0019595218766621514,break,,,grid,-1.0,USD_JPY
2024-09-19,put,142.85714285714286,2024-09-19 15:02:00,142.852,-0.0002800100803628247,break,0.0004480161285804751,reject,-0.0013300478817237504,break,,,grid,-1.0,USD_JPY
2024-09-19,put,142.85714285714286,2024-09-19 15:10:00,142.882,-0.0003499391105948879,break,0.0009448355986056978,reject,-0.0010358197673604463,break,,,grid,-1.0,USD_JPY
2024-09-19,put,142.85714285714286,2024-09-19 15:50:00,142.88,0.00017497200447924577,reject,0.0014697648376260641,reject,-0.0018407054871221185,break,,,grid,-1.0,USD_JPY
2024-09-19,put,142.85714285714286,2024-09-19 18:05:00,142.864,-0.0018059133161608676,break,-0.0009379549781611818,break,-0.0018619106282897757,break,,,grid,-1.0,USD_JPY
2024-09-19,put,142.85714285714286,2024-09-19 23:42:00,142.862,0.00027999048032367746,reject,,,,,,,grid,-1.0,USD_JPY
2024-09-19,put,142.85714285714286,2024-09-19 23:45:00,142.855,,,,,,,,,grid,-1.0,USD_JPY
2024-09-19,put,142.85714285714286,2024-09-19 23:58:00,142.869,,,,,,,,,grid,-1.0,USD_JPY
2024-09-20,put,142.85714285714286,2024-09-20 06:56:00,142.822,0.0005671395163209247,reject,0.004733164358432074,reject,0.00950133732898295,reject,,,grid,-1.0,USD_JPY
2024-09-20,put,142.85714285714286,2024-09-20 06:58:00,142.946,-0.000349782435325352,reject,0.004435241279924007,reject,0.009199278049053516,reject,,,grid,-1.0,USD_JPY
2024-09-20,put,142.85714285714286,2024-09-20 07:10:00,142.884,0.001931636852271934,reject,0.006018868452730919,reject,0.010064107947705958,reject,,,grid,-1.0,USD_JPY
2024-09-27,put,143.88489208633092,2024-09-27 06:23:00,143.694,0.0013361727003216028,reject,-0.004224254318203946,break,-0.0034100240789454173,break,,,grid,-1.0,USD_JPY
2024-09-27,put,143.88489208633092,2024-09-27 06:25:00,143.896,-0.0008339356201699788,break,-0.004753433034969667,break,-0.0050175126480234145,break,,,grid,-1.0,USD_JPY
2024-09-27,put,143.88489208633092,2024-09-27 06:27:00,143.918,-0.0020289331424839796,break,-0.004141247099042511,break,-0.005315526897261003,break,,,grid,-1.0,USD_JPY
2024-10-01,put,143.88489208633092,2024-10-01 00:22:00,143.927,-6.253170009784537e-05,reject,0.0003682422339101876,reject,0.0030362614380903263,reject,,,grid,-1.0,USD_JPY
2024-10-01,put,143.88489208633092,2024-10-01 00:32:00,143.912,0.0012646617377285452,reject,-0.00024320418033241253,break,0.0025849130023902767,reject,,,grid,-1.0,USD_JPY
2024-10-01,put,143.88489208633092,2024-10-01 01:04:00,143.858,0.0011261104700468483,reject,-0.0010844026748599855,break,0.0037954093620096163,reject,,,grid,-1.0,USD_JPY
2024-10-01,put,143.88489208633092,2024-10-01 01:25:00,143.914,-5.5588754394819695e-05,reject,-0.0005280931667522859,break,0.003064330086023581,reject,,,grid,-1.0,USD_JPY
2024-10-01,put,143.88489208633092,2024-10-01 01:31:00,143.904,-0.00013898154325109324,break,-0.00022237046920159376,break,0.003238269957749562,reject,,,grid,-1.0,USD_JPY
2024-10-01,put,143.88489208633092,2024-10-01 01:40:00,143.906,-0.0007921837866384784,break,0.0005003266020875419,reject,0.0026475616027128446,reject,,,grid,-1.0,USD_JPY
2024-10-01,put,143.88489208633092,2024-10-01 07:20:00,143.93,0.0008615299103731378,reject,-0.0005558257486278917,break,-0.0015007295212950966,break,,,grid,-1.0,USD_JPY
2024-10-01,put,143.88489208633092,2024-10-01 08:11:00,143.91,-0.0009380863039398779,break,-0.0010423181154889383,break,-0.0005142102703077356,break,,,grid,-1.0,USD_JPY
2024-10-01,put,143.88489208633092,2024-10-01 13:27:00,143.905,-0.004092978006323578,break,-0.004496021680970075,break,-0.0029602862999894564,break,,,grid,-1.0,USD_JPY
2024-10-02,put,143.88489208633092,2024-10-02 02:14:00,143.9,0.00023627519110491768,reject,0.00018068102849189138,reject,-0.0012230715774844692,break,,,grid,-1.0,USD_JPY
2024-10-02,put,143.88489208633092,2024-10-02 02:26:00,143.907,0.0003960891409033884,reject,0.0003474466148274402,reject,-0.0002849062241586653,break,,,grid,-1.0,USD_JPY
2024-10-02,put,143.88489208633092,2024-10-02 03:02:00,143.897,0.00013203888892743265,reject,0.0014246301173757026,reject,0.00079223333356504,reject,,,grid,-1.0,USD_JPY
2024-10-02,put,143.88489208633092,2024-10-02 03:12:00,143.902,0.00044474711956765667,reject,0.0007713582855000123,reject,0.0007366124167837995,reject,,,grid,-1.0,USD_JPY
2024-10-02,put,143.88489208633092,2024-10-02 03:15:00,143.93,0.00031959980546103495,reject,0.0005349822830542639,reject,0.0007503647606474928,reject,,,grid,-1.0,USD_JPY
2024-10-02,put,143.88489208633092,2024-10-02 04:29:00,143.906,-0.00027795922338191836,break,-0.001653857379122492,break,0.0013481022334023152,reject,,,grid,-1.0,USD_JPY
2024-10-02,put,143.88489208633092,2024-10-02 06:36:00,143.928,-0.00011116669445832006,reject,0.0013062086598856215,reject,0.00422433438941705,reject,,,grid,-1.0,USD_JPY
2024-10-02,put,143.88489208633092,2024-10-02 06:45:00,143.918,0.00020150363401372218,reject,0.001750997095568252,reject,0.005447546519545821,reject,,,grid,-1.0,USD_JPY
2024-10-02,put,143.88489208633092,2024-10-02 06:57:00,143.891,0.000813115483247806,reject,0.0012995948321994355,reject,0.006108790681835785,reject,,,grid,-1.0,USD_JPY
2024-11-06,put,152.67175572519085,2024-11-06 00:47:00,152.627,0.0016838436187567307,reject,0.0014610783151078888,reject,0.006755030237113768,reject,,,grid,-1.0,USD_JPY
2024-11-06,put,152.67175572519085,2024-11-06 01:16:00,152.66,0.0020699593868727106,reject,0.004022009694746531,reject,0.0047556661862964145,reject,,,grid,-1.0,USD_JPY
2024-11-08,put,152.67175572519085,2024-11-08 04:14:00,152.702,-0.00017026627025196195,reject,0.0004256656756296273,reject,-0.000536993621563564,break,,,grid,-1.0,USD_JPY
2024-11-08,put,152.67175572519085,2024-11-08 06:42:00,152.728,0.00011130899376676773,reject,0.000942852653082582,reject,-0.0031624849405479383,break,,,grid,-1.0,USD_JPY
2024-11-08,put,152.67175572519085,2024-11-08 07:10:00,152.717,0.000242278200855095,reject,-0.00017679760602951067,reject,-0.003136520492152184,break,,,grid,-1.0,USD_JPY
2024-11-08,put,152.67175572519085,2024-11-08 07:12:00,152.696,0.0008513648032693055,reject,-0.0003339969612824456,break,-0.003156598732121374,break,,,grid,-1.0,USD_JPY
2024-11-08,put,152.67175572519085,2024-11-08 07:22:00,152.708,0.0006155538675118866,reject,-0.0005566178589203608,break,-0.0030712208921601647,break,,,grid,-1.0,USD_JPY
2024-11-08,put,152.67175572519085,2024-11-08 07:50:00,152.688,-0.0004977470397149464,break,-0.0012050717803625544,break,-0.0021088756156343313,break,,,grid,-1.0,USD_JPY
2024-11-08,put,152.67175572519085,2024-11-08 07:58:00,152.642,-0.0004716919327577562,break,-0.0018605626236553041,break,-0.0013626655835222712,break,,,grid,-1.0,USD_JPY
2024-11-08,put,152.67175572519085,2024-11-08 08:10:00,152.69,-0.0002750671294780016,break,-0.0017944855589756559,break,-0.0015063199947605854,break,,,grid,-1.0,USD_JPY
2024-11-08,put,152.67175572519085,2024-11-08 13:35:00,152.696,1.3097920050331169e-05,reject,-0.0007531304028920438,break,-0.0002488604809557371,break,,,grid,-1.0,USD_JPY
2024-11-08,put,152.67175572519085,2024-11-08 13:37:00,152.686,0.0,reject,-0.0005501486711290138,break,0.00026197555768048275,reject,,,grid,-1.0,USD_JPY
2024-11-08,put,152.67175572519085,2024-11-08 13:52:00,152.686,0.0003078212802745117,reject,7.859266730414483e-05,reject,-0.00014408655672437654,break,,,grid,-1.0,USD_JPY
2024-11-08,put,152.67175572519085,2024-11-08 14:05:00,152.711,0.00016370791887920788,reject,-0.0003208675210037981,break,-0.0007268631598248421,break,,,grid,-1.0,USD_JPY
2024-11-08,put,152.67175572519085,2024-11-08 14:26:00,152.638,-0.0001441318675559078,break,-0.0013102897050538687,break,0.0001441318675559078,break,,,grid,-1.0,USD_JPY
2024-11-08,put,152.67175572519085,2024-11-08 15:03:00,152.684,-0.0012574991485683196,break,-0.0009889706845511714,break,0.0002488800398208202,reject,,,grid,-1.0,USD_JPY
2024-11-08,put,152.67175572519085,2024-11-08 17:14:00,152.684,-2.619789892843727e-05,reject,-0.00043226533232032516,break,-0.0011527075528541264,break,,,grid,-1.0,USD_JPY
2024-11-08,put,152.67175572519085,2024-11-08 17:26:00,152.685,0.00031437272816581263,reject,-0.00016373579591977272,break,-0.0014736221632772883,break,,,grid,-1.0,USD_JPY
2024-11-08,put,152.67175572519085,2024-11-08 17:38:00,152.707,-0.00026848801954071355,break,0.00014406674219258342,reject,-0.0010346611484738366,break,,,grid,-1.0,USD_JPY
2024-11-08,put,152.67175572519085,2024-11-08 17:48:00,152.69,-0.00024887026000397494,break,0.0006942170410635384,reject,-0.0005370358242189344,break,,,grid,-1.0,USD_JPY
2024-11-08,put,152.67175572519085,2024-11-08 18:59:00,152.696,0.0002357625609052949,reject,-0.00011788128045264745,reject,,,,,grid,-1.0,USD_JPY
2024-11-08,put,152.67175572519085,2024-11-08 19:55:00,152.698,0.0002946993411832022,reject,-0.0009037446462953902,break,,,,,grid,-1.0,USD_JPY
2024-11-08,put,152.67175572519085,2024-11-08 20:20:00,152.694,-0.0003667465650253332,break,-0.0016307124052025168,break,,,,,grid,-1.0,USD_JPY
2024-12-19,put,157.4803149606299,2024-12-19 19:03:00,157.476,-0.00019050521984298463,break,-0.0005207142675709431,break,0.0003365592217225988,reject,,,grid,-1.0,USD_JPY
2024-12-19,put,157.4803149606299,2024-12-19 23:11:00,157.498,1.2698573950142844e-05,reject,,,,,,,grid,-1.0,USD_JPY
2024-12-19,put,157.4803149606299,2024-12-19 23:37:00,157.504,0.0010031491263715608,reject,,,,,,,grid,-1.0,USD_JPY
2024-12-19,put,157.4803149606299,2024-12-19 23:44:00,157.506,0.0009396467436160183,reject,,,,,,,grid,-1.0,USD_JPY
2024-12-20,put,157.4803149606299,2024-12-20 01:08:00,157.386,-0.0006862109717510334,break,-0.0006099653082231038,break,-0.0009276555729225144,break,,,grid,-1.0,USD_JPY
2025-05-14,put,145.98540145985402,2025-05-14 09:14:00,146.02,-0.0012053143405014177,break,-0.0011642240788933833,break,0.0019860293110531835,reject,,,grid,-1.0,USD_JPY
2025-05-14,put,145.98540145985402,2025-05-14 09:20:00,145.968,-0.00045215389674446715,break,-0.00020552449852018206,break,0.0018017647703607587,reject,,,grid,-1.0,USD_JPY
2025-05-14,put,145.98540145985402,2025-05-14 10:40:00,145.973,-0.0006439547039522875,break,0.0,break,0.0014865762846552055,reject,,,grid,-1.0,USD_JPY
2025-05-14,put,145.98540145985402,2025-05-14 11:11:00,146.037,-4.793305806061188e-05,reject,0.0014859247998793013,reject,0.0023761101638624105,reject,,,grid,-1.0,USD_JPY
2025-05-14,put,145.98540145985402,2025-05-14 11:13:00,146.045,0.00015063850183172356,reject,0.001472148995172784,reject,0.002752576260741657,reject,,,grid,-1.0,USD_JPY
2025-05-14,put,145.98540145985402,2025-05-14 11:40:00,145.973,0.001034437875497396,reject,0.0010481390394112555,reject,0.003473245052167062,reject,,,grid,-1.0,USD_JPY
2025-05-14,put,145.98540145985402,2025-05-14 13:30:00,145.978,-0.0007398375097618093,break,0.0014933757141486481,reject,0.003486826782117758,reject,,,grid,-1.0,USD_JPY
2025-05-14,put,145.98540145985402,2025-05-14 13:35:00,146.021,-0.0016093575581593855,break,0.0013970593270831166,reject,0.003403620027256471,reject,,,grid,-1.0,USD_JPY
2025-05-14,put,145.98540145985402,2025-05-14 13:38:00,145.978,-0.000979599665703046,break,0.0015070764087738997,reject,0.004123909082190513,reject,,,grid,-1.0,USD_JPY
2025-05-14,put,145.98540145985402,2025-05-14 14:06:00,146.047,0.0010544550726820923,reject,0.0018076372674551422,reject,0.004430080727436891,reject,,,grid,-1.0,USD_JPY
2025-05-15,put,145.98540145985402,2025-05-15 03:29:00,146.005,8.903804664228687e-05,reject,0.0004314920721895099,reject,-0.0015615903564947242,break,,,grid,-1.0,USD_JPY
2025-05-15,put,145.98540145985402,2025-05-15 03:36:00,145.992,0.0007534659433394708,reject,0.00027398761575980757,reject,-0.0014795331251026278,break,,,grid,-1.0,USD_JPY
2025-05-15,put,145.98540145985402,2025-05-15 04:04:00,146.022,0.0003561107230418692,reject,0.0003081727410938484,reject,-0.0009176699401458599,break,,,grid,-1.0,USD_JPY
2025-05-15,put,145.98540145985402,2025-05-15 04:09:00,146.017,0.00036297143483299266,reject,-0.00022600108206571878,break,-0.0012669757630960898,break,,,grid,-1.0,USD_JPY
2025-05-15,put,145.98540145985402,2025-05-15 05:08:00,146.012,-0.0003424376078678959,break,0.000499958907486997,reject,-0.0008150015067254213,break,,,grid,-1.0,USD_JPY
2025-05-15,put,145.98540145985402,2025-05-15 05:47:00,145.999,0.0003630161850423086,reject,-0.0028561839464653627,break,-0.0009931574873799365,break,,,grid,-1.0,USD_JPY
2025-05-15,put,145.98540145985402,2025-05-15 05:51:00,146.014,0.000123275850260951,reject,-0.0032805073486105174,break,-0.0009451148520005503,break,,,grid,-1.0,USD_JPY
2025-05-15,put,145.98540145985402,2025-05-15 06:05:00,145.983,-0.00044525732448297273,break,-0.0014727742271360977,break,-0.0007877629587007551,break,,,grid,-1.0,USD_JPY
2025-05-15,put,145.98540145985402,2025-05-15 06:12:00,146.004,-0.00149310977781425,break,-0.0022602120489848554,break,-0.0007944987808552462,break,,,grid,-1.0,USD_JPY
2025-05-15,put,145.98540145985402,2025-05-15 06:18:00,146.002,-0.0018492897357571536,break,-0.0019451788331668052,break,-0.0008493034341996442,break,,,grid,-1.0,USD_JPY
2025-05-15,put,145.98540145985402,2025-05-15 11:36:00,145.99,-2.739913692728635e-05,reject,-0.0018014932529625272,break,-0.0018494417425851672,break,,,grid,-1.0,USD_JPY
2025-05-15,put,145.98540145985402,2025-05-15 12:03:00,146.03,-0.0006026159008422072,break,-0.0021502431007326406,break,-0.0028761213449289835,break,,,grid,-1.0,USD_JPY
2025-05-15,put,145.98540145985402,2025-05-15 12:53:00,145.99,-0.002198780738406736,break,-0.0011713131036373836,break,-0.0019795876429893333,break,,,grid,-1.0,USD_JPY
2025-05-15,put,145.98540145985402,2025-05-15 14:44:00,146.006,-0.000986260838595765,break,-0.001054751174609292,break,-0.0025204443652999675,break,,,grid,-1.0,USD_JPY
2025-05-16,put,145.98540145985402,2025-05-16 14:54:00,146.023,0.00011642001602485408,reject,-0.00019859885086592755,reject,-0.0007601542222799296,break,,,grid,-1.0,USD_JPY
2025-05-16,put,145.98540145985402,2025-05-16 15:10:00,146.002,-0.00021232585854991104,break,0.00031506417720295055,reject,-0.0008356049917125352,break,,,grid,-1.0,USD_JPY
2025-05-16,put,145.98540145985402,2025-05-16 16:14:00,146.024,-0.0004245877390018915,break,-0.00034240946693697705,break,-0.0007122116912289256,break,,,grid,-1.0,USD_JPY
2025-05-16,put,145.98540145985402,2025-05-16 16:22:00,146.036,-0.0005341148757840308,break,-5.4781012901017334e-05,reject,-0.0007806294338382758,break,,,grid,-1.0,USD_JPY
2026-03-30,put,160.0,2026-03-30 00:19:00,159.974,-0.00012502031580119422,break,-0.0003750609474039157,break,-0.0015252478527760793,break,,,grid,-1.0,USD_JPY
2026-06-11,put,160.0,2026-06-11 18:48:00,159.995,-4.375136723022699e-05,break,-0.0014562955092346508,break,-1.875058595590673e-05,break,,,grid,-1.0,USD_JPY
2026-06-11,put,160.0,2026-06-11 19:03:00,159.988,-0.0006688001600120286,break,-0.0012750956321724294,break,0.00016251218841412118,reject,,,grid,-1.0,USD_JPY
2026-06-11,put,160.0,2026-06-11 22:46:00,160.017,-0.0001187373841530226,break,0.000506196216652155,reject,,,,,grid,-1.0,USD_JPY
2026-06-12,put,160.0,2026-06-12 08:21:00,160.026,0.0007748740829613965,reject,-3.749390724006041e-05,reject,0.0010623273718020076,reject,,,grid,-1.0,USD_JPY
2026-06-12,put,160.0,2026-06-12 09:16:00,159.984,0.00016876687668765378,reject,0.0004125412541253759,reject,0.0016064106410640377,reject,,,grid,-1.0,USD_JPY
2026-06-12,put,160.0,2026-06-12 09:27:00,160.023,-0.0001624766439822789,break,0.0008436287283701827,reject,0.001218574829868091,reject,,,grid,-1.0,USD_JPY
2026-06-15,put,160.0,2026-06-15 04:47:00,160.015,0.00010624003999648579,reject,-5.6244727056786736e-05,reject,0.0007811767646783707,reject,,,grid,-1.0,USD_JPY
2026-06-15,put,160.0,2026-06-15 05:11:00,160.02,6.249218847642624e-05,reject,0.0003124609423821312,reject,0.0004999375078114099,reject,,,grid,-1.0,USD_JPY
2026-06-30,put,162.60162601626013,2026-06-30 15:48:00,162.628,8.608603684479021e-05,reject,-7.993703421294018e-05,reject,-0.00014142706053077436,reject,,,grid,-1.0,USD_JPY
2026-06-30,put,162.60162601626013,2026-06-30 16:29:00,162.624,-4.304407713506819e-05,reject,-0.0001967729240455185,break,-0.0002521153089334316,break,,,grid,-1.0,USD_JPY
2026-06-30,put,162.60162601626013,2026-06-30 17:03:00,162.62,-2.4597220514066542e-05,reject,-0.00014143401795596588,break,-0.00023982290001234308,break,,,grid,-1.0,USD_JPY
2026-07-03,put,161.29032258064515,2026-07-03 00:54:00,161.222,4.962101946381914e-05,break,0.00014886305839145741,break,-0.00018607882298937728,break,,,grid,-1.0,USD_JPY
2026-07-03,put,161.29032258064515,2026-07-03 15:08:00,161.314,1.8597269920928028e-05,reject,8.678725963040534e-05,reject,0.00028515813878526863,reject,,,grid,-1.0,USD_JPY
2026-07-03,put,161.29032258064515,2026-07-03 17:00:00,161.325,8.058267472499381e-05,reject,-0.00017356268402290986,reject,,,,,grid,-1.0,USD_JPY
2026-07-03,put,161.29032258064515,2026-07-03 17:37:00,161.298,-1.2399409788144133e-05,reject,0.00014879291745706347,reject,,,,,grid,-1.0,USD_JPY
2026-07-21,put,162.60162601626013,2026-07-21 09:17:00,162.634,0.0002090583764773335,reject,0.0002459510311498825,reject,0.0008977212636964715,reject,,,grid,-1.0,USD_JPY
2026-07-30,put,162.60162601626013,2026-07-30 10:16:00,162.592,0.0011931706357015681,reject,0.001248523912615429,reject,-0.02473676441645356,break,,,grid,-1.0,USD_JPY
2026-07-30,put,162.60162601626013,2026-07-30 13:35:00,162.611,-0.00940280792812287,break,-0.020619761270762593,break,-0.017169810160444277,break,,,grid,-1.0,USD_JPY
2026-08-28,put,160.0,2026-08-28 15:47:00,160.029,-0.0003936786457453545,break,0.0009810721806673417,reject,0.0003311899718176914,reject,,,grid,-1.0,USD_JPY
2026-08-31,put,160.0,2026-08-31 00:03:00,160.02,-0.0001749781277341489,break,-0.00047494063242103923,break,-0.0015248093988251554,break,,,grid,-1.0,USD_JPY
2026-08-31,put,160.0,2026-08-31 00:33:00,160.014,0.00016873523566673931,reject,-0.0010249103203470167,break,-0.0012811379004338264,break,,,grid,-1.0,USD_JPY
2026-09-01,put,160.0,2026-09-01 10:10:00,160.022,-0.00013748109634914574,reject,0.0006624089187736715,reject,-4.9993125945113626e-05,reject,,,grid,-1.0,USD_JPY
2026-09-01,put,160.0,2026-09-01 11:21:00,160.13,-0.0003746955598575852,reject,0.00014363329794542246,reject,-0.00043714481983381237,reject,,,grid,-1.0,USD_JPY
2026-09-01,put,160.0,2026-09-01 14:00:00,160.064,-0.0004998000799678604,break,1.8742502998936317e-05,reject,0.0011370451819272542,reject,,,grid,-1.0,USD_JPY
2026-09-01,put,160.0,2026-09-01 14:07:00,160.0,-0.0004750000000000032,break,0.00029999999999996696,reject,0.0014125000000000387,reject,,,grid,-1.0,USD_JPY
2026-09-01,put,160.0,2026-09-01 15:45:00,160.023,0.0,reject,0.0006811520843879038,reject,0.001381051473850592,reject,,,grid,-1.0,USD_JPY
2026-09-01,put,160.0,2026-09-01 16:00:00,160.023,0.00028120957612354225,reject,0.0008936215419033111,reject,0.001381051473850592,reject,,,grid,-1.0,USD_JPY
2026-09-02,put,160.0,2026-09-02 05:13:00,160.053,-0.00019993377193816553,reject,-0.0030927255346666627,break,-0.0013245612390895278,break,,,grid,-1.0,USD_JPY
2026-09-02,put,160.0,2026-09-02 05:28:00,160.021,-0.0004374425856605857,break,-0.0028121309078182888,break,-0.0010311146661999837,break,,,grid,-1.0,USD_JPY
2021-01-11,put,104.16666666666667,2021-01-11 12:37:00,104.188,-0.0001535685491611538,reject,0.0008062348830959465,reject,0.0001535685491611538,reject,,,grid,1.0,USD_JPY
2021-01-11,put,104.16666666666667,2021-01-11 16:42:00,104.19,-0.00034552260293696513,break,-0.00021115270179472567,reject,-0.0006622516556291647,break,,,grid,1.0,USD_JPY
2021-01-11,put,104.16666666666667,2021-01-11 22:23:00,104.196,0.0002495297324274226,reject,-0.0005182540596567753,break,,,,,grid,1.0,USD_JPY
2021-01-11,put,104.16666666666667,2021-01-11 23:16:00,104.179,6.719204446192784e-05,reject,,,,,,,grid,1.0,USD_JPY
2021-01-12,put,104.16666666666667,2021-01-12 06:43:00,104.189,-0.0003071341504381486,break,-0.00062386624307742,break,0.0002591444394322018,reject,,,grid,1.0,USD_JPY
2021-01-12,put,104.16666666666667,2021-01-12 08:39:00,104.192,0.00044149262899262354,reject,3.8390663390730495e-05,reject,0.00040310196560189304,reject,,,grid,1.0,USD_JPY
2021-01-12,put,104.16666666666667,2021-01-12 09:20:00,104.182,0.00015357739340760013,reject,0.00014397880631977777,reject,0.0005567180511028003,reject,,,grid,1.0,USD_JPY
2021-01-12,put,104.16666666666667,2021-01-12 10:44:00,104.192,0.000633445945946054,reject,1.919533169547627e-05,reject,0.0006910319410320387,reject,,,grid,1.0,USD_JPY
2021-01-12,put,104.16666666666667,2021-01-12 11:34:00,104.189,3.839176880471307e-05,reject,0.0003935156302490306,reject,6.71855954084144e-05,reject,,,grid,1.0,USD_JPY
2021-01-12,put,104.16666666666667,2021-01-12 12:25:00,104.183,0.00041273528310759033,reject,0.0007006901317871961,reject,-8.638645460390393e-05,reject,,,grid,1.0,USD_JPY
2021-01-12,put,104.16666666666667,2021-01-12 14:32:00,104.174,0.0007487472881908541,reject,0.0002783804020196623,reject,-0.0025918175360455376,break,,,grid,1.0,USD_JPY
2021-01-12,put,104.16666666666667,2021-01-12 15:26:00,104.206,0.0001823311517570314,reject,-0.0002591021630232726,reject,-0.0033203462372608517,break,,,grid,1.0,USD_JPY
2021-01-12,put,104.16666666666667,2021-01-12 15:35:00,104.193,0.00039350052306774685,reject,-0.00023993934333388367,reject,-0.0036374804449436082,break,,,grid,1.0,USD_JPY
2021-01-12,put,104.16666666666667,2021-01-12 15:55:00,104.173,0.00035517840515297827,reject,-0.00028798249066452897,break,-0.003503786969752176,break,,,grid,1.0,USD_JPY
2021-01-28,put,104.16666666666667,2021-01-28 19:43:00,104.189,0.00035512386144409547,reject,0.0004894950522609243,reject,0.000998185988924094,reject,,,grid,1.0,USD_JPY
2021-02-08,put,105.26315789473685,2021-02-08 15:28:00,105.247,-0.0005605860499586779,break,-0.0002660408372685552,break,-0.00016152479405584508,break,,,grid,1.0,USD_JPY
2021-02-24,put,105.82010582010582,2021-02-24 17:37:00,105.842,0.0002456491751856582,reject,0.000680259254360216,reject,3.779218079791313e-05,reject,,,grid,1.0,USD_JPY
2021-02-24,put,105.82010582010582,2021-02-24 21:38:00,105.846,-6.613381705500299e-05,reject,0.0005101751601384041,reject,,,,,grid,1.0,USD_JPY
2021-03-05,put,108.10810810810811,2021-03-05 06:22:00,108.13,0.00026819569037273006,reject,0.00142421159715167,reject,0.0033478220660316804,reject,,,grid,1.0,USD_JPY
2021-03-05,put,108.10810810810811,2021-03-05 15:27:00,108.127,0.0008138577783534107,reject,0.0010265706067864588,reject,0.00191441545589921,reject,,,grid,1.0,USD_JPY
2021-03-05,put,108.10810810810811,2021-03-05 15:33:00,108.146,-0.0003143898063728834,reject,0.00105413052725023,reject,0.0017014036580178526,reject,,,grid,1.0,USD_JPY
2021-03-05,put,108.10810810810811,2021-03-05 15:47:00,108.125,0.0014982658959539208,reject,0.0013225433526011798,reject,0.0017572254335260773,reject,,,grid,1.0,USD_JPY
2021-03-05,put,108.10810810810811,2021-03-05 15:54:00,108.131,0.0014057023425289028,reject,0.0013964543008018193,reject,0.0016738955526167665,reject,,,grid,1.0,USD_JPY
2021-03-30,put,109.89010989010988,2021-03-30 01:39:00,109.901,-0.00013648647419040039,break,0.0001000900810730343,reject,0.0004640540122473613,reject,,,grid,1.0,USD_JPY
2021-04-06,put,109.89010989010988,2021-04-06 12:47:00,109.944,-0.00014552863275851813,reject,-0.00105508258749909,break,-0.0006366877683184891,break,,,grid,1.0,USD_JPY
2021-04-06,put,109.89010989010988,2021-04-06 13:10:00,109.916,-0.0010371556461297171,break,-0.0010462535026747322,break,-0.0002638378398048813,break,,,grid,1.0,USD_JPY
2021-04-09,put,109.89010989010988,2021-04-09 12:57:00,109.898,0.0002456823600065494,reject,-0.0013831006933702206,break,-0.0024022275200640264,break,,,grid,1.0,USD_JPY
2021-04-09,put,109.89010989010988,2021-04-09 13:10:00,109.926,-0.0009642850644979717,break,-0.001855793897713065,break,-0.002638138384003841,break,,,grid,1.0,USD_JPY
2021-04-09,put,109.89010989010988,2021-04-09 13:17:00,109.904,-0.00107366428883382,break,-0.0022747124763430326,break,-0.002702358421895479,break,,,grid,1.0,USD_JPY
2021-06-17,put,110.49723756906079,2021-06-17 12:54:00,110.52,-0.0006967064784654253,break,-0.000868621064060715,break,-0.00219869706840381,break,,,grid,1.0,USD_JPY
2021-06-25,put,110.49723756906079,2021-06-25 12:34:00,110.528,0.000343804284887117,reject,5.428488708747459e-05,reject,0.002551389693109307,reject,,,grid,1.0,USD_JPY
2021-06-25,put,110.49723756906079,2021-06-25 13:01:00,110.522,-0.00010857566819277853,reject,0.0004704945621685219,reject,0.0028410633177105016,reject,,,grid,1.0,USD_JPY
2021-06-28,put,110.49723756906079,2021-06-28 15:37:00,110.528,0.0,reject,0.0002895193977996424,reject,0.0006514186450490289,reject,,,grid,1.0,USD_JPY
2021-06-28,put,110.49723756906079,2021-06-28 15:59:00,110.516,0.00016287234427592168,reject,0.0003800354699772246,reject,0.0008505555756632699,reject,,,grid,1.0,USD_JPY
2021-06-28,put,110.49723756906079,2021-06-28 17:37:00,110.518,1.8096599648798062e-05,reject,0.00018096599648931289,reject,0.0007057673863082314,reject,,,grid,1.0,USD_JPY
2021-06-29,put,110.49723756906079,2021-06-29 00:45:00,110.52,0.00014477017734360054,reject,-7.238508867168925e-05,reject,0.0004524068041982243,reject,,,grid,1.0,USD_JPY
2021-06-29,put,110.49723756906079,2021-06-29 00:55:00,110.528,-0.0006333236826867594,break,-0.0002714244354371509,reject,0.0003618992472493865,reject,,,grid,1.0,USD_JPY
2021-06-29,put,110.49723756906079,2021-06-29 10:09:00,110.514,0.000488625875454618,reject,0.0005157717574244547,reject,0.000325750583636486,reject,,,grid,1.0,USD_JPY
2021-06-29,put,110.49723756906079,2021-06-29 13:45:00,110.52,0.0009410061527326263,reject,-9.952949692360047e-05,reject,0.00017191458559540074,reject,,,grid,1.0,USD_JPY
2021-06-29,put,110.49723756906079,2021-06-29 14:14:00,110.498,-0.00030769787688467165,break,-5.42996253325434e-05,break,6.334956288789328e-05,reject,,,grid,1.0,USD_JPY
2021-06-29,put,110.49723756906079,2021-06-29 21:04:00,110.513,0.0004252893324767637,reject,0.00015382805642771835,reject,,,,,grid,1.0,USD_JPY
2021-06-29,put,110.49723756906079,2021-06-29 21:24:00,110.54,0.00013569748507324952,reject,0.0,reject,,,,,grid,1.0,USD_JPY
2021-06-29,put,110.49723756906079,2021-06-29 22:32:00,110.517,-4.524190848465004e-05,reject,0.0003166933593927723,reject,,,,,grid,1.0,USD_JPY
2021-06-30,put,110.49723756906079,2021-06-30 01:11:00,110.48,0.0003077480086892681,reject,-0.000108616944243356,break,0.0,break,,,grid,1.0,USD_JPY
2021-06-30,put,110.49723756906079,2021-06-30 07:10:00,110.512,-9.953670189655206e-05,reject,0.00027146373244546496,reject,-0.00018097582163023596,break,,,grid,1.0,USD_JPY
2021-06-30,put,110.49723756906079,2021-06-30 07:47:00,110.53,0.00010856780964441093,reject,-0.0004523658735184899,break,9.04731747037868e-05,reject,,,grid,1.0,USD_JPY
2021-06-30,put,110.49723756906079,2021-06-30 08:11:00,110.526,-0.0003619057959212135,break,-0.00019904818775662303,reject,0.0006242874979642821,reject,,,grid,1.0,USD_JPY
2021-06-30,put,110.49723756906079,2021-06-30 08:18:00,110.51,-0.0003710071486744404,break,-0.00012668536784010698,break,0.00030766446475416487,reject,,,grid,1.0,USD_JPY
2021-06-30,put,110.49723756906079,2021-06-30 12:15:00,110.53,0.0011399620012666478,reject,0.001519949335022197,reject,0.004306523115896077,reject,,,grid,1.0,USD_JPY
2021-09-28,put,111.11111111111111,2021-09-28 05:04:00,111.127,0.000332952387808616,reject,0.0008188828997455211,reject,0.0018627336290910623,reject,,,grid,1.0,USD_JPY
2021-10-01,put,111.11111111111111,2021-10-01 04:05:00,111.129,0.0003329463956303069,reject,6.298985863262274e-05,reject,0.000818868162225872,reject,,,grid,1.0,USD_JPY
2021-10-01,put,111.11111111111111,2021-10-01 06:24:00,111.137,0.00021594968372373735,reject,0.0007468259895444529,reject,-0.00040490565698192427,break,,,grid,1.0,USD_JPY
2021-10-01,put,111.11111111111111,2021-10-01 06:48:00,111.12,-0.0004049676025917881,break,0.00048596112311027895,reject,0.0003959683225340793,reject,,,grid,1.0,USD_JPY
2021-10-01,put,111.11111111111111,2021-10-01 08:27:00,111.136,0.0,reject,-0.0002519435646414214,break,0.0005938669737979296,reject,,,grid,1.0,USD_JPY
2021-10-01,put,111.11111111111111,2021-10-01 08:38:00,111.138,-0.0002609368532815459,break,-0.0001979520955929237,reject,-0.000566862819197822,break,,,grid,1.0,USD_JPY
2021-10-01,put,111.11111111111111,2021-10-01 08:49:00,111.125,8.098987626548038e-05,reject,-0.00024296962879644113,break,-0.0012148481439820946,break,,,grid,1.0,USD_JPY
2021-10-01,put,111.11111111111111,2021-10-01 11:06:00,111.122,0.0006479365022227235,reject,1.799823617276708e-05,reject,-0.001016900343766336,break,,,grid,1.0,USD_JPY
2021-10-01,put,111.11111111111111,2021-10-01 12:06:00,111.124,0.0005129404989021591,reject,-0.0003419603326013654,break,-0.0014308340232532801,break,,,grid,1.0,USD_JPY
2021-10-01,put,111.11111111111111,2021-10-01 12:30:00,111.132,-0.000791851131987209,break,-0.0006118849656265857,break,-0.0015117157974301465,break,,,grid,1.0,USD_JPY
2021-10-04,put,111.11111111111111,2021-10-04 07:39:00,111.131,0.0002789500679378776,reject,0.0008008566466601863,reject,0.0007198711430653759,reject,,,grid,1.0,USD_JPY
2021-10-04,put,111.11111111111111,2021-10-04 08:06:00,111.138,3.5991290107784124e-05,reject,0.0006388453994132792,reject,-0.0004948802389822538,break,,,grid,1.0,USD_JPY
2021-10-04,put,111.11111111111111,2021-10-04 11:46:00,111.131,-0.0002519549000729038,break,-0.001547722957590536,break,-0.002222602154214437,break,,,grid,1.0,USD_JPY
2021-10-04,put,111.11111111111111,2021-10-04 14:04:00,111.125,-0.0004049493813274019,break,-0.002429696287963967,break,-0.0020337457817772853,break,,,grid,1.0,USD_JPY
2021-10-05,put,111.11111111111111,2021-10-05 06:12:00,111.133,0.0004319149127622879,reject,0.0010347961451595555,reject,0.0005128989589051614,reject,,,grid,1.0,USD_JPY
2021-10-05,put,111.11111111111111,2021-10-05 07:00:00,111.179,0.0004227417048183746,reject,-0.0008724669227102577,break,0.00033279666123986473,reject,,,grid,1.0,USD_JPY
2021-10-05,put,111.11111111111111,2021-10-05 07:45:00,111.122,-0.00035996472345711794,break,0.0005939417937042002,reject,0.001313871240618436,reject,,,grid,1.0,USD_JPY
2021-10-05,put,111.11111111111111,2021-10-05 09:24:00,111.13,1.799694052029288e-05,reject,0.0004859173940430228,reject,0.0019256726356520204,reject,,,grid,1.0,USD_JPY
2021-12-22,put,114.28571428571429,2021-12-22 15:48:00,114.311,-0.0006298606433327025,break,-0.0008135699976380417,break,-0.000918546771526807,break,,,grid,1.0,USD_JPY
2021-12-23,put,114.28571428571429,2021-12-23 09:11:00,114.31,-0.00027994051264101927,break,-1.7496282040063704e-05,reject,0.0007523401277227393,reject,,,grid,1.0,USD_JPY
2021-12-23,put,114.28571428571429,2021-12-23 13:33:00,114.304,0.00027995520716683764,reject,0.0006211506159015112,reject,0.0008748600223964509,reject,,,grid,1.0,USD_JPY
2021-12-23,put,114.28571428571429,2021-12-23 13:42:00,114.309,-8.748217550669235e-05,reject,0.0008310806673139659,reject,0.0009972968007769811,reject,,,grid,1.0,USD_JPY
2021-12-23,put,114.28571428571429,2021-12-23 13:56:00,114.298,0.00032371520061591497,reject,0.0008311606502300339,reject,0.0010848833750372044,reject,,,grid,1.0,USD_JPY
2021-12-23,put,114.28571428571429,2021-12-23 14:19:00,114.306,0.0007523664549542453,reject,0.0007961086907075643,reject,0.0011897888124856593,reject,,,grid,1.0,USD_JPY
2022-01-11,put,115.60693641618498,2022-01-11 14:21:00,115.642,-0.00045831099427540156,break,-0.0010722747790594678,break,-0.0020321336538627888,break,,,grid,1.0,USD_JPY
2022-01-28,put,115.60693641618498,2022-01-28 07:57:00,115.628,0.00012107793959947877,reject,-0.0009513266682810162,break,1.729684851414781e-05,reject,,,grid,1.0,USD_JPY
2022-01-28,put,115.60693641618498,2022-01-28 08:11:00,115.626,-0.00038918582325775386,break,-0.0010032345666199927,break,0.00019026862470372663,reject,,,grid,1.0,USD_JPY
2022-01-28,put,115.60693641618498,2022-01-28 12:17:00,115.63,-0.00014702066937644087,reject,-0.000812937818905124,break,-0.004012799446510451,break,,,grid,1.0,USD_JPY
2022-01-28,put,115.60693641618498,2022-01-28 13:07:00,115.632,-0.0005621281306213977,break,-0.002326345648263506,break,-0.003658156911581556,break,,,grid,1.0,USD_JPY
2022-03-11,put,116.95906432748538,2022-03-11 09:16:00,116.972,0.0002992169066102779,reject,-0.00043600177820324326,break,-0.0008207092295591245,break,,,grid,1.0,USD_JPY
2022-03-11,put,116.95906432748538,2022-03-11 09:48:00,116.97,-0.0007181328545781129,break,-0.0009404120714713304,break,-0.0004531076344361784,break,,,grid,1.0,USD_JPY
2022-03-29,put,122.6993865030675,2022-03-29 12:41:00,122.608,0.0007911392405062223,reject,0.0005383009265300664,break,-0.0003099308364871156,break,,,grid,1.0,USD_JPY
2022-03-29,put,122.6993865030675,2022-03-29 12:53:00,122.713,0.001931335718302174,reject,-0.0025751142910692693,break,-0.0006356294769094273,break,,,grid,1.0,USD_JPY
2022-03-29,put,122.6993865030675,2022-03-29 12:55:00,122.68,0.0024861428105640293,reject,-0.0033827844799478868,break,-0.0004238669709815124,break,,,grid,1.0,USD_JPY
2022-03-29,put,122.6993865030675,2022-03-29 13:20:00,122.682,-0.0003260462007467213,break,-0.002054091064703778,break,4.890693011194713e-05,break,,,grid,1.0,USD_JPY
2022-03-29,put,122.6993865030675,2022-03-29 13:25:00,122.717,-0.0004155903420064444,break,-0.0021431423519153725,break,8.148830235477078e-06,reject,,,grid,1.0,USD_JPY
2022-03-29,put,122.6993865030675,2022-03-29 13:33:00,122.702,-0.0003259930563478397,break,-0.0010513276067219968,break,0.0006275366334695942,reject,,,grid,1.0,USD_JPY
2022-03-29,put,122.6993865030675,2022-03-29 15:19:00,122.758,-0.00019550660649403362,reject,-0.0006028120366901035,break,0.001026409684093954,reject,,,grid,1.0,USD_JPY
2022-03-29,put,122.6993865030675,2022-03-29 15:27:00,122.718,-3.25950553301535e-05,reject,-0.0003585456086311334,break,0.001336397268534295,reject,,,grid,1.0,USD_JPY
2022-03-30,put,122.6993865030675,2022-03-30 00:15:00,122.676,0.0012716423750365191,reject,-0.004760507352701504,break,-0.007466823176497384,break,,,grid,1.0,USD_JPY
2022-03-30,put,122.6993865030675,2022-03-30 00:49:00,122.735,-0.002550209801605141,break,-0.0027783435857742234,break,-0.007960239540473424,break,,,grid,1.0,USD_JPY
2022-04-01,put,122.6993865030675,2022-04-01 08:18:00,122.724,-0.0014178155861934716,break,-0.0024526579968058293,break,-0.0018252338580880823,break,,,grid,1.0,USD_JPY
2022-04-01,put,122.6993865030675,2022-04-01 12:40:00,122.734,0.0005296005996708875,reject,0.0013362230514772921,reject,-0.0015480632913454917,break,,,grid,1.0,USD_JPY
2022-04-01,put,122.6993865030675,2022-04-01 12:46:00,122.721,0.0003259425852135678,reject,0.001686752878480302,reject,-0.001328216034745422,break,,,grid,1.0,USD_JPY
2022-04-01,put,122.6993865030675,2022-04-01 13:04:00,122.687,0.0009210429792887442,reject,0.0018257843129263485,reject,-0.0014263939944737514,break,,,grid,1.0,USD_JPY
2022-04-01,put,122.6993865030675,2022-04-01 15:42:00,122.686,-0.0010270120470143862,break,-0.0010270120470143862,break,-0.0015160654027355225,break,,,grid,1.0,USD_JPY
2022-04-04,put,122.6993865030675,2022-04-04 04:06:00,122.708,-0.000423770251328337,break,-0.0009942302050396368,break,-0.0009127359259379908,break,,,grid,1.0,USD_JPY
2022-04-04,put,122.6993865030675,2022-04-04 06:13:00,122.725,2.4444897127828824e-05,reject,-0.0014422489305356834,break,-0.0007903850071296903,break,,,grid,1.0,USD_JPY
2022-04-04,put,122.6993865030675,2022-04-04 10:50:00,122.717,0.000366697360593804,reject,0.0005622692862439216,reject,0.0003096555489459085,reject,,,grid,1.0,USD_JPY
2022-04-04,put,122.6993865030675,2022-04-04 11:24:00,122.72,0.000179269882659705,reject,-8.96349413298525e-05,reject,0.00022816166883976585,reject,,,grid,1.0,USD_JPY
2022-04-04,put,122.6993865030675,2022-04-04 11:35:00,122.719,0.0005459627278581181,reject,-0.00023631222549069797,break,-0.00013852785632217923,reject,,,grid,1.0,USD_JPY
2022-04-04,put,122.6993865030675,2022-04-04 12:04:00,122.717,0.00025261373729801306,reject,-0.00022816724659180387,break,0.00015482777447295426,reject,,,grid,1.0,USD_JPY
2022-04-04,put,122.6993865030675,2022-04-04 13:39:00,122.712,0.00011408827172565417,reject,0.0012223743399177867,reject,0.0003748614642413717,reject,,,grid,1.0,USD_JPY
2022-04-04,put,122.6993865030675,2022-04-04 14:47:00,122.731,-0.0002362891201082018,reject,1.62958013869563e-05,reject,0.00048072614090988175,reject,,,grid,1.0,USD_JPY
2022-04-04,put,122.6993865030675,2022-04-04 14:53:00,122.722,0.0002770489398804532,reject,-3.259399292698806e-05,reject,0.00045631590097960917,reject,,,grid,1.0,USD_JPY
2022-04-04,put,122.6993865030675,2022-04-04 15:12:00,122.72,4.88917861798388e-05,reject,0.0002933507170794769,reject,0.0004237288135593431,reject,,,grid,1.0,USD_JPY
2022-04-04,put,122.6993865030675,2022-04-04 15:27:00,122.726,-0.00013037172237351236,reject,0.0003992633997687012,reject,0.0005051904241970551,reject,,,grid,1.0,USD_JPY
2022-04-04,put,122.6993865030675,2022-04-04 17:05:00,122.724,0.00016296730875775545,reject,0.0005133470225873182,reject,0.0004237150027703862,reject,,,grid,1.0,USD_JPY
2022-04-05,put,122.6993865030675,2022-04-05 00:02:00,122.716,0.0006356139378729253,reject,-0.0015645881547637908,break,-0.0015645881547637908,break,,,grid,1.0,USD_JPY
2022-04-05,put,122.6993865030675,2022-04-05 00:37:00,122.73,-0.001238490996496422,break,-0.001303674733154181,break,-0.0015318178114560599,break,,,grid,1.0,USD_JPY
2022-04-05,put,122.6993865030675,2022-04-05 07:22:00,122.738,0.0006680897521549323,reject,0.0006029102641398332,reject,0.0009939871922306498,reject,,,grid,1.0,USD_JPY
2022-04-05,put,122.6993865030675,2022-04-05 09:16:00,122.699,0.0006194019511163162,reject,0.0013936543900114895,reject,0.0011980537738693897,reject,,,grid,1.0,USD_JPY
2022-06-08,put,134.2281879194631,2022-06-08 12:30:00,134.236,0.0010280401680622386,reject,4.4697398611459604e-05,reject,-0.0018921898745491994,break,,,grid,1.0,USD_JPY
2022-06-08,put,134.2281879194631,2022-06-08 13:01:00,134.226,0.0007673625080089064,reject,-0.00046190752909280874,break,-0.0013708223444042211,break,,,grid,1.0,USD_JPY
2022-06-08,put,134.2281879194631,2022-06-08 13:13:00,134.248,-0.00013408020976102275,reject,-0.001430188904117613,break,-0.0010577438770037473,break,,,grid,1.0,USD_JPY
2022-06-08,put,134.2281879194631,2022-06-08 13:22:00,134.236,0.0,reject,-0.0032182127000207617,break,-0.001206829762507633,break,,,grid,1.0,USD_JPY
2022-06-08,put,134.2281879194631,2022-06-08 20:00:00,134.25,0.00020856610800734643,reject,-0.0005735567970204247,break,,,,,grid,1.0,USD_JPY
2022-06-08,put,134.2281879194631,2022-06-08 20:18:00,134.238,0.00043206841579879196,reject,-0.00019368584156509439,break,,,,,grid,1.0,USD_JPY
2022-06-08,put,134.2281879194631,2022-06-08 20:27:00,134.249,0.00023091419675380642,reject,-0.00017132343630121838,break,,,,,grid,1.0,USD_JPY
2022-06-08,put,134.2281879194631,2022-06-08 20:52:00,134.248,-0.0002085692151837515,break,-3.724450271136437e-05,reject,,,,,grid,1.0,USD_JPY
2022-06-08,put,134.2281879194631,2022-06-08 22:13:00,134.25,0.0006703910614525022,reject,0.001653631284916246,reject,,,,,grid,1.0,USD_JPY
2022-06-13,put,134.2281879194631,2022-06-13 08:44:00,134.254,0.0006107825465164751,reject,0.0016386848808973564,reject,-0.0006107825465162531,break,,,grid,1.0,USD_JPY
2022-06-13,put,134.2281879194631,2022-06-13 12:21:00,134.236,-0.001430316755564709,break,-0.0017357489794094239,break,-0.0020113829375129066,break,,,grid,1.0,USD_JPY
2022-06-13,put,134.2281879194631,2022-06-13 19:12:00,134.25,0.0015940409683425916,reject,0.0008715083798882528,reject,0.0,reject,,,grid,1.0,USD_JPY
2022-06-13,put,134.2281879194631,2022-06-13 19:17:00,134.382,0.0020389635516662175,reject,0.00023068565730532953,reject,-0.0010120403030167147,reject,,,grid,1.0,USD_JPY
2022-06-13,put,134.2281879194631,2022-06-13 23:20:00,134.222,0.00029801373843318935,reject,,,,,,,grid,1.0,USD_JPY
2022-06-13,put,134.2281879194631,2022-06-13 23:52:00,134.243,,,,,,,,,grid,1.0,USD_JPY
2022-06-14,put,134.2281879194631,2022-06-14 00:07:00,134.227,-0.0013261117360888752,break,-0.0007673567911076207,break,0.0034046801314191466,reject,,,grid,1.0,USD_JPY
2022-06-14,put,134.2281879194631,2022-06-14 01:28:00,134.239,-0.0002830771981318092,break,0.001348341391100849,reject,0.0036874529756627528,reject,,,grid,1.0,USD_JPY
2022-06-14,put,134.2281879194631,2022-06-14 02:01:00,134.25,0.0008938547486034842,reject,-1.4897579143413608e-05,reject,0.0020409683426443337,reject,,,grid,1.0,USD_JPY
2022-06-14,put,134.2281879194631,2022-06-14 02:53:00,134.25,-0.0006331471135940792,break,0.002823091247672105,reject,0.0023389199255121618,reject,,,grid,1.0,USD_JPY
2022-06-14,put,134.2281879194631,2022-06-14 03:01:00,134.248,-0.00043203623145215975,break,0.002867826708777832,reject,0.002383648173529762,reject,,,grid,1.0,USD_JPY
2022-06-14,put,134.2281879194631,2022-06-14 08:20:00,134.246,-0.00016387825335595352,break,0.00012663319577499443,reject,0.0020335801439148593,reject,,,grid,1.0,USD_JPY
2022-06-14,put,134.2281879194631,2022-06-14 09:37:00,134.252,0.00032774185859407723,reject,3.724339302202395e-05,reject,0.0016834013645978807,reject,,,grid,1.0,USD_JPY
2022-06-14,put,134.2281879194631,2022-06-14 09:47:00,134.257,-0.00017131322761565482,reject,0.00033517805403060486,reject,0.0006554593056600222,reject,,,grid,1.0,USD_JPY
2022-06-14,put,134.2281879194631,2022-06-14 09:55:00,134.242,0.00041715707453704454,reject,0.0005363448101189938,reject,0.0014004558930886812,reject,,,grid,1.0,USD_JPY
2022-06-14,put,134.2281879194631,2022-06-14 10:07:00,134.278,-0.0010351658499528904,break,0.000461728652497051,reject,0.001563919629425481,reject,,,grid,1.0,USD_JPY
2022-06-14,put,134.2281879194631,2022-06-14 10:14:00,134.229,-0.0002458485126166643,break,0.001691139768604133,reject,0.0022275365234039057,reject,,,grid,1.0,USD_JPY
2022-06-14,put,134.2281879194631,2022-06-14 10:59:00,134.228,0.0016986023780432014,reject,0.002145603003844032,reject,0.002905504067705511,reject,,,grid,1.0,USD_JPY
2022-06-14,put,134.2281879194631,2022-06-14 13:44:00,134.252,0.001348210827398999,reject,0.0023239877245775364,reject,0.004096773232428408,reject,,,grid,1.0,USD_JPY
2022-06-15,put,134.2281879194631,2022-06-15 18:00:00,134.262,0.002681324574339783,reject,-0.0016385872398743118,break,-0.0019663046878491963,break,,,grid,1.0,USD_JPY
2022-06-15,put,134.2281879194631,2022-06-15 18:38:00,134.04,-1.4920919128469379e-05,break,-0.0023873470605788594,break,0.000984780662488749,break,,,grid,1.0,USD_JPY
2022-06-16,put,134.2281879194631,2022-06-16 00:59:00,134.248,0.0012737619927301047,reject,0.0027709910017281736,reject,0.0012141707883916997,reject,,,grid,1.0,USD_JPY
2022-06-16,put,134.2281879194631,2022-06-16 04:03:00,134.236,0.00023838612592763653,reject,0.0009982419023213396,reject,0.00046932268541977074,reject,,,grid,1.0,USD_JPY
2022-06-16,put,134.2281879194631,2022-06-16 06:01:00,134.226,0.00034270558610094426,reject,0.001862530359244774,reject,-0.009968262482678458,break,,,grid,1.0,USD_JPY
2022-06-16,put,134.2281879194631,2022-06-16 07:39:00,134.255,-5.2139585117960685e-05,reject,-0.004327585564783298,break,-0.01134408401921716,break,,,grid,1.0,USD_JPY
2022-06-16,put,134.2281879194631,2022-06-16 07:54:00,134.248,-0.0010577438770037473,break,-0.0063539121625646455,break,-0.011113759609081675,break,,,grid,1.0,USD_JPY
2022-06-16,put,134.2281879194631,2022-06-16 08:07:00,134.226,-0.003345104525203868,break,-0.007211717550996033,break,-0.010042763697048374,break,,,grid,1.0,USD_JPY
2022-06-17,put,134.2281879194631,2022-06-17 02:45:00,134.244,-0.0027859718125204935,break,-0.001460028008700598,break,-0.0014153332737403268,break,,,grid,1.0,USD_JPY
2022-06-17,put,134.2281879194631,2022-06-17 02:50:00,134.226,-0.0024212894670182505,break,-0.00019370315736155774,break,0.00042465692190774007,reject,,,grid,1.0,USD_JPY
2022-06-17,put,134.2281879194631,2022-06-17 02:53:00,134.316,-0.0034917656868875824,break,-0.0005211590577444136,reject,0.0003275856934394916,reject,,,grid,1.0,USD_JPY
2022-06-17,put,134.2281879194631,2022-06-17 06:39:00,133.898,0.0037939326950366947,reject,0.00089620457363071,break,0.0064750780444815526,reject,,,grid,1.0,USD_JPY
2022-06-17,put,134.2281879194631,2022-06-17 07:30:00,134.291,-0.0012435680723206222,break,0.0003648792547528146,reject,0.002747764183750112,reject,,,grid,1.0,USD_JPY
2022-06-17,put,134.2281879194631,2022-06-17 07:33:00,134.197,6.706558268798624e-05,break,0.001244439145435372,reject,0.003524668956832011,reject,,,grid,1.0,USD_JPY
2022-06-17,put,134.2281879194631,2022-06-17 08:00:00,134.368,-0.00020838294832092874,reject,0.0013544891640868695,reject,0.0024112884020006664,reject,,,grid,1.0,USD_JPY
2022-06-17,put,134.2281879194631,2022-06-17 08:24:00,134.228,0.0011026015436421677,reject,0.00439550615370865,reject,0.0029651041511458143,reject,,,grid,1.0,USD_JPY
2022-09-07,put,143.88489208633095,2022-09-07 03:22:00,143.864,0.00030584440860792483,reject,0.003016738030362065,reject,0.001807262414502464,reject,,,grid,1.0,USD_JPY
2022-09-07,put,143.88489208633095,2022-09-07 03:33:00,143.916,0.0003960643708831313,reject,0.0017579699269019144,reject,0.0014730815197754321,reject,,,grid,1.0,USD_JPY
2022-09-07,put,143.88489208633095,2022-09-07 04:42:00,143.873,0.0011329436377918167,reject,0.0010217344463521183,reject,0.0011746470845817036,reject,,,grid,1.0,USD_JPY
2022-09-07,put,143.88489208633095,2022-09-07 05:03:00,143.901,0.00024322277121080482,reject,0.002314090937519442,reject,0.0012856060763997146,reject,,,grid,1.0,USD_JPY
2022-09-07,put,143.88489208633095,2022-09-07 05:20:00,143.894,0.0005003683266848746,reject,0.0007227542496559547,reject,0.001723490903025704,reject,,,grid,1.0,USD_JPY
2022-09-07,put,143.88489208633095,2022-09-07 05:27:00,143.916,0.0007226437644183292,reject,0.00047249784596581357,reject,0.001591205981267052,reject,,,grid,1.0,USD_JPY
2022-09-07,put,143.88489208633095,2022-09-07 06:33:00,143.893,0.0007922553564105872,reject,0.0016331579715482825,reject,0.004148916208571718,reject,,,grid,1.0,USD_JPY
2022-09-07,put,143.88489208633095,2022-09-07 07:57:00,143.87,0.0007784805727393262,reject,0.0011677208591089894,reject,0.00751372767081393,reject,,,grid,1.0,USD_JPY
2022-09-07,put,143.88489208633095,2022-09-07 17:22:00,143.942,0.000298731433494126,reject,0.00045851801420027094,reject,-0.0014033430131580316,break,,,grid,1.0,USD_JPY
2022-09-07,put,143.88489208633095,2022-09-07 17:45:00,143.878,0.0006811326262528006,reject,0.0015846759059758853,reject,-0.0009174439455648109,break,,,grid,1.0,USD_JPY
2022-09-07,put,143.88489208633095,2022-09-07 19:32:00,143.872,-0.00029192615658368837,break,-0.00047264234875454836,break,0.0024118661032026534,reject,,,grid,1.0,USD_JPY
2022-09-09,put,141.84397163120568,2022-09-09 10:02:00,141.856,-0.0011279043537107958,break,-0.000986916309496877,break,0.004236690728626202,reject,,,grid,1.0,USD_JPY
2022-09-09,put,141.84397163120568,2022-09-09 11:12:00,141.879,0.0013039279949815796,reject,0.005222760239359081,reject,0.004151424805644233,reject,,,grid,1.0,USD_JPY
2023-01-12,put,130.718954248366,2023-01-12 12:06:00,130.726,-0.00013769257837004112,break,-0.001193335679206986,break,-0.006869329743126817,break,,,grid,1.0,USD_JPY
2023-01-12,put,130.718954248366,2023-01-12 13:31:00,130.748,-0.006026860831523151,break,-0.005307920580047032,break,-0.009361519870284774,break,,,grid,1.0,USD_JPY
2023-01-24,put,130.718954248366,2023-01-24 15:13:00,130.704,-0.0021498959480965585,break,-0.004996021544864893,break,-0.004865956665442539,break,,,grid,1.0,USD_JPY
2023-02-02,put,129.03225806451613,2023-02-02 09:33:00,129.066,-0.0011854400074380322,break,-0.0011854400074380322,break,-0.0072985914183442135,break,,,grid,1.0,USD_JPY
2023-03-16,put,132.45033112582783,2023-03-16 12:14:00,132.462,-0.00015098669807178666,break,-0.0012154429194788374,break,0.0035330887348825613,reject,,,grid,1.0,USD_JPY
2023-03-16,put,132.45033112582783,2023-03-16 12:20:00,132.416,0.0002492145964234638,break,-0.002869743837602634,break,0.0053165780570323395,reject,,,grid,1.0,USD_JPY
2023-03-16,put,132.45033112582783,2023-03-16 12:34:00,132.488,-0.00018114848137185113,reject,-0.005600507215747785,break,0.004256989312239501,reject,,,grid,1.0,USD_JPY
2023-03-16,put,132.45033112582783,2023-03-16 12:43:00,132.284,0.0002570227691938154,break,-0.002237609990626166,break,0.005397478153064572,reject,,,grid,1.0,USD_JPY
2023-03-16,put,132.45033112582783,2023-03-16 13:16:00,132.396,-0.003988035892322994,break,-0.0018051904891384085,break,0.008791806398984914,reject,,,grid,1.0,USD_JPY
2023-03-17,put,132.45033112582783,2023-03-17 12:21:00,132.483,-0.002151219401734572,break,-0.00043779201859850403,break,-0.0024757893465576775,break,,,grid,1.0,USD_JPY
2023-03-22,put,132.45033112582783,2023-03-22 01:02:00,132.506,-0.0005207311367031453,break,0.0006037462454531184,reject,-0.0001358429052269461,reject,,,grid,1.0,USD_JPY
2023-03-22,put,132.45033112582783,2023-03-22 01:06:00,132.47,0.0001585264588210844,reject,0.0007397901411640984,reject,0.00010568430588064892,reject,,,grid,1.0,USD_JPY
2023-03-22,put,132.45033112582783,2023-03-22 01:09:00,132.447,0.00018875474718194063,reject,0.0011551790527530859,reject,0.00032465816515281354,reject,,,grid,1.0,USD_JPY
2023-03-22,put,132.45033112582783,2023-03-22 02:22:00,132.46,8.304393779257069e-05,reject,-0.0009210327646083094,break,-9.814283557307846e-05,break,,,grid,1.0,USD_JPY
2023-03-22,put,132.45033112582783,2023-03-22 04:41:00,132.466,1.5098213881126199e-05,reject,-0.0005359865927860863,break,0.0005586339136078866,reject,,,grid,1.0,USD_JPY
2023-03-22,put,132.45033112582783,2023-03-22 07:16:00,132.466,0.0006341249830146278,reject,-0.00028686606374472845,break,0.002778071354158751,reject,,,grid,1.0,USD_JPY
2023-03-22,put,132.45033112582783,2023-03-22 07:34:00,132.475,0.0007322136252123634,reject,0.00018871485185889547,reject,0.0028005284015852894,reject,,,grid,1.0,USD_JPY
2023-03-22,put,132.45033112582783,2023-03-22 07:45:00,132.47,0.0009511587529251742,reject,0.0003849928285648563,reject,0.00351777761002503,reject,,,grid,1.0,USD_JPY
2023-03-22,put,132.45033112582783,2023-03-22 08:12:00,132.473,3.774354019303594e-05,reject,-0.0005963479350509227,break,0.0036988669389232953,reject,,,grid,1.0,USD_JPY
2023-03-22,put,132.45033112582783,2023-03-22 08:32:00,132.474,0.00036233525069073735,reject,-0.00040007850597101324,break,0.0032836632093844464,reject,,,grid,1.0,USD_JPY
2023-03-22,put,132.45033112582783,2023-03-22 08:38:00,132.522,-0.00042257134664425156,reject,-0.0004829386818792081,reject,0.002731621919379368,reject,,,grid,1.0,USD_JPY
2023-03-22,put,132.45033112582783,2023-03-22 08:50:00,132.483,5.28369677619267e-05,reject,0.0002037997327957175,reject,0.0027550704618706234,reject,,,grid,1.0,USD_JPY
2023-03-22,put,132.45033112582783,2023-03-22 09:00:00,132.442,-0.0006040379939898921,break,0.0007927998671115599,reject,0.0024916567252077915,reject,,,grid,1.0,USD_JPY
2023-03-22,put,132.45033112582783,2023-03-22 14:49:00,132.459,0.0006417080002114606,reject,0.0007549505884838492,reject,-0.009912501226794879,break,,,grid,1.0,USD_JPY
2023-03-22,put,132.45033112582783,2023-03-22 15:17:00,132.441,0.001170332449921041,reject,0.001487454791190057,reject,-0.007799699488829082,break,,,grid,1.0,USD_JPY
2023-03-22,put,132.45033112582783,2023-03-22 15:45:00,132.498,0.0010868088574922385,reject,0.0012830382345394575,reject,-0.008090688161330739,break,,,grid,1.0,USD_JPY
2023-03-22,put,132.45033112582783,2023-03-22 17:59:00,132.497,-0.0030566729812750992,break,-0.008173769972150469,break,-0.008445474237152806,break,,,grid,1.0,USD_JPY
2023-03-29,put,132.45033112582783,2023-03-29 13:03:00,132.488,0.00046796691021078196,reject,-0.0012755872229938126,break,0.0013586136102892166,reject,,,grid,1.0,USD_JPY
2023-03-29,put,132.45033112582783,2023-03-29 13:43:00,132.464,-0.0012531706727865188,break,-0.0012078753472641868,break,0.0009964971614930818,reject,,,grid,1.0,USD_JPY
2023-03-29,put,132.45033112582783,2023-03-29 15:03:00,132.472,0.0008454616824686845,reject,0.0016078869496949366,reject,0.0014116190591217936,reject,,,grid,1.0,USD_JPY
2023-03-29,put,132.45033112582783,2023-03-29 15:32:00,132.47,0.0006341058352834494,reject,0.0013135049445158753,reject,0.0021438816335772604,reject,,,grid,1.0,USD_JPY
2023-03-29,put,132.45033112582783,2023-03-29 15:35:00,132.472,0.0006114499667853046,reject,0.0011247659882842598,reject,0.002309922096744854,reject,,,grid,1.0,USD_JPY
2023-03-30,put,132.45033112582783,2023-03-30 00:28:00,132.498,7.547283732600718e-05,reject,0.0016604024211686053,reject,0.0008302012105845247,reject,,,grid,1.0,USD_JPY
2023-03-30,put,132.45033112582783,2023-03-30 00:43:00,132.508,0.0007924049868686112,reject,0.0018866785401636665,reject,0.00048298970628191107,reject,,,grid,1.0,USD_JPY
2023-03-30,put,132.45033112582783,2023-03-30 05:34:00,132.404,0.00045315851484861724,reject,0.0008005800428989573,reject,0.0021449503036161666,reject,,,grid,1.0,USD_JPY
2023-03-30,put,132.45033112582783,2023-03-30 06:02:00,132.461,0.00012079027034372913,reject,-0.001306044798091488,break,0.0022874657446343427,reject,,,grid,1.0,USD_JPY
2023-03-30,put,132.45033112582783,2023-03-30 06:08:00,132.512,0.0,reject,-0.0015243902439023849,break,0.002701642115431113,reject,,,grid,1.0,USD_JPY
2023-03-30,put,132.45033112582783,2023-03-30 06:16:00,132.48,0.0003698671497585071,reject,-0.0009435386473429785,break,0.002936292270531382,reject,,,grid,1.0,USD_JPY
2023-03-30,put,132.45033112582783,2023-03-30 06:36:00,132.468,6.039194371476597e-05,reject,-0.0008454872120058354,break,0.001449406649153051,reject,,,grid,1.0,USD_JPY
2023-03-30,put,132.45033112582783,2023-03-30 06:52:00,132.422,-0.0011931552159005765,break,-0.0004984066091737738,break,0.0011931552159007985,reject,,,grid,1.0,USD_JPY
2023-03-30,put,132.45033112582783,2023-03-30 08:26:00,132.472,-0.000498218491454816,break,0.0012228999335706092,reject,0.0011172172232623012,reject,,,grid,1.0,USD_JPY
2023-03-30,put,132.45033112582783,2023-03-30 11:15:00,132.49,-0.00022643218356099837,reject,0.0013887840591741973,reject,0.0009510151709564152,reject,,,grid,1.0,USD_JPY
2023-03-30,put,132.45033112582783,2023-03-30 11:36:00,132.454,0.0006568318057589284,reject,0.0018270493907317498,reject,0.002166789979917594,reject,,,grid,1.0,USD_JPY
2023-03-30,put,132.45033112582783,2023-03-30 16:24:00,132.468,-0.00040764562007433724,break,-0.0002038228100370576,break,0.0009134281486851137,reject,,,grid,1.0,USD_JPY
2023-04-03,put,132.45033112582783,2023-04-03 14:01:00,132.476,-0.0008907273770343282,break,-0.0008831788399407126,break,-0.00028684440955351054,break,,,grid,1.0,USD_JPY
2023-04-03,put,132.45033112582783,2023-04-03 14:13:00,132.5,-0.0011622641509433373,break,-0.001577358490566061,break,-0.0008452830188678817,break,,,grid,1.0,USD_JPY
2023-04-03,put,132.45033112582783,2023-04-03 14:48:00,132.466,-0.0009964821161656534,break,-0.0017966874518744458,break,-0.0009209910467592453,break,,,grid,1.0,USD_JPY
2023-04-03,put,132.45033112582783,2023-04-03 17:28:00,132.472,-0.0007397789721602654,break,-0.0012681925237031377,break,-0.0003170481309258122,break,,,grid,1.0,USD_JPY
2023-04-04,put,132.45033112582783,2023-04-04 14:00:00,132.178,-0.0019140855513019028,break,-0.002617682216405126,break,-0.003381803325818278,break,,,grid,1.0,USD_JPY
2023-04-10,put,132.45033112582783,2023-04-10 07:01:00,132.462,-0.00024157871691488086,break,-0.002732859235101359,break,-0.001608008334465727,break,,,grid,1.0,USD_JPY
2023-04-13,put,132.45033112582783,2023-04-13 13:01:00,132.428,-0.00019633310176103702,break,-0.00157066481408763,break,0.00016612800918225368,break,,,grid,1.0,USD_JPY
2023-04-13,put,132.45033112582783,2023-04-13 13:11:00,132.458,-0.0006643615334671615,break,-0.0009663440486794572,break,-7.549562880304617e-05,break,,,grid,1.0,USD_JPY
2023-04-13,put,132.45033112582783,2023-04-13 23:38:00,132.47,0.00014342870083794423,reject,,,,,,,grid,1.0,USD_JPY
2023-05-15,put,136.0544217687075,2023-05-15 04:59:00,136.084,-0.00010287763440230968,reject,0.0007715822580169895,reject,0.00017636165897538802,reject,,,grid,1.0,USD_JPY
2023-05-15,put,136.0544217687075,2023-05-15 06:24:00,136.067,0.0001910823344379864,reject,-0.0016682957660564268,break,0.0015654052782820838,reject,,,grid,1.0,USD_JPY
2023-05-15,put,136.0544217687075,2023-05-15 06:44:00,136.06,-3.674849331170016e-05,reject,-0.00127884756724983,break,0.0007055710715861974,reject,,,grid,1.0,USD_JPY
2023-05-15,put,136.0544217687075,2023-05-15 11:30:00,136.058,0.00022049420100245243,reject,-0.0017492539946198926,break,0.00024989342780301627,reject,,,grid,1.0,USD_JPY
2023-05-15,put,136.0544217687075,2023-05-15 11:33:00,136.098,-0.00033799174124538034,break,-0.001601786947640793,break,-0.00013225763787860778,reject,,,grid,1.0,USD_JPY
2023-05-15,put,136.0544217687075,2023-05-15 11:47:00,136.077,0.0008671560954458535,reject,-0.00203561219015691,break,-0.00024250975550599296,break,,,grid,1.0,USD_JPY
2023-05-15,put,136.0544217687075,2023-05-15 12:30:00,135.82,-0.0005816521867175739,break,0.0021646296568988976,reject,0.0020541893682815004,reject,,,grid,1.0,USD_JPY
2023-05-15,put,136.0544217687075,2023-05-15 13:48:00,136.086,0.0002204488338257704,reject,0.0004702908454947696,reject,-0.00022044883382565938,reject,,,grid,1.0,USD_JPY
2023-05-15,put,136.0544217687075,2023-05-15 13:53:00,136.061,0.00031603471972130315,reject,0.0007717126876913838,reject,7.349644644660813e-06,reject,,,grid,1.0,USD_JPY
2023-05-15,put,136.0544217687075,2023-05-15 15:06:00,136.078,-0.0001616719822453705,reject,8.818471758842428e-05,reject,-8.818471758842428e-05,reject,,,grid,1.0,USD_JPY
2023-05-15,put,136.0544217687075,2023-05-15 16:47:00,136.072,0.00013228290904820916,reject,-0.00020577341407479466,break,0.00019107531306961079,reject,,,grid,1.0,USD_JPY
2023-05-15,put,136.0544217687075,2023-05-15 17:01:00,136.073,0.0003307048422536152,reject,7.348996494527249e-05,reject,0.00024251688431942142,reject,,,grid,1.0,USD_JPY
2023-05-15,put,136.0544217687075,2023-05-15 17:23:00,136.071,5.1443731581279906e-05,reject,-0.0002278222398600649,break,0.00014698209023245035,reject,,,grid,1.0,USD_JPY
2023-05-15,put,136.0544217687075,2023-05-15 22:00:00,136.072,-0.00011023575754021131,reject,-0.0003380563231230038,break,,,,,grid,1.0,USD_JPY
2023-05-16,put,136.0544217687075,2023-05-16 12:38:00,136.046,0.0004851300295487526,reject,0.0008673536891932176,reject,0.004219161166076235,reject,,,grid,1.0,USD_JPY
2023-05-16,put,136.0544217687075,2023-05-16 12:57:00,136.082,-5.878808365533672e-05,reject,0.0012933378404198503,reject,0.0037036492702930968,reject,,,grid,1.0,USD_JPY
2023-05-16,put,136.0544217687075,2023-05-16 13:11:00,136.084,0.000573175391669789,reject,0.0020134622733016805,reject,0.0033876135328179124,reject,,,grid,1.0,USD_JPY
2023-05-24,put,138.8888888888889,2023-05-24 14:21:00,138.908,-7.199009416303248e-05,reject,0.0015981800904196763,reject,0.001382209807930579,reject,,,grid,1.0,USD_JPY
2023-05-24,put,138.8888888888889,2023-05-24 14:35:00,138.896,0.0007055638751296556,reject,0.0015263218523213773,reject,0.0010943439695889623,reject,,,grid,1.0,USD_JPY
2023-05-24,put,138.8888888888889,2023-05-24 22:38:00,139.085,0.0008124528166228995,reject,0.0020850559010676673,reject,,,,,grid,1.0,USD_JPY
2023-05-30,put,140.35087719298247,2023-05-30 00:03:00,140.381,0.0007693348815009937,reject,-0.0020871770396279077,break,-0.0007764583526261859,break,,,grid,1.0,USD_JPY
2023-05-30,put,140.35087719298247,2023-05-30 00:08:00,140.373,0.00037756548624012787,reject,-0.0018593319228056293,break,-0.00044880425722881867,break,,,grid,1.0,USD_JPY
2023-05-30,put,140.35087719298247,2023-05-30 00:26:00,140.374,-0.0007693732457577651,break,-0.0017595851083532787,break,-0.0003918104492285357,break,,,grid,1.0,USD_JPY
2023-05-30,put,140.35087719298247,2023-05-30 06:33:00,140.559,-0.0008181617683677977,reject,-0.001173884276353676,reject,-0.0024900575559017035,break,,,grid,1.0,USD_JPY
2023-05-30,put,140.35087719298247,2023-05-30 06:40:00,140.426,4.272713030339936e-05,reject,-0.0001922720863656302,reject,-0.0015524190676939886,break,,,grid,1.0,USD_JPY
2023-05-30,put,140.35087719298247,2023-05-30 06:45:00,140.408,-0.00018517463392386802,reject,-0.00045581448350517917,break,-0.0013531992479061117,break,,,grid,1.0,USD_JPY
2023-05-30,put,140.35087719298247,2023-05-30 07:00:00,140.382,-0.001538658802410664,break,-0.0007337122992976397,break,-0.0020657919106437106,break,,,grid,1.0,USD_JPY
2023-05-30,put,140.35087719298247,2023-05-30 07:35:00,140.344,0.0005058997890896588,reject,-0.0007980391039160706,break,-0.0031066522259590723,break,,,grid,1.0,USD_JPY
2023-05-30,put,140.35087719298247,2023-05-30 07:51:00,140.375,-0.00047729296527165843,break,-0.0012822796081923826,break,-0.0045663401602848985,break,,,grid,1.0,USD_JPY
2023-05-30,put,140.35087719298247,2023-05-30 09:25:00,140.347,-0.0004987637783495646,break,-0.0007053944865228479,break,-0.0042893684938046794,break,,,grid,1.0,USD_JPY
2023-07-31,put,141.84397163120568,2023-07-31 04:58:00,141.86,0.00043705061328047634,reject,-0.00035246017200063484,break,0.004137882419286587,reject,,,grid,1.0,USD_JPY
2023-07-31,put,141.84397163120568,2023-07-31 05:34:00,141.862,0.00014098208117752087,reject,-0.0013252315630682965,break,0.003143900410257805,reject,,,grid,1.0,USD_JPY
2023-07-31,put,141.84397163120568,2023-07-31 05:41:00,141.854,-0.0002819800640095904,break,-0.0009587322176324298,break,0.0031017807041042733,reject,,,grid,1.0,USD_JPY
2023-07-31,put,141.84397163120568,2023-07-31 05:51:00,141.862,-0.0002960623704727494,break,0.0016142448294822476,reject,0.0032989806995531445,reject,,,grid,1.0,USD_JPY
2023-10-26,put,150.37593984962407,2023-10-26 02:27:00,150.41,-0.00013296988232169848,reject,0.00038561265873271466,reject,0.0013562927996808583,reject,,,grid,1.0,USD_JPY
2023-10-26,put,150.37593984962407,2023-10-26 04:12:00,150.396,7.978935609997961e-05,reject,0.0003856485544828647,reject,0.00017287693821654848,reject,,,grid,1.0,USD_JPY
2023-10-26,put,150.37593984962407,2023-10-26 06:47:00,150.436,0.00014624159110843138,reject,0.0007843867159456064,reject,-0.0014491212209845061,break,,,grid,1.0,USD_JPY
2023-10-26,put,150.37593984962407,2023-10-26 06:51:00,150.436,7.976814060461912e-05,reject,0.0007179132654417941,reject,-0.0010768698981626912,break,,,grid,1.0,USD_JPY
2023-10-26,put,150.37593984962407,2023-10-26 06:55:00,150.431,1.9942697981001345e-05,reject,0.0006581090333772632,reject,-0.001183266746880851,break,,,grid,1.0,USD_JPY
2023-10-26,put,150.37593984962407,2023-10-26 08:07:00,150.425,-0.0002991524015291125,reject,-0.00011966096061155618,reject,-0.00021273059664295157,reject,,,grid,1.0,USD_JPY
2023-10-26,put,150.37593984962407,2023-10-26 08:14:00,150.389,-4.6545957483656863e-05,reject,1.9948267492964078e-05,reject,-3.324711248842149e-05,reject,,,grid,1.0,USD_JPY
2023-10-26,put,150.37593984962407,2023-10-26 12:01:00,150.389,-0.00019948267492964078,break,-0.0010240110646390077,break,0.0003923159273617749,reject,,,grid,1.0,USD_JPY
2023-10-26,put,150.37593984962407,2023-10-26 14:23:00,150.402,0.00023935851916867534,reject,0.00019946543264048877,reject,2.6595391018791048e-05,reject,,,grid,1.0,USD_JPY
2023-10-26,put,150.37593984962407,2023-10-26 14:40:00,150.388,-0.00015958720110642588,break,0.0005319573370214936,reject,0.00023938080165963882,reject,,,grid,1.0,USD_JPY
2023-10-26,put,150.37593984962407,2023-10-26 16:14:00,150.384,-7.979572294902759e-05,break,-0.0004588254069580744,break,6.649643579126341e-05,reject,,,grid,1.0,USD_JPY
2023-10-26,put,150.37593984962407,2023-10-26 16:50:00,150.394,-0.0002859156615291347,break,-0.0005053393087489644,break,9.973802146356903e-05,reject,,,grid,1.0,USD_JPY
2023-10-26,put,150.37593984962407,2023-10-26 17:02:00,150.348,-0.00028600313938331734,break,0.0003591667331788173,reject,0.00029930561098234776,reject,,,grid,1.0,USD_JPY
2023-10-26,put,150.37593984962407,2023-10-26 18:31:00,150.394,6.6492014308972e-05,reject,6.649201431008223e-06,reject,-0.00015958083434175485,break,,,grid,1.0,USD_JPY
2023-10-26,put,150.37593984962407,2023-10-26 20:03:00,150.39,-3.9896269698802556e-05,reject,2.6597513132609052e-05,reject,,,,,grid,1.0,USD_JPY
2023-10-26,put,150.37593984962407,2023-10-26 20:52:00,150.391,-4.65453384843606e-05,reject,-1.9948002207503812e-05,reject,,,,,grid,1.0,USD_JPY
2023-10-31,put,150.37593984962407,2023-10-31 09:06:00,150.284,0.0009981102446035006,reject,0.002847941231268747,reject,0.00435176066647136,reject,,,grid,1.0,USD_JPY
2023-10-31,put,150.37593984962407,2023-10-31 09:25:00,150.435,0.00020606906637432587,reject,0.0016419051417555508,reject,0.0035762954099778366,reject,,,grid,1.0,USD_JPY
2023-11-02,put,150.37593984962407,2023-11-02 00:20:00,150.392,-0.00010638863769341089,reject,-0.0005319431884673875,break,9.309005798185943e-05,reject,,,grid,1.0,USD_JPY
2023-11-02,put,150.37593984962407,2023-11-02 00:34:00,150.4,0.00047872340425536564,reject,-0.00023936170212768282,break,0.00038563829787219284,reject,,,grid,1.0,USD_JPY
2023-11-02,put,150.37593984962407,2023-11-02 00:56:00,150.376,-3.9899984039970526e-05,break,-0.0003457998616800406,break,0.00039899984040014935,reject,,,grid,1.0,USD_JPY
2023-11-02,put,150.37593984962407,2023-11-02 04:26:00,150.38,0.000365740125016778,reject,0.00028594227955847096,reject,0.0003790397659264588,reject,,,grid,1.0,USD_JPY
2023-11-02,put,150.37593984962407,2023-11-02 04:48:00,150.401,0.00023271121867529665,reject,0.0002992001382968734,reject,0.0002194134347510701,reject,,,grid,1.0,USD_JPY
2023-11-02,put,150.37593984962407,2023-11-02 05:11:00,150.394,0.00019282684149635188,reject,0.00021942364721994068,reject,-0.0002127744457891545,break,,,grid,1.0,USD_JPY
2023-11-02,put,150.37593984962407,2023-11-02 06:04:00,150.406,0.00027924417908864463,reject,-3.3243354653378354e-05,reject,-0.0007180564605135942,break,,,grid,1.0,USD_JPY
2023-11-02,put,150.37593984962407,2023-11-02 06:30:00,150.394,5.31936114471776e-05,reject,5.31936114471776e-05,reject,-0.0002127744457891545,break,,,grid,1.0,USD_JPY
2023-11-02,put,150.37593984962407,2023-11-02 07:30:00,150.402,0.00045212164731855964,reject,0.0003124958444702397,reject,-0.00044547279956363983,break,,,grid,1.0,USD_JPY
2023-11-02,put,150.37593984962407,2023-11-02 07:58:00,150.28,0.0013175405908969484,reject,0.0007918552036199067,reject,0.0006055363321799678,break,,,grid,1.0,USD_JPY
2023-11-02,put,150.37593984962407,2023-11-02 08:36:00,150.408,4.6540077655476964e-05,reject,-0.0009175043880642608,break,-0.0018616031062177463,break,,,grid,1.0,USD_JPY
2023-11-02,put,150.37593984962407,2023-11-02 09:00:00,150.408,-0.0007180469123980737,break,-0.000731344077442575,break,-0.0027059730865378606,break,,,grid,1.0,USD_JPY
2023-11-02,put,150.37593984962407,2023-11-02 17:38:00,150.378,-6.649908896094736e-06,reject,0.0005120429850111741,reject,0.00047879344052992323,reject,,,grid,1.0,USD_JPY
2023-11-02,put,150.37593984962407,2023-11-02 18:46:00,150.397,0.0001329813759582965,reject,0.0007380466365687344,reject,0.0005252764350354155,reject,,,grid,1.0,USD_JPY
2023-11-03,put,150.37593984962407,2023-11-03 00:55:00,150.389,0.0002726263224037684,reject,0.0003923159273617749,reject,-0.0007380858972398929,break,,,grid,1.0,USD_JPY
2023-11-03,put,150.37593984962407,2023-11-03 02:14:00,150.396,-9.973669512475247e-05,reject,-0.0003723503284660534,break,-0.0007978935609987969,break,,,grid,1.0,USD_JPY
2023-11-07,put,150.37593984962407,2023-11-07 08:29:00,150.392,-0.0004388531304856391,break,-0.0004986967391882313,break,0.000598436087025922,reject,,,grid,1.0,USD_JPY
2023-11-07,put,150.37593984962407,2023-11-07 10:16:00,150.396,-0.0005452272666826019,break,0.00010638580813338017,reject,0.0017088220431393797,reject,,,grid,1.0,USD_JPY
2023-11-07,put,150.37593984962407,2023-11-07 11:20:00,150.398,7.978829505717044e-05,reject,0.00023271586058326577,reject,0.0008776712456282088,reject,,,grid,1.0,USD_JPY
2023-11-07,put,150.37593984962407,2023-11-07 11:41:00,150.419,-0.00011966573371713363,reject,0.0004454224532803863,reject,0.0012298978187597065,reject,,,grid,1.0,USD_JPY
2023-11-07,put,150.37593984962407,2023-11-07 11:54:00,150.376,0.00043889982444000886,reject,0.0013166994733202486,reject,0.0012634994946001399,reject,,,grid,1.0,USD_JPY
2023-11-07,put,150.37593984962407,2023-11-07 18:52:00,150.397,-0.0002593136831186005,break,0.00015957765115004463,reject,-0.0002792608895124671,break,,,grid,1.0,USD_JPY
2023-11-07,put,150.37593984962407,2023-11-07 21:25:00,150.382,0.00011969517628429571,reject,-0.00013299464031601982,break,,,,,grid,1.0,USD_JPY
2023-11-07,put,150.37593984962407,2023-11-07 21:52:00,150.4,-0.0003523936170212183,break,-0.00029920212765965903,break,,,,,grid,1.0,USD_JPY
2023-11-08,put,150.37593984962407,2023-11-08 00:11:00,150.39,-9.974067424689537e-05,break,0.0006848859631625182,reject,0.000718132854578224,reject,,,grid,1.0,USD_JPY
2023-11-14,put,150.37593984962407,2023-11-14 19:32:00,150.394,0.0,reject,-0.0010638722289453284,break,-5.3193611447288625e-05,reject,,,grid,1.0,USD_JPY
2023-11-14,put,150.37593984962407,2023-11-14 22:38:00,150.426,9.306901732419881e-05,reject,-0.00020608139550326587,reject,,,,,grid,1.0,USD_JPY
2023-11-14,put,150.37593984962407,2023-11-14 23:02:00,150.394,-0.00036570607870001215,break,,,,,,,grid,1.0,USD_JPY
2023-11-14,put,150.37593984962407,2023-11-14 23:10:00,150.394,-0.00014628243147996045,break,,,,,,,grid,1.0,USD_JPY
2023-11-15,put,150.37593984962407,2023-11-15 09:32:00,150.394,0.00039230288442348993,reject,-0.00011968562575637165,reject,0.0007912549702779881,reject,,,grid,1.0,USD_JPY
2023-11-15,put,150.37593984962407,2023-11-15 09:54:00,150.396,9.308758211656887e-05,reject,0.0004587887975744387,reject,0.002247400196813798,reject,,,grid,1.0,USD_JPY
2023-11-15,put,150.37593984962407,2023-11-15 09:58:00,150.384,9.309501010745791e-05,reject,0.0004787743376954978,reject,0.0025135652729013636,reject,,,grid,1.0,USD_JPY
2023-11-15,put,150.37593984962407,2023-11-15 10:39:00,150.398,0.0004454846474022389,reject,5.984122129287783e-05,reject,0.003856434261094055,reject,,,grid,1.0,USD_JPY
2023-11-15,put,150.37593984962407,2023-11-15 11:07:00,150.41,-9.307891762522225e-05,reject,-0.0006382554351439529,break,0.004946479622365496,reject,,,grid,1.0,USD_JPY
2023-11-15,put,150.37593984962407,2023-11-15 11:20:00,150.388,0.00015958720110642588,reject,9.30925339786004e-05,reject,0.005186584035960395,reject,,,grid,1.0,USD_JPY
2023-11-15,put,150.37593984962407,2023-11-15 12:56:00,150.382,-0.00019949196047397422,break,0.002447101381814365,reject,0.00462821348299669,reject,,,grid,1.0,USD_JPY
2023-11-16,put,150.37593984962407,2023-11-16 15:21:00,150.378,2.6599635585045078e-05,reject,0.0005851919828698815,reject,0.0013166819614571779,reject,,,grid,1.0,USD_JPY
2023-11-16,put,150.37593984962407,2023-11-16 15:59:00,150.412,-0.0003523655027524164,break,0.0012100098396403691,reject,0.0013163843310375345,reject,,,grid,1.0,USD_JPY
2023-11-17,put,150.37593984962407,2023-11-17 08:02:00,150.41,6.648494116134884e-06,reject,-0.003889369057908487,break,-0.005890565786849211,break,,,grid,1.0,USD_JPY
2023-12-12,put,144.92753623188406,2023-12-12 13:30:00,145.016,0.004771887240028638,reject,0.004296077674187826,reject,0.004096099740718451,reject,,,grid,1.0,USD_JPY
2023-12-13,put,144.92753623188406,2023-12-13 19:00:00,144.396,-0.0031787584143603276,break,-0.008352031912241209,break,-0.012479570071193047,break,,,grid,1.0,USD_JPY
2024-01-03,put,142.85714285714286,2024-01-03 11:52:00,142.882,0.0007068770034013294,reject,-5.599025769520427e-05,reject,0.005480046471913802,reject,,,grid,1.0,USD_JPY
2024-01-03,put,142.85714285714286,2024-01-03 12:14:00,142.84,0.0006860823298795449,reject,0.0007700924110891627,reject,0.004382525903108503,reject,,,grid,1.0,USD_JPY
2024-01-03,put,142.85714285714286,2024-01-03 12:47:00,142.891,0.0002939303385098846,reject,0.0004408955077648269,reject,0.004073034690778465,reject,,,grid,1.0,USD_JPY
2024-01-03,put,142.85714285714286,2024-01-03 12:51:00,142.88,0.0007558790593504838,reject,0.00032194848824174116,reject,0.00440929451287797,reject,,,grid,1.0,USD_JPY
2024-01-03,put,142.85714285714286,2024-01-03 13:34:00,142.871,0.0007979226015077945,reject,0.0031706924428329675,reject,0.005242491478326672,reject,,,grid,1.0,USD_JPY
2024-01-03,put,142.85714285714286,2024-01-03 15:00:00,143.015,0.001741076110897577,reject,0.0038527427192953656,reject,0.004300248225710623,reject,,,grid,1.0,USD_JPY
2024-01-03,put,142.85714285714286,2024-01-03 15:04:00,142.896,0.002659276676744149,reject,0.0040938864628821126,reject,0.0054305228977717945,reject,,,grid,1.0,USD_JPY
2024-01-03,put,142.85714285714286,2024-01-03 15:06:00,142.963,0.0026650252163147314,reject,0.0034554395193162613,reject,0.005113211110566951,reject,,,grid,1.0,USD_JPY
2024-01-05,put,144.92753623188406,2024-01-05 08:02:00,144.952,2.759534190621693e-05,reject,0.0011590043600639977,reject,0.0022145261879793487,reject,,,grid,1.0,USD_JPY
2024-01-05,put,144.92753623188406,2024-01-05 08:15:00,144.95,0.0004553294239393324,reject,0.0007864780958952711,reject,0.0018972059330804036,reject,,,grid,1.0,USD_JPY
2024-01-05,put,144.92753623188406,2024-01-05 08:25:00,144.922,0.0007383282041373285,reject,0.0009936379569699394,reject,0.001476656408274879,reject,,,grid,1.0,USD_JPY
2024-01-05,put,144.92753623188406,2024-01-05 14:30:00,144.94,0.0013798813302055013,reject,-0.0063957499655029615,break,-0.0008831240513315075,break,,,grid,1.0,USD_JPY
2024-01-05,put,144.92753623188406,2024-01-05 14:51:00,144.992,-0.005834804678878869,break,-0.005855495475612371,break,-0.0018897594350033575,break,,,grid,1.0,USD_JPY
2024-01-05,put,144.92753623188406,2024-01-05 15:00:00,144.53,-0.001833529371064957,break,-0.0026845637583893245,break,0.00045665259807647907,break,,,grid,1.0,USD_JPY
2024-03-08,put,147.05882352941177,2024-03-08 09:42:00,147.078,-6.799113395605794e-05,reject,0.0005575272984401636,reject,-0.0038618964087083762,break,,,grid,1.0,USD_JPY
2024-03-08,put,147.05882352941177,2024-03-08 10:02:00,147.094,-0.00039430568208076444,break,-0.00024474145784325607,break,-0.0015840211021523887,break,,,grid,1.0,USD_JPY
2024-03-08,put,147.05882352941177,2024-03-08 10:08:00,147.032,0.0001496272920180619,break,0.0002856521029435122,reject,-0.0005236955220632167,break,,,grid,1.0,USD_JPY
2024-03-08,put,147.05882352941177,2024-03-08 10:33:00,147.076,0.0006935189969812239,reject,-0.00016318094046618992,break,-0.001992167314857629,break,,,grid,1.0,USD_JPY
2024-03-08,put,147.05882352941177,2024-03-08 11:01:00,147.04,0.0001088139281828493,break,0.0007140914036998236,reject,-0.0011697497279651303,break,,,grid,1.0,USD_JPY
2024-03-08,put,147.05882352941177,2024-03-08 11:53:00,147.09,0.0006050717247942927,reject,0.0004894962267998348,reject,-0.0002719423482221428,break,,,grid,1.0,USD_JPY
2024-03-08,put,147.05882352941177,2024-03-08 13:24:00,147.092,-0.0029913251570446997,break,-0.0017132134990346382,break,0.0003603187120986284,reject,,,grid,1.0,USD_JPY
2024-03-08,put,147.05882352941177,2024-03-08 13:30:00,146.654,-4.091262427208253e-05,break,0.0008728026511382048,break,0.002686595660534419,break,,,grid,1.0,USD_JPY
2024-03-08,put,147.05882352941177,2024-03-08 15:30:00,147.14,-0.0003194236781296489,reject,0.0007339948348512593,reject,-0.00027864618730455426,reject,,,grid,1.0,USD_JPY
2024-03-08,put,147.05882352941177,2024-03-08 15:35:00,147.08,-0.0003603481098723993,break,0.0008838727223279275,reject,9.51862931737324e-05,reject,,,grid,1.0,USD_JPY
2024-03-08,put,147.05882352941177,2024-03-08 17:04:00,147.076,0.00032636188093237983,reject,2.719682341112417e-05,reject,-0.00020397617558265413,break,,,grid,1.0,USD_JPY
2024-03-08,put,147.05882352941177,2024-03-08 17:28:00,147.082,0.0005303164221319712,reject,0.00010878285582216485,reject,-2.719571395537468e-05,reject,,,grid,1.0,USD_JPY
2024-03-08,put,147.05882352941177,2024-03-08 17:57:00,147.064,0.00042158516020252,reject,2.0399281945415737e-05,reject,,,,,grid,1.0,USD_JPY
2024-03-08,put,147.05882352941177,2024-03-08 18:25:00,147.085,-0.0005914947139410431,break,0.00016317095556983574,reject,,,,,grid,1.0,USD_JPY
2024-03-08,put,147.05882352941177,2024-03-08 19:41:00,147.072,-0.0001359878154918448,break,9.519147084424695e-05,reject,,,,,grid,1.0,USD_JPY
2024-03-11,put,147.05882352941177,2024-03-11 14:13:00,147.07,-0.000448765893792058,break,-0.0008703338546269812,break,-0.0009111307540625724,break,,,grid,1.0,USD_JPY
2024-03-11,put,147.05882352941177,2024-03-11 14:49:00,147.084,-0.0006118952435343328,break,-0.001400560224089742,break,-0.0004827173587881317,break,,,grid,1.0,USD_JPY
2024-03-12,put,147.05882352941177,2024-03-12 12:41:00,147.13,0.0027254808672603215,reject,0.005471351865697027,reject,0.0035342894039285255,reject,,,grid,1.0,USD_JPY
2024-06-26,put,160.0,2024-06-26 13:05:00,160.11,0.0014739866341888508,reject,0.002417088251826849,reject,0.003310224220848035,reject,,,grid,1.0,USD_JPY
2024-08-07,put,145.98540145985402,2024-08-07 23:27:00,146.143,-0.0026754617053159624,break,,,,,,,grid,1.0,USD_JPY
2024-08-07,put,145.98540145985402,2024-08-07 23:30:00,145.928,-8.223233375359573e-05,break,,,,,,,grid,1.0,USD_JPY
2024-08-08,put,145.98540145985402,2024-08-08 00:11:00,146.046,-0.0006436328280130521,break,0.0009312134532954985,reject,0.0014242088109226447,reject,,,grid,1.0,USD_JPY
2024-08-08,put,145.98540145985402,2024-08-08 00:14:00,146.024,-0.0013490932997315408,break,0.001184736755601934,reject,0.0008080863419710482,reject,,,grid,1.0,USD_JPY
2024-08-08,put,145.98540145985402,2024-08-08 00:23:00,145.992,-0.0014932325058906182,break,0.001486382815496734,reject,0.0021234040221382866,reject,,,grid,1.0,USD_JPY
2024-08-08,put,145.98540145985402,2024-08-08 00:55:00,145.94,0.0016033986569823355,reject,0.0024462107715499393,reject,0.001219679320268563,reject,,,grid,1.0,USD_JPY
2024-08-08,put,145.98540145985402,2024-08-08 00:58:00,146.037,0.000643672493956915,reject,0.0021295972938364383,reject,0.0003903120442079189,reject,,,grid,1.0,USD_JPY
2024-08-08,put,145.98540145985402,2024-08-08 04:37:00,145.978,0.00013700694625207177,reject,0.0015481784926496545,reject,0.0006850347312608029,reject,,,grid,1.0,USD_JPY
2024-08-08,put,145.98540145985402,2024-08-08 04:47:00,146.028,0.0010272002629632127,reject,0.0003424000876544042,reject,0.0004930561262224131,reject,,,grid,1.0,USD_JPY
2024-08-08,put,145.98540145985402,2024-08-08 05:44:00,146.034,-0.00043825410520836883,break,0.00043825410520859087,reject,0.0007258583617513192,reject,,,grid,1.0,USD_JPY
2024-08-08,put,145.98540145985402,2024-08-08 05:51:00,145.992,0.0012603430324948928,reject,0.001232944270918912,reject,0.00054112554112562,reject,,,grid,1.0,USD_JPY
2024-08-08,put,145.98540145985402,2024-08-08 05:53:00,146.01,0.0011095130470515358,reject,0.0009999315115403196,reject,0.0005684542154646977,reject,,,grid,1.0,USD_JPY
2024-08-08,put,145.98540145985402,2024-08-08 05:57:00,146.032,0.0010682590117232493,reject,0.001629779774296125,reject,0.0007806508162593317,reject,,,grid,1.0,USD_JPY
2024-08-08,put,145.98540145985402,2024-08-08 07:01:00,145.996,0.0005342612126360002,reject,-0.0008356393325845701,break,0.0002602811035916641,reject,,,grid,1.0,USD_JPY
2024-08-08,put,145.98540145985402,2024-08-08 07:13:00,146.0,-0.0005479452054795164,break,-0.0008013698630136012,break,0.0006575342465753309,reject,,,grid,1.0,USD_JPY
2024-08-08,put,145.98540145985402,2024-08-08 07:16:00,146.074,-0.0022865123156756706,break,-0.0010953352410423278,break,0.00032860057231265394,reject,,,grid,1.0,USD_JPY
2024-08-08,put,145.98540145985402,2024-08-08 07:18:00,145.982,-0.001342631283308915,break,-0.0003356578208272287,break,0.0006713156416544575,reject,,,grid,1.0,USD_JPY
2024-08-08,put,145.98540145985402,2024-08-08 07:21:00,146.01,-0.0014245599616464766,break,-0.0006437915211287004,break,0.0001643723032669353,reject,,,grid,1.0,USD_JPY
2024-08-08,put,145.98540145985402,2024-08-08 11:02:00,145.984,0.0004247040771589994,reject,0.00197281893906176,reject,0.008315979833406484,reject,,,grid,1.0,USD_JPY
2024-08-08,put,145.98540145985402,2024-08-08 11:23:00,146.014,0.0011642719191309325,reject,-0.00028764365060884867,break,0.008088265508786607,reject,,,grid,1.0,USD_JPY
2024-08-08,put,145.98540145985402,2024-08-08 11:30:00,146.013,0.0011163389561201775,reject,0.005006403539410842,reject,0.008280084649996855,reject,,,grid,1.0,USD_JPY
2024-08-08,put,145.98540145985402,2024-08-08 12:23:00,145.972,0.005939495245663506,reject,0.008960622585153288,reject,0.008529032965226335,reject,,,grid,1.0,USD_JPY
2024-09-04,put,143.88489208633095,2024-09-04 18:54:00,143.898,-0.0003544177125462955,break,-0.0005837468206646435,break,-0.001904126534072792,break,,,grid,1.0,USD_JPY
2024-09-05,put,143.88489208633095,2024-09-05 15:01:00,143.87,-0.0001320636685897547,break,-0.002571766177799417,break,-0.003023562938764157,break,,,grid,1.0,USD_JPY
2024-09-05,put,143.88489208633095,2024-09-05 15:14:00,143.912,-0.0015773528267274406,break,-0.0031130135082551025,break,-0.0036272166323866317,break,,,grid,1.0,USD_JPY
2024-09-11,put,140.84507042253523,2024-09-11 05:15:00,140.91,-0.0005535448158399126,break,0.002689660066709232,reject,0.004002554822226889,reject,,,grid,1.0,USD_JPY
2024-09-11,put,140.84507042253523,2024-09-11 05:18:00,140.869,0.0007453733610658375,reject,0.002775628420731202,reject,0.003648780072265767,reject,,,grid,1.0,USD_JPY
2024-09-11,put,140.84507042253523,2024-09-11 05:21:00,140.844,0.0011644088495073035,reject,0.0032802249297096964,reject,0.0035145267104030875,reject,,,grid,1.0,USD_JPY
2024-09-13,put,140.84507042253523,2024-09-13 02:27:00,140.861,4.969437956581224e-05,reject,0.0007312172993234611,reject,0.0013559466424346578,reject,,,grid,1.0,USD_JPY
2024-09-13,put,140.84507042253523,2024-09-13 02:34:00,140.872,0.0002697484241012127,reject,-3.5493213697668224e-05,reject,0.0013487421205065075,reject,,,grid,1.0,USD_JPY
2024-09-13,put,140.84507042253523,2024-09-13 03:30:00,140.854,0.0005963621906368566,reject,-0.00022008604654466524,break,0.0025842361594272667,reject,,,grid,1.0,USD_JPY
2024-09-13,put,140.84507042253523,2024-09-13 04:06:00,140.862,-0.00022007354715969374,break,0.0017037952038165827,reject,-0.00034075904076336094,break,,,grid,1.0,USD_JPY
2024-09-13,put,140.84507042253523,2024-09-13 04:18:00,140.857,-0.0010720092008207338,break,0.0014411779322291984,reject,-0.0015689671084859746,break,,,grid,1.0,USD_JPY
2024-09-13,put,140.84507042253523,2024-09-13 05:43:00,140.854,-0.00022718559643331027,break,0.001959475769236052,reject,-0.0032231956493958824,break,,,grid,1.0,USD_JPY
2024-09-13,put,140.84507042253523,2024-09-13 05:53:00,140.878,0.0003265236587686182,reject,0.0016752083362912007,reject,-0.002321157313420086,break,,,grid,1.0,USD_JPY
2024-09-13,put,140.84507042253523,2024-09-13 06:04:00,140.842,0.000915919967055201,reject,0.0016472359097428058,reject,-0.0016898368384430373,break,,,grid,1.0,USD_JPY
2024-09-13,put,140.84507042253523,2024-09-13 06:10:00,140.888,0.0008020555334733448,reject,0.001987394242235041,reject,-0.002015785588552532,break,,,grid,1.0,USD_JPY
2024-09-13,put,140.84507042253523,2024-09-13 06:13:00,140.914,0.0005961082646153137,reject,0.0024837844358971406,reject,-0.0019515449139189123,break,,,grid,1.0,USD_JPY
2024-09-13,put,140.84507042253523,2024-09-13 07:53:00,140.864,-0.0004898341662881167,break,-0.001334620626987859,break,0.00020587233075874956,reject,,,grid,1.0,USD_JPY
2024-09-13,put,140.84507042253523,2024-09-13 08:02:00,140.872,-0.00211539553637341,break,-0.0014339258333808669,break,0.000113578283831961,reject,,,grid,1.0,USD_JPY
2024-09-13,put,140.84507042253523,2024-09-13 11:52:00,140.866,0.000567915607740499,reject,-0.0007524881802565275,break,-0.001874121505544335,break,,,grid,1.0,USD_JPY
2024-09-13,put,140.84507042253523,2024-09-13 11:55:00,140.846,0.00043309714155892465,reject,-0.0007099953140309312,break,-0.0014199906280619734,break,,,grid,1.0,USD_JPY
2024-09-13,put,140.84507042253523,2024-09-13 12:15:00,140.859,-0.0006602347027879762,break,-0.001576044129235732,break,-0.0018316188528955113,break,,,grid,1.0,USD_JPY
2024-09-13,put,140.84507042253523,2024-09-13 12:42:00,140.841,-0.0007739223663564276,break,-0.0018957547873132974,break,4.970143637161861e-05,reject,,,grid,1.0,USD_JPY
2024-09-13,put,140.84507042253523,2024-09-13 16:40:00,140.87,-0.0001845673315823415,break,0.0003336409455525491,reject,0.00038333215020935896,reject,,,grid,1.0,USD_JPY
2024-09-13,put,140.84507042253523,2024-09-13 17:10:00,140.89,-0.00011356377315629995,reject,1.4195471644606883e-05,reject,,,,,grid,1.0,USD_JPY
2024-09-13,put,140.84507042253523,2024-09-13 17:13:00,140.864,5.6792367105984454e-05,reject,0.00028396183552925613,reject,,,,,grid,1.0,USD_JPY
2024-09-13,put,140.84507042253523,2024-09-13 17:24:00,140.872,0.00030524163779865887,reject,-0.00019876199670632033,break,,,,,grid,1.0,USD_JPY
2024-09-13,put,140.84507042253523,2024-09-13 17:35:00,140.886,0.0003548968669704333,reject,1.4195874678879505e-05,reject,,,,,grid,1.0,USD_JPY
2024-09-13,put,140.84507042253523,2024-09-13 18:03:00,140.87,7.098743522382378e-05,reject,0.0004543195854334048,reject,,,,,grid,1.0,USD_JPY
2024-09-13,put,140.84507042253523,2024-09-13 18:20:00,140.866,0.0001561767921285373,reject,0.0006460040038049897,reject,,,,,grid,1.0,USD_JPY
2024-09-13,put,140.84507042253523,2024-09-13 18:23:00,140.87,0.0002484560232838273,reject,0.00027685099737340124,reject,,,,,grid,1.0,USD_JPY
2024-09-13,put,140.84507042253523,2024-09-13 20:55:00,140.86,,,,,,,,,grid,1.0,USD_JPY
2024-09-16,put,140.84507042253523,2024-09-16 15:51:00,140.878,-0.0009511776146735595,break,-0.0014906514856825037,break,-0.0008801942105934879,break,,,grid,1.0,USD_JPY
2024-09-16,put,140.84507042253523,2024-09-16 23:34:00,140.913,-0.0005606296083399132,break,,,,,,,grid,1.0,USD_JPY
2024-09-16,put,140.84507042253523,2024-09-16 23:39:00,140.894,-0.0004684372648942059,break,,,,,,,grid,1.0,USD_JPY
2024-09-16,put,140.84507042253523,2024-09-16 23:43:00,140.862,-0.00041175050758890386,break,,,,,,,grid,1.0,USD_JPY
2024-09-16,put,140.84507042253523,2024-09-16 23:48:00,140.843,,,,,,,,,grid,1.0,USD_JPY
2024-09-17,put,140.84507042253523,2024-09-17 12:35:00,140.858,0.0005040537278677704,reject,0.0020233142597509968,reject,0.007610501355975519,reject,,,grid,1.0,USD_JPY
2024-09-17,put,140.84507042253523,2024-09-17 12:45:00,140.919,0.00045416161057065807,reject,0.0028881839922223485,reject,0.006273107246006493,reject,,,grid,1.0,USD_JPY
2024-09-17,put,140.84507042253523,2024-09-17 12:48:00,140.901,0.0010574800746623314,reject,0.003946033030283624,reject,0.005826786183206645,reject,,,grid,1.0,USD_JPY
2024-09-18,put,140.84507042253523,2024-09-18 18:00:00,140.968,0.0004256285114352387,reject,0.002532489643039648,reject,0.007207309460303124,reject,,,grid,1.0,USD_JPY
2024-09-18,put,140.84507042253523,2024-09-18 18:18:00,140.882,-0.0027966667139875945,break,0.006622563563833506,reject,0.007765363921579782,reject,,,grid,1.0,USD_JPY
2024-09-18,put,140.84507042253523,2024-09-18 18:44:00,140.944,0.0013764331933250329,reject,0.009202236349188597,reject,0.008542399818367574,reject,,,grid,1.0,USD_JPY
2024-09-30,put,141.84397163120568,2024-09-30 05:38:00,141.828,-0.00022562540542070408,break,0.001057619087909245,reject,0.005076571621964732,reject,,,grid,1.0,USD_JPY
2024-12-16,put,153.84615384615384,2024-12-16 02:01:00,153.861,0.0004744542151682296,reject,6.499372810608861e-06,reject,-0.0012153827155678698,break,,,grid,1.0,USD_JPY
2024-12-16,put,153.84615384615384,2024-12-16 02:42:00,153.872,-5.8490173650893595e-05,reject,-0.00024045960278673562,break,-0.0007278777165438122,break,,,grid,1.0,USD_JPY
2024-12-16,put,153.84615384615384,2024-12-16 02:50:00,153.862,-0.0003899598341371435,break,-0.0003899598341371435,break,-0.0011633801718423653,break,,,grid,1.0,USD_JPY
2024-12-16,put,153.84615384615384,2024-12-16 02:57:00,153.863,-0.0004289530296432975,break,-0.00038345801134775925,break,-0.0013648505488649265,break,,,grid,1.0,USD_JPY
2024-12-17,put,153.84615384615384,2024-12-17 02:13:00,153.843,0.00048750999395497097,reject,0.000786516123580494,reject,0.0013715281163264592,reject,,,grid,1.0,USD_JPY
2024-12-17,put,153.84615384615384,2024-12-17 08:40:00,153.878,-0.0002729435006951775,break,-0.0008318278116429267,break,5.198923822780088e-05,reject,,,grid,1.0,USD_JPY
2024-12-17,put,153.84615384615384,2024-12-17 09:13:00,153.866,0.00014298155537928459,reject,-0.0006044220295583491,break,0.0005459295750847026,reject,,,grid,1.0,USD_JPY
2024-12-17,put,153.84615384615384,2024-12-17 12:23:00,153.866,7.149077768975332e-05,reject,2.5996646432657755e-05,reject,-0.0014818088466588275,break,,,grid,1.0,USD_JPY
2024-12-17,put,153.84615384615384,2024-12-17 13:23:00,153.87,-0.0002664586989016282,break,-0.001741730031845079,break,-0.003645934880093682,break,,,grid,1.0,USD_JPY
2024-12-17,put,153.84615384615384,2024-12-17 13:30:00,153.712,0.0016134068908089105,reject,-0.0005594878734255238,break,-0.0030316435932131736,break,,,grid,1.0,USD_JPY
2024-12-17,put,153.84615384615384,2024-12-17 13:49:00,153.859,-0.0008514289056863467,break,-0.00140388277578829,break,-0.0037241890302159852,break,,,grid,1.0,USD_JPY
2024-12-18,put,153.84615384615384,2024-12-18 13:07:00,153.867,0.0003314550878357192,reject,-0.0009033775923361631,break,0.00047443571396077466,reject,,,grid,1.0,USD_JPY
2024-12-18,put,153.84615384615384,2024-12-18 13:36:00,153.858,0.0001299899907705182,reject,-6.499499538570319e-06,reject,0.00012349049123216993,reject,,,grid,1.0,USD_JPY
2024-12-18,put,153.84615384615384,2024-12-18 14:38:00,153.866,-0.0006694136456397715,break,0.00035095472684010254,reject,-0.0006499161608154447,break,,,grid,1.0,USD_JPY
2024-12-18,put,153.84615384615384,2024-12-18 17:35:00,153.882,-0.0006238546418684265,break,-0.0007538243589244598,break,0.005660181177785439,reject,,,grid,1.0,USD_JPY
2024-12-19,put,155.03875968992247,2024-12-19 02:53:00,155.104,0.00020631318341224336,reject,0.0011605116566946183,reject,0.005854136579327429,reject,,,grid,1.0,USD_JPY
2024-12-19,put,155.03875968992247,2024-12-19 02:55:00,155.038,0.0007998039190391104,reject,0.0011868058153485794,reject,0.0065661321740475564,reject,,,grid,1.0,USD_JPY
2024-12-19,put,155.03875968992247,2024-12-19 02:58:00,155.08,0.0012638638122259849,reject,0.0011348981171008798,reject,0.00682228527211759,reject,,,grid,1.0,USD_JPY
2024-12-19,put,155.03875968992247,2024-12-19 03:00:00,155.056,0.0014317407904240742,reject,0.0012898565679495544,reject,0.0075069652254668995,reject,,,grid,1.0,USD_JPY
2024-12-19,put,155.03875968992247,2024-12-19 06:33:00,155.022,0.005831430377623903,reject,0.011075847299093056,reject,0.01198539562126677,reject,,,grid,1.0,USD_JPY
2025-05-21,put,143.88489208633095,2025-05-21 02:45:00,143.914,-0.0001389718859873268,reject,-0.0007851911558292013,break,-0.002293036118793057,break,,,grid,1.0,USD_JPY
2025-05-21,put,143.88489208633095,2025-05-21 02:54:00,143.859,0.0006742713351266527,reject,-0.0005908563245956566,break,-0.00223135153170817,break,,,grid,1.0,USD_JPY
2025-05-21,put,143.88489208633095,2025-05-21 03:20:00,143.906,-0.0006671021361166485,break,-0.0005837143691020952,break,-0.00010423470876830265,reject,,,grid,1.0,USD_JPY
2025-05-21,put,143.88489208633095,2025-05-21 10:16:00,143.888,-0.001987657066607418,break,-0.0013899699766486417,break,-0.0010980762815524514,break,,,grid,1.0,USD_JPY
2025-05-21,put,143.88489208633095,2025-05-21 22:02:00,143.946,0.002667667041807542,reject,0.0011671043307908135,reject,,,,,grid,1.0,USD_JPY
2025-05-21,put,143.88489208633095,2025-05-21 23:16:00,143.909,-4.1693014335431045e-05,reject,,,,,,,grid,1.0,USD_JPY
2025-05-21,put,143.88489208633095,2025-05-21 23:20:00,143.912,-0.0006670743231975695,break,,,,,,,grid,1.0,USD_JPY
2025-05-21,put,143.88489208633095,2025-05-21 23:29:00,143.896,-0.0007227442041473076,break,,,,,,,grid,1.0,USD_JPY
2025-05-22,put,143.88489208633095,2025-05-22 14:02:00,143.872,-2.7802491103345872e-05,break,-0.0005560498220641419,break,0.00250222419928825,reject,,,grid,1.0,USD_JPY
2025-05-22,put,143.88489208633095,2025-05-22 15:17:00,143.894,-0.0005281665670562319,break,0.0005698639276132678,reject,0.0012717694969908155,reject,,,grid,1.0,USD_JPY
2025-05-22,put,143.88489208633095,2025-05-22 20:31:00,143.914,0.0002501493947775213,reject,0.0009658546076130037,reject,,,,,grid,1.0,USD_JPY
2025-05-22,put,143.88489208633095,2025-05-22 22:04:00,143.911,-0.00010423108726931307,reject,-0.0005211554363460102,break,,,,,grid,1.0,USD_JPY
2025-05-23,put,143.88489208633095,2025-05-23 00:03:00,143.994,-0.0011667152798033875,break,-0.0004930761003930639,reject,-0.004069614011695033,break,,,grid,1.0,USD_JPY
2025-05-23,put,143.88489208633095,2025-05-23 00:09:00,143.88,-0.0006116207951070152,break,-0.000500417014178467,break,-0.0032805115373922833,break,,,grid,1.0,USD_JPY
2025-05-23,put,143.88489208633095,2025-05-23 01:05:00,143.882,-0.00021545433063208108,break,-0.0018139864611278478,break,-0.002793956158518851,break,,,grid,1.0,USD_JPY
2025-05-27,put,143.88489208633095,2025-05-27 09:54:00,143.902,0.00014593264860818245,reject,0.0016955983933510943,reject,0.0014454281385944956,reject,,,grid,1.0,USD_JPY
2025-05-27,put,143.88489208633095,2025-05-27 13:05:00,143.908,0.0010701281374212446,reject,0.002932429051894392,reject,0.002862940211802112,reject,,,grid,1.0,USD_JPY
2025-05-30,put,143.88489208633095,2025-05-30 00:54:00,143.782,-0.0008067769261800306,break,0.00011127957602474758,break,-9.73696290217374e-05,break,,,grid,1.0,USD_JPY
2025-05-30,put,143.88489208633095,2025-05-30 02:23:00,143.898,-4.86455683887943e-05,reject,-0.0001528860720787506,break,0.0001250886044281696,reject,,,grid,1.0,USD_JPY
2025-05-30,put,143.88489208633095,2025-05-30 03:00:00,143.89,0.00018764333866161387,reject,-0.0005003822364304522,break,8.339703940518639e-05,reject,,,grid,1.0,USD_JPY
2025-05-30,put,143.88489208633095,2025-05-30 03:49:00,143.922,-0.0011464543294283924,break,-0.0008476813829711993,break,0.0006739761815428569,reject,,,grid,1.0,USD_JPY
2025-05-30,put,143.88489208633095,2025-05-30 05:19:00,143.92,-0.00038910505836564635,break,0.0006461923290719263,reject,0.0011742634797109464,reject,,,grid,1.0,USD_JPY
2025-05-30,put,143.88489208633095,2025-05-30 06:23:00,143.916,-0.00041690986408737807,break,0.0012507295922621342,reject,-0.00020845493204368903,reject,,,grid,1.0,USD_JPY
2025-05-30,put,143.88489208633095,2025-05-30 06:37:00,143.9,-0.0005906879777624052,break,0.0010145934676857316,reject,-2.7797081306624172e-05,reject,,,grid,1.0,USD_JPY
2025-05-30,put,143.88489208633095,2025-05-30 07:04:00,143.956,0.0008196949067771353,reject,0.00018061074217134987,reject,-0.0005140459584872525,break,,,grid,1.0,USD_JPY
2025-05-30,put,143.88489208633095,2025-05-30 07:07:00,143.893,0.0017026540554438974,reject,0.00047257337049066983,reject,0.0001737402097392593,reject,,,grid,1.0,USD_JPY
2025-05-30,put,143.88489208633095,2025-05-30 08:06:00,143.912,0.0006948690866639406,reject,0.0013133025737950277,reject,-0.0010006114847963543,break,,,grid,1.0,USD_JPY
2025-05-30,put,143.88489208633095,2025-05-30 10:07:00,143.896,-4.169678100851559e-05,reject,0.00015288819703140888,reject,0.00047256351809643604,reject,,,grid,1.0,USD_JPY
2025-05-30,put,143.88489208633095,2025-05-30 10:11:00,143.87,0.0002641273371792874,reject,0.0006811705011466884,reject,-9.73100715925268e-05,break,,,grid,1.0,USD_JPY
2025-05-30,put,143.88489208633095,2025-05-30 10:32:00,143.908,4.864218806455156e-05,reject,0.0006948884009230216,reject,0.0003196486644245766,reject,,,grid,1.0,USD_JPY
2025-05-30,put,143.88489208633095,2025-05-30 10:54:00,143.901,0.00022932432714140027,reject,0.0001181367745881623,reject,0.002675450483318409,reject,,,grid,1.0,USD_JPY
2025-05-30,put,143.88489208633095,2025-05-30 11:02:00,143.904,0.0006115187903046326,reject,-0.00037525016677786294,break,0.0026753947075828233,reject,,,grid,1.0,USD_JPY
2025-05-30,put,143.88489208633095,2025-05-30 11:55:00,143.874,-0.0020295536372103573,break,-0.0010425789232245686,break,0.0022658715264745055,reject,,,grid,1.0,USD_JPY
2025-05-30,put,143.88489208633095,2025-05-30 13:37:00,143.906,0.0005698164079328549,reject,0.0013064083498950385,reject,-0.0005003266020875419,break,,,grid,1.0,USD_JPY
2025-05-30,put,143.88489208633095,2025-05-30 14:08:00,143.92,-0.0005697609783212876,break,0.001973318510283706,reject,-0.0005002779321843231,break,,,grid,1.0,USD_JPY
2025-05-30,put,143.88489208633095,2025-05-30 16:57:00,143.896,-0.00018068605103671587,break,-0.00022238283204523146,break,0.0010563184522156543,reject,,,grid,1.0,USD_JPY
2025-05-30,put,143.88489208633095,2025-05-30 17:10:00,143.874,-0.0001181589446320741,break,-0.00019461473233517435,break,,,,,grid,1.0,USD_JPY
2025-05-30,put,143.88489208633095,2025-05-30 19:58:00,143.897,0.0003683190059555752,reject,0.0011397040939005176,reject,,,,,grid,1.0,USD_JPY
2026-04-29,put,160.0,2026-04-29 14:54:00,160.058,0.0007872146346949993,reject,0.0012870334503742864,reject,0.002149220907420979,reject,,,grid,1.0,USD_JPY
2026-04-30,put,160.0,2026-04-30 07:57:00,160.153,-0.0007492834976553508,reject,-0.003996178654161908,break,-0.024070732362178604,break,,,grid,1.0,USD_JPY
2026-04-30,put,160.0,2026-04-30 08:03:00,159.967,0.0006563853794845365,reject,-0.0032319165827953134,break,-0.020685516387755176,break,,,grid,1.0,USD_JPY
2026-04-30,put,160.0,2026-04-30 08:06:00,159.992,-8.125406270298452e-05,break,-0.003087654382719185,break,-0.02205735286764332,break,,,grid,1.0,USD_JPY
2026-04-30,put,160.0,2026-04-30 08:19:00,159.996,-0.0003250081252033077,break,-0.003962599064976757,break,-0.021200530013250285,break,,,grid,1.0,USD_JPY
2026-06-03,put,160.0,2026-06-03 18:48:00,160.022,1.8747422229514754e-05,reject,0.00023746734823970606,reject,-0.0005436752446538184,break,,,grid,1.0,USD_JPY
2026-06-03,put,160.0,2026-06-03 21:46:00,160.008,0.0001874906254686337,reject,-2.499875006256591e-05,reject,,,,,grid,1.0,USD_JPY
2026-06-03,put,160.0,2026-06-03 22:30:00,160.018,-4.999437563280029e-05,reject,-0.00028746765988818535,break,,,,,grid,1.0,USD_JPY
2026-06-05,put,160.0,2026-06-05 13:01:00,159.878,0.0011321132363428799,reject,0.001751335393237241,reject,0.0025456910894556817,reject,,,grid,1.0,USD_JPY
2026-06-05,put,160.0,2026-06-05 13:07:00,160.042,0.000343659789305395,reject,0.0006748228589994465,reject,0.001562089951387735,reject,,,grid,1.0,USD_JPY
2026-06-05,put,160.0,2026-06-05 13:45:00,160.042,0.0007560515364717357,reject,0.0011621949238325158,reject,0.001737044025943213,reject,,,grid,1.0,USD_JPY
2026-06-08,put,160.0,2026-06-08 08:56:00,159.958,0.000525137848685242,reject,0.00031883369384466675,reject,6.251641055765589e-05,break,,,grid,1.0,USD_JPY
2026-06-08,put,160.0,2026-06-08 09:19:00,160.018,9.998875126537854e-05,reject,6.24929695414167e-06,reject,-0.00021247609643915144,break,,,grid,1.0,USD_JPY
2026-06-08,put,160.0,2026-06-08 10:34:00,159.988,-2.5001875140540086e-05,break,-0.0002875215641172657,break,0.0007625571917895257,reject,,,grid,1.0,USD_JPY
2026-07-30,put,160.0,2026-07-30 13:58:00,159.99,-0.00698168635539731,break,-0.0042002625164072604,break,-0.005975373460841427,break,,,grid,1.0,USD_JPY
2026-07-31,put,160.0,2026-07-31 06:51:00,160.116,0.0016612955607184787,reject,0.001817432361537863,reject,-0.0008244023083264773,break,,,grid,1.0,USD_JPY
2026-07-31,put,160.0,2026-07-31 06:53:00,160.056,0.002249212775528475,reject,0.001299545159194171,reject,-0.00039986004898295846,break,,,grid,1.0,USD_JPY
2026-07-31,put,160.0,2026-07-31 08:40:00,160.002,-0.004143698203772472,break,-0.0006874914063574877,break,0.0024749690628866894,reject,,,grid,1.0,USD_JPY
2026-07-31,put,160.0,2026-07-31 08:42:00,159.989,-0.007388007925544948,break,-0.0006062916825532172,break,0.002731437786347657,reject,,,grid,1.0,USD_JPY
2026-07-31,put,160.0,2026-07-31 08:55:00,159.339,0.00038910750036103003,break,0.003583554559775104,break,0.006595999723859158,reject,,,grid,1.0,USD_JPY
2026-07-31,put,160.0,2026-07-31 10:25:00,159.996,-0.0004500112502813236,break,0.0005375134378358126,reject,-0.0043563589089727905,break,,,grid,1.0,USD_JPY
2026-07-31,put,160.0,2026-07-31 11:08:00,160.014,0.0007561838339145144,reject,0.0012623895409151764,reject,-0.0069681402877248555,break,,,grid,1.0,USD_JPY
2026-07-31,put,160.0,2026-07-31 13:22:00,159.916,-0.003358012956802381,break,-0.003964581405237699,break,-0.0028640036018909854,break,,,grid,1.0,USD_JPY
2026-08-05,put,157.48031496062993,2026-08-05 00:56:00,157.468,0.0005016892320979238,reject,0.0010414814438490794,reject,0.0010922854167194629,reject,,,grid,1.0,USD_JPY
2026-08-05,put,157.48031496062993,2026-08-05 02:23:00,157.496,-0.0006349367602987988,break,-0.00045715446741501076,break,0.0015301975923196487,reject,,,grid,1.0,USD_JPY
2026-08-05,put,157.48031496062993,2026-08-05 11:21:00,157.52,0.00022854240731340347,reject,-0.0003809040121889318,break,0.0002539360081259545,reject,,,grid,1.0,USD_JPY
2026-08-05,put,157.48031496062993,2026-08-05 12:19:00,157.478,0.0003810056007822471,reject,0.0005715084011734817,reject,0.001060465588844206,reject,,,grid,1.0,USD_JPY
2026-08-05,put,157.48031496062993,2026-08-05 12:37:00,157.487,0.0007048200803876359,reject,0.00046353032313772857,reject,0.0012127985167029731,reject,,,grid,1.0,USD_JPY
2026-08-05,put,157.48031496062993,2026-08-05 13:33:00,157.496,8.254177883859626e-05,reject,-0.0001142886168538082,break,0.001358764667039214,reject,,,grid,1.0,USD_JPY
2026-08-05,put,157.48031496062993,2026-08-05 13:39:00,157.479,0.00032385270417001344,reject,0.00033655281021593986,reject,0.0014033617180702063,reject,,,grid,1.0,USD_JPY
2026-08-05,put,157.48031496062993,2026-08-05 14:00:00,157.472,-0.0006223328591750121,break,-6.98536882747236e-05,break,0.001492328794960196,reject,,,grid,1.0,USD_JPY
2026-08-05,put,157.48031496062993,2026-08-05 14:42:00,157.498,6.349286975093626e-05,reject,0.00045079937523007096,reject,0.0011047759336626495,reject,,,grid,1.0,USD_JPY
2026-08-05,put,157.48031496062993,2026-08-05 14:58:00,157.496,0.0003555645857671319,reject,0.0009968507136688398,reject,0.0010476456544927792,reject,,,grid,1.0,USD_JPY
2026-08-07,put,157.48031496062993,2026-08-07 12:34:00,156.834,0.002046750066949654,break,0.004820383335246259,reject,0.0036981776910618436,break,,,grid,1.0,USD_JPY
2026-08-07,put,157.48031496062993,2026-08-07 13:42:00,157.525,0.0012886843358197453,reject,0.0015553086811617156,reject,-0.0005395968893826542,break,,,grid,1.0,USD_JPY
2026-08-07,put,157.48031496062993,2026-08-07 15:40:00,157.49,0.00019683789446944822,reject,-0.0006476601688996109,break,6.34960949901231e-05,reject,,,grid,1.0,USD_JPY
2026-08-07,put,157.48031496062993,2026-08-07 15:54:00,157.495,9.524111876557662e-05,reject,-0.00046350677799300577,break,9.524111876557662e-05,reject,,,grid,1.0,USD_JPY
2026-08-07,put,157.48031496062993,2026-08-07 16:00:00,157.497,-0.00038730896461525166,break,-0.00022222645510727723,break,0.00036191165546006765,reject,,,grid,1.0,USD_JPY
2026-08-07,put,157.48031496062993,2026-08-07 19:01:00,157.524,0.00010157182397607656,reject,0.00018409893095649998,reject,,,,,grid,1.0,USD_JPY
2026-08-07,put,157.48031496062993,2026-08-07 19:30:00,157.494,3.809668939758204e-05,reject,0.00166355543703256,reject,,,,,grid,1.0,USD_JPY
2026-09-03,put,157.48031496062993,2026-09-03 05:52:00,157.523,-0.0011680833909968324,break,-0.003269363838931394,break,-0.0075608006449852105,break,,,grid,1.0,USD_JPY
2026-09-03,put,157.48031496062993,2026-09-03 05:54:00,157.467,-0.0007493633586721504,break,-0.0028894943067436785,break,-0.007068147611880571,break,,,grid,1.0,USD_JPY
2020-11-04,put,105.26315789473685,2020-11-04 02:42:00,105.28,-0.0007598784194529085,break,-0.002507598784194487,break,-0.0035524316109422083,break,,,grid,2.0,USD_JPY
2020-11-09,put,105.26315789473685,2020-11-09 15:02:00,105.234,4.751316114570692e-05,break,0.002033563297033192,reject,0.0022236159416160195,reject,,,grid,2.0,USD_JPY
2020-11-09,put,105.26315789473685,2020-11-09 15:14:00,105.262,0.0002660029260321828,reject,0.0027075297828276224,reject,0.0021280234082574623,reject,,,grid,2.0,USD_JPY
2020-11-09,put,105.26315789473685,2020-11-09 22:49:00,105.287,0.00032292685706680757,reject,-0.0018520805037659516,break,,,,,grid,2.0,USD_JPY
2020-11-09,put,105.26315789473685,2020-11-09 23:07:00,105.28,-7.598784194529085e-05,reject,,,,,,,grid,2.0,USD_JPY
2020-11-10,put,105.26315789473685,2020-11-10 11:22:00,105.299,-0.00014245149526581624,reject,-0.0007407477753824665,break,0.00011396119621265299,reject,,,grid,2.0,USD_JPY
2020-11-10,put,105.26315789473685,2020-11-10 13:55:00,105.266,-0.00013299640909703037,break,0.0006174833279501968,reject,-4.7498717534733004e-05,break,,,grid,2.0,USD_JPY
2020-11-10,put,105.26315789473685,2020-11-10 14:29:00,105.284,0.0010827856084494325,reject,-0.0002469511036815586,break,0.0004749059686182111,reject,,,grid,2.0,USD_JPY
2020-11-10,put,105.26315789473685,2020-11-10 15:06:00,105.265,0.000522490856409874,reject,-9.49983375297947e-06,reject,0.000541490523915833,reject,,,grid,2.0,USD_JPY
2020-11-10,put,105.26315789473685,2020-11-10 15:26:00,105.294,0.00037039147529771554,reject,2.849165194596104e-05,reject,4.7486086576675746e-05,reject,,,grid,2.0,USD_JPY
2020-11-10,put,105.26315789473685,2020-11-10 15:44:00,105.296,-0.0009686977662969332,break,0.00014245555386716013,reject,-0.0001519525907917041,reject,,,grid,2.0,USD_JPY
2020-11-10,put,105.26315789473685,2020-11-10 15:56:00,105.266,0.00011399692208313716,reject,0.0008739764026370889,reject,0.0002469933311799455,reject,,,grid,2.0,USD_JPY
2020-11-10,put,105.26315789473685,2020-11-10 16:28:00,105.278,0.0003609491061760117,reject,0.0006554075875300214,reject,0.00041794107030912464,reject,,,grid,2.0,USD_JPY
2020-11-10,put,105.26315789473685,2020-11-10 17:47:00,105.289,9.497668322477892e-06,reject,0.00027543238135030457,reject,-0.0003134230546401051,break,,,grid,2.0,USD_JPY
2020-11-10,put,105.26315789473685,2020-11-10 19:44:00,105.28,4.7492401215709634e-05,reject,0.00018996960486328263,reject,,,,,grid,2.0,USD_JPY
2020-11-10,put,105.26315789473685,2020-11-10 21:29:00,105.28,-0.0001519756838905817,reject,-0.00017097264437693216,break,,,,,grid,2.0,USD_JPY
2020-11-10,put,105.26315789473685,2020-11-10 22:17:00,105.272,-9.499202067031476e-05,break,3.799680826799268e-05,reject,,,,,grid,2.0,USD_JPY
2020-11-11,put,105.26315789473685,2020-11-11 06:44:00,105.283,0.00024695344927483376,reject,0.0009783155875116023,reject,0.0009783155875116023,reject,,,grid,2.0,USD_JPY
2020-11-12,put,105.26315789473685,2020-11-12 01:03:00,105.299,-0.00014245149526581624,reject,-0.00029439975688283493,reject,-0.0005128253829571605,break,,,grid,2.0,USD_JPY
2020-11-12,put,105.26315789473685,2020-11-12 03:02:00,105.273,0.0002754742431583246,reject,-9.499111832900198e-06,reject,-0.00022797868399304644,break,,,grid,2.0,USD_JPY
2020-11-12,put,105.26315789473685,2020-11-12 03:38:00,105.269,0.0002564857650400043,reject,0.00010449420057190295,reject,-4.749736389642045e-05,reject,,,grid,2.0,USD_JPY
2020-11-12,put,105.26315789473685,2020-11-12 08:11:00,105.284,0.00015196990995769433,reject,0.0005128984461075792,reject,-2.8494358117137075e-05,reject,,,grid,2.0,USD_JPY
2020-11-12,put,105.26315789473685,2020-11-12 09:35:00,105.284,-0.00026594734242624263,break,0.00024695110368133655,reject,0.0002849435811707046,reject,,,grid,2.0,USD_JPY
2020-11-12,put,105.26315789473685,2020-11-12 11:12:00,105.282,-9.498299804322485e-05,reject,4.749149902183447e-05,reject,-0.0007693622841511427,break,,,grid,2.0,USD_JPY
2020-11-12,put,105.26315789473685,2020-11-12 11:26:00,105.278,-3.799464275544562e-05,reject,0.00018047455308800586,reject,-0.0003894450882426792,break,,,grid,2.0,USD_JPY
2020-11-12,put,105.26315789473685,2020-11-12 12:11:00,105.281,0.00015197424036617058,reject,0.000759871201831297,reject,-0.0013962633333650665,break,,,grid,2.0,USD_JPY
2020-11-12,put,105.26315789473685,2020-11-12 13:48:00,105.271,-0.0008644355995477415,break,-0.00021848372296262575,break,-0.0004654653228335359,break,,,grid,2.0,USD_JPY
2021-01-07,put,103.62694300518136,2021-01-07 11:07:00,103.646,0.00020261273951716063,reject,0.0009455261177468977,reject,0.0012156764371031858,reject,,,grid,2.0,USD_JPY
2021-01-07,put,103.62694300518136,2021-01-07 11:42:00,103.635,0.0002798282433540411,reject,-0.00042456698991666375,break,0.002142133449124284,reject,,,grid,2.0,USD_JPY
2021-01-07,put,103.62694300518136,2021-01-07 11:52:00,103.644,0.0009648411871405749,reject,-0.00023156188491380014,break,0.002836633090193219,reject,,,grid,2.0,USD_JPY
2021-01-07,put,103.62694300518136,2021-01-07 12:25:00,103.652,-0.0003087253502103149,break,-0.0005692123644502889,break,0.001562922085439622,reject,,,grid,2.0,USD_JPY
2021-01-07,put,103.62694300518136,2021-01-07 12:35:00,103.64,-0.00035700501736790624,break,-0.0005982246236974076,break,0.001370127363952145,reject,,,grid,2.0,USD_JPY
2021-01-08,put,103.62694300518136,2021-01-08 13:45:00,103.624,0.00042461205898258747,reject,0.00210375974677679,reject,0.0032231915386398136,reject,,,grid,2.0,USD_JPY
2021-01-08,put,103.62694300518136,2021-01-08 13:59:00,103.636,0.0007140375931142806,reject,0.0024315874792544268,reject,0.0033965031456251182,reject,,,grid,2.0,USD_JPY
2021-01-13,put,103.62694300518136,2021-01-13 00:46:00,103.648,1.9296079036834612e-05,reject,-0.0009937480703920976,break,-0.00023155294844090513,break,,,grid,2.0,USD_JPY
2021-01-13,put,103.62694300518136,2021-01-13 07:28:00,103.648,-1.929607903672359e-05,reject,0.0006464186477308509,reject,0.0030101883297313226,reject,,,grid,2.0,USD_JPY
2021-01-14,put,103.62694300518136,2021-01-14 17:00:00,103.642,0.0002991065398199044,reject,7.718878446971722e-05,reject,0.000627158873815592,reject,,,grid,2.0,USD_JPY
2021-01-14,put,103.62694300518136,2021-01-14 17:49:00,103.645,0.0003569877948768063,reject,0.001032370109508518,reject,0.0014761927734092684,reject,,,grid,2.0,USD_JPY
2021-01-14,put,103.62694300518136,2021-01-14 18:21:00,103.702,0.0007039401361594866,reject,0.0010318026653295398,reject,0.0009643015563827184,reject,,,grid,2.0,USD_JPY
2021-01-15,put,103.62694300518136,2021-01-15 07:26:00,103.648,0.00025084902747773974,reject,0.00044380981784497564,reject,5.788823711028179e-05,reject,,,grid,2.0,USD_JPY
2021-01-15,put,103.62694300518136,2021-01-15 10:36:00,103.642,0.0002026205592327024,reject,0.0002701607456436772,reject,0.0010806429825747088,reject,,,grid,2.0,USD_JPY
2021-01-15,put,103.62694300518136,2021-01-15 11:18:00,103.649,0.00022190276799571862,reject,0.0004341575895570049,reject,0.0013893042865826821,reject,,,grid,2.0,USD_JPY
2021-01-15,put,103.62694300518136,2021-01-15 13:34:00,103.644,0.0007139824784840876,reject,0.0012542935432826585,reject,0.0015823395469105606,reject,,,grid,2.0,USD_JPY
2021-01-20,put,103.62694300518136,2021-01-20 15:09:00,103.646,-0.0009069332149816978,break,-0.0006946722497732649,break,-0.0005595970900952318,break,,,grid,2.0,USD_JPY
2021-01-22,put,103.62694300518136,2021-01-22 08:01:00,103.648,0.00018331275084904064,reject,2.8944118555029874e-05,reject,0.00034732942266124667,reject,,,grid,2.0,USD_JPY
2021-01-22,put,103.62694300518136,2021-01-22 08:20:00,103.641,-0.0002026225142559568,break,8.683822039534661e-05,reject,0.0004341911019769551,reject,,,grid,2.0,USD_JPY
2021-01-26,put,103.62694300518136,2021-01-26 13:38:00,103.644,9.648411871387985e-05,reject,-9.648411871454599e-06,reject,0.00032804600362768,reject,,,grid,2.0,USD_JPY
2021-01-26,put,103.62694300518136,2021-01-26 20:00:00,103.652,-0.00021224867826963312,reject,-0.0004823833597036309,break,,,,,grid,2.0,USD_JPY
2021-01-26,put,103.62694300518136,2021-01-26 22:07:00,103.64,-0.00020262446931684774,break,-0.000250868390582748,break,,,,,grid,2.0,USD_JPY
2021-01-27,put,103.62694300518136,2021-01-27 06:02:00,103.648,0.00021225686940429256,reject,0.0003183853041062168,reject,0.0013893176906452087,reject,,,grid,2.0,USD_JPY
2021-02-04,put,105.26315789473685,2021-02-04 12:07:00,105.282,3.799319921737876e-05,reject,-0.0004369217909993006,break,0.0013487585722156137,reject,,,grid,2.0,USD_JPY
2021-02-22,put,105.26315789473685,2021-02-22 14:37:00,105.26,-0.00039901197035907554,break,-0.0018240547216417102,break,-0.0021470644119323534,break,,,grid,2.0,USD_JPY
2021-02-23,put,105.26315789473685,2021-02-23 14:48:00,105.286,0.000142469084208674,reject,-0.0017666166441883124,break,-0.0003609216799954629,break,,,grid,2.0,USD_JPY
2021-02-23,put,105.26315789473685,2021-02-23 20:32:00,105.284,-0.00011397743246832626,reject,-1.8996238744795058e-05,reject,,,,,grid,2.0,USD_JPY
2021-02-24,put,105.26315789473685,2021-02-24 00:19:00,105.28,0.00018996960486328263,reject,0.000740881458966669,reject,0.0021276595744681437,reject,,,grid,2.0,USD_JPY
2021-04-08,put,109.2896174863388,2021-04-08 11:27:00,109.329,-0.0005945357590392275,break,-0.0012165116300341117,break,-0.0006677093909208676,break,,,grid,2.0,USD_JPY
2021-04-08,put,109.2896174863388,2021-04-08 23:09:00,109.31,-9.148293843197486e-05,reject,,,,,,,grid,2.0,USD_JPY
2021-04-08,put,109.2896174863388,2021-04-08 23:50:00,109.31,,,,,,,,,grid,2.0,USD_JPY
2021-04-09,put,109.2896174863388,2021-04-09 00:44:00,109.31,-0.0004574146921598743,break,-0.00018296587686394972,reject,0.00023785563992317904,reject,,,grid,2.0,USD_JPY
2021-04-12,put,109.2896174863388,2021-04-12 10:32:00,109.304,0.0002195711044425952,reject,-0.00023786869647945963,break,0.0006129693332357355,reject,,,grid,2.0,USD_JPY
2021-04-12,put,109.2896174863388,2021-04-12 11:14:00,109.31,-0.0004940078675327308,break,0.0005671942182783329,reject,0.0008416430335742575,reject,,,grid,2.0,USD_JPY
2021-04-12,put,109.2896174863388,2021-04-12 12:30:00,109.306,-0.00018297257241139953,break,0.0005031745741312932,reject,0.0009880518910214686,reject,,,grid,2.0,USD_JPY
2021-05-28,put,109.89010989010991,2021-05-28 00:39:00,109.914,0.00020925450806985602,reject,-1.8196044179963344e-05,reject,-0.0007642338555597927,break,,,grid,2.0,USD_JPY
2021-05-28,put,109.89010989010991,2021-05-28 01:15:00,109.912,0.00016376737753831527,reject,-0.00012737462697443025,reject,-0.000527694883179386,break,,,grid,2.0,USD_JPY
2021-05-28,put,109.89010989010991,2021-05-28 07:25:00,109.91,-0.00029114730233825714,break,-0.0005549995450823131,break,0.0006004913110726484,reject,,,grid,2.0,USD_JPY
2021-05-28,put,109.89010989010991,2021-05-28 14:52:00,109.961,-0.00011822373386938256,reject,-0.0012004256054419793,break,-0.0014004965396822167,break,,,grid,2.0,USD_JPY
2021-05-28,put,109.89010989010991,2021-05-28 15:29:00,109.908,-0.000318448156640061,break,-0.0008734578010700655,break,-0.0009280489136368475,break,,,grid,2.0,USD_JPY
2021-06-03,put,109.89010989010991,2021-06-03 12:44:00,109.891,0.000664294619213468,reject,0.0018108853318288265,reject,0.00352167147446103,reject,,,grid,2.0,USD_JPY
2021-06-04,put,109.89010989010991,2021-06-04 12:30:00,109.797,0.0005373553011467358,break,-0.001675819922220101,break,-0.0028871462790421853,break,,,grid,2.0,USD_JPY
2021-06-04,put,109.89010989010991,2021-06-04 12:42:00,109.92,-0.0015647743813682613,break,-0.0028384279475982543,break,-0.003993813682678371,break,,,grid,2.0,USD_JPY
2021-06-14,put,109.89010989010991,2021-06-14 13:59:00,109.912,0.00010008006405115566,reject,0.0006732658854355922,reject,0.001182764393332869,reject,,,grid,2.0,USD_JPY
2021-06-16,put,109.89010989010991,2021-06-16 07:23:00,109.91,0.0006004913110726484,reject,6.368847238658049e-05,reject,0.0005277044854881119,reject,,,grid,2.0,USD_JPY
2021-06-16,put,109.89010989010991,2021-06-16 08:19:00,109.914,0.00010917626508000211,reject,0.00043670506032000844,reject,-0.000727841767199755,break,,,grid,2.0,USD_JPY
2021-06-16,put,109.89010989010991,2021-06-16 12:03:00,109.9,-0.0004913557779799849,break,-0.0004913557779799849,break,-0.0003093721565059493,break,,,grid,2.0,USD_JPY
2021-06-16,put,109.89010989010991,2021-06-16 15:48:00,109.898,-0.0002911790933410874,break,9.09934666704082e-06,reject,0.006342244626835747,reject,,,grid,2.0,USD_JPY
2021-06-21,put,109.89010989010991,2021-06-21 03:17:00,109.917,-0.0005822575215845838,break,-0.0009734617938990109,break,0.00031842208211640965,reject,,,grid,2.0,USD_JPY
2021-06-21,put,109.89010989010991,2021-06-21 06:35:00,109.912,0.00030933837979474355,reject,0.0006914622607177012,reject,0.0018196375282042432,reject,,,grid,2.0,USD_JPY
2021-06-21,put,109.89010989010991,2021-06-21 06:46:00,109.881,0.0008190679007289425,reject,0.0010192844986849359,reject,0.0020021659795597113,reject,,,grid,2.0,USD_JPY
2021-06-21,put,109.89010989010991,2021-06-21 06:54:00,109.912,-0.0001091782516923212,reject,0.0013101390203069663,reject,0.0018924230293324573,reject,,,grid,2.0,USD_JPY
2021-06-21,put,109.89010989010991,2021-06-21 07:03:00,109.906,0.0005095263224936808,reject,0.0009644605390060068,reject,0.0020199079213145676,reject,,,grid,2.0,USD_JPY
2021-09-24,put,110.49723756906079,2021-09-24 07:05:00,110.501,0.00037103736617760674,reject,-0.0006425281219174517,break,-0.0006515778137754502,break,,,grid,2.0,USD_JPY
2021-09-24,put,110.49723756906079,2021-09-24 12:00:00,110.516,-9.048463570893173e-05,reject,0.0003347931521227032,reject,0.0019182742770276207,reject,,,grid,2.0,USD_JPY
2021-09-24,put,110.49723756906079,2021-09-24 12:54:00,110.521,0.000506691036092688,reject,0.001420544511902655,reject,0.002180581066041798,reject,,,grid,2.0,USD_JPY
2021-11-23,put,114.9425287356322,2021-11-23 07:19:00,114.97,-0.002452813777507168,break,-0.002313647038357902,break,-0.0012525006523441684,break,,,grid,2.0,USD_JPY
2021-11-23,put,114.9425287356322,2021-11-23 12:32:00,114.96,0.00033054975643720397,reject,-0.0002957550452330482,break,0.00010438413361169019,reject,,,grid,2.0,USD_JPY
2021-11-23,put,114.9425287356322,2021-11-23 13:06:00,114.952,-0.0007829354861159654,break,0.00033057276080450393,reject,6.959426543251546e-05,reject,,,grid,2.0,USD_JPY
2021-11-23,put,114.9425287356322,2021-11-23 14:03:00,114.966,-0.00034792895290769454,break,0.0005392898770071319,reject,-0.00022615381939006252,break,,,grid,2.0,USD_JPY
2021-11-23,put,114.9425287356322,2021-11-23 14:35:00,114.966,0.00042621296731204517,reject,0.0009220117252057847,reject,0.00045230763878012503,reject,,,grid,2.0,USD_JPY
2021-11-23,put,114.9425287356322,2021-11-23 15:47:00,114.95,6.089604175718577e-05,reject,0.0004697694649848927,reject,0.0008003479773814881,reject,,,grid,2.0,USD_JPY
2021-11-23,put,114.9425287356322,2021-11-23 16:02:00,114.957,0.00035665509712345944,reject,8.69890480803548e-06,reject,0.0008785893855964844,reject,,,grid,2.0,USD_JPY
2021-11-23,put,114.9425287356322,2021-11-23 16:19:00,114.962,-9.568379116586812e-05,reject,-0.0001913675823316252,break,0.0007828673822654064,reject,,,grid,2.0,USD_JPY
2021-11-23,put,114.9425287356322,2021-11-23 16:33:00,114.958,0.0003566519946414104,reject,0.0002522660449904013,reject,0.0009742688634108987,reject,,,grid,2.0,USD_JPY
2021-11-23,put,114.9425287356322,2021-11-23 17:01:00,114.958,-4.349414568793897e-05,reject,0.0006263156979071649,reject,0.0018528506063084649,reject,,,grid,2.0,USD_JPY
2021-11-23,put,114.9425287356322,2021-11-23 17:45:00,114.983,0.00024351425862945142,reject,0.00047833157945076366,reject,0.00120887435533934,reject,,,grid,2.0,USD_JPY
2021-11-23,put,114.9425287356322,2021-11-23 18:02:00,114.972,9.567546880995259e-05,reject,0.000817590369829313,reject,0.0010611279267995766,reject,,,grid,2.0,USD_JPY
2021-11-24,put,114.9425287356322,2021-11-24 04:06:00,114.99,-6.957126706663708e-05,reject,-0.00040003478563344075,reject,-0.0008696408383337406,break,,,grid,2.0,USD_JPY
2021-11-24,put,114.9425287356322,2021-11-24 04:22:00,114.975,0.0001478582300500353,reject,6.0882800608785814e-05,reject,-0.0007045009784735212,break,,,grid,2.0,USD_JPY
2021-11-24,put,114.9425287356322,2021-11-24 04:46:00,114.952,6.08949822535898e-05,reject,0.00026097849537198847,reject,7.829354861166316e-05,reject,,,grid,2.0,USD_JPY
2021-11-24,put,114.9425287356322,2021-11-24 05:55:00,114.972,-0.0006610305117766835,break,-0.00038270187523914423,break,-0.0006784260515603213,break,,,grid,2.0,USD_JPY
2021-11-24,put,114.9425287356322,2021-11-24 06:46:00,114.96,-0.0002435629784272031,break,-0.0005567153792622737,break,0.0009394572025052117,reject,,,grid,2.0,USD_JPY
2021-11-24,put,114.9425287356322,2021-11-24 09:52:00,114.962,0.00038273516466302837,reject,0.0007480732763869291,reject,0.0017310067674536356,reject,,,grid,2.0,USD_JPY
2021-11-26,put,114.9425287356322,2021-11-26 00:07:00,114.882,-0.00010445500600619884,break,0.0005222750300306611,break,-0.0016364617607632637,break,,,grid,2.0,USD_JPY
2021-11-26,put,114.9425287356322,2021-11-26 01:36:00,114.939,-0.00035671095102618455,break,-0.0010179312504893234,break,-0.002070663569371578,break,,,grid,2.0,USD_JPY
2021-12-16,put,113.63636363636365,2021-12-16 14:57:00,113.678,-0.0005981808265451694,break,0.0006509614877108216,reject,-1.7593553721884092e-05,reject,,,grid,2.0,USD_JPY
2021-12-16,put,113.63636363636365,2021-12-16 15:01:00,113.653,-0.0007038969494866931,break,0.0008446763393838985,reject,0.00018477294924013066,reject,,,grid,2.0,USD_JPY
2021-12-16,put,113.63636363636365,2021-12-16 16:07:00,113.652,0.0002639636785979338,reject,7.918910357940234e-05,reject,-0.0004399394643296306,break,,,grid,2.0,USD_JPY
2021-12-16,put,113.63636363636365,2021-12-16 16:53:00,113.654,0.00015837542013485972,reject,-0.0002815563024618495,break,-0.0001055836134231658,reject,,,grid,2.0,USD_JPY
2021-12-16,put,113.63636363636365,2021-12-16 17:07:00,113.661,-0.0002111542217647644,reject,-0.0005366836469854475,break,0.00018475994404409946,reject,,,grid,2.0,USD_JPY
2021-12-16,put,113.63636363636365,2021-12-16 19:24:00,113.655,-0.00011438124147644668,reject,-0.0004487264088689491,break,0.00017597114073297782,reject,,,grid,2.0,USD_JPY
2021-12-17,put,113.63636363636365,2021-12-17 01:39:00,113.659,0.00014957020561490175,reject,-0.00039592113251041283,break,-0.000959008965414121,break,,,grid,2.0,USD_JPY
2021-12-17,put,113.63636363636365,2021-12-17 02:24:00,113.667,-0.00046627429245071905,break,-0.0003079169855806363,break,-0.0009765367256987512,break,,,grid,2.0,USD_JPY
2021-12-17,put,113.63636363636365,2021-12-17 08:10:00,113.66,-0.00019355973957413397,reject,-0.0011085694175611005,break,-0.0018212211859932603,break,,,grid,2.0,USD_JPY
2021-12-20,put,113.63636363636365,2021-12-20 21:02:00,113.655,-8.798557036648891e-05,reject,-0.00020236681184282457,break,,,,,grid,2.0,USD_JPY
2021-12-21,put,113.63636363636365,2021-12-21 02:00:00,113.654,0.0001671740545867717,reject,1.7597268904046004e-05,reject,0.0007742798317702526,reject,,,grid,2.0,USD_JPY
2021-12-21,put,113.63636363636365,2021-12-21 02:26:00,113.654,0.00023756313020228959,reject,7.038907561551788e-05,reject,0.0006510989494430408,reject,,,grid,2.0,USD_JPY
2021-12-21,put,113.63636363636365,2021-12-21 03:38:00,113.655,-4.399278518318894e-05,reject,8.798557036659993e-05,reject,0.0006334961066385425,reject,,,grid,2.0,USD_JPY
2021-12-21,put,113.63636363636365,2021-12-21 07:48:00,113.649,0.00014958336632964198,reject,-0.0004311520558913928,break,0.00036075988350092736,reject,,,grid,2.0,USD_JPY
2022-01-12,put,114.9425287356322,2022-01-12 15:21:00,114.948,0.00040888053728660445,reject,-0.001722518008142715,break,-0.0032884434700908294,break,,,grid,2.0,USD_JPY
2022-01-12,put,114.9425287356322,2022-01-12 15:37:00,114.963,-0.0007915590233379399,break,-0.001939754529718285,break,-0.0038708106086305927,break,,,grid,2.0,USD_JPY
2022-01-18,put,114.9425287356322,2022-01-18 04:01:00,114.96,-2.6096033402978058e-05,reject,-0.0007741823242867207,break,-0.0007132915796798089,break,,,grid,2.0,USD_JPY
2022-01-27,put,114.9425287356322,2022-01-27 09:36:00,114.96,0.00020876826722338038,reject,0.0020180932498259363,reject,0.003583855254001511,reject,,,grid,2.0,USD_JPY
2022-01-31,put,114.9425287356322,2022-01-31 19:02:00,114.952,8.699283179081085e-05,reject,0.00038276845987894603,reject,0.0012700953441435736,reject,,,grid,2.0,USD_JPY
2022-01-31,put,114.9425287356322,2022-01-31 19:43:00,114.97,0.0003653126902669612,reject,0.0008176045925023523,reject,,,,,grid,2.0,USD_JPY
2022-02-01,put,114.9425287356322,2022-02-01 04:05:00,114.966,-6.95857905814723e-05,reject,-0.00023485204321282982,break,8.69822382270069e-05,reject,,,grid,2.0,USD_JPY
2022-02-01,put,114.9425287356322,2022-02-01 07:33:00,114.958,0.00014788009533917013,reject,0.0006263156979071649,reject,-0.0028010229823065558,break,,,grid,2.0,USD_JPY
2022-02-01,put,114.9425287356322,2022-02-01 08:50:00,114.965,-0.001278650023920358,break,-0.0020788935763058625,break,-0.0026877745400774034,break,,,grid,2.0,USD_JPY
2022-02-04,put,114.9425287356322,2022-02-04 00:43:00,114.97,-1.7395842393574945e-05,reject,-0.0011394276767852096,break,-0.0007654170653212944,break,,,grid,2.0,USD_JPY
2022-02-04,put,114.9425287356322,2022-02-04 00:53:00,114.961,-0.00028705387044303254,break,-0.0012525987073878087,break,-0.0007567783857134192,break,,,grid,2.0,USD_JPY
2022-02-04,put,114.9425287356322,2022-02-04 07:06:00,114.972,6.958215913455135e-05,reject,0.0012698744042027865,reject,-0.00020874647740320995,reject,,,grid,2.0,USD_JPY
2022-02-04,put,114.9425287356322,2022-02-04 09:45:00,114.96,-6.958942240775645e-05,reject,-0.00017397355601944664,break,0.0029749478079332814,reject,,,grid,2.0,USD_JPY
2022-02-07,put,114.9425287356322,2022-02-07 11:17:00,114.954,8.699131826639395e-05,reject,0.00017398263653300994,reject,0.00036536353671912103,reject,,,grid,2.0,USD_JPY
2022-02-07,put,114.9425287356322,2022-02-07 12:45:00,114.96,0.00010438413361169019,reject,0.0010786360473209466,reject,0.0010177453027140348,reject,,,grid,2.0,USD_JPY
2022-02-10,put,115.60693641618498,2022-02-10 07:11:00,115.628,0.00022485903068458768,reject,-0.00010378109108521993,reject,0.0016691458816202598,reject,,,grid,2.0,USD_JPY
2022-02-10,put,115.60693641618498,2022-02-10 07:33:00,115.604,0.0,break,0.00021625549288950552,reject,0.0018684474585652922,reject,,,grid,2.0,USD_JPY
2022-03-11,put,116.27906976744185,2022-03-11 00:57:00,116.32,-0.00013755158184314276,reject,-0.0003954607977990632,break,0.001994497936726347,reject,,,grid,2.0,USD_JPY
2022-03-11,put,116.27906976744185,2022-03-11 01:13:00,116.298,0.00014617620251411445,reject,-0.0003611412062116681,break,0.002846136648953612,reject,,,grid,2.0,USD_JPY
2022-03-14,put,117.64705882352943,2022-03-14 04:57:00,117.632,0.0010201305767136848,reject,0.0014281828073992031,reject,0.0008331066376496832,reject,,,grid,2.0,USD_JPY
2022-03-18,put,119.04761904761905,2022-03-18 10:54:00,119.085,-0.0005290338833605635,break,-0.0003610866188016315,break,0.001150438762228756,reject,,,grid,2.0,USD_JPY
2022-03-18,put,119.04761904761905,2022-03-18 11:00:00,119.07,-0.00013437473754929208,reject,-0.00013437473754929208,reject,0.0010078105316200237,reject,,,grid,2.0,USD_JPY
2022-03-25,put,121.95121951219514,2022-03-25 00:55:00,122.022,4.9171460884123164e-05,reject,-0.0006802052088968891,break,-0.004867974627526306,break,,,grid,2.0,USD_JPY
2022-03-25,put,121.95121951219514,2022-03-25 01:11:00,121.999,-0.0012868957942278048,break,-0.0016967352191410434,break,-0.004516430462544796,break,,,grid,2.0,USD_JPY
2022-03-25,put,121.95121951219514,2022-03-25 14:37:00,121.962,0.00047555796067610956,reject,-0.0008363260687755947,break,0.0010003115724570577,reject,,,grid,2.0,USD_JPY
2022-03-25,put,121.95121951219514,2022-03-25 14:57:00,122.001,0.00033606281915710134,reject,-0.0002458996237736377,reject,0.0008770419914589933,reject,,,grid,2.0,USD_JPY
2022-03-25,put,121.95121951219514,2022-03-25 15:07:00,122.006,-0.0004344048653344146,reject,1.639263642760902e-05,reject,0.0012458403685065012,reject,,,grid,2.0,USD_JPY
2022-03-25,put,121.95121951219514,2022-03-25 15:22:00,121.953,-0.0007625888662026181,break,0.0006149910211310505,reject,0.0014185792887424498,reject,,,grid,2.0,USD_JPY
2022-03-25,put,121.95121951219514,2022-03-25 17:25:00,121.971,0.0004345295193119991,reject,0.0008444630280968202,reject,,,,,grid,2.0,USD_JPY
2022-03-25,put,121.95121951219514,2022-03-25 17:34:00,121.963,0.0008117215876946027,reject,0.0009265104990858752,reject,,,,,grid,2.0,USD_JPY
2022-03-30,put,121.95121951219514,2022-03-30 01:23:00,122.124,0.0015885493432905573,reject,-0.00021289836559557074,reject,-0.0018342013035930194,break,,,grid,2.0,USD_JPY
2022-03-30,put,121.95121951219514,2022-03-30 02:22:00,122.054,-0.0005899028298950171,reject,-0.004948629295229989,break,-0.0027364936831238973,break,,,grid,2.0,USD_JPY
2022-03-30,put,121.95121951219514,2022-03-30 02:31:00,121.93,-0.0002624456655458962,break,-0.0025752480931682253,break,-0.002148773886656241,break,,,grid,2.0,USD_JPY
2022-03-30,put,121.95121951219514,2022-03-30 02:40:00,121.951,-0.0004346007822814135,break,-0.0028618051512492304,break,-0.001025001845003315,break,,,grid,2.0,USD_JPY
2022-03-30,put,121.95121951219514,2022-03-30 06:01:00,121.973,-0.0015331261836635246,break,-0.000729669680994971,break,-0.000713272609511928,break,,,grid,2.0,USD_JPY
2022-03-30,put,121.95121951219514,2022-03-30 06:09:00,121.943,-0.001959932099423578,break,-0.0013530911983467009,break,-5.740386902064465e-05,break,,,grid,2.0,USD_JPY
2022-03-30,put,121.95121951219514,2022-03-30 13:34:00,121.962,-0.0014102753316606043,break,-0.0013938767812925468,break,-0.0004263623095719371,break,,,grid,2.0,USD_JPY
2022-03-30,put,121.95121951219514,2022-03-30 15:03:00,121.988,3.2790110502611824e-05,reject,-0.0002623208840213387,reject,-0.001590320359379671,break,,,grid,2.0,USD_JPY
2022-03-30,put,121.95121951219514,2022-03-30 15:11:00,121.966,-0.0005165373956675934,break,1.6398012560925324e-05,reject,-0.0012544479609071235,break,,,grid,2.0,USD_JPY
2022-03-31,put,121.95121951219514,2022-03-31 00:02:00,121.964,0.002033386901052703,reject,0.0028615001147880292,reject,0.002918894099898317,reject,,,grid,2.0,USD_JPY
2022-03-31,put,121.95121951219514,2022-03-31 00:45:00,122.034,0.001974859465394996,reject,0.0008358326368060887,reject,0.0017044430240753528,reject,,,grid,2.0,USD_JPY
2022-03-31,put,121.95121951219514,2022-03-31 02:17:00,122.002,0.0008688382157671093,reject,0.0016884969098867053,reject,-0.0016803003229455271,break,,,grid,2.0,USD_JPY
2022-03-31,put,121.95121951219514,2022-03-31 06:03:00,121.932,-0.0008857395925597755,break,-0.0033789325197651765,break,-5.740904766593502e-05,break,,,grid,2.0,USD_JPY
2022-03-31,put,121.95121951219514,2022-03-31 08:45:00,121.946,0.001230052646253199,reject,0.00060682597215167,reject,-0.0017712758106046556,break,,,grid,2.0,USD_JPY
2022-03-31,put,121.95121951219514,2022-03-31 09:22:00,121.966,9.83880753653299e-05,reject,-0.0003935523014609865,break,-0.0016889952937703123,break,,,grid,2.0,USD_JPY
2022-03-31,put,121.95121951219514,2022-03-31 09:32:00,121.96,0.000639553952115568,reject,-0.00025418169891755493,break,-0.0024598228927517063,break,,,grid,2.0,USD_JPY
2022-03-31,put,121.95121951219514,2022-03-31 09:41:00,121.968,0.00019677292404574054,reject,-0.0011314443132625085,break,-0.002410468319559156,break,,,grid,2.0,USD_JPY
2022-03-31,put,121.95121951219514,2022-03-31 09:53:00,121.956,4.919807143566324e-05,reject,-0.0015907376430843723,break,-0.0031650759290237085,break,,,grid,2.0,USD_JPY
2022-04-01,put,121.95121951219514,2022-04-01 00:44:00,121.974,0.0011969764048076481,reject,0.0015577090199550003,reject,0.0043779821929263996,reject,,,grid,2.0,USD_JPY
2022-06-16,put,133.33333333333331,2022-06-16 08:55:00,133.319,-0.0011476233695121296,break,-0.0018827023905068074,break,-0.003930422520420973,break,,,grid,2.0,USD_JPY
2022-06-17,put,133.33333333333331,2022-06-17 02:10:00,133.323,0.00033752615827720156,reject,0.003007733099315013,reject,0.005182901674879892,reject,,,grid,2.0,USD_JPY
2022-06-17,put,133.33333333333331,2022-06-17 02:30:00,133.384,0.006447549931026364,reject,0.003088826246026466,reject,0.00536046302405091,reject,,,grid,2.0,USD_JPY
2022-06-17,put,133.33333333333331,2022-06-17 02:34:00,133.372,0.007347869117955819,reject,0.004423717122034487,reject,0.005833308340581267,reject,,,grid,2.0,USD_JPY
2022-06-17,put,133.33333333333331,2022-06-17 02:57:00,133.262,0.0035418949137788758,reject,0.006723597124461467,reject,0.007804175233750099,reject,,,grid,2.0,USD_JPY
2022-09-06,put,142.85714285714286,2022-09-06 15:41:00,142.884,0.00043391842333639907,reject,0.0008958315836624653,reject,-0.0004899078973152893,break,,,grid,2.0,USD_JPY
2022-09-06,put,142.85714285714286,2022-09-06 16:14:00,142.856,0.0004270034160274161,reject,0.0005180041440331351,reject,-0.00021000168001339414,break,,,grid,2.0,USD_JPY
2022-09-06,put,142.85714285714286,2022-09-06 16:22:00,142.885,0.0007908457850718253,reject,-7.698498792729769e-05,reject,-0.0005528921860236125,break,,,grid,2.0,USD_JPY
2022-09-06,put,142.85714285714286,2022-09-06 17:19:00,142.879,-3.499464581913081e-05,reject,0.0005459164747794176,reject,-0.0005669132622707629,break,,,grid,2.0,USD_JPY
2022-09-06,put,142.85714285714286,2022-09-06 18:39:00,142.888,-8.398185991831397e-05,reject,-0.0005318851128155444,break,0.0005738760427747014,reject,,,grid,2.0,USD_JPY
2022-09-06,put,142.85714285714286,2022-09-06 18:52:00,142.874,-0.00012598513375416953,break,-0.0006999174097456207,break,0.0025337010232793222,reject,,,grid,2.0,USD_JPY
2023-01-12,put,129.87012987012986,2023-01-12 13:34:00,129.748,0.0002003884452941307,break,0.0044008385485709844,reject,-0.0032216296204949924,break,,,grid,2.0,USD_JPY
2023-01-12,put,129.87012987012986,2023-01-12 13:38:00,129.962,-0.0018159154214307804,break,0.0028315969283330134,reject,-0.005555470060479073,break,,,grid,2.0,USD_JPY
2023-01-12,put,129.87012987012986,2023-01-12 13:45:00,130.032,-0.002568598498831065,break,0.003891349821582457,reject,-0.0057447397563678,break,,,grid,2.0,USD_JPY
2023-01-12,put,129.87012987012986,2023-01-12 13:48:00,129.984,-0.0016309699655343568,break,0.003646602658788689,reject,-0.005116014278680581,break,,,grid,2.0,USD_JPY
2023-01-12,put,129.87012987012986,2023-01-12 15:52:00,129.882,-0.00035416762907869437,break,-6.159437027464243e-05,reject,-0.004480990437473964,break,,,grid,2.0,USD_JPY
2023-01-24,put,129.87012987012986,2023-01-24 07:31:00,129.874,-0.0009008731539799086,break,0.0014629564038990406,reject,0.002879714184517157,reject,,,grid,2.0,USD_JPY
2023-01-24,put,129.87012987012986,2023-01-24 08:22:00,129.889,0.0012857131858741155,reject,0.0027331028801513835,reject,0.0022172778295312945,reject,,,grid,2.0,USD_JPY
2023-01-24,put,129.87012987012986,2023-01-24 16:28:00,129.899,0.0012702176306207402,reject,0.0006851476916680532,reject,0.0015627526000969727,reject,,,grid,2.0,USD_JPY
2023-01-24,put,129.87012987012986,2023-01-24 16:35:00,129.922,0.001539385169563312,reject,0.0003155739597604512,reject,0.001416234355998247,reject,,,grid,2.0,USD_JPY
2023-01-25,put,129.87012987012986,2023-01-25 09:34:00,129.92,-0.00043103448275849665,break,0.0009390394088670817,reject,0.00016933497536952835,reject,,,grid,2.0,USD_JPY
2023-01-25,put,129.87012987012986,2023-01-25 09:37:00,129.878,0.00013859160134899184,reject,0.0012473244121407046,reject,0.0001077934677158332,reject,,,grid,2.0,USD_JPY
2023-01-25,put,129.87012987012986,2023-01-25 11:05:00,129.878,-0.0011087328107914907,break,-0.0007237561403778958,break,-0.0037265741696052013,break,,,grid,2.0,USD_JPY
2023-01-25,put,129.87012987012986,2023-01-25 13:29:00,129.906,-0.0002694255846534821,reject,-0.0014856896525180519,break,-0.001755115237171534,break,,,grid,2.0,USD_JPY
2023-01-25,put,129.87012987012986,2023-01-25 13:37:00,129.892,0.00029255073445644264,reject,-0.00158593292889464,break,-0.001770701813814446,break,,,grid,2.0,USD_JPY
2023-01-25,put,129.87012987012986,2023-01-25 14:07:00,129.892,-0.0008468573892155273,break,-0.004372863609767963,break,-0.002463585132263635,break,,,grid,2.0,USD_JPY
2023-01-25,put,129.87012987012986,2023-01-25 16:11:00,129.886,-0.000954683337696105,break,-0.0015398118349936318,break,-0.0022789215157906773,break,,,grid,2.0,USD_JPY
2023-01-26,put,129.87012987012986,2023-01-26 09:22:00,129.892,0.0001077818495365257,reject,-0.00014627536722822132,reject,-0.0007698703538323581,break,,,grid,2.0,USD_JPY
2023-01-26,put,129.87012987012986,2023-01-26 09:30:00,129.814,0.0009860261605065812,reject,-0.00045449643335848666,break,0.0020798989323185246,reject,,,grid,2.0,USD_JPY
2023-01-26,put,129.87012987012986,2023-01-26 09:43:00,129.89,0.0005851104780969507,reject,-0.0009546539379474694,break,0.0010162445145893706,reject,,,grid,2.0,USD_JPY
2023-01-26,put,129.87012987012986,2023-01-26 09:50:00,129.917,0.00036946665948267565,reject,-0.00149326108207537,break,-6.92749986530572e-05,reject,,,grid,2.0,USD_JPY
2023-01-26,put,129.87012987012986,2023-01-26 10:11:00,129.868,-0.0005698093448731623,break,-0.000577509471155202,break,0.0005236085871809237,reject,,,grid,2.0,USD_JPY
2023-01-26,put,129.87012987012986,2023-01-26 12:21:00,129.894,-0.00022325896500219322,break,-0.0008930358600089949,break,0.004295810430043012,reject,,,grid,2.0,USD_JPY
2023-01-26,put,129.87012987012986,2023-01-26 13:34:00,129.908,0.0002309326600362649,reject,0.0016473196415927038,reject,0.0031868707085014325,reject,,,grid,2.0,USD_JPY
2023-01-26,put,129.87012987012986,2023-01-26 13:36:00,129.934,-0.0005079501900965289,break,0.0011390398202164587,reject,0.0029784352055659546,reject,,,grid,2.0,USD_JPY
2023-01-26,put,129.87012987012986,2023-01-26 13:49:00,129.938,-0.0015391956163708365,break,0.002416537117702511,reject,0.002939863627268391,reject,,,grid,2.0,USD_JPY
2023-01-26,put,129.87012987012986,2023-01-26 14:13:00,129.922,0.0009698126568249421,reject,0.002401440864518767,reject,0.0024168347162143444,reject,,,grid,2.0,USD_JPY
2023-01-26,put,129.87012987012986,2023-01-26 23:30:00,129.804,-0.0003620843733629364,break,,,,,,,grid,2.0,USD_JPY
2023-01-27,put,129.87012987012986,2023-01-27 06:10:00,129.9,-6.158583525794903e-05,reject,0.001508852963818308,reject,-0.0007698229407235857,break,,,grid,2.0,USD_JPY
2023-01-27,put,129.87012987012986,2023-01-27 07:55:00,129.908,-0.0007389845121160699,break,0.00014625735135642692,reject,0.0002771191920436511,reject,,,grid,2.0,USD_JPY
2023-01-27,put,129.87012987012986,2023-01-27 08:03:00,129.802,0.0010477496494660787,reject,0.0003158657031478995,break,0.0007087718216978178,reject,,,grid,2.0,USD_JPY
2023-01-27,put,129.87012987012986,2023-01-27 08:22:00,129.904,0.00022324177854415872,reject,-0.0008621751447221992,break,0.00013086587018107387,reject,,,grid,2.0,USD_JPY
2023-01-27,put,129.87012987012986,2023-01-27 08:41:00,129.892,0.00039263388045474024,reject,-0.0003233455486095771,break,0.00044652480522278104,reject,,,grid,2.0,USD_JPY
2023-01-27,put,129.87012987012986,2023-01-27 09:00:00,129.852,-0.000385053753504061,break,6.160860056070305e-05,break,0.0002772387025229417,reject,,,grid,2.0,USD_JPY
2023-01-27,put,129.87012987012986,2023-01-27 09:52:00,129.886,-0.0006005266156475786,break,-0.0009469842785211346,break,-0.0012626457046948092,break,,,grid,2.0,USD_JPY
2023-01-27,put,129.87012987012986,2023-01-27 11:43:00,129.899,0.0001616640620789589,reject,5.388802069306031e-05,reject,-0.00036181956751013544,break,,,grid,2.0,USD_JPY
2023-01-27,put,129.87012987012986,2023-01-27 12:00:00,129.888,-0.00027716186252768615,break,0.0,reject,0.0006159152500615495,reject,,,grid,2.0,USD_JPY
2023-01-27,put,129.87012987012986,2023-01-27 12:11:00,129.894,0.00044651793000438644,reject,-0.0002771490600027571,break,0.0003233405700031611,reject,,,grid,2.0,USD_JPY
2023-01-27,put,129.87012987012986,2023-01-27 12:29:00,129.914,-9.236879782015261e-05,reject,-0.0005003309881921325,break,6.157919854676841e-05,reject,,,grid,2.0,USD_JPY
2023-01-27,put,129.87012987012986,2023-01-27 12:45:00,129.901,-0.00010007621188445892,reject,-0.001732088282615396,break,-0.0004233993579726425,break,,,grid,2.0,USD_JPY
2023-01-27,put,129.87012987012986,2023-01-27 14:14:00,129.894,7.698585000071034e-05,reject,-0.0008006528400080759,break,-3.0794340000417364e-05,reject,,,grid,2.0,USD_JPY
2023-01-27,put,129.87012987012986,2023-01-27 14:26:00,129.9,0.0005465742879138258,reject,-6.158583525794903e-05,reject,8.468052347954114e-05,reject,,,grid,2.0,USD_JPY
2023-01-27,put,129.87012987012986,2023-01-27 14:43:00,129.884,1.5398355455609192e-05,reject,-0.00024637368729008013,break,0.00037725970866309133,reject,,,grid,2.0,USD_JPY
2023-01-27,put,129.87012987012986,2023-01-27 15:01:00,129.874,-0.00016939495203038835,break,0.0007314782019496313,reject,0.00010779678765571177,reject,,,grid,2.0,USD_JPY
2023-01-27,put,129.87012987012986,2023-01-27 15:51:00,129.916,-0.00044644231657375855,break,-0.00037716678469168485,break,5.3880969241637544e-05,reject,,,grid,2.0,USD_JPY
2023-01-27,put,129.87012987012986,2023-01-27 16:03:00,129.897,-0.00039261876717699984,break,2.3095221598712357e-05,reject,0.00015396814399104564,reject,,,grid,2.0,USD_JPY
2023-01-27,put,129.87012987012986,2023-01-27 16:12:00,129.892,4.619222123003475e-05,reject,1.539740707667825e-05,reject,-0.0001154805530747538,reject,,,grid,2.0,USD_JPY
2023-01-27,put,129.87012987012986,2023-01-27 16:27:00,129.898,-0.000415710788464807,break,-0.0001231735669524614,reject,-3.079339173805984e-05,reject,,,grid,2.0,USD_JPY
2023-01-27,put,129.87012987012986,2023-01-27 16:31:00,129.897,-0.0004849996535716272,break,-0.00016166655119043138,reject,8.468247919513061e-05,reject,,,grid,2.0,USD_JPY
2023-01-27,put,129.87012987012986,2023-01-27 17:03:00,129.9,-2.3094688221814152e-05,reject,0.00021555042340248853,reject,-0.0001000769822940839,reject,,,grid,2.0,USD_JPY
2023-01-27,put,129.87012987012986,2023-01-27 17:13:00,129.886,0.00012318494679952607,reject,0.0001539811834994076,reject,-0.00026946707112385226,break,,,grid,2.0,USD_JPY
2023-01-27,put,129.87012987012986,2023-01-27 18:14:00,129.89,0.00015397644160453083,reject,-1.5397644160253243e-05,reject,,,,,grid,2.0,USD_JPY
2023-01-27,put,129.87012987012986,2023-01-27 19:00:00,129.888,4.619364375457735e-05,reject,0.0002309682187731088,reject,,,,,grid,2.0,USD_JPY
2023-01-27,put,129.87012987012986,2023-01-27 19:27:00,129.897,0.00010007929359412415,reject,-2.3095221598490312e-05,reject,,,,,grid,2.0,USD_JPY
2023-01-27,put,129.87012987012986,2023-01-27 20:05:00,129.885,3.849559225455046e-05,reject,-0.00011548677676398444,break,,,,,grid,2.0,USD_JPY
2023-01-30,put,129.87012987012986,2023-01-30 00:50:00,129.892,0.0019862655128877194,reject,0.002355803282727331,reject,-0.002786930680873323,break,,,grid,2.0,USD_JPY
2023-01-30,put,129.87012987012986,2023-01-30 04:00:00,129.429,-0.0016997736210586645,break,0.0006876356921554638,break,0.002201979463644088,break,,,grid,2.0,USD_JPY
2023-01-30,put,129.87012987012986,2023-01-30 10:35:00,129.896,-0.0002078585945678446,break,0.001878425817577245,reject,0.002309539939644001,reject,,,grid,2.0,USD_JPY
2023-01-30,put,129.87012987012986,2023-01-30 10:49:00,129.88,0.0008469356328919542,reject,0.002594702802587223,reject,0.0030951647674777316,reject,,,grid,2.0,USD_JPY
2023-01-31,put,129.87012987012986,2023-01-31 13:55:00,129.876,0.000161692691490245,reject,-0.00023098955927192133,break,0.0025947827158212533,reject,,,grid,2.0,USD_JPY
2023-01-31,put,129.87012987012986,2023-01-31 14:10:00,129.897,-0.0005157932823697253,break,0.0009392056783452674,reject,0.002394204639060149,reject,,,grid,2.0,USD_JPY
2023-01-31,put,129.87012987012986,2023-01-31 14:23:00,129.87,0.00029260029260025355,reject,0.001339801339801383,reject,0.0022253022253020394,reject,,,grid,2.0,USD_JPY
2023-01-31,put,129.87012987012986,2023-01-31 14:50:00,129.924,-0.0002155106062007306,reject,0.0011160370678240383,reject,0.0014931806286750948,reject,,,grid,2.0,USD_JPY
2023-02-01,put,129.87012987012986,2023-02-01 00:54:00,129.886,0.0003772538995734376,reject,0.0006775172073971714,reject,0.0028332537763884336,reject,,,grid,2.0,USD_JPY
2023-02-01,put,129.87012987012986,2023-02-01 01:00:00,129.904,0.0003541076487252326,reject,0.0008621751447221992,reject,0.002532639487621724,reject,,,grid,2.0,USD_JPY
2023-02-01,put,129.87012987012986,2023-02-01 09:04:00,129.904,-0.00022324177854415872,reject,0.00022324177854415872,reject,-0.000723611282177572,break,,,grid,2.0,USD_JPY
2023-02-01,put,129.87012987012986,2023-02-01 09:45:00,129.894,-6.15886800007237e-05,reject,-0.00013857453000143405,reject,-0.0030178453200301325,break,,,grid,2.0,USD_JPY
2023-02-01,put,129.87012987012986,2023-02-01 09:55:00,129.89,0.00021556701824643199,reject,-0.000331049349449386,break,-0.003941796905073569,break,,,grid,2.0,USD_JPY
2023-02-01,put,129.87012987012986,2023-02-01 09:59:00,129.88,0.0005004619648907305,reject,-0.00041576840160151285,break,-0.003849707422235893,break,,,grid,2.0,USD_JPY
2023-02-01,put,129.87012987012986,2023-02-01 10:05:00,129.892,0.000315646845071349,reject,-0.000569704061835874,break,-0.0043420687956147175,break,,,grid,2.0,USD_JPY
2023-02-01,put,129.87012987012986,2023-02-01 10:24:00,129.904,5.388594654509582e-05,reject,-0.0008621751447221992,break,-0.0038336001970685762,break,,,grid,2.0,USD_JPY
2023-02-02,put,128.20512820512818,2023-02-02 00:25:00,128.244,0.0007173824896291592,reject,0.0025420292567293057,reject,0.001793456224072676,reject,,,grid,2.0,USD_JPY
2023-02-02,put,128.20512820512818,2023-02-02 13:22:00,128.268,-0.0009355412105903627,break,-0.0007796176754918394,break,0.0009199488570803549,reject,,,grid,2.0,USD_JPY
2023-02-02,put,128.20512820512818,2023-02-02 13:24:00,128.232,-0.00012477384740150477,reject,-0.0003665231767421284,break,0.0008344251044980489,reject,,,grid,2.0,USD_JPY
2023-02-02,put,128.20512820512818,2023-02-02 13:28:00,128.21,0.0004211839950081231,reject,-0.00031978784806174776,break,0.0012089540597457482,reject,,,grid,2.0,USD_JPY
2023-02-02,put,128.20512820512818,2023-02-02 14:08:00,128.198,0.00011700650556156766,reject,0.005241891449164537,reject,0.001872104088987303,reject,,,grid,2.0,USD_JPY
2023-02-02,put,128.20512820512818,2023-02-02 14:17:00,128.196,-0.0007956566507535401,break,0.003947081032169564,reject,0.001903335517488891,reject,,,grid,2.0,USD_JPY
2023-03-17,put,131.57894736842104,2023-03-17 18:52:00,131.606,0.0010029937844779901,reject,0.002492287585672326,reject,,,,,grid,2.0,USD_JPY
2023-03-22,put,131.57894736842104,2023-03-22 18:37:00,131.471,-0.0017874664374654126,break,-0.0009659925002473146,break,-0.00022818720478279264,break,,,grid,2.0,USD_JPY
2023-03-22,put,131.57894736842104,2023-03-22 18:40:00,131.447,0.00017497546539657627,break,-0.0010574604213106076,break,3.803814465141997e-05,break,,,grid,2.0,USD_JPY
2023-03-22,put,131.57894736842104,2023-03-22 19:05:00,131.502,-0.0008821158613557811,break,-0.002927712126051474,break,-0.0024258186187283703,break,,,grid,2.0,USD_JPY
2023-03-23,put,131.57894736842104,2023-03-23 12:47:00,131.577,-0.0012692187844379754,break,-0.003116046117482507,break,-0.006695699096346597,break,,,grid,2.0,USD_JPY
2023-03-23,put,131.57894736842104,2023-03-23 12:49:00,131.616,-0.0015955506929249408,break,-0.003008752735229825,break,-0.006594942864089681,break,,,grid,2.0,USD_JPY
2023-03-27,put,131.57894736842104,2023-03-27 13:04:00,131.622,0.0003190955919221139,reject,-0.00033429062010914556,break,-0.00013675525368095354,reject,,,grid,2.0,USD_JPY
2023-03-27,put,131.57894736842104,2023-03-27 13:11:00,131.616,-0.00015195720885008424,reject,-0.00018234865061994565,reject,-0.00024313153416011257,reject,,,grid,2.0,USD_JPY
2023-03-27,put,131.57894736842104,2023-03-27 13:25:00,131.607,-0.0007826331426140642,break,-0.0012385359441368093,break,-0.00026594330088824947,break,,,grid,2.0,USD_JPY
2023-03-27,put,131.57894736842104,2023-03-27 16:50:00,131.598,1.5197799358546149e-05,reject,0.0007294943692151001,reject,-0.00027356038845571806,break,,,grid,2.0,USD_JPY
2023-03-27,put,131.57894736842104,2023-03-27 18:59:00,131.572,-0.00025841364424039615,break,9.120481561430971e-05,reject,-0.002401726811175675,break,,,grid,2.0,USD_JPY
2023-03-27,put,131.57894736842104,2023-03-27 19:56:00,131.604,-9.878119206108149e-05,reject,-0.000258350810005914,break,,,,,grid,2.0,USD_JPY
2023-03-29,put,131.57894736842104,2023-03-29 01:33:00,131.634,-0.00021271100171682544,reject,-0.0002355014661863386,reject,0.0006077457191910884,reject,,,grid,2.0,USD_JPY
2023-03-29,put,131.57894736842104,2023-03-29 01:36:00,131.58,-0.00014439884480932363,break,0.0003419972640217317,reject,0.0010791913664689456,reject,,,grid,2.0,USD_JPY
2023-03-29,put,131.57894736842104,2023-03-29 02:25:00,131.586,6.0796741294444345e-05,reject,0.0010791421579803284,reject,0.0024470688371101,reject,,,grid,2.0,USD_JPY
2023-03-29,put,131.57894736842104,2023-03-29 02:38:00,131.602,0.00022796006139724767,reject,0.0009346362517286266,reject,0.0019452591905897432,reject,,,grid,2.0,USD_JPY
2023-03-29,put,131.57894736842104,2023-03-29 04:18:00,131.599,-0.0003267502032688885,break,0.0010106459775531818,reject,0.003115525193960522,reject,,,grid,2.0,USD_JPY
2023-03-29,put,131.57894736842104,2023-03-29 09:44:00,131.606,0.0003343312614927374,reject,0.0014892938011945578,reject,0.006519459599106492,reject,,,grid,2.0,USD_JPY
2023-04-04,put,131.57894736842104,2023-04-04 15:40:00,131.574,0.0004256160031614886,reject,0.00044081657470318447,reject,0.0003496131454541196,reject,,,grid,2.0,USD_JPY
2023-04-04,put,131.57894736842104,2023-04-04 15:54:00,131.642,-0.0006456905850716899,break,-9.115631789247125e-05,reject,0.00014433083666309798,reject,,,grid,2.0,USD_JPY
2023-04-04,put,131.57894736842104,2023-04-04 15:57:00,131.608,-0.0003039328916174533,break,-6.83849006140047e-05,reject,0.0002735396024557968,reject,,,grid,2.0,USD_JPY
2023-04-04,put,131.57894736842104,2023-04-04 16:07:00,131.562,0.00028123622322540065,reject,0.0008893145437132155,reject,0.0006916890895545258,reject,,,grid,2.0,USD_JPY
2023-04-04,put,131.57894736842104,2023-04-04 16:38:00,131.608,7.59832229042523e-05,reject,0.0006686523615584417,reject,0.0007142422953012595,reject,,,grid,2.0,USD_JPY
2023-04-04,put,131.57894736842104,2023-04-04 16:51:00,131.582,0.0006079858947274364,reject,0.0009423781368271822,reject,0.0014363666762930993,reject,,,grid,2.0,USD_JPY
2023-04-04,put,131.57894736842104,2023-04-04 19:34:00,131.595,0.00020517496865402052,reject,0.0007295109996581228,reject,-0.0008738933850070962,break,,,grid,2.0,USD_JPY
2023-04-04,put,131.57894736842104,2023-04-04 23:16:00,131.57,-0.0012616857946340376,break,,,,,,,grid,2.0,USD_JPY
2023-04-05,put,131.57894736842104,2023-04-05 05:53:00,131.584,-0.00011399562256819706,break,-0.00019759241245143055,break,0.0005775778210115323,reject,,,grid,2.0,USD_JPY
2023-04-05,put,131.57894736842104,2023-04-05 09:09:00,131.61,0.0008737937846665655,reject,-0.0001975533774030147,reject,-0.0041790137527544235,break,,,grid,2.0,USD_JPY
2023-04-05,put,131.57894736842104,2023-04-05 10:08:00,131.594,0.0005927321914374062,reject,0.0009118956791343003,reject,-0.005828533215800125,break,,,grid,2.0,USD_JPY
2023-04-05,put,131.57894736842104,2023-04-05 11:26:00,131.604,-0.0009954104738457703,break,-0.0036928968724356803,break,-0.0048858697304032805,break,,,grid,2.0,USD_JPY
2023-04-06,put,131.57894736842104,2023-04-06 12:51:00,131.58,0.001352789177686553,reject,0.001048791609666866,reject,0.00024319805441552766,reject,,,grid,2.0,USD_JPY
2023-04-06,put,131.57894736842104,2023-04-06 13:33:00,131.604,0.0009270234947265088,reject,0.0015956961794472146,reject,0.00024315370353478194,reject,,,grid,2.0,USD_JPY
2023-04-06,put,131.57894736842104,2023-04-06 16:29:00,131.601,0.00018996816133620698,reject,0.00022036306715000897,reject,0.0015881338287704327,reject,,,grid,2.0,USD_JPY
2023-04-06,put,131.57894736842104,2023-04-06 16:54:00,131.588,0.00033437699486293937,reject,0.0007219503298172558,reject,0.001550293339818376,reject,,,grid,2.0,USD_JPY
2023-04-07,put,131.57894736842104,2023-04-07 01:25:00,131.596,-0.00015198030335272783,break,0.0005395300769019951,reject,0.0005927231830755719,reject,,,grid,2.0,USD_JPY
2023-04-07,put,131.57894736842104,2023-04-07 01:36:00,131.571,9.88059678805886e-05,reject,0.0008208495793147197,reject,0.0011780711554978396,reject,,,grid,2.0,USD_JPY
2023-04-07,put,131.57894736842104,2023-04-07 10:44:00,131.6,-0.0005167173252278445,break,0.00041033434650450396,reject,0.0040121580547112234,reject,,,grid,2.0,USD_JPY
2023-04-07,put,131.57894736842104,2023-04-07 12:29:00,131.589,0.004977619709854109,reject,0.005122008678537071,reject,0.0044228620933359775,reject,,,grid,2.0,USD_JPY
2023-05-19,put,137.93103448275863,2023-05-19 15:14:00,137.993,-0.00250737356242714,break,-0.0016305174900175246,break,0.0007029342068076705,reject,,,grid,2.0,USD_JPY
2023-05-19,put,137.93103448275863,2023-05-19 20:05:00,137.95,2.1747009786299287e-05,reject,,,,,,,grid,2.0,USD_JPY
2023-05-22,put,137.93103448275863,2023-05-22 06:20:00,137.952,-0.0006161563442357298,break,-0.0006668986314078973,break,-0.00013772906518216832,reject,,,grid,2.0,USD_JPY
2023-05-22,put,137.93103448275863,2023-05-22 08:33:00,137.952,-0.0006813964277428974,break,-0.0009568545581072341,break,0.002015193690559025,reject,,,grid,2.0,USD_JPY
2023-05-31,put,139.37282229965157,2023-05-31 05:37:00,139.428,0.00014344321083292755,reject,-0.00015778753191608708,reject,0.002954930143156398,reject,,,grid,2.0,USD_JPY
2023-05-31,put,139.37282229965157,2023-05-31 05:40:00,139.376,0.0005524624038570902,reject,0.00040179083916869196,reject,0.003271725404660586,reject,,,grid,2.0,USD_JPY
2023-05-31,put,139.37282229965157,2023-05-31 06:00:00,139.36,0.00033008036739379243,reject,0.0011768082663603519,reject,0.00391791044776113,reject,,,grid,2.0,USD_JPY
2023-05-31,put,139.37282229965157,2023-05-31 06:16:00,139.398,0.0007532389273876561,reject,0.0016642993443234388,reject,0.003385988321209732,reject,,,grid,2.0,USD_JPY
2023-05-31,put,139.37282229965157,2023-05-31 06:38:00,139.41,0.0005236353202784372,reject,0.0018650025105801937,reject,0.003270927480094832,reject,,,grid,2.0,USD_JPY
2023-05-31,put,139.37282229965157,2023-05-31 06:45:00,139.35,0.0012486544671690414,reject,0.002554718335127326,reject,0.003939720129171098,reject,,,grid,2.0,USD_JPY
2023-05-31,put,139.37282229965157,2023-05-31 17:45:00,139.364,0.00017221090095009828,reject,-0.0006888436038001711,break,-0.00030136907666256096,break,,,grid,2.0,USD_JPY
2023-05-31,put,139.37282229965157,2023-05-31 17:59:00,139.412,-0.0004662439388287698,break,-0.0008033741715203213,break,-0.0006957794164060838,break,,,grid,2.0,USD_JPY
2023-07-19,put,139.86013986013987,2023-07-19 11:02:00,139.908,0.0005503616662378974,reject,-0.0009005918174799232,break,-0.002530234153872435,break,,,grid,2.0,USD_JPY
2023-07-19,put,139.86013986013987,2023-07-19 11:47:00,139.918,-0.0009719978844751065,break,-0.0018296430766592264,break,-0.0014579968267128818,break,,,grid,2.0,USD_JPY
2023-07-19,put,139.86013986013987,2023-07-19 11:55:00,139.882,-0.0014798187043364441,break,-0.0019730916057820735,break,-0.001444074291188313,break,,,grid,2.0,USD_JPY
2023-07-19,put,139.86013986013987,2023-07-19 14:16:00,139.903,0.00015010400062909213,reject,-0.0019513520081770874,break,-0.002508881153370557,break,,,grid,2.0,USD_JPY
2023-07-19,put,139.86013986013987,2023-07-19 14:20:00,139.877,-0.0005075888101688797,break,-0.0016228543649063898,break,-0.002037504378847088,break,,,grid,2.0,USD_JPY
2023-07-19,put,139.86013986013987,2023-07-19 14:35:00,139.806,0.0004005550548615844,reject,-0.0008440267227445286,break,-0.0015449980687525233,break,,,grid,2.0,USD_JPY
2023-07-19,put,139.86013986013987,2023-07-19 14:43:00,139.87,-0.0018159719739757607,break,-0.0013155072567383463,break,-0.001687281046686362,break,,,grid,2.0,USD_JPY
2023-07-20,put,139.86013986013987,2023-07-20 13:11:00,139.9,-0.0007719799857041076,break,0.0010150107219442095,reject,0.003359542530378734,reject,,,grid,2.0,USD_JPY
2023-07-20,put,139.86013986013987,2023-07-20 13:59:00,139.87,0.001529992135554492,reject,0.003174376206477314,reject,0.002316436691213175,reject,,,grid,2.0,USD_JPY
2023-07-20,put,139.86013986013987,2023-07-20 14:01:00,139.872,0.001830244795241187,reject,0.00311713566689531,reject,0.0022663578128572226,reject,,,grid,2.0,USD_JPY
2023-07-20,put,139.86013986013987,2023-07-20 23:30:00,139.922,-0.0006860965395005802,break,,,,,,,grid,2.0,USD_JPY
2023-07-20,put,139.86013986013987,2023-07-20 23:40:00,139.85,0.0001573114050770208,reject,,,,,,,grid,2.0,USD_JPY
2023-07-21,put,139.86013986013987,2023-07-21 00:38:00,139.904,0.000278762580055103,reject,0.0015439158279964005,reject,0.001086459286367969,reject,,,grid,2.0,USD_JPY
2023-07-24,put,140.8450704225352,2023-07-24 11:38:00,140.91,0.0004258037044921892,reject,0.0007664466680861182,reject,0.0021574054360939954,reject,,,grid,2.0,USD_JPY
2023-07-24,put,140.8450704225352,2023-07-24 13:46:00,140.88,0.0019023282226007243,reject,0.0022288472458829034,reject,0.003861442362294243,reject,,,grid,2.0,USD_JPY
2023-07-25,put,140.8450704225352,2023-07-25 16:09:00,140.86,7.09924747976931e-05,reject,0.0016896209001846518,reject,0.00044725259122535554,reject,,,grid,2.0,USD_JPY
2023-07-25,put,140.8450704225352,2023-07-25 16:22:00,140.864,0.0008234893230347762,reject,0.001859950022716994,reject,0.0006389141299409928,reject,,,grid,2.0,USD_JPY
2023-07-25,put,140.8450704225352,2023-07-25 20:01:00,140.87,0.0005182082771348906,reject,0.0013700574998223303,reject,,,,,grid,2.0,USD_JPY
2023-07-25,put,140.8450704225352,2023-07-25 20:13:00,140.906,0.0002980710544617793,reject,0.0011355087789022278,reject,,,,,grid,2.0,USD_JPY
2023-07-25,put,140.8450704225352,2023-07-25 22:02:00,140.874,0.0005962775245964558,reject,0.0002981387622982279,reject,,,,,grid,2.0,USD_JPY
2023-07-26,put,140.8450704225352,2023-07-26 00:03:00,140.862,0.0007951044284477682,reject,0.0013630361630532217,reject,0.0007951044284477682,reject,,,grid,2.0,USD_JPY
2023-07-26,put,140.8450704225352,2023-07-26 06:15:00,140.876,-0.0017178227661206469,break,-0.0008305176183311946,break,-0.003634401885346028,break,,,grid,2.0,USD_JPY
2023-07-26,put,140.8450704225352,2023-07-26 06:20:00,140.864,-0.0018102567014992577,break,-0.0011003521126761173,break,-0.003585018173557386,break,,,grid,2.0,USD_JPY
2023-07-27,put,140.8450704225352,2023-07-27 14:10:00,140.894,0.001192385765185211,reject,0.00228540604993821,reject,-0.01054693599443568,break,,,grid,2.0,USD_JPY
2023-07-27,put,140.8450704225352,2023-07-27 14:14:00,140.874,0.0013771171401395499,reject,0.0020017888325738475,reject,-0.010406462512600023,break,,,grid,2.0,USD_JPY
2023-07-27,put,140.8450704225352,2023-07-27 17:04:00,140.266,-0.0033222591362125353,break,-0.0060884319792393615,break,-0.00589594057005971,break,,,grid,2.0,USD_JPY
2023-07-28,put,140.8450704225352,2023-07-28 03:37:00,140.626,-0.0045439676873409995,break,-0.01361056988039211,break,-0.00826305235162772,break,,,grid,2.0,USD_JPY
2023-07-28,put,140.8450704225352,2023-07-28 16:49:00,140.874,-0.0006246716924342977,break,0.00019166063290620983,reject,0.0021508582137228505,reject,,,grid,2.0,USD_JPY
2023-07-28,put,140.8450704225352,2023-07-28 17:55:00,140.858,0.0005324511209869875,reject,0.0005750472106660354,reject,,,,,grid,2.0,USD_JPY
2023-07-31,put,140.8450704225352,2023-07-31 00:53:00,140.896,0.00011355893708842046,reject,0.004457188280717839,reject,0.007012264365205523,reject,,,grid,2.0,USD_JPY
2023-07-31,put,140.8450704225352,2023-07-31 01:00:00,140.848,0.0014554697262296745,reject,0.005182892195842337,reject,0.007220549812563926,reject,,,grid,2.0,USD_JPY
2023-08-02,put,142.85714285714286,2023-08-02 05:01:00,142.844,-0.0012601159306656617,break,-0.0006020553890956348,break,-0.0034723194533895496,break,,,grid,2.0,USD_JPY
2023-08-02,put,142.85714285714286,2023-08-02 05:52:00,142.848,-0.0005460349462366176,break,-0.002030129928315527,break,-0.001372087813620304,break,,,grid,2.0,USD_JPY
2023-08-02,put,142.85714285714286,2023-08-02 05:59:00,142.89,-0.000419903422212653,break,-0.0018755686192173382,break,-0.0017076072503324768,break,,,grid,2.0,USD_JPY
2023-08-02,put,142.85714285714286,2023-08-02 11:54:00,142.876,-0.0004059464150731884,break,0.0015537948990733685,reject,0.0019807385425123503,reject,,,grid,2.0,USD_JPY
2023-08-03,put,142.85714285714286,2023-08-03 07:58:00,142.875,0.0006999125109361515,reject,-0.00034995625546818676,break,0.00041294838145233825,reject,,,grid,2.0,USD_JPY
2023-08-03,put,142.85714285714286,2023-08-03 08:00:00,142.903,0.0008117394316424775,reject,-4.19865223263427e-05,reject,0.0004408584844266539,reject,,,grid,2.0,USD_JPY
2023-08-03,put,142.85714285714286,2023-08-03 08:56:00,142.801,0.000511200901954556,reject,0.0007913109852171196,reject,0.00014705779371304573,break,,,grid,2.0,USD_JPY
2023-08-03,put,142.85714285714286,2023-08-03 09:04:00,142.83,7.001330252665028e-06,break,0.0010642021984175187,reject,-0.0010221942169013065,break,,,grid,2.0,USD_JPY
2023-08-03,put,142.85714285714286,2023-08-03 09:11:00,142.874,0.00012598513375428055,reject,0.0011198678555930375,reject,-0.0009168918067667953,break,,,grid,2.0,USD_JPY
2023-08-03,put,142.85714285714286,2023-08-03 09:15:00,142.866,0.0002309856788877962,reject,0.0011759270925200127,reject,-0.00046197135777581444,break,,,grid,2.0,USD_JPY
2023-08-03,put,142.85714285714286,2023-08-03 09:34:00,142.873,7.699145394868268e-05,reject,0.0005809355161576768,reject,-0.0009868904551594282,break,,,grid,2.0,USD_JPY
2023-08-03,put,142.85714285714286,2023-08-03 10:58:00,142.904,-4.898393326990824e-05,reject,0.00020993114258516243,reject,-0.004065666461400608,break,,,grid,2.0,USD_JPY
2023-08-03,put,142.85714285714286,2023-08-03 11:00:00,142.88,3.499440089571593e-05,reject,0.0006019036954088008,reject,-0.003947368421052588,break,,,grid,2.0,USD_JPY
2023-08-03,put,142.85714285714286,2023-08-03 11:16:00,142.85,0.00032201610080506704,reject,0.0005390269513476653,reject,-0.004893244662232954,break,,,grid,2.0,USD_JPY
2023-08-03,put,142.85714285714286,2023-08-03 11:32:00,142.918,-0.00020291355882395834,reject,-0.00040582711764780566,reject,-0.004967883681551766,break,,,grid,2.0,USD_JPY
2023-08-03,put,142.85714285714286,2023-08-03 11:38:00,142.887,6.99853730568023e-06,reject,-0.0004409078502591868,break,-0.0046050375471525795,break,,,grid,2.0,USD_JPY
2023-08-03,put,142.85714285714286,2023-08-03 11:44:00,142.882,0.0003639366750185502,reject,-0.0018056858106689777,break,-0.004486219397824676,break,,,grid,2.0,USD_JPY
2023-08-03,put,142.85714285714286,2023-08-03 12:02:00,142.882,0.0004129281505018678,reject,-0.0011897929760222858,break,-0.0030794641732337924,break,,,grid,2.0,USD_JPY
2023-08-03,put,142.85714285714286,2023-08-03 12:20:00,142.794,-0.00012605571662671622,break,-0.00048321358040270823,break,-0.002535120523271428,break,,,grid,2.0,USD_JPY
2023-09-28,put,149.2537313432836,2023-09-28 05:14:00,149.274,0.0003885472352853636,reject,0.0008440853732063491,reject,0.0006297144847728919,reject,,,grid,2.0,USD_JPY
2023-09-28,put,149.2537313432836,2023-09-28 07:08:00,149.3,-0.0005224380442062637,break,0.00039517749497663957,reject,4.688546550557504e-05,reject,,,grid,2.0,USD_JPY
2023-09-28,put,149.2537313432836,2023-09-28 07:49:00,149.268,0.0005091513251331836,reject,0.000924511616689383,reject,0.0002880724602727369,reject,,,grid,2.0,USD_JPY
2023-09-28,put,149.2537313432836,2023-09-28 09:42:00,149.284,1.3397283030958107e-05,reject,0.000234452453042433,reject,0.0003684252833526802,reject,,,grid,2.0,USD_JPY
2023-09-28,put,149.2537313432836,2023-09-28 12:10:00,149.273,0.00023446972995788684,reject,0.00034165589222445725,reject,-0.0001138852974080784,reject,,,grid,2.0,USD_JPY
2023-09-28,put,149.2537313432836,2023-09-28 12:20:00,149.297,-0.0007032961144562977,break,0.0005693349497981615,reject,-0.00028801650401555356,reject,,,grid,2.0,USD_JPY
2023-09-28,put,149.2537313432836,2023-09-28 12:30:00,149.189,0.0017494587402555606,reject,0.0007306168685359271,reject,4.692034935560585e-05,break,,,grid,2.0,USD_JPY
2023-09-28,put,149.2537313432836,2023-09-28 13:10:00,149.324,-4.018108274628229e-05,reject,-0.0009911333744074824,break,-0.0005491414641988213,break,,,grid,2.0,USD_JPY
2023-09-28,put,149.2537313432836,2023-09-28 13:35:00,149.254,0.0006431988422421764,reject,0.0004823991316815768,reject,0.00040199927640127697,reject,,,grid,2.0,USD_JPY
2023-09-28,put,149.2537313432836,2023-09-28 14:00:00,149.262,-0.00032158218434696906,break,0.0008843510069542759,reject,0.000763757687824107,reject,,,grid,2.0,USD_JPY
2023-09-28,put,149.2537313432836,2023-09-28 14:43:00,149.274,0.0005158299502927566,reject,-0.00026126452027808167,break,-0.0002143708884334572,break,,,grid,2.0,USD_JPY
2023-09-28,put,149.2537313432836,2023-09-28 15:40:00,149.28,-0.0004287245444801746,break,-0.0002411575562700774,break,-0.00012057877813509421,reject,,,grid,2.0,USD_JPY
2023-09-28,put,149.2537313432836,2023-09-28 17:07:00,149.266,-6.699449305258565e-05,reject,0.000710141626358407,reject,0.00021438237776871816,reject,,,grid,2.0,USD_JPY
2023-09-28,put,149.2537313432836,2023-09-28 18:26:00,149.276,-9.378600712783847e-05,reject,0.00015407701170988553,reject,-0.0001607760122189772,break,,,grid,2.0,USD_JPY
2023-09-28,put,149.2537313432836,2023-09-28 19:28:00,149.278,-0.0003215477163412972,break,-0.00018087059044191722,break,0.0004823215745120013,reject,,,grid,2.0,USD_JPY
2023-09-29,put,149.2537313432836,2023-09-29 05:48:00,149.265,-0.0006364519478779807,break,-0.00255250728569989,break,-0.0009848256456637117,break,,,grid,2.0,USD_JPY
2023-09-29,put,149.2537313432836,2023-09-29 14:30:00,149.264,9.379354700378428e-05,reject,0.0006699539071710614,reject,0.001487297673919974,reject,,,grid,2.0,USD_JPY
2023-09-29,put,149.2537313432836,2023-09-29 14:40:00,149.27,-0.0004421518054532614,break,0.001018289006498252,reject,0.0012862597976819323,reject,,,grid,2.0,USD_JPY
2023-09-29,put,149.2537313432836,2023-09-29 14:46:00,149.266,-5.3595594441957495e-05,reject,0.0010585129902322965,reject,0.0011255074832849932,reject,,,grid,2.0,USD_JPY
2023-09-29,put,149.2537313432836,2023-09-29 15:12:00,149.268,0.0004823538869684896,reject,0.0010718975265964215,reject,0.0011120936838437956,reject,,,grid,2.0,USD_JPY
2023-10-03,put,149.2537313432836,2023-10-03 14:12:00,148.877,0.001309806081530418,break,0.0019008980567849498,break,0.0011082974536025247,break,,,grid,2.0,USD_JPY
2023-10-04,put,149.2537313432836,2023-10-04 03:04:00,149.282,0.00012057716268532026,reject,-8.038477512362086e-05,reject,-0.000984713495264078,break,,,grid,2.0,USD_JPY
2023-10-04,put,149.2537313432836,2023-10-04 03:34:00,149.272,-8.708934026480097e-05,reject,-1.3398360040550727e-05,reject,-0.002773460528431193,break,,,grid,2.0,USD_JPY
2023-10-06,put,149.2537313432836,2023-10-06 12:33:00,149.358,0.0008034387177118241,reject,0.00010712516236144332,reject,-0.00100429839713978,break,,,grid,2.0,USD_JPY
2023-10-06,put,149.2537313432836,2023-10-06 13:20:00,149.257,0.0010116778442550434,reject,0.0003818916365729841,reject,3.349926636597722e-05,reject,,,grid,2.0,USD_JPY
2023-10-06,put,149.2537313432836,2023-10-06 14:13:00,149.276,-0.0002143680162920436,break,-0.00025456201934681566,break,0.00029475602240136567,reject,,,grid,2.0,USD_JPY
2023-10-06,put,149.2537313432836,2023-10-06 14:22:00,149.246,5.360277662380675e-05,reject,-0.00024121249480724138,break,0.0006968360961097098,reject,,,grid,2.0,USD_JPY
2023-10-06,put,149.2537313432836,2023-10-06 15:10:00,149.312,-0.0009778182597515173,break,-0.0010581868838406283,break,0.00016743463351898136,reject,,,grid,2.0,USD_JPY
2023-10-06,put,149.2537313432836,2023-10-06 17:14:00,149.234,0.00017422303228475933,reject,0.0005896779554257492,reject,,,,,grid,2.0,USD_JPY
2023-10-06,put,149.2537313432836,2023-10-06 18:37:00,149.278,0.0003483433593698404,reject,0.0004086335561837018,reject,,,,,grid,2.0,USD_JPY
2023-10-06,put,149.2537313432836,2023-10-06 20:56:00,149.261,,,,,,,,,grid,2.0,USD_JPY
2023-10-11,put,149.2537313432836,2023-10-11 17:52:00,149.266,-4.019669583155139e-05,reject,-0.0001607867833264276,break,-0.0010719118888427026,break,,,grid,2.0,USD_JPY
2023-10-11,put,149.2537313432836,2023-10-11 18:15:00,149.278,0.0001004836613567317,reject,-0.0004689237529976742,break,-0.0014335669020216768,break,,,grid,2.0,USD_JPY
2023-10-17,put,149.2537313432836,2023-10-17 10:13:00,149.418,0.0006291076041708976,reject,0.0006424928723447465,reject,0.0019007080806863197,reject,,,grid,2.0,USD_JPY
2023-10-17,put,149.2537313432836,2023-10-17 10:16:00,149.34,0.0009307620195526667,reject,0.0009240658899156706,reject,0.00244408731753043,reject,,,grid,2.0,USD_JPY
2023-10-30,put,149.2537313432836,2023-10-30 14:04:00,149.28,-0.0004823151125402658,break,-0.0014335476956055526,break,-0.0015139335476955784,break,,,grid,2.0,USD_JPY
2023-10-30,put,149.2537313432836,2023-10-30 14:08:00,149.279,-0.0004756194776224243,break,-0.0014804493599234192,break,-0.001882381312843795,break,,,grid,2.0,USD_JPY
2023-10-30,put,149.2537313432836,2023-10-30 14:12:00,149.244,0.00010720698989574728,reject,-0.0019297258181234511,break,-0.0016416070327786025,break,,,grid,2.0,USD_JPY
2023-10-30,put,149.2537313432836,2023-10-30 14:33:00,149.232,-0.0005628819556127151,break,-0.00218451806583031,break,-0.0015948322075693966,break,,,grid,2.0,USD_JPY
2023-10-31,put,149.2537313432836,2023-10-31 00:22:00,149.276,0.0003751440285109098,reject,0.0011455290870601154,reject,0.0048299793670785185,reject,,,grid,2.0,USD_JPY
2023-11-03,put,149.2537313432836,2023-11-03 13:20:00,149.302,0.0002679133568206371,reject,0.0022169830276890234,reject,0.0004286613709127973,reject,,,grid,2.0,USD_JPY
2023-11-03,put,149.2537313432836,2023-11-03 13:37:00,149.302,0.0003348916960255188,reject,0.0019557675047889855,reject,0.00030810036034356614,reject,,,grid,2.0,USD_JPY
2023-11-03,put,149.2537313432836,2023-11-03 13:43:00,149.263,0.0007570529870095655,reject,0.0025994385748644433,reject,0.0008910446661261062,reject,,,grid,2.0,USD_JPY
2023-11-03,put,149.2537313432836,2023-11-03 14:00:00,149.33,0.00261166543896052,reject,0.000830375678028572,reject,0.00016071787316684905,reject,,,grid,2.0,USD_JPY
2023-11-03,put,149.2537313432836,2023-11-03 16:24:00,149.265,0.00016748735470484277,reject,0.0008508357619001483,reject,0.0008307372793354695,reject,,,grid,2.0,USD_JPY
2023-11-03,put,149.2537313432836,2023-11-03 16:43:00,149.272,0.000455544241384942,reject,0.0008306983225252473,reject,0.0006364221019348193,reject,,,grid,2.0,USD_JPY
2023-11-03,put,149.2537313432836,2023-11-03 17:04:00,149.26,0.0006431729867346636,reject,0.0005895752378402008,reject,,,,,grid,2.0,USD_JPY
2023-11-17,put,149.2537313432836,2023-11-17 10:44:00,149.252,0.0001407016321388621,reject,0.0023048267359901953,reject,0.002767132098732139,reject,,,grid,2.0,USD_JPY
2023-11-17,put,149.2537313432836,2023-11-17 10:58:00,149.27,0.0003885576472164587,reject,0.0015944262075433535,reject,0.002157164869029282,reject,,,grid,2.0,USD_JPY
2023-11-17,put,149.2537313432836,2023-11-17 12:47:00,149.26,0.0010920541337264833,reject,0.0023047032024656744,reject,0.0037250435481710475,reject,,,grid,2.0,USD_JPY
2023-11-17,put,149.2537313432836,2023-11-17 13:10:00,149.284,0.0004019184909300755,reject,0.002679456606200281,reject,0.00322874521047134,reject,,,grid,2.0,USD_JPY
2023-11-20,put,149.2537313432836,2023-11-20 02:29:00,149.29,-0.0014334516712438683,break,-0.0016745930738830683,break,-0.0008707883984191422,break,,,grid,2.0,USD_JPY
2023-11-22,put,149.2537313432836,2023-11-22 08:45:00,149.263,0.0002478846063660445,reject,-0.0019495789311483325,break,-0.00430783248360278,break,,,grid,2.0,USD_JPY
2023-11-22,put,149.2537313432836,2023-11-22 09:01:00,149.268,-0.00032156925797899305,break,-0.0010517994479728454,break,-0.0035841573545568606,break,,,grid,2.0,USD_JPY
2023-11-22,put,149.2537313432836,2023-11-22 14:10:00,149.277,0.000468926894297228,reject,0.0024585167172439526,reject,0.0023915271609156186,reject,,,grid,2.0,USD_JPY
2023-11-22,put,149.2537313432836,2023-11-22 14:37:00,149.28,0.00029474812433027964,reject,0.0025924437299036374,reject,0.0023981779206860843,reject,,,grid,2.0,USD_JPY
2023-11-24,put,149.2537313432836,2023-11-24 05:04:00,149.276,-0.00010718400814613283,reject,-0.00020097001527374925,break,0.0015273721160802278,reject,,,grid,2.0,USD_JPY
2023-11-24,put,149.2537313432836,2023-11-24 05:40:00,149.234,0.00032834340699827713,reject,0.0004020531514266068,reject,0.002767465858986462,reject,,,grid,2.0,USD_JPY
2023-11-27,put,149.2537313432836,2023-11-27 01:27:00,149.246,-0.0008844458142932554,break,-0.0001273065944816798,break,-0.0016951878107286378,break,,,grid,2.0,USD_JPY
2023-11-27,put,149.2537313432836,2023-11-27 10:02:00,149.27,-8.709050713473498e-05,reject,-0.002157164869029282,break,-0.002706504990955927,break,,,grid,2.0,USD_JPY
2023-11-27,put,149.2537313432836,2023-11-27 10:12:00,149.256,-5.3599185292463325e-05,break,-0.0018223722999409775,break,-0.0025057619124189134,break,,,grid,2.0,USD_JPY
2023-12-13,put,143.88489208633092,2023-12-13 19:17:00,143.872,0.000173765569394968,reject,-0.006338967971530329,break,-0.008827290925267017,break,,,grid,2.0,USD_JPY
2023-12-13,put,143.88489208633092,2023-12-13 19:32:00,143.897,-0.005413594446027292,break,-0.004961882457591216,break,-0.008638123101940898,break,,,grid,2.0,USD_JPY
2023-12-13,put,143.88489208633092,2023-12-13 19:35:00,143.818,-0.005458287557885799,break,-0.005506960185790333,break,-0.008135282092645024,break,,,grid,2.0,USD_JPY
2023-12-19,put,143.88489208633092,2023-12-19 07:05:00,143.949,-0.001840929773739397,break,0.0017436731064472966,reject,0.006675975519107258,reject,,,grid,2.0,USD_JPY
2023-12-19,put,143.88489208633092,2023-12-19 07:08:00,143.894,-0.0008756445716986416,break,0.002960512599552434,reject,0.0064630908863470005,reject,,,grid,2.0,USD_JPY
2023-12-19,put,143.88489208633092,2023-12-19 07:11:00,143.884,-0.00026410163743006976,break,0.0025784659864891424,reject,0.0062897889966917475,reject,,,grid,2.0,USD_JPY
2023-12-19,put,143.88489208633092,2023-12-19 15:02:00,143.917,-6.948449453503258e-05,reject,-0.000479443012291747,break,-0.0007990716871530967,break,,,grid,2.0,USD_JPY
2023-12-19,put,143.88489208633092,2023-12-19 20:13:00,143.922,6.948208057133698e-05,reject,-0.00012506774502851759,reject,,,,,grid,2.0,USD_JPY
2023-12-19,put,143.88489208633092,2023-12-19 20:48:00,143.902,-9.033925866197556e-05,reject,-0.00034745868716201667,break,,,,,grid,2.0,USD_JPY
2023-12-19,put,143.88489208633092,2023-12-19 23:32:00,143.922,0.00020844624171423298,reject,,,,,,,grid,2.0,USD_JPY
2023-12-19,put,143.88489208633092,2023-12-19 23:52:00,143.902,,,,,,,,,grid,2.0,USD_JPY
2023-12-20,put,143.88489208633092,2023-12-20 00:52:00,143.86,-0.0004170721534825228,break,-0.00016682886139307573,break,-0.00293340747949411,break,,,grid,2.0,USD_JPY
2023-12-20,put,143.88489208633092,2023-12-20 00:57:00,143.861,-0.0005838969560896246,break,-0.00010426731358736951,break,-0.0027457059244686555,break,,,grid,2.0,USD_JPY
2023-12-20,put,143.88489208633092,2023-12-20 01:34:00,143.918,4.169040703727589e-05,reject,-0.00022234883753258217,reject,-0.0018482747119888954,break,,,grid,2.0,USD_JPY
2023-12-20,put,143.88489208633092,2023-12-20 01:41:00,143.893,-0.000549019062775824,break,-2.7798433558157143e-05,reject,-0.0016540067967170113,break,,,grid,2.0,USD_JPY
2023-12-20,put,143.88489208633092,2023-12-20 02:27:00,143.901,-0.0003057657695221261,break,-0.00028491810341835233,break,-0.001737305508648257,break,,,grid,2.0,USD_JPY
2023-12-20,put,143.88489208633092,2023-12-20 02:33:00,143.896,-0.00034747317507077824,break,-0.00044476566409068496,break,-0.001452437871796164,break,,,grid,2.0,USD_JPY
2023-12-20,put,143.88489208633092,2023-12-20 03:00:00,143.897,0.00021543187140804498,reject,-0.0014107312869622302,break,-0.001841595029778098,break,,,grid,2.0,USD_JPY
2023-12-20,put,143.88489208633092,2023-12-20 03:10:00,143.896,-5.559570801116909e-05,reject,-0.0014037916272863216,break,-0.0022099293934506603,break,,,grid,2.0,USD_JPY
2023-12-20,put,143.88489208633092,2023-12-20 03:22:00,143.892,-0.0006532677285742139,break,-0.0018069107386095018,break,-0.0024045812136880285,break,,,grid,2.0,USD_JPY
2023-12-29,put,141.84397163120568,2023-12-29 10:00:00,141.872,-0.0010290966505019927,break,-0.0013815270102629507,break,-0.0005779857900080065,break,,,grid,2.0,USD_JPY
2024-01-02,put,141.84397163120568,2024-01-02 14:25:00,141.836,-0.00038072139654254933,break,-0.0008601483403368748,break,0.0002961166417549954,reject,,,grid,2.0,USD_JPY
2024-01-02,put,141.84397163120568,2024-01-02 15:43:00,141.876,0.0004229045081620697,reject,0.00038766246581523056,reject,0.0004792917759168791,reject,,,grid,2.0,USD_JPY
2024-01-02,put,141.84397163120568,2024-01-02 16:06:00,141.842,-0.0004371060757745182,break,0.00047940666375256846,reject,0.0008178113675778587,reject,,,grid,2.0,USD_JPY
2024-01-02,put,141.84397163120568,2024-01-02 18:21:00,141.864,0.0003383522246658277,reject,0.0006203124118873138,reject,0.0007471944961370269,reject,,,grid,2.0,USD_JPY
2024-01-02,put,141.84397163120568,2024-01-02 20:19:00,141.876,-0.00038061405734590714,break,0.0008810510586709785,reject,,,,,grid,2.0,USD_JPY
2024-01-03,put,141.84397163120568,2024-01-03 00:32:00,141.879,0.0006413916083423121,reject,0.0003876542687784035,reject,0.00033126819331963375,reject,,,grid,2.0,USD_JPY
2024-01-03,put,141.84397163120568,2024-01-03 00:40:00,141.904,0.00018322246025492817,reject,0.00016912842485061752,reject,0.00022550456646763806,reject,,,grid,2.0,USD_JPY
2024-01-03,put,141.84397163120568,2024-01-03 04:02:00,141.884,0.000169152265230732,reject,0.00021848834258975103,reject,0.003989174255025318,reject,,,grid,2.0,USD_JPY
2024-01-05,put,143.88489208633092,2024-01-05 15:11:00,144.018,-0.0007429626852198945,reject,0.0008332291796859792,reject,0.003534280437167414,reject,,,grid,2.0,USD_JPY
2024-01-05,put,143.88489208633092,2024-01-05 15:24:00,143.874,0.0006672505108638038,reject,0.003030429403505952,reject,0.005059983040716309,reject,,,grid,2.0,USD_JPY
2024-01-05,put,143.88489208633092,2024-01-05 15:28:00,143.896,0.0004656140545951093,reject,0.003405237115694737,reject,0.004725635180964138,reject,,,grid,2.0,USD_JPY
2024-01-05,put,143.88489208633092,2024-01-05 15:34:00,143.926,0.001542459319372469,reject,0.0026958298014256865,reject,0.004557897808596056,reject,,,grid,2.0,USD_JPY
2024-01-05,put,143.88489208633092,2024-01-05 15:42:00,143.929,0.0013826261559517494,reject,0.0024525981560352683,reject,0.004926039922461767,reject,,,grid,2.0,USD_JPY
2024-07-09,put,161.29032258064515,2024-07-09 15:03:00,161.34,0.0008801289202924334,reject,2.4792363951808838e-05,reject,-0.000347093095326656,break,,,grid,2.0,USD_JPY
2024-07-09,put,161.29032258064515,2024-07-09 17:01:00,161.297,2.4798973322415208e-05,reject,0.00013639435327372773,reject,0.00011779512328202735,reject,,,grid,2.0,USD_JPY
2024-07-11,put,161.29032258064515,2024-07-11 12:30:00,160.877,-0.008546902291812986,break,-0.014103942763726396,break,-0.01428420470297187,break,,,grid,2.0,USD_JPY
2024-08-07,put,144.92753623188406,2024-08-07 00:14:00,144.969,0.0015520559567907544,reject,-0.0016624243803846639,break,0.01691396091578201,reject,,,grid,2.0,USD_JPY
2024-08-07,put,144.92753623188406,2024-08-07 00:50:00,144.99,-0.002386371473894755,break,0.013145734188564573,reject,0.01853920960066202,reject,,,grid,2.0,USD_JPY
2024-09-05,put,142.85714285714286,2024-09-05 12:21:00,142.852,0.0006650239408618752,reject,0.0022330803908940933,reject,0.004158149693388902,reject,,,grid,2.0,USD_JPY
2024-09-05,put,142.85714285714286,2024-09-05 12:37:00,142.9,0.0013435969209236731,reject,0.002197340797760683,reject,0.0037928621413576558,reject,,,grid,2.0,USD_JPY
2024-09-05,put,142.85714285714286,2024-09-05 12:40:00,142.913,0.0017143296970882904,reject,0.001686340640809414,reject,0.0035616074115019103,reject,,,grid,2.0,USD_JPY
2024-09-06,put,142.85714285714286,2024-09-06 05:05:00,142.872,-0.0008959068256901848,break,-0.0016098325774120958,break,-0.001133882076264081,break,,,grid,2.0,USD_JPY
2024-09-06,put,142.85714285714286,2024-09-06 10:12:00,142.877,0.00032895427535573063,reject,0.0001819747055158416,reject,0.0016237742953728596,reject,,,grid,2.0,USD_JPY
2024-09-06,put,142.85714285714286,2024-09-06 10:34:00,142.86,-5.599888002250086e-05,break,0.0011339773204535053,reject,-0.0018619627607449063,break,,,grid,2.0,USD_JPY
2024-09-06,put,142.85714285714286,2024-09-06 12:30:00,142.416,0.001614987080103214,break,0.0062633411976182884,reject,0.0005968430513425549,break,,,grid,2.0,USD_JPY
2024-09-06,put,142.85714285714286,2024-09-06 12:57:00,142.872,0.002281762696679568,reject,0.005536424211882052,reject,-0.00359062657483622,break,,,grid,2.0,USD_JPY
2024-09-06,put,142.85714285714286,2024-09-06 13:01:00,142.841,0.003143355199137332,reject,0.004319488102155544,reject,-0.0018062041010634688,break,,,grid,2.0,USD_JPY
2024-09-06,put,142.85714285714286,2024-09-06 14:20:00,142.862,-0.0022399238425893087,break,-0.005249821506068786,break,-0.0034998810040458572,break,,,grid,2.0,USD_JPY
2024-09-09,put,142.85714285714286,2024-09-09 01:50:00,142.946,-0.0005946301400528986,reject,-0.0012592167671708898,break,-0.0006156170861723043,reject,,,grid,2.0,USD_JPY
2024-09-09,put,142.85714285714286,2024-09-09 02:04:00,142.86,-0.000181996360072878,break,-0.0002939941201176577,break,0.0007769844603107146,reject,,,grid,2.0,USD_JPY
2024-09-09,put,142.85714285714286,2024-09-09 03:16:00,142.882,-0.0006998782211894428,break,-9.798295096663523e-05,reject,0.0031634495597765433,reject,,,grid,2.0,USD_JPY
2024-09-09,put,142.85714285714286,2024-09-09 03:22:00,142.871,-0.0008889137753638199,break,-0.0003009708058319127,break,0.0023307739149303064,reject,,,grid,2.0,USD_JPY
2024-09-09,put,142.85714285714286,2024-09-09 05:44:00,142.876,0.0002799630448779844,reject,-0.0003429547299756974,break,0.004059464150731884,reject,,,grid,2.0,USD_JPY
2024-09-09,put,142.85714285714286,2024-09-09 06:08:00,142.862,0.00016799428819425088,reject,0.0024079181307834485,reject,0.005347818174182173,reject,,,grid,2.0,USD_JPY
2024-09-09,put,142.85714285714286,2024-09-09 06:37:00,142.857,0.0003430003430004991,reject,0.002149002149002044,reject,0.00615300615300618,reject,,,grid,2.0,USD_JPY
2024-09-09,put,142.85714285714286,2024-09-09 13:27:00,142.898,-0.0003988859186271343,break,-0.0009657238029924242,break,-0.0006997998572407793,break,,,grid,2.0,USD_JPY
2024-09-09,put,142.85714285714286,2024-09-09 13:41:00,142.844,-0.00018201674554041425,break,-0.00017501610148140667,break,-0.00011201030494800701,break,,,grid,2.0,USD_JPY
2024-09-09,put,142.85714285714286,2024-09-09 14:05:00,142.864,-0.000265987232612952,break,0.00014699294433850874,reject,-0.000461977825064408,break,,,grid,2.0,USD_JPY
2024-09-09,put,142.85714285714286,2024-09-09 14:16:00,142.886,-0.0012037568411180644,break,-0.0008328317679828778,break,-0.00034992931427835217,break,,,grid,2.0,USD_JPY
2024-09-09,put,142.85714285714286,2024-09-09 15:39:00,142.909,1.3994919844106946e-05,reject,-0.00035687045602439404,reject,-4.898221945437431e-05,reject,,,grid,2.0,USD_JPY
2024-09-09,put,142.85714285714286,2024-09-09 15:45:00,142.869,0.00012598954286802133,reject,0.0001329889619161584,reject,-6.999419048248079e-06,reject,,,grid,2.0,USD_JPY
2024-09-09,put,142.85714285714286,2024-09-09 15:52:00,142.896,-0.00020994289553222245,reject,0.0002449333781213703,reject,0.0001959467024970074,reject,,,grid,2.0,USD_JPY
2024-09-09,put,142.85714285714286,2024-09-09 16:00:00,142.887,-0.0001049780595854255,reject,0.0001049780595854255,reject,0.0007628405663218096,reject,,,grid,2.0,USD_JPY
2024-09-09,put,142.85714285714286,2024-09-09 16:29:00,142.878,-6.998978149186375e-05,reject,-0.00033595095116090157,break,0.0016937527121041462,reject,,,grid,2.0,USD_JPY
2024-09-09,put,142.85714285714286,2024-09-09 16:57:00,142.908,-0.000461835586531012,break,-0.000783720995325643,break,0.001749377221708981,reject,,,grid,2.0,USD_JPY
2024-09-09,put,142.85714285714286,2024-09-09 17:03:00,142.866,-0.0005669648481795297,break,-0.0005599652821526302,break,0.00215586633628706,reject,,,grid,2.0,USD_JPY
2024-09-09,put,142.85714285714286,2024-09-09 19:45:00,142.868,0.0008959319091750295,reject,0.0018618584987539766,reject,0.0022468292409776325,reject,,,grid,2.0,USD_JPY
2024-09-09,put,142.85714285714286,2024-09-09 22:30:00,142.858,0.0009449943300339214,reject,0.0027159837040977575,reject,,,,,grid,2.0,USD_JPY
2024-09-16,put,139.86013986013987,2024-09-16 06:43:00,139.916,-0.0004860058892477426,break,-0.001515194831184341,break,0.0013865462134423634,reject,,,grid,2.0,USD_JPY
2024-09-16,put,139.86013986013987,2024-09-16 06:45:00,139.918,-0.00082905701911129,break,-0.0011578210094483898,break,0.0012578796152031835,reject,,,grid,2.0,USD_JPY
2024-09-16,put,139.86013986013987,2024-09-16 07:08:00,139.892,-0.0009721785377291292,break,-0.00028593486403794,break,0.0012581134017672913,reject,,,grid,2.0,USD_JPY
2024-09-16,put,139.86013986013987,2024-09-16 08:02:00,139.846,-0.0006507157873661962,break,0.00014301445876174768,reject,-0.0001930695193285148,break,,,grid,2.0,USD_JPY
2024-09-16,put,139.86013986013987,2024-09-16 08:06:00,139.883,-0.0008078179621541226,break,9.293480980510083e-05,reject,0.000321697418556921,reject,,,grid,2.0,USD_JPY
2024-09-16,put,139.86013986013987,2024-09-16 08:41:00,139.882,-0.0005004217840750558,break,0.0018229650705594569,reject,0.0036745256716372854,reject,,,grid,2.0,USD_JPY
2024-09-16,put,139.86013986013987,2024-09-16 11:57:00,139.894,0.00014296538807934134,reject,0.0028164181451670878,reject,0.006647890545699031,reject,,,grid,2.0,USD_JPY
2024-09-16,put,139.86013986013987,2024-09-16 12:08:00,139.878,-0.00035745435307898976,break,0.002873932998756157,reject,0.006126767611776218,reject,,,grid,2.0,USD_JPY
2024-09-16,put,139.86013986013987,2024-09-16 12:14:00,139.888,-0.0004146174082122478,break,0.0036958137938922775,reject,0.006719661443440383,reject,,,grid,2.0,USD_JPY
2024-09-16,put,139.86013986013987,2024-09-16 12:16:00,139.877,-0.0003360094940554337,break,0.003724700987295826,reject,0.006827426953680549,reject,,,grid,2.0,USD_JPY
2024-09-16,put,139.86013986013987,2024-09-16 12:20:00,139.905,0.0014223937671993259,reject,0.0034809334905827605,reject,0.0060684035595581776,reject,,,grid,2.0,USD_JPY
2024-12-11,put,152.67175572519082,2024-12-11 10:14:00,152.712,-0.0008512756037508673,break,-0.0002946723243751892,break,-0.0033920058672534115,break,,,grid,2.0,USD_JPY
2024-12-12,put,152.67175572519082,2024-12-12 06:30:00,152.674,-0.0008645872905668206,break,-0.0018077734257306854,break,-0.001467178432477123,break,,,grid,2.0,USD_JPY
2024-12-13,put,152.67175572519082,2024-12-13 00:05:00,152.671,0.0011200555442751892,reject,0.0011266055766976368,reject,0.0019322595646849017,reject,,,grid,2.0,USD_JPY
2024-12-13,put,152.67175572519082,2024-12-13 02:04:00,152.652,0.0007205932447660324,reject,0.0020569661714227028,reject,0.0016246102245631722,reject,,,grid,2.0,USD_JPY
2024-12-13,put,152.67175572519082,2024-12-13 06:58:00,152.69,0.001060973213701022,reject,0.0007990045189600892,reject,0.005226275460082475,reject,,,grid,2.0,USD_JPY
2025-05-22,put,142.85714285714286,2025-05-22 08:09:00,142.875,0.0010498687664042272,reject,0.004066491688538898,reject,0.003814523184601848,reject,,,grid,2.0,USD_JPY
2025-05-23,put,142.85714285714286,2025-05-23 11:44:00,142.888,-0.0018056099882426402,break,-0.002533452774200695,break,-0.0012037399921617231,break,,,grid,2.0,USD_JPY
2025-11-20,put,157.4803149606299,2025-11-20 05:09:00,157.52,-2.5393600812662065e-05,reject,5.0787201625102085e-05,reject,-0.002247333671914764,break,,,grid,2.0,USD_JPY
2025-11-20,put,157.4803149606299,2025-11-20 05:14:00,157.482,-6.349932055726981e-06,reject,0.0005206944285696125,reject,-0.0014541344407615897,break,,,grid,2.0,USD_JPY
2025-11-20,put,157.4803149606299,2025-11-20 05:20:00,157.492,0.0,reject,0.0008190892235797609,reject,-0.0016826251492138011,break,,,grid,2.0,USD_JPY
2025-11-20,put,157.4803149606299,2025-11-20 06:05:00,157.516,0.0006665989486782653,reject,0.0013205007745245023,reject,-0.0018347342492190943,break,,,grid,2.0,USD_JPY
2025-11-20,put,157.4803149606299,2025-11-20 07:45:00,157.472,-0.00015240804714489187,break,-0.002108311318837819,break,-1.2700670595444663e-05,break,,,grid,2.0,USD_JPY
2025-11-20,put,157.4803149606299,2025-11-20 11:59:00,157.51,0.0009650180940894426,reject,0.0012062726176116367,reject,0.0010919941591009952,reject,,,grid,2.0,USD_JPY
2025-11-20,put,157.4803149606299,2025-11-20 13:30:00,157.354,0.0015633539662160967,reject,0.0014235418228960572,reject,0.0009024238341572843,reject,,,grid,2.0,USD_JPY
2025-11-20,put,157.4803149606299,2025-11-20 13:34:00,157.496,0.00100320008127186,reject,0.0006349367602986877,reject,-0.0003174683801494549,break,,,grid,2.0,USD_JPY
2025-11-20,put,157.4803149606299,2025-11-20 14:03:00,157.576,0.0007488450017769654,reject,0.000602883687871314,reject,-1.269228816558332e-05,reject,,,grid,2.0,USD_JPY
2025-11-20,put,157.4803149606299,2025-11-20 16:06:00,157.49,-0.0006095625119055814,break,-0.0002793828179568081,break,0.0006222617309035172,reject,,,grid,2.0,USD_JPY
2025-11-20,put,157.4803149606299,2025-11-20 16:42:00,157.558,-0.0004442808362634665,reject,-0.0007425836834689115,break,0.00031099658538447095,reject,,,grid,2.0,USD_JPY
2025-11-20,put,157.4803149606299,2025-11-20 16:55:00,157.468,-0.0002857723473974616,break,0.00015241191861203873,reject,0.0011049864099372808,reject,,,grid,2.0,USD_JPY
2025-11-20,put,157.4803149606299,2025-11-20 18:46:00,157.493,-0.00013968874807124276,break,-0.00014603823661996085,break,-0.000311124938886187,break,,,grid,2.0,USD_JPY
2025-11-20,put,157.4803149606299,2025-11-20 19:38:00,157.499,0.0002031758931804184,reject,0.0007809573394117475,reject,-0.0014793744722189084,break,,,grid,2.0,USD_JPY
2025-11-20,put,157.4803149606299,2025-11-20 21:01:00,157.511,0.0003936233024994795,reject,5.0790103548470356e-05,reject,,,,,grid,2.0,USD_JPY
2025-11-20,put,157.4803149606299,2025-11-20 21:45:00,157.5,5.0793650793634626e-05,reject,-0.0003555555555556644,break,,,,,grid,2.0,USD_JPY
2025-11-21,put,157.4803149606299,2025-11-21 00:29:00,157.489,-0.0009714964219722511,break,-0.0003428810901079382,break,-0.0018731466959598375,break,,,grid,2.0,USD_JPY
2026-02-10,put,155.03875968992247,2026-02-10 10:44:00,155.061,0.0005159259904166102,reject,0.0014058983238853795,reject,-0.004740070036953314,break,,,grid,2.0,USD_JPY
2026-02-10,put,155.03875968992247,2026-02-10 13:16:00,155.053,-0.000973860550908423,break,-0.002805492315530844,break,-0.005604535223439733,break,,,grid,2.0,USD_JPY
2026-02-10,put,155.03875968992247,2026-02-10 13:30:00,154.995,-0.0003548501564567541,break,-0.0036323752379110452,break,-0.005225975031452612,break,,,grid,2.0,USD_JPY
2026-03-20,put,158.7301587301587,2026-03-20 10:39:00,158.746,-0.00011338868380939005,break,-0.001096090610157141,break,0.0021480856210549515,reject,,,grid,2.0,USD_JPY
2026-03-20,put,158.7301587301587,2026-03-20 13:23:00,158.772,0.0005668505781875055,reject,0.00210364547905173,reject,0.002645302698208951,reject,,,grid,2.0,USD_JPY
2026-04-09,put,158.7301587301587,2026-04-09 02:37:00,158.748,-0.00018267946682792857,break,-0.00015118300702998688,break,0.0009826895456950258,reject,,,grid,2.0,USD_JPY
2026-04-09,put,158.7301587301587,2026-04-09 03:54:00,158.772,-0.0003904970649735162,break,-0.0003023203083667436,break,0.0008943642455847556,reject,,,grid,2.0,USD_JPY
2026-04-09,put,158.7301587301587,2026-04-09 16:08:00,158.743,-0.0002204821629929743,break,-0.00017008624002312622,break,0.002337110927725927,reject,,,grid,2.0,USD_JPY
2026-04-09,put,158.7301587301587,2026-04-09 16:12:00,158.762,-0.0005605875461381915,break,-0.00032753429662002453,break,0.002053388090349051,reject,,,grid,2.0,USD_JPY
2026-04-09,put,158.7301587301587,2026-04-09 16:17:00,158.742,-0.00040316992352362746,break,-0.000289778382532635,break,0.0020788449181692314,reject,,,grid,2.0,USD_JPY
2026-04-14,put,158.7301587301587,2026-04-14 11:30:00,158.743,0.00019528420150805026,reject,-1.8898471113582005e-05,reject,0.0002645785955917024,reject,,,grid,2.0,USD_JPY
2026-04-14,put,158.7301587301587,2026-04-14 11:57:00,158.734,0.0005480867363010233,reject,-5.0398780349625305e-05,break,0.0010709740824270675,reject,,,grid,2.0,USD_JPY
2026-04-14,put,158.7301587301587,2026-04-14 12:30:00,158.74,0.00023308554869583276,reject,0.000831548443996466,reject,0.0006173617235729623,reject,,,grid,2.0,USD_JPY
2026-04-14,put,158.7301587301587,2026-04-14 14:08:00,158.714,-0.00025202565621174067,break,0.0004410448983707127,reject,-7.56076968635444e-05,break,,,grid,2.0,USD_JPY
2026-04-14,put,158.7301587301587,2026-04-14 17:32:00,158.766,-0.00028973457793224355,break,0.00023934595568331218,reject,0.0004660947558041695,reject,,,grid,2.0,USD_JPY
2026-04-15,put,158.7301587301587,2026-04-15 08:13:00,158.752,2.5196532956961448e-05,reject,0.0007055029227978071,reject,0.0023747732312031644,reject,,,grid,2.0,USD_JPY
2026-04-15,put,158.7301587301587,2026-04-15 09:00:00,158.744,0.0006929395756691825,reject,0.0010079121100639021,reject,0.0022804011490198395,reject,,,grid,2.0,USD_JPY
2026-04-16,put,158.7301587301587,2026-04-16 00:50:00,158.74,-0.00022678593927172308,break,3.779765654532419e-05,reject,-0.00010709336021164084,break,,,grid,2.0,USD_JPY
2026-04-16,put,158.7301587301587,2026-04-16 01:50:00,158.746,0.0001637836543910698,reject,-0.0006677333602107538,break,0.0004724528492054958,reject,,,grid,2.0,USD_JPY
2026-04-16,put,158.7301587301587,2026-04-16 02:37:00,158.716,-0.00032762922452700405,break,-0.000932483177499388,break,0.001285314650066649,reject,,,grid,2.0,USD_JPY
2026-04-16,put,158.7301587301587,2026-04-16 07:11:00,158.753,0.0004472356427911439,reject,0.001026752250351315,reject,0.0011212386537577945,reject,,,grid,2.0,USD_JPY
2026-04-17,put,158.7301587301587,2026-04-17 12:47:00,158.712,-0.001978426331972316,break,-0.0025076868793789675,break,-0.0045491204193758294,break,,,grid,2.0,USD_JPY
2026-04-20,put,158.7301587301587,2026-04-20 07:17:00,158.75,0.0006803149606300352,reject,0.0017889763779526113,reject,0.0007937007874017077,reject,,,grid,2.0,USD_JPY
2026-04-20,put,158.7301587301587,2026-04-20 13:23:00,158.718,-0.00032762509608230683,break,-1.2600965233811046e-05,break,6.930530878679342e-05,break,,,grid,2.0,USD_JPY
2026-04-20,put,158.7301587301587,2026-04-20 14:15:00,158.75,-0.0004661417322835426,break,0.00011968503937009878,reject,-0.0003401574803150176,break,,,grid,2.0,USD_JPY
2026-04-20,put,158.7301587301587,2026-04-20 14:54:00,158.734,0.0002897929870095961,reject,-0.00026459359683495,break,0.0008756788085726441,reject,,,grid,2.0,USD_JPY
2026-04-20,put,158.7301587301587,2026-04-20 22:00:00,158.778,0.00013855823854713734,reject,-3.14905087606121e-05,reject,,,,,grid,2.0,USD_JPY
2026-04-30,put,158.7301587301587,2026-04-30 10:29:00,158.438,-0.004979865941251438,break,-0.012168797889395178,break,-0.01100746033148614,break,,,grid,2.0,USD_JPY
2026-05-15,put,158.7301587301587,2026-05-15 20:34:00,158.747,0.00025827259727750906,reject,,,,,,,grid,2.0,USD_JPY
2026-05-18,put,158.7301587301587,2026-05-18 11:41:00,158.698,0.0008506723462173849,reject,0.00027725617210028197,reject,0.0007561531966375767,reject,,,grid,2.0,USD_JPY
2026-05-18,put,158.7301587301587,2026-05-18 12:39:00,158.745,-8.189234306599236e-05,reject,-1.2598822010212452e-05,reject,0.0010142051718164957,reject,,,grid,2.0,USD_JPY
2026-05-18,put,158.7301587301587,2026-05-18 20:44:00,158.794,0.00040303789815721025,reject,-0.0001511392118089816,reject,,,,,grid,2.0,USD_JPY
2026-05-18,put,158.7301587301587,2026-05-18 22:00:00,158.78,0.0001763446277869285,reject,0.0003274971658897563,reject,,,,,grid,2.0,USD_JPY
2026-05-19,put,158.7301587301587,2026-05-19 12:41:00,158.792,0.0014610307824072244,reject,0.002065595244092888,reject,8.816565066260829e-05,reject,,,grid,2.0,USD_JPY
2026-05-19,put,158.7301587301587,2026-05-19 12:43:00,158.952,0.0005787910815844288,reject,0.0009185162816449655,reject,-0.0009877195631385893,reject,,,grid,2.0,USD_JPY
2026-05-20,put,158.7301587301587,2026-05-20 15:15:00,158.704,0.00034025607420096193,reject,0.0005292872265350024,reject,0.0008569412239136653,reject,,,grid,2.0,USD_JPY
2026-05-20,put,158.7301587301587,2026-05-20 15:31:00,158.747,0.0001322859644590224,reject,0.0009134030879323074,reject,0.0005228445261957759,reject,,,grid,2.0,USD_JPY
2026-07-10,put,161.29032258064515,2026-07-10 02:21:00,161.342,0.001115642548127349,reject,0.0007747517695331219,reject,0.0007685537553767663,reject,,,grid,2.0,USD_JPY
2026-07-10,put,161.29032258064515,2026-07-10 15:57:00,161.29,0.0004898009796019398,reject,0.001116002232004476,reject,0.0025792051584103692,reject,,,grid,2.0,USD_JPY
2026-07-10,put,161.29032258064515,2026-07-10 16:01:00,161.34,-0.00019833891161524786,reject,0.0010350811949919603,reject,0.0023986612123465534,reject,,,grid,2.0,USD_JPY
2026-07-10,put,161.29032258064515,2026-07-10 16:16:00,161.308,0.00039675651548609636,reject,0.0013452525603194765,reject,0.00264091055620308,reject,,,grid,2.0,USD_JPY
2026-07-30,put,158.7301587301587,2026-07-30 14:15:00,158.642,0.00486630274454436,reject,0.004639376709824505,reject,0.0016515172526820887,reject,,,grid,2.0,USD_JPY
2026-07-30,put,158.7301587301587,2026-07-30 14:27:00,158.918,0.0045683937628211435,reject,0.0032721277640039848,reject,0.0008054468342162391,reject,,,grid,2.0,USD_JPY
2026-07-30,put,158.7301587301587,2026-07-30 14:33:00,159.039,0.003678343047931687,reject,0.002282459019485872,reject,-0.00037097818774012303,reject,,,grid,2.0,USD_JPY
2026-07-30,put,158.7301587301587,2026-07-30 17:39:00,158.542,0.003557416962066684,reject,0.0034943421932358554,reject,0.0066733105423169015,reject,,,grid,2.0,USD_JPY
2026-07-30,put,158.7301587301587,2026-07-30 17:44:00,158.794,0.0012846833003765656,reject,0.001467309847978937,reject,0.0053276572162674896,reject,,,grid,2.0,USD_JPY
2026-07-31,put,158.7301587301587,2026-07-31 08:58:00,158.698,0.0048141753519261865,reject,0.008519326015450801,reject,0.010315189857465157,reject,,,grid,2.0,USD_JPY
2026-07-31,put,158.7301587301587,2026-07-31 09:00:00,158.74,0.004913695350888148,reject,0.007780017638906234,reject,0.010394355549955714,reject,,,grid,2.0,USD_JPY
2026-07-31,put,158.7301587301587,2026-07-31 09:02:00,158.696,0.0051986187427532915,reject,0.00772546251953421,reject,0.010403538841558868,reject,,,grid,2.0,USD_JPY
2026-07-31,put,158.7301587301587,2026-07-31 09:06:00,158.751,0.005366895326643695,reject,0.0076219992315009755,reject,0.0102991477219041,reject,,,grid,2.0,USD_JPY
2026-07-31,put,158.7301587301587,2026-07-31 17:29:00,158.728,-0.0033642457537423898,break,0.0004914066831309682,reject,,,,,grid,2.0,USD_JPY
2026-07-31,put,158.7301587301587,2026-07-31 17:48:00,158.554,-0.0005550159567087043,break,0.0034310077323813637,reject,,,,,grid,2.0,USD_JPY
2026-07-31,put,158.7301587301587,2026-07-31 18:09:00,158.654,0.00027733306440436145,break,0.0021304221765603426,reject,,,,,grid,2.0,USD_JPY
2026-07-31,put,158.7301587301587,2026-07-31 20:10:00,158.689,-0.003938521258562311,break,,,,,,,grid,2.0,USD_JPY
2026-07-31,put,158.7301587301587,2026-07-31 20:14:00,158.522,-0.0030279708810132533,break,,,,,,,grid,2.0,USD_JPY
2026-09-03,put,156.25,2026-09-03 09:46:00,156.25,0.00048639999999999795,reject,0.0011327999999999339,reject,-0.003936000000000051,break,,,grid,2.0,USD_JPY
2026-09-03,put,156.25,2026-09-03 10:03:00,156.278,0.0006270876258975822,reject,0.00011517935985860817,reject,-0.005003903300528467,break,,,grid,2.0,USD_JPY
2026-09-03,put,156.25,2026-09-03 10:27:00,156.27,0.0008702886030587109,reject,-0.0011902476483011126,break,-0.004786587316823576,break,,,grid,2.0,USD_JPY
2026-09-03,put,156.25,2026-09-03 10:30:00,156.316,0.0007037027559557707,reject,-0.0011003352184036919,break,-0.005284167967450459,break,,,grid,2.0,USD_JPY
2026-09-03,put,156.25,2026-09-03 11:03:00,156.296,-0.0027064032348876887,break,-0.001797870706863991,break,-0.0054128064697752665,break,,,grid,2.0,USD_JPY
2026-09-03,put,156.25,2026-09-03 11:08:00,156.272,-0.0018429405139754884,break,-0.0017277567318519926,break,-0.0045177638988429525,break,,,grid,2.0,USD_JPY
2026-09-04,put,156.25,2026-09-04 04:40:00,156.281,0.00012157587934558123,reject,0.00039032256000415266,reject,0.00040312002098774613,reject,,,grid,2.0,USD_JPY
2026-09-04,put,156.25,2026-09-04 04:50:00,156.267,0.0009534962596069452,reject,0.0007103227168883119,reject,0.0006463296793308704,reject,,,grid,2.0,USD_JPY
2026-09-04,put,156.25,2026-09-04 05:14:00,156.266,0.0002047790306274333,reject,-0.00025597378828401407,break,0.0005951390577605409,reject,,,grid,2.0,USD_JPY
2026-09-04,put,156.25,2026-09-04 06:06:00,156.326,-0.0003326382047771359,reject,-6.396888553406033e-05,reject,0.0007420390721952774,reject,,,grid,2.0,USD_JPY
2026-09-04,put,156.25,2026-09-04 06:13:00,156.258,-0.0003007845998285186,break,0.0006719655953615344,reject,0.0009087534718221768,reject,,,grid,2.0,USD_JPY
2026-09-04,put,156.25,2026-09-04 06:20:00,156.27,-0.0007423049849619723,break,0.0005247328341970725,reject,0.0008574902412490371,reject,,,grid,2.0,USD_JPY
2026-09-04,put,156.25,2026-09-04 07:30:00,156.294,-0.0004478738787159209,break,0.00028152072376408377,reject,0.0,reject,,,grid,2.0,USD_JPY
2026-09-04,put,156.25,2026-09-04 07:42:00,156.266,0.0005119475765682502,reject,0.0004863501977399043,reject,0.00029436985652675496,reject,,,grid,2.0,USD_JPY
2026-09-04,put,156.25,2026-09-04 11:12:00,156.282,-3.199344774207358e-05,reject,-0.0002879410296772189,break,-0.0019516003122560521,break,,,grid,2.0,USD_JPY
2026-09-04,put,156.25,2026-09-04 11:22:00,156.27,0.00017917706533565614,reject,-0.0007807000703911049,break,-0.0017149804824982962,break,,,grid,2.0,USD_JPY
2026-09-04,put,156.25,2026-09-04 11:44:00,156.252,0.00010239868929673435,reject,0.0004223945933492512,reject,-0.0011071858280213842,break,,,grid,2.0,USD_JPY
2026-09-04,put,156.25,2026-09-04 12:38:00,156.24,-0.004813108038914549,break,-0.0027905785970302466,break,-0.0011584741423451561,break,,,grid,2.0,USD_JPY
2026-09-04,put,156.25,2026-09-04 12:48:00,156.15,-0.0018059558117196062,break,-0.003163624719820679,break,-0.000601985270573091,break,,,grid,2.0,USD_JPY
2021-03-01,put,106.66666666666667,2021-03-01 09:14:00,106.684,0.00022496344344036245,reject,6.561433767027225e-05,reject,0.0003374451651607657,reject,,,offgrid,-0.5,USD_JPY
2021-03-01,put,106.66666666666667,2021-03-01 10:08:00,106.695,4.686255213459667e-05,reject,-0.00012184263554981811,reject,-0.0003186653545150797,break,,,offgrid,-0.5,USD_JPY
2021-03-01,put,106.66666666666667,2021-03-01 11:06:00,106.688,3.7492501499647446e-05,reject,0.0002811937612476889,reject,-0.000515521895620985,break,,,offgrid,-0.5,USD_JPY
2021-03-01,put,106.66666666666667,2021-03-01 12:22:00,106.693,0.00029055326966154205,reject,0.0003280440141339991,reject,-0.0007966783200397121,break,,,offgrid,-0.5,USD_JPY
2021-03-01,put,106.66666666666667,2021-03-01 13:57:00,106.692,-0.0005061297941737486,break,-0.0005436208900385653,break,0.0009935140404155884,reject,,,offgrid,-0.5,USD_JPY
2021-03-04,put,107.23860589812332,2021-03-04 09:42:00,107.264,0.000615304295942698,reject,0.0008204057279237453,reject,0.0015289379474940912,reject,,,offgrid,-0.5,USD_JPY
2021-03-09,put,108.99182561307903,2021-03-09 07:22:00,109.001,-0.000954119686975341,break,-0.0005412794378034658,break,-0.0029632755662792887,break,,,offgrid,-0.5,USD_JPY
2021-03-09,put,108.99182561307903,2021-03-09 07:30:00,108.986,-0.0010460059090158236,break,-0.0011561117941754073,break,-0.0031013157653276835,break,,,offgrid,-0.5,USD_JPY
2021-03-12,put,108.99182561307903,2021-03-12 07:42:00,109.008,0.0002385146044328046,reject,0.0012659621312198777,reject,-0.00026603552032877786,break,,,offgrid,-0.5,USD_JPY
2021-03-12,put,108.99182561307903,2021-03-12 10:37:00,109.016,0.0003118808248330218,reject,-0.0006237616496662657,break,0.0006696264768473181,reject,,,offgrid,-0.5,USD_JPY
2021-03-12,put,108.99182561307903,2021-03-12 10:56:00,109.018,0.000284356711735656,reject,-0.0005045038434020599,break,-0.00014676475444430626,reject,,,offgrid,-0.5,USD_JPY
2021-03-12,put,108.99182561307903,2021-03-12 11:31:00,109.005,-0.0003394339709187344,break,-0.00039447731755415383,break,0.0008990413283793686,reject,,,offgrid,-0.5,USD_JPY
2021-03-12,put,108.99182561307903,2021-03-12 13:20:00,109.022,-0.00033938104235853306,break,0.0007613142301554632,reject,-0.000963108363449594,break,,,offgrid,-0.5,USD_JPY
2021-03-12,put,108.99182561307903,2021-03-12 13:32:00,109.012,0.0004219718930027483,reject,0.0005320515172639873,reject,-0.0004861850071551377,break,,,offgrid,-0.5,USD_JPY
2021-03-12,put,108.99182561307903,2021-03-12 14:41:00,109.013,-0.0001009053966041229,reject,0.0005962591617514335,reject,0.0005228734187665562,reject,,,offgrid,-0.5,USD_JPY
2021-03-12,put,108.99182561307903,2021-03-12 15:49:00,109.018,9.172797152778855e-05,reject,-0.0008163789465959193,break,0.0003302206974995503,reject,,,offgrid,-0.5,USD_JPY
2021-03-12,put,108.99182561307903,2021-03-12 16:23:00,109.012,-0.00037610538289356565,break,-0.0006421311415257813,break,0.00031189226874106524,reject,,,offgrid,-0.5,USD_JPY
2021-03-12,put,108.99182561307903,2021-03-12 18:12:00,109.01,0.00022016328777185734,reject,0.0004036326942482571,reject,,,,,offgrid,-0.5,USD_JPY
2021-03-12,put,108.99182561307903,2021-03-12 20:49:00,109.01,2.7520410971426656e-05,reject,0.00043115310521968375,reject,,,,,offgrid,-0.5,USD_JPY
2021-03-15,put,108.99182561307903,2021-03-15 00:40:00,109.002,0.0005687969028091988,reject,-0.00018348287187386347,break,0.0014862112621787382,reject,,,offgrid,-0.5,USD_JPY
2021-03-15,put,108.99182561307903,2021-03-15 01:21:00,109.017,-0.0005595457589182562,break,0.0008530779603181937,reject,0.0014860067695865453,reject,,,offgrid,-0.5,USD_JPY
2021-03-15,put,108.99182561307903,2021-03-15 09:30:00,109.017,0.000587064402799653,reject,0.0007613491473805745,reject,0.0018437491400424832,reject,,,offgrid,-0.5,USD_JPY
2021-03-16,put,108.99182561307903,2021-03-16 12:08:00,109.006,-0.00021099755976727863,break,-0.0007522521696052831,break,-0.0004036475056418132,break,,,offgrid,-0.5,USD_JPY
2021-03-16,put,108.99182561307903,2021-03-16 12:43:00,108.994,0.00014679707139841902,reject,-0.0018349633924803488,break,0.00020184597317296493,reject,,,offgrid,-0.5,USD_JPY
2021-03-16,put,108.99182561307903,2021-03-16 15:55:00,109.026,-0.00046777832810529496,break,7.33769926439809e-05,reject,-0.0004952947003467045,break,,,offgrid,-0.5,USD_JPY
2021-03-17,put,108.99182561307903,2021-03-17 18:01:00,109.012,-0.0005137049132205584,break,-0.0017062341760540889,break,-0.002018126444795043,break,,,offgrid,-0.5,USD_JPY
2021-03-17,put,108.99182561307903,2021-03-17 18:15:00,109.004,-0.00031191515907680323,break,-0.0014678360427141657,break,-0.002513669223147774,break,,,offgrid,-0.5,USD_JPY
2021-03-18,put,108.99182561307903,2021-03-18 03:02:00,108.991,-0.0017157379967153163,break,-0.0010826582011358443,break,-0.0011468836876439292,break,,,offgrid,-0.5,USD_JPY
2021-03-18,put,108.99182561307903,2021-03-18 09:24:00,109.008,-4.586819316010349e-05,reject,0.0008623220314105673,reject,0.0016512549537648358,reject,,,offgrid,-0.5,USD_JPY
2021-03-18,put,108.99182561307903,2021-03-18 10:03:00,109.008,0.0006696756201380882,reject,-0.00019264641127259008,break,0.0010549684426832684,reject,,,offgrid,-0.5,USD_JPY
2021-03-18,put,108.99182561307903,2021-03-18 10:52:00,109.008,-7.338910905618778e-05,reject,0.00044033465433734875,reject,0.0006054601497138545,reject,,,offgrid,-0.5,USD_JPY
2021-03-18,put,108.99182561307903,2021-03-18 15:28:00,109.004,0.00018347950533925683,reject,-0.0003302631096107067,break,-0.001440314116913255,break,,,offgrid,-0.5,USD_JPY
2021-03-18,put,108.99182561307903,2021-03-18 15:52:00,109.006,-0.0002385189806065613,break,0.0002935618222850156,reject,-0.0011650734821936348,break,,,offgrid,-0.5,USD_JPY
2021-03-18,put,108.99182561307903,2021-03-18 15:58:00,108.972,-0.00020188672319487733,break,0.0006790735234740719,reject,-0.0008534302389603399,break,,,offgrid,-0.5,USD_JPY
2021-03-18,put,108.99182561307903,2021-03-18 17:16:00,109.011,-8.256047554833224e-05,reject,-0.00013760079258051672,reject,-0.0008898184586876301,break,,,offgrid,-0.5,USD_JPY
2021-03-31,put,110.80332409972299,2021-03-31 04:07:00,110.846,0.00018043050719018794,reject,-7.217220287614179e-05,reject,-0.001407357956083266,break,,,offgrid,-0.5,USD_JPY
2021-03-31,put,110.80332409972299,2021-03-31 04:43:00,110.833,0.00027067750579701233,reject,8.120325173921472e-05,reject,-0.0021203071287432262,break,,,offgrid,-0.5,USD_JPY
2021-03-31,put,110.80332409972299,2021-03-31 06:18:00,110.79,-0.0005596172939796862,break,-0.0010289737340916094,break,-0.0013178084664681178,break,,,offgrid,-0.5,USD_JPY
2021-07-01,put,111.4206128133705,2021-07-01 11:01:00,111.418,-0.0003320827873414256,break,0.00046671094437167326,reject,0.0012026782028038419,reject,,,offgrid,-0.5,USD_JPY
2021-07-01,put,111.4206128133705,2021-07-01 12:03:00,111.436,-0.00017947521447292392,break,-0.0007179008578915846,break,0.001247352740586516,reject,,,offgrid,-0.5,USD_JPY
2021-07-01,put,111.4206128133705,2021-07-01 13:49:00,111.436,-0.0002512653002620935,break,0.0012832477834809897,reject,0.0017050145374923886,reject,,,offgrid,-0.5,USD_JPY
2021-07-02,put,111.4206128133705,2021-07-02 08:28:00,111.444,0.00027816661282797916,reject,0.0003768708947990973,reject,8.075804888552085e-05,reject,,,offgrid,-0.5,USD_JPY
2021-07-02,put,111.4206128133705,2021-07-02 08:55:00,111.448,-8.972794487105418e-05,reject,0.00046658531333010345,reject,-0.0010946809274280378,break,,,offgrid,-0.5,USD_JPY
2021-07-02,put,111.4206128133705,2021-07-02 09:06:00,111.434,0.0003589568713320279,reject,0.0006371484466141109,reject,-0.002099897697291575,break,,,offgrid,-0.5,USD_JPY
2021-07-02,put,111.4206128133705,2021-07-02 10:45:00,111.444,-3.5892466171416615e-05,reject,-0.00053838699257025,break,-0.0012382900829116528,break,,,offgrid,-0.5,USD_JPY
2021-07-02,put,111.4206128133705,2021-07-02 12:32:00,111.441,-0.0004396945468903013,break,-0.0011485898367745717,break,-0.0015164975188665109,break,,,offgrid,-0.5,USD_JPY
2021-07-02,put,111.4206128133705,2021-07-02 12:39:00,111.42,-0.0006731287022079258,break,-0.0009693053311793376,break,-0.0013821576018667736,break,,,offgrid,-0.5,USD_JPY
2022-01-04,put,115.94202898550726,2022-01-04 16:03:00,115.979,0.0005604462876900307,reject,0.001370937842195552,reject,0.0012502263340776754,reject,,,offgrid,-0.5,USD_JPY
2022-01-05,put,115.94202898550726,2022-01-05 01:51:00,115.966,0.0004484072917925186,reject,0.0,reject,0.0004829001603918748,reject,,,offgrid,-0.5,USD_JPY
2022-01-05,put,115.94202898550726,2022-01-05 02:49:00,115.972,-0.00010347325216431003,reject,-7.760493912323252e-05,reject,0.0003276652985204631,reject,,,offgrid,-0.5,USD_JPY
2022-01-05,put,115.94202898550726,2022-01-05 04:10:00,115.964,8.623365872173494e-05,reject,0.0008450898554723807,reject,0.00025007761029272046,reject,,,offgrid,-0.5,USD_JPY
2022-01-05,put,115.94202898550726,2022-01-05 07:06:00,115.961,-0.00021558972413127098,break,0.0001293538344788736,reject,-0.001724717793051167,break,,,offgrid,-0.5,USD_JPY
2022-01-05,put,115.94202898550726,2022-01-05 08:19:00,115.963,-0.0005260298543500186,break,-0.0006467580176434673,break,-0.0018195458896371752,break,,,offgrid,-0.5,USD_JPY
2022-01-05,put,115.94202898550726,2022-01-05 17:20:00,115.952,0.00032772181592388705,reject,0.0007071891817305165,reject,0.0012936387470678934,reject,,,offgrid,-0.5,USD_JPY
2022-01-05,put,115.94202898550726,2022-01-05 17:47:00,115.953,0.0003018464377808616,reject,0.00038808827714675864,reject,0.0014747354531576828,reject,,,offgrid,-0.5,USD_JPY
2022-01-06,put,115.94202898550726,2022-01-06 01:25:00,115.968,-0.00015521523178807506,reject,-0.0007243377483443503,break,-0.00043977649006621267,break,,,offgrid,-0.5,USD_JPY
2022-01-06,put,115.94202898550726,2022-01-06 01:31:00,115.954,-0.00010348931472825562,break,-0.0005260706832018736,break,-0.0006726805457335505,break,,,offgrid,-0.5,USD_JPY
2022-01-07,put,115.94202898550726,2022-01-07 00:53:00,116.004,-0.00048274197441477984,reject,-0.0010085859108307504,break,-0.001034447088031465,break,,,offgrid,-0.5,USD_JPY
2022-03-22,put,120.84592145015107,2022-03-22 10:09:00,120.863,0.0009763120227033184,reject,-4.136915350438919e-05,reject,-0.0012658960972341537,break,,,offgrid,-0.5,USD_JPY
2022-03-22,put,120.84592145015107,2022-03-22 10:33:00,120.88,0.00041363335539390533,reject,-0.00019854401058905236,reject,-0.0014642620780939142,break,,,offgrid,-0.5,USD_JPY
2022-03-22,put,120.84592145015107,2022-03-22 10:56:00,120.858,-3.30966919857012e-05,reject,-0.0005957404557415114,break,-0.0009846265865727233,break,,,offgrid,-0.5,USD_JPY
2022-03-22,put,120.84592145015107,2022-03-22 11:23:00,120.874,-0.001588430928073814,break,-0.00036401542101693884,break,-0.0005873885202772877,break,,,offgrid,-0.5,USD_JPY
2022-03-22,put,120.84592145015107,2022-03-22 12:22:00,120.848,-0.0003475440222427961,break,-0.002068714418111961,break,-0.0023748841519924957,break,,,offgrid,-0.5,USD_JPY
2022-03-28,put,123.83900928792572,2022-03-28 10:32:00,123.843,0.0020913576060010985,reject,0.0014453784226804434,reject,-0.0008882213770661229,break,,,offgrid,-0.5,USD_JPY
2022-03-28,put,123.83900928792572,2022-03-28 10:37:00,123.901,0.0028813326768952763,reject,0.0013478502998360842,reject,-0.0023647912446226327,break,,,offgrid,-0.5,USD_JPY
2022-03-28,put,123.83900928792572,2022-03-28 12:16:00,123.807,-0.0008965567375027739,break,-0.0009611734393046856,break,-0.0044504753366126915,break,,,offgrid,-0.5,USD_JPY
2022-03-28,put,123.83900928792572,2022-03-28 19:49:00,123.867,4.036587630285027e-05,reject,0.00014531715469012774,reject,,,,,offgrid,-0.5,USD_JPY
2022-03-28,put,123.83900928792572,2022-03-28 20:22:00,123.862,4.844100692702469e-05,reject,8.073501154504115e-05,reject,,,,,offgrid,-0.5,USD_JPY
2022-03-28,put,123.83900928792572,2022-03-28 21:03:00,123.803,0.00029886190156958037,reject,0.0003957900858622132,reject,,,,,offgrid,-0.5,USD_JPY
2022-03-28,put,123.83900928792572,2022-03-28 22:02:00,123.844,0.0008720648557862809,reject,0.0013242466328606817,reject,,,,,offgrid,-0.5,USD_JPY
2022-03-28,put,123.83900928792572,2022-03-28 23:12:00,123.845,-0.0006136703136985222,break,,,,,,,offgrid,-0.5,USD_JPY
2022-03-29,put,123.83900928792572,2022-03-29 01:06:00,123.879,-0.0002018098305605065,reject,-0.0018485780479338132,break,-0.0045286125977769265,break,,,offgrid,-0.5,USD_JPY
2022-03-29,put,123.83900928792572,2022-03-29 01:10:00,123.858,-0.0008073761888615083,break,-0.0011626217119604654,break,-0.003939995801643836,break,,,offgrid,-0.5,USD_JPY
2022-03-29,put,123.83900928792572,2022-03-29 01:20:00,123.862,-0.0008234971177599748,break,-0.0013805686974213138,break,-0.0031486654502591582,break,,,offgrid,-0.5,USD_JPY
2022-04-06,put,123.83900928792572,2022-04-06 02:43:00,123.749,0.0010101091725993605,reject,0.0005737420100364599,break,0.001301020614308035,reject,,,offgrid,-0.5,USD_JPY
2022-04-06,put,123.83900928792572,2022-04-06 03:02:00,123.861,-4.036783168237523e-05,reject,-0.0008477244653281035,break,0.00047634041385102854,reject,,,offgrid,-0.5,USD_JPY
2022-04-06,put,123.83900928792572,2022-04-06 04:47:00,123.862,0.0001937640277083208,reject,0.0005732185819704583,reject,-0.0004521160646525635,break,,,offgrid,-0.5,USD_JPY
2022-04-06,put,123.83900928792572,2022-04-06 05:05:00,123.854,0.00020992458862845176,reject,0.0009608086941075289,reject,-0.0002906648150241553,break,,,offgrid,-0.5,USD_JPY
2022-04-06,put,123.83900928792572,2022-04-06 07:20:00,123.86,0.00017761989342801598,reject,0.0005813014694009411,reject,0.0006458905215565025,reject,,,offgrid,-0.5,USD_JPY
2022-04-06,put,123.83900928792572,2022-04-06 07:34:00,123.852,0.0,reject,0.0005490424054517273,reject,0.0003552627329392877,reject,,,offgrid,-0.5,USD_JPY
2022-04-06,put,123.83900928792572,2022-04-06 07:43:00,123.858,0.00018569652343813914,reject,-0.00040368809443069864,break,0.00024221285665837478,reject,,,offgrid,-0.5,USD_JPY
2022-04-06,put,123.83900928792572,2022-04-06 08:03:00,123.858,0.0005328682846486021,reject,-0.00030680295176743755,break,-4.844257133174157e-05,reject,,,offgrid,-0.5,USD_JPY
2022-04-06,put,123.83900928792572,2022-04-06 08:39:00,123.85,-0.0002099313685910431,break,8.074283407344396e-05,reject,-0.0005974969721437295,break,,,offgrid,-0.5,USD_JPY
2022-04-06,put,123.83900928792572,2022-04-06 12:01:00,123.853,-0.000226074459237946,break,-0.000226074459237946,break,-0.0011545945596795892,break,,,offgrid,-0.5,USD_JPY
2022-04-06,put,123.83900928792572,2022-04-06 13:11:00,123.887,0.0001049343353216603,reject,-0.00013722182311293185,reject,-0.0009686246337388127,break,,,offgrid,-0.5,USD_JPY
2022-04-06,put,123.83900928792572,2022-04-06 13:50:00,123.838,8.075065811796733e-05,reject,-0.00014535118461211916,break,-0.0002584021059771624,break,,,offgrid,-0.5,USD_JPY
2022-04-06,put,123.83900928792572,2022-04-06 14:02:00,123.842,0.00047641349461402527,reject,-0.00083170491432627,break,-0.0019379531984302645,break,,,offgrid,-0.5,USD_JPY
2022-04-06,put,123.83900928792572,2022-04-06 14:23:00,123.845,0.00029876054745847647,reject,-0.0001857160159877136,break,0.0003956558601478921,reject,,,offgrid,-0.5,USD_JPY
2022-04-06,put,123.83900928792572,2022-04-06 18:20:00,123.891,-0.0005569411821682024,break,-0.0006860869635405553,break,-0.0003309360647667514,reject,,,offgrid,-0.5,USD_JPY
2022-04-06,put,123.83900928792572,2022-04-06 18:28:00,123.87,0.00030677322999905776,reject,-0.0007265681763138909,break,-0.00025833535157837595,break,,,offgrid,-0.5,USD_JPY
2022-04-06,put,123.83900928792572,2022-04-06 18:45:00,123.847,-0.00047639426066026225,break,-0.0003310536387639562,break,0.0001695640588790237,reject,,,offgrid,-0.5,USD_JPY
2022-04-06,put,123.83900928792572,2022-04-06 22:32:00,123.853,-4.844452697960744e-05,reject,8.074087829879062e-06,reject,,,,,offgrid,-0.5,USD_JPY
2022-04-06,put,123.83900928792572,2022-04-06 23:21:00,123.864,-9.688044952527175e-05,reject,,,,,,,offgrid,-0.5,USD_JPY
2022-04-07,put,123.83900928792572,2022-04-07 11:10:00,123.862,0.0002987195427168743,reject,0.0008961586281506229,reject,0.0006458800923607733,reject,,,offgrid,-0.5,USD_JPY
2022-04-07,put,123.83900928792572,2022-04-07 13:11:00,123.857,8.881209782241051e-05,reject,0.0009446377677482243,reject,0.00029065777469172716,reject,,,offgrid,-0.5,USD_JPY
2022-04-07,put,123.83900928792572,2022-04-07 13:25:00,123.849,0.000476386567513698,reject,0.0008478066032022724,reject,0.00024223045805782384,reject,,,offgrid,-0.5,USD_JPY
2022-04-07,put,123.83900928792572,2022-04-07 15:28:00,123.872,-0.000153384138465551,reject,5.650994575057133e-05,reject,0.0010091061741153151,reject,,,offgrid,-0.5,USD_JPY
2022-04-08,put,123.83900928792572,2022-04-08 00:29:00,123.852,0.0004360042631528227,reject,-0.0011142331169460284,break,0.00098504666860455,reject,,,offgrid,-0.5,USD_JPY
2022-04-08,put,123.83900928792572,2022-04-08 00:32:00,123.858,0.0006539747129776785,reject,-0.0011141791406288348,break,0.0010011464741881415,reject,,,offgrid,-0.5,USD_JPY
2022-04-08,put,123.83900928792572,2022-04-08 00:54:00,123.796,-2.423341626545117e-05,break,1.6155610843560098e-05,break,0.001405538143397056,reject,,,offgrid,-0.5,USD_JPY
2022-06-23,put,135.59322033898303,2022-06-23 02:38:00,135.602,-0.002920310909868662,break,-0.0008480700874619052,break,0.0013495376174392781,reject,,,offgrid,-0.5,USD_JPY
2022-06-23,put,135.59322033898303,2022-06-23 02:43:00,135.532,-0.0016379895522828924,break,-4.426998789952563e-05,break,0.0019109878109966338,reject,,,offgrid,-0.5,USD_JPY
2022-06-23,put,135.59322033898303,2022-06-23 07:17:00,135.614,-0.0009069860043947608,break,-2.2121609863368086e-05,reject,-0.0011945669326176578,break,,,offgrid,-0.5,USD_JPY
2022-06-23,put,135.59322033898303,2022-06-23 07:30:00,135.598,-0.0015929438487294334,break,0.00013274532072737877,reject,-0.000943966725173051,break,,,offgrid,-0.5,USD_JPY
2022-06-23,put,135.59322033898303,2022-06-23 08:16:00,135.62,-5.898834980100354e-05,reject,-0.0016000589883499172,break,-0.0019318684559799237,break,,,offgrid,-0.5,USD_JPY
2022-06-23,put,135.59322033898303,2022-06-23 08:22:00,135.601,-0.0005825915738084664,break,-0.0012315543395697848,break,-0.002647473101230924,break,,,offgrid,-0.5,USD_JPY
2022-06-23,put,135.59322033898303,2022-06-23 08:27:00,135.602,-0.0006563325024704358,break,-0.000501467529977484,break,-0.0026253300098818544,break,,,offgrid,-0.5,USD_JPY
2022-06-23,put,135.59322033898303,2022-06-23 08:29:00,135.613,-0.0012756889088804124,break,-0.0008480012978107077,break,-0.0034583705102018136,break,,,offgrid,-0.5,USD_JPY
2022-06-28,put,135.59322033898303,2022-06-28 06:45:00,135.617,0.00011060560254261276,reject,0.0013198935236733433,reject,0.0037974590206244496,reject,,,offgrid,-0.5,USD_JPY
2022-06-30,put,135.59322033898303,2022-06-30 16:30:00,135.62,0.0008110898097624109,reject,6.636189352593469e-05,reject,0.0005898834980089251,reject,,,offgrid,-0.5,USD_JPY
2022-06-30,put,135.59322033898303,2022-06-30 16:49:00,135.606,0.0005014527380795553,reject,-7.374304971774492e-06,reject,0.0011946374054245812,reject,,,offgrid,-0.5,USD_JPY
2022-06-30,put,135.59322033898303,2022-06-30 17:16:00,135.596,0.0002654945573616896,reject,0.0003097436502552675,reject,0.0011209770199709368,reject,,,offgrid,-0.5,USD_JPY
2022-06-30,put,135.59322033898303,2022-06-30 17:34:00,135.628,-0.00016958150234458458,reject,0.0001474621759518513,reject,0.0008626537293185965,reject,,,offgrid,-0.5,USD_JPY
2022-06-30,put,135.59322033898303,2022-06-30 17:42:00,135.614,0.0001917206188151166,reject,0.00013272965917976443,reject,0.0010102201837567382,reject,,,offgrid,-0.5,USD_JPY
2022-06-30,put,135.59322033898303,2022-06-30 18:49:00,135.602,-0.0003097299449861257,break,0.00039822421498203475,reject,0.0014380318874351872,reject,,,offgrid,-0.5,USD_JPY
2022-07-01,put,135.59322033898303,2022-07-01 02:22:00,135.584,-0.002109393438753826,break,-0.002994453622846449,break,-0.004867831012508872,break,,,offgrid,-0.5,USD_JPY
2022-07-01,put,135.59322033898303,2022-07-01 10:02:00,135.606,-0.0007374304971755619,break,-0.0018583248528825091,break,-0.0029054761588720446,break,,,offgrid,-0.5,USD_JPY
2022-07-05,put,135.59322033898303,2022-07-05 08:43:00,135.584,0.0020208874203446747,reject,0.001224333254661314,reject,0.0018143733773896553,reject,,,offgrid,-0.5,USD_JPY
2022-07-05,put,135.59322033898303,2022-07-05 09:33:00,135.601,0.0007300831114813722,reject,0.002308242564582841,reject,0.0021386272962589103,reject,,,offgrid,-0.5,USD_JPY
2022-07-05,put,135.59322033898303,2022-07-05 13:45:00,135.628,0.0016368301530658158,reject,0.003037720824608625,reject,0.0010764738844486477,reject,,,offgrid,-0.5,USD_JPY
2022-07-05,put,135.59322033898303,2022-07-05 15:37:00,135.62,0.0006267512166346911,reject,0.0016148060757998906,reject,0.0009290665093644179,reject,,,offgrid,-0.5,USD_JPY
2022-07-05,put,135.59322033898303,2022-07-05 23:10:00,135.584,-0.00044990559358037974,break,,,,,,,offgrid,-0.5,USD_JPY
2022-07-06,put,135.59322033898303,2022-07-06 00:24:00,135.612,0.00029495914815802493,reject,-0.0021384538241453477,break,-0.0009143733592896774,break,,,offgrid,-0.5,USD_JPY
2022-07-06,put,135.59322033898303,2022-07-06 00:37:00,135.622,0.00046452640427063763,reject,-0.002993614605300121,break,-0.0013124714279395544,break,,,offgrid,-0.5,USD_JPY
2022-07-06,put,135.59322033898303,2022-07-06 01:01:00,135.62,-0.0014894558324730633,break,-0.00259548739124027,break,-0.002492257779088569,break,,,offgrid,-0.5,USD_JPY
2022-07-06,put,135.59322033898303,2022-07-06 07:34:00,135.58,-0.00044254314795699745,break,-0.0024634901902935713,break,-0.0013718837586664812,break,,,offgrid,-0.5,USD_JPY
2022-07-06,put,135.59322033898303,2022-07-06 14:55:00,135.604,0.0004793368927169528,reject,0.0004940857201851667,reject,0.0024630541871919487,reject,,,offgrid,-0.5,USD_JPY
2022-07-06,put,135.59322033898303,2022-07-06 15:11:00,135.605,0.0012020205744627255,reject,0.0004940820766197174,reject,0.0022934257586373352,reject,,,offgrid,-0.5,USD_JPY
2022-07-06,put,135.59322033898303,2022-07-06 18:00:00,135.668,0.0006854969484328954,reject,0.0021375711295219535,reject,0.0015921219447472268,reject,,,offgrid,-0.5,USD_JPY
2022-07-06,put,135.59322033898303,2022-07-06 18:05:00,135.623,0.0022488810894907285,reject,0.002602803359312178,reject,0.002012932909609688,reject,,,offgrid,-0.5,USD_JPY
2022-09-08,put,143.36917562724014,2022-09-08 11:39:00,143.384,0.00046030240473138306,reject,0.0030547341404900674,reject,0.0040171846231100705,reject,,,offgrid,-0.5,USD_JPY
2022-09-08,put,143.36917562724014,2022-09-08 11:45:00,143.38,0.00037662156507178857,reject,0.003849909331845369,reject,0.0045334077277165985,reject,,,offgrid,-0.5,USD_JPY
2022-09-09,put,143.36917562724014,2022-09-09 03:17:00,143.397,-0.0004951289078571897,break,-0.005062867424004636,break,-0.0076221957223651104,break,,,offgrid,-0.5,USD_JPY
2022-09-09,put,143.36917562724014,2022-09-09 03:21:00,143.37,-0.0005858966310944291,break,-0.004205900816070418,break,-0.00773523052242453,break,,,offgrid,-0.5,USD_JPY
2022-09-12,put,143.36917562724014,2022-09-12 06:11:00,143.382,-9.764126598887923e-05,break,-0.0035569318324475407,break,-0.003752214364425188,break,,,offgrid,-0.5,USD_JPY
2022-09-12,put,143.36917562724014,2022-09-12 06:18:00,143.36,-0.0003766741071428159,break,-0.004157366071428581,break,-0.0036272321428572063,break,,,offgrid,-0.5,USD_JPY
2022-09-12,put,143.36917562724014,2022-09-12 06:23:00,143.392,-0.00012553001562154442,reject,-0.004756192814103888,break,-0.00403090827940189,break,,,offgrid,-0.5,USD_JPY
2022-09-12,put,143.36917562724014,2022-09-12 06:42:00,143.332,-0.0016953646080428708,break,-0.003641894343203167,break,-0.004262830351910218,break,,,offgrid,-0.5,USD_JPY
2023-02-03,put,130.2931596091205,2023-02-03 14:24:00,130.282,-4.6053944520396684e-05,break,0.004636097081714974,reject,0.005787445694723781,reject,,,offgrid,-0.5,USD_JPY
2023-02-03,put,130.2931596091205,2023-02-03 14:36:00,130.31,-0.00015348016268901254,break,0.004251400506484648,reject,0.00606246642621433,reject,,,offgrid,-0.5,USD_JPY
2023-02-03,put,130.2931596091205,2023-02-03 14:59:00,130.338,0.0036673878684652106,reject,0.005616167196059507,reject,0.005923061578357869,reject,,,offgrid,-0.5,USD_JPY
2023-02-10,put,130.2931596091205,2023-02-10 08:00:00,130.25,-0.0022341650671784397,break,0.0006602687140115915,reject,0.004545105566218899,reject,,,offgrid,-0.5,USD_JPY
2023-02-10,put,130.2931596091205,2023-02-10 08:46:00,130.318,-0.00029926794456647254,break,0.004028606946085533,reject,0.004235792446170006,reject,,,offgrid,-0.5,USD_JPY
2023-04-10,put,133.77926421404683,2023-04-10 15:02:00,133.774,-0.00020930823627907102,break,-0.00026911058950174205,break,-0.0014502070656479127,break,,,offgrid,-0.5,USD_JPY
2023-04-12,put,133.77926421404683,2023-04-12 02:33:00,133.804,0.0007025201040327111,reject,0.0005530477414725787,reject,-0.0002615766344802317,break,,,offgrid,-0.5,USD_JPY
2023-04-12,put,133.77926421404683,2023-04-12 04:25:00,133.794,-0.00029896706877752255,break,-0.0001943285947053619,break,-2.242253015838358e-05,reject,,,offgrid,-0.5,USD_JPY
2023-04-12,put,133.77926421404683,2023-04-12 05:59:00,133.8,-0.0003886397608372505,break,-0.0010911808669656908,break,-0.00032884902840069064,break,,,offgrid,-0.5,USD_JPY
2023-04-12,put,133.77926421404683,2023-04-12 06:06:00,133.752,0.0003140139960524646,reject,-0.0010093307015971442,break,-0.0004859740415096292,break,,,offgrid,-0.5,USD_JPY
2023-04-12,put,133.77926421404683,2023-04-12 08:02:00,133.8,0.00011958146487289767,reject,0.0001793721973093465,reject,-0.00011958146487311971,reject,,,offgrid,-0.5,USD_JPY
2023-04-12,put,133.77926421404683,2023-04-12 09:10:00,133.78,-1.4949917775508581e-05,break,-0.0009119449843026928,break,-0.005456719988039982,break,,,offgrid,-0.5,USD_JPY
2023-04-12,put,133.77926421404683,2023-04-12 12:29:00,133.76,-0.0062200956937799035,break,-0.006145334928229662,break,-0.004665071770334928,break,,,offgrid,-0.5,USD_JPY
2023-04-14,put,132.89036544850495,2023-04-14 12:35:00,132.918,0.0015723980198318888,reject,0.0008426247761776917,reject,0.00598865465926357,reject,,,offgrid,-0.5,USD_JPY
2023-04-21,put,133.77926421404683,2023-04-21 04:11:00,133.784,0.0005082820068169625,reject,0.0008521198349578096,reject,0.0018313101716198599,reject,,,offgrid,-0.5,USD_JPY
2023-04-21,put,133.77926421404683,2023-04-21 05:55:00,133.798,-0.00025411441127665135,break,0.0006278120749190208,reject,0.00011958325236549605,reject,,,offgrid,-0.5,USD_JPY
2023-04-21,put,133.77926421404683,2023-04-21 06:00:00,133.784,0.00037373676971852454,reject,0.0007624230102254437,reject,2.9898941577677363e-05,reject,,,offgrid,-0.5,USD_JPY
2023-04-21,put,133.77926421404683,2023-04-21 06:16:00,133.806,8.968207703685671e-05,reject,0.000493251423703045,reject,-0.0001718906476542159,reject,,,offgrid,-0.5,USD_JPY
2023-04-21,put,133.77926421404683,2023-04-21 08:47:00,133.808,-0.0001943082625850412,reject,0.00023914863087415306,reject,-0.0005978715771850496,break,,,offgrid,-0.5,USD_JPY
2023-04-21,put,133.77926421404683,2023-04-21 09:57:00,133.798,0.0,reject,3.736976636425915e-05,reject,0.0035725496644196664,reject,,,offgrid,-0.5,USD_JPY
2023-04-21,put,133.77926421404683,2023-04-21 11:44:00,133.808,-0.0003437761568814146,break,-0.00047829726174808407,break,0.0038114313045558568,reject,,,offgrid,-0.5,USD_JPY
2023-04-21,put,133.77926421404683,2023-04-21 12:13:00,133.801,0.00036621549913684603,reject,-0.0011584367829836628,break,0.0029073026360042498,reject,,,offgrid,-0.5,USD_JPY
2023-04-21,put,133.77926421404683,2023-04-21 12:29:00,133.79,-0.00034382240825170385,break,-0.0010165184243964287,break,0.002645937663502629,reject,,,offgrid,-0.5,USD_JPY
2023-04-25,put,133.77926421404683,2023-04-25 13:05:00,133.806,0.0004633573980239447,reject,0.0013302841427140777,reject,0.00040356934666618827,reject,,,offgrid,-0.5,USD_JPY
2023-04-25,put,133.77926421404683,2023-04-25 14:00:00,133.776,0.0008820715225450471,reject,0.0005606386795837803,reject,-0.0015473627556513714,break,,,offgrid,-0.5,USD_JPY
2023-04-25,put,133.77926421404683,2023-04-25 14:38:00,133.792,0.0008520688830424561,reject,0.001136091844056386,reject,-0.0021376464960536357,break,,,offgrid,-0.5,USD_JPY
2023-04-25,put,133.77926421404683,2023-04-25 17:09:00,133.784,-0.0010688871613945272,break,-0.002466662680140952,break,-0.00046343359445066845,break,,,offgrid,-0.5,USD_JPY
2023-04-25,put,133.77926421404683,2023-04-25 21:05:00,133.793,-0.00033634046624275715,break,-3.737116291580023e-05,reject,,,,,offgrid,-0.5,USD_JPY
2023-04-25,put,133.77926421404683,2023-04-25 21:10:00,133.8,-0.0006278026905829348,break,-0.00033632286995533,break,,,,,offgrid,-0.5,USD_JPY
2023-04-25,put,133.77926421404683,2023-04-25 22:02:00,133.753,-6.728821035784094e-05,break,-0.0007551232495719429,break,,,,,offgrid,-0.5,USD_JPY
2023-04-26,put,133.77926421404683,2023-04-26 12:31:00,133.727,-0.00011216882155451469,break,-0.004225025611880873,break,0.0007926596723173418,reject,,,offgrid,-0.5,USD_JPY
2023-04-26,put,133.77926421404683,2023-04-26 16:21:00,133.804,0.0,reject,-0.00019431407132830536,break,-0.0009640967385129429,break,,,offgrid,-0.5,USD_JPY
2023-04-26,put,133.77926421404683,2023-04-26 16:30:00,133.802,0.00043347633069767966,reject,-8.221102823569026e-05,reject,-0.0010164272581874023,break,,,offgrid,-0.5,USD_JPY
2023-04-26,put,133.77926421404683,2023-04-26 16:34:00,133.786,0.00020928946227560807,reject,0.00017939096766483864,reject,-0.0008969548383239712,break,,,offgrid,-0.5,USD_JPY
2023-04-26,put,133.77926421404683,2023-04-26 16:53:00,133.786,0.00020928946227560807,reject,-0.00043352817185648984,break,-0.0007399877416170986,break,,,offgrid,-0.5,USD_JPY
2023-04-26,put,133.77926421404683,2023-04-26 17:02:00,133.796,1.4948129988923142e-05,reject,-0.0005530808095906004,break,-0.0008296212143860116,break,,,offgrid,-0.5,USD_JPY
2023-04-26,put,133.77926421404683,2023-04-26 17:06:00,133.809,-0.00023167350477182325,break,-0.000560500414770182,break,-0.0009416406968141278,break,,,offgrid,-0.5,USD_JPY
2023-04-26,put,133.77926421404683,2023-04-26 17:17:00,133.798,-0.00018684883182118472,break,-0.00025411441127665135,break,-0.0009716139254697387,break,,,offgrid,-0.5,USD_JPY
2023-04-27,put,133.77926421404683,2023-04-27 06:49:00,133.79,-0.00015696240376694703,break,-0.00041856641004545114,break,-0.0009567232229612532,break,,,offgrid,-0.5,USD_JPY
2023-04-27,put,133.77926421404683,2023-04-27 08:05:00,133.798,0.0009118222992867686,reject,0.0002989581309136291,reject,-0.0033857008325983706,break,,,offgrid,-0.5,USD_JPY
2023-04-27,put,133.77926421404683,2023-04-27 08:31:00,133.8,-3.736920777297481e-05,reject,-0.00023916292974601738,break,-0.001180866965620475,break,,,offgrid,-0.5,USD_JPY
2023-04-27,put,133.77926421404683,2023-04-27 09:23:00,133.794,2.2422530158161535e-05,reject,-0.0005829857841158637,break,0.0015322062274838455,reject,,,offgrid,-0.5,USD_JPY
2023-04-27,put,133.77926421404683,2023-04-27 10:16:00,133.786,-0.0006727161287429784,break,-0.0025488466655704256,break,0.0017640111820369508,reject,,,offgrid,-0.5,USD_JPY
2023-04-27,put,133.77926421404683,2023-04-27 12:38:00,133.747,0.0012934869567164942,reject,0.0030804429258224353,reject,0.001966399246338124,reject,,,offgrid,-0.5,USD_JPY
2023-04-27,put,133.77926421404683,2023-04-27 23:30:00,133.814,0.0,reject,,,,,,,offgrid,-0.5,USD_JPY
2023-04-27,put,133.77926421404683,2023-04-27 23:45:00,133.814,,,,,,,,,offgrid,-0.5,USD_JPY
2023-04-27,put,133.77926421404683,2023-04-27 23:54:00,133.806,,,,,,,,,offgrid,-0.5,USD_JPY
2023-04-28,put,133.77926421404683,2023-04-28 00:00:00,133.862,0.0001269964590397965,reject,0.0013147868700602583,reject,0.003951830990124083,reject,,,offgrid,-0.5,USD_JPY
2023-04-28,put,133.77926421404683,2023-04-28 01:31:00,133.74,0.0014655301330941395,reject,0.0026469268730371365,reject,0.008763272020337887,reject,,,offgrid,-0.5,USD_JPY
2023-04-28,put,133.77926421404683,2023-04-28 03:24:00,134.022,-0.0017012132336480246,reject,0.006558624703407068,reject,0.012826252406321625,reject,,,offgrid,-0.5,USD_JPY
2023-04-28,put,133.77926421404683,2023-04-28 03:32:00,133.876,-0.0002539663569272044,reject,0.006483611700379477,reject,0.014035376019600143,reject,,,offgrid,-0.5,USD_JPY
2023-04-28,put,133.77926421404683,2023-04-28 03:34:00,133.853,-0.00027642264274996275,reject,0.006447371370084998,reject,0.014030316840115464,reject,,,offgrid,-0.5,USD_JPY
2023-04-28,put,133.77926421404683,2023-04-28 03:36:00,133.806,-7.473506419752862e-05,reject,0.006711208764928367,reject,0.014423867390101819,reject,,,offgrid,-0.5,USD_JPY
2023-04-28,put,133.77926421404683,2023-04-28 03:50:00,133.746,0.00511417163877792,reject,0.0074469516845361294,reject,0.014721935609289138,reject,,,offgrid,-0.5,USD_JPY
2023-05-01,put,137.4570446735395,2023-05-01 19:41:00,137.474,0.0002400453904012334,reject,-2.909641095760751e-05,reject,0.0004728166780627596,reject,,,offgrid,-0.5,USD_JPY
2023-05-01,put,137.4570446735395,2023-05-01 20:02:00,137.474,0.00018912667122528148,reject,5.8192821915437065e-05,reject,,,,,offgrid,-0.5,USD_JPY
2023-05-01,put,137.4570446735395,2023-05-01 20:33:00,137.472,0.0,reject,0.00011638733705776616,reject,,,,,offgrid,-0.5,USD_JPY
2023-05-02,put,137.4570446735395,2023-05-02 00:02:00,137.476,-0.0008801536268149279,break,-0.000516453781023607,break,0.00027641188280136397,reject,,,offgrid,-0.5,USD_JPY
2023-05-02,put,137.4570446735395,2023-05-02 00:56:00,137.49,-0.0008218779547602972,break,-0.0006400465488400897,break,0.0010037093606805048,reject,,,offgrid,-0.5,USD_JPY
2023-05-02,put,137.4570446735395,2023-05-02 04:30:00,137.511,0.0006544930950977967,reject,0.001228992589683786,reject,-0.0002254365105337497,reject,,,offgrid,-0.5,USD_JPY
2023-05-02,put,137.4570446735395,2023-05-02 08:24:00,137.46,-0.0005310635821330623,break,0.0001745962461807693,reject,-0.00037829186672500015,break,,,offgrid,-0.5,USD_JPY
2023-05-02,put,137.4570446735395,2023-05-02 09:07:00,137.453,4.36512844390613e-05,reject,-0.0002546324925610799,break,0.00013822906739036078,reject,,,offgrid,-0.5,USD_JPY
2023-05-02,put,137.4570446735395,2023-05-02 10:49:00,137.493,-0.0001381888532507869,reject,-0.0011855148989401432,break,-0.007134908686260322,break,,,offgrid,-0.5,USD_JPY
2023-05-02,put,137.4570446735395,2023-05-02 11:04:00,137.474,-0.0013093384930966678,break,-0.0008510700205128785,break,-0.006997686835328754,break,,,offgrid,-0.5,USD_JPY
2023-05-02,put,137.4570446735395,2023-05-02 12:51:00,137.488,-4.364017223323913e-05,reject,-0.001207378098452172,break,-0.008000698242755733,break,,,offgrid,-0.5,USD_JPY
2023-05-02,put,137.4570446735395,2023-05-02 13:06:00,137.482,0.00024003142229522823,reject,-0.003374987271060892,break,-0.007310047860810798,break,,,offgrid,-0.5,USD_JPY
2023-05-02,put,137.4570446735395,2023-05-02 13:22:00,137.478,0.00017457338628723562,reject,-0.004342512983895652,break,-0.007288438877493197,break,,,offgrid,-0.5,USD_JPY
2023-05-02,put,137.4570446735395,2023-05-02 13:29:00,137.476,-0.00039279583345452895,break,-0.0047135500014547915,break,-0.006910297070033988,break,,,offgrid,-0.5,USD_JPY
2023-05-04,put,133.77926421404683,2023-05-04 15:49:00,133.77,-0.0004784331314945378,break,-0.0006055169320476894,break,0.002728563953053653,reject,,,offgrid,-0.5,USD_JPY
2023-05-10,put,134.6801346801347,2023-05-10 12:32:00,134.612,-2.9715032834998212e-05,break,0.000386295426856309,break,-0.0014560366089204635,break,,,offgrid,-0.5,USD_JPY
2023-05-10,put,134.6801346801347,2023-05-10 12:35:00,134.696,-0.0017669418542495263,break,-0.00040090277365323335,break,-0.0020787551226465473,break,,,offgrid,-0.5,USD_JPY
2023-05-11,put,134.6801346801347,2023-05-11 09:39:00,134.692,7.42434591511909e-05,reject,-0.0003712172957562876,break,-0.004989160454963892,break,,,offgrid,-0.5,USD_JPY
2023-05-11,put,134.6801346801347,2023-05-11 09:51:00,134.7,-0.0003489235337787999,break,-0.0012100965107645356,break,-0.003964365256124647,break,,,offgrid,-0.5,USD_JPY
2023-05-12,put,134.6801346801347,2023-05-12 06:48:00,134.705,0.0011506625589250419,reject,0.0010541553765635037,reject,-0.0003192160647340625,break,,,offgrid,-0.5,USD_JPY
2023-05-12,put,134.6801346801347,2023-05-12 08:14:00,134.722,2.2268077967790845e-05,reject,0.00010391769718376409,reject,0.0018556731639969293,reject,,,offgrid,-0.5,USD_JPY
2023-05-12,put,134.6801346801347,2023-05-12 09:19:00,134.699,0.0005196772062152633,reject,0.0002895344434628022,reject,0.0010764742128746008,reject,,,offgrid,-0.5,USD_JPY
2023-05-12,put,134.6801346801347,2023-05-12 09:58:00,134.702,0.0002004424581669717,reject,-0.00035634214785229545,break,0.0004751228638029126,reject,,,offgrid,-0.5,USD_JPY
2023-05-12,put,134.6801346801347,2023-05-12 10:09:00,134.702,7.423794746919121e-05,reject,0.00011135692120389784,reject,0.0006978367062107083,reject,,,offgrid,-0.5,USD_JPY
2023-05-12,put,134.6801346801347,2023-05-12 10:22:00,134.701,-0.000185596246501607,break,0.0008388950341868817,reject,0.0025463805020009556,reject,,,offgrid,-0.5,USD_JPY
2023-05-12,put,134.6801346801347,2023-05-12 10:32:00,134.7,-0.00019302152932432204,break,0.0013214550853748452,reject,0.0038604305864886612,reject,,,offgrid,-0.5,USD_JPY
2023-05-17,put,137.4570446735395,2023-05-17 15:47:00,137.476,0.000298233873548881,reject,7.273996915824199e-05,reject,0.0011056475312054559,reject,,,offgrid,-0.5,USD_JPY
2023-05-17,put,137.4570446735395,2023-05-17 16:18:00,137.486,-0.00012364895334793236,reject,0.0003054856494479896,reject,0.0011783017907278648,reject,,,offgrid,-0.5,USD_JPY
2023-05-17,put,137.4570446735395,2023-05-17 16:43:00,137.476,-2.909598766320798e-05,reject,0.00029095987663296796,reject,0.0016002793214815458,reject,,,offgrid,-0.5,USD_JPY
2023-08-01,put,143.36917562724014,2023-08-01 14:10:00,143.408,-0.000557848934508387,break,-0.0005160102644202746,break,0.00016735468035267154,reject,,,offgrid,-0.5,USD_JPY
2023-08-01,put,143.36917562724014,2023-08-01 14:14:00,143.375,-0.0005789014821272476,break,-0.0005091543156059419,break,7.67218831734251e-05,reject,,,offgrid,-0.5,USD_JPY
2023-08-01,put,143.36917562724014,2023-08-01 18:12:00,143.394,-0.0004463227192210706,break,-9.763309482968552e-05,reject,-0.003291630054256145,break,,,offgrid,-0.5,USD_JPY
2023-08-01,put,143.36917562724014,2023-08-01 19:00:00,143.404,-6.973306183921668e-05,reject,-1.3946612367976563e-05,reject,-0.0033262670497336,break,,,offgrid,-0.5,USD_JPY
2023-08-01,put,143.36917562724014,2023-08-01 20:09:00,143.383,-0.00021620415251466518,break,-0.0005370232175362366,break,,,,,offgrid,-0.5,USD_JPY
2023-08-15,put,145.45454545454547,2023-08-15 00:05:00,145.473,0.00019934970750590253,reject,-6.87412784505792e-06,reject,0.00040557354285675196,reject,,,offgrid,-0.5,USD_JPY
2023-08-15,put,145.45454545454547,2023-08-15 00:58:00,145.474,-0.0004124448355032895,break,-0.000508681963787283,break,0.000329955868402676,reject,,,offgrid,-0.5,USD_JPY
2023-08-15,put,145.45454545454547,2023-08-15 03:29:00,145.47,0.00019247954904777487,reject,0.0002062280882655365,reject,0.001924795490479081,reject,,,offgrid,-0.5,USD_JPY
2023-08-15,put,145.45454545454547,2023-08-15 04:16:00,145.476,5.4991888696509506e-05,reject,-0.0007836344139239282,break,0.002110313728724833,reject,,,offgrid,-0.5,USD_JPY
2023-08-15,put,145.45454545454547,2023-08-15 05:05:00,145.485,-0.0004124136508918408,break,0.00019933326459775635,reject,0.0010791490531669723,reject,,,offgrid,-0.5,USD_JPY
2023-08-15,put,145.45454545454547,2023-08-15 06:21:00,145.472,0.0008249010118785982,reject,0.0017185437747471166,reject,0.000838649362076449,reject,,,offgrid,-0.5,USD_JPY
2023-08-15,put,145.45454545454547,2023-08-15 11:39:00,145.476,0.0003849432208749004,reject,0.0019040941461132554,reject,-0.00037119524870088405,break,,,offgrid,-0.5,USD_JPY
2023-08-15,put,145.45454545454547,2023-08-15 11:52:00,145.464,0.0006599571027883222,reject,0.0008386954847936501,reject,-0.0005980861244018199,break,,,offgrid,-0.5,USD_JPY
2023-08-15,put,145.45454545454547,2023-08-15 13:05:00,145.464,-0.0010036847604905086,break,-0.0011824231424957254,break,0.000508716933399489,reject,,,offgrid,-0.5,USD_JPY
2023-08-15,put,145.45454545454547,2023-08-15 13:38:00,145.504,-0.001237079393006213,break,-0.001828128436331622,break,0.00015119859247869627,reject,,,offgrid,-0.5,USD_JPY
2023-08-15,put,145.45454545454547,2023-08-15 13:42:00,145.451,-0.0009281476235982744,break,-0.001313157008202115,break,0.0005981395796523792,reject,,,offgrid,-0.5,USD_JPY
2023-08-16,put,145.45454545454547,2023-08-16 02:04:00,145.479,9.62338206886848e-05,reject,0.0004605475704395623,reject,-0.00030932299507158145,break,,,offgrid,-0.5,USD_JPY
2023-08-16,put,145.45454545454547,2023-08-16 02:26:00,145.474,0.00013748161183446683,reject,0.00021309649834333477,reject,-0.0004536893190535407,break,,,offgrid,-0.5,USD_JPY
2023-08-16,put,145.45454545454547,2023-08-16 02:37:00,145.478,0.0001993428559643462,reject,0.00039868571192891444,reject,-0.0005224157604587498,break,,,offgrid,-0.5,USD_JPY
2023-08-16,put,145.45454545454547,2023-08-16 04:00:00,145.492,9.622522200536388e-05,reject,-0.00039864734830774573,break,-0.0007972946966154915,break,,,offgrid,-0.5,USD_JPY
2023-08-16,put,145.45454545454547,2023-08-16 04:50:00,145.474,-0.00019934833715984368,break,-0.00019247425656809813,break,0.0004330670772785261,reject,,,offgrid,-0.5,USD_JPY
2023-08-16,put,145.45454545454547,2023-08-16 07:38:00,145.49,-0.0005498659701698161,break,-2.7493298508596276e-05,reject,0.001512131417966911,reject,,,offgrid,-0.5,USD_JPY
2023-08-16,put,145.45454545454547,2023-08-16 08:32:00,145.484,0.00021995545901942748,reject,0.00042616370185033503,reject,0.002288911495422097,reject,,,offgrid,-0.5,USD_JPY
2023-08-18,put,145.45454545454547,2023-08-18 01:03:00,145.491,-8.935260600317907e-05,reject,-2.0619832154622486e-05,reject,-0.0003230440370883825,break,,,offgrid,-0.5,USD_JPY
2023-08-18,put,145.45454545454547,2023-08-18 01:19:00,145.473,-0.00025434273026614385,break,6.874127844946898e-06,reject,-0.0008661401084737452,break,,,offgrid,-0.5,USD_JPY
2023-08-18,put,145.45454545454547,2023-08-18 02:19:00,145.474,0.0003437040295861671,reject,0.0002474669013019515,reject,-0.001168593700592413,break,,,offgrid,-0.5,USD_JPY
2023-08-18,put,145.45454545454547,2023-08-18 02:51:00,145.482,0.00028869550872268057,reject,-0.0007973495002817632,break,-0.0010997924141817883,break,,,offgrid,-0.5,USD_JPY
2023-08-18,put,145.45454545454547,2023-08-18 03:23:00,145.479,-0.0007355013438365976,break,-0.0005430337024587839,break,-0.0014503811546684453,break,,,offgrid,-0.5,USD_JPY
2023-08-18,put,145.45454545454547,2023-08-18 04:56:00,145.474,-0.00030933362662732833,break,-0.0007355266233141089,break,0.0006667858173969865,reject,,,offgrid,-0.5,USD_JPY
2023-08-18,put,145.45454545454547,2023-08-18 08:35:00,145.486,0.000804201091514134,reject,0.00023369946249141016,reject,0.001292220557304491,reject,,,offgrid,-0.5,USD_JPY
2023-08-18,put,145.45454545454547,2023-08-18 09:23:00,145.484,0.00011685133760419575,reject,-0.0001237249456984557,reject,-0.0005911302961151277,break,,,offgrid,-0.5,USD_JPY
2023-08-18,put,145.45454545454547,2023-08-18 10:08:00,145.481,-0.00010310624755116571,reject,0.00013060124689823205,reject,-0.0012578962201249544,break,,,offgrid,-0.5,USD_JPY
2023-08-18,put,145.45454545454547,2023-08-18 10:40:00,145.478,-2.749556634007444e-05,reject,-0.0010448315209173886,break,-0.0006805152669133729,break,,,offgrid,-0.5,USD_JPY
2023-08-18,put,145.45454545454547,2023-08-18 11:04:00,145.472,-4.12450505938855e-05,reject,-0.00023372195336568424,break,-0.001347338319401703,break,,,offgrid,-0.5,USD_JPY
2023-08-18,put,145.45454545454547,2023-08-18 13:13:00,145.482,-0.00038492734496375913,break,-0.0007836020951045297,break,-0.003649936074565985,break,,,offgrid,-0.5,USD_JPY
2023-08-18,put,145.45454545454547,2023-08-18 13:34:00,145.469,-0.0009211584598779465,break,-0.0013542404223580995,break,-0.002344142050883735,break,,,offgrid,-0.5,USD_JPY
2023-08-18,put,145.45454545454547,2023-08-18 13:42:00,145.448,-0.0009212914581157028,break,-0.0005225235135580819,break,-0.0027363731367910926,break,,,offgrid,-0.5,USD_JPY
2023-08-21,put,145.45454545454547,2023-08-21 02:25:00,145.467,6.874411378365863e-06,reject,-0.000721813194745291,break,-0.00012373940481347212,break,,,offgrid,-0.5,USD_JPY
2023-08-21,put,145.45454545454547,2023-08-21 02:40:00,145.468,-0.0009899084334697994,break,-9.624109769834632e-05,break,-6.874364121312038e-05,reject,,,offgrid,-0.5,USD_JPY
2023-08-21,put,145.45454545454547,2023-08-21 06:56:00,145.474,-0.000254340981893475,break,-0.0002337187401184604,break,0.003134580749824867,reject,,,offgrid,-0.5,USD_JPY
2023-08-23,put,145.45454545454547,2023-08-23 07:32:00,145.486,-8.248216323225588e-05,reject,-0.0008523156867327186,break,-0.0011410032580454477,break,,,offgrid,-0.5,USD_JPY
2023-08-23,put,145.45454545454547,2023-08-23 07:37:00,145.461,-0.00043310578093103125,break,-0.0010105801555057026,break,-0.0009693319858932181,break,,,offgrid,-0.5,USD_JPY
2023-08-23,put,145.45454545454547,2023-08-23 07:47:00,145.474,-0.0005499264473375343,break,-0.0010861047334917995,break,-0.0008867563963319558,break,,,offgrid,-0.5,USD_JPY
2023-08-23,put,145.45454545454547,2023-08-23 10:47:00,145.444,-0.0005912928687328289,break,-0.0006806743488901867,break,-0.0052528808338603294,break,,,offgrid,-0.5,USD_JPY
2023-08-23,put,145.45454545454547,2023-08-23 12:13:00,145.478,-0.0004949201941186754,break,-0.0011410660031069275,break,-0.005560978292250329,break,,,offgrid,-0.5,USD_JPY
2023-08-23,put,145.45454545454547,2023-08-23 12:21:00,145.468,-0.00012373855418379431,break,-0.0017598372150575692,break,-0.005368878378749775,break,,,offgrid,-0.5,USD_JPY
2023-08-23,put,145.45454545454547,2023-08-23 12:42:00,145.474,1.3748161183491092e-05,reject,-0.001917868485090124,break,-0.005602375682252525,break,,,offgrid,-0.5,USD_JPY
2023-08-23,put,145.45454545454547,2023-08-23 12:49:00,145.474,-0.00044681523846179516,break,-0.004289426289233789,break,-0.005808598100004114,break,,,offgrid,-0.5,USD_JPY
2023-08-23,put,145.45454545454547,2023-08-23 12:57:00,145.476,-0.0013129313426269995,break,-0.004674310539195536,break,-0.005939123979213146,break,,,offgrid,-0.5,USD_JPY
2023-08-24,put,145.45454545454547,2023-08-24 14:17:00,145.484,0.0009966731736821277,reject,0.0010447884303428356,reject,0.0024470044815925185,reject,,,offgrid,-0.5,USD_JPY
2023-08-24,put,145.45454545454547,2023-08-24 14:44:00,145.468,0.0008730442434075059,reject,0.0020210630516677153,reject,0.0025435147248880074,reject,,,offgrid,-0.5,USD_JPY
2024-01-09,put,144.4043321299639,2024-01-09 17:25:00,144.414,0.00011771711883912239,reject,0.0002631323832871235,reject,0.00038777403852829906,reject,,,offgrid,-0.5,USD_JPY
2024-01-09,put,144.4043321299639,2024-01-09 20:04:00,144.424,-2.7696227773876814e-05,reject,0.0005193042707583029,reject,,,,,offgrid,-0.5,USD_JPY
2024-01-09,put,144.4043321299639,2024-01-09 22:45:00,144.419,-0.0002977447565764013,break,-0.00014541022995595565,break,,,,,offgrid,-0.5,USD_JPY
2024-01-10,put,144.4043321299639,2024-01-10 00:00:00,144.464,0.00041532838631086477,reject,0.000595304020378773,reject,0.002685790231476304,reject,,,offgrid,-0.5,USD_JPY
2024-01-12,put,144.4043321299639,2024-01-12 14:43:00,144.415,0.0009555794065714274,reject,0.002513589308589914,reject,0.0036769033687635844,reject,,,offgrid,-0.5,USD_JPY
2024-01-12,put,144.4043321299639,2024-01-12 15:05:00,144.442,6.923194084818007e-05,reject,0.0021877293308041335,reject,0.002990819844643333,reject,,,offgrid,-0.5,USD_JPY
2024-01-12,put,144.4043321299639,2024-01-12 15:07:00,144.418,-4.1546067664710584e-05,reject,0.0021396224847318734,reject,0.002887451702696442,reject,,,offgrid,-0.5,USD_JPY
2024-01-12,put,144.4043321299639,2024-01-12 15:13:00,144.436,0.0010454457337505385,reject,0.0023262898446370084,reject,0.0026032291118558426,reject,,,offgrid,-0.5,USD_JPY
2024-01-12,put,144.4043321299639,2024-01-12 15:21:00,144.442,0.001260021323437721,reject,0.00217388294263432,reject,0.002783124022098793,reject,,,offgrid,-0.5,USD_JPY
2024-02-02,put,147.60147601476015,2024-02-02 13:37:00,147.598,0.001788642122521944,reject,0.0014227835065514505,reject,0.005826637217306363,reject,,,offgrid,-0.5,USD_JPY
2024-02-15,put,149.81273408239701,2024-02-15 13:30:00,149.786,0.0002269905064558042,reject,0.0007477334330310281,reject,0.0024835431882819226,reject,,,offgrid,-0.5,USD_JPY
2024-02-15,put,149.81273408239701,2024-02-15 13:39:00,149.817,0.00020024429804355037,reject,0.00028701682719578514,reject,0.0021759880387406394,reject,,,offgrid,-0.5,USD_JPY
2024-02-15,put,149.81273408239701,2024-02-15 13:42:00,149.82,0.0001334935255641323,reject,0.0001334935255641323,reject,0.0019623548257909906,reject,,,offgrid,-0.5,USD_JPY
2024-02-15,put,149.81273408239701,2024-02-15 13:55:00,149.83,0.001321497697390317,reject,0.0006006807715408513,reject,0.001735300006674212,reject,,,offgrid,-0.5,USD_JPY
2024-02-15,put,149.81273408239701,2024-02-15 14:33:00,149.844,0.0010010410827261396,reject,0.0003737220042177025,reject,0.0008875897600171267,reject,,,offgrid,-0.5,USD_JPY
2024-02-15,put,149.81273408239701,2024-02-15 14:40:00,149.834,0.0005739685251677784,reject,0.001601772628375464,reject,0.0007207976827690032,reject,,,offgrid,-0.5,USD_JPY
2024-02-15,put,149.81273408239701,2024-02-15 15:12:00,149.84,6.673785371047458e-05,reject,0.0022156967431927743,reject,0.0004271222637479699,reject,,,offgrid,-0.5,USD_JPY
2024-02-15,put,149.81273408239701,2024-02-15 15:28:00,149.832,0.001735276843398026,reject,0.002562870414864804,reject,0.0008142452880559592,reject,,,offgrid,-0.5,USD_JPY
2024-02-15,put,149.81273408239701,2024-02-15 23:18:00,149.832,0.0002402691013936309,reject,,,,,,,offgrid,-0.5,USD_JPY
2024-02-20,put,149.81273408239701,2024-02-20 14:26:00,149.83,0.00022692384702649449,reject,-0.0005005673096176722,break,0.0010411800040044383,reject,,,offgrid,-0.5,USD_JPY
2024-02-20,put,149.81273408239701,2024-02-20 14:51:00,149.847,-0.0008208372539991737,break,-0.0003870614693655128,break,0.0008074903067794015,reject,,,offgrid,-0.5,USD_JPY
2024-02-29,put,149.81273408239701,2024-02-29 02:38:00,149.8,0.0002603471295059556,reject,0.0001735647530038964,reject,-0.00013351134846473212,break,,,offgrid,-0.5,USD_JPY
2024-02-29,put,149.81273408239701,2024-02-29 02:55:00,149.796,-0.00026702982723170177,break,0.00018692087906235777,reject,-0.0002136238617852504,break,,,offgrid,-0.5,USD_JPY
2024-02-29,put,149.81273408239701,2024-02-29 04:50:00,149.827,-0.00016018474640755453,break,0.0006607620789309543,reject,-0.0002869976706468824,break,,,offgrid,-0.5,USD_JPY
2024-02-29,put,149.81273408239701,2024-02-29 06:02:00,149.822,0.00022693596401057725,reject,-0.0005740144972034011,break,0.0,reject,,,offgrid,-0.5,USD_JPY
2024-02-29,put,149.81273408239701,2024-02-29 06:28:00,149.816,-0.00012014738078713894,break,-0.0006541357398409664,break,0.0008143322475568926,reject,,,offgrid,-0.5,USD_JPY
2024-02-29,put,149.81273408239701,2024-02-29 09:45:00,149.854,-0.00036035074138829337,break,0.00117447649045066,reject,-0.00038704338889872236,break,,,offgrid,-0.5,USD_JPY
2024-02-29,put,149.81273408239701,2024-02-29 09:54:00,149.82,0.0004338539580830414,reject,0.001628621011880993,reject,-0.00028033640368441137,break,,,offgrid,-0.5,USD_JPY
2024-02-29,put,149.81273408239701,2024-02-29 13:30:00,149.856,-0.00040038436899425545,break,-0.0006005765534913277,break,0.0011410954516335448,reject,,,offgrid,-0.5,USD_JPY
2024-02-29,put,149.81273408239701,2024-02-29 13:45:00,149.796,-0.00016689364201982748,break,-0.0007209805335256503,break,0.0014553125584129134,reject,,,offgrid,-0.5,USD_JPY
2024-02-29,put,149.81273408239701,2024-02-29 16:25:00,149.834,-0.0005539463673130962,break,0.001001107892734554,reject,0.000667405261822962,reject,,,offgrid,-0.5,USD_JPY
2024-03-07,put,148.6988847583643,2024-03-07 01:15:00,148.722,-0.00012775514046348135,reject,0.00012775514046348135,reject,-0.0010018692594235823,break,,,offgrid,-0.5,USD_JPY
2024-03-07,put,148.6988847583643,2024-03-07 01:30:00,148.703,-0.0005850588084973518,break,0.0004102136473373985,reject,-0.0010826950364148935,break,,,offgrid,-0.5,USD_JPY
2024-03-07,put,148.6988847583643,2024-03-07 02:16:00,148.712,0.0003362203453656232,reject,-0.00011431491742430744,break,-0.000847275270321024,break,,,offgrid,-0.5,USD_JPY
2024-03-07,put,148.6988847583643,2024-03-07 02:35:00,148.722,0.00026895819044914226,reject,-0.00020171864283702323,break,-0.002440795578327326,break,,,offgrid,-0.5,USD_JPY
2024-03-07,put,148.6988847583643,2024-03-07 03:02:00,148.715,7.396698382811095e-05,reject,-0.0005917358706249987,break,-0.004021114211747445,break,,,offgrid,-0.5,USD_JPY
2024-03-07,put,148.6988847583643,2024-03-07 03:26:00,148.714,-0.00017483222830405598,break,-0.0013448632946460037,break,-0.003463022983713593,break,,,offgrid,-0.5,USD_JPY
2024-03-15,put,148.6988847583643,2024-03-15 08:53:00,148.715,9.413979759953506e-05,reject,-6.0518441314050264e-05,reject,0.0004908718017684333,reject,,,offgrid,-0.5,USD_JPY
2024-03-15,put,148.6988847583643,2024-03-15 09:19:00,148.716,-0.0002151752333307,break,0.00010758761666518346,reject,0.0005513865354096481,reject,,,offgrid,-0.5,USD_JPY
2024-03-15,put,148.6988847583643,2024-03-15 11:26:00,148.716,-0.00045724737082775135,break,0.0002689690416632917,reject,0.002017267812474577,reject,,,offgrid,-0.5,USD_JPY
2024-03-15,put,148.6988847583643,2024-03-15 12:30:00,148.774,0.0005713363894228607,reject,0.0010687351284497382,reject,0.0017879468186645653,reject,,,offgrid,-0.5,USD_JPY
2024-04-10,put,152.09125475285174,2024-04-10 12:45:00,152.196,0.0016163368288260038,reject,0.002470498567636481,reject,0.004901574285789412,reject,,,offgrid,-0.5,USD_JPY
2024-05-03,put,152.09125475285174,2024-05-03 12:33:00,152.1,0.0016831032215647301,reject,0.0029454306377383332,reject,0.004444444444444473,reject,,,offgrid,-0.5,USD_JPY
2024-05-03,put,152.09125475285174,2024-05-03 12:42:00,152.104,0.00031557355493583295,reject,0.0020512281070845795,reject,0.004470625361594482,reject,,,offgrid,-0.5,USD_JPY
2024-08-07,put,147.60147601476015,2024-08-07 04:23:00,147.669,-0.00019638515869968565,reject,-0.0010902762258835352,break,-0.006507797845180852,break,,,offgrid,-0.5,USD_JPY
2024-08-07,put,147.60147601476015,2024-08-07 04:26:00,147.602,0.0007249224265253318,reject,-0.0007655722822184075,break,-0.006409127247598234,break,,,offgrid,-0.5,USD_JPY
2024-08-07,put,147.60147601476015,2024-08-07 04:39:00,147.714,0.0004264998578333845,reject,-0.0011305631152090934,break,-0.006573513681844667,break,,,offgrid,-0.5,USD_JPY
2024-08-07,put,147.60147601476015,2024-08-07 04:46:00,147.644,-0.00012191487632418063,reject,-0.0036100349489313066,break,-0.0049985099292894075,break,,,offgrid,-0.5,USD_JPY
2024-08-07,put,147.60147601476015,2024-08-07 04:51:00,147.665,-8.803711102833844e-05,reject,-0.002878136322080227,break,-0.004056479192767304,break,,,offgrid,-0.5,USD_JPY
2024-08-07,put,147.60147601476015,2024-08-07 04:58:00,147.581,0.00021005413976049603,reject,-0.003882613615573627,break,-0.0032727790162688786,break,,,offgrid,-0.5,USD_JPY
2024-08-07,put,147.60147601476015,2024-08-07 05:07:00,147.646,-0.0005282906411279154,break,-0.005100036573967404,break,-0.0028852796553918703,break,,,offgrid,-0.5,USD_JPY
2024-08-07,put,147.60147601476015,2024-08-07 05:30:00,147.53,-0.0037687250050837395,break,-0.0046363451501388875,break,-0.00039314037822812953,break,,,offgrid,-0.5,USD_JPY
2024-08-07,put,147.60147601476015,2024-08-07 05:32:00,147.668,-0.0035755884822711304,break,-0.005173768182680116,break,-0.0017065308665384915,break,,,offgrid,-0.5,USD_JPY
2024-08-07,put,147.60147601476015,2024-08-07 05:38:00,147.558,-0.0029751013160925766,break,-0.006397484379023766,break,-0.0012605212865448578,break,,,offgrid,-0.5,USD_JPY
2024-08-07,put,147.60147601476015,2024-08-07 15:40:00,147.565,-0.0015925185511468376,break,-0.0015654118524039973,break,-0.00461491546098336,break,,,offgrid,-0.5,USD_JPY
2024-08-08,put,147.60147601476015,2024-08-08 23:12:00,147.74,-0.000832543657777296,reject,,,,,,,offgrid,-0.5,USD_JPY
2024-08-08,put,147.60147601476015,2024-08-08 23:16:00,147.635,0.00027771192467906936,reject,,,,,,,offgrid,-0.5,USD_JPY
2024-08-08,put,147.60147601476015,2024-08-08 23:23:00,147.654,-0.0006366234575425622,break,,,,,,,offgrid,-0.5,USD_JPY
2024-08-08,put,147.60147601476015,2024-08-08 23:30:00,147.626,-0.0002303117337053573,break,,,,,,,offgrid,-0.5,USD_JPY
2024-08-08,put,147.60147601476015,2024-08-08 23:36:00,147.597,0.00038618671111190217,reject,,,,,,,offgrid,-0.5,USD_JPY
2024-08-08,put,147.60147601476015,2024-08-08 23:55:00,147.682,,,,,,,,,offgrid,-0.5,USD_JPY
2024-08-09,put,147.60147601476015,2024-08-09 00:01:00,147.652,-0.0014493538861647393,break,-0.0014832172947200073,break,-0.003142524313927364,break,,,offgrid,-0.5,USD_JPY
2024-08-12,put,147.60147601476015,2024-08-12 11:30:00,147.626,-0.0001693468630187267,break,-0.0003657892241204497,break,-0.0016799208811457689,break,,,offgrid,-0.5,USD_JPY
2024-08-12,put,147.60147601476015,2024-08-12 15:18:00,147.591,-0.0012263620410459808,break,-0.0015922380090928057,break,-0.0027576207221308158,break,,,offgrid,-0.5,USD_JPY
2024-08-12,put,147.60147601476015,2024-08-12 15:22:00,147.56,-0.0007251287611819146,break,-0.0009623204120356998,break,-0.0026497695852534253,break,,,offgrid,-0.5,USD_JPY
2024-09-03,put,145.45454545454547,2024-09-03 13:36:00,145.516,-0.0012094889909012307,break,-0.00042606998543104346,break,0.002185326699469581,reject,,,offgrid,-0.5,USD_JPY
2024-09-03,put,145.45454545454547,2024-09-03 13:46:00,145.417,0.00021318002709458383,break,-0.0005432652303376528,break,0.002785093902363478,reject,,,offgrid,-0.5,USD_JPY
2024-09-03,put,145.45454545454547,2024-09-03 14:01:00,145.448,-0.000749408723392575,break,0.0010175457895604811,reject,0.0031351410813484915,reject,,,offgrid,-0.5,USD_JPY
2024-09-03,put,145.45454545454547,2024-09-03 14:30:00,145.527,-0.001175039683357637,break,0.0018347110845411407,reject,0.0019583994722629505,reject,,,offgrid,-0.5,USD_JPY
2024-09-03,put,145.45454545454547,2024-09-03 14:32:00,145.447,-0.00037814461625196305,break,0.0022069894875795804,reject,0.0029357772934470727,reject,,,offgrid,-0.5,USD_JPY
2024-09-03,put,145.45454545454547,2024-09-03 20:53:00,145.476,0.0002818334295691116,reject,6.873986087008177e-06,reject,,,,,offgrid,-0.5,USD_JPY
2024-09-03,put,145.45454545454547,2024-09-03 21:13:00,145.466,-0.00024748051090972556,break,0.0002681038868188601,reject,,,,,offgrid,-0.5,USD_JPY
2024-09-03,put,145.45454545454547,2024-09-03 22:19:00,145.502,-0.0009346950557380662,break,-0.002164918695275686,break,,,,,offgrid,-0.5,USD_JPY
2024-09-03,put,145.45454545454547,2024-09-03 22:26:00,145.46,-0.0007768458682799739,break,-0.0022549154406710237,break,,,,,offgrid,-0.5,USD_JPY
2024-09-04,put,145.45454545454547,2024-09-04 00:17:00,145.456,-0.001484985150148388,break,-0.0014299857001429661,break,-3.437465625344416e-05,break,,,offgrid,-0.5,USD_JPY
2024-09-04,put,145.45454545454547,2024-09-04 01:51:00,145.472,-0.0006461724593049833,break,4.1245050593996524e-05,reject,-0.0019797624285086135,break,,,offgrid,-0.5,USD_JPY
2024-09-04,put,145.45454545454547,2024-09-04 01:53:00,145.476,-0.0010173499408836495,break,1.3747972174238399e-05,reject,-0.0017322444939371628,break,,,offgrid,-0.5,USD_JPY
2024-09-04,put,145.45454545454547,2024-09-04 03:04:00,145.435,-0.00041943136108923973,break,-0.0006188331557053228,break,-0.003960532196513822,break,,,offgrid,-0.5,USD_JPY
2024-09-04,put,145.45454545454547,2024-09-04 03:38:00,145.494,-0.0012509106904751155,break,-0.0007285523801668914,break,-0.004096388854523236,break,,,offgrid,-0.5,USD_JPY
2024-09-10,put,142.34875444839858,2024-09-10 15:48:00,142.384,-0.0009621867625574376,break,0.00041437240139363674,reject,-0.00029497696370361925,break,,,offgrid,-0.5,USD_JPY
2024-09-10,put,142.34875444839858,2024-09-10 15:50:00,142.378,-0.00037927207855126266,break,0.0004916489907149657,reject,-0.00025987160937768206,break,,,offgrid,-0.5,USD_JPY
2024-09-10,put,142.34875444839858,2024-09-10 17:31:00,142.361,8.42927487163525e-05,reject,-0.00023180505896969184,break,0.00054087847092954,reject,,,offgrid,-0.5,USD_JPY
2024-09-10,put,142.34875444839858,2024-09-10 18:10:00,142.364,-0.0007164732657132244,break,-0.00018263044027988506,break,0.0001545334494674755,reject,,,offgrid,-0.5,USD_JPY
2024-09-10,put,142.34875444839858,2024-09-10 22:03:00,142.368,0.0003371544167227736,reject,0.0004916835243875539,reject,,,,,offgrid,-0.5,USD_JPY
2024-09-10,put,142.34875444839858,2024-09-10 22:25:00,142.363,0.0004214578226084953,reject,-0.0006673082191299695,break,,,,,offgrid,-0.5,USD_JPY
2024-09-10,put,142.34875444839858,2024-09-10 23:14:00,142.355,-0.00042850619929035716,break,,,,,,,offgrid,-0.5,USD_JPY
2024-09-11,put,142.34875444839858,2024-09-11 01:22:00,142.362,-0.004987285933043983,break,-0.004453435607816636,break,-0.010733201275621274,break,,,offgrid,-0.5,USD_JPY
2024-09-11,put,142.34875444839858,2024-09-11 12:39:00,142.38,-0.0001404691670177094,reject,-0.0010816125860373393,break,-0.002921758673971042,break,,,offgrid,-0.5,USD_JPY
2024-09-11,put,142.34875444839858,2024-09-11 12:47:00,142.344,0.0,break,-0.0025431349407070147,break,-0.003168380823919459,break,,,offgrid,-0.5,USD_JPY
2024-09-11,put,142.34875444839858,2024-09-11 12:54:00,142.36,-8.429334082604711e-05,break,-0.003463051418938101,break,-0.002725484686709745,break,,,offgrid,-0.5,USD_JPY
2024-09-11,put,142.34875444839858,2024-09-11 13:04:00,142.393,-0.0015941794891602967,break,-0.003392020675173635,break,-0.002647602059090093,break,,,offgrid,-0.5,USD_JPY
2024-09-11,put,142.34875444839858,2024-09-11 13:08:00,142.36,-0.001348693453217198,break,-0.004657207080640657,break,-0.0024164091036810165,break,,,offgrid,-0.5,USD_JPY
2024-09-11,put,142.34875444839858,2024-09-11 20:19:00,142.368,0.000435491121600462,reject,-0.00031608226567758635,break,,,,,offgrid,-0.5,USD_JPY
2024-09-11,put,142.34875444839858,2024-09-11 20:51:00,142.37,-0.00040738919716232225,break,-0.0006321556507691284,break,,,,,offgrid,-0.5,USD_JPY
2024-09-12,put,142.34875444839858,2024-09-12 01:11:00,142.33,0.001152251809175775,reject,0.0017564814164265918,reject,0.0026557999016370015,reject,,,offgrid,-0.5,USD_JPY
2024-09-12,put,142.34875444839858,2024-09-12 02:46:00,142.372,0.0005689320933890407,reject,0.0011378641867780814,reject,0.0009201247436292359,reject,,,offgrid,-0.5,USD_JPY
2024-09-12,put,142.34875444839858,2024-09-12 03:07:00,142.381,0.0005548493127593979,reject,0.0019806013442804637,reject,0.002437122930728286,reject,,,offgrid,-0.5,USD_JPY
2024-09-12,put,142.34875444839858,2024-09-12 03:12:00,142.359,0.0007235229244373365,reject,0.002100323829192341,reject,0.003048630574814304,reject,,,offgrid,-0.5,USD_JPY
2024-09-12,put,142.34875444839858,2024-09-12 12:18:00,142.364,0.000744570256525412,reject,-0.001545334494675643,break,0.0007305217611193182,reject,,,offgrid,-0.5,USD_JPY
2024-09-12,put,142.34875444839858,2024-09-12 12:31:00,142.344,-0.0020654189849940163,break,-0.0008711290957117424,break,0.0015315011521386257,reject,,,offgrid,-0.5,USD_JPY
2024-09-12,put,142.34875444839858,2024-09-12 12:35:00,142.338,-0.001756382694712566,break,0.00035127653894262423,reject,0.0017634082254913697,reject,,,offgrid,-0.5,USD_JPY
2024-09-12,put,142.34875444839858,2024-09-12 13:36:00,142.384,-0.0027812113720642184,break,0.00034413979098779635,reject,0.0004775817507585156,reject,,,offgrid,-0.5,USD_JPY
2024-09-12,put,142.34875444839858,2024-09-12 14:20:00,142.318,0.001173428519231523,reject,0.001264773254261442,reject,-0.0013631445073709614,break,,,offgrid,-0.5,USD_JPY
2024-09-12,put,142.34875444839858,2024-09-12 14:45:00,142.358,0.0006954298318322394,reject,-0.00016858905014116576,break,-0.0016929150451678865,break,,,offgrid,-0.5,USD_JPY
2024-09-12,put,142.34875444839858,2024-09-12 15:23:00,142.376,-0.00040737202899354674,break,0.000575939765128819,reject,-0.002823509580266448,break,,,offgrid,-0.5,USD_JPY
2024-09-12,put,142.34875444839858,2024-09-12 15:29:00,142.36,-0.0002318066872718516,break,0.0013346445630795234,reject,-0.002781680247260554,break,,,offgrid,-0.5,USD_JPY
2024-09-12,put,142.34875444839858,2024-09-12 16:10:00,142.369,0.0012292001770048966,reject,0.0001826240262978729,reject,-0.003490928502693613,break,,,offgrid,-0.5,USD_JPY
2024-09-12,put,142.34875444839858,2024-09-12 17:07:00,142.362,0.0006040937890730014,reject,-0.00033716862645927215,break,-0.003617538388052899,break,,,offgrid,-0.5,USD_JPY
2024-09-12,put,142.34875444839858,2024-09-12 17:18:00,142.38,4.2140750105446045e-05,reject,-0.0021070375052675283,break,-0.00386290209299045,break,,,offgrid,-0.5,USD_JPY
2024-09-12,put,142.34875444839858,2024-09-12 17:31:00,142.368,0.0005619240278715854,reject,-0.002177455608001866,break,-0.0037297707349966958,break,,,offgrid,-0.5,USD_JPY
2024-09-12,put,142.34875444839858,2024-09-12 17:54:00,142.37,-0.0008288262976750005,break,-0.0023459998595209974,break,-0.00358221535435832,break,,,offgrid,-0.5,USD_JPY
2024-09-17,put,142.34875444839858,2024-09-17 21:06:00,142.368,-4.214430209037445e-05,reject,-0.0005197797257809889,break,,,,,offgrid,-0.5,USD_JPY
2024-09-18,put,142.34875444839858,2024-09-18 20:00:00,142.409,-0.00010533042153226813,reject,-0.001130546524447218,break,,,,,offgrid,-0.5,USD_JPY
2024-09-18,put,142.34875444839858,2024-09-18 20:03:00,142.363,-4.214578226080512e-05,reject,-0.0010606688535645947,break,,,,,offgrid,-0.5,USD_JPY
2024-09-18,put,142.34875444839858,2024-09-18 20:17:00,142.388,-0.0005477989718234433,break,-0.0011447593898362696,break,,,,,offgrid,-0.5,USD_JPY
2024-09-19,put,142.34875444839858,2024-09-19 06:54:00,142.365,-0.0014469848628526627,break,0.0005900326625223329,reject,0.0036104379587678093,reject,,,offgrid,-0.5,USD_JPY
2024-09-20,put,142.34875444839858,2024-09-20 01:00:00,142.324,-0.0008993563980776997,break,0.0005480453050783485,reject,-0.001025828391557404,break,,,offgrid,-0.5,USD_JPY
2024-09-20,put,142.34875444839858,2024-09-20 01:06:00,142.296,0.0003794906392309283,reject,0.0016585146455276867,reject,-0.00035138022150993375,break,,,offgrid,-0.5,USD_JPY
2024-09-20,put,142.34875444839858,2024-09-20 01:50:00,142.37,0.0009341855728031145,reject,0.001559317271897287,reject,-0.0005900119407178384,break,,,offgrid,-0.5,USD_JPY
2024-09-20,put,142.34875444839858,2024-09-20 01:58:00,142.386,0.0004775750424901304,reject,0.0005618529911648462,reject,-0.0006812467517874898,break,,,offgrid,-0.5,USD_JPY
2024-09-20,put,142.34875444839858,2024-09-20 02:53:00,142.688,-0.0037003812514015966,break,-0.0033499663601702645,break,0.001205427225835498,reject,,,offgrid,-0.5,USD_JPY
2024-09-20,put,142.34875444839858,2024-09-20 02:57:00,142.356,-0.0014611256287054841,break,-0.00050577425609033,break,0.003982972266711737,reject,,,offgrid,-0.5,USD_JPY
2024-09-20,put,142.34875444839858,2024-09-20 03:03:00,142.325,0.0001475496223433126,break,-0.0009204285965220826,break,0.005557702441595147,reject,,,offgrid,-0.5,USD_JPY
2024-09-20,put,142.34875444839858,2024-09-20 06:38:00,142.542,0.0022309214126363663,reject,0.006229742812644767,reject,0.011028328492654893,reject,,,offgrid,-0.5,USD_JPY
2024-09-20,put,142.34875444839858,2024-09-20 06:42:00,142.366,0.003912451006560458,reject,0.0071927286009298985,reject,0.012488936965286523,reject,,,offgrid,-0.5,USD_JPY
2024-09-20,put,142.34875444839858,2024-09-20 06:48:00,142.417,0.004908121923646869,reject,0.008053813800318776,reject,0.012105296418264633,reject,,,offgrid,-0.5,USD_JPY
2024-09-27,put,143.36917562724014,2024-09-27 06:31:00,143.353,0.0008510460192669989,reject,-0.000551087176410725,break,-0.0020648329647794395,break,,,offgrid,-0.5,USD_JPY
2024-09-27,put,143.36917562724014,2024-09-27 06:35:00,143.536,-0.0019646639170661784,break,-0.002201538290045768,break,-0.0038457251142569593,break,,,offgrid,-0.5,USD_JPY
2024-09-27,put,143.36917562724014,2024-09-27 06:47:00,143.488,-0.0022580285459412597,break,-0.0008223684210525439,reject,-0.002090767172167829,break,,,offgrid,-0.5,USD_JPY
2024-09-27,put,143.36917562724014,2024-09-27 06:56:00,143.252,-0.0006561863010640101,break,0.0007818389970122297,break,-0.00039091949850622587,break,,,offgrid,-0.5,USD_JPY
2024-09-27,put,143.36917562724014,2024-09-27 07:51:00,143.36,-0.0012555803571429047,break,-0.002427455357142949,break,-0.0013671875000001998,break,,,offgrid,-0.5,USD_JPY
2024-09-27,put,143.36917562724014,2024-09-27 08:30:00,143.32,-0.0014373430086518368,break,-0.00010466089868810258,break,-0.0034886966229417116,break,,,offgrid,-0.5,USD_JPY
2024-09-27,put,143.36917562724014,2024-09-27 08:35:00,143.354,-0.0018346191944417223,break,-0.0007185010533365954,break,-0.003222791132441505,break,,,offgrid,-0.5,USD_JPY
2024-09-27,put,143.36917562724014,2024-09-27 09:12:00,143.414,0.0002370758782268556,reject,-0.0015479660284211105,break,-0.005062267282134214,break,,,offgrid,-0.5,USD_JPY
2024-09-27,put,143.36917562724014,2024-09-27 09:22:00,143.344,-0.0011022435539680409,break,-0.0011859582542693703,break,-0.004004353164415608,break,,,offgrid,-0.5,USD_JPY
2024-09-27,put,143.36917562724014,2024-09-27 09:28:00,143.406,-0.00011157134290074033,reject,-0.0016317308899209682,break,-0.003026372676178113,break,,,offgrid,-0.5,USD_JPY
2024-09-30,put,143.36917562724014,2024-09-30 23:05:00,143.422,0.0007111879627952344,reject,,,,,,,offgrid,-0.5,USD_JPY
2024-10-01,put,143.36917562724014,2024-10-01 13:34:00,143.365,0.0009486276287795636,reject,0.0006207930805983697,reject,0.0017647263976561245,reject,,,offgrid,-0.5,USD_JPY
2024-10-01,put,143.36917562724014,2024-10-01 13:52:00,143.351,-0.0007533955117160485,break,0.0011649726894127355,reject,0.0030624132374381663,reject,,,offgrid,-0.5,USD_JPY
2024-10-01,put,143.36917562724014,2024-10-01 14:00:00,143.368,-0.0014647620110485038,break,0.001590313040567004,reject,0.0030969253947883413,reject,,,offgrid,-0.5,USD_JPY
2024-10-01,put,143.36917562724014,2024-10-01 14:05:00,143.364,-0.0008230797131776324,break,0.0024064618732735354,reject,0.0030760860467062834,reject,,,offgrid,-0.5,USD_JPY
2024-10-01,put,143.36917562724014,2024-10-01 16:32:00,143.364,0.0009067827348567814,reject,0.0012973968360259214,reject,0.0014927038866103803,reject,,,offgrid,-0.5,USD_JPY
2024-10-01,put,143.36917562724014,2024-10-01 16:43:00,143.396,0.0014853970822061857,reject,0.0021200033473736113,reject,0.001053027978465293,reject,,,offgrid,-0.5,USD_JPY
2024-10-01,put,143.36917562724014,2024-10-01 17:15:00,143.389,0.0006206891742044363,reject,0.0032080564060004146,reject,0.0014645474896957111,reject,,,offgrid,-0.5,USD_JPY
2024-11-04,put,152.09125475285174,2024-11-04 00:22:00,152.112,0.00017750078889244847,reject,-0.0010518565267697566,break,-0.002412695908278084,break,,,offgrid,-0.5,USD_JPY
2024-11-04,put,152.09125475285174,2024-11-04 00:45:00,152.108,-0.00038130801798719194,break,-0.0016435690430484096,break,-0.002636284745049622,break,,,offgrid,-0.5,USD_JPY
2024-11-04,put,152.09125475285174,2024-11-04 07:00:00,152.111,0.0005982473325401028,reject,-5.9167318602781904e-05,reject,-0.002018262979008645,break,,,offgrid,-0.5,USD_JPY
2024-11-04,put,152.09125475285174,2024-11-04 08:00:00,152.102,0.00011176710365412568,reject,-0.00014463978119938492,break,-0.0035765473169321327,break,,,offgrid,-0.5,USD_JPY
2024-11-04,put,152.09125475285174,2024-11-04 16:09:00,152.088,-0.00026300562832037855,break,-0.000552311819472906,break,0.00026300562832037855,reject,,,offgrid,-0.5,USD_JPY
2024-11-04,put,152.09125475285174,2024-11-04 18:19:00,152.122,0.0002497995030303901,reject,9.20313958532315e-05,reject,6.573671132370507e-05,reject,,,offgrid,-0.5,USD_JPY
2024-11-04,put,152.09125475285174,2024-11-04 18:40:00,152.108,-0.00016435690430482985,break,-2.6297104688710604e-05,reject,8.5465590238476e-05,reject,,,offgrid,-0.5,USD_JPY
2024-11-04,put,152.09125475285174,2024-11-04 19:40:00,152.104,0.00019723347183497886,reject,0.00031557355493583295,reject,0.0010124651554199726,reject,,,offgrid,-0.5,USD_JPY
2024-11-04,put,152.09125475285174,2024-11-04 20:17:00,152.117,0.00015777329292587794,reject,0.0005259109764195191,reject,,,,,offgrid,-0.5,USD_JPY
2024-11-05,put,152.09125475285174,2024-11-05 09:36:00,152.094,0.00028271989690598076,reject,0.0006311886070455852,reject,-5.9173931910461164e-05,break,,,offgrid,-0.5,USD_JPY
2024-11-05,put,152.09125475285174,2024-11-05 12:08:00,152.1,0.0007889546351085297,reject,0.0011439842209073348,reject,-0.0006903353057198247,break,,,offgrid,-0.5,USD_JPY
2024-11-05,put,152.09125475285174,2024-11-05 13:36:00,152.085,-0.00016438176019994977,break,-0.0018213499030148572,break,-0.002662984515238165,break,,,offgrid,-0.5,USD_JPY
2024-11-06,put,152.09125475285174,2024-11-06 00:22:00,152.09,0.002261818660003856,reject,0.005292918666579105,reject,0.011151291998158896,reject,,,offgrid,-0.5,USD_JPY
2024-12-19,put,156.8627450980392,2024-12-19 08:47:00,156.882,0.00015298122155504856,reject,0.0010326232454966888,reject,8.286482834241049e-05,reject,,,offgrid,-0.5,USD_JPY
2024-12-19,put,156.8627450980392,2024-12-19 08:59:00,156.875,0.000261354581673201,reject,0.0010645418326693523,reject,0.00041434262948203404,reject,,,offgrid,-0.5,USD_JPY
2024-12-19,put,156.8627450980392,2024-12-19 09:20:00,156.848,7.650719167595632e-05,break,0.000720442721615866,reject,-0.0002805263694788396,break,,,offgrid,-0.5,USD_JPY
2024-12-19,put,156.8627450980392,2024-12-19 10:05:00,156.876,0.0005418292154313331,reject,0.0011346541217267525,reject,0.0005482036767892051,reject,,,offgrid,-0.5,USD_JPY
2024-12-19,put,156.8627450980392,2024-12-19 10:14:00,156.884,0.0003696999056628236,reject,0.0004461895413172545,reject,0.0007903929017618605,reject,,,offgrid,-0.5,USD_JPY
2024-12-19,put,156.8627450980392,2024-12-19 10:31:00,156.826,0.0004591075459425831,reject,0.0009819800288217717,reject,0.0023465496792622886,reject,,,offgrid,-0.5,USD_JPY
2024-12-19,put,156.8627450980392,2024-12-19 10:36:00,156.908,-9.559742014420003e-05,reject,-0.0003760165192341347,break,0.0015359318836516422,reject,,,offgrid,-0.5,USD_JPY
2024-12-19,put,156.8627450980392,2024-12-19 10:39:00,156.871,0.00014661728426546006,reject,-0.0005290971562621483,break,0.0018550273791841931,reject,,,offgrid,-0.5,USD_JPY
2024-12-19,put,156.8627450980392,2024-12-19 10:43:00,156.894,0.0003314339617830342,reject,-0.000407918722194589,break,0.0025622394737847554,reject,,,offgrid,-0.5,USD_JPY
2024-12-19,put,156.8627450980392,2024-12-19 10:47:00,156.9,0.0002740599107713404,reject,-0.000305927342256207,break,0.0027788400254940004,reject,,,offgrid,-0.5,USD_JPY
2024-12-19,put,156.8627450980392,2024-12-19 11:36:00,156.849,-0.000618429189857661,break,-0.00014026229048313965,break,0.003519308379396957,reject,,,offgrid,-0.5,USD_JPY
2024-12-19,put,156.8627450980392,2024-12-19 12:34:00,156.872,0.00012111785404655961,reject,0.0008924473456064508,reject,0.00516344535672375,reject,,,offgrid,-0.5,USD_JPY
2024-12-19,put,156.8627450980392,2024-12-19 12:41:00,156.892,0.00025495245136775146,reject,-0.0017400504805853423,break,0.004691125105167782,reject,,,offgrid,-0.5,USD_JPY
2024-12-19,put,156.8627450980392,2024-12-19 12:48:00,156.885,-0.0001784746789048608,break,-0.0005800427064408531,break,0.004978168722312493,reject,,,offgrid,-0.5,USD_JPY
2024-12-19,put,156.8627450980392,2024-12-19 13:00:00,156.86,-0.0004335075863828308,break,0.0006120107101872385,reject,0.005756725742700475,reject,,,offgrid,-0.5,USD_JPY
2024-12-19,put,156.8627450980392,2024-12-19 13:36:00,156.838,-5.100804651925195e-05,break,0.001982937808439278,reject,0.005451484971754406,reject,,,offgrid,-0.5,USD_JPY
2024-12-20,put,156.8627450980392,2024-12-20 02:52:00,156.888,0.001274794758043818,reject,0.0011218193870785598,reject,0.0014660139717503906,reject,,,offgrid,-0.5,USD_JPY
2024-12-20,put,156.8627450980392,2024-12-20 03:31:00,156.882,0.000905138894200741,reject,0.0013003403832179128,reject,0.000905138894200741,reject,,,offgrid,-0.5,USD_JPY
2024-12-20,put,156.8627450980392,2024-12-20 06:17:00,156.886,6.374055046332039e-05,reject,-0.0003314508624095991,break,-0.001415040220287378,break,,,offgrid,-0.5,USD_JPY
2024-12-20,put,156.8627450980392,2024-12-20 06:21:00,156.876,0.0005035824472832129,reject,-0.00012748922716032673,break,-0.0012876411943191224,break,,,offgrid,-0.5,USD_JPY
2024-12-20,put,156.8627450980392,2024-12-20 07:06:00,156.881,-0.00015935645489262296,break,-0.00040157826632913896,break,-0.0008605248564197421,break,,,offgrid,-0.5,USD_JPY
2024-12-20,put,156.8627450980392,2024-12-20 07:49:00,156.852,-0.0001275087343484138,break,-0.00020401397495739548,break,-0.000981817254481876,break,,,offgrid,-0.5,USD_JPY
2024-12-20,put,156.8627450980392,2024-12-20 08:14:00,156.802,0.0004081580592085743,reject,-0.0003316284231068556,break,-0.00038264818050792737,break,,,offgrid,-0.5,USD_JPY
2024-12-20,put,156.8627450980392,2024-12-20 08:35:00,156.89,-0.0006055197909363708,break,-0.0009305883102810331,break,-0.001561603671361933,break,,,offgrid,-0.5,USD_JPY
2024-12-20,put,156.8627450980392,2024-12-20 08:44:00,156.846,0.0002741542659678853,reject,-0.0008862196039427506,break,-0.0008607168815270017,break,,,offgrid,-0.5,USD_JPY
2024-12-20,put,156.8627450980392,2024-12-20 08:58:00,156.854,-0.00020401137363412758,break,-0.0008415469162406097,break,-0.0009308018922056238,break,,,offgrid,-0.5,USD_JPY
2025-05-15,put,145.45454545454547,2025-05-15 14:10:00,145.43,0.002915491989273322,reject,0.0024616654060372056,reject,0.001842810974352016,reject,,,offgrid,-0.5,USD_JPY
2025-05-15,put,145.45454545454547,2025-05-15 22:57:00,145.475,0.00021309503351085723,reject,0.0009142464340952117,reject,,,,,offgrid,-0.5,USD_JPY
2025-05-15,put,145.45454545454547,2025-05-15 23:14:00,145.478,0.0005224157604586388,reject,,,,,,,offgrid,-0.5,USD_JPY
2025-05-16,put,145.45454545454547,2025-05-16 00:02:00,145.5,-0.001024054982817879,break,-0.002501718213058446,break,-0.0011134020618557283,break,,,offgrid,-0.5,USD_JPY
2025-05-16,put,145.45454545454547,2025-05-16 10:16:00,145.465,8.936857663366382e-05,reject,0.00033685078884970743,reject,0.0020554772625718254,reject,,,offgrid,-0.5,USD_JPY
2025-05-16,put,145.45454545454547,2025-05-16 11:06:00,145.478,0.00013060394011477072,reject,0.0010242098461623605,reject,0.0034231980093208936,reject,,,offgrid,-0.5,USD_JPY
2025-05-16,put,145.45454545454547,2025-05-16 11:18:00,145.466,0.0006943203222746774,reject,0.0008524328709114126,reject,0.0035609695736460445,reject,,,offgrid,-0.5,USD_JPY
2025-05-16,put,145.45454545454547,2025-05-16 11:22:00,145.468,0.00100365716171269,reject,0.0010174058899552474,reject,0.003636538620177765,reject,,,offgrid,-0.5,USD_JPY
2025-05-16,put,145.45454545454547,2025-05-16 13:06:00,145.477,-2.7495755342665795e-05,reject,0.0005292932903482317,reject,0.0032513730692822485,reject,,,offgrid,-0.5,USD_JPY
2025-05-16,put,145.45454545454547,2025-05-16 13:50:00,145.486,0.00035742270733973847,reject,0.003629215182217038,reject,0.0029418638219484983,reject,,,offgrid,-0.5,USD_JPY
2025-05-16,put,145.45454545454547,2025-05-16 14:00:00,145.48,0.0018009348364036448,reject,0.0034025295573274494,reject,0.00298322793511141,reject,,,offgrid,-0.5,USD_JPY
2026-03-23,put,159.3625498007968,2026-03-23 00:46:00,159.4,0.0004893350062735724,reject,1.2547051442712842e-05,reject,0.00015683814303635302,reject,,,offgrid,-0.5,USD_JPY
2026-03-23,put,159.3625498007968,2026-03-23 01:26:00,159.4,-0.00014429109159341813,reject,0.00043914680050183286,reject,0.0006336260978669905,reject,,,offgrid,-0.5,USD_JPY
2026-03-23,put,159.3625498007968,2026-03-23 01:32:00,159.371,0.00032628269885992545,reject,0.001179637449724158,reject,0.0009349254255792694,reject,,,offgrid,-0.5,USD_JPY
2026-03-23,put,159.3625498007968,2026-03-23 03:39:00,159.379,0.0002760715025191818,reject,1.8823056989969444e-05,reject,0.00035763808280897535,reject,,,offgrid,-0.5,USD_JPY
2026-03-23,put,159.3625498007968,2026-03-23 04:18:00,159.386,1.2548153539349016e-05,reject,0.0005583928324945919,reject,0.0007026965981955513,reject,,,offgrid,-0.5,USD_JPY
2026-03-23,put,159.3625498007968,2026-03-23 04:34:00,159.372,0.0004266746981902436,reject,0.0009474688150992172,reject,0.0004517732098485716,reject,,,offgrid,-0.5,USD_JPY
2026-03-23,put,159.3625498007968,2026-03-23 05:03:00,159.378,0.000608615994679429,reject,0.0011293905055904663,reject,0.0006462623448657556,reject,,,offgrid,-0.5,USD_JPY
2026-03-23,put,159.3625498007968,2026-03-23 08:48:00,159.368,0.0007090507504643462,reject,0.0013051553636864721,reject,-0.004994729180262003,break,,,offgrid,-0.5,USD_JPY
2026-03-23,put,159.3625498007968,2026-03-23 11:05:00,158.886,-4.4056745087672766e-05,break,0.0007049079214027643,break,-0.0035748901728281934,break,,,offgrid,-0.5,USD_JPY
2026-03-25,put,159.3625498007968,2026-03-25 21:22:00,159.39,0.00018194366020463093,reject,0.00037643515904384195,reject,,,,,offgrid,-0.5,USD_JPY
2026-03-25,put,159.3625498007968,2026-03-25 23:28:00,159.38,0.000307441335173797,reject,,,,,,,offgrid,-0.5,USD_JPY
2026-03-25,put,159.3625498007968,2026-03-25 23:51:00,159.38,,,,,,,,,offgrid,-0.5,USD_JPY
2026-03-26,put,159.3625498007968,2026-03-26 00:22:00,159.372,0.00031373139572821174,reject,0.0008094270009788573,reject,0.0002384358607534498,reject,,,offgrid,-0.5,USD_JPY
2026-03-26,put,159.3625498007968,2026-03-26 04:27:00,159.382,0.0001192104503646707,reject,0.0003513571168638485,reject,0.0006713430625790995,reject,,,offgrid,-0.5,USD_JPY
2026-03-26,put,159.3625498007968,2026-03-26 05:11:00,159.382,0.0004517448645393607,reject,0.0005458583779849313,reject,0.0005144872068363338,reject,,,offgrid,-0.5,USD_JPY
2026-03-26,put,159.3625498007968,2026-03-26 06:48:00,159.374,-0.0002949038111611513,break,0.0004705911880231728,reject,0.0009035350810044918,reject,,,offgrid,-0.5,USD_JPY
2026-03-26,put,159.3625498007968,2026-03-26 20:11:00,159.462,0.001153879921235168,reject,0.0011915064404057762,reject,,,,,offgrid,-0.5,USD_JPY
2026-03-30,put,159.3625498007968,2026-03-30 12:56:00,159.35,0.00013806087229384367,reject,0.0010668340131785303,reject,0.000539692500784561,reject,,,offgrid,-0.5,USD_JPY
2026-03-31,put,159.3625498007968,2026-03-31 11:47:00,159.368,0.0002886401285076001,reject,0.00017569399126537988,reject,-0.0022840218864514927,break,,,offgrid,-0.5,USD_JPY
2026-03-31,put,159.3625498007968,2026-03-31 12:28:00,159.438,-0.00032614558637211744,reject,-0.0010662451862164524,break,-0.00168090417591793,break,,,offgrid,-0.5,USD_JPY
2026-03-31,put,159.3625498007968,2026-03-31 12:30:00,159.42,-0.00027600050181897373,reject,-0.0012420022581858259,break,-0.0014427298958724633,break,,,offgrid,-0.5,USD_JPY
2026-03-31,put,159.3625498007968,2026-03-31 12:34:00,159.376,0.00012548940869372416,reject,-0.0008470535086838593,break,-0.001286266439112671,break,,,offgrid,-0.5,USD_JPY
2026-03-31,put,159.3625498007968,2026-03-31 13:07:00,159.37,-0.0008659095187300014,break,-0.001211018384890572,break,-0.003419715128317846,break,,,offgrid,-0.5,USD_JPY
2026-04-02,put,159.3625498007968,2026-04-02 03:06:00,159.383,-6.901614350340868e-05,reject,0.0,reject,0.00082819372204046,reject,,,offgrid,-0.5,USD_JPY
2026-04-02,put,159.3625498007968,2026-04-02 04:43:00,159.393,-0.0002823210555041866,break,-5.646421110094835e-05,reject,0.0017503905441267342,reject,,,offgrid,-0.5,USD_JPY
2026-04-02,put,159.3625498007968,2026-04-02 04:50:00,159.378,6.274391697735915e-05,reject,0.00012548783395449625,reject,0.0015811467078268304,reject,,,offgrid,-0.5,USD_JPY
2026-04-02,put,159.3625498007968,2026-04-02 05:51:00,159.39,-6.901311249130071e-05,reject,6.273919317401067e-05,reject,0.0014430014430015792,reject,,,offgrid,-0.5,USD_JPY
2026-04-02,put,159.3625498007968,2026-04-02 06:01:00,159.388,-0.00010665796672271188,reject,0.0001003839686801733,reject,0.0010603056691844692,reject,,,offgrid,-0.5,USD_JPY
2026-04-02,put,159.3625498007968,2026-04-02 06:58:00,159.387,0.0013865622666842103,reject,0.001097956546016965,reject,0.0018759371843375394,reject,,,offgrid,-0.5,USD_JPY
2026-04-02,put,159.3625498007968,2026-04-02 14:24:00,159.392,-0.0003701565950612329,break,-0.00018821521782774742,break,0.001656293916884266,reject,,,offgrid,-0.5,USD_JPY
2026-04-02,put,159.3625498007968,2026-04-02 14:35:00,159.38,-0.000583511105533896,break,-0.0005458652277574583,break,0.0016940644999372534,reject,,,offgrid,-0.5,USD_JPY
2026-04-02,put,159.3625498007968,2026-04-02 14:39:00,159.333,-0.0002071134040028122,break,-0.00032636051539847166,break,0.002416323046700919,reject,,,offgrid,-0.5,USD_JPY
2026-04-06,put,159.3625498007968,2026-04-06 07:56:00,159.372,0.00016314032577846582,reject,0.00010666867454767193,reject,0.001179630047938085,reject,,,offgrid,-0.5,USD_JPY
2026-04-06,put,159.3625498007968,2026-04-06 08:12:00,159.382,-0.00017567855843192426,break,0.00023842090072889732,reject,0.0009348609002270969,reject,,,offgrid,-0.5,USD_JPY
2026-04-06,put,159.3625498007968,2026-04-06 09:32:00,159.374,1.2549098347358623e-05,reject,0.0006211803681905881,reject,0.0004266693438077507,reject,,,offgrid,-0.5,USD_JPY
2026-04-06,put,159.3625498007968,2026-04-06 12:51:00,159.393,0.0004454398875735066,reject,0.0005897373159422514,reject,0.0016562835256253017,reject,,,offgrid,-0.5,USD_JPY
2026-07-03,put,160.64257028112448,2026-07-03 06:34:00,160.638,0.0004544379287592104,reject,0.001581194984997314,reject,0.0031063633760379794,reject,,,offgrid,-0.5,USD_JPY
2026-07-03,put,160.64257028112448,2026-07-03 06:46:00,160.688,0.0012322015334063074,reject,0.0016055959374690065,reject,0.002694662949318083,reject,,,offgrid,-0.5,USD_JPY
2026-07-03,put,160.64257028112448,2026-07-03 06:49:00,160.711,0.0008897959691620549,reject,0.0013253604295908605,reject,0.002464050376140836,reject,,,offgrid,-0.5,USD_JPY
2026-07-30,put,161.94331983805665,2026-07-30 13:36:00,162.264,-0.009712567174481213,break,-0.018870482670216515,break,-0.01792141201991826,break,,,offgrid,-0.5,USD_JPY
2026-08-12,put,159.3625498007968,2026-08-12 02:33:00,159.382,0.00011293621613472915,reject,0.0004015509907016046,reject,8.156504498635364e-05,reject,,,offgrid,-0.5,USD_JPY
2026-08-12,put,159.3625498007968,2026-08-12 04:43:00,159.382,0.00020077549535058026,reject,0.0001380331530536072,reject,-0.00035135711686395954,break,,,offgrid,-0.5,USD_JPY
2026-08-12,put,159.3625498007968,2026-08-12 05:31:00,159.378,0.0001380366173500125,reject,0.00022587810111818207,reject,-0.002058000476853561,break,,,offgrid,-0.5,USD_JPY
2026-08-12,put,159.3625498007968,2026-08-12 06:14:00,159.384,0.0001317572654722099,reject,4.391908849066262e-05,reject,-0.0012924760327259754,break,,,offgrid,-0.5,USD_JPY
2026-08-12,put,159.3625498007968,2026-08-12 06:38:00,159.378,3.13719584887906e-05,reject,-0.00018823175093152233,break,-0.0013803661734994588,break,,,offgrid,-0.5,USD_JPY
2026-08-12,put,159.3625498007968,2026-08-12 23:00:00,159.38,-6.274312962739614e-06,reject,,,,,,,offgrid,-0.5,USD_JPY
2026-08-13,put,159.3625498007968,2026-08-13 04:45:00,159.296,-0.00021343913218152544,break,0.00041432302129362775,break,0.0006152069104059521,reject,,,offgrid,-0.5,USD_JPY
2026-08-13,put,159.3625498007968,2026-08-13 06:55:00,159.384,-3.764493299207583e-05,reject,-0.00025724037544549994,break,-0.0002635145309439757,break,,,offgrid,-0.5,USD_JPY
2026-08-13,put,159.3625498007968,2026-08-13 09:15:00,159.38,8.78403814783546e-05,reject,-0.0001631321370308969,break,-0.0010415359518132217,break,,,offgrid,-0.5,USD_JPY
2026-08-14,put,159.3625498007968,2026-08-14 00:54:00,159.366,0.00022589510937076618,reject,0.0004015913055481768,reject,-5.019891319357761e-05,break,,,offgrid,-0.5,USD_JPY
2026-08-14,put,159.3625498007968,2026-08-14 01:09:00,159.402,0.0002885785623769621,reject,0.00021329719827867244,reject,-0.00046423507860615665,break,,,offgrid,-0.5,USD_JPY
2026-08-14,put,159.3625498007968,2026-08-14 02:37:00,159.379,0.00024469974086938073,reject,-6.901787562973993e-05,reject,-0.0007152761656178397,break,,,offgrid,-0.5,USD_JPY
2026-08-14,put,159.3625498007968,2026-08-14 03:05:00,159.376,1.2548940869328007e-05,reject,-0.00010039152695506814,break,-0.0009160726834656074,break,,,offgrid,-0.5,USD_JPY
2026-08-14,put,159.3625498007968,2026-08-14 03:59:00,159.383,-0.0001945000407822528,break,-0.0001819516510543906,break,-0.001116806685782068,break,,,offgrid,-0.5,USD_JPY
2026-08-17,put,159.3625498007968,2026-08-17 21:15:00,159.418,3.763690423919108e-05,reject,0.00023836706018132148,reject,,,,,offgrid,-0.5,USD_JPY
2026-08-17,put,159.3625498007968,2026-08-17 23:08:00,159.374,5.6470942562780735e-05,reject,,,,,,,offgrid,-0.5,USD_JPY
2026-08-19,put,159.3625498007968,2026-08-19 02:16:00,159.363,6.2749822731245075e-06,reject,0.00015687455682944496,reject,-0.0008471226068785809,break,,,offgrid,-0.5,USD_JPY
2026-08-19,put,159.3625498007968,2026-08-19 04:20:00,159.378,-0.00031999397658388773,break,-0.0006650855199588079,break,-0.0019827077764809076,break,,,offgrid,-0.5,USD_JPY
2026-08-25,put,159.3625498007968,2026-08-25 08:24:00,159.379,5.646917096990833e-05,reject,-0.00035763808280886433,break,-0.000771745336587526,break,,,offgrid,-0.5,USD_JPY
2026-08-25,put,159.3625498007968,2026-08-25 08:36:00,159.38,-6.901744259002474e-05,reject,-0.0008031120592294494,break,-0.0007027230518258376,break,,,offgrid,-0.5,USD_JPY
2026-08-26,put,159.3625498007968,2026-08-26 14:09:00,159.381,0.0003325365005866221,reject,-0.00014430829270739576,break,4.391991517183058e-05,reject,,,offgrid,-0.5,USD_JPY
2026-08-26,put,159.3625498007968,2026-08-26 14:39:00,159.382,7.529081075663413e-05,reject,-0.00020704972958063284,break,0.00021332396381024132,reject,,,offgrid,-0.5,USD_JPY
2026-08-26,put,159.3625498007968,2026-08-26 14:53:00,159.382,-0.00016313008997259626,break,-1.2548468459439022e-05,reject,7.529081075663413e-05,reject,,,offgrid,-0.5,USD_JPY
2026-08-26,put,159.3625498007968,2026-08-26 15:04:00,159.388,-0.00018821994127538044,break,-0.00022586392953050094,break,6.273998042649609e-06,reject,,,offgrid,-0.5,USD_JPY
2026-08-26,put,159.3625498007968,2026-08-26 17:18:00,159.388,-0.00013802795693518277,reject,0.0,reject,-0.000690139784676469,break,,,offgrid,-0.5,USD_JPY
2026-08-26,put,159.3625498007968,2026-08-26 18:12:00,159.376,0.00017568517217148027,reject,-7.529364521630111e-05,reject,-0.0005270555165144408,break,,,offgrid,-0.5,USD_JPY
2026-08-26,put,159.3625498007968,2026-08-26 19:07:00,159.387,0.0,reject,-0.0002070432343916906,break,-0.000991297910118094,break,,,offgrid,-0.5,USD_JPY
2026-08-27,put,159.3625498007968,2026-08-27 12:10:00,159.397,-6.901008174553525e-05,reject,0.00025721939559719686,reject,-0.000746563611611295,break,,,offgrid,-0.5,USD_JPY
2026-08-27,put,159.3625498007968,2026-08-27 12:19:00,159.368,0.0003513879825309818,reject,0.0004455097635660543,reject,-0.000596104613222237,break,,,offgrid,-0.5,USD_JPY
2026-08-27,put,159.3625498007968,2026-08-27 13:03:00,159.388,0.000345069892338179,reject,-0.00021331593344542377,break,-0.0006650437925063146,break,,,offgrid,-0.5,USD_JPY
2026-08-27,put,159.3625498007968,2026-08-27 13:23:00,159.386,-6.901484446564243e-05,reject,-0.00020077045662714177,break,-0.0004768298344898225,break,,,offgrid,-0.5,USD_JPY
2026-08-27,put,159.3625498007968,2026-08-27 13:49:00,159.396,-0.0003074104745413031,break,-0.0003826946723881619,break,-0.000125473663078024,reject,,,offgrid,-0.5,USD_JPY
2026-08-27,put,159.3625498007968,2026-08-27 20:37:00,159.384,-1.2548310997173573e-05,reject,3.764493299196481e-05,reject,,,,,offgrid,-0.5,USD_JPY
2026-08-27,put,159.3625498007968,2026-08-27 21:05:00,159.382,0.00020077549535058026,reject,-3.7645405378317065e-05,reject,,,,,offgrid,-0.5,USD_JPY
2026-08-27,put,159.3625498007968,2026-08-27 21:38:00,159.382,-6.274234229719511e-06,reject,-7.529081075652311e-05,reject,,,,,offgrid,-0.5,USD_JPY
2026-09-02,put,159.3625498007968,2026-09-02 13:24:00,159.366,-0.003978263870587306,break,-0.003821392266857515,break,-0.0026856418558539596,break,,,offgrid,-0.5,USD_JPY
2021-01-29,put,104.43864229765013,2021-01-29 00:51:00,104.46,0.0009190120620332642,reject,0.0004020677771396919,reject,0.00042121386176541264,reject,,,offgrid,0.5,USD_JPY
2021-01-29,put,104.43864229765013,2021-01-29 02:05:00,104.462,-0.00017231146254137464,reject,0.0002871857709023651,reject,0.0001627386035112366,reject,,,offgrid,0.5,USD_JPY
2021-02-05,put,105.54089709762532,2021-02-05 00:26:00,105.559,-0.0005589291296810295,break,-0.0005210356293635643,break,-9.47337507932744e-05,reject,,,offgrid,0.5,USD_JPY
2021-02-05,put,105.54089709762532,2021-02-05 13:35:00,105.534,-9.475619231724686e-05,break,0.00033164667311003093,reject,-0.0008243788731593371,break,,,offgrid,0.5,USD_JPY
2021-02-05,put,105.54089709762532,2021-02-05 14:25:00,105.558,-9.4734648250272e-05,reject,-0.000994713806627634,break,-0.0018757460353550082,break,,,offgrid,0.5,USD_JPY
2021-02-08,put,105.54089709762532,2021-02-08 12:55:00,105.564,0.00021787730665767668,reject,-0.0009851843431473162,break,-0.0035807661702852434,break,,,offgrid,0.5,USD_JPY
2021-02-08,put,105.54089709762532,2021-02-08 13:37:00,105.561,-0.0008241680165970156,break,-0.0018662195318347452,break,-0.00334403804435357,break,,,offgrid,0.5,USD_JPY
2021-02-25,put,106.10079575596816,2021-02-25 09:08:00,106.087,0.0004995899591844211,reject,-2.8278676935000746e-05,break,-9.426225645037256e-06,break,,,offgrid,0.5,USD_JPY
2021-02-25,put,106.10079575596816,2021-02-25 10:36:00,106.113,-0.00045234796867488214,break,7.539132811240634e-05,reject,9.423916014061895e-05,reject,,,offgrid,0.5,USD_JPY
2021-02-25,put,106.10079575596816,2021-02-25 12:18:00,106.12,0.00024500565397667096,reject,-0.00011307953260464298,reject,0.0009329061439877773,reject,,,offgrid,0.5,USD_JPY
2021-02-25,put,106.10079575596816,2021-02-25 13:02:00,106.108,-9.424360085952266e-05,break,0.0003298526030082183,reject,0.0013571078523766378,reject,,,offgrid,0.5,USD_JPY
2021-02-25,put,106.10079575596816,2021-02-25 13:37:00,106.127,-0.00027325751222584405,break,-4.7113364176842865e-05,reject,0.0014134009253066182,reject,,,offgrid,0.5,USD_JPY
2021-02-25,put,106.10079575596816,2021-02-25 14:04:00,106.114,0.0004900390146445055,reject,0.0,reject,0.002299413837947961,reject,,,offgrid,0.5,USD_JPY
2021-02-25,put,106.10079575596816,2021-02-25 14:08:00,106.107,0.0008010781569547376,reject,0.0003110068138765243,reject,0.0021487743504198242,reject,,,offgrid,0.5,USD_JPY
2021-02-25,put,106.10079575596816,2021-02-25 14:33:00,106.13,-0.00012249128427388456,reject,0.00035805144633949126,reject,-0.0005936116084047649,break,,,offgrid,0.5,USD_JPY
2021-02-25,put,106.10079575596816,2021-02-25 15:20:00,106.104,0.0009613209681067492,reject,0.0012157882831937972,reject,0.00039583804569098824,reject,,,offgrid,0.5,USD_JPY
2021-02-25,put,106.10079575596816,2021-02-25 18:26:00,106.103,-0.0007634091401750309,break,0.00046181540578493774,reject,0.0014608446509523088,reject,,,offgrid,0.5,USD_JPY
2021-02-26,put,106.10079575596816,2021-02-26 02:02:00,106.066,2.8284275828349692e-05,break,-0.0010748024814738466,break,0.0012445081364431676,reject,,,offgrid,0.5,USD_JPY
2021-02-26,put,106.10079575596816,2021-02-26 05:05:00,106.12,0.0006973237843950209,reject,0.0009988692046738468,reject,-3.7693177534880995e-05,reject,,,offgrid,0.5,USD_JPY
2021-02-26,put,106.10079575596816,2021-02-26 05:54:00,106.138,0.0005276149918032047,reject,0.0004522414215455406,reject,0.001488628012587423,reject,,,offgrid,0.5,USD_JPY
2021-02-26,put,106.10079575596816,2021-02-26 06:42:00,106.126,0.0004428697962799433,reject,-0.00035806494167323066,break,0.002449918021973696,reject,,,offgrid,0.5,USD_JPY
2021-02-26,put,106.10079575596816,2021-02-26 07:19:00,106.116,-0.00020732029100234417,break,-0.00028270948773045923,break,0.002600927287119692,reject,,,offgrid,0.5,USD_JPY
2021-03-02,put,106.66666666666666,2021-03-02 16:04:00,106.682,0.0005249245420970716,reject,0.0005061772370222872,reject,0.00028120957612354225,reject,,,offgrid,0.5,USD_JPY
2021-03-02,put,106.66666666666666,2021-03-02 21:55:00,106.688,0.00026244751049775417,reject,0.0007685962807437718,reject,,,,,offgrid,0.5,USD_JPY
2021-03-05,put,108.40108401084011,2021-03-05 08:57:00,108.418,0.000405836669187698,reject,0.0005718607611282511,reject,-0.001152945082919854,break,,,offgrid,0.5,USD_JPY
2021-03-05,put,108.40108401084011,2021-03-05 11:33:00,108.432,-0.0005256750774679242,break,-0.001069794894496101,break,-0.002637597757119692,break,,,offgrid,0.5,USD_JPY
2021-03-05,put,108.40108401084011,2021-03-05 13:44:00,108.4,0.0005904059040588994,reject,-0.0007564575645757632,break,-0.00101476014760149,break,,,offgrid,0.5,USD_JPY
2021-03-05,put,108.40108401084011,2021-03-05 14:01:00,108.404,-0.002112468174606086,break,-0.0004981366001254317,break,-0.0010700712150842895,break,,,offgrid,0.5,USD_JPY
2021-03-08,put,108.40108401084011,2021-03-08 03:01:00,108.429,-6.455837460461744e-05,reject,9.222624943516777e-06,reject,9.222624943516777e-06,reject,,,offgrid,0.5,USD_JPY
2021-03-08,put,108.40108401084011,2021-03-08 08:05:00,108.407,0.00010146946230427112,reject,0.000793306705286545,reject,0.0017065318660234308,reject,,,offgrid,0.5,USD_JPY
2021-03-09,put,108.40108401084011,2021-03-09 19:10:00,108.42,0.0005718502121379032,reject,0.00029514849658740516,reject,0.0020937096476665307,reject,,,offgrid,0.5,USD_JPY
2021-03-10,put,108.40108401084011,2021-03-10 14:03:00,108.402,-0.0004335713363221583,break,0.0009224922049408946,reject,0.0012176897105220519,reject,,,offgrid,0.5,USD_JPY
2021-03-10,put,108.40108401084011,2021-03-10 14:08:00,108.418,2.76706819901662e-05,reject,0.0005903078824549546,reject,0.0005349665184746222,reject,,,offgrid,0.5,USD_JPY
2021-03-10,put,108.40108401084011,2021-03-10 14:41:00,108.418,0.0006456492464350649,reject,0.0011806157649099092,reject,0.0005534136398013256,reject,,,offgrid,0.5,USD_JPY
2021-03-10,put,108.40108401084011,2021-03-10 18:09:00,108.428,0.0006548124100784758,reject,3.689084000457754e-05,reject,-2.7668130003322133e-05,reject,,,offgrid,0.5,USD_JPY
2021-03-10,put,108.40108401084011,2021-03-10 19:10:00,108.42,-0.00025825493451403503,break,-0.00029514849658729414,break,1.8446781036685067e-05,reject,,,offgrid,0.5,USD_JPY
2021-03-10,put,108.40108401084011,2021-03-10 23:35:00,108.422,0.0001844644075925661,reject,,,,,,,offgrid,0.5,USD_JPY
2021-03-11,put,108.40108401084011,2021-03-11 00:01:00,108.392,-0.000202967008635202,break,0.0008672226732600041,reject,0.0014207690604473022,reject,,,offgrid,0.5,USD_JPY
2021-03-11,put,108.40108401084011,2021-03-11 08:46:00,108.435,-2.766634389261835e-05,reject,0.0005072163046986322,reject,0.000986766265504757,reject,,,offgrid,0.5,USD_JPY
2021-03-11,put,108.40108401084011,2021-03-11 08:58:00,108.425,-5.533779109978543e-05,reject,0.00032280378141580357,reject,0.0008023979709477214,reject,,,offgrid,0.5,USD_JPY
2021-03-11,put,108.40108401084011,2021-03-11 10:21:00,108.424,7.378440197736147e-05,reject,0.0006087213163137317,reject,0.0014756880395483396,reject,,,offgrid,0.5,USD_JPY
2021-03-11,put,108.40108401084011,2021-03-11 16:51:00,108.44,0.0001106602729619155,reject,0.0006455182589450992,reject,0.0,reject,,,offgrid,0.5,USD_JPY
2021-03-11,put,108.40108401084011,2021-03-11 18:03:00,108.395,0.0003966972646340938,reject,0.0003044420868121289,reject,0.0013192490428526327,reject,,,offgrid,0.5,USD_JPY
2021-03-11,put,108.40108401084011,2021-03-11 19:05:00,108.442,0.00020287342542557596,reject,0.0003135316574760516,reject,0.0010235886464653454,reject,,,offgrid,0.5,USD_JPY
2021-03-11,put,108.40108401084011,2021-03-11 20:42:00,108.429,0.00017522987392659672,reject,0.0005441348716670458,reject,,,,,offgrid,0.5,USD_JPY
2021-03-30,put,110.19283746556472,2021-03-30 08:01:00,110.212,0.00023590897542913325,reject,0.0004899647951221997,reject,0.0012430588320690994,reject,,,offgrid,0.5,USD_JPY
2021-03-30,put,110.19283746556472,2021-03-30 15:48:00,110.198,9.982032341793179e-05,reject,0.0008167117370552202,reject,0.001288589629576009,reject,,,offgrid,0.5,USD_JPY
2021-04-05,put,110.19283746556472,2021-04-05 14:01:00,110.196,-0.0012886130168063836,break,-0.0003085411448691122,break,-0.0004900359359686357,break,,,offgrid,0.5,USD_JPY
2021-04-05,put,110.19283746556472,2021-04-05 19:42:00,110.222,-0.00014516158298694126,reject,-0.00028125056703731666,break,,,,,offgrid,0.5,USD_JPY
2021-04-06,put,110.19283746556472,2021-04-06 01:50:00,110.208,0.000544425087108058,reject,0.001088850174216116,reject,-0.00012703252032519874,reject,,,offgrid,0.5,USD_JPY
2021-04-06,put,110.19283746556472,2021-04-06 05:02:00,110.214,-0.0004899559039686086,break,-0.000381076814197856,break,0.0020596294481645128,reject,,,offgrid,0.5,USD_JPY
2021-04-06,put,110.19283746556472,2021-04-06 12:24:00,110.2,-0.001533575317604341,break,-0.003557168784029008,break,-0.003121597096188866,break,,,offgrid,0.5,USD_JPY
2021-06-23,put,110.80332409972299,2021-06-23 06:54:00,110.824,0.00046018912870859907,reject,0.000757958564931771,reject,0.0018407565148343963,reject,,,offgrid,0.5,USD_JPY
2021-06-23,put,110.80332409972299,2021-06-23 11:35:00,110.798,0.0004241953825880884,reject,0.0005325005866532173,reject,0.0003068647448509765,reject,,,offgrid,0.5,USD_JPY
2021-06-23,put,110.80332409972299,2021-06-23 12:03:00,110.821,-0.00042410734427589247,break,0.00011730628671458021,reject,0.00060457855460605,reject,,,offgrid,0.5,USD_JPY
2021-06-23,put,110.80332409972299,2021-06-23 12:12:00,110.82,-0.00034289839379175735,break,0.0006045840101065458,reject,0.0007399386392348273,reject,,,offgrid,0.5,USD_JPY
2021-06-23,put,110.80332409972299,2021-06-23 12:40:00,110.821,0.00011730628671458021,reject,-2.707068154950143e-05,reject,0.001037709459398517,reject,,,offgrid,0.5,USD_JPY
2021-06-23,put,110.80332409972299,2021-06-23 13:39:00,110.826,-0.0005413892046991498,break,-0.0008842690343421333,break,0.0010286394889287287,reject,,,offgrid,0.5,USD_JPY
2021-06-24,put,110.80332409972299,2021-06-24 05:38:00,110.818,0.00029778555830284326,reject,0.00020754751033225105,reject,0.0006406901405908716,reject,,,offgrid,0.5,USD_JPY
2021-06-24,put,110.80332409972299,2021-06-24 06:05:00,110.822,9.023479092595821e-05,reject,0.00020754001912970388,reject,0.0003248452473336716,reject,,,offgrid,0.5,USD_JPY
2021-06-24,put,110.80332409972299,2021-06-24 06:51:00,110.824,0.0005233523424530429,reject,0.00050530570995444,reject,-0.00010827979499028473,reject,,,offgrid,0.5,USD_JPY
2021-06-24,put,110.80332409972299,2021-06-24 07:03:00,110.828,0.0003879885949398254,reject,0.0006316093405998036,reject,-9.02299057999878e-05,reject,,,offgrid,0.5,USD_JPY
2021-06-24,put,110.80332409972299,2021-06-24 08:31:00,110.82,7.218913553508344e-05,reject,0.0005594658003971187,reject,-0.00034289839379175735,break,,,offgrid,0.5,USD_JPY
2021-06-24,put,110.80332409972299,2021-06-24 10:17:00,110.8,0.00013537906137184308,reject,-9.025270758078463e-06,break,-0.0006137184115523331,break,,,offgrid,0.5,USD_JPY
2021-06-24,put,110.80332409972299,2021-06-24 15:08:00,110.82,0.0004060638873850664,reject,0.0006316549359322021,reject,0.00036094567767563923,reject,,,offgrid,0.5,USD_JPY
2021-06-25,put,110.80332409972299,2021-06-25 04:25:00,110.83,2.7068483262615572e-05,reject,0.0001263195885590207,reject,-0.0007398718758457878,break,,,offgrid,0.5,USD_JPY
2021-06-25,put,110.80332409972299,2021-06-25 05:29:00,110.824,0.00010827979499028473,reject,0.00024362953872802962,reject,-0.001145961163646847,break,,,offgrid,0.5,USD_JPY
2021-06-25,put,110.80332409972299,2021-06-25 06:33:00,110.819,-0.00029778287116832836,break,-0.0004421624450681172,break,-0.00045118616843675685,break,,,offgrid,0.5,USD_JPY
2021-06-25,put,110.80332409972299,2021-06-25 18:58:00,110.828,-0.00010827588695994095,reject,-0.0006316093405999146,break,,,,,offgrid,0.5,USD_JPY
2021-06-28,put,110.80332409972299,2021-06-28 13:35:00,110.81,9.926901904155905e-05,reject,-0.0007941521523329165,break,-0.0026170923201878082,break,,,offgrid,0.5,USD_JPY
2021-06-30,put,110.80332409972299,2021-06-30 14:40:00,110.825,0.0013083690503044032,reject,0.001813670200766948,reject,0.0025716219264606544,reject,,,offgrid,0.5,USD_JPY
2021-09-28,put,111.42061281337047,2021-09-28 13:29:00,111.442,0.0011485795301591217,reject,-0.001498537355754448,break,0.00012562588611131353,reject,,,offgrid,0.5,USD_JPY
2021-09-28,put,111.42061281337047,2021-09-28 14:15:00,111.404,-0.0013464507558076377,break,-1.7952676744092955e-05,break,0.001202829341854894,reject,,,offgrid,0.5,USD_JPY
2021-09-29,put,111.42061281337047,2021-09-29 02:49:00,111.44,-0.0008255563531944787,break,-7.17875089734088e-05,reject,-0.0003499641062455483,break,,,offgrid,0.5,USD_JPY
2021-09-29,put,111.42061281337047,2021-09-29 05:09:00,111.444,-0.00027816661282797916,break,0.00029611284591357645,reject,-0.0010049890527978889,break,,,offgrid,0.5,USD_JPY
2021-09-29,put,111.42061281337047,2021-09-29 06:20:00,111.446,-0.0005473502862372026,break,8.972955512098757e-05,reject,-0.0013100515047645978,break,,,offgrid,0.5,USD_JPY
2021-09-29,put,111.42061281337047,2021-09-29 06:28:00,111.435,-0.0004756135863955846,break,-0.0010140440615605817,break,-0.0007627765064837089,break,,,offgrid,0.5,USD_JPY
2021-09-29,put,111.42061281337047,2021-09-29 07:02:00,111.439,-2.692055743491739e-05,reject,-0.0013639749100403664,break,-0.0008165902421952698,break,,,offgrid,0.5,USD_JPY
2021-09-29,put,111.42061281337047,2021-09-29 07:14:00,111.439,-0.0011575839697053336,break,-0.001319107314315393,break,-0.0006550668975852103,break,,,offgrid,0.5,USD_JPY
2021-09-30,put,111.42061281337047,2021-09-30 15:16:00,111.436,0.0006820058149969999,reject,0.0006820058149969999,reject,-0.0005384256434186607,break,,,offgrid,0.5,USD_JPY
2021-09-30,put,111.42061281337047,2021-09-30 16:09:00,111.447,0.0003678878749540093,reject,2.6918624996596918e-05,reject,-0.001327985499833928,break,,,offgrid,0.5,USD_JPY
2021-09-30,put,111.42061281337047,2021-09-30 16:40:00,111.436,-0.00012563265013110225,reject,-0.0005563731648660086,break,-0.0015165655622959573,break,,,offgrid,0.5,USD_JPY
2021-09-30,put,111.42061281337047,2021-09-30 18:36:00,111.442,-0.00019741210674606435,break,-0.0008614346476193413,break,-0.0006281294305557905,break,,,offgrid,0.5,USD_JPY
2021-10-01,put,111.42061281337047,2021-10-01 00:03:00,111.439,-0.0003858613232350372,break,-0.0005832787444252086,break,-0.0025305323988908945,break,,,offgrid,0.5,USD_JPY
2021-10-05,put,111.42061281337047,2021-10-05 14:20:00,111.445,0.00025124500874884603,reject,0.0002781641168290161,reject,1.7946072053520723e-05,reject,,,offgrid,0.5,USD_JPY
2021-10-05,put,111.42061281337047,2021-10-05 15:23:00,111.444,-0.0006640106241699861,break,-0.00020638168048525696,reject,0.0005024945263989444,reject,,,offgrid,0.5,USD_JPY
2021-10-05,put,111.42061281337047,2021-10-05 17:37:00,111.439,-0.00013460278717492002,reject,0.0003320202083652024,reject,0.00041278188067028765,reject,,,offgrid,0.5,USD_JPY
2021-10-05,put,111.42061281337047,2021-10-05 21:37:00,111.447,0.0002961048749630102,reject,0.00047556237494061904,reject,,,,,offgrid,0.5,USD_JPY
2021-10-06,put,111.42061281337047,2021-10-06 10:14:00,111.429,-0.00020640946252770132,break,0.0005743567652944925,reject,-0.0012653797485394636,break,,,offgrid,0.5,USD_JPY
2021-10-06,put,111.42061281337047,2021-10-06 10:25:00,111.426,-5.384739647840142e-05,break,0.00024231328415269537,reject,-0.0011846427225243872,break,,,offgrid,0.5,USD_JPY
2021-10-06,put,111.42061281337047,2021-10-06 11:27:00,111.44,-1.7946877243324444e-05,reject,-0.0008255563531944787,break,-0.0005384063173008435,break,,,offgrid,0.5,USD_JPY
2021-10-06,put,111.42061281337047,2021-10-06 18:54:00,111.44,-0.0001435750179468176,reject,-0.000457645369705717,break,-0.0004845656855707592,break,,,offgrid,0.5,USD_JPY
2021-10-07,put,111.42061281337047,2021-10-07 03:44:00,111.438,-0.00012563039537671905,reject,-0.00025126079075366015,break,-0.0015434591432006428,break,,,offgrid,0.5,USD_JPY
2021-10-07,put,111.42061281337047,2021-10-07 06:32:00,111.438,-0.0005832839785351318,break,-0.0013191191514564382,break,-0.00013460399504661158,reject,,,offgrid,0.5,USD_JPY
2021-10-07,put,111.42061281337047,2021-10-07 09:42:00,111.436,0.00015255393230195757,reject,0.0001435801715781171,reject,1.794752144723688e-05,reject,,,offgrid,0.5,USD_JPY
2021-10-07,put,111.42061281337047,2021-10-07 10:10:00,111.441,-0.00023330731059478804,break,-0.0006819752155849956,break,-0.0001525470876966306,reject,,,offgrid,0.5,USD_JPY
2021-10-07,put,111.42061281337047,2021-10-07 13:42:00,111.441,0.00013460037149704007,reject,0.0005473748440878445,reject,0.0011665365529742733,reject,,,offgrid,0.5,USD_JPY
2021-10-07,put,111.42061281337047,2021-10-07 13:59:00,111.444,-2.691934962850695e-05,reject,0.0006819568572555834,reject,0.0013549405979684792,reject,,,offgrid,0.5,USD_JPY
2021-12-27,put,114.61318051575931,2021-12-27 10:03:00,114.633,0.00018319332129501653,reject,0.0002791517276876654,reject,0.0006891558277286602,reject,,,offgrid,0.5,USD_JPY
2021-12-27,put,114.61318051575931,2021-12-27 11:29:00,114.646,8.722502311475644e-05,reject,0.0007152451895400258,reject,0.0016049404253091204,reject,,,offgrid,0.5,USD_JPY
2022-01-10,put,115.27377521613832,2022-01-10 12:02:00,115.288,-0.0003382832558462834,break,-0.0003816529040315819,break,-0.002003677746166055,break,,,offgrid,0.5,USD_JPY
2022-01-10,put,115.27377521613832,2022-01-10 14:36:00,115.282,-0.00028625457573605573,break,-6.939504866321222e-05,reject,-0.0008587637272079451,break,,,offgrid,0.5,USD_JPY
2022-01-10,put,115.27377521613832,2022-01-10 15:13:00,115.299,0.0001127503274094277,reject,-0.0015698314816261494,break,-0.0005984440454818163,break,,,offgrid,0.5,USD_JPY
2022-01-10,put,115.27377521613832,2022-01-10 15:31:00,115.306,-0.0008152221046605623,break,-0.0014830104244357711,break,-0.0008325672558237018,break,,,offgrid,0.5,USD_JPY
2022-03-11,put,117.30205278592373,2022-03-11 20:01:00,117.32,-0.00022161609273774197,break,-0.0005284691442208889,break,,,,,offgrid,0.5,USD_JPY
2022-03-28,put,123.07692307692307,2022-03-28 03:59:00,123.082,-0.000788092491184722,break,-0.00024373994572712832,break,0.006832843145220258,reject,,,offgrid,0.5,USD_JPY
2022-03-28,put,123.07692307692307,2022-03-28 05:23:00,123.104,0.00041428385755137853,reject,-3.2492851572696324e-05,reject,0.012160449701065668,reject,,,offgrid,0.5,USD_JPY
2022-03-28,put,123.07692307692307,2022-03-28 06:17:00,123.058,0.0005525849599374855,reject,0.004826992150043008,reject,0.010336589250597106,reject,,,offgrid,0.5,USD_JPY
2022-03-28,put,123.07692307692307,2022-03-28 06:25:00,123.096,0.00024371222460528585,reject,0.004736140898160768,reject,0.009196074608435634,reject,,,offgrid,0.5,USD_JPY
2022-03-28,put,123.07692307692307,2022-03-28 06:34:00,123.108,0.0005279916821001596,reject,0.005125580790850348,reject,0.006287162491470877,reject,,,offgrid,0.5,USD_JPY
2022-03-28,put,123.07692307692307,2022-03-28 06:41:00,123.098,0.0011454288453103256,reject,0.004922906952184336,reject,0.006823831418869553,reject,,,offgrid,0.5,USD_JPY
2022-03-29,put,123.07692307692307,2022-03-29 12:33:00,123.008,-0.0033656347554630317,break,-0.002487643080124835,break,-0.003024193548387122,break,,,offgrid,0.5,USD_JPY
2022-03-29,put,123.07692307692307,2022-03-29 23:46:00,123.105,,,,,,,,,offgrid,0.5,USD_JPY
2022-06-13,put,134.68013468013467,2022-06-13 00:25:00,134.682,0.0014478549472092261,reject,0.0018265247026330034,reject,0.002524465036159329,reject,,,offgrid,0.5,USD_JPY
2022-06-13,put,134.68013468013467,2022-06-13 01:35:00,134.726,0.001469649510859039,reject,0.0005418404762258522,reject,0.0010168787019579906,reject,,,offgrid,0.5,USD_JPY
2022-06-13,put,134.68013468013467,2022-06-13 06:09:00,134.62,-0.0003937007874015297,break,-0.0006091219729609243,break,-8.913980092106755e-05,break,,,offgrid,0.5,USD_JPY
2022-06-13,put,134.68013468013467,2022-06-13 06:56:00,134.7,-0.001455085374907239,break,-0.0004008908685968482,break,-0.00181143281366003,break,,,offgrid,0.5,USD_JPY
2022-06-13,put,134.68013468013467,2022-06-13 07:32:00,134.694,5.939388539966117e-05,reject,-0.0014403017209377866,break,-0.002457422008404153,break,,,offgrid,0.5,USD_JPY
2022-06-13,put,134.68013468013467,2022-06-13 07:38:00,134.684,9.652222981193503e-05,reject,-0.001915595022422889,break,-0.002279409580944969,break,,,offgrid,0.5,USD_JPY
2022-06-13,put,134.68013468013467,2022-06-13 07:45:00,134.71,-0.00067552520228642,break,-0.0036003266275704826,break,-0.0015737510207113337,break,,,offgrid,0.5,USD_JPY
2022-06-13,put,134.68013468013467,2022-06-13 07:53:00,134.697,-0.001247243813893406,break,-0.0030958373237711667,break,-0.0010022494933071835,break,,,offgrid,0.5,USD_JPY
2022-06-14,put,134.68013468013467,2022-06-14 04:11:00,134.68,-0.0010692010692011644,break,-5.1975051975072795e-05,break,-0.0024725274725274637,break,,,offgrid,0.5,USD_JPY
2022-06-14,put,134.68013468013467,2022-06-14 05:14:00,134.695,0.00042317829169613574,reject,-0.00048257173614463245,break,-0.003303760347451612,break,,,offgrid,0.5,USD_JPY
2022-06-14,put,134.68013468013467,2022-06-14 05:36:00,134.676,-0.0002227568386349299,break,-0.0007499480234043343,break,-0.0029032641302086937,break,,,offgrid,0.5,USD_JPY
2022-06-14,put,134.68013468013467,2022-06-14 05:44:00,134.683,-0.00015592168276612473,break,-0.0006459612571741991,break,-0.002784315763682099,break,,,offgrid,0.5,USD_JPY
2022-06-14,put,134.68013468013467,2022-06-14 06:18:00,134.706,-0.0009353703621217679,break,-0.0012026190370137968,break,-0.003934494380354314,break,,,offgrid,0.5,USD_JPY
2022-06-15,put,134.68013468013467,2022-06-15 06:01:00,134.691,0.0008389573171183606,reject,-0.00017076122383818948,break,-0.0019080710663668121,break,,,offgrid,0.5,USD_JPY
2022-06-15,put,134.68013468013467,2022-06-15 06:07:00,134.662,0.0002970399964354886,reject,0.00020792799750490865,reject,-0.0012178639853857032,break,,,offgrid,0.5,USD_JPY
2022-06-15,put,134.68013468013467,2022-06-15 06:22:00,134.702,-0.00089827916437768,break,-5.939035797541958e-05,reject,-0.0019895769921752793,break,,,offgrid,0.5,USD_JPY
2022-06-15,put,134.68013468013467,2022-06-15 06:55:00,134.695,-8.166598611669684e-05,reject,-0.0005419651805930181,break,-0.002620735736292956,break,,,offgrid,0.5,USD_JPY
2022-06-15,put,134.68013468013467,2022-06-15 07:53:00,134.682,0.0004677685214060645,reject,-0.0002524465036158885,break,-0.0013439063868964096,break,,,offgrid,0.5,USD_JPY
2022-06-15,put,134.68013468013467,2022-06-15 08:11:00,134.686,0.0003860831860771352,reject,-0.0014106885645129852,break,-0.00018561691638330213,break,,,offgrid,0.5,USD_JPY
2022-06-15,put,134.68013468013467,2022-06-15 08:27:00,134.71,-0.00034147427807895703,break,-0.0012025833271472885,break,0.0003860144013063671,reject,,,offgrid,0.5,USD_JPY
2022-06-15,put,134.68013468013467,2022-06-15 08:37:00,134.714,-0.0005864275427944765,break,-0.0008610834805586887,break,-0.0009130454147303624,break,,,offgrid,0.5,USD_JPY
2022-06-15,put,134.68013468013467,2022-06-15 12:16:00,134.702,-0.0006532939377291713,break,7.423794746941326e-06,reject,-0.001774286944514536,break,,,offgrid,0.5,USD_JPY
2022-06-15,put,134.68013468013467,2022-06-15 12:30:00,134.593,-0.0005275162898515928,break,0.0009733047038107401,reject,-0.0008247085658242836,break,,,offgrid,0.5,USD_JPY
2022-06-15,put,134.68013468013467,2022-06-15 13:24:00,134.722,0.0004156707887352784,reject,-0.0014103116046376707,break,-0.001618146999005532,break,,,offgrid,0.5,USD_JPY
2022-06-15,put,134.68013468013467,2022-06-15 13:29:00,134.724,-5.195807725411061e-05,reject,-0.0017368842967844245,break,-0.0017814197915737573,break,,,offgrid,0.5,USD_JPY
2022-06-15,put,134.68013468013467,2022-06-15 13:42:00,134.682,-0.0008909876598207633,break,-0.0008761378654905672,break,-0.002004722234596912,break,,,offgrid,0.5,USD_JPY
2022-06-15,put,134.68013468013467,2022-06-15 18:08:00,134.704,-5.196579166177884e-05,reject,-0.005701389713742677,break,-0.0047957002019243244,break,,,offgrid,0.5,USD_JPY
2022-06-15,put,134.68013468013467,2022-06-15 18:11:00,134.62,-0.0001634229683552535,break,-0.006068934779379087,break,-0.003714158371712961,break,,,offgrid,0.5,USD_JPY
2022-06-15,put,134.68013468013467,2022-06-15 18:30:00,134.765,-0.005335213148814577,break,-0.009015693985827022,break,-0.004118279968834515,break,,,offgrid,0.5,USD_JPY
2022-06-15,put,134.68013468013467,2022-06-15 18:32:00,134.731,-0.0047798947532491365,break,-0.007488996593211561,break,-0.004312296353474632,break,,,offgrid,0.5,USD_JPY
2022-06-17,put,134.68013468013467,2022-06-17 09:42:00,134.71,0.0002672407393660148,reject,4.454012322763212e-05,reject,0.0005122114171181025,reject,,,offgrid,0.5,USD_JPY
2022-06-17,put,134.68013468013467,2022-06-17 10:03:00,134.681,0.0008761443707723249,reject,-0.0010023685597821963,break,0.0015072653158201277,reject,,,offgrid,0.5,USD_JPY
2022-06-17,put,134.68013468013467,2022-06-17 10:20:00,134.672,0.000883628371153522,reject,-0.001722704051324686,break,0.003861233218486415,reject,,,offgrid,0.5,USD_JPY
2022-06-17,put,134.68013468013467,2022-06-17 10:43:00,134.645,0.00037877381261819387,reject,0.0006907051877158565,reject,0.003067325188458314,reject,,,offgrid,0.5,USD_JPY
2022-06-17,put,134.68013468013467,2022-06-17 11:47:00,134.66,0.0003267488489528958,reject,-0.0008391504529927651,break,0.0030001485222039825,reject,,,offgrid,0.5,USD_JPY
2022-06-17,put,134.68013468013467,2022-06-17 12:02:00,134.704,-0.00068297897612557,break,-0.0008091816130182394,break,0.003281268559211181,reject,,,offgrid,0.5,USD_JPY
2022-06-17,put,134.68013468013467,2022-06-17 12:10:00,134.662,-0.0003044659963463703,break,-0.0011436039862767755,break,0.0032303099612362995,reject,,,offgrid,0.5,USD_JPY
2022-06-17,put,134.68013468013467,2022-06-17 13:44:00,134.711,0.0008907958518604708,reject,0.002650117659285467,reject,0.0011728812049498494,reject,,,offgrid,0.5,USD_JPY
2022-06-17,put,134.68013468013467,2022-06-17 13:54:00,134.745,0.00125422093584171,reject,0.00408178411072746,reject,0.0016030279416676674,reject,,,offgrid,0.5,USD_JPY
2022-06-23,put,134.68013468013467,2022-06-23 13:35:00,134.733,-0.0016402811486421198,break,0.000823851617643756,reject,0.0006754098847350232,reject,,,offgrid,0.5,USD_JPY
2022-06-23,put,134.68013468013467,2022-06-23 13:45:00,134.628,-0.0022506462251536963,break,0.0005793742757822518,reject,0.001723267076685575,reject,,,offgrid,0.5,USD_JPY
2022-06-23,put,134.68013468013467,2022-06-23 14:43:00,134.682,-0.001722576142320409,break,-0.00019304732629443766,break,0.0018116749083025852,reject,,,offgrid,0.5,USD_JPY
2022-06-23,put,134.68013468013467,2022-06-23 15:48:00,134.697,0.0007052866804755364,reject,-5.196849224564648e-05,reject,0.0017595046660281444,reject,,,offgrid,0.5,USD_JPY
2022-06-23,put,134.68013468013467,2022-06-23 15:51:00,134.717,-2.2268904444233684e-05,reject,0.00023011201258915648,reject,0.0015068625340526332,reject,,,offgrid,0.5,USD_JPY
2022-06-23,put,134.68013468013467,2022-06-23 15:57:00,134.679,0.0005865799419360052,reject,0.00048262906614993106,reject,0.0020418922029419306,reject,,,offgrid,0.5,USD_JPY
2022-06-23,put,134.68013468013467,2022-06-23 16:06:00,134.714,0.0007571596122155633,reject,0.0002895022046704998,reject,0.0016627818934928928,reject,,,offgrid,0.5,USD_JPY
2022-06-23,put,134.68013468013467,2022-06-23 16:31:00,134.709,0.00011135113466798074,reject,0.000927926122233913,reject,0.0020785545138037875,reject,,,offgrid,0.5,USD_JPY
2022-06-23,put,134.68013468013467,2022-06-23 16:35:00,134.716,2.96920929956368e-05,reject,0.0008016865108821936,reject,0.002004216277205151,reject,,,offgrid,0.5,USD_JPY
2022-06-23,put,134.68013468013467,2022-06-23 17:09:00,134.69,0.0010691216868363718,reject,0.002086272180562787,reject,0.0019155096889154066,reject,,,offgrid,0.5,USD_JPY
2022-06-24,put,134.68013468013467,2022-06-24 00:01:00,134.724,0.001677503637065314,reject,0.0027612006769395236,reject,-0.0003859742881743289,break,,,offgrid,0.5,USD_JPY
2022-06-24,put,134.68013468013467,2022-06-24 03:25:00,134.648,0.0,break,0.0007575307468361547,reject,-0.0009506268195590417,break,,,offgrid,0.5,USD_JPY
2022-06-24,put,134.68013468013467,2022-06-24 04:09:00,134.71,0.0004157078167914552,reject,0.0005641748942171176,reject,-8.908024645537527e-05,reject,,,offgrid,0.5,USD_JPY
2022-06-24,put,134.68013468013467,2022-06-24 04:28:00,134.684,0.00035638977161367436,reject,0.0007276291170443816,reject,0.0006979299694098717,reject,,,offgrid,0.5,USD_JPY
2022-06-24,put,134.68013468013467,2022-06-24 05:35:00,134.712,-0.0005938594928438512,break,0.0006087059801651584,reject,0.0026723677177979965,reject,,,offgrid,0.5,USD_JPY
2022-06-24,put,134.68013468013467,2022-06-24 05:44:00,134.698,-0.00043059288185443023,break,0.0002524165169490722,reject,0.0023905328958113703,reject,,,offgrid,0.5,USD_JPY
2022-06-24,put,134.68013468013467,2022-06-24 06:48:00,134.687,-0.0010171731495987046,break,-0.0008464068544106196,break,0.002821356181368584,reject,,,offgrid,0.5,USD_JPY
2022-06-24,put,134.68013468013467,2022-06-24 08:33:00,134.695,0.00119529306952737,reject,0.002130739819592442,reject,0.003281487805783412,reject,,,offgrid,0.5,USD_JPY
2022-06-27,put,134.68013468013467,2022-06-27 00:52:00,134.694,-0.001091362644215721,break,-0.0002969694269974177,break,0.00033409060537237245,reject,,,offgrid,0.5,USD_JPY
2022-06-27,put,134.68013468013467,2022-06-27 04:54:00,134.692,0.00031924687435047616,reject,0.0007721319751727851,reject,0.0020045733970834867,reject,,,offgrid,0.5,USD_JPY
2022-09-07,put,144.4043321299639,2022-09-07 14:30:00,144.427,-0.0007408587037049941,break,0.00015925000173089288,reject,-0.0030811413378384334,break,,,offgrid,0.5,USD_JPY
2022-09-07,put,144.4043321299639,2022-09-07 15:14:00,144.432,0.00013847346848350206,reject,-0.0005538938739336752,break,-0.0025409881466710305,break,,,offgrid,0.5,USD_JPY
2022-09-07,put,144.4043321299639,2022-09-07 15:35:00,144.402,-0.00011772690128941665,break,-0.0004847578288388332,break,-0.003878062630711332,break,,,offgrid,0.5,USD_JPY
2022-09-07,put,144.4043321299639,2022-09-07 15:45:00,144.423,-0.00014540620261327408,break,-0.0016410128580627292,break,-0.0039190433656689505,break,,,offgrid,0.5,USD_JPY
2022-09-09,put,142.34875444839858,2022-09-09 07:10:00,142.384,-0.0013414428587480431,break,-0.0003792560961903835,break,-0.003883863355433226,break,,,offgrid,0.5,USD_JPY
2022-09-09,put,142.34875444839858,2022-09-09 07:16:00,142.332,-0.00109602900261363,break,-0.000653401905404194,break,-0.0027330466795940644,break,,,offgrid,0.5,USD_JPY
2022-09-09,put,142.34875444839858,2022-09-09 07:39:00,142.366,-7.024149024359438e-05,reject,-0.0010114774595058051,break,0.00025286936487622924,reject,,,offgrid,0.5,USD_JPY
2022-09-09,put,142.34875444839858,2022-09-09 07:54:00,142.356,-0.00030908426761067087,break,-0.002275984152406485,break,0.0016578156171851433,reject,,,offgrid,0.5,USD_JPY
2022-09-09,put,142.34875444839858,2022-09-09 08:03:00,142.393,-0.0015660882206288695,break,-0.002394780642306915,break,0.0024931000821668547,reject,,,offgrid,0.5,USD_JPY
2022-09-09,put,142.34875444839858,2022-09-09 11:35:00,142.347,0.0001194264719313054,reject,0.0001194264719313054,reject,0.0008219351303504485,reject,,,offgrid,0.5,USD_JPY
2022-09-09,put,142.34875444839858,2022-09-09 11:42:00,142.332,0.00156675940758233,reject,-0.00040749796251016157,break,0.0010890031756738416,reject,,,offgrid,0.5,USD_JPY
2022-09-09,put,142.34875444839858,2022-09-09 12:34:00,142.394,-0.0007233450847649037,break,0.001657373203927115,reject,0.0015801227579812505,reject,,,offgrid,0.5,USD_JPY
2022-09-09,put,142.34875444839858,2022-09-09 12:55:00,142.346,0.00019670380621850114,reject,0.002233993227768849,reject,0.0017703342559678426,reject,,,offgrid,0.5,USD_JPY
2022-09-09,put,142.34875444839858,2022-09-09 13:04:00,142.361,-0.0008288786957101335,break,9.131714444277073e-05,reject,0.0012784400221972358,reject,,,offgrid,0.5,USD_JPY
2022-09-09,put,142.34875444839858,2022-09-09 14:03:00,142.331,0.0007377170117544019,reject,0.0016510809310692487,reject,0.0027752211394567183,reject,,,offgrid,0.5,USD_JPY
2022-09-09,put,142.34875444839858,2022-09-09 14:16:00,142.342,0.0017001306712003394,reject,0.0007727866687272655,reject,0.002409689339759158,reject,,,offgrid,0.5,USD_JPY
2022-09-09,put,142.34875444839858,2022-09-09 14:40:00,142.376,0.0009341462044163418,reject,0.0004986795527335275,reject,0.002247569815137407,reject,,,offgrid,0.5,USD_JPY
2022-09-12,put,142.34875444839858,2022-09-12 01:28:00,142.364,0.0005900368070579365,reject,0.0020019105953752447,reject,0.004825658172009639,reject,,,offgrid,0.5,USD_JPY
2022-09-12,put,142.34875444839858,2022-09-12 01:40:00,142.399,0.0012148961720237494,reject,0.0025351301624307876,reject,0.005372228737561269,reject,,,offgrid,0.5,USD_JPY
2022-09-12,put,142.34875444839858,2022-09-12 12:07:00,142.35,7.727432384974087e-05,reject,0.0013487881981033567,reject,0.0003231471724622903,reject,,,offgrid,0.5,USD_JPY
2022-09-12,put,142.34875444839858,2022-09-12 15:00:00,142.343,-7.025283996986431e-06,break,0.00048474459580050144,reject,0.0028311894508337154,reject,,,offgrid,0.5,USD_JPY
2022-09-12,put,142.34875444839858,2022-09-12 15:04:00,142.384,4.916282728406607e-05,reject,-0.00014748848185175412,reject,0.0027039555006180827,reject,,,offgrid,0.5,USD_JPY
2022-09-12,put,142.34875444839858,2022-09-12 15:15:00,142.342,-0.0001826586671538344,break,0.0001475320003934133,reject,0.002887412007699597,reject,,,offgrid,0.5,USD_JPY
2022-09-12,put,142.34875444839858,2022-09-12 15:20:00,142.374,0.000210712630114962,reject,0.0004916628036018,reject,0.0031044994170283946,reject,,,offgrid,0.5,USD_JPY
2022-09-12,put,142.34875444839858,2022-09-12 15:25:00,142.37,0.00040738919716232225,reject,0.0005197724239656143,reject,0.003188874060546576,reject,,,offgrid,0.5,USD_JPY
2022-09-12,put,142.34875444839858,2022-09-12 15:47:00,142.377,0.00027392064729547805,reject,-0.0007866439101822387,break,0.002633852377841972,reject,,,offgrid,0.5,USD_JPY
2022-09-12,put,142.34875444839858,2022-09-12 16:04:00,142.363,0.00038633633739104667,reject,-0.00011941304973905886,break,0.003371662580867074,reject,,,offgrid,0.5,USD_JPY
2022-09-12,put,142.34875444839858,2022-09-12 16:10:00,142.368,0.0005338278264777063,reject,-0.00021072151045176124,break,0.0031046302539896597,reject,,,offgrid,0.5,USD_JPY
2022-09-12,put,142.34875444839858,2022-09-12 16:33:00,142.362,-0.0006883859456876529,break,0.00033716862645927215,reject,0.0032031019513636405,reject,,,offgrid,0.5,USD_JPY
2022-09-12,put,142.34875444839858,2022-09-12 17:40:00,142.37,0.0003511975837604542,reject,0.0026691016365807396,reject,0.003118634543794352,reject,,,offgrid,0.5,USD_JPY
2022-09-12,put,142.34875444839858,2022-09-12 17:45:00,142.372,0.0004214311802881454,reject,0.002591801758772716,reject,0.003146686146152211,reject,,,offgrid,0.5,USD_JPY
2023-01-12,put,131.14754098360655,2023-01-12 09:32:00,131.142,-0.0008082841500053339,break,-0.0008159094721752469,break,-0.004575193301916913,break,,,offgrid,0.5,USD_JPY
2023-03-16,put,132.89036544850498,2023-03-16 02:08:00,132.87,-0.0003010461353202265,break,0.00022578460149014212,reject,-0.0003160984420862434,break,,,offgrid,0.5,USD_JPY
2023-03-16,put,132.89036544850498,2023-03-16 02:33:00,132.914,0.00031599380050262305,reject,-0.0012940698496771708,break,0.0001730442240850394,reject,,,offgrid,0.5,USD_JPY
2023-03-16,put,132.89036544850498,2023-03-16 02:54:00,132.902,0.00016553550736642109,reject,-0.0007524341243924093,break,-0.000105340777414753,break,,,offgrid,0.5,USD_JPY
2023-03-16,put,132.89036544850498,2023-03-16 03:07:00,132.87,0.00037630766915008884,reject,-0.0020922706404755687,break,0.0010687137803868652,reject,,,offgrid,0.5,USD_JPY
2023-03-16,put,132.89036544850498,2023-03-16 05:39:00,132.892,-0.0003310959275200087,break,-0.0002407970381963498,break,-0.00043644463173098114,break,,,offgrid,0.5,USD_JPY
2023-03-16,put,132.89036544850498,2023-03-16 06:36:00,132.92,-0.000466445982545749,break,0.00013541980138431775,reject,0.0005642491724346943,reject,,,offgrid,0.5,USD_JPY
2023-03-16,put,132.89036544850498,2023-03-16 07:31:00,132.911,0.0004439060724845678,reject,-0.0014972425156685176,break,-0.0006395256976473584,break,,,offgrid,0.5,USD_JPY
2023-03-16,put,132.89036544850498,2023-03-16 07:39:00,132.91,0.00043638552403879594,reject,-0.00015047776691001769,break,-0.0009555338198782293,break,,,offgrid,0.5,USD_JPY
2023-03-16,put,132.89036544850498,2023-03-16 07:45:00,132.961,0.0008197892615127156,reject,-0.0008799572807065559,break,-0.0017599145614127787,break,,,offgrid,0.5,USD_JPY
2023-03-16,put,132.89036544850498,2023-03-16 07:47:00,132.911,0.0019787677468381393,reject,-0.0008200976593359943,break,-0.001422004198298077,break,,,offgrid,0.5,USD_JPY
2023-03-16,put,132.89036544850498,2023-03-16 08:14:00,132.804,-0.0010993644769736743,break,-0.0006927502183670109,break,-0.00257522363784235,break,,,offgrid,0.5,USD_JPY
2023-03-16,put,132.89036544850498,2023-03-16 10:50:00,132.886,-0.00018060593290492033,break,-0.0014899989464653984,break,-0.0046957542555272624,break,,,offgrid,0.5,USD_JPY
2023-03-16,put,132.89036544850498,2023-03-16 15:56:00,132.884,0.0010761265464616088,reject,0.003965864964931898,reject,0.004424911953282651,reject,,,offgrid,0.5,USD_JPY
2023-03-16,put,132.89036544850498,2023-03-16 16:14:00,132.93,0.001173549988715994,reject,0.0044986082900773106,reject,0.00573986308583474,reject,,,offgrid,0.5,USD_JPY
2023-03-17,put,132.89036544850498,2023-03-17 05:33:00,132.914,0.0007674135155062434,reject,0.0003611357720030295,reject,0.0005341799960878468,reject,,,offgrid,0.5,USD_JPY
2023-03-17,put,132.89036544850498,2023-03-17 06:16:00,132.882,0.0005568850559141136,reject,0.0008052256889570231,reject,0.002317845908399896,reject,,,offgrid,0.5,USD_JPY
2023-03-17,put,132.89036544850498,2023-03-17 06:54:00,132.919,0.0004137858394961391,reject,-9.028054679915964e-05,reject,0.001843227830482963,reject,,,offgrid,0.5,USD_JPY
2023-03-17,put,132.89036544850498,2023-03-17 07:43:00,132.911,0.0007599070054398194,reject,0.002099149054630489,reject,-0.0023700069971634985,break,,,offgrid,0.5,USD_JPY
2023-03-17,put,132.89036544850498,2023-03-17 11:13:00,132.908,-0.002437776507057343,break,-0.002091672435067804,break,-0.006350257320853481,break,,,offgrid,0.5,USD_JPY
2023-03-22,put,132.89036544850498,2023-03-22 12:28:00,132.91,-0.00021819276201939797,break,-0.001986306523211301,break,-0.0018809720863742774,break,,,offgrid,0.5,USD_JPY
2023-03-30,put,132.89036544850498,2023-03-30 23:29:00,132.868,0.0008128368004336473,reject,,,,,,,offgrid,0.5,USD_JPY
2023-03-31,put,132.89036544850498,2023-03-31 02:23:00,132.936,-0.0006168381777696963,break,-0.00027832942167660413,reject,-0.0004513450081242709,break,,,offgrid,0.5,USD_JPY
2023-03-31,put,132.89036544850498,2023-03-31 02:27:00,132.888,0.0005342845102642713,reject,0.00022575401842162002,reject,-0.00024080428631634287,break,,,offgrid,0.5,USD_JPY
2023-03-31,put,132.89036544850498,2023-03-31 02:35:00,132.9,0.00013544018058686547,reject,7.5244544770480815e-06,reject,0.00042136945071469256,reject,,,offgrid,0.5,USD_JPY
2023-03-31,put,132.89036544850498,2023-03-31 02:49:00,132.908,1.5048003130013754e-05,reject,0.00021819604538486637,reject,0.002159388449152866,reject,,,offgrid,0.5,USD_JPY
2023-03-31,put,132.89036544850498,2023-03-31 02:56:00,132.902,0.00020315721358610261,reject,-0.0007072880769287693,break,0.0017907932160539097,reject,,,offgrid,0.5,USD_JPY
2023-03-31,put,132.89036544850498,2023-03-31 03:10:00,132.906,-6.019291830328122e-05,reject,-0.0011436654477602337,break,0.0014295818097000978,reject,,,offgrid,0.5,USD_JPY
2023-03-31,put,132.89036544850498,2023-03-31 03:44:00,132.91,-0.001106011586788025,break,-0.0009856293732600774,break,0.001805733202919324,reject,,,offgrid,0.5,USD_JPY
2023-03-31,put,132.89036544850498,2023-03-31 06:00:00,132.915,-0.0004965579505699091,break,0.0016476695632545724,reject,0.0036038069442878573,reject,,,offgrid,0.5,USD_JPY
2023-03-31,put,132.89036544850498,2023-03-31 06:07:00,132.916,-0.00031598904571306097,break,0.0014294742544163075,reject,0.0034156911131844048,reject,,,offgrid,0.5,USD_JPY
2023-03-31,put,132.89036544850498,2023-03-31 08:04:00,132.878,0.0023028642815214884,reject,0.003401616520417372,reject,0.0023179156820543056,reject,,,offgrid,0.5,USD_JPY
2023-03-31,put,132.89036544850498,2023-03-31 12:31:00,132.834,0.0015206950027855104,reject,0.0016863152506134682,reject,-0.00010539470316339727,break,,,offgrid,0.5,USD_JPY
2023-03-31,put,132.89036544850498,2023-03-31 14:09:00,132.906,0.0005567844943041855,reject,0.0007524114787895719,reject,6.019291830305917e-05,reject,,,offgrid,0.5,USD_JPY
2023-03-31,put,132.89036544850498,2023-03-31 15:30:00,132.897,-0.0009857257876400016,break,-0.0006471176926490241,break,-0.0011211690256364149,break,,,offgrid,0.5,USD_JPY
2023-03-31,put,132.89036544850498,2023-03-31 18:09:00,132.914,-0.0006921768963388253,break,-0.0011736912590094573,break,,,,,offgrid,0.5,USD_JPY
2023-04-03,put,132.89036544850498,2023-04-03 01:18:00,132.87,0.0007375630315344939,reject,0.0015428614435160082,reject,0.004515692029803509,reject,,,offgrid,0.5,USD_JPY
2023-04-03,put,132.89036544850498,2023-04-03 11:36:00,132.916,6.018838965959894e-05,reject,0.00033103614312812724,reject,-0.004574317614132295,break,,,offgrid,0.5,USD_JPY
2023-04-03,put,132.89036544850498,2023-04-03 11:45:00,132.89,0.00019565053803916044,reject,0.0013244036421100613,reject,-0.004770863119873514,break,,,offgrid,0.5,USD_JPY
2023-04-03,put,132.89036544850498,2023-04-03 11:59:00,132.892,0.000985762875116647,reject,0.0015802305631640312,reject,-0.0039957258525720185,break,,,offgrid,0.5,USD_JPY
2023-04-03,put,132.89036544850498,2023-04-03 13:43:00,132.894,-0.00041386368082840796,break,-0.0035065540957455177,break,-0.003912892982376959,break,,,offgrid,0.5,USD_JPY
2023-04-04,put,132.89036544850498,2023-04-04 04:12:00,132.899,-0.00033107848817526264,break,-0.0008427452426278403,break,-0.0021595346842339103,break,,,offgrid,0.5,USD_JPY
2023-04-04,put,132.89036544850498,2023-04-04 05:48:00,132.912,-0.000737329962682165,break,-0.001722944504634727,break,-0.0006620922113879102,break,,,offgrid,0.5,USD_JPY
2023-04-04,put,132.89036544850498,2023-04-04 09:02:00,132.91,0.0005642916259123165,reject,-0.00032352719885642145,break,-0.0003536227522383806,break,,,offgrid,0.5,USD_JPY
2023-04-04,put,132.89036544850498,2023-04-04 09:25:00,132.908,-0.00044391609233451756,break,-0.00016552803442981823,break,-0.0007975441658891746,break,,,offgrid,0.5,USD_JPY
2023-04-04,put,132.89036544850498,2023-04-04 10:20:00,132.901,0.0003385979037027198,reject,0.0013468672169509865,reject,-0.00753192225792132,break,,,offgrid,0.5,USD_JPY
2023-04-04,put,132.89036544850498,2023-04-04 10:51:00,132.935,-0.00012035957422795729,reject,0.0006695001316432414,reject,-0.009410614209952262,break,,,offgrid,0.5,USD_JPY
2023-04-04,put,132.89036544850498,2023-04-04 12:20:00,132.873,-0.00020320155336284174,break,-0.00012794171878405258,break,-0.00964078480955477,break,,,offgrid,0.5,USD_JPY
2023-04-04,put,132.89036544850498,2023-04-04 12:59:00,132.906,-4.51446887274054e-05,reject,-0.0015048229575791439,break,-0.009660963387657429,break,,,offgrid,0.5,USD_JPY
2023-04-04,put,132.89036544850498,2023-04-04 13:10:00,132.924,-0.0009178177003401622,break,-0.00719207968463198,break,-0.009388823688724512,break,,,offgrid,0.5,USD_JPY
2023-04-12,put,132.89036544850498,2023-04-12 12:32:00,132.884,0.0014448692092352555,reject,0.0003010144185908725,reject,0.0019264922789801187,reject,,,offgrid,0.5,USD_JPY
2023-04-12,put,132.89036544850498,2023-04-12 12:40:00,132.837,0.0012270677597356894,reject,0.0024616635425371847,reject,0.002055150296980779,reject,,,offgrid,0.5,USD_JPY
2023-04-12,put,132.89036544850498,2023-04-12 12:50:00,132.913,0.0013994116452114014,reject,0.002234544401224836,reject,0.0018357873195247176,reject,,,offgrid,0.5,USD_JPY
2023-04-12,put,132.89036544850498,2023-04-12 13:13:00,132.867,0.0006848954217375525,reject,0.0015127909864753875,reject,0.0036502668081617173,reject,,,offgrid,0.5,USD_JPY
2023-04-12,put,132.89036544850498,2023-04-12 13:30:00,132.954,0.002707703416219065,reject,0.0019329993832453152,reject,0.003016080749732808,reject,,,offgrid,0.5,USD_JPY
2023-04-13,put,132.89036544850498,2023-04-13 08:11:00,132.916,0.0003611303379578157,reject,0.0018658400794486774,reject,0.0024902946221674327,reject,,,offgrid,0.5,USD_JPY
2023-04-13,put,132.89036544850498,2023-04-13 12:30:00,132.89,-0.0003311009105273488,break,-0.0037173602227406066,break,-0.0035066596433138697,break,,,offgrid,0.5,USD_JPY
2023-04-13,put,132.89036544850498,2023-04-13 12:33:00,132.898,-0.0009857183704796713,break,-0.004341675570738501,break,-0.003619317070234329,break,,,offgrid,0.5,USD_JPY
2023-04-13,put,132.89036544850498,2023-04-13 12:41:00,132.854,-0.0018892920047571815,break,-0.005419483041534501,break,-0.0033570686618394907,break,,,offgrid,0.5,USD_JPY
2023-05-02,put,136.51877133105802,2023-05-02 14:37:00,136.576,-0.0004539597000936535,break,-0.0005052132146203814,break,0.00042467197750695185,reject,,,offgrid,0.5,USD_JPY
2023-05-02,put,136.51877133105802,2023-05-02 14:42:00,136.518,-0.00015382586911605323,break,0.000615303476464657,reject,0.0008790049663780497,reject,,,offgrid,0.5,USD_JPY
2023-05-02,put,136.51877133105802,2023-05-02 14:47:00,136.543,-0.0009081388280614,break,0.0007543411233090769,reject,0.0008861677273823698,reject,,,offgrid,0.5,USD_JPY
2023-05-02,put,136.51877133105802,2023-05-02 14:51:00,136.566,-0.00030754360528972846,reject,-0.00030754360528972846,reject,0.0007029568120908714,reject,,,offgrid,0.5,USD_JPY
2023-05-02,put,136.51877133105802,2023-05-02 15:21:00,136.512,-0.0002637130801688148,break,-0.0006006797937176955,break,-5.8602906704230406e-05,break,,,offgrid,0.5,USD_JPY
2023-05-02,put,136.51877133105802,2023-05-02 15:51:00,136.524,-0.0006592247516920002,break,-0.0009961618470012423,break,-0.00017579326711791854,break,,,offgrid,0.5,USD_JPY
2023-05-02,put,136.51877133105802,2023-05-02 18:16:00,136.544,0.0003954769158660554,reject,-0.0002050621045232015,break,-0.000483360674947253,break,,,offgrid,0.5,USD_JPY
2023-05-02,put,136.51877133105802,2023-05-02 19:06:00,136.533,-0.00021240286231161143,break,-0.00035888759494029365,break,-0.0010180688917695857,break,,,offgrid,0.5,USD_JPY
2023-05-02,put,136.51877133105802,2023-05-02 21:03:00,136.536,-0.00010253705982310457,reject,7.3240757016979074e-06,reject,,,,,offgrid,0.5,USD_JPY
2023-05-02,put,136.51877133105802,2023-05-02 21:58:00,136.56,-0.00029291154071464653,reject,-0.00019039250146468678,reject,,,,,offgrid,0.5,USD_JPY
2023-05-11,put,133.77926421404683,2023-05-11 12:30:00,133.855,0.00047065854842931465,reject,0.0005453662545291671,reject,0.003787680699264273,reject,,,offgrid,0.5,USD_JPY
2023-05-11,put,133.77926421404683,2023-05-11 12:57:00,133.792,0.00013453719205935855,reject,0.0035876584549150436,reject,0.004686378856732842,reject,,,offgrid,0.5,USD_JPY
2023-05-11,put,133.77926421404683,2023-05-11 13:00:00,133.812,0.0005530146773082834,reject,0.003295668549905706,reject,0.0044091710758376035,reject,,,offgrid,0.5,USD_JPY
2023-05-11,put,133.77926421404683,2023-05-11 13:13:00,133.834,0.0017409626851174753,reject,0.0040199052557647885,reject,0.004386030455638901,reject,,,offgrid,0.5,USD_JPY
2023-05-16,put,136.51877133105802,2023-05-16 15:19:00,136.553,0.0006151457675773742,reject,0.0004174203422848688,reject,-0.0018674067944314254,break,,,offgrid,0.5,USD_JPY
2023-05-16,put,136.51877133105802,2023-05-16 15:24:00,136.533,0.0010327173650328536,reject,0.0006225601136722325,reject,-0.0017724652648076766,break,,,offgrid,0.5,USD_JPY
2023-05-16,put,136.51877133105802,2023-05-16 17:12:00,136.522,-0.0009961764404271545,break,-0.0015894874086226363,break,-0.0009742019601235441,break,,,offgrid,0.5,USD_JPY
2023-05-18,put,138.4083044982699,2023-05-18 16:05:00,138.428,0.0002745109370936305,reject,0.0011269396364896878,reject,0.0020371601121160765,reject,,,offgrid,0.5,USD_JPY
2023-05-24,put,139.37282229965157,2023-05-24 21:05:00,139.406,-0.0003586646198873167,break,-2.8693169591087475e-05,reject,,,,,offgrid,0.5,USD_JPY
2023-05-24,put,139.37282229965157,2023-05-24 22:02:00,139.378,0.0002152420037595526,reject,-0.001399073024437092,break,,,,,offgrid,0.5,USD_JPY
2023-05-24,put,139.37282229965157,2023-05-24 22:06:00,139.396,0.00015782375390993586,reject,-0.0013773709432119974,break,,,,,offgrid,0.5,USD_JPY
2023-05-24,put,139.37282229965157,2023-05-24 22:29:00,139.399,-0.0008895329234785976,break,-0.0005093293352176342,break,,,,,offgrid,0.5,USD_JPY
2023-05-25,put,139.37282229965157,2023-05-25 00:49:00,139.394,0.0002295651175803215,reject,0.0016284775528359052,reject,0.0014634776245749936,reject,,,offgrid,0.5,USD_JPY
2023-05-25,put,139.37282229965157,2023-05-25 00:53:00,139.386,0.0008322213134748235,reject,0.0016931399136213,reject,0.0015066075502561116,reject,,,offgrid,0.5,USD_JPY
2023-05-25,put,139.37282229965157,2023-05-25 01:03:00,139.387,0.0010402691786177698,reject,0.0015137710116439607,reject,0.0011048376103941493,reject,,,offgrid,0.5,USD_JPY
2023-05-25,put,139.37282229965157,2023-05-25 07:22:00,139.399,-0.00030846706217413367,break,-0.00031564071478284994,break,0.001456251479565962,reject,,,offgrid,0.5,USD_JPY
2023-05-25,put,139.37282229965157,2023-05-25 07:34:00,139.374,-4.304963623058544e-05,break,0.00038744672607515795,reject,0.001571311722415869,reject,,,offgrid,0.5,USD_JPY
2023-05-25,put,139.37282229965157,2023-05-25 12:05:00,139.326,-8.612893501569463e-05,break,0.002763303331754452,reject,0.003746608673183882,reject,,,offgrid,0.5,USD_JPY
2023-05-30,put,140.84507042253523,2023-05-30 06:25:00,140.866,-0.0031235358425739657,break,-0.003961211363991413,break,-0.004387148069797009,break,,,offgrid,0.5,USD_JPY
2023-05-30,put,140.84507042253523,2023-05-30 06:30:00,140.892,-0.0034352553729097846,break,-0.0033784742923658184,break,-0.004251483405729117,break,,,offgrid,0.5,USD_JPY
2023-07-21,put,141.3427561837456,2023-07-21 12:32:00,141.385,-0.0006294868621140592,break,-2.8291544364567045e-05,reject,0.002128938713442219,reject,,,offgrid,0.5,USD_JPY
2023-07-21,put,141.3427561837456,2023-07-21 12:38:00,141.368,-0.0003536868315318076,break,0.0006437100333880341,reject,0.002178710882236423,reject,,,offgrid,0.5,USD_JPY
2023-07-21,put,141.3427561837456,2023-07-21 12:41:00,141.372,-0.0004244121891180397,break,0.0005446623093681158,reject,0.0021574286280166,reject,,,offgrid,0.5,USD_JPY
2023-07-21,put,141.3427561837456,2023-07-21 12:59:00,141.376,0.00038903349932106757,reject,0.0015702806699864347,reject,0.0021078542326844474,reject,,,offgrid,0.5,USD_JPY
2023-07-21,put,141.3427561837456,2023-07-21 13:05:00,141.38,0.0004951195360021199,reject,0.002758523129155588,reject,0.0019521855990947135,reject,,,offgrid,0.5,USD_JPY
2023-07-21,put,141.3427561837456,2023-07-21 13:34:00,141.426,0.0015485130032668604,reject,0.0009969878240212449,reject,0.001640433866474389,reject,,,offgrid,0.5,USD_JPY
2023-07-31,put,142.34875444839858,2023-07-31 08:46:00,142.361,6.321956153731989e-05,reject,-0.0005198052837503964,break,-0.0013276107922814973,break,,,offgrid,0.5,USD_JPY
2023-07-31,put,142.34875444839858,2023-07-31 09:01:00,142.37,7.023951675200202e-05,reject,-0.0007304909742221755,break,-0.0007304909742221755,break,,,offgrid,0.5,USD_JPY
2023-07-31,put,142.34875444839858,2023-07-31 09:06:00,142.358,0.00039337445032927576,reject,-0.0005127916941795041,break,4.214726253537471e-05,reject,,,offgrid,0.5,USD_JPY
2023-07-31,put,142.34875444839858,2023-07-31 09:24:00,142.354,-0.0005830535144781823,break,-0.00012644534048922296,break,0.0013908987453810084,reject,,,offgrid,0.5,USD_JPY
2023-07-31,put,142.34875444839858,2023-07-31 10:49:00,142.34,-0.0005971617254462158,break,-0.0007587466629197515,break,-0.00118729801882822,break,,,offgrid,0.5,USD_JPY
2023-07-31,put,142.34875444839858,2023-07-31 13:32:00,142.406,-0.0004915523222335239,break,-0.001797677064168668,break,-0.0019662092889344285,break,,,offgrid,0.5,USD_JPY
2023-07-31,put,142.34875444839858,2023-07-31 13:37:00,142.424,-0.0007723417401562793,break,-0.002302982643374696,break,-0.0021134078526092726,break,,,offgrid,0.5,USD_JPY
2023-07-31,put,142.34875444839858,2023-07-31 13:45:00,142.362,-0.0003793147047667089,break,-0.0012222362709150003,break,-0.0015875022829126006,break,,,offgrid,0.5,USD_JPY
2023-07-31,put,142.34875444839858,2023-07-31 23:42:00,142.37,-0.0003371496804102092,break,,,,,,,offgrid,0.5,USD_JPY
2023-11-01,put,150.94339622641513,2023-11-01 14:22:00,150.972,-0.0008213443552446131,break,0.0006822457144370908,reject,0.001258511512068461,reject,,,offgrid,0.5,USD_JPY
2023-11-01,put,150.94339622641513,2023-11-01 16:09:00,150.96,0.000662427133015342,reject,0.001185744568097613,reject,-0.00029146793852685704,break,,,offgrid,0.5,USD_JPY
2023-11-01,put,150.94339622641513,2023-11-01 18:00:00,150.943,0.0013250034781340236,reject,0.0003908760260495914,reject,-0.0001325003478135356,break,,,offgrid,0.5,USD_JPY
2023-11-01,put,150.94339622641513,2023-11-01 18:31:00,151.038,0.0007084309908764741,reject,-0.0022510891298879177,break,-0.0017942504535283232,break,,,offgrid,0.5,USD_JPY
2023-11-01,put,150.94339622641513,2023-11-01 19:01:00,150.986,-0.0007484137602161711,break,-0.0007351674989733992,break,-0.002390950154318894,break,,,offgrid,0.5,USD_JPY
2023-11-08,put,150.94339622641513,2023-11-08 22:03:00,150.944,-0.0002517489930039529,break,-0.00029149883400458876,break,,,,,offgrid,0.5,USD_JPY
2023-11-09,put,150.94339622641513,2023-11-09 01:19:00,150.96,-0.0002782193958664747,break,-0.0007154213036566492,break,-0.0001324854266031572,break,,,offgrid,0.5,USD_JPY
2023-11-09,put,150.94339622641513,2023-11-09 06:41:00,150.952,-0.0006624622396522728,break,-0.000384228098998296,break,0.0010731888282369262,reject,,,offgrid,0.5,USD_JPY
2023-11-09,put,150.94339622641513,2023-11-09 08:21:00,150.976,0.00027818991097916523,reject,0.00035767274268749816,reject,0.0012319838914793824,reject,,,offgrid,0.5,USD_JPY
2023-11-09,put,150.94339622641513,2023-11-09 08:38:00,150.916,0.0005897320363645875,reject,0.0008150229266610243,reject,0.0012457260992870811,reject,,,offgrid,0.5,USD_JPY
2023-11-09,put,150.94339622641513,2023-11-09 08:45:00,150.964,0.000437190323520964,reject,0.000490183090008367,reject,0.0007352746350122175,reject,,,offgrid,0.5,USD_JPY
2023-11-09,put,150.94339622641513,2023-11-09 13:53:00,150.97,-6.623832549501607e-05,reject,-0.0007219977478969408,break,0.0007816122408426107,reject,,,offgrid,0.5,USD_JPY
2023-11-09,put,150.94339622641513,2023-11-09 14:08:00,150.96,-0.00037095919448870696,break,-0.00031796502384739966,break,0.001907790143084176,reject,,,offgrid,0.5,USD_JPY
2023-11-14,put,150.94339622641513,2023-11-14 13:41:00,150.971,-0.00025170396963658526,break,-0.0009472017804743604,break,-0.0018149180968530798,break,,,offgrid,0.5,USD_JPY
2023-11-14,put,150.94339622641513,2023-11-14 13:53:00,150.926,-0.0009806130156500004,break,-0.00023190172667397757,break,-0.0016829439592912498,break,,,offgrid,0.5,USD_JPY
2023-11-14,put,150.94339622641513,2023-11-14 14:00:00,150.956,-0.0006756935795859675,break,-0.0009804181350856478,break,-0.002358303081692603,break,,,offgrid,0.5,USD_JPY
2023-11-15,put,150.94339622641513,2023-11-15 14:23:00,150.965,-0.0002318418176397996,break,0.001073096413075847,reject,0.001715629450534717,reject,,,offgrid,0.5,USD_JPY
2023-11-15,put,150.94339622641513,2023-11-15 14:36:00,150.965,0.001185705295929429,reject,0.00035107475242601716,reject,0.0022985460206008668,reject,,,offgrid,0.5,USD_JPY
2023-11-15,put,150.94339622641513,2023-11-15 15:48:00,150.964,-0.000543175856495548,break,0.00047031080257542435,reject,0.0026231419411251178,reject,,,offgrid,0.5,USD_JPY
2023-11-16,put,150.94339622641513,2023-11-16 13:30:00,150.972,-0.0013843626632753514,break,-0.001092917892059564,break,-0.0027289828577484743,break,,,offgrid,0.5,USD_JPY
2023-12-12,put,145.45454545454547,2023-12-12 05:07:00,145.448,-0.0003506407788351762,break,-0.00028876299433477914,break,0.000666905010725305,reject,,,offgrid,0.5,USD_JPY
2023-12-12,put,145.45454545454547,2023-12-12 05:42:00,145.47,-0.0007286725785384807,break,-0.00048807314222865106,break,-0.0008111638138447175,break,,,offgrid,0.5,USD_JPY
2023-12-12,put,145.45454545454547,2023-12-12 05:52:00,145.474,-0.0004674374802369208,break,-0.0005568005279292798,break,-0.00028871138485231373,break,,,offgrid,0.5,USD_JPY
2023-12-12,put,145.45454545454547,2023-12-12 08:22:00,145.478,0.0007148847248379386,reject,0.0005224157604586388,reject,-0.0021309063913443893,break,,,offgrid,0.5,USD_JPY
2023-12-12,put,145.45454545454547,2023-12-12 08:46:00,145.475,0.000391819900326551,reject,-0.0006874033339061558,break,-0.0025640144354699412,break,,,offgrid,0.5,USD_JPY
2023-12-12,put,145.45454545454547,2023-12-12 08:53:00,145.472,0.0005018147822259955,reject,-0.0002612186537616079,break,-0.0021791135063793377,break,,,offgrid,0.5,USD_JPY
2023-12-12,put,145.45454545454547,2023-12-12 09:30:00,145.472,-0.0007149142102949035,break,-0.0006874175098987578,break,-0.00313462384513874,break,,,offgrid,0.5,USD_JPY
2023-12-12,put,145.45454545454547,2023-12-12 13:41:00,145.478,0.0007148847248379386,reject,0.001773464028925309,reject,0.0013197871843164677,reject,,,offgrid,0.5,USD_JPY
2023-12-12,put,145.45454545454547,2023-12-12 14:04:00,145.474,5.4992644733742324e-05,reject,0.0012098381841429973,reject,6.874080591723342e-05,reject,,,offgrid,0.5,USD_JPY
2023-12-12,put,145.45454545454547,2023-12-12 14:07:00,145.47,0.0005499415687084674,reject,0.001058637519763428,reject,0.00045370179418435796,reject,,,offgrid,0.5,USD_JPY
2023-12-12,put,145.45454545454547,2023-12-12 16:40:00,145.47,-1.3748539217761646e-05,reject,0.0012717398776380673,reject,0.00022685089709217898,reject,,,offgrid,0.5,USD_JPY
2023-12-12,put,145.45454545454547,2023-12-12 16:59:00,145.464,0.0012924159929603718,reject,0.0013886597371171039,reject,0.0002474839135455653,reject,,,offgrid,0.5,USD_JPY
2023-12-12,put,145.45454545454547,2023-12-12 18:04:00,145.484,0.0008592010117951521,reject,0.0007079816337189904,reject,-8.248329713234082e-05,reject,,,offgrid,0.5,USD_JPY
2023-12-12,put,145.45454545454547,2023-12-12 20:55:00,145.487,0.0001993305243768173,reject,-5.498773086243247e-05,reject,,,,,offgrid,0.5,USD_JPY
2023-12-12,put,145.45454545454547,2023-12-12 21:29:00,145.494,6.873135661944474e-05,reject,-0.00035052991875950124,break,,,,,offgrid,0.5,USD_JPY
2023-12-12,put,145.45454545454547,2023-12-12 22:08:00,145.472,-8.249010118788203e-05,reject,-0.0004399472063353338,break,,,,,offgrid,0.5,USD_JPY
2023-12-13,put,145.45454545454547,2023-12-13 00:26:00,145.474,8.936304769235903e-05,reject,-0.00027496322366882264,break,0.001079230652900165,reject,,,offgrid,0.5,USD_JPY
2023-12-13,put,145.45454545454547,2023-12-13 00:34:00,145.49,0.0001512131417966689,reject,-0.0002749329850850746,break,0.0008385456045088002,reject,,,offgrid,0.5,USD_JPY
2023-12-13,put,145.45454545454547,2023-12-13 00:40:00,145.482,0.0007423598795728292,reject,-0.00017871626730459056,reject,0.0009073287417000753,reject,,,offgrid,0.5,USD_JPY
2023-12-13,put,145.45454545454547,2023-12-13 01:00:00,145.461,0.0002131155429976328,reject,-0.0005843490695101039,break,0.0013955630718884837,reject,,,offgrid,0.5,USD_JPY
2023-12-13,put,145.45454545454547,2023-12-13 01:02:00,145.466,0.0002062337590915675,reject,-0.0006943203222745664,break,0.0013748917272764505,reject,,,offgrid,0.5,USD_JPY
2023-12-13,put,145.45454545454547,2023-12-13 01:18:00,145.47,-0.00024747370591871043,break,-0.00021310235787452836,break,0.0007286725785384807,reject,,,offgrid,0.5,USD_JPY
2023-12-13,put,145.45454545454547,2023-12-13 01:23:00,145.472,0.00016498020237576405,reject,-6.874175099003121e-05,reject,0.0007011658600968307,reject,,,offgrid,0.5,USD_JPY
2023-12-13,put,145.45454545454547,2023-12-13 01:32:00,145.468,6.186927709195267e-05,reject,0.00024747710836758863,reject,0.0006393158632826967,reject,,,offgrid,0.5,USD_JPY
2023-12-13,put,145.45454545454547,2023-12-13 13:30:00,145.585,-0.0006525397534086208,reject,-0.002658240890201613,break,-0.0030978466188138487,break,,,offgrid,0.5,USD_JPY
2023-12-13,put,145.45454545454547,2023-12-13 13:35:00,145.469,-0.0006668087358817631,break,-0.0021241639112112853,break,-0.0024816283881788914,break,,,offgrid,0.5,USD_JPY
2024-01-03,put,143.36917562724017,2024-01-03 15:25:00,143.336,0.0022883295194506825,reject,0.0005441759223081544,reject,9.767260143989098e-05,break,,,offgrid,0.5,USD_JPY
2024-01-03,put,143.36917562724017,2024-01-03 16:16:00,143.416,-6.275450437875918e-05,reject,0.0009343448429743884,reject,-0.0014921626596753335,break,,,offgrid,0.5,USD_JPY
2024-01-03,put,143.36917562724017,2024-01-03 16:18:00,143.399,9.065614125636223e-05,reject,0.0008856407645800868,reject,-0.0018200963744516852,break,,,offgrid,0.5,USD_JPY
2024-01-03,put,143.36917562724017,2024-01-03 16:26:00,143.42,5.578022591001819e-05,reject,0.0007809231627389224,reject,-0.0011434946311531524,break,,,offgrid,0.5,USD_JPY
2024-01-03,put,143.36917562724017,2024-01-03 16:32:00,143.383,0.0006276894750423256,reject,0.0014576344475984992,reject,-0.0009345598850631909,break,,,offgrid,0.5,USD_JPY
2024-01-03,put,143.36917562724017,2024-01-03 16:37:00,143.399,0.0008437994686156802,reject,0.0012203711322953392,reject,-0.001053005948437602,break,,,offgrid,0.5,USD_JPY
2024-01-03,put,143.36917562724017,2024-01-03 19:25:00,143.35,-0.00023718172305542407,break,-0.0007394489012905181,break,-0.0018276944541332218,break,,,offgrid,0.5,USD_JPY
2024-01-05,put,145.45454545454547,2024-01-05 13:52:00,145.48,-0.0009004674182018224,break,-0.0030794610943083445,break,-0.005059114654935359,break,,,offgrid,0.5,USD_JPY
2024-01-05,put,145.45454545454547,2024-01-05 13:58:00,145.535,-0.0006252791424743442,break,-0.0028240629401862227,break,-0.005435118699969044,break,,,offgrid,0.5,USD_JPY
2024-02-02,put,146.52014652014654,2024-02-02 07:22:00,146.539,8.871358477957614e-05,reject,0.00044356792389765864,reject,-9.55377066854668e-05,reject,,,offgrid,0.5,USD_JPY
2024-02-02,put,146.52014652014654,2024-02-02 07:34:00,146.544,-9.55344469920627e-05,reject,0.0007096844633691646,reject,-0.00024566000655090736,break,,,offgrid,0.5,USD_JPY
2024-02-02,put,146.52014652014654,2024-02-02 11:11:00,146.546,-0.0002661280417070033,break,0.00017741869447140957,reject,0.010276636687456486,reject,,,offgrid,0.5,USD_JPY
2024-02-02,put,146.52014652014654,2024-02-02 12:14:00,146.538,2.0472505425139786e-05,reject,0.0005186368041054656,reject,0.011914998157474432,reject,,,offgrid,0.5,USD_JPY
2024-03-05,put,149.81273408239701,2024-03-05 15:00:00,149.739,0.0011152739099367093,reject,0.0017497111640922824,reject,0.0016228237132609458,reject,,,offgrid,0.5,USD_JPY
2024-03-05,put,149.81273408239701,2024-03-05 23:06:00,149.822,0.000600712845910456,reject,,,,,,,offgrid,0.5,USD_JPY
2024-03-07,put,147.60147601476015,2024-03-07 13:23:00,147.591,0.0008062822258809721,reject,0.00215460292294245,reject,0.00377394285559407,reject,,,offgrid,0.5,USD_JPY
2024-03-07,put,147.60147601476015,2024-03-07 13:25:00,147.604,0.00032519443917489177,reject,0.0018563182569575343,reject,0.0036923118614671235,reject,,,offgrid,0.5,USD_JPY
2024-03-07,put,147.60147601476015,2024-03-07 13:30:00,147.681,0.00018959784941863234,reject,0.0012120719659265422,reject,0.00332473371659181,reject,,,offgrid,0.5,USD_JPY
2024-03-07,put,147.60147601476015,2024-03-07 13:42:00,147.618,0.0010025877603001554,reject,0.00323808749610488,reject,0.0039019631752224004,reject,,,offgrid,0.5,USD_JPY
2024-03-08,put,147.60147601476015,2024-03-08 00:32:00,147.612,0.0006910007316478506,reject,0.003102728775438379,reject,0.0016800802102812096,reject,,,offgrid,0.5,USD_JPY
2024-03-08,put,147.60147601476015,2024-03-08 09:16:00,147.584,-0.0020056374674760624,break,-0.0038893104943625856,break,-0.002452840416305224,break,,,offgrid,0.5,USD_JPY
2024-03-12,put,147.60147601476015,2024-03-12 12:32:00,147.414,-0.0008615192586862719,break,0.0033239719429634107,reject,0.0021639735710312635,reject,,,offgrid,0.5,USD_JPY
2024-03-12,put,147.60147601476015,2024-03-12 22:00:00,147.624,-0.00032515038205171987,break,-0.0003386983146370648,break,,,,,offgrid,0.5,USD_JPY
2024-03-13,put,147.60147601476015,2024-03-13 07:06:00,147.626,0.00029127660439232095,reject,0.0006502919539919105,reject,0.0020186146071830002,reject,,,offgrid,0.5,USD_JPY
2024-03-13,put,147.60147601476015,2024-03-13 07:12:00,147.63,0.0002370791844474862,reject,0.000785748154169319,reject,0.001977917767391535,reject,,,offgrid,0.5,USD_JPY
2024-03-13,put,147.60147601476015,2024-03-13 07:15:00,147.622,0.0003116066710924237,reject,0.0007451463873946462,reject,0.0024115646719322648,reject,,,offgrid,0.5,USD_JPY
2024-03-13,put,147.60147601476015,2024-03-13 07:36:00,147.606,0.00012194626234696138,reject,0.0012126878311180533,reject,0.0025337723398777268,reject,,,offgrid,0.5,USD_JPY
2024-03-13,put,147.60147601476015,2024-03-13 07:54:00,147.624,0.00043353384273547846,reject,0.001408984988890749,reject,0.0021134774833360126,reject,,,offgrid,0.5,USD_JPY
2024-03-13,put,147.60147601476015,2024-03-13 17:01:00,147.64,-0.0008195610945541665,break,-0.00015578434028717947,reject,0.0002573828230831854,reject,,,offgrid,0.5,USD_JPY
2024-03-13,put,147.60147601476015,2024-03-13 17:03:00,147.6,-0.00034552845528446063,break,0.00016260162601633432,reject,0.0008265582655826442,reject,,,offgrid,0.5,USD_JPY
2024-03-13,put,147.60147601476015,2024-03-13 17:57:00,147.625,0.00011515664690930905,reject,0.0010364098221844475,reject,0.0002235393734122404,reject,,,offgrid,0.5,USD_JPY
2024-03-13,put,147.60147601476015,2024-03-13 23:00:00,147.617,0.00021000291294370754,reject,,,,,,,offgrid,0.5,USD_JPY
2024-03-13,put,147.60147601476015,2024-03-13 23:27:00,147.622,8.128869680645856e-05,reject,,,,,,,offgrid,0.5,USD_JPY
2024-03-13,put,147.60147601476015,2024-03-13 23:57:00,147.625,,,,,,,,,offgrid,0.5,USD_JPY
2024-03-14,put,147.60147601476015,2024-03-14 00:14:00,147.638,-0.000318346225226529,break,-2.7093295764113456e-05,reject,0.0015714111543099207,reject,,,offgrid,0.5,USD_JPY
2024-03-14,put,147.60147601476015,2024-03-14 00:54:00,147.591,-2.7101923559147423e-05,break,0.0007927312641013984,reject,0.0021342764802732006,reject,,,offgrid,0.5,USD_JPY
2024-03-14,put,147.60147601476015,2024-03-14 12:40:00,147.701,0.0009817130554297115,reject,0.0009681721856995562,reject,0.003195645256294899,reject,,,offgrid,0.5,USD_JPY
2024-03-14,put,147.60147601476015,2024-03-14 12:43:00,147.604,0.001625972195875347,reject,0.002154413159534796,reject,0.0036990867456165866,reject,,,offgrid,0.5,USD_JPY
2024-03-14,put,147.60147601476015,2024-03-14 13:20:00,147.776,0.000933845820701551,reject,0.0020030316154178163,reject,0.002551158510177398,reject,,,offgrid,0.5,USD_JPY
2024-03-14,put,147.60147601476015,2024-03-14 13:22:00,147.517,0.0020743371950351364,reject,0.004074106713124692,reject,0.004399492939796801,reject,,,offgrid,0.5,USD_JPY
2024-03-14,put,147.60147601476015,2024-03-14 13:27:00,147.668,0.0014762846385134587,reject,0.002966113172792939,reject,0.003413061733076761,reject,,,offgrid,0.5,USD_JPY
2024-04-05,put,150.94339622641513,2024-04-05 00:15:00,150.941,0.0009076394087756956,reject,-0.0004968828880157483,break,0.0020604077089725337,reject,,,offgrid,0.5,USD_JPY
2024-04-05,put,150.94339622641513,2024-04-05 00:42:00,150.984,-0.0007020611455520465,break,0.00017220367721071383,reject,0.0016028188417314126,reject,,,offgrid,0.5,USD_JPY
2024-06-26,put,160.64257028112448,2024-06-26 15:47:00,160.677,4.356566278929108e-05,reject,0.00021160464783398503,reject,0.0007032742707420159,reject,,,offgrid,0.5,USD_JPY
2024-06-26,put,160.64257028112448,2024-06-26 16:05:00,160.655,0.0001680619962030061,reject,-9.336777566848475e-05,break,0.0009585758301950964,reject,,,offgrid,0.5,USD_JPY
2024-06-26,put,160.64257028112448,2024-06-26 16:17:00,160.702,-6.8449677042004e-05,reject,-0.0004915931351197056,break,0.0006222697912907638,reject,,,offgrid,0.5,USD_JPY
2024-06-26,put,160.64257028112448,2024-06-26 16:28:00,160.688,-7.46788808124732e-05,reject,-0.00039828736433333845,break,0.0007592352882606068,reject,,,offgrid,0.5,USD_JPY
2024-06-26,put,160.64257028112448,2024-06-26 16:36:00,160.677,6.846032724028284e-05,reject,-0.00041698562955483354,break,0.0007219452690803152,reject,,,offgrid,0.5,USD_JPY
2024-06-26,put,160.64257028112448,2024-06-26 16:58:00,160.652,8.092024998140879e-05,reject,-6.224634613938296e-05,break,0.0011328834997386128,reject,,,offgrid,0.5,USD_JPY
2024-06-26,put,160.64257028112448,2024-06-26 22:30:00,160.704,0.0,reject,-0.0002613500597371532,reject,,,,,offgrid,0.5,USD_JPY
2024-06-26,put,160.64257028112448,2024-06-26 23:12:00,160.662,-0.00013693343790077694,break,,,,,,,offgrid,0.5,USD_JPY
2024-06-27,put,160.64257028112448,2024-06-27 01:04:00,160.646,-0.00018052114587352452,break,-0.0012636480211145606,break,-0.0019421585349151949,break,,,offgrid,0.5,USD_JPY
2024-06-27,put,160.64257028112448,2024-06-27 23:30:00,160.674,0.00016181834024164843,reject,,,,,,,offgrid,0.5,USD_JPY
2024-06-28,put,160.64257028112448,2024-06-28 00:26:00,160.66,0.00025519731109180377,reject,0.002695132578115267,reject,0.0029005352919209137,reject,,,offgrid,0.5,USD_JPY
2024-06-28,put,160.64257028112448,2024-06-28 09:43:00,160.663,0.00021784729527030144,reject,-0.0007406808039187585,break,-0.0019917466996136612,break,,,offgrid,0.5,USD_JPY
2024-06-28,put,160.64257028112448,2024-06-28 10:14:00,160.689,-0.000491632905799233,break,-0.0010330514223126919,break,-0.0011512922477581178,break,,,offgrid,0.5,USD_JPY
2024-06-28,put,160.64257028112448,2024-06-28 10:26:00,160.648,-0.0007905482794682284,break,-0.00046685922015832215,break,-0.0010955629699714864,break,,,offgrid,0.5,USD_JPY
2024-07-05,put,160.64257028112448,2024-07-05 03:20:00,160.649,-0.00020541677819341242,break,-8.714651196095602e-05,break,0.0010146343892585286,reject,,,offgrid,0.5,USD_JPY
2024-07-05,put,160.64257028112448,2024-07-05 03:51:00,160.666,-0.0006970983282087451,break,-0.0001369300287552555,reject,0.0008962692791256721,reject,,,offgrid,0.5,USD_JPY
2024-07-05,put,160.64257028112448,2024-07-05 05:52:00,160.656,-0.00021163230753906692,break,0.0005975500448163196,reject,8.714271486898184e-05,reject,,,offgrid,0.5,USD_JPY
2024-07-05,put,160.64257028112448,2024-07-05 07:01:00,160.752,0.00045411565641462204,reject,-3.7324574499897345e-05,reject,0.00017418134766589155,reject,,,offgrid,0.5,USD_JPY
2024-07-05,put,160.64257028112448,2024-07-05 08:36:00,160.66,0.00023652433710941168,reject,0.00011203784389390847,reject,0.00107058384165315,reject,,,offgrid,0.5,USD_JPY
2024-07-05,put,160.64257028112448,2024-07-05 09:12:00,160.666,-0.00013070593653907725,reject,-3.7344553296958516e-05,reject,0.0009273897402064524,reject,,,offgrid,0.5,USD_JPY
2024-07-05,put,160.64257028112448,2024-07-05 09:49:00,160.674,-0.00011202808170585055,reject,0.0004730074560912456,reject,0.002495736709112739,reject,,,offgrid,0.5,USD_JPY
2024-07-05,put,160.64257028112448,2024-07-05 10:04:00,160.656,-6.224479633498703e-06,reject,0.0008714271486902625,reject,0.003846728413504641,reject,,,offgrid,0.5,USD_JPY
2024-07-05,put,160.64257028112448,2024-07-05 10:12:00,160.66,0.0003236648823601307,reject,0.0009585459977592414,reject,0.003697248848499868,reject,,,offgrid,0.5,USD_JPY
2024-07-05,put,160.64257028112448,2024-07-05 12:27:00,160.677,0.001948007493294046,reject,0.0015123508654006912,reject,0.0008277475929971967,reject,,,offgrid,0.5,USD_JPY
2024-07-05,put,160.64257028112448,2024-07-05 15:32:00,160.64,0.0007594621513944411,reject,0.0012325697211155173,reject,0.0005042330677291762,reject,,,offgrid,0.5,USD_JPY
2024-07-08,put,160.64257028112448,2024-07-08 00:07:00,160.669,-8.091168800461457e-05,reject,4.3567832002322504e-05,reject,-0.0008402367600471861,break,,,offgrid,0.5,USD_JPY
2024-07-08,put,160.64257028112448,2024-07-08 00:46:00,160.665,-0.00026141350014008413,break,-0.0013257398935673237,break,-0.001176360750630101,break,,,offgrid,0.5,USD_JPY
2024-07-08,put,160.64257028112448,2024-07-08 00:56:00,160.648,0.00031123948010569613,reject,-0.0012138339724117042,break,-0.0008092226482744325,break,,,offgrid,0.5,USD_JPY
2024-07-08,put,160.64257028112448,2024-07-08 01:16:00,160.666,-0.0006224092216149391,break,-0.00208507089241039,break,-0.0006099610371825825,break,,,offgrid,0.5,USD_JPY
2024-07-08,put,160.64257028112448,2024-07-08 06:00:00,160.664,-1.8672509087158673e-05,reject,0.0011390230543246727,reject,0.0023340636359110434,reject,,,offgrid,0.5,USD_JPY
2024-07-08,put,160.64257028112448,2024-07-08 13:02:00,160.666,8.713729102627354e-05,reject,-0.00023651550421377454,break,0.0004917032850759728,reject,,,offgrid,0.5,USD_JPY
2024-07-08,put,160.64257028112448,2024-07-08 13:58:00,160.656,-0.0006162234837169267,break,-0.00023653022607317276,break,0.00026142814460716757,reject,,,offgrid,0.5,USD_JPY
2024-07-08,put,160.64257028112448,2024-07-08 15:05:00,160.667,6.84645882476076e-05,reject,0.0006410775081380216,reject,0.0005414926525046937,reject,,,offgrid,0.5,USD_JPY
2024-07-08,put,160.64257028112448,2024-07-08 15:21:00,160.652,0.00033613026915313426,reject,0.0006473619998506042,reject,0.0007220576152180413,reject,,,offgrid,0.5,USD_JPY
2024-09-11,put,141.3427561837456,2024-09-11 03:33:00,141.344,0.0004952456418383377,reject,-0.0022569051392347106,break,0.0011956644781527803,reject,,,offgrid,0.5,USD_JPY
2024-09-11,put,141.3427561837456,2024-09-11 03:40:00,141.386,0.0003677874754217658,reject,-0.0025462209836899508,break,-2.8291344263187135e-05,reject,,,offgrid,0.5,USD_JPY
2024-09-11,put,141.3427561837456,2024-09-11 03:50:00,141.36,-0.00011318619128475316,reject,-0.0022495755517827343,break,-0.0007569326542163912,break,,,offgrid,0.5,USD_JPY
2024-09-11,put,141.3427561837456,2024-09-11 03:52:00,141.354,-0.0008064858440511857,break,-0.0023911597832394493,break,-0.0004669128570822245,break,,,offgrid,0.5,USD_JPY
2024-09-11,put,141.3427561837456,2024-09-11 04:00:00,141.37,-0.002192827332531677,break,-0.002143311876635745,break,-0.00012732545801796835,reject,,,offgrid,0.5,USD_JPY
2024-09-11,put,141.3427561837456,2024-09-11 04:02:00,141.324,-0.0016203900257565351,break,-0.002037870425405486,break,0.0009764795788398395,reject,,,offgrid,0.5,USD_JPY
2024-09-11,put,141.3427561837456,2024-09-11 06:29:00,141.372,0.00039611804317685184,reject,0.00023342670401493848,reject,0.0013156777862659563,reject,,,offgrid,0.5,USD_JPY
2024-09-11,put,141.3427561837456,2024-09-11 06:37:00,141.376,-0.00012732005432325444,reject,0.0003183001358080251,reject,0.0010185604345858135,reject,,,offgrid,0.5,USD_JPY
2024-09-11,put,141.3427561837456,2024-09-11 06:49:00,141.338,-3.53761904087202e-05,break,-0.0005801695227043435,break,0.0018749380916669445,reject,,,offgrid,0.5,USD_JPY
2024-09-11,put,141.3427561837456,2024-09-11 07:00:00,141.352,0.001011658837511975,reject,0.0,reject,0.0019101250778199574,reject,,,offgrid,0.5,USD_JPY
2024-09-11,put,141.3427561837456,2024-09-11 07:21:00,141.351,0.0006579366258461228,reject,0.0019101385911668434,reject,0.0026105227412611676,reject,,,offgrid,0.5,USD_JPY
2024-09-11,put,141.3427561837456,2024-09-11 07:40:00,141.382,-5.658428937216353e-05,reject,0.0011316857874410502,reject,0.0026736076728295366,reject,,,offgrid,0.5,USD_JPY
2024-09-11,put,141.3427561837456,2024-09-11 07:59:00,141.39,0.0011599122993140032,reject,0.0010184595798854446,reject,0.0021217907914279355,reject,,,offgrid,0.5,USD_JPY
2024-09-11,put,141.3427561837456,2024-09-11 09:19:00,141.382,-0.0004031630617760129,break,0.0018672815492777328,reject,0.005545260358461368,reject,,,offgrid,0.5,USD_JPY
2024-09-11,put,141.3427561837456,2024-09-11 09:32:00,141.352,0.0008560190163564574,reject,0.001598845435508478,reject,0.006954270190729472,reject,,,offgrid,0.5,USD_JPY
2024-09-11,put,141.3427561837456,2024-09-11 09:43:00,141.356,0.001457313449729991,reject,0.0012450833356916213,reject,0.004937887319958145,reject,,,offgrid,0.5,USD_JPY
2024-09-11,put,141.3427561837456,2024-09-11 14:19:00,141.354,0.00030420080082604883,reject,0.0018181303677291538,reject,0.0054402422287305185,reject,,,offgrid,0.5,USD_JPY
2024-09-11,put,141.3427561837456,2024-09-11 14:30:00,141.31,0.0011181091217888905,reject,0.0009270398414833458,reject,0.006390205930224324,reject,,,offgrid,0.5,USD_JPY
2024-09-11,put,141.3427561837456,2024-09-11 14:34:00,141.397,-0.0006011442958476776,break,0.0006152888675150514,reject,0.006018515244312184,reject,,,offgrid,0.5,USD_JPY
2024-09-11,put,141.3427561837456,2024-09-11 14:43:00,141.38,0.00029707172160131634,reject,0.0024402319988683363,reject,0.006082897156599376,reject,,,offgrid,0.5,USD_JPY
2024-09-11,put,141.3427561837456,2024-09-11 14:47:00,141.413,0.0003323598254756366,reject,0.0025386633477826326,reject,0.005749117832165362,reject,,,offgrid,0.5,USD_JPY
2024-09-13,put,141.3427561837456,2024-09-13 00:09:00,141.35,-0.0005235231694374898,break,-0.0017262115316589721,break,-0.0033887513264944102,break,,,offgrid,0.5,USD_JPY
2024-09-13,put,141.3427561837456,2024-09-13 00:39:00,141.394,0.0003394769226416905,reject,-0.0014074147417854066,break,-0.004102012815253908,break,,,offgrid,0.5,USD_JPY
2024-09-13,put,141.3427561837456,2024-09-13 00:41:00,141.379,-0.000403171616718101,break,-0.0011246366150559073,break,-0.003982203863374223,break,,,offgrid,0.5,USD_JPY
2024-09-13,put,141.3427561837456,2024-09-13 00:55:00,141.346,-0.0019385055112984828,break,-0.001131974021196136,break,-0.0028440847282555914,break,,,offgrid,0.5,USD_JPY
2024-09-13,put,141.3427561837456,2024-09-13 07:19:00,141.366,-0.001329881301020186,break,-0.00496583336870271,break,-0.004548477002956908,break,,,offgrid,0.5,USD_JPY
2024-09-18,put,141.3427561837456,2024-09-18 03:04:00,141.374,0.0004951405491815386,reject,9.902810983630772e-05,reject,0.002270573089818484,reject,,,offgrid,0.5,USD_JPY
2024-09-18,put,141.3427561837456,2024-09-18 03:27:00,141.356,0.0002688248111153424,reject,0.0011177452672685995,reject,0.0029712215965365107,reject,,,offgrid,0.5,USD_JPY
2024-09-18,put,141.3427561837456,2024-09-18 04:38:00,141.337,-0.00012027989839880071,break,-0.00019103277980991873,break,0.0026037060359285213,reject,,,offgrid,0.5,USD_JPY
2024-09-18,put,141.3427561837456,2024-09-18 04:50:00,141.334,0.0001202824514978662,reject,0.0008490525988085196,reject,0.002334894646723207,reject,,,offgrid,0.5,USD_JPY
2024-09-18,put,141.3427561837456,2024-09-18 05:30:00,141.384,0.0005870536977312657,reject,0.0012731285011033933,reject,0.002305777174220758,reject,,,offgrid,0.5,USD_JPY
2024-09-18,put,141.3427561837456,2024-09-18 18:00:00,140.968,0.0004256285114352387,break,0.002532489643039648,break,0.007207309460303124,reject,,,offgrid,0.5,USD_JPY
2024-09-18,put,141.3427561837456,2024-09-18 18:02:00,141.223,-0.0019472748773217141,break,0.001947274877321492,reject,0.005813500633749413,reject,,,offgrid,0.5,USD_JPY
2024-09-18,put,141.3427561837456,2024-09-18 18:51:00,141.333,0.002278307260158652,reject,0.008823134016825662,reject,0.005653315220083055,reject,,,offgrid,0.5,USD_JPY
2024-09-27,put,142.34875444839858,2024-09-27 17:19:00,142.344,-9.132805035694247e-05,break,-0.00043556454785576015,break,,,,,offgrid,0.5,USD_JPY
2024-09-27,put,142.34875444839858,2024-09-27 17:30:00,142.373,-0.0002458331284723725,break,-0.0017208318993068294,break,,,,,offgrid,0.5,USD_JPY
2024-09-27,put,142.34875444839858,2024-09-27 17:51:00,142.38,-7.02345835088547e-05,reject,-0.001067565669335524,break,,,,,offgrid,0.5,USD_JPY
2024-09-27,put,142.34875444839858,2024-09-27 18:06:00,142.37,-0.0004776287139145463,break,-0.0008850179110767575,break,,,,,offgrid,0.5,USD_JPY
2024-09-27,put,142.34875444839858,2024-09-27 18:10:00,142.36,-0.0007094689519530073,break,-0.0014189379039057926,break,,,,,offgrid,0.5,USD_JPY
2024-09-30,put,142.34875444839858,2024-09-30 02:01:00,142.364,9.833946784287839e-05,reject,0.0008288612289624187,reject,-0.004397179062122447,break,,,offgrid,0.5,USD_JPY
2024-09-30,put,142.34875444839858,2024-09-30 02:09:00,142.381,0.00017558522555671807,reject,0.0007234111292939716,reject,-0.003567891783313848,break,,,offgrid,0.5,USD_JPY
2024-09-30,put,142.34875444839858,2024-09-30 02:15:00,142.366,-3.5120745121908215e-05,reject,4.214489414611222e-05,reject,-0.0034699296180267236,break,,,offgrid,0.5,USD_JPY
2024-09-30,put,142.34875444839858,2024-09-30 02:25:00,142.384,-2.8093044162180725e-05,reject,-0.00016855826497341742,reject,-0.005112934037532213,break,,,offgrid,0.5,USD_JPY
2024-09-30,put,142.34875444839858,2024-09-30 02:30:00,142.361,0.000337170994865188,reject,0.00030907341195973714,reject,-0.004158442270003615,break,,,offgrid,0.5,USD_JPY
2024-09-30,put,142.34875444839858,2024-09-30 03:15:00,142.372,0.00023178714915839116,reject,-0.0007094091534853852,break,-0.0022967999325711475,break,,,offgrid,0.5,USD_JPY
2024-09-30,put,142.34875444839858,2024-09-30 03:21:00,142.37,0.00014047903350422608,reject,-0.0012221675914869667,break,-0.0027955327667344987,break,,,offgrid,0.5,USD_JPY
2024-09-30,put,142.34875444839858,2024-09-30 03:32:00,142.363,0.0004284821196518518,reject,-0.0010395959624340811,break,-0.0022828965391287204,break,,,offgrid,0.5,USD_JPY
2024-09-30,put,142.34875444839858,2024-09-30 03:45:00,142.4,0.00026685393258407686,reject,-0.0012359550561799049,break,-0.0007724719101124267,break,,,offgrid,0.5,USD_JPY
2024-09-30,put,142.34875444839858,2024-09-30 04:08:00,142.365,-0.0008358796052400086,break,-0.001524251044849545,break,0.0007094440346995246,reject,,,offgrid,0.5,USD_JPY
2024-09-30,put,142.34875444839858,2024-09-30 08:12:00,142.378,0.0005899787888579144,reject,0.0008077090561744438,reject,0.0021632555591455382,reject,,,offgrid,0.5,USD_JPY
2024-09-30,put,142.34875444839858,2024-09-30 08:19:00,142.404,0.0001966236903456764,reject,0.0010182298250049904,reject,0.002998511277773064,reject,,,offgrid,0.5,USD_JPY
2024-09-30,put,142.34875444839858,2024-09-30 08:31:00,142.372,0.0003230972382208819,reject,0.0010606018037253584,reject,0.003511926502402174,reject,,,offgrid,0.5,USD_JPY
2024-09-30,put,142.34875444839858,2024-09-30 08:48:00,142.42,0.0008144923465807086,reject,0.00039320320179747625,reject,0.0033211627580396197,reject,,,offgrid,0.5,USD_JPY
2024-12-18,put,154.44015444015443,2024-12-18 19:16:00,154.481,-0.0004725500223329293,break,-0.0003042445349266121,break,0.0006667486616478424,reject,,,offgrid,0.5,USD_JPY
2024-12-18,put,154.44015444015443,2024-12-18 20:03:00,154.456,0.00016833272906202623,reject,0.0010747397317036889,reject,,,,,offgrid,0.5,USD_JPY
2024-12-18,put,154.44015444015443,2024-12-18 20:07:00,154.466,-3.8843499540308635e-05,reject,0.000647391659005736,reject,,,,,offgrid,0.5,USD_JPY
2024-12-18,put,154.44015444015443,2024-12-18 20:22:00,154.46,0.0011394535802149441,reject,0.0011653502524924253,reject,,,,,offgrid,0.5,USD_JPY
2024-12-18,put,154.44015444015443,2024-12-18 23:50:00,154.46,,,,,,,,,offgrid,0.5,USD_JPY
2024-12-19,put,155.6420233463035,2024-12-19 06:40:00,155.688,0.0023637017624995593,reject,0.004997173834849322,reject,0.007707723138584921,reject,,,offgrid,0.5,USD_JPY
2024-12-19,put,155.6420233463035,2024-12-19 06:42:00,155.777,0.0021697683226664655,reject,0.0037040127875105355,reject,0.0073438312459477295,reject,,,offgrid,0.5,USD_JPY
2025-05-20,put,144.4043321299639,2025-05-20 05:45:00,144.41,-0.0004708815179003123,break,0.00023544075895021166,reject,0.001301848902430791,reject,,,offgrid,0.5,USD_JPY
2025-05-20,put,144.4043321299639,2025-05-20 05:54:00,144.42,-0.0004500761667358688,break,0.00044315191801702625,reject,0.0007062733693394829,reject,,,offgrid,0.5,USD_JPY
2025-05-20,put,144.4043321299639,2025-05-20 06:47:00,144.408,0.00013157165807986537,reject,-0.001980499695307558,break,0.0008309788931362139,reject,,,offgrid,0.5,USD_JPY
2025-05-20,put,144.4043321299639,2025-05-20 07:01:00,144.444,-0.0009415413585888155,break,-0.001689235966879865,break,0.000761540804741001,reject,,,offgrid,0.5,USD_JPY
2025-05-20,put,144.4043321299639,2025-05-20 09:03:00,144.43,-6.923769300015703e-05,reject,0.00034618846500023004,reject,0.0031849338780030045,reject,,,offgrid,0.5,USD_JPY
2025-05-20,put,144.4043321299639,2025-05-20 22:05:00,144.328,-0.0001385732498199177,break,0.0004295770744413563,break,,,,,offgrid,0.5,USD_JPY
2026-03-23,put,158.10276679841897,2026-03-23 18:34:00,158.09,-5.06040862799928e-05,break,0.0014169144158389102,reject,0.0017711430197988598,reject,,,offgrid,0.5,USD_JPY
2026-04-30,put,160.64257028112448,2026-04-30 06:21:00,160.656,-0.0006597948411511956,break,-0.0010394880987949495,break,-0.009025495468578892,break,,,offgrid,0.5,USD_JPY
2026-07-30,put,160.64257028112448,2026-07-30 13:43:00,160.328,-0.0021081782346189515,break,-0.004790180130731958,break,-0.0076967217204730876,break,,,offgrid,0.5,USD_JPY
2026-07-30,put,160.64257028112448,2026-07-30 13:46:00,160.548,-0.005742830804494559,break,-0.005805117472656107,break,-0.009828836235892036,break,,,offgrid,0.5,USD_JPY
2026-07-30,put,160.64257028112448,2026-07-30 13:51:00,160.688,-0.008886786816688197,break,-0.006683759832719183,break,-0.010697749676391477,break,,,offgrid,0.5,USD_JPY
2026-07-31,put,160.64257028112448,2026-07-31 02:03:00,160.656,-0.00042326461507824487,break,-0.00024275470570667146,break,-0.0007718354745542833,break,,,offgrid,0.5,USD_JPY
2026-07-31,put,160.64257028112448,2026-07-31 03:13:00,160.728,0.00031108456522810357,reject,-0.00041063162610122106,reject,-0.0022149221044248657,break,,,offgrid,0.5,USD_JPY
2026-07-31,put,160.64257028112448,2026-07-31 03:35:00,160.669,-1.2447952000727014e-05,reject,0.00044190229602469877,reject,-0.000753101096042208,break,,,offgrid,0.5,USD_JPY
2026-07-31,put,160.64257028112448,2026-07-31 03:38:00,160.692,-0.00042316979065548654,break,0.00024270032111117779,reject,-0.0006969855375500433,break,,,offgrid,0.5,USD_JPY
2026-07-31,put,160.64257028112448,2026-07-31 03:45:00,160.656,-0.00025520366497355784,break,0.000336121900209152,reject,-0.00037969325764375395,break,,,offgrid,0.5,USD_JPY
2026-07-31,put,160.64257028112448,2026-07-31 04:22:00,160.658,0.00045438135667064117,reject,6.224402146193242e-05,reject,-0.002881898193678456,break,,,offgrid,0.5,USD_JPY
2026-07-31,put,160.64257028112448,2026-07-31 05:00:00,160.663,-3.112104218161438e-05,reject,-0.00045436721584934947,break,-0.011969152822989715,break,,,offgrid,0.5,USD_JPY
2026-07-31,put,160.64257028112448,2026-07-31 05:33:00,160.642,0.0001992007071625057,reject,-0.0008466030054405937,break,-0.005428219270178336,break,,,offgrid,0.5,USD_JPY
2026-08-06,put,158.10276679841897,2026-08-06 14:10:00,158.187,-6.953795191777523e-05,reject,0.0006637713592141381,reject,0.0013717941423756486,reject,,,offgrid,0.5,USD_JPY
2026-08-06,put,158.10276679841897,2026-08-06 14:16:00,158.141,0.00029720312885328504,reject,0.0019918933104001724,reject,0.0015618972941868758,reject,,,offgrid,0.5,USD_JPY
2026-08-07,put,158.10276679841897,2026-08-07 12:30:00,157.738,-0.003372681281618939,break,-0.001787774664316899,break,-0.0024153976847683944,break,,,offgrid,0.5,USD_JPY
2026-08-19,put,158.10276679841897,2026-08-19 14:33:00,158.166,0.0005057977062075114,reject,0.0018019043283639125,reject,0.00161855265986377,reject,,,offgrid,0.5,USD_JPY
2026-08-19,put,158.10276679841897,2026-08-19 19:57:00,158.133,0.0002592754200578806,reject,0.0001707423497940841,reject,,,,,offgrid,0.5,USD_JPY
2026-08-19,put,158.10276679841897,2026-08-19 21:11:00,158.114,5.059640512539154e-05,reject,-0.00024033292434577636,break,,,,,offgrid,0.5,USD_JPY
2026-09-03,put,158.10276679841897,2026-09-03 02:22:00,158.23,-0.000707830373506857,reject,-0.0029071604626176306,break,-0.005801681097136968,break,,,offgrid,0.5,USD_JPY
2026-09-03,put,158.10276679841897,2026-09-03 02:24:00,158.144,-0.0009990894374748427,break,-0.0020487656819102584,break,-0.0051219142047753685,break,,,offgrid,0.5,USD_JPY
2026-09-03,put,158.10276679841897,2026-09-03 02:48:00,158.101,-0.0009108101783037448,break,-0.0018469206393381121,break,-0.006521147873827515,break,,,offgrid,0.5,USD_JPY
