{
  "pair": "audchf",
  "asset_class": "fx",
  "pip_size": 0.0001,
  "bars": 1007953,
  "trials": 600,
  "valid_trials": 557,
  "elapsed_sec": 175.2,
  "baseline_train": {
    "stats": {
      "total": 1638,
      "winRate": 65.44566544566544,
      "totalPnl": -76.69468313880753,
      "maxDD": 77.73252917135322,
      "sharpe": -4.625597606201773,
      "sortino": -3.060995085936134,
      "calmar": -0.3914436607279552,
      "cagr": -43.88956575055112,
      "pf": 0.5297922148353309,
      "expectancy": -0.046822150878392935,
      "years": 2.5205376834740285,
      "slHitRate": 0.28266178266178266,
      "exits": {
        "SL": 463,
        "TP": 0,
        "TRAIL": 1052,
        "EOD": 123
      }
    },
    "n_trades": 1638
  },
  "baseline_hold": {
    "stats": null,
    "n_trades": 0
  },
  "top_unconstrained": [
    {
      "cfg": {
        "slAtrMult": 4.7,
        "atrPeriod": 14,
        "slAtrTfMin": 30,
        "slFixedPips": 157.0,
        "tpRMult": 6.5,
        "mfeTrailPct": 0.9,
        "mfeMinR": 1.0,
        "levelTargetCutoffH": 18.0,
        "beAfterR": 2.0,
        "momZThresh": 1.8,
        "costPct": 0.0,
        "dynMinMove": 0.6,
        "windowStartH": 8.0,
        "windowEndH": 12.0,
        "eodClose": 1,
        "oneTradeAtATime": 0.0,
        "minBarsBetween": 88.0,
        "maxLevelTrades": 3.0,
        "warmupDays": 90,
        "strategy": "reversal",
        "slMode": "pips",
        "tpMode": "none"
      },
      "stats": {
        "total": 1082,
        "winRate": 53.789279112754166,
        "totalPnl": 17.711732257188388,
        "maxDD": 3.473755129456527,
        "sharpe": 1.4401996972827447,
        "sortino": 1.5438109419820059,
        "calmar": 2.033120752906577,
        "cagr": 6.718427498889112,
        "pf": 1.2553717562621616,
        "expectancy": 0.016369438315331233,
        "years": 2.507833295307628,
        "slHitRate": 0.0,
        "exits": {
          "SL": 0,
          "TP": 0,
          "TRAIL": 0,
          "EOD": 1082
        }
      },
      "n_trades": 1082
    },
    {
      "cfg": {
        "slAtrMult": 4.6,
        "atrPeriod": 14,
        "slAtrTfMin": 30,
        "slFixedPips": 79.0,
        "tpRMult": 5.7,
        "mfeTrailPct": 0.1,
        "mfeMinR": 2.6,
        "levelTargetCutoffH": 9.0,
        "beAfterR": 3.0,
        "momZThresh": 3.5,
        "costPct": 0.0,
        "dynMinMove": 0.0,
        "windowStartH": 10.0,
        "windowEndH": 19.0,
        "eodClose": 1,
        "oneTradeAtATime": 1.0,
        "minBarsBetween": 14.0,
        "maxLevelTrades": 7.0,
        "warmupDays": 90,
        "strategy": "reversal",
        "slMode": "atr",
        "tpMode": "none"
      },
      "stats": {
        "total": 40,
        "winRate": 60.0,
        "totalPnl": 4.1533277890464015,
        "maxDD": 1.137533619899215,
        "sharpe": 1.128108041138017,
        "sortino": 1.7400333270116586,
        "calmar": 1.574689907825776,
        "cagr": 1.7705548656943515,
        "pf": 2.4245884088892478,
        "expectancy": 0.10383319472616008,
        "years": 2.318659213628413,
        "slHitRate": 0.025,
        "exits": {
          "SL": 1,
          "TP": 0,
          "TRAIL": 0,
          "EOD": 39
        }
      },
      "n_trades": 40
    },
    {
      "cfg": {
        "slAtrMult": 2.8,
        "atrPeriod": 14,
        "slAtrTfMin": 30,
        "slFixedPips": 265.0,
        "tpRMult": 5.1,
        "mfeTrailPct": 0.8,
        "mfeMinR": 2.7,
        "levelTargetCutoffH": 22.0,
        "beAfterR": 0.2,
        "momZThresh": 3.9,
        "costPct": 0.0,
        "dynMinMove": 0.0,
        "windowStartH": 2.0,
        "windowEndH": 15.0,
        "eodClose": 1,
        "oneTradeAtATime": 0.0,
        "minBarsBetween": 439.0,
        "maxLevelTrades": 8.0,
        "warmupDays": 90,
        "strategy": "dirop",
        "slMode": "atr",
        "tpMode": "none"
      },
      "stats": {
        "total": 25,
        "winRate": 28.000000000000004,
        "totalPnl": 3.464848312840457,
        "maxDD": 0.9809117845378956,
        "sharpe": 0.8441638062480159,
        "sortino": 1.3315706404379992,
        "calmar": 1.5643392823952136,
        "cagr": 1.5199288774052855,
        "pf": 2.301421297976703,
        "expectancy": 0.1385939325136183,
        "years": 2.2579968058407482,
        "slHitRate": 0.56,
        "exits": {
          "SL": 14,
          "TP": 0,
          "TRAIL": 0,
          "EOD": 11
        }
      },
      "n_trades": 25
    },
    {
      "cfg": {
        "slAtrMult": 5.9,
        "atrPeriod": 14,
        "slAtrTfMin": 30,
        "slFixedPips": 94.0,
        "tpRMult": 2.9,
        "mfeTrailPct": 0.9,
        "mfeMinR": 0.5,
        "levelTargetCutoffH": 8.0,
        "beAfterR": 0.7,
        "momZThresh": 3.7,
        "costPct": 0.0,
        "dynMinMove": 0.6,
        "windowStartH": 10.0,
        "windowEndH": 22.0,
        "eodClose": 1,
        "oneTradeAtATime": 0.0,
        "minBarsBetween": 436.0,
        "maxLevelTrades": 5.0,
        "warmupDays": 90,
        "strategy": "reversal",
        "slMode": "pips",
        "tpMode": "none"
      },
      "stats": {
        "total": 23,
        "winRate": 56.52173913043478,
        "totalPnl": 2.5281267487696106,
        "maxDD": 0.8155257672569737,
        "sharpe": 0.89790029587368,
        "sortino": 1.1717906065783688,
        "calmar": 1.4224406186199836,
        "cagr": 1.1522032343372013,
        "pf": 2.0868720552620057,
        "expectancy": 0.10991855429433085,
        "years": 2.1793501406951097,
        "slHitRate": 0.0,
        "exits": {
          "SL": 0,
          "TP": 0,
          "TRAIL": 0,
          "EOD": 23
        }
      },
      "n_trades": 23
    },
    {
      "cfg": {
        "slAtrMult": 3.0,
        "atrPeriod": 14,
        "slAtrTfMin": 30,
        "slFixedPips": 286.0,
        "tpRMult": 8.8,
        "mfeTrailPct": 0.8,
        "mfeMinR": 0.8,
        "levelTargetCutoffH": 7.0,
        "beAfterR": 2.1,
        "momZThresh": 3.5,
        "costPct": 0.0,
        "dynMinMove": 0.75,
        "windowStartH": 6.0,
        "windowEndH": 19.0,
        "eodClose": 1,
        "oneTradeAtATime": 0.0,
        "minBarsBetween": 200.0,
        "maxLevelTrades": 1.0,
        "warmupDays": 90,
        "strategy": "reversal",
        "slMode": "pips",
        "tpMode": "none"
      },
      "stats": {
        "total": 69,
        "winRate": 62.31884057971014,
        "totalPnl": 9.044560002166769,
        "maxDD": 2.80887137739017,
        "sharpe": 1.5891758690014421,
        "sortino": 1.9631556571994604,
        "calmar": 1.3887327229583653,
        "cagr": 3.8049336982774573,
        "pf": 2.25324272820358,
        "expectancy": 0.13108057974154735,
        "years": 2.318659213628413,
        "slHitRate": 0.0,
        "exits": {
          "SL": 0,
          "TP": 0,
          "TRAIL": 0,
          "EOD": 69
        }
      },
      "n_trades": 69
    }
  ],
  "top_real_sl": [
    {
      "cfg": {
        "slAtrMult": 2.8,
        "atrPeriod": 14,
        "slAtrTfMin": 30,
        "slFixedPips": 265.0,
        "tpRMult": 5.1,
        "mfeTrailPct": 0.8,
        "mfeMinR": 2.7,
        "levelTargetCutoffH": 22.0,
        "beAfterR": 0.2,
        "momZThresh": 3.9,
        "costPct": 0.0,
        "dynMinMove": 0.0,
        "windowStartH": 2.0,
        "windowEndH": 15.0,
        "eodClose": 1,
        "oneTradeAtATime": 0.0,
        "minBarsBetween": 439.0,
        "maxLevelTrades": 8.0,
        "warmupDays": 90,
        "strategy": "dirop",
        "slMode": "atr",
        "tpMode": "none"
      },
      "stats": {
        "total": 25,
        "winRate": 28.000000000000004,
        "totalPnl": 3.464848312840457,
        "maxDD": 0.9809117845378956,
        "sharpe": 0.8441638062480159,
        "sortino": 1.3315706404379992,
        "calmar": 1.5643392823952136,
        "cagr": 1.5199288774052855,
        "pf": 2.301421297976703,
        "expectancy": 0.1385939325136183,