{
  "pair": "audcad",
  "asset_class": "fx",
  "pip_size": 0.0001,
  "bars": 3198346,
  "trials": 600,
  "valid_trials": 598,
  "elapsed_sec": 393.3,
  "baseline_train": {
    "stats": {
      "total": 3843,
      "winRate": 70.1535258912308,
      "totalPnl": -52.35415946687839,
      "maxDD": 63.5912386280623,
      "sharpe": -1.5237731871707232,
      "sortino": -1.3096806275124253,
      "calmar": -0.13746109580119076,
      "cagr": -11.64291350719856,
      "pf": 0.7845833623352241,
      "expectancy": -0.013623252528461749,
      "years": 5.989272948513195,
      "slHitRate": 0.2399167317200104,
      "exits": {
        "SL": 922,
        "TP": 0,
        "TRAIL": 2622,
        "EOD": 299
      }
    },
    "n_trades": 3843
  },
  "baseline_hold": {
    "stats": {
      "total": 1403,
      "winRate": 70.84818246614397,
      "totalPnl": -16.979121883201287,
      "maxDD": 19.894143344071757,
      "sharpe": -2.0915909395005996,
      "sortino": -1.3773240028617033,
      "calmar": -0.3670039947963548,
      "cagr": -7.689827971774832,
      "pf": 0.7727023816136771,
      "expectancy": -0.012102011320884745,
      "years": 2.3255152483078563,
      "slHitRate": 0.22665716322166785,
      "exits": {
        "SL": 318,
        "TP": 0,
        "TRAIL": 980,
        "EOD": 105
      }
    },
    "n_trades": 1403
  },
  "top_unconstrained": [
    {
      "cfg": {
        "slAtrMult": 5.0,
        "atrPeriod": 14,
        "slAtrTfMin": 30,
        "slFixedPips": 3.0,
        "tpRMult": 5.6,
        "mfeTrailPct": 0.5,
        "mfeMinR": 2.2,
        "levelTargetCutoffH": 10.0,
        "beAfterR": 2.5,
        "momZThresh": 3.7,
        "costPct": 0.0,
        "dynMinMove": 0.05,
        "windowStartH": 8.0,
        "windowEndH": 23.0,
        "eodClose": 1,
        "oneTradeAtATime": 0.0,
        "minBarsBetween": 173.0,
        "maxLevelTrades": 10.0,
        "warmupDays": 90,
        "strategy": "dirop",
        "slMode": "pips",
        "tpMode": "none"
      },
      "stats": {
        "total": 431,
        "winRate": 10.904872389791183,
        "totalPnl": 10.315744305700093,
        "maxDD": 2.535619345909698,
        "sharpe": 0.9951670718615204,
        "sortino": 4.885032774450204,
        "calmar": 0.6853328583705313,
        "cagr": 1.6675876406810453,
        "pf": 1.8730174497328804,
        "expectancy": 0.023934441544547793,
        "years": 5.936287930641114,
        "slHitRate": 0.8700696055684455,
        "exits": {
          "SL": 375,
          "TP": 0,
          "TRAIL": 0,
          "EOD": 56
        }
      },
      "n_trades": 431
    },
    {
      "cfg": {
        "slAtrMult": 0.6,
        "atrPeriod": 14,
        "slAtrTfMin": 30,
        "slFixedPips": 244.0,
        "tpRMult": 7.4,
        "mfeTrailPct": 0.55,
        "mfeMinR": 3.0,
        "levelTargetCutoffH": 8.0,
        "beAfterR": 1.5,
        "momZThresh": 3.6,
        "costPct": 0.0,
        "dynMinMove": 0.85,
        "windowStartH": 11.0,
        "windowEndH": 15.0,
        "eodClose": 1,
        "oneTradeAtATime": 1.0,
        "minBarsBetween": 240.0,
        "maxLevelTrades": 7.0,
        "warmupDays": 90,
        "strategy": "dirop",
        "slMode": "atr",
        "tpMode": "none"
      },
      "stats": {
        "total": 76,
        "winRate": 15.789473684210526,
        "totalPnl": 3.0228591302982015,
        "maxDD": 1.1728307030565128,
        "sharpe": 0.5061339937185586,
        "sortino": 1.9265859926491307,
        "calmar": 0.43522745869558044,
        "cagr": 0.5041516871249652,
        "pf": 1.8912030517085876,
        "expectancy": 0.039774462240765814,
        "years": 5.921971252566735,
        "slHitRate": 0.8421052631578947,
        "exits": {
          "SL": 64,
          "TP": 0,
          "TRAIL": 0,
          "EOD": 12
        }
      },
      "n_trades": 76
    },
    {
      "cfg": {
        "slAtrMult": 1.6,
        "atrPeriod": 14,
        "slAtrTfMin": 30,
        "slFixedPips": 100.0,
        "tpRMult": 3.5,
        "mfeTrailPct": 0.6,
        "mfeMinR": 1.1,
        "levelTargetCutoffH": 14.0,
        "beAfterR": 1.1,
        "momZThresh": 0.7,
        "costPct": 0.0,
        "dynMinMove": 0.9,
        "windowStartH": 11.0,
        "windowEndH": 17.0,
        "eodClose": 1,
        "oneTradeAtATime": 0.0,
        "minBarsBetween": 98.0,
        "maxLevelTrades": 2.0,
        "warmupDays": 90,
        "strategy": "reversal",
        "slMode": "pips",
        "tpMode": "none"
      },
      "stats": {
        "total": 5037,
        "winRate": 50.68493150684932,
        "totalPnl": 29.233242183749624,
        "maxDD": 11.296437963496547,
        "sharpe": 0.6528220810210636,
        "sortino": 0.6733251376122724,
        "calmar": 0.43217543779888123,
        "cagr": 4.375807154795774,
        "pf": 1.0655221150021827,
        "expectancy": 0.00580370104898742,
        "years": 5.987911628260704,
        "slHitRate": 0.0019853087155052612,
        "exits": {
          "SL": 10,
          "TP": 0,
          "TRAIL": 0,
          "EOD": 5027
        }
      },
      "n_trades": 5037
    },
    {
      "cfg": {
        "slAtrMult": 0.6,
        "atrPeriod": 14,
        "slAtrTfMin": 30,
        "slFixedPips": 56.0,
        "tpRMult": 3.5,
        "mfeTrailPct": 0.75,
        "mfeMinR": 2.1,
        "levelTargetCutoffH": 22.0,
        "beAfterR": 0.7,
        "momZThresh": 4.0,
        "costPct": 0.0,
        "dynMinMove": 0.0,
        "windowStartH": 2.0,
        "windowEndH": 13.0,
        "eodClose": 1,
        "oneTradeAtATime": 0.0,
        "minBarsBetween": 425.0,
        "maxLevelTrades": 9.0,
        "warmupDays": 90,
        "strategy": "dirop",
        "slMode": "atr",
        "tpMode": "none"
      },
      "stats": {
        "total": 146,
        "winRate": 16.43835616438356,
        "totalPnl": 3.372977092306334,
        "maxDD": 1.929363071130743,
        "sharpe": 0.5242701324806056,
        "sortino": 1.5016921694341814,
        "calmar": 0.32061370693756547,
        "cagr": 0.6102311384227566,
        "pf": 1.4336288344827866,
        "expectancy": 0.023102582824015984,
        "years": 5.452772073921971,
        "slHitRate": 0.8356164383561644,
        "exits": {
          "SL": 122,
          "TP": 0,
          "TRAIL": 0,
          "EOD": 24
        }
      },
      "n_trades": 146
    },
    {
      "cfg": {
        "slAtrMult": 4.7,
        "atrPeriod": 14,
        "slAtrTfMin": 30,
        "slFixedPips": 44.0,
        "tpRMult": 9.1,
        "mfeTrailPct": 0.45,
        "mfeMinR": 0.6,
        "levelTargetCutoffH": 16.0,
        "beAfterR": 0.7,
        "momZThresh": 1.5,
        "costPct": 0.0,
        "dynMinMove": 0.4,
        "windowStartH": 8.0,
        "windowEndH": 22.0,
        "eodClose": 1,
        "oneTradeAtATime": 0.0,
        "minBarsBetween": 98.0,
        "maxLevelTrades": 2.0,
        "warmupDays": 90,
        "strategy": "reversal",
        "slMode": "atr",
        "tpMode": "none"
      },
      "stats": {
        "total": 5978,
        "winRate": 49.29742388758782,
        "totalPnl": 28.973974076238918,
        "maxDD": 22.977703697338008,
        "sharpe": 0.3798341849035579,
        "sortino": 0.40942234947836387,
        "calmar": 0.21056614860354333,
        "cagr": 4.340424717086555,
        "pf": 1.0454085907245256,
        "expectancy": 0.004846767158955975,
        "years": 5.988428777853829,
        "slHitRate": 0.124790899966544,
        "exits": {
          "SL": 746,
          "TP": 0,
          "TRAIL": 0,
          "EOD": 5232
        }
      },
      "n_trades": 5978
    }
  ],
  "top_real_sl": [
    {
      "cfg": {
        "slAtrMult": 5.0,
        "atrPeriod": 14,
        "slAtrTfMin": 30,
        "slFixedPips": 3.0,
        "tpRMult": 5.6,
        "mfeTrailPct": 0.5,
        "mfeMinR": 2.2,
        "levelTargetCutoffH": 10.0,
        "beAfterR": 2.5,
        "momZThresh": 3.7,
        "costPct": 0.0,
        "dynMinMove": 0.05,
        "windowStartH": 8.0,