{
  "pair": "audjpy",
  "asset_class": "fx",
  "pip_size": 0.01,
  "bars": 3197038,
  "trials": 600,
  "valid_trials": 586,
  "elapsed_sec": 395.4,
  "baseline_train": {
    "stats": {
      "total": 4228,
      "winRate": 65.98864711447493,
      "totalPnl": -173.93425219958948,
      "maxDD": 194.03658859970585,
      "sharpe": -2.9342944109638425,
      "sortino": -2.838091821241276,
      "calmar": -0.1496493092314766,
      "cagr": null,
      "pf": 0.6092428727543568,
      "expectancy": -0.041138659460640825,
      "years": 5.9899992394858925,
      "slHitRate": 0.27767265846736044,
      "exits": {
        "SL": 1174,
        "TP": 0,
        "TRAIL": 2704,
        "EOD": 350
      }
    },
    "n_trades": 4228
  },
  "baseline_hold": {
    "stats": {
      "total": 1633,
      "winRate": 66.80955296999387,
      "totalPnl": -59.39497444075706,
      "maxDD": 60.21615007619842,
      "sharpe": -3.7124578519782596,
      "sortino": -2.573066066193785,
      "calmar": -0.42406558105360426,
      "cagr": -32.12383972962086,
      "pf": 0.6386864027990514,
      "expectancy": -0.036371692860230925,
      "years": 2.3259677542018404,
      "slHitRate": 0.27311696264543783,
      "exits": {
        "SL": 446,
        "TP": 0,
        "TRAIL": 1057,
        "EOD": 130
      }
    },
    "n_trades": 1633
  },
  "top_unconstrained": [
    {
      "cfg": {
        "slAtrMult": 4.0,
        "atrPeriod": 14,
        "slAtrTfMin": 30,
        "slFixedPips": 98.0,
        "tpRMult": 1.0,
        "mfeTrailPct": 0.25,
        "mfeMinR": 2.1,
        "levelTargetCutoffH": 14.0,
        "beAfterR": 2.3,
        "momZThresh": 1.9,
        "costPct": 0.0,
        "dynMinMove": 0.45,
        "windowStartH": 12.0,
        "windowEndH": 13.0,
        "eodClose": 1,
        "oneTradeAtATime": 1.0,
        "minBarsBetween": 358.0,
        "maxLevelTrades": 6.0,
        "warmupDays": 90,
        "strategy": "reversal",
        "slMode": "pips",
        "tpMode": "none"
      },
      "stats": {
        "total": 527,
        "winRate": 51.423149905123346,
        "totalPnl": 4.417660328862314,
        "maxDD": 1.2155544203805815,
        "sharpe": 0.5654390398055091,
        "sortino": 0.6760186515230139,
        "calmar": 0.6086196542958107,
        "cagr": 0.7265617646859512,
        "pf": 1.2046425026090226,
        "expectancy": 0.008382657170516734,
        "years": 5.971341927142748,
        "slHitRate": 0.0,
        "exits": {
          "SL": 0,
          "TP": 0,
          "TRAIL": 0,
          "EOD": 527
        }
      },
      "n_trades": 527
    },
    {
      "cfg": {
        "slAtrMult": 3.0,
        "atrPeriod": 14,
        "slAtrTfMin": 30,
        "slFixedPips": 282.0,
        "tpRMult": 8.9,
        "mfeTrailPct": 0.1,
        "mfeMinR": 1.9,
        "levelTargetCutoffH": 7.0,
        "beAfterR": 2.6,
        "momZThresh": 0.1,
        "costPct": 0.0,
        "dynMinMove": 0.5,
        "windowStartH": 12.0,
        "windowEndH": 13.0,
        "eodClose": 1,
        "oneTradeAtATime": 1.0,
        "minBarsBetween": 425.0,
        "maxLevelTrades": 7.0,
        "warmupDays": 90,
        "strategy": "reversal",
        "slMode": "atr",
        "tpMode": "none"
      },
      "stats": {
        "total": 792,
        "winRate": 53.28282828282829,
        "totalPnl": 5.632479537067169,
        "maxDD": 2.158332346751078,
        "sharpe": 0.5672558443875041,
        "sortino": 0.6060526241438718,
        "calmar": 0.4358356433252108,
        "cagr": 0.919341180109079,
        "pf": 1.1591204468779162,
        "expectancy": 0.007111716587206031,
        "years": 5.987679671457905,
        "slHitRate": 0.0025252525252525255,
        "exits": {
          "SL": 2,
          "TP": 0,
          "TRAIL": 0,
          "EOD": 790
        }
      },
      "n_trades": 792
    },
    {
      "cfg": {
        "slAtrMult": 2.9,
        "atrPeriod": 14,
        "slAtrTfMin": 30,
        "slFixedPips": 86.0,
        "tpRMult": 8.2,
        "mfeTrailPct": 0.6,
        "mfeMinR": 1.4,
        "levelTargetCutoffH": 10.0,
        "beAfterR": 0.3,
        "momZThresh": 1.9,
        "costPct": 0.0,
        "dynMinMove": 0.8,
        "windowStartH": 12.0,
        "windowEndH": 13.0,
        "eodClose": 1,
        "oneTradeAtATime": 1.0,
        "minBarsBetween": 146.0,
        "maxLevelTrades": 8.0,
        "warmupDays": 90,
        "strategy": "reversal",
        "slMode": "atr",
        "tpMode": "none"
      },
      "stats": {
        "total": 504,
        "winRate": 48.41269841269841,
        "totalPnl": 3.5494979752938978,
        "maxDD": 1.6107300353452803,
        "sharpe": 0.45164760603658766,
        "sortino": 0.5053564977135894,
        "calmar": 0.36903897514822087,
        "cagr": 0.5858251170632878,
        "pf": 1.1726866445239899,
        "expectancy": 0.007042654712884733,
        "years": 5.971341927142748,
        "slHitRate": 0.057539682539682536,
        "exits": {
          "SL": 29,
          "TP": 0,
          "TRAIL": 0,
          "EOD": 475
        }
      },
      "n_trades": 504
    },
    {
      "cfg": {
        "slAtrMult": 1.3,
        "atrPeriod": 14,
        "slAtrTfMin": 30,
        "slFixedPips": 10.0,
        "tpRMult": 1.2,
        "mfeTrailPct": 0.85,
        "mfeMinR": 2.2,
        "levelTargetCutoffH": 15.0,
        "beAfterR": 1.3,
        "momZThresh": 1.7,
        "costPct": 0.0,
        "dynMinMove": 0.35,
        "windowStartH": 0.0,
        "windowEndH": 16.0,
        "eodClose": 1,
        "oneTradeAtATime": 1.0,
        "minBarsBetween": 270.0,
        "maxLevelTrades": 8.0,
        "warmupDays": 90,
        "strategy": "reversal",
        "slMode": "pips",
        "tpMode": "none"
      },
      "stats": {
        "total": 2223,
        "winRate": 18.803418803418804,
        "totalPnl": 14.624598089737336,
        "maxDD": 7.813776183264588,
        "sharpe": 0.46119792764543266,
        "sortino": 1.0654711081663477,
        "calmar": 0.31252288026183106,
        "cagr": 2.305288280988771,
        "pf": 1.0969361956207937,
        "expectancy": 0.006578766572081576,
        "years": 5.988818541333941,
        "slHitRate": 0.786774628879892,
        "exits": {
          "SL": 1749,
          "TP": 0,
          "TRAIL": 0,
          "EOD": 474
        }
      },
      "n_trades": 2223
    },
    {
      "cfg": {
        "slAtrMult": 5.4,
        "atrPeriod": 14,
        "slAtrTfMin": 30,
        "slFixedPips": 296.0,
        "tpRMult": 9.8,
        "mfeTrailPct": 0.55,
        "mfeMinR": 2.6,
        "levelTargetCutoffH": 12.0,
        "beAfterR": 1.3,
        "momZThresh": 2.2,
        "costPct": 0.0,
        "dynMinMove": 0.9,
        "windowStartH": 5.0,
        "windowEndH": 14.0,
        "eodClose": 1,
        "oneTradeAtATime": 1.0,
        "minBarsBetween": 48.0,
        "maxLevelTrades": 8.0,
        "warmupDays": 90,
        "strategy": "reversal",
        "slMode": "pips",
        "tpMode": "none"
      },
      "stats": {
        "total": 1046,
        "winRate": 51.33843212237094,
        "totalPnl": 12.6968926727195,
        "maxDD": 7.63755727319338,
        "sharpe": 0.4061729045394782,
        "sortino": 0.4424407800560112,
        "calmar": 0.2776037022764425,
        "cagr": 2.016075362918035,
        "pf": 1.093317659951381,
        "expectancy": 0.012138520719617102,
        "years": 5.988495322838238,
        "slHitRate": 0.0,
        "exits": {
          "SL": 0,
          "TP": 0,
          "TRAIL": 0,
          "EOD": 1046
        }
      },
      "n_trades": 1046
    }
  ],
  "top_real_sl": [
    {
      "cfg": {
        "slAtrMult": 1.3,
        "atrPeriod": 14,
        "slAtrTfMin": 30,
        "slFixedPips": 10.0,
        "tpRMult": 1.2,
        "mfeTrailPct": 0.85,
        "mfeMinR": 2.2,
        "levelTargetCutoffH": 15.0,
        "beAfterR": 1.3,
        "momZThresh": 1.7,
        "costPct": 0.0,
        "dynMinMove": 0.35,
        "windowStartH": 0.0,
        "windowEndH": 16.0,