{
  "pair": "audnzd",
  "asset_class": "fx",
  "pip_size": 0.0001,
  "bars": 3190903,
  "trials": 600,
  "valid_trials": 580,
  "elapsed_sec": 425.9,
  "baseline_train": {
    "stats": {
      "total": 3269,
      "winRate": 72.10156011012542,
      "totalPnl": -24.55571260839759,
      "maxDD": 24.814418259304475,
      "sharpe": -1.4010189682047052,
      "sortino": -0.9479233859082541,
      "calmar": -0.16540214134578504,
      "cagr": -4.600545519709343,
      "pf": 0.834461892020104,
      "expectancy": -0.007511689387701921,
      "years": 5.982838999163435,
      "slHitRate": 0.22055674518201285,
      "exits": {
        "SL": 721,
        "TP": 0,
        "TRAIL": 2312,
        "EOD": 236
      }
    },
    "n_trades": 3269
  },
  "baseline_hold": {
    "stats": {
      "total": 1015,
      "winRate": 70.83743842364531,
      "totalPnl": -10.711025873832458,
      "maxDD": 11.071443506080032,
      "sharpe": -2.143834743845101,
      "sortino": -1.444392339172646,
      "calmar": -0.41597798604696185,
      "cagr": -4.754540220053194,
      "pf": 0.7364859602244772,
      "expectancy": -0.01055273485106649,
      "years": 2.3257148832610843,
      "slHitRate": 0.23448275862068965,
      "exits": {
        "SL": 238,
        "TP": 0,
        "TRAIL": 706,
        "EOD": 71
      }
    },
    "n_trades": 1015
  },
  "top_unconstrained": [
    {
      "cfg": {
        "slAtrMult": 0.7,
        "atrPeriod": 14,
        "slAtrTfMin": 30,
        "slFixedPips": 296.0,
        "tpRMult": 3.6,
        "mfeTrailPct": 0.55,
        "mfeMinR": 1.5,
        "levelTargetCutoffH": 20.0,
        "beAfterR": 1.1,
        "momZThresh": 3.5,
        "costPct": 0.0,
        "dynMinMove": 0.75,
        "windowStartH": 11.0,
        "windowEndH": 17.0,
        "eodClose": 1,
        "oneTradeAtATime": 0.0,
        "minBarsBetween": 247.0,
        "maxLevelTrades": 2.0,
        "warmupDays": 90,
        "strategy": "reversal",
        "slMode": "pips",
        "tpMode": "none"
      },
      "stats": {
        "total": 36,
        "winRate": 52.77777777777778,
        "totalPnl": 5.291748527081417,
        "maxDD": 0.346321888846857,
        "sharpe": 1.1097368321155354,
        "sortino": 3.039377468797185,
        "calmar": 2.9310905231444377,
        "cagr": 0.9940622484444495,
        "pf": 4.332719106282975,
        "expectancy": 0.14699301464115044,
        "years": 5.213027606662104,
        "slHitRate": 0.0,
        "exits": {
          "SL": 0,
          "TP": 0,
          "TRAIL": 0,
          "EOD": 36
        }
      },
      "n_trades": 36
    },
    {
      "cfg": {
        "slAtrMult": 5.1,
        "atrPeriod": 14,
        "slAtrTfMin": 30,
        "slFixedPips": 255.0,
        "tpRMult": 7.2,
        "mfeTrailPct": 0.65,
        "mfeMinR": 2.3,
        "levelTargetCutoffH": 8.0,
        "beAfterR": 1.2,
        "momZThresh": 3.6,
        "costPct": 0.0,
        "dynMinMove": 0.25,
        "windowStartH": 9.0,
        "windowEndH": 20.0,
        "eodClose": 1,
        "oneTradeAtATime": 0.0,
        "minBarsBetween": 62.0,
        "maxLevelTrades": 5.0,
        "warmupDays": 90,
        "strategy": "reversal",
        "slMode": "atr",
        "tpMode": "none"
      },
      "stats": {
        "total": 56,
        "winRate": 67.85714285714286,
        "totalPnl": 8.300051778221103,
        "maxDD": 0.5237646066335415,
        "sharpe": 1.8483649368905126,
        "sortino": 3.053716282081805,
        "calmar": 2.8110604372001506,
        "cagr": 1.4244655202336975,
        "pf": 5.1406597574355075,
        "expectancy": 0.14821521032537688,
        "years": 5.637343143965321,
        "slHitRate": 0.017857142857142856,
        "exits": {
          "SL": 1,
          "TP": 0,
          "TRAIL": 0,
          "EOD": 55
        }
      },
      "n_trades": 56
    },
    {
      "cfg": {
        "slAtrMult": 0.5,
        "atrPeriod": 14,
        "slAtrTfMin": 30,
        "slFixedPips": 97.0,
        "tpRMult": 4.2,
        "mfeTrailPct": 0.9,
        "mfeMinR": 1.0,
        "levelTargetCutoffH": 6.0,
        "beAfterR": 1.8,
        "momZThresh": 3.4,
        "costPct": 0.0,
        "dynMinMove": 0.2,
        "windowStartH": 12.0,
        "windowEndH": 19.0,
        "eodClose": 1,
        "oneTradeAtATime": 0.0,
        "minBarsBetween": 415.0,
        "maxLevelTrades": 2.0,
        "warmupDays": 90,
        "strategy": "reversal",
        "slMode": "pips",
        "tpMode": "none"
      },
      "stats": {
        "total": 84,
        "winRate": 57.14285714285714,
        "totalPnl": 9.655677485438378,
        "maxDD": 0.6620493633984745,
        "sharpe": 1.6488753042734197,
        "sortino": 3.9871369536016026,
        "calmar": 2.587127949989778,
        "cagr": 1.648520506936224,
        "pf": 4.1223178676256715,
        "expectancy": 0.11494854149331404,
        "years": 5.637343143965321,
        "slHitRate": 0.0,
        "exits": {
          "SL": 0,
          "TP": 0,
          "TRAIL": 0,
          "EOD": 84
        }
      },
      "n_trades": 84
    },
    {
      "cfg": {
        "slAtrMult": 2.2,
        "atrPeriod": 14,
        "slAtrTfMin": 30,
        "slFixedPips": 104.0,
        "tpRMult": 9.1,
        "mfeTrailPct": 0.5,
        "mfeMinR": 1.0,
        "levelTargetCutoffH": 21.0,
        "beAfterR": 0.7,
        "momZThresh": 3.4,
        "costPct": 0.0,
        "dynMinMove": 0.2,
        "windowStartH": 11.0,
        "windowEndH": 20.0,
        "eodClose": 1,
        "oneTradeAtATime": 0.0,
        "minBarsBetween": 166.0,
        "maxLevelTrades": 10.0,
        "warmupDays": 90,
        "strategy": "reversal",
        "slMode": "atr",
        "tpMode": "none"
      },
      "stats": {
        "total": 107,
        "winRate": 50.467289719626166,
        "totalPnl": 8.605973662453618,
        "maxDD": 0.6936850174429786,
        "sharpe": 1.5103704480251285,
        "sortino": 2.6495370051557496,
        "calmar": 2.092699747423862,
        "cagr": 1.4023179920066964,
        "pf": 2.922048098269866,
        "expectancy": 0.08042966039676278,
        "years": 5.928308236367784,
        "slHitRate": 0.29906542056074764,
        "exits": {
          "SL": 32,
          "TP": 0,
          "TRAIL": 0,
          "EOD": 75
        }
      },
      "n_trades": 107
    },
    {
      "cfg": {
        "slAtrMult": 5.3,
        "atrPeriod": 14,
        "slAtrTfMin": 30,
        "slFixedPips": 129.0,
        "tpRMult": 5.1,
        "mfeTrailPct": 0.65,
        "mfeMinR": 1.7,
        "levelTargetCutoffH": 5.0,
        "beAfterR": 2.5,
        "momZThresh": 3.4,
        "costPct": 0.0,
        "dynMinMove": 0.95,
        "windowStartH": 12.0,
        "windowEndH": 17.0,
        "eodClose": 1,
        "oneTradeAtATime": 0.0,
        "minBarsBetween": 186.0,
        "maxLevelTrades": 5.0,
        "warmupDays": 90,
        "strategy": "reversal",
        "slMode": "pips",
        "tpMode": "none"
      },
      "stats": {
        "total": 47,
        "winRate": 51.06382978723404,
        "totalPnl": 5.228555343741701,
        "maxDD": 0.5378927179091045,
        "sharpe": 1.1260318235839883,
        "sortino": 3.0738230385104948,
        "calmar": 2.0664163325231812,
        "cagr": 1.089317403935186,
        "pf": 3.751513067381094,
        "expectancy": 0.11124585837748296,
        "years": 4.704009810631987,
        "slHitRate": 0.0,
        "exits": {
          "SL": 0,
          "TP": 0,
          "TRAIL": 0,
          "EOD": 47
        }
      },
      "n_trades": 47
    }
  ],
  "top_real_sl": [
    {
      "cfg": {
        "slAtrMult": 2.2,
        "atrPeriod": 14,
        "slAtrTfMin": 30,
        "slFixedPips": 104.0,
        "tpRMult": 9.1,
        "mfeTrailPct": 0.5,
        "mfeMinR": 1.0,
        "levelTargetCutoffH": 21.0,
        "beAfterR": 0.7,
        "momZThresh": 3.4,
        "costPct": 0.0,
        "dynMinMove": 0.2,
        "windowStartH": 11.0,
        "windowEndH": 20.0,
        "eodClose": 1,