{
  "pair": "audusd",
  "asset_class": "fx",
  "pip_size": 0.0001,
  "bars": 3017856,
  "trials": 600,
  "valid_trials": 597,
  "elapsed_sec": 542.2,
  "baseline_train": {
    "stats": {
      "total": 4176,
      "winRate": 66.2595785440613,
      "totalPnl": -141.10172313015198,
      "maxDD": 142.77650859468574,
      "sharpe": -3.6991931721513707,
      "sortino": -2.57417624166698,
      "calmar": -0.1650103717520591,
      "cagr": null,
      "pf": 0.642548195027686,
      "expectancy": -0.03378872680319732,
      "years": 5.989137957259107,
      "slHitRate": 0.2689176245210728,
      "exits": {
        "SL": 1123,
        "TP": 0,
        "TRAIL": 2659,
        "EOD": 394
      }
    },
    "n_trades": 4176
  },
  "baseline_hold": {
    "stats": {
      "total": 1634,
      "winRate": 66.64626682986537,
      "totalPnl": -39.93543496170952,
      "maxDD": 45.53195562161443,
      "sharpe": -3.2682820956167116,
      "sortino": -2.450735218946675,
      "calmar": -0.37709044276266346,
      "cagr": -19.680658170919642,
      "pf": 0.6910890941710759,
      "expectancy": -0.024440290674240826,
      "years": 2.3259297284964635,
      "slHitRate": 0.2717258261933905,
      "exits": {
        "SL": 444,
        "TP": 0,
        "TRAIL": 1048,
        "EOD": 142
      }
    },
    "n_trades": 1634
  },
  "top_unconstrained": [
    {
      "cfg": {
        "slAtrMult": 4.5,
        "atrPeriod": 14,
        "slAtrTfMin": 30,
        "slFixedPips": 216.0,
        "tpRMult": 6.2,
        "mfeTrailPct": 0.2,
        "mfeMinR": 2.4,
        "levelTargetCutoffH": 4.0,
        "beAfterR": 1.0,
        "momZThresh": 0.4,
        "costPct": 0.0,
        "dynMinMove": 0.1,
        "windowStartH": 12.0,
        "windowEndH": 20.0,
        "eodClose": 1,
        "oneTradeAtATime": 1.0,
        "minBarsBetween": 396.0,
        "maxLevelTrades": 8.0,
        "warmupDays": 90,
        "strategy": "reversal",
        "slMode": "atr",
        "tpMode": "none"
      },
      "stats": {
        "total": 1351,
        "winRate": 50.03700962250185,
        "totalPnl": 17.333476908741396,
        "maxDD": 9.157261882613671,
        "sharpe": 0.47418742732957403,
        "sortino": 0.5075752784982124,
        "calmar": 0.3161273311984027,
        "cagr": 2.7056050341169646,
        "pf": 1.0899044868810477,
        "expectancy": 0.012830108740741197,
        "years": 5.98767206631683,
        "slHitRate": 0.12879348630643966,
        "exits": {
          "SL": 174,
          "TP": 0,
          "TRAIL": 0,
          "EOD": 1177
        }
      },
      "n_trades": 1351
    },
    {
      "cfg": {
        "slAtrMult": 5.6,
        "atrPeriod": 14,
        "slAtrTfMin": 30,
        "slFixedPips": 80.0,
        "tpRMult": 3.6,
        "mfeTrailPct": 0.9,
        "mfeMinR": 0.5,
        "levelTargetCutoffH": 7.0,
        "beAfterR": 0.3,
        "momZThresh": 1.2,
        "costPct": 0.0,
        "dynMinMove": 0.5,
        "windowStartH": 8.0,
        "windowEndH": 17.0,
        "eodClose": 1,
        "oneTradeAtATime": 1.0,
        "minBarsBetween": 48.0,
        "maxLevelTrades": 2.0,
        "warmupDays": 90,
        "strategy": "reversal",
        "slMode": "pips",
        "tpMode": "none"
      },
      "stats": {
        "total": 1455,
        "winRate": 45.77319587628866,
        "totalPnl": 12.815870967189756,
        "maxDD": 8.727554682315771,
        "sharpe": 0.32831236718826884,
        "sortino": 0.3270708624715699,
        "calmar": 0.24520809282883416,
        "cagr": 2.0340379536877506,
        "pf": 1.0640306245640383,
        "expectancy": 0.00880815874033658,
        "years": 5.988537151114153,
        "slHitRate": 0.11271477663230241,
        "exits": {
          "SL": 164,
          "TP": 0,
          "TRAIL": 0,
          "EOD": 1291
        }
      },
      "n_trades": 1455
    },
    {
      "cfg": {
        "slAtrMult": 1.3,
        "atrPeriod": 14,
        "slAtrTfMin": 30,
        "slFixedPips": 102.0,
        "tpRMult": 3.8,
        "mfeTrailPct": 0.7,
        "mfeMinR": 2.4,
        "levelTargetCutoffH": 21.0,
        "beAfterR": 2.2,
        "momZThresh": 0.9,
        "costPct": 0.0,
        "dynMinMove": 0.6,
        "windowStartH": 2.0,
        "windowEndH": 19.0,
        "eodClose": 1,
        "oneTradeAtATime": 1.0,
        "minBarsBetween": 139.0,
        "maxLevelTrades": 9.0,
        "warmupDays": 90,
        "strategy": "reversal",
        "slMode": "atr",
        "tpMode": "none"
      },
      "stats": {
        "total": 2577,
        "winRate": 29.84090027163368,
        "totalPnl": 15.301021969196483,
        "maxDD": 15.803519807995837,
        "sharpe": 0.38616385972170836,
        "sortino": 0.68206328455946,
        "calmar": 0.16170209248821346,
        "cagr": 2.406355682557959,
        "pf": 1.0577456643526117,
        "expectancy": 0.005937532778112695,
        "years": 5.987575100768119,
        "slHitRate": 0.6177726038028716,
        "exits": {
          "SL": 1592,
          "TP": 0,
          "TRAIL": 0,
          "EOD": 985
        }
      },
      "n_trades": 2577
    },
    {
      "cfg": {
        "slAtrMult": 5.4,
        "atrPeriod": 14,
        "slAtrTfMin": 30,
        "slFixedPips": 49.0,
        "tpRMult": 4.7,
        "mfeTrailPct": 0.25,
        "mfeMinR": 2.0,
        "levelTargetCutoffH": 15.0,
        "beAfterR": 2.9,
        "momZThresh": 0.5,
        "costPct": 0.0,
        "dynMinMove": 0.6,
        "windowStartH": 12.0,
        "windowEndH": 19.0,
        "eodClose": 1,
        "oneTradeAtATime": 1.0,
        "minBarsBetween": 67.0,
        "maxLevelTrades": 6.0,
        "warmupDays": 90,
        "strategy": "reversal",
        "slMode": "pips",
        "tpMode": "none"
      },
      "stats": {
        "total": 1364,
        "winRate": 48.38709677419355,
        "totalPnl": 11.556416692329993,
        "maxDD": 13.652076790322704,
        "sharpe": 0.32234056551532003,
        "sortino": 0.359602518100051,
        "calmar": 0.1413717845867411,
        "cagr": 1.8431887870214547,
        "pf": 1.0605266790317314,
        "expectancy": 0.008472446255373911,
        "years": 5.987723401019089,
        "slHitRate": 0.07624633431085044,
        "exits": {
          "SL": 104,
          "TP": 0,
          "TRAIL": 0,
          "EOD": 1260
        }
      },
      "n_trades": 1364
    },
    {
      "cfg": {
        "slAtrMult": 5.1,
        "atrPeriod": 14,
        "slAtrTfMin": 30,
        "slFixedPips": 53.0,
        "tpRMult": 6.3,
        "mfeTrailPct": 0.6,
        "mfeMinR": 2.8,
        "levelTargetCutoffH": 14.0,
        "beAfterR": 2.7,
        "momZThresh": 1.9,
        "costPct": 0.0,
        "dynMinMove": 0.6,
        "windowStartH": 11.0,
        "windowEndH": 23.0,
        "eodClose": 1,
        "oneTradeAtATime": 1.0,
        "minBarsBetween": 260.0,
        "maxLevelTrades": 4.0,
        "warmupDays": 90,
        "strategy": "reversal",
        "slMode": "pips",
        "tpMode": "none"
      },
      "stats": {
        "total": 1315,
        "winRate": 48.89733840304182,
        "totalPnl": 8.780007792610123,
        "maxDD": 11.065210520157892,
        "sharpe": 0.22198608626745633,
        "sortino": 0.2546999696448517,
        "calmar": 0.13251934545116964,
        "cagr": 1.4154413661321197,
        "pf": 1.0438793882329347,
        "expectancy": 0.006676812009589417,
        "years": 5.9876435470377976,
        "slHitRate": 0.07680608365019011,
        "exits": {
          "SL": 101,
          "TP": 0,
          "TRAIL": 0,
          "EOD": 1214
        }
      },
      "n_trades": 1315
    }
  ],
  "top_real_sl": [
    {
      "cfg": {
        "slAtrMult": 1.3,
        "atrPeriod": 14,
        "slAtrTfMin": 30,
        "slFixedPips": 102.0,
        "tpRMult": 3.8,
        "mfeTrailPct": 0.7,
        "mfeMinR": 2.4,
        "levelTargetCutoffH": 21.0,
        "beAfterR": 2.2,
        "momZThresh": 0.9,
        "costPct": 0.0,
        "dynMinMove": 0.6,
        "windowStartH": 2.0,