{
  "pair": "cadjpy",
  "asset_class": "fx",
  "pip_size": 0.01,
  "bars": 3209349,
  "trials": 600,
  "valid_trials": 598,
  "elapsed_sec": 440.3,
  "baseline_train": {
    "stats": {
      "total": 3913,
      "winRate": 65.62739585995399,
      "totalPnl": -121.46632085507562,
      "maxDD": 133.62125298804935,
      "sharpe": -3.062538274156931,
      "sortino": -2.630627969837366,
      "calmar": -0.1517918383560882,
      "cagr": null,
      "pf": 0.6481785980493338,
      "expectancy": -0.031041738015608403,
      "years": 5.98869115522093,
      "slHitRate": 0.27472527472527475,
      "exits": {
        "SL": 1075,
        "TP": 0,
        "TRAIL": 2483,
        "EOD": 355
      }
    },
    "n_trades": 3913
  },
  "baseline_hold": {
    "stats": {
      "total": 1529,
      "winRate": 65.7946370176586,
      "totalPnl": -54.03415367999328,
      "maxDD": 54.98132396025591,
      "sharpe": -3.9931925518209677,
      "sortino": -2.7943221973627654,
      "calmar": -0.4225428633541276,
      "cagr": -28.408056095661138,
      "pf": 0.6134906378859772,
      "expectancy": -0.03533953805100933,
      "years": 2.32585367708571,
      "slHitRate": 0.2753433616742969,
      "exits": {
        "SL": 421,
        "TP": 0,
        "TRAIL": 972,
        "EOD": 136
      }
    },
    "n_trades": 1529
  },
  "top_unconstrained": [
    {
      "cfg": {
        "slAtrMult": 1.8,
        "atrPeriod": 14,
        "slAtrTfMin": 30,
        "slFixedPips": 1.0,
        "tpRMult": 7.5,
        "mfeTrailPct": 0.5,
        "mfeMinR": 3.0,
        "levelTargetCutoffH": 4.0,
        "beAfterR": 2.1,
        "momZThresh": 3.6,
        "costPct": 0.0,
        "dynMinMove": 0.85,
        "windowStartH": 1.0,
        "windowEndH": 14.0,
        "eodClose": 1,
        "oneTradeAtATime": 0.0,
        "minBarsBetween": 12.0,
        "maxLevelTrades": 4.0,
        "warmupDays": 90,
        "strategy": "dirop",
        "slMode": "pips",
        "tpMode": "none"
      },
      "stats": {
        "total": 250,
        "winRate": 10.8,
        "totalPnl": 14.48425922877933,
        "maxDD": 0.1997305747507001,
        "sharpe": 1.3816573128245482,
        "sortino": 34.15117034447021,
        "calmar": 12.18540193540757,
        "cagr": 2.2989279618457426,
        "pf": 8.288563674120974,
        "expectancy": 0.05793703691511731,
        "years": 5.951300479123888,
        "slHitRate": 0.892,
        "exits": {
          "SL": 223,
          "TP": 0,
          "TRAIL": 0,
          "EOD": 27
        }
      },
      "n_trades": 250
    },
    {
      "cfg": {
        "slAtrMult": 4.0,
        "atrPeriod": 14,
        "slAtrTfMin": 30,
        "slFixedPips": 147.0,
        "tpRMult": 5.2,
        "mfeTrailPct": 0.75,
        "mfeMinR": 1.5,
        "levelTargetCutoffH": 23.0,
        "beAfterR": 2.0,
        "momZThresh": 3.9,
        "costPct": 0.0,
        "dynMinMove": 0.95,
        "windowStartH": 3.0,
        "windowEndH": 12.0,
        "eodClose": 1,
        "oneTradeAtATime": 0.0,
        "minBarsBetween": 116.0,
        "maxLevelTrades": 3.0,
        "warmupDays": 90,
        "strategy": "reversal",
        "slMode": "atr",
        "tpMode": "none"
      },
      "stats": {
        "total": 23,
        "winRate": 69.56521739130434,
        "totalPnl": 5.030189798068062,
        "maxDD": 1.0166629932081623,
        "sharpe": 0.7615919839400964,
        "sortino": 0.8701420489723247,
        "calmar": 0.8532850262486908,
        "cagr": 0.8499819221539306,
        "pf": 2.9390383250989336,
        "expectancy": 0.2187039042638288,
        "years": 5.798467564073314,
        "slHitRate": 0.17391304347826086,
        "exits": {
          "SL": 4,
          "TP": 0,
          "TRAIL": 0,
          "EOD": 19
        }
      },
      "n_trades": 23
    },
    {
      "cfg": {
        "slAtrMult": 1.2,
        "atrPeriod": 14,
        "slAtrTfMin": 30,
        "slFixedPips": 10.0,
        "tpRMult": 6.1,
        "mfeTrailPct": 0.55,
        "mfeMinR": 1.2,
        "levelTargetCutoffH": 11.0,
        "beAfterR": 0.1,
        "momZThresh": 0.4,
        "costPct": 0.0,
        "dynMinMove": 0.4,
        "windowStartH": 6.0,
        "windowEndH": 17.0,
        "eodClose": 1,
        "oneTradeAtATime": 1.0,
        "minBarsBetween": 292.0,
        "maxLevelTrades": 7.0,
        "warmupDays": 90,
        "strategy": "reversal",
        "slMode": "pips",
        "tpMode": "none"
      },
      "stats": {
        "total": 2215,
        "winRate": 5.146726862302483,
        "totalPnl": 10.04259990865642,
        "maxDD": 2.6353837966613374,
        "sharpe": 0.7085526433639215,
        "sortino": 0.8048713006983464,
        "calmar": 0.6366824866957536,
        "cagr": 1.6117483538638844,
        "pf": 1.3052902616125643,
        "expectancy": 0.004533905150634957,
        "years": 5.98520990189368,
        "slHitRate": 0.9381489841986456,
        "exits": {
          "SL": 2078,
          "TP": 0,
          "TRAIL": 0,
          "EOD": 137
        }
      },
      "n_trades": 2215
    },
    {
      "cfg": {
        "slAtrMult": 5.3,
        "atrPeriod": 14,
        "slAtrTfMin": 30,
        "slFixedPips": 229.0,
        "tpRMult": 6.6,
        "mfeTrailPct": 0.5,
        "mfeMinR": 2.5,
        "levelTargetCutoffH": 16.0,
        "beAfterR": 2.0,
        "momZThresh": 2.0,
        "costPct": 0.0,
        "dynMinMove": 0.25,
        "windowStartH": 6.0,
        "windowEndH": 12.0,
        "eodClose": 1,
        "oneTradeAtATime": 1.0,
        "minBarsBetween": 117.0,
        "maxLevelTrades": 4.0,
        "warmupDays": 90,
        "strategy": "reversal",
        "slMode": "atr",
        "tpMode": "none"
      },
      "stats": {
        "total": 825,
        "winRate": 47.15151515151515,
        "totalPnl": 10.914884914502995,
        "maxDD": 5.320572415248337,
        "sharpe": 0.5692135403370704,
        "sortino": 0.683766895184451,
        "calmar": 0.34278938089087446,
        "cagr": 1.7460668343521446,
        "pf": 1.155775862223686,
        "expectancy": 0.013230163532730863,
        "years": 5.984576773899156,
        "slHitRate": 0.01818181818181818,
        "exits": {
          "SL": 15,
          "TP": 0,
          "TRAIL": 0,
          "EOD": 810
        }
      },
      "n_trades": 825
    },
    {
      "cfg": {
        "slAtrMult": 1.2,
        "atrPeriod": 14,
        "slAtrTfMin": 30,
        "slFixedPips": 2.0,
        "tpRMult": 8.4,
        "mfeTrailPct": 0.15,
        "mfeMinR": 2.1,
        "levelTargetCutoffH": 16.0,
        "beAfterR": 0.7,
        "momZThresh": 3.4,
        "costPct": 0.0,
        "dynMinMove": 0.2,
        "windowStartH": 11.0,
        "windowEndH": 23.0,
        "eodClose": 1,
        "oneTradeAtATime": 1.0,
        "minBarsBetween": 326.0,
        "maxLevelTrades": 1.0,
        "warmupDays": 90,
        "strategy": "dirop",
        "slMode": "pips",
        "tpMode": "none"
      },
      "stats": {
        "total": 342,
        "winRate": 5.555555555555555,
        "totalPnl": 3.671274879710576,
        "maxDD": 2.696024588274466,
        "sharpe": 0.5237112885279477,
        "sortino": 3.6110155380923246,
        "calmar": 0.22784042720037925,
        "cagr": 0.6050795917186935,
        "pf": 1.6252004219742706,
        "expectancy": 0.010734721870498763,
        "years": 5.976711156741958,
        "slHitRate": 0.9415204678362573,
        "exits": {
          "SL": 322,
          "TP": 0,
          "TRAIL": 0,
          "EOD": 20
        }
      },
      "n_trades": 342
    }
  ],
  "top_real_sl": [
    {
      "cfg": {
        "slAtrMult": 1.8,
        "atrPeriod": 14,
        "slAtrTfMin": 30,
        "slFixedPips": 1.0,
        "tpRMult": 7.5,
        "mfeTrailPct": 0.5,
        "mfeMinR": 3.0,
        "levelTargetCutoffH": 4.0,
        "beAfterR": 2.1,
        "momZThresh": 3.6,
        "costPct": 0.0,
        "dynMinMove": 0.85,
        "windowStartH": 1.0,
        "windowEndH": 14.0,
        "eodClose": 1,