{
  "pair": "chfjpy",
  "asset_class": "fx",
  "pip_size": 0.01,
  "bars": 3197827,
  "trials": 600,
  "valid_trials": 588,
  "elapsed_sec": 438.6,
  "baseline_train": {
    "stats": {
      "total": 3665,
      "winRate": 70.53206002728513,
      "totalPnl": -32.01631424868296,
      "maxDD": 52.43250874453474,
      "sharpe": -0.5924458334129044,
      "sortino": -0.8951316912381683,
      "calmar": -0.10196977434577338,
      "cagr": -6.2410795254221,
      "pf": 0.8554759334799463,
      "expectancy": -0.008735692837294126,
      "years": 5.988240550612214,
      "slHitRate": 0.234924965893588,
      "exits": {
        "SL": 861,
        "TP": 0,
        "TRAIL": 2513,
        "EOD": 291
      }
    },
    "n_trades": 3665
  },
  "baseline_hold": {
    "stats": {
      "total": 1429,
      "winRate": 69.48915325402379,
      "totalPnl": -19.84132938539325,
      "maxDD": 20.02234057903983,
      "sharpe": -1.996805031941469,
      "sortino": -1.4781805049181027,
      "calmar": -0.4262313558423778,
      "cagr": -9.074183997007545,
      "pf": 0.7754127683366444,
      "expectancy": -0.013884765140233193,
      "years": 2.3249334550155907,
      "slHitRate": 0.2365290412876137,
      "exits": {
        "SL": 338,
        "TP": 0,
        "TRAIL": 977,
        "EOD": 114
      }
    },
    "n_trades": 1429
  },
  "top_unconstrained": [
    {
      "cfg": {
        "slAtrMult": 3.0,
        "atrPeriod": 14,
        "slAtrTfMin": 30,
        "slFixedPips": 1.0,
        "tpRMult": 5.5,
        "mfeTrailPct": 0.15,
        "mfeMinR": 0.5,
        "levelTargetCutoffH": 0.0,
        "beAfterR": 1.2,
        "momZThresh": 1.3,
        "costPct": 0.0,
        "dynMinMove": 0.55,
        "windowStartH": 0.0,
        "windowEndH": 23.0,
        "eodClose": 1,
        "oneTradeAtATime": 0.0,
        "minBarsBetween": 28.0,
        "maxLevelTrades": 1.0,
        "warmupDays": 90,
        "strategy": "dirop",
        "slMode": "pips",
        "tpMode": "none"
      },
      "stats": {
        "total": 3615,
        "winRate": 2.4619640387275243,
        "totalPnl": 8.598151954058341,
        "maxDD": 1.5716841389465332,
        "sharpe": 0.8166101141692647,
        "sortino": 7.179263439355013,
        "calmar": 0.9135772919249866,
        "cagr": 1.3869818273532175,
        "pf": 1.4110802670491196,
        "expectancy": 0.0023784652708321863,
        "years": 5.9881759069130736,
        "slHitRate": 0.9748271092669433,
        "exits": {
          "SL": 3524,
          "TP": 0,
          "TRAIL": 0,
          "EOD": 91
        }
      },
      "n_trades": 3615
    },
    {
      "cfg": {
        "slAtrMult": 3.0,
        "atrPeriod": 14,
        "slAtrTfMin": 30,
        "slFixedPips": 4.0,
        "tpRMult": 4.6,
        "mfeTrailPct": 0.85,
        "mfeMinR": 1.8,
        "levelTargetCutoffH": 12.0,
        "beAfterR": 1.1,
        "momZThresh": 3.4,
        "costPct": 0.0,
        "dynMinMove": 0.4,
        "windowStartH": 2.0,
        "windowEndH": 12.0,
        "eodClose": 1,
        "oneTradeAtATime": 0.0,
        "minBarsBetween": 192.0,
        "maxLevelTrades": 6.0,
        "warmupDays": 90,
        "strategy": "dirop",
        "slMode": "pips",
        "tpMode": "none"
      },
      "stats": {
        "total": 195,
        "winRate": 8.717948717948717,
        "totalPnl": 11.417129070858635,
        "maxDD": 2.277946678427493,
        "sharpe": 0.8512971558521983,
        "sortino": 10.686183073255792,
        "calmar": 0.8689097866975674,
        "cagr": 1.8919386537283422,
        "pf": 3.30600797414428,
        "expectancy": 0.05854937985055711,
        "years": 5.768178188455396,
        "slHitRate": 0.9128205128205128,
        "exits": {
          "SL": 178,
          "TP": 0,
          "TRAIL": 0,
          "EOD": 17
        }
      },
      "n_trades": 195
    },
    {
      "cfg": {
        "slAtrMult": 2.3,
        "atrPeriod": 14,
        "slAtrTfMin": 30,
        "slFixedPips": 98.0,
        "tpRMult": 7.9,
        "mfeTrailPct": 0.9,
        "mfeMinR": 2.5,
        "levelTargetCutoffH": 7.0,
        "beAfterR": 1.0,
        "momZThresh": 2.9,
        "costPct": 0.0,
        "dynMinMove": 0.1,
        "windowStartH": 9.0,
        "windowEndH": 22.0,
        "eodClose": 1,
        "oneTradeAtATime": 0.0,
        "minBarsBetween": 451.0,
        "maxLevelTrades": 6.0,
        "warmupDays": 90,
        "strategy": "reversal",
        "slMode": "pips",
        "tpMode": "none"
      },
      "stats": {
        "total": 976,
        "winRate": 53.278688524590166,
        "totalPnl": 25.782684024074076,
        "maxDD": 5.876118392506623,
        "sharpe": 0.5015494986931872,
        "sortino": 1.3724935533083105,
        "calmar": 0.7331239034346019,
        "cagr": 3.9071038783487166,
        "pf": 1.3341721211288295,
        "expectancy": 0.026416684450895594,
        "years": 5.984945623241311,
        "slHitRate": 0.027663934426229508,
        "exits": {
          "SL": 27,
          "TP": 0,
          "TRAIL": 0,
          "EOD": 949
        }
      },
      "n_trades": 976
    },
    {
      "cfg": {
        "slAtrMult": 5.7,
        "atrPeriod": 14,
        "slAtrTfMin": 30,
        "slFixedPips": 219.0,
        "tpRMult": 1.7,
        "mfeTrailPct": 0.8,
        "mfeMinR": 1.6,
        "levelTargetCutoffH": 0.0,
        "beAfterR": 1.8,
        "momZThresh": 2.0,
        "costPct": 0.0,
        "dynMinMove": 0.9,
        "windowStartH": 5.0,
        "windowEndH": 22.0,
        "eodClose": 1,
        "oneTradeAtATime": 1.0,
        "minBarsBetween": 450.0,
        "maxLevelTrades": 3.0,
        "warmupDays": 90,
        "strategy": "reversal",
        "slMode": "pips",
        "tpMode": "none"
      },
      "stats": {
        "total": 1341,
        "winRate": 50.55928411633109,
        "totalPnl": 19.95534011591838,
        "maxDD": 12.693383109401243,
        "sharpe": 0.3489808549449026,
        "sortino": 0.6599443236498279,
        "calmar": 0.2625757597271889,
        "cagr": 3.0855957655435473,
        "pf": 1.122741651247809,
        "expectancy": 0.014880939683757144,
        "years": 5.987246178416609,
        "slHitRate": 0.0022371364653243847,
        "exits": {
          "SL": 3,
          "TP": 0,
          "TRAIL": 0,
          "EOD": 1338
        }
      },
      "n_trades": 1341
    },
    {
      "cfg": {
        "slAtrMult": 4.4,
        "atrPeriod": 14,
        "slAtrTfMin": 30,
        "slFixedPips": 280.0,
        "tpRMult": 5.6,
        "mfeTrailPct": 0.5,
        "mfeMinR": 3.0,
        "levelTargetCutoffH": 22.0,
        "beAfterR": 1.7,
        "momZThresh": 0.1,
        "costPct": 0.0,
        "dynMinMove": 0.05,
        "windowStartH": 11.0,
        "windowEndH": 22.0,
        "eodClose": 1,
        "oneTradeAtATime": 1.0,
        "minBarsBetween": 233.0,
        "maxLevelTrades": 2.0,
        "warmupDays": 90,
        "strategy": "reversal",
        "slMode": "pips",
        "tpMode": "none"
      },
      "stats": {
        "total": 1359,
        "winRate": 51.65562913907284,
        "totalPnl": 15.386867316491584,
        "maxDD": 14.476989393256686,
        "sharpe": 0.29185113825708575,
        "sortino": 0.5877645171529382,
        "calmar": 0.1775061457700739,
        "cagr": 2.419042825613471,
        "pf": 1.1115417489781008,
        "expectancy": 0.011322198172547177,
        "years": 5.987679671457905,
        "slHitRate": 0.0,
        "exits": {
          "SL": 0,
          "TP": 0,
          "TRAIL": 0,
          "EOD": 1359
        }
      },
      "n_trades": 1359
    }
  ],
  "top_real_sl": [
    {
      "cfg": {
        "slAtrMult": 3.0,
        "atrPeriod": 14,
        "slAtrTfMin": 30,
        "slFixedPips": 1.0,
        "tpRMult": 5.5,
        "mfeTrailPct": 0.15,
        "mfeMinR": 0.5,
        "levelTargetCutoffH": 0.0,
        "beAfterR": 1.2,
        "momZThresh": 1.3,
        "costPct": 0.0,
        "dynMinMove": 0.55,
        "windowStartH": 0.0,
        "windowEndH": 23.0,