{
  "pair": "euraud",
  "asset_class": "fx",
  "pip_size": 0.0001,
  "bars": 3159709,
  "trials": 600,
  "valid_trials": 587,
  "elapsed_sec": 415.8,
  "baseline_train": {
    "stats": {
      "total": 3895,
      "winRate": 68.29268292682927,
      "totalPnl": -94.9745004846487,
      "maxDD": 97.58602486247591,
      "sharpe": -3.1750802666977735,
      "sortino": -2.078305841619717,
      "calmar": -0.16249594492556726,
      "cagr": -39.306310038311324,
      "pf": 0.6619244759305706,
      "expectancy": -0.024383697171925206,
      "years": 5.989310974218572,
      "slHitRate": 0.2554557124518614,
      "exits": {
        "SL": 995,
        "TP": 0,
        "TRAIL": 2588,
        "EOD": 312
      }
    },
    "n_trades": 3895
  },
  "baseline_hold": {
    "stats": {
      "total": 1392,
      "winRate": 72.98850574712644,
      "totalPnl": -7.828605388495567,
      "maxDD": 13.689301129051781,
      "sharpe": -0.8485270427611571,
      "sortino": -0.6110236047802908,
      "calmar": -0.24581972516778688,
      "cagr": -3.443442095667748,
      "pf": 0.890175790694082,
      "expectancy": -0.00562399812391922,
      "years": 2.3264107536694807,
      "slHitRate": 0.21910919540229884,
      "exits": {
        "SL": 305,
        "TP": 0,
        "TRAIL": 984,
        "EOD": 103
      }
    },
    "n_trades": 1392
  },
  "top_unconstrained": [
    {
      "cfg": {
        "slAtrMult": 4.3,
        "atrPeriod": 14,
        "slAtrTfMin": 30,
        "slFixedPips": 266.0,
        "tpRMult": 7.6,
        "mfeTrailPct": 0.15,
        "mfeMinR": 2.6,
        "levelTargetCutoffH": 5.0,
        "beAfterR": 0.4,
        "momZThresh": 0.4,
        "costPct": 0.0,
        "dynMinMove": 0.75,
        "windowStartH": 12.0,
        "windowEndH": 19.0,
        "eodClose": 1,
        "oneTradeAtATime": 1.0,
        "minBarsBetween": 395.0,
        "maxLevelTrades": 8.0,
        "warmupDays": 90,
        "strategy": "reversal",
        "slMode": "atr",
        "tpMode": "none"
      },
      "stats": {
        "total": 1299,
        "winRate": 43.57197844495766,
        "totalPnl": 25.765831590284172,
        "maxDD": 4.7586272605774935,
        "sharpe": 1.019845838201926,
        "sortino": 1.05809642882591,
        "calmar": 0.9047092424984244,
        "cagr": 3.9048396121728057,
        "pf": 1.2289701916861206,
        "expectancy": 0.019835128245022454,
        "years": 5.984852460263138,
        "slHitRate": 0.21632024634334104,
        "exits": {
          "SL": 281,
          "TP": 0,
          "TRAIL": 0,
          "EOD": 1018
        }
      },
      "n_trades": 1299
    },
    {
      "cfg": {
        "slAtrMult": 5.1,
        "atrPeriod": 14,
        "slAtrTfMin": 30,
        "slFixedPips": 161.0,
        "tpRMult": 1.8,
        "mfeTrailPct": 0.3,
        "mfeMinR": 2.8,
        "levelTargetCutoffH": 12.0,
        "beAfterR": 2.8,
        "momZThresh": 1.0,
        "costPct": 0.0,
        "dynMinMove": 0.5,
        "windowStartH": 12.0,
        "windowEndH": 23.0,
        "eodClose": 1,
        "oneTradeAtATime": 1.0,
        "minBarsBetween": 26.0,
        "maxLevelTrades": 6.0,
        "warmupDays": 90,
        "strategy": "reversal",
        "slMode": "pips",
        "tpMode": "none"
      },
      "stats": {
        "total": 1351,
        "winRate": 51.51739452257586,
        "totalPnl": 25.099081190868823,
        "maxDD": 5.124781661409395,
        "sharpe": 0.8839398951175689,
        "sortino": 0.9623581851150186,
        "calmar": 0.8183310079293495,
        "cagr": 3.8125943953414287,
        "pf": 1.1853640737932676,
        "expectancy": 0.018578150400346993,
        "years": 5.984852460263138,
        "slHitRate": 0.012583271650629163,
        "exits": {
          "SL": 17,
          "TP": 0,
          "TRAIL": 0,
          "EOD": 1334
        }
      },
      "n_trades": 1351
    },
    {
      "cfg": {
        "slAtrMult": 5.4,
        "atrPeriod": 14,
        "slAtrTfMin": 30,
        "slFixedPips": 92.0,
        "tpRMult": 7.5,
        "mfeTrailPct": 0.8,
        "mfeMinR": 2.2,
        "levelTargetCutoffH": 8.0,
        "beAfterR": 2.1,
        "momZThresh": 0.9,
        "costPct": 0.0,
        "dynMinMove": 0.75,
        "windowStartH": 12.0,
        "windowEndH": 14.0,
        "eodClose": 1,
        "oneTradeAtATime": 1.0,
        "minBarsBetween": 117.0,
        "maxLevelTrades": 1.0,
        "warmupDays": 90,
        "strategy": "reversal",
        "slMode": "pips",
        "tpMode": "none"
      },
      "stats": {
        "total": 994,
        "winRate": 54.32595573440644,
        "totalPnl": 12.618556803277533,
        "maxDD": 3.5973436273639807,
        "sharpe": 0.9448334195479072,
        "sortino": 0.9969867854629045,
        "calmar": 0.5861034985847324,
        "cagr": 2.0054627144057813,
        "pf": 1.2318163434379825,
        "expectancy": 0.012694725154202745,
        "years": 5.984852460263138,
        "slHitRate": 0.01006036217303823,
        "exits": {
          "SL": 10,
          "TP": 0,
          "TRAIL": 0,
          "EOD": 984
        }
      },
      "n_trades": 994
    },
    {
      "cfg": {
        "slAtrMult": 5.8,
        "atrPeriod": 14,
        "slAtrTfMin": 30,
        "slFixedPips": 8.0,
        "tpRMult": 5.3,
        "mfeTrailPct": 0.35,
        "mfeMinR": 2.6,
        "levelTargetCutoffH": 19.0,
        "beAfterR": 2.0,
        "momZThresh": 3.9,
        "costPct": 0.0,
        "dynMinMove": 0.0,
        "windowStartH": 11.0,
        "windowEndH": 20.0,
        "eodClose": 1,
        "oneTradeAtATime": 1.0,
        "minBarsBetween": 30.0,
        "maxLevelTrades": 6.0,
        "warmupDays": 90,
        "strategy": "dirop",
        "slMode": "pips",
        "tpMode": "none"
      },
      "stats": {
        "total": 25,
        "winRate": 12.0,
        "totalPnl": 1.1598594157490607,
        "maxDD": 0.35329842660571825,
        "sharpe": 0.3753696728765569,
        "sortino": 1.94566984966992,
        "calmar": 0.5783480200433628,
        "cagr": 0.20336005867827023,
        "pf": 2.2890987440396597,
        "expectancy": 0.04639437662996242,
        "years": 5.676418358810556,
        "slHitRate": 0.88,
        "exits": {
          "SL": 22,
          "TP": 0,
          "TRAIL": 0,
          "EOD": 3
        }
      },
      "n_trades": 25
    },
    {
      "cfg": {
        "slAtrMult": 5.8,
        "atrPeriod": 14,
        "slAtrTfMin": 30,
        "slFixedPips": 2.0,
        "tpRMult": 2.1,
        "mfeTrailPct": 0.35,
        "mfeMinR": 2.6,
        "levelTargetCutoffH": 20.0,
        "beAfterR": 2.2,
        "momZThresh": 3.6,
        "costPct": 0.0,
        "dynMinMove": 0.9,
        "windowStartH": 3.0,
        "windowEndH": 13.0,
        "eodClose": 1,
        "oneTradeAtATime": 1.0,
        "minBarsBetween": 225.0,
        "maxLevelTrades": 10.0,
        "warmupDays": 90,
        "strategy": "dirop",
        "slMode": "pips",
        "tpMode": "none"
      },
      "stats": {
        "total": 80,
        "winRate": 5.0,
        "totalPnl": 1.0049651608597978,
        "maxDD": 0.3193014766621729,
        "sharpe": 0.4460853581748359,
        "sortino": 3.6780347272867333,
        "calmar": 0.5349762275054862,
        "cagr": 0.17011059705314135,
        "pf": 2.247645249778113,
        "expectancy": 0.012562064510747473,
        "years": 5.8832268613582785,
        "slHitRate": 0.95,
        "exits": {
          "SL": 76,
          "TP": 0,
          "TRAIL": 0,
          "EOD": 4
        }
      },
      "n_trades": 80
    }
  ],
  "top_real_sl": [
    {
      "cfg": {
        "slAtrMult": 4.3,
        "atrPeriod": 14,
        "slAtrTfMin": 30,
        "slFixedPips": 266.0,
        "tpRMult": 7.6,
        "mfeTrailPct": 0.15,
        "mfeMinR": 2.6,
        "levelTargetCutoffH": 5.0,
        "beAfterR": 0.4,
        "momZThresh": 0.4,
        "costPct": 0.0,
        "dynMinMove": 0.75,
        "windowStartH": 12.0,
        "windowEndH": 19.0,
        "eodClose": 1,