{
  "pair": "eurchf",
  "asset_class": "fx",
  "pip_size": 0.0001,
  "bars": 3062416,
  "trials": 600,
  "valid_trials": 574,
  "elapsed_sec": 369.1,
  "baseline_train": {
    "stats": {
      "total": 3020,
      "winRate": 71.49006622516556,
      "totalPnl": -19.136157319313874,
      "maxDD": 20.194002358168277,
      "sharpe": -1.2469091117794509,
      "sortino": -0.8588981843898887,
      "calmar": -0.15832570360656564,
      "cagr": -3.486560828819818,
      "pf": 0.8433317436331237,
      "expectancy": -0.006336475933547643,
      "years": 5.985230816031637,
      "slHitRate": 0.21125827814569537,
      "exits": {
        "SL": 638,
        "TP": 0,
        "TRAIL": 2117,
        "EOD": 265
      }
    },
    "n_trades": 3020
  },
  "baseline_hold": {
    "stats": {
      "total": 1143,
      "winRate": 72.17847769028872,
      "totalPnl": -8.360160047241529,
      "maxDD": 11.28024724640745,
      "sharpe": -1.2285805524068731,
      "sortino": -0.8633839610039519,
      "calmar": -0.318689088878162,
      "cagr": -3.6845064070390565,
      "pf": 0.8314217062300888,
      "expectancy": -0.007314225763115946,
      "years": 2.3255665830101147,
      "slHitRate": 0.2169728783902012,
      "exits": {
        "SL": 248,
        "TP": 0,
        "TRAIL": 807,
        "EOD": 88
      }
    },
    "n_trades": 1143
  },
  "top_unconstrained": [
    {
      "cfg": {
        "slAtrMult": 1.9,
        "atrPeriod": 14,
        "slAtrTfMin": 30,
        "slFixedPips": 105.0,
        "tpRMult": 8.2,
        "mfeTrailPct": 0.9,
        "mfeMinR": 0.3,
        "levelTargetCutoffH": 16.0,
        "beAfterR": 2.8,
        "momZThresh": 1.2,
        "costPct": 0.0,
        "dynMinMove": 0.1,
        "windowStartH": 12.0,
        "windowEndH": 16.0,
        "eodClose": 1,
        "oneTradeAtATime": 1.0,
        "minBarsBetween": 172.0,
        "maxLevelTrades": 2.0,
        "warmupDays": 90,
        "strategy": "reversal",
        "slMode": "pips",
        "tpMode": "none"
      },
      "stats": {
        "total": 1122,
        "winRate": 52.139037433155075,
        "totalPnl": 12.074080268073503,
        "maxDD": 3.9395858043321015,
        "sharpe": 0.8246791289513103,
        "sortino": 0.8637312508835892,
        "calmar": 0.5120931216804111,
        "cagr": 1.9228891040817153,
        "pf": 1.1818121182087067,
        "expectancy": 0.010761212360136795,
        "years": 5.984867670545289,
        "slHitRate": 0.0,
        "exits": {
          "SL": 0,
          "TP": 0,
          "TRAIL": 0,
          "EOD": 1122
        }
      },
      "n_trades": 1122
    },
    {
      "cfg": {
        "slAtrMult": 0.6,
        "atrPeriod": 14,
        "slAtrTfMin": 30,
        "slFixedPips": 121.0,
        "tpRMult": 9.9,
        "mfeTrailPct": 0.6,
        "mfeMinR": 2.4,
        "levelTargetCutoffH": 3.0,
        "beAfterR": 1.7,
        "momZThresh": 0.0,
        "costPct": 0.0,
        "dynMinMove": 0.35,
        "windowStartH": 12.0,
        "windowEndH": 13.0,
        "eodClose": 1,
        "oneTradeAtATime": 0.0,
        "minBarsBetween": 42.0,
        "maxLevelTrades": 5.0,
        "warmupDays": 90,
        "strategy": "reversal",
        "slMode": "pips",
        "tpMode": "none"
      },
      "stats": {
        "total": 3224,
        "winRate": 50.37220843672456,
        "totalPnl": 7.265768989696258,
        "maxDD": 2.608260767698265,
        "sharpe": 0.6748840260376695,
        "sortino": 0.6989376404386972,
        "calmar": 0.4667201597196912,
        "cagr": 1.18206742447724,
        "pf": 1.088526828031378,
        "expectancy": 0.002253650431047225,
        "years": 5.968621187923036,
        "slHitRate": 0.0,
        "exits": {
          "SL": 0,
          "TP": 0,
          "TRAIL": 0,
          "EOD": 3224
        }
      },
      "n_trades": 3224
    },
    {
      "cfg": {
        "slAtrMult": 5.9,
        "atrPeriod": 14,
        "slAtrTfMin": 30,
        "slFixedPips": 240.0,
        "tpRMult": 2.7,
        "mfeTrailPct": 0.1,
        "mfeMinR": 1.2,
        "levelTargetCutoffH": 3.0,
        "beAfterR": 2.1,
        "momZThresh": 0.2,
        "costPct": 0.0,
        "dynMinMove": 0.1,
        "windowStartH": 11.0,
        "windowEndH": 14.0,
        "eodClose": 1,
        "oneTradeAtATime": 1.0,
        "minBarsBetween": 150.0,
        "maxLevelTrades": 8.0,
        "warmupDays": 90,
        "strategy": "reversal",
        "slMode": "atr",
        "tpMode": "none"
      },
      "stats": {
        "total": 988,
        "winRate": 52.63157894736842,
        "totalPnl": 6.772651285069595,
        "maxDD": 2.697516327663794,
        "sharpe": 0.61342973375817,
        "sortino": 0.6337899283674143,
        "calmar": 0.4194975774461013,
        "cagr": 1.1009449296967677,
        "pf": 1.1464344091803946,
        "expectancy": 0.006854910207560308,
        "years": 5.9850140695109895,
        "slHitRate": 0.013157894736842105,
        "exits": {
          "SL": 13,
          "TP": 0,
          "TRAIL": 0,
          "EOD": 975
        }
      },
      "n_trades": 988
    },
    {
      "cfg": {
        "slAtrMult": 5.3,
        "atrPeriod": 14,
        "slAtrTfMin": 30,
        "slFixedPips": 151.0,
        "tpRMult": 5.0,
        "mfeTrailPct": 0.95,
        "mfeMinR": 0.3,
        "levelTargetCutoffH": 9.0,
        "beAfterR": 1.0,
        "momZThresh": 2.0,
        "costPct": 0.0,
        "dynMinMove": 0.6,
        "windowStartH": 11.0,
        "windowEndH": 14.0,
        "eodClose": 1,
        "oneTradeAtATime": 1.0,
        "minBarsBetween": 204.0,
        "maxLevelTrades": 6.0,
        "warmupDays": 90,
        "strategy": "reversal",
        "slMode": "pips",
        "tpMode": "none"
      },
      "stats": {
        "total": 744,
        "winRate": 52.016129032258064,
        "totalPnl": 5.327342792882352,
        "maxDD": 2.147088303999378,
        "sharpe": 0.5829645530388307,
        "sortino": 0.5752488877667653,
        "calmar": 0.4155074742246445,
        "cagr": 0.8729677542556047,
        "pf": 1.1640473173524162,
        "expectancy": 0.007160406979680581,
        "years": 5.971478819682105,
        "slHitRate": 0.0,
        "exits": {
          "SL": 0,
          "TP": 0,
          "TRAIL": 0,
          "EOD": 744
        }
      },
      "n_trades": 744
    },
    {
      "cfg": {
        "slAtrMult": 1.8,
        "atrPeriod": 14,
        "slAtrTfMin": 30,
        "slFixedPips": 73.0,
        "tpRMult": 1.9,
        "mfeTrailPct": 0.35,
        "mfeMinR": 2.4,
        "levelTargetCutoffH": 15.0,
        "beAfterR": 2.4,
        "momZThresh": 0.0,
        "costPct": 0.0,
        "dynMinMove": 0.3,
        "windowStartH": 12.0,
        "windowEndH": 14.0,
        "eodClose": 1,
        "oneTradeAtATime": 0.0,
        "minBarsBetween": 289.0,
        "maxLevelTrades": 1.0,
        "warmupDays": 90,
        "strategy": "reversal",
        "slMode": "pips",
        "tpMode": "none"
      },
      "stats": {
        "total": 1308,
        "winRate": 50.84097859327217,
        "totalPnl": 4.934302810935394,
        "maxDD": 2.779292860416823,
        "sharpe": 0.4206714730206823,
        "sortino": 0.4160091404755301,
        "calmar": 0.29663767635029387,
        "cagr": 0.8079947971314505,
        "pf": 1.0863868966154302,
        "expectancy": 0.0037724027606539715,
        "years": 5.9850140695109895,
        "slHitRate": 0.0007645259938837921,
        "exits": {
          "SL": 1,
          "TP": 0,
          "TRAIL": 0,
          "EOD": 1307
        }
      },
      "n_trades": 1308
    }
  ],
  "top_real_sl": [
    {
      "cfg": {
        "slAtrMult": 1.3,
        "atrPeriod": 14,
        "slAtrTfMin": 30,
        "slFixedPips": 290.0,
        "tpRMult": 0.7,
        "mfeTrailPct": 0.1,
        "mfeMinR": 0.4,
        "levelTargetCutoffH": 13.0,
        "beAfterR": 0.9,
        "momZThresh": 3.9,
        "costPct": 0.0,
        "dynMinMove": 0.45,
        "windowStartH": 7.0,
        "windowEndH": 17.0,