{
  "pair": "eurcad",
  "asset_class": "fx",
  "pip_size": 0.0001,
  "bars": 3209604,
  "trials": 600,
  "valid_trials": 592,
  "elapsed_sec": 431.5,
  "baseline_train": {
    "stats": {
      "total": 3596,
      "winRate": 68.40934371523916,
      "totalPnl": -54.31837536038148,
      "maxDD": 54.47935924009455,
      "sharpe": -2.2841638316689297,
      "sortino": -1.661009518142214,
      "calmar": -0.16649701142457546,
      "cagr": -12.263544873297693,
      "pf": 0.7473621690461795,
      "expectancy": -0.015105221179193953,
      "years": 5.988366035439958,
      "slHitRate": 0.2374860956618465,
      "exits": {
        "SL": 854,
        "TP": 0,
        "TRAIL": 2395,
        "EOD": 347
      }
    },
    "n_trades": 3596
  },
  "baseline_hold": {
    "stats": {
      "total": 1197,
      "winRate": 72.01336675020885,
      "totalPnl": -13.00535758615164,
      "maxDD": 15.096131562036671,
      "sharpe": -1.8849206032594072,
      "sortino": -1.228050377939366,
      "calmar": -0.37043033496192634,
      "cagr": -5.814751350636116,
      "pf": 0.7695459437434435,
      "expectancy": -0.010864960389433312,
      "years": 2.3256806601262454,
      "slHitRate": 0.21804511278195488,
      "exits": {
        "SL": 261,
        "TP": 0,
        "TRAIL": 829,
        "EOD": 107
      }
    },
    "n_trades": 1197
  },
  "top_unconstrained": [
    {
      "cfg": {
        "slAtrMult": 4.3,
        "atrPeriod": 14,
        "slAtrTfMin": 30,
        "slFixedPips": 3.0,
        "tpRMult": 2.4,
        "mfeTrailPct": 0.55,
        "mfeMinR": 2.5,
        "levelTargetCutoffH": 9.0,
        "beAfterR": 2.0,
        "momZThresh": 3.5,
        "costPct": 0.0,
        "dynMinMove": 0.05,
        "windowStartH": 3.0,
        "windowEndH": 22.0,
        "eodClose": 1,
        "oneTradeAtATime": 1.0,
        "minBarsBetween": 53.0,
        "maxLevelTrades": 2.0,
        "warmupDays": 90,
        "strategy": "dirop",
        "slMode": "pips",
        "tpMode": "none"
      },
      "stats": {
        "total": 200,
        "winRate": 9.0,
        "totalPnl": 4.669724621035062,
        "maxDD": 1.0542461010059416,
        "sharpe": 0.8663259591037532,
        "sortino": 4.835363843012938,
        "calmar": 0.7487304206246603,
        "cagr": 0.7744538673472912,
        "pf": 2.3409001524820425,
        "expectancy": 0.023348623105175315,
        "years": 5.915940375693969,
        "slHitRate": 0.895,
        "exits": {
          "SL": 179,
          "TP": 0,
          "TRAIL": 0,
          "EOD": 21
        }
      },
      "n_trades": 200
    },
    {
      "cfg": {
        "slAtrMult": 1.1,
        "atrPeriod": 14,
        "slAtrTfMin": 30,
        "slFixedPips": 216.0,
        "tpRMult": 9.7,
        "mfeTrailPct": 0.55,
        "mfeMinR": 3.0,
        "levelTargetCutoffH": 8.0,
        "beAfterR": 1.0,
        "momZThresh": 3.9,
        "costPct": 0.0,
        "dynMinMove": 0.95,
        "windowStartH": 9.0,
        "windowEndH": 15.0,
        "eodClose": 1,
        "oneTradeAtATime": 1.0,
        "minBarsBetween": 130.0,
        "maxLevelTrades": 1.0,
        "warmupDays": 90,
        "strategy": "dirop",
        "slMode": "atr",
        "tpMode": "none"
      },
      "stats": {
        "total": 36,
        "winRate": 38.88888888888889,
        "totalPnl": 3.3913261113251267,
        "maxDD": 0.9321890156925212,
        "sharpe": 0.7097883646934028,
        "sortino": 1.9015955337243609,
        "calmar": 0.6488356151764987,
        "cagr": 0.5965800555336243,
        "pf": 2.4500544948114755,
        "expectancy": 0.09420350309236467,
        "years": 5.607004334930413,
        "slHitRate": 0.6111111111111112,
        "exits": {
          "SL": 22,
          "TP": 0,
          "TRAIL": 0,
          "EOD": 14
        }
      },
      "n_trades": 36
    },
    {
      "cfg": {
        "slAtrMult": 4.0,
        "atrPeriod": 14,
        "slAtrTfMin": 30,
        "slFixedPips": 245.0,
        "tpRMult": 7.5,
        "mfeTrailPct": 0.35,
        "mfeMinR": 2.6,
        "levelTargetCutoffH": 15.0,
        "beAfterR": 1.7,
        "momZThresh": 0.0,
        "costPct": 0.0,
        "dynMinMove": 0.9,
        "windowStartH": 3.0,
        "windowEndH": 14.0,
        "eodClose": 1,
        "oneTradeAtATime": 1.0,
        "minBarsBetween": 71.0,
        "maxLevelTrades": 7.0,
        "warmupDays": 90,
        "strategy": "reversal",
        "slMode": "atr",
        "tpMode": "none"
      },
      "stats": {
        "total": 1350,
        "winRate": 48.888888888888886,
        "totalPnl": 11.719715278665923,
        "maxDD": 4.2267806312984,
        "sharpe": 0.495162475989575,
        "sortino": 0.5702545279612984,
        "calmar": 0.46305670427419293,
        "cagr": 1.8680215691711854,
        "pf": 1.094472235941971,
        "expectancy": 0.00868127057678958,
        "years": 5.987881207696403,
        "slHitRate": 0.17703703703703705,
        "exits": {
          "SL": 239,
          "TP": 0,
          "TRAIL": 0,
          "EOD": 1111
        }
      },
      "n_trades": 1350
    },
    {
      "cfg": {
        "slAtrMult": 3.0,
        "atrPeriod": 14,
        "slAtrTfMin": 30,
        "slFixedPips": 171.0,
        "tpRMult": 3.4,
        "mfeTrailPct": 0.45,
        "mfeMinR": 2.6,
        "levelTargetCutoffH": 19.0,
        "beAfterR": 0.7,
        "momZThresh": 0.7,
        "costPct": 0.0,
        "dynMinMove": 0.65,
        "windowStartH": 3.0,
        "windowEndH": 21.0,
        "eodClose": 1,
        "oneTradeAtATime": 1.0,
        "minBarsBetween": 402.0,
        "maxLevelTrades": 6.0,
        "warmupDays": 90,
        "strategy": "reversal",
        "slMode": "atr",
        "tpMode": "none"
      },
      "stats": {
        "total": 1714,
        "winRate": 35.88098016336056,
        "totalPnl": 16.793656085962304,
        "maxDD": 6.306647460575119,
        "sharpe": 0.6099367976286257,
        "sortino": 0.7242544233953663,
        "calmar": 0.4447054186585622,
        "cagr": 2.6264379233879254,
        "pf": 1.1148882536407303,
        "expectancy": 0.009797932372206719,
        "years": 5.987896417978553,
        "slHitRate": 0.485414235705951,
        "exits": {
          "SL": 832,
          "TP": 0,
          "TRAIL": 0,
          "EOD": 882
        }
      },
      "n_trades": 1714
    },
    {
      "cfg": {
        "slAtrMult": 0.8,
        "atrPeriod": 14,
        "slAtrTfMin": 30,
        "slFixedPips": 269.0,
        "tpRMult": 0.8,
        "mfeTrailPct": 0.7,
        "mfeMinR": 1.5,
        "levelTargetCutoffH": 20.0,
        "beAfterR": 0.7,
        "momZThresh": 0.1,
        "costPct": 0.0,
        "dynMinMove": 0.9,
        "windowStartH": 1.0,
        "windowEndH": 14.0,
        "eodClose": 1,
        "oneTradeAtATime": 1.0,
        "minBarsBetween": 142.0,
        "maxLevelTrades": 5.0,
        "warmupDays": 90,
        "strategy": "reversal",
        "slMode": "atr",
        "tpMode": "none"
      },
      "stats": {
        "total": 1984,
        "winRate": 15.423387096774194,
        "totalPnl": 13.083703570328217,
        "maxDD": 5.0118293523327315,
        "sharpe": 0.9330751100905951,
        "sortino": 1.5106048848721196,
        "calmar": 0.4359746571727317,
        "cagr": 2.074677511720502,
        "pf": 1.2349771558409275,
        "expectancy": 0.006594608654399304,
        "years": 5.987881207696403,
        "slHitRate": 0.8296370967741935,
        "exits": {
          "SL": 1646,
          "TP": 0,
          "TRAIL": 0,
          "EOD": 338
        }
      },
      "n_trades": 1984
    }
  ],
  "top_real_sl": [
    {
      "cfg": {
        "slAtrMult": 4.3,
        "atrPeriod": 14,
        "slAtrTfMin": 30,
        "slFixedPips": 3.0,
        "tpRMult": 2.4,
        "mfeTrailPct": 0.55,
        "mfeMinR": 2.5,
        "levelTargetCutoffH": 9.0,
        "beAfterR": 2.0,
        "momZThresh": 3.5,
        "costPct": 0.0,
        "dynMinMove": 0.05,
        "windowStartH": 3.0,
        "windowEndH": 22.0,