{
  "pair": "eurgbp",
  "asset_class": "fx",
  "pip_size": 0.0001,
  "bars": 3102712,
  "trials": 600,
  "valid_trials": 599,
  "elapsed_sec": 411.0,
  "baseline_train": {
    "stats": {
      "total": 3571,
      "winRate": 69.81237748529824,
      "totalPnl": -49.68244524344105,
      "maxDD": 50.26667211359513,
      "sharpe": -2.2241451831771193,
      "sortino": -1.5010919429176448,
      "calmar": -0.16504960534189456,
      "cagr": -10.83590483997563,
      "pf": 0.7527486160276079,
      "expectancy": -0.013912754198667325,
      "years": 5.988366035439958,
      "slHitRate": 0.2315877905348642,
      "exits": {
        "SL": 827,
        "TP": 0,
        "TRAIL": 2469,
        "EOD": 275
      }
    },
    "n_trades": 3571
  },
  "baseline_hold": {
    "stats": {
      "total": 999,
      "winRate": 69.46946946946947,
      "totalPnl": -7.556032828599068,
      "maxDD": 9.857655971447642,
      "sharpe": -1.6032888302450086,
      "sortino": -1.1137189922964958,
      "calmar": -0.3295738160389183,
      "cagr": -3.321700909721592,
      "pf": 0.7949583659544562,
      "expectancy": -0.007563596425024088,
      "years": 2.3257738231044187,
      "slHitRate": 0.22722722722722724,
      "exits": {
        "SL": 227,
        "TP": 0,
        "TRAIL": 676,
        "EOD": 96
      }
    },
    "n_trades": 999
  },
  "top_unconstrained": [
    {
      "cfg": {
        "slAtrMult": 3.8,
        "atrPeriod": 14,
        "slAtrTfMin": 30,
        "slFixedPips": 114.0,
        "tpRMult": 6.7,
        "mfeTrailPct": 0.85,
        "mfeMinR": 0.2,
        "levelTargetCutoffH": 5.0,
        "beAfterR": 2.2,
        "momZThresh": 3.7,
        "costPct": 0.0,
        "dynMinMove": 1.0,
        "windowStartH": 9.0,
        "windowEndH": 12.0,
        "eodClose": 1,
        "oneTradeAtATime": 0.0,
        "minBarsBetween": 113.0,
        "maxLevelTrades": 8.0,
        "warmupDays": 90,
        "strategy": "reversal",
        "slMode": "atr",
        "tpMode": "none"
      },
      "stats": {
        "total": 38,
        "winRate": 71.05263157894737,
        "totalPnl": 7.3387911177430425,
        "maxDD": 0.6434108380649712,
        "sharpe": 0.9728658216765903,
        "sortino": 1.8169519932358522,
        "calmar": 2.044132432867597,
        "cagr": 1.2772832992776317,
        "pf": 4.006702476019998,
        "expectancy": 0.19312608204586956,
        "years": 5.579909118564149,
        "slHitRate": 0.07894736842105263,
        "exits": {
          "SL": 3,
          "TP": 0,
          "TRAIL": 0,
          "EOD": 35
        }
      },
      "n_trades": 38
    },
    {
      "cfg": {
        "slAtrMult": 4.6,
        "atrPeriod": 14,
        "slAtrTfMin": 30,
        "slFixedPips": 131.0,
        "tpRMult": 5.8,
        "mfeTrailPct": 0.85,
        "mfeMinR": 0.8,
        "levelTargetCutoffH": 4.0,
        "beAfterR": 0.3,
        "momZThresh": 3.3,
        "costPct": 0.0,
        "dynMinMove": 0.1,
        "windowStartH": 2.0,
        "windowEndH": 12.0,
        "eodClose": 1,
        "oneTradeAtATime": 1.0,
        "minBarsBetween": 3.0,
        "maxLevelTrades": 1.0,
        "warmupDays": 90,
        "strategy": "reversal",
        "slMode": "pips",
        "tpMode": "none"
      },
      "stats": {
        "total": 113,
        "winRate": 55.75221238938053,
        "totalPnl": 7.417544069822185,
        "maxDD": 1.1557698151677545,
        "sharpe": 0.7825965503088973,
        "sortino": 1.2298462839956654,
        "calmar": 1.0802904653017413,
        "cagr": 1.2117126734429329,
        "pf": 1.842961387067598,
        "expectancy": 0.06564198291878043,
        "years": 5.940845311430527,
        "slHitRate": 0.0,
        "exits": {
          "SL": 0,
          "TP": 0,
          "TRAIL": 0,
          "EOD": 113
        }
      },
      "n_trades": 113
    },
    {
      "cfg": {
        "slAtrMult": 4.3,
        "atrPeriod": 14,
        "slAtrTfMin": 30,
        "slFixedPips": 1.0,
        "tpRMult": 9.5,
        "mfeTrailPct": 0.9,
        "mfeMinR": 2.7,
        "levelTargetCutoffH": 2.0,
        "beAfterR": 2.5,
        "momZThresh": 3.8,
        "costPct": 0.0,
        "dynMinMove": 0.1,
        "windowStartH": 7.0,
        "windowEndH": 16.0,
        "eodClose": 1,
        "oneTradeAtATime": 0.0,
        "minBarsBetween": 213.0,
        "maxLevelTrades": 9.0,
        "warmupDays": 90,
        "strategy": "reversal",
        "slMode": "pips",
        "tpMode": "none"
      },
      "stats": {
        "total": 114,
        "winRate": 6.140350877192982,
        "totalPnl": 2.0714303877995457,
        "maxDD": 0.4171345030944052,
        "sharpe": 0.6208252507789841,
        "sortino": 3.795009938605627,
        "calmar": 0.8363167399432552,
        "cagr": 0.3458893622167336,
        "pf": 2.701314293912863,
        "expectancy": 0.01817044199824163,
        "years": 5.9377709331508095,
        "slHitRate": 0.9298245614035088,
        "exits": {
          "SL": 106,
          "TP": 0,
          "TRAIL": 0,
          "EOD": 8
        }
      },
      "n_trades": 114
    },
    {
      "cfg": {
        "slAtrMult": 2.6,
        "atrPeriod": 14,
        "slAtrTfMin": 30,
        "slFixedPips": 206.0,
        "tpRMult": 4.1,
        "mfeTrailPct": 0.25,
        "mfeMinR": 2.3,
        "levelTargetCutoffH": 6.0,
        "beAfterR": 2.5,
        "momZThresh": 0.2,
        "costPct": 0.0,
        "dynMinMove": 0.85,
        "windowStartH": 12.0,
        "windowEndH": 20.0,
        "eodClose": 1,
        "oneTradeAtATime": 1.0,
        "minBarsBetween": 3.0,
        "maxLevelTrades": 1.0,
        "warmupDays": 90,
        "strategy": "reversal",
        "slMode": "pips",
        "tpMode": "none"
      },
      "stats": {
        "total": 1320,
        "winRate": 52.57575757575758,
        "totalPnl": 21.265823847624677,
        "maxDD": 4.467091318013438,
        "sharpe": 0.8727336179781174,
        "sortino": 0.9165443576507185,
        "calmar": 0.7950570107723091,
        "cagr": 3.2725980314485037,
        "pf": 1.1806966627916815,
        "expectancy": 0.01611047261183686,
        "years": 5.987687276598981,
        "slHitRate": 0.0,
        "exits": {
          "SL": 0,
          "TP": 0,
          "TRAIL": 0,
          "EOD": 1320
        }
      },
      "n_trades": 1320
    },
    {
      "cfg": {
        "slAtrMult": 2.5,
        "atrPeriod": 14,
        "slAtrTfMin": 30,
        "slFixedPips": 2.0,
        "tpRMult": 7.8,
        "mfeTrailPct": 0.55,
        "mfeMinR": 2.7,
        "levelTargetCutoffH": 14.0,
        "beAfterR": 0.6,
        "momZThresh": 3.7,
        "costPct": 0.0,
        "dynMinMove": 0.45,
        "windowStartH": 10.0,
        "windowEndH": 22.0,
        "eodClose": 1,
        "oneTradeAtATime": 1.0,
        "minBarsBetween": 382.0,
        "maxLevelTrades": 2.0,
        "warmupDays": 90,
        "strategy": "reversal",
        "slMode": "pips",
        "tpMode": "none"
      },
      "stats": {
        "total": 65,
        "winRate": 15.384615384615385,
        "totalPnl": 1.097792458883744,
        "maxDD": 0.2947322282129071,
        "sharpe": 0.46853211100682085,
        "sortino": 2.465528605322598,
        "calmar": 0.6289708291200963,
        "cagr": 0.1845378893655658,
        "pf": 1.9874125224219303,
        "expectancy": 0.016889114752057607,
        "years": 5.92191421400867,
        "slHitRate": 0.8461538461538461,
        "exits": {
          "SL": 55,
          "TP": 0,
          "TRAIL": 0,
          "EOD": 10
        }
      },
      "n_trades": 65
    }
  ],
  "top_real_sl": [
    {
      "cfg": {
        "slAtrMult": 4.3,
        "atrPeriod": 14,
        "slAtrTfMin": 30,
        "slFixedPips": 1.0,
        "tpRMult": 9.5,
        "mfeTrailPct": 0.9,
        "mfeMinR": 2.7,
        "levelTargetCutoffH": 2.0,
        "beAfterR": 2.5,
        "momZThresh": 3.8,
        "costPct": 0.0,
        "dynMinMove": 0.1,
        "windowStartH": 7.0,
        "windowEndH": 16.0,
        "eodClose": 1,