{
  "pair": "eurjpy",
  "asset_class": "fx",
  "pip_size": 0.01,
  "bars": 3152064,
  "trials": 600,
  "valid_trials": 593,
  "elapsed_sec": 419.1,
  "baseline_train": {
    "stats": {
      "total": 3789,
      "winRate": 67.2209026128266,
      "totalPnl": -86.28300383298864,
      "maxDD": 104.62408943864288,
      "sharpe": -1.6792565463369322,
      "sortino": -2.1547845265621124,
      "calmar": -0.13772754385961725,
      "cagr": -28.234009382646143,
      "pf": 0.6897478770554851,
      "expectancy": -0.022771972508046606,
      "years": 5.987875503840597,
      "slHitRate": 0.25679598838743734,
      "exits": {
        "SL": 973,
        "TP": 0,
        "TRAIL": 2470,
        "EOD": 346
      }
    },
    "n_trades": 3789
  },
  "baseline_hold": {
    "stats": {
      "total": 1483,
      "winRate": 65.67768037761294,
      "totalPnl": -51.33630892501776,
      "maxDD": 52.04569992603891,
      "sharpe": -4.4343102857648224,
      "sortino": -2.9901398439180937,
      "calmar": -0.4242915879001998,
      "cagr": -26.641609847629166,
      "pf": 0.5872957755155859,
      "expectancy": -0.03461652658463774,
      "years": 2.3247452277739753,
      "slHitRate": 0.2744436952124073,
      "exits": {
        "SL": 407,
        "TP": 0,
        "TRAIL": 952,
        "EOD": 124
      }
    },
    "n_trades": 1483
  },
  "top_unconstrained": [
    {
      "cfg": {
        "slAtrMult": 5.4,
        "atrPeriod": 14,
        "slAtrTfMin": 30,
        "slFixedPips": 3.0,
        "tpRMult": 6.0,
        "mfeTrailPct": 0.85,
        "mfeMinR": 1.4,
        "levelTargetCutoffH": 6.0,
        "beAfterR": 2.9,
        "momZThresh": 0.1,
        "costPct": 0.0,
        "dynMinMove": 0.75,
        "windowStartH": 9.0,
        "windowEndH": 22.0,
        "eodClose": 1,
        "oneTradeAtATime": 1.0,
        "minBarsBetween": 26.0,
        "maxLevelTrades": 2.0,
        "warmupDays": 90,
        "strategy": "reversal",
        "slMode": "pips",
        "tpMode": "none"
      },
      "stats": {
        "total": 4621,
        "winRate": 7.574118156243237,
        "totalPnl": 19.92833091436056,
        "maxDD": 4.023427705761955,
        "sharpe": 0.426765258040503,
        "sortino": 5.241073453093569,
        "calmar": 0.8271038506345899,
        "cagr": 3.081087922873116,
        "pf": 1.2616367106431992,
        "expectancy": 0.004312558085773761,
        "years": 5.988453494562324,
        "slHitRate": 0.9210127677991776,
        "exits": {
          "SL": 4256,
          "TP": 0,
          "TRAIL": 0,
          "EOD": 365
        }
      },
      "n_trades": 4621
    },
    {
      "cfg": {
        "slAtrMult": 5.5,
        "atrPeriod": 14,
        "slAtrTfMin": 30,
        "slFixedPips": 232.0,
        "tpRMult": 6.2,
        "mfeTrailPct": 0.7,
        "mfeMinR": 2.5,
        "levelTargetCutoffH": 18.0,
        "beAfterR": 1.6,
        "momZThresh": 1.1,
        "costPct": 0.0,
        "dynMinMove": 0.2,
        "windowStartH": 12.0,
        "windowEndH": 14.0,
        "eodClose": 1,
        "oneTradeAtATime": 1.0,
        "minBarsBetween": 49.0,
        "maxLevelTrades": 5.0,
        "warmupDays": 90,
        "strategy": "reversal",
        "slMode": "pips",
        "tpMode": "none"
      },
      "stats": {
        "total": 969,
        "winRate": 52.52837977296182,
        "totalPnl": 6.542732168288847,
        "maxDD": 3.1268338988061326,
        "sharpe": 0.45630015016264974,
        "sortino": 0.4476063731358142,
        "calmar": 0.34978183764444826,
        "cagr": 1.0650500122818984,
        "pf": 1.1083155717943025,
        "expectancy": 0.006752045581309429,
        "years": 5.982146931325576,
        "slHitRate": 0.0,
        "exits": {
          "SL": 0,
          "TP": 0,
          "TRAIL": 0,
          "EOD": 969
        }
      },
      "n_trades": 969
    },
    {
      "cfg": {
        "slAtrMult": 0.7,
        "atrPeriod": 14,
        "slAtrTfMin": 30,
        "slFixedPips": 160.0,
        "tpRMult": 0.5,
        "mfeTrailPct": 0.75,
        "mfeMinR": 2.6,
        "levelTargetCutoffH": 0.0,
        "beAfterR": 2.1,
        "momZThresh": 0.6,
        "costPct": 0.0,
        "dynMinMove": 0.15,
        "windowStartH": 6.0,
        "windowEndH": 12.0,
        "eodClose": 1,
        "oneTradeAtATime": 0.0,
        "minBarsBetween": 470.0,
        "maxLevelTrades": 4.0,
        "warmupDays": 90,
        "strategy": "reversal",
        "slMode": "atr",
        "tpMode": "none"
      },
      "stats": {
        "total": 3307,
        "winRate": 21.74175990323556,
        "totalPnl": 19.478800356540553,
        "maxDD": 11.125452012008088,
        "sharpe": 0.7942676538647834,
        "sortino": 1.7370563764651885,
        "calmar": 0.29269037893408684,
        "cagr": 3.0198415216925456,
        "pf": 1.1241854149670094,
        "expectancy": 0.005890172469470982,
        "years": 5.981857935964712,
        "slHitRate": 0.7599032355609313,
        "exits": {
          "SL": 2513,
          "TP": 0,
          "TRAIL": 0,
          "EOD": 794
        }
      },
      "n_trades": 3307
    },
    {
      "cfg": {
        "slAtrMult": 4.1,
        "atrPeriod": 14,
        "slAtrTfMin": 30,
        "slFixedPips": 75.0,
        "tpRMult": 8.1,
        "mfeTrailPct": 0.6,
        "mfeMinR": 2.5,
        "levelTargetCutoffH": 20.0,
        "beAfterR": 2.4,
        "momZThresh": 3.4,
        "costPct": 0.0,
        "dynMinMove": 0.0,
        "windowStartH": 10.0,
        "windowEndH": 18.0,
        "eodClose": 1,
        "oneTradeAtATime": 0.0,
        "minBarsBetween": 197.0,
        "maxLevelTrades": 5.0,
        "warmupDays": 90,
        "strategy": "reversal",
        "slMode": "atr",
        "tpMode": "none"
      },
      "stats": {
        "total": 188,
        "winRate": 49.46808510638298,
        "totalPnl": 6.308444658857586,
        "maxDD": 4.484293814389291,
        "sharpe": 0.431349455837909,
        "sortino": 0.5020903444437858,
        "calmar": 0.23820996632583974,
        "cagr": 1.0412467963371697,
        "pf": 1.245550352019256,
        "expectancy": 0.033555556696051064,
        "years": 5.905658224960073,
        "slHitRate": 0.09042553191489362,
        "exits": {
          "SL": 17,
          "TP": 0,
          "TRAIL": 0,
          "EOD": 171
        }
      },
      "n_trades": 188
    },
    {
      "cfg": {
        "slAtrMult": 0.6,
        "atrPeriod": 14,
        "slAtrTfMin": 30,
        "slFixedPips": 236.0,
        "tpRMult": 9.1,
        "mfeTrailPct": 0.75,
        "mfeMinR": 2.4,
        "levelTargetCutoffH": 8.0,
        "beAfterR": 0.8,
        "momZThresh": 3.6,
        "costPct": 0.0,
        "dynMinMove": 0.35,
        "windowStartH": 9.0,
        "windowEndH": 12.0,
        "eodClose": 1,
        "oneTradeAtATime": 0.0,
        "minBarsBetween": 77.0,
        "maxLevelTrades": 2.0,
        "warmupDays": 90,
        "strategy": "reversal",
        "slMode": "pips",
        "tpMode": "none"
      },
      "stats": {
        "total": 22,
        "winRate": 50.0,
        "totalPnl": 0.6840085502891153,
        "maxDD": 0.5032372565017119,
        "sharpe": 0.3073233772248275,
        "sortino": 0.39808995706547134,
        "calmar": 0.23640844019502655,
        "cagr": 0.1186348153859651,
        "pf": 1.5275530483913227,
        "expectancy": 0.031091297740414338,
        "years": 5.749442923416229,
        "slHitRate": 0.0,
        "exits": {
          "SL": 0,
          "TP": 0,
          "TRAIL": 0,
          "EOD": 22
        }
      },
      "n_trades": 22
    }
  ],
  "top_real_sl": [
    {
      "cfg": {
        "slAtrMult": 5.4,
        "atrPeriod": 14,
        "slAtrTfMin": 30,
        "slFixedPips": 3.0,
        "tpRMult": 6.0,
        "mfeTrailPct": 0.85,
        "mfeMinR": 1.4,
        "levelTargetCutoffH": 6.0,
        "beAfterR": 2.9,
        "momZThresh": 0.1,
        "costPct": 0.0,
        "dynMinMove": 0.75,
        "windowStartH": 9.0,
        "windowEndH": 22.0,
        "eodClose": 1,