{
  "pair": "eurnzd",
  "asset_class": "fx",
  "pip_size": 0.0001,
  "bars": 3200837,
  "trials": 600,
  "valid_trials": 580,
  "elapsed_sec": 401.2,
  "baseline_train": {
    "stats": {
      "total": 3881,
      "winRate": 70.13656274156145,
      "totalPnl": -59.94284652827537,
      "maxDD": 63.875830050331615,
      "sharpe": -1.895548216594405,
      "sortino": -1.3212500820163913,
      "calmar": -0.1566858339143948,
      "cagr": -14.165684557495862,
      "pf": 0.7797237946517495,
      "expectancy": -0.015445206526224005,
      "years": 5.989231120237281,
      "slHitRate": 0.24246328265910846,
      "exits": {
        "SL": 941,
        "TP": 0,
        "TRAIL": 2636,
        "EOD": 304
      }
    },
    "n_trades": 3881
  },
  "baseline_hold": {
    "stats": {
      "total": 1359,
      "winRate": 71.81751287711553,
      "totalPnl": -14.658623568850555,
      "maxDD": 16.51007337177464,
      "sharpe": -1.8175214855338082,
      "sortino": -1.209352897404704,
      "calmar": -0.3816680736362865,
      "cagr": -6.587006699349196,
      "pf": 0.791158813403962,
      "expectancy": -0.010786330808572886,
      "years": 2.3262605521332422,
      "slHitRate": 0.2229580573951435,
      "exits": {
        "SL": 303,
        "TP": 0,
        "TRAIL": 953,
        "EOD": 103
      }
    },
    "n_trades": 1359
  },
  "top_unconstrained": [
    {
      "cfg": {
        "slAtrMult": 2.0,
        "atrPeriod": 14,
        "slAtrTfMin": 30,
        "slFixedPips": 18.0,
        "tpRMult": 3.1,
        "mfeTrailPct": 0.35,
        "mfeMinR": 0.6,
        "levelTargetCutoffH": 21.0,
        "beAfterR": 0.3,
        "momZThresh": 0.2,
        "costPct": 0.0,
        "dynMinMove": 0.35,
        "windowStartH": 5.0,
        "windowEndH": 23.0,
        "eodClose": 1,
        "oneTradeAtATime": 0.0,
        "minBarsBetween": 379.0,
        "maxLevelTrades": 1.0,
        "warmupDays": 90,
        "strategy": "reversal",
        "slMode": "pips",
        "tpMode": "none"
      },
      "stats": {
        "total": 2755,
        "winRate": 10.526315789473683,
        "totalPnl": 18.911650218729918,
        "maxDD": 3.879296179725898,
        "sharpe": 0.5036453413943941,
        "sortino": 1.4241713413458807,
        "calmar": 0.8140375408097131,
        "cagr": 2.9345267716398338,
        "pf": 1.2837783870621613,
        "expectancy": 0.006864482838014486,
        "years": 5.988693056506198,
        "slHitRate": 0.8834845735027224,
        "exits": {
          "SL": 2434,
          "TP": 0,
          "TRAIL": 0,
          "EOD": 321
        }
      },
      "n_trades": 2755
    },
    {
      "cfg": {
        "slAtrMult": 2.5,
        "atrPeriod": 14,
        "slAtrTfMin": 30,
        "slFixedPips": 1.0,
        "tpRMult": 0.8,
        "mfeTrailPct": 0.2,
        "mfeMinR": 0.3,
        "levelTargetCutoffH": 14.0,
        "beAfterR": 1.7,
        "momZThresh": 3.3,
        "costPct": 0.0,
        "dynMinMove": 0.9,
        "windowStartH": 6.0,
        "windowEndH": 14.0,
        "eodClose": 1,
        "oneTradeAtATime": 1.0,
        "minBarsBetween": 325.0,
        "maxLevelTrades": 10.0,
        "warmupDays": 90,
        "strategy": "dirop",
        "slMode": "pips",
        "tpMode": "none"
      },
      "stats": {
        "total": 174,
        "winRate": 2.8735632183908044,
        "totalPnl": 1.4073475683255963,
        "maxDD": 0.32996943258728295,
        "sharpe": 0.5209742855054473,
        "sortino": 7.486881992402925,
        "calmar": 0.718297273084343,
        "cagr": 0.23564100589590353,
        "pf": 2.5840621219782864,
        "expectancy": 0.008088204415664345,
        "years": 5.9377709331508095,
        "slHitRate": 0.9712643678160919,
        "exits": {
          "SL": 169,
          "TP": 0,
          "TRAIL": 0,
          "EOD": 5
        }
      },
      "n_trades": 174
    },
    {
      "cfg": {
        "slAtrMult": 1.9,
        "atrPeriod": 14,
        "slAtrTfMin": 30,
        "slFixedPips": 280.0,
        "tpRMult": 2.2,
        "mfeTrailPct": 0.95,
        "mfeMinR": 0.6,
        "levelTargetCutoffH": 8.0,
        "beAfterR": 1.6,
        "momZThresh": 1.2,
        "costPct": 0.0,
        "dynMinMove": 0.05,
        "windowStartH": 9.0,
        "windowEndH": 22.0,
        "eodClose": 1,
        "oneTradeAtATime": 0.0,
        "minBarsBetween": 464.0,
        "maxLevelTrades": 9.0,
        "warmupDays": 90,
        "strategy": "reversal",
        "slMode": "pips",
        "tpMode": "none"
      },
      "stats": {
        "total": 28284,
        "winRate": 50.71064913025032,
        "totalPnl": 143.51273325127823,
        "maxDD": 69.27938002552469,
        "sharpe": 0.5422333357684402,
        "sortino": 0.5786333190031049,
        "calmar": 0.34589623942874775,
        "cagr": 16.022077428606508,
        "pf": 1.0476934474919144,
        "expectancy": 0.005073990003227197,
        "years": 5.988810936192866,
        "slHitRate": 0.004136614340263046,
        "exits": {
          "SL": 117,
          "TP": 0,
          "TRAIL": 0,
          "EOD": 28167
        }
      },
      "n_trades": 28284
    },
    {
      "cfg": {
        "slAtrMult": 5.5,
        "atrPeriod": 14,
        "slAtrTfMin": 30,
        "slFixedPips": 295.0,
        "tpRMult": 2.5,
        "mfeTrailPct": 0.7,
        "mfeMinR": 2.6,
        "levelTargetCutoffH": 20.0,
        "beAfterR": 0.5,
        "momZThresh": 1.1,
        "costPct": 0.0,
        "dynMinMove": 0.8,
        "windowStartH": 9.0,
        "windowEndH": 13.0,
        "eodClose": 1,
        "oneTradeAtATime": 1.0,
        "minBarsBetween": 159.0,
        "maxLevelTrades": 10.0,
        "warmupDays": 90,
        "strategy": "reversal",
        "slMode": "atr",
        "tpMode": "none"
      },
      "stats": {
        "total": 1110,
        "winRate": 51.26126126126126,
        "totalPnl": 10.20843670311714,
        "maxDD": 5.428822048768534,
        "sharpe": 0.6266908913416385,
        "sortino": 0.6501493569841398,
        "calmar": 0.3140286619156749,
        "cagr": 1.6365384463451704,
        "pf": 1.1344069048537297,
        "expectancy": 0.00919678982262806,
        "years": 5.9880352118031785,
        "slHitRate": 0.015315315315315315,
        "exits": {
          "SL": 17,
          "TP": 0,
          "TRAIL": 0,
          "EOD": 1093
        }
      },
      "n_trades": 1110
    },
    {
      "cfg": {
        "slAtrMult": 3.2,
        "atrPeriod": 14,
        "slAtrTfMin": 30,
        "slFixedPips": 182.0,
        "tpRMult": 5.9,
        "mfeTrailPct": 0.95,
        "mfeMinR": 1.3,
        "levelTargetCutoffH": 10.0,
        "beAfterR": 2.2,
        "momZThresh": 0.3,
        "costPct": 0.0,
        "dynMinMove": 0.2,
        "windowStartH": 6.0,
        "windowEndH": 14.0,
        "eodClose": 1,
        "oneTradeAtATime": 0.0,
        "minBarsBetween": 46.0,
        "maxLevelTrades": 9.0,
        "warmupDays": 90,
        "strategy": "reversal",
        "slMode": "pips",
        "tpMode": "none"
      },
      "stats": {
        "total": 21555,
        "winRate": 50.34562746462537,
        "totalPnl": 61.532680396814335,
        "maxDD": 33.13892595037984,
        "sharpe": 0.588346222624382,
        "sortino": 0.6257406445706427,
        "calmar": 0.3100620308316533,
        "cagr": 8.336963980853017,
        "pf": 1.0295584983150416,
        "expectancy": 0.0028546824586784814,
        "years": 5.988510533120389,
        "slHitRate": 0.006866156344235676,
        "exits": {
          "SL": 148,
          "TP": 0,
          "TRAIL": 0,
          "EOD": 21407
        }
      },
      "n_trades": 21555
    }
  ],
  "top_real_sl": [
    {
      "cfg": {
        "slAtrMult": 2.0,
        "atrPeriod": 14,
        "slAtrTfMin": 30,
        "slFixedPips": 18.0,
        "tpRMult": 3.1,
        "mfeTrailPct": 0.35,
        "mfeMinR": 0.6,
        "levelTargetCutoffH": 21.0,
        "beAfterR": 0.3,
        "momZThresh": 0.2,
        "costPct": 0.0,
        "dynMinMove": 0.35,