{
  "pair": "eurusd",
  "asset_class": "fx",
  "pip_size": 0.0001,
  "bars": 3136815,
  "trials": 600,
  "valid_trials": 597,
  "elapsed_sec": 558.3,
  "baseline_train": {
    "stats": {
      "total": 3722,
      "winRate": 68.83396023643202,
      "totalPnl": -59.93149927062586,
      "maxDD": 66.57700371112546,
      "sharpe": -2.117427259960853,
      "sortino": -1.7873826758293598,
      "calmar": -0.1503009598346604,
      "cagr": -14.16168352882281,
      "pf": 0.7351478390010527,
      "expectancy": -0.016101961115160095,
      "years": 5.989204502243517,
      "slHitRate": 0.23428264373992477,
      "exits": {
        "SL": 872,
        "TP": 0,
        "TRAIL": 2497,
        "EOD": 353
      }
    },
    "n_trades": 3722
  },
  "baseline_hold": {
    "stats": {
      "total": 1303,
      "winRate": 69.45510360706064,
      "totalPnl": -20.380545048385553,
      "maxDD": 21.809483042448157,
      "sharpe": -2.664130054325908,
      "sortino": -1.779822100031472,
      "calmar": -0.4019305498416031,
      "cagr": -9.337588850032985,
      "pf": 0.7209972487975224,
      "expectancy": -0.01564124715916005,
      "years": 2.3249809871473115,
      "slHitRate": 0.23944742900997698,
      "exits": {
        "SL": 312,
        "TP": 0,
        "TRAIL": 865,
        "EOD": 126
      }
    },
    "n_trades": 1303
  },
  "top_unconstrained": [
    {
      "cfg": {
        "slAtrMult": 4.0,
        "atrPeriod": 14,
        "slAtrTfMin": 30,
        "slFixedPips": 1.0,
        "tpRMult": 4.3,
        "mfeTrailPct": 0.55,
        "mfeMinR": 0.7,
        "levelTargetCutoffH": 13.0,
        "beAfterR": 2.1,
        "momZThresh": 3.7,
        "costPct": 0.0,
        "dynMinMove": 0.95,
        "windowStartH": 10.0,
        "windowEndH": 17.0,
        "eodClose": 1,
        "oneTradeAtATime": 1.0,
        "minBarsBetween": 226.0,
        "maxLevelTrades": 8.0,
        "warmupDays": 90,
        "strategy": "dirop",
        "slMode": "pips",
        "tpMode": "none"
      },
      "stats": {
        "total": 74,
        "winRate": 5.405405405405405,
        "totalPnl": 3.891969209461179,
        "maxDD": 0.3033307954870732,
        "sharpe": 0.6088263178684565,
        "sortino": 20.663866513637842,
        "calmar": 2.1786357163114407,
        "cagr": 0.6504176313587573,
        "pf": 7.857575009930694,
        "expectancy": 0.052594178506232145,
        "years": 5.8893623089208305,
        "slHitRate": 0.9459459459459459,
        "exits": {
          "SL": 70,
          "TP": 0,
          "TRAIL": 0,
          "EOD": 4
        }
      },
      "n_trades": 74
    },
    {
      "cfg": {
        "slAtrMult": 2.7,
        "atrPeriod": 14,
        "slAtrTfMin": 30,
        "slFixedPips": 4.0,
        "tpRMult": 2.8,
        "mfeTrailPct": 0.3,
        "mfeMinR": 1.9,
        "levelTargetCutoffH": 21.0,
        "beAfterR": 0.7,
        "momZThresh": 0.4,
        "costPct": 0.0,
        "dynMinMove": 0.2,
        "windowStartH": 11.0,
        "windowEndH": 22.0,
        "eodClose": 1,
        "oneTradeAtATime": 0.0,
        "minBarsBetween": 46.0,
        "maxLevelTrades": 9.0,
        "warmupDays": 90,
        "strategy": "reversal",
        "slMode": "pips",
        "tpMode": "none"
      },
      "stats": {
        "total": 14109,
        "winRate": 9.795166205967822,
        "totalPnl": 37.84482643820482,
        "maxDD": 12.178844374331296,
        "sharpe": 0.960028648220329,
        "sortino": 3.6786131097897004,
        "calmar": 0.5188693790567007,
        "cagr": 5.505488733911412,
        "pf": 1.175262731728534,
        "expectancy": 0.0026823181258916143,
        "years": 5.988835652901361,
        "slHitRate": 0.8919129633567227,
        "exits": {
          "SL": 12584,
          "TP": 0,
          "TRAIL": 0,
          "EOD": 1525
        }
      },
      "n_trades": 14109
    },
    {
      "cfg": {
        "slAtrMult": 3.0,
        "atrPeriod": 14,
        "slAtrTfMin": 30,
        "slFixedPips": 67.0,
        "tpRMult": 5.2,
        "mfeTrailPct": 0.9,
        "mfeMinR": 1.8,
        "levelTargetCutoffH": 3.0,
        "beAfterR": 0.4,
        "momZThresh": 1.5,
        "costPct": 0.0,
        "dynMinMove": 0.7,
        "windowStartH": 1.0,
        "windowEndH": 16.0,
        "eodClose": 1,
        "oneTradeAtATime": 1.0,
        "minBarsBetween": 126.0,
        "maxLevelTrades": 3.0,
        "warmupDays": 90,
        "strategy": "reversal",
        "slMode": "pips",
        "tpMode": "none"
      },
      "stats": {
        "total": 1433,
        "winRate": 45.778087927424984,
        "totalPnl": 16.498256985631887,
        "maxDD": 8.079898917932463,
        "sharpe": 0.5474687103513275,
        "sortino": 0.5493775922835242,
        "calmar": 0.3411587194808552,
        "cagr": 2.5842403318821594,
        "pf": 1.110436701145717,
        "expectancy": 0.011513089313071809,
        "years": 5.985158567191421,
        "slHitRate": 0.2030704815073273,
        "exits": {
          "SL": 291,
          "TP": 0,
          "TRAIL": 0,
          "EOD": 1142
        }
      },
      "n_trades": 1433
    },
    {
      "cfg": {
        "slAtrMult": 4.6,
        "atrPeriod": 14,
        "slAtrTfMin": 30,
        "slFixedPips": 46.0,
        "tpRMult": 3.3,
        "mfeTrailPct": 0.65,
        "mfeMinR": 0.8,
        "levelTargetCutoffH": 23.0,
        "beAfterR": 1.5,
        "momZThresh": 2.6,
        "costPct": 0.0,
        "dynMinMove": 0.5,
        "windowStartH": 5.0,
        "windowEndH": 16.0,
        "eodClose": 1,
        "oneTradeAtATime": 1.0,
        "minBarsBetween": 237.0,
        "maxLevelTrades": 2.0,
        "warmupDays": 90,
        "strategy": "reversal",
        "slMode": "atr",
        "tpMode": "none"
      },
      "stats": {
        "total": 838,
        "winRate": 49.88066825775656,
        "totalPnl": 11.866862201337353,
        "maxDD": 6.908635924214439,
        "sharpe": 0.5011701980268406,
        "sortino": 0.576075570921703,
        "calmar": 0.2870088239183289,
        "cagr": 1.891404520750184,
        "pf": 1.1248525210264733,
        "expectancy": 0.014160933414483753,
        "years": 5.98478211270819,
        "slHitRate": 0.14797136038186157,
        "exits": {
          "SL": 124,
          "TP": 0,
          "TRAIL": 0,
          "EOD": 714
        }
      },
      "n_trades": 838
    },
    {
      "cfg": {
        "slAtrMult": 4.6,
        "atrPeriod": 14,
        "slAtrTfMin": 30,
        "slFixedPips": 95.0,
        "tpRMult": 8.5,
        "mfeTrailPct": 0.8,
        "mfeMinR": 2.6,
        "levelTargetCutoffH": 20.0,
        "beAfterR": 0.3,
        "momZThresh": 0.0,
        "costPct": 0.0,
        "dynMinMove": 0.6,
        "windowStartH": 3.0,
        "windowEndH": 22.0,
        "eodClose": 1,
        "oneTradeAtATime": 1.0,
        "minBarsBetween": 160.0,
        "maxLevelTrades": 10.0,
        "warmupDays": 90,
        "strategy": "reversal",
        "slMode": "atr",
        "tpMode": "none"
      },
      "stats": {
        "total": 2156,
        "winRate": 31.493506493506494,
        "totalPnl": 18.264391065874744,
        "maxDD": 11.324056839790366,
        "sharpe": 0.5148388056677285,
        "sortino": 0.5464550937790768,
        "calmar": 0.2692985496483484,
        "cagr": 2.840509549394721,
        "pf": 1.1089841969672691,
        "expectancy": 0.00847142442758568,
        "years": 5.989204502243517,
        "slHitRate": 0.4647495361781076,
        "exits": {
          "SL": 1002,
          "TP": 0,
          "TRAIL": 0,
          "EOD": 1154
        }
      },
      "n_trades": 2156
    }
  ],
  "top_real_sl": [
    {
      "cfg": {
        "slAtrMult": 4.0,
        "atrPeriod": 14,
        "slAtrTfMin": 30,
        "slFixedPips": 1.0,
        "tpRMult": 4.3,
        "mfeTrailPct": 0.55,
        "mfeMinR": 0.7,
        "levelTargetCutoffH": 13.0,
        "beAfterR": 2.1,
        "momZThresh": 3.7,
        "costPct": 0.0,
        "dynMinMove": 0.95,
        "windowStartH": 10.0,