{
  "pair": "gbpaud",
  "asset_class": "fx",
  "pip_size": 0.0001,
  "bars": 3204676,
  "trials": 600,
  "valid_trials": 600,
  "elapsed_sec": 444.0,
  "baseline_train": {
    "stats": {
      "total": 4183,
      "winRate": 68.6588572794645,
      "totalPnl": -98.14179564592304,
      "maxDD": 99.53443393187744,
      "sharpe": -2.989560802601671,
      "sortino": -2.0340838191443344,
      "calmar": -0.1646245826465657,
      "cagr": -48.594832302256975,
      "pf": 0.6918301512164537,
      "expectancy": -0.0234620596810717,
      "years": 5.989436459046315,
      "slHitRate": 0.24312694238584748,
      "exits": {
        "SL": 1017,
        "TP": 0,
        "TRAIL": 2828,
        "EOD": 338
      }
    },
    "n_trades": 4183
  },
  "baseline_hold": {
    "stats": {
      "total": 1406,
      "winRate": 69.34566145092461,
      "totalPnl": -29.546184195594115,
      "maxDD": 30.994402108078503,
      "sharpe": -3.8173941787953085,
      "sortino": -2.3804703315350273,
      "calmar": -0.40992990183832384,
      "cagr": -13.980784197031138,
      "pf": 0.6349158290770237,
      "expectancy": -0.02101435575789054,
      "years": 2.3254582097497907,
      "slHitRate": 0.24751066856330015,
      "exits": {
        "SL": 348,
        "TP": 0,
        "TRAIL": 958,
        "EOD": 100
      }
    },
    "n_trades": 1406
  },
  "top_unconstrained": [
    {
      "cfg": {
        "slAtrMult": 5.4,
        "atrPeriod": 14,
        "slAtrTfMin": 30,
        "slFixedPips": 3.0,
        "tpRMult": 5.1,
        "mfeTrailPct": 0.8,
        "mfeMinR": 2.5,
        "levelTargetCutoffH": 6.0,
        "beAfterR": 0.5,
        "momZThresh": 3.6,
        "costPct": 0.0,
        "dynMinMove": 0.1,
        "windowStartH": 3.0,
        "windowEndH": 14.0,
        "eodClose": 1,
        "oneTradeAtATime": 1.0,
        "minBarsBetween": 229.0,
        "maxLevelTrades": 1.0,
        "warmupDays": 90,
        "strategy": "reversal",
        "slMode": "pips",
        "tpMode": "none"
      },
      "stats": {
        "total": 127,
        "winRate": 8.661417322834646,
        "totalPnl": 4.249334743578176,
        "maxDD": 0.36121182604633795,
        "sharpe": 0.8923423338904152,
        "sortino": 9.405662939611114,
        "calmar": 1.9792246010606218,
        "cagr": 0.7026034746081322,
        "pf": 3.612087484342676,
        "expectancy": 0.033459328689591936,
        "years": 5.9437961061677695,
        "slHitRate": 0.9133858267716536,
        "exits": {
          "SL": 116,
          "TP": 0,
          "TRAIL": 0,
          "EOD": 11
        }
      },
      "n_trades": 127
    },
    {
      "cfg": {
        "slAtrMult": 5.5,
        "atrPeriod": 14,
        "slAtrTfMin": 30,
        "slFixedPips": 193.0,
        "tpRMult": 9.8,
        "mfeTrailPct": 0.8,
        "mfeMinR": 0.6,
        "levelTargetCutoffH": 9.0,
        "beAfterR": 0.6,
        "momZThresh": 0.9,
        "costPct": 0.0,
        "dynMinMove": 0.55,
        "windowStartH": 9.0,
        "windowEndH": 15.0,
        "eodClose": 1,
        "oneTradeAtATime": 1.0,
        "minBarsBetween": 4.0,
        "maxLevelTrades": 3.0,
        "warmupDays": 90,
        "strategy": "reversal",
        "slMode": "pips",
        "tpMode": "none"
      },
      "stats": {
        "total": 1346,
        "winRate": 52.08023774145617,
        "totalPnl": 31.14648468410892,
        "maxDD": 4.428155337009795,
        "sharpe": 1.1364557275806246,
        "sortino": 1.2073953152084964,
        "calmar": 1.1746570345602612,
        "cagr": 4.632292924362069,
        "pf": 1.238244881557069,
        "expectancy": 0.02314003319770351,
        "years": 5.987907825690167,
        "slHitRate": 0.014858841010401188,
        "exits": {
          "SL": 20,
          "TP": 0,
          "TRAIL": 0,
          "EOD": 1326
        }
      },
      "n_trades": 1346
    },
    {
      "cfg": {
        "slAtrMult": 1.0,
        "atrPeriod": 14,
        "slAtrTfMin": 30,
        "slFixedPips": 1.0,
        "tpRMult": 4.7,
        "mfeTrailPct": 0.1,
        "mfeMinR": 0.3,
        "levelTargetCutoffH": 9.0,
        "beAfterR": 2.1,
        "momZThresh": 2.7,
        "costPct": 0.0,
        "dynMinMove": 0.15,
        "windowStartH": 5.0,
        "windowEndH": 17.0,
        "eodClose": 1,
        "oneTradeAtATime": 1.0,
        "minBarsBetween": 479.0,
        "maxLevelTrades": 3.0,
        "warmupDays": 90,
        "strategy": "reversal",
        "slMode": "pips",
        "tpMode": "none"
      },
      "stats": {
        "total": 917,
        "winRate": 2.8353326063249726,
        "totalPnl": 5.271224077120654,
        "maxDD": 0.8451331760075964,
        "sharpe": 0.9127196675318713,
        "sortino": 12.991260542070977,
        "calmar": 1.0421275476667096,
        "cagr": 0.8620025801608033,
        "pf": 2.306691764448811,
        "expectancy": 0.005748335961963635,
        "years": 5.985017872081527,
        "slHitRate": 0.9716466739367503,
        "exits": {
          "SL": 891,
          "TP": 0,
          "TRAIL": 0,
          "EOD": 26
        }
      },
      "n_trades": 917
    },
    {
      "cfg": {
        "slAtrMult": 3.1,
        "atrPeriod": 14,
        "slAtrTfMin": 30,
        "slFixedPips": 236.0,
        "tpRMult": 3.9,
        "mfeTrailPct": 0.75,
        "mfeMinR": 2.2,
        "levelTargetCutoffH": 0.0,
        "beAfterR": 1.2,
        "momZThresh": 0.1,
        "costPct": 0.0,
        "dynMinMove": 1.0,
        "windowStartH": 9.0,
        "windowEndH": 16.0,
        "eodClose": 1,
        "oneTradeAtATime": 1.0,
        "minBarsBetween": 215.0,
        "maxLevelTrades": 3.0,
        "warmupDays": 90,
        "strategy": "reversal",
        "slMode": "atr",
        "tpMode": "none"
      },
      "stats": {
        "total": 1436,
        "winRate": 50.69637883008357,
        "totalPnl": 23.762425003318317,
        "maxDD": 5.973705448808953,
        "sharpe": 0.8412077520562495,
        "sortino": 0.9521929556643457,
        "calmar": 0.6643242747177721,
        "cagr": 3.624613991257064,
        "pf": 1.1544133785465815,
        "expectancy": 0.016547649723759286,
        "years": 5.9877937485740365,
        "slHitRate": 0.20473537604456823,
        "exits": {
          "SL": 294,
          "TP": 0,
          "TRAIL": 0,
          "EOD": 1142
        }
      },
      "n_trades": 1436
    },
    {
      "cfg": {
        "slAtrMult": 3.6,
        "atrPeriod": 14,
        "slAtrTfMin": 30,
        "slFixedPips": 128.0,
        "tpRMult": 9.1,
        "mfeTrailPct": 0.3,
        "mfeMinR": 3.0,
        "levelTargetCutoffH": 16.0,
        "beAfterR": 1.6,
        "momZThresh": 0.7,
        "costPct": 0.0,
        "dynMinMove": 0.05,
        "windowStartH": 9.0,
        "windowEndH": 18.0,
        "eodClose": 1,
        "oneTradeAtATime": 1.0,
        "minBarsBetween": 230.0,
        "maxLevelTrades": 6.0,
        "warmupDays": 90,
        "strategy": "reversal",
        "slMode": "atr",
        "tpMode": "none"
      },
      "stats": {
        "total": 1461,
        "winRate": 50.23956194387406,
        "totalPnl": 24.53611290233232,
        "maxDD": 7.0470422583163925,
        "sharpe": 0.7895616842770574,
        "sortino": 0.8847154771378414,
        "calmar": 0.5814745001873682,
        "cagr": 3.7325078125693745,
        "pf": 1.144471209267496,
        "expectancy": 0.016794054005703177,
        "years": 5.987812761426724,
        "slHitRate": 0.1697467488021903,
        "exits": {
          "SL": 248,
          "TP": 0,
          "TRAIL": 0,
          "EOD": 1213
        }
      },
      "n_trades": 1461
    }
  ],
  "top_real_sl": [
    {
      "cfg": {
        "slAtrMult": 5.4,
        "atrPeriod": 14,
        "slAtrTfMin": 30,
        "slFixedPips": 3.0,
        "tpRMult": 5.1,
        "mfeTrailPct": 0.8,
        "mfeMinR": 2.5,
        "levelTargetCutoffH": 6.0,
        "beAfterR": 0.5,
        "momZThresh": 3.6,
        "costPct": 0.0,
        "dynMinMove": 0.1,
        "windowStartH": 3.0,