{
  "pair": "gbpchf",
  "asset_class": "fx",
  "pip_size": 0.0001,
  "bars": 3190903,
  "trials": 600,
  "valid_trials": 594,
  "elapsed_sec": 454.9,
  "baseline_train": {
    "stats": {
      "total": 3881,
      "winRate": 69.49239886627157,
      "totalPnl": -65.86794711408386,
      "maxDD": 67.09222122073248,
      "sharpe": -2.4400390211604592,
      "sortino": -1.6500912072955598,
      "calmar": -0.163962228763695,
      "cagr": -16.433239764554898,
      "pf": 0.7412143198136173,
      "expectancy": -0.016971900828158692,
      "years": 5.987673967602099,
      "slHitRate": 0.2285493429528472,
      "exits": {
        "SL": 887,
        "TP": 0,
        "TRAIL": 2649,
        "EOD": 345
      }
    },
    "n_trades": 3881
  },
  "baseline_hold": {
    "stats": {
      "total": 1280,
      "winRate": 69.921875,
      "totalPnl": -9.51366282772636,
      "maxDD": 16.044078655540318,
      "sharpe": -0.9625810850868088,
      "sortino": -0.8771082371601021,
      "calmar": -0.25497115885568444,
      "cagr": -4.2075812005748165,
      "pf": 0.8571717333617227,
      "expectancy": -0.007432549084161223,
      "years": 2.325636930565062,
      "slHitRate": 0.23359375,
      "exits": {
        "SL": 299,
        "TP": 0,
        "TRAIL": 876,
        "EOD": 105
      }
    },
    "n_trades": 1280
  },
  "top_unconstrained": [
    {
      "cfg": {
        "slAtrMult": 3.5,
        "atrPeriod": 14,
        "slAtrTfMin": 30,
        "slFixedPips": 1.0,
        "tpRMult": 5.1,
        "mfeTrailPct": 0.95,
        "mfeMinR": 2.7,
        "levelTargetCutoffH": 16.0,
        "beAfterR": 2.0,
        "momZThresh": 0.6,
        "costPct": 0.0,
        "dynMinMove": 0.0,
        "windowStartH": 11.0,
        "windowEndH": 22.0,
        "eodClose": 1,
        "oneTradeAtATime": 1.0,
        "minBarsBetween": 59.0,
        "maxLevelTrades": 4.0,
        "warmupDays": 90,
        "strategy": "reversal",
        "slMode": "pips",
        "tpMode": "none"
      },
      "stats": {
        "total": 6395,
        "winRate": 3.5809225957779516,
        "totalPnl": 9.757506141785626,
        "maxDD": 2.3339993633499416,
        "sharpe": 0.8920964586197161,
        "sortino": 5.683075489438321,
        "calmar": 0.698130349179145,
        "cagr": 1.5669090281575704,
        "pf": 1.2754687752884735,
        "expectancy": 0.0015258023677538106,
        "years": 5.988272872461784,
        "slHitRate": 0.961532447224394,
        "exits": {
          "SL": 6149,
          "TP": 0,
          "TRAIL": 0,
          "EOD": 246
        }
      },
      "n_trades": 6395
    },
    {
      "cfg": {
        "slAtrMult": 3.5,
        "atrPeriod": 14,
        "slAtrTfMin": 30,
        "slFixedPips": 250.0,
        "tpRMult": 7.1,
        "mfeTrailPct": 0.75,
        "mfeMinR": 2.2,
        "levelTargetCutoffH": 10.0,
        "beAfterR": 0.1,
        "momZThresh": 3.7,
        "costPct": 0.0,
        "dynMinMove": 0.4,
        "windowStartH": 8.0,
        "windowEndH": 23.0,
        "eodClose": 1,
        "oneTradeAtATime": 1.0,
        "minBarsBetween": 423.0,
        "maxLevelTrades": 3.0,
        "warmupDays": 90,
        "strategy": "reversal",
        "slMode": "atr",
        "tpMode": "none"
      },
      "stats": {
        "total": 78,
        "winRate": 23.076923076923077,
        "totalPnl": 3.13028503514069,
        "maxDD": 1.3125838979667028,
        "sharpe": 0.464634529402635,
        "sortino": 0.3998254139671197,
        "calmar": 0.40801753137568486,
        "cagr": 0.528738842423504,
        "pf": 1.6182809293489435,
        "expectancy": 0.04013185942488065,
        "years": 5.84491216062058,
        "slHitRate": 0.6794871794871795,
        "exits": {
          "SL": 53,
          "TP": 0,
          "TRAIL": 0,
          "EOD": 25
        }
      },
      "n_trades": 78
    },
    {
      "cfg": {
        "slAtrMult": 4.2,
        "atrPeriod": 14,
        "slAtrTfMin": 30,
        "slFixedPips": 202.0,
        "tpRMult": 4.6,
        "mfeTrailPct": 0.2,
        "mfeMinR": 0.6,
        "levelTargetCutoffH": 3.0,
        "beAfterR": 0.3,
        "momZThresh": 2.3,
        "costPct": 0.0,
        "dynMinMove": 0.2,
        "windowStartH": 8.0,
        "windowEndH": 23.0,
        "eodClose": 1,
        "oneTradeAtATime": 0.0,
        "minBarsBetween": 403.0,
        "maxLevelTrades": 6.0,
        "warmupDays": 90,
        "strategy": "reversal",
        "slMode": "pips",
        "tpMode": "none"
      },
      "stats": {
        "total": 5881,
        "winRate": 51.07974834211869,
        "totalPnl": 27.195802538345742,
        "maxDD": 13.05899233187306,
        "sharpe": 0.46546986395815515,
        "sortino": 0.4657527070944829,
        "calmar": 0.34780436883135135,
        "cagr": 4.099348809623704,
        "pf": 1.0482652170183178,
        "expectancy": 0.004624350032026145,
        "years": 5.9876606586052175,
        "slHitRate": 0.017003910899506886,
        "exits": {
          "SL": 100,
          "TP": 0,
          "TRAIL": 0,
          "EOD": 5781
        }
      },
      "n_trades": 5881
    },
    {
      "cfg": {
        "slAtrMult": 2.2,
        "atrPeriod": 14,
        "slAtrTfMin": 30,
        "slFixedPips": 124.0,
        "tpRMult": 1.5,
        "mfeTrailPct": 0.55,
        "mfeMinR": 0.5,
        "levelTargetCutoffH": 6.0,
        "beAfterR": 3.0,
        "momZThresh": 3.3,
        "costPct": 0.0,
        "dynMinMove": 0.1,
        "windowStartH": 9.0,
        "windowEndH": 23.0,
        "eodClose": 1,
        "oneTradeAtATime": 0.0,
        "minBarsBetween": 377.0,
        "maxLevelTrades": 9.0,
        "warmupDays": 90,
        "strategy": "reversal",
        "slMode": "pips",
        "tpMode": "none"
      },
      "stats": {
        "total": 437,
        "winRate": 56.52173913043478,
        "totalPnl": 12.361802066257889,
        "maxDD": 6.985320091127354,
        "sharpe": 0.5878669977590609,
        "sortino": 0.6312118738112894,
        "calmar": 0.29883630778456843,
        "cagr": 1.9876750388293063,
        "pf": 1.2444991185394951,
        "expectancy": 0.028287876581825758,
        "years": 5.92191421400867,
        "slHitRate": 0.02745995423340961,
        "exits": {
          "SL": 12,
          "TP": 0,
          "TRAIL": 0,
          "EOD": 425
        }
      },
      "n_trades": 437
    },
    {
      "cfg": {
        "slAtrMult": 3.3,
        "atrPeriod": 14,
        "slAtrTfMin": 30,
        "slFixedPips": 60.0,
        "tpRMult": 9.3,
        "mfeTrailPct": 0.15,
        "mfeMinR": 0.7,
        "levelTargetCutoffH": 8.0,
        "beAfterR": 1.1,
        "momZThresh": 1.1,
        "costPct": 0.0,
        "dynMinMove": 0.95,
        "windowStartH": 9.0,
        "windowEndH": 12.0,
        "eodClose": 1,
        "oneTradeAtATime": 1.0,
        "minBarsBetween": 334.0,
        "maxLevelTrades": 9.0,
        "warmupDays": 90,
        "strategy": "reversal",
        "slMode": "atr",
        "tpMode": "none"
      },
      "stats": {
        "total": 1069,
        "winRate": 51.91768007483629,
        "totalPnl": 7.7580581567661895,
        "maxDD": 4.4775785814147016,
        "sharpe": 0.45029578605459913,
        "sortino": 0.4907037186790749,
        "calmar": 0.28951145220441504,
        "cagr": 1.2563103441174173,
        "pf": 1.101782508218469,
        "expectancy": 0.00725730416909838,
        "years": 5.9847231728648564,
        "slHitRate": 0.09260991580916744,
        "exits": {
          "SL": 99,
          "TP": 0,
          "TRAIL": 0,
          "EOD": 970
        }
      },
      "n_trades": 1069
    }
  ],
  "top_real_sl": [
    {
      "cfg": {
        "slAtrMult": 3.5,
        "atrPeriod": 14,
        "slAtrTfMin": 30,
        "slFixedPips": 1.0,
        "tpRMult": 5.1,
        "mfeTrailPct": 0.95,
        "mfeMinR": 2.7,
        "levelTargetCutoffH": 16.0,
        "beAfterR": 2.0,
        "momZThresh": 0.6,
        "costPct": 0.0,
        "dynMinMove": 0.0,
        "windowStartH": 11.0,