{
  "pair": "gbpcad",
  "asset_class": "fx",
  "pip_size": 0.0001,
  "bars": 3200710,
  "trials": 600,
  "valid_trials": 599,
  "elapsed_sec": 436.4,
  "baseline_train": {
    "stats": {
      "total": 3988,
      "winRate": 69.6088264794383,
      "totalPnl": -69.33105623823737,
      "maxDD": 69.73689497288093,
      "sharpe": -1.9722305885018834,
      "sortino": -1.2230591284408776,
      "calmar": -0.16601511600991506,
      "cagr": -17.910913473095036,
      "pf": 0.7362682651020944,
      "expectancy": -0.017384918816007393,
      "years": 5.9884934215529695,
      "slHitRate": 0.22818455366098295,
      "exits": {
        "SL": 910,
        "TP": 0,
        "TRAIL": 2719,
        "EOD": 359
      }
    },
    "n_trades": 3988
  },
  "baseline_hold": {
    "stats": {
      "total": 1238,
      "winRate": 68.82067851373182,
      "totalPnl": -16.594865349366223,
      "maxDD": 18.4784060149264,
      "sharpe": -2.546738314298337,
      "sortino": -1.7658797375624116,
      "calmar": -0.38629203061086587,
      "cagr": -7.508435825822457,
      "pf": 0.7243996108888875,
      "expectancy": -0.013404576211119727,
      "years": 2.324842193322686,
      "slHitRate": 0.24717285945072698,
      "exits": {
        "SL": 306,
        "TP": 0,
        "TRAIL": 820,
        "EOD": 112
      }
    },
    "n_trades": 1238
  },
  "top_unconstrained": [
    {
      "cfg": {
        "slAtrMult": 0.9,
        "atrPeriod": 14,
        "slAtrTfMin": 30,
        "slFixedPips": 5.0,
        "tpRMult": 8.8,
        "mfeTrailPct": 0.35,
        "mfeMinR": 1.7,
        "levelTargetCutoffH": 1.0,
        "beAfterR": 0.6,
        "momZThresh": 4.0,
        "costPct": 0.0,
        "dynMinMove": 0.8,
        "windowStartH": 7.0,
        "windowEndH": 15.0,
        "eodClose": 1,
        "oneTradeAtATime": 1.0,
        "minBarsBetween": 289.0,
        "maxLevelTrades": 7.0,
        "warmupDays": 90,
        "strategy": "dirop",
        "slMode": "pips",
        "tpMode": "none"
      },
      "stats": {
        "total": 31,
        "winRate": 19.35483870967742,
        "totalPnl": 1.497059002917037,
        "maxDD": 0.1541087699039918,
        "sharpe": 0.7051503849784372,
        "sortino": 3.747925660653184,
        "calmar": 1.6315358043973676,
        "cagr": 0.24988218004566853,
        "pf": 3.548851269308787,
        "expectancy": 0.0482922259005496,
        "years": 5.9540839607574725,
        "slHitRate": 0.8064516129032258,
        "exits": {
          "SL": 25,
          "TP": 0,
          "TRAIL": 0,
          "EOD": 6
        }
      },
      "n_trades": 31
    },
    {
      "cfg": {
        "slAtrMult": 1.7,
        "atrPeriod": 14,
        "slAtrTfMin": 30,
        "slFixedPips": 1.0,
        "tpRMult": 8.8,
        "mfeTrailPct": 0.8,
        "mfeMinR": 2.7,
        "levelTargetCutoffH": 16.0,
        "beAfterR": 2.5,
        "momZThresh": 2.3,
        "costPct": 0.0,
        "dynMinMove": 0.0,
        "windowStartH": 2.0,
        "windowEndH": 22.0,
        "eodClose": 1,
        "oneTradeAtATime": 1.0,
        "minBarsBetween": 11.0,
        "maxLevelTrades": 7.0,
        "warmupDays": 90,
        "strategy": "reversal",
        "slMode": "pips",
        "tpMode": "none"
      },
      "stats": {
        "total": 5001,
        "winRate": 2.919416116776645,
        "totalPnl": 14.629188226180474,
        "maxDD": 2.0598088685098173,
        "sharpe": 1.3161562002304792,
        "sortino": 13.87027168849977,
        "calmar": 1.1861321862726162,
        "cagr": 2.306407077789885,
        "pf": 1.6216404461521268,
        "expectancy": 0.002925252594717152,
        "years": 5.9877024868811315,
        "slHitRate": 0.9684063187362527,
        "exits": {
          "SL": 4843,
          "TP": 0,
          "TRAIL": 0,
          "EOD": 158
        }
      },
      "n_trades": 5001
    },
    {
      "cfg": {
        "slAtrMult": 3.3,
        "atrPeriod": 14,
        "slAtrTfMin": 30,
        "slFixedPips": 243.0,
        "tpRMult": 4.7,
        "mfeTrailPct": 0.8,
        "mfeMinR": 0.1,
        "levelTargetCutoffH": 1.0,
        "beAfterR": 2.8,
        "momZThresh": 3.7,
        "costPct": 0.0,
        "dynMinMove": 0.35,
        "windowStartH": 10.0,
        "windowEndH": 12.0,
        "eodClose": 1,
        "oneTradeAtATime": 0.0,
        "minBarsBetween": 15.0,
        "maxLevelTrades": 9.0,
        "warmupDays": 90,
        "strategy": "reversal",
        "slMode": "pips",
        "tpMode": "none"
      },
      "stats": {
        "total": 34,
        "winRate": 58.82352941176471,
        "totalPnl": 9.808341446986608,
        "maxDD": 2.3198905728484416,
        "sharpe": 1.0604884917623643,
        "sortino": 2.881138616448194,
        "calmar": 0.8051368380899973,
        "cagr": 1.7977778138366096,
        "pf": 4.637814914649142,
        "expectancy": 0.28848063079372377,
        "years": 5.25119780971937,
        "slHitRate": 0.0,
        "exits": {
          "SL": 0,
          "TP": 0,
          "TRAIL": 0,
          "EOD": 34
        }
      },
      "n_trades": 34
    },
    {
      "cfg": {
        "slAtrMult": 0.5,
        "atrPeriod": 14,
        "slAtrTfMin": 30,
        "slFixedPips": 4.0,
        "tpRMult": 6.4,
        "mfeTrailPct": 0.9,
        "mfeMinR": 2.7,
        "levelTargetCutoffH": 15.0,
        "beAfterR": 0.4,
        "momZThresh": 3.5,
        "costPct": 0.0,
        "dynMinMove": 0.8,
        "windowStartH": 9.0,
        "windowEndH": 19.0,
        "eodClose": 1,
        "oneTradeAtATime": 0.0,
        "minBarsBetween": 245.0,
        "maxLevelTrades": 9.0,
        "warmupDays": 90,
        "strategy": "dirop",
        "slMode": "pips",
        "tpMode": "none"
      },
      "stats": {
        "total": 325,
        "winRate": 8.0,
        "totalPnl": 3.6305767161176474,
        "maxDD": 1.2456680451941917,
        "sharpe": 0.6260568186956552,
        "sortino": 2.431164832312073,
        "calmar": 0.49081347932714153,
        "cagr": 0.602360620922826,
        "pf": 1.5473123096333774,
        "expectancy": 0.011171005280361992,
        "years": 5.938227241615332,
        "slHitRate": 0.9107692307692308,
        "exits": {
          "SL": 296,
          "TP": 0,
          "TRAIL": 0,
          "EOD": 29
        }
      },
      "n_trades": 325
    },
    {
      "cfg": {
        "slAtrMult": 5.5,
        "atrPeriod": 14,
        "slAtrTfMin": 30,
        "slFixedPips": 153.0,
        "tpRMult": 6.7,
        "mfeTrailPct": 0.75,
        "mfeMinR": 2.5,
        "levelTargetCutoffH": 20.0,
        "beAfterR": 2.1,
        "momZThresh": 1.1,
        "costPct": 0.0,
        "dynMinMove": 0.55,
        "windowStartH": 11.0,
        "windowEndH": 14.0,
        "eodClose": 1,
        "oneTradeAtATime": 1.0,
        "minBarsBetween": 278.0,
        "maxLevelTrades": 4.0,
        "warmupDays": 90,
        "strategy": "reversal",
        "slMode": "pips",
        "tpMode": "none"
      },
      "stats": {
        "total": 1163,
        "winRate": 50.128976784178846,
        "totalPnl": 9.181740073373959,
        "maxDD": 4.791750081681312,
        "sharpe": 0.45393698500724394,
        "sortino": 0.4762812762126441,
        "calmar": 0.32002537296089784,
        "cagr": 1.4779292102577113,
        "pf": 1.0962560361948825,
        "expectancy": 0.007894875385532199,
        "years": 5.987512358354247,
        "slHitRate": 0.005159071367153913,
        "exits": {
          "SL": 6,
          "TP": 0,
          "TRAIL": 0,
          "EOD": 1157
        }
      },
      "n_trades": 1163
    }
  ],
  "top_real_sl": [
    {
      "cfg": {
        "slAtrMult": 0.9,
        "atrPeriod": 14,
        "slAtrTfMin": 30,
        "slFixedPips": 5.0,
        "tpRMult": 8.8,
        "mfeTrailPct": 0.35,
        "mfeMinR": 1.7,
        "levelTargetCutoffH": 1.0,
        "beAfterR": 0.6,
        "momZThresh": 4.0,
        "costPct": 0.0,
        "dynMinMove": 0.8,
        "windowStartH": 7.0,
        "windowEndH": 15.0,
        "eodClose": 1,