{
  "pair": "gbpjpy",
  "asset_class": "fx",
  "pip_size": 0.01,
  "bars": 3199480,
  "trials": 600,
  "valid_trials": 597,
  "elapsed_sec": 448.5,
  "baseline_train": {
    "stats": {
      "total": 3994,
      "winRate": 67.15072608913371,
      "totalPnl": -127.81433837170492,
      "maxDD": 128.47551297901816,
      "sharpe": -3.616699379036649,
      "sortino": -2.5856391275099564,
      "calmar": -0.16613039008463845,
      "cagr": null,
      "pf": 0.6365524307515144,
      "expectancy": -0.03200158697338626,
      "years": 5.988390752148453,
      "slHitRate": 0.26164246369554334,
      "exits": {
        "SL": 1045,
        "TP": 0,
        "TRAIL": 2603,
        "EOD": 346
      }
    },
    "n_trades": 3994
  },
  "baseline_hold": {
    "stats": {
      "total": 1519,
      "winRate": 68.40026333113892,
      "totalPnl": -34.67703480962455,
      "maxDD": 35.65827861564875,
      "sharpe": -2.6373523173299955,
      "sortino": -1.9676791807329868,
      "calmar": -0.4181278851721324,
      "cagr": -16.730525815276852,
      "pf": 0.7103490212009801,
      "expectancy": -0.022828857675855505,
      "years": 2.3258004410981825,
      "slHitRate": 0.2514812376563529,
      "exits": {
        "SL": 382,
        "TP": 0,
        "TRAIL": 1011,
        "EOD": 126
      }
    },
    "n_trades": 1519
  },
  "top_unconstrained": [
    {
      "cfg": {
        "slAtrMult": 4.4,
        "atrPeriod": 14,
        "slAtrTfMin": 30,
        "slFixedPips": 1.0,
        "tpRMult": 9.4,
        "mfeTrailPct": 0.3,
        "mfeMinR": 1.9,
        "levelTargetCutoffH": 5.0,
        "beAfterR": 0.8,
        "momZThresh": 3.1,
        "costPct": 0.0,
        "dynMinMove": 0.7,
        "windowStartH": 1.0,
        "windowEndH": 14.0,
        "eodClose": 1,
        "oneTradeAtATime": 0.0,
        "minBarsBetween": 221.0,
        "maxLevelTrades": 5.0,
        "warmupDays": 90,
        "strategy": "reversal",
        "slMode": "pips",
        "tpMode": "none"
      },
      "stats": {
        "total": 431,
        "winRate": 8.120649651972158,
        "totalPnl": 16.18031344494242,
        "maxDD": 0.3484971662226549,
        "sharpe": 1.2337601573205847,
        "sortino": 44.94479183436186,
        "calmar": 7.785812956009169,
        "cagr": 2.5468455819731783,
        "pf": 7.896294661098682,
        "expectancy": 0.0375413304987063,
        "years": 5.963259563464902,
        "slHitRate": 0.9164733178654292,
        "exits": {
          "SL": 395,
          "TP": 0,
          "TRAIL": 0,
          "EOD": 36
        }
      },
      "n_trades": 431
    },
    {
      "cfg": {
        "slAtrMult": 3.8,
        "atrPeriod": 14,
        "slAtrTfMin": 30,
        "slFixedPips": 4.0,
        "tpRMult": 9.2,
        "mfeTrailPct": 0.6,
        "mfeMinR": 0.7,
        "levelTargetCutoffH": 11.0,
        "beAfterR": 2.3,
        "momZThresh": 4.0,
        "costPct": 0.0,
        "dynMinMove": 0.4,
        "windowStartH": 3.0,
        "windowEndH": 21.0,
        "eodClose": 1,
        "oneTradeAtATime": 1.0,
        "minBarsBetween": 132.0,
        "maxLevelTrades": 6.0,
        "warmupDays": 90,
        "strategy": "dirop",
        "slMode": "pips",
        "tpMode": "none"
      },
      "stats": {
        "total": 43,
        "winRate": 11.627906976744185,
        "totalPnl": 1.8613674993835367,
        "maxDD": 0.22029187402906047,
        "sharpe": 0.6045666475497755,
        "sortino": 4.514334588211145,
        "calmar": 1.4697559403750247,
        "cagr": 0.32131395495820225,
        "pf": 3.3034678691657375,
        "expectancy": 0.0432876162647334,
        "years": 5.74894858924633,
        "slHitRate": 0.8837209302325582,
        "exits": {
          "SL": 38,
          "TP": 0,
          "TRAIL": 0,
          "EOD": 5
        }
      },
      "n_trades": 43
    },
    {
      "cfg": {
        "slAtrMult": 0.7,
        "atrPeriod": 14,
        "slAtrTfMin": 30,
        "slFixedPips": 198.0,
        "tpRMult": 1.4,
        "mfeTrailPct": 0.8,
        "mfeMinR": 1.0,
        "levelTargetCutoffH": 3.0,
        "beAfterR": 0.7,
        "momZThresh": 0.2,
        "costPct": 0.0,
        "dynMinMove": 0.45,
        "windowStartH": 3.0,
        "windowEndH": 16.0,
        "eodClose": 1,
        "oneTradeAtATime": 0.0,
        "minBarsBetween": 410.0,
        "maxLevelTrades": 2.0,
        "warmupDays": 90,
        "strategy": "reversal",
        "slMode": "atr",
        "tpMode": "none"
      },
      "stats": {
        "total": 3535,
        "winRate": 12.475247524752476,
        "totalPnl": 26.14442127718727,
        "maxDD": 5.256075032270656,
        "sharpe": 0.8692895642858719,
        "sortino": 1.7853911174000385,
        "calmar": 0.8310162842515376,
        "cagr": 3.9565303243917826,
        "pf": 1.1995212709936998,
        "expectancy": 0.0073958758917078565,
        "years": 5.985603467944331,
        "slHitRate": 0.8574257425742574,
        "exits": {
          "SL": 3031,
          "TP": 0,
          "TRAIL": 0,
          "EOD": 504
        }
      },
      "n_trades": 3535
    },
    {
      "cfg": {
        "slAtrMult": 3.2,
        "atrPeriod": 14,
        "slAtrTfMin": 30,
        "slFixedPips": 3.0,
        "tpRMult": 6.6,
        "mfeTrailPct": 0.85,
        "mfeMinR": 2.9,
        "levelTargetCutoffH": 19.0,
        "beAfterR": 0.2,
        "momZThresh": 1.1,
        "costPct": 0.0,
        "dynMinMove": 0.75,
        "windowStartH": 0.0,
        "windowEndH": 18.0,
        "eodClose": 1,
        "oneTradeAtATime": 0.0,
        "minBarsBetween": 392.0,
        "maxLevelTrades": 10.0,
        "warmupDays": 90,
        "strategy": "reversal",
        "slMode": "pips",
        "tpMode": "none"
      },
      "stats": {
        "total": 3001,
        "winRate": 3.2322559146951013,
        "totalPnl": 14.699380978833464,
        "maxDD": 4.056754791027627,
        "sharpe": 0.8271974914855562,
        "sortino": 5.484611383989135,
        "calmar": 0.6050757442944396,
        "cagr": 2.3165954339342987,
        "pf": 1.5233662476170013,
        "expectancy": 0.004898160939298055,
        "years": 5.988396456004259,
        "slHitRate": 0.967344218593802,
        "exits": {
          "SL": 2903,
          "TP": 0,
          "TRAIL": 0,
          "EOD": 98
        }
      },
      "n_trades": 3001
    },
    {
      "cfg": {
        "slAtrMult": 1.4,
        "atrPeriod": 14,
        "slAtrTfMin": 30,
        "slFixedPips": 273.0,
        "tpRMult": 9.7,
        "mfeTrailPct": 0.85,
        "mfeMinR": 1.1,
        "levelTargetCutoffH": 21.0,
        "beAfterR": 0.1,
        "momZThresh": 0.0,
        "costPct": 0.0,
        "dynMinMove": 0.05,
        "windowStartH": 0.0,
        "windowEndH": 15.0,
        "eodClose": 1,
        "oneTradeAtATime": 0.0,
        "minBarsBetween": 426.0,
        "maxLevelTrades": 1.0,
        "warmupDays": 90,
        "strategy": "reversal",
        "slMode": "atr",
        "tpMode": "none"
      },
      "stats": {
        "total": 2077,
        "winRate": 7.896003851709196,
        "totalPnl": 12.789711932536239,
        "maxDD": 4.240649506123023,
        "sharpe": 0.645148600915392,
        "sortino": 0.5430161003511083,
        "calmar": 0.5039471656584349,
        "cagr": 2.031396912872818,
        "pf": 1.2703856658316208,
        "expectancy": 0.006157781383021789,
        "years": 5.9847136664385125,
        "slHitRate": 0.9008184882041406,
        "exits": {
          "SL": 1871,
          "TP": 0,
          "TRAIL": 0,
          "EOD": 206
        }
      },
      "n_trades": 2077
    }
  ],
  "top_real_sl": [
    {
      "cfg": {
        "slAtrMult": 4.4,
        "atrPeriod": 14,
        "slAtrTfMin": 30,
        "slFixedPips": 1.0,
        "tpRMult": 9.4,
        "mfeTrailPct": 0.3,
        "mfeMinR": 1.9,
        "levelTargetCutoffH": 5.0,
        "beAfterR": 0.8,
        "momZThresh": 3.1,
        "costPct": 0.0,
        "dynMinMove": 0.7,
        "windowStartH": 1.0,
        "windowEndH": 14.0,