{
  "pair": "gbpnzd",
  "asset_class": "fx",
  "pip_size": 0.0001,
  "bars": 3189400,
  "trials": 600,
  "valid_trials": 594,
  "elapsed_sec": 451.9,
  "baseline_train": {
    "stats": {
      "total": 4153,
      "winRate": 70.84035636888996,
      "totalPnl": -55.71518924856637,
      "maxDD": 56.75626352294023,
      "sharpe": -1.6852361901733492,
      "sortino": -1.1623602329363623,
      "calmar": -0.16392419666794497,
      "cagr": -12.717119741531835,
      "pf": 0.8146359813374557,
      "expectancy": -0.013415648747547894,
      "years": 5.988482013841357,
      "slHitRate": 0.23284372742595713,
      "exits": {
        "SL": 967,
        "TP": 0,
        "TRAIL": 2855,
        "EOD": 331
      }
    },
    "n_trades": 4153
  },
  "baseline_hold": {
    "stats": {
      "total": 1356,
      "winRate": 70.13274336283186,
      "totalPnl": -16.11683023819447,
      "maxDD": 17.78562774184552,
      "sharpe": -1.9634845206476788,
      "sortino": -1.3766049978202102,
      "calmar": -0.3896298182895602,
      "cagr": -7.278126944321017,
      "pf": 0.7831934243847056,
      "expectancy": -0.011885568022267312,
      "years": 2.3257243896874287,
      "slHitRate": 0.2411504424778761,
      "exits": {
        "SL": 327,
        "TP": 0,
        "TRAIL": 926,
        "EOD": 103
      }
    },
    "n_trades": 1356
  },
  "top_unconstrained": [
    {
      "cfg": {
        "slAtrMult": 1.1,
        "atrPeriod": 14,
        "slAtrTfMin": 30,
        "slFixedPips": 1.0,
        "tpRMult": 1.0,
        "mfeTrailPct": 0.55,
        "mfeMinR": 0.1,
        "levelTargetCutoffH": 9.0,
        "beAfterR": 2.2,
        "momZThresh": 3.2,
        "costPct": 0.0,
        "dynMinMove": 0.1,
        "windowStartH": 11.0,
        "windowEndH": 16.0,
        "eodClose": 1,
        "oneTradeAtATime": 1.0,
        "minBarsBetween": 111.0,
        "maxLevelTrades": 7.0,
        "warmupDays": 90,
        "strategy": "reversal",
        "slMode": "pips",
        "tpMode": "none"
      },
      "stats": {
        "total": 160,
        "winRate": 6.875000000000001,
        "totalPnl": 3.1315226670271956,
        "maxDD": 0.23118848459364127,
        "sharpe": 0.7947662867553048,
        "sortino": 8.757612573939934,
        "calmar": 2.2948360988308143,
        "cagr": 0.5237690438811837,
        "pf": 4.813969746851185,
        "expectancy": 0.019572016668919976,
        "years": 5.902523005551753,
        "slHitRate": 0.925,
        "exits": {
          "SL": 148,
          "TP": 0,
          "TRAIL": 0,
          "EOD": 12
        }
      },
      "n_trades": 160
    },
    {
      "cfg": {
        "slAtrMult": 4.9,
        "atrPeriod": 14,
        "slAtrTfMin": 30,
        "slFixedPips": 286.0,
        "tpRMult": 4.3,
        "mfeTrailPct": 0.1,
        "mfeMinR": 1.2,
        "levelTargetCutoffH": 15.0,
        "beAfterR": 2.7,
        "momZThresh": 1.1,
        "costPct": 0.0,
        "dynMinMove": 0.2,
        "windowStartH": 9.0,
        "windowEndH": 16.0,
        "eodClose": 1,
        "oneTradeAtATime": 1.0,
        "minBarsBetween": 352.0,
        "maxLevelTrades": 1.0,
        "warmupDays": 90,
        "strategy": "reversal",
        "slMode": "atr",
        "tpMode": "none"
      },
      "stats": {
        "total": 1344,
        "winRate": 53.34821428571429,
        "totalPnl": 37.59855114791007,
        "maxDD": 4.882484894643583,
        "sharpe": 1.2469846365284536,
        "sortino": 1.3347226353160033,
        "calmar": 1.2866967411837709,
        "cagr": 5.477724534804862,
        "pf": 1.2556920107183918,
        "expectancy": 0.02797511246124265,
        "years": 5.984860065404213,
        "slHitRate": 0.061755952380952384,
        "exits": {
          "SL": 83,
          "TP": 0,
          "TRAIL": 0,
          "EOD": 1261
        }
      },
      "n_trades": 1344
    },
    {
      "cfg": {
        "slAtrMult": 0.8,
        "atrPeriod": 14,
        "slAtrTfMin": 30,
        "slFixedPips": 164.0,
        "tpRMult": 3.1,
        "mfeTrailPct": 0.45,
        "mfeMinR": 0.1,
        "levelTargetCutoffH": 1.0,
        "beAfterR": 2.9,
        "momZThresh": 1.1,
        "costPct": 0.0,
        "dynMinMove": 0.65,
        "windowStartH": 9.0,
        "windowEndH": 15.0,
        "eodClose": 1,
        "oneTradeAtATime": 0.0,
        "minBarsBetween": 232.0,
        "maxLevelTrades": 2.0,
        "warmupDays": 90,
        "strategy": "reversal",
        "slMode": "pips",
        "tpMode": "none"
      },
      "stats": {
        "total": 4877,
        "winRate": 52.593807668648765,
        "totalPnl": 50.91906331368032,
        "maxDD": 7.721374537919732,
        "sharpe": 1.0328957069116882,
        "sortino": 1.0403189647261109,
        "calmar": 1.1018018669204055,
        "cagr": 7.118405714576337,
        "pf": 1.10618188493557,
        "expectancy": 0.010440652719639204,
        "years": 5.985249828884326,
        "slHitRate": 0.020094320278859955,
        "exits": {
          "SL": 98,
          "TP": 0,
          "TRAIL": 0,
          "EOD": 4779
        }
      },
      "n_trades": 4877
    },
    {
      "cfg": {
        "slAtrMult": 2.6,
        "atrPeriod": 14,
        "slAtrTfMin": 30,
        "slFixedPips": 298.0,
        "tpRMult": 6.6,
        "mfeTrailPct": 0.1,
        "mfeMinR": 2.6,
        "levelTargetCutoffH": 0.0,
        "beAfterR": 2.4,
        "momZThresh": 0.0,
        "costPct": 0.0,
        "dynMinMove": 0.0,
        "windowStartH": 10.0,
        "windowEndH": 21.0,
        "eodClose": 1,
        "oneTradeAtATime": 0.0,
        "minBarsBetween": 173.0,
        "maxLevelTrades": 6.0,
        "warmupDays": 90,
        "strategy": "reversal",
        "slMode": "pips",
        "tpMode": "none"
      },
      "stats": {
        "total": 26828,
        "winRate": 51.08468763977933,
        "totalPnl": 184.37134397632508,
        "maxDD": 34.251081478860385,
        "sharpe": 1.3680597942192372,
        "sortino": 1.4132838465862918,
        "calmar": 0.8990377963651405,
        "cagr": 19.071088816278504,
        "pf": 1.0624708055284127,
        "expectancy": 0.006872347695554101,
        "years": 5.987440109514031,
        "slHitRate": 0.004212017295363054,
        "exits": {
          "SL": 113,
          "TP": 0,
          "TRAIL": 0,
          "EOD": 26715
        }
      },
      "n_trades": 26828
    },
    {
      "cfg": {
        "slAtrMult": 5.0,
        "atrPeriod": 14,
        "slAtrTfMin": 30,
        "slFixedPips": 221.0,
        "tpRMult": 3.2,
        "mfeTrailPct": 0.7,
        "mfeMinR": 1.7,
        "levelTargetCutoffH": 18.0,
        "beAfterR": 2.4,
        "momZThresh": 2.0,
        "costPct": 0.0,
        "dynMinMove": 0.45,
        "windowStartH": 12.0,
        "windowEndH": 22.0,
        "eodClose": 1,
        "oneTradeAtATime": 0.0,
        "minBarsBetween": 463.0,
        "maxLevelTrades": 8.0,
        "warmupDays": 90,
        "strategy": "reversal",
        "slMode": "atr",
        "tpMode": "none"
      },
      "stats": {
        "total": 7757,
        "winRate": 51.45030295217224,
        "totalPnl": 93.5578556565582,
        "maxDD": 20.555025447916574,
        "sharpe": 1.0970009147559099,
        "sortino": 1.6715201886811426,
        "calmar": 0.7601188108013002,
        "cagr": 11.660022055943188,
        "pf": 1.143943992849586,
        "expectancy": 0.012061087489565317,
        "years": 5.987985778386189,
        "slHitRate": 0.018306046151862834,
        "exits": {
          "SL": 142,
          "TP": 0,
          "TRAIL": 0,
          "EOD": 7615
        }
      },
      "n_trades": 7757
    }
  ],
  "top_real_sl": [
    {
      "cfg": {
        "slAtrMult": 1.1,
        "atrPeriod": 14,
        "slAtrTfMin": 30,
        "slFixedPips": 1.0,
        "tpRMult": 1.0,
        "mfeTrailPct": 0.55,
        "mfeMinR": 0.1,
        "levelTargetCutoffH": 9.0,
        "beAfterR": 2.2,
        "momZThresh": 3.2,
        "costPct": 0.0,
        "dynMinMove": 0.1,
        "windowStartH": 11.0,