{
  "pair": "gbpusd",
  "asset_class": "fx",
  "pip_size": 0.0001,
  "bars": 3115583,
  "trials": 600,
  "valid_trials": 596,
  "elapsed_sec": 561.2,
  "baseline_train": {
    "stats": {
      "total": 4029,
      "winRate": 67.6842889054356,
      "totalPnl": -93.09584911779842,
      "maxDD": 93.3961670522304,
      "sharpe": -3.0355816286035453,
      "sortino": -2.1536247727362534,
      "calmar": -0.1664770715079422,
      "cagr": -36.009568954824275,
      "pf": 0.695963275156277,
      "expectancy": -0.023106440585206847,
      "years": 5.987518062210054,
      "slHitRate": 0.24671134276495407,
      "exits": {
        "SL": 994,
        "TP": 0,
        "TRAIL": 2658,
        "EOD": 377
      }
    },
    "n_trades": 4029
  },
  "baseline_hold": {
    "stats": {
      "total": 1380,
      "winRate": 68.6231884057971,
      "totalPnl": -16.171420230685584,
      "maxDD": 17.18943847471509,
      "sharpe": -2.0822922122340337,
      "sortino": -1.4891458588813717,
      "calmar": -0.4046545890511951,
      "cagr": -7.306607049724779,
      "pf": 0.7842048229344976,
      "expectancy": -0.011718420457018541,
      "years": 2.324887824169138,
      "slHitRate": 0.24420289855072463,
      "exits": {
        "SL": 337,
        "TP": 0,
        "TRAIL": 910,
        "EOD": 133
      }
    },
    "n_trades": 1380
  },
  "top_unconstrained": [
    {
      "cfg": {
        "slAtrMult": 2.0,
        "atrPeriod": 14,
        "slAtrTfMin": 30,
        "slFixedPips": 4.0,
        "tpRMult": 10.0,
        "mfeTrailPct": 0.55,
        "mfeMinR": 1.3,
        "levelTargetCutoffH": 2.0,
        "beAfterR": 1.0,
        "momZThresh": 3.3,
        "costPct": 0.0,
        "dynMinMove": 0.35,
        "windowStartH": 9.0,
        "windowEndH": 16.0,
        "eodClose": 1,
        "oneTradeAtATime": 0.0,
        "minBarsBetween": 281.0,
        "maxLevelTrades": 7.0,
        "warmupDays": 90,
        "strategy": "dirop",
        "slMode": "pips",
        "tpMode": "none"
      },
      "stats": {
        "total": 520,
        "winRate": 8.269230769230768,
        "totalPnl": 8.546985639451588,
        "maxDD": 2.253908632523789,
        "sharpe": 0.7966873354031249,
        "sortino": 4.79505649233532,
        "calmar": 0.638890037866811,
        "cagr": 1.3913478979173277,
        "pf": 1.6604079600642212,
        "expectancy": 0.016436510845099197,
        "years": 5.935407635561639,
        "slHitRate": 0.9134615384615384,
        "exits": {
          "SL": 475,
          "TP": 0,
          "TRAIL": 0,
          "EOD": 45
        }
      },
      "n_trades": 520
    },
    {
      "cfg": {
        "slAtrMult": 5.8,
        "atrPeriod": 14,
        "slAtrTfMin": 30,
        "slFixedPips": 2.0,
        "tpRMult": 1.3,
        "mfeTrailPct": 0.95,
        "mfeMinR": 0.6,
        "levelTargetCutoffH": 19.0,
        "beAfterR": 2.9,
        "momZThresh": 3.7,
        "costPct": 0.0,
        "dynMinMove": 0.6,
        "windowStartH": 5.0,
        "windowEndH": 21.0,
        "eodClose": 1,
        "oneTradeAtATime": 0.0,
        "minBarsBetween": 408.0,
        "maxLevelTrades": 10.0,
        "warmupDays": 90,
        "strategy": "dirop",
        "slMode": "pips",
        "tpMode": "none"
      },
      "stats": {
        "total": 305,
        "winRate": 9.508196721311474,
        "totalPnl": 10.55527514227202,
        "maxDD": 3.383540073955516,
        "sharpe": 1.0054627819718711,
        "sortino": 2.3303379731947294,
        "calmar": 0.5288620207061319,
        "cagr": 1.7156986380019834,
        "pf": 2.484592737985954,
        "expectancy": 0.034607459482859065,
        "years": 5.898693817020305,
        "slHitRate": 0.8852459016393442,
        "exits": {
          "SL": 270,
          "TP": 0,
          "TRAIL": 0,
          "EOD": 35
        }
      },
      "n_trades": 305
    },
    {
      "cfg": {
        "slAtrMult": 0.5,
        "atrPeriod": 14,
        "slAtrTfMin": 30,
        "slFixedPips": 43.0,
        "tpRMult": 3.8,
        "mfeTrailPct": 0.6,
        "mfeMinR": 3.0,
        "levelTargetCutoffH": 1.0,
        "beAfterR": 2.6,
        "momZThresh": 3.5,
        "costPct": 0.0,
        "dynMinMove": 0.5,
        "windowStartH": 2.0,
        "windowEndH": 12.0,
        "eodClose": 1,
        "oneTradeAtATime": 1.0,
        "minBarsBetween": 104.0,
        "maxLevelTrades": 6.0,
        "warmupDays": 90,
        "strategy": "dirop",
        "slMode": "atr",
        "tpMode": "none"
      },
      "stats": {
        "total": 87,
        "winRate": 17.24137931034483,
        "totalPnl": 3.47802646857527,
        "maxDD": 1.147292266168169,
        "sharpe": 0.4844359644299812,
        "sortino": 2.3359446800736867,
        "calmar": 0.5114640362862901,
        "cagr": 0.5784916686108588,
        "pf": 1.8458917051001458,
        "expectancy": 0.03997731573075023,
        "years": 5.927119933074758,
        "slHitRate": 0.8160919540229885,
        "exits": {
          "SL": 71,
          "TP": 0,
          "TRAIL": 0,
          "EOD": 16
        }
      },
      "n_trades": 87
    },
    {
      "cfg": {
        "slAtrMult": 4.2,
        "atrPeriod": 14,
        "slAtrTfMin": 30,
        "slFixedPips": 15.0,
        "tpRMult": 1.1,
        "mfeTrailPct": 0.65,
        "mfeMinR": 0.2,
        "levelTargetCutoffH": 15.0,
        "beAfterR": 0.9,
        "momZThresh": 0.0,
        "costPct": 0.0,
        "dynMinMove": 0.15,
        "windowStartH": 4.0,
        "windowEndH": 13.0,
        "eodClose": 1,
        "oneTradeAtATime": 0.0,
        "minBarsBetween": 410.0,
        "maxLevelTrades": 8.0,
        "warmupDays": 90,
        "strategy": "reversal",
        "slMode": "pips",
        "tpMode": "none"
      },
      "stats": {
        "total": 6636,
        "winRate": 22.814948764315854,
        "totalPnl": 35.92941486221895,
        "maxDD": 11.843347317721358,
        "sharpe": 0.9906534528761105,
        "sortino": 1.600435984532791,
        "calmar": 0.5066718471913603,
        "cagr": 5.260425367122368,
        "pf": 1.1012865528677276,
        "expectancy": 0.005414318092558594,
        "years": 5.987546581489086,
        "slHitRate": 0.7374924653405666,
        "exits": {
          "SL": 4894,
          "TP": 0,
          "TRAIL": 0,
          "EOD": 1742
        }
      },
      "n_trades": 6636
    },
    {
      "cfg": {
        "slAtrMult": 1.2,
        "atrPeriod": 14,
        "slAtrTfMin": 30,
        "slFixedPips": 284.0,
        "tpRMult": 4.9,
        "mfeTrailPct": 0.35,
        "mfeMinR": 0.2,
        "levelTargetCutoffH": 7.0,
        "beAfterR": 2.7,
        "momZThresh": 3.1,
        "costPct": 0.0,
        "dynMinMove": 0.8,
        "windowStartH": 2.0,
        "windowEndH": 12.0,
        "eodClose": 1,
        "oneTradeAtATime": 0.0,
        "minBarsBetween": 208.0,
        "maxLevelTrades": 4.0,
        "warmupDays": 90,
        "strategy": "reversal",
        "slMode": "atr",
        "tpMode": "none"
      },
      "stats": {
        "total": 263,
        "winRate": 31.93916349809886,
        "totalPnl": 6.575477944280796,
        "maxDD": 4.2233405201450935,
        "sharpe": 0.44682865149852924,
        "sortino": 1.063424331698627,
        "calmar": 0.26268030450714486,
        "cagr": 1.0802313652208184,
        "pf": 1.2688445790447234,
        "expectancy": 0.02500181727863421,
        "years": 5.927119933074758,
        "slHitRate": 0.6159695817490495,
        "exits": {
          "SL": 162,
          "TP": 0,
          "TRAIL": 0,
          "EOD": 101
        }
      },
      "n_trades": 263
    }
  ],
  "top_real_sl": [
    {
      "cfg": {
        "slAtrMult": 2.0,
        "atrPeriod": 14,
        "slAtrTfMin": 30,
        "slFixedPips": 4.0,
        "tpRMult": 10.0,
        "mfeTrailPct": 0.55,
        "mfeMinR": 1.3,
        "levelTargetCutoffH": 2.0,
        "beAfterR": 1.0,
        "momZThresh": 3.3,
        "costPct": 0.0,
        "dynMinMove": 0.35,
        "windowStartH": 9.0,
        "windowEndH": 16.0,