{
  "pair": "nzdjpy",
  "asset_class": "fx",
  "pip_size": 0.01,
  "bars": 3205905,
  "trials": 600,
  "valid_trials": 590,
  "elapsed_sec": 392.6,
  "baseline_train": {
    "stats": {
      "total": 4143,
      "winRate": 66.35288438329712,
      "totalPnl": -173.8171975244505,
      "maxDD": 174.42948541274308,
      "sharpe": -4.420023679806201,
      "sortino": -2.9596802222908223,
      "calmar": -0.16636440580734632,
      "cagr": null,
      "pf": 0.5898121724618927,
      "expectancy": -0.04195442856008944,
      "years": 5.989801505817933,
      "slHitRate": 0.27902486121168235,
      "exits": {
        "SL": 1156,
        "TP": 0,
        "TRAIL": 2668,
        "EOD": 319
      }
    },
    "n_trades": 4143
  },
  "baseline_hold": {
    "stats": {
      "total": 1579,
      "winRate": 66.8777707409753,
      "totalPnl": -52.27973412618261,
      "maxDD": 53.173270777006785,
      "sharpe": -3.6100601309563607,
      "sortino": -2.517227025177193,
      "calmar": -0.4230324533427268,
      "cagr": -27.26259130682568,
      "pf": 0.647052740065662,
      "expectancy": -0.03310939463342792,
      "years": 2.324161533196441,
      "slHitRate": 0.2628245725142495,
      "exits": {
        "SL": 415,
        "TP": 0,
        "TRAIL": 1018,
        "EOD": 146
      }
    },
    "n_trades": 1579
  },
  "top_unconstrained": [
    {
      "cfg": {
        "slAtrMult": 5.7,
        "atrPeriod": 14,
        "slAtrTfMin": 30,
        "slFixedPips": 63.0,
        "tpRMult": 2.5,
        "mfeTrailPct": 0.45,
        "mfeMinR": 3.0,
        "levelTargetCutoffH": 20.0,
        "beAfterR": 2.3,
        "momZThresh": 3.9,
        "costPct": 0.0,
        "dynMinMove": 0.4,
        "windowStartH": 12.0,
        "windowEndH": 19.0,
        "eodClose": 1,
        "oneTradeAtATime": 1.0,
        "minBarsBetween": 460.0,
        "maxLevelTrades": 3.0,
        "warmupDays": 90,
        "strategy": "reversal",
        "slMode": "atr",
        "tpMode": "none"
      },
      "stats": {
        "total": 29,
        "winRate": 79.3103448275862,
        "totalPnl": 6.786920700528178,
        "maxDD": 1.0775259681512461,
        "sharpe": 0.9924241364821456,
        "sortino": 1.040634442796649,
        "calmar": 1.0840604282821478,
        "cagr": 1.1365816174462973,
        "pf": 3.5996889050563268,
        "expectancy": 0.23403174829407514,
        "years": 5.810206099323143,
        "slHitRate": 0.034482758620689655,
        "exits": {
          "SL": 1,
          "TP": 0,
          "TRAIL": 0,
          "EOD": 28
        }
      },
      "n_trades": 29
    },
    {
      "cfg": {
        "slAtrMult": 0.6,
        "atrPeriod": 14,
        "slAtrTfMin": 30,
        "slFixedPips": 202.0,
        "tpRMult": 8.8,
        "mfeTrailPct": 0.8,
        "mfeMinR": 1.1,
        "levelTargetCutoffH": 3.0,
        "beAfterR": 1.6,
        "momZThresh": 3.8,
        "costPct": 0.0,
        "dynMinMove": 0.5,
        "windowStartH": 12.0,
        "windowEndH": 21.0,
        "eodClose": 1,
        "oneTradeAtATime": 1.0,
        "minBarsBetween": 299.0,
        "maxLevelTrades": 7.0,
        "warmupDays": 90,
        "strategy": "dirop",
        "slMode": "atr",
        "tpMode": "none"
      },
      "stats": {
        "total": 55,
        "winRate": 27.27272727272727,
        "totalPnl": 2.675269984029089,
        "maxDD": 0.7604227779492263,
        "sharpe": 0.436476942491535,
        "sortino": 0.9167801915944007,
        "calmar": 0.6002049601092339,
        "cagr": 0.45142705155258867,
        "pf": 1.7510612996657817,
        "expectancy": 0.04864127243689248,
        "years": 5.86155601186402,
        "slHitRate": 0.6727272727272727,
        "exits": {
          "SL": 37,
          "TP": 0,
          "TRAIL": 0,
          "EOD": 18
        }
      },
      "n_trades": 55
    },
    {
      "cfg": {
        "slAtrMult": 4.4,
        "atrPeriod": 14,
        "slAtrTfMin": 30,
        "slFixedPips": 211.0,
        "tpRMult": 2.2,
        "mfeTrailPct": 0.1,
        "mfeMinR": 1.1,
        "levelTargetCutoffH": 12.0,
        "beAfterR": 1.4,
        "momZThresh": 1.7,
        "costPct": 0.0,
        "dynMinMove": 1.0,
        "windowStartH": 7.0,
        "windowEndH": 22.0,
        "eodClose": 1,
        "oneTradeAtATime": 1.0,
        "minBarsBetween": 80.0,
        "maxLevelTrades": 5.0,
        "warmupDays": 90,
        "strategy": "reversal",
        "slMode": "pips",
        "tpMode": "none"
      },
      "stats": {
        "total": 1384,
        "winRate": 52.384393063583815,
        "totalPnl": 32.56097677982786,
        "maxDD": 10.822933516518543,
        "sharpe": 0.7537135103888751,
        "sortino": 0.7789042875362262,
        "calmar": 0.5023999771324976,
        "cagr": 4.81960359162239,
        "pf": 1.1515800623915147,
        "expectancy": 0.023526717326465163,
        "years": 5.988289984029204,
        "slHitRate": 0.001445086705202312,
        "exits": {
          "SL": 2,
          "TP": 0,
          "TRAIL": 0,
          "EOD": 1382
        }
      },
      "n_trades": 1384
    },
    {
      "cfg": {
        "slAtrMult": 4.6,
        "atrPeriod": 14,
        "slAtrTfMin": 30,
        "slFixedPips": 80.0,
        "tpRMult": 9.1,
        "mfeTrailPct": 0.6,
        "mfeMinR": 1.0,
        "levelTargetCutoffH": 15.0,
        "beAfterR": 2.9,
        "momZThresh": 3.8,
        "costPct": 0.0,
        "dynMinMove": 0.9,
        "windowStartH": 6.0,
        "windowEndH": 15.0,
        "eodClose": 1,
        "oneTradeAtATime": 0.0,
        "minBarsBetween": 471.0,
        "maxLevelTrades": 5.0,
        "warmupDays": 90,
        "strategy": "reversal",
        "slMode": "atr",
        "tpMode": "none"
      },
      "stats": {
        "total": 41,
        "winRate": 63.41463414634146,
        "totalPnl": 7.474160689381026,
        "maxDD": 2.978970678207023,
        "sharpe": 0.8933613928268921,
        "sortino": 1.1967241384347134,
        "calmar": 0.4294874968745747,
        "cagr": 1.2415173340216024,
        "pf": 2.4627554451627915,
        "expectancy": 0.18229660218002505,
        "years": 5.841786447638603,
        "slHitRate": 0.07317073170731707,
        "exits": {
          "SL": 3,
          "TP": 0,
          "TRAIL": 0,
          "EOD": 38
        }
      },
      "n_trades": 41
    },
    {
      "cfg": {
        "slAtrMult": 2.0,
        "atrPeriod": 14,
        "slAtrTfMin": 30,
        "slFixedPips": 136.0,
        "tpRMult": 8.2,
        "mfeTrailPct": 0.2,
        "mfeMinR": 2.5,
        "levelTargetCutoffH": 20.0,
        "beAfterR": 1.0,
        "momZThresh": 0.9,
        "costPct": 0.0,
        "dynMinMove": 0.1,
        "windowStartH": 6.0,
        "windowEndH": 16.0,
        "eodClose": 1,
        "oneTradeAtATime": 1.0,
        "minBarsBetween": 263.0,
        "maxLevelTrades": 2.0,
        "warmupDays": 90,
        "strategy": "reversal",
        "slMode": "atr",
        "tpMode": "none"
      },
      "stats": {
        "total": 1627,
        "winRate": 38.47572218807621,
        "totalPnl": 19.95753138794278,
        "maxDD": 8.750733962444812,
        "sharpe": 0.5814526651647813,
        "sortino": 0.7647761434114501,
        "calmar": 0.38084471633876593,
        "cagr": 3.085280629331777,
        "pf": 1.1080883989552897,
        "expectancy": 0.012266460594924866,
        "years": 5.988449691991787,
        "slHitRate": 0.4732636754763368,
        "exits": {
          "SL": 770,
          "TP": 0,
          "TRAIL": 0,
          "EOD": 857
        }
      },
      "n_trades": 1627
    }
  ],
  "top_real_sl": [
    {
      "cfg": {
        "slAtrMult": 0.6,
        "atrPeriod": 14,
        "slAtrTfMin": 30,
        "slFixedPips": 202.0,
        "tpRMult": 8.8,
        "mfeTrailPct": 0.8,
        "mfeMinR": 1.1,
        "levelTargetCutoffH": 3.0,
        "beAfterR": 1.6,
        "momZThresh": 3.8,
        "costPct": 0.0,
        "dynMinMove": 0.5,
        "windowStartH": 12.0,
        "windowEndH": 21.0,