{
  "pair": "nzdusd",
  "asset_class": "fx",
  "pip_size": 0.0001,
  "bars": 3091403,
  "trials": 600,
  "valid_trials": 591,
  "elapsed_sec": 429.2,
  "baseline_train": {
    "stats": {
      "total": 4300,
      "winRate": 65.81395348837209,
      "totalPnl": -149.6851573694529,
      "maxDD": 152.45995819763587,
      "sharpe": -3.92970447436456,
      "sortino": -2.760326190237696,
      "calmar": -0.16391830991257278,
      "cagr": null,
      "pf": 0.6396621628272156,
      "expectancy": -0.03481050171382627,
      "years": 5.989567647729865,
      "slHitRate": 0.2755813953488372,
      "exits": {
        "SL": 1185,
        "TP": 0,
        "TRAIL": 2764,
        "EOD": 351
      }
    },
    "n_trades": 4300
  },
  "baseline_hold": {
    "stats": {
      "total": 1588,
      "winRate": 65.74307304785894,
      "totalPnl": -42.52120631639659,
      "maxDD": 43.89154321465456,
      "sharpe": -3.706113009664561,
      "sortino": -2.6642177315663966,
      "calmar": -0.41645165770458203,
      "cagr": -21.18318135208428,
      "pf": 0.6688079672860627,
      "expectancy": -0.02677657828488448,
      "years": 2.326270058559586,
      "slHitRate": 0.2751889168765743,
      "exits": {
        "SL": 437,
        "TP": 0,
        "TRAIL": 1015,
        "EOD": 136
      }
    },
    "n_trades": 1588
  },
  "top_unconstrained": [
    {
      "cfg": {
        "slAtrMult": 4.0,
        "atrPeriod": 14,
        "slAtrTfMin": 30,
        "slFixedPips": 7.0,
        "tpRMult": 1.4,
        "mfeTrailPct": 0.3,
        "mfeMinR": 2.1,
        "levelTargetCutoffH": 19.0,
        "beAfterR": 0.2,
        "momZThresh": 1.3,
        "costPct": 0.0,
        "dynMinMove": 0.0,
        "windowStartH": 5.0,
        "windowEndH": 16.0,
        "eodClose": 1,
        "oneTradeAtATime": 0.0,
        "minBarsBetween": 345.0,
        "maxLevelTrades": 1.0,
        "warmupDays": 90,
        "strategy": "reversal",
        "slMode": "pips",
        "tpMode": "none"
      },
      "stats": {
        "total": 2386,
        "winRate": 7.627829002514669,
        "totalPnl": 10.936949419649153,
        "maxDD": 4.489854305515581,
        "sharpe": 0.5685676622280941,
        "sortino": 0.8642778924213247,
        "calmar": 0.4067780846434025,
        "cagr": 1.7483398887362611,
        "pf": 1.1923391607215763,
        "expectancy": 0.0045838010979250485,
        "years": 5.988339417446194,
        "slHitRate": 0.914501257334451,
        "exits": {
          "SL": 2182,
          "TP": 0,
          "TRAIL": 0,
          "EOD": 204
        }
      },
      "n_trades": 2386
    },
    {
      "cfg": {
        "slAtrMult": 1.9,
        "atrPeriod": 14,
        "slAtrTfMin": 30,
        "slFixedPips": 147.0,
        "tpRMult": 7.0,
        "mfeTrailPct": 0.45,
        "mfeMinR": 2.5,
        "levelTargetCutoffH": 4.0,
        "beAfterR": 1.6,
        "momZThresh": 0.9,
        "costPct": 0.0,
        "dynMinMove": 0.75,
        "windowStartH": 7.0,
        "windowEndH": 15.0,
        "eodClose": 1,
        "oneTradeAtATime": 1.0,
        "minBarsBetween": 432.0,
        "maxLevelTrades": 1.0,
        "warmupDays": 90,
        "strategy": "reversal",
        "slMode": "pips",
        "tpMode": "none"
      },
      "stats": {
        "total": 1332,
        "winRate": 50.825825825825824,
        "totalPnl": 10.609179533127806,
        "maxDD": 8.871986918718429,
        "sharpe": 0.2915274171103571,
        "sortino": 0.2902716925189549,
        "calmar": 0.19971008808462334,
        "cagr": 1.6982562756101105,
        "pf": 1.0557060495913126,
        "expectancy": 0.007964849499345172,
        "years": 5.987711993307476,
        "slHitRate": 0.0007507507507507507,
        "exits": {
          "SL": 1,
          "TP": 0,
          "TRAIL": 0,
          "EOD": 1331
        }
      },
      "n_trades": 1332
    },
    {
      "cfg": {
        "slAtrMult": 2.7,
        "atrPeriod": 14,
        "slAtrTfMin": 30,
        "slFixedPips": 6.0,
        "tpRMult": 2.4,
        "mfeTrailPct": 0.5,
        "mfeMinR": 2.4,
        "levelTargetCutoffH": 19.0,
        "beAfterR": 2.6,
        "momZThresh": 1.5,
        "costPct": 0.0,
        "dynMinMove": 0.0,
        "windowStartH": 0.0,
        "windowEndH": 20.0,
        "eodClose": 1,
        "oneTradeAtATime": 0.0,
        "minBarsBetween": 416.0,
        "maxLevelTrades": 9.0,
        "warmupDays": 90,
        "strategy": "reversal",
        "slMode": "pips",
        "tpMode": "none"
      },
      "stats": {
        "total": 6790,
        "winRate": 19.587628865979383,
        "totalPnl": 28.068641505247594,
        "maxDD": 23.7796812503631,
        "sharpe": 0.6166744152031498,
        "sortino": 1.546434713087464,
        "calmar": 0.19707903723865985,
        "cagr": 4.217145113146548,
        "pf": 1.066662203788996,
        "expectancy": 0.004133820545691849,
        "years": 5.989284356224808,
        "slHitRate": 0.7792341678939617,
        "exits": {
          "SL": 5291,
          "TP": 0,
          "TRAIL": 0,
          "EOD": 1499
        }
      },
      "n_trades": 6790
    },
    {
      "cfg": {
        "slAtrMult": 0.7,
        "atrPeriod": 14,
        "slAtrTfMin": 30,
        "slFixedPips": 175.0,
        "tpRMult": 7.6,
        "mfeTrailPct": 0.45,
        "mfeMinR": 2.9,
        "levelTargetCutoffH": 21.0,
        "beAfterR": 0.4,
        "momZThresh": 3.7,
        "costPct": 0.0,
        "dynMinMove": 0.9,
        "windowStartH": 2.0,
        "windowEndH": 20.0,
        "eodClose": 1,
        "oneTradeAtATime": 0.0,
        "minBarsBetween": 490.0,
        "maxLevelTrades": 1.0,
        "warmupDays": 90,
        "strategy": "dirop",
        "slMode": "atr",
        "tpMode": "none"
      },
      "stats": {
        "total": 275,
        "winRate": 10.545454545454545,
        "totalPnl": 6.714896817856835,
        "maxDD": 7.203718150304764,
        "sharpe": 0.41599349670660496,
        "sortino": 1.3572858772139753,
        "calmar": 0.15702459198093977,
        "cagr": 1.1008165063067565,
        "pf": 1.330025246080914,
        "expectancy": 0.02441780661038845,
        "years": 5.936287930641114,
        "slHitRate": 0.8945454545454545,
        "exits": {
          "SL": 246,
          "TP": 0,
          "TRAIL": 0,
          "EOD": 29
        }
      },
      "n_trades": 275
    },
    {
      "cfg": {
        "slAtrMult": 2.5,
        "atrPeriod": 14,
        "slAtrTfMin": 30,
        "slFixedPips": 103.0,
        "tpRMult": 1.4,
        "mfeTrailPct": 0.6,
        "mfeMinR": 1.9,
        "levelTargetCutoffH": 3.0,
        "beAfterR": 1.0,
        "momZThresh": 0.8,
        "costPct": 0.0,
        "dynMinMove": 0.05,
        "windowStartH": 11.0,
        "windowEndH": 18.0,
        "eodClose": 1,
        "oneTradeAtATime": 1.0,
        "minBarsBetween": 389.0,
        "maxLevelTrades": 4.0,
        "warmupDays": 90,
        "strategy": "reversal",
        "slMode": "atr",
        "tpMode": "none"
      },
      "stats": {
        "total": 1336,
        "winRate": 44.91017964071856,
        "totalPnl": 10.5769408964009,
        "maxDD": 11.383490762401221,
        "sharpe": 0.3298485601680741,
        "sortino": 0.3922340174735222,
        "calmar": 0.15517737606790358,
        "cagr": 1.6933237346657748,
        "pf": 1.0622282946614008,
        "expectancy": 0.007916871928443786,
        "years": 5.987647349608335,
        "slHitRate": 0.35479041916167664,
        "exits": {
          "SL": 474,
          "TP": 0,
          "TRAIL": 0,
          "EOD": 862
        }
      },
      "n_trades": 1336
    }
  ],
  "top_real_sl": [
    {
      "cfg": {
        "slAtrMult": 4.0,
        "atrPeriod": 14,
        "slAtrTfMin": 30,
        "slFixedPips": 7.0,
        "tpRMult": 1.4,
        "mfeTrailPct": 0.3,
        "mfeMinR": 2.1,
        "levelTargetCutoffH": 19.0,
        "beAfterR": 0.2,
        "momZThresh": 1.3,
        "costPct": 0.0,
        "dynMinMove": 0.0,
        "windowStartH": 5.0,