{
  "pair": "usdcad",
  "asset_class": "fx",
  "pip_size": 0.0001,
  "bars": 3130383,
  "trials": 600,
  "valid_trials": 593,
  "elapsed_sec": 439.0,
  "baseline_train": {
    "stats": {
      "total": 3641,
      "winRate": 66.27300192254874,
      "totalPnl": -77.7882407427742,
      "maxDD": 81.31287974636571,
      "sharpe": -3.4194123765575677,
      "sortino": -2.507411737514753,
      "calmar": -0.15974255363357284,
      "cagr": -22.215685138754104,
      "pf": 0.6528072880525977,
      "expectancy": -0.02136452643306077,
      "years": 5.988719674499962,
      "slHitRate": 0.25872013183191434,
      "exits": {
        "SL": 942,
        "TP": 0,
        "TRAIL": 2339,
        "EOD": 360
      }
    },
    "n_trades": 3641
  },
  "baseline_hold": {
    "stats": {
      "total": 1139,
      "winRate": 69.18349429323969,
      "totalPnl": -10.978446964804625,
      "maxDD": 12.200558815415189,
      "sharpe": -1.727287038996099,
      "sortino": -1.2286291098872615,
      "calmar": -0.3869828389156521,
      "cagr": -4.878253026715418,
      "pf": 0.781706659745425,
      "expectancy": -0.009638671610890798,
      "years": 2.3252490683702183,
      "slHitRate": 0.23617208077260754,
      "exits": {
        "SL": 269,
        "TP": 0,
        "TRAIL": 756,
        "EOD": 114
      }
    },
    "n_trades": 1139
  },
  "top_unconstrained": [
    {
      "cfg": {
        "slAtrMult": 5.0,
        "atrPeriod": 14,
        "slAtrTfMin": 30,
        "slFixedPips": 1.0,
        "tpRMult": 10.0,
        "mfeTrailPct": 0.2,
        "mfeMinR": 1.3,
        "levelTargetCutoffH": 23.0,
        "beAfterR": 2.5,
        "momZThresh": 2.0,
        "costPct": 0.0,
        "dynMinMove": 0.4,
        "windowStartH": 2.0,
        "windowEndH": 19.0,
        "eodClose": 1,
        "oneTradeAtATime": 1.0,
        "minBarsBetween": 262.0,
        "maxLevelTrades": 5.0,
        "warmupDays": 90,
        "strategy": "reversal",
        "slMode": "pips",
        "tpMode": "none"
      },
      "stats": {
        "total": 2114,
        "winRate": 3.5004730368968775,
        "totalPnl": 5.950678524084832,
        "maxDD": 1.4359329880614302,
        "sharpe": 0.8191666838389389,
        "sortino": 6.82044090290659,
        "calmar": 0.6920353066213818,
        "cagr": 0.9699466400710843,
        "pf": 1.4739232425786446,
        "expectancy": 0.0028148905033513853,
        "years": 5.988307095596623,
        "slHitRate": 0.9602649006622517,
        "exits": {
          "SL": 2030,
          "TP": 0,
          "TRAIL": 0,
          "EOD": 84
        }
      },
      "n_trades": 2114
    },
    {
      "cfg": {
        "slAtrMult": 4.0,
        "atrPeriod": 14,
        "slAtrTfMin": 30,
        "slFixedPips": 288.0,
        "tpRMult": 3.5,
        "mfeTrailPct": 0.1,
        "mfeMinR": 2.0,
        "levelTargetCutoffH": 0.0,
        "beAfterR": 0.5,
        "momZThresh": 0.2,
        "costPct": 0.0,
        "dynMinMove": 0.0,
        "windowStartH": 7.0,
        "windowEndH": 17.0,
        "eodClose": 1,
        "oneTradeAtATime": 1.0,
        "minBarsBetween": 374.0,
        "maxLevelTrades": 9.0,
        "warmupDays": 90,
        "strategy": "reversal",
        "slMode": "atr",
        "tpMode": "none"
      },
      "stats": {
        "total": 1384,
        "winRate": 39.37861271676301,
        "totalPnl": 27.709388845962692,
        "maxDD": 7.052969911494514,
        "sharpe": 1.127916884505173,
        "sortino": 1.110016377455993,
        "calmar": 0.6560989300240245,
        "cagr": 4.169151816650141,
        "pf": 1.244596153747429,
        "expectancy": 0.020021234715290992,
        "years": 5.9880523233705985,
        "slHitRate": 0.43713872832369943,
        "exits": {
          "SL": 605,
          "TP": 0,
          "TRAIL": 0,
          "EOD": 779
        }
      },
      "n_trades": 1384
    },
    {
      "cfg": {
        "slAtrMult": 5.2,
        "atrPeriod": 14,
        "slAtrTfMin": 30,
        "slFixedPips": 258.0,
        "tpRMult": 7.8,
        "mfeTrailPct": 0.7,
        "mfeMinR": 0.5,
        "levelTargetCutoffH": 13.0,
        "beAfterR": 0.7,
        "momZThresh": 0.1,
        "costPct": 0.0,
        "dynMinMove": 0.95,
        "windowStartH": 1.0,
        "windowEndH": 18.0,
        "eodClose": 1,
        "oneTradeAtATime": 1.0,
        "minBarsBetween": 411.0,
        "maxLevelTrades": 3.0,
        "warmupDays": 90,
        "strategy": "reversal",
        "slMode": "atr",
        "tpMode": "none"
      },
      "stats": {
        "total": 1396,
        "winRate": 47.636103151862464,
        "totalPnl": 28.330406494637362,
        "maxDD": 7.3269016244699205,
        "sharpe": 0.9358234947644819,
        "sortino": 1.0008981425916428,
        "calmar": 0.6457238967936113,
        "cagr": 4.253574039700658,
        "pf": 1.1808247992904266,
        "expectancy": 0.02029398746034193,
        "years": 5.9880523233705985,
        "slHitRate": 0.251432664756447,
        "exits": {
          "SL": 351,
          "TP": 0,
          "TRAIL": 0,
          "EOD": 1045
        }
      },
      "n_trades": 1396
    },
    {
      "cfg": {
        "slAtrMult": 2.5,
        "atrPeriod": 14,
        "slAtrTfMin": 30,
        "slFixedPips": 2.0,
        "tpRMult": 5.5,
        "mfeTrailPct": 0.4,
        "mfeMinR": 2.5,
        "levelTargetCutoffH": 16.0,
        "beAfterR": 0.5,
        "momZThresh": 3.4,
        "costPct": 0.0,
        "dynMinMove": 0.35,
        "windowStartH": 2.0,
        "windowEndH": 23.0,
        "eodClose": 1,
        "oneTradeAtATime": 0.0,
        "minBarsBetween": 29.0,
        "maxLevelTrades": 5.0,
        "warmupDays": 90,
        "strategy": "reversal",
        "slMode": "pips",
        "tpMode": "none"
      },
      "stats": {
        "total": 339,
        "winRate": 6.489675516224189,
        "totalPnl": 5.14447964802511,
        "maxDD": 1.5031048265293716,
        "sharpe": 0.7758206523898414,
        "sortino": 6.0744236643422465,
        "calmar": 0.5729618082651827,
        "cagr": 0.8433367930139601,
        "pf": 2.1389771208584016,
        "expectancy": 0.015175456188864634,
        "years": 5.973467564073314,
        "slHitRate": 0.9292035398230089,
        "exits": {
          "SL": 315,
          "TP": 0,
          "TRAIL": 0,
          "EOD": 24
        }
      },
      "n_trades": 339
    },
    {
      "cfg": {
        "slAtrMult": 2.4,
        "atrPeriod": 14,
        "slAtrTfMin": 30,
        "slFixedPips": 50.0,
        "tpRMult": 2.5,
        "mfeTrailPct": 0.6,
        "mfeMinR": 0.4,
        "levelTargetCutoffH": 14.0,
        "beAfterR": 0.6,
        "momZThresh": 0.9,
        "costPct": 0.0,
        "dynMinMove": 0.4,
        "windowStartH": 4.0,
        "windowEndH": 21.0,
        "eodClose": 1,
        "oneTradeAtATime": 0.0,
        "minBarsBetween": 220.0,
        "maxLevelTrades": 6.0,
        "warmupDays": 90,
        "strategy": "reversal",
        "slMode": "pips",
        "tpMode": "none"
      },
      "stats": {
        "total": 13284,
        "winRate": 42.991568804576936,
        "totalPnl": 69.69189988868949,
        "maxDD": 22.46998285125526,
        "sharpe": 0.885805799209034,
        "sortino": 0.9578058126728259,
        "calmar": 0.5179423565168277,
        "cagr": 9.232560972959924,
        "pf": 1.0539840895974106,
        "expectancy": 0.005246303815770084,
        "years": 5.988225340330063,
        "slHitRate": 0.28184281842818426,
        "exits": {
          "SL": 3744,
          "TP": 0,
          "TRAIL": 0,
          "EOD": 9540
        }
      },
      "n_trades": 13284
    }
  ],
  "top_real_sl": [
    {
      "cfg": {
        "slAtrMult": 5.0,
        "atrPeriod": 14,
        "slAtrTfMin": 30,
        "slFixedPips": 1.0,
        "tpRMult": 10.0,
        "mfeTrailPct": 0.2,
        "mfeMinR": 1.3,
        "levelTargetCutoffH": 23.0,
        "beAfterR": 2.5,
        "momZThresh": 2.0,
        "costPct": 0.0,
        "dynMinMove": 0.4,
        "windowStartH": 2.0,