{
  "pair": "usdchf",
  "asset_class": "fx",
  "pip_size": 0.0001,
  "bars": 2943188,
  "trials": 600,
  "valid_trials": 593,
  "elapsed_sec": 402.5,
  "baseline_train": {
    "stats": {
      "total": 3721,
      "winRate": 68.15372211771029,
      "totalPnl": -56.54898623002246,
      "maxDD": 56.9984163671277,
      "sharpe": -2.467024825542864,
      "sortino": -1.755139833206889,
      "calmar": -0.16566648876774245,
      "cagr": -12.993422111477459,
      "pf": 0.7430490677773848,
      "expectancy": -0.015197255100785408,
      "years": 5.988628412807057,
      "slHitRate": 0.24240795485084654,
      "exits": {
        "SL": 902,
        "TP": 0,
        "TRAIL": 2490,
        "EOD": 329
      }
    },
    "n_trades": 3721
  },
  "baseline_hold": {
    "stats": {
      "total": 1344,
      "winRate": 68.15476190476191,
      "totalPnl": -31.71384948838574,
      "maxDD": 31.93221357347325,
      "sharpe": -3.4548091051271186,
      "sortino": -2.3644079557504836,
      "calmar": -0.42706815936707243,
      "cagr": -15.128556749265353,
      "pf": 0.6478924467637864,
      "expectancy": -0.023596614202667954,
      "years": 2.3255342611605445,
      "slHitRate": 0.25892857142857145,
      "exits": {
        "SL": 348,
        "TP": 0,
        "TRAIL": 900,
        "EOD": 96
      }
    },
    "n_trades": 1344
  },
  "top_unconstrained": [
    {
      "cfg": {
        "slAtrMult": 0.8,
        "atrPeriod": 14,
        "slAtrTfMin": 30,
        "slFixedPips": 192.0,
        "tpRMult": 10.0,
        "mfeTrailPct": 0.6,
        "mfeMinR": 2.6,
        "levelTargetCutoffH": 17.0,
        "beAfterR": 0.2,
        "momZThresh": 4.0,
        "costPct": 0.0,
        "dynMinMove": 0.65,
        "windowStartH": 4.0,
        "windowEndH": 19.0,
        "eodClose": 1,
        "oneTradeAtATime": 1.0,
        "minBarsBetween": 251.0,
        "maxLevelTrades": 2.0,
        "warmupDays": 90,
        "strategy": "dirop",
        "slMode": "atr",
        "tpMode": "none"
      },
      "stats": {
        "total": 24,
        "winRate": 8.333333333333332,
        "totalPnl": 4.3544123763055165,
        "maxDD": 0.44751714312367774,
        "sharpe": 0.4613324363989391,
        "sortino": 3.851465508637278,
        "calmar": 1.674017946366515,
        "cagr": 0.7359949205030025,
        "pf": 5.349729524851473,
        "expectancy": 0.1814338490127298,
        "years": 5.812457221081451,
        "slHitRate": 0.9166666666666666,
        "exits": {
          "SL": 22,
          "TP": 0,
          "TRAIL": 0,
          "EOD": 2
        }
      },
      "n_trades": 24
    },
    {
      "cfg": {
        "slAtrMult": 4.5,
        "atrPeriod": 14,
        "slAtrTfMin": 30,
        "slFixedPips": 153.0,
        "tpRMult": 5.3,
        "mfeTrailPct": 0.15,
        "mfeMinR": 3.0,
        "levelTargetCutoffH": 1.0,
        "beAfterR": 2.9,
        "momZThresh": 1.1,
        "costPct": 0.0,
        "dynMinMove": 0.5,
        "windowStartH": 1.0,
        "windowEndH": 16.0,
        "eodClose": 1,
        "oneTradeAtATime": 1.0,
        "minBarsBetween": 287.0,
        "maxLevelTrades": 2.0,
        "warmupDays": 90,
        "strategy": "reversal",
        "slMode": "atr",
        "tpMode": "none"
      },
      "stats": {
        "total": 1439,
        "winRate": 49.68728283530229,
        "totalPnl": 9.288894768513721,
        "maxDD": 7.159617309801601,
        "sharpe": 0.300423869110071,
        "sortino": 0.3419569761666715,
        "calmar": 0.21664554487234425,
        "cagr": 1.4942854566148744,
        "pf": 1.0538292609910755,
        "expectancy": 0.006455104078188861,
        "years": 5.988588485816412,
        "slHitRate": 0.22237665045170257,
        "exits": {
          "SL": 320,
          "TP": 0,
          "TRAIL": 0,
          "EOD": 1119
        }
      },
      "n_trades": 1439
    },
    {
      "cfg": {
        "slAtrMult": 5.7,
        "atrPeriod": 14,
        "slAtrTfMin": 30,
        "slFixedPips": 154.0,
        "tpRMult": 7.7,
        "mfeTrailPct": 0.95,
        "mfeMinR": 1.4,
        "levelTargetCutoffH": 3.0,
        "beAfterR": 2.3,
        "momZThresh": 0.9,
        "costPct": 0.0,
        "dynMinMove": 0.35,
        "windowStartH": 4.0,
        "windowEndH": 17.0,
        "eodClose": 1,
        "oneTradeAtATime": 1.0,
        "minBarsBetween": 98.0,
        "maxLevelTrades": 6.0,
        "warmupDays": 90,
        "strategy": "reversal",
        "slMode": "pips",
        "tpMode": "none"
      },
      "stats": {
        "total": 1404,
        "winRate": 51.13960113960114,
        "totalPnl": 11.545504944337573,
        "maxDD": 12.376574433906113,
        "sharpe": 0.33887745654509205,
        "sortino": 0.3447953058540503,
        "calmar": 0.15579484651224454,
        "cagr": 1.841535069957989,
        "pf": 1.063965996937894,
        "expectancy": 0.008223294119898583,
        "years": 5.987691079169519,
        "slHitRate": 0.002849002849002849,
        "exits": {
          "SL": 4,
          "TP": 0,
          "TRAIL": 0,
          "EOD": 1400
        }
      },
      "n_trades": 1404
    },
    {
      "cfg": {
        "slAtrMult": 3.1,
        "atrPeriod": 14,
        "slAtrTfMin": 30,
        "slFixedPips": 152.0,
        "tpRMult": 3.8,
        "mfeTrailPct": 0.35,
        "mfeMinR": 2.1,
        "levelTargetCutoffH": 21.0,
        "beAfterR": 2.2,
        "momZThresh": 0.0,
        "costPct": 0.0,
        "dynMinMove": 0.2,
        "windowStartH": 0.0,
        "windowEndH": 17.0,
        "eodClose": 1,
        "oneTradeAtATime": 1.0,
        "minBarsBetween": 399.0,
        "maxLevelTrades": 10.0,
        "warmupDays": 90,
        "strategy": "dirop",
        "slMode": "pips",
        "tpMode": "none"
      },
      "stats": {
        "total": 1421,
        "winRate": 51.51301900070373,
        "totalPnl": 10.396306888836833,
        "maxDD": 11.241168140710341,
        "sharpe": 0.30305743261338314,
        "sortino": 0.30666567931464384,
        "calmar": 0.1544572368378598,
        "cagr": 1.665548440767961,
        "pf": 1.0562852560470006,
        "expectancy": 0.007316190632538272,
        "years": 5.987691079169519,
        "slHitRate": 0.00211118930330753,
        "exits": {
          "SL": 3,
          "TP": 0,
          "TRAIL": 0,
          "EOD": 1418
        }
      },
      "n_trades": 1421
    },
    {
      "cfg": {
        "slAtrMult": 1.0,
        "atrPeriod": 14,
        "slAtrTfMin": 30,
        "slFixedPips": 125.0,
        "tpRMult": 2.2,
        "mfeTrailPct": 0.2,
        "mfeMinR": 0.2,
        "levelTargetCutoffH": 1.0,
        "beAfterR": 1.4,
        "momZThresh": 0.3,
        "costPct": 0.0,
        "dynMinMove": 0.9,
        "windowStartH": 3.0,
        "windowEndH": 16.0,
        "eodClose": 1,
        "oneTradeAtATime": 1.0,
        "minBarsBetween": 85.0,
        "maxLevelTrades": 4.0,
        "warmupDays": 90,
        "strategy": "reversal",
        "slMode": "pips",
        "tpMode": "none"
      },
      "stats": {
        "total": 1408,
        "winRate": 52.76988636363637,
        "totalPnl": 11.025694646768855,
        "maxDD": 12.370170510828425,
        "sharpe": 0.3380586135525048,
        "sortino": 0.33715461929142226,
        "calmar": 0.14885755754525387,
        "cagr": 1.762120010733259,
        "pf": 1.0638209281974693,
        "expectancy": 0.007830749038898355,
        "years": 5.987691079169519,
        "slHitRate": 0.007102272727272727,
        "exits": {
          "SL": 10,
          "TP": 0,
          "TRAIL": 0,
          "EOD": 1398
        }
      },
      "n_trades": 1408
    }
  ],
  "top_real_sl": [
    {
      "cfg": {
        "slAtrMult": 0.8,
        "atrPeriod": 14,
        "slAtrTfMin": 30,
        "slFixedPips": 192.0,
        "tpRMult": 10.0,
        "mfeTrailPct": 0.6,
        "mfeMinR": 2.6,
        "levelTargetCutoffH": 17.0,
        "beAfterR": 0.2,
        "momZThresh": 4.0,
        "costPct": 0.0,
        "dynMinMove": 0.65,
        "windowStartH": 4.0,