{
  "pair": "usdjpy",
  "asset_class": "fx",
  "pip_size": 0.01,
  "bars": 3149490,
  "trials": 600,
  "valid_trials": 598,
  "elapsed_sec": 552.2,
  "baseline_train": {
    "stats": {
      "total": 3414,
      "winRate": 67.28178090216754,
      "totalPnl": -93.37115686223713,
      "maxDD": 94.31988464035356,
      "sharpe": -3.4328459729092495,
      "sortino": -2.333726858600271,
      "calmar": -0.16530593824365888,
      "cagr": -36.43806720900847,
      "pf": 0.6244074944247434,
      "expectancy": -0.0273494894148322,
      "years": 5.988540953684691,
      "slHitRate": 0.2674282366725249,
      "exits": {
        "SL": 913,
        "TP": 0,
        "TRAIL": 2234,
        "EOD": 267
      }
    },
    "n_trades": 3414
  },
  "baseline_hold": {
    "stats": {
      "total": 1510,
      "winRate": 67.41721854304636,
      "totalPnl": -28.203436431863373,
      "maxDD": 31.30787745195226,
      "sharpe": -2.1202969724800282,
      "sortino": -1.6192231623005642,
      "calmar": -0.38740201808959096,
      "cagr": -13.280221814078196,
      "pf": 0.7694871733136298,
      "expectancy": -0.018677772471432652,
      "years": 2.325340330063123,
      "slHitRate": 0.2589403973509934,
      "exits": {
        "SL": 391,
        "TP": 0,
        "TRAIL": 981,
        "EOD": 138
      }
    },
    "n_trades": 1510
  },
  "top_unconstrained": [
    {
      "cfg": {
        "slAtrMult": 5.7,
        "atrPeriod": 14,
        "slAtrTfMin": 30,
        "slFixedPips": 3.0,
        "tpRMult": 3.8,
        "mfeTrailPct": 0.45,
        "mfeMinR": 2.3,
        "levelTargetCutoffH": 14.0,
        "beAfterR": 0.5,
        "momZThresh": 1.1,
        "costPct": 0.0,
        "dynMinMove": 0.65,
        "windowStartH": 10.0,
        "windowEndH": 19.0,
        "eodClose": 1,
        "oneTradeAtATime": 0.0,
        "minBarsBetween": 148.0,
        "maxLevelTrades": 7.0,
        "warmupDays": 90,
        "strategy": "reversal",
        "slMode": "pips",
        "tpMode": "none"
      },
      "stats": {
        "total": 4075,
        "winRate": 7.803680981595091,
        "totalPnl": 9.541238416312686,
        "maxDD": 2.5435734399436027,
        "sharpe": 0.8527051243036597,
        "sortino": 2.3912601628938477,
        "calmar": 0.6263703185979331,
        "cagr": 1.5333628353255024,
        "pf": 1.2208134932534094,
        "expectancy": 0.002341408200322132,
        "years": 5.988655030800821,
        "slHitRate": 0.9136196319018405,
        "exits": {
          "SL": 3723,
          "TP": 0,
          "TRAIL": 0,
          "EOD": 352
        }
      },
      "n_trades": 4075
    },
    {
      "cfg": {
        "slAtrMult": 0.7,
        "atrPeriod": 14,
        "slAtrTfMin": 30,
        "slFixedPips": 7.0,
        "tpRMult": 8.6,
        "mfeTrailPct": 0.5,
        "mfeMinR": 1.3,
        "levelTargetCutoffH": 13.0,
        "beAfterR": 2.0,
        "momZThresh": 4.0,
        "costPct": 0.0,
        "dynMinMove": 0.3,
        "windowStartH": 4.0,
        "windowEndH": 23.0,
        "eodClose": 1,
        "oneTradeAtATime": 0.0,
        "minBarsBetween": 84.0,
        "maxLevelTrades": 3.0,
        "warmupDays": 90,
        "strategy": "reversal",
        "slMode": "pips",
        "tpMode": "none"
      },
      "stats": {
        "total": 132,
        "winRate": 12.878787878787879,
        "totalPnl": 7.5499593757855665,
        "maxDD": 2.6068443912978623,
        "sharpe": 0.689514100673703,
        "sortino": 4.868312237870864,
        "calmar": 0.4878817235214574,
        "cagr": 1.2336553622925628,
        "pf": 2.3210032808102112,
        "expectancy": 0.05719666193776944,
        "years": 5.936287930641114,
        "slHitRate": 0.8636363636363636,
        "exits": {
          "SL": 114,
          "TP": 0,
          "TRAIL": 0,
          "EOD": 18
        }
      },
      "n_trades": 132
    },
    {
      "cfg": {
        "slAtrMult": 0.9,
        "atrPeriod": 14,
        "slAtrTfMin": 30,
        "slFixedPips": 103.0,
        "tpRMult": 3.8,
        "mfeTrailPct": 0.75,
        "mfeMinR": 2.7,
        "levelTargetCutoffH": 14.0,
        "beAfterR": 1.2,
        "momZThresh": 0.8,
        "costPct": 0.0,
        "dynMinMove": 0.85,
        "windowStartH": 2.0,
        "windowEndH": 22.0,
        "eodClose": 1,
        "oneTradeAtATime": 0.0,
        "minBarsBetween": 345.0,
        "maxLevelTrades": 1.0,
        "warmupDays": 90,
        "strategy": "reversal",
        "slMode": "atr",
        "tpMode": "none"
      },
      "stats": {
        "total": 2273,
        "winRate": 20.325560932688077,
        "totalPnl": 23.25472503514387,
        "maxDD": 8.625006299929165,
        "sharpe": 0.633497878110515,
        "sortino": 1.8024929336177011,
        "calmar": 0.4502261995955835,
        "cagr": 3.553048408317294,
        "pf": 1.2027790637786553,
        "expectancy": 0.01023085131330572,
        "years": 5.988540953684691,
        "slHitRate": 0.7672679278486582,
        "exits": {
          "SL": 1744,
          "TP": 0,
          "TRAIL": 0,
          "EOD": 529
        }
      },
      "n_trades": 2273
    },
    {
      "cfg": {
        "slAtrMult": 0.5,
        "atrPeriod": 14,
        "slAtrTfMin": 30,
        "slFixedPips": 256.0,
        "tpRMult": 1.1,
        "mfeTrailPct": 0.6,
        "mfeMinR": 2.8,
        "levelTargetCutoffH": 2.0,
        "beAfterR": 1.6,
        "momZThresh": 4.0,
        "costPct": 0.0,
        "dynMinMove": 0.55,
        "windowStartH": 3.0,
        "windowEndH": 12.0,
        "eodClose": 1,
        "oneTradeAtATime": 0.0,
        "minBarsBetween": 314.0,
        "maxLevelTrades": 10.0,
        "warmupDays": 90,
        "strategy": "reversal",
        "slMode": "atr",
        "tpMode": "none"
      },
      "stats": {
        "total": 25,
        "winRate": 16.0,
        "totalPnl": 1.5193355143319747,
        "maxDD": 0.6250880558233913,
        "sharpe": 0.3011434138619546,
        "sortino": 1.1873919294265147,
        "calmar": 0.4331335546659841,
        "cagr": 0.26907178529622655,
        "pf": 2.132550678056583,
        "expectancy": 0.06077342057327898,
        "years": 5.611651076127462,
        "slHitRate": 0.84,
        "exits": {
          "SL": 21,
          "TP": 0,
          "TRAIL": 0,
          "EOD": 4
        }
      },
      "n_trades": 25
    },
    {
      "cfg": {
        "slAtrMult": 3.5,
        "atrPeriod": 14,
        "slAtrTfMin": 30,
        "slFixedPips": 98.0,
        "tpRMult": 2.9,
        "mfeTrailPct": 0.3,
        "mfeMinR": 0.9,
        "levelTargetCutoffH": 23.0,
        "beAfterR": 2.2,
        "momZThresh": 0.3,
        "costPct": 0.0,
        "dynMinMove": 0.05,
        "windowStartH": 10.0,
        "windowEndH": 22.0,
        "eodClose": 1,
        "oneTradeAtATime": 1.0,
        "minBarsBetween": 363.0,
        "maxLevelTrades": 1.0,
        "warmupDays": 90,
        "strategy": "reversal",
        "slMode": "atr",
        "tpMode": "none"
      },
      "stats": {
        "total": 1373,
        "winRate": 50.32774945375091,
        "totalPnl": 19.661117135673745,
        "maxDD": 9.605950229567444,
        "sharpe": 0.5037748799553851,
        "sortino": 0.7845644385605889,
        "calmar": 0.3417914343402055,
        "cagr": 3.0427559772307156,
        "pf": 1.1400434675458877,
        "expectancy": 0.014319823114110564,
        "years": 5.9883432200167315,
        "slHitRate": 0.23233794610342315,
        "exits": {
          "SL": 319,
          "TP": 0,
          "TRAIL": 0,
          "EOD": 1054
        }
      },
      "n_trades": 1373
    }
  ],
  "top_real_sl": [
    {
      "cfg": {
        "slAtrMult": 5.7,
        "atrPeriod": 14,
        "slAtrTfMin": 30,
        "slFixedPips": 3.0,
        "tpRMult": 3.8,
        "mfeTrailPct": 0.45,
        "mfeMinR": 2.3,
        "levelTargetCutoffH": 14.0,
        "beAfterR": 0.5,
        "momZThresh": 1.1,
        "costPct": 0.0,
        "dynMinMove": 0.65,
        "windowStartH": 10.0,
        "windowEndH": 19.0,