,CAD=X
2026-07-12 23:00:00+00:00,1.4166500568389893
2026-07-12 23:15:00+00:00,1.4165899753570557
2026-07-12 23:30:00+00:00,1.4166100025177002
2026-07-12 23:45:00+00:00,1.4163399934768677
2026-07-13 00:00:00+00:00,1.4167100191116333
2026-07-13 00:15:00+00:00,1.4166200160980225
2026-07-13 00:30:00+00:00,1.416890025138855
2026-07-13 00:45:00+00:00,1.416599988937378
2026-07-13 01:00:00+00:00,1.4171899557113647
2026-07-13 01:15:00+00:00,1.417099952697754
2026-07-13 01:30:00+00:00,1.416200041770935
2026-07-13 01:45:00+00:00,1.4160000085830688
2026-07-13 02:00:00+00:00,1.416409969329834
2026-07-13 02:15:00+00:00,1.4164400100708008
2026-07-13 02:30:00+00:00,1.4162700176239014
2026-07-13 02:45:00+00:00,1.4167799949645996
2026-07-13 03:00:00+00:00,1.4168100357055664
2026-07-13 03:15:00+00:00,1.4166500568389893
2026-07-13 03:30:00+00:00,1.4163800477981567
2026-07-13 03:45:00+00:00,1.4160900115966797
2026-07-13 04:00:00+00:00,1.4156999588012695
2026-07-13 04:15:00+00:00,1.4156500101089478
2026-07-13 04:30:00+00:00,1.415719985961914
2026-07-13 04:45:00+00:00,1.4153599739074707
2026-07-13 05:00:00+00:00,1.4151999950408936
2026-07-13 05:15:00+00:00,1.4156999588012695
2026-07-13 05:30:00+00:00,1.4159200191497803
2026-07-13 05:45:00+00:00,1.4163199663162231
2026-07-13 06:00:00+00:00,1.4162299633026123
2026-07-13 06:15:00+00:00,1.415850043296814
2026-07-13 06:30:00+00:00,1.4161200523376465
2026-07-13 06:45:00+00:00,1.4162100553512573
2026-07-13 07:00:00+00:00,1.4159400463104248
2026-07-13 07:15:00+00:00,1.4153300523757935
2026-07-13 07:30:00+00:00,1.4149399995803833
2026-07-13 07:45:00+00:00,1.4142999649047852
2026-07-13 08:00:00+00:00,1.413540005683899
2026-07-13 08:15:00+00:00,1.4136099815368652
2026-07-13 08:30:00+00:00,1.413450002670288
2026-07-13 08:45:00+00:00,1.4134999513626099
2026-07-13 09:00:00+00:00,1.4138699769973755
2026-07-13 09:15:00+00:00,1.4141600131988525
2026-07-13 09:30:00+00:00,1.414180040359497
2026-07-13 09:45:00+00:00,1.4140199422836304
2026-07-13 10:00:00+00:00,1.4138799905776978
2026-07-13 10:15:00+00:00,1.4140700101852417
2026-07-13 10:30:00+00:00,1.4135299921035767
2026-07-13 10:45:00+00:00,1.4127999544143677
2026-07-13 11:00:00+00:00,1.4130799770355225
2026-07-13 11:15:00+00:00,1.4128799438476562
2026-07-13 11:30:00+00:00,1.4125800132751465
2026-07-13 11:45:00+00:00,1.4133700132369995
2026-07-13 12:00:00+00:00,1.4140599966049194
2026-07-13 12:15:00+00:00,1.4139000177383423
2026-07-13 12:30:00+00:00,1.4136899709701538
2026-07-13 12:45:00+00:00,1.413100004196167
2026-07-13 13:00:00+00:00,1.4137200117111206
2026-07-13 13:15:00+00:00,1.4142600297927856
2026-07-13 13:30:00+00:00,1.414389967918396
2026-07-13 13:45:00+00:00,1.4142400026321411
2026-07-13 14:00:00+00:00,1.4142400026321411
2026-07-13 14:15:00+00:00,1.4136199951171875
2026-07-13 14:30:00+00:00,1.4141000509262085
2026-07-13 14:45:00+00:00,1.4142299890518188
2026-07-13 15:00:00+00:00,1.4139599800109863
2026-07-13 15:15:00+00:00,1.4134999513626099
2026-07-13 15:30:00+00:00,1.4140199422836304
2026-07-13 15:45:00+00:00,1.414080023765564
2026-07-13 16:00:00+00:00,1.41389000415802
2026-07-13 16:15:00+00:00,1.4144999980926514
2026-07-13 16:30:00+00:00,1.4150500297546387
2026-07-13 16:45:00+00:00,1.4148399829864502
2026-07-13 17:00:00+00:00,1.4151300191879272
2026-07-13 17:15:00+00:00,1.4147800207138062
2026-07-13 17:30:00+00:00,1.4147000312805176
2026-07-13 17:45:00+00:00,1.4147000312805176
2026-07-13 18:00:00+00:00,1.4150500297546387
2026-07-13 18:15:00+00:00,1.4148499965667725
2026-07-13 18:30:00+00:00,1.4149800539016724
2026-07-13 18:45:00+00:00,1.4149999618530273
2026-07-13 19:00:00+00:00,1.4156500101089478
2026-07-13 19:15:00+00:00,1.4157899618148804
2026-07-13 19:30:00+00:00,1.4157700538635254
2026-07-13 19:45:00+00:00,1.4154900312423706
2026-07-13 20:00:00+00:00,1.4151999950408936
2026-07-13 20:15:00+00:00,1.415719985961914
2026-07-13 20:30:00+00:00,1.41566002368927
2026-07-13 20:45:00+00:00,1.4152599573135376
2026-07-13 21:00:00+00:00,1.4151999950408936
2026-07-13 21:15:00+00:00,1.4149999618530273
2026-07-13 21:30:00+00:00,1.4153000116348267
2026-07-13 21:45:00+00:00,1.4148999452590942
2026-07-13 22:00:00+00:00,1.4152400493621826
2026-07-13 22:15:00+00:00,1.4149999618530273
2026-07-13 22:30:00+00:00,1.4146000146865845
2026-07-13 22:45:00+00:00,1.4152400493621826
2026-07-13 23:00:00+00:00,1.4152699708938599
2026-07-13 23:15:00+00:00,1.4147000312805176
2026-07-13 23:30:00+00:00,1.4147000312805176
2026-07-13 23:45:00+00:00,1.4149500131607056
2026-07-14 00:00:00+00:00,1.4151599407196045
2026-07-14 00:15:00+00:00,1.4149999618530273
2026-07-14 00:30:00+00:00,1.414680004119873
2026-07-14 00:45:00+00:00,1.4147299528121948
2026-07-14 01:00:00+00:00,1.4146000146865845
2026-07-14 01:15:00+00:00,1.4146599769592285
2026-07-14 01:30:00+00:00,1.414430022239685
2026-07-14 01:45:00+00:00,1.4140000343322754
2026-07-14 02:00:00+00:00,1.4138799905776978
2026-07-14 02:15:00+00:00,1.4134700298309326
2026-07-14 02:30:00+00:00,1.4129999876022339
2026-07-14 02:45:00+00:00,1.4133000373840332
2026-07-14 03:00:00+00:00,1.4134199619293213
2026-07-14 03:15:00+00:00,1.413100004196167
2026-07-14 03:30:00+00:00,1.413140058517456
2026-07-14 03:45:00+00:00,1.4131200313568115
2026-07-14 04:00:00+00:00,1.4127999544143677
2026-07-14 04:15:00+00:00,1.4129600524902344
2026-07-14 04:30:00+00:00,1.4130799770355225
2026-07-14 04:45:00+00:00,1.4131900072097778
2026-07-14 05:00:00+00:00,1.4130699634552002
2026-07-14 05:15:00+00:00,1.4130799770355225
2026-07-14 05:30:00+00:00,1.4127999544143677
2026-07-14 05:45:00+00:00,1.4131100177764893
2026-07-14 06:00:00+00:00,1.413059949874878
2026-07-14 06:15:00+00:00,1.4133599996566772
2026-07-14 06:30:00+00:00,1.413390040397644
2026-07-14 06:45:00+00:00,1.4133700132369995
2026-07-14 07:00:00+00:00,1.4127399921417236
2026-07-14 07:15:00+00:00,1.4116499423980713
2026-07-14 07:30:00+00:00,1.4108099937438965
2026-07-14 07:45:00+00:00,1.4101999998092651
2026-07-14 08:00:00+00:00,1.4101699590682983
2026-07-14 08:15:00+00:00,1.4106099605560303
2026-07-14 08:30:00+00:00,1.4092199802398682
2026-07-14 08:45:00+00:00,1.4092199802398682
2026-07-14 09:00:00+00:00,1.4083800315856934
2026-07-14 09:15:00+00:00,1.4084999561309814
2026-07-14 09:30:00+00:00,1.4086500406265259
2026-07-14 09:45:00+00:00,1.4085099697113037
2026-07-14 10:00:00+00:00,1.408959984779358
2026-07-14 10:15:00+00:00,1.4096200466156006
2026-07-14 10:30:00+00:00,1.409600019454956
2026-07-14 10:45:00+00:00,1.4106600284576416
2026-07-14 11:00:00+00:00,1.4110499620437622
2026-07-14 11:15:00+00:00,1.4114199876785278
2026-07-14 11:30:00+00:00,1.4113500118255615
2026-07-14 11:45:00+00:00,1.4113800525665283
2026-07-14 12:00:00+00:00,1.4109899997711182
2026-07-14 12:15:00+00:00,1.4096100330352783
2026-07-14 12:30:00+00:00,1.405400037765503
2026-07-14 12:45:00+00:00,1.4073200225830078
2026-07-14 13:00:00+00:00,1.4065699577331543
2026-07-14 13:15:00+00:00,1.4059100151062012
2026-07-14 13:30:00+00:00,1.4063700437545776
2026-07-14 13:45:00+00:00,1.406980037689209
2026-07-14 14:00:00+00:00,1.405500054359436
2026-07-14 14:15:00+00:00,1.4067800045013428
2026-07-14 14:30:00+00:00,1.4057600498199463
2026-07-14 14:45:00+00:00,1.4056799411773682
2026-07-14 15:00:00+00:00,1.404729962348938
2026-07-14 15:15:00+00:00,1.4055299758911133
2026-07-14 15:30:00+00:00,1.4062299728393555
2026-07-14 15:45:00+00:00,1.406499981880188
2026-07-14 16:00:00+00:00,1.4069600105285645
2026-07-14 16:15:00+00:00,1.4066799879074097
2026-07-14 16:30:00+00:00,1.405900001525879
2026-07-14 16:45:00+00:00,1.405940055847168
2026-07-14 17:00:00+00:00,1.406849980354309
2026-07-14 17:15:00+00:00,1.4068800210952759
2026-07-14 17:30:00+00:00,1.406849980354309
2026-07-14 17:45:00+00:00,1.4069199562072754
2026-07-14 18:00:00+00:00,1.4069600105285645
2026-07-14 18:15:00+00:00,1.4068000316619873
2026-07-14 18:30:00+00:00,1.4072200059890747
2026-07-14 18:45:00+00:00,1.406599998474121
2026-07-14 19:00:00+00:00,1.4066599607467651
2026-07-14 19:15:00+00:00,1.4067000150680542
2026-07-14 19:30:00+00:00,1.4064199924468994
2026-07-14 19:45:00+00:00,1.4066499471664429
2026-07-14 20:00:00+00:00,1.4065799713134766
2026-07-14 20:15:00+00:00,1.4063600301742554
2026-07-14 20:30:00+00:00,1.4057600498199463
2026-07-14 20:45:00+00:00,1.4057600498199463
2026-07-14 21:00:00+00:00,1.4062000513076782
2026-07-14 21:15:00+00:00,1.4062999486923218
2026-07-14 21:30:00+00:00,1.406000018119812
2026-07-14 21:45:00+00:00,1.4061199426651
2026-07-14 22:00:00+00:00,1.4057999849319458
2026-07-14 22:15:00+00:00,1.4058200120925903
2026-07-14 22:30:00+00:00,1.4059200286865234
2026-07-14 22:45:00+00:00,1.4055999517440796
2026-07-14 23:00:00+00:00,1.405809998512268
2026-07-14 23:15:00+00:00,1.4053000211715698
2026-07-14 23:30:00+00:00,1.4052000045776367
2026-07-14 23:45:00+00:00,1.4052000045776367
2026-07-15 00:00:00+00:00,1.405500054359436
2026-07-15 00:15:00+00:00,1.4051899909973145
2026-07-15 00:30:00+00:00,1.4053699970245361
2026-07-15 00:45:00+00:00,1.4047199487686157
2026-07-15 01:00:00+00:00,1.4044599533081055
2026-07-15 01:15:00+00:00,1.4045000076293945
2026-07-15 01:30:00+00:00,1.4047199487686157
2026-07-15 01:45:00+00:00,1.404520034790039
2026-07-15 02:00:00+00:00,1.4045100212097168
2026-07-15 02:15:00+00:00,1.4044400453567505
2026-07-15 02:30:00+00:00,1.4040299654006958
2026-07-15 02:45:00+00:00,1.4040800333023071
2026-07-15 03:00:00+00:00,1.4046200513839722
2026-07-15 03:15:00+00:00,1.4048099517822266
2026-07-15 03:30:00+00:00,1.4048999547958374
2026-07-15 03:45:00+00:00,1.4045699834823608
2026-07-15 04:00:00+00:00,1.4046900272369385
2026-07-15 04:15:00+00:00,1.40461003780365
2026-07-15 04:30:00+00:00,1.4047199487686157
2026-07-15 04:45:00+00:00,1.4049099683761597
2026-07-15 05:00:00+00:00,1.4048399925231934
2026-07-15 05:15:00+00:00,1.4046000242233276
2026-07-15 05:30:00+00:00,1.404960036277771
2026-07-15 05:45:00+00:00,1.4052599668502808
2026-07-15 06:00:00+00:00,1.4055399894714355
2026-07-15 06:15:00+00:00,1.4053200483322144
2026-07-15 06:30:00+00:00,1.4054399728775024
2026-07-15 06:45:00+00:00,1.4058500528335571
2026-07-15 07:00:00+00:00,1.404360055923462
2026-07-15 07:15:00+00:00,1.4055500030517578
2026-07-15 07:30:00+00:00,1.405060052871704
2026-07-15 07:45:00+00:00,1.4052300453186035
2026-07-15 08:00:00+00:00,1.4050899744033813
2026-07-15 08:15:00+00:00,1.404919981956482
2026-07-15 08:30:00+00:00,1.405329942703247
2026-07-15 08:45:00+00:00,1.405500054359436
2026-07-15 09:00:00+00:00,1.405419945716858
2026-07-15 09:15:00+00:00,1.4057300090789795
2026-07-15 09:30:00+00:00,1.4056899547576904
2026-07-15 09:45:00+00:00,1.4058899879455566
2026-07-15 10:00:00+00:00,1.4061100482940674
2026-07-15 10:15:00+00:00,1.4066400527954102
2026-07-15 10:30:00+00:00,1.4066699743270874
2026-07-15 10:45:00+00:00,1.4065099954605103
2026-07-15 11:00:00+00:00,1.406540036201477
2026-07-15 11:15:00+00:00,1.406790018081665
2026-07-15 11:30:00+00:00,1.4070700407028198
2026-07-15 11:45:00+00:00,1.4069199562072754
2026-07-15 12:00:00+00:00,1.4073699712753296
2026-07-15 12:15:00+00:00,1.406790018081665
2026-07-15 12:30:00+00:00,1.4052499532699585
2026-07-15 12:45:00+00:00,1.405310034751892
2026-07-15 13:00:00+00:00,1.4056299924850464
2026-07-15 13:15:00+00:00,1.4061700105667114
2026-07-15 13:30:00+00:00,1.405940055847168
2026-07-15 13:45:00+00:00,1.4065699577331543
2026-07-15 14:00:00+00:00,1.406540036201477
2026-07-15 14:15:00+00:00,1.4057300090789795
2026-07-15 14:30:00+00:00,1.405519962310791
2026-07-15 14:45:00+00:00,1.4051300287246704
2026-07-15 15:00:00+00:00,1.4052900075912476
2026-07-15 15:15:00+00:00,1.4045000076293945
2026-07-15 15:30:00+00:00,1.404979944229126
2026-07-15 15:45:00+00:00,1.404770016670227
2026-07-15 16:00:00+00:00,1.40461003780365
2026-07-15 16:15:00+00:00,1.4048399925231934
2026-07-15 16:30:00+00:00,1.4053699970245361
2026-07-15 16:45:00+00:00,1.4048800468444824
2026-07-15 17:00:00+00:00,1.404360055923462
2026-07-15 17:15:00+00:00,1.4040299654006958
2026-07-15 17:30:00+00:00,1.4031000137329102
2026-07-15 17:45:00+00:00,1.4032000303268433
2026-07-15 18:00:00+00:00,1.403309941291809
2026-07-15 18:15:00+00:00,1.402609944343567
2026-07-15 18:30:00+00:00,1.403249979019165
2026-07-15 18:45:00+00:00,1.4042500257492065
2026-07-15 19:00:00+00:00,1.4036200046539307
2026-07-15 19:15:00+00:00,1.4038900136947632
2026-07-15 19:30:00+00:00,1.4041199684143066
2026-07-15 19:45:00+00:00,1.404170036315918
2026-07-15 20:00:00+00:00,1.404420018196106
2026-07-15 20:15:00+00:00,1.404270052909851
2026-07-15 20:30:00+00:00,1.4039000272750854
2026-07-15 20:45:00+00:00,1.4040000438690186
2026-07-15 21:00:00+00:00,1.403499960899353
2026-07-15 21:15:00+00:00,1.402999997138977
2026-07-15 21:30:00+00:00,1.4035999774932861
2026-07-15 21:45:00+00:00,1.40339994430542
2026-07-15 22:00:00+00:00,1.4038399457931519
2026-07-15 22:15:00+00:00,1.4033000469207764
2026-07-15 22:30:00+00:00,1.403499960899353
2026-07-15 22:45:00+00:00,1.403499960899353
2026-07-15 23:00:00+00:00,1.4037599563598633
2026-07-15 23:15:00+00:00,1.4037200212478638
2026-07-15 23:30:00+00:00,1.4035600423812866
2026-07-15 23:45:00+00:00,1.4037100076675415
2026-07-16 00:00:00+00:00,1.4035999774932861
2026-07-16 00:15:00+00:00,1.4039000272750854
2026-07-16 00:30:00+00:00,1.4041999578475952
2026-07-16 00:45:00+00:00,1.4038300514221191
2026-07-16 01:00:00+00:00,1.4040000438690186
2026-07-16 01:15:00+00:00,1.4043400287628174
2026-07-16 01:30:00+00:00,1.4045599699020386
2026-07-16 01:45:00+00:00,1.404829978942871
2026-07-16 02:00:00+00:00,1.4051400423049927
2026-07-16 02:15:00+00:00,1.4049400091171265
2026-07-16 02:30:00+00:00,1.4051200151443481
2026-07-16 02:45:00+00:00,1.4050400257110596
2026-07-16 03:00:00+00:00,1.4048199653625488
2026-07-16 03:15:00+00:00,1.4046000242233276
2026-07-16 03:30:00+00:00,1.4041999578475952
2026-07-16 03:45:00+00:00,1.4042999744415283
2026-07-16 04:00:00+00:00,1.404539942741394
2026-07-16 04:15:00+00:00,1.4047600030899048
2026-07-16 04:30:00+00:00,1.404520034790039
2026-07-16 04:45:00+00:00,1.4046599864959717
2026-07-16 05:00:00+00:00,1.4045100212097168
2026-07-16 05:15:00+00:00,1.404710054397583
2026-07-16 05:30:00+00:00,1.404919981956482
2026-07-16 05:45:00+00:00,1.404919981956482
2026-07-16 06:00:00+00:00,1.4047199487686157
2026-07-16 06:15:00+00:00,1.4046299457550049
2026-07-16 06:30:00+00:00,1.4046599864959717
2026-07-16 06:45:00+00:00,1.4038000106811523
2026-07-16 07:00:00+00:00,1.4041999578475952
2026-07-16 07:15:00+00:00,1.40447998046875
2026-07-16 07:30:00+00:00,1.4044500589370728
2026-07-16 07:45:00+00:00,1.4046399593353271
2026-07-16 08:00:00+00:00,1.4045100212097168
2026-07-16 08:15:00+00:00,1.4046000242233276
2026-07-16 08:30:00+00:00,1.4043999910354614
2026-07-16 08:45:00+00:00,1.4041500091552734
2026-07-16 09:00:00+00:00,1.4040000438690186
2026-07-16 09:15:00+00:00,1.4045000076293945
2026-07-16 09:30:00+00:00,1.4043500423431396
2026-07-16 09:45:00+00:00,1.404039978981018
2026-07-16 10:00:00+00:00,1.4038399457931519
2026-07-16 10:15:00+00:00,1.4036099910736084
2026-07-16 10:30:00+00:00,1.403689980506897
2026-07-16 10:45:00+00:00,1.4036699533462524
2026-07-16 11:00:00+00:00,1.4033199548721313
2026-07-16 11:15:00+00:00,1.4036099910736084
2026-07-16 11:30:00+00:00,1.4031800031661987
2026-07-16 11:45:00+00:00,1.4032100439071655
2026-07-16 12:00:00+00:00,1.402500033378601
2026-07-16 12:15:00+00:00,1.402269959449768
2026-07-16 12:30:00+00:00,1.4022599458694458
2026-07-16 12:45:00+00:00,1.4028600454330444
2026-07-16 13:00:00+00:00,1.4019700288772583
2026-07-16 13:15:00+00:00,1.4012099504470825
2026-07-16 13:30:00+00:00,1.4017800092697144
2026-07-16 13:45:00+00:00,1.40215003490448
2026-07-16 14:00:00+00:00,1.4025299549102783
2026-07-16 14:15:00+00:00,1.4021199941635132
2026-07-16 14:30:00+00:00,1.4024300575256348
2026-07-16 14:45:00+00:00,1.4031800031661987
2026-07-16 15:00:00+00:00,1.4037400484085083
2026-07-16 15:15:00+00:00,1.4038399457931519
2026-07-16 15:30:00+00:00,1.4036799669265747
2026-07-16 15:45:00+00:00,1.4034299850463867
2026-07-16 16:00:00+00:00,1.4039700031280518
2026-07-16 16:15:00+00:00,1.4044100046157837
2026-07-16 16:30:00+00:00,1.4047000408172607
2026-07-16 16:45:00+00:00,1.4049999713897705
2026-07-16 17:00:00+00:00,1.40556001663208
2026-07-16 17:15:00+00:00,1.4052300453186035
2026-07-16 17:30:00+00:00,1.405400037765503
2026-07-16 17:45:00+00:00,1.405269980430603
2026-07-16 18:00:00+00:00,1.4051599502563477
2026-07-16 18:15:00+00:00,1.405269980430603
2026-07-16 18:30:00+00:00,1.4050099849700928
2026-07-16 18:45:00+00:00,1.4048399925231934
2026-07-16 19:00:00+00:00,1.4049099683761597
2026-07-16 19:15:00+00:00,1.4050400257110596
2026-07-16 19:30:00+00:00,1.4049299955368042
2026-07-16 19:45:00+00:00,1.4047900438308716
2026-07-16 20:00:00+00:00,1.4049899578094482
2026-07-16 20:15:00+00:00,1.4049999713897705
2026-07-16 20:30:00+00:00,1.4040000438690186
2026-07-16 20:45:00+00:00,1.4039900302886963
2026-07-16 21:00:00+00:00,1.404099941253662
2026-07-16 21:15:00+00:00,1.4041999578475952
2026-07-16 21:30:00+00:00,1.4042099714279175
2026-07-16 21:45:00+00:00,1.4039000272750854
2026-07-16 22:00:00+00:00,1.4036999940872192
2026-07-16 22:15:00+00:00,1.4039700031280518
2026-07-16 22:30:00+00:00,1.4041099548339844
2026-07-16 22:45:00+00:00,1.4041999578475952
2026-07-16 23:00:00+00:00,1.4040299654006958
2026-07-16 23:15:00+00:00,1.40339994430542
2026-07-16 23:30:00+00:00,1.4037699699401855
2026-07-16 23:45:00+00:00,1.4037599563598633
2026-07-17 00:00:00+00:00,1.403499960899353
2026-07-17 00:15:00+00:00,1.40392005443573
2026-07-17 00:30:00+00:00,1.4039000272750854
2026-07-17 00:45:00+00:00,1.4034199714660645
2026-07-17 01:00:00+00:00,1.402999997138977
2026-07-17 01:15:00+00:00,1.4030100107192993
2026-07-17 01:30:00+00:00,1.4032200574874878
2026-07-17 01:45:00+00:00,1.403499960899353
2026-07-17 02:00:00+00:00,1.40339994430542
2026-07-17 02:15:00+00:00,1.4038499593734741
2026-07-17 02:30:00+00:00,1.4039599895477295
2026-07-17 02:45:00+00:00,1.4040100574493408
2026-07-17 03:00:00+00:00,1.4039000272750854
2026-07-17 03:15:00+00:00,1.4037699699401855
2026-07-17 03:30:00+00:00,1.4040700197219849
2026-07-17 03:45:00+00:00,1.4035999774932861
2026-07-17 04:00:00+00:00,1.4032000303268433
2026-07-17 04:15:00+00:00,1.4036099910736084
2026-07-17 04:30:00+00:00,1.4036400318145752
2026-07-17 04:45:00+00:00,1.403730034828186
2026-07-17 05:00:00+00:00,1.4036600589752197
2026-07-17 05:15:00+00:00,1.4035700559616089
2026-07-17 05:30:00+00:00,1.403439998626709
2026-07-17 05:45:00+00:00,1.4036699533462524
2026-07-17 06:00:00+00:00,1.4032000303268433
2026-07-17 06:15:00+00:00,1.4033600091934204
2026-07-17 06:30:00+00:00,1.4031000137329102
2026-07-17 06:45:00+00:00,1.4030400514602661
2026-07-17 07:00:00+00:00,1.403059959411621
2026-07-17 07:15:00+00:00,1.4028799533843994
2026-07-17 07:30:00+00:00,1.4029500484466553
2026-07-17 07:45:00+00:00,1.4028400182724
2026-07-17 08:00:00+00:00,1.4034199714660645
2026-07-17 08:15:00+00:00,1.4032200574874878
2026-07-17 08:30:00+00:00,1.4026999473571777
2026-07-17 08:45:00+00:00,1.4030400514602661
2026-07-17 09:00:00+00:00,1.4032000303268433
2026-07-17 09:15:00+00:00,1.4028899669647217
2026-07-17 09:30:00+00:00,1.403439998626709
2026-07-17 09:45:00+00:00,1.4030200242996216
2026-07-17 10:00:00+00:00,1.4026800394058228
2026-07-17 10:15:00+00:00,1.4028799533843994
2026-07-17 10:30:00+00:00,1.4032299518585205
2026-07-17 10:45:00+00:00,1.4036999940872192
2026-07-17 11:00:00+00:00,1.4034899473190308
2026-07-17 11:15:00+00:00,1.403090000152588
2026-07-17 11:30:00+00:00,1.4025100469589233
2026-07-17 11:45:00+00:00,1.4025800228118896
2026-07-17 12:00:00+00:00,1.4024499654769897
2026-07-17 12:15:00+00:00,1.4021600484848022
2026-07-17 12:30:00+00:00,1.402609944343567
2026-07-17 12:45:00+00:00,1.4025499820709229
2026-07-17 13:00:00+00:00,1.4019999504089355
2026-07-17 13:15:00+00:00,1.401520013809204
2026-07-17 13:30:00+00:00,1.4017200469970703
2026-07-17 13:45:00+00:00,1.4010599851608276
2026-07-17 14:00:00+00:00,1.4009000062942505
2026-07-17 14:15:00+00:00,1.4013999700546265
2026-07-17 14:30:00+00:00,1.4010100364685059
2026-07-17 14:45:00+00:00,1.4012800455093384
2026-07-17 15:00:00+00:00,1.4008599519729614
2026-07-17 15:15:00+00:00,1.400979995727539
2026-07-17 15:30:00+00:00,1.4016300439834595
2026-07-17 15:45:00+00:00,1.4015599489212036
2026-07-17 16:00:00+00:00,1.4008599519729614
2026-07-17 16:15:00+00:00,1.4003000259399414
2026-07-17 16:30:00+00:00,1.400820016860962
2026-07-17 16:45:00+00:00,1.400979995727539
2026-07-17 17:00:00+00:00,1.4013899564743042
2026-07-17 17:15:00+00:00,1.4011900424957275
2026-07-17 17:30:00+00:00,1.4014099836349487
2026-07-17 17:45:00+00:00,1.401479959487915
2026-07-17 18:00:00+00:00,1.4014400243759155
2026-07-17 18:15:00+00:00,1.4006999731063843
2026-07-17 18:30:00+00:00,1.4013700485229492
2026-07-17 18:45:00+00:00,1.401110053062439
2026-07-17 19:00:00+00:00,1.4011800289154053
2026-07-17 19:15:00+00:00,1.4009000062942505
2026-07-17 19:30:00+00:00,1.401110053062439
2026-07-17 19:45:00+00:00,1.4009900093078613
2026-07-17 20:00:00+00:00,1.4011800289154053
2026-07-17 20:15:00+00:00,1.4015599489212036
2026-07-17 20:30:00+00:00,1.4017200469970703
2026-07-17 20:45:00+00:00,1.4018000364303589
2026-07-17 21:00:00+00:00,1.4019999504089355
2026-07-17 21:15:00+00:00,1.4018000364303589
2026-07-19 23:00:00+00:00,1.4019399881362915
2026-07-19 23:15:00+00:00,1.4016000032424927
2026-07-19 23:30:00+00:00,1.401900053024292
2026-07-19 23:45:00+00:00,1.4017000198364258
2026-07-20 00:00:00+00:00,1.401669979095459
2026-07-20 00:15:00+00:00,1.4012000560760498
2026-07-20 00:30:00+00:00,1.4013999700546265
2026-07-20 00:45:00+00:00,1.4012399911880493
2026-07-20 01:00:00+00:00,1.4011800289154053
2026-07-20 01:15:00+00:00,1.4009900093078613
2026-07-20 01:30:00+00:00,1.400979995727539
2026-07-20 01:45:00+00:00,1.400670051574707
2026-07-20 02:00:00+00:00,1.4006199836730957
2026-07-20 02:15:00+00:00,1.4005000591278076
2026-07-20 02:30:00+00:00,1.4004000425338745
2026-07-20 02:45:00+00:00,1.4006799459457397
2026-07-20 03:00:00+00:00,1.4007899761199951
2026-07-20 03:15:00+00:00,1.4007799625396729
2026-07-20 03:30:00+00:00,1.4007400274276733
2026-07-20 03:45:00+00:00,1.400670051574707
2026-07-20 04:00:00+00:00,1.4005500078201294
2026-07-20 04:15:00+00:00,1.4004299640655518
2026-07-20 04:30:00+00:00,1.4000999927520752
2026-07-20 04:45:00+00:00,1.400439977645874
2026-07-20 05:00:00+00:00,1.4005000591278076
2026-07-20 05:15:00+00:00,1.4008899927139282
2026-07-20 05:30:00+00:00,1.401039958000183
2026-07-20 05:45:00+00:00,1.40106999874115
2026-07-20 06:00:00+00:00,1.400689959526062
2026-07-20 06:15:00+00:00,1.4009699821472168
2026-07-20 06:30:00+00:00,1.4007200002670288
2026-07-20 06:45:00+00:00,1.4009000062942505
2026-07-20 07:00:00+00:00,1.4007600545883179
2026-07-20 07:15:00+00:00,1.4007699489593506
2026-07-20 07:30:00+00:00,1.4006999731063843
2026-07-20 07:45:00+00:00,1.4014300107955933
2026-07-20 08:00:00+00:00,1.4016599655151367
2026-07-20 08:15:00+00:00,1.4024399518966675
2026-07-20 08:30:00+00:00,1.4022599458694458
2026-07-20 08:45:00+00:00,1.4022599458694458
2026-07-20 09:00:00+00:00,1.4024100303649902
2026-07-20 09:15:00+00:00,1.4027099609375
2026-07-20 09:30:00+00:00,1.4029799699783325
2026-07-20 09:45:00+00:00,1.4030200242996216
2026-07-20 10:00:00+00:00,1.4025800228118896
2026-07-20 10:15:00+00:00,1.4023100137710571
2026-07-20 10:30:00+00:00,1.4020999670028687
2026-07-20 10:45:00+00:00,1.402590036392212
2026-07-20 11:00:00+00:00,1.4025800228118896
2026-07-20 11:15:00+00:00,1.4019399881362915
2026-07-20 11:30:00+00:00,1.4027999639511108
2026-07-20 11:45:00+00:00,1.4035899639129639
2026-07-20 12:00:00+00:00,1.4033000469207764
2026-07-20 12:15:00+00:00,1.4038399457931519
2026-07-20 12:30:00+00:00,1.4046599864959717
2026-07-20 12:45:00+00:00,1.40447998046875
2026-07-20 13:00:00+00:00,1.404189944267273
2026-07-20 13:15:00+00:00,1.4043200016021729
2026-07-20 13:30:00+00:00,1.404770016670227
2026-07-20 13:45:00+00:00,1.4039000272750854
2026-07-20 14:00:00+00:00,1.4040900468826294
2026-07-20 14:15:00+00:00,1.4040100574493408
2026-07-20 14:30:00+00:00,1.4047900438308716
2026-07-20 14:45:00+00:00,1.4056999683380127
2026-07-20 15:00:00+00:00,1.4057999849319458
2026-07-20 15:15:00+00:00,1.4058799743652344
2026-07-20 15:30:00+00:00,1.4065200090408325
2026-07-20 15:45:00+00:00,1.4059799909591675
2026-07-20 16:00:00+00:00,1.405329942703247
2026-07-20 16:15:00+00:00,1.4054800271987915
2026-07-20 16:30:00+00:00,1.4057600498199463
2026-07-20 16:45:00+00:00,1.4056700468063354
2026-07-20 17:00:00+00:00,1.4059200286865234
2026-07-20 17:15:00+00:00,1.4058500528335571
2026-07-20 17:30:00+00:00,1.4058799743652344
2026-07-20 17:45:00+00:00,1.405650019645691
2026-07-20 18:00:00+00:00,1.4055800437927246
2026-07-20 18:15:00+00:00,1.4056799411773682
2026-07-20 18:30:00+00:00,1.4059100151062012
2026-07-20 18:45:00+00:00,1.4058400392532349
2026-07-20 19:00:00+00:00,1.4056999683380127
2026-07-20 19:15:00+00:00,1.4059100151062012
2026-07-20 19:30:00+00:00,1.4062999486923218
2026-07-20 19:45:00+00:00,1.4064699411392212
2026-07-20 20:00:00+00:00,1.4068800210952759
2026-07-20 20:15:00+00:00,1.4066799879074097
2026-07-20 20:30:00+00:00,1.4068599939346313
2026-07-20 20:45:00+00:00,1.406559944152832
2026-07-20 21:00:00+00:00,1.407829999923706
2026-07-20 21:15:00+00:00,1.4080899953842163
2026-07-20 21:30:00+00:00,1.4079999923706055
2026-07-20 21:45:00+00:00,1.4079699516296387
2026-07-20 22:00:00+00:00,1.4082800149917603
2026-07-20 22:15:00+00:00,1.4080599546432495
2026-07-20 22:30:00+00:00,1.4079300165176392
2026-07-20 22:45:00+00:00,1.4076900482177734
2026-07-20 23:00:00+00:00,1.4076299667358398
2026-07-20 23:15:00+00:00,1.4077800512313843
2026-07-20 23:30:00+00:00,1.407639980316162
2026-07-20 23:45:00+00:00,1.4069000482559204
2026-07-21 00:00:00+00:00,1.406999945640564
2026-07-21 00:15:00+00:00,1.407580018043518
2026-07-21 00:30:00+00:00,1.4073899984359741
2026-07-21 00:45:00+00:00,1.4074499607086182
2026-07-21 01:00:00+00:00,1.4072999954223633
2026-07-21 01:15:00+00:00,1.4074000120162964
2026-07-21 01:30:00+00:00,1.4074900150299072
2026-07-21 01:45:00+00:00,1.4074499607086182
2026-07-21 02:00:00+00:00,1.4075700044631958
2026-07-21 02:15:00+00:00,1.4075000286102295
2026-07-21 02:30:00+00:00,1.4076499938964844
2026-07-21 02:45:00+00:00,1.4079699516296387
2026-07-21 03:00:00+00:00,1.407920002937317
2026-07-21 03:15:00+00:00,1.4075000286102295
2026-07-21 03:30:00+00:00,1.4075000286102295
2026-07-21 03:45:00+00:00,1.4078799486160278
2026-07-21 04:00:00+00:00,1.4076499938964844
2026-07-21 04:15:00+00:00,1.4076999425888062
2026-07-21 04:30:00+00:00,1.4072099924087524
2026-07-21 04:45:00+00:00,1.407099962234497
2026-07-21 05:00:00+00:00,1.4072500467300415
2026-07-21 05:15:00+00:00,1.4069900512695312
2026-07-21 05:30:00+00:00,1.4067599773406982
2026-07-21 05:45:00+00:00,1.4070899486541748
2026-07-21 06:00:00+00:00,1.4074900150299072
2026-07-21 06:15:00+00:00,1.4070199728012085
2026-07-21 06:30:00+00:00,1.40693998336792
2026-07-21 06:45:00+00:00,1.4063299894332886
2026-07-21 07:00:00+00:00,1.406149983406067
2026-07-21 07:15:00+00:00,1.4062399864196777
2026-07-21 07:30:00+00:00,1.406599998474121
2026-07-21 07:45:00+00:00,1.4062999486923218
2026-07-21 08:00:00+00:00,1.4066400527954102
2026-07-21 08:15:00+00:00,1.4067000150680542
2026-07-21 08:30:00+00:00,1.4065799713134766
2026-07-21 08:45:00+00:00,1.406559944152832
2026-07-21 09:00:00+00:00,1.4063800573349
2026-07-21 09:15:00+00:00,1.4064199924468994
2026-07-21 09:30:00+00:00,1.4056099653244019
2026-07-21 09:45:00+00:00,1.4056600332260132
2026-07-21 10:00:00+00:00,1.405900001525879
2026-07-21 10:15:00+00:00,1.405500054359436
2026-07-21 10:30:00+00:00,1.4061199426651
2026-07-21 10:45:00+00:00,1.4059900045394897
2026-07-21 11:00:00+00:00,1.4060399532318115
2026-07-21 11:15:00+00:00,1.406540036201477
2026-07-21 11:30:00+00:00,1.4065200090408325
2026-07-21 11:45:00+00:00,1.406559944152832
2026-07-21 12:00:00+00:00,1.4075900316238403
2026-07-21 12:15:00+00:00,1.4076600074768066
2026-07-21 12:30:00+00:00,1.407729983329773
2026-07-21 12:45:00+00:00,1.407520055770874
2026-07-21 13:00:00+00:00,1.4078799486160278
2026-07-21 13:15:00+00:00,1.4086899757385254
2026-07-21 13:30:00+00:00,1.4083399772644043
2026-07-21 13:45:00+00:00,1.408400058746338
2026-07-21 14:00:00+00:00,1.4078199863433838
2026-07-21 14:15:00+00:00,1.409209966659546
2026-07-21 14:30:00+00:00,1.409000039100647
2026-07-21 14:45:00+00:00,1.4091299772262573
2026-07-21 15:00:00+00:00,1.4097100496292114
2026-07-21 15:15:00+00:00,1.4094899892807007
2026-07-21 15:30:00+00:00,1.4095900058746338
2026-07-21 15:45:00+00:00,1.409500002861023
2026-07-21 16:00:00+00:00,1.4100799560546875
2026-07-21 16:15:00+00:00,1.4100099802017212
2026-07-21 16:30:00+00:00,1.409600019454956
2026-07-21 16:45:00+00:00,1.4097599983215332
2026-07-21 17:00:00+00:00,1.4100199937820435
2026-07-21 17:15:00+00:00,1.4098800420761108
2026-07-21 17:30:00+00:00,1.4102200269699097
2026-07-21 17:45:00+00:00,1.4101899862289429
2026-07-21 18:00:00+00:00,1.4107199907302856
2026-07-21 18:15:00+00:00,1.4105499982833862
2026-07-21 18:30:00+00:00,1.4108999967575073
2026-07-21 18:45:00+00:00,1.4107099771499634
2026-07-21 19:00:00+00:00,1.4108599424362183
2026-07-21 19:15:00+00:00,1.4105199575424194
2026-07-21 19:30:00+00:00,1.4109300374984741
2026-07-21 19:45:00+00:00,1.4101999998092651
2026-07-21 20:00:00+00:00,1.410539984703064
2026-07-21 20:15:00+00:00,1.4105199575424194
2026-07-21 20:30:00+00:00,1.410640001296997
2026-07-21 20:45:00+00:00,1.4105900526046753
2026-07-21 21:00:00+00:00,1.4105199575424194
2026-07-21 21:15:00+00:00,1.410599946975708
2026-07-21 21:30:00+00:00,1.4108099937438965
2026-07-21 21:45:00+00:00,1.4105000495910645
2026-07-21 22:00:00+00:00,1.4106500148773193
2026-07-21 22:15:00+00:00,1.4106800556182861
2026-07-21 22:30:00+00:00,1.4107999801635742
2026-07-21 22:45:00+00:00,1.4108699560165405
2026-07-21 23:00:00+00:00,1.4110000133514404
2026-07-21 23:15:00+00:00,1.4109899997711182
2026-07-21 23:30:00+00:00,1.4107500314712524
2026-07-21 23:45:00+00:00,1.4105199575424194
2026-07-22 00:00:00+00:00,1.410330057144165
2026-07-22 00:15:00+00:00,1.4101500511169434
2026-07-22 00:30:00+00:00,1.410599946975708
2026-07-22 00:45:00+00:00,1.4105199575424194
2026-07-22 01:00:00+00:00,1.4099400043487549
2026-07-22 01:15:00+00:00,1.410290002822876
2026-07-22 01:30:00+00:00,1.4104100465774536
2026-07-22 01:45:00+00:00,1.4103699922561646
2026-07-22 02:00:00+00:00,1.4105199575424194
2026-07-22 02:15:00+00:00,1.409999966621399
2026-07-22 02:30:00+00:00,1.410539984703064
2026-07-22 02:45:00+00:00,1.410099983215332
2026-07-22 03:00:00+00:00,1.4101999998092651
2026-07-22 03:15:00+00:00,1.4104299545288086
2026-07-22 03:30:00+00:00,1.4105499982833862
2026-07-22 03:45:00+00:00,1.41048002243042
2026-07-22 04:00:00+00:00,1.4107199907302856
2026-07-22 04:15:00+00:00,1.4105600118637085
2026-07-22 04:30:00+00:00,1.4103800058364868
2026-07-22 04:45:00+00:00,1.4105099439620972
2026-07-22 05:00:00+00:00,1.4104199409484863
2026-07-22 05:15:00+00:00,1.4105000495910645
2026-07-22 05:30:00+00:00,1.4105199575424194
2026-07-22 05:45:00+00:00,1.4102400541305542
2026-07-22 06:00:00+00:00,1.4102100133895874
2026-07-22 06:15:00+00:00,1.4102599620819092
2026-07-22 06:30:00+00:00,1.4098299741744995
2026-07-22 06:45:00+00:00,1.4098199605941772
2026-07-22 07:00:00+00:00,1.4089000225067139
2026-07-22 07:15:00+00:00,1.4084700345993042
2026-07-22 07:30:00+00:00,1.40910005569458
2026-07-22 07:45:00+00:00,1.4089299440383911
2026-07-22 08:00:00+00:00,1.409369945526123
2026-07-22 08:15:00+00:00,1.4093199968338013
2026-07-22 08:30:00+00:00,1.4091299772262573
2026-07-22 08:45:00+00:00,1.4093999862670898
2026-07-22 09:00:00+00:00,1.4092600345611572
2026-07-22 09:15:00+00:00,1.4094500541687012
2026-07-22 09:30:00+00:00,1.4096800088882446
2026-07-22 09:45:00+00:00,1.409540057182312
2026-07-22 10:00:00+00:00,1.4100500345230103
2026-07-22 10:15:00+00:00,1.4103699922561646
2026-07-22 10:30:00+00:00,1.4098700284957886
2026-07-22 10:45:00+00:00,1.4100799560546875
2026-07-22 11:00:00+00:00,1.4097900390625
2026-07-22 11:15:00+00:00,1.4094300270080566
2026-07-22 11:30:00+00:00,1.4091800451278687
2026-07-22 11:45:00+00:00,1.4090100526809692
2026-07-22 12:00:00+00:00,1.4083800315856934
2026-07-22 12:15:00+00:00,1.408619999885559
2026-07-22 12:30:00+00:00,1.408460021018982
2026-07-22 12:45:00+00:00,1.4090900421142578
2026-07-22 13:00:00+00:00,1.4087599515914917
2026-07-22 13:15:00+00:00,1.408619999885559
2026-07-22 13:30:00+00:00,1.4079999923706055
2026-07-22 13:45:00+00:00,1.409000039100647
2026-07-22 14:00:00+00:00,1.408400058746338
2026-07-22 14:15:00+00:00,1.408210039138794
2026-07-22 14:30:00+00:00,1.4085500240325928
2026-07-22 14:45:00+00:00,1.4083900451660156
2026-07-22 15:00:00+00:00,1.4083199501037598
2026-07-22 15:15:00+00:00,1.408460021018982
2026-07-22 15:30:00+00:00,1.4085400104522705
2026-07-22 15:45:00+00:00,1.4084700345993042
2026-07-22 16:00:00+00:00,1.4089399576187134
2026-07-22 16:15:00+00:00,1.4090299606323242
2026-07-22 16:30:00+00:00,1.4092199802398682
2026-07-22 16:45:00+00:00,1.4092899560928345
2026-07-22 17:00:00+00:00,1.4086999893188477
2026-07-22 17:15:00+00:00,1.4090700149536133
2026-07-22 17:30:00+00:00,1.4093999862670898
2026-07-22 17:45:00+00:00,1.409190058708191
2026-07-22 18:00:00+00:00,1.4091999530792236
2026-07-22 18:15:00+00:00,1.4088900089263916
2026-07-22 18:30:00+00:00,1.4087200164794922
2026-07-22 18:45:00+00:00,1.4084800481796265
2026-07-22 19:00:00+00:00,1.4086899757385254
2026-07-22 19:15:00+00:00,1.4086300134658813
2026-07-22 19:30:00+00:00,1.4085299968719482
2026-07-22 19:45:00+00:00,1.4083800315856934
2026-07-22 20:00:00+00:00,1.4081100225448608
2026-07-22 20:15:00+00:00,1.4078999757766724
2026-07-22 20:30:00+00:00,1.4084800481796265
2026-07-22 20:45:00+00:00,1.4085500240325928
2026-07-22 21:00:00+00:00,1.4079999923706055
2026-07-22 21:15:00+00:00,1.408400058746338
2026-07-22 21:30:00+00:00,1.4083800315856934
2026-07-22 21:45:00+00:00,1.4082599878311157
2026-07-22 22:00:00+00:00,1.4087799787521362
2026-07-22 22:15:00+00:00,1.4087200164794922
2026-07-22 22:30:00+00:00,1.4088900089263916
2026-07-22 22:45:00+00:00,1.408810019493103
2026-07-22 23:00:00+00:00,1.4087599515914917
2026-07-22 23:15:00+00:00,1.4086999893188477
2026-07-22 23:30:00+00:00,1.4086500406265259
2026-07-22 23:45:00+00:00,1.4085700511932373
2026-07-23 00:00:00+00:00,1.408560037612915
2026-07-23 00:15:00+00:00,1.4084999561309814
2026-07-23 00:30:00+00:00,1.4081000089645386
2026-07-23 00:45:00+00:00,1.407920002937317
2026-07-23 01:00:00+00:00,1.407580018043518
2026-07-23 01:15:00+00:00,1.4075000286102295
2026-07-23 01:30:00+00:00,1.407349944114685
2026-07-23 01:45:00+00:00,1.4073599576950073
2026-07-23 02:00:00+00:00,1.406999945640564
2026-07-23 02:15:00+00:00,1.407289981842041
2026-07-23 02:30:00+00:00,1.4068399667739868
2026-07-23 02:45:00+00:00,1.4061000347137451
2026-07-23 03:00:00+00:00,1.4068900346755981
2026-07-23 03:15:00+00:00,1.4061000347137451
2026-07-23 03:30:00+00:00,1.4062800407409668
2026-07-23 03:45:00+00:00,1.406440019607544
2026-07-23 04:00:00+00:00,1.4061100482940674
2026-07-23 04:15:00+00:00,1.406000018119812
2026-07-23 04:30:00+00:00,1.406309962272644
2026-07-23 04:45:00+00:00,1.4064199924468994
2026-07-23 05:00:00+00:00,1.4065099954605103
2026-07-23 05:15:00+00:00,1.4063999652862549
2026-07-23 05:30:00+00:00,1.4065699577331543
2026-07-23 05:45:00+00:00,1.4064199924468994
2026-07-23 06:00:00+00:00,1.4059200286865234
2026-07-23 06:15:00+00:00,1.4062399864196777
2026-07-23 06:30:00+00:00,1.4061000347137451
2026-07-23 06:45:00+00:00,1.406630039215088
2026-07-23 07:00:00+00:00,1.4058799743652344
2026-07-23 07:15:00+00:00,1.4066400527954102
2026-07-23 07:30:00+00:00,1.40693998336792
2026-07-23 07:45:00+00:00,1.4069700241088867
2026-07-23 08:00:00+00:00,1.4073599576950073
2026-07-23 08:15:00+00:00,1.4074100255966187
2026-07-23 08:30:00+00:00,1.4075499773025513
2026-07-23 08:45:00+00:00,1.407539963722229
2026-07-23 09:00:00+00:00,1.407979965209961
2026-07-23 09:15:00+00:00,1.4081599712371826
2026-07-23 09:30:00+00:00,1.4076000452041626
2026-07-23 09:45:00+00:00,1.4080400466918945
2026-07-23 10:00:00+00:00,1.4082399606704712
2026-07-23 10:15:00+00:00,1.4084800481796265
2026-07-23 10:30:00+00:00,1.4084899425506592
2026-07-23 10:45:00+00:00,1.4083399772644043
2026-07-23 11:00:00+00:00,1.4078500270843506
2026-07-23 11:15:00+00:00,1.407639980316162
2026-07-23 11:30:00+00:00,1.4086099863052368
2026-07-23 11:45:00+00:00,1.4078799486160278
2026-07-23 12:00:00+00:00,1.4071799516677856
2026-07-23 12:15:00+00:00,1.408079981803894
2026-07-23 12:30:00+00:00,1.4087899923324585
2026-07-23 12:45:00+00:00,1.4082399606704712
2026-07-23 13:00:00+00:00,1.408329963684082
2026-07-23 13:15:00+00:00,1.4081100225448608
2026-07-23 13:30:00+00:00,1.4076000452041626
2026-07-23 13:45:00+00:00,1.407920002937317
2026-07-23 14:00:00+00:00,1.4083900451660156
2026-07-23 14:15:00+00:00,1.4087599515914917
2026-07-23 14:30:00+00:00,1.4088900089263916
2026-07-23 14:45:00+00:00,1.408560037612915
2026-07-23 15:00:00+00:00,1.4086999893188477
2026-07-23 15:15:00+00:00,1.4091399908065796
2026-07-23 15:30:00+00:00,1.4088200330734253
2026-07-23 15:45:00+00:00,1.4087899923324585
2026-07-23 16:00:00+00:00,1.4084299802780151
2026-07-23 16:15:00+00:00,1.4085299968719482
2026-07-23 16:30:00+00:00,1.4082800149917603
2026-07-23 16:45:00+00:00,1.4076900482177734
2026-07-23 17:00:00+00:00,1.4078700542449951
2026-07-23 17:15:00+00:00,1.4077999591827393
2026-07-23 17:30:00+00:00,1.4079699516296387
2026-07-23 17:45:00+00:00,1.4080300331115723
2026-07-23 18:00:00+00:00,1.4078999757766724
2026-07-23 18:15:00+00:00,1.4080300331115723
2026-07-23 18:30:00+00:00,1.4078500270843506
2026-07-23 18:45:00+00:00,1.407539963722229
2026-07-23 19:00:00+00:00,1.4078700542449951
2026-07-23 19:15:00+00:00,1.4079699516296387
2026-07-23 19:30:00+00:00,1.408210039138794
2026-07-23 19:45:00+00:00,1.4083199501037598
2026-07-23 20:00:00+00:00,1.4084399938583374
2026-07-23 20:15:00+00:00,1.408400058746338
2026-07-23 20:30:00+00:00,1.4086400270462036
2026-07-23 20:45:00+00:00,1.4081000089645386
2026-07-23 21:00:00+00:00,1.4078999757766724
2026-07-23 21:15:00+00:00,1.4076999425888062
2026-07-23 21:30:00+00:00,1.4081000089645386
2026-07-23 21:45:00+00:00,1.4076999425888062
2026-07-23 22:00:00+00:00,1.4081900119781494
2026-07-23 22:15:00+00:00,1.4078999757766724
2026-07-23 22:30:00+00:00,1.4083399772644043
2026-07-23 22:45:00+00:00,1.4081900119781494
2026-07-23 23:00:00+00:00,1.4079999923706055
2026-07-23 23:15:00+00:00,1.4079999923706055
2026-07-23 23:30:00+00:00,1.4083900451660156
2026-07-23 23:45:00+00:00,1.4085400104522705
2026-07-24 00:00:00+00:00,1.4076499938964844
2026-07-24 00:15:00+00:00,1.4076100587844849
2026-07-24 00:30:00+00:00,1.4074000120162964
2026-07-24 00:45:00+00:00,1.4070299863815308
2026-07-24 01:00:00+00:00,1.407039999961853
2026-07-24 01:15:00+00:00,1.407099962234497
2026-07-24 01:30:00+00:00,1.4069199562072754
2026-07-24 01:45:00+00:00,1.4072500467300415
2026-07-24 02:00:00+00:00,1.4072799682617188
2026-07-24 02:15:00+00:00,1.4073400497436523
2026-07-24 02:30:00+00:00,1.4075299501419067
2026-07-24 02:45:00+00:00,1.4078799486160278
2026-07-24 03:00:00+00:00,1.4078400135040283
2026-07-24 03:15:00+00:00,1.4078600406646729
2026-07-24 03:30:00+00:00,1.4077199697494507
2026-07-24 03:45:00+00:00,1.4077099561691284
2026-07-24 04:00:00+00:00,1.4077099561691284
2026-07-24 04:15:00+00:00,1.4076000452041626
2026-07-24 04:30:00+00:00,1.4081799983978271
2026-07-24 04:45:00+00:00,1.4081599712371826
2026-07-24 05:00:00+00:00,1.407979965209961
2026-07-24 05:15:00+00:00,1.40788996219635
2026-07-24 05:30:00+00:00,1.4080699682235718
2026-07-24 05:45:00+00:00,1.4079999923706055
2026-07-24 06:00:00+00:00,1.4078999757766724
2026-07-24 06:15:00+00:00,1.4076199531555176
2026-07-24 06:30:00+00:00,1.4075000286102295
2026-07-24 06:45:00+00:00,1.407539963722229
2026-07-24 07:00:00+00:00,1.4070299863815308
2026-07-24 07:15:00+00:00,1.4069099426269531
2026-07-24 07:30:00+00:00,1.406999945640564
2026-07-24 07:45:00+00:00,1.4076000452041626
2026-07-24 08:00:00+00:00,1.407480001449585
2026-07-24 08:15:00+00:00,1.407639980316162
2026-07-24 08:30:00+00:00,1.4077099561691284
2026-07-24 08:45:00+00:00,1.40788996219635
2026-07-24 09:00:00+00:00,1.4076999425888062
2026-07-24 09:15:00+00:00,1.4077600240707397
2026-07-24 09:30:00+00:00,1.408560037612915
2026-07-24 09:45:00+00:00,1.407960057258606
2026-07-24 10:00:00+00:00,1.407829999923706
2026-07-24 10:15:00+00:00,1.4075000286102295
2026-07-24 10:30:00+00:00,1.4072999954223633
2026-07-24 10:45:00+00:00,1.4075000286102295
2026-07-24 11:00:00+00:00,1.407960057258606
2026-07-24 11:15:00+00:00,1.4085299968719482
2026-07-24 11:30:00+00:00,1.4082000255584717
2026-07-24 11:45:00+00:00,1.408750057220459
2026-07-24 12:00:00+00:00,1.4085899591445923
2026-07-24 12:15:00+00:00,1.409060001373291
2026-07-24 12:30:00+00:00,1.4103699922561646
2026-07-24 12:45:00+00:00,1.4101999998092651
2026-07-24 13:00:00+00:00,1.4111100435256958
2026-07-24 13:15:00+00:00,1.4100600481033325
2026-07-24 13:30:00+00:00,1.409850001335144
2026-07-24 13:45:00+00:00,1.4097299575805664
2026-07-24 14:00:00+00:00,1.4093600511550903
2026-07-24 14:15:00+00:00,1.4091800451278687
2026-07-24 14:30:00+00:00,1.4088499546051025
2026-07-24 14:45:00+00:00,1.408139944076538
2026-07-24 15:00:00+00:00,1.4076800346374512
2026-07-24 15:15:00+00:00,1.4082599878311157
2026-07-24 15:30:00+00:00,1.4085099697113037
2026-07-24 15:45:00+00:00,1.4079400300979614
2026-07-24 16:00:00+00:00,1.4078400135040283
2026-07-24 16:15:00+00:00,1.4078199863433838
2026-07-24 16:30:00+00:00,1.408519983291626
2026-07-24 16:45:00+00:00,1.4084500074386597
2026-07-24 17:00:00+00:00,1.4092400074005127
2026-07-24 17:15:00+00:00,1.4093799591064453
2026-07-24 17:30:00+00:00,1.4092999696731567
2026-07-24 17:45:00+00:00,1.4097100496292114
2026-07-24 18:00:00+00:00,1.4096599817276
2026-07-24 18:15:00+00:00,1.4093999862670898
2026-07-24 18:30:00+00:00,1.4097199440002441
2026-07-24 18:45:00+00:00,1.4096299409866333
2026-07-24 19:00:00+00:00,1.4096599817276
2026-07-24 19:15:00+00:00,1.409749984741211
2026-07-24 19:30:00+00:00,1.4097599983215332
2026-07-24 19:45:00+00:00,1.4100799560546875
2026-07-24 20:00:00+00:00,1.4097000360488892
2026-07-24 20:15:00+00:00,1.409999966621399
2026-07-24 20:30:00+00:00,1.4097599983215332
2026-07-24 20:45:00+00:00,1.4090800285339355
2026-07-24 21:00:00+00:00,1.4091999530792236
2026-07-24 21:30:00+00:00,1.4091999530792236
2026-07-26 23:00:00+00:00,1.4088000059127808
2026-07-26 23:15:00+00:00,1.4088399410247803
2026-07-26 23:30:00+00:00,1.408769965171814
2026-07-26 23:45:00+00:00,1.40871000289917
2026-07-27 00:00:00+00:00,1.406999945640564
2026-07-27 00:15:00+00:00,1.4076199531555176
2026-07-27 00:30:00+00:00,1.4080300331115723
2026-07-27 00:45:00+00:00,1.4080699682235718
2026-07-27 01:00:00+00:00,1.4076900482177734
2026-07-27 01:15:00+00:00,1.4077600240707397
2026-07-27 01:30:00+00:00,1.4077800512313843
2026-07-27 01:45:00+00:00,1.407080054283142
2026-07-27 02:00:00+00:00,1.4071999788284302
2026-07-27 02:15:00+00:00,1.4074900150299072
2026-07-27 02:30:00+00:00,1.4077500104904175
2026-07-27 02:45:00+00:00,1.4077800512313843
2026-07-27 03:00:00+00:00,1.4082900285720825
2026-07-27 03:15:00+00:00,1.408210039138794
2026-07-27 03:30:00+00:00,1.4083800315856934
2026-07-27 03:45:00+00:00,1.408210039138794
2026-07-27 04:00:00+00:00,1.4081000089645386
2026-07-27 04:15:00+00:00,1.4082000255584717
2026-07-27 04:30:00+00:00,1.408560037612915
2026-07-27 04:45:00+00:00,1.408310055732727
2026-07-27 05:00:00+00:00,1.408120036125183
2026-07-27 05:15:00+00:00,1.4082399606704712
2026-07-27 05:30:00+00:00,1.4083900451660156
2026-07-27 05:45:00+00:00,1.408460021018982
2026-07-27 06:00:00+00:00,1.4096100330352783
2026-07-27 06:15:00+00:00,1.4093999862670898
2026-07-27 06:30:00+00:00,1.40910005569458
2026-07-27 06:45:00+00:00,1.4096100330352783
2026-07-27 07:00:00+00:00,1.409369945526123
2026-07-27 07:15:00+00:00,1.4094799757003784
2026-07-27 07:30:00+00:00,1.4093400239944458
2026-07-27 07:45:00+00:00,1.4097000360488892
2026-07-27 08:00:00+00:00,1.409409999847412
2026-07-27 08:15:00+00:00,1.4099600315093994
2026-07-27 08:30:00+00:00,1.409809947013855
2026-07-27 08:45:00+00:00,1.409500002861023
2026-07-27 09:00:00+00:00,1.4103200435638428
2026-07-27 09:15:00+00:00,1.4104199409484863
2026-07-27 09:30:00+00:00,1.4103000164031982
2026-07-27 09:45:00+00:00,1.410539984703064
2026-07-27 10:00:00+00:00,1.409999966621399
2026-07-27 10:15:00+00:00,1.4103000164031982
2026-07-27 10:30:00+00:00,1.4102200269699097
2026-07-27 10:45:00+00:00,1.4106199741363525
2026-07-27 11:00:00+00:00,1.410390019416809
2026-07-27 11:15:00+00:00,1.4103399515151978
2026-07-27 11:30:00+00:00,1.410099983215332
2026-07-27 11:45:00+00:00,1.410599946975708
2026-07-27 12:00:00+00:00,1.4105099439620972
2026-07-27 12:15:00+00:00,1.4105000495910645
2026-07-27 12:30:00+00:00,1.4105600118637085
2026-07-27 12:45:00+00:00,1.4108799695968628
2026-07-27 13:00:00+00:00,1.4108599424362183
2026-07-27 13:15:00+00:00,1.410789966583252
2026-07-27 13:30:00+00:00,1.4102799892425537
2026-07-27 13:45:00+00:00,1.410040020942688
2026-07-27 14:00:00+00:00,1.410580039024353
2026-07-27 14:15:00+00:00,1.411520004272461
2026-07-27 14:30:00+00:00,1.4114999771118164
2026-07-27 14:45:00+00:00,1.4112999439239502
2026-07-27 15:00:00+00:00,1.4112800359725952
2026-07-27 15:15:00+00:00,1.411180019378662
2026-07-27 15:30:00+00:00,1.411180019378662
2026-07-27 15:45:00+00:00,1.4111299514770508
2026-07-27 16:00:00+00:00,1.4113199710845947
2026-07-27 16:15:00+00:00,1.4109400510787964
2026-07-27 16:30:00+00:00,1.4110300540924072
2026-07-27 16:45:00+00:00,1.4111700057983398
2026-07-27 17:00:00+00:00,1.4117499589920044
2026-07-27 17:15:00+00:00,1.4114999771118164
2026-07-27 17:30:00+00:00,1.411929965019226
2026-07-27 17:45:00+00:00,1.412060022354126
2026-07-27 18:00:00+00:00,1.4120500087738037
2026-07-27 18:15:00+00:00,1.4118000268936157
2026-07-27 18:30:00+00:00,1.412410020828247
2026-07-27 18:45:00+00:00,1.4121999740600586
2026-07-27 19:00:00+00:00,1.4123400449752808
2026-07-27 19:15:00+00:00,1.4120399951934814
2026-07-27 19:30:00+00:00,1.4117000102996826
2026-07-27 19:45:00+00:00,1.4120999574661255
2026-07-27 20:00:00+00:00,1.4122899770736694
2026-07-27 20:15:00+00:00,1.412350058555603
2026-07-27 20:30:00+00:00,1.4125200510025024
2026-07-27 20:45:00+00:00,1.4124000072479248
2026-07-27 21:00:00+00:00,1.4120999574661255
2026-07-27 21:15:00+00:00,1.4119800329208374
2026-07-27 21:30:00+00:00,1.411929965019226
2026-07-27 21:45:00+00:00,1.4119499921798706
2026-07-27 22:00:00+00:00,1.4122200012207031
2026-07-27 22:15:00+00:00,1.412160038948059
2026-07-27 22:30:00+00:00,1.4121299982070923
2026-07-27 22:45:00+00:00,1.4122099876403809
2026-07-27 23:00:00+00:00,1.4119000434875488
2026-07-27 23:15:00+00:00,1.4119000434875488
2026-07-27 23:30:00+00:00,1.4123599529266357
2026-07-27 23:45:00+00:00,1.4124200344085693
2026-07-28 00:00:00+00:00,1.412719964981079
2026-07-28 00:15:00+00:00,1.4124599695205688
2026-07-28 00:30:00+00:00,1.4122300148010254
2026-07-28 00:45:00+00:00,1.411679983139038
2026-07-28 01:00:00+00:00,1.4117100238800049
2026-07-28 01:15:00+00:00,1.4117599725723267
2026-07-28 01:30:00+00:00,1.4117000102996826
2026-07-28 01:45:00+00:00,1.4120500087738037
2026-07-28 02:00:00+00:00,1.4117499589920044
2026-07-28 02:15:00+00:00,1.4117000102996826
2026-07-28 02:30:00+00:00,1.4115999937057495
2026-07-28 02:45:00+00:00,1.4116499423980713
2026-07-28 03:00:00+00:00,1.4117200374603271
2026-07-28 03:15:00+00:00,1.4115400314331055
2026-07-28 03:30:00+00:00,1.4112000465393066
2026-07-28 03:45:00+00:00,1.4115300178527832
2026-07-28 04:00:00+00:00,1.4112999439239502
2026-07-28 04:15:00+00:00,1.4117399454116821
2026-07-28 04:30:00+00:00,1.411679983139038
2026-07-28 04:45:00+00:00,1.411870002746582
2026-07-28 05:00:00+00:00,1.4125499725341797
2026-07-28 05:15:00+00:00,1.4122799634933472
2026-07-28 05:30:00+00:00,1.4117399454116821
2026-07-28 05:45:00+00:00,1.4117499589920044
2026-07-28 06:00:00+00:00,1.411620020866394
2026-07-28 06:15:00+00:00,1.4114199876785278
2026-07-28 06:30:00+00:00,1.4118200540542603
2026-07-28 06:45:00+00:00,1.4122200012207031
2026-07-28 07:00:00+00:00,1.411460041999817
2026-07-28 07:15:00+00:00,1.4113399982452393
2026-07-28 07:30:00+00:00,1.4112800359725952
2026-07-28 07:45:00+00:00,1.4117799997329712
2026-07-28 08:00:00+00:00,1.4113600254058838
2026-07-28 08:15:00+00:00,1.411389946937561
2026-07-28 08:30:00+00:00,1.4113399982452393
2026-07-28 08:45:00+00:00,1.4110699892044067
2026-07-28 09:00:00+00:00,1.4108500480651855
2026-07-28 09:15:00+00:00,1.410599946975708
2026-07-28 09:30:00+00:00,1.411120057106018
2026-07-28 09:45:00+00:00,1.4115400314331055
2026-07-28 10:00:00+00:00,1.4114899635314941
2026-07-28 10:15:00+00:00,1.4113399982452393
2026-07-28 10:30:00+00:00,1.4112800359725952
2026-07-28 10:45:00+00:00,1.410789966583252
2026-07-28 11:00:00+00:00,1.4112299680709839
2026-07-28 11:15:00+00:00,1.4108400344848633
2026-07-28 11:30:00+00:00,1.4106600284576416
2026-07-28 11:45:00+00:00,1.4107500314712524
2026-07-28 12:00:00+00:00,1.4110900163650513
2026-07-28 12:15:00+00:00,1.411389946937561
2026-07-28 12:30:00+00:00,1.4113399982452393
2026-07-28 12:45:00+00:00,1.4112999439239502
2026-07-28 13:00:00+00:00,1.4102699756622314
2026-07-28 13:15:00+00:00,1.4106500148773193
2026-07-28 13:30:00+00:00,1.4104900360107422
2026-07-28 13:45:00+00:00,1.4098999500274658
2026-07-28 14:00:00+00:00,1.410099983215332
2026-07-28 14:15:00+00:00,1.4100799560546875
2026-07-28 14:30:00+00:00,1.409980058670044
2026-07-28 14:45:00+00:00,1.4104499816894531
2026-07-28 15:00:00+00:00,1.4095300436019897
2026-07-28 15:15:00+00:00,1.4089699983596802
2026-07-28 15:30:00+00:00,1.408869981765747
2026-07-28 15:45:00+00:00,1.4092400074005127
2026-07-28 16:00:00+00:00,1.4087599515914917
2026-07-28 16:15:00+00:00,1.4087599515914917
2026-07-28 16:30:00+00:00,1.4088900089263916
2026-07-28 16:45:00+00:00,1.4088300466537476
2026-07-28 17:00:00+00:00,1.4098299741744995
2026-07-28 17:15:00+00:00,1.4101300239562988
2026-07-28 17:30:00+00:00,1.4104900360107422
2026-07-28 17:45:00+00:00,1.4105000495910645
2026-07-28 18:00:00+00:00,1.4104499816894531
2026-07-28 18:15:00+00:00,1.4103000164031982
2026-07-28 18:30:00+00:00,1.4098999500274658
2026-07-28 18:45:00+00:00,1.4105000495910645
2026-07-28 19:00:00+00:00,1.4107799530029297
2026-07-28 19:15:00+00:00,1.4106999635696411
2026-07-28 19:30:00+00:00,1.4104000329971313
2026-07-28 19:45:00+00:00,1.41103994846344
2026-07-28 20:00:00+00:00,1.4108400344848633
2026-07-28 20:15:00+00:00,1.4108500480651855
2026-07-28 20:30:00+00:00,1.4103000164031982
2026-07-28 20:45:00+00:00,1.4105600118637085
2026-07-28 21:00:00+00:00,1.410099983215332
2026-07-28 21:15:00+00:00,1.409999966621399
2026-07-28 21:30:00+00:00,1.409999966621399
2026-07-28 21:45:00+00:00,1.4103000164031982
2026-07-28 22:00:00+00:00,1.4103599786758423
2026-07-28 22:15:00+00:00,1.4102699756622314
2026-07-28 22:30:00+00:00,1.4105600118637085
2026-07-28 22:45:00+00:00,1.4104599952697754
2026-07-28 23:00:00+00:00,1.4105600118637085
2026-07-28 23:15:00+00:00,1.4101999998092651
2026-07-28 23:30:00+00:00,1.410599946975708
2026-07-28 23:45:00+00:00,1.4106299877166748
2026-07-29 00:00:00+00:00,1.4108400344848633
2026-07-29 00:15:00+00:00,1.4103800058364868
2026-07-29 00:30:00+00:00,1.4100699424743652
2026-07-29 00:45:00+00:00,1.4098000526428223
2026-07-29 01:00:00+00:00,1.4099299907684326
2026-07-29 01:15:00+00:00,1.4099600315093994
2026-07-29 01:30:00+00:00,1.4103599786758423
2026-07-29 01:45:00+00:00,1.409809947013855
2026-07-29 02:00:00+00:00,1.4097199440002441
2026-07-29 02:15:00+00:00,1.4095499515533447
2026-07-29 02:30:00+00:00,1.4097700119018555
2026-07-29 02:45:00+00:00,1.4096699953079224
2026-07-29 03:00:00+00:00,1.4095799922943115
2026-07-29 03:15:00+00:00,1.40910005569458
2026-07-29 03:30:00+00:00,1.409190058708191
2026-07-29 03:45:00+00:00,1.409250020980835
2026-07-29 04:00:00+00:00,1.4091399908065796
2026-07-29 04:15:00+00:00,1.4092700481414795
2026-07-29 04:30:00+00:00,1.408869981765747
2026-07-29 04:45:00+00:00,1.4090100526809692
2026-07-29 05:00:00+00:00,1.4089699983596802
2026-07-29 05:15:00+00:00,1.409209966659546
2026-07-29 05:30:00+00:00,1.4088000059127808
2026-07-29 05:45:00+00:00,1.4090700149536133
2026-07-29 06:00:00+00:00,1.40857994556427
2026-07-29 06:15:00+00:00,1.40910005569458
2026-07-29 06:30:00+00:00,1.4096699953079224
2026-07-29 06:45:00+00:00,1.4097199440002441
2026-07-29 07:00:00+00:00,1.409369945526123
2026-07-29 07:15:00+00:00,1.4086999893188477
2026-07-29 07:30:00+00:00,1.409350037574768
2026-07-29 07:45:00+00:00,1.4094799757003784
2026-07-29 08:00:00+00:00,1.4094500541687012
2026-07-29 08:15:00+00:00,1.40910005569458
2026-07-29 08:30:00+00:00,1.4095499515533447
2026-07-29 08:45:00+00:00,1.4098000526428223
2026-07-29 09:00:00+00:00,1.4096699953079224
2026-07-29 09:15:00+00:00,1.4096399545669556
2026-07-29 09:30:00+00:00,1.409600019454956
2026-07-29 09:45:00+00:00,1.4101699590682983
2026-07-29 10:00:00+00:00,1.4098999500274658
2026-07-29 10:15:00+00:00,1.4102699756622314
2026-07-29 10:30:00+00:00,1.4097000360488892
2026-07-29 10:45:00+00:00,1.4099500179290771
2026-07-29 11:00:00+00:00,1.4096800088882446
2026-07-29 11:15:00+00:00,1.4094500541687012
2026-07-29 11:30:00+00:00,1.4097599983215332
2026-07-29 11:45:00+00:00,1.4097000360488892
2026-07-29 12:00:00+00:00,1.4103399515151978
2026-07-29 12:15:00+00:00,1.4094500541687012
2026-07-29 12:30:00+00:00,1.4098399877548218
2026-07-29 12:45:00+00:00,1.4092400074005127
2026-07-29 13:00:00+00:00,1.4096599817276
2026-07-29 13:15:00+00:00,1.4091600179672241
2026-07-29 13:30:00+00:00,1.4084500074386597
2026-07-29 13:45:00+00:00,1.4080400466918945
2026-07-29 14:00:00+00:00,1.4086300134658813
2026-07-29 14:15:00+00:00,1.4078400135040283
2026-07-29 14:30:00+00:00,1.4084999561309814
2026-07-29 14:45:00+00:00,1.4091600179672241
2026-07-29 15:00:00+00:00,1.4088399410247803
2026-07-29 15:15:00+00:00,1.4090100526809692
2026-07-29 15:30:00+00:00,1.409000039100647
2026-07-29 15:45:00+00:00,1.408769965171814
2026-07-29 16:00:00+00:00,1.40910005569458
2026-07-29 16:15:00+00:00,1.4093199968338013
2026-07-29 16:30:00+00:00,1.4091999530792236
2026-07-29 16:45:00+00:00,1.4094799757003784
2026-07-29 17:00:00+00:00,1.4093899726867676
2026-07-29 17:15:00+00:00,1.4092600345611572
2026-07-29 17:30:00+00:00,1.4092400074005127
2026-07-29 17:45:00+00:00,1.409119963645935
2026-07-29 18:00:00+00:00,1.4063299894332886
2026-07-29 18:15:00+00:00,1.4062000513076782
2026-07-29 18:30:00+00:00,1.4055700302124023
2026-07-29 18:45:00+00:00,1.4039900302886963
2026-07-29 19:00:00+00:00,1.4032299518585205
2026-07-29 19:15:00+00:00,1.4037200212478638
2026-07-29 19:30:00+00:00,1.4040199518203735
2026-07-29 19:45:00+00:00,1.405750036239624
2026-07-29 20:00:00+00:00,1.404729962348938
2026-07-29 20:15:00+00:00,1.4049400091171265
2026-07-29 20:30:00+00:00,1.404960036277771
2026-07-29 20:45:00+00:00,1.404520034790039
2026-07-29 21:00:00+00:00,1.4043400287628174
2026-07-29 21:15:00+00:00,1.4042999744415283
2026-07-29 21:30:00+00:00,1.4039000272750854
2026-07-29 21:45:00+00:00,1.403880000114441
2026-07-29 22:00:00+00:00,1.4040000438690186
2026-07-29 22:15:00+00:00,1.4041399955749512
2026-07-29 22:30:00+00:00,1.404099941253662
2026-07-29 22:45:00+00:00,1.4036999940872192
2026-07-29 23:00:00+00:00,1.4037699699401855
2026-07-29 23:15:00+00:00,1.4039000272750854
2026-07-29 23:30:00+00:00,1.4038200378417969
2026-07-29 23:45:00+00:00,1.4035899639129639
2026-07-30 00:00:00+00:00,1.4032200574874878
2026-07-30 00:15:00+00:00,1.4042500257492065
2026-07-30 00:30:00+00:00,1.4042999744415283
2026-07-30 00:45:00+00:00,1.404360055923462
2026-07-30 01:00:00+00:00,1.404099941253662
2026-07-30 01:15:00+00:00,1.4046800136566162
2026-07-30 01:30:00+00:00,1.4043999910354614
2026-07-30 01:45:00+00:00,1.404919981956482
2026-07-30 02:00:00+00:00,1.4050400257110596
2026-07-30 02:15:00+00:00,1.405019998550415
2026-07-30 02:30:00+00:00,1.4047000408172607
2026-07-30 02:45:00+00:00,1.4049700498580933
2026-07-30 03:00:00+00:00,1.4048999547958374
2026-07-30 03:15:00+00:00,1.4051599502563477
2026-07-30 03:30:00+00:00,1.404979944229126
2026-07-30 03:45:00+00:00,1.4049999713897705
2026-07-30 04:00:00+00:00,1.4051599502563477
2026-07-30 04:15:00+00:00,1.4052499532699585
2026-07-30 04:30:00+00:00,1.4054499864578247
2026-07-30 04:45:00+00:00,1.405500054359436
2026-07-30 05:00:00+00:00,1.4049999713897705
2026-07-30 05:15:00+00:00,1.4048999547958374
2026-07-30 05:30:00+00:00,1.405150055885315
2026-07-30 05:45:00+00:00,1.4052599668502808
2026-07-30 06:00:00+00:00,1.4056400060653687
2026-07-30 06:15:00+00:00,1.4058899879455566
2026-07-30 06:30:00+00:00,1.405519962310791
2026-07-30 06:45:00+00:00,1.405460000038147
2026-07-30 07:00:00+00:00,1.4061199426651
2026-07-30 07:15:00+00:00,1.4064199924468994
2026-07-30 07:30:00+00:00,1.406000018119812
2026-07-30 07:45:00+00:00,1.4062000513076782
2026-07-30 08:00:00+00:00,1.4063400030136108
2026-07-30 08:15:00+00:00,1.405769944190979
2026-07-30 08:30:00+00:00,1.4059200286865234
2026-07-30 08:45:00+00:00,1.4057199954986572
2026-07-30 09:00:00+00:00,1.4055099487304688
2026-07-30 09:15:00+00:00,1.4052200317382812
2026-07-30 09:30:00+00:00,1.405079960823059
2026-07-30 09:45:00+00:00,1.4047199487686157
2026-07-30 10:00:00+00:00,1.4042099714279175
2026-07-30 10:15:00+00:00,1.404099941253662
2026-07-30 10:30:00+00:00,1.4039700031280518
2026-07-30 10:45:00+00:00,1.4043500423431396
2026-07-30 11:00:00+00:00,1.4043899774551392
2026-07-30 11:15:00+00:00,1.404710054397583
2026-07-30 11:30:00+00:00,1.4048000574111938
2026-07-30 11:45:00+00:00,1.4042500257492065
2026-07-30 12:00:00+00:00,1.4038200378417969
2026-07-30 12:15:00+00:00,1.4040299654006958
2026-07-30 12:30:00+00:00,1.4045100212097168
2026-07-30 12:45:00+00:00,1.405519962310791
2026-07-30 13:00:00+00:00,1.4050999879837036
2026-07-30 13:15:00+00:00,1.4045900106430054
2026-07-30 13:30:00+00:00,1.402590036392212
2026-07-30 13:45:00+00:00,1.4010100364685059
2026-07-30 14:00:00+00:00,1.4011600017547607
2026-07-30 14:15:00+00:00,1.402109980583191
2026-07-30 14:30:00+00:00,1.4019700288772583
2026-07-30 14:45:00+00:00,1.4017399549484253
2026-07-30 15:00:00+00:00,1.4018000364303589
2026-07-30 15:15:00+00:00,1.401170015335083
2026-07-30 15:30:00+00:00,1.4008500576019287
2026-07-30 15:45:00+00:00,1.4003900289535522
2026-07-30 16:00:00+00:00,1.40038001537323
2026-07-30 16:15:00+00:00,1.400339961051941
2026-07-30 16:30:00+00:00,1.4003100395202637
2026-07-30 16:45:00+00:00,1.3992999792099
2026-07-30 17:00:00+00:00,1.3998899459838867
2026-07-30 17:15:00+00:00,1.4004499912261963
2026-07-30 17:30:00+00:00,1.399590015411377
2026-07-30 17:45:00+00:00,1.3994899988174438
2026-07-30 18:00:00+00:00,1.399090051651001
2026-07-30 18:15:00+00:00,1.3997900485992432
2026-07-30 18:30:00+00:00,1.399780035018921
2026-07-30 18:45:00+00:00,1.3995000123977661
2026-07-30 19:00:00+00:00,1.4003499746322632
2026-07-30 19:15:00+00:00,1.40038001537323
2026-07-30 19:30:00+00:00,1.400130033493042
2026-07-30 19:45:00+00:00,1.4002599716186523
2026-07-30 20:00:00+00:00,1.4002200365066528
2026-07-30 20:15:00+00:00,1.400670051574707
2026-07-30 20:30:00+00:00,1.4010000228881836
2026-07-30 20:45:00+00:00,1.4010200500488281
2026-07-30 21:00:00+00:00,1.400979995727539
2026-07-30 21:15:00+00:00,1.40106999874115
2026-07-30 21:30:00+00:00,1.4011800289154053
2026-07-30 21:45:00+00:00,1.4012199640274048
2026-07-30 22:00:00+00:00,1.4005000591278076
2026-07-30 22:15:00+00:00,1.400689959526062
2026-07-30 22:30:00+00:00,1.4004499912261963
2026-07-30 22:45:00+00:00,1.4005000591278076
2026-07-30 23:00:00+00:00,1.4008100032806396
2026-07-30 23:15:00+00:00,1.4009300470352173
2026-07-30 23:30:00+00:00,1.4010499715805054
2026-07-30 23:45:00+00:00,1.4011600017547607
2026-07-31 00:00:00+00:00,1.4012000560760498
2026-07-31 00:15:00+00:00,1.4005999565124512
2026-07-31 00:30:00+00:00,1.4011499881744385
2026-07-31 00:45:00+00:00,1.401419997215271
2026-07-31 01:00:00+00:00,1.4013099670410156
2026-07-31 01:15:00+00:00,1.401360034942627
2026-07-31 01:30:00+00:00,1.4011000394821167
2026-07-31 01:45:00+00:00,1.4017200469970703
2026-07-31 02:00:00+00:00,1.4006999731063843
2026-07-31 02:15:00+00:00,1.401710033416748
2026-07-31 02:30:00+00:00,1.4012000560760498
2026-07-31 02:45:00+00:00,1.401669979095459
2026-07-31 03:00:00+00:00,1.40201997756958
2026-07-31 03:15:00+00:00,1.402169942855835
2026-07-31 03:30:00+00:00,1.401900053024292
2026-07-31 03:45:00+00:00,1.4018199443817139
2026-07-31 04:00:00+00:00,1.4017599821090698
2026-07-31 04:15:00+00:00,1.4018199443817139
2026-07-31 04:30:00+00:00,1.401919960975647
2026-07-31 04:45:00+00:00,1.401900053024292
2026-07-31 05:00:00+00:00,1.4018199443817139
2026-07-31 05:15:00+00:00,1.4020099639892578
2026-07-31 05:30:00+00:00,1.401859998703003
2026-07-31 05:45:00+00:00,1.4020099639892578
2026-07-31 06:00:00+00:00,1.4014699459075928
2026-07-31 06:15:00+00:00,1.4012000560760498
2026-07-31 06:30:00+00:00,1.401479959487915
2026-07-31 06:45:00+00:00,1.401419997215271
2026-07-31 07:00:00+00:00,1.4014400243759155
2026-07-31 07:15:00+00:00,1.4015799760818481
2026-07-31 07:30:00+00:00,1.401520013809204
2026-07-31 07:45:00+00:00,1.4020800590515137
2026-07-31 08:00:00+00:00,1.4020700454711914
2026-07-31 08:15:00+00:00,1.4019900560379028
2026-07-31 08:30:00+00:00,1.4016799926757812
2026-07-31 08:45:00+00:00,1.4009100198745728
2026-07-31 09:00:00+00:00,1.4008599519729614
2026-07-31 09:15:00+00:00,1.401610016822815
2026-07-31 09:30:00+00:00,1.401669979095459
2026-07-31 09:45:00+00:00,1.4013700485229492
2026-07-31 10:00:00+00:00,1.4016200304031372
2026-07-31 10:15:00+00:00,1.4018700122833252
2026-07-31 10:30:00+00:00,1.402169942855835
2026-07-31 10:45:00+00:00,1.402169942855835
2026-07-31 11:00:00+00:00,1.4022400379180908
2026-07-31 11:15:00+00:00,1.4025499820709229
2026-07-31 11:30:00+00:00,1.4027899503707886
2026-07-31 11:45:00+00:00,1.403540015220642
2026-07-31 12:00:00+00:00,1.4039499759674072
2026-07-31 12:15:00+00:00,1.4045100212097168
2026-07-31 12:30:00+00:00,1.40461003780365
2026-07-31 12:45:00+00:00,1.4035999774932861
2026-07-31 13:00:00+00:00,1.4037200212478638
2026-07-31 13:15:00+00:00,1.4016000032424927
2026-07-31 13:30:00+00:00,1.402959942817688
2026-07-31 13:45:00+00:00,1.4039100408554077
2026-07-31 14:00:00+00:00,1.4052400588989258
2026-07-31 14:15:00+00:00,1.4050899744033813
2026-07-31 14:30:00+00:00,1.403499960899353
2026-07-31 14:45:00+00:00,1.4030200242996216
2026-07-31 15:00:00+00:00,1.402269959449768
2026-07-31 15:15:00+00:00,1.402500033378601
2026-07-31 15:30:00+00:00,1.4025599956512451
2026-07-31 15:45:00+00:00,1.4029500484466553
2026-07-31 16:00:00+00:00,1.402649998664856
2026-07-31 16:15:00+00:00,1.4027199745178223
2026-07-31 16:30:00+00:00,1.402940034866333
2026-07-31 16:45:00+00:00,1.402940034866333
2026-07-31 17:00:00+00:00,1.402359962463379
2026-07-31 17:15:00+00:00,1.401769995689392
2026-07-31 17:30:00+00:00,1.4011800289154053
2026-07-31 17:45:00+00:00,1.4018499851226807
2026-07-31 18:00:00+00:00,1.4022799730300903
2026-07-31 18:15:00+00:00,1.4021999835968018
2026-07-31 18:30:00+00:00,1.4020299911499023
2026-07-31 18:45:00+00:00,1.4018499851226807
2026-07-31 19:00:00+00:00,1.4013400077819824
2026-07-31 19:15:00+00:00,1.4013299942016602
2026-07-31 19:30:00+00:00,1.4010200500488281
2026-07-31 19:45:00+00:00,1.4017200469970703
2026-07-31 20:00:00+00:00,1.4016599655151367
2026-07-31 20:15:00+00:00,1.4012999534606934
2026-07-31 20:30:00+00:00,1.4010299444198608
2026-07-31 20:45:00+00:00,1.4016000032424927
2026-07-31 21:00:00+00:00,1.4017000198364258
2026-08-02 23:00:00+00:00,1.4011000394821167
2026-08-02 23:15:00+00:00,1.401319980621338
2026-08-02 23:30:00+00:00,1.4013400077819824
2026-08-02 23:45:00+00:00,1.4013500213623047
2026-08-03 00:00:00+00:00,1.4014899730682373
2026-08-03 00:15:00+00:00,1.4010100364685059
2026-08-03 00:30:00+00:00,1.4005500078201294
2026-08-03 00:45:00+00:00,1.402169942855835
2026-08-03 01:00:00+00:00,1.4021199941635132
2026-08-03 01:15:00+00:00,1.402809977531433
2026-08-03 01:30:00+00:00,1.402500033378601
2026-08-03 01:45:00+00:00,1.4031100273132324
2026-08-03 02:00:00+00:00,1.4032000303268433
2026-08-03 02:15:00+00:00,1.4032200574874878
2026-08-03 02:30:00+00:00,1.4032200574874878
2026-08-03 02:45:00+00:00,1.4032000303268433
2026-08-03 03:00:00+00:00,1.403380036354065
2026-08-03 03:15:00+00:00,1.403249979019165
2026-08-03 03:30:00+00:00,1.4033700227737427
2026-08-03 03:45:00+00:00,1.40339994430542
2026-08-03 04:00:00+00:00,1.4031000137329102
2026-08-03 04:15:00+00:00,1.4033399820327759
2026-08-03 04:30:00+00:00,1.4032200574874878
2026-08-03 04:45:00+00:00,1.4027999639511108
2026-08-03 05:00:00+00:00,1.4033600091934204
2026-08-03 05:15:00+00:00,1.4032599925994873
2026-08-03 05:30:00+00:00,1.4030699729919434
2026-08-03 05:45:00+00:00,1.402500033378601
2026-08-03 06:00:00+00:00,1.4030699729919434
2026-08-03 06:15:00+00:00,1.4031000137329102
2026-08-03 06:30:00+00:00,1.4038599729537964
2026-08-03 06:45:00+00:00,1.4037799835205078
2026-08-03 07:00:00+00:00,1.4038000106811523
2026-08-03 07:15:00+00:00,1.4035999774932861
2026-08-03 07:30:00+00:00,1.4036999940872192
2026-08-03 07:45:00+00:00,1.404170036315918
2026-08-03 08:00:00+00:00,1.40339994430542
2026-08-03 08:15:00+00:00,1.404189944267273
2026-08-03 08:30:00+00:00,1.4039299488067627
2026-08-03 08:45:00+00:00,1.4041800498962402
2026-08-03 09:00:00+00:00,1.4040199518203735
2026-08-03 09:15:00+00:00,1.4040499925613403
2026-08-03 09:30:00+00:00,1.4037799835205078
2026-08-03 09:45:00+00:00,1.4041800498962402
2026-08-03 10:00:00+00:00,1.40392005443573
2026-08-03 10:15:00+00:00,1.4040199518203735
2026-08-03 10:30:00+00:00,1.4043300151824951
2026-08-03 10:45:00+00:00,1.4043500423431396
2026-08-03 11:00:00+00:00,1.4040000438690186
2026-08-03 11:15:00+00:00,1.4042600393295288
2026-08-03 11:30:00+00:00,1.4033000469207764
2026-08-03 11:45:00+00:00,1.4028799533843994
2026-08-03 12:00:00+00:00,1.4030300378799438
2026-08-03 12:15:00+00:00,1.4033600091934204
2026-08-03 12:30:00+00:00,1.4039599895477295
2026-08-03 12:45:00+00:00,1.403880000114441
2026-08-03 13:00:00+00:00,1.4037400484085083
2026-08-03 13:15:00+00:00,1.4036600589752197
2026-08-03 13:30:00+00:00,1.4044400453567505
2026-08-03 13:45:00+00:00,1.4041399955749512
2026-08-03 14:00:00+00:00,1.4042400121688843
2026-08-03 14:15:00+00:00,1.4038599729537964
2026-08-03 14:30:00+00:00,1.403499960899353
2026-08-03 14:45:00+00:00,1.4036099910736084
2026-08-03 15:00:00+00:00,1.404520034790039
2026-08-03 15:15:00+00:00,1.4044699668884277
2026-08-03 15:30:00+00:00,1.404420018196106
2026-08-03 15:45:00+00:00,1.4036999940872192
2026-08-03 16:00:00+00:00,1.4038200378417969
2026-08-03 16:15:00+00:00,1.4040000438690186
2026-08-03 16:30:00+00:00,1.404129981994629
2026-08-03 16:45:00+00:00,1.404289960861206
2026-08-03 17:00:00+00:00,1.4043999910354614
2026-08-03 17:15:00+00:00,1.4048500061035156
2026-08-03 17:30:00+00:00,1.4048199653625488
2026-08-03 17:45:00+00:00,1.4050899744033813
2026-08-03 18:00:00+00:00,1.404960036277771
2026-08-03 18:15:00+00:00,1.404539942741394
2026-08-03 18:30:00+00:00,1.404379963874817
2026-08-03 18:45:00+00:00,1.4044899940490723
2026-08-03 19:00:00+00:00,1.4043400287628174
2026-08-03 19:15:00+00:00,1.4043099880218506
2026-08-03 19:30:00+00:00,1.4043400287628174
2026-08-03 19:45:00+00:00,1.4044899940490723
2026-08-03 20:00:00+00:00,1.4046200513839722
2026-08-03 20:15:00+00:00,1.4047000408172607
2026-08-03 20:30:00+00:00,1.4045599699020386
2026-08-03 20:45:00+00:00,1.404289960861206
2026-08-03 21:00:00+00:00,1.4045000076293945
2026-08-03 21:15:00+00:00,1.4042999744415283
2026-08-03 21:30:00+00:00,1.4041999578475952
2026-08-03 21:45:00+00:00,1.4042500257492065
2026-08-03 22:00:00+00:00,1.404670000076294
2026-08-03 22:15:00+00:00,1.4046900272369385
2026-08-03 22:30:00+00:00,1.4045100212097168
2026-08-03 22:45:00+00:00,1.404520034790039
2026-08-03 23:00:00+00:00,1.4043099880218506
2026-08-03 23:15:00+00:00,1.4042999744415283
2026-08-03 23:30:00+00:00,1.4047199487686157
2026-08-03 23:45:00+00:00,1.4046299457550049
2026-08-04 00:00:00+00:00,1.4041999578475952
2026-08-04 00:15:00+00:00,1.4041199684143066
2026-08-04 00:30:00+00:00,1.403980016708374
2026-08-04 00:45:00+00:00,1.4040000438690186
2026-08-04 01:00:00+00:00,1.404579997062683
2026-08-04 01:15:00+00:00,1.4045599699020386
2026-08-04 01:30:00+00:00,1.404229998588562
2026-08-04 01:45:00+00:00,1.4044400453567505
2026-08-04 02:00:00+00:00,1.4043300151824951
2026-08-04 02:15:00+00:00,1.4046399593353271
2026-08-04 02:30:00+00:00,1.404420018196106
2026-08-04 02:45:00+00:00,1.4047199487686157
2026-08-04 03:00:00+00:00,1.4041999578475952
2026-08-04 03:15:00+00:00,1.404170036315918
2026-08-04 03:30:00+00:00,1.4043400287628174
2026-08-04 03:45:00+00:00,1.4043400287628174
2026-08-04 04:00:00+00:00,1.4040000438690186
2026-08-04 04:15:00+00:00,1.4045300483703613
2026-08-04 04:30:00+00:00,1.4044699668884277
2026-08-04 04:45:00+00:00,1.4044100046157837
2026-08-04 05:00:00+00:00,1.404670000076294
2026-08-04 05:15:00+00:00,1.4046599864959717
2026-08-04 05:30:00+00:00,1.4051899909973145
2026-08-04 05:45:00+00:00,1.4048000574111938
2026-08-04 06:00:00+00:00,1.406209945678711
2026-08-04 06:15:00+00:00,1.4060399532318115
2026-08-04 06:30:00+00:00,1.406059980392456
2026-08-04 06:45:00+00:00,1.4061700105667114
2026-08-04 07:00:00+00:00,1.4056400060653687
2026-08-04 07:15:00+00:00,1.4052799940109253
2026-08-04 07:30:00+00:00,1.4053800106048584
2026-08-04 07:45:00+00:00,1.4050400257110596
2026-08-04 08:00:00+00:00,1.4045699834823608
2026-08-04 08:15:00+00:00,1.404289960861206
2026-08-04 08:30:00+00:00,1.4036999940872192
2026-08-04 08:45:00+00:00,1.403880000114441
2026-08-04 09:00:00+00:00,1.4038200378417969
2026-08-04 09:15:00+00:00,1.4032000303268433
2026-08-04 09:30:00+00:00,1.4038699865341187
2026-08-04 09:45:00+00:00,1.4037599563598633
2026-08-04 10:00:00+00:00,1.403730034828186
2026-08-04 10:15:00+00:00,1.4037200212478638
2026-08-04 10:30:00+00:00,1.40339994430542
2026-08-04 10:45:00+00:00,1.4041800498962402
2026-08-04 11:00:00+00:00,1.4046499729156494
2026-08-04 11:15:00+00:00,1.4046800136566162
2026-08-04 11:30:00+00:00,1.4048000574111938
2026-08-04 11:45:00+00:00,1.405400037765503
2026-08-04 12:00:00+00:00,1.406209945678711
2026-08-04 12:15:00+00:00,1.4060100317001343
2026-08-04 12:30:00+00:00,1.4055399894714355
2026-08-04 12:45:00+00:00,1.406290054321289
2026-08-04 13:00:00+00:00,1.4068399667739868
2026-08-04 13:15:00+00:00,1.407039999961853
2026-08-04 13:30:00+00:00,1.406440019607544
2026-08-04 13:45:00+00:00,1.406440019607544
2026-08-04 14:00:00+00:00,1.4055999517440796
2026-08-04 14:15:00+00:00,1.4057600498199463
2026-08-04 14:30:00+00:00,1.406000018119812
2026-08-04 14:45:00+00:00,1.4057400226593018
2026-08-04 15:00:00+00:00,1.4066699743270874
2026-08-04 15:15:00+00:00,1.406499981880188
2026-08-04 15:30:00+00:00,1.4073899984359741
2026-08-04 15:45:00+00:00,1.4069000482559204
2026-08-04 16:00:00+00:00,1.4069000482559204
2026-08-04 16:15:00+00:00,1.4075000286102295
2026-08-04 16:30:00+00:00,1.407789945602417
2026-08-04 16:45:00+00:00,1.4076299667358398
2026-08-04 17:00:00+00:00,1.40733003616333
2026-08-04 17:15:00+00:00,1.407480001449585
2026-08-04 17:30:00+00:00,1.4069000482559204
2026-08-04 17:45:00+00:00,1.4072699546813965
2026-08-04 18:00:00+00:00,1.4074100255966187
2026-08-04 18:15:00+00:00,1.4076499938964844
2026-08-04 18:30:00+00:00,1.4070899486541748
2026-08-04 18:45:00+00:00,1.406540036201477
2026-08-04 19:00:00+00:00,1.4065500497817993
2026-08-04 19:15:00+00:00,1.4061000347137451
2026-08-04 19:30:00+00:00,1.406540036201477
2026-08-04 19:45:00+00:00,1.4066799879074097
2026-08-04 20:00:00+00:00,1.406499981880188
2026-08-04 20:15:00+00:00,1.406290054321289
2026-08-04 20:30:00+00:00,1.4066400527954102
2026-08-04 20:45:00+00:00,1.4060499668121338
2026-08-04 21:00:00+00:00,1.4062299728393555
2026-08-04 21:15:00+00:00,1.4064699411392212
2026-08-04 21:30:00+00:00,1.406499981880188
2026-08-04 21:45:00+00:00,1.406499981880188
2026-08-04 22:00:00+00:00,1.4062000513076782
2026-08-04 22:15:00+00:00,1.4064199924468994
2026-08-04 22:30:00+00:00,1.4063700437545776
2026-08-04 22:45:00+00:00,1.4063999652862549
2026-08-04 23:00:00+00:00,1.406440019607544
2026-08-04 23:15:00+00:00,1.406849980354309
2026-08-04 23:30:00+00:00,1.4067100286483765
2026-08-04 23:45:00+00:00,1.4065799713134766
2026-08-05 00:00:00+00:00,1.4065899848937988
2026-08-05 00:15:00+00:00,1.4063999652862549
2026-08-05 00:30:00+00:00,1.406540036201477
2026-08-05 00:45:00+00:00,1.4063999652862549
2026-08-05 01:00:00+00:00,1.4067800045013428
2026-08-05 01:15:00+00:00,1.406499981880188
2026-08-05 01:30:00+00:00,1.407039999961853
2026-08-05 01:45:00+00:00,1.4072799682617188
2026-08-05 02:00:00+00:00,1.4073799848556519
2026-08-05 02:15:00+00:00,1.4072999954223633
2026-08-05 02:30:00+00:00,1.40693998336792
2026-08-05 02:45:00+00:00,1.4072500467300415
2026-08-05 03:00:00+00:00,1.4064699411392212
2026-08-05 03:15:00+00:00,1.4068000316619873
2026-08-05 03:30:00+00:00,1.4070199728012085
2026-08-05 03:45:00+00:00,1.407080054283142
2026-08-05 04:00:00+00:00,1.4068399667739868
2026-08-05 04:15:00+00:00,1.4068000316619873
2026-08-05 04:30:00+00:00,1.4071199893951416
2026-08-05 04:45:00+00:00,1.4072799682617188
2026-08-05 05:00:00+00:00,1.40733003616333
2026-08-05 05:15:00+00:00,1.407230019569397
2026-08-05 05:30:00+00:00,1.4072500467300415
2026-08-05 05:45:00+00:00,1.4072599411010742
2026-08-05 06:00:00+00:00,1.4075000286102295
2026-08-05 06:15:00+00:00,1.4077999591827393
2026-08-05 06:30:00+00:00,1.4072999954223633
2026-08-05 06:45:00+00:00,1.4072799682617188
2026-08-05 07:00:00+00:00,1.406999945640564
2026-08-05 07:15:00+00:00,1.4073100090026855
2026-08-05 07:30:00+00:00,1.4068000316619873
2026-08-05 07:45:00+00:00,1.4066699743270874
2026-08-05 08:00:00+00:00,1.4068100452423096
2026-08-05 08:15:00+00:00,1.4067100286483765
2026-08-05 08:30:00+00:00,1.4071799516677856
2026-08-05 08:45:00+00:00,1.4069199562072754
2026-08-05 09:00:00+00:00,1.4066699743270874
2026-08-05 09:15:00+00:00,1.406540036201477
2026-08-05 09:30:00+00:00,1.4065099954605103
2026-08-05 09:45:00+00:00,1.4064199924468994
2026-08-05 10:00:00+00:00,1.4064699411392212
2026-08-05 10:15:00+00:00,1.4066200256347656
2026-08-05 10:30:00+00:00,1.4066699743270874
2026-08-05 10:45:00+00:00,1.406540036201477
2026-08-05 11:00:00+00:00,1.405900001525879
2026-08-05 11:15:00+00:00,1.4056600332260132
2026-08-05 11:30:00+00:00,1.4053800106048584
2026-08-05 11:45:00+00:00,1.405210018157959
2026-08-05 12:00:00+00:00,1.4050500392913818
2026-08-05 12:15:00+00:00,1.4046200513839722
2026-08-05 12:30:00+00:00,1.4048700332641602
2026-08-05 12:45:00+00:00,1.4051100015640259
2026-08-05 13:00:00+00:00,1.405419945716858
2026-08-05 13:15:00+00:00,1.4047199487686157
2026-08-05 13:30:00+00:00,1.4049700498580933
2026-08-05 13:45:00+00:00,1.4044300317764282
2026-08-05 14:00:00+00:00,1.4035600423812866
2026-08-05 14:15:00+00:00,1.4026000499725342
2026-08-05 14:30:00+00:00,1.4026600122451782
2026-08-05 14:45:00+00:00,1.401859998703003
2026-08-05 15:00:00+00:00,1.4017499685287476
2026-08-05 15:15:00+00:00,1.4018100500106812
2026-08-05 15:30:00+00:00,1.4014999866485596
2026-08-05 15:45:00+00:00,1.401919960975647
2026-08-05 16:00:00+00:00,1.4014999866485596
2026-08-05 16:15:00+00:00,1.4018900394439697
2026-08-05 16:30:00+00:00,1.4025499820709229
2026-08-05 16:45:00+00:00,1.4023000001907349
2026-08-05 17:00:00+00:00,1.4025499820709229
2026-08-05 17:15:00+00:00,1.4023000001907349
2026-08-05 17:30:00+00:00,1.40146005153656
2026-08-05 17:45:00+00:00,1.40106999874115
2026-08-05 18:00:00+00:00,1.4008500576019287
2026-08-05 18:15:00+00:00,1.4004900455474854
2026-08-05 18:30:00+00:00,1.4010599851608276
2026-08-05 18:45:00+00:00,1.4007699489593506
2026-08-05 19:00:00+00:00,1.4010599851608276
2026-08-05 19:15:00+00:00,1.401170015335083
2026-08-05 19:30:00+00:00,1.401379942893982
2026-08-05 19:45:00+00:00,1.4011900424957275
2026-08-05 20:00:00+00:00,1.4009000062942505
2026-08-05 20:15:00+00:00,1.4005999565124512
2026-08-05 20:30:00+00:00,1.4011199474334717
2026-08-05 20:45:00+00:00,1.4011499881744385
2026-08-05 21:00:00+00:00,1.4010000228881836
2026-08-05 21:15:00+00:00,1.4007999897003174
2026-08-05 21:30:00+00:00,1.4009000062942505
2026-08-05 21:45:00+00:00,1.4008599519729614
2026-08-05 22:00:00+00:00,1.4009000062942505
2026-08-05 22:15:00+00:00,1.4009599685668945
2026-08-05 22:30:00+00:00,1.400979995727539
2026-08-05 22:45:00+00:00,1.4009499549865723
2026-08-05 23:00:00+00:00,1.4009000062942505
2026-08-05 23:15:00+00:00,1.4011000394821167
2026-08-05 23:30:00+00:00,1.4005999565124512
2026-08-05 23:45:00+00:00,1.4010200500488281
2026-08-06 00:00:00+00:00,1.4009599685668945
2026-08-06 00:15:00+00:00,1.4009599685668945
2026-08-06 00:30:00+00:00,1.4008599519729614
2026-08-06 00:45:00+00:00,1.4007400274276733
2026-08-06 01:00:00+00:00,1.4006600379943848
2026-08-06 01:15:00+00:00,1.4004900455474854
2026-08-06 01:30:00+00:00,1.400339961051941
2026-08-06 01:45:00+00:00,1.400589942932129
2026-08-06 02:00:00+00:00,1.4004000425338745
2026-08-06 02:15:00+00:00,1.4007699489593506
2026-08-06 02:30:00+00:00,1.4004000425338745
2026-08-06 02:45:00+00:00,1.4005000591278076
2026-08-06 03:00:00+00:00,1.4009100198745728
2026-08-06 03:15:00+00:00,1.4011000394821167
2026-08-06 03:30:00+00:00,1.4013899564743042
2026-08-06 03:45:00+00:00,1.4009000062942505
2026-08-06 04:00:00+00:00,1.4013099670410156
2026-08-06 04:15:00+00:00,1.4014899730682373
2026-08-06 04:30:00+00:00,1.4014999866485596
2026-08-06 04:45:00+00:00,1.4012000560760498
2026-08-06 05:00:00+00:00,1.4016799926757812
2026-08-06 05:15:00+00:00,1.4012999534606934
2026-08-06 05:30:00+00:00,1.4012900590896606
2026-08-06 05:45:00+00:00,1.4012199640274048
2026-08-06 06:00:00+00:00,1.4009699821472168
2026-08-06 06:15:00+00:00,1.4015599489212036
2026-08-06 06:30:00+00:00,1.4013899564743042
2026-08-06 06:45:00+00:00,1.4011000394821167
2026-08-06 07:00:00+00:00,1.4012700319290161
2026-08-06 07:15:00+00:00,1.401319980621338
2026-08-06 07:30:00+00:00,1.4013700485229492
2026-08-06 07:45:00+00:00,1.4013099670410156
2026-08-06 08:00:00+00:00,1.4008599519729614
2026-08-06 08:15:00+00:00,1.4009000062942505
2026-08-06 08:30:00+00:00,1.4009000062942505
2026-08-06 08:45:00+00:00,1.4009900093078613
2026-08-06 09:00:00+00:00,1.4007699489593506
2026-08-06 09:15:00+00:00,1.4005999565124512
2026-08-06 09:30:00+00:00,1.4007999897003174
2026-08-06 09:45:00+00:00,1.401110053062439
2026-08-06 10:00:00+00:00,1.4010599851608276
2026-08-06 10:15:00+00:00,1.4003000259399414
2026-08-06 10:30:00+00:00,1.400320053100586
2026-08-06 10:45:00+00:00,1.3999199867248535
2026-08-06 11:00:00+00:00,1.3999099731445312
2026-08-06 11:15:00+00:00,1.3996399641036987
2026-08-06 11:30:00+00:00,1.399999976158142
2026-08-06 11:45:00+00:00,1.3991600275039673
2026-08-06 12:00:00+00:00,1.4001699686050415
2026-08-06 12:15:00+00:00,1.4000600576400757
2026-08-06 12:30:00+00:00,1.3999300003051758
2026-08-06 12:45:00+00:00,1.4006799459457397
2026-08-06 13:00:00+00:00,1.4017200469970703
2026-08-06 13:15:00+00:00,1.4016000032424927
2026-08-06 13:30:00+00:00,1.4017200469970703
2026-08-06 13:45:00+00:00,1.4014999866485596
2026-08-06 14:00:00+00:00,1.402209997177124
2026-08-06 14:15:00+00:00,1.4019099473953247
2026-08-06 14:30:00+00:00,1.4013299942016602
2026-08-06 14:45:00+00:00,1.4020600318908691
2026-08-06 15:00:00+00:00,1.4030799865722656
2026-08-06 15:15:00+00:00,1.4032800197601318
2026-08-06 15:30:00+00:00,1.4033000469207764
2026-08-06 15:45:00+00:00,1.4031100273132324
2026-08-06 16:00:00+00:00,1.4026000499725342
2026-08-06 16:15:00+00:00,1.402899980545044
2026-08-06 16:30:00+00:00,1.4026600122451782
2026-08-06 16:45:00+00:00,1.402209997177124
2026-08-06 17:00:00+00:00,1.4021899700164795
2026-08-06 17:15:00+00:00,1.4016000032424927
2026-08-06 17:30:00+00:00,1.4017200469970703
2026-08-06 17:45:00+00:00,1.4012999534606934
2026-08-06 18:00:00+00:00,1.4013700485229492
2026-08-06 18:15:00+00:00,1.40146005153656
2026-08-06 18:30:00+00:00,1.4014500379562378
2026-08-06 18:45:00+00:00,1.4012900590896606
2026-08-06 19:00:00+00:00,1.4011000394821167
2026-08-06 19:15:00+00:00,1.4016300439834595
2026-08-06 19:30:00+00:00,1.4019500017166138
2026-08-06 19:45:00+00:00,1.4014699459075928
2026-08-06 20:00:00+00:00,1.4016400575637817
2026-08-06 20:15:00+00:00,1.4016900062561035
2026-08-06 20:30:00+00:00,1.4014699459075928
2026-08-06 20:45:00+00:00,1.4011499881744385
2026-08-06 21:00:00+00:00,1.4007999897003174
2026-08-06 21:15:00+00:00,1.400920033454895
2026-08-06 21:30:00+00:00,1.4011800289154053
2026-08-06 21:45:00+00:00,1.4011000394821167
2026-08-06 22:00:00+00:00,1.4014999866485596
2026-08-06 22:15:00+00:00,1.4014500379562378
2026-08-06 22:30:00+00:00,1.4013500213623047
2026-08-06 22:45:00+00:00,1.4011000394821167
2026-08-06 23:00:00+00:00,1.4013099670410156
2026-08-06 23:15:00+00:00,1.4010000228881836
2026-08-06 23:30:00+00:00,1.4013700485229492
2026-08-06 23:45:00+00:00,1.4013999700546265
2026-08-07 00:00:00+00:00,1.40146005153656
2026-08-07 00:15:00+00:00,1.401479959487915
2026-08-07 00:30:00+00:00,1.4016000032424927
2026-08-07 00:45:00+00:00,1.4018299579620361
2026-08-07 01:00:00+00:00,1.4012000560760498
2026-08-07 01:15:00+00:00,1.4014999866485596
2026-08-07 01:30:00+00:00,1.401379942893982
2026-08-07 01:45:00+00:00,1.4015400409698486
2026-08-07 02:00:00+00:00,1.401669979095459
2026-08-07 02:15:00+00:00,1.401669979095459
2026-08-07 02:30:00+00:00,1.4018800258636475
2026-08-07 02:45:00+00:00,1.4019800424575806
2026-08-07 03:00:00+00:00,1.4020700454711914
2026-08-07 03:15:00+00:00,1.4020099639892578
2026-08-07 03:30:00+00:00,1.4019399881362915
2026-08-07 03:45:00+00:00,1.4018199443817139
2026-08-07 04:00:00+00:00,1.4018399715423584
2026-08-07 04:15:00+00:00,1.4018199443817139
2026-08-07 04:30:00+00:00,1.4014999866485596
2026-08-07 04:45:00+00:00,1.4018800258636475
2026-08-07 05:00:00+00:00,1.4017000198364258
2026-08-07 05:15:00+00:00,1.4023300409317017
2026-08-07 05:30:00+00:00,1.4020999670028687
2026-08-07 05:45:00+00:00,1.4024100303649902
2026-08-07 06:00:00+00:00,1.402649998664856
2026-08-07 06:15:00+00:00,1.4024900197982788
2026-08-07 06:30:00+00:00,1.4023200273513794
2026-08-07 06:45:00+00:00,1.4023200273513794
2026-08-07 07:00:00+00:00,1.401900053024292
2026-08-07 07:15:00+00:00,1.402269959449768
2026-08-07 07:30:00+00:00,1.4024900197982788
2026-08-07 07:45:00+00:00,1.402359962463379
2026-08-07 08:00:00+00:00,1.402400016784668
2026-08-07 08:15:00+00:00,1.4028600454330444
2026-08-07 08:30:00+00:00,1.402359962463379
2026-08-07 08:45:00+00:00,1.4022899866104126
2026-08-07 09:00:00+00:00,1.4017000198364258
2026-08-07 09:15:00+00:00,1.4014400243759155
2026-08-07 09:30:00+00:00,1.4012999534606934
2026-08-07 09:45:00+00:00,1.4012999534606934
2026-08-07 10:00:00+00:00,1.4020500183105469
2026-08-07 10:15:00+00:00,1.4020099639892578
2026-08-07 10:30:00+00:00,1.402209997177124
2026-08-07 10:45:00+00:00,1.402109980583191
2026-08-07 11:00:00+00:00,1.4018199443817139
2026-08-07 11:15:00+00:00,1.4017499685287476
2026-08-07 11:30:00+00:00,1.4012399911880493
2026-08-07 11:45:00+00:00,1.4011499881744385
2026-08-07 12:00:00+00:00,1.4002000093460083
2026-08-07 12:15:00+00:00,1.399839997291565
2026-08-07 12:30:00+00:00,1.3956400156021118
2026-08-07 12:45:00+00:00,1.3947700262069702
2026-08-07 13:00:00+00:00,1.3940000534057617
2026-08-07 13:15:00+00:00,1.394950032234192
2026-08-07 13:30:00+00:00,1.395169973373413
2026-08-07 13:45:00+00:00,1.3949700593948364
2026-08-07 14:00:00+00:00,1.3942400217056274
2026-08-07 14:15:00+00:00,1.3937100172042847
2026-08-07 14:30:00+00:00,1.3943500518798828
2026-08-07 14:45:00+00:00,1.394279956817627
2026-08-07 15:00:00+00:00,1.3932000398635864
2026-08-07 15:15:00+00:00,1.393720030784607
2026-08-07 15:30:00+00:00,1.3935799598693848
2026-08-07 15:45:00+00:00,1.393380045890808
2026-08-07 16:00:00+00:00,1.3930100202560425
2026-08-07 16:15:00+00:00,1.3935099840164185
2026-08-07 16:30:00+00:00,1.3936100006103516
2026-08-07 16:45:00+00:00,1.3934999704360962
2026-08-07 17:00:00+00:00,1.3933000564575195
2026-08-07 17:15:00+00:00,1.3936799764633179
2026-08-07 17:30:00+00:00,1.3933000564575195
2026-08-07 17:45:00+00:00,1.3937400579452515
2026-08-07 18:00:00+00:00,1.3937100172042847
2026-08-07 18:15:00+00:00,1.3936400413513184
2026-08-07 18:30:00+00:00,1.3935999870300293
2026-08-07 18:45:00+00:00,1.3936200141906738
2026-08-07 19:00:00+00:00,1.3935999870300293
2026-08-07 19:15:00+00:00,1.3937400579452515
2026-08-07 19:30:00+00:00,1.3939000368118286
2026-08-07 19:45:00+00:00,1.3942400217056274
2026-08-07 20:00:00+00:00,1.3944200277328491
2026-08-07 20:15:00+00:00,1.3946199417114258
2026-08-07 20:30:00+00:00,1.3952499628067017
2026-08-07 20:45:00+00:00,1.3939599990844727
2026-08-07 21:00:00+00:00,1.3935999870300293
2026-08-07 21:15:00+00:00,1.3935999870300293
2026-08-09 23:00:00+00:00,1.394569993019104
2026-08-09 23:15:00+00:00,1.394860029220581
2026-08-09 23:30:00+00:00,1.3946000337600708
2026-08-09 23:45:00+00:00,1.3952499628067017
2026-08-10 00:00:00+00:00,1.3948899507522583
2026-08-10 00:15:00+00:00,1.3950899839401245
2026-08-10 00:30:00+00:00,1.3952499628067017
2026-08-10 00:45:00+00:00,1.3949300050735474
2026-08-10 01:00:00+00:00,1.3950999975204468
2026-08-10 01:15:00+00:00,1.3950899839401245
2026-08-10 01:30:00+00:00,1.3952100276947021
2026-08-10 01:45:00+00:00,1.3952300548553467
2026-08-10 02:00:00+00:00,1.395300030708313
2026-08-10 02:15:00+00:00,1.3954299688339233
2026-08-10 02:30:00+00:00,1.3956600427627563
2026-08-10 02:45:00+00:00,1.395609974861145
2026-08-10 03:00:00+00:00,1.3960599899291992
2026-08-10 03:15:00+00:00,1.3960800170898438
2026-08-10 03:30:00+00:00,1.3961700201034546
2026-08-10 03:45:00+00:00,1.3961800336837769
2026-08-10 04:00:00+00:00,1.3962500095367432
2026-08-10 04:15:00+00:00,1.3962299823760986
2026-08-10 04:30:00+00:00,1.39628005027771
2026-08-10 04:45:00+00:00,1.3960700035095215
2026-08-10 05:00:00+00:00,1.3960700035095215
2026-08-10 05:15:00+00:00,1.396090030670166
2026-08-10 05:30:00+00:00,1.3959200382232666
2026-08-10 05:45:00+00:00,1.3957699537277222
2026-08-10 06:00:00+00:00,1.3954600095748901
2026-08-10 06:15:00+00:00,1.3954399824142456
2026-08-10 06:30:00+00:00,1.3955299854278564
2026-08-10 06:45:00+00:00,1.3954299688339233
2026-08-10 07:00:00+00:00,1.3952100276947021
2026-08-10 07:15:00+00:00,1.3948999643325806
2026-08-10 07:30:00+00:00,1.3945000171661377
2026-08-10 07:45:00+00:00,1.3942300081253052
2026-08-10 08:00:00+00:00,1.3937300443649292
2026-08-10 08:15:00+00:00,1.3932000398635864
2026-08-10 08:30:00+00:00,1.3940099477767944
2026-08-10 08:45:00+00:00,1.3940199613571167
2026-08-10 09:00:00+00:00,1.3939800262451172
2026-08-10 09:15:00+00:00,1.3940500020980835
2026-08-10 09:30:00+00:00,1.3941400051116943
2026-08-10 09:45:00+00:00,1.3942999839782715
2026-08-10 10:00:00+00:00,1.3944900035858154
2026-08-10 10:15:00+00:00,1.3942999839782715
2026-08-10 10:30:00+00:00,1.3940399885177612
2026-08-10 10:45:00+00:00,1.3935999870300293
2026-08-10 11:00:00+00:00,1.3938699960708618
2026-08-10 11:15:00+00:00,1.394070029258728
2026-08-10 11:30:00+00:00,1.394129991531372
2026-08-10 11:45:00+00:00,1.3939800262451172
2026-08-10 12:00:00+00:00,1.3941800594329834
2026-08-10 12:15:00+00:00,1.3946000337600708
2026-08-10 12:30:00+00:00,1.3947800397872925
2026-08-10 12:45:00+00:00,1.3948099613189697
2026-08-10 13:00:00+00:00,1.394950032234192
2026-08-10 13:15:00+00:00,1.3947999477386475
2026-08-10 13:30:00+00:00,1.395259976387024
2026-08-10 13:45:00+00:00,1.3950599431991577
2026-08-10 14:00:00+00:00,1.39451003074646
2026-08-10 14:15:00+00:00,1.3938000202178955
2026-08-10 14:30:00+00:00,1.3940999507904053
2026-08-10 14:45:00+00:00,1.3942699432373047
2026-08-10 15:00:00+00:00,1.3936200141906738
2026-08-10 15:15:00+00:00,1.3935799598693848
2026-08-10 15:30:00+00:00,1.3931599855422974
2026-08-10 15:45:00+00:00,1.3928600549697876
2026-08-10 16:00:00+00:00,1.392799973487854
2026-08-10 16:15:00+00:00,1.3927700519561768
2026-08-10 16:30:00+00:00,1.392699956893921
2026-08-10 16:45:00+00:00,1.3933700323104858
2026-08-10 17:00:00+00:00,1.393970012664795
2026-08-10 17:15:00+00:00,1.3943599462509155
2026-08-10 17:30:00+00:00,1.3944300413131714
2026-08-10 17:45:00+00:00,1.3945499658584595
2026-08-10 18:00:00+00:00,1.3944200277328491
2026-08-10 18:15:00+00:00,1.3944000005722046
2026-08-10 18:30:00+00:00,1.3935999870300293
2026-08-10 18:45:00+00:00,1.3942300081253052
2026-08-10 19:00:00+00:00,1.3942099809646606
2026-08-10 19:15:00+00:00,1.3939800262451172
2026-08-10 19:30:00+00:00,1.3937100172042847
2026-08-10 19:45:00+00:00,1.3939299583435059
2026-08-10 20:00:00+00:00,1.3934999704360962
2026-08-10 20:15:00+00:00,1.3935999870300293
2026-08-10 20:30:00+00:00,1.394029974937439
2026-08-10 20:45:00+00:00,1.3936899900436401
2026-08-10 21:00:00+00:00,1.393720030784607
2026-08-10 21:15:00+00:00,1.3936200141906738
2026-08-10 21:30:00+00:00,1.3935999870300293
2026-08-10 21:45:00+00:00,1.393630027770996
2026-08-10 22:00:00+00:00,1.39382004737854
2026-08-10 22:15:00+00:00,1.3940000534057617
2026-08-10 22:30:00+00:00,1.3937900066375732
2026-08-10 22:45:00+00:00,1.3937400579452515
2026-08-10 23:00:00+00:00,1.393720030784607
2026-08-10 23:15:00+00:00,1.3935999870300293
2026-08-10 23:30:00+00:00,1.393399953842163
2026-08-10 23:45:00+00:00,1.3933700323104858
2026-08-11 00:00:00+00:00,1.393280029296875
2026-08-11 00:15:00+00:00,1.3932600021362305
2026-08-11 00:30:00+00:00,1.392699956893921
2026-08-11 00:45:00+00:00,1.3932299613952637
2026-08-11 01:00:00+00:00,1.392989993095398
2026-08-11 01:15:00+00:00,1.3930000066757202
2026-08-11 01:30:00+00:00,1.392899990081787
2026-08-11 01:45:00+00:00,1.3932000398635864
2026-08-11 02:00:00+00:00,1.3932299613952637
2026-08-11 02:15:00+00:00,1.3934799432754517
2026-08-11 02:30:00+00:00,1.3934099674224854
2026-08-11 02:45:00+00:00,1.393470048904419
2026-08-11 03:00:00+00:00,1.3933600187301636
2026-08-11 03:15:00+00:00,1.3931399583816528
2026-08-11 03:30:00+00:00,1.3930699825286865
2026-08-11 03:45:00+00:00,1.393090009689331
2026-08-11 04:00:00+00:00,1.3925000429153442
2026-08-11 04:15:00+00:00,1.3929400444030762
2026-08-11 04:30:00+00:00,1.3930799961090088
2026-08-11 04:45:00+00:00,1.393030047416687
2026-08-11 05:00:00+00:00,1.3931699991226196
2026-08-11 05:15:00+00:00,1.3930399417877197
2026-08-11 05:30:00+00:00,1.392840027809143
2026-08-11 05:45:00+00:00,1.3925000429153442
2026-08-11 06:00:00+00:00,1.3930799961090088
2026-08-11 06:15:00+00:00,1.3932199478149414
2026-08-11 06:30:00+00:00,1.3930699825286865
2026-08-11 06:45:00+00:00,1.393239974975586
2026-08-11 07:00:00+00:00,1.3934999704360962
2026-08-11 07:15:00+00:00,1.3934600353240967
2026-08-11 07:30:00+00:00,1.394070029258728
2026-08-11 07:45:00+00:00,1.3941999673843384
2026-08-11 08:00:00+00:00,1.3938900232315063
2026-08-11 08:15:00+00:00,1.3938900232315063
2026-08-11 08:30:00+00:00,1.3932000398635864
2026-08-11 08:45:00+00:00,1.3933600187301636
2026-08-11 09:00:00+00:00,1.3933500051498413
2026-08-11 09:15:00+00:00,1.393530011177063
2026-08-11 09:30:00+00:00,1.393399953842163
2026-08-11 09:45:00+00:00,1.3932499885559082
2026-08-11 10:00:00+00:00,1.3931900262832642
2026-08-11 10:15:00+00:00,1.3933099508285522
2026-08-11 10:30:00+00:00,1.3932900428771973
2026-08-11 10:45:00+00:00,1.3931900262832642
2026-08-11 11:00:00+00:00,1.393470048904419
2026-08-11 11:15:00+00:00,1.3931699991226196
2026-08-11 11:30:00+00:00,1.393530011177063
2026-08-11 11:45:00+00:00,1.3939000368118286
2026-08-11 12:00:00+00:00,1.3939800262451172
2026-08-11 12:15:00+00:00,1.3934199810028076
2026-08-11 12:30:00+00:00,1.3932900428771973
2026-08-11 12:45:00+00:00,1.3931000232696533
2026-08-11 13:00:00+00:00,1.3934799432754517
2026-08-11 13:15:00+00:00,1.3937000036239624
2026-08-11 13:30:00+00:00,1.3937499523162842
2026-08-11 13:45:00+00:00,1.3934999704360962
2026-08-11 14:00:00+00:00,1.3932499885559082
2026-08-11 14:15:00+00:00,1.3931599855422974
2026-08-11 14:30:00+00:00,1.3929799795150757
2026-08-11 14:45:00+00:00,1.392680048942566
2026-08-11 15:00:00+00:00,1.3933000564575195
2026-08-11 15:15:00+00:00,1.3929500579833984
2026-08-11 15:30:00+00:00,1.3928500413894653
2026-08-11 15:45:00+00:00,1.3923900127410889
2026-08-11 16:00:00+00:00,1.3920999765396118
2026-08-11 16:15:00+00:00,1.3917900323867798
2026-08-11 16:30:00+00:00,1.391950011253357
2026-08-11 16:45:00+00:00,1.3916499614715576
2026-08-11 17:00:00+00:00,1.3919999599456787
2026-08-11 17:15:00+00:00,1.3921799659729004
2026-08-11 17:30:00+00:00,1.3920999765396118
2026-08-11 17:45:00+00:00,1.3919999599456787
2026-08-11 18:00:00+00:00,1.3922100067138672
2026-08-11 18:15:00+00:00,1.392009973526001
2026-08-11 18:30:00+00:00,1.3918100595474243
2026-08-11 18:45:00+00:00,1.3919199705123901
2026-08-11 19:00:00+00:00,1.3919999599456787
2026-08-11 19:15:00+00:00,1.391950011253357
2026-08-11 19:30:00+00:00,1.3920300006866455
2026-08-11 19:45:00+00:00,1.3924599885940552
2026-08-11 20:00:00+00:00,1.3924700021743774
2026-08-11 20:15:00+00:00,1.392490029335022
2026-08-11 20:30:00+00:00,1.3926299810409546
2026-08-11 20:45:00+00:00,1.392199993133545
2026-08-11 21:00:00+00:00,1.3920999765396118
2026-08-11 21:15:00+00:00,1.3921600580215454
2026-08-11 21:30:00+00:00,1.3924299478530884
2026-08-11 21:45:00+00:00,1.3923200368881226
2026-08-11 22:00:00+00:00,1.3920899629592896
2026-08-11 22:15:00+00:00,1.391800045967102
2026-08-11 22:30:00+00:00,1.3921500444412231
2026-08-11 22:45:00+00:00,1.3919199705123901
2026-08-11 23:00:00+00:00,1.3919899463653564
2026-08-11 23:15:00+00:00,1.3922499418258667
2026-08-11 23:30:00+00:00,1.3921600580215454
2026-08-11 23:45:00+00:00,1.3920199871063232
2026-08-12 00:00:00+00:00,1.3920199871063232
2026-08-12 00:15:00+00:00,1.3919700384140015
2026-08-12 00:30:00+00:00,1.392009973526001
2026-08-12 00:45:00+00:00,1.3922699689865112
2026-08-12 01:00:00+00:00,1.3927600383758545
2026-08-12 01:15:00+00:00,1.39274001121521
2026-08-12 01:30:00+00:00,1.392699956893921
2026-08-12 01:45:00+00:00,1.3925000429153442
2026-08-12 02:00:00+00:00,1.3929200172424316
2026-08-12 02:15:00+00:00,1.3930100202560425
2026-08-12 02:30:00+00:00,1.3925000429153442
2026-08-12 02:45:00+00:00,1.3924000263214111
2026-08-12 03:00:00+00:00,1.3926899433135986
2026-08-12 03:15:00+00:00,1.392300009727478
2026-08-12 03:30:00+00:00,1.3925000429153442
2026-08-12 03:45:00+00:00,1.3928099870681763
2026-08-12 04:00:00+00:00,1.3925000429153442
2026-08-12 04:15:00+00:00,1.393030047416687
2026-08-12 04:30:00+00:00,1.3929699659347534
2026-08-12 04:45:00+00:00,1.392699956893921
2026-08-12 05:00:00+00:00,1.3931900262832642
2026-08-12 05:15:00+00:00,1.3931599855422974
2026-08-12 05:30:00+00:00,1.393149971961975
2026-08-12 05:45:00+00:00,1.3930200338363647
2026-08-12 06:00:00+00:00,1.3928600549697876
2026-08-12 06:15:00+00:00,1.3930200338363647
2026-08-12 06:30:00+00:00,1.3930200338363647
2026-08-12 06:45:00+00:00,1.3929799795150757
2026-08-12 07:00:00+00:00,1.393090009689331
2026-08-12 07:15:00+00:00,1.392899990081787
2026-08-12 07:30:00+00:00,1.3931900262832642
2026-08-12 07:45:00+00:00,1.392930030822754
2026-08-12 08:00:00+00:00,1.3931299448013306
2026-08-12 08:15:00+00:00,1.3929200172424316
2026-08-12 08:30:00+00:00,1.392989993095398
2026-08-12 08:45:00+00:00,1.3930799961090088
2026-08-12 09:00:00+00:00,1.3930000066757202
2026-08-12 09:15:00+00:00,1.393090009689331
2026-08-12 09:30:00+00:00,1.393589973449707
2026-08-12 09:45:00+00:00,1.3935799598693848
2026-08-12 10:00:00+00:00,1.3932900428771973
2026-08-12 10:15:00+00:00,1.3930000066757202
2026-08-12 10:30:00+00:00,1.3930000066757202
2026-08-12 10:45:00+00:00,1.3932900428771973
2026-08-12 11:00:00+00:00,1.3937100172042847
2026-08-12 11:15:00+00:00,1.392899990081787
2026-08-12 11:30:00+00:00,1.393280029296875
2026-08-12 11:45:00+00:00,1.392300009727478
2026-08-12 12:00:00+00:00,1.3925700187683105
2026-08-12 12:15:00+00:00,1.391819953918457
2026-08-12 12:30:00+00:00,1.3913300037384033
2026-08-12 12:45:00+00:00,1.3911199569702148
2026-08-12 13:00:00+00:00,1.3919700384140015
2026-08-12 13:15:00+00:00,1.3914200067520142
2026-08-12 13:30:00+00:00,1.391469955444336
2026-08-12 13:45:00+00:00,1.391409993171692
2026-08-12 14:00:00+00:00,1.3911800384521484
2026-08-12 14:15:00+00:00,1.3914999961853027
2026-08-12 14:30:00+00:00,1.3921300172805786
2026-08-12 14:45:00+00:00,1.3922899961471558
2026-08-12 15:00:00+00:00,1.3919600248336792
2026-08-12 15:15:00+00:00,1.3919399976730347
2026-08-12 15:30:00+00:00,1.3923900127410889
2026-08-12 15:45:00+00:00,1.3920700550079346
2026-08-12 16:00:00+00:00,1.3927199840545654
2026-08-12 16:15:00+00:00,1.393399953842163
2026-08-12 16:30:00+00:00,1.3936699628829956
2026-08-12 16:45:00+00:00,1.3941099643707275
2026-08-12 17:00:00+00:00,1.3945800065994263
2026-08-12 17:15:00+00:00,1.3944300413131714
2026-08-12 17:30:00+00:00,1.3942999839782715
2026-08-12 17:45:00+00:00,1.394469976425171
2026-08-12 18:00:00+00:00,1.3938000202178955
2026-08-12 18:15:00+00:00,1.3935999870300293
2026-08-12 18:30:00+00:00,1.3942999839782715
2026-08-12 18:45:00+00:00,1.3942999839782715
2026-08-12 19:00:00+00:00,1.394320011138916
2026-08-12 19:15:00+00:00,1.3943699598312378
2026-08-12 19:30:00+00:00,1.3944300413131714
2026-08-12 19:45:00+00:00,1.3938000202178955
2026-08-12 20:00:00+00:00,1.3939000368118286
2026-08-12 20:15:00+00:00,1.394279956817627
2026-08-12 20:30:00+00:00,1.3939000368118286
2026-08-12 20:45:00+00:00,1.393839955329895
2026-08-12 21:00:00+00:00,1.3935999870300293
2026-08-12 21:15:00+00:00,1.393720030784607
2026-08-12 21:30:00+00:00,1.393779993057251
2026-08-12 21:45:00+00:00,1.3939000368118286
2026-08-12 22:00:00+00:00,1.3941600322723389
2026-08-12 22:15:00+00:00,1.3940000534057617
2026-08-12 22:30:00+00:00,1.3940999507904053
2026-08-12 22:45:00+00:00,1.3939800262451172
2026-08-12 23:00:00+00:00,1.3940199613571167
2026-08-12 23:15:00+00:00,1.394129991531372
2026-08-12 23:30:00+00:00,1.3940199613571167
2026-08-12 23:45:00+00:00,1.394070029258728
2026-08-13 00:00:00+00:00,1.394029974937439
2026-08-13 00:15:00+00:00,1.393880009651184
2026-08-13 00:30:00+00:00,1.3938000202178955
2026-08-13 00:45:00+00:00,1.3939100503921509
2026-08-13 01:00:00+00:00,1.3940199613571167
2026-08-13 01:15:00+00:00,1.3941899538040161
2026-08-13 01:30:00+00:00,1.3943599462509155
2026-08-13 01:45:00+00:00,1.3945200443267822
2026-08-13 02:00:00+00:00,1.3947399854660034
2026-08-13 02:15:00+00:00,1.3947999477386475
2026-08-13 02:30:00+00:00,1.3945000171661377
2026-08-13 02:45:00+00:00,1.3947199583053589
2026-08-13 03:00:00+00:00,1.394919991493225
2026-08-13 03:15:00+00:00,1.3949600458145142
2026-08-13 03:30:00+00:00,1.3945000171661377
2026-08-13 03:45:00+00:00,1.394819974899292
2026-08-13 04:00:00+00:00,1.394860029220581
2026-08-13 04:15:00+00:00,1.3947399854660034
2026-08-13 04:30:00+00:00,1.3947800397872925
2026-08-13 04:45:00+00:00,1.3945599794387817
2026-08-13 05:00:00+00:00,1.3941999673843384
2026-08-13 05:15:00+00:00,1.3945599794387817
2026-08-13 05:30:00+00:00,1.3946199417114258
2026-08-13 05:45:00+00:00,1.3945499658584595
2026-08-13 06:00:00+00:00,1.3949899673461914
2026-08-13 06:15:00+00:00,1.3951200246810913
2026-08-13 06:30:00+00:00,1.3955899477005005
2026-08-13 06:45:00+00:00,1.3954299688339233
2026-08-13 07:00:00+00:00,1.3953499794006348
2026-08-13 07:15:00+00:00,1.3952499628067017
2026-08-13 07:30:00+00:00,1.3953100442886353
2026-08-13 07:45:00+00:00,1.3952499628067017
2026-08-13 08:00:00+00:00,1.395169973373413
2026-08-13 08:15:00+00:00,1.3952000141143799
2026-08-13 08:30:00+00:00,1.3951799869537354
2026-08-13 08:45:00+00:00,1.3953200578689575
2026-08-13 09:00:00+00:00,1.3952100276947021
2026-08-13 09:15:00+00:00,1.3945300579071045
2026-08-13 09:30:00+00:00,1.39451003074646
2026-08-13 09:45:00+00:00,1.3938900232315063
2026-08-13 10:00:00+00:00,1.3937000036239624
2026-08-13 10:15:00+00:00,1.3938699960708618
2026-08-13 10:30:00+00:00,1.3939599990844727
2026-08-13 10:45:00+00:00,1.394029974937439
2026-08-13 11:00:00+00:00,1.3939199447631836
2026-08-13 11:15:00+00:00,1.3939900398254395
2026-08-13 11:30:00+00:00,1.3940800428390503
2026-08-13 11:45:00+00:00,1.3945200443267822
2026-08-13 12:00:00+00:00,1.3948099613189697
2026-08-13 12:15:00+00:00,1.394700050354004
2026-08-13 12:30:00+00:00,1.3941600322723389
2026-08-13 12:45:00+00:00,1.3931200504302979
2026-08-13 13:00:00+00:00,1.393090009689331
2026-08-13 13:15:00+00:00,1.393630027770996
2026-08-13 13:30:00+00:00,1.3939499855041504
2026-08-13 13:45:00+00:00,1.395259976387024
2026-08-13 14:00:00+00:00,1.3945900201797485
2026-08-13 14:15:00+00:00,1.394219994544983
2026-08-13 14:30:00+00:00,1.3943899869918823
2026-08-13 14:45:00+00:00,1.3943699598312378
2026-08-13 15:00:00+00:00,1.3940500020980835
2026-08-13 15:15:00+00:00,1.394070029258728
2026-08-13 15:30:00+00:00,1.3936899900436401
2026-08-13 15:45:00+00:00,1.3937000036239624
2026-08-13 16:00:00+00:00,1.3935999870300293
2026-08-13 16:15:00+00:00,1.3933199644088745
2026-08-13 16:30:00+00:00,1.3931299448013306
2026-08-13 16:45:00+00:00,1.3931299448013306
2026-08-13 17:00:00+00:00,1.3931599855422974
2026-08-13 17:15:00+00:00,1.3936699628829956
2026-08-13 17:30:00+00:00,1.3931900262832642
2026-08-13 17:45:00+00:00,1.3936100006103516
2026-08-13 18:00:00+00:00,1.3935699462890625
2026-08-13 18:15:00+00:00,1.3935199975967407
2026-08-13 18:30:00+00:00,1.3933000564575195
2026-08-13 18:45:00+00:00,1.393530011177063
2026-08-13 19:00:00+00:00,1.393339991569519
2026-08-13 19:15:00+00:00,1.3931900262832642
2026-08-13 19:30:00+00:00,1.3934299945831299
2026-08-13 19:45:00+00:00,1.3928300142288208
2026-08-13 20:00:00+00:00,1.392799973487854
2026-08-13 20:15:00+00:00,1.3930399417877197
2026-08-13 20:30:00+00:00,1.3933500051498413
2026-08-13 20:45:00+00:00,1.3925000429153442
2026-08-13 21:00:00+00:00,1.392840027809143
2026-08-13 21:15:00+00:00,1.392799973487854
2026-08-13 21:30:00+00:00,1.392799973487854
2026-08-13 21:45:00+00:00,1.392799973487854
2026-08-13 22:00:00+00:00,1.393090009689331
2026-08-13 22:15:00+00:00,1.392699956893921
2026-08-13 22:30:00+00:00,1.3925000429153442
2026-08-13 22:45:00+00:00,1.3929799795150757
2026-08-13 23:00:00+00:00,1.3926000595092773
2026-08-13 23:15:00+00:00,1.3929599523544312
2026-08-13 23:30:00+00:00,1.3928099870681763
2026-08-13 23:45:00+00:00,1.3927099704742432
2026-08-14 00:00:00+00:00,1.3924000263214111
2026-08-14 00:15:00+00:00,1.392259955406189
2026-08-14 00:30:00+00:00,1.3922799825668335
2026-08-14 00:45:00+00:00,1.3920999765396118
2026-08-14 01:00:00+00:00,1.392840027809143
2026-08-14 01:15:00+00:00,1.3925000429153442
2026-08-14 01:30:00+00:00,1.3927899599075317
2026-08-14 01:45:00+00:00,1.392899990081787
2026-08-14 02:00:00+00:00,1.3927099704742432
2026-08-14 02:15:00+00:00,1.3925800323486328
2026-08-14 02:30:00+00:00,1.3922799825668335
2026-08-14 02:45:00+00:00,1.392199993133545
2026-08-14 03:00:00+00:00,1.3924299478530884
2026-08-14 03:15:00+00:00,1.392109990119934
2026-08-14 03:30:00+00:00,1.392240047454834
2026-08-14 03:45:00+00:00,1.391800045967102
2026-08-14 04:00:00+00:00,1.3919700384140015
2026-08-14 04:15:00+00:00,1.3918999433517456
2026-08-14 04:30:00+00:00,1.3919700384140015
2026-08-14 04:45:00+00:00,1.391700029373169
2026-08-14 05:00:00+00:00,1.3911999464035034
2026-08-14 05:15:00+00:00,1.3915599584579468
2026-08-14 05:30:00+00:00,1.3913400173187256
2026-08-14 05:45:00+00:00,1.391160011291504
2026-08-14 06:00:00+00:00,1.3911399841308594
2026-08-14 06:15:00+00:00,1.3910000324249268
2026-08-14 06:30:00+00:00,1.390570044517517
2026-08-14 06:45:00+00:00,1.3899999856948853
2026-08-14 07:00:00+00:00,1.3895200490951538
2026-08-14 07:15:00+00:00,1.3896199464797974
2026-08-14 07:30:00+00:00,1.389240026473999
2026-08-14 07:45:00+00:00,1.3889100551605225
2026-08-14 08:00:00+00:00,1.3885999917984009
2026-08-14 08:15:00+00:00,1.3892099857330322
2026-08-14 08:30:00+00:00,1.3890999555587769
2026-08-14 08:45:00+00:00,1.3889000415802002
2026-08-14 09:00:00+00:00,1.388800024986267
2026-08-14 09:15:00+00:00,1.388700008392334
2026-08-14 09:30:00+00:00,1.3890399932861328
2026-08-14 09:45:00+00:00,1.3888800144195557
2026-08-14 10:00:00+00:00,1.3889100551605225
2026-08-14 10:15:00+00:00,1.3883999586105347
2026-08-14 10:30:00+00:00,1.3888599872589111
2026-08-14 10:45:00+00:00,1.3888499736785889
2026-08-14 11:00:00+00:00,1.3884199857711792
2026-08-14 11:15:00+00:00,1.3883700370788574
2026-08-14 11:30:00+00:00,1.388219952583313
2026-08-14 11:45:00+00:00,1.3878999948501587
2026-08-14 12:00:00+00:00,1.3877500295639038
2026-08-14 12:15:00+00:00,1.3871500492095947
2026-08-14 12:30:00+00:00,1.388159990310669
2026-08-14 12:45:00+00:00,1.3881100416183472
2026-08-14 13:00:00+00:00,1.3879599571228027
2026-08-14 13:15:00+00:00,1.3878400325775146
2026-08-14 13:30:00+00:00,1.3870099782943726
2026-08-14 13:45:00+00:00,1.3868299722671509
2026-08-14 14:00:00+00:00,1.3873000144958496
2026-08-14 14:15:00+00:00,1.3869099617004395
2026-08-14 14:30:00+00:00,1.387369990348816
2026-08-14 14:45:00+00:00,1.3878799676895142
2026-08-14 15:00:00+00:00,1.3876700401306152
2026-08-14 15:15:00+00:00,1.3876899480819702
2026-08-14 15:30:00+00:00,1.3872300386428833
2026-08-14 15:45:00+00:00,1.3873200416564941
2026-08-14 16:00:00+00:00,1.3876099586486816
2026-08-14 16:15:00+00:00,1.3872699737548828
2026-08-14 16:30:00+00:00,1.3869999647140503
2026-08-14 16:45:00+00:00,1.3872599601745605
2026-08-14 17:00:00+00:00,1.3878099918365479
2026-08-14 17:15:00+00:00,1.3875700235366821
2026-08-14 17:30:00+00:00,1.3879400491714478
2026-08-14 17:45:00+00:00,1.3877700567245483
2026-08-14 18:00:00+00:00,1.3878200054168701
2026-08-14 18:15:00+00:00,1.3874900341033936
2026-08-14 18:30:00+00:00,1.387470006942749
2026-08-14 18:45:00+00:00,1.3876399993896484
2026-08-14 19:00:00+00:00,1.3875099420547485
2026-08-14 19:15:00+00:00,1.387369990348816
2026-08-14 19:30:00+00:00,1.3875999450683594
2026-08-14 19:45:00+00:00,1.3876099586486816
2026-08-14 20:00:00+00:00,1.387619972229004
2026-08-14 20:15:00+00:00,1.3873399496078491
2026-08-14 20:30:00+00:00,1.387279987335205
2026-08-14 20:45:00+00:00,1.3870999813079834
2026-08-14 21:00:00+00:00,1.3871999979019165
2026-08-16 23:00:00+00:00,1.3869999647140503
2026-08-16 23:15:00+00:00,1.3872599601745605
2026-08-16 23:30:00+00:00,1.3870999813079834
2026-08-16 23:45:00+00:00,1.387220025062561
2026-08-17 00:00:00+00:00,1.3866100311279297
2026-08-17 00:15:00+00:00,1.3864599466323853
2026-08-17 00:30:00+00:00,1.386620044708252
2026-08-17 00:45:00+00:00,1.3866300582885742
2026-08-17 01:00:00+00:00,1.3869500160217285
2026-08-17 01:15:00+00:00,1.3868900537490845
2026-08-17 01:30:00+00:00,1.3867900371551514
2026-08-17 01:45:00+00:00,1.386620044708252
2026-08-17 02:00:00+00:00,1.3863999843597412
2026-08-17 02:15:00+00:00,1.386489987373352
2026-08-17 02:30:00+00:00,1.3867000341415405
2026-08-17 02:45:00+00:00,1.3868000507354736
2026-08-17 03:00:00+00:00,1.3868000507354736
2026-08-17 03:15:00+00:00,1.38673996925354
2026-08-17 03:30:00+00:00,1.3863999843597412
2026-08-17 03:45:00+00:00,1.386489987373352
2026-08-17 04:00:00+00:00,1.3862500190734863
2026-08-17 04:15:00+00:00,1.386299967765808
2026-08-17 04:30:00+00:00,1.386199951171875
2026-08-17 04:45:00+00:00,1.3864200115203857
2026-08-17 05:00:00+00:00,1.386389970779419
2026-08-17 05:15:00+00:00,1.385699987411499
2026-08-17 05:30:00+00:00,1.3861299753189087
2026-08-17 05:45:00+00:00,1.3860000371932983
2026-08-17 06:00:00+00:00,1.3865000009536743
2026-08-17 06:15:00+00:00,1.3860399723052979
2026-08-17 06:30:00+00:00,1.3860000371932983
2026-08-17 06:45:00+00:00,1.3857899904251099
2026-08-17 07:00:00+00:00,1.385599970817566
2026-08-17 07:15:00+00:00,1.385509967803955
2026-08-17 07:30:00+00:00,1.3849999904632568
2026-08-17 07:45:00+00:00,1.3856799602508545
2026-08-17 08:00:00+00:00,1.3855899572372437
2026-08-17 08:15:00+00:00,1.3852299451828003
2026-08-17 08:30:00+00:00,1.385509967803955
2026-08-17 08:45:00+00:00,1.3857699632644653
2026-08-17 09:00:00+00:00,1.385740041732788
2026-08-17 09:15:00+00:00,1.3855899572372437
2026-08-17 09:30:00+00:00,1.3854600191116333
2026-08-17 09:45:00+00:00,1.3856899738311768
2026-08-17 10:00:00+00:00,1.3856799602508545
2026-08-17 10:15:00+00:00,1.385759949684143
2026-08-17 10:30:00+00:00,1.3857100009918213
2026-08-17 10:45:00+00:00,1.3860499858856201
2026-08-17 11:00:00+00:00,1.385599970817566
2026-08-17 11:15:00+00:00,1.3861299753189087
2026-08-17 11:30:00+00:00,1.3863999843597412
2026-08-17 11:45:00+00:00,1.3861500024795532
2026-08-17 12:00:00+00:00,1.385990023612976
2026-08-17 12:15:00+00:00,1.3857100009918213
2026-08-17 12:30:00+00:00,1.385259985923767
2026-08-17 12:45:00+00:00,1.3851399421691895
2026-08-17 13:00:00+00:00,1.3856600522994995
2026-08-17 13:15:00+00:00,1.385509967803955
2026-08-17 13:30:00+00:00,1.3854299783706665
2026-08-17 13:45:00+00:00,1.3851799964904785
2026-08-17 14:00:00+00:00,1.3847800493240356
2026-08-17 14:15:00+00:00,1.3851499557495117
2026-08-17 14:30:00+00:00,1.3853199481964111
2026-08-17 14:45:00+00:00,1.3867700099945068
2026-08-17 15:00:00+00:00,1.3870199918746948
2026-08-17 15:15:00+00:00,1.3867000341415405
2026-08-17 15:30:00+00:00,1.3872699737548828
2026-08-17 15:45:00+00:00,1.3868399858474731
2026-08-17 16:00:00+00:00,1.3871999979019165
2026-08-17 16:15:00+00:00,1.3865000009536743
2026-08-17 16:30:00+00:00,1.386970043182373
2026-08-17 16:45:00+00:00,1.3868900537490845
2026-08-17 17:00:00+00:00,1.3869600296020508
2026-08-17 17:15:00+00:00,1.386299967765808
2026-08-17 17:30:00+00:00,1.3870500326156616
2026-08-17 17:45:00+00:00,1.3870199918746948
2026-08-17 18:00:00+00:00,1.3869500160217285
2026-08-17 18:15:00+00:00,1.3872900009155273
2026-08-17 18:30:00+00:00,1.3875099420547485
2026-08-17 18:45:00+00:00,1.3876099586486816
2026-08-17 19:00:00+00:00,1.3874200582504272
2026-08-17 19:15:00+00:00,1.3872100114822388
2026-08-17 19:30:00+00:00,1.3871599435806274
2026-08-17 19:45:00+00:00,1.3873399496078491
2026-08-17 20:00:00+00:00,1.3871999979019165
2026-08-17 20:15:00+00:00,1.3874000310897827
2026-08-17 20:30:00+00:00,1.387619972229004
2026-08-17 20:45:00+00:00,1.386970043182373
2026-08-17 21:00:00+00:00,1.3867000341415405
2026-08-17 21:15:00+00:00,1.3871999979019165
2026-08-17 21:30:00+00:00,1.3874499797821045
2026-08-17 21:45:00+00:00,1.3873900175094604
2026-08-17 22:00:00+00:00,1.3869999647140503
2026-08-17 22:15:00+00:00,1.3872400522232056
2026-08-17 22:30:00+00:00,1.387179970741272
2026-08-17 22:45:00+00:00,1.3869999647140503
2026-08-17 23:00:00+00:00,1.3871099948883057
2026-08-17 23:15:00+00:00,1.3867000341415405
2026-08-17 23:30:00+00:00,1.3868999481201172
2026-08-17 23:45:00+00:00,1.3870199918746948
2026-08-18 00:00:00+00:00,1.3868900537490845
2026-08-18 00:15:00+00:00,1.3873100280761719
2026-08-18 00:30:00+00:00,1.3870600461959839
2026-08-18 00:45:00+00:00,1.386989951133728
2026-08-18 01:00:00+00:00,1.3868000507354736
2026-08-18 01:15:00+00:00,1.3871500492095947
2026-08-18 01:30:00+00:00,1.3870199918746948
2026-08-18 01:45:00+00:00,1.3867000341415405
2026-08-18 02:00:00+00:00,1.387120008468628
2026-08-18 02:15:00+00:00,1.386989951133728
2026-08-18 02:30:00+00:00,1.3868099451065063
2026-08-18 02:45:00+00:00,1.386299967765808
2026-08-18 03:00:00+00:00,1.386299967765808
2026-08-18 03:15:00+00:00,1.3863999843597412
2026-08-18 03:30:00+00:00,1.3870600461959839
2026-08-18 03:45:00+00:00,1.3869999647140503
2026-08-18 04:00:00+00:00,1.387619972229004
2026-08-18 04:15:00+00:00,1.3874599933624268
2026-08-18 04:30:00+00:00,1.3874399662017822
2026-08-18 04:45:00+00:00,1.3871999979019165
2026-08-18 05:00:00+00:00,1.3877899646759033
2026-08-18 05:15:00+00:00,1.3876399993896484
2026-08-18 05:30:00+00:00,1.3871999979019165
2026-08-18 05:45:00+00:00,1.3871999979019165
2026-08-18 06:00:00+00:00,1.3867000341415405
2026-08-18 06:15:00+00:00,1.3868900537490845
2026-08-18 06:30:00+00:00,1.3871899843215942
2026-08-18 06:45:00+00:00,1.3871999979019165
2026-08-18 07:00:00+00:00,1.3870999813079834
2026-08-18 07:15:00+00:00,1.3870099782943726
2026-08-18 07:30:00+00:00,1.3866499662399292
2026-08-18 07:45:00+00:00,1.3865300416946411
2026-08-18 08:00:00+00:00,1.3863999843597412
2026-08-18 08:15:00+00:00,1.3869099617004395
2026-08-18 08:30:00+00:00,1.3868199586868286
2026-08-18 08:45:00+00:00,1.3867499828338623
2026-08-18 09:00:00+00:00,1.3865000009536743
2026-08-18 09:15:00+00:00,1.3859000205993652
2026-08-18 09:30:00+00:00,1.386299967765808
2026-08-18 09:45:00+00:00,1.3866599798202515
2026-08-18 10:00:00+00:00,1.3866000175476074
2026-08-18 10:15:00+00:00,1.3867599964141846
2026-08-18 10:30:00+00:00,1.3870699405670166
2026-08-18 10:45:00+00:00,1.3868999481201172
2026-08-18 11:00:00+00:00,1.3874800205230713
2026-08-18 11:15:00+00:00,1.3874800205230713
2026-08-18 11:30:00+00:00,1.3876800537109375
2026-08-18 11:45:00+00:00,1.3874399662017822
2026-08-18 12:00:00+00:00,1.3874499797821045
2026-08-18 12:15:00+00:00,1.3873300552368164
2026-08-18 12:30:00+00:00,1.3871899843215942
2026-08-18 12:45:00+00:00,1.3873800039291382
2026-08-18 13:00:00+00:00,1.3867599964141846
2026-08-18 13:15:00+00:00,1.3869500160217285
2026-08-18 13:30:00+00:00,1.3873100280761719
2026-08-18 13:45:00+00:00,1.38742995262146
2026-08-18 14:00:00+00:00,1.3870999813079834
2026-08-18 14:15:00+00:00,1.3872300386428833
2026-08-18 14:30:00+00:00,1.3876399993896484
2026-08-18 14:45:00+00:00,1.3886200189590454
2026-08-18 15:00:00+00:00,1.389050006866455
2026-08-18 15:15:00+00:00,1.3890899419784546
2026-08-18 15:30:00+00:00,1.3889800310134888
2026-08-18 15:45:00+00:00,1.3890199661254883
2026-08-18 16:00:00+00:00,1.3891299962997437
2026-08-18 16:15:00+00:00,1.3896000385284424
2026-08-18 16:30:00+00:00,1.3895599842071533
2026-08-18 16:45:00+00:00,1.3896900415420532
2026-08-18 17:00:00+00:00,1.3896000385284424
2026-08-18 17:15:00+00:00,1.3901400566101074
2026-08-18 17:30:00+00:00,1.390179991722107
2026-08-18 17:45:00+00:00,1.3903299570083618
2026-08-18 18:00:00+00:00,1.3904000520706177
2026-08-18 18:15:00+00:00,1.3905600309371948
2026-08-18 18:30:00+00:00,1.39096999168396
2026-08-18 18:45:00+00:00,1.3905600309371948
2026-08-18 19:00:00+00:00,1.3897299766540527
2026-08-18 19:15:00+00:00,1.389739990234375
2026-08-18 19:30:00+00:00,1.38919997215271
2026-08-18 19:45:00+00:00,1.3897000551223755
2026-08-18 20:00:00+00:00,1.3897000551223755
2026-08-18 20:15:00+00:00,1.389870047569275
2026-08-18 20:30:00+00:00,1.3896000385284424
2026-08-18 20:45:00+00:00,1.3895299434661865
2026-08-18 21:00:00+00:00,1.38919997215271
2026-08-18 21:15:00+00:00,1.388949990272522
2026-08-18 21:30:00+00:00,1.3892799615859985
2026-08-18 21:45:00+00:00,1.3892099857330322
2026-08-18 22:00:00+00:00,1.3896100521087646
2026-08-18 22:15:00+00:00,1.3895000219345093
2026-08-18 22:30:00+00:00,1.3895000219345093
2026-08-18 22:45:00+00:00,1.3897700309753418
2026-08-18 23:00:00+00:00,1.3897600173950195
2026-08-18 23:15:00+00:00,1.3900799751281738
2026-08-18 23:30:00+00:00,1.3901100158691406
2026-08-18 23:45:00+00:00,1.3898899555206299
2026-08-19 00:00:00+00:00,1.389490008354187
2026-08-19 00:15:00+00:00,1.3895299434661865
2026-08-19 00:30:00+00:00,1.3899099826812744
2026-08-19 00:45:00+00:00,1.3902299404144287
2026-08-19 01:00:00+00:00,1.390570044517517
2026-08-19 01:15:00+00:00,1.390589952468872
2026-08-19 01:30:00+00:00,1.3899199962615967
2026-08-19 01:45:00+00:00,1.3898600339889526
2026-08-19 02:00:00+00:00,1.389490008354187
2026-08-19 02:15:00+00:00,1.3881900310516357
2026-08-19 02:30:00+00:00,1.3876899480819702
2026-08-19 02:45:00+00:00,1.3878099918365479
2026-08-19 03:00:00+00:00,1.3871999979019165
2026-08-19 03:15:00+00:00,1.3875999450683594
2026-08-19 03:30:00+00:00,1.3876999616622925
2026-08-19 03:45:00+00:00,1.3882900476455688
2026-08-19 04:00:00+00:00,1.3878999948501587
2026-08-19 04:15:00+00:00,1.3881200551986694
2026-08-19 04:30:00+00:00,1.3880900144577026
2026-08-19 04:45:00+00:00,1.3880499601364136
2026-08-19 05:00:00+00:00,1.388100028038025
2026-08-19 05:15:00+00:00,1.3875000476837158
2026-08-19 05:30:00+00:00,1.3875999450683594
2026-08-19 05:45:00+00:00,1.3880200386047363
2026-08-19 06:00:00+00:00,1.3879200220108032
2026-08-19 06:15:00+00:00,1.3875900506973267
2026-08-19 06:30:00+00:00,1.3877899646759033
2026-08-19 06:45:00+00:00,1.387869954109192
2026-08-19 07:00:00+00:00,1.3876999616622925
2026-08-19 07:15:00+00:00,1.3877400159835815
2026-08-19 07:30:00+00:00,1.3876299858093262
2026-08-19 07:45:00+00:00,1.3874900341033936
2026-08-19 08:00:00+00:00,1.3872900009155273
2026-08-19 08:15:00+00:00,1.3879799842834473
2026-08-19 08:30:00+00:00,1.3875999450683594
2026-08-19 08:45:00+00:00,1.3874000310897827
2026-08-19 09:00:00+00:00,1.3872400522232056
2026-08-19 09:15:00+00:00,1.3873100280761719
2026-08-19 09:30:00+00:00,1.3870999813079834
2026-08-19 09:45:00+00:00,1.3871300220489502
2026-08-19 10:00:00+00:00,1.3866900205612183
2026-08-19 10:15:00+00:00,1.3867000341415405
2026-08-19 10:30:00+00:00,1.3865300416946411
2026-08-19 10:45:00+00:00,1.3870099782943726
2026-08-19 11:00:00+00:00,1.3870899677276611
2026-08-19 11:15:00+00:00,1.3871999979019165
2026-08-19 11:30:00+00:00,1.3873000144958496
2026-08-19 11:45:00+00:00,1.3868999481201172
2026-08-19 12:00:00+00:00,1.3870400190353394
2026-08-19 12:15:00+00:00,1.3870699405670166
2026-08-19 12:30:00+00:00,1.3862700462341309
2026-08-19 12:45:00+00:00,1.3860599994659424
2026-08-19 13:00:00+00:00,1.3839399814605713
2026-08-19 13:15:00+00:00,1.383470058441162
2026-08-19 13:30:00+00:00,1.3825199604034424
2026-08-19 13:45:00+00:00,1.382140040397644
2026-08-19 14:00:00+00:00,1.38086998462677
2026-08-19 14:15:00+00:00,1.380769968032837
2026-08-19 14:30:00+00:00,1.3807499408721924
2026-08-19 14:45:00+00:00,1.3813400268554688
2026-08-19 15:00:00+00:00,1.381659984588623
2026-08-19 15:15:00+00:00,1.3819400072097778
2026-08-19 15:30:00+00:00,1.381500005722046
2026-08-19 15:45:00+00:00,1.382140040397644
2026-08-19 16:00:00+00:00,1.3812999725341797
2026-08-19 16:15:00+00:00,1.3815100193023682
2026-08-19 16:30:00+00:00,1.3811099529266357
2026-08-19 16:45:00+00:00,1.3812299966812134
2026-08-19 17:00:00+00:00,1.3815900087356567
2026-08-19 17:15:00+00:00,1.381500005722046
2026-08-19 17:30:00+00:00,1.3819999694824219
2026-08-19 17:45:00+00:00,1.3823299407958984
2026-08-19 18:00:00+00:00,1.3812700510025024
2026-08-19 18:15:00+00:00,1.3818199634552002
2026-08-19 18:30:00+00:00,1.3812700510025024
2026-08-19 18:45:00+00:00,1.3810399770736694
2026-08-19 19:00:00+00:00,1.3811899423599243
2026-08-19 19:15:00+00:00,1.3812600374221802
2026-08-19 19:30:00+00:00,1.3812600374221802
2026-08-19 19:45:00+00:00,1.3808000087738037
2026-08-19 20:00:00+00:00,1.3812099695205688
2026-08-19 20:15:00+00:00,1.3808000087738037
2026-08-19 20:30:00+00:00,1.3809000253677368
2026-08-19 20:45:00+00:00,1.3804700374603271
2026-08-19 21:00:00+00:00,1.3805299997329712
2026-08-19 21:15:00+00:00,1.380270004272461
2026-08-19 21:30:00+00:00,1.3804800510406494
2026-08-19 21:45:00+00:00,1.3804899454116821
2026-08-19 22:00:00+00:00,1.3807300329208374
2026-08-19 22:15:00+00:00,1.3807499408721924
2026-08-19 22:30:00+00:00,1.3804999589920044
2026-08-19 22:45:00+00:00,1.3806999921798706
2026-08-19 23:00:00+00:00,1.3806300163269043
2026-08-19 23:15:00+00:00,1.3809200525283813
2026-08-19 23:30:00+00:00,1.3809499740600586
2026-08-19 23:45:00+00:00,1.38100004196167
2026-08-20 00:00:00+00:00,1.3806099891662598
2026-08-20 00:15:00+00:00,1.3806999921798706
2026-08-20 00:30:00+00:00,1.380679965019226
2026-08-20 00:45:00+00:00,1.3809700012207031
2026-08-20 01:00:00+00:00,1.3808200359344482
2026-08-20 01:15:00+00:00,1.3801599740982056
2026-08-20 01:30:00+00:00,1.380370020866394
2026-08-20 01:45:00+00:00,1.3801599740982056
2026-08-20 02:00:00+00:00,1.3803000450134277
2026-08-20 02:15:00+00:00,1.3806099891662598
2026-08-20 02:30:00+00:00,1.3806999921798706
2026-08-20 02:45:00+00:00,1.3807799816131592
2026-08-20 03:00:00+00:00,1.3804700374603271
2026-08-20 03:15:00+00:00,1.3803999423980713
2026-08-20 03:30:00+00:00,1.3799699544906616
2026-08-20 03:45:00+00:00,1.379870057106018
2026-08-20 04:00:00+00:00,1.3794100284576416
2026-08-20 04:15:00+00:00,1.3797099590301514
2026-08-20 04:30:00+00:00,1.380020022392273
2026-08-20 04:45:00+00:00,1.3798999786376953
2026-08-20 05:00:00+00:00,1.3801499605178833
2026-08-20 05:15:00+00:00,1.3803199529647827
2026-08-20 05:30:00+00:00,1.3801599740982056
2026-08-20 05:45:00+00:00,1.3796800374984741
2026-08-20 06:00:00+00:00,1.3794300556182861
2026-08-20 06:15:00+00:00,1.3794900178909302
2026-08-20 06:30:00+00:00,1.3795100450515747
2026-08-20 06:45:00+00:00,1.3787000179290771
2026-08-20 07:00:00+00:00,1.3790199756622314
2026-08-20 07:15:00+00:00,1.3787200450897217
2026-08-20 07:30:00+00:00,1.378290057182312
2026-08-20 07:45:00+00:00,1.3780499696731567
2026-08-20 08:00:00+00:00,1.3775500059127808
2026-08-20 08:15:00+00:00,1.3772900104522705
2026-08-20 08:30:00+00:00,1.377269983291626
2026-08-20 08:45:00+00:00,1.3770300149917603
2026-08-20 09:00:00+00:00,1.3767399787902832
2026-08-20 09:15:00+00:00,1.3765900135040283
2026-08-20 09:30:00+00:00,1.377020001411438
2026-08-20 09:45:00+00:00,1.3764100074768066
2026-08-20 10:00:00+00:00,1.3760299682617188
2026-08-20 10:15:00+00:00,1.375100016593933
2026-08-20 10:30:00+00:00,1.3767000436782837
2026-08-20 10:45:00+00:00,1.3768099546432495
2026-08-20 11:00:00+00:00,1.3766599893569946
2026-08-20 11:15:00+00:00,1.3766200542449951
2026-08-20 11:30:00+00:00,1.3763999938964844
2026-08-20 11:45:00+00:00,1.3767000436782837
2026-08-20 12:00:00+00:00,1.376889944076538
2026-08-20 12:15:00+00:00,1.3774000406265259
2026-08-20 12:30:00+00:00,1.37785005569458
2026-08-20 12:45:00+00:00,1.377810001373291
2026-08-20 13:00:00+00:00,1.3767000436782837
2026-08-20 13:15:00+00:00,1.377079963684082
2026-08-20 13:30:00+00:00,1.3774900436401367
2026-08-20 13:45:00+00:00,1.378250002861023
2026-08-20 14:00:00+00:00,1.3785899877548218
2026-08-20 14:15:00+00:00,1.3786300420761108
2026-08-20 14:30:00+00:00,1.3782999515533447
2026-08-20 14:45:00+00:00,1.378190040588379
2026-08-20 15:00:00+00:00,1.377500057220459
2026-08-20 15:15:00+00:00,1.3773900270462036
2026-08-20 15:30:00+00:00,1.3788800239562988
2026-08-20 15:45:00+00:00,1.3781499862670898
2026-08-20 16:00:00+00:00,1.3782000541687012
2026-08-20 16:15:00+00:00,1.378890037536621
2026-08-20 16:30:00+00:00,1.379330039024353
2026-08-20 16:45:00+00:00,1.37909996509552
2026-08-20 17:00:00+00:00,1.3792200088500977
2026-08-20 17:15:00+00:00,1.3788599967956543
2026-08-20 17:30:00+00:00,1.378890037536621
2026-08-20 17:45:00+00:00,1.3787599802017212
2026-08-20 18:00:00+00:00,1.379140019416809
2026-08-20 18:15:00+00:00,1.3790099620819092
2026-08-20 18:30:00+00:00,1.3787000179290771
2026-08-20 18:45:00+00:00,1.3789900541305542
2026-08-20 19:00:00+00:00,1.3791500329971313
2026-08-20 19:15:00+00:00,1.3787000179290771
2026-08-20 19:30:00+00:00,1.378999948501587
2026-08-20 19:45:00+00:00,1.3794599771499634
2026-08-20 20:00:00+00:00,1.379080057144165
2026-08-20 20:15:00+00:00,1.3788000345230103
2026-08-20 20:30:00+00:00,1.378790020942688
2026-08-20 20:45:00+00:00,1.3787100315093994
2026-08-20 21:00:00+00:00,1.3783700466156006
2026-08-20 21:15:00+00:00,1.3782600164413452
2026-08-20 21:30:00+00:00,1.3784799575805664
2026-08-20 21:45:00+00:00,1.3783999681472778
2026-08-20 22:00:00+00:00,1.3785200119018555
2026-08-20 22:15:00+00:00,1.3784300088882446
2026-08-20 22:30:00+00:00,1.3785099983215332
2026-08-20 22:45:00+00:00,1.3782000541687012
2026-08-20 23:00:00+00:00,1.3780900239944458
2026-08-20 23:15:00+00:00,1.3781700134277344
2026-08-20 23:30:00+00:00,1.3782000541687012
2026-08-20 23:45:00+00:00,1.3781499862670898
2026-08-21 00:00:00+00:00,1.3777899742126465
2026-08-21 00:15:00+00:00,1.3778200149536133
2026-08-21 00:30:00+00:00,1.377810001373291
2026-08-21 00:45:00+00:00,1.377500057220459
2026-08-21 01:00:00+00:00,1.3778400421142578
2026-08-21 01:15:00+00:00,1.3773599863052368
2026-08-21 01:30:00+00:00,1.3774100542068481
2026-08-21 01:45:00+00:00,1.3772000074386597
2026-08-21 02:00:00+00:00,1.3767999410629272
2026-08-21 02:15:00+00:00,1.3767600059509277
2026-08-21 02:30:00+00:00,1.3765000104904175
2026-08-21 02:45:00+00:00,1.3760000467300415
2026-08-21 03:00:00+00:00,1.3761999607086182
2026-08-21 03:15:00+00:00,1.3763999938964844
2026-08-21 03:30:00+00:00,1.3765000104904175
2026-08-21 03:45:00+00:00,1.3764599561691284
2026-08-21 04:00:00+00:00,1.3764100074768066
2026-08-21 04:15:00+00:00,1.3764400482177734
2026-08-21 04:30:00+00:00,1.3760000467300415
2026-08-21 04:45:00+00:00,1.3765900135040283
2026-08-21 05:00:00+00:00,1.376670002937317
2026-08-21 05:15:00+00:00,1.3765300512313843
2026-08-21 05:30:00+00:00,1.376039981842041
2026-08-21 05:45:00+00:00,1.3759499788284302
2026-08-21 06:00:00+00:00,1.3763600587844849
2026-08-21 06:15:00+00:00,1.3765000104904175
2026-08-21 06:30:00+00:00,1.3761999607086182
2026-08-21 06:45:00+00:00,1.3760099411010742
2026-08-21 07:00:00+00:00,1.3765300512313843
2026-08-21 07:15:00+00:00,1.3763099908828735
2026-08-21 07:30:00+00:00,1.3762999773025513
2026-08-21 07:45:00+00:00,1.3758599758148193
2026-08-21 08:00:00+00:00,1.3754199743270874
2026-08-21 08:15:00+00:00,1.375349998474121
2026-08-21 08:30:00+00:00,1.3746000528335571
2026-08-21 08:45:00+00:00,1.3746600151062012
2026-08-21 09:00:00+00:00,1.3746099472045898
2026-08-21 09:15:00+00:00,1.375040054321289
2026-08-21 09:30:00+00:00,1.3749099969863892
2026-08-21 09:45:00+00:00,1.3749500513076782
2026-08-21 10:00:00+00:00,1.3742799758911133
2026-08-21 10:15:00+00:00,1.3739299774169922
2026-08-21 10:30:00+00:00,1.3735599517822266
2026-08-21 10:45:00+00:00,1.3741199970245361
2026-08-21 11:00:00+00:00,1.3733999729156494
2026-08-21 11:15:00+00:00,1.3738900423049927
2026-08-21 11:30:00+00:00,1.3738199472427368
2026-08-21 11:45:00+00:00,1.3737800121307373
2026-08-21 12:00:00+00:00,1.374079942703247
2026-08-21 12:15:00+00:00,1.3740099668502808
2026-08-21 12:30:00+00:00,1.3745499849319458
2026-08-21 12:45:00+00:00,1.3745399713516235
2026-08-21 13:00:00+00:00,1.3749500513076782
2026-08-21 13:15:00+00:00,1.374400019645691
2026-08-21 13:30:00+00:00,1.3747899532318115
2026-08-21 13:45:00+00:00,1.374940037727356
2026-08-21 14:00:00+00:00,1.3756099939346313
2026-08-21 14:15:00+00:00,1.3761999607086182
2026-08-21 14:30:00+00:00,1.377619981765747
2026-08-21 14:45:00+00:00,1.3772799968719482
2026-08-21 15:00:00+00:00,1.377079963684082
2026-08-21 15:15:00+00:00,1.3769500255584717
2026-08-21 15:30:00+00:00,1.376670002937317
2026-08-21 15:45:00+00:00,1.3765699863433838
2026-08-21 16:00:00+00:00,1.376670002937317
2026-08-21 16:15:00+00:00,1.3765000104904175
2026-08-21 16:30:00+00:00,1.3766499757766724
2026-08-21 16:45:00+00:00,1.376520037651062
2026-08-21 17:00:00+00:00,1.376579999923706
2026-08-21 17:15:00+00:00,1.375939965248108
2026-08-21 17:30:00+00:00,1.375920057296753
2026-08-21 17:45:00+00:00,1.3761800527572632
2026-08-21 18:00:00+00:00,1.376230001449585
2026-08-21 18:15:00+00:00,1.375599980354309
2026-08-21 18:30:00+00:00,1.3762799501419067
2026-08-21 18:45:00+00:00,1.3761199712753296
2026-08-21 19:00:00+00:00,1.376420021057129
2026-08-21 19:15:00+00:00,1.3767399787902832
2026-08-21 19:30:00+00:00,1.3766000270843506
2026-08-21 19:45:00+00:00,1.376870036125183
2026-08-21 20:00:00+00:00,1.3766000270843506
2026-08-21 20:15:00+00:00,1.3765000104904175
2026-08-21 20:30:00+00:00,1.3764899969100952
2026-08-21 20:45:00+00:00,1.375920057296753
2026-08-21 21:00:00+00:00,1.3763999938964844
2026-08-21 21:15:00+00:00,1.3762999773025513
2026-08-23 23:00:00+00:00,1.37923002243042
2026-08-23 23:15:00+00:00,1.37909996509552
2026-08-23 23:30:00+00:00,1.3797399997711182
2026-08-23 23:45:00+00:00,1.378999948501587
2026-08-24 00:00:00+00:00,1.3786100149154663
2026-08-24 00:15:00+00:00,1.3785799741744995
2026-08-24 00:30:00+00:00,1.3787000179290771
2026-08-24 00:45:00+00:00,1.378749966621399
2026-08-24 01:00:00+00:00,1.379580020904541
2026-08-24 01:15:00+00:00,1.3794000148773193
2026-08-24 01:30:00+00:00,1.3796299695968628
2026-08-24 01:45:00+00:00,1.3793100118637085
2026-08-24 02:00:00+00:00,1.3788000345230103
2026-08-24 02:15:00+00:00,1.379040002822876
2026-08-24 02:30:00+00:00,1.3791999816894531
2026-08-24 02:45:00+00:00,1.3792200088500977
2026-08-24 03:00:00+00:00,1.3791799545288086
2026-08-24 03:15:00+00:00,1.3791799545288086
2026-08-24 03:30:00+00:00,1.379140019416809
2026-08-24 03:45:00+00:00,1.3791199922561646
2026-08-24 04:00:00+00:00,1.3796299695968628
2026-08-24 04:15:00+00:00,1.3793200254440308
2026-08-24 04:30:00+00:00,1.3793400526046753
2026-08-24 04:45:00+00:00,1.3794499635696411
2026-08-24 05:00:00+00:00,1.3795299530029297
2026-08-24 05:15:00+00:00,1.3798199892044067
2026-08-24 05:30:00+00:00,1.3799400329589844
2026-08-24 05:45:00+00:00,1.3797600269317627
2026-08-24 06:00:00+00:00,1.3813400268554688
2026-08-24 06:15:00+00:00,1.3816900253295898
2026-08-24 06:30:00+00:00,1.3818800449371338
2026-08-24 06:45:00+00:00,1.3819999694824219
2026-08-24 07:00:00+00:00,1.3827400207519531
2026-08-24 07:15:00+00:00,1.3826700448989868
2026-08-24 07:30:00+00:00,1.3833400011062622
2026-08-24 07:45:00+00:00,1.3836699724197388
2026-08-24 08:00:00+00:00,1.3837800025939941
2026-08-24 08:15:00+00:00,1.3841899633407593
2026-08-24 08:30:00+00:00,1.384179949760437
2026-08-24 08:45:00+00:00,1.3842600584030151
2026-08-24 09:00:00+00:00,1.3839600086212158
2026-08-24 09:15:00+00:00,1.3836599588394165
2026-08-24 09:30:00+00:00,1.3832999467849731
2026-08-24 09:45:00+00:00,1.3833099603652954
2026-08-24 10:00:00+00:00,1.3830100297927856
2026-08-24 10:15:00+00:00,1.3830900192260742
2026-08-24 10:30:00+00:00,1.3837699890136719
2026-08-24 10:45:00+00:00,1.3840099573135376
2026-08-24 11:00:00+00:00,1.3844499588012695
2026-08-24 11:15:00+00:00,1.3841099739074707
2026-08-24 11:30:00+00:00,1.3844799995422363
2026-08-24 11:45:00+00:00,1.3845800161361694
2026-08-24 12:00:00+00:00,1.3849300146102905
2026-08-24 12:15:00+00:00,1.3837699890136719
2026-08-24 12:30:00+00:00,1.3835500478744507
2026-08-24 12:45:00+00:00,1.3835200071334839
2026-08-24 13:00:00+00:00,1.3827099800109863
2026-08-24 13:15:00+00:00,1.3829200267791748
2026-08-24 13:30:00+00:00,1.3835200071334839
2026-08-24 13:45:00+00:00,1.3827099800109863
2026-08-24 14:00:00+00:00,1.3829200267791748
2026-08-24 14:15:00+00:00,1.3826099634170532
2026-08-24 14:30:00+00:00,1.3830900192260742
2026-08-24 14:45:00+00:00,1.3839800357818604
2026-08-24 15:00:00+00:00,1.3834099769592285
2026-08-24 15:15:00+00:00,1.3831700086593628
2026-08-24 15:30:00+00:00,1.3836699724197388
2026-08-24 15:45:00+00:00,1.3840999603271484
2026-08-24 16:00:00+00:00,1.3840099573135376
2026-08-24 16:15:00+00:00,1.384310007095337
2026-08-24 16:30:00+00:00,1.3838000297546387
2026-08-24 16:45:00+00:00,1.3847999572753906
2026-08-24 17:00:00+00:00,1.3852200508117676
2026-08-24 17:15:00+00:00,1.3858799934387207
2026-08-24 17:30:00+00:00,1.3856899738311768
2026-08-24 17:45:00+00:00,1.3856799602508545
2026-08-24 18:00:00+00:00,1.3857100009918213
2026-08-24 18:15:00+00:00,1.3850300312042236
2026-08-24 18:30:00+00:00,1.3851499557495117
2026-08-24 18:45:00+00:00,1.3849600553512573
2026-08-24 19:00:00+00:00,1.3848999738693237
2026-08-24 19:15:00+00:00,1.3849899768829346
2026-08-24 19:30:00+00:00,1.384619951248169
2026-08-24 19:45:00+00:00,1.3845000267028809
2026-08-24 20:00:00+00:00,1.384559988975525
2026-08-24 20:15:00+00:00,1.384600043296814
2026-08-24 20:30:00+00:00,1.3846399784088135
2026-08-24 20:45:00+00:00,1.3840800523757935
2026-08-24 21:00:00+00:00,1.3839000463485718
2026-08-24 21:15:00+00:00,1.3840899467468262
2026-08-24 21:30:00+00:00,1.3840299844741821
2026-08-24 21:45:00+00:00,1.3835999965667725
2026-08-24 22:00:00+00:00,1.3844200372695923
2026-08-24 22:15:00+00:00,1.384220004081726
2026-08-24 22:30:00+00:00,1.3842999935150146
2026-08-24 22:45:00+00:00,1.3842699527740479
2026-08-24 23:00:00+00:00,1.3839999437332153
2026-08-24 23:15:00+00:00,1.3844399452209473
2026-08-24 23:30:00+00:00,1.3842400312423706
2026-08-24 23:45:00+00:00,1.3839000463485718
2026-08-25 00:00:00+00:00,1.3842799663543701
2026-08-25 00:15:00+00:00,1.3843899965286255
2026-08-25 00:30:00+00:00,1.3843799829483032
2026-08-25 00:45:00+00:00,1.3845399618148804
2026-08-25 01:00:00+00:00,1.3845700025558472
2026-08-25 01:15:00+00:00,1.3845000267028809
2026-08-25 01:30:00+00:00,1.3850799798965454
2026-08-25 01:45:00+00:00,1.3852699995040894
2026-08-25 02:00:00+00:00,1.3852699995040894
2026-08-25 02:15:00+00:00,1.385010004043579
2026-08-25 02:30:00+00:00,1.385010004043579
2026-08-25 02:45:00+00:00,1.3851499557495117
2026-08-25 03:00:00+00:00,1.3851200342178345
2026-08-25 03:15:00+00:00,1.3853299617767334
2026-08-25 03:30:00+00:00,1.3853000402450562
2026-08-25 03:45:00+00:00,1.3853299617767334
2026-08-25 04:00:00+00:00,1.3855199813842773
2026-08-25 04:15:00+00:00,1.385599970817566
2026-08-25 04:30:00+00:00,1.3858699798583984
2026-08-25 04:45:00+00:00,1.3859000205993652
2026-08-25 05:00:00+00:00,1.385599970817566
2026-08-25 05:15:00+00:00,1.3859699964523315
2026-08-25 05:30:00+00:00,1.3859399557113647
2026-08-25 05:45:00+00:00,1.3859800100326538
2026-08-25 06:00:00+00:00,1.3858200311660767
2026-08-25 06:15:00+00:00,1.3857699632644653
2026-08-25 06:30:00+00:00,1.3859800100326538
2026-08-25 06:45:00+00:00,1.3865000009536743
2026-08-25 07:00:00+00:00,1.3859100341796875
2026-08-25 07:15:00+00:00,1.386139988899231
2026-08-25 07:30:00+00:00,1.386199951171875
2026-08-25 07:45:00+00:00,1.3860399723052979
2026-08-25 08:00:00+00:00,1.3859599828720093
2026-08-25 08:15:00+00:00,1.385599970817566
2026-08-25 08:30:00+00:00,1.3860700130462646
2026-08-25 08:45:00+00:00,1.3860299587249756
2026-08-25 09:00:00+00:00,1.385450005531311
2026-08-25 09:15:00+00:00,1.3854999542236328
2026-08-25 09:30:00+00:00,1.3854700326919556
2026-08-25 09:45:00+00:00,1.385450005531311
2026-08-25 10:00:00+00:00,1.3860199451446533
2026-08-25 10:15:00+00:00,1.3863099813461304
2026-08-25 10:30:00+00:00,1.3856099843978882
2026-08-25 10:45:00+00:00,1.3858699798583984
2026-08-25 11:00:00+00:00,1.3854999542236328
2026-08-25 11:15:00+00:00,1.3856199979782104
2026-08-25 11:30:00+00:00,1.3854299783706665
2026-08-25 11:45:00+00:00,1.385699987411499
2026-08-25 12:00:00+00:00,1.3855899572372437
2026-08-25 12:15:00+00:00,1.3861600160598755
2026-08-25 12:30:00+00:00,1.3855600357055664
2026-08-25 12:45:00+00:00,1.38510000705719
2026-08-25 13:00:00+00:00,1.3846900463104248
2026-08-25 13:15:00+00:00,1.3846399784088135
2026-08-25 13:30:00+00:00,1.3846100568771362
2026-08-25 13:45:00+00:00,1.3833400011062622
2026-08-25 14:00:00+00:00,1.383180022239685
2026-08-25 14:15:00+00:00,1.3835099935531616
2026-08-25 14:30:00+00:00,1.382699966430664
2026-08-25 14:45:00+00:00,1.3834500312805176
2026-08-25 15:00:00+00:00,1.3841300010681152
2026-08-25 15:15:00+00:00,1.384160041809082
2026-08-25 15:30:00+00:00,1.3838200569152832
2026-08-25 15:45:00+00:00,1.383430004119873
2026-08-25 16:00:00+00:00,1.3834600448608398
2026-08-25 16:15:00+00:00,1.3839199542999268
2026-08-25 16:30:00+00:00,1.3839999437332153
2026-08-25 16:45:00+00:00,1.3838599920272827
2026-08-25 17:00:00+00:00,1.3838000297546387
2026-08-25 17:15:00+00:00,1.3835300207138062
2026-08-25 17:30:00+00:00,1.383489966392517
2026-08-25 17:45:00+00:00,1.3833800554275513
2026-08-25 18:00:00+00:00,1.3832800388336182
2026-08-25 18:15:00+00:00,1.3830699920654297
2026-08-25 18:30:00+00:00,1.383180022239685
2026-08-25 18:45:00+00:00,1.3829200267791748
2026-08-25 19:00:00+00:00,1.3823000192642212
2026-08-25 19:15:00+00:00,1.3828200101852417
2026-08-25 19:30:00+00:00,1.3830100297927856
2026-08-25 19:45:00+00:00,1.382699966430664
2026-08-25 20:00:00+00:00,1.3832000494003296
2026-08-25 20:15:00+00:00,1.3833500146865845
2026-08-25 20:30:00+00:00,1.3834999799728394
2026-08-25 20:45:00+00:00,1.3836400508880615
2026-08-25 21:00:00+00:00,1.3834999799728394
2026-08-25 21:15:00+00:00,1.3837300539016724
2026-08-25 21:30:00+00:00,1.3833500146865845
2026-08-25 21:45:00+00:00,1.3833600282669067
2026-08-25 22:00:00+00:00,1.3833999633789062
2026-08-25 22:15:00+00:00,1.3837699890136719
2026-08-25 22:30:00+00:00,1.3830000162124634
2026-08-25 22:45:00+00:00,1.383389949798584
2026-08-25 23:00:00+00:00,1.3831000328063965
2026-08-25 23:15:00+00:00,1.3837499618530273
2026-08-25 23:30:00+00:00,1.3837499618530273
2026-08-25 23:45:00+00:00,1.38372004032135
2026-08-26 00:00:00+00:00,1.3838499784469604
2026-08-26 00:15:00+00:00,1.383929967880249
2026-08-26 00:30:00+00:00,1.3837000131607056
2026-08-26 00:45:00+00:00,1.3842400312423706
2026-08-26 01:00:00+00:00,1.3845000267028809
2026-08-26 01:15:00+00:00,1.384719967842102
2026-08-26 01:30:00+00:00,1.3846700191497803
2026-08-26 01:45:00+00:00,1.3844900131225586
2026-08-26 02:00:00+00:00,1.384660005569458
2026-08-26 02:15:00+00:00,1.3853000402450562
2026-08-26 02:30:00+00:00,1.3851699829101562
2026-08-26 02:45:00+00:00,1.3854600191116333
2026-08-26 03:00:00+00:00,1.3857899904251099
2026-08-26 03:15:00+00:00,1.3858400583267212
2026-08-26 03:30:00+00:00,1.3856699466705322
2026-08-26 03:45:00+00:00,1.3854000568389893
2026-08-26 04:00:00+00:00,1.3860199451446533
2026-08-26 04:15:00+00:00,1.3861500024795532
2026-08-26 04:30:00+00:00,1.386299967765808
2026-08-26 04:45:00+00:00,1.3861000537872314
2026-08-26 05:00:00+00:00,1.386579990386963
2026-08-26 05:15:00+00:00,1.3862299919128418
2026-08-26 05:30:00+00:00,1.3860199451446533
2026-08-26 05:45:00+00:00,1.3861000537872314
2026-08-26 06:00:00+00:00,1.386139988899231
2026-08-26 06:15:00+00:00,1.385949969291687
2026-08-26 06:30:00+00:00,1.3863400220870972
2026-08-26 06:45:00+00:00,1.386240005493164
2026-08-26 07:00:00+00:00,1.3862700462341309
2026-08-26 07:15:00+00:00,1.3861199617385864
2026-08-26 07:30:00+00:00,1.3859200477600098
2026-08-26 07:45:00+00:00,1.3862799406051636
2026-08-26 08:00:00+00:00,1.3858599662780762
2026-08-26 08:15:00+00:00,1.3858000040054321
2026-08-26 08:30:00+00:00,1.3861000537872314
2026-08-26 08:45:00+00:00,1.3865599632263184
2026-08-26 09:00:00+00:00,1.3869199752807617
2026-08-26 09:15:00+00:00,1.3865000009536743
2026-08-26 09:30:00+00:00,1.3866000175476074
2026-08-26 09:45:00+00:00,1.386680006980896
2026-08-26 10:00:00+00:00,1.3866499662399292
2026-08-26 10:15:00+00:00,1.3868199586868286
2026-08-26 10:30:00+00:00,1.3868499994277954
2026-08-26 10:45:00+00:00,1.3868900537490845
2026-08-26 11:00:00+00:00,1.3869400024414062
2026-08-26 11:15:00+00:00,1.3868000507354736
2026-08-26 11:30:00+00:00,1.3865300416946411
2026-08-26 11:45:00+00:00,1.386199951171875
2026-08-26 12:00:00+00:00,1.3861199617385864
2026-08-26 12:15:00+00:00,1.3857699632644653
2026-08-26 12:30:00+00:00,1.3863999843597412
2026-08-26 12:45:00+00:00,1.3871699571609497
2026-08-26 13:00:00+00:00,1.3870999813079834
2026-08-26 13:15:00+00:00,1.3871500492095947
2026-08-26 13:30:00+00:00,1.3868000507354736
2026-08-26 13:45:00+00:00,1.386929988861084
2026-08-26 14:00:00+00:00,1.3873599767684937
2026-08-26 14:15:00+00:00,1.388659954071045
2026-08-26 14:30:00+00:00,1.3882800340652466
2026-08-26 14:45:00+00:00,1.388800024986267
2026-08-26 15:00:00+00:00,1.3887900114059448
2026-08-26 15:15:00+00:00,1.388569951057434
2026-08-26 15:30:00+00:00,1.3880000114440918
2026-08-26 15:45:00+00:00,1.3876899480819702
2026-08-26 16:00:00+00:00,1.3871999979019165
2026-08-26 16:15:00+00:00,1.3871599435806274
2026-08-26 16:30:00+00:00,1.387470006942749
2026-08-26 16:45:00+00:00,1.3877400159835815
2026-08-26 17:00:00+00:00,1.387660026550293
2026-08-26 17:15:00+00:00,1.387220025062561
2026-08-26 17:30:00+00:00,1.3869999647140503
2026-08-26 17:45:00+00:00,1.3874399662017822
2026-08-26 18:00:00+00:00,1.3871599435806274
2026-08-26 18:15:00+00:00,1.3876099586486816
2026-08-26 18:30:00+00:00,1.3877999782562256
2026-08-26 18:45:00+00:00,1.3877999782562256
2026-08-26 19:00:00+00:00,1.3875900506973267
2026-08-26 19:15:00+00:00,1.387619972229004
2026-08-26 19:30:00+00:00,1.3877300024032593
2026-08-26 19:45:00+00:00,1.3877099752426147
2026-08-26 20:00:00+00:00,1.3879200220108032
2026-08-26 20:15:00+00:00,1.3878300189971924
2026-08-26 20:30:00+00:00,1.3874499797821045
2026-08-26 20:45:00+00:00,1.387369990348816
2026-08-26 21:00:00+00:00,1.3873000144958496
2026-08-26 21:15:00+00:00,1.3873000144958496
2026-08-26 21:30:00+00:00,1.3872100114822388
2026-08-26 21:45:00+00:00,1.3872900009155273
2026-08-26 22:00:00+00:00,1.3874000310897827
2026-08-26 22:15:00+00:00,1.3875499963760376
2026-08-26 22:30:00+00:00,1.3875099420547485
2026-08-26 22:45:00+00:00,1.3875800371170044
2026-08-26 23:00:00+00:00,1.3871999979019165
2026-08-26 23:15:00+00:00,1.3877700567245483
2026-08-26 23:30:00+00:00,1.387470006942749
2026-08-26 23:45:00+00:00,1.387470006942749
2026-08-27 00:00:00+00:00,1.3880200386047363
2026-08-27 00:15:00+00:00,1.387529969215393
2026-08-27 00:30:00+00:00,1.3876899480819702
2026-08-27 00:45:00+00:00,1.3873200416564941
2026-08-27 01:00:00+00:00,1.3877300024032593
2026-08-27 01:15:00+00:00,1.3877999782562256
2026-08-27 01:30:00+00:00,1.3875000476837158
2026-08-27 01:45:00+00:00,1.3878899812698364
2026-08-27 02:00:00+00:00,1.387850046157837
2026-08-27 02:15:00+00:00,1.3880599737167358
2026-08-27 02:30:00+00:00,1.3880000114440918
2026-08-27 02:45:00+00:00,1.3882100582122803
2026-08-27 03:00:00+00:00,1.3880200386047363
2026-08-27 03:15:00+00:00,1.3882499933242798
2026-08-27 03:30:00+00:00,1.3883800506591797
2026-08-27 03:45:00+00:00,1.3883899450302124
2026-08-27 04:00:00+00:00,1.3882700204849243
2026-08-27 04:15:00+00:00,1.3878999948501587
2026-08-27 04:30:00+00:00,1.3880000114440918
2026-08-27 04:45:00+00:00,1.3881700038909912
2026-08-27 05:00:00+00:00,1.3881900310516357
2026-08-27 05:15:00+00:00,1.3881100416183472
2026-08-27 05:30:00+00:00,1.3882999420166016
2026-08-27 05:45:00+00:00,1.3884799480438232
2026-08-27 06:00:00+00:00,1.388100028038025
2026-08-27 06:15:00+00:00,1.3883600234985352
2026-08-27 06:30:00+00:00,1.3886300325393677
2026-08-27 06:45:00+00:00,1.3887499570846558
2026-08-27 07:00:00+00:00,1.3882999420166016
2026-08-27 07:15:00+00:00,1.3890600204467773
2026-08-27 07:30:00+00:00,1.3882800340652466
2026-08-27 07:45:00+00:00,1.3882999420166016
2026-08-27 08:00:00+00:00,1.3878899812698364
2026-08-27 08:15:00+00:00,1.388100028038025
2026-08-27 08:30:00+00:00,1.3881700038909912
2026-08-27 08:45:00+00:00,1.3881299495697021
2026-08-27 09:00:00+00:00,1.3878400325775146
2026-08-27 09:15:00+00:00,1.3880000114440918
2026-08-27 09:30:00+00:00,1.3885999917984009
2026-08-27 09:45:00+00:00,1.3884199857711792
2026-08-27 10:00:00+00:00,1.3881800174713135
2026-08-27 10:15:00+00:00,1.3879300355911255
2026-08-27 10:30:00+00:00,1.3883999586105347
2026-08-27 10:45:00+00:00,1.3883999586105347
2026-08-27 11:00:00+00:00,1.3881900310516357
2026-08-27 11:15:00+00:00,1.387529969215393
2026-08-27 11:30:00+00:00,1.38742995262146
2026-08-27 11:45:00+00:00,1.387179970741272
2026-08-27 12:00:00+00:00,1.3875700235366821
2026-08-27 12:15:00+00:00,1.387030005455017
2026-08-27 12:30:00+00:00,1.3869099617004395
2026-08-27 12:45:00+00:00,1.3872400522232056
2026-08-27 13:00:00+00:00,1.3865000009536743
2026-08-27 13:15:00+00:00,1.3854399919509888
2026-08-27 13:30:00+00:00,1.3865000009536743
2026-08-27 13:45:00+00:00,1.3861299753189087
2026-08-27 14:00:00+00:00,1.3864599466323853
2026-08-27 14:15:00+00:00,1.3861000537872314
2026-08-27 14:30:00+00:00,1.3853800296783447
2026-08-27 14:45:00+00:00,1.3861299753189087
2026-08-27 15:00:00+00:00,1.3861700296401978
2026-08-27 15:15:00+00:00,1.3862600326538086
2026-08-27 15:30:00+00:00,1.3858100175857544
2026-08-27 15:45:00+00:00,1.3855600357055664
2026-08-27 16:00:00+00:00,1.385699987411499
2026-08-27 16:15:00+00:00,1.3857100009918213
2026-08-27 16:30:00+00:00,1.3856600522994995
2026-08-27 16:45:00+00:00,1.3856500387191772
2026-08-27 17:00:00+00:00,1.385949969291687
2026-08-27 17:15:00+00:00,1.385599970817566
2026-08-27 17:30:00+00:00,1.3860399723052979
2026-08-27 17:45:00+00:00,1.3853000402450562
2026-08-27 18:00:00+00:00,1.3857200145721436
2026-08-27 18:15:00+00:00,1.385699987411499
2026-08-27 18:30:00+00:00,1.3853000402450562
2026-08-27 18:45:00+00:00,1.3858000040054321
2026-08-27 19:00:00+00:00,1.3853000402450562
2026-08-27 19:15:00+00:00,1.3856300115585327
2026-08-27 19:30:00+00:00,1.3857699632644653
2026-08-27 19:45:00+00:00,1.385409951210022
2026-08-27 20:00:00+00:00,1.38510000705719
2026-08-27 20:15:00+00:00,1.3854800462722778
2026-08-27 20:30:00+00:00,1.385599970817566
2026-08-27 20:45:00+00:00,1.3851100206375122
2026-08-27 21:00:00+00:00,1.3852699995040894
2026-08-27 21:15:00+00:00,1.3852399587631226
2026-08-27 21:30:00+00:00,1.3849999904632568
2026-08-27 21:45:00+00:00,1.38510000705719
2026-08-27 22:00:00+00:00,1.3849999904632568
2026-08-27 22:15:00+00:00,1.385259985923767
2026-08-27 22:30:00+00:00,1.3852299451828003
2026-08-27 22:45:00+00:00,1.3847999572753906
2026-08-27 23:00:00+00:00,1.3850799798965454
2026-08-27 23:15:00+00:00,1.3852800130844116
2026-08-27 23:30:00+00:00,1.3849999904632568
2026-08-27 23:45:00+00:00,1.3851200342178345
2026-08-28 00:00:00+00:00,1.3850599527359009
2026-08-28 00:15:00+00:00,1.38510000705719
2026-08-28 00:30:00+00:00,1.3846999406814575
2026-08-28 00:45:00+00:00,1.3848700523376465
2026-08-28 01:00:00+00:00,1.3850500583648682
2026-08-28 01:15:00+00:00,1.3852900266647339
2026-08-28 01:30:00+00:00,1.385200023651123
2026-08-28 01:45:00+00:00,1.3854199647903442
2026-08-28 02:00:00+00:00,1.3849999904632568
2026-08-28 02:15:00+00:00,1.3851900100708008
2026-08-28 02:30:00+00:00,1.3850899934768677
2026-08-28 02:45:00+00:00,1.3848999738693237
2026-08-28 03:00:00+00:00,1.3848899602890015
2026-08-28 03:15:00+00:00,1.3848999738693237
2026-08-28 03:30:00+00:00,1.3850699663162231
2026-08-28 03:45:00+00:00,1.3850599527359009
2026-08-28 04:00:00+00:00,1.385159969329834
2026-08-28 04:15:00+00:00,1.385200023651123
2026-08-28 04:30:00+00:00,1.3852499723434448
2026-08-28 04:45:00+00:00,1.385259985923767
2026-08-28 05:00:00+00:00,1.3853700160980225
2026-08-28 05:15:00+00:00,1.385259985923767
2026-08-28 05:30:00+00:00,1.3854600191116333
2026-08-28 05:45:00+00:00,1.3851399421691895
2026-08-28 06:00:00+00:00,1.384950041770935
2026-08-28 06:15:00+00:00,1.384719967842102
2026-08-28 06:30:00+00:00,1.3849799633026123
2026-08-28 06:45:00+00:00,1.3848799467086792
2026-08-28 07:00:00+00:00,1.3852800130844116
2026-08-28 07:15:00+00:00,1.3855199813842773
2026-08-28 07:30:00+00:00,1.3854700326919556
2026-08-28 07:45:00+00:00,1.3853199481964111
2026-08-28 08:00:00+00:00,1.385509967803955
2026-08-28 08:15:00+00:00,1.3853000402450562
2026-08-28 08:30:00+00:00,1.3856500387191772
2026-08-28 08:45:00+00:00,1.3855500221252441
2026-08-28 09:00:00+00:00,1.385599970817566
2026-08-28 09:15:00+00:00,1.3856899738311768
2026-08-28 09:30:00+00:00,1.3853000402450562
2026-08-28 09:45:00+00:00,1.3858000040054321
2026-08-28 10:00:00+00:00,1.3847999572753906
2026-08-28 10:15:00+00:00,1.3851300477981567
2026-08-28 10:30:00+00:00,1.3844000101089478
2026-08-28 10:45:00+00:00,1.3844900131225586
2026-08-28 11:00:00+00:00,1.384559988975525
2026-08-28 11:15:00+00:00,1.3852399587631226
2026-08-28 11:30:00+00:00,1.3848700523376465
2026-08-28 11:45:00+00:00,1.3851200342178345
2026-08-28 12:00:00+00:00,1.3852200508117676
2026-08-28 12:15:00+00:00,1.3853100538253784
2026-08-28 12:30:00+00:00,1.3853800296783447
2026-08-28 12:45:00+00:00,1.3853299617767334
2026-08-28 13:00:00+00:00,1.3850699663162231
2026-08-28 13:15:00+00:00,1.3853399753570557
2026-08-28 13:30:00+00:00,1.3855199813842773
2026-08-28 13:45:00+00:00,1.3861199617385864
2026-08-28 14:00:00+00:00,1.3885799646377563
2026-08-28 14:15:00+00:00,1.388890027999878
2026-08-28 14:30:00+00:00,1.3884299993515015
2026-08-28 14:45:00+00:00,1.388159990310669
2026-08-28 15:00:00+00:00,1.3890800476074219
2026-08-28 15:15:00+00:00,1.3890999555587769
2026-08-28 15:30:00+00:00,1.3894200325012207
2026-08-28 15:45:00+00:00,1.3896900415420532
2026-08-28 16:00:00+00:00,1.3904199600219727
2026-08-28 16:15:00+00:00,1.3904800415039062
2026-08-28 16:30:00+00:00,1.3903199434280396
2026-08-28 16:45:00+00:00,1.3901699781417847
2026-08-28 17:00:00+00:00,1.3901499509811401
2026-08-28 17:15:00+00:00,1.3901599645614624
2026-08-28 17:30:00+00:00,1.3906500339508057
2026-08-28 17:45:00+00:00,1.3905600309371948
2026-08-28 18:00:00+00:00,1.390820026397705
2026-08-28 18:15:00+00:00,1.3905600309371948
2026-08-28 18:30:00+00:00,1.3908499479293823
2026-08-28 18:45:00+00:00,1.3906699419021606
2026-08-28 19:00:00+00:00,1.390529990196228
2026-08-28 19:15:00+00:00,1.3901100158691406
2026-08-28 19:30:00+00:00,1.3901000022888184
2026-08-28 19:45:00+00:00,1.390239953994751
2026-08-28 20:00:00+00:00,1.3904600143432617
2026-08-28 20:15:00+00:00,1.3901400566101074
2026-08-28 20:30:00+00:00,1.3908900022506714
2026-08-28 20:45:00+00:00,1.3902000188827515
2026-08-28 21:00:00+00:00,1.3901000022888184
2026-08-28 22:00:00+00:00,1.3902000188827515
2026-08-30 23:00:00+00:00,1.3901599645614624
2026-08-30 23:15:00+00:00,1.3901699781417847
2026-08-30 23:30:00+00:00,1.3899099826812744
2026-08-30 23:45:00+00:00,1.3899799585342407
2026-08-31 00:00:00+00:00,1.3894000053405762
2026-08-31 00:15:00+00:00,1.3906500339508057
2026-08-31 00:30:00+00:00,1.389299988746643
2026-08-31 00:45:00+00:00,1.389870047569275
2026-08-31 01:00:00+00:00,1.3901599645614624
2026-08-31 01:15:00+00:00,1.3898500204086304
2026-08-31 01:30:00+00:00,1.3891700506210327
2026-08-31 01:45:00+00:00,1.3891099691390991
2026-08-31 02:00:00+00:00,1.389050006866455
2026-08-31 02:15:00+00:00,1.3889399766921997
2026-08-31 02:30:00+00:00,1.389389991760254
2026-08-31 02:45:00+00:00,1.3890399932861328
2026-08-31 03:00:00+00:00,1.3890000581741333
2026-08-31 03:15:00+00:00,1.3890700340270996
2026-08-31 03:30:00+00:00,1.388700008392334
2026-08-31 03:45:00+00:00,1.389009952545166
2026-08-31 04:00:00+00:00,1.388700008392334
2026-08-31 04:15:00+00:00,1.388800024986267
2026-08-31 04:30:00+00:00,1.3890199661254883
2026-08-31 04:45:00+00:00,1.3889700174331665
2026-08-31 05:00:00+00:00,1.3894100189208984
2026-08-31 05:15:00+00:00,1.3892799615859985
2026-08-31 05:30:00+00:00,1.3890000581741333
2026-08-31 05:45:00+00:00,1.3889000415802002
2026-08-31 06:00:00+00:00,1.3895299434661865
2026-08-31 06:15:00+00:00,1.389680027961731
2026-08-31 06:30:00+00:00,1.3897199630737305
2026-08-31 06:45:00+00:00,1.3897299766540527
2026-08-31 07:00:00+00:00,1.389840006828308
2026-08-31 07:15:00+00:00,1.3893300294876099
2026-08-31 07:30:00+00:00,1.3897600173950195
2026-08-31 07:45:00+00:00,1.3892799615859985
2026-08-31 08:00:00+00:00,1.3897099494934082
2026-08-31 08:15:00+00:00,1.3899999856948853
2026-08-31 08:30:00+00:00,1.3899099826812744
2026-08-31 08:45:00+00:00,1.3894000053405762
2026-08-31 09:00:00+00:00,1.389490008354187
2026-08-31 09:15:00+00:00,1.389490008354187
2026-08-31 09:30:00+00:00,1.389430046081543
2026-08-31 09:45:00+00:00,1.3891500234603882
2026-08-31 10:00:00+00:00,1.388759970664978
2026-08-31 10:15:00+00:00,1.388659954071045
2026-08-31 10:30:00+00:00,1.3890399932861328
2026-08-31 10:45:00+00:00,1.3894799947738647
2026-08-31 11:00:00+00:00,1.389299988746643
2026-08-31 11:15:00+00:00,1.3885799646377563
2026-08-31 11:30:00+00:00,1.388409972190857
2026-08-31 11:45:00+00:00,1.3886899948120117
2026-08-31 12:00:00+00:00,1.388450026512146
2026-08-31 12:15:00+00:00,1.3882399797439575
2026-08-31 12:30:00+00:00,1.3883099555969238
2026-08-31 12:45:00+00:00,1.3880300521850586
2026-08-31 13:00:00+00:00,1.3882999420166016
2026-08-31 13:15:00+00:00,1.3875800371170044
2026-08-31 13:30:00+00:00,1.3880300521850586
2026-08-31 13:45:00+00:00,1.3875999450683594
2026-08-31 14:00:00+00:00,1.3871699571609497
2026-08-31 14:15:00+00:00,1.3870799541473389
2026-08-31 14:30:00+00:00,1.3869600296020508
2026-08-31 14:45:00+00:00,1.3863400220870972
2026-08-31 15:00:00+00:00,1.3864200115203857
2026-08-31 15:15:00+00:00,1.3863400220870972
2026-08-31 15:30:00+00:00,1.3862600326538086
2026-08-31 15:45:00+00:00,1.386199951171875
2026-08-31 16:00:00+00:00,1.3860100507736206
2026-08-31 16:15:00+00:00,1.3860399723052979
2026-08-31 16:30:00+00:00,1.3860900402069092
2026-08-31 16:45:00+00:00,1.3859699964523315
2026-08-31 17:00:00+00:00,1.3856199979782104
2026-08-31 17:15:00+00:00,1.3858400583267212
2026-08-31 17:30:00+00:00,1.385200023651123
2026-08-31 17:45:00+00:00,1.3856699466705322
2026-08-31 18:00:00+00:00,1.3854600191116333
2026-08-31 18:15:00+00:00,1.385759949684143
2026-08-31 18:30:00+00:00,1.3857300281524658
2026-08-31 18:45:00+00:00,1.3855299949645996
2026-08-31 19:00:00+00:00,1.3853000402450562
2026-08-31 19:15:00+00:00,1.3856799602508545
2026-08-31 19:30:00+00:00,1.3857699632644653
2026-08-31 19:45:00+00:00,1.3859100341796875
2026-08-31 20:00:00+00:00,1.385699987411499
2026-08-31 20:15:00+00:00,1.3859200477600098
2026-08-31 20:30:00+00:00,1.385200023651123
2026-08-31 20:45:00+00:00,1.38510000705719
2026-08-31 21:00:00+00:00,1.3853000402450562
2026-08-31 21:15:00+00:00,1.385349988937378
2026-08-31 21:30:00+00:00,1.38510000705719
2026-08-31 21:45:00+00:00,1.385390043258667
2026-08-31 22:00:00+00:00,1.3854899406433105
2026-08-31 22:15:00+00:00,1.3854700326919556
2026-08-31 22:30:00+00:00,1.385509967803955
2026-08-31 22:45:00+00:00,1.3854600191116333
2026-08-31 23:00:00+00:00,1.3857100009918213
2026-08-31 23:15:00+00:00,1.3853700160980225
2026-08-31 23:30:00+00:00,1.3853100538253784
2026-08-31 23:45:00+00:00,1.3852100372314453
2026-09-01 00:00:00+00:00,1.384660005569458
2026-09-01 00:15:00+00:00,1.384559988975525
2026-09-01 00:30:00+00:00,1.385010004043579
2026-09-01 00:45:00+00:00,1.385390043258667
2026-09-01 01:00:00+00:00,1.3859699964523315
2026-09-01 01:15:00+00:00,1.3863099813461304
2026-09-01 01:30:00+00:00,1.3859200477600098
2026-09-01 01:45:00+00:00,1.3861199617385864
2026-09-01 02:00:00+00:00,1.3863699436187744
2026-09-01 02:15:00+00:00,1.386199951171875
2026-09-01 02:30:00+00:00,1.386240005493164
2026-09-01 02:45:00+00:00,1.3862099647521973
2026-09-01 03:00:00+00:00,1.386240005493164
2026-09-01 03:15:00+00:00,1.3865599632263184
2026-09-01 03:30:00+00:00,1.3866000175476074
2026-09-01 03:45:00+00:00,1.3867700099945068
2026-09-01 04:00:00+00:00,1.3868600130081177
2026-09-01 04:15:00+00:00,1.3869800567626953
2026-09-01 04:30:00+00:00,1.3868099451065063
2026-09-01 04:45:00+00:00,1.386620044708252
2026-09-01 05:00:00+00:00,1.3865000009536743
2026-09-01 05:15:00+00:00,1.3864500522613525
2026-09-01 05:30:00+00:00,1.386549949645996
2026-09-01 05:45:00+00:00,1.3866100311279297
2026-09-01 06:00:00+00:00,1.38618004322052
2026-09-01 06:15:00+00:00,1.3867000341415405
2026-09-01 06:30:00+00:00,1.38673996925354
2026-09-01 06:45:00+00:00,1.3866699934005737
2026-09-01 07:00:00+00:00,1.3863999843597412
2026-09-01 07:15:00+00:00,1.3868999481201172
2026-09-01 07:30:00+00:00,1.3873900175094604
2026-09-01 07:45:00+00:00,1.3868999481201172
2026-09-01 08:00:00+00:00,1.3875000476837158
2026-09-01 08:15:00+00:00,1.3872900009155273
2026-09-01 08:30:00+00:00,1.3873200416564941
2026-09-01 08:45:00+00:00,1.3870500326156616
2026-09-01 09:00:00+00:00,1.3868999481201172
2026-09-01 09:15:00+00:00,1.3868399858474731
2026-09-01 09:30:00+00:00,1.3867700099945068
2026-09-01 09:45:00+00:00,1.3868900537490845
2026-09-01 10:00:00+00:00,1.3869999647140503
2026-09-01 10:15:00+00:00,1.3870899677276611
2026-09-01 10:30:00+00:00,1.3873000144958496
2026-09-01 10:45:00+00:00,1.3869999647140503
2026-09-01 11:00:00+00:00,1.3875499963760376
2026-09-01 11:15:00+00:00,1.3876099586486816
2026-09-01 11:30:00+00:00,1.3880399465560913
2026-09-01 11:45:00+00:00,1.3880399465560913
2026-09-01 12:00:00+00:00,1.3885400295257568
2026-09-01 12:15:00+00:00,1.3880000114440918
2026-09-01 12:30:00+00:00,1.3881299495697021
2026-09-01 12:45:00+00:00,1.3882999420166016
2026-09-01 13:00:00+00:00,1.3890000581741333
2026-09-01 13:15:00+00:00,1.3892300128936768
2026-09-01 13:30:00+00:00,1.388759970664978
2026-09-01 13:45:00+00:00,1.388659954071045
2026-09-01 14:00:00+00:00,1.3883899450302124
2026-09-01 14:15:00+00:00,1.3894699811935425
2026-09-01 14:30:00+00:00,1.389050006866455
2026-09-01 14:45:00+00:00,1.3903299570083618
2026-09-01 15:00:00+00:00,1.3903000354766846
2026-09-01 15:15:00+00:00,1.390030026435852
2026-09-01 15:30:00+00:00,1.3896000385284424
2026-09-01 15:45:00+00:00,1.390339970588684
2026-09-01 16:00:00+00:00,1.3903499841690063
2026-09-01 16:15:00+00:00,1.3901000022888184
2026-09-01 16:30:00+00:00,1.3903199434280396
2026-09-01 16:45:00+00:00,1.3904399871826172
2026-09-01 17:00:00+00:00,1.3904000520706177
2026-09-01 17:15:00+00:00,1.3903100490570068
2026-09-01 17:30:00+00:00,1.390589952468872
2026-09-01 17:45:00+00:00,1.3904900550842285
2026-09-01 18:00:00+00:00,1.3904099464416504
2026-09-01 18:15:00+00:00,1.3898600339889526
2026-09-01 18:30:00+00:00,1.390030026435852
2026-09-01 18:45:00+00:00,1.389359951019287
2026-09-01 19:00:00+00:00,1.3893799781799316
2026-09-01 19:15:00+00:00,1.3890999555587769
2026-09-01 19:30:00+00:00,1.3896700143814087
2026-09-01 19:45:00+00:00,1.3896499872207642
2026-09-01 20:00:00+00:00,1.3897299766540527
2026-09-01 20:15:00+00:00,1.3897600173950195
2026-09-01 20:30:00+00:00,1.3895000219345093
2026-09-01 20:45:00+00:00,1.3892899751663208
2026-09-01 21:00:00+00:00,1.3896000385284424
2026-09-01 21:15:00+00:00,1.3897000551223755
2026-09-01 21:30:00+00:00,1.3898999691009521
2026-09-01 21:45:00+00:00,1.3900200128555298
2026-09-01 22:00:00+00:00,1.3895900249481201
2026-09-01 22:15:00+00:00,1.3895399570465088
2026-09-01 22:30:00+00:00,1.3897299766540527
2026-09-01 22:45:00+00:00,1.3894599676132202
2026-09-01 23:00:00+00:00,1.389449954032898
2026-09-01 23:15:00+00:00,1.3895599842071533
2026-09-01 23:30:00+00:00,1.389299988746643
2026-09-01 23:45:00+00:00,1.389299988746643
2026-09-02 00:00:00+00:00,1.3897299766540527
2026-09-02 00:15:00+00:00,1.389799952507019
2026-09-02 00:30:00+00:00,1.3894799947738647
2026-09-02 00:45:00+00:00,1.389870047569275
2026-09-02 01:00:00+00:00,1.3901400566101074
2026-09-02 01:15:00+00:00,1.389799952507019
2026-09-02 01:30:00+00:00,1.389799952507019
2026-09-02 01:45:00+00:00,1.389799952507019
2026-09-02 02:00:00+00:00,1.3905800580978394
2026-09-02 02:15:00+00:00,1.3908400535583496
2026-09-02 02:30:00+00:00,1.390779972076416
2026-09-02 02:45:00+00:00,1.3909000158309937
2026-09-02 03:00:00+00:00,1.3909599781036377
2026-09-02 03:15:00+00:00,1.3912800550460815
2026-09-02 03:30:00+00:00,1.3916200399398804
2026-09-02 03:45:00+00:00,1.3911999464035034
2026-09-02 04:00:00+00:00,1.391700029373169
2026-09-02 04:15:00+00:00,1.392009973526001
2026-09-02 04:30:00+00:00,1.391700029373169
2026-09-02 04:45:00+00:00,1.3921300172805786
2026-09-02 05:00:00+00:00,1.3918800354003906
2026-09-02 05:15:00+00:00,1.3916000127792358
2026-09-02 05:30:00+00:00,1.3914999961853027
2026-09-02 05:45:00+00:00,1.3910000324249268
2026-09-02 06:00:00+00:00,1.391219973564148
2026-09-02 06:15:00+00:00,1.3914300203323364
2026-09-02 06:30:00+00:00,1.3915599584579468
2026-09-02 06:45:00+00:00,1.3923499584197998
2026-09-02 07:00:00+00:00,1.3925199508666992
2026-09-02 07:15:00+00:00,1.3925600051879883
2026-09-02 07:30:00+00:00,1.3924000263214111
2026-09-02 07:45:00+00:00,1.39260995388031
2026-09-02 08:00:00+00:00,1.392899990081787
2026-09-02 08:15:00+00:00,1.3933700323104858
2026-09-02 08:30:00+00:00,1.3932199478149414
2026-09-02 08:45:00+00:00,1.3935799598693848
2026-09-02 09:00:00+00:00,1.3934999704360962
2026-09-02 09:15:00+00:00,1.3936200141906738
2026-09-02 09:30:00+00:00,1.3936200141906738
2026-09-02 09:45:00+00:00,1.3933000564575195
2026-09-02 10:00:00+00:00,1.3937599658966064
2026-09-02 10:15:00+00:00,1.3938499689102173
2026-09-02 10:30:00+00:00,1.393589973449707
2026-09-02 10:45:00+00:00,1.3930200338363647
2026-09-02 11:00:00+00:00,1.3926000595092773
2026-09-02 11:15:00+00:00,1.393030047416687
2026-09-02 11:30:00+00:00,1.3926700353622437
2026-09-02 11:45:00+00:00,1.3926500082015991
2026-09-02 12:00:00+00:00,1.3923300504684448
2026-09-02 12:15:00+00:00,1.3913600444793701
2026-09-02 12:30:00+00:00,1.391700029373169
2026-09-02 12:45:00+00:00,1.3912999629974365
2026-09-02 13:00:00+00:00,1.3918999433517456
2026-09-02 13:15:00+00:00,1.3898999691009521
2026-09-02 13:30:00+00:00,1.3897000551223755
2026-09-02 13:45:00+00:00,1.3863999843597412
2026-09-02 14:00:00+00:00,1.3872699737548828
2026-09-02 14:15:00+00:00,1.3878899812698364
2026-09-02 14:30:00+00:00,1.386199951171875
2026-09-02 14:45:00+00:00,1.3848700523376465
2026-09-02 15:00:00+00:00,1.3841999769210815
2026-09-02 15:15:00+00:00,1.3840299844741821
2026-09-02 15:30:00+00:00,1.3847099542617798
2026-09-02 15:45:00+00:00,1.3847999572753906
2026-09-02 16:00:00+00:00,1.3849600553512573
2026-09-02 16:15:00+00:00,1.3850699663162231
2026-09-02 16:30:00+00:00,1.3846100568771362
2026-09-02 16:45:00+00:00,1.384600043296814
2026-09-02 17:00:00+00:00,1.3842999935150146
2026-09-02 17:15:00+00:00,1.3846100568771362
2026-09-02 17:30:00+00:00,1.3843300342559814
2026-09-02 17:45:00+00:00,1.3843300342559814
2026-09-02 18:00:00+00:00,1.3841400146484375
2026-09-02 18:15:00+00:00,1.383810043334961
2026-09-02 18:30:00+00:00,1.383829951286316
2026-09-02 18:45:00+00:00,1.3841400146484375
2026-09-02 19:00:00+00:00,1.3841999769210815
2026-09-02 19:15:00+00:00,1.3835999965667725
2026-09-02 19:30:00+00:00,1.3837499618530273
2026-09-02 19:45:00+00:00,1.3838599920272827
2026-09-02 20:00:00+00:00,1.3840999603271484
2026-09-02 20:15:00+00:00,1.3845700025558472
2026-09-02 20:30:00+00:00,1.3843200206756592
2026-09-02 20:45:00+00:00,1.3838000297546387
2026-09-02 21:00:00+00:00,1.383829951286316
2026-09-02 21:15:00+00:00,1.383810043334961
2026-09-02 21:30:00+00:00,1.3840700387954712
2026-09-02 21:45:00+00:00,1.3842099905014038
2026-09-02 22:00:00+00:00,1.3845000267028809
2026-09-02 22:15:00+00:00,1.384600043296814
2026-09-02 22:30:00+00:00,1.3844000101089478
2026-09-02 22:45:00+00:00,1.3844000101089478
2026-09-02 23:00:00+00:00,1.3845399618148804
2026-09-02 23:15:00+00:00,1.3845000267028809
2026-09-02 23:30:00+00:00,1.3844399452209473
2026-09-02 23:45:00+00:00,1.3845200538635254
2026-09-03 00:00:00+00:00,1.3840899467468262
2026-09-03 00:15:00+00:00,1.3836499452590942
2026-09-03 00:30:00+00:00,1.38372004032135
2026-09-03 00:45:00+00:00,1.3838599920272827
2026-09-03 01:00:00+00:00,1.383829951286316
2026-09-03 01:15:00+00:00,1.3835500478744507
2026-09-03 01:30:00+00:00,1.3828999996185303
2026-09-03 01:45:00+00:00,1.3832999467849731
2026-09-03 02:00:00+00:00,1.3836899995803833
2026-09-03 02:15:00+00:00,1.3833999633789062
2026-09-03 02:30:00+00:00,1.3832499980926514
2026-09-03 02:45:00+00:00,1.3832000494003296
2026-09-03 03:00:00+00:00,1.3832099437713623
2026-09-03 03:15:00+00:00,1.3832299709320068
2026-09-03 03:30:00+00:00,1.3828999996185303
2026-09-03 03:45:00+00:00,1.3829900026321411
2026-09-03 04:00:00+00:00,1.3828999996185303
2026-09-03 04:15:00+00:00,1.3829599618911743
2026-09-03 04:30:00+00:00,1.3828400373458862
2026-09-03 04:45:00+00:00,1.3831599950790405
2026-09-03 05:00:00+00:00,1.3831700086593628
2026-09-03 05:15:00+00:00,1.3832099437713623
2026-09-03 05:30:00+00:00,1.3833600282669067
2026-09-03 05:45:00+00:00,1.383430004119873
2026-09-03 06:00:00+00:00,1.3831599950790405
2026-09-03 06:15:00+00:00,1.3833600282669067
2026-09-03 06:30:00+00:00,1.3824900388717651
2026-09-03 06:45:00+00:00,1.3829900026321411
2026-09-03 07:00:00+00:00,1.3829100131988525
2026-09-03 07:15:00+00:00,1.3825000524520874
2026-09-03 07:30:00+00:00,1.3820199966430664
2026-09-03 07:45:00+00:00,1.381809949874878
2026-09-03 08:00:00+00:00,1.381809949874878
2026-09-03 08:15:00+00:00,1.3809000253677368
2026-09-03 08:30:00+00:00,1.3810399770736694
2026-09-03 08:45:00+00:00,1.3806500434875488
2026-09-03 09:00:00+00:00,1.3810499906539917
2026-09-03 09:15:00+00:00,1.381119966506958
2026-09-03 09:30:00+00:00,1.3812099695205688
2026-09-03 09:45:00+00:00,1.380810022354126
2026-09-03 10:00:00+00:00,1.3810900449752808
2026-09-03 10:15:00+00:00,1.3809000253677368
2026-09-03 10:30:00+00:00,1.3809000253677368
2026-09-03 10:45:00+00:00,1.3804099559783936
2026-09-03 11:00:00+00:00,1.380370020866394
2026-09-03 11:15:00+00:00,1.3802800178527832
2026-09-03 11:30:00+00:00,1.3802000284194946
2026-09-03 11:45:00+00:00,1.3789000511169434
2026-09-03 12:00:00+00:00,1.3792999982833862
2026-09-03 12:15:00+00:00,1.3801699876785278
2026-09-03 12:30:00+00:00,1.379770040512085
2026-09-03 12:45:00+00:00,1.3791799545288086
2026-09-03 13:00:00+00:00,1.378999948501587
2026-09-03 13:15:00+00:00,1.3799500465393066
2026-09-03 13:30:00+00:00,1.3800400495529175
2026-09-03 13:45:00+00:00,1.3798500299453735
2026-09-03 14:00:00+00:00,1.3796499967575073
2026-09-03 14:15:00+00:00,1.379520058631897
2026-09-03 14:30:00+00:00,1.3802200555801392
2026-09-03 14:45:00+00:00,1.3789600133895874
2026-09-03 15:00:00+00:00,1.378499984741211
2026-09-03 15:15:00+00:00,1.3787599802017212
2026-09-03 15:30:00+00:00,1.3787000179290771
2026-09-03 15:45:00+00:00,1.3782399892807007
2026-09-03 16:00:00+00:00,1.3776099681854248
2026-09-03 16:15:00+00:00,1.3766800165176392
2026-09-03 16:30:00+00:00,1.377079963684082
2026-09-03 16:45:00+00:00,1.377079963684082
2026-09-03 17:00:00+00:00,1.377369999885559
2026-09-03 17:15:00+00:00,1.3778799772262573
2026-09-03 17:30:00+00:00,1.378119945526123
2026-09-03 17:45:00+00:00,1.3782000541687012
2026-09-03 18:00:00+00:00,1.378499984741211
2026-09-03 18:15:00+00:00,1.378640055656433
2026-09-03 18:30:00+00:00,1.378600001335144
2026-09-03 18:45:00+00:00,1.3788700103759766
2026-09-03 19:00:00+00:00,1.3794699907302856
2026-09-03 19:15:00+00:00,1.3794399499893188
2026-09-03 19:30:00+00:00,1.378999948501587
2026-09-03 19:45:00+00:00,1.3787399530410767
2026-09-03 20:00:00+00:00,1.3783999681472778
2026-09-03 20:15:00+00:00,1.3790199756622314
2026-09-03 20:30:00+00:00,1.3789000511169434
2026-09-03 20:45:00+00:00,1.37909996509552
2026-09-03 21:00:00+00:00,1.378999948501587
2026-09-03 21:15:00+00:00,1.378999948501587
2026-09-03 21:30:00+00:00,1.3790700435638428
2026-09-03 21:45:00+00:00,1.3795000314712524
2026-09-03 22:00:00+00:00,1.3791999816894531
2026-09-03 22:15:00+00:00,1.3793599605560303
2026-09-03 22:30:00+00:00,1.3791799545288086
2026-09-03 22:45:00+00:00,1.378999948501587
2026-09-03 23:00:00+00:00,1.3790899515151978
2026-09-03 23:15:00+00:00,1.378999948501587
2026-09-03 23:30:00+00:00,1.3788000345230103
2026-09-03 23:45:00+00:00,1.3789600133895874
2026-09-04 00:00:00+00:00,1.3789900541305542
2026-09-04 00:15:00+00:00,1.3793599605560303
2026-09-04 00:30:00+00:00,1.3790600299835205
2026-09-04 00:45:00+00:00,1.3789499998092651
2026-09-04 01:00:00+00:00,1.3793200254440308
2026-09-04 01:15:00+00:00,1.3789900541305542
2026-09-04 01:30:00+00:00,1.3787599802017212
2026-09-04 01:45:00+00:00,1.3786699771881104
2026-09-04 02:00:00+00:00,1.378749966621399
2026-09-04 02:15:00+00:00,1.378999948501587
2026-09-04 02:30:00+00:00,1.3790199756622314
2026-09-04 02:45:00+00:00,1.3790700435638428
2026-09-04 03:00:00+00:00,1.3790600299835205
2026-09-04 03:15:00+00:00,1.3791300058364868
2026-09-04 03:30:00+00:00,1.3794200420379639
2026-09-04 03:45:00+00:00,1.3789000511169434
2026-09-04 04:00:00+00:00,1.3790700435638428
2026-09-04 04:15:00+00:00,1.3789900541305542
2026-09-04 04:30:00+00:00,1.379080057144165
2026-09-04 04:45:00+00:00,1.3791099786758423
2026-09-04 05:00:00+00:00,1.3791799545288086
2026-09-04 05:15:00+00:00,1.3792099952697754
2026-09-04 05:30:00+00:00,1.3788000345230103
2026-09-04 05:45:00+00:00,1.3790099620819092
2026-09-04 06:00:00+00:00,1.378499984741211
2026-09-04 06:15:00+00:00,1.37909996509552
2026-09-04 06:30:00+00:00,1.3791999816894531
2026-09-04 06:45:00+00:00,1.3791999816894531
2026-09-04 07:00:00+00:00,1.3797099590301514
2026-09-04 07:15:00+00:00,1.3794200420379639
2026-09-04 07:30:00+00:00,1.3795900344848633
2026-09-04 07:45:00+00:00,1.380370020866394
2026-09-04 08:00:00+00:00,1.3802599906921387
2026-09-04 08:15:00+00:00,1.3799400329589844
2026-09-04 08:30:00+00:00,1.380270004272461
2026-09-04 08:45:00+00:00,1.3800599575042725
2026-09-04 09:00:00+00:00,1.380120038986206
2026-09-04 09:15:00+00:00,1.3800300359725952
2026-09-04 09:30:00+00:00,1.3804800510406494
2026-09-04 09:45:00+00:00,1.380370020866394
2026-09-04 10:00:00+00:00,1.3801699876785278
2026-09-04 10:15:00+00:00,1.3802800178527832
2026-09-04 10:30:00+00:00,1.3801000118255615
2026-09-04 10:45:00+00:00,1.3803999423980713
2026-09-04 11:00:00+00:00,1.3805299997329712
2026-09-04 11:15:00+00:00,1.3808300495147705
2026-09-04 11:30:00+00:00,1.3807200193405151
2026-09-04 11:45:00+00:00,1.3801599740982056
2026-09-04 12:00:00+00:00,1.3800400495529175
2026-09-04 12:15:00+00:00,1.3790899515151978
2026-09-04 12:30:00+00:00,1.3863199949264526
2026-09-04 12:45:00+00:00,1.3866499662399292
2026-09-04 13:00:00+00:00,1.3857300281524658
2026-09-04 13:15:00+00:00,1.3840199708938599
2026-09-04 13:30:00+00:00,1.3853600025177002
2026-09-04 13:45:00+00:00,1.3855500221252441
2026-09-04 14:00:00+00:00,1.385849952697754
2026-09-04 14:15:00+00:00,1.3852800130844116
2026-09-04 14:30:00+00:00,1.3845700025558472
2026-09-04 14:45:00+00:00,1.3842500448226929
2026-09-04 15:00:00+00:00,1.3837000131607056
2026-09-04 15:15:00+00:00,1.3834799528121948
2026-09-04 15:30:00+00:00,1.3834600448608398
2026-09-04 15:45:00+00:00,1.3835699558258057
2026-09-04 16:00:00+00:00,1.3832999467849731
2026-09-04 16:15:00+00:00,1.383929967880249
2026-09-04 16:30:00+00:00,1.3838000297546387
2026-09-04 16:45:00+00:00,1.3836400508880615
2026-09-04 17:00:00+00:00,1.38372004032135
2026-09-04 17:15:00+00:00,1.3832999467849731
2026-09-04 17:30:00+00:00,1.3833999633789062
2026-09-04 17:45:00+00:00,1.3839099407196045
2026-09-04 18:00:00+00:00,1.383810043334961
2026-09-04 18:15:00+00:00,1.383810043334961
2026-09-04 18:30:00+00:00,1.3838599920272827
2026-09-04 18:45:00+00:00,1.3839099407196045
2026-09-04 19:00:00+00:00,1.3835400342941284
2026-09-04 19:15:00+00:00,1.3831100463867188
2026-09-04 19:30:00+00:00,1.382889986038208
2026-09-04 19:45:00+00:00,1.3831499814987183
2026-09-04 20:00:00+00:00,1.3835200071334839
2026-09-04 20:15:00+00:00,1.3833999633789062
2026-09-04 20:30:00+00:00,1.3833999633789062
2026-09-04 20:45:00+00:00,1.3834999799728394
2026-09-04 21:00:00+00:00,1.3837000131607056
2026-09-06 23:00:00+00:00,1.3832999467849731
2026-09-06 23:15:00+00:00,1.3833099603652954
2026-09-06 23:30:00+00:00,1.3827999830245972
2026-09-06 23:45:00+00:00,1.3834799528121948
2026-09-07 00:00:00+00:00,1.3837000131607056
2026-09-07 00:15:00+00:00,1.3835099935531616
2026-09-07 00:30:00+00:00,1.383080005645752
2026-09-07 00:45:00+00:00,1.3831100463867188
2026-09-07 01:00:00+00:00,1.3831900358200073
2026-09-07 01:15:00+00:00,1.3831100463867188
2026-09-07 01:30:00+00:00,1.3833199739456177
2026-09-07 01:45:00+00:00,1.3836300373077393
2026-09-07 02:00:00+00:00,1.3840199708938599
2026-09-07 02:15:00+00:00,1.3833999633789062
2026-09-07 02:30:00+00:00,1.3837000131607056
2026-09-07 02:45:00+00:00,1.3840099573135376
2026-09-07 03:00:00+00:00,1.3834999799728394
2026-09-07 03:15:00+00:00,1.3837699890136719
2026-09-07 03:30:00+00:00,1.383829951286316
2026-09-07 03:45:00+00:00,1.3836599588394165
2026-09-07 04:00:00+00:00,1.3836400508880615
2026-09-07 04:15:00+00:00,1.3832999467849731
2026-09-07 04:30:00+00:00,1.3837000131607056
2026-09-07 04:45:00+00:00,1.383470058441162
2026-09-07 05:00:00+00:00,1.383620023727417
2026-09-07 05:15:00+00:00,1.3835400342941284
2026-09-07 05:30:00+00:00,1.3835200071334839
2026-09-07 05:45:00+00:00,1.383080005645752
2026-09-07 06:00:00+00:00,1.3830000162124634
2026-09-07 06:15:00+00:00,1.383080005645752
2026-09-07 06:30:00+00:00,1.3827999830245972
2026-09-07 06:45:00+00:00,1.3834400177001953
2026-09-07 07:00:00+00:00,1.3835999965667725
2026-09-07 07:15:00+00:00,1.3830000162124634
2026-09-07 07:30:00+00:00,1.3835300207138062
2026-09-07 07:45:00+00:00,1.3829900026321411
2026-09-07 08:00:00+00:00,1.3822799921035767
2026-09-07 08:15:00+00:00,1.3822599649429321
2026-09-07 08:30:00+00:00,1.3824700117111206
2026-09-07 08:45:00+00:00,1.382539987564087
2026-09-07 09:00:00+00:00,1.382449984550476
2026-09-07 09:15:00+00:00,1.3825600147247314
2026-09-07 09:30:00+00:00,1.3824199438095093
2026-09-07 09:45:00+00:00,1.3823800086975098
2026-09-07 10:00:00+00:00,1.382140040397644
2026-09-07 10:15:00+00:00,1.3819700479507446
2026-09-07 10:30:00+00:00,1.3817299604415894
2026-09-07 10:45:00+00:00,1.3813999891281128
2026-09-07 11:00:00+00:00,1.381700038909912
2026-09-07 11:15:00+00:00,1.3820099830627441
2026-09-07 11:30:00+00:00,1.3819899559020996
2026-09-07 11:45:00+00:00,1.3818000555038452
2026-09-07 12:00:00+00:00,1.3818000555038452
2026-09-07 12:15:00+00:00,1.3816900253295898
2026-09-07 12:30:00+00:00,1.381100058555603
2026-09-07 12:45:00+00:00,1.381250023841858
2026-09-07 13:00:00+00:00,1.381410002708435
2026-09-07 13:15:00+00:00,1.3817700147628784
2026-09-07 13:30:00+00:00,1.3815900087356567
2026-09-07 13:45:00+00:00,1.3809499740600586
2026-09-07 14:00:00+00:00,1.380560040473938
2026-09-07 14:15:00+00:00,1.3809000253677368
2026-09-07 14:30:00+00:00,1.3809399604797363
2026-09-07 14:45:00+00:00,1.3807300329208374
2026-09-07 15:00:00+00:00,1.380910038948059
2026-09-07 15:15:00+00:00,1.3809000253677368
2026-09-07 15:30:00+00:00,1.3810100555419922
2026-09-07 15:45:00+00:00,1.3811299800872803
2026-09-07 16:00:00+00:00,1.3812299966812134
2026-09-07 16:15:00+00:00,1.3811899423599243
2026-09-07 16:30:00+00:00,1.3808000087738037
2026-09-07 16:45:00+00:00,1.3809900283813477
2026-09-07 17:00:00+00:00,1.3811399936676025
2026-09-07 17:15:00+00:00,1.3812299966812134
2026-09-07 17:30:00+00:00,1.3812799453735352
2026-09-07 17:45:00+00:00,1.3812999725341797
2026-09-07 18:00:00+00:00,1.3812999725341797
2026-09-07 18:15:00+00:00,1.3815100193023682
2026-09-07 18:30:00+00:00,1.38100004196167
2026-09-07 18:45:00+00:00,1.3814599514007568
2026-09-07 19:00:00+00:00,1.3811999559402466
2026-09-07 19:15:00+00:00,1.3812999725341797
2026-09-07 19:30:00+00:00,1.3816900253295898
2026-09-07 19:45:00+00:00,1.3815699815750122
2026-09-07 20:00:00+00:00,1.381100058555603
2026-09-07 20:15:00+00:00,1.381309986114502
2026-09-07 20:30:00+00:00,1.38100004196167
2026-09-07 20:45:00+00:00,1.3812799453735352
2026-09-07 21:00:00+00:00,1.3812999725341797
2026-09-07 21:15:00+00:00,1.3812999725341797
2026-09-07 21:30:00+00:00,1.3813899755477905
2026-09-07 21:45:00+00:00,1.3812999725341797
2026-09-07 22:00:00+00:00,1.3812999725341797
2026-09-07 22:15:00+00:00,1.3811800479888916
2026-09-07 22:30:00+00:00,1.3812600374221802
2026-09-07 22:45:00+00:00,1.3806999921798706
2026-09-07 23:00:00+00:00,1.3808200359344482
2026-09-07 23:15:00+00:00,1.3808799982070923
2026-09-07 23:30:00+00:00,1.3804800510406494
2026-09-07 23:45:00+00:00,1.3804199695587158
2026-09-08 00:00:00+00:00,1.3806899785995483
2026-09-08 00:15:00+00:00,1.380579948425293
2026-09-08 00:30:00+00:00,1.3803000450134277
2026-09-08 00:45:00+00:00,1.3807899951934814
2026-09-08 01:00:00+00:00,1.380560040473938
2026-09-08 01:15:00+00:00,1.3802200555801392
2026-09-08 01:30:00+00:00,1.3802299499511719
2026-09-08 01:45:00+00:00,1.3798999786376953
2026-09-08 02:00:00+00:00,1.3802000284194946
2026-09-08 02:15:00+00:00,1.380620002746582
2026-09-08 02:30:00+00:00,1.3807300329208374
2026-09-08 02:45:00+00:00,1.3808399438858032
2026-09-08 03:00:00+00:00,1.3805700540542603
2026-09-08 03:15:00+00:00,1.3804399967193604
2026-09-08 03:30:00+00:00,1.3802599906921387
2026-09-08 03:45:00+00:00,1.3804099559783936
2026-09-08 04:00:00+00:00,1.3806899785995483
2026-09-08 04:15:00+00:00,1.3804899454116821
2026-09-08 04:30:00+00:00,1.3803999423980713
2026-09-08 04:45:00+00:00,1.380270004272461
2026-09-08 05:00:00+00:00,1.3801499605178833
2026-09-08 05:15:00+00:00,1.3801300525665283
2026-09-08 05:30:00+00:00,1.37909996509552
2026-09-08 05:45:00+00:00,1.3791600465774536
2026-09-08 06:00:00+00:00,1.3781499862670898
2026-09-08 06:15:00+00:00,1.378749966621399
2026-09-08 06:30:00+00:00,1.3791899681091309
2026-09-08 06:45:00+00:00,1.3796700239181519
2026-09-08 07:00:00+00:00,1.3789299726486206
2026-09-08 07:15:00+00:00,1.3794000148773193
2026-09-08 07:30:00+00:00,1.3793699741363525
2026-09-08 07:45:00+00:00,1.3795100450515747
2026-09-08 08:00:00+00:00,1.3796099424362183
2026-09-08 08:15:00+00:00,1.3795900344848633
2026-09-08 08:30:00+00:00,1.3797199726104736
2026-09-08 08:45:00+00:00,1.3801599740982056
2026-09-08 09:00:00+00:00,1.380270004272461
2026-09-08 09:15:00+00:00,1.380370020866394
2026-09-08 09:30:00+00:00,1.380429983139038
2026-09-08 09:45:00+00:00,1.3799999952316284
2026-09-08 10:00:00+00:00,1.3804199695587158
2026-09-08 10:15:00+00:00,1.380579948425293
2026-09-08 10:30:00+00:00,1.3809000253677368
2026-09-08 10:45:00+00:00,1.3811399936676025
2026-09-08 11:00:00+00:00,1.3805999755859375
2026-09-08 11:15:00+00:00,1.3805700540542603
2026-09-08 11:30:00+00:00,1.3803000450134277
2026-09-08 11:45:00+00:00,1.3803000450134277
2026-09-08 12:00:00+00:00,1.3806500434875488
2026-09-08 12:15:00+00:00,1.3803600072860718
2026-09-08 12:30:00+00:00,1.3797099590301514
2026-09-08 12:45:00+00:00,1.3789000511169434
2026-09-08 13:00:00+00:00,1.3779000043869019
2026-09-08 13:15:00+00:00,1.3780699968338013
2026-09-08 13:30:00+00:00,1.3783199787139893
2026-09-08 13:45:00+00:00,1.3785799741744995
2026-09-08 14:00:00+00:00,1.3781399726867676
2026-09-08 14:15:00+00:00,1.3767600059509277
2026-09-08 14:30:00+00:00,1.3763200044631958
2026-09-08 14:45:00+00:00,1.3778400421142578
2026-09-08 15:00:00+00:00,1.3769899606704712
2026-09-08 15:15:00+00:00,1.3772000074386597
2026-09-08 15:30:00+00:00,1.3779699802398682
2026-09-08 15:45:00+00:00,1.3780399560928345
2026-09-08 16:00:00+00:00,1.3790099620819092
2026-09-08 16:15:00+00:00,1.3787000179290771
2026-09-08 16:30:00+00:00,1.3792200088500977
2026-09-08 16:45:00+00:00,1.378849983215332
2026-09-08 17:00:00+00:00,1.3786499500274658
2026-09-08 17:15:00+00:00,1.3786200284957886
2026-09-08 17:30:00+00:00,1.378849983215332
2026-09-08 17:45:00+00:00,1.3783199787139893
2026-09-08 18:00:00+00:00,1.378000020980835
2026-09-08 18:15:00+00:00,1.3779900074005127
2026-09-08 18:30:00+00:00,1.3778200149536133
2026-09-08 18:45:00+00:00,1.3781100511550903
2026-09-08 19:00:00+00:00,1.378290057182312
2026-09-08 19:15:00+00:00,1.3785799741744995
2026-09-08 19:30:00+00:00,1.3781800270080566
2026-09-08 19:45:00+00:00,1.378309965133667
2026-09-08 20:00:00+00:00,1.3779000043869019
2026-09-08 20:15:00+00:00,1.3784799575805664
2026-09-08 20:30:00+00:00,1.3782800436019897
2026-09-08 20:45:00+00:00,1.3780900239944458
2026-09-08 21:00:00+00:00,1.3782000541687012
2026-09-08 21:15:00+00:00,1.3783700466156006
2026-09-08 21:30:00+00:00,1.3782999515533447
2026-09-08 21:45:00+00:00,1.3782800436019897
2026-09-08 22:00:00+00:00,1.378350019454956
2026-09-08 22:15:00+00:00,1.3782199621200562
2026-09-08 22:30:00+00:00,1.3783299922943115
2026-09-08 22:45:00+00:00,1.378350019454956
2026-09-08 23:00:00+00:00,1.3781299591064453
2026-09-08 23:15:00+00:00,1.3780399560928345
2026-09-08 23:30:00+00:00,1.3778400421142578
2026-09-08 23:45:00+00:00,1.3775800466537476
2026-09-09 00:00:00+00:00,1.3774900436401367
2026-09-09 00:15:00+00:00,1.3776899576187134
2026-09-09 00:30:00+00:00,1.3777199983596802
2026-09-09 00:45:00+00:00,1.3774399757385254
2026-09-09 01:00:00+00:00,1.37785005569458
2026-09-09 01:15:00+00:00,1.3777999877929688
2026-09-09 01:30:00+00:00,1.3780499696731567
2026-09-09 01:45:00+00:00,1.3777199983596802
2026-09-09 02:00:00+00:00,1.3780200481414795
2026-09-09 02:15:00+00:00,1.3781399726867676
2026-09-09 02:30:00+00:00,1.3778899908065796
2026-09-09 02:45:00+00:00,1.377619981765747
2026-09-09 03:00:00+00:00,1.3774700164794922
2026-09-09 03:15:00+00:00,1.3775800466537476
2026-09-09 03:30:00+00:00,1.3774700164794922
2026-09-09 03:45:00+00:00,1.3775399923324585
2026-09-09 04:00:00+00:00,1.3770999908447266
2026-09-09 04:15:00+00:00,1.3773200511932373
2026-09-09 04:30:00+00:00,1.3774199485778809
2026-09-09 04:45:00+00:00,1.3772599697113037
2026-09-09 05:00:00+00:00,1.377150058746338
2026-09-09 05:15:00+00:00,1.377020001411438
2026-09-09 05:30:00+00:00,1.3772300481796265
2026-09-09 05:45:00+00:00,1.3774000406265259
2026-09-09 06:00:00+00:00,1.3769500255584717
2026-09-09 06:15:00+00:00,1.3766000270843506
2026-09-09 06:30:00+00:00,1.3774399757385254
2026-09-09 06:45:00+00:00,1.3770099878311157
2026-09-09 07:00:00+00:00,1.3769700527191162
2026-09-09 07:15:00+00:00,1.3773000240325928
2026-09-09 07:30:00+00:00,1.3771899938583374
2026-09-09 07:45:00+00:00,1.3773499727249146
2026-09-09 08:00:00+00:00,1.3776999711990356
2026-09-09 08:15:00+00:00,1.3774000406265259
2026-09-09 08:30:00+00:00,1.377500057220459
2026-09-09 08:45:00+00:00,1.3779100179672241
2026-09-09 09:00:00+00:00,1.378100037574768
2026-09-09 09:15:00+00:00,1.377500057220459
2026-09-09 09:30:00+00:00,1.3778400421142578
2026-09-09 09:45:00+00:00,1.3782299757003784
2026-09-09 10:00:00+00:00,1.378600001335144
2026-09-09 10:15:00+00:00,1.3783199787139893
2026-09-09 10:30:00+00:00,1.3779000043869019
2026-09-09 10:45:00+00:00,1.3779000043869019
2026-09-09 11:00:00+00:00,1.3782099485397339
2026-09-09 11:15:00+00:00,1.377210021018982
2026-09-09 11:30:00+00:00,1.3770300149917603
2026-09-09 11:45:00+00:00,1.3770699501037598
2026-09-09 12:00:00+00:00,1.3767999410629272
2026-09-09 12:15:00+00:00,1.3774100542068481
2026-09-09 12:30:00+00:00,1.3772900104522705
2026-09-09 12:45:00+00:00,1.3777999877929688
2026-09-09 13:00:00+00:00,1.378059983253479
2026-09-09 13:15:00+00:00,1.3779000043869019
2026-09-09 13:30:00+00:00,1.378499984741211
2026-09-09 13:45:00+00:00,1.3789299726486206
2026-09-09 14:00:00+00:00,1.3787399530410767
2026-09-09 14:15:00+00:00,1.3792200088500977
2026-09-09 14:30:00+00:00,1.37978994846344
2026-09-09 14:45:00+00:00,1.379480004310608
2026-09-09 15:00:00+00:00,1.381119966506958
2026-09-09 15:15:00+00:00,1.3812799453735352
2026-09-09 15:30:00+00:00,1.3806500434875488
2026-09-09 15:45:00+00:00,1.3803000450134277
2026-09-09 16:00:00+00:00,1.3806099891662598
2026-09-09 16:15:00+00:00,1.3806400299072266
2026-09-09 16:30:00+00:00,1.3803600072860718
2026-09-09 16:45:00+00:00,1.3805999755859375
2026-09-09 17:00:00+00:00,1.3805299997329712
2026-09-09 17:15:00+00:00,1.3801699876785278
2026-09-09 17:30:00+00:00,1.3803600072860718
2026-09-09 17:45:00+00:00,1.3802200555801392
2026-09-09 18:00:00+00:00,1.3802399635314941
2026-09-09 18:15:00+00:00,1.3802399635314941
2026-09-09 18:30:00+00:00,1.3805400133132935
2026-09-09 18:45:00+00:00,1.380560040473938
2026-09-09 19:00:00+00:00,1.380810022354126
2026-09-09 19:15:00+00:00,1.381019949913025
2026-09-09 19:30:00+00:00,1.380769968032837
2026-09-09 19:45:00+00:00,1.380910038948059
2026-09-09 20:00:00+00:00,1.3810299634933472
2026-09-09 20:15:00+00:00,1.3809800148010254
2026-09-09 20:30:00+00:00,1.380620002746582
2026-09-09 20:45:00+00:00,1.3803000450134277
2026-09-09 21:00:00+00:00,1.3801699876785278
2026-09-09 21:15:00+00:00,1.3801900148391724
2026-09-09 21:30:00+00:00,1.3797999620437622
2026-09-09 21:45:00+00:00,1.3797999620437622
2026-09-09 22:00:00+00:00,1.3802599906921387
2026-09-09 22:15:00+00:00,1.3801000118255615
2026-09-09 22:30:00+00:00,1.3800699710845947
2026-09-09 22:45:00+00:00,1.3800699710845947
2026-09-09 23:00:00+00:00,1.3797999620437622
2026-09-09 23:15:00+00:00,1.3797999620437622
2026-09-09 23:30:00+00:00,1.3801300525665283
2026-09-09 23:45:00+00:00,1.3804899454116821
2026-09-10 00:00:00+00:00,1.3802000284194946
2026-09-10 00:15:00+00:00,1.3807300329208374
2026-09-10 00:30:00+00:00,1.3805400133132935
2026-09-10 00:45:00+00:00,1.3808200359344482
2026-09-10 01:00:00+00:00,1.3806400299072266
2026-09-10 01:15:00+00:00,1.3809000253677368
2026-09-10 01:30:00+00:00,1.3806999921798706
2026-09-10 01:45:00+00:00,1.3804399967193604
2026-09-10 02:00:00+00:00,1.3806699514389038
2026-09-10 02:15:00+00:00,1.3808799982070923
2026-09-10 02:30:00+00:00,1.380929946899414
2026-09-10 02:45:00+00:00,1.3804800510406494
2026-09-10 03:00:00+00:00,1.3804999589920044
2026-09-10 03:15:00+00:00,1.3807799816131592
2026-09-10 03:30:00+00:00,1.3807400465011597
2026-09-10 03:45:00+00:00,1.380679965019226
2026-09-10 04:00:00+00:00,1.380579948425293
2026-09-10 04:15:00+00:00,1.3806099891662598
2026-09-10 04:30:00+00:00,1.3806400299072266
2026-09-10 04:45:00+00:00,1.3808799982070923
2026-09-10 05:00:00+00:00,1.3808300495147705
2026-09-10 05:15:00+00:00,1.3806699514389038
2026-09-10 05:30:00+00:00,1.3807799816131592
2026-09-10 05:45:00+00:00,1.3802599906921387
2026-09-10 06:00:00+00:00,1.3804999589920044
2026-09-10 06:15:00+00:00,1.38086998462677
2026-09-10 06:30:00+00:00,1.3808799982070923
2026-09-10 06:45:00+00:00,1.380679965019226
2026-09-10 07:00:00+00:00,1.38086998462677
2026-09-10 07:15:00+00:00,1.3809900283813477
2026-09-10 07:30:00+00:00,1.3807100057601929
2026-09-10 07:45:00+00:00,1.3808300495147705
2026-09-10 08:00:00+00:00,1.3808399438858032
2026-09-10 08:15:00+00:00,1.3806300163269043
2026-09-10 08:30:00+00:00,1.380769968032837
2026-09-10 08:45:00+00:00,1.3804800510406494
2026-09-10 09:00:00+00:00,1.38018000125885
2026-09-10 09:15:00+00:00,1.380660057067871
2026-09-10 09:30:00+00:00,1.3812299966812134
2026-09-10 09:45:00+00:00,1.380929946899414
2026-09-10 10:00:00+00:00,1.3809900283813477
2026-09-10 10:15:00+00:00,1.3811999559402466
2026-09-10 10:30:00+00:00,1.3816499710083008
2026-09-10 10:45:00+00:00,1.3816399574279785
2026-09-10 11:00:00+00:00,1.3821899890899658
2026-09-10 11:15:00+00:00,1.381700038909912
2026-09-10 11:30:00+00:00,1.3815200328826904
2026-09-10 11:45:00+00:00,1.3817100524902344
2026-09-10 12:00:00+00:00,1.3814599514007568
2026-09-10 12:15:00+00:00,1.3811700344085693
2026-09-10 12:30:00+00:00,1.3830000162124634
2026-09-10 12:45:00+00:00,1.3825700283050537
2026-09-10 13:00:00+00:00,1.3831000328063965
2026-09-10 13:15:00+00:00,1.3824100494384766
2026-09-10 13:30:00+00:00,1.382040023803711
2026-09-10 13:45:00+00:00,1.3819899559020996
2026-09-10 14:00:00+00:00,1.3825000524520874
2026-09-10 14:15:00+00:00,1.3828699588775635
2026-09-10 14:30:00+00:00,1.3818299770355225
2026-09-10 14:45:00+00:00,1.3817499876022339
2026-09-10 15:00:00+00:00,1.3818399906158447
2026-09-10 15:15:00+00:00,1.3818299770355225
2026-09-10 15:30:00+00:00,1.3814599514007568
2026-09-10 15:45:00+00:00,1.380679965019226
2026-09-10 16:00:00+00:00,1.3812299966812134
2026-09-10 16:15:00+00:00,1.3805700540542603
2026-09-10 16:30:00+00:00,1.3814899921417236
2026-09-10 16:45:00+00:00,1.3817499876022339
2026-09-10 17:00:00+00:00,1.3814300298690796
2026-09-10 17:15:00+00:00,1.3816399574279785
2026-09-10 17:30:00+00:00,1.3819999694824219
2026-09-10 17:45:00+00:00,1.3822599649429321
2026-09-10 18:00:00+00:00,1.3828500509262085
2026-09-10 18:15:00+00:00,1.3826099634170532
2026-09-10 18:30:00+00:00,1.3827799558639526
2026-09-10 18:45:00+00:00,1.3828799724578857
2026-09-10 19:00:00+00:00,1.3832099437713623
2026-09-10 19:15:00+00:00,1.3831900358200073
2026-09-10 19:30:00+00:00,1.3830000162124634
2026-09-10 19:45:00+00:00,1.3833400011062622
2026-09-10 20:00:00+00:00,1.3831000328063965
2026-09-10 20:15:00+00:00,1.3839099407196045
2026-09-10 20:30:00+00:00,1.383430004119873
2026-09-10 20:45:00+00:00,1.3831499814987183
2026-09-10 21:00:00+00:00,1.3824000358581543
2026-09-10 21:15:00+00:00,1.3829799890518188
2026-09-10 21:30:00+00:00,1.382580041885376
2026-09-10 21:45:00+00:00,1.382680058479309
2026-09-10 22:00:00+00:00,1.3830000162124634
2026-09-10 22:15:00+00:00,1.3834099769592285
2026-09-10 22:30:00+00:00,1.3832000494003296
2026-09-10 22:45:00+00:00,1.3834500312805176
2026-09-10 23:00:00+00:00,1.3836400508880615
2026-09-10 23:15:00+00:00,1.3835999965667725
2026-09-10 23:30:00+00:00,1.3832000494003296
2026-09-10 23:45:00+00:00,1.3835300207138062
2026-09-11 00:00:00+00:00,1.3832999467849731
2026-09-11 00:15:00+00:00,1.3832000494003296
2026-09-11 00:30:00+00:00,1.383470058441162
2026-09-11 00:45:00+00:00,1.3834600448608398
2026-09-11 01:00:00+00:00,1.383489966392517
2026-09-11 01:15:00+00:00,1.3835300207138062
2026-09-11 01:30:00+00:00,1.3835400342941284
2026-09-11 01:45:00+00:00,1.3836300373077393
2026-09-11 02:00:00+00:00,1.3834999799728394
2026-09-11 02:15:00+00:00,1.3842600584030151
2026-09-11 02:30:00+00:00,1.3842400312423706
2026-09-11 02:45:00+00:00,1.3841300010681152
2026-09-11 03:00:00+00:00,1.3841899633407593
2026-09-11 03:15:00+00:00,1.3842999935150146
2026-09-11 03:30:00+00:00,1.3845399618148804
2026-09-11 03:45:00+00:00,1.3839999437332153
2026-09-11 04:00:00+00:00,1.384160041809082
2026-09-11 04:15:00+00:00,1.383829951286316
2026-09-11 04:30:00+00:00,1.3838800191879272
2026-09-11 04:45:00+00:00,1.3840099573135376
2026-09-11 05:00:00+00:00,1.3837699890136719
2026-09-11 05:15:00+00:00,1.3835999965667725
2026-09-11 05:30:00+00:00,1.38372004032135
2026-09-11 05:45:00+00:00,1.3836599588394165
2026-09-11 06:00:00+00:00,1.383829951286316
2026-09-11 06:15:00+00:00,1.3837900161743164
2026-09-11 06:30:00+00:00,1.3839099407196045
2026-09-11 06:45:00+00:00,1.3833999633789062
2026-09-11 07:00:00+00:00,1.3837100267410278
2026-09-11 07:15:00+00:00,1.3836400508880615
2026-09-11 07:30:00+00:00,1.3834999799728394
2026-09-11 07:45:00+00:00,1.383739948272705
2026-09-11 08:00:00+00:00,1.3838499784469604
2026-09-11 08:15:00+00:00,1.3843599557876587
2026-09-11 08:30:00+00:00,1.3843899965286255
2026-09-11 08:45:00+00:00,1.3846499919891357
2026-09-11 09:00:00+00:00,1.3845900297164917
2026-09-11 09:15:00+00:00,1.3845499753952026
2026-09-11 09:30:00+00:00,1.3847700357437134
2026-09-11 09:45:00+00:00,1.3848199844360352
2026-09-11 10:00:00+00:00,1.384909987449646
2026-09-11 10:15:00+00:00,1.385040044784546
2026-09-11 10:30:00+00:00,1.3851799964904785
2026-09-11 10:45:00+00:00,1.3860299587249756
2026-09-11 11:00:00+00:00,1.385949969291687
2026-09-11 11:15:00+00:00,1.385949969291687
2026-09-11 11:30:00+00:00,1.3858599662780762
2026-09-11 11:45:00+00:00,1.385699987411499
2026-09-11 12:00:00+00:00,1.3857699632644653
2026-09-11 12:15:00+00:00,1.3859100341796875
2026-09-11 12:30:00+00:00,1.386299967765808
2026-09-11 12:45:00+00:00,1.3859000205993652
2026-09-11 13:00:00+00:00,1.3865300416946411
2026-09-11 13:15:00+00:00,1.3862799406051636
2026-09-11 13:30:00+00:00,1.3870699405670166
2026-09-11 13:45:00+00:00,1.3864500522613525
2026-09-11 14:00:00+00:00,1.386299967765808
2026-09-11 14:15:00+00:00,1.3868900537490845
2026-09-11 14:30:00+00:00,1.3876700401306152
2026-09-11 14:45:00+00:00,1.3873100280761719
2026-09-11 15:00:00+00:00,1.3880800008773804
2026-09-11 15:15:00+00:00,1.3871899843215942
2026-09-11 15:30:00+00:00,1.3870500326156616
2026-09-11 15:45:00+00:00,1.3865400552749634
2026-09-11 16:00:00+00:00,1.3865699768066406
2026-09-11 16:15:00+00:00,1.3863400220870972
2026-09-11 16:30:00+00:00,1.386639952659607
2026-09-11 16:45:00+00:00,1.3863199949264526
2026-09-11 17:00:00+00:00,1.386430025100708
2026-09-11 17:15:00+00:00,1.3862899541854858
2026-09-11 17:30:00+00:00,1.3860000371932983
2026-09-11 17:45:00+00:00,1.3864400386810303
2026-09-11 18:00:00+00:00,1.3863500356674194
2026-09-11 18:15:00+00:00,1.386299967765808
2026-09-11 18:30:00+00:00,1.386579990386963
2026-09-11 18:45:00+00:00,1.386430025100708
2026-09-11 19:00:00+00:00,1.3864599466323853
2026-09-11 19:15:00+00:00,1.3866300582885742
2026-09-11 19:30:00+00:00,1.3869199752807617
2026-09-11 19:45:00+00:00,1.3864599466323853
2026-09-11 20:00:00+00:00,1.386199951171875
2026-09-11 20:15:00+00:00,1.3864799737930298
2026-09-11 20:30:00+00:00,1.3870199918746948
2026-09-11 20:45:00+00:00,1.3867000341415405
2026-09-11 21:00:00+00:00,1.3868999481201172
2026-09-13 23:00:00+00:00,1.3870099782943726
2026-09-13 23:15:00+00:00,1.3869600296020508
2026-09-13 23:30:00+00:00,1.3868999481201172
2026-09-13 23:45:00+00:00,1.3867900371551514
2026-09-14 00:00:00+00:00,1.3866100311279297
2026-09-14 00:15:00+00:00,1.3868999481201172
2026-09-14 00:30:00+00:00,1.387030005455017
2026-09-14 00:45:00+00:00,1.3867100477218628
2026-09-14 01:00:00+00:00,1.3865000009536743
2026-09-14 01:15:00+00:00,1.3868900537490845
2026-09-14 01:30:00+00:00,1.386780023574829
2026-09-14 01:45:00+00:00,1.386929988861084
2026-09-14 02:00:00+00:00,1.3868900537490845
2026-09-14 02:15:00+00:00,1.38673996925354
2026-09-14 02:30:00+00:00,1.386970043182373
2026-09-14 02:45:00+00:00,1.3870999813079834
2026-09-14 03:00:00+00:00,1.3869999647140503
2026-09-14 03:15:00+00:00,1.3868999481201172
2026-09-14 03:30:00+00:00,1.3873900175094604
2026-09-14 03:45:00+00:00,1.3873100280761719
2026-09-14 04:00:00+00:00,1.3870999813079834
2026-09-14 04:15:00+00:00,1.3873499631881714
2026-09-14 04:30:00+00:00,1.387470006942749
2026-09-14 04:45:00+00:00,1.3874599933624268
2026-09-14 05:00:00+00:00,1.3874800205230713
2026-09-14 05:15:00+00:00,1.3873800039291382
2026-09-14 05:30:00+00:00,1.3868000507354736
2026-09-14 05:45:00+00:00,1.3872900009155273
2026-09-14 06:00:00+00:00,1.387410044670105
2026-09-14 06:15:00+00:00,1.387619972229004
2026-09-14 06:30:00+00:00,1.3874599933624268
2026-09-14 06:45:00+00:00,1.387850046157837
2026-09-14 07:00:00+00:00,1.3873000144958496
2026-09-14 07:15:00+00:00,1.3877300024032593
2026-09-14 07:30:00+00:00,1.3877700567245483
2026-09-14 07:45:00+00:00,1.3879200220108032
2026-09-14 08:00:00+00:00,1.3885400295257568
2026-09-14 08:15:00+00:00,1.3887100219726562
2026-09-14 08:30:00+00:00,1.3890199661254883
2026-09-14 08:45:00+00:00,1.3897000551223755
2026-09-14 09:00:00+00:00,1.3896000385284424
2026-09-14 09:15:00+00:00,1.3890999555587769
2026-09-14 09:30:00+00:00,1.3890999555587769
2026-09-14 09:45:00+00:00,1.3893100023269653
2026-09-14 10:00:00+00:00,1.389389991760254
2026-09-14 10:15:00+00:00,1.3890000581741333
2026-09-14 10:30:00+00:00,1.389680027961731
2026-09-14 10:45:00+00:00,1.3895399570465088
2026-09-14 11:00:00+00:00,1.3890800476074219
2026-09-14 11:15:00+00:00,1.3889800310134888
2026-09-14 11:30:00+00:00,1.3883999586105347
2026-09-14 11:45:00+00:00,1.3886799812316895
2026-09-14 12:00:00+00:00,1.389240026473999
2026-09-14 12:15:00+00:00,1.39028000831604
2026-09-14 12:30:00+00:00,1.3908699750900269
2026-09-14 12:45:00+00:00,1.3916300535202026
2026-09-14 13:00:00+00:00,1.3913999795913696
2026-09-14 13:15:00+00:00,1.3920199871063232
2026-09-14 13:30:00+00:00,1.3918999433517456
2026-09-14 13:45:00+00:00,1.392490029335022
2026-09-14 14:00:00+00:00,1.3918499946594238
2026-09-14 14:15:00+00:00,1.391800045967102
2026-09-14 14:30:00+00:00,1.3911900520324707
2026-09-14 14:45:00+00:00,1.3919800519943237
2026-09-14 15:00:00+00:00,1.3918399810791016
2026-09-14 15:15:00+00:00,1.3916000127792358
2026-09-14 15:30:00+00:00,1.391469955444336
2026-09-14 15:45:00+00:00,1.3912700414657593
2026-09-14 16:00:00+00:00,1.3908499479293823
2026-09-14 16:15:00+00:00,1.3903599977493286
2026-09-14 16:30:00+00:00,1.390470027923584
2026-09-14 16:45:00+00:00,1.39028000831604
2026-09-14 17:00:00+00:00,1.389799952507019
2026-09-14 17:15:00+00:00,1.3898999691009521
2026-09-14 17:30:00+00:00,1.3904999494552612
2026-09-14 17:45:00+00:00,1.390089988708496
2026-09-14 18:00:00+00:00,1.389799952507019
2026-09-14 18:15:00+00:00,1.3899999856948853
2026-09-14 18:30:00+00:00,1.3902900218963623
2026-09-14 18:45:00+00:00,1.3902000188827515
2026-09-14 19:00:00+00:00,1.3900500535964966
2026-09-14 19:15:00+00:00,1.3902100324630737
2026-09-14 19:30:00+00:00,1.389799952507019
2026-09-14 19:45:00+00:00,1.3903100490570068
2026-09-14 20:00:00+00:00,1.3904399871826172
2026-09-14 20:15:00+00:00,1.3904500007629395
2026-09-14 20:30:00+00:00,1.390239953994751
2026-09-14 20:45:00+00:00,1.3896000385284424
2026-09-14 21:00:00+00:00,1.3899999856948853
2026-09-14 21:15:00+00:00,1.3899400234222412
2026-09-14 21:30:00+00:00,1.3898999691009521
2026-09-14 21:45:00+00:00,1.3898899555206299
2026-09-14 22:00:00+00:00,1.3901000022888184
2026-09-14 22:15:00+00:00,1.3898899555206299
2026-09-14 22:30:00+00:00,1.3897000551223755
2026-09-14 22:45:00+00:00,1.3895000219345093
2026-09-14 23:00:00+00:00,1.389780044555664
2026-09-14 23:15:00+00:00,1.3898799419403076
2026-09-14 23:30:00+00:00,1.3899999856948853
2026-09-14 23:45:00+00:00,1.3897000551223755
2026-09-15 00:00:00+00:00,1.390089988708496
2026-09-15 00:15:00+00:00,1.3903700113296509
2026-09-15 00:30:00+00:00,1.3903700113296509
2026-09-15 00:45:00+00:00,1.3902699947357178
2026-09-15 01:00:00+00:00,1.3905199766159058
2026-09-15 01:15:00+00:00,1.3907699584960938
2026-09-15 01:30:00+00:00,1.390820026397705
2026-09-15 01:45:00+00:00,1.390720009803772
2026-09-15 02:00:00+00:00,1.3910000324249268
2026-09-15 02:15:00+00:00,1.391070008277893
2026-09-15 02:30:00+00:00,1.3906999826431274
2026-09-15 02:45:00+00:00,1.3907699584960938
2026-09-15 03:00:00+00:00,1.3909800052642822
2026-09-15 03:15:00+00:00,1.3911800384521484
2026-09-15 03:30:00+00:00,1.3910000324249268
2026-09-15 03:45:00+00:00,1.391379952430725
2026-09-15 04:00:00+00:00,1.3913300037384033
2026-09-15 04:15:00+00:00,1.391569972038269
2026-09-15 04:30:00+00:00,1.3913500308990479
2026-09-15 04:45:00+00:00,1.3913300037384033
2026-09-15 05:00:00+00:00,1.3911900520324707
2026-09-15 05:15:00+00:00,1.391219973564148
2026-09-15 05:30:00+00:00,1.3910399675369263
2026-09-15 05:45:00+00:00,1.3911399841308594
2026-09-15 06:00:00+00:00,1.3901000022888184
2026-09-15 06:15:00+00:00,1.39096999168396
2026-09-15 06:30:00+00:00,1.390779972076416
2026-09-15 06:45:00+00:00,1.39028000831604
2026-09-15 07:00:00+00:00,1.3902599811553955
2026-09-15 07:15:00+00:00,1.390030026435852
2026-09-15 07:30:00+00:00,1.390089988708496
2026-09-15 07:45:00+00:00,1.3901900053024292
2026-09-15 08:00:00+00:00,1.3895000219345093
2026-09-15 08:15:00+00:00,1.3902000188827515
2026-09-15 08:30:00+00:00,1.3904999494552612
2026-09-15 08:45:00+00:00,1.3904500007629395
2026-09-15 09:00:00+00:00,1.3903100490570068
2026-09-15 09:15:00+00:00,1.3901000022888184
2026-09-15 09:30:00+00:00,1.3904000520706177
2026-09-15 09:45:00+00:00,1.3905600309371948
2026-09-15 10:00:00+00:00,1.3903000354766846
2026-09-15 10:15:00+00:00,1.3907300233840942
2026-09-15 10:30:00+00:00,1.3908100128173828
2026-09-15 10:45:00+00:00,1.3916000127792358
2026-09-15 11:00:00+00:00,1.3918399810791016
2026-09-15 11:15:00+00:00,1.3915599584579468
2026-09-15 11:30:00+00:00,1.3915799856185913
2026-09-15 11:45:00+00:00,1.3923300504684448
2026-09-15 12:00:00+00:00,1.3921600580215454
2026-09-15 12:15:00+00:00,1.3919099569320679
2026-09-15 12:30:00+00:00,1.3925299644470215
2026-09-15 12:45:00+00:00,1.392549991607666
2026-09-15 13:00:00+00:00,1.392359972000122
2026-09-15 13:15:00+00:00,1.392240047454834
2026-09-15 13:30:00+00:00,1.3915499448776245
2026-09-15 13:45:00+00:00,1.3908100128173828
2026-09-15 14:00:00+00:00,1.3914200067520142
2026-09-15 14:15:00+00:00,1.3916699886322021
2026-09-15 14:30:00+00:00,1.3916000127792358
2026-09-15 14:45:00+00:00,1.391319990158081
2026-09-15 15:00:00+00:00,1.3920400142669678
2026-09-15 15:15:00+00:00,1.3916800022125244
2026-09-15 15:30:00+00:00,1.392109990119934
2026-09-15 15:45:00+00:00,1.3917700052261353
2026-09-15 16:00:00+00:00,1.3916699886322021
2026-09-15 16:15:00+00:00,1.3912999629974365
2026-09-15 16:30:00+00:00,1.3910000324249268
2026-09-15 16:45:00+00:00,1.3911499977111816
2026-09-15 17:00:00+00:00,1.3912299871444702
2026-09-15 17:15:00+00:00,1.3914899826049805
2026-09-15 17:30:00+00:00,1.3912500143051147
2026-09-15 17:45:00+00:00,1.3911999464035034
2026-09-15 18:00:00+00:00,1.3912899494171143
2026-09-15 18:15:00+00:00,1.3914599418640137
2026-09-15 18:30:00+00:00,1.3916399478912354
2026-09-15 18:45:00+00:00,1.3916200399398804
2026-09-15 19:00:00+00:00,1.391819953918457
2026-09-15 19:15:00+00:00,1.391890048980713
2026-09-15 19:30:00+00:00,1.3916800022125244
2026-09-15 19:45:00+00:00,1.3917700052261353
2026-09-15 20:00:00+00:00,1.391700029373169
2026-09-15 20:15:00+00:00,1.3921799659729004
2026-09-15 20:30:00+00:00,1.3923799991607666
2026-09-15 20:45:00+00:00,1.3918700218200684
2026-09-15 21:00:00+00:00,1.3911499977111816
2026-09-15 21:15:00+00:00,1.3913999795913696
2026-09-15 21:30:00+00:00,1.3917399644851685
2026-09-15 21:45:00+00:00,1.391569972038269
2026-09-15 22:00:00+00:00,1.3919899463653564
2026-09-15 22:15:00+00:00,1.3919299840927124
2026-09-15 22:30:00+00:00,1.3916000127792358
2026-09-15 22:45:00+00:00,1.3919399976730347
2026-09-15 23:00:00+00:00,1.3922499418258667
2026-09-15 23:15:00+00:00,1.3923100233078003
2026-09-15 23:30:00+00:00,1.3924000263214111
2026-09-15 23:45:00+00:00,1.3925199508666992
2026-09-16 00:00:00+00:00,1.3928200006484985
2026-09-16 00:15:00+00:00,1.392680048942566
2026-09-16 00:30:00+00:00,1.3929100036621094
2026-09-16 00:45:00+00:00,1.392699956893921
2026-09-16 01:00:00+00:00,1.393090009689331
2026-09-16 01:15:00+00:00,1.3931900262832642
2026-09-16 01:30:00+00:00,1.393280029296875
2026-09-16 01:45:00+00:00,1.3934600353240967
2026-09-16 02:00:00+00:00,1.3934600353240967
2026-09-16 02:15:00+00:00,1.3933600187301636
2026-09-16 02:30:00+00:00,1.3931699991226196
2026-09-16 02:45:00+00:00,1.393030047416687
2026-09-16 03:00:00+00:00,1.3933500051498413
2026-09-16 03:15:00+00:00,1.3933600187301636
2026-09-16 03:30:00+00:00,1.3932199478149414
2026-09-16 03:45:00+00:00,1.3933299779891968
2026-09-16 04:00:00+00:00,1.393049955368042
2026-09-16 04:15:00+00:00,1.3930699825286865
2026-09-16 04:30:00+00:00,1.3928600549697876
2026-09-16 04:45:00+00:00,1.3928699493408203
2026-09-16 05:00:00+00:00,1.3928699493408203
2026-09-16 05:15:00+00:00,1.392680048942566
2026-09-16 05:30:00+00:00,1.392590045928955
2026-09-16 05:45:00+00:00,1.3922499418258667
2026-09-16 06:00:00+00:00,1.3925299644470215
2026-09-16 06:15:00+00:00,1.3929400444030762
2026-09-16 06:30:00+00:00,1.3931000232696533
2026-09-16 06:45:00+00:00,1.3932700157165527
2026-09-16 07:00:00+00:00,1.3930000066757202
2026-09-16 07:15:00+00:00,1.3934299945831299
2026-09-16 07:30:00+00:00,1.3935799598693848
2026-09-16 07:45:00+00:00,1.3933000564575195
2026-09-16 08:00:00+00:00,1.3936599493026733
2026-09-16 08:15:00+00:00,1.3933199644088745
2026-09-16 08:30:00+00:00,1.3930000066757202
2026-09-16 08:45:00+00:00,1.3925000429153442
2026-09-16 09:00:00+00:00,1.392680048942566
2026-09-16 09:15:00+00:00,1.3927799463272095
2026-09-16 09:30:00+00:00,1.3923799991607666
2026-09-16 09:45:00+00:00,1.3928899765014648
2026-09-16 10:00:00+00:00,1.3929699659347534
2026-09-16 10:15:00+00:00,1.3930200338363647
2026-09-16 10:30:00+00:00,1.3930599689483643
2026-09-16 10:45:00+00:00,1.3929599523544312
2026-09-16 11:00:00+00:00,1.392840027809143
2026-09-16 11:15:00+00:00,1.3930399417877197
2026-09-16 11:30:00+00:00,1.3937499523162842
2026-09-16 11:45:00+00:00,1.3940000534057617
2026-09-16 12:00:00+00:00,1.393589973449707
2026-09-16 12:15:00+00:00,1.3939800262451172
2026-09-16 12:30:00+00:00,1.3940900564193726
2026-09-16 12:45:00+00:00,1.3935799598693848
2026-09-16 13:00:00+00:00,1.3940600156784058
2026-09-16 13:15:00+00:00,1.3938299417495728
2026-09-16 13:30:00+00:00,1.3939599990844727
2026-09-16 13:45:00+00:00,1.3938100337982178
2026-09-16 14:00:00+00:00,1.3932600021362305
2026-09-16 14:15:00+00:00,1.393530011177063
2026-09-16 14:30:00+00:00,1.393239974975586
2026-09-16 14:45:00+00:00,1.3935199975967407
2026-09-16 15:00:00+00:00,1.3938100337982178
2026-09-16 15:15:00+00:00,1.3936799764633179
2026-09-16 15:30:00+00:00,1.3934600353240967
2026-09-16 15:45:00+00:00,1.393530011177063
2026-09-16 16:00:00+00:00,1.3933000564575195
2026-09-16 16:15:00+00:00,1.3937100172042847
2026-09-16 16:30:00+00:00,1.393970012664795
2026-09-16 16:45:00+00:00,1.3939900398254395
2026-09-16 17:00:00+00:00,1.3941700458526611
2026-09-16 17:15:00+00:00,1.394129991531372
2026-09-16 17:30:00+00:00,1.3937000036239624
2026-09-16 17:45:00+00:00,1.3935600519180298
2026-09-16 18:00:00+00:00,1.3959499597549438
2026-09-16 18:15:00+00:00,1.3969999551773071
2026-09-16 18:30:00+00:00,1.3977700471878052
2026-09-16 18:45:00+00:00,1.398900032043457
2026-09-16 19:00:00+00:00,1.3987699747085571
2026-09-16 19:15:00+00:00,1.3991600275039673
2026-09-16 19:30:00+00:00,1.3988900184631348
2026-09-16 19:45:00+00:00,1.3988800048828125
2026-09-16 20:00:00+00:00,1.3988699913024902
2026-09-16 20:15:00+00:00,1.3988399505615234
2026-09-16 20:30:00+00:00,1.3988399505615234
2026-09-16 20:45:00+00:00,1.3985999822616577
2026-09-16 21:00:00+00:00,1.3991999626159668
2026-09-16 21:15:00+00:00,1.398800015449524
2026-09-16 21:30:00+00:00,1.3985999822616577
2026-09-16 21:45:00+00:00,1.398669958114624
2026-09-16 22:00:00+00:00,1.3986999988555908
2026-09-16 22:15:00+00:00,1.3987300395965576
2026-09-16 22:30:00+00:00,1.3987599611282349
2026-09-16 22:45:00+00:00,1.3987699747085571
2026-09-16 23:00:00+00:00,1.3984999656677246
2026-09-16 23:15:00+00:00,1.399090051651001
2026-09-16 23:30:00+00:00,1.3988100290298462
2026-09-16 23:45:00+00:00,1.3988800048828125
2026-09-17 00:00:00+00:00,1.3987499475479126
2026-09-17 00:15:00+00:00,1.3985999822616577
2026-09-17 00:30:00+00:00,1.399090051651001
2026-09-17 00:45:00+00:00,1.3990000486373901
2026-09-17 01:00:00+00:00,1.3994699716567993
2026-09-17 01:15:00+00:00,1.3991600275039673
2026-09-17 01:30:00+00:00,1.3990999460220337
2026-09-17 01:45:00+00:00,1.3993300199508667
2026-09-17 02:00:00+00:00,1.3992899656295776
2026-09-17 02:15:00+00:00,1.3993200063705444
2026-09-17 02:30:00+00:00,1.3993500471115112
2026-09-17 02:45:00+00:00,1.3993200063705444
2026-09-17 03:00:00+00:00,1.3990700244903564
2026-09-17 03:15:00+00:00,1.3992999792099
2026-09-17 03:30:00+00:00,1.3993099927902222
2026-09-17 03:45:00+00:00,1.399209976196289
2026-09-17 04:00:00+00:00,1.3992199897766113
2026-09-17 04:15:00+00:00,1.3990999460220337
2026-09-17 04:30:00+00:00,1.3990299701690674
2026-09-17 04:45:00+00:00,1.3989200592041016
2026-09-17 05:00:00+00:00,1.3986899852752686
2026-09-17 05:15:00+00:00,1.3988300561904907
2026-09-17 05:30:00+00:00,1.3987799882888794
2026-09-17 05:45:00+00:00,1.3988699913024902
2026-09-17 06:00:00+00:00,1.3996000289916992
2026-09-17 06:15:00+00:00,1.3988100290298462
2026-09-17 06:30:00+00:00,1.3982000350952148
2026-09-17 06:45:00+00:00,1.3982800245285034
2026-09-17 07:00:00+00:00,1.3989100456237793
2026-09-17 07:15:00+00:00,1.3985300064086914
2026-09-17 07:30:00+00:00,1.398460030555725
2026-09-17 07:45:00+00:00,1.3985199928283691
2026-09-17 08:00:00+00:00,1.3989700078964233
2026-09-17 08:15:00+00:00,1.399090051651001
2026-09-17 08:30:00+00:00,1.3986799716949463
2026-09-17 08:45:00+00:00,1.3989100456237793
2026-09-17 09:00:00+00:00,1.3987499475479126
2026-09-17 09:15:00+00:00,1.3988499641418457
2026-09-17 09:30:00+00:00,1.3990600109100342
2026-09-17 09:45:00+00:00,1.3994100093841553
2026-09-17 10:00:00+00:00,1.3990299701690674
2026-09-17 10:15:00+00:00,1.3992199897766113
2026-09-17 10:30:00+00:00,1.399399995803833
2026-09-17 10:45:00+00:00,1.399340033531189
2026-09-17 11:00:00+00:00,1.3990999460220337
2026-09-17 11:15:00+00:00,1.399549961090088
2026-09-17 11:30:00+00:00,1.399530053138733
2026-09-17 11:45:00+00:00,1.3998899459838867
2026-09-17 12:00:00+00:00,1.3991400003433228
2026-09-17 12:15:00+00:00,1.398169994354248
2026-09-17 12:30:00+00:00,1.398300051689148
2026-09-17 12:45:00+00:00,1.3982499837875366
2026-09-17 13:00:00+00:00,1.3989299535751343
2026-09-17 13:15:00+00:00,1.3987499475479126
2026-09-17 13:30:00+00:00,1.3989299535751343
2026-09-17 13:45:00+00:00,1.3980200290679932
2026-09-17 14:00:00+00:00,1.397570013999939
2026-09-17 14:15:00+00:00,1.3974000215530396
2026-09-17 14:30:00+00:00,1.3977700471878052
2026-09-17 14:45:00+00:00,1.3982000350952148
2026-09-17 15:00:00+00:00,1.398650050163269
2026-09-17 15:15:00+00:00,1.3991899490356445
2026-09-17 15:30:00+00:00,1.3993799686431885
2026-09-17 15:45:00+00:00,1.399209976196289
2026-09-17 16:00:00+00:00,1.3990099430084229
2026-09-17 16:15:00+00:00,1.3987200260162354
2026-09-17 16:30:00+00:00,1.398360013961792
2026-09-17 16:45:00+00:00,1.3985300064086914
2026-09-17 17:00:00+00:00,1.3987699747085571
2026-09-17 17:15:00+00:00,1.3987900018692017
2026-09-17 17:30:00+00:00,1.398650050163269
2026-09-17 17:45:00+00:00,1.3986599445343018
2026-09-17 18:00:00+00:00,1.3983999490737915
2026-09-17 18:15:00+00:00,1.3988699913024902
2026-09-17 18:30:00+00:00,1.3990299701690674
2026-09-17 18:45:00+00:00,1.3991600275039673
2026-09-17 19:00:00+00:00,1.3990299701690674
2026-09-17 19:15:00+00:00,1.3989399671554565
2026-09-17 19:30:00+00:00,1.3989299535751343
2026-09-17 19:45:00+00:00,1.3988499641418457
2026-09-17 20:00:00+00:00,1.3989399671554565
2026-09-17 20:15:00+00:00,1.3988900184631348
2026-09-17 20:30:00+00:00,1.3989499807357788
2026-09-17 20:45:00+00:00,1.3989499807357788
2026-09-17 21:00:00+00:00,1.3985999822616577
2026-09-17 21:15:00+00:00,1.3991999626159668
2026-09-17 21:30:00+00:00,1.3992899656295776
2026-09-17 21:45:00+00:00,1.3991999626159668
2026-09-17 22:00:00+00:00,1.3990299701690674
2026-09-17 22:15:00+00:00,1.398800015449524
2026-09-17 22:30:00+00:00,1.398900032043457
2026-09-17 22:45:00+00:00,1.3989700078964233
2026-09-17 23:00:00+00:00,1.398800015449524
2026-09-17 23:15:00+00:00,1.3990099430084229
2026-09-17 23:30:00+00:00,1.3990099430084229
2026-09-17 23:45:00+00:00,1.398800015449524
2026-09-18 00:00:00+00:00,1.3990000486373901
2026-09-18 00:15:00+00:00,1.3991199731826782
2026-09-18 00:30:00+00:00,1.3990700244903564
2026-09-18 00:45:00+00:00,1.3988699913024902
2026-09-18 01:00:00+00:00,1.3988699913024902
2026-09-18 01:15:00+00:00,1.3986999988555908
2026-09-18 01:30:00+00:00,1.3988800048828125
2026-09-18 01:45:00+00:00,1.3982000350952148
2026-09-18 02:00:00+00:00,1.398800015449524
2026-09-18 02:15:00+00:00,1.3986400365829468
2026-09-18 02:30:00+00:00,1.3986799716949463
2026-09-18 02:45:00+00:00,1.398360013961792
2026-09-18 03:00:00+00:00,1.3983099460601807
2026-09-18 03:15:00+00:00,1.3983999490737915
2026-09-18 03:30:00+00:00,1.398010015487671
2026-09-18 03:45:00+00:00,1.3979300260543823
2026-09-18 04:00:00+00:00,1.3976500034332275
2026-09-18 04:15:00+00:00,1.3978099822998047
2026-09-18 04:30:00+00:00,1.3979599475860596
2026-09-18 04:45:00+00:00,1.398229956626892
2026-09-18 05:00:00+00:00,1.3983800411224365
2026-09-18 05:15:00+00:00,1.3987200260162354
2026-09-18 05:30:00+00:00,1.3988699913024902
2026-09-18 05:45:00+00:00,1.3992600440979004
2026-09-18 06:00:00+00:00,1.3994100093841553
2026-09-18 06:15:00+00:00,1.399530053138733
2026-09-18 06:30:00+00:00,1.3996399641036987
2026-09-18 06:45:00+00:00,1.3995699882507324
2026-09-18 07:00:00+00:00,1.4000600576400757
2026-09-18 07:15:00+00:00,1.4002100229263306
2026-09-18 07:30:00+00:00,1.3998700380325317
2026-09-18 07:45:00+00:00,1.3996000289916992
2026-09-18 08:00:00+00:00,1.3995800018310547
2026-09-18 08:15:00+00:00,1.399530053138733
2026-09-18 08:30:00+00:00,1.3999899625778198
2026-09-18 08:45:00+00:00,1.399999976158142
2026-09-18 09:00:00+00:00,1.4004100561141968
2026-09-18 09:15:00+00:00,1.399899959564209
2026-09-18 09:30:00+00:00,1.399780035018921
2026-09-18 09:45:00+00:00,1.3997100591659546
2026-09-18 10:00:00+00:00,1.399839997291565
2026-09-18 10:15:00+00:00,1.3999899625778198
2026-09-18 10:30:00+00:00,1.4005199670791626
2026-09-18 10:45:00+00:00,1.4004700183868408
2026-09-18 11:00:00+00:00,1.400480031967163
2026-09-18 11:15:00+00:00,1.4006400108337402
2026-09-18 11:30:00+00:00,1.4014099836349487
2026-09-18 11:45:00+00:00,1.4010000228881836
2026-09-18 12:00:00+00:00,1.4012600183486938
2026-09-18 12:15:00+00:00,1.4010299444198608
2026-09-18 12:30:00+00:00,1.4005999565124512
2026-09-18 12:45:00+00:00,1.4005000591278076
2026-09-18 13:00:00+00:00,1.3999899625778198
2026-09-18 13:15:00+00:00,1.4000999927520752
2026-09-18 13:30:00+00:00,1.4004000425338745
2026-09-18 13:45:00+00:00,1.4008300304412842
2026-09-18 14:00:00+00:00,1.400439977645874
2026-09-18 14:15:00+00:00,1.4002000093460083
2026-09-18 14:30:00+00:00,1.4009000062942505
2026-09-18 14:45:00+00:00,1.4007500410079956
2026-09-18 15:00:00+00:00,1.4010299444198608
2026-09-18 15:15:00+00:00,1.4008100032806396
2026-09-18 15:30:00+00:00,1.400920033454895
2026-09-18 15:45:00+00:00,1.400820016860962
2026-09-18 16:00:00+00:00,1.4006199836730957
2026-09-18 16:15:00+00:00,1.400439977645874
2026-09-18 16:30:00+00:00,1.4001200199127197
2026-09-18 16:45:00+00:00,1.4000600576400757
2026-09-18 17:00:00+00:00,1.3995699882507324
2026-09-18 17:15:00+00:00,1.3996200561523438
2026-09-18 17:30:00+00:00,1.3994499444961548
2026-09-18 17:45:00+00:00,1.3994300365447998
2026-09-18 18:00:00+00:00,1.3991999626159668
2026-09-18 18:15:00+00:00,1.3995100259780884
2026-09-18 18:30:00+00:00,1.3995399475097656
2026-09-18 18:45:00+00:00,1.3992300033569336
2026-09-18 19:00:00+00:00,1.3989200592041016
2026-09-18 19:15:00+00:00,1.398859977722168
2026-09-18 19:30:00+00:00,1.399109959602356
2026-09-18 19:45:00+00:00,1.3991299867630005
2026-09-18 20:00:00+00:00,1.3985999822616577
2026-09-18 20:15:00+00:00,1.3988900184631348
2026-09-18 20:30:00+00:00,1.398650050163269
2026-09-18 20:45:00+00:00,1.3983999490737915
2026-09-18 21:00:00+00:00,1.3986999988555908
2026-09-18 21:45:00+00:00,1.3982000350952148
2026-09-20 23:00:00+00:00,1.3992300033569336
2026-09-20 23:15:00+00:00,1.3992999792099
2026-09-20 23:30:00+00:00,1.3994499444961548
2026-09-20 23:45:00+00:00,1.3994100093841553
2026-09-21 00:00:00+00:00,1.3991800546646118
2026-09-21 00:15:00+00:00,1.3992300033569336
2026-09-21 00:30:00+00:00,1.3991600275039673
2026-09-21 00:45:00+00:00,1.3996000289916992
2026-09-21 01:00:00+00:00,1.3995800018310547
2026-09-21 01:15:00+00:00,1.3991999626159668
2026-09-21 01:30:00+00:00,1.3995000123977661
2026-09-21 01:45:00+00:00,1.3997600078582764
2026-09-21 02:00:00+00:00,1.3999799489974976
2026-09-21 02:15:00+00:00,1.4000600576400757
2026-09-21 02:30:00+00:00,1.399999976158142
2026-09-21 02:45:00+00:00,1.4002200365066528
2026-09-21 03:00:00+00:00,1.4003000259399414
2026-09-21 03:15:00+00:00,1.4002399444580078
2026-09-21 03:30:00+00:00,1.400339961051941
2026-09-21 03:45:00+00:00,1.4003000259399414
2026-09-21 04:00:00+00:00,1.400130033493042
2026-09-21 04:15:00+00:00,1.4003900289535522
2026-09-21 04:30:00+00:00,1.4003000259399414
2026-09-21 04:45:00+00:00,1.400439977645874
2026-09-21 05:00:00+00:00,1.4004299640655518
2026-09-21 05:15:00+00:00,1.4007099866867065
2026-09-21 05:30:00+00:00,1.4008599519729614
2026-09-21 05:45:00+00:00,1.4008699655532837
2026-09-21 06:00:00+00:00,1.4018100500106812
2026-09-21 06:15:00+00:00,1.4017499685287476
2026-09-21 06:30:00+00:00,1.4018700122833252
2026-09-21 06:45:00+00:00,1.401729941368103
2026-09-21 07:00:00+00:00,1.4020299911499023
2026-09-21 07:15:00+00:00,1.4016300439834595
2026-09-21 07:30:00+00:00,1.4014999866485596
2026-09-21 07:45:00+00:00,1.40146005153656
2026-09-21 08:00:00+00:00,1.4009000062942505
2026-09-21 08:15:00+00:00,1.4007999897003174
2026-09-21 08:30:00+00:00,1.4008699655532837
2026-09-21 08:45:00+00:00,1.4013899564743042
2026-09-21 09:00:00+00:00,1.4013299942016602
2026-09-21 09:15:00+00:00,1.4017399549484253
2026-09-21 09:30:00+00:00,1.4018700122833252
2026-09-21 09:45:00+00:00,1.4020299911499023
2026-09-21 10:00:00+00:00,1.4019299745559692
2026-09-21 10:15:00+00:00,1.4019299745559692
2026-09-21 10:30:00+00:00,1.401859998703003
2026-09-21 10:45:00+00:00,1.4016499519348145
2026-09-21 11:00:00+00:00,1.4012099504470825
2026-09-21 11:15:00+00:00,1.4007500410079956
2026-09-21 11:30:00+00:00,1.400320053100586
2026-09-21 11:45:00+00:00,1.3997000455856323
2026-09-21 12:00:00+00:00,1.4005199670791626
2026-09-21 12:15:00+00:00,1.4003599882125854
2026-09-21 12:30:00+00:00,1.4001400470733643
2026-09-21 12:45:00+00:00,1.3996299505233765
2026-09-21 13:00:00+00:00,1.4000999927520752
2026-09-21 13:15:00+00:00,1.3997000455856323
2026-09-21 13:30:00+00:00,1.4005000591278076
2026-09-21 13:45:00+00:00,1.4012700319290161
2026-09-21 14:00:00+00:00,1.4018100500106812
2026-09-21 14:15:00+00:00,1.4015799760818481
2026-09-21 14:30:00+00:00,1.4015400409698486
2026-09-21 14:45:00+00:00,1.4015100002288818
2026-09-21 15:00:00+00:00,1.4018000364303589
2026-09-21 15:15:00+00:00,1.4020999670028687
2026-09-21 15:30:00+00:00,1.4022799730300903
2026-09-21 15:45:00+00:00,1.4023100137710571
2026-09-21 16:00:00+00:00,1.4024499654769897
2026-09-21 16:15:00+00:00,1.4026299715042114
2026-09-21 16:30:00+00:00,1.4027299880981445
2026-09-21 16:45:00+00:00,1.403130054473877
2026-09-21 17:00:00+00:00,1.4031100273132324
2026-09-21 17:15:00+00:00,1.4027899503707886
2026-09-21 17:30:00+00:00,1.402899980545044
2026-09-21 17:45:00+00:00,1.403090000152588
2026-09-21 18:00:00+00:00,1.4029799699783325
2026-09-21 18:15:00+00:00,1.4031800031661987
2026-09-21 18:30:00+00:00,1.4035999774932861
2026-09-21 18:45:00+00:00,1.4038100242614746
2026-09-21 19:00:00+00:00,1.4033700227737427
2026-09-21 19:15:00+00:00,1.4033000469207764
2026-09-21 19:30:00+00:00,1.4031000137329102
2026-09-21 19:45:00+00:00,1.4031000137329102
2026-09-21 20:00:00+00:00,1.403689980506897
2026-09-21 20:15:00+00:00,1.4036400318145752
2026-09-21 20:30:00+00:00,1.4035600423812866
2026-09-21 20:45:00+00:00,1.403190016746521
2026-09-21 21:00:00+00:00,1.4031000137329102
2026-09-21 21:15:00+00:00,1.402899980545044
2026-09-21 21:30:00+00:00,1.4026999473571777
2026-09-21 21:45:00+00:00,1.4027999639511108
2026-09-21 22:00:00+00:00,1.402899980545044
2026-09-21 22:15:00+00:00,1.403130054473877
2026-09-21 22:30:00+00:00,1.4027999639511108
2026-09-21 22:45:00+00:00,1.4032100439071655
2026-09-21 23:00:00+00:00,1.4032100439071655
2026-09-21 23:15:00+00:00,1.4032800197601318
2026-09-21 23:30:00+00:00,1.4032599925994873
2026-09-21 23:45:00+00:00,1.4033199548721313
2026-09-22 00:00:00+00:00,1.402999997138977
2026-09-22 00:15:00+00:00,1.4030799865722656
2026-09-22 00:30:00+00:00,1.4030100107192993
2026-09-22 00:45:00+00:00,1.4030799865722656
2026-09-22 01:00:00+00:00,1.4036600589752197
2026-09-22 01:15:00+00:00,1.4037400484085083
2026-09-22 01:30:00+00:00,1.4042099714279175
2026-09-22 01:45:00+00:00,1.404129981994629
2026-09-22 02:00:00+00:00,1.4036999940872192
2026-09-22 02:15:00+00:00,1.4031000137329102
2026-09-22 02:30:00+00:00,1.4032299518585205
2026-09-22 02:45:00+00:00,1.4033399820327759
2026-09-22 03:00:00+00:00,1.4031200408935547
2026-09-22 03:15:00+00:00,1.4026000499725342
2026-09-22 03:30:00+00:00,1.402959942817688
2026-09-22 03:45:00+00:00,1.4028500318527222
2026-09-22 04:00:00+00:00,1.4026700258255005
2026-09-22 04:15:00+00:00,1.402649998664856
2026-09-22 04:30:00+00:00,1.4024900197982788
2026-09-22 04:45:00+00:00,1.4024900197982788
2026-09-22 05:00:00+00:00,1.402500033378601
2026-09-22 05:15:00+00:00,1.4025299549102783
2026-09-22 05:30:00+00:00,1.402750015258789
2026-09-22 05:45:00+00:00,1.4026399850845337
2026-09-22 06:00:00+00:00,1.4026199579238892
2026-09-22 06:15:00+00:00,1.4028199911117554
2026-09-22 06:30:00+00:00,1.402809977531433
2026-09-22 06:45:00+00:00,1.4021999835968018
2026-09-22 07:00:00+00:00,1.402400016784668
2026-09-22 07:15:00+00:00,1.4026000499725342
2026-09-22 07:30:00+00:00,1.4033199548721313
2026-09-22 07:45:00+00:00,1.4039900302886963
2026-09-22 08:00:00+00:00,1.404229998588562
2026-09-22 08:15:00+00:00,1.4046200513839722
2026-09-22 08:30:00+00:00,1.4040000438690186
2026-09-22 08:45:00+00:00,1.4039299488067627
2026-09-22 09:00:00+00:00,1.4041500091552734
2026-09-22 09:15:00+00:00,1.4039700031280518
2026-09-22 09:30:00+00:00,1.4032800197601318
2026-09-22 09:45:00+00:00,1.4029300212860107
2026-09-22 10:00:00+00:00,1.4033900499343872
2026-09-22 10:15:00+00:00,1.4035700559616089
2026-09-22 10:30:00+00:00,1.4033000469207764
2026-09-22 10:45:00+00:00,1.403249979019165
2026-09-22 11:00:00+00:00,1.4035600423812866
2026-09-22 11:15:00+00:00,1.4038200378417969
2026-09-22 11:30:00+00:00,1.4035999774932861
2026-09-22 11:45:00+00:00,1.4039000272750854
2026-09-22 12:00:00+00:00,1.4043400287628174
2026-09-22 12:15:00+00:00,1.4041600227355957
2026-09-22 12:30:00+00:00,1.4043500423431396
2026-09-22 12:45:00+00:00,1.4047499895095825
2026-09-22 13:00:00+00:00,1.4048899412155151
2026-09-22 13:15:00+00:00,1.4050500392913818
2026-09-22 13:30:00+00:00,1.4046299457550049
2026-09-22 13:45:00+00:00,1.4052599668502808
2026-09-22 14:00:00+00:00,1.4058599472045898
2026-09-22 14:15:00+00:00,1.405809998512268
2026-09-22 14:30:00+00:00,1.4060800075531006
2026-09-22 14:45:00+00:00,1.4062399864196777
2026-09-22 15:00:00+00:00,1.4067000150680542
2026-09-22 15:15:00+00:00,1.4066799879074097
2026-09-22 15:30:00+00:00,1.4072099924087524
2026-09-22 15:45:00+00:00,1.4071600437164307
2026-09-22 16:00:00+00:00,1.407670021057129
2026-09-22 16:15:00+00:00,1.4072500467300415
2026-09-22 16:30:00+00:00,1.4072699546813965
2026-09-22 16:45:00+00:00,1.4070700407028198
2026-09-22 17:00:00+00:00,1.4076600074768066
2026-09-22 17:15:00+00:00,1.407789945602417
2026-09-22 17:30:00+00:00,1.4081699848175049
2026-09-22 17:45:00+00:00,1.4072999954223633
2026-09-22 18:00:00+00:00,1.4068599939346313
2026-09-22 18:15:00+00:00,1.4065699577331543
2026-09-22 18:30:00+00:00,1.4066200256347656
2026-09-22 18:45:00+00:00,1.4067699909210205
2026-09-22 19:00:00+00:00,1.4066400527954102
2026-09-22 19:15:00+00:00,1.4064699411392212
2026-09-22 19:30:00+00:00,1.4062000513076782
2026-09-22 19:45:00+00:00,1.4065500497817993
2026-09-22 20:00:00+00:00,1.4064899682998657
2026-09-22 20:15:00+00:00,1.4063800573349
2026-09-22 20:30:00+00:00,1.4063299894332886
2026-09-22 20:45:00+00:00,1.4065099954605103
2026-09-22 21:00:00+00:00,1.4061100482940674
2026-09-22 21:15:00+00:00,1.4057999849319458
2026-09-22 21:30:00+00:00,1.4057300090789795
2026-09-22 21:45:00+00:00,1.405750036239624
2026-09-22 22:00:00+00:00,1.406499981880188
2026-09-22 22:15:00+00:00,1.4064199924468994
2026-09-22 22:30:00+00:00,1.406499981880188
2026-09-22 22:45:00+00:00,1.4063999652862549
2026-09-22 23:00:00+00:00,1.406559944152832
2026-09-22 23:15:00+00:00,1.4065200090408325
2026-09-22 23:30:00+00:00,1.4062000513076782
2026-09-22 23:45:00+00:00,1.4065699577331543
2026-09-23 00:00:00+00:00,1.4069099426269531
2026-09-23 00:15:00+00:00,1.4066400527954102
2026-09-23 00:30:00+00:00,1.406559944152832
2026-09-23 00:45:00+00:00,1.4067000150680542
2026-09-23 01:00:00+00:00,1.4071199893951416
2026-09-23 01:15:00+00:00,1.407520055770874
2026-09-23 01:30:00+00:00,1.4072400331497192
2026-09-23 01:45:00+00:00,1.407349944114685
2026-09-23 02:00:00+00:00,1.407920002937317
2026-09-23 02:15:00+00:00,1.4078799486160278
2026-09-23 02:30:00+00:00,1.4074000120162964
2026-09-23 02:45:00+00:00,1.4080599546432495
2026-09-23 03:00:00+00:00,1.4080899953842163
2026-09-23 03:15:00+00:00,1.4081300497055054
2026-09-23 03:30:00+00:00,1.4082900285720825
2026-09-23 03:45:00+00:00,1.4084700345993042
2026-09-23 04:00:00+00:00,1.4083399772644043
2026-09-23 04:15:00+00:00,1.407960057258606
2026-09-23 04:30:00+00:00,1.4082599878311157
2026-09-23 04:45:00+00:00,1.408310055732727
2026-09-23 05:00:00+00:00,1.4079999923706055
2026-09-23 05:15:00+00:00,1.408139944076538
2026-09-23 05:30:00+00:00,1.4083199501037598
2026-09-23 05:45:00+00:00,1.408270001411438
2026-09-23 06:00:00+00:00,1.40871000289917
2026-09-23 06:15:00+00:00,1.4087300300598145
2026-09-23 06:30:00+00:00,1.4081599712371826
2026-09-23 06:45:00+00:00,1.4084299802780151
2026-09-23 07:00:00+00:00,1.408400058746338
2026-09-23 07:15:00+00:00,1.408400058746338
2026-09-23 07:30:00+00:00,1.4084999561309814
2026-09-23 07:45:00+00:00,1.4089399576187134
2026-09-23 08:00:00+00:00,1.408959984779358
2026-09-23 08:15:00+00:00,1.408560037612915
2026-09-23 08:30:00+00:00,1.4083900451660156
2026-09-23 08:45:00+00:00,1.4081300497055054
2026-09-23 09:00:00+00:00,1.4081900119781494
2026-09-23 09:15:00+00:00,1.4080699682235718
2026-09-23 09:30:00+00:00,1.4081699848175049
2026-09-23 09:45:00+00:00,1.4084999561309814
2026-09-23 10:00:00+00:00,1.4086400270462036
2026-09-23 10:15:00+00:00,1.4084800481796265
2026-09-23 10:30:00+00:00,1.4084099531173706
2026-09-23 10:45:00+00:00,1.4085400104522705
2026-09-23 11:00:00+00:00,1.4084999561309814
2026-09-23 11:15:00+00:00,1.408869981765747
2026-09-23 11:30:00+00:00,1.4086999893188477
2026-09-23 11:45:00+00:00,1.4089200496673584
2026-09-23 12:00:00+00:00,1.4087799787521362
2026-09-23 12:15:00+00:00,1.4092700481414795
2026-09-23 12:30:00+00:00,1.4088000059127808
2026-09-23 12:45:00+00:00,1.4084500074386597
2026-09-23 13:00:00+00:00,1.4091500043869019
2026-09-23 13:15:00+00:00,1.4083199501037598
2026-09-23 13:30:00+00:00,1.4090700149536133
2026-09-23 13:45:00+00:00,1.4098299741744995
2026-09-23 14:00:00+00:00,1.4095699787139893
2026-09-23 14:15:00+00:00,1.4105299711227417
2026-09-23 14:30:00+00:00,1.4092299938201904
2026-09-23 14:45:00+00:00,1.4094500541687012
2026-09-23 15:00:00+00:00,1.4097199440002441
2026-09-23 15:15:00+00:00,1.4091999530792236
2026-09-23 15:30:00+00:00,1.409809947013855
2026-09-23 15:45:00+00:00,1.4093999862670898
2026-09-23 16:00:00+00:00,1.4097199440002441
2026-09-23 16:15:00+00:00,1.409600019454956
2026-09-23 16:30:00+00:00,1.4096800088882446
2026-09-23 16:45:00+00:00,1.4101999998092651
2026-09-23 17:00:00+00:00,1.4101999998092651
2026-09-23 17:15:00+00:00,1.4101500511169434
2026-09-23 17:30:00+00:00,1.4094699621200562
2026-09-23 17:45:00+00:00,1.409190058708191
2026-09-23 18:00:00+00:00,1.4095200300216675
2026-09-23 18:15:00+00:00,1.4098299741744995
2026-09-23 18:30:00+00:00,1.409890055656433
2026-09-23 18:45:00+00:00,1.4096800088882446
2026-09-23 19:00:00+00:00,1.4095799922943115
2026-09-23 19:15:00+00:00,1.4092999696731567
2026-09-23 19:30:00+00:00,1.4097900390625
2026-09-23 19:45:00+00:00,1.4100500345230103
2026-09-23 20:00:00+00:00,1.4100799560546875
2026-09-23 20:15:00+00:00,1.4100300073623657
2026-09-23 20:30:00+00:00,1.409999966621399
2026-09-23 20:45:00+00:00,1.4098000526428223
2026-09-23 21:00:00+00:00,1.4101500511169434
2026-09-23 21:15:00+00:00,1.410099983215332
2026-09-23 21:30:00+00:00,1.4097000360488892
2026-09-23 21:45:00+00:00,1.4098999500274658
2026-09-23 22:00:00+00:00,1.4102200269699097
2026-09-23 22:15:00+00:00,1.4101200103759766
2026-09-23 22:30:00+00:00,1.410040020942688
2026-09-23 22:45:00+00:00,1.4100600481033325
2026-09-23 23:00:00+00:00,1.4100799560546875
2026-09-23 23:15:00+00:00,1.4104900360107422
2026-09-23 23:30:00+00:00,1.4098999500274658
2026-09-23 23:45:00+00:00,1.4103800058364868
2026-09-24 00:00:00+00:00,1.409999966621399
2026-09-24 00:15:00+00:00,1.410580039024353
2026-09-24 00:30:00+00:00,1.4108799695968628
2026-09-24 00:45:00+00:00,1.4107199907302856
2026-09-24 01:00:00+00:00,1.410330057144165
2026-09-24 01:15:00+00:00,1.4106299877166748
2026-09-24 01:30:00+00:00,1.4107500314712524
2026-09-24 01:45:00+00:00,1.4106999635696411
2026-09-24 02:00:00+00:00,1.411180019378662
2026-09-24 02:15:00+00:00,1.4108699560165405
2026-09-24 02:30:00+00:00,1.4102599620819092
2026-09-24 02:45:00+00:00,1.4101699590682983
2026-09-24 03:00:00+00:00,1.409600019454956
2026-09-24 03:15:00+00:00,1.4105000495910645
2026-09-24 03:30:00+00:00,1.4106600284576416
2026-09-24 03:45:00+00:00,1.4104000329971313
2026-09-24 04:00:00+00:00,1.4105700254440308
2026-09-24 04:15:00+00:00,1.4105299711227417
2026-09-24 04:30:00+00:00,1.4102699756622314
2026-09-24 04:45:00+00:00,1.4103599786758423
2026-09-24 05:00:00+00:00,1.410099983215332
2026-09-24 05:15:00+00:00,1.410159945487976
2026-09-24 05:30:00+00:00,1.4102699756622314
2026-09-24 05:45:00+00:00,1.4106700420379639
2026-09-24 06:00:00+00:00,1.4103000164031982
2026-09-24 06:15:00+00:00,1.4098999500274658
2026-09-24 06:30:00+00:00,1.410099983215332
2026-09-24 06:45:00+00:00,1.4104000329971313
2026-09-24 07:00:00+00:00,1.410539984703064
2026-09-24 07:15:00+00:00,1.4105900526046753
2026-09-24 07:30:00+00:00,1.410580039024353
2026-09-24 07:45:00+00:00,1.4105199575424194
2026-09-24 08:00:00+00:00,1.4099500179290771
2026-09-24 08:15:00+00:00,1.4105099439620972
2026-09-24 08:30:00+00:00,1.410390019416809
2026-09-24 08:45:00+00:00,1.410580039024353
2026-09-24 09:00:00+00:00,1.4109100103378296
2026-09-24 09:15:00+00:00,1.4108400344848633
2026-09-24 09:30:00+00:00,1.4107999801635742
2026-09-24 09:45:00+00:00,1.4105000495910645
2026-09-24 10:00:00+00:00,1.4107199907302856
2026-09-24 10:15:00+00:00,1.4114700555801392
2026-09-24 10:30:00+00:00,1.4111000299453735
2026-09-24 10:45:00+00:00,1.41143000125885
2026-09-24 11:00:00+00:00,1.411620020866394
2026-09-24 11:15:00+00:00,1.4112900495529175
2026-09-24 11:30:00+00:00,1.411329984664917
2026-09-24 11:45:00+00:00,1.4117300510406494
2026-09-24 12:00:00+00:00,1.4118000268936157
2026-09-24 12:15:00+00:00,1.411679983139038
2026-09-24 12:30:00+00:00,1.4120099544525146
2026-09-24 12:45:00+00:00,1.41225004196167
2026-09-24 13:00:00+00:00,1.4127000570297241
2026-09-24 13:15:00+00:00,1.4132599830627441
2026-09-24 13:30:00+00:00,1.4134299755096436
2026-09-24 13:45:00+00:00,1.4132499694824219
2026-09-24 14:00:00+00:00,1.4137200117111206
2026-09-24 14:15:00+00:00,1.4139100313186646
2026-09-24 14:30:00+00:00,1.4136300086975098
2026-09-24 14:45:00+00:00,1.4137699604034424
2026-09-24 15:00:00+00:00,1.4142999649047852
2026-09-24 15:15:00+00:00,1.4144999980926514
2026-09-24 15:30:00+00:00,1.4145400524139404
2026-09-24 15:45:00+00:00,1.4140700101852417
2026-09-24 16:00:00+00:00,1.4134900569915771
2026-09-24 16:15:00+00:00,1.4128700494766235
2026-09-24 16:30:00+00:00,1.413100004196167
2026-09-24 16:45:00+00:00,1.413409948348999
2026-09-24 17:00:00+00:00,1.4132299423217773
2026-09-24 17:15:00+00:00,1.413699984550476
2026-09-24 17:30:00+00:00,1.4140299558639526
2026-09-24 17:45:00+00:00,1.4141000509262085
2026-09-24 18:00:00+00:00,1.4141099452972412
2026-09-24 18:15:00+00:00,1.413599967956543
2026-09-24 18:30:00+00:00,1.4141000509262085
2026-09-24 18:45:00+00:00,1.4141499996185303
2026-09-24 19:00:00+00:00,1.413699984550476
2026-09-24 19:15:00+00:00,1.4139000177383423
2026-09-24 19:30:00+00:00,1.41389000415802
2026-09-24 19:45:00+00:00,1.4137099981307983
2026-09-24 20:00:00+00:00,1.4134999513626099
2026-09-24 20:15:00+00:00,1.4140700101852417
2026-09-24 20:30:00+00:00,1.414039969444275
2026-09-24 20:45:00+00:00,1.4132000207901
2026-09-24 21:00:00+00:00,1.4134999513626099
2026-09-24 21:15:00+00:00,1.4134999513626099
2026-09-24 21:30:00+00:00,1.4134000539779663
2026-09-24 21:45:00+00:00,1.4139800071716309
2026-09-24 22:00:00+00:00,1.414180040359497
2026-09-24 22:15:00+00:00,1.413699984550476
2026-09-24 22:30:00+00:00,1.4141000509262085
2026-09-24 22:45:00+00:00,1.4141499996185303
2026-09-24 23:00:00+00:00,1.4142800569534302
2026-09-24 23:15:00+00:00,1.4144099950790405
2026-09-24 23:30:00+00:00,1.414389967918396
2026-09-24 23:45:00+00:00,1.414739966392517
2026-09-25 00:00:00+00:00,1.4145599603652954
2026-09-25 00:15:00+00:00,1.4144599437713623
2026-09-25 00:30:00+00:00,1.414639949798584
2026-09-25 00:45:00+00:00,1.4144799709320068
2026-09-25 01:00:00+00:00,1.4139900207519531
2026-09-25 01:15:00+00:00,1.4141000509262085
2026-09-25 01:30:00+00:00,1.4144599437713623
2026-09-25 01:45:00+00:00,1.4144500494003296
2026-09-25 02:00:00+00:00,1.4142999649047852
2026-09-25 02:15:00+00:00,1.4143099784851074
2026-09-25 02:30:00+00:00,1.4144099950790405
2026-09-25 02:45:00+00:00,1.4143999814987183
2026-09-25 03:00:00+00:00,1.4148900508880615
2026-09-25 03:15:00+00:00,1.4144999980926514
2026-09-25 03:30:00+00:00,1.414720058441162
2026-09-25 03:45:00+00:00,1.4147000312805176
2026-09-25 04:00:00+00:00,1.4148199558258057
2026-09-25 04:15:00+00:00,1.4148499965667725
2026-09-25 04:30:00+00:00,1.4144999980926514
2026-09-25 04:45:00+00:00,1.4148900508880615
2026-09-25 05:00:00+00:00,1.4147900342941284
2026-09-25 05:15:00+00:00,1.4148800373077393
2026-09-25 05:30:00+00:00,1.4148399829864502
2026-09-25 05:45:00+00:00,1.4148499965667725
2026-09-25 06:00:00+00:00,1.4153399467468262
2026-09-25 06:15:00+00:00,1.4148999452590942
2026-09-25 06:30:00+00:00,1.4146000146865845
2026-09-25 06:45:00+00:00,1.414829969406128
2026-09-25 07:00:00+00:00,1.4150999784469604
2026-09-25 07:15:00+00:00,1.415079951286316
2026-09-25 07:30:00+00:00,1.41497004032135
2026-09-25 07:45:00+00:00,1.4142800569534302
2026-09-25 08:00:00+00:00,1.414080023765564
2026-09-25 08:15:00+00:00,1.4145699739456177
2026-09-25 08:30:00+00:00,1.4149199724197388
2026-09-25 08:45:00+00:00,1.4144999980926514
2026-09-25 09:00:00+00:00,1.4144099950790405
2026-09-25 09:15:00+00:00,1.4145599603652954
2026-09-25 09:30:00+00:00,1.4144400358200073
2026-09-25 09:45:00+00:00,1.4144999980926514
2026-09-25 10:00:00+00:00,1.4141199588775635
2026-09-25 10:15:00+00:00,1.4141600131988525
2026-09-25 10:30:00+00:00,1.4136899709701538
2026-09-25 10:45:00+00:00,1.4138000011444092
2026-09-25 11:00:00+00:00,1.4139000177383423
2026-09-25 11:15:00+00:00,1.4140900373458862
2026-09-25 11:30:00+00:00,1.414180040359497
2026-09-25 11:45:00+00:00,1.4144799709320068
2026-09-25 12:00:00+00:00,1.4140900373458862
2026-09-25 12:15:00+00:00,1.4136600494384766
2026-09-25 12:30:00+00:00,1.4141099452972412
2026-09-25 12:45:00+00:00,1.4140199422836304
2026-09-25 13:00:00+00:00,1.414199948310852
2026-09-25 13:15:00+00:00,1.4142999649047852
2026-09-25 13:30:00+00:00,1.4138000011444092
2026-09-25 13:45:00+00:00,1.4140700101852417
2026-09-25 14:00:00+00:00,1.414270043373108
2026-09-25 14:15:00+00:00,1.414870023727417
2026-09-25 14:30:00+00:00,1.4142500162124634
2026-09-25 14:45:00+00:00,1.413640022277832
2026-09-25 15:00:00+00:00,1.4139900207519531
2026-09-25 15:15:00+00:00,1.4134999513626099
2026-09-25 15:30:00+00:00,1.4143400192260742
2026-09-25 15:45:00+00:00,1.4140599966049194
2026-09-25 16:00:00+00:00,1.4142500162124634
2026-09-25 16:15:00+00:00,1.4145699739456177
2026-09-25 16:30:00+00:00,1.4148000478744507
2026-09-25 16:45:00+00:00,1.4148000478744507
2026-09-25 17:00:00+00:00,1.415079951286316
2026-09-25 17:15:00+00:00,1.4152799844741821
2026-09-25 17:30:00+00:00,1.415179967880249
2026-09-25 17:45:00+00:00,1.4152899980545044
2026-09-25 18:00:00+00:00,1.4151699542999268
2026-09-25 18:15:00+00:00,1.4146000146865845
2026-09-25 18:30:00+00:00,1.41457998752594
2026-09-25 18:45:00+00:00,1.4143699407577515
2026-09-25 19:00:00+00:00,1.4139000177383423
2026-09-25 19:15:00+00:00,1.4143600463867188
2026-09-25 19:30:00+00:00,1.414489984512329
2026-09-25 19:45:00+00:00,1.4144599437713623
2026-09-25 20:00:00+00:00,1.4143999814987183
2026-09-25 20:15:00+00:00,1.414520025253296
2026-09-25 20:30:00+00:00,1.4143199920654297
2026-09-25 20:45:00+00:00,1.4139000177383423
2026-09-25 21:00:00+00:00,1.4141000509262085
2026-09-27 23:00:00+00:00,1.4152599573135376
2026-09-27 23:15:00+00:00,1.4150999784469604
2026-09-27 23:30:00+00:00,1.4155199527740479
2026-09-27 23:45:00+00:00,1.4154399633407593
2026-09-28 00:00:00+00:00,1.4156099557876587
2026-09-28 00:15:00+00:00,1.4155000448226929
2026-09-28 00:30:00+00:00,1.4159599542617798
2026-09-28 00:45:00+00:00,1.4156099557876587
2026-09-28 01:00:00+00:00,1.4155100584030151
2026-09-28 01:15:00+00:00,1.415310025215149
2026-09-28 01:30:00+00:00,1.4153800010681152
2026-09-28 01:45:00+00:00,1.4151999950408936
2026-09-28 02:00:00+00:00,1.415079951286316
2026-09-28 02:15:00+00:00,1.415179967880249
2026-09-28 02:30:00+00:00,1.4152799844741821
2026-09-28 02:45:00+00:00,1.4152799844741821
2026-09-28 03:00:00+00:00,1.4150199890136719
2026-09-28 03:15:00+00:00,1.4151999950408936
2026-09-28 03:30:00+00:00,1.4152100086212158
2026-09-28 03:45:00+00:00,1.4151999950408936
2026-09-28 04:00:00+00:00,1.4148900508880615
2026-09-28 04:15:00+00:00,1.4149800539016724
2026-09-28 04:30:00+00:00,1.4148000478744507
2026-09-28 04:45:00+00:00,1.4150199890136719
2026-09-28 05:00:00+00:00,1.4150999784469604
2026-09-28 05:15:00+00:00,1.4151300191879272
2026-09-28 05:30:00+00:00,1.415429949760437
2026-09-28 05:45:00+00:00,1.4154499769210815
2026-09-28 06:00:00+00:00,1.4152799844741821
2026-09-28 06:15:00+00:00,1.4148999452590942
2026-09-28 06:30:00+00:00,1.4153200387954712
2026-09-28 06:45:00+00:00,1.4155000448226929
2026-09-28 07:00:00+00:00,1.4158400297164917
2026-09-28 07:15:00+00:00,1.4154000282287598
2026-09-28 07:30:00+00:00,1.4161100387573242
2026-09-28 07:45:00+00:00,1.4154399633407593
2026-09-28 08:00:00+00:00,1.4155100584030151
2026-09-28 08:15:00+00:00,1.4153000116348267
2026-09-28 08:30:00+00:00,1.4158300161361694
2026-09-28 08:45:00+00:00,1.4156500101089478
2026-09-28 09:00:00+00:00,1.415619969367981
2026-09-28 09:15:00+00:00,1.4154200553894043
2026-09-28 09:30:00+00:00,1.4157299995422363
2026-09-28 09:45:00+00:00,1.4156999588012695
2026-09-28 10:00:00+00:00,1.4163199663162231
2026-09-28 10:15:00+00:00,1.4161800146102905
2026-09-28 10:30:00+00:00,1.4157999753952026
2026-09-28 10:45:00+00:00,1.4163199663162231
2026-09-28 11:00:00+00:00,1.416409969329834
2026-09-28 11:15:00+00:00,1.4166300296783447
2026-09-28 11:30:00+00:00,1.4170000553131104
2026-09-28 11:45:00+00:00,1.4164999723434448
2026-09-28 12:00:00+00:00,1.4164999723434448
2026-09-28 12:15:00+00:00,1.4166799783706665
2026-09-28 12:30:00+00:00,1.4165899753570557
2026-09-28 12:45:00+00:00,1.4163999557495117
2026-09-28 13:00:00+00:00,1.416200041770935
2026-09-28 13:15:00+00:00,1.4163299798965454
2026-09-28 13:30:00+00:00,1.4158999919891357
2026-09-28 13:45:00+00:00,1.4163999557495117
2026-09-28 14:00:00+00:00,1.4158899784088135
2026-09-28 14:15:00+00:00,1.4154000282287598
2026-09-28 14:30:00+00:00,1.4161100387573242
2026-09-28 14:45:00+00:00,1.4165199995040894
2026-09-28 15:00:00+00:00,1.4169600009918213
2026-09-28 15:15:00+00:00,1.4166100025177002
2026-09-28 15:30:00+00:00,1.416700005531311
2026-09-28 15:45:00+00:00,1.4170299768447876
2026-09-28 16:00:00+00:00,1.4173200130462646
2026-09-28 16:15:00+00:00,1.4160300493240356
2026-09-28 16:30:00+00:00,1.4168599843978882
2026-09-28 16:45:00+00:00,1.4169000387191772
2026-09-28 17:00:00+00:00,1.4162800312042236
2026-09-28 17:15:00+00:00,1.4163199663162231
2026-09-28 17:30:00+00:00,1.4165799617767334
2026-09-28 17:45:00+00:00,1.4167200326919556
2026-09-28 18:00:00+00:00,1.4169000387191772
2026-09-28 18:15:00+00:00,1.4169700145721436
2026-09-28 18:30:00+00:00,1.4170000553131104
2026-09-28 18:45:00+00:00,1.4171799421310425
2026-09-28 19:00:00+00:00,1.4169000387191772
2026-09-28 19:15:00+00:00,1.4170000553131104
2026-09-28 19:30:00+00:00,1.4174799919128418
2026-09-28 19:45:00+00:00,1.4174400568008423
2026-09-28 20:00:00+00:00,1.4175100326538086
2026-09-28 20:15:00+00:00,1.4176900386810303
2026-09-28 20:30:00+00:00,1.4176100492477417
2026-09-28 20:45:00+00:00,1.4171500205993652
2026-09-28 21:00:00+00:00,1.4169000387191772
2026-09-28 21:15:00+00:00,1.4169800281524658
2026-09-28 21:30:00+00:00,1.4170199632644653
2026-09-28 21:45:00+00:00,1.4171299934387207
2026-09-28 22:00:00+00:00,1.417240023612976
2026-09-28 22:15:00+00:00,1.4172600507736206
2026-09-28 22:30:00+00:00,1.417639970779419
2026-09-28 22:45:00+00:00,1.4175000190734863
2026-09-28 23:00:00+00:00,1.417580008506775
2026-09-28 23:15:00+00:00,1.4176199436187744
2026-09-28 23:30:00+00:00,1.4176199436187744
2026-09-28 23:45:00+00:00,1.4177199602127075
2026-09-29 00:00:00+00:00,1.4180799722671509
2026-09-29 00:15:00+00:00,1.4183800220489502
2026-09-29 00:30:00+00:00,1.4183000326156616
2026-09-29 00:45:00+00:00,1.4181300401687622
2026-09-29 01:00:00+00:00,1.4177000522613525
2026-09-29 01:15:00+00:00,1.4178800582885742
2026-09-29 01:30:00+00:00,1.4177199602127075
2026-09-29 01:45:00+00:00,1.4177600145339966
2026-09-29 02:00:00+00:00,1.4170000553131104
2026-09-29 02:15:00+00:00,1.4175599813461304
2026-09-29 02:30:00+00:00,1.417099952697754
2026-09-29 02:45:00+00:00,1.417199969291687
2026-09-29 03:00:00+00:00,1.417870044708252
2026-09-29 03:15:00+00:00,1.4176000356674194
2026-09-29 03:30:00+00:00,1.4181100130081177
2026-09-29 03:45:00+00:00,1.4179999828338623
2026-09-29 04:00:00+00:00,1.4183299541473389
2026-09-29 04:15:00+00:00,1.4186400175094604
2026-09-29 04:30:00+00:00,1.4182000160217285
2026-09-29 04:45:00+00:00,1.4188899993896484
2026-09-29 05:00:00+00:00,1.4187099933624268
2026-09-29 05:15:00+00:00,1.41867995262146
2026-09-29 05:30:00+00:00,1.4190800189971924
2026-09-29 05:45:00+00:00,1.4186999797821045
2026-09-29 06:00:00+00:00,1.4178999662399292
2026-09-29 06:15:00+00:00,1.4185099601745605
2026-09-29 06:30:00+00:00,1.4182000160217285
2026-09-29 06:45:00+00:00,1.4185199737548828
2026-09-29 07:00:00+00:00,1.4183000326156616
2026-09-29 07:15:00+00:00,1.4184000492095947
2026-09-29 07:30:00+00:00,1.419100046157837
2026-09-29 07:45:00+00:00,1.418779969215393
2026-09-29 08:00:00+00:00,1.4190499782562256
2026-09-29 08:15:00+00:00,1.4191999435424805
2026-09-29 08:30:00+00:00,1.4193799495697021
2026-09-29 08:45:00+00:00,1.4191900491714478
2026-09-29 09:00:00+00:00,1.419569969177246
2026-09-29 09:15:00+00:00,1.4196799993515015
2026-09-29 09:30:00+00:00,1.4197900295257568
2026-09-29 09:45:00+00:00,1.4199899435043335
2026-09-29 10:00:00+00:00,1.4200199842453003
2026-09-29 10:15:00+00:00,1.4195599555969238
2026-09-29 10:30:00+00:00,1.419659972190857
2026-09-29 10:45:00+00:00,1.419100046157837
2026-09-29 11:00:00+00:00,1.4189000129699707
2026-09-29 11:15:00+00:00,1.4186500310897827
2026-09-29 11:30:00+00:00,1.4186500310897827
2026-09-29 11:45:00+00:00,1.4181599617004395
2026-09-29 12:00:00+00:00,1.418030023574829
2026-09-29 12:15:00+00:00,1.4180599451065063
2026-09-29 12:30:00+00:00,1.4178999662399292
2026-09-29 12:45:00+00:00,1.418220043182373
2026-09-29 13:00:00+00:00,1.4180999994277954
2026-09-29 13:15:00+00:00,1.4179199934005737
2026-09-29 13:30:00+00:00,1.4182000160217285
2026-09-29 13:45:00+00:00,1.4190000295639038
2026-09-29 14:00:00+00:00,1.4179999828338623
2026-09-29 14:15:00+00:00,1.4187400341033936
2026-09-29 14:30:00+00:00,1.4184000492095947
2026-09-29 14:45:00+00:00,1.4193400144577026
2026-09-29 15:00:00+00:00,1.4193400144577026
2026-09-29 15:15:00+00:00,1.4196499586105347
2026-09-29 15:30:00+00:00,1.419450044631958
2026-09-29 15:45:00+00:00,1.4190499782562256
2026-09-29 16:00:00+00:00,1.4192099571228027
2026-09-29 16:15:00+00:00,1.419100046157837
2026-09-29 16:30:00+00:00,1.4195899963378906
2026-09-29 16:45:00+00:00,1.4197800159454346
2026-09-29 17:00:00+00:00,1.419659972190857
2026-09-29 17:15:00+00:00,1.419700026512146
2026-09-29 17:30:00+00:00,1.4197900295257568
2026-09-29 17:45:00+00:00,1.419819951057434
2026-09-29 18:00:00+00:00,1.4186099767684937
2026-09-29 18:15:00+00:00,1.4183000326156616
2026-09-29 18:30:00+00:00,1.417889952659607
2026-09-29 18:45:00+00:00,1.417739987373352
2026-09-29 19:00:00+00:00,1.4177900552749634
2026-09-29 19:15:00+00:00,1.4178800582885742
2026-09-29 19:30:00+00:00,1.4183000326156616
2026-09-29 19:45:00+00:00,1.418280005455017
2026-09-29 20:00:00+00:00,1.419119954109192
2026-09-29 20:15:00+00:00,1.4189599752426147
2026-09-29 20:30:00+00:00,1.418869972229004
2026-09-29 20:45:00+00:00,1.4187500476837158
2026-09-29 21:00:00+00:00,1.4187999963760376
2026-09-29 21:15:00+00:00,1.4188300371170044
2026-09-29 21:30:00+00:00,1.4188499450683594
2026-09-29 21:45:00+00:00,1.4187400341033936
2026-09-29 22:00:00+00:00,1.4189300537109375
2026-09-29 22:15:00+00:00,1.4190900325775146
2026-09-29 22:30:00+00:00,1.4190499782562256
2026-09-29 22:45:00+00:00,1.4190200567245483
2026-09-29 23:00:00+00:00,1.419160008430481
2026-09-29 23:15:00+00:00,1.4190800189971924
2026-09-29 23:30:00+00:00,1.419100046157837
2026-09-29 23:45:00+00:00,1.419160008430481
2026-09-30 00:00:00+00:00,1.4192299842834473
2026-09-30 00:15:00+00:00,1.4191299676895142
2026-09-30 00:30:00+00:00,1.4191800355911255
2026-09-30 00:45:00+00:00,1.419219970703125
2026-09-30 01:00:00+00:00,1.4194300174713135
2026-09-30 01:15:00+00:00,1.4188599586486816
2026-09-30 01:30:00+00:00,1.4192399978637695
2026-09-30 01:45:00+00:00,1.4194600582122803
2026-09-30 02:00:00+00:00,1.419659972190857
2026-09-30 02:15:00+00:00,1.419569969177246
2026-09-30 02:30:00+00:00,1.4191999435424805
2026-09-30 02:45:00+00:00,1.4191900491714478
2026-09-30 03:00:00+00:00,1.4191800355911255
2026-09-30 03:15:00+00:00,1.4190000295639038
2026-09-30 03:30:00+00:00,1.4195799827575684
2026-09-30 03:45:00+00:00,1.4197700023651123
2026-09-30 04:00:00+00:00,1.4197700023651123
2026-09-30 04:15:00+00:00,1.4198399782180786
2026-09-30 04:30:00+00:00,1.4198600053787231
2026-09-30 04:45:00+00:00,1.4198100566864014
2026-09-30 05:00:00+00:00,1.4196799993515015
2026-09-30 05:15:00+00:00,1.4193700551986694
2026-09-30 05:30:00+00:00,1.4191999435424805
2026-09-30 05:45:00+00:00,1.4188100099563599
2026-09-30 06:00:00+00:00,1.4180200099945068
2026-09-30 06:15:00+00:00,1.4175299406051636
2026-09-30 06:30:00+00:00,1.4183000326156616
2026-09-30 06:45:00+00:00,1.41867995262146
2026-09-30 07:00:00+00:00,1.4177199602127075
2026-09-30 07:15:00+00:00,1.4182000160217285
2026-09-30 07:30:00+00:00,1.41867995262146
2026-09-30 07:45:00+00:00,1.4184800386428833
2026-09-30 08:00:00+00:00,1.4183000326156616
2026-09-30 08:15:00+00:00,1.4181499481201172
2026-09-30 08:30:00+00:00,1.4178500175476074
2026-09-30 08:45:00+00:00,1.4178400039672852
2026-09-30 09:00:00+00:00,1.4181499481201172
2026-09-30 09:15:00+00:00,1.4184199571609497
2026-09-30 09:30:00+00:00,1.418370008468628
2026-09-30 09:45:00+00:00,1.418220043182373
2026-09-30 10:00:00+00:00,1.418030023574829
2026-09-30 10:15:00+00:00,1.4177000522613525
2026-09-30 10:30:00+00:00,1.4177000522613525
2026-09-30 10:45:00+00:00,1.4177199602127075
2026-09-30 11:00:00+00:00,1.4180599451065063
2026-09-30 11:15:00+00:00,1.4178400039672852
2026-09-30 11:30:00+00:00,1.4174000024795532
2026-09-30 11:45:00+00:00,1.4184199571609497
2026-09-30 12:00:00+00:00,1.4183000326156616
2026-09-30 12:15:00+00:00,1.4181400537490845
2026-09-30 12:30:00+00:00,1.4161900281906128
2026-09-30 12:45:00+00:00,1.4175699949264526
2026-09-30 13:00:00+00:00,1.4173200130462646
2026-09-30 13:15:00+00:00,1.4174699783325195
2026-09-30 13:30:00+00:00,1.4180699586868286
2026-09-30 13:45:00+00:00,1.4179999828338623
2026-09-30 14:00:00+00:00,1.4186899662017822
2026-09-30 14:15:00+00:00,1.4192800521850586
2026-09-30 14:30:00+00:00,1.4191999435424805
2026-09-30 14:45:00+00:00,1.419700026512146
2026-09-30 15:00:00+00:00,1.4194999933242798
2026-09-30 15:15:00+00:00,1.4196499586105347
2026-09-30 15:30:00+00:00,1.4202100038528442
2026-09-30 15:45:00+00:00,1.421120047569275
2026-09-30 16:00:00+00:00,1.4213999509811401
2026-09-30 16:15:00+00:00,1.421910047531128
2026-09-30 16:30:00+00:00,1.4219000339508057
2026-09-30 16:45:00+00:00,1.4215999841690063
2026-09-30 17:00:00+00:00,1.4215799570083618
2026-09-30 17:15:00+00:00,1.4218699932098389
2026-09-30 17:30:00+00:00,1.4219000339508057
2026-09-30 17:45:00+00:00,1.4223099946975708
2026-09-30 18:00:00+00:00,1.4225000143051147
2026-09-30 18:15:00+00:00,1.4225399494171143
2026-09-30 18:30:00+00:00,1.4227499961853027
2026-09-30 18:45:00+00:00,1.4228800535202026
2026-09-30 19:00:00+00:00,1.4233800172805786
2026-09-30 19:15:00+00:00,1.4230400323867798
2026-09-30 19:30:00+00:00,1.4234800338745117
2026-09-30 19:45:00+00:00,1.4229700565338135
2026-09-30 20:00:00+00:00,1.4235399961471558
2026-09-30 20:15:00+00:00,1.423200011253357
2026-09-30 20:30:00+00:00,1.4231599569320679
2026-09-30 20:45:00+00:00,1.4229700565338135
2026-09-30 21:00:00+00:00,1.4223999977111816
2026-09-30 21:15:00+00:00,1.4229799509048462
2026-09-30 21:30:00+00:00,1.4229700565338135
2026-09-30 21:45:00+00:00,1.4228999614715576
2026-09-30 22:00:00+00:00,1.4229999780654907
2026-09-30 22:15:00+00:00,1.4232499599456787
2026-09-30 22:30:00+00:00,1.4233399629592896
2026-09-30 22:45:00+00:00,1.4234600067138672
2026-09-30 23:00:00+00:00,1.4234399795532227
2026-09-30 23:15:00+00:00,1.4233299493789673
2026-09-30 23:30:00+00:00,1.4234100580215454
2026-09-30 23:45:00+00:00,1.423200011253357
2026-10-01 00:00:00+00:00,1.423699975013733
2026-10-01 00:15:00+00:00,1.423490047454834
2026-10-01 00:30:00+00:00,1.4231899976730347
2026-10-01 00:45:00+00:00,1.4236500263214111
2026-10-01 01:00:00+00:00,1.4237600564956665
2026-10-01 01:15:00+00:00,1.4236700534820557
2026-10-01 01:30:00+00:00,1.4240100383758545
2026-10-01 01:45:00+00:00,1.424149990081787
2026-10-01 02:00:00+00:00,1.4244199991226196
2026-10-01 02:15:00+00:00,1.4244600534439087
2026-10-01 02:30:00+00:00,1.4244199991226196
2026-10-01 02:45:00+00:00,1.424489974975586
2026-10-01 03:00:00+00:00,1.4242000579833984
2026-10-01 03:15:00+00:00,1.4246200323104858
2026-10-01 03:30:00+00:00,1.4243299961090088
2026-10-01 03:45:00+00:00,1.424049973487854
2026-10-01 04:00:00+00:00,1.424280047416687
2026-10-01 04:15:00+00:00,1.4247699975967407
2026-10-01 04:30:00+00:00,1.424649953842163
2026-10-01 04:45:00+00:00,1.4247599840164185
2026-10-01 05:00:00+00:00,1.424880027770996
2026-10-01 05:15:00+00:00,1.4246599674224854
2026-10-01 05:30:00+00:00,1.4245200157165527
2026-10-01 05:45:00+00:00,1.4247699975967407
2026-10-01 06:00:00+00:00,1.4239000082015991
2026-10-01 06:15:00+00:00,1.4248299598693848
2026-10-01 06:30:00+00:00,1.424180030822754
2026-10-01 06:45:00+00:00,1.4237099885940552
2026-10-01 07:00:00+00:00,1.4234199523925781
2026-10-01 07:15:00+00:00,1.4239599704742432
2026-10-01 07:30:00+00:00,1.4240800142288208
2026-10-01 07:45:00+00:00,1.4240399599075317
2026-10-01 08:00:00+00:00,1.4247299432754517
2026-10-01 08:15:00+00:00,1.424430012702942
2026-10-01 08:30:00+00:00,1.4244999885559082
2026-10-01 08:45:00+00:00,1.4247000217437744
2026-10-01 09:00:00+00:00,1.424399971961975
2026-10-01 09:15:00+00:00,1.4245799779891968
2026-10-01 09:30:00+00:00,1.4246400594711304
2026-10-01 09:45:00+00:00,1.4255000352859497
2026-10-01 10:00:00+00:00,1.4253300428390503
2026-10-01 10:15:00+00:00,1.4242000579833984
2026-10-01 10:30:00+00:00,1.424340009689331
2026-10-01 10:45:00+00:00,1.424530029296875
2026-10-01 11:00:00+00:00,1.424630045890808
2026-10-01 11:15:00+00:00,1.4252300262451172
2026-10-01 11:30:00+00:00,1.4243600368499756
2026-10-01 11:45:00+00:00,1.4240100383758545
2026-10-01 12:00:00+00:00,1.4246200323104858
2026-10-01 12:15:00+00:00,1.4249999523162842
2026-10-01 12:30:00+00:00,1.4245500564575195
2026-10-01 12:45:00+00:00,1.424399971961975
2026-10-01 13:00:00+00:00,1.4245200157165527
2026-10-01 13:15:00+00:00,1.424090027809143
2026-10-01 13:30:00+00:00,1.4241000413894653
2026-10-01 13:45:00+00:00,1.4236700534820557
2026-10-01 14:00:00+00:00,1.4244199991226196
2026-10-01 14:15:00+00:00,1.423840045928955
2026-10-01 14:30:00+00:00,1.4239699840545654
2026-10-01 14:45:00+00:00,1.424430012702942
2026-10-01 15:00:00+00:00,1.4243500232696533
2026-10-01 15:15:00+00:00,1.4249600172042847
2026-10-01 15:30:00+00:00,1.4251899719238281
2026-10-01 15:45:00+00:00,1.4254499673843384
2026-10-01 16:00:00+00:00,1.4256199598312378
2026-10-01 16:15:00+00:00,1.424649953842163
2026-10-01 16:30:00+00:00,1.425089955329895
2026-10-01 16:45:00+00:00,1.4249099493026733
2026-10-01 17:00:00+00:00,1.4249199628829956
2026-10-01 17:15:00+00:00,1.4239599704742432
2026-10-01 17:30:00+00:00,1.42385995388031
2026-10-01 17:45:00+00:00,1.4241399765014648
2026-10-01 18:00:00+00:00,1.4241299629211426
2026-10-01 18:15:00+00:00,1.4239599704742432
2026-10-01 18:30:00+00:00,1.4238200187683105
2026-10-01 18:45:00+00:00,1.4236299991607666
2026-10-01 19:00:00+00:00,1.4231200218200684
2026-10-01 19:15:00+00:00,1.4229899644851685
2026-10-01 19:30:00+00:00,1.422569990158081
2026-10-01 19:45:00+00:00,1.4225399494171143
2026-10-01 20:00:00+00:00,1.4227099418640137
2026-10-01 20:15:00+00:00,1.422659993171692
2026-10-01 20:30:00+00:00,1.4220999479293823
2026-10-01 20:45:00+00:00,1.421929955482483
2026-10-01 21:00:00+00:00,1.421820044517517
2026-10-01 21:15:00+00:00,1.4218000173568726
2026-10-01 21:30:00+00:00,1.4217000007629395
2026-10-01 21:45:00+00:00,1.4219399690628052
2026-10-01 22:00:00+00:00,1.4225200414657593
2026-10-01 22:15:00+00:00,1.4223599433898926
2026-10-01 22:30:00+00:00,1.4223599433898926
2026-10-01 22:45:00+00:00,1.42221999168396
2026-10-01 23:00:00+00:00,1.422279953956604
2026-10-01 23:15:00+00:00,1.422279953956604
2026-10-01 23:30:00+00:00,1.4222400188446045
2026-10-01 23:45:00+00:00,1.4220399856567383
2026-10-02 00:00:00+00:00,1.4223899841308594
2026-10-02 00:15:00+00:00,1.4224799871444702
2026-10-02 00:30:00+00:00,1.4227499961853027
2026-10-02 00:45:00+00:00,1.422860026359558
2026-10-02 01:00:00+00:00,1.4229700565338135
2026-10-02 01:15:00+00:00,1.4233399629592896
2026-10-02 01:30:00+00:00,1.4230999946594238
2026-10-02 01:45:00+00:00,1.4228399991989136
2026-10-02 02:00:00+00:00,1.4226000308990479
2026-10-02 02:15:00+00:00,1.4222700595855713
2026-10-02 02:30:00+00:00,1.4222400188446045
2026-10-02 02:45:00+00:00,1.4218000173568726
2026-10-02 03:00:00+00:00,1.4218599796295166
2026-10-02 03:15:00+00:00,1.421589970588684
2026-10-02 03:30:00+00:00,1.4212000370025635
2026-10-02 03:45:00+00:00,1.4211900234222412
2026-10-02 04:00:00+00:00,1.4214199781417847
2026-10-02 04:15:00+00:00,1.4211900234222412
2026-10-02 04:30:00+00:00,1.4212299585342407
2026-10-02 04:45:00+00:00,1.4213199615478516
2026-10-02 05:00:00+00:00,1.421470046043396
2026-10-02 05:15:00+00:00,1.4215099811553955
2026-10-02 05:30:00+00:00,1.4213199615478516
2026-10-02 05:45:00+00:00,1.4217900037765503
2026-10-02 06:00:00+00:00,1.4208999872207642
2026-10-02 06:15:00+00:00,1.4211699962615967
2026-10-02 06:30:00+00:00,1.4215999841690063
2026-10-02 06:45:00+00:00,1.4220800399780273
2026-10-02 07:00:00+00:00,1.4218900203704834
2026-10-02 07:15:00+00:00,1.422070026397705
2026-10-02 07:30:00+00:00,1.422719955444336
2026-10-02 07:45:00+00:00,1.4221400022506714
2026-10-02 08:00:00+00:00,1.422629952430725
2026-10-02 08:15:00+00:00,1.4229799509048462
2026-10-02 08:30:00+00:00,1.4228999614715576
2026-10-02 08:45:00+00:00,1.4233900308609009
2026-10-02 09:00:00+00:00,1.4231799840927124
2026-10-02 09:15:00+00:00,1.4231499433517456
2026-10-02 09:30:00+00:00,1.4235600233078003
2026-10-02 09:45:00+00:00,1.423200011253357
2026-10-02 10:00:00+00:00,1.4234000444412231
2026-10-02 10:15:00+00:00,1.4233800172805786
2026-10-02 10:30:00+00:00,1.4234000444412231
2026-10-02 10:45:00+00:00,1.4239000082015991
2026-10-02 11:00:00+00:00,1.4243299961090088
2026-10-02 11:15:00+00:00,1.4244999885559082
2026-10-02 11:30:00+00:00,1.4241600036621094
2026-10-02 11:45:00+00:00,1.423699975013733
2026-10-02 12:00:00+00:00,1.424090027809143
2026-10-02 12:15:00+00:00,1.4233200550079346
2026-10-02 12:30:00+00:00,1.4227900505065918
2026-10-02 12:45:00+00:00,1.4218100309371948
2026-10-02 13:00:00+00:00,1.4234299659729004
2026-10-02 13:15:00+00:00,1.4225000143051147
2026-10-02 13:30:00+00:00,1.423359990119934
2026-10-02 13:41:21+00:00,1.4233900308609009
