,JPY=X
2026-07-12 23:00:00+00:00,162.00399780273438
2026-07-12 23:15:00+00:00,161.96299743652344
2026-07-12 23:30:00+00:00,161.98800659179688
2026-07-12 23:45:00+00:00,161.88800048828125
2026-07-13 00:00:00+00:00,161.89999389648438
2026-07-13 00:15:00+00:00,161.96499633789062
2026-07-13 00:30:00+00:00,161.9980010986328
2026-07-13 00:45:00+00:00,162.08999633789062
2026-07-13 01:00:00+00:00,162.10299682617188
2026-07-13 01:15:00+00:00,162.0489959716797
2026-07-13 01:30:00+00:00,161.96800231933594
2026-07-13 01:45:00+00:00,161.97300720214844
2026-07-13 02:00:00+00:00,162.0399932861328
2026-07-13 02:15:00+00:00,162.04600524902344
2026-07-13 02:30:00+00:00,162.02499389648438
2026-07-13 02:45:00+00:00,162.072998046875
2026-07-13 03:00:00+00:00,162.08599853515625
2026-07-13 03:15:00+00:00,162.08799743652344
2026-07-13 03:30:00+00:00,162.08999633789062
2026-07-13 03:45:00+00:00,162.06399536132812
2026-07-13 04:00:00+00:00,162.06399536132812
2026-07-13 04:15:00+00:00,161.98599243164062
2026-07-13 04:30:00+00:00,162.04200744628906
2026-07-13 04:45:00+00:00,161.9969940185547
2026-07-13 05:00:00+00:00,161.95599365234375
2026-07-13 05:15:00+00:00,162.0489959716797
2026-07-13 05:30:00+00:00,162.06399536132812
2026-07-13 05:45:00+00:00,162.25799560546875
2026-07-13 06:00:00+00:00,162.322998046875
2026-07-13 06:15:00+00:00,162.26600646972656
2026-07-13 06:30:00+00:00,162.23699951171875
2026-07-13 06:45:00+00:00,162.24099731445312
2026-07-13 07:00:00+00:00,162.08799743652344
2026-07-13 07:15:00+00:00,162.125
2026-07-13 07:30:00+00:00,162.21600341796875
2026-07-13 07:45:00+00:00,162.0989990234375
2026-07-13 08:00:00+00:00,162.05099487304688
2026-07-13 08:15:00+00:00,162.10299682617188
2026-07-13 08:30:00+00:00,162.1060028076172
2026-07-13 08:45:00+00:00,162.0760040283203
2026-07-13 09:00:00+00:00,162.04200744628906
2026-07-13 09:15:00+00:00,161.98599243164062
2026-07-13 09:30:00+00:00,161.99600219726562
2026-07-13 09:45:00+00:00,161.98599243164062
2026-07-13 10:00:00+00:00,162.0540008544922
2026-07-13 10:15:00+00:00,162.1179962158203
2026-07-13 10:30:00+00:00,162.10699462890625
2026-07-13 10:45:00+00:00,162.05999755859375
2026-07-13 11:00:00+00:00,162.0760040283203
2026-07-13 11:15:00+00:00,162.09100341796875
2026-07-13 11:30:00+00:00,162.06500244140625
2026-07-13 11:45:00+00:00,162.11599731445312
2026-07-13 12:00:00+00:00,162.16600036621094
2026-07-13 12:15:00+00:00,162.1719970703125
2026-07-13 12:30:00+00:00,162.1699981689453
2026-07-13 12:45:00+00:00,162.10800170898438
2026-07-13 13:00:00+00:00,162.12899780273438
2026-07-13 13:15:00+00:00,162.1269989013672
2026-07-13 13:30:00+00:00,162.19200134277344
2026-07-13 13:45:00+00:00,162.21800231933594
2026-07-13 14:00:00+00:00,162.26100158691406
2026-07-13 14:15:00+00:00,162.29200744628906
2026-07-13 14:30:00+00:00,162.3719940185547
2026-07-13 14:45:00+00:00,162.34300231933594
2026-07-13 15:00:00+00:00,162.36900329589844
2026-07-13 15:15:00+00:00,162.31700134277344
2026-07-13 15:30:00+00:00,162.33399963378906
2026-07-13 15:45:00+00:00,162.32699584960938
2026-07-13 16:00:00+00:00,162.33399963378906
2026-07-13 16:15:00+00:00,162.4080047607422
2026-07-13 16:30:00+00:00,162.40199279785156
2026-07-13 16:45:00+00:00,162.44900512695312
2026-07-13 17:00:00+00:00,162.43699645996094
2026-07-13 17:15:00+00:00,162.44200134277344
2026-07-13 17:30:00+00:00,162.45700073242188
2026-07-13 17:45:00+00:00,162.4600067138672
2026-07-13 18:00:00+00:00,162.45700073242188
2026-07-13 18:15:00+00:00,162.42799377441406
2026-07-13 18:30:00+00:00,162.3979949951172
2026-07-13 18:45:00+00:00,162.3509979248047
2026-07-13 19:00:00+00:00,162.44200134277344
2026-07-13 19:15:00+00:00,162.43600463867188
2026-07-13 19:30:00+00:00,162.4459991455078
2026-07-13 19:45:00+00:00,162.4459991455078
2026-07-13 20:00:00+00:00,162.4739990234375
2026-07-13 20:15:00+00:00,162.4429931640625
2026-07-13 20:30:00+00:00,162.46299743652344
2026-07-13 20:45:00+00:00,162.4320068359375
2026-07-13 21:00:00+00:00,162.3939971923828
2026-07-13 21:15:00+00:00,162.44200134277344
2026-07-13 21:30:00+00:00,162.4199981689453
2026-07-13 21:45:00+00:00,162.427001953125
2026-07-13 22:00:00+00:00,162.4250030517578
2026-07-13 22:15:00+00:00,162.42799377441406
2026-07-13 22:30:00+00:00,162.40499877929688
2026-07-13 22:45:00+00:00,162.43499755859375
2026-07-13 23:00:00+00:00,162.42100524902344
2026-07-13 23:15:00+00:00,162.4080047607422
2026-07-13 23:30:00+00:00,162.3939971923828
2026-07-13 23:45:00+00:00,162.41400146484375
2026-07-14 00:00:00+00:00,162.39599609375
2026-07-14 00:15:00+00:00,162.4239959716797
2026-07-14 00:30:00+00:00,162.35400390625
2026-07-14 00:45:00+00:00,162.38400268554688
2026-07-14 01:00:00+00:00,162.33999633789062
2026-07-14 01:15:00+00:00,162.38900756835938
2026-07-14 01:30:00+00:00,162.39500427246094
2026-07-14 01:45:00+00:00,162.38699340820312
2026-07-14 02:00:00+00:00,162.3489990234375
2026-07-14 02:15:00+00:00,162.35299682617188
2026-07-14 02:30:00+00:00,162.343994140625
2026-07-14 02:45:00+00:00,162.322998046875
2026-07-14 03:00:00+00:00,162.3419952392578
2026-07-14 03:15:00+00:00,162.3300018310547
2026-07-14 03:30:00+00:00,162.2530059814453
2026-07-14 03:45:00+00:00,162.28799438476562
2026-07-14 04:00:00+00:00,162.29800415039062
2026-07-14 04:15:00+00:00,162.31700134277344
2026-07-14 04:30:00+00:00,162.3000030517578
2026-07-14 04:45:00+00:00,162.32000732421875
2026-07-14 05:00:00+00:00,162.30299377441406
2026-07-14 05:15:00+00:00,162.302001953125
2026-07-14 05:30:00+00:00,162.26699829101562
2026-07-14 05:45:00+00:00,162.28900146484375
2026-07-14 06:00:00+00:00,162.31399536132812
2026-07-14 06:15:00+00:00,162.36199951171875
2026-07-14 06:30:00+00:00,162.33299255371094
2026-07-14 06:45:00+00:00,162.3470001220703
2026-07-14 07:00:00+00:00,162.343994140625
2026-07-14 07:15:00+00:00,162.3159942626953
2026-07-14 07:30:00+00:00,162.3520050048828
2026-07-14 07:45:00+00:00,162.33999633789062
2026-07-14 08:00:00+00:00,162.3470001220703
2026-07-14 08:15:00+00:00,162.33599853515625
2026-07-14 08:30:00+00:00,162.20199584960938
2026-07-14 08:45:00+00:00,162.26600646972656
2026-07-14 09:00:00+00:00,162.197998046875
2026-07-14 09:15:00+00:00,162.22300720214844
2026-07-14 09:30:00+00:00,162.20799255371094
2026-07-14 09:45:00+00:00,162.17799377441406
2026-07-14 10:00:00+00:00,162.20399475097656
2026-07-14 10:15:00+00:00,162.1999969482422
2026-07-14 10:30:00+00:00,162.23699951171875
2026-07-14 10:45:00+00:00,162.24400329589844
2026-07-14 11:00:00+00:00,162.23599243164062
2026-07-14 11:15:00+00:00,162.23699951171875
2026-07-14 11:30:00+00:00,162.21200561523438
2026-07-14 11:45:00+00:00,162.19500732421875
2026-07-14 12:00:00+00:00,162.2100067138672
2026-07-14 12:15:00+00:00,162.11000061035156
2026-07-14 12:30:00+00:00,161.72300720214844
2026-07-14 12:45:00+00:00,161.91200256347656
2026-07-14 13:00:00+00:00,161.92100524902344
2026-07-14 13:15:00+00:00,161.86599731445312
2026-07-14 13:30:00+00:00,161.94200134277344
2026-07-14 13:45:00+00:00,161.92599487304688
2026-07-14 14:00:00+00:00,161.8769989013672
2026-07-14 14:15:00+00:00,161.98899841308594
2026-07-14 14:30:00+00:00,161.9409942626953
2026-07-14 14:45:00+00:00,161.96499633789062
2026-07-14 15:00:00+00:00,161.91799926757812
2026-07-14 15:15:00+00:00,161.9510040283203
2026-07-14 15:30:00+00:00,162.08799743652344
2026-07-14 15:45:00+00:00,162.14500427246094
2026-07-14 16:00:00+00:00,162.14700317382812
2026-07-14 16:15:00+00:00,162.16099548339844
2026-07-14 16:30:00+00:00,162.12600708007812
2026-07-14 16:45:00+00:00,162.10899353027344
2026-07-14 17:00:00+00:00,162.1909942626953
2026-07-14 17:15:00+00:00,162.17599487304688
2026-07-14 17:30:00+00:00,162.15699768066406
2026-07-14 17:45:00+00:00,162.19200134277344
2026-07-14 18:00:00+00:00,162.17599487304688
2026-07-14 18:15:00+00:00,162.21099853515625
2026-07-14 18:30:00+00:00,162.2550048828125
2026-07-14 18:45:00+00:00,162.18699645996094
2026-07-14 19:00:00+00:00,162.15199279785156
2026-07-14 19:15:00+00:00,162.15899658203125
2026-07-14 19:30:00+00:00,162.17100524902344
2026-07-14 19:45:00+00:00,162.2100067138672
2026-07-14 20:00:00+00:00,162.22999572753906
2026-07-14 20:15:00+00:00,162.24200439453125
2026-07-14 20:30:00+00:00,162.2429962158203
2026-07-14 20:45:00+00:00,162.23300170898438
2026-07-14 21:00:00+00:00,162.17100524902344
2026-07-14 21:15:00+00:00,162.1699981689453
2026-07-14 21:30:00+00:00,162.177001953125
2026-07-14 21:45:00+00:00,162.18800354003906
2026-07-14 22:00:00+00:00,162.23300170898438
2026-07-14 22:15:00+00:00,162.2310028076172
2026-07-14 22:30:00+00:00,162.21600341796875
2026-07-14 22:45:00+00:00,162.2259979248047
2026-07-14 23:00:00+00:00,162.21099853515625
2026-07-14 23:15:00+00:00,162.1959991455078
2026-07-14 23:30:00+00:00,162.16099548339844
2026-07-14 23:45:00+00:00,162.18699645996094
2026-07-15 00:00:00+00:00,162.22500610351562
2026-07-15 00:15:00+00:00,162.1439971923828
2026-07-15 00:30:00+00:00,162.2100067138672
2026-07-15 00:45:00+00:00,162.0989990234375
2026-07-15 01:00:00+00:00,161.9949951171875
2026-07-15 01:15:00+00:00,162.0590057373047
2026-07-15 01:30:00+00:00,162.08999633789062
2026-07-15 01:45:00+00:00,162.0970001220703
2026-07-15 02:00:00+00:00,162.1009979248047
2026-07-15 02:15:00+00:00,162.10000610351562
2026-07-15 02:30:00+00:00,162.0659942626953
2026-07-15 02:45:00+00:00,162.1020050048828
2026-07-15 03:00:00+00:00,162.13800048828125
2026-07-15 03:15:00+00:00,162.1540069580078
2026-07-15 03:30:00+00:00,162.1790008544922
2026-07-15 03:45:00+00:00,162.14300537109375
2026-07-15 04:00:00+00:00,162.16299438476562
2026-07-15 04:15:00+00:00,162.20799255371094
2026-07-15 04:30:00+00:00,162.21299743652344
2026-07-15 04:45:00+00:00,162.21200561523438
2026-07-15 05:00:00+00:00,162.1750030517578
2026-07-15 05:15:00+00:00,162.20899963378906
2026-07-15 05:30:00+00:00,162.1840057373047
2026-07-15 05:45:00+00:00,162.1959991455078
2026-07-15 06:00:00+00:00,162.197998046875
2026-07-15 06:15:00+00:00,162.16299438476562
2026-07-15 06:30:00+00:00,162.13099670410156
2026-07-15 06:45:00+00:00,162.20199584960938
2026-07-15 07:00:00+00:00,162.2209930419922
2026-07-15 07:15:00+00:00,162.26499938964844
2026-07-15 07:30:00+00:00,162.24400329589844
2026-07-15 07:45:00+00:00,162.26800537109375
2026-07-15 08:00:00+00:00,162.32899475097656
2026-07-15 08:15:00+00:00,162.2740020751953
2026-07-15 08:30:00+00:00,162.28900146484375
2026-07-15 08:45:00+00:00,162.2899932861328
2026-07-15 09:00:00+00:00,162.27999877929688
2026-07-15 09:15:00+00:00,162.32200622558594
2026-07-15 09:30:00+00:00,162.31500244140625
2026-07-15 09:45:00+00:00,162.35800170898438
2026-07-15 10:00:00+00:00,162.3719940185547
2026-07-15 10:15:00+00:00,162.39700317382812
2026-07-15 10:30:00+00:00,162.41400146484375
2026-07-15 10:45:00+00:00,162.3280029296875
2026-07-15 11:00:00+00:00,162.33900451660156
2026-07-15 11:15:00+00:00,162.37100219726562
2026-07-15 11:30:00+00:00,162.36000061035156
2026-07-15 11:45:00+00:00,162.3459930419922
2026-07-15 12:00:00+00:00,162.36099243164062
2026-07-15 12:15:00+00:00,162.3419952392578
2026-07-15 12:30:00+00:00,162.23699951171875
2026-07-15 12:45:00+00:00,162.15699768066406
2026-07-15 13:00:00+00:00,162.23399353027344
2026-07-15 13:15:00+00:00,162.26300048828125
2026-07-15 13:30:00+00:00,162.2429962158203
2026-07-15 13:45:00+00:00,162.2010040283203
2026-07-15 14:00:00+00:00,162.20700073242188
2026-07-15 14:15:00+00:00,162.22300720214844
2026-07-15 14:30:00+00:00,162.2010040283203
2026-07-15 14:45:00+00:00,162.14300537109375
2026-07-15 15:00:00+00:00,162.19700622558594
2026-07-15 15:15:00+00:00,162.0919952392578
2026-07-15 15:30:00+00:00,162.1269989013672
2026-07-15 15:45:00+00:00,162.1269989013672
2026-07-15 16:00:00+00:00,162.16000366210938
2026-07-15 16:15:00+00:00,162.13699340820312
2026-07-15 16:30:00+00:00,162.18800354003906
2026-07-15 16:45:00+00:00,162.1580047607422
2026-07-15 17:00:00+00:00,162.11700439453125
2026-07-15 17:15:00+00:00,162.0800018310547
2026-07-15 17:30:00+00:00,162.01800537109375
2026-07-15 17:45:00+00:00,161.97999572753906
2026-07-15 18:00:00+00:00,161.94500732421875
2026-07-15 18:15:00+00:00,161.9080047607422
2026-07-15 18:30:00+00:00,161.9810028076172
2026-07-15 18:45:00+00:00,162.04600524902344
2026-07-15 19:00:00+00:00,162.01499938964844
2026-07-15 19:15:00+00:00,162.0959930419922
2026-07-15 19:30:00+00:00,162.23800659179688
2026-07-15 19:45:00+00:00,162.2239990234375
2026-07-15 20:00:00+00:00,162.2169952392578
2026-07-15 20:15:00+00:00,162.19400024414062
2026-07-15 20:30:00+00:00,162.20399475097656
2026-07-15 20:45:00+00:00,162.1719970703125
2026-07-15 21:00:00+00:00,162.1479949951172
2026-07-15 21:15:00+00:00,162.125
2026-07-15 21:30:00+00:00,162.11199951171875
2026-07-15 21:45:00+00:00,162.1009979248047
2026-07-15 22:00:00+00:00,162.13699340820312
2026-07-15 22:15:00+00:00,162.08999633789062
2026-07-15 22:30:00+00:00,162.0959930419922
2026-07-15 22:45:00+00:00,162.11300659179688
2026-07-15 23:00:00+00:00,162.0919952392578
2026-07-15 23:15:00+00:00,162.08700561523438
2026-07-15 23:30:00+00:00,162.0679931640625
2026-07-15 23:45:00+00:00,162.07400512695312
2026-07-16 00:00:00+00:00,162.0780029296875
2026-07-16 00:15:00+00:00,162.072998046875
2026-07-16 00:30:00+00:00,162.08099365234375
2026-07-16 00:45:00+00:00,162.09300231933594
2026-07-16 01:00:00+00:00,162.05799865722656
2026-07-16 01:15:00+00:00,162.04299926757812
2026-07-16 01:30:00+00:00,162.06700134277344
2026-07-16 01:45:00+00:00,162.10899353027344
2026-07-16 02:00:00+00:00,162.156005859375
2026-07-16 02:15:00+00:00,162.093994140625
2026-07-16 02:30:00+00:00,162.125
2026-07-16 02:45:00+00:00,162.14500427246094
2026-07-16 03:00:00+00:00,162.1230010986328
2026-07-16 03:15:00+00:00,162.0850067138672
2026-07-16 03:30:00+00:00,162.09300231933594
2026-07-16 03:45:00+00:00,162.08200073242188
2026-07-16 04:00:00+00:00,162.1230010986328
2026-07-16 04:15:00+00:00,162.1300048828125
2026-07-16 04:30:00+00:00,162.1219940185547
2026-07-16 04:45:00+00:00,162.0919952392578
2026-07-16 05:00:00+00:00,162.0970001220703
2026-07-16 05:15:00+00:00,162.1179962158203
2026-07-16 05:30:00+00:00,162.11500549316406
2026-07-16 05:45:00+00:00,162.15899658203125
2026-07-16 06:00:00+00:00,162.13600158691406
2026-07-16 06:15:00+00:00,162.14500427246094
2026-07-16 06:30:00+00:00,162.1479949951172
2026-07-16 06:45:00+00:00,162.11199951171875
2026-07-16 07:00:00+00:00,162.04200744628906
2026-07-16 07:15:00+00:00,162.08299255371094
2026-07-16 07:30:00+00:00,162.06399536132812
2026-07-16 07:45:00+00:00,162.0760040283203
2026-07-16 08:00:00+00:00,162.13800048828125
2026-07-16 08:15:00+00:00,162.10499572753906
2026-07-16 08:30:00+00:00,162.14599609375
2026-07-16 08:45:00+00:00,162.14599609375
2026-07-16 09:00:00+00:00,162.1219940185547
2026-07-16 09:15:00+00:00,162.13600158691406
2026-07-16 09:30:00+00:00,162.1739959716797
2026-07-16 09:45:00+00:00,162.16700744628906
2026-07-16 10:00:00+00:00,162.1909942626953
2026-07-16 10:15:00+00:00,162.1719970703125
2026-07-16 10:30:00+00:00,162.16400146484375
2026-07-16 10:45:00+00:00,162.14300537109375
2026-07-16 11:00:00+00:00,162.13999938964844
2026-07-16 11:15:00+00:00,162.18299865722656
2026-07-16 11:30:00+00:00,162.15699768066406
2026-07-16 11:45:00+00:00,162.1479949951172
2026-07-16 12:00:00+00:00,162.19000244140625
2026-07-16 12:15:00+00:00,162.1649932861328
2026-07-16 12:30:00+00:00,162.27099609375
2026-07-16 12:45:00+00:00,162.29600524902344
2026-07-16 13:00:00+00:00,162.24000549316406
2026-07-16 13:15:00+00:00,162.2259979248047
2026-07-16 13:30:00+00:00,162.27200317382812
2026-07-16 13:45:00+00:00,162.32400512695312
2026-07-16 14:00:00+00:00,162.36599731445312
2026-07-16 14:15:00+00:00,162.39700317382812
2026-07-16 14:30:00+00:00,162.41400146484375
2026-07-16 14:45:00+00:00,162.4409942626953
2026-07-16 15:00:00+00:00,162.447998046875
2026-07-16 15:15:00+00:00,162.447998046875
2026-07-16 15:30:00+00:00,162.41900634765625
2026-07-16 15:45:00+00:00,162.41700744628906
2026-07-16 16:00:00+00:00,162.45199584960938
2026-07-16 16:15:00+00:00,162.52200317382812
2026-07-16 16:30:00+00:00,162.47799682617188
2026-07-16 16:45:00+00:00,162.46400451660156
2026-07-16 17:00:00+00:00,162.4929962158203
2026-07-16 17:15:00+00:00,162.4669952392578
2026-07-16 17:30:00+00:00,162.46600341796875
2026-07-16 17:45:00+00:00,162.40499877929688
2026-07-16 18:00:00+00:00,162.3719940185547
2026-07-16 18:15:00+00:00,162.3820037841797
2026-07-16 18:30:00+00:00,162.38099670410156
2026-07-16 18:45:00+00:00,162.3820037841797
2026-07-16 19:00:00+00:00,162.3990020751953
2026-07-16 19:15:00+00:00,162.4199981689453
2026-07-16 19:30:00+00:00,162.406005859375
2026-07-16 19:45:00+00:00,162.39500427246094
2026-07-16 20:00:00+00:00,162.38800048828125
2026-07-16 20:15:00+00:00,162.3719940185547
2026-07-16 20:30:00+00:00,162.35400390625
2026-07-16 20:45:00+00:00,162.3820037841797
2026-07-16 21:00:00+00:00,162.33999633789062
2026-07-16 21:15:00+00:00,162.34800720214844
2026-07-16 21:30:00+00:00,162.35400390625
2026-07-16 21:45:00+00:00,162.3520050048828
2026-07-16 22:00:00+00:00,162.33900451660156
2026-07-16 22:15:00+00:00,162.3509979248047
2026-07-16 22:30:00+00:00,162.36900329589844
2026-07-16 22:45:00+00:00,162.36399841308594
2026-07-16 23:00:00+00:00,162.35499572753906
2026-07-16 23:15:00+00:00,162.34100341796875
2026-07-16 23:30:00+00:00,162.33900451660156
2026-07-16 23:45:00+00:00,162.3730010986328
2026-07-17 00:00:00+00:00,162.38800048828125
2026-07-17 00:15:00+00:00,162.39999389648438
2026-07-17 00:30:00+00:00,162.38299560546875
2026-07-17 00:45:00+00:00,162.42100524902344
2026-07-17 01:00:00+00:00,162.4459991455078
2026-07-17 01:15:00+00:00,162.44000244140625
2026-07-17 01:30:00+00:00,162.43800354003906
2026-07-17 01:45:00+00:00,162.4669952392578
2026-07-17 02:00:00+00:00,162.43099975585938
2026-07-17 02:15:00+00:00,162.43299865722656
2026-07-17 02:30:00+00:00,162.40499877929688
2026-07-17 02:45:00+00:00,162.36399841308594
2026-07-17 03:00:00+00:00,162.3699951171875
2026-07-17 03:15:00+00:00,162.3780059814453
2026-07-17 03:30:00+00:00,162.39599609375
2026-07-17 03:45:00+00:00,162.38800048828125
2026-07-17 04:00:00+00:00,162.4029998779297
2026-07-17 04:15:00+00:00,162.41900634765625
2026-07-17 04:30:00+00:00,162.41000366210938
2026-07-17 04:45:00+00:00,162.41799926757812
2026-07-17 05:00:00+00:00,162.427001953125
2026-07-17 05:15:00+00:00,162.4199981689453
2026-07-17 05:30:00+00:00,162.3730010986328
2026-07-17 05:45:00+00:00,162.4010009765625
2026-07-17 06:00:00+00:00,162.39300537109375
2026-07-17 06:15:00+00:00,162.3419952392578
2026-07-17 06:30:00+00:00,162.37899780273438
2026-07-17 06:45:00+00:00,162.26400756835938
2026-07-17 07:00:00+00:00,162.16299438476562
2026-07-17 07:15:00+00:00,162.2239990234375
2026-07-17 07:30:00+00:00,162.23500061035156
2026-07-17 07:45:00+00:00,162.2830047607422
2026-07-17 08:00:00+00:00,162.36399841308594
2026-07-17 08:15:00+00:00,162.4080047607422
2026-07-17 08:30:00+00:00,162.36300659179688
2026-07-17 08:45:00+00:00,162.38299560546875
2026-07-17 09:00:00+00:00,162.43099975585938
2026-07-17 09:15:00+00:00,162.42300415039062
2026-07-17 09:30:00+00:00,162.41700744628906
2026-07-17 09:45:00+00:00,162.35699462890625
2026-07-17 10:00:00+00:00,162.3699951171875
2026-07-17 10:15:00+00:00,162.406005859375
2026-07-17 10:30:00+00:00,162.39300537109375
2026-07-17 10:45:00+00:00,162.35899353027344
2026-07-17 11:00:00+00:00,162.34100341796875
2026-07-17 11:15:00+00:00,162.3249969482422
2026-07-17 11:30:00+00:00,162.31100463867188
2026-07-17 11:45:00+00:00,162.36199951171875
2026-07-17 12:00:00+00:00,162.35699462890625
2026-07-17 12:15:00+00:00,162.322998046875
2026-07-17 12:30:00+00:00,162.38099670410156
2026-07-17 12:45:00+00:00,162.4040069580078
2026-07-17 13:00:00+00:00,162.41200256347656
2026-07-17 13:15:00+00:00,162.41700744628906
2026-07-17 13:30:00+00:00,162.35000610351562
2026-07-17 13:45:00+00:00,162.3520050048828
2026-07-17 14:00:00+00:00,162.35400390625
2026-07-17 14:15:00+00:00,162.39100646972656
2026-07-17 14:30:00+00:00,162.3719940185547
2026-07-17 14:45:00+00:00,162.4040069580078
2026-07-17 15:00:00+00:00,162.38900756835938
2026-07-17 15:15:00+00:00,162.35699462890625
2026-07-17 15:30:00+00:00,162.41200256347656
2026-07-17 15:45:00+00:00,162.4239959716797
2026-07-17 16:00:00+00:00,162.46099853515625
2026-07-17 16:15:00+00:00,162.47000122070312
2026-07-17 16:30:00+00:00,162.48800659179688
2026-07-17 16:45:00+00:00,162.43299865722656
2026-07-17 17:00:00+00:00,162.4459991455078
2026-07-17 17:15:00+00:00,162.44700622558594
2026-07-17 17:30:00+00:00,162.45700073242188
2026-07-17 17:45:00+00:00,162.4409942626953
2026-07-17 18:00:00+00:00,162.4239959716797
2026-07-17 18:15:00+00:00,162.427001953125
2026-07-17 18:30:00+00:00,162.43600463867188
2026-07-17 18:45:00+00:00,162.43800354003906
2026-07-17 19:00:00+00:00,162.44500732421875
2026-07-17 19:15:00+00:00,162.4530029296875
2026-07-17 19:30:00+00:00,162.4530029296875
2026-07-17 19:45:00+00:00,162.3800048828125
2026-07-17 20:00:00+00:00,162.3939971923828
2026-07-17 20:15:00+00:00,162.42300415039062
2026-07-17 20:30:00+00:00,162.406005859375
2026-07-17 20:45:00+00:00,162.35299682617188
2026-07-19 23:00:00+00:00,162.52999877929688
2026-07-19 23:15:00+00:00,162.5279998779297
2026-07-19 23:30:00+00:00,162.51300048828125
2026-07-19 23:45:00+00:00,162.51199340820312
2026-07-20 00:00:00+00:00,162.49400329589844
2026-07-20 00:15:00+00:00,162.45199584960938
2026-07-20 00:30:00+00:00,162.42100524902344
2026-07-20 00:45:00+00:00,162.33900451660156
2026-07-20 01:00:00+00:00,162.35000610351562
2026-07-20 01:15:00+00:00,162.37899780273438
2026-07-20 01:30:00+00:00,162.34800720214844
2026-07-20 01:45:00+00:00,162.36099243164062
2026-07-20 02:00:00+00:00,162.35000610351562
2026-07-20 02:15:00+00:00,162.33399963378906
2026-07-20 02:30:00+00:00,162.36099243164062
2026-07-20 02:45:00+00:00,162.36700439453125
2026-07-20 03:00:00+00:00,162.35800170898438
2026-07-20 03:15:00+00:00,162.36300659179688
2026-07-20 03:30:00+00:00,162.3520050048828
2026-07-20 03:45:00+00:00,162.36700439453125
2026-07-20 04:00:00+00:00,162.36900329589844
2026-07-20 04:15:00+00:00,162.3679962158203
2026-07-20 04:30:00+00:00,162.35000610351562
2026-07-20 04:45:00+00:00,162.3350067138672
2026-07-20 05:00:00+00:00,162.3419952392578
2026-07-20 05:15:00+00:00,162.3509979248047
2026-07-20 05:30:00+00:00,162.3419952392578
2026-07-20 05:45:00+00:00,162.37399291992188
2026-07-20 06:00:00+00:00,162.39500427246094
2026-07-20 06:15:00+00:00,162.38499450683594
2026-07-20 06:30:00+00:00,162.36199951171875
2026-07-20 06:45:00+00:00,162.40499877929688
2026-07-20 07:00:00+00:00,162.43600463867188
2026-07-20 07:15:00+00:00,162.3990020751953
2026-07-20 07:30:00+00:00,162.31700134277344
2026-07-20 07:45:00+00:00,162.35699462890625
2026-07-20 08:00:00+00:00,162.34800720214844
2026-07-20 08:15:00+00:00,162.3699951171875
2026-07-20 08:30:00+00:00,162.35400390625
2026-07-20 08:45:00+00:00,162.37100219726562
2026-07-20 09:00:00+00:00,162.37600708007812
2026-07-20 09:15:00+00:00,162.3979949951172
2026-07-20 09:30:00+00:00,162.4040069580078
2026-07-20 09:45:00+00:00,162.40899658203125
2026-07-20 10:00:00+00:00,162.39700317382812
2026-07-20 10:15:00+00:00,162.4029998779297
2026-07-20 10:30:00+00:00,162.4010009765625
2026-07-20 10:45:00+00:00,162.39999389648438
2026-07-20 11:00:00+00:00,162.41200256347656
2026-07-20 11:15:00+00:00,162.3990020751953
2026-07-20 11:30:00+00:00,162.30799865722656
2026-07-20 11:45:00+00:00,162.3419952392578
2026-07-20 12:00:00+00:00,162.38600158691406
2026-07-20 12:15:00+00:00,162.39999389648438
2026-07-20 12:30:00+00:00,162.41200256347656
2026-07-20 12:45:00+00:00,162.40199279785156
2026-07-20 13:00:00+00:00,162.41299438476562
2026-07-20 13:15:00+00:00,162.41799926757812
2026-07-20 13:30:00+00:00,162.41400146484375
2026-07-20 13:45:00+00:00,162.468994140625
2026-07-20 14:00:00+00:00,162.5290069580078
2026-07-20 14:15:00+00:00,162.53900146484375
2026-07-20 14:30:00+00:00,162.5659942626953
2026-07-20 14:45:00+00:00,162.5189971923828
2026-07-20 15:00:00+00:00,162.5659942626953
2026-07-20 15:15:00+00:00,162.552001953125
2026-07-20 15:30:00+00:00,162.56500244140625
2026-07-20 15:45:00+00:00,162.56300354003906
2026-07-20 16:00:00+00:00,162.5290069580078
2026-07-20 16:15:00+00:00,162.5399932861328
2026-07-20 16:30:00+00:00,162.52999877929688
2026-07-20 16:45:00+00:00,162.51600646972656
2026-07-20 17:00:00+00:00,162.49200439453125
2026-07-20 17:15:00+00:00,162.4669952392578
2026-07-20 17:30:00+00:00,162.46800231933594
2026-07-20 17:45:00+00:00,162.45899963378906
2026-07-20 18:00:00+00:00,162.43899536132812
2026-07-20 18:15:00+00:00,162.45899963378906
2026-07-20 18:30:00+00:00,162.50399780273438
2026-07-20 18:45:00+00:00,162.49899291992188
2026-07-20 19:00:00+00:00,162.49600219726562
2026-07-20 19:15:00+00:00,162.4739990234375
2026-07-20 19:30:00+00:00,162.49200439453125
2026-07-20 19:45:00+00:00,162.51100158691406
2026-07-20 20:00:00+00:00,162.50100708007812
2026-07-20 20:15:00+00:00,162.50999450683594
2026-07-20 20:30:00+00:00,162.5229949951172
2026-07-20 20:45:00+00:00,162.47500610351562
2026-07-20 21:00:00+00:00,162.46400451660156
2026-07-20 21:15:00+00:00,162.48800659179688
2026-07-20 21:30:00+00:00,162.48199462890625
2026-07-20 21:45:00+00:00,162.48500061035156
2026-07-20 22:00:00+00:00,162.48399353027344
2026-07-20 22:15:00+00:00,162.48800659179688
2026-07-20 22:30:00+00:00,162.5070037841797
2026-07-20 22:45:00+00:00,162.4980010986328
2026-07-20 23:00:00+00:00,162.50399780273438
2026-07-20 23:15:00+00:00,162.4969940185547
2026-07-20 23:30:00+00:00,162.4929962158203
2026-07-20 23:45:00+00:00,162.47999572753906
2026-07-21 00:00:00+00:00,162.47900390625
2026-07-21 00:15:00+00:00,162.5030059814453
2026-07-21 00:30:00+00:00,162.50799560546875
2026-07-21 00:45:00+00:00,162.5290069580078
2026-07-21 01:00:00+00:00,162.51100158691406
2026-07-21 01:15:00+00:00,162.47300720214844
2026-07-21 01:30:00+00:00,162.50399780273438
2026-07-21 01:45:00+00:00,162.5019989013672
2026-07-21 02:00:00+00:00,162.50999450683594
2026-07-21 02:15:00+00:00,162.49899291992188
2026-07-21 02:30:00+00:00,162.49000549316406
2026-07-21 02:45:00+00:00,162.48800659179688
2026-07-21 03:00:00+00:00,162.51199340820312
2026-07-21 03:15:00+00:00,162.49099731445312
2026-07-21 03:30:00+00:00,162.468994140625
2026-07-21 03:45:00+00:00,162.48599243164062
2026-07-21 04:00:00+00:00,162.4720001220703
2026-07-21 04:15:00+00:00,162.4759979248047
2026-07-21 04:30:00+00:00,162.48599243164062
2026-07-21 04:45:00+00:00,162.48300170898438
2026-07-21 05:00:00+00:00,162.5070037841797
2026-07-21 05:15:00+00:00,162.50799560546875
2026-07-21 05:30:00+00:00,162.47300720214844
2026-07-21 05:45:00+00:00,162.5070037841797
2026-07-21 06:00:00+00:00,162.52099609375
2026-07-21 06:15:00+00:00,162.51800537109375
2026-07-21 06:30:00+00:00,162.5399932861328
2026-07-21 06:45:00+00:00,162.52099609375
2026-07-21 07:00:00+00:00,162.552001953125
2026-07-21 07:15:00+00:00,162.58900451660156
2026-07-21 07:30:00+00:00,162.58200073242188
2026-07-21 07:45:00+00:00,162.59500122070312
2026-07-21 08:00:00+00:00,162.63499450683594
2026-07-21 08:15:00+00:00,162.66700744628906
2026-07-21 08:30:00+00:00,162.67599487304688
2026-07-21 08:45:00+00:00,162.68600463867188
2026-07-21 09:00:00+00:00,162.69400024414062
2026-07-21 09:15:00+00:00,162.67799377441406
2026-07-21 09:30:00+00:00,162.66799926757812
2026-07-21 09:45:00+00:00,162.66200256347656
2026-07-21 10:00:00+00:00,162.6649932861328
2026-07-21 10:15:00+00:00,162.6510009765625
2026-07-21 10:30:00+00:00,162.6820068359375
2026-07-21 10:45:00+00:00,162.67100524902344
2026-07-21 11:00:00+00:00,162.71800231933594
2026-07-21 11:15:00+00:00,162.75
2026-07-21 11:30:00+00:00,162.73399353027344
2026-07-21 11:45:00+00:00,162.7259979248047
2026-07-21 12:00:00+00:00,162.73599243164062
2026-07-21 12:15:00+00:00,162.78399658203125
2026-07-21 12:30:00+00:00,162.78900146484375
2026-07-21 12:45:00+00:00,162.71800231933594
2026-07-21 13:00:00+00:00,162.7519989013672
2026-07-21 13:15:00+00:00,162.79800415039062
2026-07-21 13:30:00+00:00,162.82400512695312
2026-07-21 13:45:00+00:00,162.86399841308594
2026-07-21 14:00:00+00:00,162.89500427246094
2026-07-21 14:15:00+00:00,162.94200134277344
2026-07-21 14:30:00+00:00,162.96200561523438
2026-07-21 14:45:00+00:00,163.01100158691406
2026-07-21 15:00:00+00:00,162.96299743652344
2026-07-21 15:15:00+00:00,162.95899963378906
2026-07-21 15:30:00+00:00,163.00900268554688
2026-07-21 15:45:00+00:00,163.01499938964844
2026-07-21 16:00:00+00:00,163.01600646972656
2026-07-21 16:15:00+00:00,162.99899291992188
2026-07-21 16:30:00+00:00,162.9669952392578
2026-07-21 16:45:00+00:00,163.00100708007812
2026-07-21 17:00:00+00:00,163.01600646972656
2026-07-21 17:15:00+00:00,162.97500610351562
2026-07-21 17:30:00+00:00,162.99899291992188
2026-07-21 17:45:00+00:00,163.0260009765625
2026-07-21 18:00:00+00:00,163.13099670410156
2026-07-21 18:15:00+00:00,163.1479949951172
2026-07-21 18:30:00+00:00,163.22300720214844
2026-07-21 18:45:00+00:00,163.18299865722656
2026-07-21 19:00:00+00:00,163.21200561523438
2026-07-21 19:15:00+00:00,163.16799926757812
2026-07-21 19:30:00+00:00,163.2010040283203
2026-07-21 19:45:00+00:00,163.1999969482422
2026-07-21 20:00:00+00:00,163.2239990234375
2026-07-21 20:15:00+00:00,163.2259979248047
2026-07-21 20:30:00+00:00,163.20599365234375
2026-07-21 20:45:00+00:00,163.16900634765625
2026-07-21 21:00:00+00:00,163.13400268554688
2026-07-21 21:15:00+00:00,163.1820068359375
2026-07-21 21:30:00+00:00,163.1439971923828
2026-07-21 21:45:00+00:00,163.14100646972656
2026-07-21 22:00:00+00:00,163.1820068359375
2026-07-21 22:15:00+00:00,163.1820068359375
2026-07-21 22:30:00+00:00,163.19000244140625
2026-07-21 22:45:00+00:00,163.19900512695312
2026-07-21 23:00:00+00:00,163.1999969482422
2026-07-21 23:15:00+00:00,163.20700073242188
2026-07-21 23:30:00+00:00,163.21800231933594
2026-07-21 23:45:00+00:00,163.18299865722656
2026-07-22 00:00:00+00:00,163.10899353027344
2026-07-22 00:15:00+00:00,163.0570068359375
2026-07-22 00:30:00+00:00,163.11399841308594
2026-07-22 00:45:00+00:00,163.13099670410156
2026-07-22 01:00:00+00:00,163.13999938964844
2026-07-22 01:15:00+00:00,163.16799926757812
2026-07-22 01:30:00+00:00,163.1739959716797
2026-07-22 01:45:00+00:00,163.14300537109375
2026-07-22 02:00:00+00:00,163.16799926757812
2026-07-22 02:15:00+00:00,163.0919952392578
2026-07-22 02:30:00+00:00,163.09500122070312
2026-07-22 02:45:00+00:00,163.1199951171875
2026-07-22 03:00:00+00:00,163.14599609375
2026-07-22 03:15:00+00:00,163.125
2026-07-22 03:30:00+00:00,163.13299560546875
2026-07-22 03:45:00+00:00,163.1540069580078
2026-07-22 04:00:00+00:00,163.18299865722656
2026-07-22 04:15:00+00:00,163.1719970703125
2026-07-22 04:30:00+00:00,163.1540069580078
2026-07-22 04:45:00+00:00,163.1699981689453
2026-07-22 05:00:00+00:00,163.1490020751953
2026-07-22 05:15:00+00:00,163.16799926757812
2026-07-22 05:30:00+00:00,163.1439971923828
2026-07-22 05:45:00+00:00,163.08700561523438
2026-07-22 06:00:00+00:00,163.072998046875
2026-07-22 06:15:00+00:00,163.10299682617188
2026-07-22 06:30:00+00:00,163.11199951171875
2026-07-22 06:45:00+00:00,163.0850067138672
2026-07-22 07:00:00+00:00,163.0749969482422
2026-07-22 07:15:00+00:00,163.12600708007812
2026-07-22 07:30:00+00:00,162.93899536132812
2026-07-22 07:45:00+00:00,162.93600463867188
2026-07-22 08:00:00+00:00,163.0469970703125
2026-07-22 08:15:00+00:00,163.06700134277344
2026-07-22 08:30:00+00:00,163.00599670410156
2026-07-22 08:45:00+00:00,162.95899963378906
2026-07-22 09:00:00+00:00,162.9810028076172
2026-07-22 09:15:00+00:00,162.9770050048828
2026-07-22 09:30:00+00:00,162.99899291992188
2026-07-22 09:45:00+00:00,163.02699279785156
2026-07-22 10:00:00+00:00,163.07200622558594
2026-07-22 10:15:00+00:00,163.04299926757812
2026-07-22 10:30:00+00:00,163.0279998779297
2026-07-22 10:45:00+00:00,163.01600646972656
2026-07-22 11:00:00+00:00,163.00599670410156
2026-07-22 11:15:00+00:00,163.03500366210938
2026-07-22 11:30:00+00:00,163.04600524902344
2026-07-22 11:45:00+00:00,163.07000732421875
2026-07-22 12:00:00+00:00,163.0449981689453
2026-07-22 12:15:00+00:00,163.05799865722656
2026-07-22 12:30:00+00:00,163.05299377441406
2026-07-22 12:45:00+00:00,163.1020050048828
2026-07-22 13:00:00+00:00,163.0919952392578
2026-07-22 13:15:00+00:00,163.06700134277344
2026-07-22 13:30:00+00:00,163.0240020751953
2026-07-22 13:45:00+00:00,163.052001953125
2026-07-22 14:00:00+00:00,163.05099487304688
2026-07-22 14:15:00+00:00,163.07000732421875
2026-07-22 14:30:00+00:00,163.0570068359375
2026-07-22 14:45:00+00:00,163.11500549316406
2026-07-22 15:00:00+00:00,163.0970001220703
2026-07-22 15:15:00+00:00,163.10800170898438
2026-07-22 15:30:00+00:00,163.10400390625
2026-07-22 15:45:00+00:00,163.07899475097656
2026-07-22 16:00:00+00:00,163.10499572753906
2026-07-22 16:15:00+00:00,163.08999633789062
2026-07-22 16:30:00+00:00,163.10400390625
2026-07-22 16:45:00+00:00,163.11000061035156
2026-07-22 17:00:00+00:00,163.1300048828125
2026-07-22 17:15:00+00:00,163.1320037841797
2026-07-22 17:30:00+00:00,163.15699768066406
2026-07-22 17:45:00+00:00,163.156005859375
2026-07-22 18:00:00+00:00,163.15699768066406
2026-07-22 18:15:00+00:00,163.12600708007812
2026-07-22 18:30:00+00:00,163.11599731445312
2026-07-22 18:45:00+00:00,163.1230010986328
2026-07-22 19:00:00+00:00,163.13800048828125
2026-07-22 19:15:00+00:00,163.14100646972656
2026-07-22 19:30:00+00:00,163.1490020751953
2026-07-22 19:45:00+00:00,163.14700317382812
2026-07-22 20:00:00+00:00,163.14300537109375
2026-07-22 20:15:00+00:00,163.14199829101562
2026-07-22 20:30:00+00:00,163.1510009765625
2026-07-22 20:45:00+00:00,163.13099670410156
2026-07-22 21:00:00+00:00,163.06500244140625
2026-07-22 21:15:00+00:00,163.08799743652344
2026-07-22 21:30:00+00:00,163.05799865722656
2026-07-22 21:45:00+00:00,163.08900451660156
2026-07-22 22:00:00+00:00,163.0919952392578
2026-07-22 22:15:00+00:00,163.1009979248047
2026-07-22 22:30:00+00:00,163.11599731445312
2026-07-22 22:45:00+00:00,163.1199951171875
2026-07-22 23:00:00+00:00,163.10699462890625
2026-07-22 23:15:00+00:00,163.1020050048828
2026-07-22 23:30:00+00:00,163.09500122070312
2026-07-22 23:45:00+00:00,163.08099365234375
2026-07-23 00:00:00+00:00,163.093994140625
2026-07-23 00:15:00+00:00,163.09500122070312
2026-07-23 00:30:00+00:00,163.08900451660156
2026-07-23 00:45:00+00:00,163.04600524902344
2026-07-23 01:00:00+00:00,163.06100463867188
2026-07-23 01:15:00+00:00,163.06700134277344
2026-07-23 01:30:00+00:00,163.01600646972656
2026-07-23 01:45:00+00:00,163.06399536132812
2026-07-23 02:00:00+00:00,163.05599975585938
2026-07-23 02:15:00+00:00,163.06399536132812
2026-07-23 02:30:00+00:00,163.07200622558594
2026-07-23 02:45:00+00:00,163.06399536132812
2026-07-23 03:00:00+00:00,163.0780029296875
2026-07-23 03:15:00+00:00,163.052001953125
2026-07-23 03:30:00+00:00,163.04299926757812
2026-07-23 03:45:00+00:00,163.04299926757812
2026-07-23 04:00:00+00:00,163.0469970703125
2026-07-23 04:15:00+00:00,163.03799438476562
2026-07-23 04:30:00+00:00,163.0449981689453
2026-07-23 04:45:00+00:00,163.07200622558594
2026-07-23 05:00:00+00:00,163.07400512695312
2026-07-23 05:15:00+00:00,163.08799743652344
2026-07-23 05:30:00+00:00,163.08399963378906
2026-07-23 05:45:00+00:00,163.10899353027344
2026-07-23 06:00:00+00:00,163.0709991455078
2026-07-23 06:15:00+00:00,163.06700134277344
2026-07-23 06:30:00+00:00,163.08299255371094
2026-07-23 06:45:00+00:00,163.10400390625
2026-07-23 07:00:00+00:00,163.1280059814453
2026-07-23 07:15:00+00:00,163.16200256347656
2026-07-23 07:30:00+00:00,163.2259979248047
2026-07-23 07:45:00+00:00,163.31199645996094
2026-07-23 08:00:00+00:00,163.37600708007812
2026-07-23 08:15:00+00:00,163.39700317382812
2026-07-23 08:30:00+00:00,163.38999938964844
2026-07-23 08:45:00+00:00,163.33399963378906
2026-07-23 09:00:00+00:00,163.3560028076172
2026-07-23 09:15:00+00:00,163.375
2026-07-23 09:30:00+00:00,163.33399963378906
2026-07-23 09:45:00+00:00,163.37100219726562
2026-07-23 10:00:00+00:00,163.35899353027344
2026-07-23 10:15:00+00:00,163.3560028076172
2026-07-23 10:30:00+00:00,163.3560028076172
2026-07-23 10:45:00+00:00,163.3679962158203
2026-07-23 11:00:00+00:00,163.35400390625
2026-07-23 11:15:00+00:00,163.41299438476562
2026-07-23 11:30:00+00:00,163.5800018310547
2026-07-23 11:45:00+00:00,163.48199462890625
2026-07-23 12:00:00+00:00,163.47000122070312
2026-07-23 12:15:00+00:00,163.55799865722656
2026-07-23 12:30:00+00:00,163.70399475097656
2026-07-23 12:45:00+00:00,163.66600036621094
2026-07-23 13:00:00+00:00,163.80499267578125
2026-07-23 13:15:00+00:00,163.78399658203125
2026-07-23 13:30:00+00:00,163.84500122070312
2026-07-23 13:45:00+00:00,163.95799255371094
2026-07-23 14:00:00+00:00,163.8939971923828
2026-07-23 14:15:00+00:00,163.92999267578125
2026-07-23 14:30:00+00:00,163.92999267578125
2026-07-23 14:45:00+00:00,163.91799926757812
2026-07-23 15:00:00+00:00,163.8520050048828
2026-07-23 15:15:00+00:00,163.8679962158203
2026-07-23 15:30:00+00:00,163.81900024414062
2026-07-23 15:45:00+00:00,163.8000030517578
2026-07-23 16:00:00+00:00,163.7830047607422
2026-07-23 16:15:00+00:00,163.73800659179688
2026-07-23 16:30:00+00:00,163.75
2026-07-23 16:45:00+00:00,163.76400756835938
2026-07-23 17:00:00+00:00,163.76800537109375
2026-07-23 17:15:00+00:00,163.7790069580078
2026-07-23 17:30:00+00:00,163.80499267578125
2026-07-23 17:45:00+00:00,163.84100341796875
2026-07-23 18:00:00+00:00,163.80299377441406
2026-07-23 18:15:00+00:00,163.79299926757812
2026-07-23 18:30:00+00:00,163.7899932861328
2026-07-23 18:45:00+00:00,163.7969970703125
2026-07-23 19:00:00+00:00,163.82000732421875
2026-07-23 19:15:00+00:00,163.80299377441406
2026-07-23 19:30:00+00:00,163.83799743652344
2026-07-23 19:45:00+00:00,163.81900024414062
2026-07-23 20:00:00+00:00,163.82200622558594
2026-07-23 20:15:00+00:00,163.81900024414062
2026-07-23 20:30:00+00:00,163.86399841308594
2026-07-23 20:45:00+00:00,163.85299682617188
2026-07-23 21:00:00+00:00,163.81100463867188
2026-07-23 21:15:00+00:00,163.81900024414062
2026-07-23 21:30:00+00:00,163.80099487304688
2026-07-23 21:45:00+00:00,163.7790069580078
2026-07-23 22:00:00+00:00,163.8179931640625
2026-07-23 22:15:00+00:00,163.8470001220703
2026-07-23 22:30:00+00:00,163.81700134277344
2026-07-23 22:45:00+00:00,163.843994140625
2026-07-23 23:00:00+00:00,163.82699584960938
2026-07-23 23:15:00+00:00,163.80999755859375
2026-07-23 23:30:00+00:00,163.82899475097656
2026-07-23 23:45:00+00:00,163.83599853515625
2026-07-24 00:00:00+00:00,163.8520050048828
2026-07-24 00:15:00+00:00,163.85499572753906
2026-07-24 00:30:00+00:00,163.91900634765625
2026-07-24 00:45:00+00:00,163.8179931640625
2026-07-24 01:00:00+00:00,163.8419952392578
2026-07-24 01:15:00+00:00,163.8350067138672
2026-07-24 01:30:00+00:00,163.73699951171875
2026-07-24 01:45:00+00:00,163.7689971923828
2026-07-24 02:00:00+00:00,163.77000427246094
2026-07-24 02:15:00+00:00,163.77000427246094
2026-07-24 02:30:00+00:00,163.7570037841797
2026-07-24 02:45:00+00:00,163.77000427246094
2026-07-24 03:00:00+00:00,163.81399536132812
2026-07-24 03:15:00+00:00,163.85400390625
2026-07-24 03:30:00+00:00,163.81100463867188
2026-07-24 03:45:00+00:00,163.80299377441406
2026-07-24 04:00:00+00:00,163.8090057373047
2026-07-24 04:15:00+00:00,163.8280029296875
2026-07-24 04:30:00+00:00,163.83200073242188
2026-07-24 04:45:00+00:00,163.8280029296875
2026-07-24 05:00:00+00:00,163.81399536132812
2026-07-24 05:15:00+00:00,163.8040008544922
2026-07-24 05:30:00+00:00,163.81199645996094
2026-07-24 05:45:00+00:00,163.8419952392578
2026-07-24 06:00:00+00:00,163.80299377441406
2026-07-24 06:15:00+00:00,163.781005859375
2026-07-24 06:30:00+00:00,163.7729949951172
2026-07-24 06:45:00+00:00,163.75900268554688
2026-07-24 07:00:00+00:00,163.68600463867188
2026-07-24 07:15:00+00:00,163.68699645996094
2026-07-24 07:30:00+00:00,163.76100158691406
2026-07-24 07:45:00+00:00,163.76100158691406
2026-07-24 08:00:00+00:00,163.76400756835938
2026-07-24 08:15:00+00:00,163.72900390625
2026-07-24 08:30:00+00:00,163.77000427246094
2026-07-24 08:45:00+00:00,163.7259979248047
2026-07-24 09:00:00+00:00,163.72900390625
2026-07-24 09:15:00+00:00,163.74200439453125
2026-07-24 09:30:00+00:00,163.72799682617188
2026-07-24 09:45:00+00:00,163.68299865722656
2026-07-24 10:00:00+00:00,163.72500610351562
2026-07-24 10:15:00+00:00,163.7209930419922
2026-07-24 10:30:00+00:00,163.74899291992188
2026-07-24 10:45:00+00:00,163.78799438476562
2026-07-24 11:00:00+00:00,163.75900268554688
2026-07-24 11:15:00+00:00,163.7790069580078
2026-07-24 11:30:00+00:00,163.80099487304688
2026-07-24 11:45:00+00:00,163.79600524902344
2026-07-24 12:00:00+00:00,163.79800415039062
2026-07-24 12:15:00+00:00,163.82899475097656
2026-07-24 12:30:00+00:00,163.82699584960938
2026-07-24 12:45:00+00:00,163.8459930419922
2026-07-24 13:00:00+00:00,163.83900451660156
2026-07-24 13:15:00+00:00,163.86099243164062
2026-07-24 13:30:00+00:00,163.83200073242188
2026-07-24 13:45:00+00:00,163.7790069580078
2026-07-24 14:00:00+00:00,163.8280029296875
2026-07-24 14:15:00+00:00,163.78199768066406
2026-07-24 14:30:00+00:00,163.76300048828125
2026-07-24 14:45:00+00:00,163.75399780273438
2026-07-24 15:00:00+00:00,163.677001953125
2026-07-24 15:15:00+00:00,163.6929931640625
2026-07-24 15:30:00+00:00,163.72999572753906
2026-07-24 15:45:00+00:00,163.70399475097656
2026-07-24 16:00:00+00:00,163.70799255371094
2026-07-24 16:15:00+00:00,163.72500610351562
2026-07-24 16:30:00+00:00,163.75
2026-07-24 16:45:00+00:00,163.7779998779297
2026-07-24 17:00:00+00:00,163.81500244140625
2026-07-24 17:15:00+00:00,163.81100463867188
2026-07-24 17:30:00+00:00,163.82200622558594
2026-07-24 17:45:00+00:00,163.81300354003906
2026-07-24 18:00:00+00:00,163.81399536132812
2026-07-24 18:15:00+00:00,163.83700561523438
2026-07-24 18:30:00+00:00,163.84100341796875
2026-07-24 18:45:00+00:00,163.83599853515625
2026-07-24 19:00:00+00:00,163.82400512695312
2026-07-24 19:15:00+00:00,163.84500122070312
2026-07-24 19:30:00+00:00,163.82200622558594
2026-07-24 19:45:00+00:00,163.84800720214844
2026-07-24 20:00:00+00:00,163.85000610351562
2026-07-24 20:15:00+00:00,163.85400390625
2026-07-24 20:30:00+00:00,163.8459930419922
2026-07-24 20:45:00+00:00,163.79100036621094
2026-07-26 23:00:00+00:00,163.677001953125
2026-07-26 23:15:00+00:00,163.6840057373047
2026-07-26 23:30:00+00:00,163.6540069580078
2026-07-26 23:45:00+00:00,163.61099243164062
2026-07-27 00:00:00+00:00,163.52999877929688
2026-07-27 00:15:00+00:00,163.53199768066406
2026-07-27 00:30:00+00:00,163.56500244140625
2026-07-27 00:45:00+00:00,163.62899780273438
2026-07-27 01:00:00+00:00,163.55799865722656
2026-07-27 01:15:00+00:00,163.5590057373047
2026-07-27 01:30:00+00:00,163.54600524902344
2026-07-27 01:45:00+00:00,163.4720001220703
2026-07-27 02:00:00+00:00,163.54800415039062
2026-07-27 02:15:00+00:00,163.51699829101562
2026-07-27 02:30:00+00:00,163.5260009765625
2026-07-27 02:45:00+00:00,163.57000732421875
2026-07-27 03:00:00+00:00,163.58399963378906
2026-07-27 03:15:00+00:00,163.58599853515625
2026-07-27 03:30:00+00:00,163.593994140625
2026-07-27 03:45:00+00:00,163.572998046875
2026-07-27 04:00:00+00:00,163.5570068359375
2026-07-27 04:15:00+00:00,163.572998046875
2026-07-27 04:30:00+00:00,163.58599853515625
2026-07-27 04:45:00+00:00,163.57200622558594
2026-07-27 05:00:00+00:00,163.55799865722656
2026-07-27 05:15:00+00:00,163.56100463867188
2026-07-27 05:30:00+00:00,163.58799743652344
2026-07-27 05:45:00+00:00,163.58399963378906
2026-07-27 06:00:00+00:00,163.52499389648438
2026-07-27 06:15:00+00:00,163.56199645996094
2026-07-27 06:30:00+00:00,163.52699279785156
2026-07-27 06:45:00+00:00,163.5070037841797
2026-07-27 07:00:00+00:00,163.47300720214844
2026-07-27 07:15:00+00:00,163.33200073242188
2026-07-27 07:30:00+00:00,163.4550018310547
2026-07-27 07:45:00+00:00,163.52099609375
2026-07-27 08:00:00+00:00,163.5229949951172
2026-07-27 08:15:00+00:00,163.5399932861328
2026-07-27 08:30:00+00:00,163.52200317382812
2026-07-27 08:45:00+00:00,163.52000427246094
2026-07-27 09:00:00+00:00,163.572998046875
2026-07-27 09:15:00+00:00,163.57200622558594
2026-07-27 09:30:00+00:00,163.5489959716797
2026-07-27 09:45:00+00:00,163.52499389648438
2026-07-27 10:00:00+00:00,163.5570068359375
2026-07-27 10:15:00+00:00,163.552001953125
2026-07-27 10:30:00+00:00,163.5500030517578
2026-07-27 10:45:00+00:00,163.5919952392578
2026-07-27 11:00:00+00:00,163.62399291992188
2026-07-27 11:15:00+00:00,163.64100646972656
2026-07-27 11:30:00+00:00,163.59500122070312
2026-07-27 11:45:00+00:00,163.63999938964844
2026-07-27 12:00:00+00:00,163.6750030517578
2026-07-27 12:15:00+00:00,163.66200256347656
2026-07-27 12:30:00+00:00,163.68499755859375
2026-07-27 12:45:00+00:00,163.68600463867188
2026-07-27 13:00:00+00:00,163.66400146484375
2026-07-27 13:15:00+00:00,163.70199584960938
2026-07-27 13:30:00+00:00,163.6959991455078
2026-07-27 13:45:00+00:00,163.7429962158203
2026-07-27 14:00:00+00:00,163.71800231933594
2026-07-27 14:15:00+00:00,163.7550048828125
2026-07-27 14:30:00+00:00,163.74899291992188
2026-07-27 14:45:00+00:00,163.697998046875
2026-07-27 15:00:00+00:00,163.70399475097656
2026-07-27 15:15:00+00:00,163.66200256347656
2026-07-27 15:30:00+00:00,163.6739959716797
2026-07-27 15:45:00+00:00,163.70899963378906
2026-07-27 16:00:00+00:00,163.697998046875
2026-07-27 16:15:00+00:00,163.625
2026-07-27 16:30:00+00:00,163.61599731445312
2026-07-27 16:45:00+00:00,163.6490020751953
2026-07-27 17:00:00+00:00,163.69200134277344
2026-07-27 17:15:00+00:00,163.70599365234375
2026-07-27 17:30:00+00:00,163.7220001220703
2026-07-27 17:45:00+00:00,163.72300720214844
2026-07-27 18:00:00+00:00,163.70199584960938
2026-07-27 18:15:00+00:00,163.7270050048828
2026-07-27 18:30:00+00:00,163.72799682617188
2026-07-27 18:45:00+00:00,163.7760009765625
2026-07-27 19:00:00+00:00,163.75
2026-07-27 19:15:00+00:00,163.7259979248047
2026-07-27 19:30:00+00:00,163.6999969482422
2026-07-27 19:45:00+00:00,163.73300170898438
2026-07-27 20:00:00+00:00,163.74200439453125
2026-07-27 20:15:00+00:00,163.73800659179688
2026-07-27 20:30:00+00:00,163.75999450683594
2026-07-27 20:45:00+00:00,163.7449951171875
2026-07-27 21:00:00+00:00,163.67300415039062
2026-07-27 21:15:00+00:00,163.68099975585938
2026-07-27 21:30:00+00:00,163.7169952392578
2026-07-27 21:45:00+00:00,163.71299743652344
2026-07-27 22:00:00+00:00,163.74600219726562
2026-07-27 22:15:00+00:00,163.7429962158203
2026-07-27 22:30:00+00:00,163.73399353027344
2026-07-27 22:45:00+00:00,163.74000549316406
2026-07-27 23:00:00+00:00,163.7220001220703
2026-07-27 23:15:00+00:00,163.72900390625
2026-07-27 23:30:00+00:00,163.74400329589844
2026-07-27 23:45:00+00:00,163.77099609375
2026-07-28 00:00:00+00:00,163.8159942626953
2026-07-28 00:15:00+00:00,163.77999877929688
2026-07-28 00:30:00+00:00,163.76699829101562
2026-07-28 00:45:00+00:00,163.73800659179688
2026-07-28 01:00:00+00:00,163.7469940185547
2026-07-28 01:15:00+00:00,163.7480010986328
2026-07-28 01:30:00+00:00,163.75599670410156
2026-07-28 01:45:00+00:00,163.76800537109375
2026-07-28 02:00:00+00:00,163.77999877929688
2026-07-28 02:15:00+00:00,163.75599670410156
2026-07-28 02:30:00+00:00,163.73599243164062
2026-07-28 02:45:00+00:00,163.70799255371094
2026-07-28 03:00:00+00:00,163.73300170898438
2026-07-28 03:15:00+00:00,163.71600341796875
2026-07-28 03:30:00+00:00,163.75799560546875
2026-07-28 03:45:00+00:00,163.75599670410156
2026-07-28 04:00:00+00:00,163.76400756835938
2026-07-28 04:15:00+00:00,163.76800537109375
2026-07-28 04:30:00+00:00,163.7530059814453
2026-07-28 04:45:00+00:00,163.7449951171875
2026-07-28 05:00:00+00:00,163.75799560546875
2026-07-28 05:15:00+00:00,163.7270050048828
2026-07-28 05:30:00+00:00,163.74400329589844
2026-07-28 05:45:00+00:00,163.73300170898438
2026-07-28 06:00:00+00:00,163.69000244140625
2026-07-28 06:15:00+00:00,163.6909942626953
2026-07-28 06:30:00+00:00,163.68899536132812
2026-07-28 06:45:00+00:00,163.70899963378906
2026-07-28 07:00:00+00:00,163.74000549316406
2026-07-28 07:15:00+00:00,163.7519989013672
2026-07-28 07:30:00+00:00,163.76300048828125
2026-07-28 07:45:00+00:00,163.78399658203125
2026-07-28 08:00:00+00:00,163.79299926757812
2026-07-28 08:15:00+00:00,163.8350067138672
2026-07-28 08:30:00+00:00,163.8350067138672
2026-07-28 08:45:00+00:00,163.81900024414062
2026-07-28 09:00:00+00:00,163.8159942626953
2026-07-28 09:15:00+00:00,163.8280029296875
2026-07-28 09:30:00+00:00,163.83700561523438
2026-07-28 09:45:00+00:00,163.87399291992188
2026-07-28 10:00:00+00:00,163.88600158691406
2026-07-28 10:15:00+00:00,163.92999267578125
2026-07-28 10:30:00+00:00,163.93899536132812
2026-07-28 10:45:00+00:00,163.9320068359375
2026-07-28 11:00:00+00:00,163.92799377441406
2026-07-28 11:15:00+00:00,163.9219970703125
2026-07-28 11:30:00+00:00,163.92799377441406
2026-07-28 11:45:00+00:00,163.927001953125
2026-07-28 12:00:00+00:00,163.91700744628906
2026-07-28 12:15:00+00:00,163.89199829101562
2026-07-28 12:30:00+00:00,163.88400268554688
2026-07-28 12:45:00+00:00,163.8719940185547
2026-07-28 13:00:00+00:00,163.8679962158203
2026-07-28 13:15:00+00:00,163.86500549316406
2026-07-28 13:30:00+00:00,163.84800720214844
2026-07-28 13:45:00+00:00,163.8179931640625
2026-07-28 14:00:00+00:00,163.8560028076172
2026-07-28 14:15:00+00:00,163.84300231933594
2026-07-28 14:30:00+00:00,163.84800720214844
2026-07-28 14:45:00+00:00,163.86300659179688
2026-07-28 15:00:00+00:00,163.7469940185547
2026-07-28 15:15:00+00:00,163.69400024414062
2026-07-28 15:30:00+00:00,163.66400146484375
2026-07-28 15:45:00+00:00,163.6510009765625
2026-07-28 16:00:00+00:00,163.6699981689453
2026-07-28 16:15:00+00:00,163.67799377441406
2026-07-28 16:30:00+00:00,163.69900512695312
2026-07-28 16:45:00+00:00,163.73699951171875
2026-07-28 17:00:00+00:00,163.74899291992188
2026-07-28 17:15:00+00:00,163.7689971923828
2026-07-28 17:30:00+00:00,163.781005859375
2026-07-28 17:45:00+00:00,163.8000030517578
2026-07-28 18:00:00+00:00,163.79200744628906
2026-07-28 18:15:00+00:00,163.81500244140625
2026-07-28 18:30:00+00:00,163.83099365234375
2026-07-28 18:45:00+00:00,163.8560028076172
2026-07-28 19:00:00+00:00,163.8520050048828
2026-07-28 19:15:00+00:00,163.8470001220703
2026-07-28 19:30:00+00:00,163.83700561523438
2026-07-28 19:45:00+00:00,163.85499572753906
2026-07-28 20:00:00+00:00,163.843994140625
2026-07-28 20:15:00+00:00,163.86099243164062
2026-07-28 20:30:00+00:00,163.8509979248047
2026-07-28 20:45:00+00:00,163.81100463867188
2026-07-28 21:00:00+00:00,163.83900451660156
2026-07-28 21:15:00+00:00,163.78900146484375
2026-07-28 21:30:00+00:00,163.76400756835938
2026-07-28 21:45:00+00:00,163.79400634765625
2026-07-28 22:00:00+00:00,163.83200073242188
2026-07-28 22:15:00+00:00,163.84800720214844
2026-07-28 22:30:00+00:00,163.86700439453125
2026-07-28 22:45:00+00:00,163.8419952392578
2026-07-28 23:00:00+00:00,163.85000610351562
2026-07-28 23:15:00+00:00,163.86000061035156
2026-07-28 23:30:00+00:00,163.85000610351562
2026-07-28 23:45:00+00:00,163.85899353027344
2026-07-29 00:00:00+00:00,163.8679962158203
2026-07-29 00:15:00+00:00,163.7989959716797
2026-07-29 00:30:00+00:00,163.76699829101562
2026-07-29 00:45:00+00:00,163.69500732421875
2026-07-29 01:00:00+00:00,163.72799682617188
2026-07-29 01:15:00+00:00,163.73599243164062
2026-07-29 01:30:00+00:00,163.7689971923828
2026-07-29 01:45:00+00:00,163.71299743652344
2026-07-29 02:00:00+00:00,163.7030029296875
2026-07-29 02:15:00+00:00,163.70199584960938
2026-07-29 02:30:00+00:00,163.6959991455078
2026-07-29 02:45:00+00:00,163.7169952392578
2026-07-29 03:00:00+00:00,163.68800354003906
2026-07-29 03:15:00+00:00,163.66900634765625
2026-07-29 03:30:00+00:00,163.63099670410156
2026-07-29 03:45:00+00:00,163.62600708007812
2026-07-29 04:00:00+00:00,163.552001953125
2026-07-29 04:15:00+00:00,163.50999450683594
2026-07-29 04:30:00+00:00,163.29400634765625
2026-07-29 04:45:00+00:00,163.42300415039062
2026-07-29 05:00:00+00:00,163.41600036621094
2026-07-29 05:15:00+00:00,163.3769989013672
2026-07-29 05:30:00+00:00,163.4149932861328
2026-07-29 05:45:00+00:00,163.49400329589844
2026-07-29 06:00:00+00:00,163.50999450683594
2026-07-29 06:15:00+00:00,163.5500030517578
2026-07-29 06:30:00+00:00,163.48899841308594
2026-07-29 06:45:00+00:00,163.52999877929688
2026-07-29 07:00:00+00:00,163.53700256347656
2026-07-29 07:15:00+00:00,163.58200073242188
2026-07-29 07:30:00+00:00,163.593994140625
2026-07-29 07:45:00+00:00,163.6790008544922
2026-07-29 08:00:00+00:00,163.64599609375
2026-07-29 08:15:00+00:00,163.61099243164062
2026-07-29 08:30:00+00:00,163.58900451660156
2026-07-29 08:45:00+00:00,163.5780029296875
2026-07-29 09:00:00+00:00,163.5399932861328
2026-07-29 09:15:00+00:00,163.5290069580078
2026-07-29 09:30:00+00:00,163.55999755859375
2026-07-29 09:45:00+00:00,163.60499572753906
2026-07-29 10:00:00+00:00,163.63800048828125
2026-07-29 10:15:00+00:00,163.6529998779297
2026-07-29 10:30:00+00:00,163.67300415039062
2026-07-29 10:45:00+00:00,163.65199279785156
2026-07-29 11:00:00+00:00,163.6750030517578
2026-07-29 11:15:00+00:00,163.63800048828125
2026-07-29 11:30:00+00:00,163.66400146484375
2026-07-29 11:45:00+00:00,163.63900756835938
2026-07-29 12:00:00+00:00,163.6909942626953
2026-07-29 12:15:00+00:00,163.7530059814453
2026-07-29 12:30:00+00:00,163.76499938964844
2026-07-29 12:45:00+00:00,163.8000030517578
2026-07-29 13:00:00+00:00,163.76699829101562
2026-07-29 13:15:00+00:00,163.74200439453125
2026-07-29 13:30:00+00:00,163.72799682617188
2026-07-29 13:45:00+00:00,163.7449951171875
2026-07-29 14:00:00+00:00,163.77999877929688
2026-07-29 14:15:00+00:00,163.7530059814453
2026-07-29 14:30:00+00:00,163.82200622558594
2026-07-29 14:45:00+00:00,163.88299560546875
2026-07-29 15:00:00+00:00,163.83700561523438
2026-07-29 15:15:00+00:00,163.85000610351562
2026-07-29 15:30:00+00:00,163.8560028076172
2026-07-29 15:45:00+00:00,163.85800170898438
2026-07-29 16:00:00+00:00,163.88999938964844
2026-07-29 16:15:00+00:00,163.8769989013672
2026-07-29 16:30:00+00:00,163.8719940185547
2026-07-29 16:45:00+00:00,163.88800048828125
2026-07-29 17:00:00+00:00,163.8459930419922
2026-07-29 17:15:00+00:00,163.83900451660156
2026-07-29 17:30:00+00:00,163.8179931640625
2026-07-29 17:45:00+00:00,163.76300048828125
2026-07-29 18:00:00+00:00,163.50100708007812
2026-07-29 18:15:00+00:00,163.54600524902344
2026-07-29 18:30:00+00:00,163.44000244140625
2026-07-29 18:45:00+00:00,163.31700134277344
2026-07-29 19:00:00+00:00,163.36099243164062
2026-07-29 19:15:00+00:00,163.38900756835938
2026-07-29 19:30:00+00:00,163.41200256347656
2026-07-29 19:45:00+00:00,163.50799560546875
2026-07-29 20:00:00+00:00,163.53399658203125
2026-07-29 20:15:00+00:00,163.5469970703125
2026-07-29 20:30:00+00:00,163.46400451660156
2026-07-29 20:45:00+00:00,163.3699951171875
2026-07-29 21:00:00+00:00,163.3730010986328
2026-07-29 21:15:00+00:00,163.36399841308594
2026-07-29 21:30:00+00:00,163.35699462890625
2026-07-29 21:45:00+00:00,163.3769989013672
2026-07-29 22:00:00+00:00,163.41299438476562
2026-07-29 22:15:00+00:00,163.4320068359375
2026-07-29 22:30:00+00:00,163.4029998779297
2026-07-29 22:45:00+00:00,163.37600708007812
2026-07-29 23:00:00+00:00,163.34800720214844
2026-07-29 23:15:00+00:00,163.37100219726562
2026-07-29 23:30:00+00:00,163.3730010986328
2026-07-29 23:45:00+00:00,163.3000030517578
2026-07-30 00:00:00+00:00,163.25
2026-07-30 00:15:00+00:00,163.4949951171875
2026-07-30 00:30:00+00:00,163.44200134277344
2026-07-30 00:45:00+00:00,163.4929962158203
2026-07-30 01:00:00+00:00,163.42300415039062
2026-07-30 01:15:00+00:00,163.4810028076172
2026-07-30 01:30:00+00:00,163.4709930419922
2026-07-30 01:45:00+00:00,163.5019989013672
2026-07-30 02:00:00+00:00,163.4709930419922
2026-07-30 02:15:00+00:00,163.4929962158203
2026-07-30 02:30:00+00:00,163.468994140625
2026-07-30 02:45:00+00:00,163.48300170898438
2026-07-30 03:00:00+00:00,163.52000427246094
2026-07-30 03:15:00+00:00,163.51199340820312
2026-07-30 03:30:00+00:00,163.51199340820312
2026-07-30 03:45:00+00:00,163.49600219726562
2026-07-30 04:00:00+00:00,163.47799682617188
2026-07-30 04:15:00+00:00,163.4720001220703
2026-07-30 04:30:00+00:00,163.47300720214844
2026-07-30 04:45:00+00:00,163.48399353027344
2026-07-30 05:00:00+00:00,163.4530029296875
2026-07-30 05:15:00+00:00,163.48199462890625
2026-07-30 05:30:00+00:00,163.5030059814453
2026-07-30 05:45:00+00:00,163.53199768066406
2026-07-30 06:00:00+00:00,163.5989990234375
2026-07-30 06:15:00+00:00,163.5919952392578
2026-07-30 06:30:00+00:00,163.572998046875
2026-07-30 06:45:00+00:00,163.63400268554688
2026-07-30 07:00:00+00:00,163.59500122070312
2026-07-30 07:15:00+00:00,163.64199829101562
2026-07-30 07:30:00+00:00,163.69500732421875
2026-07-30 07:45:00+00:00,163.73199462890625
2026-07-30 08:00:00+00:00,163.63699340820312
2026-07-30 08:15:00+00:00,163.60800170898438
2026-07-30 08:30:00+00:00,163.61599731445312
2026-07-30 08:45:00+00:00,163.6479949951172
2026-07-30 09:00:00+00:00,163.52499389648438
2026-07-30 09:15:00+00:00,163.46600341796875
2026-07-30 09:30:00+00:00,163.39199829101562
2026-07-30 09:45:00+00:00,163.30599975585938
2026-07-30 10:00:00+00:00,162.98500061035156
2026-07-30 10:15:00+00:00,162.85000610351562
2026-07-30 10:30:00+00:00,162.73599243164062
2026-07-30 10:45:00+00:00,162.81500244140625
2026-07-30 11:00:00+00:00,162.79400634765625
2026-07-30 11:15:00+00:00,162.96299743652344
2026-07-30 11:30:00+00:00,162.97799682617188
2026-07-30 11:45:00+00:00,162.88699340820312
2026-07-30 12:00:00+00:00,162.8769989013672
2026-07-30 12:15:00+00:00,162.8730010986328
2026-07-30 12:30:00+00:00,162.71299743652344
2026-07-30 12:45:00+00:00,162.95599365234375
2026-07-30 13:00:00+00:00,162.8719940185547
2026-07-30 13:15:00+00:00,162.77499389648438
2026-07-30 13:30:00+00:00,160.60499572753906
2026-07-30 13:45:00+00:00,159.7449951171875
2026-07-30 14:00:00+00:00,158.85800170898438
2026-07-30 14:15:00+00:00,159.23300170898438
2026-07-30 14:30:00+00:00,159.43899536132812
2026-07-30 14:45:00+00:00,159.2779998779297
2026-07-30 15:00:00+00:00,159.41400146484375
2026-07-30 15:15:00+00:00,159.44000244140625
2026-07-30 15:30:00+00:00,159.3040008544922
2026-07-30 15:45:00+00:00,159.4720001220703
2026-07-30 16:00:00+00:00,159.44400024414062
2026-07-30 16:15:00+00:00,159.43499755859375
2026-07-30 16:30:00+00:00,159.59500122070312
2026-07-30 16:45:00+00:00,159.56199645996094
2026-07-30 17:00:00+00:00,159.66000366210938
2026-07-30 17:15:00+00:00,159.7830047607422
2026-07-30 17:30:00+00:00,158.78700256347656
2026-07-30 17:45:00+00:00,158.99600219726562
2026-07-30 18:00:00+00:00,158.8769989013672
2026-07-30 18:15:00+00:00,159.01100158691406
2026-07-30 18:30:00+00:00,159.02099609375
2026-07-30 18:45:00+00:00,158.88800048828125
2026-07-30 19:00:00+00:00,159.1750030517578
2026-07-30 19:15:00+00:00,159.30499267578125
2026-07-30 19:30:00+00:00,159.38999938964844
2026-07-30 19:45:00+00:00,159.33700561523438
2026-07-30 20:00:00+00:00,159.38499450683594
2026-07-30 20:15:00+00:00,159.48899841308594
2026-07-30 20:30:00+00:00,159.54200744628906
2026-07-30 20:45:00+00:00,159.5240020751953
2026-07-30 21:00:00+00:00,159.46499633789062
2026-07-30 21:15:00+00:00,159.49400329589844
2026-07-30 21:30:00+00:00,159.56900024414062
2026-07-30 21:45:00+00:00,159.61900329589844
2026-07-30 22:00:00+00:00,159.67999267578125
2026-07-30 22:15:00+00:00,159.70799255371094
2026-07-30 22:30:00+00:00,159.58299255371094
2026-07-30 22:45:00+00:00,159.70399475097656
2026-07-30 23:00:00+00:00,159.84100341796875
2026-07-30 23:15:00+00:00,159.91799926757812
2026-07-30 23:30:00+00:00,160.1929931640625
2026-07-30 23:45:00+00:00,160.1739959716797
2026-07-31 00:00:00+00:00,160.31300354003906
2026-07-31 00:15:00+00:00,160.25799560546875
2026-07-31 00:30:00+00:00,160.52099609375
2026-07-31 00:45:00+00:00,160.53599548339844
2026-07-31 01:00:00+00:00,160.4770050048828
2026-07-31 01:15:00+00:00,160.4980010986328
2026-07-31 01:30:00+00:00,160.5989990234375
2026-07-31 01:45:00+00:00,160.7270050048828
2026-07-31 02:00:00+00:00,160.55299377441406
2026-07-31 02:15:00+00:00,160.58799743652344
2026-07-31 02:30:00+00:00,160.61199951171875
2026-07-31 02:45:00+00:00,160.51199340820312
2026-07-31 03:00:00+00:00,160.74400329589844
2026-07-31 03:15:00+00:00,160.83299255371094
2026-07-31 03:30:00+00:00,160.67100524902344
2026-07-31 03:45:00+00:00,160.60800170898438
2026-07-31 04:00:00+00:00,160.69000244140625
2026-07-31 04:15:00+00:00,160.72300720214844
2026-07-31 04:30:00+00:00,160.70199584960938
2026-07-31 04:45:00+00:00,160.6820068359375
2026-07-31 05:00:00+00:00,160.65899658203125
2026-07-31 05:15:00+00:00,160.73800659179688
2026-07-31 05:30:00+00:00,160.67799377441406
2026-07-31 05:45:00+00:00,160.5970001220703
2026-07-31 06:00:00+00:00,160.36900329589844
2026-07-31 06:15:00+00:00,160.3209991455078
2026-07-31 06:30:00+00:00,160.47500610351562
2026-07-31 06:45:00+00:00,160.28199768066406
2026-07-31 07:00:00+00:00,160.34800720214844
2026-07-31 07:15:00+00:00,160.48699951171875
2026-07-31 07:30:00+00:00,160.56900024414062
2026-07-31 07:45:00+00:00,160.1999969482422
2026-07-31 08:00:00+00:00,160.3489990234375
2026-07-31 08:15:00+00:00,160.2729949951172
2026-07-31 08:30:00+00:00,160.00599670410156
2026-07-31 08:45:00+00:00,158.92300415039062
2026-07-31 09:00:00+00:00,159.54800415039062
2026-07-31 09:15:00+00:00,159.85699462890625
2026-07-31 09:30:00+00:00,159.88299560546875
2026-07-31 09:45:00+00:00,159.98899841308594
2026-07-31 10:00:00+00:00,159.96099853515625
2026-07-31 10:15:00+00:00,159.95399475097656
2026-07-31 10:30:00+00:00,159.97799682617188
2026-07-31 10:45:00+00:00,159.98500061035156
2026-07-31 11:00:00+00:00,160.0229949951172
2026-07-31 11:15:00+00:00,160.13299560546875
2026-07-31 11:30:00+00:00,160.16799926757812
2026-07-31 11:45:00+00:00,160.20799255371094
2026-07-31 12:00:00+00:00,160.2429962158203
2026-07-31 12:15:00+00:00,160.34500122070312
2026-07-31 12:30:00+00:00,160.4290008544922
2026-07-31 12:45:00+00:00,160.36500549316406
2026-07-31 13:00:00+00:00,160.4320068359375
2026-07-31 13:15:00+00:00,159.50900268554688
2026-07-31 13:30:00+00:00,159.58700561523438
2026-07-31 13:45:00+00:00,159.48199462890625
2026-07-31 14:00:00+00:00,159.36000061035156
2026-07-31 14:15:00+00:00,159.23399353027344
2026-07-31 14:30:00+00:00,159.36399841308594
2026-07-31 14:45:00+00:00,159.23699951171875
2026-07-31 15:00:00+00:00,159.15199279785156
2026-07-31 15:15:00+00:00,159.3459930419922
2026-07-31 15:30:00+00:00,159.2259979248047
2026-07-31 15:45:00+00:00,159.1649932861328
2026-07-31 16:00:00+00:00,159.2100067138672
2026-07-31 16:15:00+00:00,159.22000122070312
2026-07-31 16:30:00+00:00,159.27499389648438
2026-07-31 16:45:00+00:00,159.35899353027344
2026-07-31 17:00:00+00:00,159.42599487304688
2026-07-31 17:15:00+00:00,158.69700622558594
2026-07-31 17:30:00+00:00,158.1840057373047
2026-07-31 17:45:00+00:00,158.48899841308594
2026-07-31 18:00:00+00:00,158.72799682617188
2026-07-31 18:15:00+00:00,158.79400634765625
2026-07-31 18:30:00+00:00,158.90199279785156
2026-07-31 18:45:00+00:00,158.88299560546875
2026-07-31 19:00:00+00:00,158.9739990234375
2026-07-31 19:15:00+00:00,159.0229949951172
2026-07-31 19:30:00+00:00,159.0780029296875
2026-07-31 19:45:00+00:00,159.1750030517578
2026-07-31 20:00:00+00:00,158.5240020751953
2026-07-31 20:15:00+00:00,157.9969940185547
2026-07-31 20:30:00+00:00,157.60699462890625
2026-07-31 20:45:00+00:00,157.53799438476562
2026-07-31 21:00:00+00:00,157.39999389648438
2026-08-02 23:00:00+00:00,157.5449981689453
2026-08-02 23:15:00+00:00,157.71099853515625
2026-08-02 23:30:00+00:00,157.8350067138672
2026-08-02 23:45:00+00:00,157.58200073242188
2026-08-03 00:00:00+00:00,157.82000732421875
2026-08-03 00:15:00+00:00,156.65499877929688
2026-08-03 00:30:00+00:00,155.41000366210938
2026-08-03 00:45:00+00:00,156.11500549316406
2026-08-03 01:00:00+00:00,156.1060028076172
2026-08-03 01:15:00+00:00,156.22500610351562
2026-08-03 01:30:00+00:00,156.36199951171875
2026-08-03 01:45:00+00:00,156.34300231933594
2026-08-03 02:00:00+00:00,156.5189971923828
2026-08-03 02:15:00+00:00,156.46200561523438
2026-08-03 02:30:00+00:00,156.41600036621094
2026-08-03 02:45:00+00:00,156.48500061035156
2026-08-03 03:00:00+00:00,156.54200744628906
2026-08-03 03:15:00+00:00,156.53399658203125
2026-08-03 03:30:00+00:00,156.52699279785156
2026-08-03 03:45:00+00:00,156.5189971923828
2026-08-03 04:00:00+00:00,156.43800354003906
2026-08-03 04:15:00+00:00,156.5070037841797
2026-08-03 04:30:00+00:00,156.37399291992188
2026-08-03 04:45:00+00:00,156.4510040283203
2026-08-03 05:00:00+00:00,156.44900512695312
2026-08-03 05:15:00+00:00,156.46299743652344
2026-08-03 05:30:00+00:00,156.406005859375
2026-08-03 05:45:00+00:00,156.39700317382812
2026-08-03 06:00:00+00:00,156.41799926757812
2026-08-03 06:15:00+00:00,156.63099670410156
2026-08-03 06:30:00+00:00,156.7480010986328
2026-08-03 06:45:00+00:00,156.76600646972656
2026-08-03 07:00:00+00:00,156.58200073242188
2026-08-03 07:15:00+00:00,156.60299682617188
2026-08-03 07:30:00+00:00,156.73899841308594
2026-08-03 07:45:00+00:00,156.77200317382812
2026-08-03 08:00:00+00:00,156.74600219726562
2026-08-03 08:15:00+00:00,156.78500366210938
2026-08-03 08:30:00+00:00,156.9219970703125
2026-08-03 08:45:00+00:00,156.9810028076172
2026-08-03 09:00:00+00:00,156.96299743652344
2026-08-03 09:15:00+00:00,156.98500061035156
2026-08-03 09:30:00+00:00,157.0749969482422
2026-08-03 09:45:00+00:00,157.08299255371094
2026-08-03 10:00:00+00:00,156.9499969482422
2026-08-03 10:15:00+00:00,156.9340057373047
2026-08-03 10:30:00+00:00,156.95199584960938
2026-08-03 10:45:00+00:00,156.81700134277344
2026-08-03 11:00:00+00:00,156.78500366210938
2026-08-03 11:15:00+00:00,156.95599365234375
2026-08-03 11:30:00+00:00,156.93699645996094
2026-08-03 11:45:00+00:00,156.65499877929688
2026-08-03 12:00:00+00:00,156.61500549316406
2026-08-03 12:15:00+00:00,156.69900512695312
2026-08-03 12:30:00+00:00,156.85699462890625
2026-08-03 12:45:00+00:00,156.82200622558594
2026-08-03 13:00:00+00:00,156.7779998779297
2026-08-03 13:15:00+00:00,156.468994140625
2026-08-03 13:30:00+00:00,156.35499572753906
2026-08-03 13:45:00+00:00,156.4340057373047
2026-08-03 14:00:00+00:00,156.61599731445312
2026-08-03 14:15:00+00:00,156.53199768066406
2026-08-03 14:30:00+00:00,156.6540069580078
2026-08-03 14:45:00+00:00,156.5500030517578
2026-08-03 15:00:00+00:00,156.76199340820312
2026-08-03 15:15:00+00:00,156.7779998779297
2026-08-03 15:30:00+00:00,156.8939971923828
2026-08-03 15:45:00+00:00,156.97000122070312
2026-08-03 16:00:00+00:00,156.85499572753906
2026-08-03 16:15:00+00:00,156.86500549316406
2026-08-03 16:30:00+00:00,156.8800048828125
2026-08-03 16:45:00+00:00,156.88800048828125
2026-08-03 17:00:00+00:00,156.93800354003906
2026-08-03 17:15:00+00:00,156.96800231933594
2026-08-03 17:30:00+00:00,156.95700073242188
2026-08-03 17:45:00+00:00,157.02499389648438
2026-08-03 18:00:00+00:00,156.95399475097656
2026-08-03 18:15:00+00:00,156.89300537109375
2026-08-03 18:30:00+00:00,156.84300231933594
2026-08-03 18:45:00+00:00,156.7830047607422
2026-08-03 19:00:00+00:00,156.8350067138672
2026-08-03 19:15:00+00:00,156.85400390625
2026-08-03 19:30:00+00:00,156.875
2026-08-03 19:45:00+00:00,156.9409942626953
2026-08-03 20:00:00+00:00,157.03799438476562
2026-08-03 20:15:00+00:00,157.1580047607422
2026-08-03 20:30:00+00:00,157.1300048828125
2026-08-03 20:45:00+00:00,157.19000244140625
2026-08-03 21:00:00+00:00,157.1529998779297
2026-08-03 21:15:00+00:00,157.1529998779297
2026-08-03 21:30:00+00:00,157.1719970703125
2026-08-03 21:45:00+00:00,157.16700744628906
2026-08-03 22:00:00+00:00,157.38900756835938
2026-08-03 22:15:00+00:00,157.3769989013672
2026-08-03 22:30:00+00:00,157.37899780273438
2026-08-03 22:45:00+00:00,157.35899353027344
2026-08-03 23:00:00+00:00,157.33099365234375
2026-08-03 23:15:00+00:00,157.3769989013672
2026-08-03 23:30:00+00:00,157.5290069580078
2026-08-03 23:45:00+00:00,157.54400634765625
2026-08-04 00:00:00+00:00,157.4149932861328
2026-08-04 00:15:00+00:00,157.32200622558594
2026-08-04 00:30:00+00:00,157.3939971923828
2026-08-04 00:45:00+00:00,157.48899841308594
2026-08-04 01:00:00+00:00,157.5800018310547
2026-08-04 01:15:00+00:00,157.54200744628906
2026-08-04 01:30:00+00:00,157.4290008544922
2026-08-04 01:45:00+00:00,157.60499572753906
2026-08-04 02:00:00+00:00,157.64100646972656
2026-08-04 02:15:00+00:00,157.69200134277344
2026-08-04 02:30:00+00:00,157.63099670410156
2026-08-04 02:45:00+00:00,157.7169952392578
2026-08-04 03:00:00+00:00,157.6750030517578
2026-08-04 03:15:00+00:00,157.58999633789062
2026-08-04 03:30:00+00:00,157.6009979248047
2026-08-04 03:45:00+00:00,157.6529998779297
2026-08-04 04:00:00+00:00,157.63299560546875
2026-08-04 04:15:00+00:00,157.61900329589844
2026-08-04 04:30:00+00:00,157.50599670410156
2026-08-04 04:45:00+00:00,157.53599548339844
2026-08-04 05:00:00+00:00,157.58399963378906
2026-08-04 05:15:00+00:00,157.57200622558594
2026-08-04 05:30:00+00:00,157.70399475097656
2026-08-04 05:45:00+00:00,157.7030029296875
2026-08-04 06:00:00+00:00,157.66600036621094
2026-08-04 06:15:00+00:00,157.68099975585938
2026-08-04 06:30:00+00:00,157.7169952392578
2026-08-04 06:45:00+00:00,157.6719970703125
2026-08-04 07:00:00+00:00,157.74000549316406
2026-08-04 07:15:00+00:00,157.66799926757812
2026-08-04 07:30:00+00:00,157.81700134277344
2026-08-04 07:45:00+00:00,157.80499267578125
2026-08-04 08:00:00+00:00,157.78799438476562
2026-08-04 08:15:00+00:00,157.75
2026-08-04 08:30:00+00:00,157.7550048828125
2026-08-04 08:45:00+00:00,157.7969970703125
2026-08-04 09:00:00+00:00,157.88699340820312
2026-08-04 09:15:00+00:00,157.85800170898438
2026-08-04 09:30:00+00:00,157.90199279785156
2026-08-04 09:45:00+00:00,157.91299438476562
2026-08-04 10:00:00+00:00,157.9250030517578
2026-08-04 10:15:00+00:00,157.88299560546875
2026-08-04 10:30:00+00:00,157.81700134277344
2026-08-04 10:45:00+00:00,157.81900024414062
2026-08-04 11:00:00+00:00,157.76800537109375
2026-08-04 11:15:00+00:00,157.68899536132812
2026-08-04 11:30:00+00:00,157.56900024414062
2026-08-04 11:45:00+00:00,157.4669952392578
2026-08-04 12:00:00+00:00,157.45599365234375
2026-08-04 12:15:00+00:00,157.5800018310547
2026-08-04 12:30:00+00:00,157.47300720214844
2026-08-04 12:45:00+00:00,157.52699279785156
2026-08-04 13:00:00+00:00,157.51800537109375
2026-08-04 13:15:00+00:00,157.41400146484375
2026-08-04 13:30:00+00:00,157.2969970703125
2026-08-04 13:45:00+00:00,157.4239959716797
2026-08-04 14:00:00+00:00,157.36199951171875
2026-08-04 14:15:00+00:00,157.47000122070312
2026-08-04 14:30:00+00:00,157.56100463867188
2026-08-04 14:45:00+00:00,157.5540008544922
2026-08-04 15:00:00+00:00,157.53599548339844
2026-08-04 15:15:00+00:00,157.5469970703125
2026-08-04 15:30:00+00:00,157.40499877929688
2026-08-04 15:45:00+00:00,157.44000244140625
2026-08-04 16:00:00+00:00,157.48399353027344
2026-08-04 16:15:00+00:00,157.46499633789062
2026-08-04 16:30:00+00:00,157.58399963378906
2026-08-04 16:45:00+00:00,157.5709991455078
2026-08-04 17:00:00+00:00,157.56100463867188
2026-08-04 17:15:00+00:00,157.61099243164062
2026-08-04 17:30:00+00:00,157.5760040283203
2026-08-04 17:45:00+00:00,157.59800720214844
2026-08-04 18:00:00+00:00,157.6280059814453
2026-08-04 18:15:00+00:00,157.66600036621094
2026-08-04 18:30:00+00:00,157.6649932861328
2026-08-04 18:45:00+00:00,157.65199279785156
2026-08-04 19:00:00+00:00,157.78399658203125
2026-08-04 19:15:00+00:00,157.781005859375
2026-08-04 19:30:00+00:00,157.78900146484375
2026-08-04 19:45:00+00:00,157.7570037841797
2026-08-04 20:00:00+00:00,157.74099731445312
2026-08-04 20:15:00+00:00,157.7169952392578
2026-08-04 20:30:00+00:00,157.74099731445312
2026-08-04 20:45:00+00:00,157.74899291992188
2026-08-04 21:00:00+00:00,157.7729949951172
2026-08-04 21:15:00+00:00,157.69200134277344
2026-08-04 21:30:00+00:00,157.76400756835938
2026-08-04 21:45:00+00:00,157.7030029296875
2026-08-04 22:00:00+00:00,157.70399475097656
2026-08-04 22:15:00+00:00,157.73800659179688
2026-08-04 22:30:00+00:00,157.7169952392578
2026-08-04 22:45:00+00:00,157.71600341796875
2026-08-04 23:00:00+00:00,157.77499389648438
2026-08-04 23:15:00+00:00,157.79400634765625
2026-08-04 23:30:00+00:00,157.78900146484375
2026-08-04 23:45:00+00:00,157.70599365234375
2026-08-05 00:00:00+00:00,157.67799377441406
2026-08-05 00:15:00+00:00,157.63499450683594
2026-08-05 00:30:00+00:00,157.66000366210938
2026-08-05 00:45:00+00:00,157.552001953125
2026-08-05 01:00:00+00:00,157.53500366210938
2026-08-05 01:15:00+00:00,157.62899780273438
2026-08-05 01:30:00+00:00,157.6300048828125
2026-08-05 01:45:00+00:00,157.6439971923828
2026-08-05 02:00:00+00:00,157.5679931640625
2026-08-05 02:15:00+00:00,157.48500061035156
2026-08-05 02:30:00+00:00,157.30799865722656
2026-08-05 02:45:00+00:00,157.45799255371094
2026-08-05 03:00:00+00:00,157.3699951171875
2026-08-05 03:15:00+00:00,157.42599487304688
2026-08-05 03:30:00+00:00,157.4720001220703
2026-08-05 03:45:00+00:00,157.4149932861328
2026-08-05 04:00:00+00:00,157.38900756835938
2026-08-05 04:15:00+00:00,157.4029998779297
2026-08-05 04:30:00+00:00,157.5659942626953
2026-08-05 04:45:00+00:00,157.65199279785156
2026-08-05 05:00:00+00:00,157.6490020751953
2026-08-05 05:15:00+00:00,157.64999389648438
2026-08-05 05:30:00+00:00,157.6230010986328
2026-08-05 05:45:00+00:00,157.63299560546875
2026-08-05 06:00:00+00:00,157.65499877929688
2026-08-05 06:15:00+00:00,157.6999969482422
2026-08-05 06:30:00+00:00,157.60899353027344
2026-08-05 06:45:00+00:00,157.61000061035156
2026-08-05 07:00:00+00:00,157.6909942626953
2026-08-05 07:15:00+00:00,157.68099975585938
2026-08-05 07:30:00+00:00,157.71200561523438
2026-08-05 07:45:00+00:00,157.71099853515625
2026-08-05 08:00:00+00:00,157.79200744628906
2026-08-05 08:15:00+00:00,157.76699829101562
2026-08-05 08:30:00+00:00,157.83900451660156
2026-08-05 08:45:00+00:00,157.81399536132812
2026-08-05 09:00:00+00:00,157.8280029296875
2026-08-05 09:15:00+00:00,157.80499267578125
2026-08-05 09:30:00+00:00,157.7169952392578
2026-08-05 09:45:00+00:00,157.74899291992188
2026-08-05 10:00:00+00:00,157.79400634765625
2026-08-05 10:15:00+00:00,157.7449951171875
2026-08-05 10:30:00+00:00,157.75799560546875
2026-08-05 10:45:00+00:00,157.69700622558594
2026-08-05 11:00:00+00:00,157.58900451660156
2026-08-05 11:15:00+00:00,157.55099487304688
2026-08-05 11:30:00+00:00,157.54200744628906
2026-08-05 11:45:00+00:00,157.55999755859375
2026-08-05 12:00:00+00:00,157.5469970703125
2026-08-05 12:15:00+00:00,157.50999450683594
2026-08-05 12:30:00+00:00,157.5780029296875
2026-08-05 12:45:00+00:00,157.62399291992188
2026-08-05 13:00:00+00:00,157.5780029296875
2026-08-05 13:15:00+00:00,157.53900146484375
2026-08-05 13:30:00+00:00,157.46299743652344
2026-08-05 13:45:00+00:00,157.53599548339844
2026-08-05 14:00:00+00:00,157.3800048828125
2026-08-05 14:15:00+00:00,157.46400451660156
2026-08-05 14:30:00+00:00,157.49400329589844
2026-08-05 14:45:00+00:00,157.49400329589844
2026-08-05 15:00:00+00:00,157.5540008544922
2026-08-05 15:15:00+00:00,157.56399536132812
2026-08-05 15:30:00+00:00,157.56700134277344
2026-08-05 15:45:00+00:00,157.6580047607422
2026-08-05 16:00:00+00:00,157.63400268554688
2026-08-05 16:15:00+00:00,157.64100646972656
2026-08-05 16:30:00+00:00,157.67999267578125
2026-08-05 16:45:00+00:00,157.7449951171875
2026-08-05 17:00:00+00:00,157.75900268554688
2026-08-05 17:15:00+00:00,157.70799255371094
2026-08-05 17:30:00+00:00,157.68499755859375
2026-08-05 17:45:00+00:00,157.67999267578125
2026-08-05 18:00:00+00:00,157.66799926757812
2026-08-05 18:15:00+00:00,157.62399291992188
2026-08-05 18:30:00+00:00,157.6840057373047
2026-08-05 18:45:00+00:00,157.66700744628906
2026-08-05 19:00:00+00:00,157.6999969482422
2026-08-05 19:15:00+00:00,157.73699951171875
2026-08-05 19:30:00+00:00,157.70599365234375
2026-08-05 19:45:00+00:00,157.7169952392578
2026-08-05 20:00:00+00:00,157.77099609375
2026-08-05 20:15:00+00:00,157.79600524902344
2026-08-05 20:30:00+00:00,157.76199340820312
2026-08-05 20:45:00+00:00,157.7270050048828
2026-08-05 21:00:00+00:00,157.6999969482422
2026-08-05 21:15:00+00:00,157.69900512695312
2026-08-05 21:30:00+00:00,157.68600463867188
2026-08-05 21:45:00+00:00,157.66900634765625
2026-08-05 22:00:00+00:00,157.69000244140625
2026-08-05 22:15:00+00:00,157.69700622558594
2026-08-05 22:30:00+00:00,157.69000244140625
2026-08-05 22:45:00+00:00,157.6580047607422
2026-08-05 23:00:00+00:00,157.62399291992188
2026-08-05 23:15:00+00:00,157.64700317382812
2026-08-05 23:30:00+00:00,157.60800170898438
2026-08-05 23:45:00+00:00,157.60400390625
2026-08-06 00:00:00+00:00,157.69000244140625
2026-08-06 00:15:00+00:00,157.68600463867188
2026-08-06 00:30:00+00:00,157.69200134277344
2026-08-06 00:45:00+00:00,157.72999572753906
2026-08-06 01:00:00+00:00,157.73399353027344
2026-08-06 01:15:00+00:00,157.67100524902344
2026-08-06 01:30:00+00:00,157.6179962158203
2026-08-06 01:45:00+00:00,157.6649932861328
2026-08-06 02:00:00+00:00,157.6320037841797
2026-08-06 02:15:00+00:00,157.66200256347656
2026-08-06 02:30:00+00:00,157.63499450683594
2026-08-06 02:45:00+00:00,157.67300415039062
2026-08-06 03:00:00+00:00,157.71200561523438
2026-08-06 03:15:00+00:00,157.72300720214844
2026-08-06 03:30:00+00:00,157.73500061035156
2026-08-06 03:45:00+00:00,157.7270050048828
2026-08-06 04:00:00+00:00,157.7270050048828
2026-08-06 04:15:00+00:00,157.7270050048828
2026-08-06 04:30:00+00:00,157.7259979248047
2026-08-06 04:45:00+00:00,157.73399353027344
2026-08-06 05:00:00+00:00,157.76300048828125
2026-08-06 05:15:00+00:00,157.75799560546875
2026-08-06 05:30:00+00:00,157.70799255371094
2026-08-06 05:45:00+00:00,157.7480010986328
2026-08-06 06:00:00+00:00,157.76600646972656
2026-08-06 06:15:00+00:00,157.8179931640625
2026-08-06 06:30:00+00:00,157.8090057373047
2026-08-06 06:45:00+00:00,157.82699584960938
2026-08-06 07:00:00+00:00,157.78799438476562
2026-08-06 07:15:00+00:00,157.7689971923828
2026-08-06 07:30:00+00:00,157.85299682617188
2026-08-06 07:45:00+00:00,157.85800170898438
2026-08-06 08:00:00+00:00,157.85000610351562
2026-08-06 08:15:00+00:00,157.84500122070312
2026-08-06 08:30:00+00:00,157.81100463867188
2026-08-06 08:45:00+00:00,157.8350067138672
2026-08-06 09:00:00+00:00,157.82400512695312
2026-08-06 09:15:00+00:00,157.8470001220703
2026-08-06 09:30:00+00:00,157.86000061035156
2026-08-06 09:45:00+00:00,157.86700439453125
2026-08-06 10:00:00+00:00,157.8769989013672
2026-08-06 10:15:00+00:00,157.8560028076172
2026-08-06 10:30:00+00:00,157.85299682617188
2026-08-06 10:45:00+00:00,157.8679962158203
2026-08-06 11:00:00+00:00,157.92799377441406
2026-08-06 11:15:00+00:00,157.88400268554688
2026-08-06 11:30:00+00:00,157.9250030517578
2026-08-06 11:45:00+00:00,157.8489990234375
2026-08-06 12:00:00+00:00,157.85899353027344
2026-08-06 12:15:00+00:00,157.84500122070312
2026-08-06 12:30:00+00:00,157.90199279785156
2026-08-06 12:45:00+00:00,157.90199279785156
2026-08-06 13:00:00+00:00,157.91799926757812
2026-08-06 13:15:00+00:00,157.88900756835938
2026-08-06 13:30:00+00:00,157.927001953125
2026-08-06 13:45:00+00:00,157.86300659179688
2026-08-06 14:00:00+00:00,158.14199829101562
2026-08-06 14:15:00+00:00,158.2100067138672
2026-08-06 14:30:00+00:00,158.16200256347656
2026-08-06 14:45:00+00:00,158.19900512695312
2026-08-06 15:00:00+00:00,158.41400146484375
2026-08-06 15:15:00+00:00,158.41400146484375
2026-08-06 15:30:00+00:00,158.38400268554688
2026-08-06 15:45:00+00:00,158.44700622558594
2026-08-06 16:00:00+00:00,158.49400329589844
2026-08-06 16:15:00+00:00,158.4530029296875
2026-08-06 16:30:00+00:00,158.5229949951172
2026-08-06 16:45:00+00:00,158.50399780273438
2026-08-06 17:00:00+00:00,158.4429931640625
2026-08-06 17:15:00+00:00,158.41900634765625
2026-08-06 17:30:00+00:00,158.44000244140625
2026-08-06 17:45:00+00:00,158.39700317382812
2026-08-06 18:00:00+00:00,158.39500427246094
2026-08-06 18:15:00+00:00,158.37899780273438
2026-08-06 18:30:00+00:00,158.38699340820312
2026-08-06 18:45:00+00:00,158.3209991455078
2026-08-06 19:00:00+00:00,158.36300659179688
2026-08-06 19:15:00+00:00,158.4499969482422
2026-08-06 19:30:00+00:00,158.45599365234375
2026-08-06 19:45:00+00:00,158.3939971923828
2026-08-06 20:00:00+00:00,158.45599365234375
2026-08-06 20:15:00+00:00,158.46800231933594
2026-08-06 20:30:00+00:00,158.45700073242188
2026-08-06 20:45:00+00:00,158.3820037841797
2026-08-06 21:00:00+00:00,158.3939971923828
2026-08-06 21:15:00+00:00,158.43299865722656
2026-08-06 21:30:00+00:00,158.43699645996094
2026-08-06 21:45:00+00:00,158.43499755859375
2026-08-06 22:00:00+00:00,158.47300720214844
2026-08-06 22:15:00+00:00,158.4530029296875
2026-08-06 22:30:00+00:00,158.44200134277344
2026-08-06 22:45:00+00:00,158.46400451660156
2026-08-06 23:00:00+00:00,158.39300537109375
2026-08-06 23:15:00+00:00,158.4199981689453
2026-08-06 23:30:00+00:00,158.40899658203125
2026-08-06 23:45:00+00:00,158.41299438476562
2026-08-07 00:00:00+00:00,158.50799560546875
2026-08-07 00:15:00+00:00,158.5050048828125
2026-08-07 00:30:00+00:00,158.51600646972656
2026-08-07 00:45:00+00:00,158.5189971923828
2026-08-07 01:00:00+00:00,158.4199981689453
2026-08-07 01:15:00+00:00,158.41600036621094
2026-08-07 01:30:00+00:00,158.27000427246094
2026-08-07 01:45:00+00:00,158.322998046875
2026-08-07 02:00:00+00:00,158.33200073242188
2026-08-07 02:15:00+00:00,158.33200073242188
2026-08-07 02:30:00+00:00,158.33299255371094
2026-08-07 02:45:00+00:00,158.37399291992188
2026-08-07 03:00:00+00:00,158.40899658203125
2026-08-07 03:15:00+00:00,158.3979949951172
2026-08-07 03:30:00+00:00,158.43299865722656
2026-08-07 03:45:00+00:00,158.40499877929688
2026-08-07 04:00:00+00:00,158.41400146484375
2026-08-07 04:15:00+00:00,158.40499877929688
2026-08-07 04:30:00+00:00,158.4010009765625
2026-08-07 04:45:00+00:00,158.37100219726562
2026-08-07 05:00:00+00:00,158.36500549316406
2026-08-07 05:15:00+00:00,158.3730010986328
2026-08-07 05:30:00+00:00,158.35899353027344
2026-08-07 05:45:00+00:00,158.32699584960938
2026-08-07 06:00:00+00:00,158.30599975585938
2026-08-07 06:15:00+00:00,158.29800415039062
2026-08-07 06:30:00+00:00,158.30299377441406
2026-08-07 06:45:00+00:00,158.35699462890625
2026-08-07 07:00:00+00:00,158.3280029296875
2026-08-07 07:15:00+00:00,158.38099670410156
2026-08-07 07:30:00+00:00,158.39300537109375
2026-08-07 07:45:00+00:00,158.39999389648438
2026-08-07 08:00:00+00:00,158.46099853515625
2026-08-07 08:15:00+00:00,158.44900512695312
2026-08-07 08:30:00+00:00,158.37399291992188
2026-08-07 08:45:00+00:00,158.375
2026-08-07 09:00:00+00:00,158.36000061035156
2026-08-07 09:15:00+00:00,158.35299682617188
2026-08-07 09:30:00+00:00,158.343994140625
2026-08-07 09:45:00+00:00,158.35000610351562
2026-08-07 10:00:00+00:00,158.3719940185547
2026-08-07 10:15:00+00:00,158.39999389648438
2026-08-07 10:30:00+00:00,158.29800415039062
2026-08-07 10:45:00+00:00,158.30099487304688
2026-08-07 11:00:00+00:00,158.31300354003906
2026-08-07 11:15:00+00:00,158.37100219726562
2026-08-07 11:30:00+00:00,158.33099365234375
2026-08-07 11:45:00+00:00,158.3260040283203
2026-08-07 12:00:00+00:00,158.3350067138672
2026-08-07 12:15:00+00:00,158.33099365234375
2026-08-07 12:30:00+00:00,157.25399780273438
2026-08-07 12:45:00+00:00,157.3800048828125
2026-08-07 13:00:00+00:00,157.25399780273438
2026-08-07 13:15:00+00:00,157.3979949951172
2026-08-07 13:30:00+00:00,157.53700256347656
2026-08-07 13:45:00+00:00,157.73899841308594
2026-08-07 14:00:00+00:00,157.7220001220703
2026-08-07 14:15:00+00:00,157.77000427246094
2026-08-07 14:30:00+00:00,157.8419952392578
2026-08-07 14:45:00+00:00,157.92599487304688
2026-08-07 15:00:00+00:00,157.8070068359375
2026-08-07 15:15:00+00:00,157.69500732421875
2026-08-07 15:30:00+00:00,157.50900268554688
2026-08-07 15:45:00+00:00,157.54800415039062
2026-08-07 16:00:00+00:00,157.4199981689453
2026-08-07 16:15:00+00:00,157.36900329589844
2026-08-07 16:30:00+00:00,157.3939971923828
2026-08-07 16:45:00+00:00,157.44700622558594
2026-08-07 17:00:00+00:00,157.41700744628906
2026-08-07 17:15:00+00:00,157.406005859375
2026-08-07 17:30:00+00:00,157.43499755859375
2026-08-07 17:45:00+00:00,157.48300170898438
2026-08-07 18:00:00+00:00,157.58399963378906
2026-08-07 18:15:00+00:00,157.58099365234375
2026-08-07 18:30:00+00:00,157.55299377441406
2026-08-07 18:45:00+00:00,157.53199768066406
2026-08-07 19:00:00+00:00,157.6020050048828
2026-08-07 19:15:00+00:00,157.4980010986328
2026-08-07 19:30:00+00:00,157.5050048828125
2026-08-07 19:45:00+00:00,157.55299377441406
2026-08-07 20:00:00+00:00,157.67300415039062
2026-08-07 20:15:00+00:00,157.7259979248047
2026-08-07 20:30:00+00:00,157.76300048828125
2026-08-07 20:45:00+00:00,157.7449951171875
2026-08-09 23:00:00+00:00,157.86900329589844
2026-08-09 23:15:00+00:00,157.83099365234375
2026-08-09 23:30:00+00:00,157.8800048828125
2026-08-09 23:45:00+00:00,157.89999389648438
2026-08-10 00:00:00+00:00,157.85000610351562
2026-08-10 00:15:00+00:00,157.91000366210938
2026-08-10 00:30:00+00:00,157.93099975585938
2026-08-10 00:45:00+00:00,157.9429931640625
2026-08-10 01:00:00+00:00,158.04800415039062
2026-08-10 01:15:00+00:00,158.10299682617188
2026-08-10 01:30:00+00:00,158.1999969482422
2026-08-10 01:45:00+00:00,158.26600646972656
2026-08-10 02:00:00+00:00,158.27999877929688
2026-08-10 02:15:00+00:00,158.2449951171875
2026-08-10 02:30:00+00:00,158.26300048828125
2026-08-10 02:45:00+00:00,158.22500610351562
2026-08-10 03:00:00+00:00,158.19200134277344
2026-08-10 03:15:00+00:00,158.15499877929688
2026-08-10 03:30:00+00:00,158.19000244140625
2026-08-10 03:45:00+00:00,158.1959991455078
2026-08-10 04:00:00+00:00,158.2429962158203
2026-08-10 04:15:00+00:00,158.26600646972656
2026-08-10 04:30:00+00:00,158.26499938964844
2026-08-10 04:45:00+00:00,158.33700561523438
2026-08-10 05:00:00+00:00,158.35800170898438
2026-08-10 05:15:00+00:00,158.33700561523438
2026-08-10 05:30:00+00:00,158.36399841308594
2026-08-10 05:45:00+00:00,158.33900451660156
2026-08-10 06:00:00+00:00,158.40899658203125
2026-08-10 06:15:00+00:00,158.40899658203125
2026-08-10 06:30:00+00:00,158.4029998779297
2026-08-10 06:45:00+00:00,158.37899780273438
2026-08-10 07:00:00+00:00,158.4550018310547
2026-08-10 07:15:00+00:00,158.45599365234375
2026-08-10 07:30:00+00:00,158.45799255371094
2026-08-10 07:45:00+00:00,158.47999572753906
2026-08-10 08:00:00+00:00,158.4550018310547
2026-08-10 08:15:00+00:00,158.49099731445312
2026-08-10 08:30:00+00:00,158.55499267578125
2026-08-10 08:45:00+00:00,158.6580047607422
2026-08-10 09:00:00+00:00,158.6490020751953
2026-08-10 09:15:00+00:00,158.677001953125
2026-08-10 09:30:00+00:00,158.76699829101562
2026-08-10 09:45:00+00:00,158.84300231933594
2026-08-10 10:00:00+00:00,158.8419952392578
2026-08-10 10:15:00+00:00,158.79100036621094
2026-08-10 10:30:00+00:00,158.7760009765625
2026-08-10 10:45:00+00:00,158.77999877929688
2026-08-10 11:00:00+00:00,158.802001953125
2026-08-10 11:15:00+00:00,158.78500366210938
2026-08-10 11:30:00+00:00,158.81500244140625
2026-08-10 11:45:00+00:00,158.80999755859375
2026-08-10 12:00:00+00:00,158.68099975585938
2026-08-10 12:15:00+00:00,158.7480010986328
2026-08-10 12:30:00+00:00,158.8560028076172
2026-08-10 12:45:00+00:00,158.93800354003906
2026-08-10 13:00:00+00:00,158.8990020751953
2026-08-10 13:15:00+00:00,158.91600036621094
2026-08-10 13:30:00+00:00,158.9739990234375
2026-08-10 13:45:00+00:00,159.01300048828125
2026-08-10 14:00:00+00:00,158.92799377441406
2026-08-10 14:15:00+00:00,158.8780059814453
2026-08-10 14:30:00+00:00,158.8990020751953
2026-08-10 14:45:00+00:00,158.93600463867188
2026-08-10 15:00:00+00:00,158.9499969482422
2026-08-10 15:15:00+00:00,158.9080047607422
2026-08-10 15:30:00+00:00,158.927001953125
2026-08-10 15:45:00+00:00,158.89599609375
2026-08-10 16:00:00+00:00,158.93299865722656
2026-08-10 16:15:00+00:00,158.92599487304688
2026-08-10 16:30:00+00:00,158.99400329589844
2026-08-10 16:45:00+00:00,159.0279998779297
2026-08-10 17:00:00+00:00,159.10000610351562
2026-08-10 17:15:00+00:00,159.0970001220703
2026-08-10 17:30:00+00:00,159.10699462890625
2026-08-10 17:45:00+00:00,159.13099670410156
2026-08-10 18:00:00+00:00,159.13800048828125
2026-08-10 18:15:00+00:00,159.15699768066406
2026-08-10 18:30:00+00:00,159.16000366210938
2026-08-10 18:45:00+00:00,159.23599243164062
2026-08-10 19:00:00+00:00,159.23300170898438
2026-08-10 19:15:00+00:00,159.2740020751953
2026-08-10 19:30:00+00:00,159.30299377441406
2026-08-10 19:45:00+00:00,159.3000030517578
2026-08-10 20:00:00+00:00,159.3090057373047
2026-08-10 20:15:00+00:00,159.32899475097656
2026-08-10 20:30:00+00:00,159.30799865722656
2026-08-10 20:45:00+00:00,159.28399658203125
2026-08-10 21:00:00+00:00,159.2429962158203
2026-08-10 21:15:00+00:00,159.23899841308594
2026-08-10 21:30:00+00:00,159.218994140625
2026-08-10 21:45:00+00:00,159.2220001220703
2026-08-10 22:00:00+00:00,159.28500366210938
2026-08-10 22:15:00+00:00,159.27499389648438
2026-08-10 22:30:00+00:00,159.23699951171875
2026-08-10 22:45:00+00:00,159.25599670410156
2026-08-10 23:00:00+00:00,159.25
2026-08-10 23:15:00+00:00,159.2570037841797
2026-08-10 23:30:00+00:00,159.26600646972656
2026-08-10 23:45:00+00:00,159.14999389648438
2026-08-11 00:00:00+00:00,159.14199829101562
2026-08-11 00:15:00+00:00,159.18600463867188
2026-08-11 00:30:00+00:00,159.0070037841797
2026-08-11 00:45:00+00:00,159.14500427246094
2026-08-11 01:00:00+00:00,159.11599731445312
2026-08-11 01:15:00+00:00,159.08200073242188
2026-08-11 01:30:00+00:00,159.12399291992188
2026-08-11 01:45:00+00:00,159.16299438476562
2026-08-11 02:00:00+00:00,159.2169952392578
2026-08-11 02:15:00+00:00,159.2729949951172
2026-08-11 02:30:00+00:00,159.28700256347656
2026-08-11 02:45:00+00:00,159.25999450683594
2026-08-11 03:00:00+00:00,159.22900390625
2026-08-11 03:15:00+00:00,159.17100524902344
2026-08-11 03:30:00+00:00,159.19900512695312
2026-08-11 03:45:00+00:00,159.1999969482422
2026-08-11 04:00:00+00:00,159.19000244140625
2026-08-11 04:15:00+00:00,159.16799926757812
2026-08-11 04:30:00+00:00,159.21200561523438
2026-08-11 04:45:00+00:00,159.1840057373047
2026-08-11 05:00:00+00:00,159.18800354003906
2026-08-11 05:15:00+00:00,159.177001953125
2026-08-11 05:30:00+00:00,159.15499877929688
2026-08-11 05:45:00+00:00,159.2010040283203
2026-08-11 06:00:00+00:00,159.21299743652344
2026-08-11 06:15:00+00:00,159.21800231933594
2026-08-11 06:30:00+00:00,159.22000122070312
2026-08-11 06:45:00+00:00,159.20799255371094
2026-08-11 07:00:00+00:00,159.2899932861328
2026-08-11 07:15:00+00:00,159.26199340820312
2026-08-11 07:30:00+00:00,159.31300354003906
2026-08-11 07:45:00+00:00,159.3560028076172
2026-08-11 08:00:00+00:00,159.343994140625
2026-08-11 08:15:00+00:00,159.29200744628906
2026-08-11 08:30:00+00:00,159.30099487304688
2026-08-11 08:45:00+00:00,159.3489990234375
2026-08-11 09:00:00+00:00,159.36399841308594
2026-08-11 09:15:00+00:00,159.3300018310547
2026-08-11 09:30:00+00:00,159.3159942626953
2026-08-11 09:45:00+00:00,159.28199768066406
2026-08-11 10:00:00+00:00,159.31900024414062
2026-08-11 10:15:00+00:00,159.25399780273438
2026-08-11 10:30:00+00:00,159.25100708007812
2026-08-11 10:45:00+00:00,159.22500610351562
2026-08-11 11:00:00+00:00,159.0919952392578
2026-08-11 11:15:00+00:00,159.18499755859375
2026-08-11 11:30:00+00:00,159.20899963378906
2026-08-11 11:45:00+00:00,159.24400329589844
2026-08-11 12:00:00+00:00,159.25999450683594
2026-08-11 12:15:00+00:00,159.30799865722656
2026-08-11 12:30:00+00:00,159.25799560546875
2026-08-11 12:45:00+00:00,159.27000427246094
2026-08-11 13:00:00+00:00,159.21499633789062
2026-08-11 13:15:00+00:00,159.22000122070312
2026-08-11 13:30:00+00:00,159.21600341796875
2026-08-11 13:45:00+00:00,159.22999572753906
2026-08-11 14:00:00+00:00,159.26199340820312
2026-08-11 14:15:00+00:00,159.23899841308594
2026-08-11 14:30:00+00:00,159.22500610351562
2026-08-11 14:45:00+00:00,159.22999572753906
2026-08-11 15:00:00+00:00,159.25799560546875
2026-08-11 15:15:00+00:00,159.26100158691406
2026-08-11 15:30:00+00:00,159.3209991455078
2026-08-11 15:45:00+00:00,159.24400329589844
2026-08-11 16:00:00+00:00,159.22799682617188
2026-08-11 16:15:00+00:00,159.22500610351562
2026-08-11 16:30:00+00:00,159.23199462890625
2026-08-11 16:45:00+00:00,159.26100158691406
2026-08-11 17:00:00+00:00,159.3040008544922
2026-08-11 17:15:00+00:00,159.3300018310547
2026-08-11 17:30:00+00:00,159.30999755859375
2026-08-11 17:45:00+00:00,159.30599975585938
2026-08-11 18:00:00+00:00,159.32200622558594
2026-08-11 18:15:00+00:00,159.3249969482422
2026-08-11 18:30:00+00:00,159.27699279785156
2026-08-11 18:45:00+00:00,159.27099609375
2026-08-11 19:00:00+00:00,159.26300048828125
2026-08-11 19:15:00+00:00,159.28700256347656
2026-08-11 19:30:00+00:00,159.26400756835938
2026-08-11 19:45:00+00:00,159.27999877929688
2026-08-11 20:00:00+00:00,159.2830047607422
2026-08-11 20:15:00+00:00,159.28399658203125
2026-08-11 20:30:00+00:00,159.3520050048828
2026-08-11 20:45:00+00:00,159.25999450683594
2026-08-11 21:00:00+00:00,159.2729949951172
2026-08-11 21:15:00+00:00,159.26300048828125
2026-08-11 21:30:00+00:00,159.23899841308594
2026-08-11 21:45:00+00:00,159.25999450683594
2026-08-11 22:00:00+00:00,159.2790069580078
2026-08-11 22:15:00+00:00,159.28799438476562
2026-08-11 22:30:00+00:00,159.2779998779297
2026-08-11 22:45:00+00:00,159.26499938964844
2026-08-11 23:00:00+00:00,159.281005859375
2026-08-11 23:15:00+00:00,159.28799438476562
2026-08-11 23:30:00+00:00,159.26199340820312
2026-08-11 23:45:00+00:00,159.2760009765625
2026-08-12 00:00:00+00:00,159.22999572753906
2026-08-12 00:15:00+00:00,159.23899841308594
2026-08-12 00:30:00+00:00,159.2570037841797
2026-08-12 00:45:00+00:00,159.33599853515625
2026-08-12 01:00:00+00:00,159.33700561523438
2026-08-12 01:15:00+00:00,159.33999633789062
2026-08-12 01:30:00+00:00,159.3000030517578
2026-08-12 01:45:00+00:00,159.3260040283203
2026-08-12 02:00:00+00:00,159.36700439453125
2026-08-12 02:15:00+00:00,159.39500427246094
2026-08-12 02:30:00+00:00,159.4029998779297
2026-08-12 02:45:00+00:00,159.39199829101562
2026-08-12 03:00:00+00:00,159.4219970703125
2026-08-12 03:15:00+00:00,159.45599365234375
2026-08-12 03:30:00+00:00,159.44500732421875
2026-08-12 03:45:00+00:00,159.42599487304688
2026-08-12 04:00:00+00:00,159.44900512695312
2026-08-12 04:15:00+00:00,159.4340057373047
2026-08-12 04:30:00+00:00,159.3820037841797
2026-08-12 04:45:00+00:00,159.41299438476562
2026-08-12 05:00:00+00:00,159.41000366210938
2026-08-12 05:15:00+00:00,159.4199981689453
2026-08-12 05:30:00+00:00,159.38299560546875
2026-08-12 05:45:00+00:00,159.406005859375
2026-08-12 06:00:00+00:00,159.37899780273438
2026-08-12 06:15:00+00:00,159.4029998779297
2026-08-12 06:30:00+00:00,159.375
2026-08-12 06:45:00+00:00,159.37899780273438
2026-08-12 07:00:00+00:00,159.38400268554688
2026-08-12 07:15:00+00:00,159.37600708007812
2026-08-12 07:30:00+00:00,159.3520050048828
2026-08-12 07:45:00+00:00,159.36500549316406
2026-08-12 08:00:00+00:00,159.32000732421875
2026-08-12 08:15:00+00:00,159.343994140625
2026-08-12 08:30:00+00:00,159.31100463867188
2026-08-12 08:45:00+00:00,159.31500244140625
2026-08-12 09:00:00+00:00,159.25900268554688
2026-08-12 09:15:00+00:00,159.03399658203125
2026-08-12 09:30:00+00:00,159.06900024414062
2026-08-12 09:45:00+00:00,159.14999389648438
2026-08-12 10:00:00+00:00,159.1719970703125
2026-08-12 10:15:00+00:00,159.16000366210938
2026-08-12 10:30:00+00:00,159.09300231933594
2026-08-12 10:45:00+00:00,159.1750030517578
2026-08-12 11:00:00+00:00,159.1219940185547
2026-08-12 11:15:00+00:00,159.1199951171875
2026-08-12 11:30:00+00:00,159.08200073242188
2026-08-12 11:45:00+00:00,159.09300231933594
2026-08-12 12:00:00+00:00,159.03599548339844
2026-08-12 12:15:00+00:00,158.9459991455078
2026-08-12 12:30:00+00:00,158.81900024414062
2026-08-12 12:45:00+00:00,158.802001953125
2026-08-12 13:00:00+00:00,158.88299560546875
2026-08-12 13:15:00+00:00,158.83900451660156
2026-08-12 13:30:00+00:00,158.9929962158203
2026-08-12 13:45:00+00:00,159.01499938964844
2026-08-12 14:00:00+00:00,159.1009979248047
2026-08-12 14:15:00+00:00,159.093994140625
2026-08-12 14:30:00+00:00,159.18600463867188
2026-08-12 14:45:00+00:00,159.197998046875
2026-08-12 15:00:00+00:00,159.1929931640625
2026-08-12 15:15:00+00:00,159.24000549316406
2026-08-12 15:30:00+00:00,159.27000427246094
2026-08-12 15:45:00+00:00,159.22900390625
2026-08-12 16:00:00+00:00,159.26600646972656
2026-08-12 16:15:00+00:00,159.3179931640625
2026-08-12 16:30:00+00:00,159.3520050048828
2026-08-12 16:45:00+00:00,159.3800048828125
2026-08-12 17:00:00+00:00,159.4080047607422
2026-08-12 17:15:00+00:00,159.4219970703125
2026-08-12 17:30:00+00:00,159.50399780273438
2026-08-12 17:45:00+00:00,159.4949951171875
2026-08-12 18:00:00+00:00,159.48699951171875
2026-08-12 18:15:00+00:00,159.45399475097656
2026-08-12 18:30:00+00:00,159.468994140625
2026-08-12 18:45:00+00:00,159.48899841308594
2026-08-12 19:00:00+00:00,159.48800659179688
2026-08-12 19:15:00+00:00,159.48300170898438
2026-08-12 19:30:00+00:00,159.49600219726562
2026-08-12 19:45:00+00:00,159.48800659179688
2026-08-12 20:00:00+00:00,159.4969940185547
2026-08-12 20:15:00+00:00,159.46099853515625
2026-08-12 20:30:00+00:00,159.4239959716797
2026-08-12 20:45:00+00:00,159.4010009765625
2026-08-12 21:00:00+00:00,159.39599609375
2026-08-12 21:15:00+00:00,159.39100646972656
2026-08-12 21:30:00+00:00,159.39599609375
2026-08-12 21:45:00+00:00,159.38800048828125
2026-08-12 22:00:00+00:00,159.427001953125
2026-08-12 22:15:00+00:00,159.41200256347656
2026-08-12 22:30:00+00:00,159.4040069580078
2026-08-12 22:45:00+00:00,159.38699340820312
2026-08-12 23:00:00+00:00,159.37600708007812
2026-08-12 23:15:00+00:00,159.33700561523438
2026-08-12 23:30:00+00:00,159.375
2026-08-12 23:45:00+00:00,159.3350067138672
2026-08-13 00:00:00+00:00,159.36500549316406
2026-08-13 00:15:00+00:00,159.3179931640625
2026-08-13 00:30:00+00:00,159.25399780273438
2026-08-13 00:45:00+00:00,159.31399536132812
2026-08-13 01:00:00+00:00,159.30999755859375
2026-08-13 01:15:00+00:00,159.3249969482422
2026-08-13 01:30:00+00:00,159.31100463867188
2026-08-13 01:45:00+00:00,159.3419952392578
2026-08-13 02:00:00+00:00,159.39700317382812
2026-08-13 02:15:00+00:00,159.43299865722656
2026-08-13 02:30:00+00:00,159.42799377441406
2026-08-13 02:45:00+00:00,159.4250030517578
2026-08-13 03:00:00+00:00,159.4290008544922
2026-08-13 03:15:00+00:00,159.46400451660156
2026-08-13 03:30:00+00:00,159.4199981689453
2026-08-13 03:45:00+00:00,159.4290008544922
2026-08-13 04:00:00+00:00,159.4550018310547
2026-08-13 04:15:00+00:00,159.4409942626953
2026-08-13 04:30:00+00:00,159.46400451660156
2026-08-13 04:45:00+00:00,159.2429962158203
2026-08-13 05:00:00+00:00,159.28900146484375
2026-08-13 05:15:00+00:00,159.33299255371094
2026-08-13 05:30:00+00:00,159.34800720214844
2026-08-13 05:45:00+00:00,159.2740020751953
2026-08-13 06:00:00+00:00,159.3820037841797
2026-08-13 06:15:00+00:00,159.39100646972656
2026-08-13 06:30:00+00:00,159.40899658203125
2026-08-13 06:45:00+00:00,159.37899780273438
2026-08-13 07:00:00+00:00,159.3939971923828
2026-08-13 07:15:00+00:00,159.37899780273438
2026-08-13 07:30:00+00:00,159.33599853515625
2026-08-13 07:45:00+00:00,159.35699462890625
2026-08-13 08:00:00+00:00,159.3699951171875
2026-08-13 08:15:00+00:00,159.39700317382812
2026-08-13 08:30:00+00:00,159.38999938964844
2026-08-13 08:45:00+00:00,159.3979949951172
2026-08-13 09:00:00+00:00,159.38600158691406
2026-08-13 09:15:00+00:00,159.37899780273438
2026-08-13 09:30:00+00:00,159.35400390625
2026-08-13 09:45:00+00:00,159.33399963378906
2026-08-13 10:00:00+00:00,159.34800720214844
2026-08-13 10:15:00+00:00,159.3260040283203
2026-08-13 10:30:00+00:00,159.32200622558594
2026-08-13 10:45:00+00:00,159.33799743652344
2026-08-13 11:00:00+00:00,159.29400634765625
2026-08-13 11:15:00+00:00,159.29299926757812
2026-08-13 11:30:00+00:00,159.28599548339844
2026-08-13 11:45:00+00:00,159.3300018310547
2026-08-13 12:00:00+00:00,159.33799743652344
2026-08-13 12:15:00+00:00,159.343994140625
2026-08-13 12:30:00+00:00,159.2899932861328
2026-08-13 12:45:00+00:00,159.16900634765625
2026-08-13 13:00:00+00:00,159.19900512695312
2026-08-13 13:15:00+00:00,159.281005859375
2026-08-13 13:30:00+00:00,159.30099487304688
2026-08-13 13:45:00+00:00,159.26199340820312
2026-08-13 14:00:00+00:00,159.07400512695312
2026-08-13 14:15:00+00:00,159.13499450683594
2026-08-13 14:30:00+00:00,159.1439971923828
2026-08-13 14:45:00+00:00,159.16299438476562
2026-08-13 15:00:00+00:00,159.2989959716797
2026-08-13 15:15:00+00:00,159.36300659179688
2026-08-13 15:30:00+00:00,159.3249969482422
2026-08-13 15:45:00+00:00,159.3489990234375
2026-08-13 16:00:00+00:00,159.41700744628906
2026-08-13 16:15:00+00:00,159.46800231933594
2026-08-13 16:30:00+00:00,159.45199584960938
2026-08-13 16:45:00+00:00,159.4770050048828
2026-08-13 17:00:00+00:00,159.49200439453125
2026-08-13 17:15:00+00:00,159.52099609375
2026-08-13 17:30:00+00:00,159.5070037841797
2026-08-13 17:45:00+00:00,159.51400756835938
2026-08-13 18:00:00+00:00,159.4600067138672
2026-08-13 18:15:00+00:00,159.4759979248047
2026-08-13 18:30:00+00:00,159.48500061035156
2026-08-13 18:45:00+00:00,159.50399780273438
2026-08-13 19:00:00+00:00,159.50100708007812
2026-08-13 19:15:00+00:00,159.4969940185547
2026-08-13 19:30:00+00:00,159.5290069580078
2026-08-13 19:45:00+00:00,159.51300048828125
2026-08-13 20:00:00+00:00,159.52499389648438
2026-08-13 20:15:00+00:00,159.54400634765625
2026-08-13 20:30:00+00:00,159.55099487304688
2026-08-13 20:45:00+00:00,159.468994140625
2026-08-13 21:00:00+00:00,159.45199584960938
2026-08-13 21:15:00+00:00,159.45899963378906
2026-08-13 21:30:00+00:00,159.48300170898438
2026-08-13 21:45:00+00:00,159.46400451660156
2026-08-13 22:00:00+00:00,159.48699951171875
2026-08-13 22:15:00+00:00,159.50100708007812
2026-08-13 22:30:00+00:00,159.49400329589844
2026-08-13 22:45:00+00:00,159.4669952392578
2026-08-13 23:00:00+00:00,159.45399475097656
2026-08-13 23:15:00+00:00,159.46800231933594
2026-08-13 23:30:00+00:00,159.45799255371094
2026-08-13 23:45:00+00:00,159.4290008544922
2026-08-14 00:00:00+00:00,159.46600341796875
2026-08-14 00:15:00+00:00,159.39999389648438
2026-08-14 00:30:00+00:00,159.41200256347656
2026-08-14 00:45:00+00:00,159.3679962158203
2026-08-14 01:00:00+00:00,159.4239959716797
2026-08-14 01:15:00+00:00,159.43499755859375
2026-08-14 01:30:00+00:00,159.44000244140625
2026-08-14 01:45:00+00:00,159.4429931640625
2026-08-14 02:00:00+00:00,159.42999267578125
2026-08-14 02:15:00+00:00,159.3979949951172
2026-08-14 02:30:00+00:00,159.38499450683594
2026-08-14 02:45:00+00:00,159.4040069580078
2026-08-14 03:00:00+00:00,159.36900329589844
2026-08-14 03:15:00+00:00,159.3300018310547
2026-08-14 03:30:00+00:00,159.35899353027344
2026-08-14 03:45:00+00:00,159.375
2026-08-14 04:00:00+00:00,159.34300231933594
2026-08-14 04:15:00+00:00,159.35699462890625
2026-08-14 04:30:00+00:00,159.35400390625
2026-08-14 04:45:00+00:00,159.35299682617188
2026-08-14 05:00:00+00:00,159.31700134277344
2026-08-14 05:15:00+00:00,159.31500244140625
2026-08-14 05:30:00+00:00,159.2689971923828
2026-08-14 05:45:00+00:00,159.25900268554688
2026-08-14 06:00:00+00:00,159.19900512695312
2026-08-14 06:15:00+00:00,159.27099609375
2026-08-14 06:30:00+00:00,159.2480010986328
2026-08-14 06:45:00+00:00,159.23899841308594
2026-08-14 07:00:00+00:00,159.27000427246094
2026-08-14 07:15:00+00:00,159.28599548339844
2026-08-14 07:30:00+00:00,159.2530059814453
2026-08-14 07:45:00+00:00,159.2030029296875
2026-08-14 08:00:00+00:00,159.18600463867188
2026-08-14 08:15:00+00:00,159.125
2026-08-14 08:30:00+00:00,159.12600708007812
2026-08-14 08:45:00+00:00,159.1739959716797
2026-08-14 09:00:00+00:00,159.1199951171875
2026-08-14 09:15:00+00:00,159.16900634765625
2026-08-14 09:30:00+00:00,159.1479949951172
2026-08-14 09:45:00+00:00,159.13699340820312
2026-08-14 10:00:00+00:00,159.1219940185547
2026-08-14 10:15:00+00:00,159.16099548339844
2026-08-14 10:30:00+00:00,159.16799926757812
2026-08-14 10:45:00+00:00,159.1739959716797
2026-08-14 11:00:00+00:00,159.16400146484375
2026-08-14 11:15:00+00:00,159.1439971923828
2026-08-14 11:30:00+00:00,159.07000732421875
2026-08-14 11:45:00+00:00,159.10699462890625
2026-08-14 12:00:00+00:00,159.0399932861328
2026-08-14 12:15:00+00:00,158.7989959716797
2026-08-14 12:30:00+00:00,158.89999389648438
2026-08-14 12:45:00+00:00,158.91799926757812
2026-08-14 13:00:00+00:00,159.06300354003906
2026-08-14 13:15:00+00:00,158.97999572753906
2026-08-14 13:30:00+00:00,158.8419952392578
2026-08-14 13:45:00+00:00,158.9409942626953
2026-08-14 14:00:00+00:00,159.01499938964844
2026-08-14 14:15:00+00:00,158.9499969482422
2026-08-14 14:30:00+00:00,158.96499633789062
2026-08-14 14:45:00+00:00,159.0290069580078
2026-08-14 15:00:00+00:00,159.0780029296875
2026-08-14 15:15:00+00:00,159.12899780273438
2026-08-14 15:30:00+00:00,159.17100524902344
2026-08-14 15:45:00+00:00,159.20899963378906
2026-08-14 16:00:00+00:00,159.2790069580078
2026-08-14 16:15:00+00:00,159.3260040283203
2026-08-14 16:30:00+00:00,159.33099365234375
2026-08-14 16:45:00+00:00,159.36199951171875
2026-08-14 17:00:00+00:00,159.375
2026-08-14 17:15:00+00:00,159.36000061035156
2026-08-14 17:30:00+00:00,159.3719940185547
2026-08-14 17:45:00+00:00,159.35800170898438
2026-08-14 18:00:00+00:00,159.38400268554688
2026-08-14 18:15:00+00:00,159.3719940185547
2026-08-14 18:30:00+00:00,159.36900329589844
2026-08-14 18:45:00+00:00,159.37600708007812
2026-08-14 19:00:00+00:00,159.3800048828125
2026-08-14 19:15:00+00:00,159.36599731445312
2026-08-14 19:30:00+00:00,159.38099670410156
2026-08-14 19:45:00+00:00,159.35800170898438
2026-08-14 20:00:00+00:00,159.35499572753906
2026-08-14 20:15:00+00:00,159.32200622558594
2026-08-14 20:30:00+00:00,159.32400512695312
2026-08-14 20:45:00+00:00,159.28500366210938
2026-08-14 21:00:00+00:00,159.30499267578125
2026-08-16 23:00:00+00:00,159.1909942626953
2026-08-16 23:15:00+00:00,159.20399475097656
2026-08-16 23:30:00+00:00,159.1750030517578
2026-08-16 23:45:00+00:00,159.218994140625
2026-08-17 00:00:00+00:00,159.14300537109375
2026-08-17 00:15:00+00:00,159.08799743652344
2026-08-17 00:30:00+00:00,159.0679931640625
2026-08-17 00:45:00+00:00,159.01800537109375
2026-08-17 01:00:00+00:00,159.0469970703125
2026-08-17 01:15:00+00:00,159.0279998779297
2026-08-17 01:30:00+00:00,159.08599853515625
2026-08-17 01:45:00+00:00,159.052001953125
2026-08-17 02:00:00+00:00,159.02699279785156
2026-08-17 02:15:00+00:00,158.99200439453125
2026-08-17 02:30:00+00:00,159.03900146484375
2026-08-17 02:45:00+00:00,159.0330047607422
2026-08-17 03:00:00+00:00,159.0780029296875
2026-08-17 03:15:00+00:00,159.0919952392578
2026-08-17 03:30:00+00:00,159.125
2026-08-17 03:45:00+00:00,159.08900451660156
2026-08-17 04:00:00+00:00,159.06300354003906
2026-08-17 04:15:00+00:00,159.0970001220703
2026-08-17 04:30:00+00:00,159.05299377441406
2026-08-17 04:45:00+00:00,159.1199951171875
2026-08-17 05:00:00+00:00,159.11000061035156
2026-08-17 05:15:00+00:00,159.03799438476562
2026-08-17 05:30:00+00:00,159.0240020751953
2026-08-17 05:45:00+00:00,159.08200073242188
2026-08-17 06:00:00+00:00,159.09100341796875
2026-08-17 06:15:00+00:00,159.02099609375
2026-08-17 06:30:00+00:00,159.0260009765625
2026-08-17 06:45:00+00:00,158.95899963378906
2026-08-17 07:00:00+00:00,158.91600036621094
2026-08-17 07:15:00+00:00,158.89300537109375
2026-08-17 07:30:00+00:00,158.8780059814453
2026-08-17 07:45:00+00:00,158.95199584960938
2026-08-17 08:00:00+00:00,158.95799255371094
2026-08-17 08:15:00+00:00,158.93600463867188
2026-08-17 08:30:00+00:00,159.06900024414062
2026-08-17 08:45:00+00:00,159.1219940185547
2026-08-17 09:00:00+00:00,159.093994140625
2026-08-17 09:15:00+00:00,159.1280059814453
2026-08-17 09:30:00+00:00,159.11399841308594
2026-08-17 09:45:00+00:00,159.16700744628906
2026-08-17 10:00:00+00:00,159.17100524902344
2026-08-17 10:15:00+00:00,159.10899353027344
2026-08-17 10:30:00+00:00,159.14300537109375
2026-08-17 10:45:00+00:00,159.18299865722656
2026-08-17 11:00:00+00:00,159.1959991455078
2026-08-17 11:15:00+00:00,159.23500061035156
2026-08-17 11:30:00+00:00,159.2570037841797
2026-08-17 11:45:00+00:00,159.23800659179688
2026-08-17 12:00:00+00:00,159.22900390625
2026-08-17 12:15:00+00:00,159.26300048828125
2026-08-17 12:30:00+00:00,159.26800537109375
2026-08-17 12:45:00+00:00,159.24600219726562
2026-08-17 13:00:00+00:00,159.25999450683594
2026-08-17 13:15:00+00:00,159.27499389648438
2026-08-17 13:30:00+00:00,159.3489990234375
2026-08-17 13:45:00+00:00,159.26300048828125
2026-08-17 14:00:00+00:00,159.24200439453125
2026-08-17 14:15:00+00:00,159.23899841308594
2026-08-17 14:30:00+00:00,159.23899841308594
2026-08-17 14:45:00+00:00,159.28399658203125
2026-08-17 15:00:00+00:00,159.3159942626953
2026-08-17 15:15:00+00:00,159.34300231933594
2026-08-17 15:30:00+00:00,159.39300537109375
2026-08-17 15:45:00+00:00,159.33900451660156
2026-08-17 16:00:00+00:00,159.36300659179688
2026-08-17 16:15:00+00:00,159.35899353027344
2026-08-17 16:30:00+00:00,159.3509979248047
2026-08-17 16:45:00+00:00,159.36300659179688
2026-08-17 17:00:00+00:00,159.36399841308594
2026-08-17 17:15:00+00:00,159.4239959716797
2026-08-17 17:30:00+00:00,159.45799255371094
2026-08-17 17:45:00+00:00,159.49099731445312
2026-08-17 18:00:00+00:00,159.48399353027344
2026-08-17 18:15:00+00:00,159.56300354003906
2026-08-17 18:30:00+00:00,159.55799865722656
2026-08-17 18:45:00+00:00,159.58999633789062
2026-08-17 19:00:00+00:00,159.4980010986328
2026-08-17 19:15:00+00:00,159.43299865722656
2026-08-17 19:30:00+00:00,159.42100524902344
2026-08-17 19:45:00+00:00,159.45599365234375
2026-08-17 20:00:00+00:00,159.5030059814453
2026-08-17 20:15:00+00:00,159.48199462890625
2026-08-17 20:30:00+00:00,159.4720001220703
2026-08-17 20:45:00+00:00,159.4149932861328
2026-08-17 21:00:00+00:00,159.39999389648438
2026-08-17 21:15:00+00:00,159.37100219726562
2026-08-17 21:30:00+00:00,159.41000366210938
2026-08-17 21:45:00+00:00,159.39700317382812
2026-08-17 22:00:00+00:00,159.4709930419922
2026-08-17 22:15:00+00:00,159.41700744628906
2026-08-17 22:30:00+00:00,159.42599487304688
2026-08-17 22:45:00+00:00,159.41099548339844
2026-08-17 23:00:00+00:00,159.38499450683594
2026-08-17 23:15:00+00:00,159.36500549316406
2026-08-17 23:30:00+00:00,159.3179931640625
2026-08-17 23:45:00+00:00,159.3249969482422
2026-08-18 00:00:00+00:00,159.3769989013672
2026-08-18 00:15:00+00:00,159.4250030517578
2026-08-18 00:30:00+00:00,159.48300170898438
2026-08-18 00:45:00+00:00,159.4219970703125
2026-08-18 01:00:00+00:00,159.3979949951172
2026-08-18 01:15:00+00:00,159.44400024414062
2026-08-18 01:30:00+00:00,159.4199981689453
2026-08-18 01:45:00+00:00,159.5
2026-08-18 02:00:00+00:00,159.51800537109375
2026-08-18 02:15:00+00:00,159.48199462890625
2026-08-18 02:30:00+00:00,159.49600219726562
2026-08-18 02:45:00+00:00,159.4550018310547
2026-08-18 03:00:00+00:00,159.48199462890625
2026-08-18 03:15:00+00:00,159.50999450683594
2026-08-18 03:30:00+00:00,159.55499267578125
2026-08-18 03:45:00+00:00,159.54800415039062
2026-08-18 04:00:00+00:00,159.6649932861328
2026-08-18 04:15:00+00:00,159.697998046875
2026-08-18 04:30:00+00:00,159.69000244140625
2026-08-18 04:45:00+00:00,159.69700622558594
2026-08-18 05:00:00+00:00,159.718994140625
2026-08-18 05:15:00+00:00,159.66900634765625
2026-08-18 05:30:00+00:00,159.67300415039062
2026-08-18 05:45:00+00:00,159.66299438476562
2026-08-18 06:00:00+00:00,159.68499755859375
2026-08-18 06:15:00+00:00,159.71800231933594
2026-08-18 06:30:00+00:00,159.74000549316406
2026-08-18 06:45:00+00:00,159.71600341796875
2026-08-18 07:00:00+00:00,159.73699951171875
2026-08-18 07:15:00+00:00,159.72799682617188
2026-08-18 07:30:00+00:00,159.71200561523438
2026-08-18 07:45:00+00:00,159.7169952392578
2026-08-18 08:00:00+00:00,159.718994140625
2026-08-18 08:15:00+00:00,159.72500610351562
2026-08-18 08:30:00+00:00,159.64700317382812
2026-08-18 08:45:00+00:00,159.6649932861328
2026-08-18 09:00:00+00:00,159.66700744628906
2026-08-18 09:15:00+00:00,159.61300659179688
2026-08-18 09:30:00+00:00,159.61599731445312
2026-08-18 09:45:00+00:00,159.60400390625
2026-08-18 10:00:00+00:00,159.6739959716797
2026-08-18 10:15:00+00:00,159.6719970703125
2026-08-18 10:30:00+00:00,159.6790008544922
2026-08-18 10:45:00+00:00,159.70599365234375
2026-08-18 11:00:00+00:00,159.7209930419922
2026-08-18 11:15:00+00:00,159.73399353027344
2026-08-18 11:30:00+00:00,159.7209930419922
2026-08-18 11:45:00+00:00,159.69400024414062
2026-08-18 12:00:00+00:00,159.67100524902344
2026-08-18 12:15:00+00:00,159.66200256347656
2026-08-18 12:30:00+00:00,159.67300415039062
2026-08-18 12:45:00+00:00,159.66400146484375
2026-08-18 13:00:00+00:00,159.6280059814453
2026-08-18 13:15:00+00:00,159.65899658203125
2026-08-18 13:30:00+00:00,159.62100219726562
2026-08-18 13:45:00+00:00,159.57200622558594
2026-08-18 14:00:00+00:00,159.53500366210938
2026-08-18 14:15:00+00:00,159.47900390625
2026-08-18 14:30:00+00:00,159.50900268554688
2026-08-18 14:45:00+00:00,159.5500030517578
2026-08-18 15:00:00+00:00,159.60400390625
2026-08-18 15:15:00+00:00,159.61700439453125
2026-08-18 15:30:00+00:00,159.5970001220703
2026-08-18 15:45:00+00:00,159.5959930419922
2026-08-18 16:00:00+00:00,159.5590057373047
2026-08-18 16:15:00+00:00,159.593994140625
2026-08-18 16:30:00+00:00,159.572998046875
2026-08-18 16:45:00+00:00,159.56700134277344
2026-08-18 17:00:00+00:00,159.5959930419922
2026-08-18 17:15:00+00:00,159.593994140625
2026-08-18 17:30:00+00:00,159.61099243164062
2026-08-18 17:45:00+00:00,159.59800720214844
2026-08-18 18:00:00+00:00,159.58799743652344
2026-08-18 18:15:00+00:00,159.58900451660156
2026-08-18 18:30:00+00:00,159.6219940185547
2026-08-18 18:45:00+00:00,159.60000610351562
2026-08-18 19:00:00+00:00,159.58999633789062
2026-08-18 19:15:00+00:00,159.60899353027344
2026-08-18 19:30:00+00:00,159.6060028076172
2026-08-18 19:45:00+00:00,159.63600158691406
2026-08-18 20:00:00+00:00,159.64700317382812
2026-08-18 20:15:00+00:00,159.64999389648438
2026-08-18 20:30:00+00:00,159.6510009765625
2026-08-18 20:45:00+00:00,159.5959930419922
2026-08-18 21:00:00+00:00,159.6009979248047
2026-08-18 21:15:00+00:00,159.59800720214844
2026-08-18 21:30:00+00:00,159.5540008544922
2026-08-18 21:45:00+00:00,159.58099365234375
2026-08-18 22:00:00+00:00,159.63900756835938
2026-08-18 22:15:00+00:00,159.62100219726562
2026-08-18 22:30:00+00:00,159.6020050048828
2026-08-18 22:45:00+00:00,159.58900451660156
2026-08-18 23:00:00+00:00,159.56500244140625
2026-08-18 23:15:00+00:00,159.57699584960938
2026-08-18 23:30:00+00:00,159.593994140625
2026-08-18 23:45:00+00:00,159.5500030517578
2026-08-19 00:00:00+00:00,159.44500732421875
2026-08-19 00:15:00+00:00,159.49000549316406
2026-08-19 00:30:00+00:00,159.4759979248047
2026-08-19 00:45:00+00:00,159.46200561523438
2026-08-19 01:00:00+00:00,159.50100708007812
2026-08-19 01:15:00+00:00,159.5019989013672
2026-08-19 01:30:00+00:00,159.46299743652344
2026-08-19 01:45:00+00:00,159.447998046875
2026-08-19 02:00:00+00:00,159.3990020751953
2026-08-19 02:15:00+00:00,159.36500549316406
2026-08-19 02:30:00+00:00,159.31100463867188
2026-08-19 02:45:00+00:00,159.36399841308594
2026-08-19 03:00:00+00:00,159.38499450683594
2026-08-19 03:15:00+00:00,159.38699340820312
2026-08-19 03:30:00+00:00,159.40899658203125
2026-08-19 03:45:00+00:00,159.4199981689453
2026-08-19 04:00:00+00:00,159.38299560546875
2026-08-19 04:15:00+00:00,159.34500122070312
2026-08-19 04:30:00+00:00,159.36300659179688
2026-08-19 04:45:00+00:00,159.3260040283203
2026-08-19 05:00:00+00:00,159.2969970703125
2026-08-19 05:15:00+00:00,159.27200317382812
2026-08-19 05:30:00+00:00,159.25
2026-08-19 05:45:00+00:00,159.2949981689453
2026-08-19 06:00:00+00:00,159.2429962158203
2026-08-19 06:15:00+00:00,159.1510009765625
2026-08-19 06:30:00+00:00,159.20700073242188
2026-08-19 06:45:00+00:00,159.23899841308594
2026-08-19 07:00:00+00:00,159.21800231933594
2026-08-19 07:15:00+00:00,159.19400024414062
2026-08-19 07:30:00+00:00,159.1719970703125
2026-08-19 07:45:00+00:00,159.16299438476562
2026-08-19 08:00:00+00:00,159.0970001220703
2026-08-19 08:15:00+00:00,159.09800720214844
2026-08-19 08:30:00+00:00,159.07000732421875
2026-08-19 08:45:00+00:00,159.16200256347656
2026-08-19 09:00:00+00:00,159.22500610351562
2026-08-19 09:15:00+00:00,159.17799377441406
2026-08-19 09:30:00+00:00,159.1219940185547
2026-08-19 09:45:00+00:00,159.08399963378906
2026-08-19 10:00:00+00:00,159.0500030517578
2026-08-19 10:15:00+00:00,159.05299377441406
2026-08-19 10:30:00+00:00,159.05599975585938
2026-08-19 10:45:00+00:00,159.09500122070312
2026-08-19 11:00:00+00:00,159.1219940185547
2026-08-19 11:15:00+00:00,159.10699462890625
2026-08-19 11:30:00+00:00,159.1580047607422
2026-08-19 11:45:00+00:00,159.13400268554688
2026-08-19 12:00:00+00:00,159.11000061035156
2026-08-19 12:15:00+00:00,159.0330047607422
2026-08-19 12:30:00+00:00,158.44400024414062
2026-08-19 12:45:00+00:00,158.60000610351562
2026-08-19 13:00:00+00:00,158.3820037841797
2026-08-19 13:15:00+00:00,158.41600036621094
2026-08-19 13:30:00+00:00,158.4720001220703
2026-08-19 13:45:00+00:00,158.4320068359375
2026-08-19 14:00:00+00:00,158.30299377441406
2026-08-19 14:15:00+00:00,158.27999877929688
2026-08-19 14:30:00+00:00,158.1439971923828
2026-08-19 14:45:00+00:00,158.343994140625
2026-08-19 15:00:00+00:00,158.39500427246094
2026-08-19 15:15:00+00:00,158.4949951171875
2026-08-19 15:30:00+00:00,158.39700317382812
2026-08-19 15:45:00+00:00,158.4530029296875
2026-08-19 16:00:00+00:00,158.40699768066406
2026-08-19 16:15:00+00:00,158.41900634765625
2026-08-19 16:30:00+00:00,158.3939971923828
2026-08-19 16:45:00+00:00,158.38499450683594
2026-08-19 17:00:00+00:00,158.4770050048828
2026-08-19 17:15:00+00:00,158.4980010986328
2026-08-19 17:30:00+00:00,158.53799438476562
2026-08-19 17:45:00+00:00,158.58200073242188
2026-08-19 18:00:00+00:00,158.3990020751953
2026-08-19 18:15:00+00:00,158.49099731445312
2026-08-19 18:30:00+00:00,158.32200622558594
2026-08-19 18:45:00+00:00,158.31900024414062
2026-08-19 19:00:00+00:00,158.29400634765625
2026-08-19 19:15:00+00:00,158.14599609375
2026-08-19 19:30:00+00:00,158.2570037841797
2026-08-19 19:45:00+00:00,158.13900756835938
2026-08-19 20:00:00+00:00,158.15199279785156
2026-08-19 20:15:00+00:00,158.20599365234375
2026-08-19 20:30:00+00:00,158.15499877929688
2026-08-19 20:45:00+00:00,158.1439971923828
2026-08-19 21:00:00+00:00,158.093994140625
2026-08-19 21:15:00+00:00,158.0970001220703
2026-08-19 21:30:00+00:00,158.10299682617188
2026-08-19 21:45:00+00:00,158.10000610351562
2026-08-19 22:00:00+00:00,158.05499267578125
2026-08-19 22:15:00+00:00,158.06399536132812
2026-08-19 22:30:00+00:00,158.1199951171875
2026-08-19 22:45:00+00:00,158.1719970703125
2026-08-19 23:00:00+00:00,158.21600341796875
2026-08-19 23:15:00+00:00,158.23500061035156
2026-08-19 23:30:00+00:00,158.25
2026-08-19 23:45:00+00:00,158.25900268554688
2026-08-20 00:00:00+00:00,158.33099365234375
2026-08-20 00:15:00+00:00,158.3419952392578
2026-08-20 00:30:00+00:00,158.36900329589844
2026-08-20 00:45:00+00:00,158.4040069580078
2026-08-20 01:00:00+00:00,158.46099853515625
2026-08-20 01:15:00+00:00,158.37399291992188
2026-08-20 01:30:00+00:00,158.47900390625
2026-08-20 01:45:00+00:00,158.52999877929688
2026-08-20 02:00:00+00:00,158.48699951171875
2026-08-20 02:15:00+00:00,158.44700622558594
2026-08-20 02:30:00+00:00,158.42599487304688
2026-08-20 02:45:00+00:00,158.43899536132812
2026-08-20 03:00:00+00:00,158.39599609375
2026-08-20 03:15:00+00:00,158.42999267578125
2026-08-20 03:30:00+00:00,158.44400024414062
2026-08-20 03:45:00+00:00,158.42999267578125
2026-08-20 04:00:00+00:00,158.42799377441406
2026-08-20 04:15:00+00:00,158.46499633789062
2026-08-20 04:30:00+00:00,158.53599548339844
2026-08-20 04:45:00+00:00,158.56399536132812
2026-08-20 05:00:00+00:00,158.57400512695312
2026-08-20 05:15:00+00:00,158.6750030517578
2026-08-20 05:30:00+00:00,158.71400451660156
2026-08-20 05:45:00+00:00,158.62899780273438
2026-08-20 06:00:00+00:00,158.5489959716797
2026-08-20 06:15:00+00:00,158.5019989013672
2026-08-20 06:30:00+00:00,158.47300720214844
2026-08-20 06:45:00+00:00,158.36000061035156
2026-08-20 07:00:00+00:00,158.39199829101562
2026-08-20 07:15:00+00:00,158.52099609375
2026-08-20 07:30:00+00:00,158.45599365234375
2026-08-20 07:45:00+00:00,158.43499755859375
2026-08-20 08:00:00+00:00,158.3990020751953
2026-08-20 08:15:00+00:00,158.48699951171875
2026-08-20 08:30:00+00:00,158.49099731445312
2026-08-20 08:45:00+00:00,158.48899841308594
2026-08-20 09:00:00+00:00,158.4040069580078
2026-08-20 09:15:00+00:00,158.29100036621094
2026-08-20 09:30:00+00:00,158.302001953125
2026-08-20 09:45:00+00:00,158.3350067138672
2026-08-20 10:00:00+00:00,158.2779998779297
2026-08-20 10:15:00+00:00,158.26300048828125
2026-08-20 10:30:00+00:00,158.36500549316406
2026-08-20 10:45:00+00:00,158.4669952392578
2026-08-20 11:00:00+00:00,158.61099243164062
2026-08-20 11:15:00+00:00,158.57400512695312
2026-08-20 11:30:00+00:00,158.6320037841797
2026-08-20 11:45:00+00:00,158.65699768066406
2026-08-20 12:00:00+00:00,158.7239990234375
2026-08-20 12:15:00+00:00,158.65199279785156
2026-08-20 12:30:00+00:00,158.63900756835938
2026-08-20 12:45:00+00:00,158.63499450683594
2026-08-20 13:00:00+00:00,158.6300048828125
2026-08-20 13:15:00+00:00,158.6199951171875
2026-08-20 13:30:00+00:00,158.68099975585938
2026-08-20 13:45:00+00:00,158.8249969482422
2026-08-20 14:00:00+00:00,158.85800170898438
2026-08-20 14:15:00+00:00,158.79200744628906
2026-08-20 14:30:00+00:00,158.7469940185547
2026-08-20 14:45:00+00:00,158.72300720214844
2026-08-20 15:00:00+00:00,158.74200439453125
2026-08-20 15:15:00+00:00,158.75799560546875
2026-08-20 15:30:00+00:00,158.95799255371094
2026-08-20 15:45:00+00:00,158.84800720214844
2026-08-20 16:00:00+00:00,158.96400451660156
2026-08-20 16:15:00+00:00,159.0709991455078
2026-08-20 16:30:00+00:00,159.04100036621094
2026-08-20 16:45:00+00:00,158.99400329589844
2026-08-20 17:00:00+00:00,159.0290069580078
2026-08-20 17:15:00+00:00,159.02499389648438
2026-08-20 17:30:00+00:00,159.05799865722656
2026-08-20 17:45:00+00:00,159.0469970703125
2026-08-20 18:00:00+00:00,159.12100219726562
2026-08-20 18:15:00+00:00,159.16600036621094
2026-08-20 18:30:00+00:00,159.13699340820312
2026-08-20 18:45:00+00:00,159.14100646972656
2026-08-20 19:00:00+00:00,159.1280059814453
2026-08-20 19:15:00+00:00,159.13800048828125
2026-08-20 19:30:00+00:00,159.13299560546875
2026-08-20 19:45:00+00:00,159.11199951171875
2026-08-20 20:00:00+00:00,159.11500549316406
2026-08-20 20:15:00+00:00,159.11900329589844
2026-08-20 20:30:00+00:00,159.0749969482422
2026-08-20 20:45:00+00:00,159.01600646972656
2026-08-20 21:00:00+00:00,159.04800415039062
2026-08-20 21:15:00+00:00,159.03799438476562
2026-08-20 21:30:00+00:00,159.0570068359375
2026-08-20 21:45:00+00:00,159.02000427246094
2026-08-20 22:00:00+00:00,159.01300048828125
2026-08-20 22:15:00+00:00,158.9720001220703
2026-08-20 22:30:00+00:00,158.99000549316406
2026-08-20 22:45:00+00:00,158.9550018310547
2026-08-20 23:00:00+00:00,158.90499877929688
2026-08-20 23:15:00+00:00,158.8990020751953
2026-08-20 23:30:00+00:00,158.9029998779297
2026-08-20 23:45:00+00:00,158.88999938964844
2026-08-21 00:00:00+00:00,158.96099853515625
2026-08-21 00:15:00+00:00,158.99200439453125
2026-08-21 00:30:00+00:00,159.0800018310547
2026-08-21 00:45:00+00:00,159.0970001220703
2026-08-21 01:00:00+00:00,159.06900024414062
2026-08-21 01:15:00+00:00,158.97500610351562
2026-08-21 01:30:00+00:00,158.99600219726562
2026-08-21 01:45:00+00:00,158.94500732421875
2026-08-21 02:00:00+00:00,158.9709930419922
2026-08-21 02:15:00+00:00,158.99400329589844
2026-08-21 02:30:00+00:00,158.9320068359375
2026-08-21 02:45:00+00:00,158.96499633789062
2026-08-21 03:00:00+00:00,158.95899963378906
2026-08-21 03:15:00+00:00,159.0
2026-08-21 03:30:00+00:00,159.03599548339844
2026-08-21 03:45:00+00:00,158.9929962158203
2026-08-21 04:00:00+00:00,158.9759979248047
2026-08-21 04:15:00+00:00,159.00799560546875
2026-08-21 04:30:00+00:00,159.0330047607422
2026-08-21 04:45:00+00:00,158.9969940185547
2026-08-21 05:00:00+00:00,159.01300048828125
2026-08-21 05:15:00+00:00,159.01699829101562
2026-08-21 05:30:00+00:00,158.8470001220703
2026-08-21 05:45:00+00:00,158.8300018310547
2026-08-21 06:00:00+00:00,158.9029998779297
2026-08-21 06:15:00+00:00,158.9770050048828
2026-08-21 06:30:00+00:00,158.927001953125
2026-08-21 06:45:00+00:00,158.88699340820312
2026-08-21 07:00:00+00:00,158.88600158691406
2026-08-21 07:15:00+00:00,158.87600708007812
2026-08-21 07:30:00+00:00,158.8419952392578
2026-08-21 07:45:00+00:00,158.81700134277344
2026-08-21 08:00:00+00:00,158.80999755859375
2026-08-21 08:15:00+00:00,158.7239990234375
2026-08-21 08:30:00+00:00,158.56900024414062
2026-08-21 08:45:00+00:00,158.52200317382812
2026-08-21 09:00:00+00:00,158.4149932861328
2026-08-21 09:15:00+00:00,158.48599243164062
2026-08-21 09:30:00+00:00,158.53399658203125
2026-08-21 09:45:00+00:00,158.5970001220703
2026-08-21 10:00:00+00:00,158.63699340820312
2026-08-21 10:15:00+00:00,158.52699279785156
2026-08-21 10:30:00+00:00,158.58999633789062
2026-08-21 10:45:00+00:00,158.69500732421875
2026-08-21 11:00:00+00:00,158.72799682617188
2026-08-21 11:15:00+00:00,158.55999755859375
2026-08-21 11:30:00+00:00,158.62399291992188
2026-08-21 11:45:00+00:00,158.6820068359375
2026-08-21 12:00:00+00:00,158.71400451660156
2026-08-21 12:15:00+00:00,158.6999969482422
2026-08-21 12:30:00+00:00,158.7689971923828
2026-08-21 12:45:00+00:00,158.7530059814453
2026-08-21 13:00:00+00:00,158.7790069580078
2026-08-21 13:15:00+00:00,158.85299682617188
2026-08-21 13:30:00+00:00,158.8260040283203
2026-08-21 13:45:00+00:00,158.77000427246094
2026-08-21 14:00:00+00:00,158.83599853515625
2026-08-21 14:15:00+00:00,158.8820037841797
2026-08-21 14:30:00+00:00,158.9739990234375
2026-08-21 14:45:00+00:00,158.95199584960938
2026-08-21 15:00:00+00:00,159.00900268554688
2026-08-21 15:15:00+00:00,158.9759979248047
2026-08-21 15:30:00+00:00,158.9219970703125
2026-08-21 15:45:00+00:00,158.91600036621094
2026-08-21 16:00:00+00:00,158.9429931640625
2026-08-21 16:15:00+00:00,158.947998046875
2026-08-21 16:30:00+00:00,158.9459991455078
2026-08-21 16:45:00+00:00,158.95899963378906
2026-08-21 17:00:00+00:00,159.01499938964844
2026-08-21 17:15:00+00:00,158.98899841308594
2026-08-21 17:30:00+00:00,159.01499938964844
2026-08-21 17:45:00+00:00,159.01600646972656
2026-08-21 18:00:00+00:00,159.01600646972656
2026-08-21 18:15:00+00:00,159.01600646972656
2026-08-21 18:30:00+00:00,159.0279998779297
2026-08-21 18:45:00+00:00,159.01400756835938
2026-08-21 19:00:00+00:00,159.0290069580078
2026-08-21 19:15:00+00:00,159.03599548339844
2026-08-21 19:30:00+00:00,159.01100158691406
2026-08-21 19:45:00+00:00,158.9949951171875
2026-08-21 20:00:00+00:00,158.99200439453125
2026-08-21 20:15:00+00:00,159.00399780273438
2026-08-21 20:30:00+00:00,158.9720001220703
2026-08-21 20:45:00+00:00,158.86199951171875
2026-08-21 22:45:00+00:00,158.94000244140625
2026-08-23 23:00:00+00:00,158.95599365234375
2026-08-23 23:15:00+00:00,158.9669952392578
2026-08-23 23:30:00+00:00,158.9810028076172
2026-08-23 23:45:00+00:00,158.87100219726562
2026-08-24 00:00:00+00:00,158.83799743652344
2026-08-24 00:15:00+00:00,158.7729949951172
2026-08-24 00:30:00+00:00,158.74600219726562
2026-08-24 00:45:00+00:00,158.7239990234375
2026-08-24 01:00:00+00:00,158.843994140625
2026-08-24 01:15:00+00:00,158.91299438476562
2026-08-24 01:30:00+00:00,158.88800048828125
2026-08-24 01:45:00+00:00,158.8419952392578
2026-08-24 02:00:00+00:00,158.8300018310547
2026-08-24 02:15:00+00:00,158.85000610351562
2026-08-24 02:30:00+00:00,158.88800048828125
2026-08-24 02:45:00+00:00,158.8730010986328
2026-08-24 03:00:00+00:00,158.9199981689453
2026-08-24 03:15:00+00:00,158.91099548339844
2026-08-24 03:30:00+00:00,158.93899536132812
2026-08-24 03:45:00+00:00,158.927001953125
2026-08-24 04:00:00+00:00,158.9080047607422
2026-08-24 04:15:00+00:00,158.83700561523438
2026-08-24 04:30:00+00:00,158.86700439453125
2026-08-24 04:45:00+00:00,158.85800170898438
2026-08-24 05:00:00+00:00,158.91900634765625
2026-08-24 05:15:00+00:00,158.9219970703125
2026-08-24 05:30:00+00:00,158.968994140625
2026-08-24 05:45:00+00:00,158.8979949951172
2026-08-24 06:00:00+00:00,158.87899780273438
2026-08-24 06:15:00+00:00,158.9459991455078
2026-08-24 06:30:00+00:00,158.9510040283203
2026-08-24 06:45:00+00:00,159.031005859375
2026-08-24 07:00:00+00:00,159.0850067138672
2026-08-24 07:15:00+00:00,159.1269989013672
2026-08-24 07:30:00+00:00,159.16000366210938
2026-08-24 07:45:00+00:00,159.1580047607422
2026-08-24 08:00:00+00:00,159.23199462890625
2026-08-24 08:15:00+00:00,159.26499938964844
2026-08-24 08:30:00+00:00,159.21400451660156
2026-08-24 08:45:00+00:00,159.18899536132812
2026-08-24 09:00:00+00:00,159.17599487304688
2026-08-24 09:15:00+00:00,159.19500732421875
2026-08-24 09:30:00+00:00,159.2030029296875
2026-08-24 09:45:00+00:00,159.197998046875
2026-08-24 10:00:00+00:00,159.18099975585938
2026-08-24 10:15:00+00:00,159.16900634765625
2026-08-24 10:30:00+00:00,159.16799926757812
2026-08-24 10:45:00+00:00,159.197998046875
2026-08-24 11:00:00+00:00,159.2050018310547
2026-08-24 11:15:00+00:00,159.17799377441406
2026-08-24 11:30:00+00:00,159.04800415039062
2026-08-24 11:45:00+00:00,159.05999755859375
2026-08-24 12:00:00+00:00,159.0679931640625
2026-08-24 12:15:00+00:00,158.94200134277344
2026-08-24 12:30:00+00:00,158.99600219726562
2026-08-24 12:45:00+00:00,159.04200744628906
2026-08-24 13:00:00+00:00,159.07000732421875
2026-08-24 13:15:00+00:00,159.14500427246094
2026-08-24 13:30:00+00:00,159.13600158691406
2026-08-24 13:45:00+00:00,159.1009979248047
2026-08-24 14:00:00+00:00,159.13800048828125
2026-08-24 14:15:00+00:00,159.10400390625
2026-08-24 14:30:00+00:00,159.11399841308594
2026-08-24 14:45:00+00:00,159.1959991455078
2026-08-24 15:00:00+00:00,159.1280059814453
2026-08-24 15:15:00+00:00,159.08399963378906
2026-08-24 15:30:00+00:00,159.15899658203125
2026-08-24 15:45:00+00:00,159.1699981689453
2026-08-24 16:00:00+00:00,159.0800018310547
2026-08-24 16:15:00+00:00,159.07899475097656
2026-08-24 16:30:00+00:00,159.08200073242188
2026-08-24 16:45:00+00:00,159.072998046875
2026-08-24 17:00:00+00:00,159.08200073242188
2026-08-24 17:15:00+00:00,159.14100646972656
2026-08-24 17:30:00+00:00,159.1580047607422
2026-08-24 17:45:00+00:00,159.15699768066406
2026-08-24 18:00:00+00:00,159.1739959716797
2026-08-24 18:15:00+00:00,159.13800048828125
2026-08-24 18:30:00+00:00,159.18800354003906
2026-08-24 18:45:00+00:00,159.1750030517578
2026-08-24 19:00:00+00:00,159.1790008544922
2026-08-24 19:15:00+00:00,159.20799255371094
2026-08-24 19:30:00+00:00,159.15699768066406
2026-08-24 19:45:00+00:00,159.16299438476562
2026-08-24 20:00:00+00:00,159.14500427246094
2026-08-24 20:15:00+00:00,159.14700317382812
2026-08-24 20:30:00+00:00,159.13099670410156
2026-08-24 20:45:00+00:00,159.0749969482422
2026-08-24 21:00:00+00:00,159.04600524902344
2026-08-24 21:15:00+00:00,159.03599548339844
2026-08-24 21:30:00+00:00,159.05599975585938
2026-08-24 21:45:00+00:00,159.0659942626953
2026-08-24 22:00:00+00:00,159.08399963378906
2026-08-24 22:15:00+00:00,159.10800170898438
2026-08-24 22:30:00+00:00,159.09800720214844
2026-08-24 22:45:00+00:00,159.093994140625
2026-08-24 23:00:00+00:00,159.0659942626953
2026-08-24 23:15:00+00:00,159.10699462890625
2026-08-24 23:30:00+00:00,159.1490020751953
2026-08-24 23:45:00+00:00,159.1280059814453
2026-08-25 00:00:00+00:00,159.10899353027344
2026-08-25 00:15:00+00:00,159.1269989013672
2026-08-25 00:30:00+00:00,159.1179962158203
2026-08-25 00:45:00+00:00,159.18600463867188
2026-08-25 01:00:00+00:00,159.1280059814453
2026-08-25 01:15:00+00:00,159.1490020751953
2026-08-25 01:30:00+00:00,159.197998046875
2026-08-25 01:45:00+00:00,159.26800537109375
2026-08-25 02:00:00+00:00,159.2740020751953
2026-08-25 02:15:00+00:00,159.2519989013672
2026-08-25 02:30:00+00:00,159.28199768066406
2026-08-25 02:45:00+00:00,159.35499572753906
2026-08-25 03:00:00+00:00,159.35499572753906
2026-08-25 03:15:00+00:00,159.36900329589844
2026-08-25 03:30:00+00:00,159.3470001220703
2026-08-25 03:45:00+00:00,159.32400512695312
2026-08-25 04:00:00+00:00,159.34100341796875
2026-08-25 04:15:00+00:00,159.33200073242188
2026-08-25 04:30:00+00:00,159.2519989013672
2026-08-25 04:45:00+00:00,159.30099487304688
2026-08-25 05:00:00+00:00,159.31500244140625
2026-08-25 05:15:00+00:00,159.3209991455078
2026-08-25 05:30:00+00:00,159.322998046875
2026-08-25 05:45:00+00:00,159.33200073242188
2026-08-25 06:00:00+00:00,159.29100036621094
2026-08-25 06:15:00+00:00,159.33399963378906
2026-08-25 06:30:00+00:00,159.35299682617188
2026-08-25 06:45:00+00:00,159.4080047607422
2026-08-25 07:00:00+00:00,159.36199951171875
2026-08-25 07:15:00+00:00,159.39599609375
2026-08-25 07:30:00+00:00,159.43699645996094
2026-08-25 07:45:00+00:00,159.43899536132812
2026-08-25 08:00:00+00:00,159.46800231933594
2026-08-25 08:15:00+00:00,159.41299438476562
2026-08-25 08:30:00+00:00,159.35699462890625
2026-08-25 08:45:00+00:00,159.33999633789062
2026-08-25 09:00:00+00:00,159.23699951171875
2026-08-25 09:15:00+00:00,159.3090057373047
2026-08-25 09:30:00+00:00,159.29400634765625
2026-08-25 09:45:00+00:00,159.281005859375
2026-08-25 10:00:00+00:00,159.2899932861328
2026-08-25 10:15:00+00:00,159.3040008544922
2026-08-25 10:30:00+00:00,159.26499938964844
2026-08-25 10:45:00+00:00,159.2790069580078
2026-08-25 11:00:00+00:00,159.28799438476562
2026-08-25 11:15:00+00:00,159.3070068359375
2026-08-25 11:30:00+00:00,159.29200744628906
2026-08-25 11:45:00+00:00,159.24400329589844
2026-08-25 12:00:00+00:00,159.23899841308594
2026-08-25 12:15:00+00:00,159.24400329589844
2026-08-25 12:30:00+00:00,159.26800537109375
2026-08-25 12:45:00+00:00,159.2899932861328
2026-08-25 13:00:00+00:00,159.16799926757812
2026-08-25 13:15:00+00:00,159.1959991455078
2026-08-25 13:30:00+00:00,159.2550048828125
2026-08-25 13:45:00+00:00,159.19700622558594
2026-08-25 14:00:00+00:00,159.24099731445312
2026-08-25 14:15:00+00:00,159.25599670410156
2026-08-25 14:30:00+00:00,159.23500061035156
2026-08-25 14:45:00+00:00,159.2530059814453
2026-08-25 15:00:00+00:00,159.25900268554688
2026-08-25 15:15:00+00:00,159.28599548339844
2026-08-25 15:30:00+00:00,159.21200561523438
2026-08-25 15:45:00+00:00,159.20799255371094
2026-08-25 16:00:00+00:00,159.2429962158203
2026-08-25 16:15:00+00:00,159.26199340820312
2026-08-25 16:30:00+00:00,159.25900268554688
2026-08-25 16:45:00+00:00,159.2729949951172
2026-08-25 17:00:00+00:00,159.29600524902344
2026-08-25 17:15:00+00:00,159.28900146484375
2026-08-25 17:30:00+00:00,159.25999450683594
2026-08-25 17:45:00+00:00,159.21600341796875
2026-08-25 18:00:00+00:00,159.20899963378906
2026-08-25 18:15:00+00:00,159.22999572753906
2026-08-25 18:30:00+00:00,159.25100708007812
2026-08-25 18:45:00+00:00,159.21800231933594
2026-08-25 19:00:00+00:00,159.1959991455078
2026-08-25 19:15:00+00:00,159.1999969482422
2026-08-25 19:30:00+00:00,159.18699645996094
2026-08-25 19:45:00+00:00,159.13499450683594
2026-08-25 20:00:00+00:00,159.14300537109375
2026-08-25 20:15:00+00:00,159.17799377441406
2026-08-25 20:30:00+00:00,159.20399475097656
2026-08-25 20:45:00+00:00,159.16400146484375
2026-08-25 21:00:00+00:00,159.19500732421875
2026-08-25 21:15:00+00:00,159.2010040283203
2026-08-25 21:30:00+00:00,159.1790008544922
2026-08-25 21:45:00+00:00,159.19500732421875
2026-08-25 22:00:00+00:00,159.21400451660156
2026-08-25 22:15:00+00:00,159.1999969482422
2026-08-25 22:30:00+00:00,159.1909942626953
2026-08-25 22:45:00+00:00,159.1929931640625
2026-08-25 23:00:00+00:00,159.2239990234375
2026-08-25 23:15:00+00:00,159.23899841308594
2026-08-25 23:30:00+00:00,159.25
2026-08-25 23:45:00+00:00,159.20899963378906
2026-08-26 00:00:00+00:00,159.21600341796875
2026-08-26 00:15:00+00:00,159.22799682617188
2026-08-26 00:30:00+00:00,159.16000366210938
2026-08-26 00:45:00+00:00,159.16400146484375
2026-08-26 01:00:00+00:00,159.16200256347656
2026-08-26 01:15:00+00:00,159.15899658203125
2026-08-26 01:30:00+00:00,159.08700561523438
2026-08-26 01:45:00+00:00,159.04400634765625
2026-08-26 02:00:00+00:00,158.94900512695312
2026-08-26 02:15:00+00:00,158.96499633789062
2026-08-26 02:30:00+00:00,158.98399353027344
2026-08-26 02:45:00+00:00,159.03199768066406
2026-08-26 03:00:00+00:00,159.02200317382812
2026-08-26 03:15:00+00:00,158.97999572753906
2026-08-26 03:30:00+00:00,158.947998046875
2026-08-26 03:45:00+00:00,158.95599365234375
2026-08-26 04:00:00+00:00,158.9969940185547
2026-08-26 04:15:00+00:00,158.9929962158203
2026-08-26 04:30:00+00:00,158.98699951171875
2026-08-26 04:45:00+00:00,159.02699279785156
2026-08-26 05:00:00+00:00,159.0229949951172
2026-08-26 05:15:00+00:00,159.01300048828125
2026-08-26 05:30:00+00:00,158.96400451660156
2026-08-26 05:45:00+00:00,159.00900268554688
2026-08-26 06:00:00+00:00,159.072998046875
2026-08-26 06:15:00+00:00,159.05099487304688
2026-08-26 06:30:00+00:00,159.08200073242188
2026-08-26 06:45:00+00:00,159.05499267578125
2026-08-26 07:00:00+00:00,158.9949951171875
2026-08-26 07:15:00+00:00,159.04299926757812
2026-08-26 07:30:00+00:00,159.0050048828125
2026-08-26 07:45:00+00:00,159.00399780273438
2026-08-26 08:00:00+00:00,158.96499633789062
2026-08-26 08:15:00+00:00,158.9499969482422
2026-08-26 08:30:00+00:00,158.98800659179688
2026-08-26 08:45:00+00:00,159.00599670410156
2026-08-26 09:00:00+00:00,159.02000427246094
2026-08-26 09:15:00+00:00,159.0
2026-08-26 09:30:00+00:00,158.9669952392578
2026-08-26 09:45:00+00:00,158.98199462890625
2026-08-26 10:00:00+00:00,159.00999450683594
2026-08-26 10:15:00+00:00,159.0330047607422
2026-08-26 10:30:00+00:00,159.0570068359375
2026-08-26 10:45:00+00:00,159.08900451660156
2026-08-26 11:00:00+00:00,159.09500122070312
2026-08-26 11:15:00+00:00,159.13900756835938
2026-08-26 11:30:00+00:00,159.1269989013672
2026-08-26 11:45:00+00:00,159.0780029296875
2026-08-26 12:00:00+00:00,159.05499267578125
2026-08-26 12:15:00+00:00,158.95899963378906
2026-08-26 12:30:00+00:00,159.13600158691406
2026-08-26 12:45:00+00:00,159.22999572753906
2026-08-26 13:00:00+00:00,159.27200317382812
2026-08-26 13:15:00+00:00,159.2760009765625
2026-08-26 13:30:00+00:00,159.35699462890625
2026-08-26 13:45:00+00:00,159.39500427246094
2026-08-26 14:00:00+00:00,159.38800048828125
2026-08-26 14:15:00+00:00,159.4199981689453
2026-08-26 14:30:00+00:00,159.36500549316406
2026-08-26 14:45:00+00:00,159.4029998779297
2026-08-26 15:00:00+00:00,159.36399841308594
2026-08-26 15:15:00+00:00,159.36500549316406
2026-08-26 15:30:00+00:00,159.35299682617188
2026-08-26 15:45:00+00:00,159.36500549316406
2026-08-26 16:00:00+00:00,159.32400512695312
2026-08-26 16:15:00+00:00,159.34300231933594
2026-08-26 16:30:00+00:00,159.37600708007812
2026-08-26 16:45:00+00:00,159.41700744628906
2026-08-26 17:00:00+00:00,159.40499877929688
2026-08-26 17:15:00+00:00,159.3769989013672
2026-08-26 17:30:00+00:00,159.38299560546875
2026-08-26 17:45:00+00:00,159.38699340820312
2026-08-26 18:00:00+00:00,159.3780059814453
2026-08-26 18:15:00+00:00,159.39599609375
2026-08-26 18:30:00+00:00,159.40199279785156
2026-08-26 18:45:00+00:00,159.39599609375
2026-08-26 19:00:00+00:00,159.36399841308594
2026-08-26 19:15:00+00:00,159.37399291992188
2026-08-26 19:30:00+00:00,159.34800720214844
2026-08-26 19:45:00+00:00,159.34500122070312
2026-08-26 20:00:00+00:00,159.343994140625
2026-08-26 20:15:00+00:00,159.31399536132812
2026-08-26 20:30:00+00:00,159.28799438476562
2026-08-26 20:45:00+00:00,159.28599548339844
2026-08-26 21:00:00+00:00,159.2480010986328
2026-08-26 21:15:00+00:00,159.25799560546875
2026-08-26 21:30:00+00:00,159.2740020751953
2026-08-26 21:45:00+00:00,159.24400329589844
2026-08-26 22:00:00+00:00,159.29299926757812
2026-08-26 22:15:00+00:00,159.26800537109375
2026-08-26 22:30:00+00:00,159.24600219726562
2026-08-26 22:45:00+00:00,159.26800537109375
2026-08-26 23:00:00+00:00,159.2239990234375
2026-08-26 23:15:00+00:00,159.2519989013672
2026-08-26 23:30:00+00:00,159.2480010986328
2026-08-26 23:45:00+00:00,159.2449951171875
2026-08-27 00:00:00+00:00,159.14100646972656
2026-08-27 00:15:00+00:00,159.13800048828125
2026-08-27 00:30:00+00:00,159.13999938964844
2026-08-27 00:45:00+00:00,159.17599487304688
2026-08-27 01:00:00+00:00,159.16799926757812
2026-08-27 01:15:00+00:00,159.16099548339844
2026-08-27 01:30:00+00:00,159.22500610351562
2026-08-27 01:45:00+00:00,159.2530059814453
2026-08-27 02:00:00+00:00,159.30299377441406
2026-08-27 02:15:00+00:00,159.375
2026-08-27 02:30:00+00:00,159.33799743652344
2026-08-27 02:45:00+00:00,159.32699584960938
2026-08-27 03:00:00+00:00,159.30799865722656
2026-08-27 03:15:00+00:00,159.34100341796875
2026-08-27 03:30:00+00:00,159.3520050048828
2026-08-27 03:45:00+00:00,159.34300231933594
2026-08-27 04:00:00+00:00,159.3520050048828
2026-08-27 04:15:00+00:00,159.36500549316406
2026-08-27 04:30:00+00:00,159.35800170898438
2026-08-27 04:45:00+00:00,159.36099243164062
2026-08-27 05:00:00+00:00,159.33900451660156
2026-08-27 05:15:00+00:00,159.29299926757812
2026-08-27 05:30:00+00:00,159.31199645996094
2026-08-27 05:45:00+00:00,159.36000061035156
2026-08-27 06:00:00+00:00,159.3459930419922
2026-08-27 06:15:00+00:00,159.34300231933594
2026-08-27 06:30:00+00:00,159.343994140625
2026-08-27 06:45:00+00:00,159.3520050048828
2026-08-27 07:00:00+00:00,159.29400634765625
2026-08-27 07:15:00+00:00,159.32400512695312
2026-08-27 07:30:00+00:00,159.3300018310547
2026-08-27 07:45:00+00:00,159.3520050048828
2026-08-27 08:00:00+00:00,159.31700134277344
2026-08-27 08:15:00+00:00,159.3260040283203
2026-08-27 08:30:00+00:00,159.30099487304688
2026-08-27 08:45:00+00:00,159.3179931640625
2026-08-27 09:00:00+00:00,159.3470001220703
2026-08-27 09:15:00+00:00,159.38999938964844
2026-08-27 09:30:00+00:00,159.47999572753906
2026-08-27 09:45:00+00:00,159.47300720214844
2026-08-27 10:00:00+00:00,159.447998046875
2026-08-27 10:15:00+00:00,159.44500732421875
2026-08-27 10:30:00+00:00,159.46800231933594
2026-08-27 10:45:00+00:00,159.4739990234375
2026-08-27 11:00:00+00:00,159.4720001220703
2026-08-27 11:15:00+00:00,159.46299743652344
2026-08-27 11:30:00+00:00,159.4669952392578
2026-08-27 11:45:00+00:00,159.4340057373047
2026-08-27 12:00:00+00:00,159.41000366210938
2026-08-27 12:15:00+00:00,159.3990020751953
2026-08-27 12:30:00+00:00,159.41700744628906
2026-08-27 12:45:00+00:00,159.4080047607422
2026-08-27 13:00:00+00:00,159.4429931640625
2026-08-27 13:15:00+00:00,159.36199951171875
2026-08-27 13:30:00+00:00,159.38900756835938
2026-08-27 13:45:00+00:00,159.36099243164062
2026-08-27 14:00:00+00:00,159.343994140625
2026-08-27 14:15:00+00:00,159.33799743652344
2026-08-27 14:30:00+00:00,159.33599853515625
2026-08-27 14:45:00+00:00,159.3260040283203
2026-08-27 15:00:00+00:00,159.3209991455078
2026-08-27 15:15:00+00:00,159.30599975585938
2026-08-27 15:30:00+00:00,159.2740020751953
2026-08-27 15:45:00+00:00,159.26199340820312
2026-08-27 16:00:00+00:00,159.25900268554688
2026-08-27 16:15:00+00:00,159.2550048828125
2026-08-27 16:30:00+00:00,159.26600646972656
2026-08-27 16:45:00+00:00,159.28900146484375
2026-08-27 17:00:00+00:00,159.31900024414062
2026-08-27 17:15:00+00:00,159.30999755859375
2026-08-27 17:30:00+00:00,159.35800170898438
2026-08-27 17:45:00+00:00,159.40199279785156
2026-08-27 18:00:00+00:00,159.41700744628906
2026-08-27 18:15:00+00:00,159.4219970703125
2026-08-27 18:30:00+00:00,159.4290008544922
2026-08-27 18:45:00+00:00,159.4290008544922
2026-08-27 19:00:00+00:00,159.43299865722656
2026-08-27 19:15:00+00:00,159.43499755859375
2026-08-27 19:30:00+00:00,159.41400146484375
2026-08-27 19:45:00+00:00,159.41600036621094
2026-08-27 20:00:00+00:00,159.39700317382812
2026-08-27 20:15:00+00:00,159.39199829101562
2026-08-27 20:30:00+00:00,159.37899780273438
2026-08-27 20:45:00+00:00,159.36700439453125
2026-08-27 21:00:00+00:00,159.40199279785156
2026-08-27 21:15:00+00:00,159.36199951171875
2026-08-27 21:30:00+00:00,159.38299560546875
2026-08-27 21:45:00+00:00,159.36199951171875
2026-08-27 22:00:00+00:00,159.35899353027344
2026-08-27 22:15:00+00:00,159.38699340820312
2026-08-27 22:30:00+00:00,159.3769989013672
2026-08-27 22:45:00+00:00,159.3509979248047
2026-08-27 23:00:00+00:00,159.35000610351562
2026-08-27 23:15:00+00:00,159.3520050048828
2026-08-27 23:30:00+00:00,159.33399963378906
2026-08-27 23:45:00+00:00,159.30799865722656
2026-08-28 00:00:00+00:00,159.34100341796875
2026-08-28 00:15:00+00:00,159.36199951171875
2026-08-28 00:30:00+00:00,159.343994140625
2026-08-28 00:45:00+00:00,159.36000061035156
2026-08-28 01:00:00+00:00,159.34300231933594
2026-08-28 01:15:00+00:00,159.3719940185547
2026-08-28 01:30:00+00:00,159.39599609375
2026-08-28 01:45:00+00:00,159.42599487304688
2026-08-28 02:00:00+00:00,159.4429931640625
2026-08-28 02:15:00+00:00,159.40899658203125
2026-08-28 02:30:00+00:00,159.4409942626953
2026-08-28 02:45:00+00:00,159.43299865722656
2026-08-28 03:00:00+00:00,159.4550018310547
2026-08-28 03:15:00+00:00,159.42999267578125
2026-08-28 03:30:00+00:00,159.43099975585938
2026-08-28 03:45:00+00:00,159.44400024414062
2026-08-28 04:00:00+00:00,159.46600341796875
2026-08-28 04:15:00+00:00,159.47900390625
2026-08-28 04:30:00+00:00,159.47500610351562
2026-08-28 04:45:00+00:00,159.4929962158203
2026-08-28 05:00:00+00:00,159.54400634765625
2026-08-28 05:15:00+00:00,159.53599548339844
2026-08-28 05:30:00+00:00,159.54400634765625
2026-08-28 05:45:00+00:00,159.51800537109375
2026-08-28 06:00:00+00:00,159.5229949951172
2026-08-28 06:15:00+00:00,159.4739990234375
2026-08-28 06:30:00+00:00,159.44900512695312
2026-08-28 06:45:00+00:00,159.41400146484375
2026-08-28 07:00:00+00:00,159.45700073242188
2026-08-28 07:15:00+00:00,159.46299743652344
2026-08-28 07:30:00+00:00,159.48699951171875
2026-08-28 07:45:00+00:00,159.50100708007812
2026-08-28 08:00:00+00:00,159.56900024414062
2026-08-28 08:15:00+00:00,159.56900024414062
2026-08-28 08:30:00+00:00,159.54400634765625
2026-08-28 08:45:00+00:00,159.5679931640625
2026-08-28 09:00:00+00:00,159.62399291992188
2026-08-28 09:15:00+00:00,159.63099670410156
2026-08-28 09:30:00+00:00,159.65699768066406
2026-08-28 09:45:00+00:00,159.68299865722656
2026-08-28 10:00:00+00:00,159.6739959716797
2026-08-28 10:15:00+00:00,159.6719970703125
2026-08-28 10:30:00+00:00,159.65499877929688
2026-08-28 10:45:00+00:00,159.63299560546875
2026-08-28 11:00:00+00:00,159.64999389648438
2026-08-28 11:15:00+00:00,159.65899658203125
2026-08-28 11:30:00+00:00,159.66799926757812
2026-08-28 11:45:00+00:00,159.6479949951172
2026-08-28 12:00:00+00:00,159.6540069580078
2026-08-28 12:15:00+00:00,159.593994140625
2026-08-28 12:30:00+00:00,159.6060028076172
2026-08-28 12:45:00+00:00,159.5749969482422
2026-08-28 13:00:00+00:00,159.63499450683594
2026-08-28 13:15:00+00:00,159.63600158691406
2026-08-28 13:30:00+00:00,159.6490020751953
2026-08-28 13:45:00+00:00,159.66200256347656
2026-08-28 14:00:00+00:00,159.875
2026-08-28 14:15:00+00:00,159.88800048828125
2026-08-28 14:30:00+00:00,159.86300659179688
2026-08-28 14:45:00+00:00,159.8679962158203
2026-08-28 15:00:00+00:00,159.9600067138672
2026-08-28 15:15:00+00:00,159.97300720214844
2026-08-28 15:30:00+00:00,160.0399932861328
2026-08-28 15:45:00+00:00,159.97500610351562
2026-08-28 16:00:00+00:00,160.06399536132812
2026-08-28 16:15:00+00:00,160.13299560546875
2026-08-28 16:30:00+00:00,160.19000244140625
2026-08-28 16:45:00+00:00,160.19500732421875
2026-08-28 17:00:00+00:00,160.15499877929688
2026-08-28 17:15:00+00:00,160.15699768066406
2026-08-28 17:30:00+00:00,160.19200134277344
2026-08-28 17:45:00+00:00,160.17799377441406
2026-08-28 18:00:00+00:00,160.16700744628906
2026-08-28 18:15:00+00:00,160.14599609375
2026-08-28 18:30:00+00:00,160.15499877929688
2026-08-28 18:45:00+00:00,160.13299560546875
2026-08-28 19:00:00+00:00,160.11300659179688
2026-08-28 19:15:00+00:00,160.06300354003906
2026-08-28 19:30:00+00:00,160.08099365234375
2026-08-28 19:45:00+00:00,160.0780029296875
2026-08-28 20:00:00+00:00,160.08200073242188
2026-08-28 20:15:00+00:00,160.06399536132812
2026-08-28 20:30:00+00:00,160.1219940185547
2026-08-28 20:45:00+00:00,160.03799438476562
2026-08-30 23:00:00+00:00,160.16799926757812
2026-08-30 23:15:00+00:00,160.16700744628906
2026-08-30 23:30:00+00:00,160.13800048828125
2026-08-30 23:45:00+00:00,160.11099243164062
2026-08-31 00:00:00+00:00,160.0019989013672
2026-08-31 00:15:00+00:00,160.0399932861328
2026-08-31 00:30:00+00:00,160.03599548339844
2026-08-31 00:45:00+00:00,159.95899963378906
2026-08-31 01:00:00+00:00,159.9550018310547
2026-08-31 01:15:00+00:00,159.822998046875
2026-08-31 01:30:00+00:00,159.802001953125
2026-08-31 01:45:00+00:00,159.8179931640625
2026-08-31 02:00:00+00:00,159.78900146484375
2026-08-31 02:15:00+00:00,159.75399780273438
2026-08-31 02:30:00+00:00,159.78399658203125
2026-08-31 02:45:00+00:00,159.7689971923828
2026-08-31 03:00:00+00:00,159.77200317382812
2026-08-31 03:15:00+00:00,159.79200744628906
2026-08-31 03:30:00+00:00,159.81900024414062
2026-08-31 03:45:00+00:00,159.79600524902344
2026-08-31 04:00:00+00:00,159.75999450683594
2026-08-31 04:15:00+00:00,159.8179931640625
2026-08-31 04:30:00+00:00,159.76300048828125
2026-08-31 04:45:00+00:00,159.78700256347656
2026-08-31 05:00:00+00:00,159.77499389648438
2026-08-31 05:15:00+00:00,159.76699829101562
2026-08-31 05:30:00+00:00,159.81900024414062
2026-08-31 05:45:00+00:00,159.8280029296875
2026-08-31 06:00:00+00:00,159.81100463867188
2026-08-31 06:15:00+00:00,159.86399841308594
2026-08-31 06:30:00+00:00,159.84800720214844
2026-08-31 06:45:00+00:00,159.8000030517578
2026-08-31 07:00:00+00:00,159.67799377441406
2026-08-31 07:15:00+00:00,159.593994140625
2026-08-31 07:30:00+00:00,159.6199951171875
2026-08-31 07:45:00+00:00,159.5760040283203
2026-08-31 08:00:00+00:00,159.57000732421875
2026-08-31 08:15:00+00:00,159.61599731445312
2026-08-31 08:30:00+00:00,159.656005859375
2026-08-31 08:45:00+00:00,159.73500061035156
2026-08-31 09:00:00+00:00,159.70399475097656
2026-08-31 09:15:00+00:00,159.6999969482422
2026-08-31 09:30:00+00:00,159.72300720214844
2026-08-31 09:45:00+00:00,159.72799682617188
2026-08-31 10:00:00+00:00,159.71600341796875
2026-08-31 10:15:00+00:00,159.72999572753906
2026-08-31 10:30:00+00:00,159.73599243164062
2026-08-31 10:45:00+00:00,159.7209930419922
2026-08-31 11:00:00+00:00,159.67100524902344
2026-08-31 11:15:00+00:00,159.6199951171875
2026-08-31 11:30:00+00:00,159.66700744628906
2026-08-31 11:45:00+00:00,159.70700073242188
2026-08-31 12:00:00+00:00,159.69900512695312
2026-08-31 12:15:00+00:00,159.7760009765625
2026-08-31 12:30:00+00:00,159.8249969482422
2026-08-31 12:45:00+00:00,159.875
2026-08-31 13:00:00+00:00,159.85699462890625
2026-08-31 13:15:00+00:00,159.78599548339844
2026-08-31 13:30:00+00:00,159.83399963378906
2026-08-31 13:45:00+00:00,159.82400512695312
2026-08-31 14:00:00+00:00,159.80499267578125
2026-08-31 14:15:00+00:00,159.7779998779297
2026-08-31 14:30:00+00:00,159.72000122070312
2026-08-31 14:45:00+00:00,159.7030029296875
2026-08-31 15:00:00+00:00,159.74000549316406
2026-08-31 15:15:00+00:00,159.74899291992188
2026-08-31 15:30:00+00:00,159.7310028076172
2026-08-31 15:45:00+00:00,159.7429962158203
2026-08-31 16:00:00+00:00,159.68600463867188
2026-08-31 16:15:00+00:00,159.68699645996094
2026-08-31 16:30:00+00:00,159.7010040283203
2026-08-31 16:45:00+00:00,159.67599487304688
2026-08-31 17:00:00+00:00,159.6790008544922
2026-08-31 17:15:00+00:00,159.69000244140625
2026-08-31 17:30:00+00:00,159.6929931640625
2026-08-31 17:45:00+00:00,159.68699645996094
2026-08-31 18:00:00+00:00,159.68699645996094
2026-08-31 18:15:00+00:00,159.70899963378906
2026-08-31 18:30:00+00:00,159.78500366210938
2026-08-31 18:45:00+00:00,159.79299926757812
2026-08-31 19:00:00+00:00,159.76499938964844
2026-08-31 19:15:00+00:00,159.7259979248047
2026-08-31 19:30:00+00:00,159.78700256347656
2026-08-31 19:45:00+00:00,159.7449951171875
2026-08-31 20:00:00+00:00,159.73800659179688
2026-08-31 20:15:00+00:00,159.74600219726562
2026-08-31 20:30:00+00:00,159.7530059814453
2026-08-31 20:45:00+00:00,159.7259979248047
2026-08-31 21:00:00+00:00,159.75999450683594
2026-08-31 21:15:00+00:00,159.74099731445312
2026-08-31 21:30:00+00:00,159.7519989013672
2026-08-31 21:45:00+00:00,159.70700073242188
2026-08-31 22:00:00+00:00,159.74099731445312
2026-08-31 22:15:00+00:00,159.74200439453125
2026-08-31 22:30:00+00:00,159.76699829101562
2026-08-31 22:45:00+00:00,159.76800537109375
2026-08-31 23:00:00+00:00,159.82899475097656
2026-08-31 23:15:00+00:00,159.79100036621094
2026-08-31 23:30:00+00:00,159.7689971923828
2026-08-31 23:45:00+00:00,159.75
2026-09-01 00:00:00+00:00,159.6999969482422
2026-09-01 00:15:00+00:00,159.65899658203125
2026-09-01 00:30:00+00:00,159.75100708007812
2026-09-01 00:45:00+00:00,159.7969970703125
2026-09-01 01:00:00+00:00,159.8000030517578
2026-09-01 01:15:00+00:00,159.80799865722656
2026-09-01 01:30:00+00:00,159.77200317382812
2026-09-01 01:45:00+00:00,159.75399780273438
2026-09-01 02:00:00+00:00,159.79600524902344
2026-09-01 02:15:00+00:00,159.76100158691406
2026-09-01 02:30:00+00:00,159.77999877929688
2026-09-01 02:45:00+00:00,159.77999877929688
2026-09-01 03:00:00+00:00,159.7830047607422
2026-09-01 03:15:00+00:00,159.78700256347656
2026-09-01 03:30:00+00:00,159.77699279785156
2026-09-01 03:45:00+00:00,159.7989959716797
2026-09-01 04:00:00+00:00,159.8280029296875
2026-09-01 04:15:00+00:00,159.83900451660156
2026-09-01 04:30:00+00:00,159.8459930419922
2026-09-01 04:45:00+00:00,159.86599731445312
2026-09-01 05:00:00+00:00,159.8730010986328
2026-09-01 05:15:00+00:00,159.8719940185547
2026-09-01 05:30:00+00:00,159.83399963378906
2026-09-01 05:45:00+00:00,159.87399291992188
2026-09-01 06:00:00+00:00,159.91799926757812
2026-09-01 06:15:00+00:00,159.94200134277344
2026-09-01 06:30:00+00:00,159.9709930419922
2026-09-01 06:45:00+00:00,159.9459991455078
2026-09-01 07:00:00+00:00,159.9409942626953
2026-09-01 07:15:00+00:00,159.98399353027344
2026-09-01 07:30:00+00:00,160.01300048828125
2026-09-01 07:45:00+00:00,159.97900390625
2026-09-01 08:00:00+00:00,159.9770050048828
2026-09-01 08:15:00+00:00,159.98500061035156
2026-09-01 08:30:00+00:00,159.96200561523438
2026-09-01 08:45:00+00:00,159.92100524902344
2026-09-01 09:00:00+00:00,159.89100646972656
2026-09-01 09:15:00+00:00,159.96800231933594
2026-09-01 09:30:00+00:00,159.9720001220703
2026-09-01 09:45:00+00:00,160.0489959716797
2026-09-01 10:00:00+00:00,160.0330047607422
2026-09-01 10:15:00+00:00,160.00100708007812
2026-09-01 10:30:00+00:00,160.0679931640625
2026-09-01 10:45:00+00:00,160.08299255371094
2026-09-01 11:00:00+00:00,160.1269989013672
2026-09-01 11:15:00+00:00,160.06300354003906
2026-09-01 11:30:00+00:00,160.04600524902344
2026-09-01 11:45:00+00:00,160.10800170898438
2026-09-01 12:00:00+00:00,160.14199829101562
2026-09-01 12:15:00+00:00,160.16099548339844
2026-09-01 12:30:00+00:00,160.16900634765625
2026-09-01 12:45:00+00:00,160.1009979248047
2026-09-01 13:00:00+00:00,160.11199951171875
2026-09-01 13:15:00+00:00,160.08200073242188
2026-09-01 13:30:00+00:00,160.0290069580078
2026-09-01 13:45:00+00:00,159.99200439453125
2026-09-01 14:00:00+00:00,159.9810028076172
2026-09-01 14:15:00+00:00,159.94900512695312
2026-09-01 14:30:00+00:00,160.0030059814453
2026-09-01 14:45:00+00:00,160.0709991455078
2026-09-01 15:00:00+00:00,160.05499267578125
2026-09-01 15:15:00+00:00,160.072998046875
2026-09-01 15:30:00+00:00,160.03900146484375
2026-09-01 15:45:00+00:00,160.0279998779297
2026-09-01 16:00:00+00:00,160.06900024414062
2026-09-01 16:15:00+00:00,160.15699768066406
2026-09-01 16:30:00+00:00,160.125
2026-09-01 16:45:00+00:00,160.16099548339844
2026-09-01 17:00:00+00:00,160.16299438476562
2026-09-01 17:15:00+00:00,160.16799926757812
2026-09-01 17:30:00+00:00,160.20599365234375
2026-09-01 17:45:00+00:00,160.23800659179688
2026-09-01 18:00:00+00:00,160.23599243164062
2026-09-01 18:15:00+00:00,160.23500061035156
2026-09-01 18:30:00+00:00,160.2550048828125
2026-09-01 18:45:00+00:00,160.197998046875
2026-09-01 19:00:00+00:00,160.18699645996094
2026-09-01 19:15:00+00:00,160.22500610351562
2026-09-01 19:30:00+00:00,160.23500061035156
2026-09-01 19:45:00+00:00,160.22000122070312
2026-09-01 20:00:00+00:00,160.23599243164062
2026-09-01 20:15:00+00:00,160.197998046875
2026-09-01 20:30:00+00:00,160.1909942626953
2026-09-01 20:45:00+00:00,160.16299438476562
2026-09-01 21:00:00+00:00,160.14599609375
2026-09-01 21:15:00+00:00,160.13600158691406
2026-09-01 21:30:00+00:00,160.1510009765625
2026-09-01 21:45:00+00:00,160.13999938964844
2026-09-01 22:00:00+00:00,160.1490020751953
2026-09-01 22:15:00+00:00,160.1719970703125
2026-09-01 22:30:00+00:00,160.1909942626953
2026-09-01 22:45:00+00:00,160.1929931640625
2026-09-01 23:00:00+00:00,160.20799255371094
2026-09-01 23:15:00+00:00,160.20399475097656
2026-09-01 23:30:00+00:00,160.17100524902344
2026-09-01 23:45:00+00:00,160.1929931640625
2026-09-02 00:00:00+00:00,160.19700622558594
2026-09-02 00:15:00+00:00,160.18699645996094
2026-09-02 00:30:00+00:00,160.18099975585938
2026-09-02 00:45:00+00:00,160.28399658203125
2026-09-02 01:00:00+00:00,160.2830047607422
2026-09-02 01:15:00+00:00,160.2740020751953
2026-09-02 01:30:00+00:00,160.34500122070312
2026-09-02 01:45:00+00:00,160.36500549316406
2026-09-02 02:00:00+00:00,160.33200073242188
2026-09-02 02:15:00+00:00,160.31399536132812
2026-09-02 02:30:00+00:00,160.2570037841797
2026-09-02 02:45:00+00:00,160.25799560546875
2026-09-02 03:00:00+00:00,160.25999450683594
2026-09-02 03:15:00+00:00,160.25100708007812
2026-09-02 03:30:00+00:00,160.21400451660156
2026-09-02 03:45:00+00:00,160.20599365234375
2026-09-02 04:00:00+00:00,160.1820068359375
2026-09-02 04:15:00+00:00,160.1999969482422
2026-09-02 04:30:00+00:00,160.14999389648438
2026-09-02 04:45:00+00:00,160.10400390625
2026-09-02 05:00:00+00:00,160.03399658203125
2026-09-02 05:15:00+00:00,159.97000122070312
2026-09-02 05:30:00+00:00,159.94400024414062
2026-09-02 05:45:00+00:00,159.82400512695312
2026-09-02 06:00:00+00:00,159.53700256347656
2026-09-02 06:15:00+00:00,159.63400268554688
2026-09-02 06:30:00+00:00,159.50100708007812
2026-09-02 06:45:00+00:00,159.59500122070312
2026-09-02 07:00:00+00:00,159.70199584960938
2026-09-02 07:15:00+00:00,159.6580047607422
2026-09-02 07:30:00+00:00,159.65199279785156
2026-09-02 07:45:00+00:00,159.68699645996094
2026-09-02 08:00:00+00:00,159.71400451660156
2026-09-02 08:15:00+00:00,159.66299438476562
2026-09-02 08:30:00+00:00,159.7169952392578
2026-09-02 08:45:00+00:00,159.8459930419922
2026-09-02 09:00:00+00:00,159.81100463867188
2026-09-02 09:15:00+00:00,159.83799743652344
2026-09-02 09:30:00+00:00,159.85699462890625
2026-09-02 09:45:00+00:00,159.85299682617188
2026-09-02 10:00:00+00:00,159.86199951171875
2026-09-02 10:15:00+00:00,159.88600158691406
2026-09-02 10:30:00+00:00,159.88299560546875
2026-09-02 10:45:00+00:00,159.88800048828125
2026-09-02 11:00:00+00:00,159.80799865722656
2026-09-02 11:15:00+00:00,159.76400756835938
2026-09-02 11:30:00+00:00,159.70399475097656
2026-09-02 11:45:00+00:00,159.6300048828125
2026-09-02 12:00:00+00:00,159.61399841308594
2026-09-02 12:15:00+00:00,159.62399291992188
2026-09-02 12:30:00+00:00,159.6790008544922
2026-09-02 12:45:00+00:00,159.58700561523438
2026-09-02 13:00:00+00:00,159.58900451660156
2026-09-02 13:15:00+00:00,158.8509979248047
2026-09-02 13:30:00+00:00,158.5800018310547
2026-09-02 13:45:00+00:00,158.5659942626953
2026-09-02 14:00:00+00:00,158.67599487304688
2026-09-02 14:15:00+00:00,158.71400451660156
2026-09-02 14:30:00+00:00,158.77699279785156
2026-09-02 14:45:00+00:00,158.7429962158203
2026-09-02 15:00:00+00:00,158.6929931640625
2026-09-02 15:15:00+00:00,158.6529998779297
2026-09-02 15:30:00+00:00,158.78900146484375
2026-09-02 15:45:00+00:00,158.79200744628906
2026-09-02 16:00:00+00:00,158.79400634765625
2026-09-02 16:15:00+00:00,158.8679962158203
2026-09-02 16:30:00+00:00,158.83599853515625
2026-09-02 16:45:00+00:00,158.8419952392578
2026-09-02 17:00:00+00:00,158.875
2026-09-02 17:15:00+00:00,158.93099975585938
2026-09-02 17:30:00+00:00,158.91799926757812
2026-09-02 17:45:00+00:00,158.8730010986328
2026-09-02 18:00:00+00:00,158.93299865722656
2026-09-02 18:15:00+00:00,158.93800354003906
2026-09-02 18:30:00+00:00,158.96800231933594
2026-09-02 18:45:00+00:00,158.93099975585938
2026-09-02 19:00:00+00:00,158.97900390625
2026-09-02 19:15:00+00:00,158.92100524902344
2026-09-02 19:30:00+00:00,158.88600158691406
2026-09-02 19:45:00+00:00,158.76199340820312
2026-09-02 20:00:00+00:00,158.63400268554688
2026-09-02 20:15:00+00:00,158.68600463867188
2026-09-02 20:30:00+00:00,158.6929931640625
2026-09-02 20:45:00+00:00,158.69500732421875
2026-09-02 21:00:00+00:00,158.66700744628906
2026-09-02 21:15:00+00:00,158.65499877929688
2026-09-02 21:30:00+00:00,158.6820068359375
2026-09-02 21:45:00+00:00,158.66299438476562
2026-09-02 22:00:00+00:00,158.7259979248047
2026-09-02 22:15:00+00:00,158.7570037841797
2026-09-02 22:30:00+00:00,158.77699279785156
2026-09-02 22:45:00+00:00,158.78900146484375
2026-09-02 23:00:00+00:00,158.85000610351562
2026-09-02 23:15:00+00:00,158.8260040283203
2026-09-02 23:30:00+00:00,158.88499450683594
2026-09-02 23:45:00+00:00,158.90199279785156
2026-09-03 00:00:00+00:00,158.94700622558594
2026-09-03 00:15:00+00:00,158.81500244140625
2026-09-03 00:30:00+00:00,158.69500732421875
2026-09-03 00:45:00+00:00,158.70799255371094
2026-09-03 01:00:00+00:00,158.58999633789062
2026-09-03 01:15:00+00:00,158.4080047607422
2026-09-03 01:30:00+00:00,158.3699951171875
2026-09-03 01:45:00+00:00,158.50799560546875
2026-09-03 02:00:00+00:00,158.30999755859375
2026-09-03 02:15:00+00:00,158.08999633789062
2026-09-03 02:30:00+00:00,158.10699462890625
2026-09-03 02:45:00+00:00,158.02200317382812
2026-09-03 03:00:00+00:00,157.73500061035156
2026-09-03 03:15:00+00:00,157.79400634765625
2026-09-03 03:30:00+00:00,157.83799743652344
2026-09-03 03:45:00+00:00,157.76800537109375
2026-09-03 04:00:00+00:00,157.76400756835938
2026-09-03 04:15:00+00:00,157.6999969482422
2026-09-03 04:30:00+00:00,157.6280059814453
2026-09-03 04:45:00+00:00,157.6790008544922
2026-09-03 05:00:00+00:00,157.73800659179688
2026-09-03 05:15:00+00:00,157.60499572753906
2026-09-03 05:30:00+00:00,157.63499450683594
2026-09-03 05:45:00+00:00,157.36900329589844
2026-09-03 06:00:00+00:00,157.30099487304688
2026-09-03 06:15:00+00:00,157.23399353027344
2026-09-03 06:30:00+00:00,157.13999938964844
2026-09-03 06:45:00+00:00,157.125
2026-09-03 07:00:00+00:00,156.75599670410156
2026-09-03 07:15:00+00:00,156.7779998779297
2026-09-03 07:30:00+00:00,157.1179962158203
2026-09-03 07:45:00+00:00,157.0500030517578
2026-09-03 08:00:00+00:00,156.98199462890625
2026-09-03 08:15:00+00:00,156.87899780273438
2026-09-03 08:30:00+00:00,156.74899291992188
2026-09-03 08:45:00+00:00,156.697998046875
2026-09-03 09:00:00+00:00,156.5970001220703
2026-09-03 09:15:00+00:00,156.49099731445312
2026-09-03 09:30:00+00:00,156.343994140625
2026-09-03 09:45:00+00:00,156.40899658203125
2026-09-03 10:00:00+00:00,156.38999938964844
2026-09-03 10:15:00+00:00,156.26199340820312
2026-09-03 10:30:00+00:00,156.4149932861328
2026-09-03 10:45:00+00:00,156.31700134277344
2026-09-03 11:00:00+00:00,156.0399932861328
2026-09-03 11:15:00+00:00,156.08900451660156
2026-09-03 11:30:00+00:00,156.19400024414062
2026-09-03 11:45:00+00:00,156.08799743652344
2026-09-03 12:00:00+00:00,155.9320068359375
2026-09-03 12:15:00+00:00,155.73800659179688
2026-09-03 12:30:00+00:00,155.55999755859375
2026-09-03 12:45:00+00:00,155.5590057373047
2026-09-03 13:00:00+00:00,155.6490020751953
2026-09-03 13:15:00+00:00,155.60000610351562
2026-09-03 13:30:00+00:00,155.61500549316406
2026-09-03 13:45:00+00:00,155.3769989013672
2026-09-03 14:00:00+00:00,155.3939971923828
2026-09-03 14:15:00+00:00,155.52999877929688
2026-09-03 14:30:00+00:00,155.71400451660156
2026-09-03 14:45:00+00:00,155.41600036621094
2026-09-03 15:00:00+00:00,155.61199951171875
2026-09-03 15:15:00+00:00,155.57899475097656
2026-09-03 15:30:00+00:00,155.4239959716797
2026-09-03 15:45:00+00:00,155.38800048828125
2026-09-03 16:00:00+00:00,155.33700561523438
2026-09-03 16:15:00+00:00,155.39999389648438
2026-09-03 16:30:00+00:00,155.32699584960938
2026-09-03 16:45:00+00:00,155.3509979248047
2026-09-03 17:00:00+00:00,155.42999267578125
2026-09-03 17:15:00+00:00,155.39999389648438
2026-09-03 17:30:00+00:00,155.4149932861328
2026-09-03 17:45:00+00:00,155.46299743652344
2026-09-03 18:00:00+00:00,155.4290008544922
2026-09-03 18:15:00+00:00,155.43899536132812
2026-09-03 18:30:00+00:00,155.53399658203125
2026-09-03 18:45:00+00:00,155.4949951171875
2026-09-03 19:00:00+00:00,155.6999969482422
2026-09-03 19:15:00+00:00,155.76300048828125
2026-09-03 19:30:00+00:00,155.76199340820312
2026-09-03 19:45:00+00:00,155.74899291992188
2026-09-03 20:00:00+00:00,155.7790069580078
2026-09-03 20:15:00+00:00,155.7550048828125
2026-09-03 20:30:00+00:00,155.79800415039062
2026-09-03 20:45:00+00:00,155.80499267578125
2026-09-03 21:00:00+00:00,155.8249969482422
2026-09-03 21:15:00+00:00,155.88400268554688
2026-09-03 21:30:00+00:00,155.85299682617188
2026-09-03 21:45:00+00:00,155.84800720214844
2026-09-03 22:00:00+00:00,155.81900024414062
2026-09-03 22:15:00+00:00,155.85699462890625
2026-09-03 22:30:00+00:00,155.92799377441406
2026-09-03 22:45:00+00:00,156.12100219726562
2026-09-03 23:00:00+00:00,156.06900024414062
2026-09-03 23:15:00+00:00,155.96400451660156
2026-09-03 23:30:00+00:00,155.84800720214844
2026-09-03 23:45:00+00:00,155.63400268554688
2026-09-04 00:00:00+00:00,155.56500244140625
2026-09-04 00:15:00+00:00,155.85299682617188
2026-09-04 00:30:00+00:00,155.75799560546875
2026-09-04 00:45:00+00:00,155.76300048828125
2026-09-04 01:00:00+00:00,155.89100646972656
2026-09-04 01:15:00+00:00,155.9040069580078
2026-09-04 01:30:00+00:00,156.03399658203125
2026-09-04 01:45:00+00:00,155.84800720214844
2026-09-04 02:00:00+00:00,155.9080047607422
2026-09-04 02:15:00+00:00,155.98699951171875
2026-09-04 02:30:00+00:00,155.98500061035156
2026-09-04 02:45:00+00:00,156.06100463867188
2026-09-04 03:00:00+00:00,156.0489959716797
2026-09-04 03:15:00+00:00,156.0919952392578
2026-09-04 03:30:00+00:00,156.38400268554688
2026-09-04 03:45:00+00:00,156.36500549316406
2026-09-04 04:00:00+00:00,156.35499572753906
2026-09-04 04:15:00+00:00,156.36300659179688
2026-09-04 04:30:00+00:00,156.26300048828125
2026-09-04 04:45:00+00:00,156.32000732421875
2026-09-04 05:00:00+00:00,156.26600646972656
2026-09-04 05:15:00+00:00,156.29800415039062
2026-09-04 05:30:00+00:00,156.33799743652344
2026-09-04 05:45:00+00:00,156.3280029296875
2026-09-04 06:00:00+00:00,156.22799682617188
2026-09-04 06:15:00+00:00,156.1750030517578
2026-09-04 06:30:00+00:00,156.1280059814453
2026-09-04 06:45:00+00:00,156.2760009765625
2026-09-04 07:00:00+00:00,156.3769989013672
2026-09-04 07:15:00+00:00,156.2729949951172
2026-09-04 07:30:00+00:00,156.25999450683594
2026-09-04 07:45:00+00:00,156.2969970703125
2026-09-04 08:00:00+00:00,156.36399841308594
2026-09-04 08:15:00+00:00,156.31500244140625
2026-09-04 08:30:00+00:00,156.35000610351562
2026-09-04 08:45:00+00:00,156.41000366210938
2026-09-04 09:00:00+00:00,156.35299682617188
2026-09-04 09:15:00+00:00,156.3719940185547
2026-09-04 09:30:00+00:00,156.5399932861328
2026-09-04 09:45:00+00:00,156.47900390625
2026-09-04 10:00:00+00:00,156.3800048828125
2026-09-04 10:15:00+00:00,156.33200073242188
2026-09-04 10:30:00+00:00,156.3470001220703
2026-09-04 10:45:00+00:00,156.322998046875
2026-09-04 11:00:00+00:00,156.27499389648438
2026-09-04 11:15:00+00:00,156.28700256347656
2026-09-04 11:30:00+00:00,156.2469940185547
2026-09-04 11:45:00+00:00,156.25900268554688
2026-09-04 12:00:00+00:00,156.20599365234375
2026-09-04 12:15:00+00:00,156.00799560546875
2026-09-04 12:30:00+00:00,156.30999755859375
2026-09-04 12:45:00+00:00,155.68499755859375
2026-09-04 13:00:00+00:00,156.0679931640625
2026-09-04 13:15:00+00:00,155.6060028076172
2026-09-04 13:30:00+00:00,155.7209930419922
2026-09-04 13:45:00+00:00,155.84100341796875
2026-09-04 14:00:00+00:00,156.0800018310547
2026-09-04 14:15:00+00:00,156.03700256347656
2026-09-04 14:30:00+00:00,155.98699951171875
2026-09-04 14:45:00+00:00,156.11900329589844
2026-09-04 15:00:00+00:00,155.95399475097656
2026-09-04 15:15:00+00:00,156.0489959716797
2026-09-04 15:30:00+00:00,156.07000732421875
2026-09-04 15:45:00+00:00,156.10699462890625
2026-09-04 16:00:00+00:00,156.0780029296875
2026-09-04 16:15:00+00:00,156.0780029296875
2026-09-04 16:30:00+00:00,156.04400634765625
2026-09-04 16:45:00+00:00,155.99099731445312
2026-09-04 17:00:00+00:00,156.10000610351562
2026-09-04 17:15:00+00:00,156.11599731445312
2026-09-04 17:30:00+00:00,156.1199951171875
2026-09-04 17:45:00+00:00,156.13800048828125
2026-09-04 18:00:00+00:00,156.13800048828125
2026-09-04 18:15:00+00:00,156.18299865722656
2026-09-04 18:30:00+00:00,156.22799682617188
2026-09-04 18:45:00+00:00,156.2169952392578
2026-09-04 19:00:00+00:00,156.2220001220703
2026-09-04 19:15:00+00:00,156.21600341796875
2026-09-04 19:30:00+00:00,156.218994140625
2026-09-04 19:45:00+00:00,156.2310028076172
2026-09-04 20:00:00+00:00,156.25900268554688
2026-09-04 20:15:00+00:00,156.2270050048828
2026-09-04 20:30:00+00:00,156.2220001220703
2026-09-04 20:45:00+00:00,156.2209930419922
2026-09-06 23:00:00+00:00,156.1179962158203
2026-09-06 23:15:00+00:00,156.125
2026-09-06 23:30:00+00:00,156.15699768066406
2026-09-06 23:45:00+00:00,156.197998046875
2026-09-07 00:00:00+00:00,156.1269989013672
2026-09-07 00:15:00+00:00,155.89199829101562
2026-09-07 00:30:00+00:00,155.8800048828125
2026-09-07 00:45:00+00:00,155.88900756835938
2026-09-07 01:00:00+00:00,155.9510040283203
2026-09-07 01:15:00+00:00,156.0279998779297
2026-09-07 01:30:00+00:00,156.0500030517578
2026-09-07 01:45:00+00:00,156.02699279785156
2026-09-07 02:00:00+00:00,156.17599487304688
2026-09-07 02:15:00+00:00,156.1219940185547
2026-09-07 02:30:00+00:00,156.22799682617188
2026-09-07 02:45:00+00:00,156.18499755859375
2026-09-07 03:00:00+00:00,156.12600708007812
2026-09-07 03:15:00+00:00,156.0590057373047
2026-09-07 03:30:00+00:00,156.11500549316406
2026-09-07 03:45:00+00:00,156.0449981689453
2026-09-07 04:00:00+00:00,156.13800048828125
2026-09-07 04:15:00+00:00,156.16000366210938
2026-09-07 04:30:00+00:00,156.07899475097656
2026-09-07 04:45:00+00:00,156.03900146484375
2026-09-07 05:00:00+00:00,156.0679931640625
2026-09-07 05:15:00+00:00,156.03199768066406
2026-09-07 05:30:00+00:00,155.99099731445312
2026-09-07 05:45:00+00:00,155.7969970703125
2026-09-07 06:00:00+00:00,155.8560028076172
2026-09-07 06:15:00+00:00,155.68699645996094
2026-09-07 06:30:00+00:00,155.7050018310547
2026-09-07 06:45:00+00:00,155.86199951171875
2026-09-07 07:00:00+00:00,155.86099243164062
2026-09-07 07:15:00+00:00,155.66000366210938
2026-09-07 07:30:00+00:00,155.802001953125
2026-09-07 07:45:00+00:00,155.54400634765625
2026-09-07 08:00:00+00:00,154.70700073242188
2026-09-07 08:15:00+00:00,154.156005859375
2026-09-07 08:30:00+00:00,154.4320068359375
2026-09-07 08:45:00+00:00,154.4550018310547
2026-09-07 09:00:00+00:00,154.4530029296875
2026-09-07 09:15:00+00:00,154.23699951171875
2026-09-07 09:30:00+00:00,154.3939971923828
2026-09-07 09:45:00+00:00,154.49600219726562
2026-09-07 10:00:00+00:00,154.58900451660156
2026-09-07 10:15:00+00:00,154.66900634765625
2026-09-07 10:30:00+00:00,154.69400024414062
2026-09-07 10:45:00+00:00,154.64599609375
2026-09-07 11:00:00+00:00,154.71800231933594
2026-09-07 11:15:00+00:00,154.65699768066406
2026-09-07 11:30:00+00:00,154.66299438476562
2026-09-07 11:45:00+00:00,154.7270050048828
2026-09-07 12:00:00+00:00,154.76600646972656
2026-09-07 12:15:00+00:00,154.4770050048828
2026-09-07 12:30:00+00:00,154.25399780273438
2026-09-07 12:45:00+00:00,154.47999572753906
2026-09-07 13:00:00+00:00,154.3699951171875
2026-09-07 13:15:00+00:00,154.46600341796875
2026-09-07 13:30:00+00:00,154.4340057373047
2026-09-07 13:45:00+00:00,154.50799560546875
2026-09-07 14:00:00+00:00,154.48300170898438
2026-09-07 14:15:00+00:00,154.36099243164062
2026-09-07 14:30:00+00:00,154.38900756835938
2026-09-07 14:45:00+00:00,154.28399658203125
2026-09-07 15:00:00+00:00,154.343994140625
2026-09-07 15:15:00+00:00,154.26300048828125
2026-09-07 15:30:00+00:00,154.3179931640625
2026-09-07 15:45:00+00:00,154.38900756835938
2026-09-07 16:00:00+00:00,154.38699340820312
2026-09-07 16:15:00+00:00,154.36700439453125
2026-09-07 16:30:00+00:00,154.2760009765625
2026-09-07 16:45:00+00:00,154.28599548339844
2026-09-07 17:00:00+00:00,154.30099487304688
2026-09-07 17:15:00+00:00,154.3179931640625
2026-09-07 17:30:00+00:00,154.34800720214844
2026-09-07 17:45:00+00:00,154.3459930419922
2026-09-07 18:00:00+00:00,154.35499572753906
2026-09-07 18:15:00+00:00,154.35299682617188
2026-09-07 18:30:00+00:00,154.34100341796875
2026-09-07 18:45:00+00:00,154.33399963378906
2026-09-07 19:00:00+00:00,154.3560028076172
2026-09-07 19:15:00+00:00,154.33599853515625
2026-09-07 19:30:00+00:00,154.35899353027344
2026-09-07 19:45:00+00:00,154.3509979248047
2026-09-07 20:00:00+00:00,154.36599731445312
2026-09-07 20:15:00+00:00,154.3520050048828
2026-09-07 20:30:00+00:00,154.3679962158203
2026-09-07 20:45:00+00:00,154.343994140625
2026-09-07 21:00:00+00:00,154.34100341796875
2026-09-07 21:15:00+00:00,154.31100463867188
2026-09-07 21:30:00+00:00,154.35400390625
2026-09-07 21:45:00+00:00,154.32899475097656
2026-09-07 22:00:00+00:00,154.36000061035156
2026-09-07 22:15:00+00:00,154.1580047607422
2026-09-07 22:30:00+00:00,154.22799682617188
2026-09-07 22:45:00+00:00,154.1649932861328
2026-09-07 23:00:00+00:00,153.96099853515625
2026-09-07 23:15:00+00:00,153.93800354003906
2026-09-07 23:30:00+00:00,153.89700317382812
2026-09-07 23:45:00+00:00,153.8179931640625
2026-09-08 00:00:00+00:00,153.72500610351562
2026-09-08 00:15:00+00:00,153.54200744628906
2026-09-08 00:30:00+00:00,153.76300048828125
2026-09-08 00:45:00+00:00,153.78900146484375
2026-09-08 01:00:00+00:00,153.67799377441406
2026-09-08 01:15:00+00:00,153.43699645996094
2026-09-08 01:30:00+00:00,153.52099609375
2026-09-08 01:45:00+00:00,153.3489990234375
2026-09-08 02:00:00+00:00,153.25399780273438
2026-09-08 02:15:00+00:00,153.0229949951172
2026-09-08 02:30:00+00:00,153.1179962158203
2026-09-08 02:45:00+00:00,153.34100341796875
2026-09-08 03:00:00+00:00,153.28700256347656
2026-09-08 03:15:00+00:00,153.28599548339844
2026-09-08 03:30:00+00:00,153.1790008544922
2026-09-08 03:45:00+00:00,153.32200622558594
2026-09-08 04:00:00+00:00,153.36099243164062
2026-09-08 04:15:00+00:00,153.48199462890625
2026-09-08 04:30:00+00:00,153.5189971923828
2026-09-08 04:45:00+00:00,153.46099853515625
2026-09-08 05:00:00+00:00,153.32400512695312
2026-09-08 05:15:00+00:00,153.53500366210938
2026-09-08 05:30:00+00:00,153.43099975585938
2026-09-08 05:45:00+00:00,153.3159942626953
2026-09-08 06:00:00+00:00,153.50999450683594
2026-09-08 06:15:00+00:00,153.72799682617188
2026-09-08 06:30:00+00:00,153.73599243164062
2026-09-08 06:45:00+00:00,153.77699279785156
2026-09-08 07:00:00+00:00,153.93800354003906
2026-09-08 07:15:00+00:00,153.82400512695312
2026-09-08 07:30:00+00:00,153.86500549316406
2026-09-08 07:45:00+00:00,153.8000030517578
2026-09-08 08:00:00+00:00,153.93600463867188
2026-09-08 08:15:00+00:00,153.88400268554688
2026-09-08 08:30:00+00:00,154.15199279785156
2026-09-08 08:45:00+00:00,154.1649932861328
2026-09-08 09:00:00+00:00,154.11599731445312
2026-09-08 09:15:00+00:00,154.0019989013672
2026-09-08 09:30:00+00:00,153.9510040283203
2026-09-08 09:45:00+00:00,153.91299438476562
2026-09-08 10:00:00+00:00,154.04299926757812
2026-09-08 10:15:00+00:00,154.10000610351562
2026-09-08 10:30:00+00:00,154.19500732421875
2026-09-08 10:45:00+00:00,154.24099731445312
2026-09-08 11:00:00+00:00,154.343994140625
2026-09-08 11:15:00+00:00,154.2239990234375
2026-09-08 11:30:00+00:00,154.2469940185547
2026-09-08 11:45:00+00:00,154.25599670410156
2026-09-08 12:00:00+00:00,154.21499633789062
2026-09-08 12:15:00+00:00,153.96200561523438
2026-09-08 12:30:00+00:00,153.9669952392578
2026-09-08 12:45:00+00:00,153.80499267578125
2026-09-08 13:00:00+00:00,153.8520050048828
2026-09-08 13:15:00+00:00,153.77999877929688
2026-09-08 13:30:00+00:00,153.88299560546875
2026-09-08 13:45:00+00:00,153.80499267578125
2026-09-08 14:00:00+00:00,154.1199951171875
2026-09-08 14:15:00+00:00,154.0500030517578
2026-09-08 14:30:00+00:00,154.01699829101562
2026-09-08 14:45:00+00:00,154.0019989013672
2026-09-08 15:00:00+00:00,154.19400024414062
2026-09-08 15:15:00+00:00,154.20599365234375
2026-09-08 15:30:00+00:00,154.20599365234375
2026-09-08 15:45:00+00:00,154.24400329589844
2026-09-08 16:00:00+00:00,154.31199645996094
2026-09-08 16:15:00+00:00,154.28900146484375
2026-09-08 16:30:00+00:00,154.30499267578125
2026-09-08 16:45:00+00:00,154.27499389648438
2026-09-08 17:00:00+00:00,154.24899291992188
2026-09-08 17:15:00+00:00,154.24099731445312
2026-09-08 17:30:00+00:00,154.27999877929688
2026-09-08 17:45:00+00:00,154.21800231933594
2026-09-08 18:00:00+00:00,154.33900451660156
2026-09-08 18:15:00+00:00,154.23699951171875
2026-09-08 18:30:00+00:00,154.07400512695312
2026-09-08 18:45:00+00:00,153.58200073242188
2026-09-08 19:00:00+00:00,153.86000061035156
2026-09-08 19:15:00+00:00,153.947998046875
2026-09-08 19:30:00+00:00,153.88099670410156
2026-09-08 19:45:00+00:00,153.9810028076172
2026-09-08 20:00:00+00:00,153.9709930419922
2026-09-08 20:15:00+00:00,153.99400329589844
2026-09-08 20:30:00+00:00,153.98899841308594
2026-09-08 20:45:00+00:00,153.95700073242188
2026-09-08 21:00:00+00:00,153.97500610351562
2026-09-08 21:15:00+00:00,153.9080047607422
2026-09-08 21:30:00+00:00,153.86099243164062
2026-09-08 21:45:00+00:00,153.8509979248047
2026-09-08 22:00:00+00:00,153.74600219726562
2026-09-08 22:15:00+00:00,153.6510009765625
2026-09-08 22:30:00+00:00,153.72999572753906
2026-09-08 22:45:00+00:00,153.7480010986328
2026-09-08 23:00:00+00:00,153.55999755859375
2026-09-08 23:15:00+00:00,153.5489959716797
2026-09-08 23:30:00+00:00,153.49099731445312
2026-09-08 23:45:00+00:00,153.44400024414062
2026-09-09 00:00:00+00:00,153.32400512695312
2026-09-09 00:15:00+00:00,153.35400390625
2026-09-09 00:30:00+00:00,153.6219940185547
2026-09-09 00:45:00+00:00,153.5659942626953
2026-09-09 01:00:00+00:00,153.71600341796875
2026-09-09 01:15:00+00:00,153.79200744628906
2026-09-09 01:30:00+00:00,153.69900512695312
2026-09-09 01:45:00+00:00,153.552001953125
2026-09-09 02:00:00+00:00,153.58700561523438
2026-09-09 02:15:00+00:00,153.66400146484375
2026-09-09 02:30:00+00:00,153.56500244140625
2026-09-09 02:45:00+00:00,153.50999450683594
2026-09-09 03:00:00+00:00,153.5709991455078
2026-09-09 03:15:00+00:00,153.53700256347656
2026-09-09 03:30:00+00:00,153.38299560546875
2026-09-09 03:45:00+00:00,153.44700622558594
2026-09-09 04:00:00+00:00,153.36700439453125
2026-09-09 04:15:00+00:00,153.32000732421875
2026-09-09 04:30:00+00:00,153.38299560546875
2026-09-09 04:45:00+00:00,153.46499633789062
2026-09-09 05:00:00+00:00,153.44400024414062
2026-09-09 05:15:00+00:00,153.3040008544922
2026-09-09 05:30:00+00:00,153.35800170898438
2026-09-09 05:45:00+00:00,153.3000030517578
2026-09-09 06:00:00+00:00,153.08900451660156
2026-09-09 06:15:00+00:00,153.13800048828125
2026-09-09 06:30:00+00:00,153.3719940185547
2026-09-09 06:45:00+00:00,153.33799743652344
2026-09-09 07:00:00+00:00,153.1490020751953
2026-09-09 07:15:00+00:00,153.29299926757812
2026-09-09 07:30:00+00:00,153.1649932861328
2026-09-09 07:45:00+00:00,153.10299682617188
2026-09-09 08:00:00+00:00,153.3300018310547
2026-09-09 08:15:00+00:00,153.54200744628906
2026-09-09 08:30:00+00:00,153.5989990234375
2026-09-09 08:45:00+00:00,153.65499877929688
2026-09-09 09:00:00+00:00,153.56300354003906
2026-09-09 09:15:00+00:00,153.4709930419922
2026-09-09 09:30:00+00:00,153.42100524902344
2026-09-09 09:45:00+00:00,153.6479949951172
2026-09-09 10:00:00+00:00,153.6580047607422
2026-09-09 10:15:00+00:00,153.56199645996094
2026-09-09 10:30:00+00:00,153.60899353027344
2026-09-09 10:45:00+00:00,153.5489959716797
2026-09-09 11:00:00+00:00,153.45700073242188
2026-09-09 11:15:00+00:00,153.322998046875
2026-09-09 11:30:00+00:00,153.36599731445312
2026-09-09 11:45:00+00:00,153.22500610351562
2026-09-09 12:00:00+00:00,153.27999877929688
2026-09-09 12:15:00+00:00,153.42799377441406
2026-09-09 12:30:00+00:00,153.375
2026-09-09 12:45:00+00:00,153.33399963378906
2026-09-09 13:00:00+00:00,153.25599670410156
2026-09-09 13:15:00+00:00,153.33200073242188
2026-09-09 13:30:00+00:00,153.35699462890625
2026-09-09 13:45:00+00:00,153.2790069580078
2026-09-09 14:00:00+00:00,153.10699462890625
2026-09-09 14:15:00+00:00,153.22799682617188
2026-09-09 14:30:00+00:00,153.30799865722656
2026-09-09 14:45:00+00:00,153.19700622558594
2026-09-09 15:00:00+00:00,153.76400756835938
2026-09-09 15:15:00+00:00,153.57000732421875
2026-09-09 15:30:00+00:00,153.44700622558594
2026-09-09 15:45:00+00:00,153.53399658203125
2026-09-09 16:00:00+00:00,153.52099609375
2026-09-09 16:15:00+00:00,153.61000061035156
2026-09-09 16:30:00+00:00,153.52699279785156
2026-09-09 16:45:00+00:00,153.5709991455078
2026-09-09 17:00:00+00:00,153.49099731445312
2026-09-09 17:15:00+00:00,153.51100158691406
2026-09-09 17:30:00+00:00,153.4759979248047
2026-09-09 17:45:00+00:00,153.4669952392578
2026-09-09 18:00:00+00:00,153.47500610351562
2026-09-09 18:15:00+00:00,153.4810028076172
2026-09-09 18:30:00+00:00,153.59100341796875
2026-09-09 18:45:00+00:00,153.59300231933594
2026-09-09 19:00:00+00:00,153.7259979248047
2026-09-09 19:15:00+00:00,153.64999389648438
2026-09-09 19:30:00+00:00,153.61399841308594
2026-09-09 19:45:00+00:00,153.6320037841797
2026-09-09 20:00:00+00:00,153.64300537109375
2026-09-09 20:15:00+00:00,153.60899353027344
2026-09-09 20:30:00+00:00,153.54600524902344
2026-09-09 20:45:00+00:00,153.54600524902344
2026-09-09 21:00:00+00:00,153.53199768066406
2026-09-09 21:15:00+00:00,153.55999755859375
2026-09-09 21:30:00+00:00,153.531005859375
2026-09-09 21:45:00+00:00,153.53500366210938
2026-09-09 22:00:00+00:00,153.50999450683594
2026-09-09 22:15:00+00:00,153.38299560546875
2026-09-09 22:30:00+00:00,153.33299255371094
2026-09-09 22:45:00+00:00,153.33299255371094
2026-09-09 23:00:00+00:00,153.3260040283203
2026-09-09 23:15:00+00:00,153.3719940185547
2026-09-09 23:30:00+00:00,153.43800354003906
2026-09-09 23:45:00+00:00,153.5290069580078
2026-09-10 00:00:00+00:00,153.52699279785156
2026-09-10 00:15:00+00:00,153.63499450683594
2026-09-10 00:30:00+00:00,153.64700317382812
2026-09-10 00:45:00+00:00,153.697998046875
2026-09-10 01:00:00+00:00,153.58999633789062
2026-09-10 01:15:00+00:00,153.68800354003906
2026-09-10 01:30:00+00:00,153.7030029296875
2026-09-10 01:45:00+00:00,153.43299865722656
2026-09-10 02:00:00+00:00,153.4340057373047
2026-09-10 02:15:00+00:00,153.53599548339844
2026-09-10 02:30:00+00:00,153.53599548339844
2026-09-10 02:45:00+00:00,153.40699768066406
2026-09-10 03:00:00+00:00,153.45899963378906
2026-09-10 03:15:00+00:00,153.43099975585938
2026-09-10 03:30:00+00:00,153.4510040283203
2026-09-10 03:45:00+00:00,153.38299560546875
2026-09-10 04:00:00+00:00,153.32200622558594
2026-09-10 04:15:00+00:00,153.427001953125
2026-09-10 04:30:00+00:00,153.41400146484375
2026-09-10 04:45:00+00:00,153.46499633789062
2026-09-10 05:00:00+00:00,153.44500732421875
2026-09-10 05:15:00+00:00,153.4429931640625
2026-09-10 05:30:00+00:00,153.656005859375
2026-09-10 05:45:00+00:00,153.60400390625
2026-09-10 06:00:00+00:00,153.55999755859375
2026-09-10 06:15:00+00:00,153.531005859375
2026-09-10 06:30:00+00:00,153.60899353027344
2026-09-10 06:45:00+00:00,153.4149932861328
2026-09-10 07:00:00+00:00,153.5449981689453
2026-09-10 07:15:00+00:00,153.41000366210938
2026-09-10 07:30:00+00:00,153.40899658203125
2026-09-10 07:45:00+00:00,153.38900756835938
2026-09-10 08:00:00+00:00,153.57200622558594
2026-09-10 08:15:00+00:00,153.572998046875
2026-09-10 08:30:00+00:00,153.64500427246094
2026-09-10 08:45:00+00:00,153.62100219726562
2026-09-10 09:00:00+00:00,153.61500549316406
2026-09-10 09:15:00+00:00,153.71099853515625
2026-09-10 09:30:00+00:00,153.66400146484375
2026-09-10 09:45:00+00:00,153.69400024414062
2026-09-10 10:00:00+00:00,153.71600341796875
2026-09-10 10:15:00+00:00,153.86900329589844
2026-09-10 10:30:00+00:00,154.1280059814453
2026-09-10 10:45:00+00:00,154.06900024414062
2026-09-10 11:00:00+00:00,154.1540069580078
2026-09-10 11:15:00+00:00,154.10899353027344
2026-09-10 11:30:00+00:00,154.0679931640625
2026-09-10 11:45:00+00:00,154.15199279785156
2026-09-10 12:00:00+00:00,154.30499267578125
2026-09-10 12:15:00+00:00,154.35800170898438
2026-09-10 12:30:00+00:00,154.41600036621094
2026-09-10 12:45:00+00:00,154.34500122070312
2026-09-10 13:00:00+00:00,154.23800659179688
2026-09-10 13:15:00+00:00,154.21600341796875
2026-09-10 13:30:00+00:00,154.15199279785156
2026-09-10 13:45:00+00:00,154.04200744628906
2026-09-10 14:00:00+00:00,153.8979949951172
2026-09-10 14:15:00+00:00,153.96499633789062
2026-09-10 14:30:00+00:00,154.031005859375
2026-09-10 14:45:00+00:00,153.88499450683594
2026-09-10 15:00:00+00:00,153.92999267578125
2026-09-10 15:15:00+00:00,154.0279998779297
2026-09-10 15:30:00+00:00,154.0469970703125
2026-09-10 15:45:00+00:00,154.05999755859375
2026-09-10 16:00:00+00:00,154.1909942626953
2026-09-10 16:15:00+00:00,154.27200317382812
2026-09-10 16:30:00+00:00,154.3419952392578
2026-09-10 16:45:00+00:00,154.2689971923828
2026-09-10 17:00:00+00:00,154.26800537109375
2026-09-10 17:15:00+00:00,154.25799560546875
2026-09-10 17:30:00+00:00,154.31199645996094
2026-09-10 17:45:00+00:00,154.2519989013672
2026-09-10 18:00:00+00:00,154.38099670410156
2026-09-10 18:15:00+00:00,154.35000610351562
2026-09-10 18:30:00+00:00,154.322998046875
2026-09-10 18:45:00+00:00,154.31700134277344
2026-09-10 19:00:00+00:00,154.37899780273438
2026-09-10 19:15:00+00:00,154.33399963378906
2026-09-10 19:30:00+00:00,154.33299255371094
2026-09-10 19:45:00+00:00,154.33999633789062
2026-09-10 20:00:00+00:00,154.38699340820312
2026-09-10 20:15:00+00:00,154.42300415039062
2026-09-10 20:30:00+00:00,154.43299865722656
2026-09-10 20:45:00+00:00,154.41099548339844
2026-09-10 21:00:00+00:00,154.34500122070312
2026-09-10 21:15:00+00:00,154.36099243164062
2026-09-10 21:30:00+00:00,154.375
2026-09-10 21:45:00+00:00,154.36599731445312
2026-09-10 22:00:00+00:00,154.51600646972656
2026-09-10 22:15:00+00:00,154.43600463867188
2026-09-10 22:30:00+00:00,154.406005859375
2026-09-10 22:45:00+00:00,154.38299560546875
2026-09-10 23:00:00+00:00,154.427001953125
2026-09-10 23:15:00+00:00,154.53399658203125
2026-09-10 23:30:00+00:00,154.5570068359375
2026-09-10 23:45:00+00:00,154.45599365234375
2026-09-11 00:00:00+00:00,154.43899536132812
2026-09-11 00:15:00+00:00,154.5019989013672
2026-09-11 00:30:00+00:00,154.50599670410156
2026-09-11 00:45:00+00:00,154.49600219726562
2026-09-11 01:00:00+00:00,154.33900451660156
2026-09-11 01:15:00+00:00,154.3179931640625
2026-09-11 01:30:00+00:00,154.3040008544922
2026-09-11 01:45:00+00:00,154.35000610351562
2026-09-11 02:00:00+00:00,154.43600463867188
2026-09-11 02:15:00+00:00,154.4739990234375
2026-09-11 02:30:00+00:00,154.4969940185547
2026-09-11 02:45:00+00:00,154.38600158691406
2026-09-11 03:00:00+00:00,154.3350067138672
2026-09-11 03:15:00+00:00,154.48399353027344
2026-09-11 03:30:00+00:00,154.45599365234375
2026-09-11 03:45:00+00:00,154.39300537109375
2026-09-11 04:00:00+00:00,154.33599853515625
2026-09-11 04:15:00+00:00,154.33299255371094
2026-09-11 04:30:00+00:00,154.302001953125
2026-09-11 04:45:00+00:00,154.33999633789062
2026-09-11 05:00:00+00:00,154.1790008544922
2026-09-11 05:15:00+00:00,154.16900634765625
2026-09-11 05:30:00+00:00,154.07899475097656
2026-09-11 05:45:00+00:00,154.052001953125
2026-09-11 06:00:00+00:00,154.0240020751953
2026-09-11 06:15:00+00:00,154.08799743652344
2026-09-11 06:30:00+00:00,154.11700439453125
2026-09-11 06:45:00+00:00,154.16799926757812
2026-09-11 07:00:00+00:00,154.16900634765625
2026-09-11 07:15:00+00:00,154.2100067138672
2026-09-11 07:30:00+00:00,154.25900268554688
2026-09-11 07:45:00+00:00,154.2169952392578
2026-09-11 08:00:00+00:00,154.31300354003906
2026-09-11 08:15:00+00:00,154.31199645996094
2026-09-11 08:30:00+00:00,154.0850067138672
2026-09-11 08:45:00+00:00,154.10000610351562
2026-09-11 09:00:00+00:00,154.13499450683594
2026-09-11 09:15:00+00:00,154.14500427246094
2026-09-11 09:30:00+00:00,154.14999389648438
2026-09-11 09:45:00+00:00,154.09800720214844
2026-09-11 10:00:00+00:00,154.08900451660156
2026-09-11 10:15:00+00:00,154.1179962158203
2026-09-11 10:30:00+00:00,154.07400512695312
2026-09-11 10:45:00+00:00,153.96600341796875
2026-09-11 11:00:00+00:00,153.95700073242188
2026-09-11 11:15:00+00:00,154.04100036621094
2026-09-11 11:30:00+00:00,153.8979949951172
2026-09-11 11:45:00+00:00,154.0229949951172
2026-09-11 12:00:00+00:00,153.9929962158203
2026-09-11 12:15:00+00:00,153.92100524902344
2026-09-11 12:30:00+00:00,153.6750030517578
2026-09-11 12:45:00+00:00,153.4530029296875
2026-09-11 13:00:00+00:00,153.5290069580078
2026-09-11 13:15:00+00:00,153.49600219726562
2026-09-11 13:30:00+00:00,153.46499633789062
2026-09-11 13:45:00+00:00,153.43099975585938
2026-09-11 14:00:00+00:00,153.4949951171875
2026-09-11 14:15:00+00:00,153.58399963378906
2026-09-11 14:30:00+00:00,153.6179962158203
2026-09-11 14:45:00+00:00,153.4810028076172
2026-09-11 15:00:00+00:00,153.57200622558594
2026-09-11 15:15:00+00:00,153.57699584960938
2026-09-11 15:30:00+00:00,153.66900634765625
2026-09-11 15:45:00+00:00,153.70399475097656
2026-09-11 16:00:00+00:00,153.7030029296875
2026-09-11 16:15:00+00:00,153.70399475097656
2026-09-11 16:30:00+00:00,153.6699981689453
2026-09-11 16:45:00+00:00,153.70399475097656
2026-09-11 17:00:00+00:00,153.70199584960938
2026-09-11 17:15:00+00:00,153.70799255371094
2026-09-11 17:30:00+00:00,153.7169952392578
2026-09-11 17:45:00+00:00,153.6929931640625
2026-09-11 18:00:00+00:00,153.6909942626953
2026-09-11 18:15:00+00:00,153.7169952392578
2026-09-11 18:30:00+00:00,153.72300720214844
2026-09-11 18:45:00+00:00,153.72300720214844
2026-09-11 19:00:00+00:00,153.72300720214844
2026-09-11 19:15:00+00:00,153.71200561523438
2026-09-11 19:30:00+00:00,153.7030029296875
2026-09-11 19:45:00+00:00,153.6820068359375
2026-09-11 20:00:00+00:00,153.6739959716797
2026-09-11 20:15:00+00:00,153.66400146484375
2026-09-11 20:30:00+00:00,153.73899841308594
2026-09-11 20:45:00+00:00,153.5540008544922
2026-09-13 23:00:00+00:00,153.6739959716797
2026-09-13 23:15:00+00:00,153.60400390625
2026-09-13 23:30:00+00:00,153.4810028076172
2026-09-13 23:45:00+00:00,153.41099548339844
2026-09-14 00:00:00+00:00,153.50799560546875
2026-09-14 00:15:00+00:00,153.65699768066406
2026-09-14 00:30:00+00:00,153.697998046875
2026-09-14 00:45:00+00:00,153.64500427246094
2026-09-14 01:00:00+00:00,153.82699584960938
2026-09-14 01:15:00+00:00,153.68800354003906
2026-09-14 01:30:00+00:00,153.6739959716797
2026-09-14 01:45:00+00:00,153.73199462890625
2026-09-14 02:00:00+00:00,153.82899475097656
2026-09-14 02:15:00+00:00,153.88400268554688
2026-09-14 02:30:00+00:00,154.0469970703125
2026-09-14 02:45:00+00:00,154.0229949951172
2026-09-14 03:00:00+00:00,154.1009979248047
2026-09-14 03:15:00+00:00,154.01800537109375
2026-09-14 03:30:00+00:00,154.06900024414062
2026-09-14 03:45:00+00:00,154.052001953125
2026-09-14 04:00:00+00:00,154.0290069580078
2026-09-14 04:15:00+00:00,154.0279998779297
2026-09-14 04:30:00+00:00,154.03599548339844
2026-09-14 04:45:00+00:00,154.02099609375
2026-09-14 05:00:00+00:00,154.02200317382812
2026-09-14 05:15:00+00:00,153.98599243164062
2026-09-14 05:30:00+00:00,154.04600524902344
2026-09-14 05:45:00+00:00,154.0240020751953
2026-09-14 06:00:00+00:00,154.1280059814453
2026-09-14 06:15:00+00:00,154.22000122070312
2026-09-14 06:30:00+00:00,154.2570037841797
2026-09-14 06:45:00+00:00,154.27499389648438
2026-09-14 07:00:00+00:00,154.2530059814453
2026-09-14 07:15:00+00:00,154.38900756835938
2026-09-14 07:30:00+00:00,154.32000732421875
2026-09-14 07:45:00+00:00,154.38800048828125
2026-09-14 08:00:00+00:00,154.468994140625
2026-09-14 08:15:00+00:00,154.51499938964844
2026-09-14 08:30:00+00:00,154.56900024414062
2026-09-14 08:45:00+00:00,154.55799865722656
2026-09-14 09:00:00+00:00,154.48199462890625
2026-09-14 09:15:00+00:00,154.4810028076172
2026-09-14 09:30:00+00:00,154.49000549316406
2026-09-14 09:45:00+00:00,154.54800415039062
2026-09-14 10:00:00+00:00,154.68299865722656
2026-09-14 10:15:00+00:00,154.57899475097656
2026-09-14 10:30:00+00:00,154.6269989013672
2026-09-14 10:45:00+00:00,154.5679931640625
2026-09-14 11:00:00+00:00,154.51100158691406
2026-09-14 11:15:00+00:00,154.49899291992188
2026-09-14 11:30:00+00:00,154.5330047607422
2026-09-14 11:45:00+00:00,154.57400512695312
2026-09-14 12:00:00+00:00,154.5760040283203
2026-09-14 12:15:00+00:00,154.677001953125
2026-09-14 12:30:00+00:00,154.7550048828125
2026-09-14 12:45:00+00:00,154.8560028076172
2026-09-14 13:00:00+00:00,154.81700134277344
2026-09-14 13:15:00+00:00,154.8719940185547
2026-09-14 13:30:00+00:00,154.86399841308594
2026-09-14 13:45:00+00:00,154.91799926757812
2026-09-14 14:00:00+00:00,154.75900268554688
2026-09-14 14:15:00+00:00,154.83999633789062
2026-09-14 14:30:00+00:00,154.71600341796875
2026-09-14 14:45:00+00:00,154.7169952392578
2026-09-14 15:00:00+00:00,154.60400390625
2026-09-14 15:15:00+00:00,154.57000732421875
2026-09-14 15:30:00+00:00,154.37399291992188
2026-09-14 15:45:00+00:00,154.4239959716797
2026-09-14 16:00:00+00:00,154.36099243164062
2026-09-14 16:15:00+00:00,154.38800048828125
2026-09-14 16:30:00+00:00,154.4080047607422
2026-09-14 16:45:00+00:00,154.32000732421875
2026-09-14 17:00:00+00:00,154.36399841308594
2026-09-14 17:15:00+00:00,154.39700317382812
2026-09-14 17:30:00+00:00,154.41099548339844
2026-09-14 17:45:00+00:00,154.39500427246094
2026-09-14 18:00:00+00:00,154.37100219726562
2026-09-14 18:15:00+00:00,154.2949981689453
2026-09-14 18:30:00+00:00,154.18499755859375
2026-09-14 18:45:00+00:00,154.02200317382812
2026-09-14 19:00:00+00:00,154.177001953125
2026-09-14 19:15:00+00:00,154.2530059814453
2026-09-14 19:30:00+00:00,154.28900146484375
2026-09-14 19:45:00+00:00,154.35000610351562
2026-09-14 20:00:00+00:00,154.37600708007812
2026-09-14 20:15:00+00:00,154.38999938964844
2026-09-14 20:30:00+00:00,154.39999389648438
2026-09-14 20:45:00+00:00,154.322998046875
2026-09-14 21:00:00+00:00,154.29200744628906
2026-09-14 21:15:00+00:00,154.28799438476562
2026-09-14 21:30:00+00:00,154.31199645996094
2026-09-14 21:45:00+00:00,154.3000030517578
2026-09-14 22:00:00+00:00,154.3350067138672
2026-09-14 22:15:00+00:00,154.3419952392578
2026-09-14 22:30:00+00:00,154.30599975585938
2026-09-14 22:45:00+00:00,154.2530059814453
2026-09-14 23:00:00+00:00,154.29299926757812
2026-09-14 23:15:00+00:00,154.36900329589844
2026-09-14 23:30:00+00:00,154.3730010986328
2026-09-14 23:45:00+00:00,154.4219970703125
2026-09-15 00:00:00+00:00,154.4980010986328
2026-09-15 00:15:00+00:00,154.57000732421875
2026-09-15 00:30:00+00:00,154.6009979248047
2026-09-15 00:45:00+00:00,154.66400146484375
2026-09-15 01:00:00+00:00,154.6199951171875
2026-09-15 01:15:00+00:00,154.7010040283203
2026-09-15 01:30:00+00:00,154.73500061035156
2026-09-15 01:45:00+00:00,154.74400329589844
2026-09-15 02:00:00+00:00,154.83399963378906
2026-09-15 02:15:00+00:00,154.84300231933594
2026-09-15 02:30:00+00:00,154.86700439453125
2026-09-15 02:45:00+00:00,154.78399658203125
2026-09-15 03:00:00+00:00,154.77000427246094
2026-09-15 03:15:00+00:00,154.7220001220703
2026-09-15 03:30:00+00:00,154.69700622558594
2026-09-15 03:45:00+00:00,154.6479949951172
2026-09-15 04:00:00+00:00,154.6529998779297
2026-09-15 04:15:00+00:00,154.73599243164062
2026-09-15 04:30:00+00:00,154.65899658203125
2026-09-15 04:45:00+00:00,154.73699951171875
2026-09-15 05:00:00+00:00,154.70399475097656
2026-09-15 05:15:00+00:00,154.8470001220703
2026-09-15 05:30:00+00:00,154.80099487304688
2026-09-15 05:45:00+00:00,154.80499267578125
2026-09-15 06:00:00+00:00,154.7220001220703
2026-09-15 06:15:00+00:00,154.7760009765625
2026-09-15 06:30:00+00:00,154.8730010986328
2026-09-15 06:45:00+00:00,154.906005859375
2026-09-15 07:00:00+00:00,154.88699340820312
2026-09-15 07:15:00+00:00,154.8719940185547
2026-09-15 07:30:00+00:00,154.822998046875
2026-09-15 07:45:00+00:00,154.88400268554688
2026-09-15 08:00:00+00:00,155.1060028076172
2026-09-15 08:15:00+00:00,154.88600158691406
2026-09-15 08:30:00+00:00,155.03599548339844
2026-09-15 08:45:00+00:00,154.9969940185547
2026-09-15 09:00:00+00:00,154.94200134277344
2026-09-15 09:15:00+00:00,154.99400329589844
2026-09-15 09:30:00+00:00,154.9709930419922
2026-09-15 09:45:00+00:00,154.91400146484375
2026-09-15 10:00:00+00:00,154.80299377441406
2026-09-15 10:15:00+00:00,154.8040008544922
2026-09-15 10:30:00+00:00,154.8040008544922
2026-09-15 10:45:00+00:00,154.84500122070312
2026-09-15 11:00:00+00:00,154.83700561523438
2026-09-15 11:15:00+00:00,154.7760009765625
2026-09-15 11:30:00+00:00,154.8040008544922
2026-09-15 11:45:00+00:00,154.8939971923828
2026-09-15 12:00:00+00:00,154.95399475097656
2026-09-15 12:15:00+00:00,154.9980010986328
2026-09-15 12:30:00+00:00,154.99899291992188
2026-09-15 12:45:00+00:00,154.96099853515625
2026-09-15 13:00:00+00:00,154.95700073242188
2026-09-15 13:15:00+00:00,155.06199645996094
2026-09-15 13:30:00+00:00,155.0229949951172
2026-09-15 13:45:00+00:00,154.97900390625
2026-09-15 14:00:00+00:00,154.9810028076172
2026-09-15 14:15:00+00:00,154.968994140625
2026-09-15 14:30:00+00:00,155.02499389648438
2026-09-15 14:45:00+00:00,155.0780029296875
2026-09-15 15:00:00+00:00,155.1300048828125
2026-09-15 15:15:00+00:00,155.11700439453125
2026-09-15 15:30:00+00:00,155.0709991455078
2026-09-15 15:45:00+00:00,155.1060028076172
2026-09-15 16:00:00+00:00,155.12100219726562
2026-09-15 16:15:00+00:00,155.08299255371094
2026-09-15 16:30:00+00:00,155.08099365234375
2026-09-15 16:45:00+00:00,155.06300354003906
2026-09-15 17:00:00+00:00,155.08900451660156
2026-09-15 17:15:00+00:00,155.17300415039062
2026-09-15 17:30:00+00:00,155.14999389648438
2026-09-15 17:45:00+00:00,155.16700744628906
2026-09-15 18:00:00+00:00,155.14100646972656
2026-09-15 18:15:00+00:00,155.09800720214844
2026-09-15 18:30:00+00:00,155.12899780273438
2026-09-15 18:45:00+00:00,155.08399963378906
2026-09-15 19:00:00+00:00,155.09500122070312
2026-09-15 19:15:00+00:00,155.1300048828125
2026-09-15 19:30:00+00:00,155.11399841308594
2026-09-15 19:45:00+00:00,155.1219940185547
2026-09-15 20:00:00+00:00,155.13400268554688
2026-09-15 20:15:00+00:00,155.1320037841797
2026-09-15 20:30:00+00:00,155.1300048828125
2026-09-15 20:45:00+00:00,155.1009979248047
2026-09-15 21:00:00+00:00,155.08999633789062
2026-09-15 21:15:00+00:00,155.0989990234375
2026-09-15 21:30:00+00:00,155.08999633789062
2026-09-15 21:45:00+00:00,155.0679931640625
2026-09-15 22:00:00+00:00,155.1020050048828
2026-09-15 22:15:00+00:00,155.06199645996094
2026-09-15 22:30:00+00:00,155.03399658203125
2026-09-15 22:45:00+00:00,155.0919952392578
2026-09-15 23:00:00+00:00,155.1790008544922
2026-09-15 23:15:00+00:00,155.16900634765625
2026-09-15 23:30:00+00:00,155.39500427246094
2026-09-15 23:45:00+00:00,155.28500366210938
2026-09-16 00:00:00+00:00,155.24099731445312
2026-09-16 00:15:00+00:00,155.2030029296875
2026-09-16 00:30:00+00:00,155.32000732421875
2026-09-16 00:45:00+00:00,155.3679962158203
2026-09-16 01:00:00+00:00,155.32200622558594
2026-09-16 01:15:00+00:00,155.44200134277344
2026-09-16 01:30:00+00:00,155.42599487304688
2026-09-16 01:45:00+00:00,155.41700744628906
2026-09-16 02:00:00+00:00,155.32699584960938
2026-09-16 02:15:00+00:00,155.3459930419922
2026-09-16 02:30:00+00:00,155.2989959716797
2026-09-16 02:45:00+00:00,155.24200439453125
2026-09-16 03:00:00+00:00,155.27000427246094
2026-09-16 03:15:00+00:00,155.33200073242188
2026-09-16 03:30:00+00:00,155.3560028076172
2026-09-16 03:45:00+00:00,155.36900329589844
2026-09-16 04:00:00+00:00,155.34800720214844
2026-09-16 04:15:00+00:00,155.3179931640625
2026-09-16 04:30:00+00:00,155.31399536132812
2026-09-16 04:45:00+00:00,155.2969970703125
2026-09-16 05:00:00+00:00,155.302001953125
2026-09-16 05:15:00+00:00,155.25900268554688
2026-09-16 05:30:00+00:00,155.25799560546875
2026-09-16 05:45:00+00:00,155.1840057373047
2026-09-16 06:00:00+00:00,155.0540008544922
2026-09-16 06:15:00+00:00,155.1060028076172
2026-09-16 06:30:00+00:00,155.08900451660156
2026-09-16 06:45:00+00:00,154.9669952392578
2026-09-16 07:00:00+00:00,154.9199981689453
2026-09-16 07:15:00+00:00,154.9199981689453
2026-09-16 07:30:00+00:00,154.9530029296875
2026-09-16 07:45:00+00:00,154.97799682617188
2026-09-16 08:00:00+00:00,155.04600524902344
2026-09-16 08:15:00+00:00,155.01100158691406
2026-09-16 08:30:00+00:00,155.0260009765625
2026-09-16 08:45:00+00:00,155.10400390625
2026-09-16 09:00:00+00:00,155.09300231933594
2026-09-16 09:15:00+00:00,155.0709991455078
2026-09-16 09:30:00+00:00,155.04200744628906
2026-09-16 09:45:00+00:00,155.13299560546875
2026-09-16 10:00:00+00:00,155.1280059814453
2026-09-16 10:15:00+00:00,155.1750030517578
2026-09-16 10:30:00+00:00,155.11099243164062
2026-09-16 10:45:00+00:00,155.11500549316406
2026-09-16 11:00:00+00:00,155.13699340820312
2026-09-16 11:15:00+00:00,155.0279998779297
2026-09-16 11:30:00+00:00,155.03700256347656
2026-09-16 11:45:00+00:00,155.03199768066406
2026-09-16 12:00:00+00:00,155.0679931640625
2026-09-16 12:15:00+00:00,155.14999389648438
2026-09-16 12:30:00+00:00,155.16600036621094
2026-09-16 12:45:00+00:00,155.21499633789062
2026-09-16 13:00:00+00:00,155.21600341796875
2026-09-16 13:15:00+00:00,155.2899932861328
2026-09-16 13:30:00+00:00,155.2429962158203
2026-09-16 13:45:00+00:00,155.2790069580078
2026-09-16 14:00:00+00:00,155.20799255371094
2026-09-16 14:15:00+00:00,155.1719970703125
2026-09-16 14:30:00+00:00,155.06700134277344
2026-09-16 14:45:00+00:00,155.08099365234375
2026-09-16 15:00:00+00:00,155.00599670410156
2026-09-16 15:15:00+00:00,155.08700561523438
2026-09-16 15:30:00+00:00,155.08399963378906
2026-09-16 15:45:00+00:00,155.08099365234375
2026-09-16 16:00:00+00:00,155.20399475097656
2026-09-16 16:15:00+00:00,155.17599487304688
2026-09-16 16:30:00+00:00,155.10899353027344
2026-09-16 16:45:00+00:00,155.11300659179688
2026-09-16 17:00:00+00:00,155.1199951171875
2026-09-16 17:15:00+00:00,155.10000610351562
2026-09-16 17:30:00+00:00,155.14500427246094
2026-09-16 17:45:00+00:00,154.99000549316406
2026-09-16 18:00:00+00:00,155.4290008544922
2026-09-16 18:15:00+00:00,155.50399780273438
2026-09-16 18:30:00+00:00,155.7010040283203
2026-09-16 18:45:00+00:00,155.9219970703125
2026-09-16 19:00:00+00:00,155.9409942626953
2026-09-16 19:15:00+00:00,156.17599487304688
2026-09-16 19:30:00+00:00,156.11199951171875
2026-09-16 19:45:00+00:00,156.16299438476562
2026-09-16 20:00:00+00:00,156.2550048828125
2026-09-16 20:15:00+00:00,156.3769989013672
2026-09-16 20:30:00+00:00,156.34800720214844
2026-09-16 20:45:00+00:00,156.2429962158203
2026-09-16 21:00:00+00:00,156.20899963378906
2026-09-16 21:15:00+00:00,156.20399475097656
2026-09-16 21:30:00+00:00,156.19000244140625
2026-09-16 21:45:00+00:00,156.22900390625
2026-09-16 22:00:00+00:00,156.30099487304688
2026-09-16 22:15:00+00:00,156.218994140625
2026-09-16 22:30:00+00:00,156.2270050048828
2026-09-16 22:45:00+00:00,156.2270050048828
2026-09-16 23:00:00+00:00,156.16700744628906
2026-09-16 23:15:00+00:00,156.1750030517578
2026-09-16 23:30:00+00:00,156.13400268554688
2026-09-16 23:45:00+00:00,156.04100036621094
2026-09-17 00:00:00+00:00,155.9239959716797
2026-09-17 00:15:00+00:00,156.04600524902344
2026-09-17 00:30:00+00:00,156.04400634765625
2026-09-17 00:45:00+00:00,156.20799255371094
2026-09-17 01:00:00+00:00,156.16799926757812
2026-09-17 01:15:00+00:00,156.06900024414062
2026-09-17 01:30:00+00:00,156.14100646972656
2026-09-17 01:45:00+00:00,156.16200256347656
2026-09-17 02:00:00+00:00,156.12899780273438
2026-09-17 02:15:00+00:00,156.20599365234375
2026-09-17 02:30:00+00:00,156.22999572753906
2026-09-17 02:45:00+00:00,156.18800354003906
2026-09-17 03:00:00+00:00,156.0449981689453
2026-09-17 03:15:00+00:00,156.1219940185547
2026-09-17 03:30:00+00:00,156.09100341796875
2026-09-17 03:45:00+00:00,156.11599731445312
2026-09-17 04:00:00+00:00,156.11599731445312
2026-09-17 04:15:00+00:00,156.06399536132812
2026-09-17 04:30:00+00:00,156.0540008544922
2026-09-17 04:45:00+00:00,156.02699279785156
2026-09-17 05:00:00+00:00,155.96600341796875
2026-09-17 05:15:00+00:00,155.95199584960938
2026-09-17 05:30:00+00:00,155.83799743652344
2026-09-17 05:45:00+00:00,155.7030029296875
2026-09-17 06:00:00+00:00,155.7270050048828
2026-09-17 06:15:00+00:00,155.5780029296875
2026-09-17 06:30:00+00:00,155.60899353027344
2026-09-17 06:45:00+00:00,155.63400268554688
2026-09-17 07:00:00+00:00,155.60699462890625
2026-09-17 07:15:00+00:00,155.61000061035156
2026-09-17 07:30:00+00:00,155.69900512695312
2026-09-17 07:45:00+00:00,155.67300415039062
2026-09-17 08:00:00+00:00,155.8260040283203
2026-09-17 08:15:00+00:00,155.80599975585938
2026-09-17 08:30:00+00:00,155.79200744628906
2026-09-17 08:45:00+00:00,155.75799560546875
2026-09-17 09:00:00+00:00,155.66099548339844
2026-09-17 09:15:00+00:00,155.6199951171875
2026-09-17 09:30:00+00:00,155.6269989013672
2026-09-17 09:45:00+00:00,155.73899841308594
2026-09-17 10:00:00+00:00,155.66900634765625
2026-09-17 10:15:00+00:00,155.62100219726562
2026-09-17 10:30:00+00:00,155.5749969482422
2026-09-17 10:45:00+00:00,155.64700317382812
2026-09-17 11:00:00+00:00,155.64300537109375
2026-09-17 11:15:00+00:00,155.81399536132812
2026-09-17 11:30:00+00:00,155.80999755859375
2026-09-17 11:45:00+00:00,155.8719940185547
2026-09-17 12:00:00+00:00,155.63099670410156
2026-09-17 12:15:00+00:00,155.3280029296875
2026-09-17 12:30:00+00:00,155.6649932861328
2026-09-17 12:45:00+00:00,155.5800018310547
2026-09-17 13:00:00+00:00,155.6540069580078
2026-09-17 13:15:00+00:00,155.73699951171875
2026-09-17 13:30:00+00:00,155.7760009765625
2026-09-17 13:45:00+00:00,155.6649932861328
2026-09-17 14:00:00+00:00,155.64599609375
2026-09-17 14:15:00+00:00,155.70599365234375
2026-09-17 14:30:00+00:00,155.67100524902344
2026-09-17 14:45:00+00:00,155.72999572753906
2026-09-17 15:00:00+00:00,155.73899841308594
2026-09-17 15:15:00+00:00,155.80499267578125
2026-09-17 15:30:00+00:00,155.8520050048828
2026-09-17 15:45:00+00:00,155.85000610351562
2026-09-17 16:00:00+00:00,155.8769989013672
2026-09-17 16:15:00+00:00,155.94700622558594
2026-09-17 16:30:00+00:00,155.9429931640625
2026-09-17 16:45:00+00:00,156.052001953125
2026-09-17 17:00:00+00:00,156.07200622558594
2026-09-17 17:15:00+00:00,156.0279998779297
2026-09-17 17:30:00+00:00,155.99400329589844
2026-09-17 17:45:00+00:00,155.99600219726562
2026-09-17 18:00:00+00:00,156.00799560546875
2026-09-17 18:15:00+00:00,156.04800415039062
2026-09-17 18:30:00+00:00,156.0189971923828
2026-09-17 18:45:00+00:00,156.031005859375
2026-09-17 19:00:00+00:00,155.98800659179688
2026-09-17 19:15:00+00:00,155.98399353027344
2026-09-17 19:30:00+00:00,155.947998046875
2026-09-17 19:45:00+00:00,155.9810028076172
2026-09-17 20:00:00+00:00,156.01499938964844
2026-09-17 20:15:00+00:00,155.95899963378906
2026-09-17 20:30:00+00:00,155.947998046875
2026-09-17 20:45:00+00:00,155.9340057373047
2026-09-17 21:00:00+00:00,155.93899536132812
2026-09-17 21:15:00+00:00,155.91099548339844
2026-09-17 21:30:00+00:00,155.94400024414062
2026-09-17 21:45:00+00:00,155.94700622558594
2026-09-17 22:00:00+00:00,155.98399353027344
2026-09-17 22:15:00+00:00,155.99200439453125
2026-09-17 22:30:00+00:00,155.98899841308594
2026-09-17 22:45:00+00:00,155.94200134277344
2026-09-17 23:00:00+00:00,155.8800048828125
2026-09-17 23:15:00+00:00,155.9810028076172
2026-09-17 23:30:00+00:00,156.05099487304688
2026-09-17 23:45:00+00:00,156.14599609375
2026-09-18 00:00:00+00:00,156.177001953125
2026-09-18 00:15:00+00:00,156.19700622558594
2026-09-18 00:30:00+00:00,156.26100158691406
2026-09-18 00:45:00+00:00,156.17300415039062
2026-09-18 01:00:00+00:00,156.21400451660156
2026-09-18 01:15:00+00:00,156.2790069580078
2026-09-18 01:30:00+00:00,156.28700256347656
2026-09-18 01:45:00+00:00,156.21800231933594
2026-09-18 02:00:00+00:00,156.27499389648438
2026-09-18 02:15:00+00:00,156.1699981689453
2026-09-18 02:30:00+00:00,156.1699981689453
2026-09-18 02:45:00+00:00,156.63900756835938
2026-09-18 03:00:00+00:00,156.8459930419922
2026-09-18 03:15:00+00:00,156.93899536132812
2026-09-18 03:30:00+00:00,157.12600708007812
2026-09-18 03:45:00+00:00,157.04100036621094
2026-09-18 04:00:00+00:00,157.0030059814453
2026-09-18 04:15:00+00:00,156.9739990234375
2026-09-18 04:30:00+00:00,157.08299255371094
2026-09-18 04:45:00+00:00,157.13400268554688
2026-09-18 05:00:00+00:00,157.23800659179688
2026-09-18 05:15:00+00:00,157.2989959716797
2026-09-18 05:30:00+00:00,157.1320037841797
2026-09-18 05:45:00+00:00,157.18699645996094
2026-09-18 06:00:00+00:00,157.1540069580078
2026-09-18 06:15:00+00:00,157.11599731445312
2026-09-18 06:30:00+00:00,156.79100036621094
2026-09-18 06:45:00+00:00,156.86300659179688
2026-09-18 07:00:00+00:00,157.02999877929688
2026-09-18 07:15:00+00:00,157.281005859375
2026-09-18 07:30:00+00:00,157.49200439453125
2026-09-18 07:45:00+00:00,157.48800659179688
2026-09-18 08:00:00+00:00,157.6529998779297
2026-09-18 08:15:00+00:00,157.79400634765625
2026-09-18 08:30:00+00:00,157.8350067138672
2026-09-18 08:45:00+00:00,157.79100036621094
2026-09-18 09:00:00+00:00,157.70700073242188
2026-09-18 09:15:00+00:00,157.8979949951172
2026-09-18 09:30:00+00:00,157.9929962158203
2026-09-18 09:45:00+00:00,157.9459991455078
2026-09-18 10:00:00+00:00,157.8730010986328
2026-09-18 10:15:00+00:00,157.91600036621094
2026-09-18 10:30:00+00:00,157.9720001220703
2026-09-18 10:45:00+00:00,157.75399780273438
2026-09-18 11:00:00+00:00,157.72799682617188
2026-09-18 11:15:00+00:00,157.7570037841797
2026-09-18 11:30:00+00:00,157.85400390625
2026-09-18 11:45:00+00:00,157.8260040283203
2026-09-18 12:00:00+00:00,157.89599609375
2026-09-18 12:15:00+00:00,157.90499877929688
2026-09-18 12:30:00+00:00,157.86500549316406
2026-09-18 12:45:00+00:00,157.6999969482422
2026-09-18 13:00:00+00:00,157.72500610351562
2026-09-18 13:15:00+00:00,157.79800415039062
2026-09-18 13:30:00+00:00,157.79299926757812
2026-09-18 13:45:00+00:00,157.86399841308594
2026-09-18 14:00:00+00:00,157.80599975585938
2026-09-18 14:15:00+00:00,157.875
2026-09-18 14:30:00+00:00,157.76600646972656
2026-09-18 14:45:00+00:00,157.4429931640625
2026-09-18 15:00:00+00:00,157.06100463867188
2026-09-18 15:15:00+00:00,156.96099853515625
2026-09-18 15:30:00+00:00,156.91299438476562
2026-09-18 15:45:00+00:00,156.875
2026-09-18 16:00:00+00:00,156.83700561523438
2026-09-18 16:15:00+00:00,156.6959991455078
2026-09-18 16:30:00+00:00,156.74200439453125
2026-09-18 16:45:00+00:00,156.78700256347656
2026-09-18 17:00:00+00:00,156.62600708007812
2026-09-18 17:15:00+00:00,156.7050018310547
2026-09-18 17:30:00+00:00,156.7010040283203
2026-09-18 17:45:00+00:00,156.66700744628906
2026-09-18 18:00:00+00:00,156.6999969482422
2026-09-18 18:15:00+00:00,156.6999969482422
2026-09-18 18:30:00+00:00,156.77200317382812
2026-09-18 18:45:00+00:00,156.67599487304688
2026-09-18 19:00:00+00:00,156.65499877929688
2026-09-18 19:15:00+00:00,156.68299865722656
2026-09-18 19:30:00+00:00,156.75
2026-09-18 19:45:00+00:00,156.72999572753906
2026-09-18 20:00:00+00:00,156.75100708007812
2026-09-18 20:15:00+00:00,156.76699829101562
2026-09-18 20:30:00+00:00,156.8560028076172
2026-09-18 20:45:00+00:00,156.84300231933594
2026-09-18 21:00:00+00:00,156.85499572753906
2026-09-20 23:00:00+00:00,156.9010009765625
2026-09-20 23:15:00+00:00,156.96600341796875
2026-09-20 23:30:00+00:00,157.0590057373047
2026-09-20 23:45:00+00:00,156.9810028076172
2026-09-21 00:00:00+00:00,156.90899658203125
2026-09-21 00:15:00+00:00,156.88900756835938
2026-09-21 00:30:00+00:00,156.76699829101562
2026-09-21 00:45:00+00:00,156.86199951171875
2026-09-21 01:00:00+00:00,156.72999572753906
2026-09-21 01:15:00+00:00,156.63999938964844
2026-09-21 01:30:00+00:00,156.65699768066406
2026-09-21 01:45:00+00:00,156.71400451660156
2026-09-21 02:00:00+00:00,156.80099487304688
2026-09-21 02:15:00+00:00,156.822998046875
2026-09-21 02:30:00+00:00,156.8000030517578
2026-09-21 02:45:00+00:00,156.8820037841797
2026-09-21 03:00:00+00:00,156.906005859375
2026-09-21 03:15:00+00:00,156.9290008544922
2026-09-21 03:30:00+00:00,156.91900634765625
2026-09-21 03:45:00+00:00,156.94400024414062
2026-09-21 04:00:00+00:00,157.0489959716797
2026-09-21 04:15:00+00:00,156.9969940185547
2026-09-21 04:30:00+00:00,156.98800659179688
2026-09-21 04:45:00+00:00,157.02000427246094
2026-09-21 05:00:00+00:00,157.02000427246094
2026-09-21 05:15:00+00:00,157.02000427246094
2026-09-21 05:30:00+00:00,157.06300354003906
2026-09-21 05:45:00+00:00,157.05599975585938
2026-09-21 06:00:00+00:00,157.03700256347656
2026-09-21 06:15:00+00:00,157.00399780273438
2026-09-21 06:30:00+00:00,157.01600646972656
2026-09-21 06:45:00+00:00,157.06100463867188
2026-09-21 07:00:00+00:00,157.177001953125
2026-09-21 07:15:00+00:00,157.1750030517578
2026-09-21 07:30:00+00:00,157.2519989013672
2026-09-21 07:45:00+00:00,157.26499938964844
2026-09-21 08:00:00+00:00,157.15499877929688
2026-09-21 08:15:00+00:00,157.13400268554688
2026-09-21 08:30:00+00:00,157.16799926757812
2026-09-21 08:45:00+00:00,157.23899841308594
2026-09-21 09:00:00+00:00,157.17100524902344
2026-09-21 09:15:00+00:00,157.23399353027344
2026-09-21 09:30:00+00:00,157.2899932861328
2026-09-21 09:45:00+00:00,157.25599670410156
2026-09-21 10:00:00+00:00,157.24200439453125
2026-09-21 10:15:00+00:00,157.21499633789062
2026-09-21 10:30:00+00:00,157.18299865722656
2026-09-21 10:45:00+00:00,157.27200317382812
2026-09-21 11:00:00+00:00,157.26199340820312
2026-09-21 11:15:00+00:00,157.21800231933594
2026-09-21 11:30:00+00:00,157.177001953125
2026-09-21 11:45:00+00:00,157.20599365234375
2026-09-21 12:00:00+00:00,157.23500061035156
2026-09-21 12:15:00+00:00,157.3489990234375
2026-09-21 12:30:00+00:00,157.26699829101562
2026-09-21 12:45:00+00:00,157.32400512695312
2026-09-21 13:00:00+00:00,157.3300018310547
2026-09-21 13:15:00+00:00,157.29400634765625
2026-09-21 13:30:00+00:00,157.3780059814453
2026-09-21 13:45:00+00:00,157.42799377441406
2026-09-21 14:00:00+00:00,157.39500427246094
2026-09-21 14:15:00+00:00,157.36000061035156
2026-09-21 14:30:00+00:00,157.39300537109375
2026-09-21 14:45:00+00:00,157.45899963378906
2026-09-21 15:00:00+00:00,157.43299865722656
2026-09-21 15:15:00+00:00,157.4739990234375
2026-09-21 15:30:00+00:00,157.4969940185547
2026-09-21 15:45:00+00:00,157.48500061035156
2026-09-21 16:00:00+00:00,157.35400390625
2026-09-21 16:15:00+00:00,157.38800048828125
2026-09-21 16:30:00+00:00,157.41000366210938
2026-09-21 16:45:00+00:00,157.4199981689453
2026-09-21 17:00:00+00:00,157.42599487304688
2026-09-21 17:15:00+00:00,157.41000366210938
2026-09-21 17:30:00+00:00,157.45799255371094
2026-09-21 17:45:00+00:00,157.46400451660156
2026-09-21 18:00:00+00:00,157.48300170898438
2026-09-21 18:15:00+00:00,157.468994140625
2026-09-21 18:30:00+00:00,157.48199462890625
2026-09-21 18:45:00+00:00,157.44500732421875
2026-09-21 19:00:00+00:00,157.41200256347656
2026-09-21 19:15:00+00:00,157.40499877929688
2026-09-21 19:30:00+00:00,157.36199951171875
2026-09-21 19:45:00+00:00,157.42100524902344
2026-09-21 20:00:00+00:00,157.4239959716797
2026-09-21 20:15:00+00:00,157.40499877929688
2026-09-21 20:30:00+00:00,157.39500427246094
2026-09-21 20:45:00+00:00,157.302001953125
2026-09-21 21:00:00+00:00,157.2469940185547
2026-09-21 21:15:00+00:00,157.33799743652344
2026-09-21 21:30:00+00:00,157.2530059814453
2026-09-21 21:45:00+00:00,157.31700134277344
2026-09-21 22:00:00+00:00,157.33399963378906
2026-09-21 22:15:00+00:00,157.34300231933594
2026-09-21 22:30:00+00:00,157.3350067138672
2026-09-21 22:45:00+00:00,157.31100463867188
2026-09-21 23:00:00+00:00,157.36300659179688
2026-09-21 23:15:00+00:00,157.36500549316406
2026-09-21 23:30:00+00:00,157.322998046875
2026-09-21 23:45:00+00:00,157.375
2026-09-22 00:00:00+00:00,157.36300659179688
2026-09-22 00:15:00+00:00,157.33999633789062
2026-09-22 00:30:00+00:00,157.2899932861328
2026-09-22 00:45:00+00:00,157.3470001220703
2026-09-22 01:00:00+00:00,157.41400146484375
2026-09-22 01:15:00+00:00,157.45399475097656
2026-09-22 01:30:00+00:00,157.49400329589844
2026-09-22 01:45:00+00:00,157.51800537109375
2026-09-22 02:00:00+00:00,157.4669952392578
2026-09-22 02:15:00+00:00,157.4459991455078
2026-09-22 02:30:00+00:00,157.42999267578125
2026-09-22 02:45:00+00:00,157.4929962158203
2026-09-22 03:00:00+00:00,157.5030059814453
2026-09-22 03:15:00+00:00,157.4669952392578
2026-09-22 03:30:00+00:00,157.45899963378906
2026-09-22 03:45:00+00:00,157.49000549316406
2026-09-22 04:00:00+00:00,157.51499938964844
2026-09-22 04:15:00+00:00,157.46499633789062
2026-09-22 04:30:00+00:00,157.48300170898438
2026-09-22 04:45:00+00:00,157.46200561523438
2026-09-22 05:00:00+00:00,157.4550018310547
2026-09-22 05:15:00+00:00,157.43299865722656
2026-09-22 05:30:00+00:00,157.47799682617188
2026-09-22 05:45:00+00:00,157.45599365234375
2026-09-22 06:00:00+00:00,157.6269989013672
2026-09-22 06:15:00+00:00,157.6300048828125
2026-09-22 06:30:00+00:00,157.64599609375
2026-09-22 06:45:00+00:00,157.60400390625
2026-09-22 07:00:00+00:00,157.70899963378906
2026-09-22 07:15:00+00:00,157.71299743652344
2026-09-22 07:30:00+00:00,157.68899536132812
2026-09-22 07:45:00+00:00,157.73699951171875
2026-09-22 08:00:00+00:00,157.73699951171875
2026-09-22 08:15:00+00:00,157.6840057373047
2026-09-22 08:30:00+00:00,157.07699584960938
2026-09-22 08:45:00+00:00,157.17100524902344
2026-09-22 09:00:00+00:00,157.2779998779297
2026-09-22 09:15:00+00:00,157.125
2026-09-22 09:30:00+00:00,157.0469970703125
2026-09-22 09:45:00+00:00,156.8679962158203
2026-09-22 10:00:00+00:00,157.01400756835938
2026-09-22 10:15:00+00:00,157.06100463867188
2026-09-22 10:30:00+00:00,156.9530029296875
2026-09-22 10:45:00+00:00,157.01800537109375
2026-09-22 11:00:00+00:00,157.17300415039062
2026-09-22 11:15:00+00:00,157.12600708007812
2026-09-22 11:30:00+00:00,157.1929931640625
2026-09-22 11:45:00+00:00,157.16000366210938
2026-09-22 12:00:00+00:00,157.19500732421875
2026-09-22 12:15:00+00:00,157.16000366210938
2026-09-22 12:30:00+00:00,157.2550048828125
2026-09-22 12:45:00+00:00,157.29600524902344
2026-09-22 13:00:00+00:00,157.25399780273438
2026-09-22 13:15:00+00:00,157.33799743652344
2026-09-22 13:30:00+00:00,157.2010040283203
2026-09-22 13:45:00+00:00,157.2779998779297
2026-09-22 14:00:00+00:00,157.29600524902344
2026-09-22 14:15:00+00:00,157.21299743652344
2026-09-22 14:30:00+00:00,157.36000061035156
2026-09-22 14:45:00+00:00,157.26800537109375
2026-09-22 15:00:00+00:00,157.343994140625
2026-09-22 15:15:00+00:00,157.38299560546875
2026-09-22 15:30:00+00:00,157.4770050048828
2026-09-22 15:45:00+00:00,157.552001953125
2026-09-22 16:00:00+00:00,157.58999633789062
2026-09-22 16:15:00+00:00,157.57899475097656
2026-09-22 16:30:00+00:00,157.51499938964844
2026-09-22 16:45:00+00:00,157.4550018310547
2026-09-22 17:00:00+00:00,157.51199340820312
2026-09-22 17:15:00+00:00,157.48800659179688
2026-09-22 17:30:00+00:00,157.4929962158203
2026-09-22 17:45:00+00:00,157.40899658203125
2026-09-22 18:00:00+00:00,157.36700439453125
2026-09-22 18:15:00+00:00,157.447998046875
2026-09-22 18:30:00+00:00,157.48500061035156
2026-09-22 18:45:00+00:00,157.49099731445312
2026-09-22 19:00:00+00:00,157.468994140625
2026-09-22 19:15:00+00:00,157.40499877929688
2026-09-22 19:30:00+00:00,157.33999633789062
2026-09-22 19:45:00+00:00,157.41600036621094
2026-09-22 20:00:00+00:00,157.38800048828125
2026-09-22 20:15:00+00:00,157.37100219726562
2026-09-22 20:30:00+00:00,157.3719940185547
2026-09-22 20:45:00+00:00,157.39500427246094
2026-09-22 21:00:00+00:00,157.35899353027344
2026-09-22 21:15:00+00:00,157.41299438476562
2026-09-22 21:30:00+00:00,157.36900329589844
2026-09-22 21:45:00+00:00,157.34300231933594
2026-09-22 22:00:00+00:00,157.44200134277344
2026-09-22 22:15:00+00:00,157.44200134277344
2026-09-22 22:30:00+00:00,157.43800354003906
2026-09-22 22:45:00+00:00,157.47000122070312
2026-09-22 23:00:00+00:00,157.46499633789062
2026-09-22 23:15:00+00:00,157.46499633789062
2026-09-22 23:30:00+00:00,157.46200561523438
2026-09-22 23:45:00+00:00,157.46099853515625
2026-09-23 00:00:00+00:00,157.50799560546875
2026-09-23 00:15:00+00:00,157.4759979248047
2026-09-23 00:30:00+00:00,157.52200317382812
2026-09-23 00:45:00+00:00,157.57899475097656
2026-09-23 01:00:00+00:00,157.56100463867188
2026-09-23 01:15:00+00:00,157.6479949951172
2026-09-23 01:30:00+00:00,157.62399291992188
2026-09-23 01:45:00+00:00,157.5760040283203
2026-09-23 02:00:00+00:00,157.61700439453125
2026-09-23 02:15:00+00:00,157.61000061035156
2026-09-23 02:30:00+00:00,157.61700439453125
2026-09-23 02:45:00+00:00,157.625
2026-09-23 03:00:00+00:00,157.61700439453125
2026-09-23 03:15:00+00:00,157.60899353027344
2026-09-23 03:30:00+00:00,157.6230010986328
2026-09-23 03:45:00+00:00,157.66299438476562
2026-09-23 04:00:00+00:00,157.62100219726562
2026-09-23 04:15:00+00:00,157.51199340820312
2026-09-23 04:30:00+00:00,157.53599548339844
2026-09-23 04:45:00+00:00,157.58700561523438
2026-09-23 05:00:00+00:00,157.57899475097656
2026-09-23 05:15:00+00:00,157.6219940185547
2026-09-23 05:30:00+00:00,157.66200256347656
2026-09-23 05:45:00+00:00,157.64599609375
2026-09-23 06:00:00+00:00,157.69200134277344
2026-09-23 06:15:00+00:00,157.69400024414062
2026-09-23 06:30:00+00:00,157.66900634765625
2026-09-23 06:45:00+00:00,157.70199584960938
2026-09-23 07:00:00+00:00,157.76400756835938
2026-09-23 07:15:00+00:00,157.76699829101562
2026-09-23 07:30:00+00:00,157.82699584960938
2026-09-23 07:45:00+00:00,157.75999450683594
2026-09-23 08:00:00+00:00,157.8090057373047
2026-09-23 08:15:00+00:00,157.8040008544922
2026-09-23 08:30:00+00:00,157.8419952392578
2026-09-23 08:45:00+00:00,157.8780059814453
2026-09-23 09:00:00+00:00,157.87100219726562
2026-09-23 09:15:00+00:00,157.875
2026-09-23 09:30:00+00:00,157.8730010986328
2026-09-23 09:45:00+00:00,157.8459930419922
2026-09-23 10:00:00+00:00,157.822998046875
2026-09-23 10:15:00+00:00,157.82400512695312
2026-09-23 10:30:00+00:00,157.8300018310547
2026-09-23 10:45:00+00:00,157.822998046875
2026-09-23 11:00:00+00:00,157.875
2026-09-23 11:15:00+00:00,157.91099548339844
2026-09-23 11:30:00+00:00,157.9320068359375
2026-09-23 11:45:00+00:00,157.91600036621094
2026-09-23 12:00:00+00:00,157.9550018310547
2026-09-23 12:15:00+00:00,157.9340057373047
2026-09-23 12:30:00+00:00,157.9510040283203
2026-09-23 12:45:00+00:00,157.8800048828125
2026-09-23 13:00:00+00:00,157.97300720214844
2026-09-23 13:15:00+00:00,157.7969970703125
2026-09-23 13:30:00+00:00,157.9739990234375
2026-09-23 13:45:00+00:00,158.23199462890625
2026-09-23 14:00:00+00:00,158.23300170898438
2026-09-23 14:15:00+00:00,158.3520050048828
2026-09-23 14:30:00+00:00,158.25999450683594
2026-09-23 14:45:00+00:00,158.18499755859375
2026-09-23 15:00:00+00:00,158.2790069580078
2026-09-23 15:15:00+00:00,158.33700561523438
2026-09-23 15:30:00+00:00,158.33999633789062
2026-09-23 15:45:00+00:00,158.29400634765625
2026-09-23 16:00:00+00:00,158.30099487304688
2026-09-23 16:15:00+00:00,158.23800659179688
2026-09-23 16:30:00+00:00,158.26499938964844
2026-09-23 16:45:00+00:00,158.36399841308594
2026-09-23 17:00:00+00:00,158.35800170898438
2026-09-23 17:15:00+00:00,158.31300354003906
2026-09-23 17:30:00+00:00,158.1649932861328
2026-09-23 17:45:00+00:00,158.1929931640625
2026-09-23 18:00:00+00:00,158.22000122070312
2026-09-23 18:15:00+00:00,158.30499267578125
2026-09-23 18:30:00+00:00,158.3040008544922
2026-09-23 18:45:00+00:00,158.25999450683594
2026-09-23 19:00:00+00:00,158.28199768066406
2026-09-23 19:15:00+00:00,158.29100036621094
2026-09-23 19:30:00+00:00,158.30799865722656
2026-09-23 19:45:00+00:00,158.3459930419922
2026-09-23 20:00:00+00:00,158.31700134277344
2026-09-23 20:15:00+00:00,158.31900024414062
2026-09-23 20:30:00+00:00,158.3470001220703
2026-09-23 20:45:00+00:00,158.30499267578125
2026-09-23 21:00:00+00:00,158.29800415039062
2026-09-23 21:15:00+00:00,158.23699951171875
2026-09-23 21:30:00+00:00,158.25999450683594
2026-09-23 21:45:00+00:00,158.2779998779297
2026-09-23 22:00:00+00:00,158.3159942626953
2026-09-23 22:15:00+00:00,158.26800537109375
2026-09-23 22:30:00+00:00,158.2779998779297
2026-09-23 22:45:00+00:00,158.26600646972656
2026-09-23 23:00:00+00:00,158.24400329589844
2026-09-23 23:15:00+00:00,158.3459930419922
2026-09-23 23:30:00+00:00,158.3260040283203
2026-09-23 23:45:00+00:00,158.25799560546875
2026-09-24 00:00:00+00:00,158.33700561523438
2026-09-24 00:15:00+00:00,158.19400024414062
2026-09-24 00:30:00+00:00,158.22999572753906
2026-09-24 00:45:00+00:00,158.05599975585938
2026-09-24 01:00:00+00:00,157.8730010986328
2026-09-24 01:15:00+00:00,157.9010009765625
2026-09-24 01:30:00+00:00,157.90899658203125
2026-09-24 01:45:00+00:00,157.86599731445312
2026-09-24 02:00:00+00:00,157.91600036621094
2026-09-24 02:15:00+00:00,157.82699584960938
2026-09-24 02:30:00+00:00,157.82699584960938
2026-09-24 02:45:00+00:00,157.89500427246094
2026-09-24 03:00:00+00:00,157.93099975585938
2026-09-24 03:15:00+00:00,158.02699279785156
2026-09-24 03:30:00+00:00,158.0709991455078
2026-09-24 03:45:00+00:00,158.03500366210938
2026-09-24 04:00:00+00:00,157.9720001220703
2026-09-24 04:15:00+00:00,157.97799682617188
2026-09-24 04:30:00+00:00,157.89700317382812
2026-09-24 04:45:00+00:00,157.88600158691406
2026-09-24 05:00:00+00:00,157.91799926757812
2026-09-24 05:15:00+00:00,157.95199584960938
2026-09-24 05:30:00+00:00,158.1540069580078
2026-09-24 05:45:00+00:00,158.2169952392578
2026-09-24 06:00:00+00:00,158.2220001220703
2026-09-24 06:15:00+00:00,158.3979949951172
2026-09-24 06:30:00+00:00,158.4739990234375
2026-09-24 06:45:00+00:00,158.43099975585938
2026-09-24 07:00:00+00:00,158.39199829101562
2026-09-24 07:15:00+00:00,158.32899475097656
2026-09-24 07:30:00+00:00,158.17799377441406
2026-09-24 07:45:00+00:00,158.20899963378906
2026-09-24 08:00:00+00:00,158.2790069580078
2026-09-24 08:15:00+00:00,158.41700744628906
2026-09-24 08:30:00+00:00,158.38400268554688
2026-09-24 08:45:00+00:00,158.48300170898438
2026-09-24 09:00:00+00:00,158.6529998779297
2026-09-24 09:15:00+00:00,158.69000244140625
2026-09-24 09:30:00+00:00,158.75900268554688
2026-09-24 09:45:00+00:00,158.7469940185547
2026-09-24 10:00:00+00:00,158.77999877929688
2026-09-24 10:15:00+00:00,158.781005859375
2026-09-24 10:30:00+00:00,158.76400756835938
2026-09-24 10:45:00+00:00,158.73699951171875
2026-09-24 11:00:00+00:00,158.70799255371094
2026-09-24 11:15:00+00:00,158.78700256347656
2026-09-24 11:30:00+00:00,158.8459930419922
2026-09-24 11:45:00+00:00,158.8209991455078
2026-09-24 12:00:00+00:00,158.83900451660156
2026-09-24 12:15:00+00:00,158.7760009765625
2026-09-24 12:30:00+00:00,158.74899291992188
2026-09-24 12:45:00+00:00,158.68899536132812
2026-09-24 13:00:00+00:00,158.76600646972656
2026-09-24 13:15:00+00:00,158.8350067138672
2026-09-24 13:30:00+00:00,158.80599975585938
2026-09-24 13:45:00+00:00,158.6959991455078
2026-09-24 14:00:00+00:00,158.74600219726562
2026-09-24 14:15:00+00:00,158.781005859375
2026-09-24 14:30:00+00:00,158.88600158691406
2026-09-24 14:45:00+00:00,158.89100646972656
2026-09-24 15:00:00+00:00,158.97999572753906
2026-09-24 15:15:00+00:00,158.97799682617188
2026-09-24 15:30:00+00:00,158.9239959716797
2026-09-24 15:45:00+00:00,158.91900634765625
2026-09-24 16:00:00+00:00,158.8780059814453
2026-09-24 16:15:00+00:00,158.73800659179688
2026-09-24 16:30:00+00:00,158.71800231933594
2026-09-24 16:45:00+00:00,158.80099487304688
2026-09-24 17:00:00+00:00,158.75999450683594
2026-09-24 17:15:00+00:00,158.88800048828125
2026-09-24 17:30:00+00:00,158.89999389648438
2026-09-24 17:45:00+00:00,158.91000366210938
2026-09-24 18:00:00+00:00,158.843994140625
2026-09-24 18:15:00+00:00,158.8070068359375
2026-09-24 18:30:00+00:00,158.8489990234375
2026-09-24 18:45:00+00:00,158.8520050048828
2026-09-24 19:00:00+00:00,158.9340057373047
2026-09-24 19:15:00+00:00,158.9040069580078
2026-09-24 19:30:00+00:00,158.87100219726562
2026-09-24 19:45:00+00:00,158.88900756835938
2026-09-24 20:00:00+00:00,158.89100646972656
2026-09-24 20:15:00+00:00,158.9250030517578
2026-09-24 20:30:00+00:00,158.89300537109375
2026-09-24 20:45:00+00:00,158.83200073242188
2026-09-24 21:00:00+00:00,158.88499450683594
2026-09-24 21:15:00+00:00,158.78700256347656
2026-09-24 21:30:00+00:00,158.76600646972656
2026-09-24 21:45:00+00:00,158.79600524902344
2026-09-24 22:00:00+00:00,158.79100036621094
2026-09-24 22:15:00+00:00,158.7790069580078
2026-09-24 22:30:00+00:00,158.75599670410156
2026-09-24 22:45:00+00:00,158.7550048828125
2026-09-24 23:00:00+00:00,158.78500366210938
2026-09-24 23:15:00+00:00,158.81900024414062
2026-09-24 23:30:00+00:00,158.80499267578125
2026-09-24 23:45:00+00:00,158.83900451660156
2026-09-25 00:00:00+00:00,158.77699279785156
2026-09-25 00:15:00+00:00,158.7209930419922
2026-09-25 00:30:00+00:00,158.73599243164062
2026-09-25 00:45:00+00:00,158.64599609375
2026-09-25 01:00:00+00:00,158.6269989013672
2026-09-25 01:15:00+00:00,158.66600036621094
2026-09-25 01:30:00+00:00,158.66900634765625
2026-09-25 01:45:00+00:00,158.60400390625
2026-09-25 02:00:00+00:00,158.41600036621094
2026-09-25 02:15:00+00:00,158.4010009765625
2026-09-25 02:30:00+00:00,158.3939971923828
2026-09-25 02:45:00+00:00,158.46499633789062
2026-09-25 03:00:00+00:00,158.4530029296875
2026-09-25 03:15:00+00:00,158.42300415039062
2026-09-25 03:30:00+00:00,158.40699768066406
2026-09-25 03:45:00+00:00,158.35499572753906
2026-09-25 04:00:00+00:00,158.32899475097656
2026-09-25 04:15:00+00:00,158.37399291992188
2026-09-25 04:30:00+00:00,158.41299438476562
2026-09-25 04:45:00+00:00,158.41400146484375
2026-09-25 05:00:00+00:00,158.1490020751953
2026-09-25 05:15:00+00:00,158.17300415039062
2026-09-25 05:30:00+00:00,158.22300720214844
2026-09-25 05:45:00+00:00,158.26199340820312
2026-09-25 06:00:00+00:00,158.0399932861328
2026-09-25 06:15:00+00:00,158.14700317382812
2026-09-25 06:30:00+00:00,158.07000732421875
2026-09-25 06:45:00+00:00,158.04800415039062
2026-09-25 07:00:00+00:00,158.03399658203125
2026-09-25 07:15:00+00:00,158.0919952392578
2026-09-25 07:30:00+00:00,158.10400390625
2026-09-25 07:45:00+00:00,158.0919952392578
2026-09-25 08:00:00+00:00,158.16000366210938
2026-09-25 08:15:00+00:00,158.25900268554688
2026-09-25 08:30:00+00:00,158.18699645996094
2026-09-25 08:45:00+00:00,158.11900329589844
2026-09-25 09:00:00+00:00,157.94500732421875
2026-09-25 09:15:00+00:00,157.92100524902344
2026-09-25 09:30:00+00:00,157.97999572753906
2026-09-25 09:45:00+00:00,158.05099487304688
2026-09-25 10:00:00+00:00,157.84500122070312
2026-09-25 10:15:00+00:00,157.86099243164062
2026-09-25 10:30:00+00:00,157.75399780273438
2026-09-25 10:45:00+00:00,157.83399963378906
2026-09-25 11:00:00+00:00,157.61599731445312
2026-09-25 11:15:00+00:00,157.66700744628906
2026-09-25 11:30:00+00:00,157.6300048828125
2026-09-25 11:45:00+00:00,157.58399963378906
2026-09-25 12:00:00+00:00,157.67100524902344
2026-09-25 12:15:00+00:00,157.65199279785156
2026-09-25 12:30:00+00:00,157.69700622558594
2026-09-25 12:45:00+00:00,157.49899291992188
2026-09-25 13:00:00+00:00,157.3260040283203
2026-09-25 13:15:00+00:00,157.0540008544922
2026-09-25 13:30:00+00:00,157.0260009765625
2026-09-25 13:45:00+00:00,157.02999877929688
2026-09-25 14:00:00+00:00,157.20899963378906
2026-09-25 14:15:00+00:00,157.4499969482422
2026-09-25 14:30:00+00:00,157.4040069580078
2026-09-25 14:45:00+00:00,157.1479949951172
2026-09-25 15:00:00+00:00,157.3800048828125
2026-09-25 15:15:00+00:00,157.36199951171875
2026-09-25 15:30:00+00:00,157.35699462890625
2026-09-25 15:45:00+00:00,157.17599487304688
2026-09-25 16:00:00+00:00,157.09500122070312
2026-09-25 16:15:00+00:00,157.10499572753906
2026-09-25 16:30:00+00:00,157.16900634765625
2026-09-25 16:45:00+00:00,157.197998046875
2026-09-25 17:00:00+00:00,157.30499267578125
2026-09-25 17:15:00+00:00,157.3070068359375
2026-09-25 17:30:00+00:00,157.27000427246094
2026-09-25 17:45:00+00:00,157.2469940185547
2026-09-25 18:00:00+00:00,157.281005859375
2026-09-25 18:15:00+00:00,157.23699951171875
2026-09-25 18:30:00+00:00,157.13499450683594
2026-09-25 18:45:00+00:00,157.12600708007812
2026-09-25 19:00:00+00:00,157.1199951171875
2026-09-25 19:15:00+00:00,157.19900512695312
2026-09-25 19:30:00+00:00,157.2050018310547
2026-09-25 19:45:00+00:00,157.26100158691406
2026-09-25 20:00:00+00:00,157.29200744628906
2026-09-25 20:15:00+00:00,157.26300048828125
2026-09-25 20:30:00+00:00,157.25799560546875
2026-09-25 20:45:00+00:00,157.25799560546875
2026-09-25 21:00:00+00:00,157.18499755859375
2026-09-27 23:00:00+00:00,157.53599548339844
2026-09-27 23:15:00+00:00,157.5679931640625
2026-09-27 23:30:00+00:00,157.53599548339844
2026-09-27 23:45:00+00:00,157.4320068359375
2026-09-28 00:00:00+00:00,157.57000732421875
2026-09-28 00:15:00+00:00,157.73500061035156
2026-09-28 00:30:00+00:00,157.68099975585938
2026-09-28 00:45:00+00:00,157.802001953125
2026-09-28 01:00:00+00:00,157.7949981689453
2026-09-28 01:15:00+00:00,157.73800659179688
2026-09-28 01:30:00+00:00,157.8070068359375
2026-09-28 01:45:00+00:00,157.73899841308594
2026-09-28 02:00:00+00:00,157.70199584960938
2026-09-28 02:15:00+00:00,157.7239990234375
2026-09-28 02:30:00+00:00,157.67999267578125
2026-09-28 02:45:00+00:00,157.68800354003906
2026-09-28 03:00:00+00:00,157.74200439453125
2026-09-28 03:15:00+00:00,157.74600219726562
2026-09-28 03:30:00+00:00,157.76800537109375
2026-09-28 03:45:00+00:00,157.77999877929688
2026-09-28 04:00:00+00:00,157.73699951171875
2026-09-28 04:15:00+00:00,157.7220001220703
2026-09-28 04:30:00+00:00,157.70399475097656
2026-09-28 04:45:00+00:00,157.76100158691406
2026-09-28 05:00:00+00:00,157.75999450683594
2026-09-28 05:15:00+00:00,157.73399353027344
2026-09-28 05:30:00+00:00,157.73899841308594
2026-09-28 05:45:00+00:00,157.6719970703125
2026-09-28 06:00:00+00:00,157.5970001220703
2026-09-28 06:15:00+00:00,157.63299560546875
2026-09-28 06:30:00+00:00,157.45199584960938
2026-09-28 06:45:00+00:00,157.49400329589844
2026-09-28 07:00:00+00:00,157.59300231933594
2026-09-28 07:15:00+00:00,157.45599365234375
2026-09-28 07:30:00+00:00,157.51699829101562
2026-09-28 07:45:00+00:00,157.2259979248047
2026-09-28 08:00:00+00:00,156.6999969482422
2026-09-28 08:15:00+00:00,156.78900146484375
2026-09-28 08:30:00+00:00,156.76400756835938
2026-09-28 08:45:00+00:00,156.8990020751953
2026-09-28 09:00:00+00:00,156.98599243164062
2026-09-28 09:15:00+00:00,157.06399536132812
2026-09-28 09:30:00+00:00,157.04100036621094
2026-09-28 09:45:00+00:00,156.9759979248047
2026-09-28 10:00:00+00:00,157.0800018310547
2026-09-28 10:15:00+00:00,157.0760040283203
2026-09-28 10:30:00+00:00,157.11399841308594
2026-09-28 10:45:00+00:00,157.0229949951172
2026-09-28 11:00:00+00:00,157.072998046875
2026-09-28 11:15:00+00:00,156.8800048828125
2026-09-28 11:30:00+00:00,156.94200134277344
2026-09-28 11:45:00+00:00,156.96299743652344
2026-09-28 12:00:00+00:00,156.9770050048828
2026-09-28 12:15:00+00:00,157.07699584960938
2026-09-28 12:30:00+00:00,157.18600463867188
2026-09-28 12:45:00+00:00,157.15499877929688
2026-09-28 13:00:00+00:00,157.1820068359375
2026-09-28 13:15:00+00:00,157.1540069580078
2026-09-28 13:30:00+00:00,157.04299926757812
2026-09-28 13:45:00+00:00,157.14199829101562
2026-09-28 14:00:00+00:00,157.1529998779297
2026-09-28 14:15:00+00:00,157.21400451660156
2026-09-28 14:30:00+00:00,157.3300018310547
2026-09-28 14:45:00+00:00,157.54600524902344
2026-09-28 15:00:00+00:00,157.48500061035156
2026-09-28 15:15:00+00:00,157.39599609375
2026-09-28 15:30:00+00:00,157.4219970703125
2026-09-28 15:45:00+00:00,157.4429931640625
2026-09-28 16:00:00+00:00,157.34300231933594
2026-09-28 16:15:00+00:00,157.07000732421875
2026-09-28 16:30:00+00:00,157.24200439453125
2026-09-28 16:45:00+00:00,157.302001953125
2026-09-28 17:00:00+00:00,157.08200073242188
2026-09-28 17:15:00+00:00,157.22900390625
2026-09-28 17:30:00+00:00,157.21800231933594
2026-09-28 17:45:00+00:00,157.25999450683594
2026-09-28 18:00:00+00:00,157.2570037841797
2026-09-28 18:15:00+00:00,157.3350067138672
2026-09-28 18:30:00+00:00,157.39700317382812
2026-09-28 18:45:00+00:00,157.39599609375
2026-09-28 19:00:00+00:00,157.43299865722656
2026-09-28 19:15:00+00:00,157.3699951171875
2026-09-28 19:30:00+00:00,157.38999938964844
2026-09-28 19:45:00+00:00,157.4250030517578
2026-09-28 20:00:00+00:00,157.39300537109375
2026-09-28 20:15:00+00:00,157.3780059814453
2026-09-28 20:30:00+00:00,157.41000366210938
2026-09-28 20:45:00+00:00,157.33599853515625
2026-09-28 21:00:00+00:00,157.3509979248047
2026-09-28 21:15:00+00:00,157.3509979248047
2026-09-28 21:30:00+00:00,157.3679962158203
2026-09-28 21:45:00+00:00,157.375
2026-09-28 22:00:00+00:00,157.36000061035156
2026-09-28 22:15:00+00:00,157.3489990234375
2026-09-28 22:30:00+00:00,157.39999389648438
2026-09-28 22:45:00+00:00,157.43299865722656
2026-09-28 23:00:00+00:00,157.41299438476562
2026-09-28 23:15:00+00:00,157.38999938964844
2026-09-28 23:30:00+00:00,157.30299377441406
2026-09-28 23:45:00+00:00,157.36199951171875
2026-09-29 00:00:00+00:00,157.4499969482422
2026-09-29 00:15:00+00:00,157.44900512695312
2026-09-29 00:30:00+00:00,157.44500732421875
2026-09-29 00:45:00+00:00,157.3419952392578
2026-09-29 01:00:00+00:00,157.27000427246094
2026-09-29 01:15:00+00:00,157.38299560546875
2026-09-29 01:30:00+00:00,157.531005859375
2026-09-29 01:45:00+00:00,157.4739990234375
2026-09-29 02:00:00+00:00,157.42599487304688
2026-09-29 02:15:00+00:00,157.33299255371094
2026-09-29 02:30:00+00:00,157.3179931640625
2026-09-29 02:45:00+00:00,157.3560028076172
2026-09-29 03:00:00+00:00,157.28700256347656
2026-09-29 03:15:00+00:00,157.25999450683594
2026-09-29 03:30:00+00:00,157.3679962158203
2026-09-29 03:45:00+00:00,157.41400146484375
2026-09-29 04:00:00+00:00,157.41700744628906
2026-09-29 04:15:00+00:00,157.4290008544922
2026-09-29 04:30:00+00:00,157.5260009765625
2026-09-29 04:45:00+00:00,157.53799438476562
2026-09-29 05:00:00+00:00,157.4550018310547
2026-09-29 05:15:00+00:00,157.43099975585938
2026-09-29 05:30:00+00:00,157.35899353027344
2026-09-29 05:45:00+00:00,157.3489990234375
2026-09-29 06:00:00+00:00,157.23500061035156
2026-09-29 06:15:00+00:00,157.33200073242188
2026-09-29 06:30:00+00:00,157.4080047607422
2026-09-29 06:45:00+00:00,157.46499633789062
2026-09-29 07:00:00+00:00,157.41600036621094
2026-09-29 07:15:00+00:00,157.26600646972656
2026-09-29 07:30:00+00:00,157.3159942626953
2026-09-29 07:45:00+00:00,157.37600708007812
2026-09-29 08:00:00+00:00,157.41700744628906
2026-09-29 08:15:00+00:00,157.4239959716797
2026-09-29 08:30:00+00:00,157.4199981689453
2026-09-29 08:45:00+00:00,157.36000061035156
2026-09-29 09:00:00+00:00,157.43499755859375
2026-09-29 09:15:00+00:00,157.4199981689453
2026-09-29 09:30:00+00:00,157.41299438476562
2026-09-29 09:45:00+00:00,157.69500732421875
2026-09-29 10:00:00+00:00,157.66400146484375
2026-09-29 10:15:00+00:00,157.4600067138672
2026-09-29 10:30:00+00:00,157.4149932861328
2026-09-29 10:45:00+00:00,157.197998046875
2026-09-29 11:00:00+00:00,157.23599243164062
2026-09-29 11:15:00+00:00,157.26499938964844
2026-09-29 11:30:00+00:00,157.26699829101562
2026-09-29 11:45:00+00:00,157.16000366210938
2026-09-29 12:00:00+00:00,157.1300048828125
2026-09-29 12:15:00+00:00,157.218994140625
2026-09-29 12:30:00+00:00,157.2480010986328
2026-09-29 12:45:00+00:00,157.33999633789062
2026-09-29 13:00:00+00:00,157.322998046875
2026-09-29 13:15:00+00:00,157.343994140625
2026-09-29 13:30:00+00:00,157.51400756835938
2026-09-29 13:45:00+00:00,157.4600067138672
2026-09-29 14:00:00+00:00,157.38699340820312
2026-09-29 14:15:00+00:00,157.3769989013672
2026-09-29 14:30:00+00:00,157.3679962158203
2026-09-29 14:45:00+00:00,157.5749969482422
2026-09-29 15:00:00+00:00,157.60299682617188
2026-09-29 15:15:00+00:00,157.67799377441406
2026-09-29 15:30:00+00:00,157.5399932861328
2026-09-29 15:45:00+00:00,157.5
2026-09-29 16:00:00+00:00,157.50599670410156
2026-09-29 16:15:00+00:00,157.427001953125
2026-09-29 16:30:00+00:00,157.47799682617188
2026-09-29 16:45:00+00:00,157.46099853515625
2026-09-29 17:00:00+00:00,157.41900634765625
2026-09-29 17:15:00+00:00,157.40899658203125
2026-09-29 17:30:00+00:00,157.41600036621094
2026-09-29 17:45:00+00:00,157.48599243164062
2026-09-29 18:00:00+00:00,157.26199340820312
2026-09-29 18:15:00+00:00,157.22000122070312
2026-09-29 18:30:00+00:00,157.2030029296875
2026-09-29 18:45:00+00:00,157.20899963378906
2026-09-29 19:00:00+00:00,157.2530059814453
2026-09-29 19:15:00+00:00,157.24400329589844
2026-09-29 19:30:00+00:00,157.2790069580078
2026-09-29 19:45:00+00:00,157.33200073242188
2026-09-29 20:00:00+00:00,157.3679962158203
2026-09-29 20:15:00+00:00,157.3699951171875
2026-09-29 20:30:00+00:00,157.29100036621094
2026-09-29 20:45:00+00:00,157.2760009765625
2026-09-29 21:00:00+00:00,157.28500366210938
2026-09-29 21:15:00+00:00,157.27200317382812
2026-09-29 21:30:00+00:00,157.24899291992188
2026-09-29 21:45:00+00:00,157.26400756835938
2026-09-29 22:00:00+00:00,157.2429962158203
2026-09-29 22:15:00+00:00,157.31399536132812
2026-09-29 22:30:00+00:00,157.3300018310547
2026-09-29 22:45:00+00:00,157.35899353027344
2026-09-29 23:00:00+00:00,157.3560028076172
2026-09-29 23:15:00+00:00,157.3730010986328
2026-09-29 23:30:00+00:00,157.41600036621094
2026-09-29 23:45:00+00:00,157.4199981689453
2026-09-30 00:00:00+00:00,157.39500427246094
2026-09-30 00:15:00+00:00,157.3209991455078
2026-09-30 00:30:00+00:00,157.29100036621094
2026-09-30 00:45:00+00:00,157.1179962158203
2026-09-30 01:00:00+00:00,157.05499267578125
2026-09-30 01:15:00+00:00,156.9029998779297
2026-09-30 01:30:00+00:00,156.6820068359375
2026-09-30 01:45:00+00:00,156.74600219726562
2026-09-30 02:00:00+00:00,156.55799865722656
2026-09-30 02:15:00+00:00,156.43699645996094
2026-09-30 02:30:00+00:00,156.4949951171875
2026-09-30 02:45:00+00:00,156.66200256347656
2026-09-30 03:00:00+00:00,156.63999938964844
2026-09-30 03:15:00+00:00,156.5590057373047
2026-09-30 03:30:00+00:00,156.8300018310547
2026-09-30 03:45:00+00:00,156.8679962158203
2026-09-30 04:00:00+00:00,156.9290008544922
2026-09-30 04:15:00+00:00,156.97000122070312
2026-09-30 04:30:00+00:00,157.12100219726562
2026-09-30 04:45:00+00:00,157.13600158691406
2026-09-30 05:00:00+00:00,157.07400512695312
2026-09-30 05:15:00+00:00,156.98699951171875
2026-09-30 05:30:00+00:00,157.00100708007812
2026-09-30 05:45:00+00:00,156.88800048828125
2026-09-30 06:00:00+00:00,156.91000366210938
2026-09-30 06:15:00+00:00,156.8070068359375
2026-09-30 06:30:00+00:00,156.90199279785156
2026-09-30 06:45:00+00:00,156.83299255371094
2026-09-30 07:00:00+00:00,156.6959991455078
2026-09-30 07:15:00+00:00,156.86700439453125
2026-09-30 07:30:00+00:00,156.87600708007812
2026-09-30 07:45:00+00:00,156.88299560546875
2026-09-30 08:00:00+00:00,156.94700622558594
2026-09-30 08:15:00+00:00,156.94000244140625
2026-09-30 08:30:00+00:00,156.89500427246094
2026-09-30 08:45:00+00:00,156.95700073242188
2026-09-30 09:00:00+00:00,157.00999450683594
2026-09-30 09:15:00+00:00,157.08399963378906
2026-09-30 09:30:00+00:00,157.0570068359375
2026-09-30 09:45:00+00:00,157.06100463867188
2026-09-30 10:00:00+00:00,156.91299438476562
2026-09-30 10:15:00+00:00,156.9250030517578
2026-09-30 10:30:00+00:00,157.00599670410156
2026-09-30 10:45:00+00:00,157.0260009765625
2026-09-30 11:00:00+00:00,157.09500122070312
2026-09-30 11:15:00+00:00,156.95199584960938
2026-09-30 11:30:00+00:00,157.03199768066406
2026-09-30 11:45:00+00:00,157.02200317382812
2026-09-30 12:00:00+00:00,157.0019989013672
2026-09-30 12:15:00+00:00,156.92599487304688
2026-09-30 12:30:00+00:00,156.66700744628906
2026-09-30 12:45:00+00:00,156.8560028076172
2026-09-30 13:00:00+00:00,156.8070068359375
2026-09-30 13:15:00+00:00,156.85800170898438
2026-09-30 13:30:00+00:00,156.8719940185547
2026-09-30 13:45:00+00:00,156.79299926757812
2026-09-30 14:00:00+00:00,156.85699462890625
2026-09-30 14:15:00+00:00,156.96600341796875
2026-09-30 14:30:00+00:00,156.99600219726562
2026-09-30 14:45:00+00:00,157.13400268554688
2026-09-30 15:00:00+00:00,157.16799926757812
2026-09-30 15:15:00+00:00,157.14599609375
2026-09-30 15:30:00+00:00,157.24200439453125
2026-09-30 15:45:00+00:00,157.24400329589844
2026-09-30 16:00:00+00:00,157.322998046875
2026-09-30 16:15:00+00:00,157.3090057373047
2026-09-30 16:30:00+00:00,157.26600646972656
2026-09-30 16:45:00+00:00,157.26699829101562
2026-09-30 17:00:00+00:00,157.25999450683594
2026-09-30 17:15:00+00:00,157.26199340820312
2026-09-30 17:30:00+00:00,157.2729949951172
2026-09-30 17:45:00+00:00,157.3000030517578
2026-09-30 18:00:00+00:00,157.38099670410156
2026-09-30 18:15:00+00:00,157.30599975585938
2026-09-30 18:30:00+00:00,157.3179931640625
2026-09-30 18:45:00+00:00,157.3280029296875
2026-09-30 19:00:00+00:00,157.35499572753906
2026-09-30 19:15:00+00:00,157.33599853515625
2026-09-30 19:30:00+00:00,157.39500427246094
2026-09-30 19:45:00+00:00,157.38600158691406
2026-09-30 20:00:00+00:00,157.45899963378906
2026-09-30 20:15:00+00:00,157.4720001220703
2026-09-30 20:30:00+00:00,157.3990020751953
2026-09-30 20:45:00+00:00,157.39199829101562
2026-09-30 21:00:00+00:00,157.3679962158203
2026-09-30 21:15:00+00:00,157.343994140625
2026-09-30 21:30:00+00:00,157.32699584960938
2026-09-30 21:45:00+00:00,157.32699584960938
2026-09-30 22:00:00+00:00,157.38699340820312
2026-09-30 22:15:00+00:00,157.43299865722656
2026-09-30 22:30:00+00:00,157.4149932861328
2026-09-30 22:45:00+00:00,157.4340057373047
2026-09-30 23:00:00+00:00,157.38099670410156
2026-09-30 23:15:00+00:00,157.38699340820312
2026-09-30 23:30:00+00:00,157.47500610351562
2026-09-30 23:45:00+00:00,157.5659942626953
2026-10-01 00:00:00+00:00,157.7270050048828
2026-10-01 00:15:00+00:00,157.71200561523438
2026-10-01 00:30:00+00:00,157.77699279785156
2026-10-01 00:45:00+00:00,157.91799926757812
2026-10-01 01:00:00+00:00,157.92799377441406
2026-10-01 01:15:00+00:00,157.98399353027344
2026-10-01 01:30:00+00:00,158.04200744628906
2026-10-01 01:45:00+00:00,158.15699768066406
2026-10-01 02:00:00+00:00,158.14700317382812
2026-10-01 02:15:00+00:00,158.06100463867188
2026-10-01 02:30:00+00:00,158.15499877929688
2026-10-01 02:45:00+00:00,158.10899353027344
2026-10-01 03:00:00+00:00,158.11500549316406
2026-10-01 03:15:00+00:00,158.1439971923828
2026-10-01 03:30:00+00:00,158.13900756835938
2026-10-01 03:45:00+00:00,158.11099243164062
2026-10-01 04:00:00+00:00,158.22999572753906
2026-10-01 04:15:00+00:00,158.26400756835938
2026-10-01 04:30:00+00:00,158.2030029296875
2026-10-01 04:45:00+00:00,158.2790069580078
2026-10-01 05:00:00+00:00,158.31500244140625
2026-10-01 05:15:00+00:00,158.30999755859375
2026-10-01 05:30:00+00:00,158.33200073242188
2026-10-01 05:45:00+00:00,158.3820037841797
2026-10-01 06:00:00+00:00,158.20399475097656
2026-10-01 06:15:00+00:00,158.27499389648438
2026-10-01 06:30:00+00:00,158.11199951171875
2026-10-01 06:45:00+00:00,158.1479949951172
2026-10-01 07:00:00+00:00,158.32899475097656
2026-10-01 07:15:00+00:00,158.4219970703125
2026-10-01 07:30:00+00:00,158.30099487304688
2026-10-01 07:45:00+00:00,158.38099670410156
2026-10-01 08:00:00+00:00,158.35899353027344
2026-10-01 08:15:00+00:00,158.36199951171875
2026-10-01 08:30:00+00:00,158.2969970703125
2026-10-01 08:45:00+00:00,158.37899780273438
2026-10-01 09:00:00+00:00,158.33299255371094
2026-10-01 09:15:00+00:00,158.37899780273438
2026-10-01 09:30:00+00:00,158.39300537109375
2026-10-01 09:45:00+00:00,158.34800720214844
2026-10-01 10:00:00+00:00,158.3070068359375
2026-10-01 10:15:00+00:00,158.1739959716797
2026-10-01 10:30:00+00:00,158.17599487304688
2026-10-01 10:45:00+00:00,158.1199951171875
2026-10-01 11:00:00+00:00,158.16299438476562
2026-10-01 11:15:00+00:00,158.20599365234375
2026-10-01 11:30:00+00:00,157.947998046875
2026-10-01 11:45:00+00:00,157.93600463867188
2026-10-01 12:00:00+00:00,157.9980010986328
2026-10-01 12:15:00+00:00,157.9770050048828
2026-10-01 12:30:00+00:00,158.02699279785156
2026-10-01 12:45:00+00:00,158.01699829101562
2026-10-01 13:00:00+00:00,157.94500732421875
2026-10-01 13:15:00+00:00,157.98699951171875
2026-10-01 13:30:00+00:00,157.96499633789062
2026-10-01 13:45:00+00:00,157.89300537109375
2026-10-01 14:00:00+00:00,158.1060028076172
2026-10-01 14:15:00+00:00,157.90499877929688
2026-10-01 14:30:00+00:00,157.593994140625
2026-10-01 14:45:00+00:00,157.73899841308594
2026-10-01 15:00:00+00:00,157.6739959716797
2026-10-01 15:15:00+00:00,157.48899841308594
2026-10-01 15:30:00+00:00,157.46099853515625
2026-10-01 15:45:00+00:00,157.6269989013672
2026-10-01 16:00:00+00:00,157.5760040283203
2026-10-01 16:15:00+00:00,157.6790008544922
2026-10-01 16:30:00+00:00,157.82899475097656
2026-10-01 16:45:00+00:00,157.822998046875
2026-10-01 17:00:00+00:00,157.74400329589844
2026-10-01 17:15:00+00:00,157.7429962158203
2026-10-01 17:30:00+00:00,157.72799682617188
2026-10-01 17:45:00+00:00,158.06199645996094
2026-10-01 18:00:00+00:00,158.1840057373047
2026-10-01 18:15:00+00:00,158.22300720214844
2026-10-01 18:30:00+00:00,158.1179962158203
2026-10-01 18:45:00+00:00,158.12100219726562
2026-10-01 19:00:00+00:00,158.0489959716797
2026-10-01 19:15:00+00:00,158.04400634765625
2026-10-01 19:30:00+00:00,158.0780029296875
2026-10-01 19:45:00+00:00,158.125
2026-10-01 20:00:00+00:00,158.08900451660156
2026-10-01 20:15:00+00:00,158.06300354003906
2026-10-01 20:30:00+00:00,158.01199340820312
2026-10-01 20:45:00+00:00,158.0570068359375
2026-10-01 21:00:00+00:00,158.07200622558594
2026-10-01 21:15:00+00:00,158.04299926757812
2026-10-01 21:30:00+00:00,158.04600524902344
2026-10-01 21:45:00+00:00,158.06100463867188
2026-10-01 22:00:00+00:00,158.08599853515625
2026-10-01 22:15:00+00:00,158.0919952392578
2026-10-01 22:30:00+00:00,158.05599975585938
2026-10-01 22:45:00+00:00,158.02999877929688
2026-10-01 23:00:00+00:00,157.97900390625
2026-10-01 23:15:00+00:00,157.9770050048828
2026-10-01 23:30:00+00:00,157.86900329589844
2026-10-01 23:45:00+00:00,157.93699645996094
2026-10-02 00:00:00+00:00,157.86599731445312
2026-10-02 00:15:00+00:00,157.92799377441406
2026-10-02 00:30:00+00:00,158.0590057373047
2026-10-02 00:45:00+00:00,158.13900756835938
2026-10-02 01:00:00+00:00,158.156005859375
2026-10-02 01:15:00+00:00,158.14100646972656
2026-10-02 01:30:00+00:00,158.1320037841797
2026-10-02 01:45:00+00:00,158.0709991455078
2026-10-02 02:00:00+00:00,157.97900390625
2026-10-02 02:15:00+00:00,157.91700744628906
2026-10-02 02:30:00+00:00,157.95799255371094
2026-10-02 02:45:00+00:00,157.968994140625
2026-10-02 03:00:00+00:00,157.93800354003906
2026-10-02 03:15:00+00:00,157.88499450683594
2026-10-02 03:30:00+00:00,157.94700622558594
2026-10-02 03:45:00+00:00,157.87600708007812
2026-10-02 04:00:00+00:00,157.875
2026-10-02 04:15:00+00:00,157.86099243164062
2026-10-02 04:30:00+00:00,157.80799865722656
2026-10-02 04:45:00+00:00,157.85299682617188
2026-10-02 05:00:00+00:00,157.82000732421875
2026-10-02 05:15:00+00:00,157.88299560546875
2026-10-02 05:30:00+00:00,157.83700561523438
2026-10-02 05:45:00+00:00,157.8280029296875
2026-10-02 06:00:00+00:00,157.6280059814453
2026-10-02 06:15:00+00:00,157.6280059814453
2026-10-02 06:30:00+00:00,157.7519989013672
2026-10-02 06:45:00+00:00,157.81700134277344
2026-10-02 07:00:00+00:00,157.82400512695312
2026-10-02 07:15:00+00:00,157.8419952392578
2026-10-02 07:30:00+00:00,157.69400024414062
2026-10-02 07:45:00+00:00,157.58099365234375
2026-10-02 08:00:00+00:00,157.56300354003906
2026-10-02 08:15:00+00:00,157.56900024414062
2026-10-02 08:30:00+00:00,157.60000610351562
2026-10-02 08:45:00+00:00,157.552001953125
2026-10-02 09:00:00+00:00,157.51800537109375
2026-10-02 09:15:00+00:00,157.49899291992188
2026-10-02 09:30:00+00:00,157.63400268554688
2026-10-02 09:45:00+00:00,157.5679931640625
2026-10-02 10:00:00+00:00,157.67300415039062
2026-10-02 10:15:00+00:00,157.62100219726562
2026-10-02 10:30:00+00:00,157.61099243164062
2026-10-02 10:45:00+00:00,157.71099853515625
2026-10-02 11:00:00+00:00,157.74099731445312
2026-10-02 11:15:00+00:00,157.802001953125
2026-10-02 11:30:00+00:00,157.71099853515625
2026-10-02 11:45:00+00:00,157.68299865722656
2026-10-02 12:00:00+00:00,157.6439971923828
2026-10-02 12:15:00+00:00,157.51199340820312
2026-10-02 12:30:00+00:00,157.24899291992188
2026-10-02 12:45:00+00:00,157.16099548339844
2026-10-02 13:00:00+00:00,157.4029998779297
2026-10-02 13:15:00+00:00,157.4239959716797
2026-10-02 13:30:00+00:00,157.53799438476562
2026-10-02 13:41:14+00:00,157.55999755859375
