ins,date,setup,side,t20,p1,fill_min,outcome,R,sig
EURUSD,2016-10-04,A,1,-1,-1,456,stop,-1.04406,0.003622
EURUSD,2016-10-04,B,-1,-1,-1,999,stop,-1.22088,0.003622
EURUSD,2016-10-04,Bmirror,1,-1,-1,999,stop,-1.22088,0.003622
EURUSD,2016-10-05,B,1,-1,-1,816,stop,-1.22664,0.003530
EURUSD,2016-10-05,Bmirror,-1,-1,-1,816,stop,-1.22664,0.003530
EURUSD,2016-10-06,A,1,-1,1,832,stop,-1.04530,0.003523
EURUSD,2016-10-06,B,-1,-1,1,553,target,12.17291,0.003523
EURUSD,2016-10-06,Bmirror,1,-1,1,553,stop,-1.22709,0.003523
EURUSD,2016-10-07,A,1,-1,-1,259,target,0.69659,0.003676
EURUSD,2016-10-07,A,-1,-1,-1,837,stop,-1.04364,0.003676
EURUSD,2016-10-07,B,-1,-1,-1,45,stop,-1.21763,0.003676
EURUSD,2016-10-07,Bmirror,1,-1,-1,45,stop,-1.21763,0.003676
EURUSD,2016-10-10,A,1,-1,-1,741,stop,-1.04231,0.003771
EURUSD,2016-10-11,A,1,-1,-1,506,stop,-1.04067,0.003923
EURUSD,2016-10-12,A,1,-1,-1,568,target,0.69697,0.003708
EURUSD,2016-10-12,B,-1,-1,-1,535,target,12.18426,0.003708
EURUSD,2016-10-12,Bmirror,1,-1,-1,535,stop,-1.21574,0.003708
EURUSD,2016-10-13,A,-1,-1,-1,976,close,-0.64469,0.003802
EURUSD,2016-10-13,B,1,-1,-1,370,stop,-1.21040,0.003802
EURUSD,2016-10-13,Bmirror,-1,-1,-1,370,stop,-1.21040,0.003802
EURUSD,2016-10-14,A,1,-1,1,410,stop,-1.04107,0.003884
EURUSD,2016-10-17,A,-1,-1,1,844,close,0.20872,0.004156
EURUSD,2016-10-20,A,1,-1,-1,860,stop,-1.03819,0.004177
EURUSD,2016-10-20,A,-1,-1,-1,824,stop,-1.03843,0.004177
EURUSD,2016-10-20,B,-1,-1,-1,582,stop,-1.19155,0.004177
EURUSD,2016-10-20,Bmirror,1,-1,-1,582,stop,-1.19155,0.004177
EURUSD,2016-10-21,A,1,-1,-1,487,stop,-1.03750,0.004254
EURUSD,2016-10-24,B,-1,-1,-1,439,stop,-1.20187,0.003963
EURUSD,2016-10-24,Bmirror,1,-1,-1,439,stop,-1.20187,0.003963
EURUSD,2016-10-25,A,-1,-1,-1,1159,target,0.69903,0.003916
EURUSD,2016-10-25,B,1,-1,-1,782,stop,-1.20428,0.003916
EURUSD,2016-10-25,Bmirror,-1,-1,-1,782,stop,-1.20428,0.003916
EURUSD,2016-10-26,A,-1,-1,1,592,stop,-1.04063,0.003949
EURUSD,2016-10-27,A,-1,-1,1,945,target,0.69859,0.003875
EURUSD,2016-10-27,B,-1,-1,1,411,stop,-1.20646,0.003875
EURUSD,2016-10-27,Bmirror,1,-1,1,411,stop,-1.20646,0.003875
EURUSD,2016-10-28,A,-1,-1,-1,804,stop,-1.04195,0.003825
EURUSD,2016-10-31,A,1,-1,-1,678,target,0.70332,0.004348
EURUSD,2016-11-01,A,-1,-1,-1,674,stop,-1.03720,0.004315
EURUSD,2016-11-02,A,-1,-1,1,489,target,0.70581,0.004697
EURUSD,2016-11-03,B,1,-1,1,535,stop,-1.16731,0.004781
EURUSD,2016-11-03,Bmirror,-1,-1,1,535,stop,-1.16731,0.004781
EURUSD,2016-11-04,A,-1,1,1,1237,close,-0.10267,0.004781
EURUSD,2016-11-07,A,1,1,-1,485,close,-0.52882,0.004925
EURUSD,2016-11-09,A,1,1,-1,865,stop,-1.03180,0.005013
EURUSD,2016-11-09,A,-1,1,-1,121,stop,-1.03203,0.005013
EURUSD,2016-11-09,B,1,1,-1,52,stop,-1.15957,0.005013
EURUSD,2016-11-09,Bmirror,-1,1,-1,52,stop,-1.15957,0.005013
EURUSD,2016-11-10,A,1,-1,-1,745,target,0.71028,0.005362
EURUSD,2016-11-10,B,1,-1,-1,505,stop,-1.14921,0.005362
EURUSD,2016-11-10,Bmirror,-1,-1,-1,505,stop,-1.14921,0.005362
EURUSD,2016-11-11,A,1,-1,-1,974,close,0.38089,0.005276
EURUSD,2016-11-11,B,1,-1,-1,512,stop,-1.15162,0.005276
EURUSD,2016-11-11,Bmirror,-1,-1,-1,512,stop,-1.15162,0.005276
EURUSD,2016-11-14,A,1,-1,-1,80,target,0.70897,0.005137
EURUSD,2016-11-15,A,-1,-1,-1,506,stop,-1.03054,0.005260
EURUSD,2016-11-15,B,1,-1,-1,810,stop,-1.15209,0.005260
EURUSD,2016-11-15,Bmirror,-1,-1,-1,810,stop,-1.15209,0.005260
EURUSD,2016-11-16,A,1,-1,-1,947,target,0.70855,0.005068
EURUSD,2016-11-16,B,1,-1,-1,449,stop,-1.15785,0.005068
EURUSD,2016-11-16,Bmirror,-1,-1,-1,449,stop,-1.15785,0.005068
EURUSD,2016-11-17,A,1,-1,-1,946,stop,-1.03180,0.005013
EURUSD,2016-11-17,B,-1,-1,-1,464,stop,-1.15957,0.005013
EURUSD,2016-11-17,Bmirror,1,-1,-1,464,stop,-1.15957,0.005013
EURUSD,2016-11-18,A,1,-1,-1,90,target,0.70894,0.005131
EURUSD,2016-11-18,B,-1,-1,-1,632,stop,-1.15590,0.005131
EURUSD,2016-11-18,Bmirror,1,-1,-1,632,stop,-1.15590,0.005131
EURUSD,2016-11-21,A,-1,-1,-1,443,stop,-1.03254,0.004935
EURUSD,2016-11-22,A,1,-1,1,927,target,0.70851,0.005061
EURUSD,2016-11-22,B,-1,-1,1,514,stop,-1.15806,0.005061
EURUSD,2016-11-22,Bmirror,1,-1,1,514,stop,-1.15806,0.005061
EURUSD,2016-11-23,A,1,-1,-1,802,stop,-1.03152,0.005057
EURUSD,2016-11-23,B,-1,-1,-1,672,target,12.24179,0.005057
EURUSD,2016-11-23,Bmirror,1,-1,-1,672,stop,-1.15821,0.005057
EURUSD,2016-11-24,A,-1,-1,-1,690,target,0.70988,0.005332
EURUSD,2016-11-24,B,-1,-1,-1,513,stop,-1.15003,0.005332
EURUSD,2016-11-24,Bmirror,1,-1,-1,513,close,1.75337,0.005332
EURUSD,2016-11-25,A,-1,-1,1,433,close,0.26402,0.005319
EURUSD,2016-11-25,B,-1,-1,1,156,stop,-1.15041,0.005319
EURUSD,2016-11-25,Bmirror,1,-1,1,156,close,5.77847,0.005319
EURUSD,2016-11-28,A,1,-1,1,838,target,0.71043,0.005390
EURUSD,2016-11-28,A,-1,-1,1,120,stop,-1.02980,0.005390
EURUSD,2016-11-28,B,1,-1,1,692,stop,-1.14843,0.005390
EURUSD,2016-11-28,Bmirror,-1,-1,1,692,stop,-1.14843,0.005390
EURUSD,2016-11-29,A,1,-1,1,786,target,0.71052,0.005405
EURUSD,2016-11-29,B,-1,-1,1,916,stop,-1.14801,0.005405
EURUSD,2016-11-29,Bmirror,1,-1,1,916,stop,-1.14801,0.005405
EURUSD,2016-11-30,A,1,-1,1,849,stop,-1.02933,0.005433
EURUSD,2016-11-30,B,-1,-1,1,523,stop,-1.14725,0.005433
EURUSD,2016-11-30,Bmirror,1,-1,1,523,stop,-1.14725,0.005433
EURUSD,2016-12-01,A,-1,-1,-1,599,target,0.71080,0.005501
EURUSD,2016-12-01,B,1,-1,-1,900,target,12.25458,0.005501
EURUSD,2016-12-01,Bmirror,-1,-1,-1,900,stop,-1.14542,0.005501
EURUSD,2016-12-02,B,1,-1,1,512,stop,-1.13843,0.005779
EURUSD,2016-12-02,Bmirror,-1,-1,1,512,stop,-1.13843,0.005779
EURUSD,2016-12-05,A,-1,-1,-1,451,stop,-1.02824,0.005690
EURUSD,2016-12-05,B,1,-1,-1,19,stop,-1.14059,0.005690
EURUSD,2016-12-05,Bmirror,-1,-1,-1,19,stop,-1.14059,0.005690
EURUSD,2016-12-06,A,1,-1,1,1044,close,0.44467,0.007158
EURUSD,2016-12-06,B,1,-1,1,701,stop,-1.11176,0.007158
EURUSD,2016-12-06,Bmirror,-1,-1,1,701,close,4.95372,0.007158
EURUSD,2016-12-08,A,1,1,1,813,stop,-1.02302,0.006916
EURUSD,2016-12-08,A,-1,1,1,765,stop,-1.02325,0.006916
EURUSD,2016-12-08,B,1,1,1,778,stop,-1.11568,0.006916
EURUSD,2016-12-08,Bmirror,-1,1,1,778,stop,-1.11568,0.006916
EURUSD,2016-12-09,A,1,-1,-1,748,close,-0.06502,0.007416
EURUSD,2016-12-09,B,-1,-1,-1,437,stop,-1.10788,0.007416
EURUSD,2016-12-09,Bmirror,1,-1,-1,437,stop,-1.10788,0.007416
EURUSD,2016-12-12,A,-1,-1,-1,618,stop,-1.02188,0.007353
EURUSD,2016-12-13,B,-1,1,1,914,stop,-1.10358,0.007724
EURUSD,2016-12-13,Bmirror,1,1,1,914,stop,-1.10358,0.007724
EURUSD,2016-12-14,A,1,1,-1,1151,stop,-1.02062,0.007715
EURUSD,2016-12-14,B,1,1,-1,503,stop,-1.10370,0.007715
EURUSD,2016-12-14,Bmirror,-1,1,-1,503,stop,-1.10370,0.007715
EURUSD,2016-12-15,A,1,-1,-1,679,stop,-1.02031,0.007832
EURUSD,2016-12-15,B,-1,-1,-1,115,stop,-1.10214,0.007832
EURUSD,2016-12-15,Bmirror,1,-1,-1,115,stop,-1.10214,0.007832
EURUSD,2016-12-16,B,1,-1,-1,866,stop,-1.09964,0.008029
EURUSD,2016-12-16,Bmirror,-1,-1,-1,866,stop,-1.09964,0.008029
EURUSD,2016-12-19,B,1,-1,-1,600,stop,-1.09895,0.008085
EURUSD,2016-12-19,Bmirror,-1,-1,-1,600,close,5.16981,0.008085
EURUSD,2016-12-20,B,-1,-1,-1,1084,close,1.70363,0.007994
EURUSD,2016-12-20,Bmirror,1,-1,-1,1084,stop,-1.10007,0.007994
EURUSD,2016-12-22,A,-1,-1,1,907,target,0.72002,0.008055
EURUSD,2016-12-28,A,1,-1,1,735,close,0.27290,0.007782
EURUSD,2016-12-29,A,-1,-1,-1,589,close,-0.42321,0.007834
EURUSD,2016-12-30,B,-1,-1,1,587,stop,-1.09603,0.008330
EURUSD,2016-12-30,Bmirror,1,-1,1,587,stop,-1.09603,0.008330
EURUSD,2017-01-03,A,1,-1,-1,676,stop,-1.01882,0.008447
EURUSD,2017-01-04,A,-1,-1,-1,961,close,-0.16443,0.008469
EURUSD,2017-01-05,A,-1,-1,1,397,target,0.72142,0.008667
EURUSD,2017-01-05,B,1,-1,1,641,stop,-1.09230,0.008667
EURUSD,2017-01-05,Bmirror,-1,-1,1,641,stop,-1.09230,0.008667
EURUSD,2017-01-06,A,1,1,1,1134,close,-0.03885,0.008971
EURUSD,2017-01-10,B,1,1,1,622,stop,-1.08924,0.008965
EURUSD,2017-01-10,Bmirror,-1,1,1,622,stop,-1.08924,0.008965
EURUSD,2017-01-11,A,1,1,-1,892,target,0.72181,0.008737
EURUSD,2017-01-11,A,-1,1,-1,1112,target,0.72157,0.008737
EURUSD,2017-01-11,B,-1,1,-1,1070,stop,-1.09156,0.008737
EURUSD,2017-01-11,Bmirror,1,1,-1,1070,close,3.20588,0.008737
EURUSD,2017-01-12,A,-1,1,1,525,target,0.71920,0.007735
EURUSD,2017-01-13,B,1,1,1,887,stop,-1.10360,0.007722
EURUSD,2017-01-13,Bmirror,-1,1,1,887,stop,-1.10360,0.007722
EURUSD,2017-01-17,A,-1,1,-1,359,stop,-1.02296,0.007005
EURUSD,2017-01-18,A,1,1,1,1223,close,-0.27286,0.007270
EURUSD,2017-01-18,B,-1,1,1,939,close,8.54479,0.007270
EURUSD,2017-01-18,Bmirror,1,1,1,939,stop,-1.11005,0.007270
EURUSD,2017-01-19,B,1,1,-1,815,stop,-1.11198,0.007144
EURUSD,2017-01-19,Bmirror,-1,1,-1,815,stop,-1.11198,0.007144
EURUSD,2017-01-20,B,1,1,1,557,stop,-1.11159,0.007169
EURUSD,2017-01-20,Bmirror,-1,1,1,557,stop,-1.11159,0.007169
EURUSD,2017-01-23,B,1,1,1,789,stop,-1.12650,0.006324
EURUSD,2017-01-23,Bmirror,-1,1,1,789,stop,-1.12650,0.006324
EURUSD,2017-01-24,B,-1,1,1,878,stop,-1.12601,0.006349
EURUSD,2017-01-24,Bmirror,1,1,1,878,stop,-1.12601,0.006349
EURUSD,2017-01-25,B,1,1,-1,852,stop,-1.12498,0.006401
EURUSD,2017-01-25,Bmirror,-1,1,-1,852,stop,-1.12498,0.006401
EURUSD,2017-01-26,A,1,1,1,780,stop,-1.02531,0.006292
EURUSD,2017-01-27,B,1,1,-1,1072,close,2.02064,0.006506
EURUSD,2017-01-27,Bmirror,-1,1,-1,1072,stop,-1.12296,0.006506
EURUSD,2017-01-30,A,1,1,1,711,stop,-1.02456,0.006484
EURUSD,2017-01-31,A,-1,1,-1,722,stop,-1.02476,0.006494
EURUSD,2017-02-01,A,1,1,1,900,target,0.71636,0.006734
EURUSD,2017-02-02,A,-1,1,-1,827,target,0.71639,0.006810
EURUSD,2017-02-02,B,1,1,-1,1173,stop,-1.11747,0.006810
EURUSD,2017-02-02,Bmirror,-1,1,-1,1173,close,0.81007,0.006810
EURUSD,2017-02-03,B,-1,1,-1,810,stop,-1.11951,0.006694
EURUSD,2017-02-03,Bmirror,1,1,-1,810,stop,-1.11951,0.006694
EURUSD,2017-02-06,A,1,1,-1,616,close,0.42271,0.005800
EURUSD,2017-02-07,A,1,1,-1,376,stop,-1.02807,0.005677
EURUSD,2017-02-08,B,-1,1,-1,842,stop,-1.13796,0.005799
EURUSD,2017-02-08,Bmirror,1,1,-1,842,close,3.09201,0.005799
EURUSD,2017-02-10,A,1,-1,-1,836,target,0.70914,0.005165
EURUSD,2017-02-13,A,-1,-1,-1,490,target,0.70754,0.004948
EURUSD,2017-02-13,B,1,-1,-1,843,stop,-1.16169,0.004948
EURUSD,2017-02-13,Bmirror,-1,-1,-1,843,close,4.04485,0.004948
EURUSD,2017-02-14,A,1,-1,-1,961,target,0.70695,0.004824
EURUSD,2017-02-14,B,1,-1,-1,900,stop,-1.16584,0.004824
EURUSD,2017-02-14,Bmirror,-1,-1,-1,900,stop,-1.16584,0.004824
EURUSD,2017-02-15,A,1,-1,-1,810,target,0.70670,0.004788
EURUSD,2017-02-15,B,-1,-1,-1,925,stop,-1.16710,0.004788
EURUSD,2017-02-15,Bmirror,1,-1,-1,925,stop,-1.16710,0.004788
EURUSD,2017-02-16,A,-1,-1,1,551,stop,-1.03394,0.004731
EURUSD,2017-02-16,B,1,-1,1,446,target,12.23091,0.004731
EURUSD,2017-02-16,Bmirror,-1,-1,1,446,stop,-1.16909,0.004731
EURUSD,2017-02-17,A,1,-1,1,921,stop,-1.03233,0.004931
EURUSD,2017-02-20,B,-1,-1,1,445,close,1.97083,0.005038
EURUSD,2017-02-20,Bmirror,1,-1,1,445,stop,-1.15879,0.005038
EURUSD,2017-02-21,A,1,-1,-1,506,stop,-1.03175,0.005021
EURUSD,2017-02-22,A,1,-1,-1,480,target,0.70663,0.004778
EURUSD,2017-02-22,B,-1,-1,-1,940,stop,-1.16744,0.004778
EURUSD,2017-02-22,Bmirror,1,-1,-1,940,stop,-1.16744,0.004778
EURUSD,2017-02-23,A,-1,-1,1,893,target,0.70490,0.004573
EURUSD,2017-02-23,B,1,-1,1,427,stop,-1.17492,0.004573
EURUSD,2017-02-23,Bmirror,-1,-1,1,427,stop,-1.17492,0.004573
EURUSD,2017-02-24,B,1,-1,1,529,stop,-1.17460,0.004582
EURUSD,2017-02-24,Bmirror,-1,-1,1,529,stop,-1.17460,0.004582
EURUSD,2017-02-27,A,-1,-1,-1,481,target,0.70418,0.004481
EURUSD,2017-02-28,A,-1,-1,1,909,target,0.70365,0.004416
EURUSD,2017-02-28,B,1,-1,1,486,stop,-1.18117,0.004416
EURUSD,2017-02-28,Bmirror,-1,-1,1,486,stop,-1.18117,0.004416
EURUSD,2017-03-01,A,1,-1,-1,481,target,0.70365,0.004387
EURUSD,2017-03-01,B,1,-1,-1,188,stop,-1.18235,0.004387
EURUSD,2017-03-01,Bmirror,-1,-1,-1,188,close,4.67016,0.004387
EURUSD,2017-03-02,A,1,-1,-1,848,target,0.70357,0.004378
EURUSD,2017-03-03,A,-1,-1,-1,649,stop,-1.03827,0.004194
EURUSD,2017-03-06,A,1,-1,-1,685,target,0.70749,0.004904
EURUSD,2017-03-06,B,-1,-1,-1,504,stop,-1.16312,0.004904
EURUSD,2017-03-06,Bmirror,1,-1,-1,504,stop,-1.16312,0.004904
EURUSD,2017-03-07,B,1,-1,-1,548,stop,-1.16085,0.004974
EURUSD,2017-03-07,Bmirror,-1,-1,-1,548,stop,-1.16085,0.004974
EURUSD,2017-03-09,A,-1,-1,-1,834,stop,-1.03599,0.004460
EURUSD,2017-03-09,B,-1,-1,-1,488,stop,-1.17936,0.004460
EURUSD,2017-03-09,Bmirror,1,-1,-1,488,target,12.22064,0.004460
EURUSD,2017-03-10,A,-1,1,1,509,stop,-1.03528,0.004550
EURUSD,2017-03-13,B,1,1,1,483,stop,-1.15935,0.005020
EURUSD,2017-03-13,Bmirror,-1,1,1,483,close,6.36273,0.005020
EURUSD,2017-03-14,A,1,1,-1,1129,close,-0.16410,0.005019
EURUSD,2017-03-15,A,-1,-1,-1,1080,stop,-1.03276,0.004902
EURUSD,2017-03-15,B,1,-1,-1,802,target,12.23679,0.004902
EURUSD,2017-03-15,Bmirror,-1,-1,-1,802,stop,-1.16321,0.004902
EURUSD,2017-03-16,B,-1,1,1,864,stop,-1.14267,0.005607
EURUSD,2017-03-16,Bmirror,1,1,1,864,stop,-1.14267,0.005607
EURUSD,2017-03-17,A,1,1,1,724,target,0.71151,0.005592
EURUSD,2017-03-20,B,1,1,1,980,stop,-1.14270,0.005606
EURUSD,2017-03-20,Bmirror,-1,1,1,980,close,0.85356,0.005606
EURUSD,2017-03-21,A,-1,1,-1,431,stop,-1.02877,0.005584
EURUSD,2017-03-22,B,-1,1,1,407,stop,-1.13911,0.005751
EURUSD,2017-03-22,Bmirror,1,1,1,407,stop,-1.13911,0.005751
EURUSD,2017-03-24,B,-1,1,-1,488,stop,-1.14254,0.005613
EURUSD,2017-03-24,Bmirror,1,1,-1,488,close,2.26984,0.005613
EURUSD,2017-03-27,A,-1,1,1,807,target,0.71100,0.005539
EURUSD,2017-03-28,A,1,1,1,1140,close,-0.20389,0.005517
EURUSD,2017-03-29,A,1,1,-1,770,stop,-1.02948,0.005406
EURUSD,2017-03-30,A,1,1,-1,839,target,0.71127,0.005546
EURUSD,2017-03-30,B,-1,1,-1,471,target,12.25576,0.005546
EURUSD,2017-03-30,Bmirror,1,1,-1,471,stop,-1.14424,0.005546
EURUSD,2017-04-04,B,-1,-1,-1,989,stop,-1.13786,0.005803
EURUSD,2017-04-04,Bmirror,1,-1,-1,989,stop,-1.13786,0.005803
EURUSD,2017-04-06,B,-1,1,-1,631,stop,-1.13931,0.005742
EURUSD,2017-04-06,Bmirror,1,1,-1,631,stop,-1.13931,0.005742
EURUSD,2017-04-07,A,1,1,-1,1075,close,-0.26211,0.005733
EURUSD,2017-04-07,B,1,1,-1,818,stop,-1.13954,0.005733
EURUSD,2017-04-07,Bmirror,-1,1,-1,818,close,8.43207,0.005733
EURUSD,2017-04-12,A,-1,-1,1,1218,stop,-1.03065,0.005241
EURUSD,2017-04-13,A,1,-1,1,769,close,-0.41630,0.005364
EURUSD,2017-04-17,A,-1,-1,-1,494,target,0.70799,0.005017
EURUSD,2017-04-18,A,-1,-1,1,761,stop,-1.03198,0.005022
EURUSD,2017-04-20,A,-1,-1,-1,546,stop,-1.03520,0.004561
EURUSD,2017-04-20,B,1,-1,-1,1130,close,0.00874,0.004561
EURUSD,2017-04-20,Bmirror,-1,-1,-1,1130,stop,-1.17541,0.004561
EURUSD,2017-04-21,B,1,-1,-1,603,stop,-1.17800,0.004494
EURUSD,2017-04-21,Bmirror,-1,-1,-1,603,stop,-1.17800,0.004494
EURUSD,2017-04-24,A,1,1,1,91,target,0.71133,0.005558
EURUSD,2017-04-25,A,-1,1,-1,901,stop,-1.02883,0.005572
EURUSD,2017-04-26,A,1,1,1,700,target,0.71100,0.005495
EURUSD,2017-04-27,A,1,1,-1,847,target,0.71097,0.005489
EURUSD,2017-04-27,B,-1,1,-1,815,stop,-1.14574,0.005489
EURUSD,2017-04-27,Bmirror,1,1,-1,815,stop,-1.14574,0.005489
EURUSD,2017-04-28,A,-1,1,-1,600,stop,-1.02891,0.005557
EURUSD,2017-05-02,B,-1,1,1,1017,stop,-1.14622,0.005471
EURUSD,2017-05-02,Bmirror,1,1,1,1017,stop,-1.14622,0.005471
EURUSD,2017-05-03,A,1,1,1,1230,close,-0.09839,0.005364
EURUSD,2017-05-04,A,-1,1,-1,624,stop,-1.03014,0.005329
EURUSD,2017-05-05,B,-1,1,1,813,stop,-1.15122,0.005290
EURUSD,2017-05-05,Bmirror,1,1,1,813,stop,-1.15122,0.005290
EURUSD,2017-05-08,A,1,1,-1,603,stop,-1.03047,0.005231
EURUSD,2017-05-08,B,-1,1,-1,399,target,12.24707,0.005231
EURUSD,2017-05-08,Bmirror,1,1,-1,399,stop,-1.15293,0.005231
EURUSD,2017-05-09,A,1,1,-1,774,target,0.71088,0.005473
EURUSD,2017-05-09,B,-1,1,-1,541,close,8.48314,0.005473
EURUSD,2017-05-09,Bmirror,1,1,-1,541,stop,-1.14618,0.005473
EURUSD,2017-05-10,B,-1,1,-1,801,close,2.29395,0.005580
EURUSD,2017-05-10,Bmirror,1,1,-1,801,stop,-1.14337,0.005580
EURUSD,2017-05-11,B,1,1,-1,760,stop,-1.14314,0.005589
EURUSD,2017-05-11,Bmirror,-1,1,-1,760,stop,-1.14314,0.005589
EURUSD,2017-05-12,A,-1,1,-1,823,close,-0.78588,0.005547
EURUSD,2017-05-15,A,-1,1,-1,720,close,-0.17420,0.005508
EURUSD,2017-05-16,A,-1,1,1,492,stop,-1.02879,0.005580
EURUSD,2017-05-17,A,-1,1,1,932,close,-0.52431,0.005953
EURUSD,2017-05-17,B,1,1,1,498,stop,-1.13438,0.005953
EURUSD,2017-05-17,Bmirror,-1,1,1,498,stop,-1.13438,0.005953
EURUSD,2017-05-18,A,1,1,1,643,target,0.71328,0.005961
EURUSD,2017-05-19,A,-1,1,-1,586,stop,-1.02691,0.005971
EURUSD,2017-05-22,A,-1,1,0,891,target,0.71394,0.006169
EURUSD,2017-05-22,B,-1,1,0,659,stop,-1.12969,0.006169
EURUSD,2017-05-22,Bmirror,1,1,0,659,stop,-1.12969,0.006169
EURUSD,2017-05-23,A,1,1,1,1046,close,-0.18039,0.006162
EURUSD,2017-05-23,B,1,1,1,717,stop,-1.12983,0.006162
EURUSD,2017-05-23,Bmirror,-1,1,1,717,stop,-1.12983,0.006162
EURUSD,2017-05-25,B,1,1,1,667,stop,-1.13098,0.006108
EURUSD,2017-05-25,Bmirror,-1,1,1,667,stop,-1.13098,0.006108
EURUSD,2017-05-26,A,1,1,-1,853,close,0.53203,0.006114
EURUSD,2017-05-26,B,-1,1,-1,483,stop,-1.13085,0.006114
EURUSD,2017-05-26,Bmirror,1,1,-1,483,stop,-1.13085,0.006114
EURUSD,2017-05-30,A,-1,1,-1,764,target,0.71049,0.005443
EURUSD,2017-05-30,B,-1,1,-1,507,stop,-1.14697,0.005443
EURUSD,2017-05-30,Bmirror,1,1,-1,507,close,7.58831,0.005443
EURUSD,2017-05-31,A,-1,1,1,689,stop,-1.03002,0.005350
EURUSD,2017-05-31,B,1,1,1,563,target,12.25047,0.005350
EURUSD,2017-05-31,Bmirror,-1,1,1,563,stop,-1.14953,0.005350
EURUSD,2017-06-02,A,-1,1,-1,814,close,-0.66458,0.005370
EURUSD,2017-06-07,A,1,1,1,674,target,0.71111,0.005515
EURUSD,2017-06-07,B,-1,1,1,940,close,3.35981,0.005515
EURUSD,2017-06-07,Bmirror,1,1,1,940,stop,-1.14506,0.005515
EURUSD,2017-06-08,A,1,1,-1,818,target,0.71069,0.005438
EURUSD,2017-06-08,B,-1,1,-1,765,close,7.07300,0.005438
EURUSD,2017-06-08,Bmirror,1,1,-1,765,stop,-1.14713,0.005438
EURUSD,2017-06-09,B,-1,1,-1,275,stop,-1.15025,0.005324
EURUSD,2017-06-09,Bmirror,1,1,-1,275,stop,-1.15025,0.005324
EURUSD,2017-06-12,B,1,1,1,892,stop,-1.15034,0.005321
EURUSD,2017-06-12,Bmirror,-1,1,1,892,stop,-1.15034,0.005321
EURUSD,2017-06-13,B,1,-1,-1,709,stop,-1.15750,0.005079
EURUSD,2017-06-13,Bmirror,-1,-1,-1,709,stop,-1.15750,0.005079
EURUSD,2017-06-14,A,-1,1,1,813,stop,-1.03243,0.004951
EURUSD,2017-06-14,B,1,1,1,1175,stop,-1.16158,0.004951
EURUSD,2017-06-14,Bmirror,-1,1,1,1175,stop,-1.16158,0.004951
EURUSD,2017-06-15,A,1,-1,1,639,stop,-1.03239,0.004923
EURUSD,2017-06-16,A,-1,-1,-1,913,close,-0.28954,0.005150
EURUSD,2017-06-19,A,1,-1,1,1006,close,-0.52357,0.005060
EURUSD,2017-06-19,B,-1,-1,1,699,stop,-1.15810,0.005060
EURUSD,2017-06-19,Bmirror,1,-1,1,699,stop,-1.15810,0.005060
EURUSD,2017-06-21,B,1,-1,-1,860,close,6.34574,0.004572
EURUSD,2017-06-21,Bmirror,-1,-1,-1,860,stop,-1.17496,0.004572
EURUSD,2017-06-23,A,-1,-1,-1,550,target,0.70245,0.004274
EURUSD,2017-06-26,B,-1,-1,1,811,stop,-1.20727,0.003860
EURUSD,2017-06-26,Bmirror,1,-1,1,811,stop,-1.20727,0.003860
EURUSD,2017-06-27,A,-1,-1,-1,548,stop,-1.04210,0.003811
EURUSD,2017-06-28,A,1,1,1,797,target,0.70768,0.004932
EURUSD,2017-06-28,A,-1,1,1,527,target,0.70744,0.004932
EURUSD,2017-06-28,B,1,1,1,797,stop,-1.16221,0.004932
EURUSD,2017-06-28,Bmirror,-1,1,1,797,stop,-1.16221,0.004932
EURUSD,2017-06-29,A,-1,1,1,193,target,0.70750,0.004941
EURUSD,2017-06-30,A,1,1,1,573,target,0.70861,0.005077
EURUSD,2017-07-03,A,1,1,1,550,close,-0.67401,0.005040
EURUSD,2017-07-04,B,-1,1,-1,467,stop,-1.15672,0.005105
EURUSD,2017-07-04,Bmirror,1,1,-1,467,stop,-1.15672,0.005105
EURUSD,2017-07-05,B,-1,1,-1,1140,close,0.22358,0.005089
EURUSD,2017-07-05,Bmirror,1,1,-1,1140,stop,-1.15721,0.005089
EURUSD,2017-07-06,A,-1,1,-1,796,stop,-1.03255,0.004933
EURUSD,2017-07-06,B,-1,1,-1,487,stop,-1.16216,0.004933
EURUSD,2017-07-06,Bmirror,1,1,-1,487,stop,-1.16216,0.004933
EURUSD,2017-07-11,A,-1,1,-1,1052,stop,-1.03253,0.004937
EURUSD,2017-07-12,A,1,1,1,847,stop,-1.03116,0.005116
EURUSD,2017-07-12,B,-1,1,1,816,stop,-1.15638,0.005116
EURUSD,2017-07-12,Bmirror,1,1,1,816,stop,-1.15638,0.005116
EURUSD,2017-07-13,A,1,1,-1,730,target,0.70952,0.005229
EURUSD,2017-07-13,B,1,1,-1,535,stop,-1.15298,0.005229
EURUSD,2017-07-13,Bmirror,-1,1,-1,535,stop,-1.15298,0.005229
EURUSD,2017-07-14,A,-1,1,-1,810,stop,-1.03146,0.005106
EURUSD,2017-07-17,B,-1,1,1,766,stop,-1.15185,0.005269
EURUSD,2017-07-17,Bmirror,1,1,1,766,stop,-1.15185,0.005269
EURUSD,2017-07-18,A,-1,1,1,129,stop,-1.03051,0.005264
EURUSD,2017-07-20,A,1,1,-1,778,target,0.71079,0.005456
EURUSD,2017-07-20,A,-1,1,-1,903,stop,-1.02944,0.005456
EURUSD,2017-07-20,B,-1,1,-1,823,stop,-1.14663,0.005456
EURUSD,2017-07-20,Bmirror,1,1,-1,823,stop,-1.14663,0.005456
EURUSD,2017-07-21,A,-1,1,1,470,target,0.71080,0.005501
EURUSD,2017-07-24,A,1,1,1,1035,close,0.47010,0.005468
EURUSD,2017-07-25,A,-1,1,-1,792,target,0.71016,0.005384
EURUSD,2017-07-26,A,-1,1,1,1145,stop,-1.03007,0.005342
EURUSD,2017-07-26,B,-1,1,1,689,stop,-1.14977,0.005342
EURUSD,2017-07-26,Bmirror,1,1,1,689,stop,-1.14977,0.005342
EURUSD,2017-07-27,A,1,1,1,925,stop,-1.02893,0.005508
EURUSD,2017-07-27,B,1,1,1,425,stop,-1.14524,0.005508
EURUSD,2017-07-27,Bmirror,-1,1,1,425,stop,-1.14524,0.005508
EURUSD,2017-07-28,A,-1,1,-1,810,close,-0.53751,0.005628
EURUSD,2017-07-31,A,-1,1,1,1018,stop,-1.02832,0.005673
EURUSD,2017-07-31,B,-1,1,1,920,stop,-1.14102,0.005673
EURUSD,2017-07-31,Bmirror,1,1,1,920,stop,-1.14102,0.005673
EURUSD,2017-08-01,B,-1,1,1,902,stop,-1.14006,0.005712
EURUSD,2017-08-01,Bmirror,1,1,1,902,stop,-1.14006,0.005712
EURUSD,2017-08-02,A,-1,1,-1,569,target,0.70755,0.004949
EURUSD,2017-08-03,B,1,1,1,840,stop,-1.16104,0.004968
EURUSD,2017-08-03,Bmirror,-1,1,1,840,stop,-1.16104,0.004968
EURUSD,2017-08-04,A,1,1,1,811,target,0.70723,0.004865
EURUSD,2017-08-07,B,1,1,1,840,close,1.27974,0.005342
EURUSD,2017-08-07,Bmirror,-1,1,1,840,stop,-1.14976,0.005342
EURUSD,2017-08-08,A,1,1,1,930,stop,-1.03099,0.005144
EURUSD,2017-08-08,B,1,1,1,907,stop,-1.15552,0.005144
EURUSD,2017-08-08,Bmirror,-1,1,1,907,target,12.24448,0.005144
EURUSD,2017-08-09,A,1,1,-1,853,target,0.70933,0.005196
EURUSD,2017-08-09,B,-1,1,-1,485,close,-0.17033,0.005196
EURUSD,2017-08-09,Bmirror,1,1,-1,485,stop,-1.15397,0.005196
EURUSD,2017-08-10,A,1,1,1,525,target,0.70931,0.005193
EURUSD,2017-08-10,B,-1,1,1,1180,stop,-1.15406,0.005193
EURUSD,2017-08-10,Bmirror,1,1,1,1180,close,1.56503,0.005193
EURUSD,2017-08-11,A,-1,1,1,811,target,0.70830,0.005066
EURUSD,2017-08-14,A,1,1,0,903,close,0.08482,0.005086
EURUSD,2017-08-15,A,1,1,-1,487,target,0.70933,0.005197
EURUSD,2017-08-16,A,1,1,-1,547,target,0.70902,0.005144
EURUSD,2017-08-16,B,-1,1,-1,581,stop,-1.15552,0.005144
EURUSD,2017-08-16,Bmirror,1,1,-1,581,stop,-1.15552,0.005144
EURUSD,2017-08-17,A,1,1,1,585,stop,-1.03181,0.005011
EURUSD,2017-08-18,A,-1,1,-1,604,target,0.70862,0.005118
EURUSD,2017-08-18,B,1,1,-1,538,close,5.45814,0.005118
EURUSD,2017-08-18,Bmirror,-1,1,-1,538,stop,-1.15630,0.005118
EURUSD,2017-08-21,A,-1,1,-1,900,stop,-1.03221,0.004986
EURUSD,2017-08-21,B,-1,1,-1,709,stop,-1.16046,0.004986
EURUSD,2017-08-21,Bmirror,1,1,-1,709,target,12.23954,0.004986
EURUSD,2017-08-22,A,1,1,1,607,close,-0.14372,0.005063
EURUSD,2017-08-23,A,-1,1,-1,902,close,-0.00232,0.005006
EURUSD,2017-08-23,B,-1,1,-1,510,stop,-1.15982,0.005006
EURUSD,2017-08-23,Bmirror,1,1,-1,510,stop,-1.15982,0.005006
EURUSD,2017-08-24,B,-1,-1,1,1084,close,1.69484,0.005023
EURUSD,2017-08-24,Bmirror,1,-1,1,1084,stop,-1.15927,0.005023
EURUSD,2017-08-25,A,-1,-1,-1,901,stop,-1.03434,0.004675
EURUSD,2017-08-25,B,-1,-1,-1,659,stop,-1.17111,0.004675
EURUSD,2017-08-25,Bmirror,1,-1,-1,659,stop,-1.17111,0.004675
EURUSD,2017-08-28,B,-1,1,1,957,stop,-1.15547,0.005146
EURUSD,2017-08-28,Bmirror,1,1,1,957,close,4.20231,0.005146
EURUSD,2017-08-29,A,-1,1,1,477,stop,-1.03169,0.005068
EURUSD,2017-08-30,A,1,1,1,751,stop,-1.03145,0.005068
EURUSD,2017-08-31,A,1,1,-1,665,target,0.70876,0.005102
EURUSD,2017-08-31,B,-1,1,-1,480,stop,-1.15679,0.005102
EURUSD,2017-08-31,Bmirror,1,1,-1,480,stop,-1.15679,0.005102
EURUSD,2017-09-01,A,1,1,1,891,target,0.70800,0.004982
EURUSD,2017-09-01,A,-1,1,1,810,target,0.70777,0.004982
EURUSD,2017-09-01,B,-1,1,1,660,stop,-1.16058,0.004982
EURUSD,2017-09-01,Bmirror,1,1,1,660,stop,-1.16058,0.004982
EURUSD,2017-09-05,A,-1,1,1,946,target,0.70661,0.004808
EURUSD,2017-09-05,B,-1,1,1,682,stop,-1.16637,0.004808
EURUSD,2017-09-05,Bmirror,1,1,1,682,stop,-1.16637,0.004808
EURUSD,2017-09-06,B,1,1,1,742,stop,-1.16693,0.004792
EURUSD,2017-09-06,Bmirror,-1,1,1,742,stop,-1.16693,0.004792
EURUSD,2017-09-07,A,-1,1,1,587,stop,-1.03402,0.004720
EURUSD,2017-09-08,A,-1,1,1,228,target,0.70796,0.005012
EURUSD,2017-09-08,B,1,1,1,957,close,2.47988,0.005012
EURUSD,2017-09-08,Bmirror,-1,1,1,957,stop,-1.15962,0.005012
EURUSD,2017-09-11,A,1,1,-1,848,stop,-1.03509,0.004545
EURUSD,2017-09-11,B,-1,1,-1,565,stop,-1.17603,0.004545
EURUSD,2017-09-11,Bmirror,1,1,-1,565,stop,-1.17603,0.004545
EURUSD,2017-09-12,B,-1,1,-1,918,stop,-1.17002,0.004705
EURUSD,2017-09-12,Bmirror,1,1,-1,918,stop,-1.17002,0.004705
EURUSD,2017-09-13,A,1,1,1,906,stop,-1.03435,0.004642
EURUSD,2017-09-13,B,1,1,1,481,stop,-1.17233,0.004642
EURUSD,2017-09-13,Bmirror,-1,1,1,481,stop,-1.17233,0.004642
EURUSD,2017-09-14,A,1,1,-1,810,target,0.70760,0.004921
EURUSD,2017-09-14,B,-1,1,-1,510,stop,-1.16257,0.004921
EURUSD,2017-09-14,Bmirror,1,1,-1,510,stop,-1.16257,0.004921
EURUSD,2017-09-15,A,-1,1,1,757,target,0.70748,0.004937
EURUSD,2017-09-18,B,-1,1,-1,600,stop,-1.16467,0.004858
EURUSD,2017-09-18,Bmirror,1,1,-1,600,stop,-1.16467,0.004858
EURUSD,2017-09-19,A,-1,1,1,430,target,0.70632,0.004767
EURUSD,2017-09-19,B,1,1,1,746,close,6.46408,0.004767
EURUSD,2017-09-19,Bmirror,-1,1,1,746,stop,-1.16782,0.004767
EURUSD,2017-09-20,A,1,1,1,1144,stop,-1.03386,0.004709
EURUSD,2017-09-20,B,1,1,1,820,stop,-1.16988,0.004709
EURUSD,2017-09-20,Bmirror,-1,1,1,820,stop,-1.16988,0.004709
EURUSD,2017-09-21,A,-1,-1,-1,976,close,-0.25334,0.005139
EURUSD,2017-09-21,B,-1,-1,-1,281,stop,-1.15568,0.005139
EURUSD,2017-09-21,Bmirror,1,-1,-1,281,stop,-1.15568,0.005139
EURUSD,2017-09-22,A,-1,-1,1,510,target,0.70849,0.005097
EURUSD,2017-09-22,B,1,-1,1,1074,close,1.02616,0.005097
EURUSD,2017-09-22,Bmirror,-1,-1,1,1074,stop,-1.15697,0.005097
EURUSD,2017-09-25,A,1,1,-1,712,stop,-1.03126,0.005099
EURUSD,2017-09-26,A,1,-1,-1,558,stop,-1.03078,0.005178
EURUSD,2017-09-27,A,1,-1,-1,498,target,0.70973,0.005266
EURUSD,2017-09-28,A,-1,-1,-1,865,close,0.03283,0.005266
EURUSD,2017-09-29,A,-1,-1,1,817,target,0.70984,0.005326
EURUSD,2017-10-02,A,1,-1,-1,383,stop,-1.03339,0.004775
EURUSD,2017-10-03,B,-1,-1,-1,510,stop,-1.16222,0.004932
EURUSD,2017-10-03,Bmirror,1,-1,-1,510,stop,-1.16222,0.004932
EURUSD,2017-10-04,A,-1,-1,1,772,target,0.70743,0.004930
EURUSD,2017-10-05,A,1,-1,1,860,close,-0.31597,0.004747
EURUSD,2017-10-06,B,-1,-1,-1,684,stop,-1.16645,0.004806
EURUSD,2017-10-06,Bmirror,1,-1,-1,684,stop,-1.16645,0.004806
EURUSD,2017-10-10,A,-1,-1,1,174,stop,-1.03413,0.004705
EURUSD,2017-10-11,A,-1,-1,1,875,close,-0.27168,0.004896
EURUSD,2017-10-11,B,1,-1,1,633,stop,-1.16338,0.004896
EURUSD,2017-10-11,Bmirror,-1,-1,1,633,stop,-1.16338,0.004896
EURUSD,2017-10-13,B,-1,-1,-1,810,stop,-1.17145,0.004666
EURUSD,2017-10-13,Bmirror,1,-1,-1,810,stop,-1.17145,0.004666
EURUSD,2017-10-16,B,-1,-1,-1,730,stop,-1.17219,0.004646
EURUSD,2017-10-16,Bmirror,1,-1,-1,730,stop,-1.17219,0.004646
EURUSD,2017-10-17,A,1,-1,-1,839,target,0.70494,0.004548
EURUSD,2017-10-18,B,-1,-1,-1,824,stop,-1.17579,0.004551
EURUSD,2017-10-18,Bmirror,1,-1,-1,824,stop,-1.17579,0.004551
EURUSD,2017-10-19,A,-1,-1,1,682,close,-0.75413,0.004367
EURUSD,2017-10-19,B,1,-1,1,242,stop,-1.18317,0.004367
EURUSD,2017-10-19,Bmirror,-1,-1,1,242,stop,-1.18317,0.004367
EURUSD,2017-10-20,A,1,1,1,186,stop,-1.03570,0.004467
EURUSD,2017-10-23,B,-1,-1,-1,1017,close,2.13503,0.004603
EURUSD,2017-10-23,Bmirror,1,-1,-1,1017,stop,-1.17381,0.004603
EURUSD,2017-10-24,A,-1,-1,-1,1202,target,0.70501,0.004588
EURUSD,2017-10-24,B,1,-1,-1,485,stop,-1.17438,0.004588
EURUSD,2017-10-24,Bmirror,-1,-1,-1,485,stop,-1.17438,0.004588
EURUSD,2017-10-25,A,-1,-1,1,914,close,-0.38598,0.004523
EURUSD,2017-10-26,A,1,1,1,766,stop,-1.03770,0.004230
EURUSD,2017-10-26,B,1,1,1,511,stop,-1.18911,0.004230
EURUSD,2017-10-26,Bmirror,-1,1,1,511,stop,-1.18911,0.004230
EURUSD,2017-10-27,A,1,-1,-1,810,target,0.70941,0.005211
EURUSD,2017-10-30,A,-1,-1,-1,1186,close,-0.00590,0.005223
EURUSD,2017-10-30,B,1,-1,-1,782,close,7.12257,0.005223
EURUSD,2017-10-30,Bmirror,-1,-1,-1,782,stop,-1.15318,0.005223
EURUSD,2017-10-31,B,-1,-1,1,926,stop,-1.15336,0.005216
EURUSD,2017-10-31,Bmirror,1,-1,1,926,stop,-1.15336,0.005216
EURUSD,2017-11-01,A,1,-1,1,816,target,0.70864,0.005083
EURUSD,2017-11-01,B,-1,-1,1,477,stop,-1.15739,0.005083
EURUSD,2017-11-01,Bmirror,1,-1,1,477,stop,-1.15739,0.005083
EURUSD,2017-11-02,A,-1,-1,-1,845,target,0.70803,0.005024
EURUSD,2017-11-02,B,1,-1,-1,529,close,4.58236,0.005024
EURUSD,2017-11-02,Bmirror,-1,-1,-1,529,stop,-1.15925,0.005024
EURUSD,2017-11-03,A,1,-1,1,877,close,-0.21679,0.004997
EURUSD,2017-11-03,B,1,-1,1,776,stop,-1.16009,0.004997
EURUSD,2017-11-03,Bmirror,-1,-1,1,776,close,8.16438,0.004997
EURUSD,2017-11-06,B,-1,-1,1,1085,close,0.81870,0.005017
EURUSD,2017-11-06,Bmirror,1,-1,1,1085,stop,-1.15946,0.005017
EURUSD,2017-11-07,A,1,-1,-1,524,target,0.70705,0.004839
EURUSD,2017-11-09,A,-1,-1,-1,701,target,0.70666,0.004817
EURUSD,2017-11-10,B,-1,-1,1,570,stop,-1.16473,0.004857
EURUSD,2017-11-10,Bmirror,1,-1,1,570,stop,-1.16473,0.004857
EURUSD,2017-11-13,B,-1,-1,-1,797,stop,-1.16503,0.004848
EURUSD,2017-11-13,Bmirror,1,-1,-1,797,stop,-1.16503,0.004848
EURUSD,2017-11-14,A,-1,-1,1,532,stop,-1.03312,0.004848
EURUSD,2017-11-15,A,-1,1,1,530,target,0.70963,0.005288
EURUSD,2017-11-15,B,1,1,1,1006,close,-0.03901,0.005288
EURUSD,2017-11-15,Bmirror,-1,1,1,1006,stop,-1.15128,0.005288
EURUSD,2017-11-16,B,-1,1,-1,880,close,2.00731,0.005183
EURUSD,2017-11-16,Bmirror,1,1,-1,880,stop,-1.15436,0.005183
EURUSD,2017-11-17,B,1,1,-1,815,close,1.86937,0.005158
EURUSD,2017-11-17,Bmirror,-1,1,-1,815,stop,-1.15509,0.005158
EURUSD,2017-11-20,A,-1,1,-1,500,target,0.70950,0.005266
EURUSD,2017-11-20,B,1,1,-1,999,stop,-1.15192,0.005266
EURUSD,2017-11-20,Bmirror,-1,1,-1,999,stop,-1.15192,0.005266
EURUSD,2017-11-21,B,-1,1,1,615,stop,-1.15207,0.005261
EURUSD,2017-11-21,Bmirror,1,1,1,615,stop,-1.15207,0.005261
EURUSD,2017-11-22,A,-1,1,1,913,stop,-1.03063,0.005244
EURUSD,2017-11-22,B,1,1,1,748,target,12.24744,0.005244
EURUSD,2017-11-22,Bmirror,-1,1,1,748,stop,-1.15256,0.005244
EURUSD,2017-11-24,A,-1,1,1,830,stop,-1.02997,0.005360
EURUSD,2017-11-27,B,1,1,-1,552,stop,-1.14844,0.005389
EURUSD,2017-11-27,Bmirror,-1,1,-1,552,stop,-1.14844,0.005389
EURUSD,2017-11-28,A,1,1,-1,1100,close,-0.50079,0.005407
EURUSD,2017-11-29,B,1,1,-1,649,stop,-1.14480,0.005525
EURUSD,2017-11-29,Bmirror,-1,1,-1,649,stop,-1.14480,0.005525
EURUSD,2017-11-30,A,-1,1,1,898,close,-0.16545,0.005441
EURUSD,2017-11-30,B,1,1,1,497,stop,-1.14704,0.005441
EURUSD,2017-11-30,Bmirror,-1,1,1,497,stop,-1.14704,0.005441
EURUSD,2017-12-01,A,1,1,1,901,target,0.70271,0.004277
EURUSD,2017-12-01,A,-1,1,1,506,target,0.70247,0.004277
EURUSD,2017-12-01,B,1,1,1,606,stop,-1.18704,0.004277
EURUSD,2017-12-01,Bmirror,-1,1,1,606,stop,-1.18704,0.004277
EURUSD,2017-12-04,B,1,1,-1,427,stop,-1.18673,0.004284
EURUSD,2017-12-04,Bmirror,-1,1,-1,427,stop,-1.18673,0.004284
EURUSD,2017-12-05,A,1,1,1,835,stop,-1.03783,0.004216
EURUSD,2017-12-05,B,-1,1,1,674,stop,-1.18975,0.004216
EURUSD,2017-12-05,Bmirror,1,1,1,674,stop,-1.18975,0.004216
EURUSD,2017-12-06,A,1,1,-1,886,close,0.06752,0.004302
EURUSD,2017-12-07,B,-1,1,-1,1089,stop,-1.18570,0.004308
EURUSD,2017-12-07,Bmirror,1,1,-1,1089,stop,-1.18570,0.004308
EURUSD,2017-12-08,A,1,-1,-1,585,target,0.70322,0.004337
EURUSD,2017-12-11,A,-1,-1,-1,906,target,0.70189,0.004211
EURUSD,2017-12-12,A,1,-1,1,860,close,0.11012,0.004208
EURUSD,2017-12-13,A,-1,1,-1,1140,stop,-1.03763,0.004265
EURUSD,2017-12-13,B,1,1,-1,467,stop,-1.18757,0.004265
EURUSD,2017-12-13,Bmirror,-1,1,-1,467,stop,-1.18757,0.004265
EURUSD,2017-12-14,A,1,1,1,894,close,-0.72174,0.004593
EURUSD,2017-12-14,B,-1,1,1,510,stop,-1.17419,0.004593
EURUSD,2017-12-14,Bmirror,1,1,1,510,stop,-1.17419,0.004593
EURUSD,2017-12-15,B,1,1,-1,885,stop,-1.17038,0.004695
EURUSD,2017-12-15,Bmirror,-1,1,-1,885,stop,-1.17038,0.004695
EURUSD,2017-12-18,A,-1,-1,-1,521,stop,-1.03401,0.004721
EURUSD,2017-12-19,A,-1,-1,1,775,close,-0.55732,0.004778
EURUSD,2017-12-20,A,-1,-1,1,917,stop,-1.03801,0.004223
EURUSD,2017-12-20,B,1,-1,1,717,stop,-1.18946,0.004223
EURUSD,2017-12-20,Bmirror,-1,-1,1,717,stop,-1.18946,0.004223
EURUSD,2017-12-21,B,-1,-1,1,983,close,0.50146,0.004281
EURUSD,2017-12-21,Bmirror,1,-1,1,983,stop,-1.18687,0.004281
EURUSD,2017-12-22,B,-1,1,-1,366,stop,-1.18548,0.004313
EURUSD,2017-12-22,Bmirror,1,1,-1,366,stop,-1.18548,0.004313
EURUSD,2017-12-26,B,-1,-1,1,875,stop,-1.19293,0.004147
EURUSD,2017-12-26,Bmirror,1,-1,1,875,stop,-1.19293,0.004147
EURUSD,2017-12-27,A,-1,-1,-1,701,close,0.20523,0.004161
EURUSD,2017-12-28,A,-1,1,1,472,close,-0.33469,0.004228
EURUSD,2017-12-29,A,-1,1,1,553,stop,-1.03948,0.004065
EURUSD,2018-01-02,A,-1,1,1,519,stop,-1.04121,0.003894
EURUSD,2018-01-03,A,1,1,1,631,stop,-1.03992,0.003996
EURUSD,2018-01-04,A,-1,1,-1,608,stop,-1.03915,0.004099
EURUSD,2018-01-05,A,1,1,1,852,target,0.70054,0.004042
EURUSD,2018-01-05,B,-1,1,1,810,stop,-1.19791,0.004042
EURUSD,2018-01-05,Bmirror,1,1,1,810,stop,-1.19791,0.004042
EURUSD,2018-01-08,A,1,1,1,460,stop,-1.03938,0.004051
EURUSD,2018-01-09,A,1,1,-1,612,close,0.15609,0.004273
EURUSD,2018-01-10,A,-1,1,-1,639,stop,-1.03752,0.004278
EURUSD,2018-01-10,B,1,1,-1,358,stop,-1.18702,0.004278
EURUSD,2018-01-10,Bmirror,-1,1,-1,358,stop,-1.18702,0.004278
EURUSD,2018-01-11,A,-1,1,1,763,stop,-1.03731,0.004302
EURUSD,2018-01-11,B,-1,1,1,750,stop,-1.18595,0.004302
EURUSD,2018-01-11,Bmirror,1,1,1,750,stop,-1.18595,0.004302
EURUSD,2018-01-12,A,-1,1,1,518,stop,-1.03561,0.004509
EURUSD,2018-01-15,A,-1,1,-1,318,target,0.70893,0.005170
EURUSD,2018-01-16,A,1,1,1,431,target,0.70983,0.005282
EURUSD,2018-01-16,B,-1,1,1,487,stop,-1.15146,0.005282
EURUSD,2018-01-16,Bmirror,1,1,1,487,stop,-1.15146,0.005282
EURUSD,2018-01-17,A,1,1,1,413,target,0.70977,0.005272
EURUSD,2018-01-17,A,-1,1,1,48,target,0.70953,0.005272
EURUSD,2018-01-17,B,1,1,1,176,stop,-1.15174,0.005272
EURUSD,2018-01-17,Bmirror,-1,1,1,176,stop,-1.15174,0.005272
EURUSD,2018-01-18,A,-1,1,-1,663,close,-0.23957,0.005641
EURUSD,2018-01-19,A,-1,1,1,534,target,0.71135,0.005608
EURUSD,2018-01-19,B,1,1,1,846,stop,-1.14265,0.005608
EURUSD,2018-01-19,Bmirror,-1,1,1,846,stop,-1.14265,0.005608
EURUSD,2018-01-22,B,-1,1,1,620,stop,-1.15335,0.005217
EURUSD,2018-01-22,Bmirror,1,1,1,620,stop,-1.15335,0.005217
EURUSD,2018-01-23,A,-1,1,1,941,target,0.70890,0.005164
EURUSD,2018-01-23,B,-1,1,1,672,stop,-1.15491,0.005164
EURUSD,2018-01-23,Bmirror,1,1,1,672,stop,-1.15491,0.005164
EURUSD,2018-01-24,A,-1,1,1,797,stop,-1.03099,0.005183
EURUSD,2018-01-24,B,1,1,1,414,stop,-1.15435,0.005183
EURUSD,2018-01-24,Bmirror,-1,1,1,414,stop,-1.15435,0.005183
EURUSD,2018-01-25,A,-1,1,1,353,target,0.70971,0.005303
EURUSD,2018-01-25,B,1,1,1,517,target,12.24914,0.005303
EURUSD,2018-01-25,Bmirror,-1,1,1,517,stop,-1.15086,0.005303
EURUSD,2018-01-26,A,-1,1,-1,365,stop,-1.03045,0.005275
EURUSD,2018-01-29,A,1,1,1,738,stop,-1.03058,0.005212
EURUSD,2018-01-30,A,-1,1,-1,682,target,0.71007,0.005366
EURUSD,2018-01-30,B,-1,1,-1,539,stop,-1.14908,0.005366
EURUSD,2018-01-30,Bmirror,1,1,-1,539,close,3.08700,0.005366
EURUSD,2018-01-31,A,-1,1,1,465,target,0.71007,0.005367
EURUSD,2018-01-31,B,1,1,1,1076,stop,-1.14906,0.005367
EURUSD,2018-01-31,Bmirror,-1,1,1,1076,stop,-1.14906,0.005367
EURUSD,2018-02-01,A,-1,1,1,940,stop,-1.03011,0.005335
EURUSD,2018-02-01,B,-1,1,1,488,stop,-1.14995,0.005335
EURUSD,2018-02-01,Bmirror,1,1,1,488,target,12.25005,0.005335
EURUSD,2018-02-02,A,1,1,1,813,stop,-1.02902,0.005490
EURUSD,2018-02-05,A,1,1,-1,1184,target,0.71147,0.005585
EURUSD,2018-02-05,B,1,1,-1,719,stop,-1.14325,0.005585
EURUSD,2018-02-05,Bmirror,-1,1,-1,719,close,11.27938,0.005585
EURUSD,2018-02-06,A,-1,1,-1,489,target,0.71253,0.005849
EURUSD,2018-02-06,B,1,1,-1,723,stop,-1.13677,0.005849
EURUSD,2018-02-06,Bmirror,-1,1,-1,723,stop,-1.13677,0.005849
EURUSD,2018-02-07,A,1,1,1,848,stop,-1.02748,0.005798
EURUSD,2018-02-08,A,1,1,-1,761,target,0.71395,0.006115
EURUSD,2018-02-08,B,-1,1,-1,804,stop,-1.13083,0.006115
EURUSD,2018-02-08,Bmirror,1,1,-1,804,stop,-1.13083,0.006115
EURUSD,2018-02-09,B,-1,-1,-1,786,stop,-1.13217,0.006053
EURUSD,2018-02-09,Bmirror,1,-1,-1,786,stop,-1.13217,0.006053
EURUSD,2018-02-12,B,1,1,1,799,stop,-1.13327,0.006003
EURUSD,2018-02-12,Bmirror,-1,1,1,799,stop,-1.13327,0.006003
EURUSD,2018-02-13,A,-1,1,1,740,target,0.71261,0.005867
EURUSD,2018-02-14,A,1,1,1,810,target,0.71264,0.005823
EURUSD,2018-02-14,A,-1,1,1,960,stop,-1.02760,0.005823
EURUSD,2018-02-14,B,1,1,1,584,stop,-1.13740,0.005823
EURUSD,2018-02-14,Bmirror,-1,1,1,584,stop,-1.13740,0.005823
EURUSD,2018-02-15,B,1,1,1,708,stop,-1.13110,0.006102
EURUSD,2018-02-15,Bmirror,-1,1,1,708,stop,-1.13110,0.006102
EURUSD,2018-02-16,A,1,1,1,840,stop,-1.02675,0.005955
EURUSD,2018-02-16,B,1,1,1,627,stop,-1.13435,0.005955
EURUSD,2018-02-16,Bmirror,-1,1,1,627,target,12.26565,0.005955
EURUSD,2018-02-19,B,-1,1,1,1070,close,0.42999,0.005635
EURUSD,2018-02-19,Bmirror,1,1,1,1070,stop,-1.14198,0.005635
EURUSD,2018-02-20,A,1,-1,-1,495,close,-0.41755,0.005490
EURUSD,2018-02-21,A,1,-1,-1,1210,close,0.01380,0.005638
EURUSD,2018-02-21,B,-1,-1,-1,599,stop,-1.14190,0.005638
EURUSD,2018-02-21,Bmirror,1,-1,-1,599,stop,-1.14190,0.005638
EURUSD,2018-02-22,A,-1,-1,-1,849,close,-0.05182,0.005463
EURUSD,2018-02-22,B,1,-1,-1,753,stop,-1.14644,0.005463
EURUSD,2018-02-22,Bmirror,-1,-1,-1,753,stop,-1.14644,0.005463
EURUSD,2018-02-26,A,-1,-1,-1,573,target,0.71041,0.005429
EURUSD,2018-02-26,B,1,-1,-1,908,stop,-1.14736,0.005429
EURUSD,2018-02-26,Bmirror,-1,-1,-1,908,stop,-1.14736,0.005429
EURUSD,2018-02-27,A,1,-1,1,902,stop,-1.02924,0.005450
EURUSD,2018-02-27,B,1,-1,1,704,stop,-1.14680,0.005450
EURUSD,2018-02-27,Bmirror,-1,-1,1,704,target,12.25320,0.005450
EURUSD,2018-02-28,B,-1,-1,-1,602,close,4.44875,0.005612
EURUSD,2018-02-28,Bmirror,1,-1,-1,602,stop,-1.14256,0.005612
EURUSD,2018-03-01,A,-1,-1,-1,1189,stop,-1.02980,0.005390
EURUSD,2018-03-01,B,-1,-1,-1,842,stop,-1.14843,0.005390
EURUSD,2018-03-01,Bmirror,1,-1,-1,842,stop,-1.14843,0.005390
EURUSD,2018-03-02,A,-1,-1,1,763,target,0.71145,0.005628
EURUSD,2018-03-05,B,-1,1,-1,529,stop,-1.14152,0.005653
EURUSD,2018-03-05,Bmirror,1,1,-1,529,stop,-1.14152,0.005653
EURUSD,2018-03-06,A,-1,1,1,692,close,-0.51803,0.005598
EURUSD,2018-03-06,B,1,1,1,408,stop,-1.14292,0.005598
EURUSD,2018-03-06,Bmirror,-1,1,1,408,stop,-1.14292,0.005598
EURUSD,2018-03-07,B,1,1,1,717,stop,-1.13872,0.005767
EURUSD,2018-03-07,Bmirror,-1,1,1,717,stop,-1.13872,0.005767
EURUSD,2018-03-08,A,1,1,-1,897,stop,-1.02763,0.005766
EURUSD,2018-03-08,B,-1,1,-1,766,stop,-1.13876,0.005766
EURUSD,2018-03-08,Bmirror,1,1,-1,766,stop,-1.13876,0.005766
EURUSD,2018-03-09,B,-1,-1,-1,815,stop,-1.13800,0.005797
EURUSD,2018-03-09,Bmirror,1,-1,-1,815,stop,-1.13800,0.005797
EURUSD,2018-03-12,B,1,-1,1,637,stop,-1.13964,0.005729
EURUSD,2018-03-12,Bmirror,-1,-1,1,637,stop,-1.13964,0.005729
EURUSD,2018-03-13,A,-1,-1,1,923,close,-0.10547,0.005581
EURUSD,2018-03-14,B,-1,-1,1,750,close,3.44543,0.005669
EURUSD,2018-03-14,Bmirror,1,-1,1,750,stop,-1.14111,0.005669
EURUSD,2018-03-15,A,1,-1,-1,824,close,-0.72317,0.005273
EURUSD,2018-03-16,B,1,-1,-1,780,stop,-1.14716,0.005436
EURUSD,2018-03-16,Bmirror,-1,-1,-1,780,close,2.31919,0.005436
EURUSD,2018-03-19,A,-1,-1,-1,950,close,-0.17014,0.005447
EURUSD,2018-03-20,A,1,1,1,736,stop,-1.02912,0.005472
EURUSD,2018-03-21,A,-1,-1,-1,1080,target,0.71143,0.005623
EURUSD,2018-03-22,A,1,1,1,973,target,0.71112,0.005517
EURUSD,2018-03-22,B,1,1,1,555,stop,-1.14501,0.005517
EURUSD,2018-03-22,Bmirror,-1,1,1,555,stop,-1.14501,0.005517
EURUSD,2018-03-23,A,-1,1,-1,1129,close,0.59726,0.005477
EURUSD,2018-03-23,B,1,1,-1,458,close,4.12096,0.005477
EURUSD,2018-03-23,Bmirror,-1,1,-1,458,stop,-1.14607,0.005477
EURUSD,2018-03-26,A,-1,1,1,649,stop,-1.03053,0.005261
EURUSD,2018-03-27,A,1,1,1,722,close,0.01510,0.005492
EURUSD,2018-03-28,A,1,1,-1,865,stop,-1.02940,0.005420
EURUSD,2018-03-28,B,-1,1,-1,581,target,12.25241,0.005420
EURUSD,2018-03-28,Bmirror,1,1,-1,581,stop,-1.14759,0.005420
EURUSD,2018-03-29,B,1,-1,-1,475,stop,-1.14220,0.005626
EURUSD,2018-03-29,Bmirror,-1,-1,-1,475,stop,-1.14220,0.005626
EURUSD,2018-04-02,B,1,1,-1,903,stop,-1.14426,0.005546
EURUSD,2018-04-02,Bmirror,-1,1,-1,903,stop,-1.14426,0.005546
EURUSD,2018-04-03,B,1,-1,-1,702,stop,-1.14463,0.005531
EURUSD,2018-04-03,Bmirror,-1,-1,-1,702,stop,-1.14463,0.005531
EURUSD,2018-04-04,B,1,-1,-1,790,close,0.63373,0.005295
EURUSD,2018-04-04,Bmirror,-1,-1,-1,790,stop,-1.15108,0.005295
EURUSD,2018-04-05,A,1,-1,1,810,target,0.70965,0.005251
EURUSD,2018-04-06,A,-1,-1,-1,1208,close,0.28424,0.005093
EURUSD,2018-04-06,B,-1,-1,-1,634,stop,-1.15709,0.005093
EURUSD,2018-04-06,Bmirror,1,-1,-1,634,stop,-1.15709,0.005093
EURUSD,2018-04-09,A,-1,-1,-1,855,close,-0.06429,0.005063
EURUSD,2018-04-10,A,-1,1,1,752,target,0.70871,0.005134
EURUSD,2018-04-11,B,1,1,1,1145,stop,-1.16134,0.004958
EURUSD,2018-04-11,Bmirror,-1,1,1,1145,stop,-1.16134,0.004958
EURUSD,2018-04-12,A,1,1,1,772,close,0.02821,0.004966
EURUSD,2018-04-13,B,-1,1,-1,884,stop,-1.17307,0.004622
EURUSD,2018-04-13,Bmirror,1,1,-1,884,stop,-1.17307,0.004622
EURUSD,2018-04-16,A,-1,1,-1,635,close,-0.30937,0.004623
EURUSD,2018-04-17,A,1,1,1,932,target,0.70602,0.004692
EURUSD,2018-04-17,B,1,1,1,600,stop,-1.17049,0.004692
EURUSD,2018-04-17,Bmirror,-1,1,1,600,close,1.86056,0.004692
EURUSD,2018-04-18,B,-1,1,-1,554,stop,-1.17449,0.004585
EURUSD,2018-04-18,Bmirror,1,1,-1,554,stop,-1.17449,0.004585
EURUSD,2018-04-19,A,1,-1,1,1001,target,0.70514,0.004575
EURUSD,2018-04-19,B,1,-1,1,570,stop,-1.17487,0.004575
EURUSD,2018-04-19,Bmirror,-1,-1,1,570,stop,-1.17487,0.004575
EURUSD,2018-04-20,A,1,-1,-1,628,stop,-1.03594,0.004437
EURUSD,2018-04-23,A,1,-1,-1,599,stop,-1.03508,0.004546
EURUSD,2018-04-24,B,-1,-1,-1,202,stop,-1.17401,0.004597
EURUSD,2018-04-24,Bmirror,1,-1,-1,202,stop,-1.17401,0.004597
EURUSD,2018-04-25,A,1,-1,1,501,target,0.70313,0.004325
EURUSD,2018-04-26,A,1,-1,-1,912,stop,-1.03942,0.004046
EURUSD,2018-04-26,A,-1,-1,-1,835,target,0.70034,0.004046
EURUSD,2018-04-26,B,1,-1,-1,501,stop,-1.19772,0.004046
EURUSD,2018-04-26,Bmirror,-1,-1,-1,501,stop,-1.19772,0.004046
EURUSD,2018-04-27,A,1,-1,-1,503,target,0.70187,0.004183
EURUSD,2018-04-27,B,-1,-1,-1,936,stop,-1.19126,0.004183
EURUSD,2018-04-27,Bmirror,1,-1,-1,936,stop,-1.19126,0.004183
EURUSD,2018-04-30,A,1,-1,-1,739,target,0.70161,0.004155
EURUSD,2018-05-01,A,1,-1,-1,551,stop,-1.04200,0.003798
EURUSD,2018-05-02,A,1,-1,-1,939,target,0.70050,0.004038
EURUSD,2018-05-02,A,-1,-1,-1,506,target,0.70026,0.004038
EURUSD,2018-05-02,B,1,-1,-1,884,stop,-1.19810,0.004038
EURUSD,2018-05-02,Bmirror,-1,-1,-1,884,stop,-1.19810,0.004038
EURUSD,2018-05-03,A,-1,-1,-1,355,target,0.69716,0.003745
EURUSD,2018-05-03,B,1,-1,-1,953,stop,-1.21360,0.003745
EURUSD,2018-05-03,Bmirror,-1,-1,-1,953,stop,-1.21360,0.003745
EURUSD,2018-05-04,A,1,-1,1,842,stop,-1.04159,0.003836
EURUSD,2018-05-04,B,-1,-1,1,810,stop,-1.20853,0.003836
EURUSD,2018-05-04,Bmirror,1,-1,1,810,stop,-1.20853,0.003836
EURUSD,2018-05-07,A,1,-1,-1,485,stop,-1.04195,0.003803
EURUSD,2018-05-07,B,1,-1,-1,325,stop,-1.21033,0.003803
EURUSD,2018-05-07,Bmirror,-1,-1,-1,325,target,12.18967,0.003803
EURUSD,2018-05-08,A,1,-1,-1,570,stop,-1.04158,0.003837
EURUSD,2018-05-09,A,1,-1,-1,498,target,0.69957,0.003945
EURUSD,2018-05-09,A,-1,-1,-1,834,target,0.69933,0.003945
EURUSD,2018-05-09,B,-1,-1,-1,605,stop,-1.20276,0.003945
EURUSD,2018-05-09,Bmirror,1,-1,-1,605,stop,-1.20276,0.003945
EURUSD,2018-05-10,A,-1,-1,-1,696,stop,-1.04098,0.003916
EURUSD,2018-05-10,B,1,-1,-1,421,target,12.19571,0.003916
EURUSD,2018-05-10,Bmirror,-1,-1,-1,421,stop,-1.20429,0.003916
EURUSD,2018-05-11,A,-1,-1,1,832,target,0.70143,0.004161
EURUSD,2018-05-11,B,-1,-1,1,545,stop,-1.19226,0.004161
EURUSD,2018-05-11,Bmirror,1,-1,1,545,stop,-1.19226,0.004161
EURUSD,2018-05-14,A,-1,-1,1,529,target,0.70114,0.004129
EURUSD,2018-05-14,B,1,-1,1,1131,stop,-1.19373,0.004129
EURUSD,2018-05-14,Bmirror,-1,-1,1,1131,close,4.04251,0.004129
EURUSD,2018-05-15,A,1,-1,-1,732,stop,-1.04018,0.003971
EURUSD,2018-05-15,B,-1,-1,-1,459,stop,-1.20147,0.003971
EURUSD,2018-05-15,Bmirror,1,-1,-1,459,stop,-1.20147,0.003971
EURUSD,2018-05-16,A,1,-1,-1,752,target,0.70279,0.004287
EURUSD,2018-05-16,B,1,-1,-1,618,stop,-1.18663,0.004287
EURUSD,2018-05-16,Bmirror,-1,-1,-1,618,close,1.82684,0.004287
EURUSD,2018-05-17,A,1,-1,-1,690,target,0.70254,0.004258
EURUSD,2018-05-17,B,1,-1,-1,386,stop,-1.18787,0.004258
EURUSD,2018-05-17,Bmirror,-1,-1,-1,386,stop,-1.18787,0.004258
EURUSD,2018-05-18,A,1,-1,-1,850,target,0.70235,0.004236
EURUSD,2018-05-18,B,1,-1,-1,616,stop,-1.18884,0.004236
EURUSD,2018-05-18,Bmirror,-1,-1,-1,616,close,5.39353,0.004236
EURUSD,2018-05-21,A,1,-1,-1,475,target,0.70222,0.004222
EURUSD,2018-05-21,B,-1,-1,-1,824,stop,-1.18948,0.004222
EURUSD,2018-05-21,Bmirror,1,-1,-1,824,stop,-1.18948,0.004222
EURUSD,2018-05-22,A,1,-1,1,475,target,0.70112,0.004103
EURUSD,2018-05-22,B,-1,-1,1,509,stop,-1.19500,0.004103
EURUSD,2018-05-22,Bmirror,1,-1,1,509,stop,-1.19500,0.004103
EURUSD,2018-05-23,A,1,-1,-1,481,stop,-1.03890,0.004100
EURUSD,2018-05-24,A,-1,-1,-1,570,target,0.70196,0.004219
EURUSD,2018-05-25,A,1,-1,1,769,stop,-1.03730,0.004276
EURUSD,2018-05-25,B,-1,-1,1,577,stop,-1.18708,0.004276
EURUSD,2018-05-25,Bmirror,1,-1,1,577,stop,-1.18708,0.004276
EURUSD,2018-05-28,A,1,-1,1,663,stop,-1.03537,0.004509
EURUSD,2018-05-28,A,-1,-1,1,411,target,0.70440,0.004509
EURUSD,2018-05-28,B,1,-1,1,526,stop,-1.17743,0.004509
EURUSD,2018-05-28,Bmirror,-1,-1,1,526,stop,-1.17743,0.004509
EURUSD,2018-05-29,A,1,-1,-1,462,stop,-1.03550,0.004492
EURUSD,2018-05-30,A,-1,-1,-1,478,stop,-1.03493,0.004597
EURUSD,2018-05-30,B,-1,-1,-1,336,stop,-1.17404,0.004597
EURUSD,2018-05-30,Bmirror,1,-1,-1,336,stop,-1.17404,0.004597
EURUSD,2018-05-31,A,-1,-1,1,525,target,0.70997,0.005349
EURUSD,2018-05-31,B,1,-1,1,459,stop,-1.14956,0.005349
EURUSD,2018-05-31,Bmirror,-1,-1,1,459,stop,-1.14956,0.005349
EURUSD,2018-06-01,A,1,-1,1,810,target,0.71038,0.005381
EURUSD,2018-06-01,B,-1,-1,1,659,stop,-1.14867,0.005381
EURUSD,2018-06-01,Bmirror,1,-1,1,659,stop,-1.14867,0.005381
EURUSD,2018-06-04,A,-1,-1,1,501,target,0.71011,0.005375
EURUSD,2018-06-05,B,-1,-1,1,1021,stop,-1.14697,0.005443
EURUSD,2018-06-05,Bmirror,1,-1,1,1021,stop,-1.14697,0.005443
EURUSD,2018-06-06,A,-1,-1,1,504,target,0.70946,0.005259
EURUSD,2018-06-06,B,1,-1,1,480,close,8.65755,0.005259
EURUSD,2018-06-06,Bmirror,-1,-1,1,480,stop,-1.15212,0.005259
EURUSD,2018-06-07,A,-1,-1,1,519,target,0.71027,0.005403
EURUSD,2018-06-08,A,1,-1,1,664,target,0.71031,0.005368
EURUSD,2018-06-11,A,-1,-1,1,493,target,0.71012,0.005376
EURUSD,2018-06-12,B,-1,1,1,482,stop,-1.14980,0.005341
EURUSD,2018-06-12,Bmirror,1,1,1,482,stop,-1.14980,0.005341
EURUSD,2018-06-13,A,-1,-1,-1,1079,target,0.70936,0.005243
EURUSD,2018-06-13,B,1,-1,-1,1145,stop,-1.15259,0.005243
EURUSD,2018-06-13,Bmirror,-1,-1,-1,1145,stop,-1.15259,0.005243
EURUSD,2018-06-14,A,1,1,1,774,stop,-1.02975,0.005356
EURUSD,2018-06-14,A,-1,1,1,765,target,0.71001,0.005356
EURUSD,2018-06-14,B,1,1,1,767,stop,-1.14936,0.005356
EURUSD,2018-06-14,Bmirror,-1,1,1,767,stop,-1.14936,0.005356
EURUSD,2018-06-15,B,-1,-1,-1,529,stop,-1.12076,0.006625
EURUSD,2018-06-15,Bmirror,1,-1,-1,529,stop,-1.12076,0.006625
EURUSD,2018-06-18,B,-1,-1,-1,601,stop,-1.12084,0.006620
EURUSD,2018-06-18,Bmirror,1,-1,-1,601,close,3.65731,0.006620
EURUSD,2018-06-19,A,1,-1,1,564,target,0.71610,0.006661
EURUSD,2018-06-20,B,-1,-1,-1,830,stop,-1.12556,0.006372
EURUSD,2018-06-20,Bmirror,1,-1,-1,830,stop,-1.12556,0.006372
EURUSD,2018-06-21,A,1,-1,-1,590,target,0.71500,0.006371
EURUSD,2018-06-21,A,-1,-1,-1,946,target,0.71477,0.006371
EURUSD,2018-06-21,B,-1,-1,-1,825,stop,-1.12557,0.006371
EURUSD,2018-06-21,Bmirror,1,-1,-1,825,close,3.34531,0.006371
EURUSD,2018-06-22,A,-1,1,1,481,target,0.71495,0.006417
EURUSD,2018-06-25,B,-1,-1,1,564,stop,-1.12318,0.006494
EURUSD,2018-06-25,Bmirror,1,-1,1,564,stop,-1.12318,0.006494
EURUSD,2018-06-26,A,1,1,1,1097,close,-0.02913,0.006504
EURUSD,2018-06-27,A,1,-1,-1,959,stop,-1.02422,0.006573
EURUSD,2018-06-28,B,-1,-1,-1,517,stop,-1.12053,0.006638
EURUSD,2018-06-28,Bmirror,1,-1,-1,517,stop,-1.12053,0.006638
EURUSD,2018-06-29,A,-1,-1,1,219,stop,-1.02426,0.006627
EURUSD,2018-07-02,A,1,-1,-1,841,target,0.71687,0.006881
EURUSD,2018-07-04,B,-1,-1,1,1039,stop,-1.12152,0.006583
EURUSD,2018-07-04,Bmirror,1,-1,1,1039,stop,-1.12152,0.006583
EURUSD,2018-07-05,A,-1,-1,-1,795,target,0.71373,0.006118
EURUSD,2018-07-06,A,-1,-1,1,813,close,-0.07830,0.006097
EURUSD,2018-07-09,B,1,1,1,516,stop,-1.13081,0.006116
EURUSD,2018-07-09,Bmirror,-1,1,1,516,stop,-1.13081,0.006116
EURUSD,2018-07-10,A,1,1,1,722,target,0.71379,0.006077
EURUSD,2018-07-11,A,1,1,-1,1086,close,-0.28345,0.006072
EURUSD,2018-07-11,B,-1,1,-1,794,stop,-1.13175,0.006072
EURUSD,2018-07-11,Bmirror,1,1,-1,794,stop,-1.13175,0.006072
EURUSD,2018-07-12,B,-1,1,-1,819,stop,-1.13209,0.006057
EURUSD,2018-07-12,Bmirror,1,1,-1,819,stop,-1.13209,0.006057
EURUSD,2018-07-13,B,-1,1,-1,951,stop,-1.13230,0.006047
EURUSD,2018-07-13,Bmirror,1,1,-1,951,close,3.07209,0.006047
EURUSD,2018-07-17,A,1,1,1,1032,close,0.08221,0.006076
EURUSD,2018-07-17,B,1,1,1,736,stop,-1.13166,0.006076
EURUSD,2018-07-17,Bmirror,-1,1,1,736,close,6.72623,0.006076
EURUSD,2018-07-18,A,1,-1,-1,771,target,0.71404,0.006135
EURUSD,2018-07-18,B,-1,-1,-1,1031,close,2.47026,0.006135
EURUSD,2018-07-18,Bmirror,1,-1,-1,1031,stop,-1.13040,0.006135
EURUSD,2018-07-19,A,1,-1,-1,724,target,0.71361,0.006035
EURUSD,2018-07-19,B,-1,-1,-1,1095,stop,-1.13256,0.006035
EURUSD,2018-07-19,Bmirror,1,-1,-1,1095,stop,-1.13256,0.006035
EURUSD,2018-07-20,A,-1,-1,1,823,stop,-1.03732,0.004301
EURUSD,2018-07-20,B,-1,-1,1,185,stop,-1.18600,0.004301
EURUSD,2018-07-20,Bmirror,1,-1,1,185,stop,-1.18600,0.004301
EURUSD,2018-07-23,A,1,1,1,634,target,0.70465,0.004511
EURUSD,2018-07-23,B,-1,1,1,511,stop,-1.17733,0.004511
EURUSD,2018-07-23,Bmirror,1,1,1,511,stop,-1.17733,0.004511
EURUSD,2018-07-24,B,-1,1,-1,510,stop,-1.17481,0.004576
EURUSD,2018-07-24,Bmirror,1,1,-1,510,stop,-1.17481,0.004576
EURUSD,2018-07-25,A,-1,1,-1,1242,close,-0.34413,0.004527
EURUSD,2018-07-25,B,1,1,-1,943,stop,-1.17671,0.004527
EURUSD,2018-07-25,Bmirror,-1,1,-1,943,stop,-1.17671,0.004527
EURUSD,2018-07-26,A,1,1,1,845,stop,-1.03462,0.004606
EURUSD,2018-07-30,A,-1,-1,1,885,close,-0.15845,0.004840
EURUSD,2018-07-31,B,1,-1,1,850,stop,-1.16364,0.004889
EURUSD,2018-07-31,Bmirror,-1,-1,1,850,stop,-1.16364,0.004889
EURUSD,2018-08-02,A,1,-1,-1,549,stop,-1.03584,0.004450
EURUSD,2018-08-03,B,-1,-1,-1,730,stop,-1.16940,0.004722
EURUSD,2018-08-03,Bmirror,1,-1,-1,730,stop,-1.16940,0.004722
EURUSD,2018-08-06,B,-1,-1,-1,927,stop,-1.19708,0.004059
EURUSD,2018-08-06,Bmirror,1,-1,-1,927,stop,-1.19708,0.004059
EURUSD,2018-08-07,A,-1,-1,-1,602,close,-0.34610,0.004011
EURUSD,2018-08-08,B,1,-1,1,544,stop,-1.19558,0.004090
EURUSD,2018-08-08,Bmirror,-1,-1,1,544,stop,-1.19558,0.004090
EURUSD,2018-08-09,A,1,-1,1,515,target,0.70108,0.004098
EURUSD,2018-08-10,A,1,-1,-1,369,stop,-1.03624,0.004401
EURUSD,2018-08-13,B,-1,-1,-1,432,stop,-1.17120,0.004673
EURUSD,2018-08-13,Bmirror,1,-1,-1,432,stop,-1.17120,0.004673
EURUSD,2018-08-14,A,1,-1,1,976,stop,-1.03406,0.004682
EURUSD,2018-08-14,B,1,-1,1,572,stop,-1.17087,0.004682
EURUSD,2018-08-14,Bmirror,-1,-1,1,572,stop,-1.17087,0.004682
EURUSD,2018-08-15,A,1,-1,-1,749,target,0.70652,0.004763
EURUSD,2018-08-15,B,-1,-1,-1,1100,close,0.53498,0.004763
EURUSD,2018-08-15,Bmirror,1,-1,-1,1100,stop,-1.16797,0.004763
EURUSD,2018-08-16,A,-1,-1,-1,290,target,0.70562,0.004670
EURUSD,2018-08-17,A,-1,-1,1,548,target,0.70609,0.004735
EURUSD,2018-08-20,A,1,-1,1,690,target,0.70762,0.004923
EURUSD,2018-08-20,B,-1,-1,1,925,stop,-1.16249,0.004923
EURUSD,2018-08-20,Bmirror,1,-1,1,925,stop,-1.16249,0.004923
EURUSD,2018-08-21,A,-1,-1,1,93,target,0.70807,0.005030
EURUSD,2018-08-21,B,1,-1,1,811,target,12.24095,0.005030
EURUSD,2018-08-21,Bmirror,-1,-1,1,811,stop,-1.15905,0.005030
EURUSD,2018-08-22,A,-1,-1,1,801,target,0.70937,0.005244
EURUSD,2018-08-23,A,1,-1,1,241,target,0.70971,0.005262
EURUSD,2018-08-24,A,-1,-1,-1,737,stop,-1.02990,0.005373
EURUSD,2018-08-27,A,-1,1,1,956,close,-0.16995,0.005404
EURUSD,2018-08-27,B,1,1,1,153,stop,-1.14805,0.005404
EURUSD,2018-08-27,Bmirror,-1,1,1,153,stop,-1.14805,0.005404
EURUSD,2018-08-28,A,-1,1,1,894,target,0.71054,0.005454
EURUSD,2018-08-29,B,-1,1,1,900,stop,-1.14657,0.005458
EURUSD,2018-08-29,Bmirror,1,1,1,900,stop,-1.14657,0.005458
EURUSD,2018-08-30,A,1,1,1,863,close,0.22921,0.005372
EURUSD,2018-08-30,B,-1,1,1,697,close,5.95674,0.005372
EURUSD,2018-08-30,Bmirror,1,1,1,697,stop,-1.14891,0.005372
EURUSD,2018-08-31,A,1,1,-1,978,stop,-1.03102,0.005138
EURUSD,2018-08-31,B,1,1,-1,672,stop,-1.15569,0.005138
EURUSD,2018-08-31,Bmirror,-1,1,-1,672,stop,-1.15569,0.005138
EURUSD,2018-09-03,B,1,1,-1,660,close,3.54619,0.005269
EURUSD,2018-09-03,Bmirror,-1,1,-1,660,stop,-1.15182,0.005269
EURUSD,2018-09-04,A,1,1,1,514,stop,-1.03069,0.005193
EURUSD,2018-09-05,A,-1,1,-1,857,target,0.70921,0.005217
EURUSD,2018-09-05,B,1,1,-1,425,stop,-1.15334,0.005217
EURUSD,2018-09-05,Bmirror,-1,1,-1,425,stop,-1.15334,0.005217
EURUSD,2018-09-06,B,1,1,1,338,stop,-1.15093,0.005301
EURUSD,2018-09-06,Bmirror,-1,1,1,338,stop,-1.15093,0.005301
EURUSD,2018-09-07,A,1,1,-1,817,stop,-1.03142,0.005073
EURUSD,2018-09-07,B,1,1,-1,715,stop,-1.15770,0.005073
EURUSD,2018-09-07,Bmirror,-1,1,-1,715,target,12.24230,0.005073
EURUSD,2018-09-10,A,-1,1,1,839,close,0.17740,0.005266
EURUSD,2018-09-10,B,-1,1,1,515,stop,-1.15193,0.005266
EURUSD,2018-09-10,Bmirror,1,1,1,515,close,6.20857,0.005266
EURUSD,2018-09-11,A,-1,1,1,497,target,0.70981,0.005320
EURUSD,2018-09-11,B,1,1,1,663,stop,-1.15037,0.005320
EURUSD,2018-09-11,Bmirror,-1,1,1,663,stop,-1.15037,0.005320
EURUSD,2018-09-12,A,-1,1,1,978,target,0.70942,0.005252
EURUSD,2018-09-12,B,-1,1,1,520,stop,-1.15232,0.005252
EURUSD,2018-09-12,Bmirror,1,1,1,520,stop,-1.15232,0.005252
EURUSD,2018-09-13,A,-1,1,1,824,close,-0.57643,0.005272
EURUSD,2018-09-14,A,1,1,1,1021,close,-0.78097,0.005064
EURUSD,2018-09-14,B,1,1,1,766,stop,-1.15797,0.005064
EURUSD,2018-09-14,Bmirror,-1,1,1,766,stop,-1.15797,0.005064
EURUSD,2018-09-17,A,-1,1,1,770,stop,-1.03415,0.004701
EURUSD,2018-09-18,A,-1,1,1,432,target,0.70625,0.004758
EURUSD,2018-09-18,B,1,1,1,1048,stop,-1.16814,0.004758
EURUSD,2018-09-18,Bmirror,-1,1,1,1048,stop,-1.16814,0.004758
EURUSD,2018-09-19,B,-1,1,1,380,stop,-1.17500,0.004571
EURUSD,2018-09-19,Bmirror,1,1,1,380,stop,-1.17500,0.004571
EURUSD,2018-09-20,A,-1,-1,-1,677,stop,-1.03507,0.004577
EURUSD,2018-09-21,A,1,1,1,865,target,0.70776,0.004945
EURUSD,2018-09-21,B,1,1,1,510,stop,-1.16178,0.004945
EURUSD,2018-09-21,Bmirror,-1,1,1,510,stop,-1.16178,0.004945
EURUSD,2018-09-24,A,-1,1,-1,847,target,0.70728,0.004907
EURUSD,2018-09-24,B,-1,1,-1,496,stop,-1.16303,0.004907
EURUSD,2018-09-24,Bmirror,1,1,-1,496,stop,-1.16303,0.004907
EURUSD,2018-09-25,A,-1,1,1,908,target,0.70672,0.004825
EURUSD,2018-09-25,B,1,1,1,549,stop,-1.16580,0.004825
EURUSD,2018-09-25,Bmirror,-1,1,1,549,stop,-1.16580,0.004825
EURUSD,2018-09-26,A,1,1,1,876,target,0.70524,0.004587
EURUSD,2018-09-26,B,-1,1,1,1128,stop,-1.17442,0.004587
EURUSD,2018-09-26,Bmirror,1,1,1,1128,stop,-1.17442,0.004587
EURUSD,2018-09-27,A,1,1,-1,379,stop,-1.03468,0.004598
EURUSD,2018-09-28,A,1,1,-1,663,target,0.70820,0.005013
EURUSD,2018-10-01,A,1,-1,1,1007,close,0.46828,0.004791
EURUSD,2018-10-01,B,-1,-1,1,596,stop,-1.16699,0.004791
EURUSD,2018-10-01,Bmirror,1,-1,1,596,stop,-1.16699,0.004791
EURUSD,2018-10-02,A,1,1,-1,445,stop,-1.03394,0.004698
EURUSD,2018-10-03,A,1,-1,-1,1082,stop,-1.03392,0.004701
EURUSD,2018-10-03,A,-1,-1,-1,190,target,0.70584,0.004701
EURUSD,2018-10-03,B,1,-1,-1,722,stop,-1.17019,0.004701
EURUSD,2018-10-03,Bmirror,-1,-1,-1,722,target,12.22981,0.004701
EURUSD,2018-10-04,A,-1,-1,-1,869,target,0.70688,0.004848
EURUSD,2018-10-04,B,-1,-1,-1,456,stop,-1.16503,0.004848
EURUSD,2018-10-04,Bmirror,1,-1,-1,456,stop,-1.16503,0.004848
EURUSD,2018-10-05,B,-1,-1,1,810,stop,-1.16480,0.004854
EURUSD,2018-10-05,Bmirror,1,-1,1,810,stop,-1.16480,0.004854
EURUSD,2018-10-08,A,1,-1,1,542,close,0.21867,0.004722
EURUSD,2018-10-09,A,1,-1,-1,655,target,0.70634,0.004737
EURUSD,2018-10-09,B,-1,-1,-1,1107,stop,-1.16888,0.004737
EURUSD,2018-10-09,Bmirror,1,-1,-1,1107,stop,-1.16888,0.004737
EURUSD,2018-10-10,A,-1,-1,1,1005,target,0.70583,0.004699
EURUSD,2018-10-10,B,1,-1,1,491,stop,-1.17025,0.004699
EURUSD,2018-10-10,Bmirror,-1,-1,1,491,stop,-1.17025,0.004699
EURUSD,2018-10-11,A,-1,-1,1,696,target,0.70557,0.004663
EURUSD,2018-10-11,B,1,-1,1,485,close,10.66598,0.004663
EURUSD,2018-10-11,Bmirror,-1,-1,1,485,stop,-1.17155,0.004663
EURUSD,2018-10-12,A,1,-1,1,856,close,0.28101,0.004810
EURUSD,2018-10-15,A,-1,-1,-1,654,close,0.42529,0.004634
EURUSD,2018-10-16,B,1,-1,1,913,stop,-1.17335,0.004615
EURUSD,2018-10-16,Bmirror,-1,-1,1,913,stop,-1.17335,0.004615
EURUSD,2018-10-17,A,1,-1,-1,741,stop,-1.03455,0.004616
EURUSD,2018-10-17,B,-1,-1,-1,545,target,12.22668,0.004616
EURUSD,2018-10-17,Bmirror,1,-1,-1,545,stop,-1.17332,0.004616
EURUSD,2018-10-18,A,1,-1,-1,1132,close,-0.23855,0.004809
EURUSD,2018-10-18,B,1,-1,-1,843,stop,-1.16636,0.004809
EURUSD,2018-10-18,Bmirror,-1,-1,-1,843,stop,-1.16636,0.004809
EURUSD,2018-10-19,A,-1,-1,-1,959,stop,-1.03437,0.004672
EURUSD,2018-10-19,B,-1,-1,-1,607,stop,-1.17124,0.004672
EURUSD,2018-10-19,Bmirror,1,-1,-1,607,stop,-1.17124,0.004672
EURUSD,2018-10-22,A,1,-1,-1,882,close,-0.30107,0.004703
EURUSD,2018-10-22,B,1,-1,-1,610,stop,-1.17009,0.004703
EURUSD,2018-10-22,Bmirror,-1,-1,-1,610,close,8.56575,0.004703
EURUSD,2018-10-23,B,-1,-1,-1,479,stop,-1.17145,0.004666
EURUSD,2018-10-23,Bmirror,1,-1,-1,479,stop,-1.17145,0.004666
EURUSD,2018-10-24,A,1,-1,1,510,stop,-1.03421,0.004661
EURUSD,2018-10-25,A,1,-1,-1,1134,close,0.54982,0.004830
EURUSD,2018-10-25,B,1,-1,-1,518,stop,-1.16562,0.004830
EURUSD,2018-10-25,Bmirror,-1,-1,-1,518,stop,-1.16562,0.004830
EURUSD,2018-10-26,A,1,-1,-1,759,target,0.70219,0.004218
EURUSD,2018-10-26,A,-1,-1,-1,1034,target,0.70195,0.004218
EURUSD,2018-10-26,B,-1,-1,-1,930,stop,-1.18965,0.004218
EURUSD,2018-10-26,Bmirror,1,-1,-1,930,stop,-1.18965,0.004218
EURUSD,2018-10-29,A,1,-1,-1,561,target,0.70277,0.004283
EURUSD,2018-10-29,B,-1,-1,-1,610,stop,-1.18677,0.004283
EURUSD,2018-10-29,Bmirror,1,-1,-1,610,stop,-1.18677,0.004283
EURUSD,2018-10-30,B,-1,-1,-1,781,stop,-1.18703,0.004277
EURUSD,2018-10-30,Bmirror,1,-1,-1,781,stop,-1.18703,0.004277
EURUSD,2018-10-31,A,1,-1,-1,978,target,0.70247,0.004250
EURUSD,2018-10-31,B,-1,-1,-1,930,close,6.17929,0.004250
EURUSD,2018-10-31,Bmirror,1,-1,-1,930,stop,-1.18825,0.004250
EURUSD,2018-11-01,A,-1,-1,-1,406,stop,-1.03765,0.004263
EURUSD,2018-11-02,A,-1,-1,1,429,target,0.70231,0.004259
EURUSD,2018-11-02,B,1,-1,1,942,stop,-1.18784,0.004259
EURUSD,2018-11-02,Bmirror,-1,-1,1,942,close,3.06546,0.004259
EURUSD,2018-11-05,A,1,-1,1,774,target,0.70241,0.004243
EURUSD,2018-11-05,B,-1,-1,1,892,stop,-1.18852,0.004243
EURUSD,2018-11-05,Bmirror,1,-1,1,892,stop,-1.18852,0.004243
EURUSD,2018-11-06,B,1,-1,1,1005,close,3.64270,0.004232
EURUSD,2018-11-06,Bmirror,-1,-1,1,1005,stop,-1.18903,0.004232
EURUSD,2018-11-07,A,1,-1,1,84,target,0.70274,0.004281
EURUSD,2018-11-07,A,-1,-1,1,544,target,0.70251,0.004281
EURUSD,2018-11-07,B,1,-1,1,75,stop,-1.18688,0.004281
EURUSD,2018-11-07,Bmirror,-1,-1,1,75,stop,-1.18688,0.004281
EURUSD,2018-11-08,A,1,-1,-1,1070,stop,-1.03910,0.004080
EURUSD,2018-11-08,B,-1,-1,-1,463,stop,-1.19610,0.004080
EURUSD,2018-11-08,Bmirror,1,-1,-1,463,stop,-1.19610,0.004080
EURUSD,2018-11-09,A,1,-1,-1,484,target,0.70208,0.004206
EURUSD,2018-11-12,A,1,-1,-1,401,stop,-1.03771,0.004229
EURUSD,2018-11-13,A,-1,-1,-1,749,stop,-1.03481,0.004612
EURUSD,2018-11-13,B,1,-1,-1,621,target,12.22654,0.004612
EURUSD,2018-11-13,Bmirror,-1,-1,-1,621,stop,-1.17346,0.004612
EURUSD,2018-11-14,A,1,-1,1,590,target,0.70815,0.005004
EURUSD,2018-11-14,B,-1,-1,1,811,stop,-1.15986,0.005004
EURUSD,2018-11-14,Bmirror,1,-1,1,811,stop,-1.15986,0.005004
EURUSD,2018-11-15,A,1,-1,1,600,target,0.70757,0.004916
EURUSD,2018-11-15,A,-1,-1,1,1171,target,0.70734,0.004916
EURUSD,2018-11-15,B,1,-1,1,537,stop,-1.16273,0.004916
EURUSD,2018-11-15,Bmirror,-1,-1,1,537,stop,-1.16273,0.004916
EURUSD,2018-11-16,A,-1,-1,1,494,target,0.70626,0.004759
EURUSD,2018-11-16,B,1,-1,1,663,target,12.23189,0.004759
EURUSD,2018-11-16,Bmirror,-1,-1,1,663,stop,-1.16811,0.004759
EURUSD,2018-11-19,A,-1,1,-1,919,close,0.12364,0.005157
EURUSD,2018-11-20,A,1,1,1,816,stop,-1.03075,0.005184
EURUSD,2018-11-21,A,-1,-1,-1,692,target,0.71033,0.005415
EURUSD,2018-11-21,B,1,-1,-1,651,close,2.02845,0.005415
EURUSD,2018-11-21,Bmirror,-1,-1,-1,651,stop,-1.14774,0.005415
EURUSD,2018-11-22,A,-1,1,1,632,target,0.70939,0.005248
EURUSD,2018-11-23,A,1,1,1,636,stop,-1.03068,0.005194
EURUSD,2018-11-26,A,-1,-1,1,565,target,0.70913,0.005202
EURUSD,2018-11-26,B,1,-1,1,1002,stop,-1.15378,0.005202
EURUSD,2018-11-26,Bmirror,-1,-1,1,1002,stop,-1.15378,0.005202
EURUSD,2018-11-27,A,1,-1,-1,957,close,0.06471,0.005137
EURUSD,2018-11-27,B,-1,-1,-1,802,close,6.76561,0.005137
EURUSD,2018-11-27,Bmirror,1,-1,-1,802,stop,-1.15572,0.005137
EURUSD,2018-11-28,A,-1,-1,-1,1024,stop,-1.03104,0.005174
EURUSD,2018-11-28,B,-1,-1,-1,1020,stop,-1.15461,0.005174
EURUSD,2018-11-28,Bmirror,1,-1,-1,1020,stop,-1.15461,0.005174
EURUSD,2018-11-29,B,1,-1,1,582,stop,-1.15333,0.005217
EURUSD,2018-11-29,Bmirror,-1,-1,1,582,stop,-1.15333,0.005217
EURUSD,2018-11-30,A,1,-1,1,874,stop,-1.03054,0.005218
EURUSD,2018-12-03,B,1,-1,1,636,stop,-1.14703,0.005441
EURUSD,2018-12-03,Bmirror,-1,-1,1,636,stop,-1.14703,0.005441
EURUSD,2018-12-04,A,-1,1,1,576,target,0.71042,0.005430
EURUSD,2018-12-04,B,1,1,1,957,stop,-1.14732,0.005430
EURUSD,2018-12-04,Bmirror,-1,1,1,957,close,1.71772,0.005430
EURUSD,2018-12-05,B,-1,1,-1,528,stop,-1.14809,0.005402
EURUSD,2018-12-05,Bmirror,1,1,-1,528,stop,-1.14809,0.005402
EURUSD,2018-12-06,A,-1,1,1,883,target,0.71006,0.005365
EURUSD,2018-12-06,B,-1,1,1,765,stop,-1.14913,0.005365
EURUSD,2018-12-06,Bmirror,1,1,1,765,close,4.31824,0.005365
EURUSD,2018-12-07,A,-1,1,1,1195,target,0.70840,0.005082
EURUSD,2018-12-07,B,1,1,1,846,close,0.55175,0.005082
EURUSD,2018-12-07,Bmirror,-1,1,1,846,stop,-1.15740,0.005082
EURUSD,2018-12-10,A,1,1,1,1099,close,-0.07600,0.005086
EURUSD,2018-12-10,A,-1,1,1,130,target,0.70842,0.005086
EURUSD,2018-12-10,B,1,1,1,857,stop,-1.15729,0.005086
EURUSD,2018-12-10,Bmirror,-1,1,1,857,stop,-1.15729,0.005086
EURUSD,2018-12-11,A,1,-1,-1,1006,close,0.15791,0.005156
EURUSD,2018-12-11,A,-1,-1,-1,706,target,0.70885,0.005156
EURUSD,2018-12-11,B,1,-1,-1,859,stop,-1.15516,0.005156
EURUSD,2018-12-11,Bmirror,-1,-1,-1,859,close,6.30073,0.005156
EURUSD,2018-12-12,A,-1,-1,-1,884,close,-0.15163,0.005144
EURUSD,2018-12-14,A,1,-1,-1,517,stop,-1.03126,0.005100
EURUSD,2018-12-17,A,-1,-1,-1,718,close,-0.01672,0.005190
EURUSD,2018-12-18,A,-1,1,1,664,target,0.70673,0.004826
EURUSD,2018-12-19,A,-1,1,1,665,target,0.70455,0.004529
EURUSD,2018-12-19,B,1,1,1,1173,stop,-1.17664,0.004529
EURUSD,2018-12-19,Bmirror,-1,1,1,1173,stop,-1.17664,0.004529
EURUSD,2018-12-20,A,-1,1,1,442,stop,-1.03542,0.004532
EURUSD,2018-12-21,A,1,1,1,564,stop,-1.03374,0.004726
EURUSD,2018-12-24,A,-1,-1,1,620,target,0.70565,0.004675
EURUSD,2018-12-26,A,1,1,1,738,target,0.70327,0.004343
EURUSD,2018-12-26,B,-1,1,1,957,target,12.21578,0.004343
EURUSD,2018-12-26,Bmirror,1,1,1,957,stop,-1.18422,0.004343
EURUSD,2018-12-27,A,-1,1,-1,531,target,0.70404,0.004464
EURUSD,2018-12-28,A,-1,1,1,645,target,0.70567,0.004677
EURUSD,2018-12-28,B,1,1,1,961,close,2.52252,0.004677
EURUSD,2018-12-28,Bmirror,-1,1,1,961,stop,-1.17105,0.004677
EURUSD,2018-12-31,B,1,1,-1,740,stop,-1.17911,0.004467
EURUSD,2018-12-31,Bmirror,-1,1,-1,740,stop,-1.17911,0.004467
EURUSD,2019-01-02,A,1,1,-1,581,stop,-1.03617,0.004409
EURUSD,2019-01-02,B,1,1,-1,490,stop,-1.18146,0.004409
EURUSD,2019-01-02,Bmirror,-1,1,-1,490,target,12.21854,0.004409
EURUSD,2019-01-03,A,-1,-1,-1,150,stop,-1.03097,0.005186
EURUSD,2019-01-04,B,1,1,1,810,stop,-1.14805,0.005404
EURUSD,2019-01-04,Bmirror,-1,1,1,810,stop,-1.14805,0.005404
EURUSD,2019-01-07,A,-1,1,1,820,close,-0.74518,0.005145
EURUSD,2019-01-08,A,1,1,1,258,target,0.70999,0.005311
EURUSD,2019-01-09,A,-1,1,-1,876,stop,-1.03016,0.005326
EURUSD,2019-01-10,A,1,1,1,1028,close,-0.20712,0.005635
EURUSD,2019-01-11,A,1,1,-1,887,target,0.71211,0.005714
EURUSD,2019-01-11,B,1,1,-1,848,stop,-1.14002,0.005714
EURUSD,2019-01-11,Bmirror,-1,1,-1,848,close,5.86737,0.005714
EURUSD,2019-01-15,A,1,1,1,568,target,0.71204,0.005698
EURUSD,2019-01-17,B,-1,-1,-1,564,stop,-1.14018,0.005707
EURUSD,2019-01-17,Bmirror,1,-1,-1,564,stop,-1.14018,0.005707
EURUSD,2019-01-21,B,1,-1,1,734,stop,-1.14256,0.005612
EURUSD,2019-01-21,Bmirror,-1,-1,1,734,stop,-1.14256,0.005612
EURUSD,2019-01-22,B,-1,-1,1,1060,close,1.28443,0.005541
EURUSD,2019-01-22,Bmirror,1,-1,1,1060,stop,-1.14439,0.005541
EURUSD,2019-01-24,A,1,-1,1,630,stop,-1.02881,0.005531
EURUSD,2019-01-25,A,-1,-1,-1,841,stop,-1.02908,0.005525
EURUSD,2019-01-30,A,-1,1,1,1172,close,0.03256,0.005573
EURUSD,2019-01-30,B,-1,1,1,1140,stop,-1.14355,0.005573
EURUSD,2019-01-30,Bmirror,1,1,1,1140,stop,-1.14355,0.005573
EURUSD,2019-01-31,A,1,1,1,1037,close,0.26064,0.005543
EURUSD,2019-01-31,B,1,1,1,599,stop,-1.14432,0.005543
EURUSD,2019-01-31,Bmirror,-1,1,1,599,stop,-1.14432,0.005543
EURUSD,2019-02-01,B,1,-1,-1,932,close,1.13993,0.005428
EURUSD,2019-02-01,Bmirror,-1,-1,-1,932,stop,-1.14737,0.005428
EURUSD,2019-02-06,A,1,-1,-1,1155,close,-0.06583,0.005433
EURUSD,2019-02-07,A,1,-1,-1,699,target,0.70527,0.004592
EURUSD,2019-02-11,A,1,-1,1,859,close,-0.52348,0.004338
EURUSD,2019-02-12,A,-1,-1,-1,968,stop,-1.03861,0.004157
EURUSD,2019-02-12,B,-1,-1,-1,629,stop,-1.19243,0.004157
EURUSD,2019-02-12,Bmirror,1,-1,-1,629,target,12.20757,0.004157
EURUSD,2019-02-13,A,1,-1,1,810,stop,-1.03686,0.004326
EURUSD,2019-02-13,B,-1,-1,1,547,target,12.21509,0.004326
EURUSD,2019-02-13,Bmirror,1,-1,1,547,stop,-1.18491,0.004326
EURUSD,2019-02-14,A,-1,-1,-1,812,target,0.69986,0.003998
EURUSD,2019-02-14,B,1,-1,-1,496,stop,-1.20009,0.003998
EURUSD,2019-02-14,Bmirror,-1,-1,-1,496,stop,-1.20009,0.003998
EURUSD,2019-02-15,A,1,-1,1,776,stop,-1.03983,0.004005
EURUSD,2019-02-15,B,-1,-1,1,1124,stop,-1.19974,0.004005
EURUSD,2019-02-15,Bmirror,1,-1,1,1124,close,-0.19974,0.004005
EURUSD,2019-02-18,A,-1,-1,1,644,target,0.69941,0.003953
EURUSD,2019-02-19,A,1,-1,1,696,target,0.69973,0.003962
EURUSD,2019-02-19,A,-1,-1,1,1050,close,0.14528,0.003962
EURUSD,2019-02-19,B,-1,-1,1,504,stop,-1.20193,0.003962
EURUSD,2019-02-19,Bmirror,1,-1,1,504,stop,-1.20193,0.003962
EURUSD,2019-02-20,B,1,-1,1,627,stop,-1.20719,0.003861
EURUSD,2019-02-20,Bmirror,-1,-1,1,627,stop,-1.20719,0.003861
EURUSD,2019-02-21,B,-1,-1,1,495,stop,-1.20744,0.003857
EURUSD,2019-02-21,Bmirror,1,-1,1,495,stop,-1.20744,0.003857
EURUSD,2019-02-22,B,-1,-1,-1,841,stop,-1.20746,0.003856
EURUSD,2019-02-22,Bmirror,1,-1,-1,841,stop,-1.20746,0.003856
EURUSD,2019-02-25,B,1,-1,1,535,stop,-1.20967,0.003816
EURUSD,2019-02-25,Bmirror,-1,-1,1,535,stop,-1.20967,0.003816
EURUSD,2019-02-26,A,-1,-1,1,1174,close,0.31648,0.003844
EURUSD,2019-02-26,B,-1,-1,1,597,stop,-1.20814,0.003844
EURUSD,2019-02-26,Bmirror,1,-1,1,597,stop,-1.20814,0.003844
EURUSD,2019-02-27,B,-1,-1,1,502,stop,-1.20606,0.003882
EURUSD,2019-02-27,Bmirror,1,-1,1,502,stop,-1.20606,0.003882
EURUSD,2019-02-28,A,-1,-1,-1,667,target,0.69849,0.003865
EURUSD,2019-02-28,B,1,-1,-1,909,stop,-1.20698,0.003865
EURUSD,2019-02-28,Bmirror,-1,-1,-1,909,stop,-1.20698,0.003865
EURUSD,2019-03-01,A,-1,-1,-1,900,target,0.69493,0.003559
EURUSD,2019-03-01,B,-1,-1,-1,636,stop,-1.22478,0.003559
EURUSD,2019-03-01,Bmirror,1,-1,-1,636,stop,-1.22478,0.003559
EURUSD,2019-03-04,A,1,1,1,494,stop,-1.05275,0.003027
EURUSD,2019-03-05,A,1,1,-1,904,stop,-1.05162,0.003093
EURUSD,2019-03-05,B,-1,1,-1,535,target,12.14133,0.003093
EURUSD,2019-03-05,Bmirror,1,1,-1,535,stop,-1.25867,0.003093
EURUSD,2019-03-06,B,-1,-1,-1,497,stop,-1.25513,0.003136
EURUSD,2019-03-06,Bmirror,1,-1,-1,497,stop,-1.25513,0.003136
EURUSD,2019-03-07,A,1,1,1,765,target,0.68562,0.002936
EURUSD,2019-03-08,A,-1,-1,-1,810,close,-0.37655,0.003636
EURUSD,2019-03-11,B,1,-1,-1,951,stop,-1.21412,0.003736
EURUSD,2019-03-11,Bmirror,-1,-1,-1,951,stop,-1.21412,0.003736
EURUSD,2019-03-12,A,-1,-1,1,924,target,0.69769,0.003792
EURUSD,2019-03-12,B,1,-1,1,682,stop,-1.21097,0.003792
EURUSD,2019-03-12,Bmirror,-1,-1,1,682,stop,-1.21097,0.003792
EURUSD,2019-03-13,A,-1,-1,1,1134,close,-0.59950,0.003827
EURUSD,2019-03-14,A,1,1,1,691,close,0.26198,0.003855
EURUSD,2019-03-14,B,-1,1,1,488,stop,-1.20750,0.003855
EURUSD,2019-03-14,Bmirror,1,1,1,488,stop,-1.20750,0.003855
EURUSD,2019-03-15,A,-1,-1,-1,853,target,0.69827,0.003845
EURUSD,2019-03-15,B,1,-1,-1,768,stop,-1.20804,0.003845
EURUSD,2019-03-15,Bmirror,-1,-1,-1,768,stop,-1.20804,0.003845
EURUSD,2019-03-18,A,-1,-1,-1,610,target,0.69836,0.003854
EURUSD,2019-03-20,A,-1,1,1,1080,stop,-1.04457,0.003599
EURUSD,2019-03-20,B,-1,1,1,620,stop,-1.22228,0.003599
EURUSD,2019-03-20,Bmirror,1,1,1,620,stop,-1.22228,0.003599
EURUSD,2019-03-21,A,1,1,1,506,stop,-1.04452,0.003585
EURUSD,2019-03-22,A,1,-1,-1,510,stop,-1.04269,0.003738
EURUSD,2019-03-22,B,1,-1,-1,495,stop,-1.21404,0.003738
EURUSD,2019-03-22,Bmirror,-1,-1,-1,495,stop,-1.21404,0.003738
EURUSD,2019-03-25,A,-1,-1,-1,907,target,0.70024,0.004036
EURUSD,2019-03-25,B,1,-1,-1,501,close,3.81563,0.004036
EURUSD,2019-03-25,Bmirror,-1,-1,-1,501,stop,-1.19820,0.004036
EURUSD,2019-03-26,A,1,-1,1,825,target,0.70053,0.004042
EURUSD,2019-03-27,B,-1,-1,-1,497,stop,-1.19601,0.004081
EURUSD,2019-03-27,Bmirror,1,-1,-1,497,stop,-1.19601,0.004081
EURUSD,2019-03-28,A,1,-1,-1,798,target,0.70106,0.004097
EURUSD,2019-03-28,B,-1,-1,-1,536,stop,-1.19528,0.004097
EURUSD,2019-03-28,Bmirror,1,-1,-1,536,stop,-1.19528,0.004097
EURUSD,2019-03-29,B,-1,-1,-1,661,stop,-1.19442,0.004115
EURUSD,2019-03-29,Bmirror,1,-1,-1,661,stop,-1.19442,0.004115
EURUSD,2019-04-01,B,1,1,1,905,stop,-1.19445,0.004114
EURUSD,2019-04-01,Bmirror,-1,1,1,905,stop,-1.19445,0.004114
EURUSD,2019-04-02,B,-1,-1,-1,1088,stop,-1.19595,0.004083
EURUSD,2019-04-02,Bmirror,1,-1,-1,1088,stop,-1.19595,0.004083
EURUSD,2019-04-03,A,-1,-1,-1,527,close,0.16287,0.004025
EURUSD,2019-04-04,A,1,-1,1,869,target,0.70126,0.004118
EURUSD,2019-04-05,B,1,-1,-1,822,stop,-1.19372,0.004130
EURUSD,2019-04-05,Bmirror,-1,-1,-1,822,stop,-1.19372,0.004130
EURUSD,2019-04-08,A,-1,-1,1,823,close,-0.38922,0.004120
EURUSD,2019-04-10,A,1,-1,1,855,target,0.70125,0.004116
EURUSD,2019-04-10,B,1,-1,1,815,stop,-1.19436,0.004116
EURUSD,2019-04-10,Bmirror,-1,-1,1,815,stop,-1.19436,0.004116
EURUSD,2019-04-12,A,-1,-1,-1,112,stop,-1.04744,0.003381
EURUSD,2019-04-15,B,1,-1,1,875,stop,-1.23556,0.003396
EURUSD,2019-04-15,Bmirror,-1,-1,1,875,stop,-1.23556,0.003396
EURUSD,2019-04-16,B,-1,1,-1,663,stop,-1.23833,0.003357
EURUSD,2019-04-16,Bmirror,1,1,-1,663,stop,-1.23833,0.003357
EURUSD,2019-04-17,A,-1,-1,-1,400,target,0.69199,0.003341
EURUSD,2019-04-18,A,1,-1,1,510,stop,-1.04934,0.003235
EURUSD,2019-04-23,A,1,1,1,822,stop,-1.04671,0.003417
EURUSD,2019-04-23,B,-1,1,1,640,target,12.16588,0.003417
EURUSD,2019-04-23,Bmirror,1,1,1,640,stop,-1.23412,0.003417
EURUSD,2019-04-24,A,1,-1,-1,842,target,0.69392,0.003463
EURUSD,2019-04-24,B,-1,-1,-1,614,target,12.16900,0.003463
EURUSD,2019-04-24,Bmirror,1,-1,-1,614,stop,-1.23100,0.003463
EURUSD,2019-04-25,A,1,-1,-1,645,target,0.69118,0.003270
EURUSD,2019-04-26,A,-1,-1,-1,926,target,0.68901,0.003145
EURUSD,2019-04-26,B,-1,-1,-1,813,stop,-1.25435,0.003145
EURUSD,2019-04-26,Bmirror,1,-1,-1,813,stop,-1.25435,0.003145
EURUSD,2019-04-29,A,-1,-1,1,1052,close,-0.72991,0.002865
EURUSD,2019-04-29,B,1,-1,1,775,stop,-1.27928,0.002865
EURUSD,2019-04-29,Bmirror,-1,-1,1,775,stop,-1.27928,0.002865
EURUSD,2019-04-30,A,-1,-1,1,600,stop,-1.05472,0.002930
EURUSD,2019-05-01,A,1,-1,1,1225,target,0.68478,0.002892
EURUSD,2019-05-01,A,-1,-1,1,629,target,0.68455,0.002892
EURUSD,2019-05-01,B,1,-1,1,1178,stop,-1.27667,0.002892
EURUSD,2019-05-01,Bmirror,-1,-1,1,1178,stop,-1.27667,0.002892
EURUSD,2019-05-02,A,1,-1,-1,882,close,-0.47047,0.002864
EURUSD,2019-05-02,B,1,-1,-1,651,stop,-1.27930,0.002864
EURUSD,2019-05-02,Bmirror,-1,-1,-1,651,stop,-1.27930,0.002864
EURUSD,2019-05-03,A,1,-1,-1,728,target,0.68467,0.002886
EURUSD,2019-05-03,A,-1,-1,-1,966,target,0.68444,0.002886
EURUSD,2019-05-03,B,-1,-1,-1,900,stop,-1.27722,0.002886
EURUSD,2019-05-03,Bmirror,1,-1,-1,900,stop,-1.27722,0.002886
EURUSD,2019-05-06,B,-1,-1,-1,177,stop,-1.27266,0.002934
EURUSD,2019-05-06,Bmirror,1,-1,-1,177,stop,-1.27266,0.002934
EURUSD,2019-05-07,A,1,-1,1,1022,target,0.68531,0.002919
EURUSD,2019-05-07,B,1,-1,1,530,stop,-1.27404,0.002919
EURUSD,2019-05-07,Bmirror,-1,-1,1,530,stop,-1.27404,0.002919
EURUSD,2019-05-08,B,1,-1,-1,676,stop,-1.27386,0.002921
EURUSD,2019-05-08,Bmirror,-1,-1,-1,676,stop,-1.27386,0.002921
EURUSD,2019-05-09,A,1,-1,1,563,target,0.68327,0.002814
EURUSD,2019-05-09,A,-1,-1,1,891,stop,-1.05697,0.002814
EURUSD,2019-05-09,B,-1,-1,1,632,stop,-1.28426,0.002814
EURUSD,2019-05-09,Bmirror,1,-1,1,632,stop,-1.28426,0.002814
EURUSD,2019-05-10,A,-1,-1,1,824,target,0.68323,0.002824
EURUSD,2019-05-10,B,1,-1,1,469,close,4.26102,0.002824
EURUSD,2019-05-10,Bmirror,-1,-1,1,469,stop,-1.28324,0.002824
EURUSD,2019-05-13,A,-1,-1,1,820,target,0.68349,0.002837
EURUSD,2019-05-13,B,-1,-1,1,584,stop,-1.28195,0.002837
EURUSD,2019-05-13,Bmirror,1,-1,1,584,stop,-1.28195,0.002837
EURUSD,2019-05-14,A,1,-1,-1,795,close,-0.38037,0.002728
EURUSD,2019-05-14,B,1,-1,-1,677,stop,-1.29330,0.002728
EURUSD,2019-05-14,Bmirror,-1,-1,-1,677,stop,-1.29330,0.002728
EURUSD,2019-05-15,A,1,-1,-1,751,target,0.68211,0.002758
EURUSD,2019-05-15,B,-1,-1,-1,913,stop,-1.29002,0.002758
EURUSD,2019-05-15,Bmirror,1,-1,-1,913,stop,-1.29002,0.002758
EURUSD,2019-05-16,A,1,-1,-1,890,stop,-1.05812,0.002747
EURUSD,2019-05-16,B,1,-1,-1,719,stop,-1.29121,0.002747
EURUSD,2019-05-16,Bmirror,-1,-1,-1,719,stop,-1.29121,0.002747
EURUSD,2019-05-17,B,-1,-1,-1,797,stop,-1.28579,0.002799
EURUSD,2019-05-17,Bmirror,1,-1,-1,797,stop,-1.28579,0.002799
EURUSD,2019-05-20,B,-1,1,1,536,stop,-1.30057,0.002662
EURUSD,2019-05-20,Bmirror,1,1,1,536,stop,-1.30057,0.002662
EURUSD,2019-05-21,A,1,1,1,453,target,0.68017,0.002669
EURUSD,2019-05-21,B,-1,1,1,955,stop,-1.29975,0.002669
EURUSD,2019-05-21,Bmirror,1,1,1,955,stop,-1.29975,0.002669
EURUSD,2019-05-22,B,-1,1,-1,586,stop,-1.30231,0.002646
EURUSD,2019-05-22,Bmirror,1,1,-1,586,stop,-1.30231,0.002646
EURUSD,2019-05-23,A,1,-1,-1,486,target,0.67880,0.002609
EURUSD,2019-05-23,A,-1,-1,-1,1044,close,-0.32660,0.002609
EURUSD,2019-05-23,B,-1,-1,-1,940,stop,-1.30661,0.002609
EURUSD,2019-05-23,Bmirror,1,-1,-1,940,stop,-1.30661,0.002609
EURUSD,2019-05-24,A,-1,-1,1,446,target,0.67294,0.002390
EURUSD,2019-05-24,B,1,-1,1,609,stop,-1.33473,0.002390
EURUSD,2019-05-24,Bmirror,-1,-1,1,609,stop,-1.33473,0.002390
EURUSD,2019-05-27,A,1,1,1,867,close,0.19719,0.002433
EURUSD,2019-05-28,A,1,-1,-1,957,stop,-1.06595,0.002422
EURUSD,2019-05-28,B,-1,-1,-1,590,stop,-1.33035,0.002422
EURUSD,2019-05-28,Bmirror,1,-1,-1,590,stop,-1.33035,0.002422
EURUSD,2019-05-29,A,1,-1,-1,848,stop,-1.06755,0.002365
EURUSD,2019-05-30,A,1,-1,-1,874,target,0.66224,0.002055
EURUSD,2019-05-30,B,-1,-1,-1,567,stop,-1.38937,0.002055
EURUSD,2019-05-30,Bmirror,1,-1,-1,567,stop,-1.38937,0.002055
EURUSD,2019-05-31,A,-1,-1,-1,552,target,0.66035,0.002012
EURUSD,2019-06-03,A,-1,-1,1,248,target,0.66483,0.002132
EURUSD,2019-06-03,B,1,-1,1,436,stop,-1.37525,0.002132
EURUSD,2019-06-03,Bmirror,-1,-1,1,436,stop,-1.37525,0.002132
EURUSD,2019-06-04,A,-1,1,1,470,target,0.67624,0.002514
EURUSD,2019-06-04,B,1,1,1,358,stop,-1.31819,0.002514
EURUSD,2019-06-04,Bmirror,-1,1,1,358,stop,-1.31819,0.002514
EURUSD,2019-06-05,A,1,1,1,1037,close,-0.87929,0.002463
EURUSD,2019-06-05,A,-1,1,1,543,stop,-1.06507,0.002463
EURUSD,2019-06-05,B,1,1,1,752,target,12.07523,0.002463
EURUSD,2019-06-05,Bmirror,-1,1,1,752,stop,-1.32477,0.002463
EURUSD,2019-06-06,A,1,-1,-1,765,target,0.67640,0.002511
EURUSD,2019-06-06,A,-1,-1,-1,766,stop,-1.06383,0.002511
EURUSD,2019-06-06,B,1,-1,-1,754,stop,-1.31857,0.002511
EURUSD,2019-06-06,Bmirror,-1,-1,-1,754,stop,-1.31857,0.002511
EURUSD,2019-06-07,A,1,1,1,660,target,0.67895,0.002616
EURUSD,2019-06-07,A,-1,1,1,810,stop,-1.06128,0.002616
EURUSD,2019-06-07,B,-1,1,1,810,stop,-1.30583,0.002616
EURUSD,2019-06-07,Bmirror,1,1,1,810,stop,-1.30583,0.002616
EURUSD,2019-06-10,A,1,1,-1,527,target,0.68314,0.002808
EURUSD,2019-06-10,B,-1,1,-1,857,stop,-1.28489,0.002808
EURUSD,2019-06-10,Bmirror,1,1,-1,857,stop,-1.28489,0.002808
EURUSD,2019-06-11,B,1,1,-1,578,stop,-1.28458,0.002811
EURUSD,2019-06-11,Bmirror,-1,1,-1,578,stop,-1.28458,0.002811
EURUSD,2019-06-12,A,1,1,1,1056,stop,-1.05682,0.002810
EURUSD,2019-06-12,B,1,1,1,622,stop,-1.28471,0.002810
EURUSD,2019-06-12,Bmirror,-1,1,1,622,stop,-1.28471,0.002810
EURUSD,2019-06-14,A,1,1,-1,721,target,0.68526,0.002917
EURUSD,2019-06-17,A,-1,1,1,810,target,0.69045,0.003237
EURUSD,2019-06-17,B,1,1,1,1153,close,0.60687,0.003237
EURUSD,2019-06-17,Bmirror,-1,1,1,1153,stop,-1.24718,0.003237
EURUSD,2019-06-18,A,1,1,1,555,target,0.69072,0.003239
EURUSD,2019-06-18,B,1,1,1,541,stop,-1.24698,0.003239
EURUSD,2019-06-18,Bmirror,-1,1,1,541,stop,-1.24698,0.003239
EURUSD,2019-06-19,A,-1,-1,-1,1140,stop,-1.04942,0.003245
EURUSD,2019-06-20,A,-1,1,1,130,stop,-1.04787,0.003351
EURUSD,2019-06-21,A,-1,1,1,814,stop,-1.04640,0.003457
EURUSD,2019-06-21,B,1,1,1,417,stop,-1.23140,0.003457
EURUSD,2019-06-21,Bmirror,-1,1,1,417,stop,-1.23140,0.003457
EURUSD,2019-06-25,A,1,1,1,1058,stop,-1.04274,0.003733
EURUSD,2019-06-25,B,-1,1,1,849,target,12.18570,0.003733
EURUSD,2019-06-25,Bmirror,1,1,1,849,stop,-1.21430,0.003733
EURUSD,2019-06-26,B,-1,1,-1,922,stop,-1.21008,0.003808
EURUSD,2019-06-26,Bmirror,1,1,-1,922,close,0.39062,0.003808
EURUSD,2019-06-27,B,-1,1,1,511,stop,-1.21068,0.003797
EURUSD,2019-06-27,Bmirror,1,1,1,511,stop,-1.21068,0.003797
EURUSD,2019-06-28,B,1,1,-1,775,stop,-1.21140,0.003784
EURUSD,2019-06-28,Bmirror,-1,1,-1,775,stop,-1.21140,0.003784
EURUSD,2019-07-01,A,1,1,-1,365,target,0.69773,0.003775
EURUSD,2019-07-02,A,-1,-1,-1,649,target,0.70133,0.004150
EURUSD,2019-07-03,B,-1,-1,1,609,stop,-1.19516,0.004099
EURUSD,2019-07-03,Bmirror,1,-1,1,609,stop,-1.19516,0.004099
EURUSD,2019-07-05,A,1,-1,-1,810,stop,-1.03946,0.004043
EURUSD,2019-07-10,A,-1,-1,-1,811,stop,-1.04081,0.003932
EURUSD,2019-07-11,B,1,1,1,858,stop,-1.19721,0.004056
EURUSD,2019-07-11,Bmirror,-1,1,1,858,stop,-1.19721,0.004056
EURUSD,2019-07-12,B,1,1,-1,630,stop,-1.20356,0.003930
EURUSD,2019-07-12,Bmirror,-1,1,-1,630,stop,-1.20356,0.003930
EURUSD,2019-07-16,A,1,-1,-1,663,stop,-1.04247,0.003757
EURUSD,2019-07-18,A,-1,-1,1,1165,close,-0.86574,0.003835
EURUSD,2019-07-18,B,1,-1,1,690,stop,-1.20860,0.003835
EURUSD,2019-07-18,Bmirror,-1,-1,1,690,stop,-1.20860,0.003835
EURUSD,2019-07-19,A,1,-1,1,824,target,0.69864,0.003858
EURUSD,2019-07-19,B,1,-1,1,603,stop,-1.20738,0.003858
EURUSD,2019-07-19,Bmirror,-1,-1,1,603,close,6.40629,0.003858
EURUSD,2019-07-23,A,1,-1,-1,631,stop,-1.04384,0.003640
EURUSD,2019-07-24,B,-1,-1,-1,712,close,2.72814,0.003783
EURUSD,2019-07-24,Bmirror,1,-1,-1,712,stop,-1.21150,0.003783
EURUSD,2019-07-25,A,1,-1,-1,783,target,0.69665,0.003681
EURUSD,2019-07-25,A,-1,-1,-1,845,target,0.69641,0.003681
EURUSD,2019-07-25,B,-1,-1,-1,682,stop,-1.21736,0.003681
EURUSD,2019-07-25,Bmirror,1,-1,-1,682,stop,-1.21736,0.003681
EURUSD,2019-07-26,A,1,-1,1,920,target,0.69394,0.003465
EURUSD,2019-07-26,B,-1,-1,1,644,close,4.53298,0.003465
EURUSD,2019-07-26,Bmirror,1,-1,1,644,stop,-1.23087,0.003465
EURUSD,2019-07-29,B,-1,-1,1,905,stop,-1.26404,0.003030
EURUSD,2019-07-29,Bmirror,1,-1,1,905,stop,-1.26404,0.003030
EURUSD,2019-07-30,B,-1,-1,1,563,stop,-1.26653,0.003002
EURUSD,2019-07-30,Bmirror,1,-1,1,563,stop,-1.26653,0.003002
EURUSD,2019-07-31,A,1,-1,1,920,stop,-1.05344,0.002987
EURUSD,2019-08-01,A,1,-1,-1,90,stop,-1.04818,0.003313
EURUSD,2019-08-01,B,-1,-1,-1,1112,stop,-1.24150,0.003313
EURUSD,2019-08-01,Bmirror,1,-1,-1,1112,stop,-1.24150,0.003313
EURUSD,2019-08-02,A,-1,-1,-1,535,target,0.69164,0.003317
EURUSD,2019-08-02,B,1,-1,-1,210,stop,-1.24121,0.003317
EURUSD,2019-08-02,Bmirror,-1,-1,-1,210,stop,-1.24121,0.003317
EURUSD,2019-08-05,A,-1,-1,-1,532,stop,-1.04711,0.003405
EURUSD,2019-08-06,A,1,-1,1,307,target,0.69981,0.003970
EURUSD,2019-08-06,B,1,-1,1,175,stop,-1.20154,0.003970
EURUSD,2019-08-06,Bmirror,-1,-1,1,175,stop,-1.20154,0.003970
EURUSD,2019-08-07,A,-1,-1,-1,886,target,0.69978,0.003990
EURUSD,2019-08-07,B,1,-1,-1,435,stop,-1.20050,0.003990
EURUSD,2019-08-07,Bmirror,-1,-1,-1,435,stop,-1.20050,0.003990
EURUSD,2019-08-08,B,1,-1,1,699,stop,-1.20040,0.003992
EURUSD,2019-08-08,Bmirror,-1,-1,1,699,stop,-1.20040,0.003992
EURUSD,2019-08-09,A,-1,-1,-1,1017,target,0.69994,0.004006
EURUSD,2019-08-12,A,1,-1,1,502,target,0.69837,0.003832
EURUSD,2019-08-12,B,-1,-1,1,813,stop,-1.20875,0.003832
EURUSD,2019-08-12,Bmirror,1,-1,1,813,close,2.53992,0.003832
EURUSD,2019-08-13,A,1,-1,1,259,target,0.69838,0.003833
EURUSD,2019-08-13,B,-1,-1,1,674,stop,-1.20871,0.003833
EURUSD,2019-08-13,Bmirror,1,-1,1,674,stop,-1.20871,0.003833
EURUSD,2019-08-14,A,1,-1,-1,913,close,-0.18016,0.003912
EURUSD,2019-08-14,B,1,-1,-1,827,stop,-1.20447,0.003912
EURUSD,2019-08-14,Bmirror,-1,-1,-1,827,stop,-1.20447,0.003912
EURUSD,2019-08-15,A,1,-1,-1,892,stop,-1.04218,0.003782
EURUSD,2019-08-16,A,1,-1,-1,691,target,0.69838,0.003833
EURUSD,2019-08-19,B,1,-1,1,899,stop,-1.20904,0.003827
EURUSD,2019-08-19,Bmirror,-1,-1,1,899,stop,-1.20904,0.003827
EURUSD,2019-08-20,B,-1,-1,-1,897,stop,-1.20895,0.003829
EURUSD,2019-08-20,Bmirror,1,-1,-1,897,stop,-1.20895,0.003829
EURUSD,2019-08-22,B,-1,-1,-1,495,stop,-1.21536,0.003715
EURUSD,2019-08-22,Bmirror,1,-1,-1,495,stop,-1.21536,0.003715
EURUSD,2019-08-23,A,1,-1,-1,716,target,0.69655,0.003672
EURUSD,2019-08-23,A,-1,-1,-1,952,stop,-1.04369,0.003672
EURUSD,2019-08-23,B,-1,-1,-1,903,stop,-1.21787,0.003672
EURUSD,2019-08-23,Bmirror,1,-1,-1,903,stop,-1.21787,0.003672
EURUSD,2019-08-26,A,1,1,1,520,stop,-1.04098,0.003893
EURUSD,2019-08-29,A,1,-1,-1,1065,close,0.14540,0.003878
EURUSD,2019-08-29,B,-1,-1,-1,937,stop,-1.20629,0.003878
EURUSD,2019-08-29,Bmirror,1,-1,-1,937,stop,-1.20629,0.003878
EURUSD,2019-08-30,A,1,-1,-1,956,stop,-1.04083,0.003907
EURUSD,2019-09-02,A,1,-1,1,645,target,0.70127,0.004119
EURUSD,2019-09-03,A,1,-1,-1,222,target,0.70128,0.004119
EURUSD,2019-09-03,B,-1,-1,-1,900,stop,-1.19420,0.004119
EURUSD,2019-09-03,Bmirror,1,-1,-1,900,stop,-1.19420,0.004119
EURUSD,2019-09-04,A,-1,-1,1,589,stop,-1.03905,0.004110
EURUSD,2019-09-05,A,-1,-1,1,862,target,0.70044,0.004057
EURUSD,2019-09-05,B,-1,-1,1,511,stop,-1.19720,0.004057
EURUSD,2019-09-05,Bmirror,1,-1,1,511,stop,-1.19720,0.004057
EURUSD,2019-09-06,B,1,-1,1,1065,stop,-1.19719,0.004057
EURUSD,2019-09-06,Bmirror,-1,-1,1,1065,stop,-1.19719,0.004057
EURUSD,2019-09-09,A,-1,-1,-1,818,close,0.41587,0.004004
EURUSD,2019-09-09,B,1,-1,-1,705,close,4.92040,0.004004
EURUSD,2019-09-09,Bmirror,-1,-1,-1,705,stop,-1.19982,0.004004
EURUSD,2019-09-10,B,-1,-1,1,970,close,1.44782,0.003136
EURUSD,2019-09-10,Bmirror,1,-1,1,970,stop,-1.25513,0.003136
EURUSD,2019-09-11,A,1,-1,1,574,stop,-1.05122,0.003117
EURUSD,2019-09-12,A,1,-1,-1,770,stop,-1.05006,0.003188
EURUSD,2019-09-12,A,-1,-1,-1,765,stop,-1.05030,0.003188
EURUSD,2019-09-12,B,1,-1,-1,766,stop,-1.25091,0.003188
EURUSD,2019-09-12,Bmirror,-1,-1,-1,766,stop,-1.25091,0.003188
EURUSD,2019-09-13,A,-1,-1,1,450,stop,-1.04763,0.003368
EURUSD,2019-09-16,A,1,-1,1,664,stop,-1.04728,0.003375
EURUSD,2019-09-17,A,-1,-1,-1,857,stop,-1.04392,0.003653
EURUSD,2019-09-18,A,1,-1,1,613,target,0.69892,0.003884
EURUSD,2019-09-19,A,-1,-1,-1,545,target,0.69906,0.003919
EURUSD,2019-09-20,A,1,-1,1,861,close,0.17902,0.003881
EURUSD,2019-09-20,B,1,-1,1,612,stop,-1.20616,0.003881
EURUSD,2019-09-20,Bmirror,-1,-1,1,612,stop,-1.20616,0.003881
EURUSD,2019-09-23,A,1,-1,-1,511,close,0.28319,0.003895
EURUSD,2019-09-24,B,1,1,-1,958,close,5.56275,0.003911
EURUSD,2019-09-24,Bmirror,-1,1,-1,958,stop,-1.20456,0.003911
EURUSD,2019-09-25,A,1,1,1,760,stop,-1.04059,0.003930
EURUSD,2019-09-26,A,1,-1,-1,1233,close,0.18073,0.004172
EURUSD,2019-09-26,B,-1,-1,-1,803,stop,-1.19177,0.004172
EURUSD,2019-09-26,Bmirror,1,-1,-1,803,stop,-1.19177,0.004172
EURUSD,2019-09-27,A,-1,-1,-1,969,target,0.70181,0.004202
EURUSD,2019-09-30,A,1,-1,1,739,stop,-1.03998,0.003990
EURUSD,2019-10-01,A,-1,-1,-1,976,close,-0.11037,0.003955
EURUSD,2019-10-01,B,-1,-1,-1,612,stop,-1.20229,0.003955
EURUSD,2019-10-01,Bmirror,1,-1,-1,612,stop,-1.20229,0.003955
EURUSD,2019-10-02,B,-1,-1,1,742,stop,-1.19806,0.004039
EURUSD,2019-10-02,Bmirror,1,-1,1,742,stop,-1.19806,0.004039
EURUSD,2019-10-03,A,-1,-1,1,904,target,0.70085,0.004099
EURUSD,2019-10-03,B,-1,-1,1,568,stop,-1.19517,0.004099
EURUSD,2019-10-03,Bmirror,1,-1,1,568,stop,-1.19517,0.004099
EURUSD,2019-10-04,B,1,-1,1,811,stop,-1.19583,0.004085
EURUSD,2019-10-04,Bmirror,-1,-1,1,811,stop,-1.19583,0.004085
EURUSD,2019-10-07,B,-1,-1,1,721,stop,-1.20801,0.003846
EURUSD,2019-10-07,Bmirror,1,-1,1,721,stop,-1.20801,0.003846
EURUSD,2019-10-08,B,1,-1,-1,858,stop,-1.20976,0.003814
EURUSD,2019-10-08,Bmirror,-1,-1,-1,858,stop,-1.20976,0.003814
EURUSD,2019-10-09,A,-1,-1,-1,559,target,0.69803,0.003823
EURUSD,2019-10-10,A,-1,-1,1,486,close,0.42026,0.003622
EURUSD,2019-10-11,A,-1,-1,1,705,stop,-1.04387,0.003657
EURUSD,2019-10-11,B,1,-1,1,558,stop,-1.21877,0.003657
EURUSD,2019-10-11,Bmirror,-1,-1,1,558,stop,-1.21877,0.003657
EURUSD,2019-10-14,B,-1,-1,-1,490,stop,-1.21525,0.003717
EURUSD,2019-10-14,Bmirror,1,-1,-1,490,stop,-1.21525,0.003717
EURUSD,2019-10-15,A,1,1,-1,801,target,0.69666,0.003682
EURUSD,2019-10-15,B,1,1,-1,489,stop,-1.21730,0.003682
EURUSD,2019-10-15,Bmirror,-1,1,-1,489,stop,-1.21730,0.003682
EURUSD,2019-10-16,A,-1,1,1,991,stop,-1.04355,0.003684
EURUSD,2019-10-16,B,1,1,1,514,stop,-1.21717,0.003684
EURUSD,2019-10-16,Bmirror,-1,1,1,514,stop,-1.21717,0.003684
EURUSD,2019-10-17,A,-1,1,1,632,stop,-1.04351,0.003687
EURUSD,2019-10-18,A,-1,1,1,999,close,-0.77023,0.003698
EURUSD,2019-10-22,A,1,1,-1,1204,target,0.69830,0.003826
EURUSD,2019-10-22,B,-1,1,-1,1154,stop,-1.20907,0.003826
EURUSD,2019-10-22,Bmirror,1,1,-1,1154,stop,-1.20907,0.003826
EURUSD,2019-10-24,A,1,1,1,953,close,-0.11976,0.003233
EURUSD,2019-10-24,A,-1,1,1,504,target,0.69039,0.003233
EURUSD,2019-10-24,B,1,1,1,543,stop,-1.24745,0.003233
EURUSD,2019-10-24,Bmirror,-1,1,1,543,stop,-1.24745,0.003233
EURUSD,2019-10-25,A,1,1,-1,1032,close,0.06786,0.003174
EURUSD,2019-10-25,B,1,1,-1,810,stop,-1.25202,0.003174
EURUSD,2019-10-25,Bmirror,-1,1,-1,810,close,6.55725,0.003174
EURUSD,2019-10-29,B,-1,1,1,807,stop,-1.25279,0.003165
EURUSD,2019-10-29,Bmirror,1,1,1,807,stop,-1.25279,0.003165
EURUSD,2019-10-30,A,1,1,1,1118,target,0.68894,0.003126
EURUSD,2019-10-30,A,-1,1,1,1147,close,-0.90890,0.003126
EURUSD,2019-10-30,B,1,1,1,675,stop,-1.25592,0.003126
EURUSD,2019-10-30,Bmirror,-1,1,1,675,stop,-1.25592,0.003126
EURUSD,2019-10-31,B,1,1,1,659,stop,-1.25109,0.003186
EURUSD,2019-10-31,Bmirror,-1,1,1,659,stop,-1.25109,0.003186
EURUSD,2019-11-01,A,1,1,1,750,target,0.68207,0.002757
EURUSD,2019-11-01,B,1,1,1,511,stop,-1.29022,0.002757
EURUSD,2019-11-01,Bmirror,-1,1,1,511,stop,-1.29022,0.002757
EURUSD,2019-11-04,A,1,1,1,977,stop,-1.06062,0.002634
EURUSD,2019-11-04,B,-1,1,1,546,stop,-1.30371,0.002634
EURUSD,2019-11-04,Bmirror,1,1,1,546,stop,-1.30371,0.002634
EURUSD,2019-11-05,A,1,1,-1,801,stop,-1.05712,0.002796
EURUSD,2019-11-05,B,-1,1,-1,357,stop,-1.28617,0.002796
EURUSD,2019-11-05,Bmirror,1,1,-1,357,stop,-1.28617,0.002796
EURUSD,2019-11-06,B,1,1,-1,951,stop,-1.27994,0.002858
EURUSD,2019-11-06,Bmirror,-1,1,-1,951,stop,-1.27994,0.002858
EURUSD,2019-11-07,A,1,1,-1,947,close,0.09584,0.002804
EURUSD,2019-11-07,B,-1,1,-1,453,stop,-1.28530,0.002804
EURUSD,2019-11-07,Bmirror,1,1,-1,453,stop,-1.28530,0.002804
EURUSD,2019-11-08,A,1,1,-1,678,close,-0.71524,0.002793
EURUSD,2019-11-12,A,1,-1,1,931,close,-0.18005,0.002891
EURUSD,2019-11-12,B,-1,-1,1,563,close,7.74746,0.002891
EURUSD,2019-11-12,Bmirror,1,-1,1,563,stop,-1.27670,0.002891
EURUSD,2019-11-13,B,-1,-1,-1,541,stop,-1.27333,0.002927
EURUSD,2019-11-13,Bmirror,1,-1,-1,541,stop,-1.27333,0.002927
EURUSD,2019-11-14,B,-1,-1,-1,475,stop,-1.27490,0.002910
EURUSD,2019-11-14,Bmirror,1,-1,-1,475,stop,-1.27490,0.002910
EURUSD,2019-11-15,A,-1,-1,1,845,close,-0.56324,0.002868
EURUSD,2019-11-18,A,-1,-1,1,957,close,0.17786,0.002833
EURUSD,2019-11-20,A,1,-1,1,800,target,0.68396,0.002849
EURUSD,2019-11-20,B,-1,-1,1,896,close,1.55668,0.002849
EURUSD,2019-11-20,Bmirror,1,-1,1,896,stop,-1.28077,0.002849
EURUSD,2019-11-21,A,1,-1,1,1142,close,0.15625,0.002848
EURUSD,2019-11-21,B,1,-1,1,838,stop,-1.28088,0.002848
EURUSD,2019-11-21,Bmirror,-1,-1,1,838,stop,-1.28088,0.002848
EURUSD,2019-11-22,A,1,-1,-1,900,stop,-1.05848,0.002730
EURUSD,2019-11-22,B,1,-1,-1,540,stop,-1.29301,0.002730
EURUSD,2019-11-22,Bmirror,-1,-1,-1,540,stop,-1.29301,0.002730
EURUSD,2019-11-25,B,-1,-1,1,901,close,3.69132,0.002462
EURUSD,2019-11-25,Bmirror,1,-1,1,901,stop,-1.32491,0.002462
EURUSD,2019-11-26,B,1,-1,-1,861,stop,-1.32737,0.002444
EURUSD,2019-11-26,Bmirror,-1,-1,-1,861,stop,-1.32737,0.002444
EURUSD,2019-11-27,A,1,-1,1,812,close,-0.30556,0.002447
EURUSD,2019-11-28,B,1,-1,-1,685,stop,-1.32513,0.002461
EURUSD,2019-11-28,Bmirror,-1,-1,-1,685,stop,-1.32513,0.002461
EURUSD,2019-11-29,A,1,-1,1,780,target,0.67384,0.002414
EURUSD,2019-11-29,B,-1,-1,1,931,stop,-1.33140,0.002414
EURUSD,2019-11-29,Bmirror,1,-1,1,931,close,2.56532,0.002414
EURUSD,2019-12-02,A,-1,-1,-1,848,stop,-1.06741,0.002378
EURUSD,2019-12-02,B,-1,-1,-1,778,stop,-1.33647,0.002378
EURUSD,2019-12-02,Bmirror,1,-1,-1,778,target,12.06353,0.002378
EURUSD,2019-12-03,B,1,1,1,621,stop,-1.30038,0.002663
EURUSD,2019-12-03,Bmirror,-1,1,1,621,stop,-1.30038,0.002663
EURUSD,2019-12-04,A,-1,1,1,836,target,0.67948,0.002649
EURUSD,2019-12-04,B,-1,1,1,789,stop,-1.30203,0.002649
EURUSD,2019-12-04,Bmirror,1,1,1,789,stop,-1.30203,0.002649
EURUSD,2019-12-05,A,-1,1,1,880,target,0.67597,0.002504
EURUSD,2019-12-06,A,1,1,1,810,stop,-1.06270,0.002547
EURUSD,2019-12-09,B,1,1,-1,1076,close,1.62555,0.002679
EURUSD,2019-12-09,Bmirror,-1,1,-1,1076,stop,-1.29864,0.002679
EURUSD,2019-12-10,A,-1,1,1,951,close,-0.60479,0.002583
EURUSD,2019-12-11,A,1,1,1,775,target,0.67369,0.002408
EURUSD,2019-12-11,A,-1,1,1,1155,stop,-1.06655,0.002408
EURUSD,2019-12-11,B,-1,1,1,854,stop,-1.33216,0.002408
EURUSD,2019-12-11,Bmirror,1,1,1,854,stop,-1.33216,0.002408
EURUSD,2019-12-12,A,1,1,1,957,target,0.67707,0.002538
EURUSD,2019-12-12,A,-1,1,1,819,target,0.67683,0.002538
EURUSD,2019-12-12,B,1,1,1,535,stop,-1.31525,0.002538
EURUSD,2019-12-12,Bmirror,-1,1,1,535,stop,-1.31525,0.002538
EURUSD,2019-12-13,A,1,1,1,867,stop,-1.05941,0.002688
EURUSD,2019-12-13,B,-1,1,1,607,target,12.10237,0.002688
EURUSD,2019-12-13,Bmirror,1,1,1,607,stop,-1.29763,0.002688
EURUSD,2019-12-16,A,-1,1,1,451,target,0.68509,0.002920
EURUSD,2019-12-17,A,-1,1,1,681,target,0.68505,0.002918
EURUSD,2019-12-17,B,1,1,1,501,stop,-1.27415,0.002918
EURUSD,2019-12-17,Bmirror,-1,1,1,501,stop,-1.27415,0.002918
EURUSD,2019-12-18,A,1,1,1,541,target,0.68443,0.002873
EURUSD,2019-12-19,A,-1,1,-1,656,target,0.68635,0.002989
EURUSD,2019-12-19,B,1,1,-1,764,stop,-1.26764,0.002989
EURUSD,2019-12-19,Bmirror,-1,1,-1,764,stop,-1.26764,0.002989
EURUSD,2019-12-20,A,1,1,1,675,stop,-1.05344,0.002987
EURUSD,2019-12-24,B,-1,1,1,991,close,0.91038,0.003082
EURUSD,2019-12-24,Bmirror,1,1,1,991,stop,-1.25954,0.003082
EURUSD,2019-12-27,A,-1,1,1,460,stop,-1.05216,0.003074
EURUSD,2019-12-30,A,-1,1,1,194,target,0.69072,0.003255
EURUSD,2019-12-31,A,-1,1,1,718,target,0.69058,0.003246
EURUSD,2019-12-31,B,1,1,1,211,close,2.75181,0.003246
EURUSD,2019-12-31,Bmirror,-1,1,1,211,stop,-1.24649,0.003246
EURUSD,2020-01-02,A,1,1,1,691,stop,-1.04980,0.003205
EURUSD,2020-01-03,A,1,1,-1,586,target,0.69301,0.003396
EURUSD,2020-01-03,B,-1,1,-1,979,stop,-1.23555,0.003396
EURUSD,2020-01-03,Bmirror,1,1,-1,979,stop,-1.23555,0.003396
EURUSD,2020-01-06,A,-1,-1,1,584,close,-0.51000,0.003413
EURUSD,2020-01-07,A,1,1,1,625,target,0.69141,0.003285
EURUSD,2020-01-08,A,1,1,-1,554,target,0.69324,0.003413
EURUSD,2020-01-08,B,1,1,-1,161,stop,-1.23441,0.003413
EURUSD,2020-01-08,Bmirror,-1,1,-1,161,stop,-1.23441,0.003413
EURUSD,2020-01-09,B,-1,-1,-1,751,stop,-1.22682,0.003527
EURUSD,2020-01-09,Bmirror,1,-1,-1,751,stop,-1.22682,0.003527
EURUSD,2020-01-10,B,-1,-1,-1,810,stop,-1.22846,0.003502
EURUSD,2020-01-10,Bmirror,1,-1,-1,810,stop,-1.22846,0.003502
EURUSD,2020-01-13,A,-1,-1,-1,989,close,0.44764,0.003380
EURUSD,2020-01-13,B,1,-1,-1,594,close,4.68777,0.003380
EURUSD,2020-01-13,Bmirror,-1,-1,-1,594,stop,-1.23672,0.003380
EURUSD,2020-01-14,A,1,1,1,803,target,0.69299,0.003395
EURUSD,2020-01-14,B,-1,1,1,1117,close,1.61601,0.003395
EURUSD,2020-01-14,Bmirror,1,1,1,1117,stop,-1.23562,0.003395
EURUSD,2020-01-15,A,-1,1,-1,859,close,0.24823,0.003355
EURUSD,2020-01-16,B,1,1,1,822,stop,-1.24307,0.003291
EURUSD,2020-01-16,Bmirror,-1,1,1,822,stop,-1.24307,0.003291
EURUSD,2020-01-17,A,1,1,-1,664,stop,-1.05101,0.003129
EURUSD,2020-01-21,B,1,-1,1,937,stop,-1.26648,0.003002
EURUSD,2020-01-21,Bmirror,-1,-1,1,937,stop,-1.26648,0.003002
EURUSD,2020-01-22,B,1,-1,-1,872,stop,-1.26787,0.002987
EURUSD,2020-01-22,Bmirror,-1,-1,-1,872,stop,-1.26787,0.002987
EURUSD,2020-01-23,A,1,-1,1,856,stop,-1.05487,0.002910
EURUSD,2020-01-23,B,-1,-1,1,814,stop,-1.27494,0.002910
EURUSD,2020-01-23,Bmirror,1,-1,1,814,stop,-1.27494,0.002910
EURUSD,2020-01-24,A,1,-1,-1,695,close,-0.39034,0.003016
EURUSD,2020-01-24,B,-1,-1,-1,490,stop,-1.26525,0.003016
EURUSD,2020-01-24,Bmirror,1,-1,-1,490,stop,-1.26525,0.003016
EURUSD,2020-01-27,B,1,-1,-1,540,stop,-1.27342,0.002926
EURUSD,2020-01-27,Bmirror,-1,-1,-1,540,stop,-1.27342,0.002926
EURUSD,2020-01-29,A,1,-1,1,543,target,0.68522,0.002914
EURUSD,2020-01-30,A,-1,-1,-1,1077,close,0.31448,0.002911
EURUSD,2020-01-31,A,-1,-1,1,794,stop,-1.05477,0.002928
EURUSD,2020-02-03,A,1,-1,-1,535,stop,-1.05640,0.002831
EURUSD,2020-02-04,A,1,-1,-1,929,close,0.26022,0.002828
EURUSD,2020-02-05,A,1,-1,-1,588,stop,-1.05658,0.002822
EURUSD,2020-02-06,A,1,-1,-1,931,close,0.27990,0.002921
EURUSD,2020-02-06,B,1,-1,-1,488,stop,-1.27391,0.002921
EURUSD,2020-02-06,Bmirror,-1,-1,-1,488,stop,-1.27391,0.002921
EURUSD,2020-02-07,A,1,-1,-1,539,target,0.68311,0.002807
EURUSD,2020-02-10,A,1,-1,1,953,stop,-1.05566,0.002869
EURUSD,2020-02-11,B,-1,-1,-1,850,stop,-1.28560,0.002801
EURUSD,2020-02-11,Bmirror,1,-1,-1,850,stop,-1.28560,0.002801
EURUSD,2020-02-12,A,1,-1,1,904,stop,-1.05823,0.002742
EURUSD,2020-02-12,B,-1,-1,1,503,stop,-1.29172,0.002742
EURUSD,2020-02-12,Bmirror,1,-1,1,503,stop,-1.29172,0.002742
EURUSD,2020-02-13,A,1,-1,-1,730,target,0.68217,0.002761
EURUSD,2020-02-13,B,1,-1,-1,658,stop,-1.28972,0.002761
EURUSD,2020-02-13,Bmirror,-1,-1,-1,658,target,12.11028,0.002761
EURUSD,2020-02-14,B,-1,-1,-1,460,stop,-1.28430,0.002814
EURUSD,2020-02-14,Bmirror,1,-1,-1,460,stop,-1.28430,0.002814
EURUSD,2020-02-18,A,1,-1,-1,754,stop,-1.05804,0.002751
EURUSD,2020-02-18,B,-1,-1,-1,370,target,12.10919,0.002751
EURUSD,2020-02-18,Bmirror,1,-1,-1,370,stop,-1.29081,0.002751
EURUSD,2020-02-19,B,1,-1,-1,675,stop,-1.28230,0.002834
EURUSD,2020-02-19,Bmirror,-1,-1,-1,675,stop,-1.28230,0.002834
EURUSD,2020-02-20,A,1,-1,1,415,target,0.68279,0.002791
EURUSD,2020-02-20,B,-1,-1,1,841,stop,-1.28665,0.002791
EURUSD,2020-02-20,Bmirror,1,-1,1,841,stop,-1.28665,0.002791
EURUSD,2020-02-21,A,-1,-1,-1,510,target,0.68273,0.002799
EURUSD,2020-02-24,A,1,-1,-1,421,target,0.68791,0.003065
EURUSD,2020-02-24,A,-1,-1,-1,963,target,0.68768,0.003065
EURUSD,2020-02-24,B,-1,-1,-1,543,stop,-1.26102,0.003065
EURUSD,2020-02-24,Bmirror,1,-1,-1,543,stop,-1.26102,0.003065
EURUSD,2020-02-25,A,-1,-1,1,975,stop,-1.05202,0.003083
EURUSD,2020-02-25,B,1,-1,1,426,stop,-1.25952,0.003083
EURUSD,2020-02-25,Bmirror,-1,-1,1,426,stop,-1.25952,0.003083
EURUSD,2020-02-26,A,-1,-1,1,732,target,0.68973,0.003190
EURUSD,2020-02-26,B,-1,-1,1,489,stop,-1.25078,0.003190
EURUSD,2020-02-26,Bmirror,1,-1,1,489,stop,-1.25078,0.003190
EURUSD,2020-02-27,A,-1,-1,1,10,target,0.68959,0.003182
EURUSD,2020-02-28,A,1,-1,1,870,target,0.69943,0.003932
EURUSD,2020-02-28,A,-1,-1,1,534,stop,-1.04081,0.003932
EURUSD,2020-02-28,B,1,-1,1,713,stop,-1.20345,0.003932
EURUSD,2020-02-28,Bmirror,-1,-1,1,713,stop,-1.20345,0.003932
EURUSD,2020-03-02,A,-1,1,1,490,target,0.69962,0.003974
EURUSD,2020-03-03,A,1,1,1,528,target,0.70371,0.004394
EURUSD,2020-03-03,A,-1,1,1,900,target,0.70347,0.004394
EURUSD,2020-03-03,B,-1,1,1,152,stop,-1.18205,0.004394
EURUSD,2020-03-03,Bmirror,1,1,1,152,stop,-1.18205,0.004394
EURUSD,2020-03-04,A,1,1,1,651,stop,-1.03599,0.004431
EURUSD,2020-03-04,B,-1,1,1,508,stop,-1.18053,0.004431
EURUSD,2020-03-04,Bmirror,1,1,1,508,stop,-1.18053,0.004431
EURUSD,2020-03-05,A,-1,1,-1,601,target,0.70442,0.004512
EURUSD,2020-03-05,B,-1,1,-1,534,stop,-1.17729,0.004512
EURUSD,2020-03-05,Bmirror,1,1,-1,534,stop,-1.17729,0.004512
EURUSD,2020-03-06,A,-1,1,1,512,stop,-1.03347,0.004797
EURUSD,2020-03-06,B,1,1,1,395,target,12.23322,0.004797
EURUSD,2020-03-06,Bmirror,-1,1,1,395,stop,-1.16678,0.004797
EURUSD,2020-03-09,A,-1,1,1,109,stop,-1.03120,0.005147
EURUSD,2020-03-09,B,-1,1,1,100,stop,-1.15542,0.005147
EURUSD,2020-03-09,Bmirror,1,1,1,100,target,12.24458,0.005147
EURUSD,2020-03-10,A,1,1,1,309,target,0.70867,0.005088
EURUSD,2020-03-10,B,1,1,1,33,stop,-1.15723,0.005088
EURUSD,2020-03-10,Bmirror,-1,1,1,33,stop,-1.15723,0.005088
EURUSD,2020-03-11,A,1,1,-1,938,close,-0.30111,0.005419
EURUSD,2020-03-11,A,-1,1,-1,405,target,0.71036,0.005419
EURUSD,2020-03-11,B,1,1,-1,493,stop,-1.14763,0.005419
EURUSD,2020-03-11,Bmirror,-1,1,-1,493,stop,-1.14763,0.005419
EURUSD,2020-03-12,A,1,1,-1,690,target,0.71076,0.005450
EURUSD,2020-03-12,A,-1,1,-1,80,target,0.71053,0.005450
EURUSD,2020-03-12,B,1,1,-1,510,stop,-1.14678,0.005450
EURUSD,2020-03-12,Bmirror,-1,1,-1,510,stop,-1.14678,0.005450
EURUSD,2020-03-13,A,1,1,-1,760,stop,-1.02790,0.005710
EURUSD,2020-03-13,B,-1,1,-1,85,stop,-1.14011,0.005710
EURUSD,2020-03-13,Bmirror,1,1,-1,85,stop,-1.14011,0.005710
EURUSD,2020-03-16,A,1,1,1,69,target,0.71337,0.005981
EURUSD,2020-03-16,A,-1,1,1,508,target,0.71313,0.005981
EURUSD,2020-03-16,B,-1,1,1,444,stop,-1.13375,0.005981
EURUSD,2020-03-16,Bmirror,1,1,1,444,stop,-1.13375,0.005981
EURUSD,2020-03-17,A,1,1,1,527,stop,-1.02700,0.005899
EURUSD,2020-03-17,B,1,1,1,404,stop,-1.13561,0.005899
EURUSD,2020-03-17,Bmirror,-1,1,1,404,target,12.26439,0.005899
EURUSD,2020-03-18,A,1,1,-1,532,target,0.71628,0.006713
EURUSD,2020-03-18,B,-1,1,-1,159,stop,-1.11918,0.006713
EURUSD,2020-03-18,Bmirror,1,1,-1,159,stop,-1.11918,0.006713
EURUSD,2020-03-19,A,1,1,-1,72,target,0.71667,0.006824
EURUSD,2020-03-19,B,-1,1,-1,396,target,12.28276,0.006824
EURUSD,2020-03-19,Bmirror,1,1,-1,396,stop,-1.11724,0.006824
EURUSD,2020-03-20,A,-1,-1,-1,110,stop,-1.01753,0.009188
EURUSD,2020-03-20,B,1,-1,-1,1018,stop,-1.08707,0.009188
EURUSD,2020-03-20,Bmirror,-1,-1,-1,1018,stop,-1.08707,0.009188
EURUSD,2020-03-23,A,-1,-1,-1,386,target,0.72256,0.009238
EURUSD,2020-03-23,B,1,-1,-1,564,stop,-1.08660,0.009238
EURUSD,2020-03-23,Bmirror,-1,-1,-1,564,stop,-1.08660,0.009238
EURUSD,2020-03-24,A,-1,-1,1,408,target,0.72284,0.009391
EURUSD,2020-03-24,B,1,-1,1,1051,stop,-1.08519,0.009391
EURUSD,2020-03-24,Bmirror,-1,-1,1,1051,stop,-1.08519,0.009391
EURUSD,2020-03-25,A,-1,-1,1,1097,close,-0.17578,0.009381
EURUSD,2020-03-25,B,-1,-1,1,66,stop,-1.08528,0.009381
EURUSD,2020-03-25,Bmirror,1,-1,1,66,stop,-1.08528,0.009381
EURUSD,2020-03-26,A,-1,-1,1,664,stop,-1.01684,0.009567
EURUSD,2020-03-27,A,1,-1,1,801,target,0.72426,0.010087
EURUSD,2020-03-27,A,-1,-1,1,1203,close,-0.21580,0.010087
EURUSD,2020-03-27,B,-1,-1,1,949,stop,-1.07931,0.010087
EURUSD,2020-03-27,Bmirror,1,-1,1,949,stop,-1.07931,0.010087
EURUSD,2020-03-30,A,1,-1,-1,833,close,0.33616,0.010211
EURUSD,2020-03-31,A,1,-1,-1,703,target,0.72464,0.010335
EURUSD,2020-04-01,A,1,-1,-1,562,close,0.41113,0.010333
EURUSD,2020-04-02,A,1,-1,-1,843,close,-0.26280,0.010439
EURUSD,2020-04-07,A,-1,-1,-1,492,stop,-1.01582,0.010189
EURUSD,2020-04-09,A,-1,-1,-1,958,close,0.22947,0.010453
EURUSD,2020-04-15,A,1,1,1,795,close,0.13862,0.010055
EURUSD,2020-04-16,A,1,1,-1,1057,close,0.33604,0.010130
EURUSD,2020-04-17,B,-1,1,-1,793,stop,-1.07957,0.010054
EURUSD,2020-04-17,Bmirror,1,1,-1,793,close,1.10182,0.010054
EURUSD,2020-04-21,B,-1,-1,-1,889,stop,-1.08097,0.009880
EURUSD,2020-04-21,Bmirror,1,-1,-1,889,stop,-1.08097,0.009880
EURUSD,2020-04-23,B,-1,-1,-1,914,stop,-1.08557,0.009349
EURUSD,2020-04-23,Bmirror,1,-1,-1,914,stop,-1.08557,0.009349
EURUSD,2020-04-24,B,-1,-1,-1,699,stop,-1.11382,0.007029
EURUSD,2020-04-24,Bmirror,1,-1,-1,699,stop,-1.11382,0.007029
EURUSD,2020-04-27,B,1,-1,-1,1044,close,1.43782,0.007031
EURUSD,2020-04-27,Bmirror,-1,-1,-1,1044,stop,-1.11379,0.007031
EURUSD,2020-04-28,A,-1,1,1,638,target,0.71657,0.006863
EURUSD,2020-04-28,B,1,1,1,961,stop,-1.11657,0.006863
EURUSD,2020-04-28,Bmirror,-1,1,1,961,stop,-1.11657,0.006863
EURUSD,2020-04-29,A,-1,1,-1,1142,close,0.08964,0.006826
EURUSD,2020-04-30,A,-1,1,1,955,stop,-1.02423,0.006635
EURUSD,2020-04-30,B,-1,1,1,918,stop,-1.12057,0.006635
EURUSD,2020-04-30,Bmirror,1,1,1,918,stop,-1.12057,0.006635
EURUSD,2020-05-01,A,-1,1,1,916,close,0.33074,0.005881
EURUSD,2020-05-04,A,1,1,-1,914,close,-0.23189,0.005563
EURUSD,2020-05-05,A,1,-1,-1,585,stop,-1.02900,0.005495
EURUSD,2020-05-06,A,1,-1,-1,565,target,0.71169,0.005627
EURUSD,2020-05-07,B,-1,-1,-1,1005,stop,-1.14459,0.005533
EURUSD,2020-05-07,Bmirror,1,-1,-1,1005,stop,-1.14459,0.005533
EURUSD,2020-05-08,B,-1,-1,1,923,stop,-1.15506,0.005159
EURUSD,2020-05-08,Bmirror,1,-1,1,923,close,-0.10141,0.005159
EURUSD,2020-05-11,B,-1,-1,-1,865,stop,-1.15799,0.005063
EURUSD,2020-05-11,Bmirror,1,-1,-1,865,stop,-1.15799,0.005063
EURUSD,2020-05-12,A,-1,-1,-1,792,stop,-1.03185,0.005042
EURUSD,2020-05-12,B,-1,-1,-1,371,stop,-1.15868,0.005042
EURUSD,2020-05-12,Bmirror,1,-1,-1,371,stop,-1.15868,0.005042
EURUSD,2020-05-13,A,1,-1,1,1084,close,0.11612,0.004576
EURUSD,2020-05-13,A,-1,-1,1,840,target,0.70492,0.004576
EURUSD,2020-05-13,B,-1,-1,1,673,stop,-1.17481,0.004576
EURUSD,2020-05-13,Bmirror,1,-1,1,673,stop,-1.17481,0.004576
EURUSD,2020-05-14,A,1,-1,-1,738,target,0.70517,0.004578
EURUSD,2020-05-14,B,-1,-1,-1,570,close,2.57131,0.004578
EURUSD,2020-05-14,Bmirror,1,-1,-1,570,stop,-1.17475,0.004578
EURUSD,2020-05-15,A,-1,-1,-1,826,target,0.70284,0.004319
EURUSD,2020-05-18,A,-1,1,1,877,stop,-1.03703,0.004334
EURUSD,2020-05-18,B,-1,1,1,773,stop,-1.18457,0.004334
EURUSD,2020-05-18,Bmirror,1,1,1,773,target,12.21543,0.004334
EURUSD,2020-05-19,A,-1,1,1,606,target,0.70647,0.004788
EURUSD,2020-05-20,A,-1,1,1,730,stop,-1.03521,0.004560
EURUSD,2020-05-21,A,1,1,1,955,target,0.70353,0.004373
EURUSD,2020-05-21,B,-1,1,1,700,stop,-1.18295,0.004373
EURUSD,2020-05-21,Bmirror,1,1,1,700,stop,-1.18295,0.004373
EURUSD,2020-05-22,A,1,1,-1,490,stop,-1.03690,0.004322
EURUSD,2020-05-25,B,-1,-1,1,702,stop,-1.18004,0.004444
EURUSD,2020-05-25,Bmirror,1,-1,1,702,stop,-1.18004,0.004444
EURUSD,2020-05-26,A,-1,-1,-1,493,stop,-1.03609,0.004448
EURUSD,2020-05-27,A,1,1,1,604,target,0.70668,0.004785
EURUSD,2020-05-27,A,-1,1,1,659,target,0.70644,0.004785
EURUSD,2020-05-27,B,-1,1,1,627,stop,-1.16719,0.004785
EURUSD,2020-05-27,Bmirror,1,1,1,627,stop,-1.16719,0.004785
EURUSD,2020-05-28,A,-1,1,1,927,stop,-1.03377,0.004755
EURUSD,2020-05-28,B,1,1,1,276,stop,-1.16824,0.004755
EURUSD,2020-05-28,Bmirror,-1,1,1,276,stop,-1.16824,0.004755
EURUSD,2020-05-29,A,-1,1,1,505,target,0.70624,0.004757
EURUSD,2020-06-01,A,-1,1,1,433,target,0.70592,0.004711
EURUSD,2020-06-01,B,1,1,1,649,stop,-1.16982,0.004711
EURUSD,2020-06-01,Bmirror,-1,1,1,649,stop,-1.16982,0.004711
EURUSD,2020-06-02,A,-1,1,1,573,close,0.04390,0.004715
EURUSD,2020-06-03,A,-1,1,1,422,target,0.70617,0.004746
EURUSD,2020-06-04,A,-1,1,1,779,target,0.70638,0.004776
EURUSD,2020-06-04,B,-1,1,1,765,stop,-1.16750,0.004776
EURUSD,2020-06-04,Bmirror,1,1,1,765,stop,-1.16750,0.004776
EURUSD,2020-06-05,A,1,1,1,812,target,0.70817,0.005009
EURUSD,2020-06-05,A,-1,1,1,455,target,0.70794,0.005009
EURUSD,2020-06-05,B,1,1,1,592,stop,-1.15972,0.005009
EURUSD,2020-06-05,Bmirror,-1,1,1,592,close,8.11619,0.005009
EURUSD,2020-06-08,B,-1,1,1,828,stop,-1.15762,0.005076
EURUSD,2020-06-08,Bmirror,1,1,1,828,stop,-1.15762,0.005076
EURUSD,2020-06-09,A,1,1,-1,555,target,0.70749,0.004904
EURUSD,2020-06-09,A,-1,1,-1,884,stop,-1.03274,0.004904
EURUSD,2020-06-09,B,1,1,-1,131,stop,-1.16313,0.004904
EURUSD,2020-06-09,Bmirror,-1,1,-1,131,stop,-1.16313,0.004904
EURUSD,2020-06-10,A,-1,1,1,739,target,0.70548,0.004651
EURUSD,2020-06-10,B,1,1,1,1141,stop,-1.17200,0.004651
EURUSD,2020-06-10,Bmirror,-1,1,1,1141,stop,-1.17200,0.004651
EURUSD,2020-06-11,A,1,1,1,367,target,0.70449,0.004490
EURUSD,2020-06-11,B,-1,1,1,557,stop,-1.17816,0.004490
EURUSD,2020-06-11,Bmirror,1,1,1,557,stop,-1.17816,0.004490
EURUSD,2020-06-12,A,1,1,-1,951,stop,-1.03266,0.004882
EURUSD,2020-06-12,A,-1,1,-1,580,target,0.70711,0.004882
EURUSD,2020-06-12,B,-1,1,-1,392,stop,-1.16387,0.004882
EURUSD,2020-06-12,Bmirror,1,1,-1,392,stop,-1.16387,0.004882
EURUSD,2020-06-15,A,-1,1,-1,946,target,0.70805,0.005026
EURUSD,2020-06-15,B,1,1,-1,393,stop,-1.15917,0.005026
EURUSD,2020-06-15,Bmirror,-1,1,-1,393,stop,-1.15917,0.005026
EURUSD,2020-06-16,A,1,1,1,846,stop,-1.03103,0.005137
EURUSD,2020-06-16,B,1,1,1,511,stop,-1.15573,0.005137
EURUSD,2020-06-16,Bmirror,-1,1,1,511,stop,-1.15573,0.005137
EURUSD,2020-06-17,A,1,1,-1,901,target,0.71050,0.005403
EURUSD,2020-06-17,B,1,1,-1,553,stop,-1.14808,0.005403
EURUSD,2020-06-17,Bmirror,-1,1,-1,553,stop,-1.14808,0.005403
EURUSD,2020-06-18,A,1,1,-1,1058,close,0.11800,0.005340
EURUSD,2020-06-19,A,-1,1,-1,815,target,0.71027,0.005404
EURUSD,2020-06-19,B,1,1,-1,940,stop,-1.14804,0.005404
EURUSD,2020-06-19,Bmirror,-1,1,-1,940,close,5.10175,0.005404
EURUSD,2020-06-22,A,-1,1,1,602,stop,-1.02931,0.005480
EURUSD,2020-06-23,A,-1,1,1,794,close,0.28926,0.005439
EURUSD,2020-06-23,B,-1,1,1,236,stop,-1.14708,0.005439
EURUSD,2020-06-23,Bmirror,1,1,1,236,stop,-1.14708,0.005439
EURUSD,2020-06-24,A,1,1,1,901,close,-0.41226,0.005459
EURUSD,2020-06-24,B,-1,1,1,715,close,9.16878,0.005459
EURUSD,2020-06-24,Bmirror,1,1,1,715,stop,-1.14656,0.005459
EURUSD,2020-06-25,A,1,1,-1,719,target,0.71130,0.005552
EURUSD,2020-06-26,B,-1,1,-1,1049,stop,-1.14396,0.005557
EURUSD,2020-06-26,Bmirror,1,1,-1,1049,close,-0.59297,0.005557
EURUSD,2020-06-29,A,-1,-1,1,659,target,0.71038,0.005424
EURUSD,2020-06-29,B,1,-1,1,1086,close,2.84215,0.005424
EURUSD,2020-06-29,Bmirror,-1,-1,1,1086,stop,-1.14750,0.005424
EURUSD,2020-06-30,A,1,-1,1,630,target,0.71056,0.005413
EURUSD,2020-06-30,B,-1,-1,1,974,stop,-1.14779,0.005413
EURUSD,2020-06-30,Bmirror,1,-1,1,974,stop,-1.14779,0.005413
EURUSD,2020-07-01,A,1,-1,-1,754,target,0.70927,0.005186
EURUSD,2020-07-01,B,-1,-1,-1,890,stop,-1.15426,0.005186
EURUSD,2020-07-01,Bmirror,1,-1,-1,890,close,2.62609,0.005186
EURUSD,2020-07-02,A,-1,-1,1,573,target,0.70891,0.005166
EURUSD,2020-07-02,B,1,-1,1,855,stop,-1.15487,0.005166
EURUSD,2020-07-02,Bmirror,-1,-1,1,855,stop,-1.15487,0.005166
EURUSD,2020-07-03,B,-1,-1,-1,905,stop,-1.15839,0.005051
EURUSD,2020-07-03,Bmirror,1,-1,-1,905,stop,-1.15839,0.005051
EURUSD,2020-07-06,A,-1,-1,-1,358,stop,-1.03197,0.005024
EURUSD,2020-07-07,A,1,1,1,598,target,0.70914,0.005164
EURUSD,2020-07-07,B,1,1,1,224,stop,-1.15491,0.005164
EURUSD,2020-07-07,Bmirror,-1,1,1,224,close,6.04238,0.005164
EURUSD,2020-07-08,A,-1,1,-1,873,stop,-1.03101,0.005180
EURUSD,2020-07-09,A,1,1,1,962,close,-0.16732,0.005175
EURUSD,2020-07-09,B,1,1,1,511,stop,-1.15459,0.005175
EURUSD,2020-07-09,Bmirror,-1,1,1,511,stop,-1.15459,0.005175
EURUSD,2020-07-10,B,-1,1,-1,555,stop,-1.16685,0.004795
EURUSD,2020-07-10,Bmirror,1,1,-1,555,stop,-1.16685,0.004795
EURUSD,2020-07-13,A,-1,1,1,878,close,0.42623,0.004714
EURUSD,2020-07-13,B,1,1,1,508,stop,-1.16969,0.004714
EURUSD,2020-07-13,Bmirror,-1,1,1,508,stop,-1.16969,0.004714
EURUSD,2020-07-14,A,-1,1,1,884,close,-0.58923,0.004746
EURUSD,2020-07-15,A,-1,1,1,872,target,0.70678,0.004833
EURUSD,2020-07-15,B,1,1,1,1007,stop,-1.16553,0.004833
EURUSD,2020-07-15,Bmirror,-1,1,1,1007,close,-0.69147,0.004833
EURUSD,2020-07-16,A,1,1,1,1208,close,0.39686,0.004775
EURUSD,2020-07-16,B,-1,1,1,770,stop,-1.16755,0.004775
EURUSD,2020-07-16,Bmirror,1,1,1,770,stop,-1.16755,0.004775
EURUSD,2020-07-17,A,-1,1,-1,635,close,-0.24307,0.004518
EURUSD,2020-07-20,B,-1,1,1,359,stop,-1.17894,0.004471
EURUSD,2020-07-20,Bmirror,1,1,1,359,stop,-1.17894,0.004471
EURUSD,2020-07-21,A,-1,1,1,949,stop,-1.03840,0.004180
EURUSD,2020-07-21,B,1,1,1,272,stop,-1.19140,0.004180
EURUSD,2020-07-21,Bmirror,-1,1,1,272,stop,-1.19140,0.004180
EURUSD,2020-07-22,A,-1,1,1,672,stop,-1.03830,0.004191
EURUSD,2020-07-22,B,-1,1,1,621,stop,-1.19091,0.004191
EURUSD,2020-07-22,Bmirror,1,1,1,621,target,12.20909,0.004191
EURUSD,2020-07-23,A,-1,1,1,957,target,0.70176,0.004197
EURUSD,2020-07-23,B,1,1,1,773,stop,-1.19063,0.004197
EURUSD,2020-07-23,Bmirror,-1,1,1,773,stop,-1.19063,0.004197
EURUSD,2020-07-24,A,-1,1,1,931,close,-0.80322,0.004102
EURUSD,2020-07-24,B,1,1,1,326,stop,-1.19503,0.004102
EURUSD,2020-07-24,Bmirror,-1,1,1,326,stop,-1.19503,0.004102
EURUSD,2020-07-27,A,-1,1,-1,98,stop,-1.03940,0.004074
EURUSD,2020-07-28,A,1,1,1,292,stop,-1.03803,0.004194
EURUSD,2020-07-29,A,-1,1,-1,521,target,0.70292,0.004329
EURUSD,2020-07-29,B,1,1,-1,779,target,12.21519,0.004329
EURUSD,2020-07-29,Bmirror,-1,1,-1,779,stop,-1.18481,0.004329
EURUSD,2020-07-30,A,1,1,1,446,target,0.70209,0.004207
EURUSD,2020-07-30,A,-1,1,1,1104,close,-0.87671,0.004207
EURUSD,2020-07-30,B,-1,1,1,843,stop,-1.19016,0.004207
EURUSD,2020-07-30,Bmirror,1,1,1,843,stop,-1.19016,0.004207
EURUSD,2020-07-31,A,1,1,1,874,target,0.70153,0.004147
EURUSD,2020-07-31,A,-1,1,1,61,target,0.70129,0.004147
EURUSD,2020-07-31,B,1,1,1,609,stop,-1.19293,0.004147
EURUSD,2020-07-31,Bmirror,-1,1,1,609,stop,-1.19293,0.004147
EURUSD,2020-08-03,A,1,1,1,76,target,0.70435,0.004474
EURUSD,2020-08-04,A,-1,1,-1,521,target,0.70502,0.004589
EURUSD,2020-08-04,B,1,1,-1,754,stop,-1.17432,0.004589
EURUSD,2020-08-04,Bmirror,-1,1,-1,754,stop,-1.17432,0.004589
EURUSD,2020-08-05,A,-1,1,1,592,stop,-1.03521,0.004559
EURUSD,2020-08-06,A,1,1,1,909,target,0.70593,0.004680
EURUSD,2020-08-06,A,-1,1,1,428,target,0.70570,0.004680
EURUSD,2020-08-06,B,1,1,1,465,stop,-1.17093,0.004680
EURUSD,2020-08-06,Bmirror,-1,1,1,465,stop,-1.17093,0.004680
EURUSD,2020-08-07,A,1,1,1,233,stop,-1.03434,0.004643
EURUSD,2020-08-10,B,1,1,-1,465,stop,-1.15470,0.005171
EURUSD,2020-08-10,Bmirror,-1,1,-1,465,stop,-1.15470,0.005171
EURUSD,2020-08-11,A,-1,1,-1,659,target,0.70892,0.005168
EURUSD,2020-08-12,A,-1,1,1,818,close,0.06663,0.005066
EURUSD,2020-08-12,B,-1,1,1,516,stop,-1.15791,0.005066
EURUSD,2020-08-12,Bmirror,1,1,1,516,stop,-1.15791,0.005066
EURUSD,2020-08-13,A,-1,1,1,445,stop,-1.03200,0.005018
EURUSD,2020-08-14,B,-1,1,1,593,stop,-1.16444,0.004865
EURUSD,2020-08-14,Bmirror,1,1,1,593,stop,-1.16444,0.004865
EURUSD,2020-08-17,B,1,1,-1,543,stop,-1.16394,0.004880
EURUSD,2020-08-17,Bmirror,-1,1,-1,543,stop,-1.16394,0.004880
EURUSD,2020-08-18,A,-1,1,1,799,stop,-1.03291,0.004880
EURUSD,2020-08-19,A,1,1,1,945,stop,-1.03267,0.004880
EURUSD,2020-08-20,A,1,1,-1,855,target,0.70983,0.005283
EURUSD,2020-08-20,B,-1,1,-1,793,stop,-1.15143,0.005283
EURUSD,2020-08-20,Bmirror,1,1,-1,793,stop,-1.15143,0.005283
EURUSD,2020-08-21,A,1,1,1,562,stop,-1.03058,0.005213
EURUSD,2020-08-24,A,-1,-1,1,785,target,0.71043,0.005433
EURUSD,2020-08-24,B,1,-1,1,974,stop,-1.14724,0.005433
EURUSD,2020-08-24,Bmirror,-1,-1,1,974,close,1.95814,0.005433
EURUSD,2020-08-25,A,-1,1,-1,617,target,0.71050,0.005446
EURUSD,2020-08-26,A,1,1,1,797,target,0.70970,0.005260
EURUSD,2020-08-26,B,-1,1,1,1056,close,0.39416,0.005260
EURUSD,2020-08-26,Bmirror,1,1,1,1056,stop,-1.15210,0.005260
EURUSD,2020-08-27,A,1,1,1,886,target,0.70953,0.005230
EURUSD,2020-08-27,A,-1,1,1,859,target,0.70929,0.005230
EURUSD,2020-08-27,B,-1,1,1,828,stop,-1.15295,0.005230
EURUSD,2020-08-27,Bmirror,1,1,1,828,stop,-1.15295,0.005230
EURUSD,2020-08-28,A,-1,1,-1,344,stop,-1.03070,0.005232
EURUSD,2020-08-31,A,-1,1,1,951,target,0.71009,0.005371
EURUSD,2020-08-31,B,-1,1,1,598,stop,-1.14896,0.005371
EURUSD,2020-08-31,Bmirror,1,1,1,598,close,4.13513,0.005371
EURUSD,2020-09-01,A,-1,1,1,218,stop,-1.03225,0.004980
EURUSD,2020-09-01,B,1,1,1,905,stop,-1.16064,0.004980
EURUSD,2020-09-01,Bmirror,-1,1,1,905,stop,-1.16064,0.004980
EURUSD,2020-09-02,A,1,1,-1,508,stop,-1.03247,0.004910
EURUSD,2020-09-03,A,1,1,-1,318,target,0.70762,0.004923
EURUSD,2020-09-03,B,-1,1,-1,1144,stop,-1.16251,0.004923
EURUSD,2020-09-03,Bmirror,1,1,-1,1144,stop,-1.16251,0.004923
EURUSD,2020-09-04,A,1,1,-1,838,target,0.70676,0.004796
EURUSD,2020-09-04,B,-1,1,-1,1117,stop,-1.16679,0.004796
EURUSD,2020-09-04,Bmirror,1,1,-1,1117,stop,-1.16679,0.004796
EURUSD,2020-09-08,A,1,-1,-1,878,target,0.70507,0.004565
EURUSD,2020-09-08,B,-1,-1,-1,422,stop,-1.17526,0.004565
EURUSD,2020-09-08,Bmirror,1,-1,-1,422,stop,-1.17526,0.004565
EURUSD,2020-09-09,A,-1,-1,-1,829,close,0.12496,0.004609
EURUSD,2020-09-09,B,1,-1,-1,580,stop,-1.17357,0.004609
EURUSD,2020-09-09,Bmirror,-1,-1,-1,580,stop,-1.17357,0.004609
EURUSD,2020-09-10,A,-1,-1,1,765,stop,-1.03610,0.004447
EURUSD,2020-09-11,A,-1,-1,1,613,target,0.70400,0.004460
EURUSD,2020-09-11,B,1,-1,1,1091,close,3.47959,0.004460
EURUSD,2020-09-11,Bmirror,-1,-1,1,1091,stop,-1.17938,0.004460
EURUSD,2020-09-14,A,-1,-1,-1,829,target,0.70047,0.004060
EURUSD,2020-09-15,B,1,1,1,888,stop,-1.19960,0.004008
EURUSD,2020-09-15,Bmirror,-1,1,1,888,close,4.21521,0.004008
EURUSD,2020-09-16,A,1,1,-1,928,target,0.70047,0.004036
EURUSD,2020-09-16,B,-1,1,-1,217,stop,-1.19824,0.004036
EURUSD,2020-09-16,Bmirror,1,1,-1,217,stop,-1.19824,0.004036
EURUSD,2020-09-17,A,1,1,-1,83,stop,-1.03983,0.004005
EURUSD,2020-09-17,A,-1,1,-1,1241,close,0.10462,0.004005
EURUSD,2020-09-17,B,-1,1,-1,896,stop,-1.19973,0.004005
EURUSD,2020-09-17,Bmirror,1,1,-1,896,stop,-1.19973,0.004005
EURUSD,2020-09-18,B,-1,1,1,938,stop,-1.19869,0.004026
EURUSD,2020-09-18,Bmirror,1,1,1,938,stop,-1.19869,0.004026
EURUSD,2020-09-21,A,1,1,1,563,stop,-1.03980,0.004009
EURUSD,2020-09-21,B,1,1,1,510,stop,-1.19957,0.004009
EURUSD,2020-09-21,Bmirror,-1,1,1,510,target,12.20043,0.004009
EURUSD,2020-09-22,A,1,-1,-1,512,target,0.70268,0.004274
EURUSD,2020-09-22,B,-1,-1,-1,710,target,12.21282,0.004274
EURUSD,2020-09-22,Bmirror,1,-1,-1,710,stop,-1.18718,0.004274
EURUSD,2020-09-23,A,1,-1,-1,922,target,0.70168,0.004163
EURUSD,2020-09-23,B,-1,-1,-1,603,stop,-1.19219,0.004163
EURUSD,2020-09-23,Bmirror,1,-1,-1,603,stop,-1.19219,0.004163
EURUSD,2020-09-24,A,1,-1,-1,824,target,0.69935,0.003925
EURUSD,2020-09-24,B,1,-1,-1,177,stop,-1.20382,0.003925
EURUSD,2020-09-24,Bmirror,-1,-1,-1,177,stop,-1.20382,0.003925
EURUSD,2020-09-25,A,1,-1,1,723,stop,-1.04071,0.003919
EURUSD,2020-09-28,A,-1,-1,1,689,target,0.69755,0.003780
EURUSD,2020-09-28,B,-1,-1,1,194,stop,-1.21165,0.003780
EURUSD,2020-09-28,Bmirror,1,-1,1,194,stop,-1.21165,0.003780
EURUSD,2020-09-29,A,-1,-1,1,721,stop,-1.04148,0.003868
EURUSD,2020-09-30,A,1,-1,1,594,stop,-1.03904,0.004086
EURUSD,2020-09-30,B,-1,-1,1,973,stop,-1.19581,0.004086
EURUSD,2020-09-30,Bmirror,1,-1,1,973,stop,-1.19581,0.004086
EURUSD,2020-10-01,A,-1,-1,-1,756,target,0.70075,0.004089
EURUSD,2020-10-01,B,1,-1,-1,520,stop,-1.19563,0.004089
EURUSD,2020-10-01,Bmirror,-1,-1,-1,520,stop,-1.19563,0.004089
EURUSD,2020-10-02,A,1,-1,1,355,target,0.70103,0.004093
EURUSD,2020-10-05,A,-1,-1,-1,598,stop,-1.04317,0.003717
EURUSD,2020-10-06,A,1,-1,1,1194,close,-0.85976,0.003969
EURUSD,2020-10-06,B,-1,-1,1,702,stop,-1.20154,0.003969
EURUSD,2020-10-06,Bmirror,1,-1,1,702,stop,-1.20154,0.003969
EURUSD,2020-10-07,A,-1,-1,-1,745,close,0.15988,0.004072
EURUSD,2020-10-08,A,1,-1,1,848,target,0.69988,0.003976
EURUSD,2020-10-09,A,-1,-1,-1,593,stop,-1.04036,0.003976
EURUSD,2020-10-12,B,-1,-1,-1,906,close,0.63814,0.004183
EURUSD,2020-10-12,Bmirror,1,-1,-1,906,stop,-1.19123,0.004183
EURUSD,2020-10-13,A,1,-1,-1,858,stop,-1.03837,0.004157
EURUSD,2020-10-14,B,-1,-1,-1,744,stop,-1.18729,0.004271
EURUSD,2020-10-14,Bmirror,1,-1,-1,744,close,0.25127,0.004271
EURUSD,2020-10-15,A,1,-1,-1,590,target,0.70188,0.004184
EURUSD,2020-10-16,A,-1,-1,-1,799,target,0.70194,0.004217
EURUSD,2020-10-19,A,-1,1,-1,628,stop,-1.03819,0.004202
EURUSD,2020-10-20,A,-1,1,1,634,stop,-1.03705,0.004333
EURUSD,2020-10-21,A,-1,1,1,538,target,0.70421,0.004486
EURUSD,2020-10-22,A,1,1,1,754,close,-0.09429,0.004483
EURUSD,2020-10-22,B,-1,1,1,463,stop,-1.17847,0.004483
EURUSD,2020-10-22,Bmirror,1,1,1,463,stop,-1.17847,0.004483
EURUSD,2020-10-23,A,-1,1,-1,1259,close,0.00707,0.004485
EURUSD,2020-10-23,B,-1,1,-1,521,stop,-1.17839,0.004485
EURUSD,2020-10-23,Bmirror,1,1,-1,521,close,7.00728,0.004485
EURUSD,2020-10-26,A,1,1,-1,561,close,0.02261,0.004546
EURUSD,2020-10-27,B,1,1,-1,490,stop,-1.18594,0.004303
EURUSD,2020-10-27,Bmirror,-1,1,-1,490,stop,-1.18594,0.004303
EURUSD,2020-10-28,A,1,1,-1,571,stop,-1.03818,0.004177
EURUSD,2020-10-29,A,1,-1,-1,685,stop,-1.03862,0.004130
EURUSD,2020-10-30,A,1,-1,-1,1058,close,0.25408,0.004363
EURUSD,2020-10-30,B,1,-1,-1,816,stop,-1.18336,0.004363
EURUSD,2020-10-30,Bmirror,-1,-1,-1,816,stop,-1.18336,0.004363
EURUSD,2020-11-02,B,-1,-1,-1,552,stop,-1.18475,0.004330
EURUSD,2020-11-02,Bmirror,1,-1,-1,552,stop,-1.18475,0.004330
EURUSD,2020-11-03,A,-1,-1,-1,499,stop,-1.03761,0.004268
EURUSD,2020-11-04,A,1,-1,1,37,stop,-1.03416,0.004667
EURUSD,2020-11-04,B,-1,-1,1,8,stop,-1.17140,0.004667
EURUSD,2020-11-04,Bmirror,1,-1,1,8,stop,-1.17140,0.004667
EURUSD,2020-11-05,A,-1,-1,-1,568,stop,-1.03419,0.004696
EURUSD,2020-11-05,B,-1,-1,-1,178,stop,-1.17035,0.004696
EURUSD,2020-11-05,Bmirror,1,-1,-1,178,target,12.22965,0.004696
EURUSD,2020-11-06,A,-1,1,1,630,stop,-1.03232,0.004969
EURUSD,2020-11-06,B,-1,1,1,136,stop,-1.16101,0.004969
EURUSD,2020-11-06,Bmirror,1,1,1,136,target,12.23899,0.004969
EURUSD,2020-11-09,A,1,1,1,932,stop,-1.03162,0.005041
EURUSD,2020-11-09,B,-1,1,1,711,stop,-1.15871,0.005041
EURUSD,2020-11-09,Bmirror,1,1,1,711,stop,-1.15871,0.005041
EURUSD,2020-11-10,A,1,1,-1,659,target,0.70845,0.005052
EURUSD,2020-11-10,B,-1,1,-1,869,stop,-1.15835,0.005052
EURUSD,2020-11-10,Bmirror,1,1,-1,869,stop,-1.15835,0.005052
EURUSD,2020-11-11,A,1,1,-1,655,stop,-1.03231,0.004934
EURUSD,2020-11-12,A,-1,1,-1,672,target,0.70760,0.004956
EURUSD,2020-11-16,B,1,1,1,564,stop,-1.16490,0.004851
EURUSD,2020-11-16,Bmirror,-1,1,1,564,stop,-1.16490,0.004851
EURUSD,2020-11-17,B,1,-1,1,933,close,0.13040,0.004858
EURUSD,2020-11-17,Bmirror,-1,-1,1,933,stop,-1.16468,0.004858
EURUSD,2020-11-18,B,1,1,1,724,stop,-1.17238,0.004641
EURUSD,2020-11-18,Bmirror,-1,1,1,724,stop,-1.17238,0.004641
EURUSD,2020-11-19,B,-1,1,-1,946,stop,-1.17166,0.004660
EURUSD,2020-11-19,Bmirror,1,1,-1,946,stop,-1.17166,0.004660
EURUSD,2020-11-20,B,1,1,1,544,stop,-1.17397,0.004598
EURUSD,2020-11-20,Bmirror,-1,1,1,544,stop,-1.17397,0.004598
EURUSD,2020-11-23,A,1,1,1,922,target,0.70535,0.004602
EURUSD,2020-11-23,B,1,1,1,892,stop,-1.17384,0.004602
EURUSD,2020-11-23,Bmirror,-1,1,1,892,stop,-1.17384,0.004602
EURUSD,2020-11-24,A,-1,1,-1,574,target,0.70447,0.004518
EURUSD,2020-11-24,B,1,1,-1,849,close,9.13089,0.004518
EURUSD,2020-11-24,Bmirror,-1,1,-1,849,stop,-1.17708,0.004518
EURUSD,2020-11-25,B,1,1,1,561,stop,-1.17798,0.004495
EURUSD,2020-11-25,Bmirror,-1,1,1,561,stop,-1.17798,0.004495
EURUSD,2020-11-26,B,1,1,1,539,stop,-1.17897,0.004470
EURUSD,2020-11-26,Bmirror,-1,1,1,539,stop,-1.17897,0.004470
EURUSD,2020-11-27,A,-1,1,-1,953,close,-0.55295,0.004407
EURUSD,2020-11-30,A,1,1,1,1225,close,-0.33285,0.004447
EURUSD,2020-11-30,B,1,1,1,955,stop,-1.17991,0.004447
EURUSD,2020-11-30,Bmirror,-1,1,1,955,stop,-1.17991,0.004447
EURUSD,2020-12-01,A,-1,1,-1,515,stop,-1.03624,0.004430
EURUSD,2020-12-02,B,-1,1,1,815,stop,-1.15959,0.005013
EURUSD,2020-12-02,Bmirror,1,1,1,815,stop,-1.15959,0.005013
EURUSD,2020-12-03,A,-1,1,1,778,target,0.70772,0.004975
EURUSD,2020-12-03,B,1,1,1,545,stop,-1.16079,0.004975
EURUSD,2020-12-03,Bmirror,-1,1,1,545,stop,-1.16079,0.004975
EURUSD,2020-12-04,B,1,1,1,826,stop,-1.17012,0.004703
EURUSD,2020-12-04,Bmirror,-1,1,1,826,stop,-1.17012,0.004703
EURUSD,2020-12-07,A,-1,1,-1,882,target,0.70559,0.004667
EURUSD,2020-12-07,B,-1,1,-1,785,stop,-1.17143,0.004667
EURUSD,2020-12-07,Bmirror,1,1,-1,785,stop,-1.17143,0.004667
EURUSD,2020-12-08,B,1,1,-1,718,stop,-1.17082,0.004683
EURUSD,2020-12-08,Bmirror,-1,1,-1,718,stop,-1.17082,0.004683
EURUSD,2020-12-09,A,1,1,1,1033,close,0.33346,0.004173
EURUSD,2020-12-09,A,-1,1,1,383,target,0.70154,0.004173
EURUSD,2020-12-09,B,1,1,1,703,stop,-1.19173,0.004173
EURUSD,2020-12-09,Bmirror,-1,1,1,703,stop,-1.19173,0.004173
EURUSD,2020-12-10,A,-1,1,-1,767,target,0.70155,0.004175
EURUSD,2020-12-11,A,1,1,1,957,close,0.16269,0.004047
EURUSD,2020-12-11,B,1,1,1,453,stop,-1.19768,0.004047
EURUSD,2020-12-11,Bmirror,-1,1,1,453,close,6.19175,0.004047
EURUSD,2020-12-14,A,-1,1,1,759,target,0.70006,0.004018
EURUSD,2020-12-14,B,1,1,1,915,stop,-1.19913,0.004018
EURUSD,2020-12-14,Bmirror,-1,1,1,915,stop,-1.19913,0.004018
EURUSD,2020-12-15,B,-1,1,1,557,stop,-1.21499,0.003721
EURUSD,2020-12-15,Bmirror,1,1,1,557,stop,-1.21499,0.003721
EURUSD,2020-12-16,A,-1,1,1,511,stop,-1.04327,0.003708
EURUSD,2020-12-16,B,1,1,1,478,target,12.18426,0.003708
EURUSD,2020-12-16,Bmirror,-1,1,1,478,stop,-1.21574,0.003708
EURUSD,2020-12-17,A,-1,1,1,259,stop,-1.04442,0.003611
EURUSD,2020-12-18,A,1,1,1,949,target,0.69724,0.003731
EURUSD,2020-12-18,B,-1,1,1,507,stop,-1.21441,0.003731
EURUSD,2020-12-18,Bmirror,1,1,1,507,stop,-1.21441,0.003731
EURUSD,2020-12-21,A,1,1,-1,455,target,0.69903,0.003894
EURUSD,2020-12-21,A,-1,1,-1,1128,target,0.69879,0.003894
EURUSD,2020-12-21,B,-1,1,-1,515,stop,-1.20544,0.003894
EURUSD,2020-12-21,Bmirror,1,1,-1,515,stop,-1.20544,0.003894
EURUSD,2020-12-22,A,1,1,1,947,stop,-1.04092,0.003899
EURUSD,2020-12-22,B,-1,1,1,701,stop,-1.20519,0.003899
EURUSD,2020-12-22,Bmirror,1,1,1,701,stop,-1.20519,0.003899
EURUSD,2020-12-23,B,-1,1,-1,208,stop,-1.19718,0.004057
EURUSD,2020-12-23,Bmirror,1,1,-1,208,stop,-1.19718,0.004057
EURUSD,2020-12-24,B,1,1,1,523,stop,-1.19917,0.004017
EURUSD,2020-12-24,Bmirror,-1,1,1,523,stop,-1.19917,0.004017
EURUSD,2020-12-28,A,-1,1,1,535,target,0.70003,0.004015
EURUSD,2020-12-28,B,-1,1,1,73,stop,-1.19924,0.004015
EURUSD,2020-12-28,Bmirror,1,1,1,73,stop,-1.19924,0.004015
EURUSD,2020-12-29,A,-1,1,1,508,target,0.70004,0.004016
EURUSD,2020-12-30,A,-1,1,1,98,target,0.69960,0.003972
EURUSD,2020-12-31,A,1,1,1,772,target,0.69945,0.003934
EURUSD,2021-01-04,A,-1,1,1,556,target,0.70297,0.004334
EURUSD,2021-01-04,B,1,1,1,1087,stop,-1.18458,0.004334
EURUSD,2021-01-04,Bmirror,-1,1,1,1087,close,-0.69313,0.004334
EURUSD,2021-01-05,A,-1,1,1,997,close,-0.32103,0.004258
EURUSD,2021-01-06,A,-1,1,1,462,target,0.70277,0.004311
EURUSD,2021-01-06,B,1,1,1,76,stop,-1.18556,0.004311
EURUSD,2021-01-06,Bmirror,-1,1,1,76,stop,-1.18556,0.004311
EURUSD,2021-01-07,A,1,1,1,486,stop,-1.03755,0.004247
EURUSD,2021-01-08,A,1,1,-1,476,target,0.69823,0.003820
EURUSD,2021-01-08,B,-1,1,-1,438,stop,-1.20943,0.003820
EURUSD,2021-01-08,Bmirror,1,1,-1,438,stop,-1.20943,0.003820
EURUSD,2021-01-11,A,1,1,-1,812,target,0.69914,0.003904
EURUSD,2021-01-11,B,-1,1,-1,392,stop,-1.20490,0.003904
EURUSD,2021-01-11,Bmirror,1,1,-1,392,stop,-1.20490,0.003904
EURUSD,2021-01-12,A,-1,-1,-1,1154,close,-0.54564,0.003911
EURUSD,2021-01-12,B,-1,-1,-1,410,stop,-1.20453,0.003911
EURUSD,2021-01-12,Bmirror,1,-1,-1,410,stop,-1.20453,0.003911
EURUSD,2021-01-13,A,1,-1,1,632,stop,-1.03981,0.004007
EURUSD,2021-01-14,A,1,-1,-1,779,target,0.70117,0.004108
EURUSD,2021-01-14,B,-1,-1,-1,530,stop,-1.19476,0.004108
EURUSD,2021-01-14,Bmirror,1,-1,-1,530,stop,-1.19476,0.004108
EURUSD,2021-01-15,A,1,-1,-1,840,stop,-1.03876,0.004115
EURUSD,2021-01-18,B,1,-1,-1,271,stop,-1.19483,0.004106
EURUSD,2021-01-18,Bmirror,-1,-1,-1,271,stop,-1.19483,0.004106
EURUSD,2021-01-19,A,-1,-1,1,484,stop,-1.03938,0.004075
EURUSD,2021-01-20,A,1,-1,1,769,close,0.14795,0.004226
EURUSD,2021-01-21,A,-1,-1,-1,765,close,-0.62503,0.004241
EURUSD,2021-01-22,B,1,-1,1,584,stop,-1.18384,0.004352
EURUSD,2021-01-22,Bmirror,-1,-1,1,584,stop,-1.18384,0.004352
EURUSD,2021-01-25,A,1,-1,-1,888,close,0.40645,0.004084
EURUSD,2021-01-26,B,-1,-1,-1,691,stop,-1.19498,0.004103
EURUSD,2021-01-26,Bmirror,1,-1,-1,691,stop,-1.19498,0.004103
EURUSD,2021-01-27,A,1,-1,1,554,stop,-1.03938,0.004051
EURUSD,2021-01-28,A,-1,-1,-1,840,target,0.70149,0.004168
EURUSD,2021-01-28,B,-1,-1,-1,109,stop,-1.19196,0.004168
EURUSD,2021-01-28,Bmirror,1,-1,-1,109,stop,-1.19196,0.004168
EURUSD,2021-01-29,B,-1,-1,1,590,stop,-1.19505,0.004102
EURUSD,2021-01-29,Bmirror,1,-1,1,590,stop,-1.19505,0.004102
EURUSD,2021-02-01,A,1,-1,-1,540,target,0.70127,0.004118
EURUSD,2021-02-02,A,1,-1,-1,694,target,0.70216,0.004215
EURUSD,2021-02-02,B,1,-1,-1,397,stop,-1.18978,0.004215
EURUSD,2021-02-02,Bmirror,-1,-1,-1,397,stop,-1.18978,0.004215
EURUSD,2021-02-04,A,1,-1,1,422,stop,-1.03829,0.004165
EURUSD,2021-02-05,A,-1,-1,-1,815,stop,-1.03794,0.004230
EURUSD,2021-02-08,B,-1,-1,1,470,stop,-1.18719,0.004274
EURUSD,2021-02-08,Bmirror,1,-1,1,470,stop,-1.18719,0.004274
EURUSD,2021-02-09,A,-1,-1,1,525,stop,-1.03755,0.004275
EURUSD,2021-02-10,B,1,1,1,579,close,0.23240,0.004370
EURUSD,2021-02-10,Bmirror,-1,1,1,579,stop,-1.18305,0.004370
EURUSD,2021-02-12,A,1,-1,1,810,target,0.70137,0.004130
EURUSD,2021-02-16,A,1,-1,1,890,target,0.69995,0.003984
EURUSD,2021-02-16,A,-1,-1,1,686,target,0.69972,0.003984
EURUSD,2021-02-16,B,1,-1,1,448,stop,-1.20082,0.003984
EURUSD,2021-02-16,Bmirror,-1,-1,1,448,stop,-1.20082,0.003984
EURUSD,2021-02-17,A,1,-1,-1,810,stop,-1.04042,0.003947
EURUSD,2021-02-18,A,-1,-1,-1,769,target,0.69920,0.003933
EURUSD,2021-02-19,A,-1,-1,1,522,target,0.70031,0.004043
EURUSD,2021-02-22,A,-1,1,1,1028,close,0.01171,0.003839
EURUSD,2021-02-22,B,-1,1,1,635,stop,-1.20839,0.003839
EURUSD,2021-02-22,Bmirror,1,1,1,635,close,6.92409,0.003839
EURUSD,2021-02-23,B,-1,1,1,930,close,2.57777,0.003899
EURUSD,2021-02-23,Bmirror,1,1,1,930,stop,-1.20516,0.003899
EURUSD,2021-02-24,A,1,1,-1,912,target,0.69729,0.003736
EURUSD,2021-02-24,B,1,1,-1,625,stop,-1.21413,0.003736
EURUSD,2021-02-24,Bmirror,-1,1,-1,625,stop,-1.21413,0.003736
EURUSD,2021-02-25,A,-1,1,1,506,stop,-1.04316,0.003718
EURUSD,2021-02-25,B,1,1,1,1115,stop,-1.21518,0.003718
EURUSD,2021-02-25,Bmirror,-1,1,1,1115,stop,-1.21518,0.003718
EURUSD,2021-02-26,A,1,1,-1,592,stop,-1.04433,0.003600
EURUSD,2021-02-26,B,-1,1,-1,57,stop,-1.22225,0.003600
EURUSD,2021-02-26,Bmirror,1,1,-1,57,stop,-1.22225,0.003600
EURUSD,2021-03-01,A,1,1,1,516,stop,-1.04041,0.003948
EURUSD,2021-03-02,A,1,1,-1,436,target,0.70009,0.003998
EURUSD,2021-03-02,A,-1,1,-1,1073,close,-0.32907,0.003998
EURUSD,2021-03-02,B,-1,1,-1,952,stop,-1.20012,0.003998
EURUSD,2021-03-02,Bmirror,1,1,-1,952,close,8.64453,0.003998
EURUSD,2021-03-03,A,1,1,1,789,target,0.70054,0.004043
EURUSD,2021-03-03,B,1,1,1,484,stop,-1.19789,0.004043
EURUSD,2021-03-03,Bmirror,-1,1,1,484,stop,-1.19789,0.004043
EURUSD,2021-03-04,A,1,-1,-1,1048,stop,-1.04040,0.003949
EURUSD,2021-03-04,B,-1,-1,-1,652,stop,-1.20258,0.003949
EURUSD,2021-03-04,Bmirror,1,-1,-1,652,stop,-1.20258,0.003949
EURUSD,2021-03-05,A,1,-1,-1,498,stop,-1.03806,0.004191
EURUSD,2021-03-08,A,1,-1,1,438,stop,-1.03721,0.004287
EURUSD,2021-03-09,A,-1,-1,-1,518,stop,-1.03653,0.004394
EURUSD,2021-03-10,B,-1,-1,1,539,stop,-1.17841,0.004484
EURUSD,2021-03-10,Bmirror,1,-1,1,539,stop,-1.17841,0.004484
EURUSD,2021-03-11,A,-1,-1,1,520,target,0.70451,0.004523
EURUSD,2021-03-12,A,1,-1,1,441,stop,-1.03591,0.004440
EURUSD,2021-03-15,A,1,-1,-1,935,target,0.70187,0.004183
EURUSD,2021-03-16,A,1,-1,-1,921,target,0.70201,0.004199
EURUSD,2021-03-16,B,1,-1,-1,775,stop,-1.19054,0.004199
EURUSD,2021-03-16,Bmirror,-1,-1,-1,775,close,4.56235,0.004199
EURUSD,2021-03-17,A,-1,-1,-1,1080,stop,-1.04015,0.003997
EURUSD,2021-03-18,A,1,-1,1,469,stop,-1.03681,0.004332
EURUSD,2021-03-18,B,-1,-1,1,421,stop,-1.18466,0.004332
EURUSD,2021-03-18,Bmirror,1,-1,1,421,stop,-1.18466,0.004332
EURUSD,2021-03-19,A,1,-1,-1,815,target,0.70432,0.004470
EURUSD,2021-03-22,A,-1,-1,-1,680,close,-0.46584,0.004476
EURUSD,2021-03-23,A,1,-1,1,509,stop,-1.03473,0.004592
EURUSD,2021-03-24,B,-1,-1,-1,566,close,4.48103,0.004835
EURUSD,2021-03-24,Bmirror,1,-1,-1,566,stop,-1.16545,0.004835
EURUSD,2021-03-25,A,1,-1,-1,1006,close,-0.10074,0.004803
EURUSD,2021-03-25,B,-1,-1,-1,804,close,7.57116,0.004803
EURUSD,2021-03-25,Bmirror,1,-1,-1,804,stop,-1.16657,0.004803
EURUSD,2021-03-26,B,1,-1,-1,675,close,3.09086,0.004714
EURUSD,2021-03-26,Bmirror,-1,-1,-1,675,stop,-1.16971,0.004714
EURUSD,2021-03-29,B,-1,-1,-1,870,close,4.53630,0.004685
EURUSD,2021-03-29,Bmirror,1,-1,-1,870,stop,-1.17077,0.004685
EURUSD,2021-03-30,A,1,-1,-1,836,close,-0.47512,0.004585
EURUSD,2021-03-31,A,-1,-1,-1,957,target,0.70540,0.004641
EURUSD,2021-04-01,A,-1,-1,1,975,close,-0.45710,0.004617
EURUSD,2021-04-02,B,-1,-1,1,817,stop,-1.16636,0.004809
EURUSD,2021-04-02,Bmirror,1,-1,1,817,stop,-1.16636,0.004809
EURUSD,2021-04-05,A,-1,-1,1,897,close,-0.40341,0.004581
EURUSD,2021-04-05,B,-1,-1,1,796,stop,-1.17463,0.004581
EURUSD,2021-04-05,Bmirror,1,-1,1,796,close,9.06720,0.004581
EURUSD,2021-04-06,A,-1,-1,1,1079,close,-0.78876,0.004697
EURUSD,2021-04-07,A,-1,-1,1,944,target,0.70649,0.004791
EURUSD,2021-04-07,B,1,-1,1,1185,stop,-1.16697,0.004791
EURUSD,2021-04-07,Bmirror,-1,-1,1,1185,close,-0.18455,0.004791
EURUSD,2021-04-08,A,-1,-1,-1,1030,close,-0.15272,0.004752
EURUSD,2021-04-08,B,1,-1,-1,623,stop,-1.16834,0.004752
EURUSD,2021-04-08,Bmirror,-1,-1,-1,623,stop,-1.16834,0.004752
EURUSD,2021-04-09,A,1,1,1,819,target,0.70550,0.004622
EURUSD,2021-04-12,B,-1,-1,-1,623,stop,-1.17756,0.004506
EURUSD,2021-04-12,Bmirror,1,-1,-1,623,close,2.21008,0.004506
EURUSD,2021-04-13,A,-1,1,1,1255,close,0.02865,0.004263
EURUSD,2021-04-13,B,-1,1,1,818,stop,-1.18765,0.004263
EURUSD,2021-04-13,Bmirror,1,1,1,818,close,6.88087,0.004263
EURUSD,2021-04-14,A,-1,1,1,1067,close,0.24660,0.004228
EURUSD,2021-04-15,B,-1,1,1,813,close,2.70527,0.004240
EURUSD,2021-04-15,Bmirror,1,1,1,813,stop,-1.18870,0.004240
EURUSD,2021-04-19,A,-1,1,-1,529,stop,-1.03929,0.004085
EURUSD,2021-04-19,B,-1,1,-1,452,stop,-1.19585,0.004085
EURUSD,2021-04-19,Bmirror,1,1,-1,452,target,12.20415,0.004085
EURUSD,2021-04-20,A,-1,1,1,522,target,0.70216,0.004242
EURUSD,2021-04-20,B,1,1,1,812,stop,-1.18860,0.004242
EURUSD,2021-04-20,Bmirror,-1,1,1,812,stop,-1.18860,0.004242
EURUSD,2021-04-21,B,-1,1,-1,972,stop,-1.19004,0.004210
EURUSD,2021-04-21,Bmirror,1,1,-1,972,stop,-1.19004,0.004210
EURUSD,2021-04-22,A,1,1,1,1149,target,0.69941,0.003931
EURUSD,2021-04-22,B,1,1,1,860,stop,-1.20353,0.003931
EURUSD,2021-04-22,Bmirror,-1,1,1,860,stop,-1.20353,0.003931
EURUSD,2021-04-23,A,-1,1,-1,495,stop,-1.04301,0.003730
EURUSD,2021-04-26,B,1,1,-1,479,stop,-1.20166,0.003967
EURUSD,2021-04-26,Bmirror,-1,1,-1,479,stop,-1.20166,0.003967
EURUSD,2021-04-27,B,-1,1,-1,716,stop,-1.20562,0.003891
EURUSD,2021-04-27,Bmirror,1,1,-1,716,stop,-1.20562,0.003891
EURUSD,2021-04-28,A,1,1,1,480,target,0.69267,0.003372
EURUSD,2021-04-28,A,-1,1,1,1177,close,-0.39283,0.003372
EURUSD,2021-04-28,B,-1,1,1,915,stop,-1.23726,0.003372
EURUSD,2021-04-28,Bmirror,1,1,1,915,stop,-1.23726,0.003372
EURUSD,2021-04-29,A,1,1,1,900,target,0.69252,0.003362
EURUSD,2021-04-29,B,1,1,1,274,stop,-1.23797,0.003362
EURUSD,2021-04-29,Bmirror,-1,1,1,274,stop,-1.23797,0.003362
EURUSD,2021-04-30,A,1,1,-1,634,stop,-1.04907,0.003253
EURUSD,2021-05-03,A,-1,1,1,900,close,-0.12692,0.003887
EURUSD,2021-05-04,A,1,1,1,489,stop,-1.04130,0.003863
EURUSD,2021-05-05,B,-1,1,-1,695,close,2.20901,0.003820
EURUSD,2021-05-05,Bmirror,1,1,-1,695,stop,-1.20944,0.003820
EURUSD,2021-05-06,A,-1,1,-1,577,stop,-1.04180,0.003838
EURUSD,2021-05-07,A,-1,1,1,810,stop,-1.04186,0.003833
EURUSD,2021-05-07,B,1,1,1,785,target,12.19130,0.003833
EURUSD,2021-05-07,Bmirror,-1,1,1,785,stop,-1.20870,0.003833
EURUSD,2021-05-10,B,-1,1,1,579,stop,-1.19226,0.004161
EURUSD,2021-05-10,Bmirror,1,1,1,579,stop,-1.19226,0.004161
EURUSD,2021-05-11,A,-1,1,-1,843,target,0.70140,0.004158
EURUSD,2021-05-12,A,1,1,1,810,stop,-1.03935,0.004054
EURUSD,2021-05-12,B,-1,1,1,843,stop,-1.19735,0.004054
EURUSD,2021-05-12,Bmirror,1,1,1,843,stop,-1.19735,0.004054
EURUSD,2021-05-13,B,1,1,-1,583,stop,-1.18464,0.004333
EURUSD,2021-05-13,Bmirror,-1,1,-1,583,stop,-1.18464,0.004333
EURUSD,2021-05-14,A,-1,1,1,532,stop,-1.03762,0.004266
EURUSD,2021-05-17,B,-1,1,1,489,stop,-1.18194,0.004397
EURUSD,2021-05-17,Bmirror,1,1,1,489,stop,-1.18194,0.004397
EURUSD,2021-05-18,A,-1,1,1,487,stop,-1.03652,0.004396
EURUSD,2021-05-19,A,1,1,1,1145,close,-0.29961,0.004521
EURUSD,2021-05-19,B,1,1,1,528,stop,-1.17695,0.004521
EURUSD,2021-05-19,Bmirror,-1,1,1,528,stop,-1.17695,0.004521
EURUSD,2021-05-20,A,-1,1,-1,872,close,-0.53593,0.004636
EURUSD,2021-05-21,A,1,1,1,789,target,0.70606,0.004698
EURUSD,2021-05-24,A,-1,1,-1,882,close,0.15760,0.004791
EURUSD,2021-05-24,B,1,1,-1,578,close,6.27742,0.004791
EURUSD,2021-05-24,Bmirror,-1,1,-1,578,stop,-1.16699,0.004791
EURUSD,2021-05-25,A,-1,1,1,487,target,0.70572,0.004683
EURUSD,2021-05-26,A,1,1,1,987,stop,-1.03383,0.004713
EURUSD,2021-05-27,B,1,1,-1,594,stop,-1.16392,0.004880
EURUSD,2021-05-27,Bmirror,-1,1,-1,594,stop,-1.16392,0.004880
EURUSD,2021-05-28,A,1,1,-1,787,target,0.70718,0.004858
EURUSD,2021-05-28,B,-1,1,-1,990,stop,-1.16468,0.004858
EURUSD,2021-05-28,Bmirror,1,1,-1,990,close,-0.14780,0.004858
EURUSD,2021-06-01,B,1,1,1,1088,stop,-1.17178,0.004657
EURUSD,2021-06-01,Bmirror,-1,1,1,1088,close,2.70751,0.004657
EURUSD,2021-06-02,A,1,1,-1,633,target,0.70588,0.004673
EURUSD,2021-06-02,B,-1,1,-1,975,close,0.59971,0.004673
EURUSD,2021-06-02,Bmirror,1,1,-1,975,stop,-1.17121,0.004673
EURUSD,2021-06-03,A,1,1,-1,804,stop,-1.03459,0.004610
EURUSD,2021-06-04,A,-1,-1,-1,836,close,0.22843,0.004857
EURUSD,2021-06-04,B,-1,-1,-1,810,stop,-1.16470,0.004857
EURUSD,2021-06-04,Bmirror,1,-1,-1,810,stop,-1.16470,0.004857
EURUSD,2021-06-08,B,-1,1,1,953,close,3.31393,0.004461
EURUSD,2021-06-08,Bmirror,1,1,1,953,stop,-1.17933,0.004461
EURUSD,2021-06-09,A,-1,1,-1,863,target,0.70342,0.004389
EURUSD,2021-06-10,B,-1,1,1,738,stop,-1.18270,0.004379
EURUSD,2021-06-10,Bmirror,1,1,1,738,stop,-1.18270,0.004379
EURUSD,2021-06-11,A,1,-1,-1,763,stop,-1.03731,0.004275
EURUSD,2021-06-11,B,1,-1,-1,567,stop,-1.18713,0.004275
EURUSD,2021-06-11,Bmirror,-1,-1,-1,567,target,12.21287,0.004275
EURUSD,2021-06-15,B,1,-1,1,605,stop,-1.20118,0.003977
EURUSD,2021-06-15,Bmirror,-1,-1,1,605,stop,-1.20118,0.003977
EURUSD,2021-06-16,A,1,-1,1,1140,stop,-1.04013,0.003975
EURUSD,2021-06-17,A,1,-1,-1,495,stop,-1.03572,0.004464
EURUSD,2021-06-18,A,1,-1,-1,809,target,0.70636,0.004740
EURUSD,2021-06-18,B,-1,-1,-1,527,stop,-1.16877,0.004740
EURUSD,2021-06-18,Bmirror,1,-1,-1,527,stop,-1.16877,0.004740
EURUSD,2021-06-21,A,-1,-1,1,901,close,-0.23403,0.004595
EURUSD,2021-06-21,B,-1,-1,1,426,stop,-1.17410,0.004595
EURUSD,2021-06-21,Bmirror,1,-1,1,426,stop,-1.17410,0.004595
EURUSD,2021-06-22,B,-1,-1,1,1038,stop,-1.17064,0.004688
EURUSD,2021-06-22,Bmirror,1,-1,1,1038,close,4.71690,0.004688
EURUSD,2021-06-23,B,-1,-1,1,540,stop,-1.17841,0.004484
EURUSD,2021-06-23,Bmirror,1,-1,1,540,stop,-1.17841,0.004484
EURUSD,2021-06-24,B,1,-1,-1,940,stop,-1.18138,0.004411
EURUSD,2021-06-24,Bmirror,-1,-1,-1,940,close,-0.02937,0.004411
EURUSD,2021-06-25,A,-1,-1,1,894,target,0.70225,0.004252
EURUSD,2021-06-25,B,1,-1,1,1114,stop,-1.18813,0.004252
EURUSD,2021-06-25,Bmirror,-1,-1,1,1114,stop,-1.18813,0.004252
EURUSD,2021-06-28,B,-1,-1,1,482,stop,-1.18998,0.004211
EURUSD,2021-06-28,Bmirror,1,-1,1,482,stop,-1.18998,0.004211
EURUSD,2021-06-29,A,1,-1,-1,783,target,0.70126,0.004118
EURUSD,2021-06-30,A,1,-1,-1,913,close,-0.35437,0.004027
EURUSD,2021-07-01,B,-1,-1,-1,482,stop,-1.20182,0.003964
EURUSD,2021-07-01,Bmirror,1,-1,-1,482,stop,-1.20182,0.003964
EURUSD,2021-07-02,A,1,-1,-1,810,target,0.69970,0.003959
EURUSD,2021-07-02,B,-1,-1,-1,813,stop,-1.20208,0.003959
EURUSD,2021-07-02,Bmirror,1,-1,-1,813,stop,-1.20208,0.003959
EURUSD,2021-07-05,B,1,-1,-1,905,close,0.83518,0.003990
EURUSD,2021-07-05,Bmirror,-1,-1,-1,905,stop,-1.20053,0.003990
EURUSD,2021-07-06,A,1,-1,1,845,close,-0.33935,0.003896
EURUSD,2021-07-06,B,1,-1,1,547,stop,-1.20535,0.003896
EURUSD,2021-07-06,Bmirror,-1,-1,1,547,stop,-1.20535,0.003896
EURUSD,2021-07-07,A,1,-1,-1,928,target,0.69956,0.003945
EURUSD,2021-07-07,B,-1,-1,-1,1142,close,5.97322,0.003945
EURUSD,2021-07-07,Bmirror,1,-1,-1,1142,stop,-1.20278,0.003945
EURUSD,2021-07-08,A,-1,-1,-1,649,stop,-1.04067,0.003945
EURUSD,2021-07-09,A,-1,-1,1,1257,close,0.07210,0.003904
EURUSD,2021-07-09,B,-1,-1,1,541,stop,-1.20494,0.003904
EURUSD,2021-07-09,Bmirror,1,-1,1,541,stop,-1.20494,0.003904
EURUSD,2021-07-12,A,1,-1,-1,769,target,0.69899,0.003890
EURUSD,2021-07-12,B,-1,-1,-1,529,close,3.12753,0.003890
EURUSD,2021-07-12,Bmirror,1,-1,-1,529,stop,-1.20563,0.003890
EURUSD,2021-07-13,A,1,-1,-1,810,stop,-1.04178,0.003819
EURUSD,2021-07-14,A,-1,-1,-1,790,stop,-1.03938,0.004075
EURUSD,2021-07-14,B,1,-1,-1,609,target,12.20367,0.004075
EURUSD,2021-07-14,Bmirror,-1,-1,-1,609,stop,-1.19633,0.004075
EURUSD,2021-07-15,A,1,-1,1,1095,close,0.43336,0.004285
EURUSD,2021-07-16,B,-1,-1,-1,874,stop,-1.18654,0.004289
EURUSD,2021-07-16,Bmirror,1,-1,-1,874,stop,-1.18654,0.004289
EURUSD,2021-07-19,A,1,-1,1,579,target,0.70179,0.004174
EURUSD,2021-07-19,B,-1,-1,1,866,stop,-1.19165,0.004174
EURUSD,2021-07-19,Bmirror,1,-1,1,866,stop,-1.19165,0.004174
EURUSD,2021-07-20,A,1,-1,-1,871,target,0.70162,0.004155
EURUSD,2021-07-20,B,-1,-1,-1,567,stop,-1.19252,0.004155
EURUSD,2021-07-20,Bmirror,1,-1,-1,567,stop,-1.19252,0.004155
EURUSD,2021-07-21,B,-1,-1,-1,884,stop,-1.19311,0.004143
EURUSD,2021-07-21,Bmirror,1,-1,-1,884,close,2.26521,0.004143
EURUSD,2021-07-22,A,1,-1,1,1041,close,0.37355,0.003470
EURUSD,2021-07-22,A,-1,-1,1,855,target,0.69378,0.003470
EURUSD,2021-07-22,B,1,-1,1,774,stop,-1.23053,0.003470
EURUSD,2021-07-22,Bmirror,-1,-1,1,774,stop,-1.23053,0.003470
EURUSD,2021-07-23,B,-1,-1,-1,806,stop,-1.25728,0.003110
EURUSD,2021-07-23,Bmirror,1,-1,-1,806,stop,-1.25728,0.003110
EURUSD,2021-07-26,A,-1,-1,1,505,target,0.68629,0.002986
EURUSD,2021-07-26,B,1,-1,1,549,stop,-1.26795,0.002986
EURUSD,2021-07-26,Bmirror,-1,-1,1,549,stop,-1.26795,0.002986
EURUSD,2021-07-27,A,1,-1,1,554,target,0.68519,0.002913
EURUSD,2021-07-27,A,-1,-1,1,857,target,0.68495,0.002913
EURUSD,2021-07-27,B,-1,-1,1,780,stop,-1.27465,0.002913
EURUSD,2021-07-27,Bmirror,1,-1,1,780,close,4.32210,0.002913
EURUSD,2021-07-28,A,1,-1,1,860,target,0.68461,0.002882
EURUSD,2021-07-28,A,-1,-1,1,1188,target,0.68437,0.002882
EURUSD,2021-07-28,B,-1,-1,1,590,stop,-1.27754,0.002882
EURUSD,2021-07-28,Bmirror,1,-1,1,590,stop,-1.27754,0.002882
EURUSD,2021-07-29,A,-1,-1,1,552,stop,-1.05441,0.002947
EURUSD,2021-07-30,A,1,1,1,933,close,0.13969,0.003093
EURUSD,2021-07-30,B,-1,1,1,501,stop,-1.25863,0.003093
EURUSD,2021-07-30,Bmirror,1,1,1,501,stop,-1.25863,0.003093
EURUSD,2021-08-02,A,-1,1,1,659,target,0.68858,0.003119
EURUSD,2021-08-02,B,1,1,1,1029,close,0.71601,0.003119
EURUSD,2021-08-02,Bmirror,-1,1,1,1029,stop,-1.25649,0.003119
EURUSD,2021-08-03,B,1,-1,1,870,stop,-1.25691,0.003114
EURUSD,2021-08-03,Bmirror,-1,-1,1,870,close,2.20424,0.003114
EURUSD,2021-08-04,A,1,-1,-1,576,target,0.68817,0.003080
EURUSD,2021-08-04,A,-1,-1,-1,870,target,0.68793,0.003080
EURUSD,2021-08-04,B,-1,-1,-1,795,stop,-1.25975,0.003080
EURUSD,2021-08-04,Bmirror,1,-1,-1,795,stop,-1.25975,0.003080
EURUSD,2021-08-05,B,1,-1,-1,808,stop,-1.26387,0.003032
EURUSD,2021-08-05,Bmirror,-1,-1,-1,808,stop,-1.26387,0.003032
EURUSD,2021-08-06,A,1,1,-1,649,stop,-1.05275,0.003026
EURUSD,2021-08-09,B,1,-1,-1,903,stop,-1.24309,0.003291
EURUSD,2021-08-09,Bmirror,-1,-1,-1,903,stop,-1.24309,0.003291
EURUSD,2021-08-11,A,-1,-1,-1,1082,close,0.48860,0.003208
EURUSD,2021-08-11,B,-1,-1,-1,810,stop,-1.24938,0.003208
EURUSD,2021-08-11,Bmirror,1,-1,-1,810,close,4.45767,0.003208
EURUSD,2021-08-12,B,-1,-1,1,1042,close,2.92939,0.003216
EURUSD,2021-08-12,Bmirror,1,-1,1,1042,stop,-1.24878,0.003216
EURUSD,2021-08-13,A,-1,-1,-1,783,stop,-1.05241,0.003060
EURUSD,2021-08-17,A,1,1,-1,813,stop,-1.04945,0.003228
EURUSD,2021-08-17,B,-1,1,-1,550,stop,-1.24786,0.003228
EURUSD,2021-08-17,Bmirror,1,1,-1,550,stop,-1.24786,0.003228
EURUSD,2021-08-18,A,-1,-1,-1,1144,target,0.68865,0.003123
EURUSD,2021-08-18,B,1,-1,-1,744,stop,-1.25618,0.003123
EURUSD,2021-08-18,Bmirror,-1,-1,-1,744,stop,-1.25618,0.003123
EURUSD,2021-08-19,A,1,-1,1,85,stop,-1.05522,0.002892
EURUSD,2021-08-20,A,-1,-1,-1,1068,close,0.18886,0.002936
EURUSD,2021-08-20,B,-1,-1,-1,849,stop,-1.27245,0.002936
EURUSD,2021-08-20,Bmirror,1,-1,-1,849,stop,-1.27245,0.002936
EURUSD,2021-08-23,A,-1,-1,-1,260,stop,-1.05395,0.002972
EURUSD,2021-08-24,B,-1,-1,1,822,stop,-1.25358,0.003155
EURUSD,2021-08-24,Bmirror,1,-1,1,822,stop,-1.25358,0.003155
EURUSD,2021-08-25,A,1,-1,1,816,target,0.68945,0.003158
EURUSD,2021-08-25,B,-1,-1,1,563,stop,-1.25333,0.003158
EURUSD,2021-08-25,Bmirror,1,-1,1,563,stop,-1.25333,0.003158
EURUSD,2021-08-26,B,-1,-1,1,509,stop,-1.25283,0.003164
EURUSD,2021-08-26,Bmirror,1,-1,1,509,stop,-1.25283,0.003164
EURUSD,2021-08-27,A,-1,-1,-1,901,close,-0.61066,0.003152
EURUSD,2021-08-27,B,-1,-1,-1,214,stop,-1.25377,0.003152
EURUSD,2021-08-27,Bmirror,1,-1,-1,214,stop,-1.25377,0.003152
EURUSD,2021-08-30,B,-1,-1,1,950,stop,-1.24690,0.003240
EURUSD,2021-08-30,Bmirror,1,-1,1,950,stop,-1.24690,0.003240
EURUSD,2021-08-31,A,-1,1,-1,401,stop,-1.05013,0.003199
EURUSD,2021-08-31,B,1,1,-1,999,close,2.82324,0.003199
EURUSD,2021-08-31,Bmirror,-1,1,-1,999,stop,-1.25004,0.003199
EURUSD,2021-09-01,A,-1,1,1,827,stop,-1.05022,0.003194
EURUSD,2021-09-01,B,-1,1,1,479,stop,-1.25049,0.003194
EURUSD,2021-09-01,Bmirror,1,1,1,479,stop,-1.25049,0.003194
EURUSD,2021-09-02,A,-1,1,1,970,close,-0.36254,0.003204
EURUSD,2021-09-02,B,1,1,1,820,stop,-1.24970,0.003204
EURUSD,2021-09-02,Bmirror,-1,1,1,820,stop,-1.24970,0.003204
EURUSD,2021-09-03,A,-1,1,1,811,target,0.68898,0.003144
EURUSD,2021-09-03,B,1,1,1,819,stop,-1.25449,0.003144
EURUSD,2021-09-03,Bmirror,-1,1,1,819,stop,-1.25449,0.003144
EURUSD,2021-09-07,A,1,1,-1,863,target,0.68874,0.003114
EURUSD,2021-09-07,B,1,1,-1,367,stop,-1.25689,0.003114
EURUSD,2021-09-07,Bmirror,-1,1,-1,367,stop,-1.25689,0.003114
EURUSD,2021-09-08,A,1,1,-1,588,close,-0.08914,0.003158
EURUSD,2021-09-08,B,-1,1,-1,520,close,7.33961,0.003158
EURUSD,2021-09-08,Bmirror,1,1,-1,520,stop,-1.25333,0.003158
EURUSD,2021-09-09,B,1,1,-1,823,stop,-1.25487,0.003139
EURUSD,2021-09-09,Bmirror,-1,1,-1,823,stop,-1.25487,0.003139
EURUSD,2021-09-10,B,1,1,1,840,stop,-1.25484,0.003139
EURUSD,2021-09-10,Bmirror,-1,1,1,840,stop,-1.25484,0.003139
EURUSD,2021-09-13,A,1,1,1,388,stop,-1.05674,0.002814
EURUSD,2021-09-13,B,-1,1,1,989,stop,-1.28432,0.002814
EURUSD,2021-09-13,Bmirror,1,1,1,989,stop,-1.28432,0.002814
EURUSD,2021-09-14,A,-1,1,-1,813,target,0.68250,0.002789
EURUSD,2021-09-14,B,1,1,-1,646,stop,-1.28689,0.002789
EURUSD,2021-09-14,Bmirror,-1,1,-1,646,stop,-1.28689,0.002789
EURUSD,2021-09-15,A,-1,1,-1,584,target,0.68223,0.002775
EURUSD,2021-09-16,A,1,1,1,474,stop,-1.05760,0.002772
EURUSD,2021-09-17,A,1,1,-1,951,close,-0.93432,0.002981
EURUSD,2021-09-17,B,1,1,-1,854,stop,-1.26837,0.002981
EURUSD,2021-09-17,Bmirror,-1,1,-1,854,close,11.53545,0.002981
EURUSD,2021-09-20,A,1,-1,1,625,target,0.68408,0.002855
EURUSD,2021-09-20,B,-1,-1,1,948,stop,-1.28018,0.002855
EURUSD,2021-09-20,Bmirror,1,-1,1,948,stop,-1.28018,0.002855
EURUSD,2021-09-21,B,1,-1,1,873,stop,-1.28123,0.002845
EURUSD,2021-09-21,Bmirror,-1,-1,1,873,stop,-1.28123,0.002845
EURUSD,2021-09-22,A,1,-1,-1,1187,stop,-1.06490,0.002461
EURUSD,2021-09-22,A,-1,-1,-1,1144,target,0.67486,0.002461
EURUSD,2021-09-22,B,1,-1,-1,550,stop,-1.32511,0.002461
EURUSD,2021-09-22,Bmirror,-1,-1,-1,550,stop,-1.32511,0.002461
EURUSD,2021-09-23,A,-1,-1,-1,451,stop,-1.06343,0.002527
EURUSD,2021-09-23,B,-1,-1,-1,168,stop,-1.31657,0.002527
EURUSD,2021-09-23,Bmirror,1,-1,-1,168,stop,-1.31657,0.002527
EURUSD,2021-09-24,A,1,-1,1,746,stop,-1.06154,0.002595
EURUSD,2021-09-27,A,1,-1,-1,532,target,0.67864,0.002603
EURUSD,2021-09-28,A,1,-1,-1,485,target,0.67440,0.002435
EURUSD,2021-09-28,B,-1,-1,-1,915,stop,-1.32857,0.002435
EURUSD,2021-09-28,Bmirror,1,-1,-1,915,stop,-1.32857,0.002435
EURUSD,2021-09-29,A,1,-1,-1,486,stop,-1.06582,0.002426
EURUSD,2021-09-30,A,1,-1,-1,691,target,0.68517,0.002912
EURUSD,2021-10-01,A,-1,-1,-1,811,target,0.68501,0.002916
EURUSD,2021-10-01,B,-1,-1,-1,358,stop,-1.27433,0.002916
EURUSD,2021-10-01,Bmirror,1,-1,-1,358,stop,-1.27433,0.002916
EURUSD,2021-10-04,A,-1,-1,1,777,target,0.68334,0.002830
EURUSD,2021-10-04,B,-1,-1,1,465,stop,-1.28270,0.002830
EURUSD,2021-10-04,Bmirror,1,-1,1,465,stop,-1.28270,0.002830
EURUSD,2021-10-05,A,1,-1,1,394,target,0.68385,0.002844
EURUSD,2021-10-06,A,1,-1,-1,484,stop,-1.05649,0.002827
EURUSD,2021-10-07,B,1,-1,-1,813,stop,-1.28439,0.002813
EURUSD,2021-10-07,Bmirror,-1,-1,-1,813,stop,-1.28439,0.002813
EURUSD,2021-10-08,A,-1,-1,0,810,target,0.68034,0.002687
EURUSD,2021-10-08,B,-1,-1,0,589,stop,-1.29773,0.002687
EURUSD,2021-10-08,Bmirror,1,-1,0,589,close,6.17637,0.002687
EURUSD,2021-10-11,B,1,-1,-1,562,stop,-1.29287,0.002732
EURUSD,2021-10-11,Bmirror,-1,-1,-1,562,stop,-1.29287,0.002732
EURUSD,2021-10-12,A,1,-1,-1,1075,close,0.22007,0.002738
EURUSD,2021-10-12,B,1,-1,-1,807,stop,-1.29216,0.002738
EURUSD,2021-10-12,Bmirror,-1,-1,-1,807,close,5.71592,0.002738
EURUSD,2021-10-13,A,-1,-1,-1,188,target,0.68110,0.002722
EURUSD,2021-10-14,A,-1,-1,1,618,target,0.68797,0.003082
EURUSD,2021-10-14,B,1,-1,1,847,stop,-1.25954,0.003082
EURUSD,2021-10-14,Bmirror,-1,-1,1,847,stop,-1.25954,0.003082
EURUSD,2021-10-15,B,1,-1,1,800,stop,-1.26008,0.003076
EURUSD,2021-10-15,Bmirror,-1,-1,1,800,stop,-1.26008,0.003076
EURUSD,2021-10-18,A,1,-1,1,460,target,0.68814,0.003078
EURUSD,2021-10-18,B,-1,-1,1,784,stop,-1.25991,0.003078
EURUSD,2021-10-18,Bmirror,1,-1,1,784,stop,-1.25991,0.003078
EURUSD,2021-10-19,A,-1,-1,1,174,stop,-1.05181,0.003095
EURUSD,2021-10-20,B,1,-1,1,486,stop,-1.25341,0.003157
EURUSD,2021-10-20,Bmirror,-1,-1,1,486,stop,-1.25341,0.003157
EURUSD,2021-10-21,A,1,-1,1,1168,close,-0.04643,0.003152
EURUSD,2021-10-21,B,1,-1,1,348,stop,-1.25381,0.003152
EURUSD,2021-10-21,Bmirror,-1,-1,1,348,stop,-1.25381,0.003152
EURUSD,2021-10-22,A,-1,-1,-1,929,target,0.68713,0.003033
EURUSD,2021-10-22,B,1,-1,-1,799,close,5.77753,0.003033
EURUSD,2021-10-22,Bmirror,-1,-1,-1,799,stop,-1.26377,0.003033
EURUSD,2021-10-25,A,1,1,-1,754,stop,-1.05355,0.002981
EURUSD,2021-10-25,B,1,1,-1,472,stop,-1.26835,0.002981
EURUSD,2021-10-25,Bmirror,-1,1,-1,472,stop,-1.26835,0.002981
EURUSD,2021-10-26,B,-1,1,-1,556,stop,-1.26197,0.003054
EURUSD,2021-10-26,Bmirror,1,1,-1,556,stop,-1.26197,0.003054
EURUSD,2021-10-27,A,-1,-1,-1,808,target,0.68758,0.003059
EURUSD,2021-10-27,B,1,-1,-1,570,stop,-1.26152,0.003059
EURUSD,2021-10-27,Bmirror,-1,-1,-1,570,stop,-1.26152,0.003059
EURUSD,2021-10-28,A,-1,-1,1,825,stop,-1.05305,0.003023
EURUSD,2021-10-28,B,-1,-1,1,172,stop,-1.26465,0.003023
EURUSD,2021-10-28,Bmirror,1,-1,1,172,stop,-1.26465,0.003023
EURUSD,2021-10-29,A,1,1,1,574,stop,-1.04823,0.003309
EURUSD,2021-11-01,A,-1,1,-1,940,close,-0.62691,0.004052
EURUSD,2021-11-03,A,-1,1,-1,1130,target,0.70137,0.004154
EURUSD,2021-11-03,B,1,1,-1,616,stop,-1.19257,0.004154
EURUSD,2021-11-03,Bmirror,-1,1,-1,616,stop,-1.19257,0.004154
EURUSD,2021-11-04,A,1,1,1,375,stop,-1.04129,0.003864
EURUSD,2021-11-05,A,1,1,-1,751,target,0.70043,0.004031
EURUSD,2021-11-05,B,-1,1,-1,940,stop,-1.19845,0.004031
EURUSD,2021-11-05,Bmirror,1,1,-1,940,stop,-1.19845,0.004031
EURUSD,2021-11-08,B,-1,-1,1,523,stop,-1.19900,0.004020
EURUSD,2021-11-08,Bmirror,1,-1,1,523,stop,-1.19900,0.004020
EURUSD,2021-11-09,B,1,-1,1,501,stop,-1.19818,0.004037
EURUSD,2021-11-09,Bmirror,-1,-1,1,501,stop,-1.19818,0.004037
EURUSD,2021-11-10,A,1,-1,1,466,target,0.70036,0.004024
EURUSD,2021-11-11,A,1,-1,-1,1089,close,0.04319,0.004486
EURUSD,2021-11-15,A,1,-1,-1,1042,stop,-1.03531,0.004516
EURUSD,2021-11-15,B,1,-1,-1,522,stop,-1.17715,0.004516
EURUSD,2021-11-15,Bmirror,-1,-1,-1,522,stop,-1.17715,0.004516
EURUSD,2021-11-16,A,1,-1,-1,1035,close,-0.28341,0.004720
EURUSD,2021-11-17,A,1,-1,-1,221,target,0.70674,0.004794
EURUSD,2021-11-17,B,-1,-1,-1,505,stop,-1.16688,0.004794
EURUSD,2021-11-17,Bmirror,1,-1,-1,505,stop,-1.16688,0.004794
EURUSD,2021-11-18,A,-1,-1,-1,922,close,-0.68823,0.004565
EURUSD,2021-11-18,B,1,-1,-1,331,close,10.49005,0.004565
EURUSD,2021-11-18,Bmirror,-1,-1,-1,331,stop,-1.17526,0.004565
EURUSD,2021-11-19,A,1,-1,1,526,stop,-1.03381,0.004716
EURUSD,2021-11-23,B,1,-1,-1,482,stop,-1.16007,0.004998
EURUSD,2021-11-23,Bmirror,-1,-1,-1,482,stop,-1.16007,0.004998
EURUSD,2021-11-24,A,1,-1,1,784,close,-0.11796,0.004986
EURUSD,2021-11-26,A,-1,-1,1,500,stop,-1.03250,0.004941
EURUSD,2021-11-29,B,-1,-1,-1,636,close,-0.16396,0.005419
EURUSD,2021-11-29,Bmirror,1,-1,-1,636,stop,-1.14762,0.005419
EURUSD,2021-11-30,A,1,-1,1,961,target,0.71060,0.005421
EURUSD,2021-11-30,A,-1,-1,1,482,stop,-1.02964,0.005421
EURUSD,2021-11-30,B,1,-1,1,951,stop,-1.14758,0.005421
EURUSD,2021-11-30,Bmirror,-1,-1,1,951,stop,-1.14758,0.005421
EURUSD,2021-12-01,B,1,-1,1,499,stop,-1.14589,0.005484
EURUSD,2021-12-01,Bmirror,-1,-1,1,499,stop,-1.14589,0.005484
EURUSD,2021-12-02,B,1,-1,-1,950,stop,-1.14590,0.005483
EURUSD,2021-12-02,Bmirror,-1,-1,-1,950,close,2.75427,0.005483
EURUSD,2021-12-03,B,-1,-1,-1,627,stop,-1.14618,0.005473
EURUSD,2021-12-03,Bmirror,1,-1,-1,627,stop,-1.14618,0.005473
EURUSD,2021-12-06,B,-1,-1,-1,610,stop,-1.17179,0.004657
EURUSD,2021-12-06,Bmirror,1,-1,-1,610,stop,-1.17179,0.004657
EURUSD,2021-12-07,A,1,-1,-1,807,target,0.70580,0.004663
EURUSD,2021-12-08,A,-1,-1,-1,833,stop,-1.03538,0.004538
EURUSD,2021-12-08,B,1,-1,-1,617,stop,-1.17629,0.004538
EURUSD,2021-12-08,Bmirror,-1,-1,-1,617,stop,-1.17629,0.004538
EURUSD,2021-12-09,A,1,-1,1,886,close,-0.40484,0.004827
EURUSD,2021-12-10,B,-1,-1,-1,812,stop,-1.16616,0.004815
EURUSD,2021-12-10,Bmirror,1,-1,-1,812,stop,-1.16616,0.004815
EURUSD,2021-12-13,A,1,-1,-1,552,target,0.70634,0.004737
EURUSD,2021-12-14,A,-1,-1,-1,704,target,0.70619,0.004749
EURUSD,2021-12-14,B,1,-1,-1,939,stop,-1.16845,0.004749
EURUSD,2021-12-14,Bmirror,-1,-1,-1,939,close,4.66494,0.004749
EURUSD,2021-12-15,A,-1,-1,-1,1234,close,0.05009,0.004722
EURUSD,2021-12-16,A,-1,1,1,767,stop,-1.03351,0.004792
EURUSD,2021-12-16,B,1,1,1,702,target,12.23305,0.004792
EURUSD,2021-12-16,Bmirror,-1,1,1,702,stop,-1.16695,0.004792
EURUSD,2021-12-17,A,1,1,1,888,stop,-1.03572,0.004464
EURUSD,2021-12-20,A,-1,1,1,815,close,0.20468,0.004813
EURUSD,2021-12-21,B,1,-1,1,689,stop,-1.16385,0.004882
EURUSD,2021-12-21,Bmirror,-1,-1,1,689,stop,-1.16385,0.004882
EURUSD,2021-12-22,A,-1,-1,1,963,close,-0.07309,0.004678
EURUSD,2021-12-22,B,-1,-1,1,621,stop,-1.17100,0.004678
EURUSD,2021-12-22,Bmirror,1,-1,1,621,close,7.42283,0.004678
EURUSD,2021-12-23,B,-1,1,1,921,stop,-1.17202,0.004651
EURUSD,2021-12-23,Bmirror,1,1,1,921,stop,-1.17202,0.004651
EURUSD,2021-12-24,B,1,-1,-1,777,stop,-1.17200,0.004651
EURUSD,2021-12-24,Bmirror,-1,-1,-1,777,stop,-1.17200,0.004651
EURUSD,2021-12-27,B,-1,1,1,641,stop,-1.19076,0.004194
EURUSD,2021-12-27,Bmirror,1,1,1,641,stop,-1.19076,0.004194
EURUSD,2021-12-28,A,1,1,1,894,target,0.70113,0.004104
EURUSD,2021-12-29,A,1,1,-1,545,target,0.70131,0.004123
EURUSD,2021-12-29,A,-1,1,-1,889,close,-0.01685,0.004123
EURUSD,2021-12-29,B,-1,1,-1,816,stop,-1.19404,0.004123
EURUSD,2021-12-29,Bmirror,1,1,-1,816,close,7.09557,0.004123
EURUSD,2021-12-30,A,1,1,1,336,stop,-1.03883,0.004108
EURUSD,2021-12-31,A,-1,1,-1,925,stop,-1.03825,0.004196
EURUSD,2021-12-31,B,-1,1,-1,550,stop,-1.19064,0.004196
EURUSD,2021-12-31,Bmirror,1,1,-1,550,stop,-1.19064,0.004196
EURUSD,2022-01-03,A,1,1,0,215,target,0.69783,0.003783
EURUSD,2022-01-04,B,-1,-1,-1,562,stop,-1.19678,0.004065
EURUSD,2022-01-04,Bmirror,1,-1,-1,562,stop,-1.19678,0.004065
EURUSD,2022-01-05,A,-1,-1,-1,672,stop,-1.04005,0.004007
EURUSD,2022-01-06,B,-1,1,1,606,stop,-1.19779,0.004045
EURUSD,2022-01-06,Bmirror,1,1,1,606,stop,-1.19779,0.004045
EURUSD,2022-01-07,A,-1,1,-1,870,stop,-1.03964,0.004048
EURUSD,2022-01-07,B,1,1,-1,792,target,12.20239,0.004048
EURUSD,2022-01-07,Bmirror,-1,1,-1,792,stop,-1.19761,0.004048
EURUSD,2022-01-10,A,1,1,-1,753,stop,-1.03737,0.004268
EURUSD,2022-01-11,A,-1,1,-1,997,close,-0.18852,0.004275
EURUSD,2022-01-11,B,1,1,-1,588,stop,-1.18713,0.004275
EURUSD,2022-01-11,Bmirror,-1,1,-1,588,stop,-1.18713,0.004275
EURUSD,2022-01-12,A,-1,1,1,820,stop,-1.03714,0.004322
EURUSD,2022-01-13,A,-1,1,1,496,target,0.70294,0.004331
EURUSD,2022-01-14,A,1,1,1,981,close,-0.26582,0.004191
EURUSD,2022-01-14,B,1,1,1,600,stop,-1.19088,0.004191
EURUSD,2022-01-14,Bmirror,-1,1,1,600,close,8.34796,0.004191
EURUSD,2022-01-17,B,1,1,-1,701,stop,-1.18733,0.004270
EURUSD,2022-01-17,Bmirror,-1,1,-1,701,stop,-1.18733,0.004270
EURUSD,2022-01-18,A,1,1,-1,785,stop,-1.03777,0.004223
EURUSD,2022-01-20,A,1,1,1,1252,close,0.13913,0.004485
EURUSD,2022-01-20,B,1,1,1,625,stop,-1.17839,0.004485
EURUSD,2022-01-20,Bmirror,-1,1,1,625,stop,-1.17839,0.004485
EURUSD,2022-01-21,A,-1,-1,-1,796,close,0.20206,0.004442
EURUSD,2022-01-24,A,1,1,-1,709,target,0.70005,0.003994
EURUSD,2022-01-25,A,1,-1,-1,582,stop,-1.04028,0.003960
EURUSD,2022-01-26,A,1,-1,-1,1176,target,0.69993,0.003981
EURUSD,2022-01-27,A,1,-1,-1,469,stop,-1.03898,0.004092
EURUSD,2022-01-28,B,-1,-1,-1,811,stop,-1.17715,0.004516
EURUSD,2022-01-28,Bmirror,1,-1,-1,811,stop,-1.17715,0.004516
EURUSD,2022-01-31,A,-1,-1,1,830,stop,-1.03562,0.004507
EURUSD,2022-01-31,B,1,-1,1,738,stop,-1.17752,0.004507
EURUSD,2022-01-31,Bmirror,-1,-1,1,738,stop,-1.17752,0.004507
EURUSD,2022-02-01,A,-1,-1,1,481,target,0.70662,0.004811
EURUSD,2022-02-02,A,-1,-1,1,637,target,0.70720,0.004896
EURUSD,2022-02-03,A,-1,-1,1,824,stop,-1.03325,0.004829
EURUSD,2022-02-03,B,-1,-1,1,817,stop,-1.16568,0.004829
EURUSD,2022-02-03,Bmirror,1,-1,1,817,target,12.23432,0.004829
EURUSD,2022-02-04,A,-1,1,1,718,target,0.71084,0.005509
EURUSD,2022-02-04,B,1,1,1,814,stop,-1.14522,0.005509
EURUSD,2022-02-04,Bmirror,-1,1,1,814,stop,-1.14522,0.005509
EURUSD,2022-02-07,B,-1,-1,1,769,close,1.97536,0.005429
EURUSD,2022-02-07,Bmirror,1,-1,1,769,stop,-1.14737,0.005429
EURUSD,2022-02-08,A,1,1,-1,450,target,0.70946,0.005219
EURUSD,2022-02-10,A,1,1,1,863,target,0.70935,0.005200
EURUSD,2022-02-10,A,-1,1,1,932,stop,-1.03089,0.005200
EURUSD,2022-02-10,B,1,1,1,810,stop,-1.15384,0.005200
EURUSD,2022-02-10,Bmirror,-1,1,1,810,stop,-1.15384,0.005200
EURUSD,2022-02-11,A,1,1,-1,1118,stop,-1.03070,0.005192
EURUSD,2022-02-11,B,-1,1,-1,740,stop,-1.15409,0.005192
EURUSD,2022-02-11,Bmirror,1,1,-1,740,stop,-1.15409,0.005192
EURUSD,2022-02-14,A,1,1,1,510,stop,-1.03061,0.005206
EURUSD,2022-02-15,A,-1,-1,-1,605,target,0.70981,0.005320
EURUSD,2022-02-16,B,1,1,1,830,close,2.85469,0.005365
EURUSD,2022-02-16,Bmirror,-1,1,1,830,stop,-1.14911,0.005365
EURUSD,2022-02-17,A,1,1,1,241,target,0.70910,0.005158
EURUSD,2022-02-17,B,-1,1,1,390,stop,-1.15509,0.005158
EURUSD,2022-02-17,Bmirror,1,1,1,390,stop,-1.15509,0.005158
EURUSD,2022-02-18,A,1,1,-1,968,close,0.08053,0.005144
EURUSD,2022-02-21,A,-1,1,-1,196,stop,-1.03123,0.005143
EURUSD,2022-02-21,B,1,1,-1,1140,stop,-1.15556,0.005143
EURUSD,2022-02-21,Bmirror,-1,1,-1,1140,close,0.97852,0.005143
EURUSD,2022-02-22,A,-1,1,-1,651,target,0.70877,0.005143
EURUSD,2022-02-23,B,1,1,1,907,stop,-1.16323,0.004901
EURUSD,2022-02-23,Bmirror,-1,1,1,907,stop,-1.16323,0.004901
EURUSD,2022-02-24,A,1,1,-1,202,stop,-1.03244,0.004914
EURUSD,2022-02-25,A,-1,-1,-1,773,target,0.71028,0.005405
EURUSD,2022-02-25,B,1,-1,-1,491,stop,-1.14800,0.005405
EURUSD,2022-02-25,Bmirror,-1,-1,-1,491,stop,-1.14800,0.005405
EURUSD,2022-02-28,A,-1,-1,-1,659,target,0.71282,0.005912
EURUSD,2022-02-28,B,-1,-1,-1,447,stop,-1.13531,0.005912
EURUSD,2022-02-28,Bmirror,1,-1,-1,447,stop,-1.13531,0.005912
EURUSD,2022-03-01,A,1,-1,1,767,stop,-1.02673,0.005960
EURUSD,2022-03-02,A,1,-1,-1,494,target,0.71416,0.006164
EURUSD,2022-03-02,B,-1,-1,-1,992,stop,-1.12978,0.006164
EURUSD,2022-03-02,Bmirror,1,-1,-1,992,stop,-1.12978,0.006164
EURUSD,2022-03-03,A,1,-1,-1,930,close,0.06632,0.006058
EURUSD,2022-03-04,A,1,-1,-1,38,target,0.71259,0.005813
EURUSD,2022-03-07,A,1,-1,-1,83,target,0.71540,0.006473
EURUSD,2022-03-07,A,-1,-1,-1,863,target,0.71516,0.006473
EURUSD,2022-03-07,B,-1,-1,-1,207,stop,-1.12360,0.006473
EURUSD,2022-03-07,Bmirror,1,-1,-1,207,stop,-1.12360,0.006473
EURUSD,2022-03-08,A,-1,-1,-1,494,target,0.71411,0.006209
EURUSD,2022-03-08,B,1,-1,-1,561,target,12.27115,0.006209
EURUSD,2022-03-08,Bmirror,-1,-1,-1,561,stop,-1.12885,0.006209
EURUSD,2022-03-09,A,-1,-1,1,506,stop,-1.02605,0.006170
EURUSD,2022-03-10,A,1,-1,1,874,close,-0.66283,0.007272
EURUSD,2022-03-10,B,-1,-1,1,540,stop,-1.11001,0.007272
EURUSD,2022-03-10,Bmirror,1,-1,1,540,stop,-1.11001,0.007272
EURUSD,2022-03-11,A,1,-1,-1,909,stop,-1.02375,0.006703
EURUSD,2022-03-11,B,-1,-1,-1,684,stop,-1.11935,0.006703
EURUSD,2022-03-11,Bmirror,1,-1,-1,684,stop,-1.11935,0.006703
EURUSD,2022-03-14,A,-1,-1,1,596,target,0.71684,0.006945
EURUSD,2022-03-14,B,-1,-1,1,464,stop,-1.11519,0.006945
EURUSD,2022-03-14,Bmirror,1,-1,1,464,close,1.55753,0.006945
EURUSD,2022-03-15,A,-1,-1,1,442,target,0.71692,0.006970
EURUSD,2022-03-15,B,1,-1,1,976,stop,-1.11479,0.006970
EURUSD,2022-03-15,Bmirror,-1,-1,1,976,stop,-1.11479,0.006970
EURUSD,2022-03-16,A,-1,-1,1,704,target,0.71709,0.007020
EURUSD,2022-03-16,B,1,-1,1,1080,stop,-1.11397,0.007020
EURUSD,2022-03-16,Bmirror,-1,-1,1,1080,stop,-1.11397,0.007020
EURUSD,2022-03-17,A,-1,-1,1,864,stop,-1.02246,0.007161
EURUSD,2022-03-18,A,1,-1,1,637,target,0.71850,0.007402
EURUSD,2022-03-22,B,-1,-1,-1,736,stop,-1.10987,0.007281
EURUSD,2022-03-22,Bmirror,1,-1,-1,736,close,1.58555,0.007281
EURUSD,2022-03-23,A,1,-1,1,815,target,0.71788,0.007194
EURUSD,2022-03-24,B,-1,-1,-1,901,close,0.96509,0.007173
EURUSD,2022-03-24,Bmirror,1,-1,-1,901,stop,-1.11152,0.007173
EURUSD,2022-03-25,B,1,-1,1,549,stop,-1.11143,0.007179
EURUSD,2022-03-25,Bmirror,-1,-1,1,549,stop,-1.11143,0.007179
EURUSD,2022-03-28,B,-1,-1,-1,587,stop,-1.11170,0.007162
EURUSD,2022-03-28,Bmirror,1,-1,-1,587,stop,-1.11170,0.007162
EURUSD,2022-03-29,A,-1,1,1,670,stop,-1.02243,0.007172
EURUSD,2022-03-29,B,1,1,1,591,stop,-1.11155,0.007172
EURUSD,2022-03-29,Bmirror,-1,1,1,591,stop,-1.11155,0.007172
EURUSD,2022-03-30,A,-1,1,1,598,target,0.71863,0.007530
EURUSD,2022-03-31,A,1,1,1,692,target,0.71927,0.007675
EURUSD,2022-04-04,A,1,1,-1,867,close,-0.37817,0.007103
EURUSD,2022-04-05,A,1,1,-1,1029,close,-0.24693,0.007185
EURUSD,2022-04-06,B,-1,-1,-1,566,stop,-1.11233,0.007122
EURUSD,2022-04-06,Bmirror,1,-1,-1,566,stop,-1.11233,0.007122
EURUSD,2022-04-07,B,1,-1,-1,509,stop,-1.11239,0.007118
EURUSD,2022-04-07,Bmirror,-1,-1,-1,509,stop,-1.11239,0.007118
EURUSD,2022-04-08,B,-1,-1,-1,954,stop,-1.11306,0.007076
EURUSD,2022-04-08,Bmirror,1,-1,-1,954,stop,-1.11306,0.007076
EURUSD,2022-04-11,B,1,-1,1,868,stop,-1.12411,0.006446
EURUSD,2022-04-11,Bmirror,-1,-1,1,868,stop,-1.12411,0.006446
EURUSD,2022-04-12,A,1,-1,-1,1119,close,-0.07550,0.006448
EURUSD,2022-04-12,B,-1,-1,-1,820,stop,-1.12407,0.006448
EURUSD,2022-04-12,Bmirror,1,-1,-1,820,stop,-1.12407,0.006448
EURUSD,2022-04-13,A,-1,-1,-1,1026,close,-0.35383,0.006503
EURUSD,2022-04-14,A,1,-1,1,836,stop,-1.02919,0.005459
EURUSD,2022-04-14,B,1,-1,1,765,stop,-1.14655,0.005459
EURUSD,2022-04-14,Bmirror,-1,-1,1,765,stop,-1.14655,0.005459
EURUSD,2022-04-15,B,-1,-1,-1,593,close,1.30133,0.005491
EURUSD,2022-04-15,Bmirror,1,-1,-1,593,stop,-1.14569,0.005491
EURUSD,2022-04-18,A,1,-1,1,1029,close,0.03218,0.005076
EURUSD,2022-04-20,A,-1,-1,1,577,stop,-1.03155,0.005091
EURUSD,2022-04-21,A,-1,-1,1,461,stop,-1.03123,0.005142
EURUSD,2022-04-21,B,-1,-1,1,422,stop,-1.15558,0.005142
EURUSD,2022-04-21,Bmirror,1,-1,1,422,target,12.24442,0.005142
EURUSD,2022-04-22,A,1,-1,-1,546,target,0.70696,0.004826
EURUSD,2022-04-22,B,-1,-1,-1,847,stop,-1.16577,0.004826
EURUSD,2022-04-22,Bmirror,1,-1,-1,847,stop,-1.16577,0.004826
EURUSD,2022-04-25,A,1,-1,1,428,stop,-1.03305,0.004824
EURUSD,2022-04-26,A,1,-1,-1,777,stop,-1.03098,0.005145
EURUSD,2022-04-26,B,1,-1,-1,437,stop,-1.15548,0.005145
EURUSD,2022-04-26,Bmirror,-1,-1,-1,437,target,12.24452,0.005145
EURUSD,2022-04-27,A,1,-1,-1,502,target,0.70975,0.005268
EURUSD,2022-04-28,A,1,-1,-1,364,target,0.71128,0.005549
EURUSD,2022-04-28,B,-1,-1,-1,519,stop,-1.14418,0.005549
EURUSD,2022-04-28,Bmirror,1,-1,-1,519,stop,-1.14418,0.005549
EURUSD,2022-04-29,A,-1,-1,-1,411,stop,-1.02870,0.005598
EURUSD,2022-05-02,A,1,-1,-1,1128,close,0.28225,0.005771
EURUSD,2022-05-02,B,-1,-1,-1,477,stop,-1.13862,0.005771
EURUSD,2022-05-02,Bmirror,1,-1,-1,477,stop,-1.13862,0.005771
EURUSD,2022-05-03,A,-1,-1,-1,791,target,0.71213,0.005765
EURUSD,2022-05-04,A,-1,-1,1,1141,target,0.70920,0.005215
EURUSD,2022-05-04,B,1,-1,1,906,stop,-1.15340,0.005215
EURUSD,2022-05-04,Bmirror,-1,-1,1,906,stop,-1.15340,0.005215
EURUSD,2022-05-05,A,1,-1,1,747,stop,-1.02972,0.005362
EURUSD,2022-05-05,B,1,-1,1,101,stop,-1.14920,0.005362
EURUSD,2022-05-05,Bmirror,-1,-1,1,101,stop,-1.14920,0.005362
EURUSD,2022-05-06,A,1,-1,-1,449,target,0.70960,0.005243
EURUSD,2022-05-06,A,-1,-1,-1,690,target,0.70937,0.005243
EURUSD,2022-05-06,B,-1,-1,-1,547,stop,-1.15258,0.005243
EURUSD,2022-05-06,Bmirror,1,-1,-1,547,stop,-1.15258,0.005243
EURUSD,2022-05-09,A,1,-1,-1,474,target,0.70962,0.005246
EURUSD,2022-05-09,A,-1,-1,-1,1034,target,0.70938,0.005246
EURUSD,2022-05-09,B,-1,-1,-1,674,stop,-1.15249,0.005246
EURUSD,2022-05-09,Bmirror,1,-1,-1,674,stop,-1.15249,0.005246
EURUSD,2022-05-10,B,1,-1,1,481,stop,-1.15475,0.005170
EURUSD,2022-05-10,Bmirror,-1,-1,1,481,stop,-1.15475,0.005170
EURUSD,2022-05-11,A,-1,-1,-1,588,target,0.70825,0.005058
EURUSD,2022-05-11,B,1,-1,-1,810,stop,-1.15815,0.005058
EURUSD,2022-05-11,Bmirror,-1,-1,-1,810,stop,-1.15815,0.005058
EURUSD,2022-05-12,A,1,-1,-1,549,stop,-1.03151,0.005059
EURUSD,2022-05-13,B,1,-1,-1,651,stop,-1.13871,0.005767
EURUSD,2022-05-13,Bmirror,-1,-1,-1,651,stop,-1.13871,0.005767
EURUSD,2022-05-16,B,1,-1,-1,897,stop,-1.13770,0.005810
EURUSD,2022-05-16,Bmirror,-1,-1,-1,897,stop,-1.13770,0.005810
EURUSD,2022-05-17,A,-1,-1,1,554,stop,-1.02724,0.005898
EURUSD,2022-05-18,A,1,-1,1,577,target,0.71535,0.006461
EURUSD,2022-05-19,A,-1,-1,-1,706,stop,-1.02502,0.006424
EURUSD,2022-05-19,B,1,-1,-1,480,stop,-1.12453,0.006424
EURUSD,2022-05-19,Bmirror,-1,-1,-1,480,stop,-1.12453,0.006424
EURUSD,2022-05-23,A,-1,1,1,558,stop,-1.02345,0.006859
EURUSD,2022-05-24,A,-1,1,1,902,close,0.10230,0.007251
EURUSD,2022-05-25,A,1,1,1,542,close,-0.02376,0.007351
EURUSD,2022-05-26,B,1,1,-1,797,close,5.00620,0.007277
EURUSD,2022-05-26,Bmirror,-1,1,-1,797,stop,-1.10994,0.007277
EURUSD,2022-05-27,B,1,1,1,542,stop,-1.10904,0.007337
EURUSD,2022-05-27,Bmirror,-1,1,1,542,stop,-1.10904,0.007337
EURUSD,2022-05-31,A,1,1,1,711,stop,-1.02252,0.007068
EURUSD,2022-06-01,A,1,1,-1,905,stop,-1.02289,0.006954
EURUSD,2022-06-01,B,-1,1,-1,490,target,12.28496,0.006954
EURUSD,2022-06-01,Bmirror,1,1,-1,490,stop,-1.11504,0.006954
EURUSD,2022-06-02,A,-1,1,-1,831,stop,-1.02335,0.006889
EURUSD,2022-06-03,B,-1,1,1,896,close,3.72133,0.007035
EURUSD,2022-06-03,Bmirror,1,1,1,896,stop,-1.11371,0.007035
EURUSD,2022-06-07,B,-1,1,-1,488,stop,-1.11414,0.007009
EURUSD,2022-06-07,Bmirror,1,1,-1,488,stop,-1.11414,0.007009
EURUSD,2022-06-08,B,-1,1,1,641,stop,-1.11417,0.007007
EURUSD,2022-06-08,Bmirror,1,1,1,641,close,1.43231,0.007007
EURUSD,2022-06-09,A,1,1,1,907,stop,-1.02339,0.006806
EURUSD,2022-06-09,A,-1,1,1,820,target,0.71637,0.006806
EURUSD,2022-06-09,B,1,1,1,765,stop,-1.11755,0.006806
EURUSD,2022-06-09,Bmirror,-1,1,1,765,stop,-1.11755,0.006806
EURUSD,2022-06-10,A,1,1,-1,810,stop,-1.02251,0.007072
EURUSD,2022-06-13,A,1,-1,-1,770,stop,-1.02156,0.007382
EURUSD,2022-06-14,A,-1,-1,-1,503,target,0.71905,0.007679
EURUSD,2022-06-14,B,1,-1,-1,971,close,1.09705,0.007679
EURUSD,2022-06-14,Bmirror,-1,-1,-1,971,stop,-1.10418,0.007679
EURUSD,2022-06-15,A,1,-1,1,1146,target,0.71930,0.007686
EURUSD,2022-06-15,A,-1,-1,1,446,target,0.71906,0.007686
EURUSD,2022-06-15,B,1,-1,1,791,stop,-1.10409,0.007686
EURUSD,2022-06-15,Bmirror,-1,-1,1,791,stop,-1.10409,0.007686
EURUSD,2022-06-16,A,1,-1,1,521,target,0.71932,0.007694
EURUSD,2022-06-16,A,-1,-1,1,972,stop,-1.02091,0.007694
EURUSD,2022-06-16,B,-1,-1,1,843,stop,-1.10398,0.007694
EURUSD,2022-06-16,Bmirror,1,-1,1,843,stop,-1.10398,0.007694
EURUSD,2022-06-17,A,1,-1,1,778,stop,-1.02155,0.007384
EURUSD,2022-06-21,A,-1,-1,1,598,target,0.71847,0.007471
EURUSD,2022-06-22,A,1,-1,1,474,target,0.71745,0.007058
EURUSD,2022-06-22,A,-1,-1,1,941,target,0.71721,0.007058
EURUSD,2022-06-22,B,-1,-1,1,843,stop,-1.11334,0.007058
EURUSD,2022-06-22,Bmirror,1,-1,1,843,close,3.97365,0.007058
EURUSD,2022-06-23,A,1,-1,1,510,target,0.71687,0.006882
EURUSD,2022-06-24,B,1,-1,-1,738,stop,-1.12233,0.006540
EURUSD,2022-06-24,Bmirror,-1,-1,-1,738,stop,-1.12233,0.006540
EURUSD,2022-06-27,B,1,-1,1,769,stop,-1.12236,0.006538
EURUSD,2022-06-27,Bmirror,-1,-1,1,769,stop,-1.12236,0.006538
EURUSD,2022-06-28,A,1,-1,1,846,close,-0.33386,0.006101
EURUSD,2022-06-28,B,1,-1,1,542,stop,-1.13112,0.006101
EURUSD,2022-06-28,Bmirror,-1,-1,1,542,stop,-1.13112,0.006101
EURUSD,2022-06-29,A,1,-1,-1,887,stop,-1.02631,0.006055
EURUSD,2022-06-29,B,-1,-1,-1,612,stop,-1.13212,0.006055
EURUSD,2022-06-29,Bmirror,1,-1,-1,612,stop,-1.13212,0.006055
EURUSD,2022-06-30,A,1,-1,-1,748,target,0.71437,0.006214
EURUSD,2022-06-30,B,1,-1,-1,478,stop,-1.12875,0.006214
EURUSD,2022-06-30,Bmirror,-1,-1,-1,478,stop,-1.12875,0.006214
EURUSD,2022-07-01,A,1,-1,1,794,stop,-1.02572,0.006193
EURUSD,2022-07-04,B,1,-1,1,914,stop,-1.12764,0.006268
EURUSD,2022-07-04,Bmirror,-1,-1,1,914,close,1.90570,0.006268
EURUSD,2022-07-05,A,1,-1,-1,510,stop,-1.02588,0.006154
EURUSD,2022-07-06,A,1,-1,-1,669,stop,-1.02291,0.006948
EURUSD,2022-07-06,B,-1,-1,-1,469,stop,-1.11513,0.006948
EURUSD,2022-07-06,Bmirror,1,-1,-1,469,stop,-1.11513,0.006948
EURUSD,2022-07-07,B,1,-1,-1,495,stop,-1.11511,0.006950
EURUSD,2022-07-07,Bmirror,-1,-1,-1,495,stop,-1.11511,0.006950
EURUSD,2022-07-08,A,1,-1,-1,507,stop,-1.02450,0.006500
EURUSD,2022-07-08,B,1,-1,-1,225,stop,-1.12308,0.006500
EURUSD,2022-07-08,Bmirror,-1,-1,-1,225,stop,-1.12308,0.006500
EURUSD,2022-07-11,A,1,-1,-1,472,stop,-1.02437,0.006535
EURUSD,2022-07-12,B,-1,-1,-1,738,stop,-1.11354,0.007046
EURUSD,2022-07-12,Bmirror,1,-1,-1,738,stop,-1.11354,0.007046
EURUSD,2022-07-13,A,-1,-1,-1,809,target,0.71707,0.007015
EURUSD,2022-07-13,B,1,-1,-1,810,stop,-1.11404,0.007015
EURUSD,2022-07-13,Bmirror,-1,-1,-1,810,stop,-1.11404,0.007015
EURUSD,2022-07-14,A,1,-1,1,850,stop,-1.02260,0.007043
EURUSD,2022-07-15,A,-1,-1,-1,800,target,0.71644,0.006825
EURUSD,2022-07-18,A,-1,-1,-1,489,stop,-1.02329,0.006906
EURUSD,2022-07-18,B,1,-1,-1,422,target,12.28415,0.006906
EURUSD,2022-07-18,Bmirror,-1,-1,-1,422,stop,-1.11585,0.006906
EURUSD,2022-07-19,A,-1,-1,1,509,stop,-1.02365,0.006799
EURUSD,2022-07-20,A,1,-1,1,705,target,0.71775,0.007152
EURUSD,2022-07-20,B,1,-1,1,529,stop,-1.11185,0.007152
EURUSD,2022-07-20,Bmirror,-1,-1,1,529,stop,-1.11185,0.007152
EURUSD,2022-07-21,A,-1,-1,-1,795,stop,-1.02232,0.007208
EURUSD,2022-07-21,B,1,-1,-1,548,stop,-1.11099,0.007208
EURUSD,2022-07-21,Bmirror,-1,-1,-1,548,stop,-1.11099,0.007208
EURUSD,2022-07-22,A,1,-1,1,510,stop,-1.02321,0.006857
EURUSD,2022-07-22,B,-1,-1,1,888,stop,-1.11666,0.006857
EURUSD,2022-07-22,Bmirror,1,-1,1,888,stop,-1.11666,0.006857
EURUSD,2022-07-25,B,-1,-1,-1,234,stop,-1.11786,0.006788
EURUSD,2022-07-25,Bmirror,1,-1,-1,234,stop,-1.11786,0.006788
EURUSD,2022-07-26,A,1,-1,1,665,stop,-1.02359,0.006749
EURUSD,2022-07-26,B,1,-1,1,414,stop,-1.11854,0.006749
EURUSD,2022-07-26,Bmirror,-1,-1,1,414,stop,-1.11854,0.006749
EURUSD,2022-07-27,A,-1,-1,-1,1181,stop,-1.02313,0.006952
EURUSD,2022-07-27,B,1,-1,-1,478,stop,-1.11507,0.006952
EURUSD,2022-07-27,Bmirror,-1,-1,-1,478,stop,-1.11507,0.006952
EURUSD,2022-07-28,A,1,-1,1,703,target,0.71778,0.007162
EURUSD,2022-07-28,B,1,-1,1,493,stop,-1.11170,0.007162
EURUSD,2022-07-28,Bmirror,-1,-1,1,493,stop,-1.11170,0.007162
EURUSD,2022-07-29,A,-1,-1,-1,448,target,0.71745,0.007134
EURUSD,2022-07-29,B,1,-1,-1,621,stop,-1.11214,0.007134
EURUSD,2022-07-29,Bmirror,-1,-1,-1,621,stop,-1.11214,0.007134
EURUSD,2022-08-01,A,-1,1,-1,640,target,0.71744,0.007128
EURUSD,2022-08-02,A,1,1,1,815,target,0.71797,0.007226
EURUSD,2022-08-02,B,1,1,1,191,stop,-1.11072,0.007226
EURUSD,2022-08-02,Bmirror,-1,1,1,191,stop,-1.11072,0.007226
EURUSD,2022-08-03,B,1,-1,-1,461,stop,-1.10762,0.007434
EURUSD,2022-08-03,Bmirror,-1,-1,-1,461,stop,-1.10762,0.007434
EURUSD,2022-08-04,A,-1,1,-1,966,stop,-1.02213,0.007268
EURUSD,2022-08-04,B,1,1,-1,769,target,12.28993,0.007268
EURUSD,2022-08-04,Bmirror,-1,1,-1,769,stop,-1.11007,0.007268
EURUSD,2022-08-05,A,1,1,1,810,stop,-1.02114,0.007526
EURUSD,2022-08-08,B,1,1,-1,618,close,2.51573,0.007575
EURUSD,2022-08-08,Bmirror,-1,1,-1,618,stop,-1.10562,0.007575
EURUSD,2022-08-10,A,-1,1,1,773,stop,-1.02370,0.006784
EURUSD,2022-08-11,A,-1,1,1,854,target,0.71659,0.006869
EURUSD,2022-08-11,B,-1,1,1,471,stop,-1.11647,0.006869
EURUSD,2022-08-11,Bmirror,1,1,1,471,close,2.97841,0.006869
EURUSD,2022-08-12,A,1,1,1,838,close,-0.32223,0.006851
EURUSD,2022-08-15,A,1,1,1,592,stop,-1.02275,0.006997
EURUSD,2022-08-16,B,-1,-1,-1,539,stop,-1.12042,0.006644
EURUSD,2022-08-16,Bmirror,1,-1,-1,539,stop,-1.12042,0.006644
EURUSD,2022-08-17,B,-1,-1,1,897,stop,-1.12054,0.006637
EURUSD,2022-08-17,Bmirror,1,-1,1,897,stop,-1.12054,0.006637
EURUSD,2022-08-18,A,1,-1,1,886,stop,-1.02404,0.006624
EURUSD,2022-08-18,B,-1,-1,1,669,stop,-1.12078,0.006624
EURUSD,2022-08-18,Bmirror,1,-1,1,669,stop,-1.12078,0.006624
EURUSD,2022-08-19,A,1,-1,-1,1041,close,0.16616,0.006913
EURUSD,2022-08-22,A,1,-1,-1,889,stop,-1.02339,0.006807
EURUSD,2022-08-23,A,-1,-1,-1,889,target,0.71693,0.006970
EURUSD,2022-08-23,B,-1,-1,-1,521,stop,-1.11477,0.006970
EURUSD,2022-08-23,Bmirror,1,-1,-1,521,stop,-1.11477,0.006970
EURUSD,2022-08-24,A,1,-1,1,703,target,0.71600,0.006633
EURUSD,2022-08-24,B,-1,-1,1,952,stop,-1.12060,0.006633
EURUSD,2022-08-24,Bmirror,1,-1,1,952,stop,-1.12060,0.006633
EURUSD,2022-08-25,A,-1,-1,-1,436,target,0.71546,0.006552
EURUSD,2022-08-25,B,1,-1,-1,788,stop,-1.12210,0.006552
EURUSD,2022-08-25,Bmirror,-1,-1,-1,788,stop,-1.12210,0.006552
EURUSD,2022-08-26,A,-1,-1,1,702,target,0.71511,0.006460
EURUSD,2022-08-26,B,-1,-1,1,541,stop,-1.12384,0.006460
EURUSD,2022-08-26,Bmirror,1,-1,1,541,target,12.27616,0.006460
EURUSD,2022-08-30,A,-1,-1,1,622,target,0.71544,0.006546
EURUSD,2022-08-30,B,1,-1,1,916,stop,-1.12221,0.006546
EURUSD,2022-08-30,Bmirror,-1,-1,1,916,stop,-1.12221,0.006546
EURUSD,2022-08-31,A,-1,-1,1,982,target,0.71549,0.006559
EURUSD,2022-08-31,B,1,-1,1,467,stop,-1.12197,0.006559
EURUSD,2022-08-31,Bmirror,-1,-1,1,467,stop,-1.12197,0.006559
EURUSD,2022-09-01,A,1,-1,1,692,stop,-1.02520,0.006321
EURUSD,2022-09-02,A,-1,-1,-1,521,target,0.71523,0.006491
EURUSD,2022-09-05,B,-1,-1,-1,513,stop,-1.12368,0.006468
EURUSD,2022-09-05,Bmirror,1,-1,-1,513,stop,-1.12368,0.006468
EURUSD,2022-09-06,A,1,-1,1,845,target,0.71552,0.006504
EURUSD,2022-09-06,B,1,-1,1,612,stop,-1.12301,0.006504
EURUSD,2022-09-06,Bmirror,-1,-1,1,612,stop,-1.12301,0.006504
EURUSD,2022-09-07,A,-1,-1,-1,931,stop,-1.02504,0.006420
EURUSD,2022-09-07,B,1,-1,-1,612,stop,-1.12460,0.006420
EURUSD,2022-09-07,Bmirror,-1,-1,-1,612,stop,-1.12460,0.006420
EURUSD,2022-09-08,A,1,-1,1,850,target,0.71617,0.006681
EURUSD,2022-09-08,B,-1,-1,1,427,stop,-1.11975,0.006681
EURUSD,2022-09-08,Bmirror,1,-1,1,427,stop,-1.11975,0.006681
EURUSD,2022-09-09,A,-1,-1,-1,139,stop,-1.02407,0.006681
EURUSD,2022-09-12,A,-1,-1,1,466,stop,-1.02545,0.006317
EURUSD,2022-09-13,A,1,1,1,812,stop,-1.02467,0.006455
EURUSD,2022-09-13,A,-1,1,1,697,target,0.71510,0.006455
EURUSD,2022-09-13,B,1,1,1,810,stop,-1.12393,0.006455
EURUSD,2022-09-13,Bmirror,-1,1,1,810,stop,-1.12393,0.006455
EURUSD,2022-09-14,A,-1,-1,-1,683,target,0.71793,0.007290
EURUSD,2022-09-14,B,1,-1,-1,458,stop,-1.10974,0.007290
EURUSD,2022-09-14,Bmirror,-1,-1,-1,458,stop,-1.10974,0.007290
EURUSD,2022-09-15,B,1,-1,1,870,close,1.92352,0.007292
EURUSD,2022-09-15,Bmirror,-1,-1,1,870,stop,-1.10971,0.007292
EURUSD,2022-09-16,B,-1,1,1,912,stop,-1.11573,0.006913
EURUSD,2022-09-16,Bmirror,1,1,1,912,stop,-1.11573,0.006913
EURUSD,2022-09-19,A,1,1,1,479,target,0.71667,0.006823
EURUSD,2022-09-20,A,1,1,1,802,close,-0.21700,0.006829
EURUSD,2022-09-21,A,1,1,-1,452,stop,-1.02407,0.006615
EURUSD,2022-09-22,A,-1,-1,-1,580,target,0.71769,0.007212
EURUSD,2022-09-22,B,-1,-1,-1,394,stop,-1.11093,0.007212
EURUSD,2022-09-22,Bmirror,1,-1,-1,394,stop,-1.11093,0.007212
EURUSD,2022-09-23,A,1,-1,-1,481,stop,-1.02211,0.007200
EURUSD,2022-09-26,A,1,-1,1,117,stop,-1.02096,0.007592
EURUSD,2022-09-26,B,-1,-1,1,505,target,12.29462,0.007592
EURUSD,2022-09-26,Bmirror,1,-1,1,505,stop,-1.10538,0.007592
EURUSD,2022-09-27,A,-1,-1,-1,438,target,0.71943,0.007823
EURUSD,2022-09-27,B,1,-1,-1,670,stop,-1.10227,0.007823
EURUSD,2022-09-27,Bmirror,-1,-1,-1,670,stop,-1.10227,0.007823
EURUSD,2022-09-28,A,-1,-1,-1,963,stop,-1.02116,0.007605
EURUSD,2022-09-28,B,-1,-1,-1,547,stop,-1.10519,0.007605
EURUSD,2022-09-28,Bmirror,1,-1,-1,547,stop,-1.10519,0.007605
EURUSD,2022-09-29,A,1,-1,1,405,target,0.72079,0.008277
EURUSD,2022-09-29,A,-1,-1,1,969,close,-0.90642,0.008277
EURUSD,2022-09-29,B,-1,-1,1,716,stop,-1.09666,0.008277
EURUSD,2022-09-29,Bmirror,1,-1,1,716,stop,-1.09666,0.008277
EURUSD,2022-09-30,A,1,-1,1,713,target,0.72163,0.008653
EURUSD,2022-09-30,B,1,-1,1,616,stop,-1.09245,0.008653
EURUSD,2022-09-30,Bmirror,-1,-1,1,616,close,1.89669,0.008653
EURUSD,2022-10-03,B,1,-1,-1,462,stop,-1.09245,0.008653
EURUSD,2022-10-03,Bmirror,-1,-1,-1,462,stop,-1.09245,0.008653
EURUSD,2022-10-04,A,-1,-1,1,498,target,0.72134,0.008630
EURUSD,2022-10-05,A,1,-1,1,681,stop,-1.01695,0.009375
EURUSD,2022-10-06,A,1,-1,-1,892,close,-0.59037,0.009571
EURUSD,2022-10-06,B,1,-1,-1,561,stop,-1.08358,0.009571
EURUSD,2022-10-06,Bmirror,-1,-1,-1,561,stop,-1.08358,0.009571
EURUSD,2022-10-10,B,-1,-1,-1,930,stop,-1.08370,0.009558
EURUSD,2022-10-10,Bmirror,1,-1,-1,930,stop,-1.08370,0.009558
EURUSD,2022-10-11,B,-1,-1,-1,496,stop,-1.08381,0.009546
EURUSD,2022-10-11,Bmirror,1,-1,-1,496,stop,-1.08381,0.009546
EURUSD,2022-10-12,B,-1,-1,1,1151,close,0.96606,0.009509
EURUSD,2022-10-12,Bmirror,1,-1,1,1151,stop,-1.08413,0.009509
EURUSD,2022-10-13,A,1,-1,-1,811,target,0.72255,0.009108
EURUSD,2022-10-13,A,-1,-1,-1,980,close,-0.14590,0.009108
EURUSD,2022-10-13,B,1,-1,-1,810,stop,-1.08783,0.009108
EURUSD,2022-10-13,Bmirror,-1,-1,-1,810,stop,-1.08783,0.009108
EURUSD,2022-10-14,A,1,-1,1,773,target,0.72291,0.009296
EURUSD,2022-10-14,B,-1,-1,1,844,stop,-1.08606,0.009296
EURUSD,2022-10-14,Bmirror,1,-1,1,844,stop,-1.08606,0.009296
EURUSD,2022-10-17,A,-1,-1,1,928,stop,-1.01740,0.009260
EURUSD,2022-10-17,B,1,-1,1,769,target,12.31361,0.009260
EURUSD,2022-10-17,Bmirror,-1,-1,1,769,stop,-1.08639,0.009260
EURUSD,2022-10-19,A,1,1,1,686,stop,-1.01770,0.008978
EURUSD,2022-10-20,A,-1,1,-1,802,target,0.72259,0.009254
EURUSD,2022-10-21,A,1,1,1,797,target,0.72285,0.009263
EURUSD,2022-10-21,A,-1,1,1,1016,close,-0.24332,0.009263
EURUSD,2022-10-21,B,-1,1,1,846,stop,-1.08636,0.009263
EURUSD,2022-10-21,Bmirror,1,1,1,846,stop,-1.08636,0.009263
EURUSD,2022-10-24,B,1,1,-1,64,stop,-1.08470,0.009445
EURUSD,2022-10-24,Bmirror,-1,1,-1,64,stop,-1.08470,0.009445
EURUSD,2022-10-25,A,-1,1,1,887,close,-0.25619,0.009495
EURUSD,2022-10-25,B,-1,1,1,849,stop,-1.08425,0.009495
EURUSD,2022-10-25,Bmirror,1,1,1,849,close,8.51186,0.009495
EURUSD,2022-10-26,A,-1,1,1,536,stop,-1.01682,0.009577
EURUSD,2022-10-27,A,1,1,1,795,stop,-1.01686,0.009422
EURUSD,2022-10-28,B,-1,-1,-1,755,stop,-1.08175,0.009786
EURUSD,2022-10-28,Bmirror,1,-1,-1,755,stop,-1.08175,0.009786
EURUSD,2022-10-31,A,1,1,-1,877,close,-0.11425,0.009148
EURUSD,2022-11-01,A,-1,1,-1,790,target,0.72212,0.009010
EURUSD,2022-11-01,B,1,1,-1,880,stop,-1.08879,0.009010
EURUSD,2022-11-01,Bmirror,-1,1,-1,880,stop,-1.08879,0.009010
EURUSD,2022-11-02,A,-1,1,-1,1081,target,0.72209,0.008992
EURUSD,2022-11-02,B,1,1,-1,886,stop,-1.08896,0.008992
EURUSD,2022-11-02,Bmirror,-1,1,-1,886,stop,-1.08896,0.008992
EURUSD,2022-11-03,A,1,1,-1,560,target,0.72159,0.008637
EURUSD,2022-11-04,A,-1,1,-1,674,target,0.72095,0.008451
EURUSD,2022-11-07,A,-1,1,-1,547,close,-0.43654,0.009796
EURUSD,2022-11-08,A,-1,1,1,1007,target,0.72384,0.009973
EURUSD,2022-11-08,B,-1,1,1,901,stop,-1.08022,0.009973
EURUSD,2022-11-08,Bmirror,1,1,1,901,close,5.50527,0.009973
EURUSD,2022-11-09,A,1,1,1,1112,close,0.01849,0.009435
EURUSD,2022-11-09,B,-1,1,1,911,close,7.13856,0.009435
EURUSD,2022-11-09,Bmirror,1,1,1,911,stop,-1.08479,0.009435
EURUSD,2022-11-10,A,1,1,-1,622,target,0.72287,0.009278
EURUSD,2022-11-10,A,-1,1,-1,814,stop,-1.01736,0.009278
EURUSD,2022-11-10,B,-1,1,-1,810,stop,-1.08622,0.009278
EURUSD,2022-11-10,Bmirror,1,1,-1,810,stop,-1.08622,0.009278
EURUSD,2022-11-11,A,-1,1,1,532,stop,-1.01662,0.009697
EURUSD,2022-11-14,B,-1,1,-1,778,stop,-1.07886,0.010144
EURUSD,2022-11-14,Bmirror,1,1,-1,778,stop,-1.07886,0.010144
EURUSD,2022-11-15,A,-1,1,-1,467,stop,-1.01594,0.010113
EURUSD,2022-11-15,B,1,1,-1,1108,stop,-1.07911,0.010113
EURUSD,2022-11-15,Bmirror,-1,1,-1,1108,stop,-1.07911,0.010113
EURUSD,2022-11-16,A,-1,1,1,617,target,0.72406,0.010112
EURUSD,2022-11-16,B,1,1,1,1114,close,3.41516,0.010112
EURUSD,2022-11-16,Bmirror,-1,1,1,1114,stop,-1.07911,0.010112
EURUSD,2022-11-17,A,1,1,1,785,target,0.72427,0.010096
EURUSD,2022-11-21,A,1,1,1,423,close,-0.25593,0.010039
EURUSD,2022-11-23,A,-1,1,1,1141,close,-0.15535,0.010121
EURUSD,2022-11-25,B,-1,1,-1,960,close,0.99217,0.009943
EURUSD,2022-11-25,Bmirror,1,1,-1,960,stop,-1.08046,0.009943
EURUSD,2022-11-28,A,-1,1,-1,550,stop,-1.01627,0.009905
EURUSD,2022-11-28,B,1,1,-1,1084,stop,-1.08077,0.009905
EURUSD,2022-11-28,Bmirror,-1,1,-1,1084,close,2.52910,0.009905
EURUSD,2022-11-29,B,1,1,-1,831,stop,-1.08054,0.009933
EURUSD,2022-11-29,Bmirror,-1,1,-1,831,stop,-1.08054,0.009933
EURUSD,2022-11-30,A,-1,1,-1,882,target,0.72366,0.009863
EURUSD,2022-11-30,B,1,1,-1,933,stop,-1.08111,0.009863
EURUSD,2022-11-30,Bmirror,-1,1,-1,933,stop,-1.08111,0.009863
EURUSD,2022-12-01,A,-1,1,1,819,close,-0.55611,0.009738
EURUSD,2022-12-01,B,1,1,1,472,stop,-1.08215,0.009738
EURUSD,2022-12-01,Bmirror,-1,1,1,472,stop,-1.08215,0.009738
EURUSD,2022-12-02,A,1,1,1,812,target,0.72331,0.009519
EURUSD,2022-12-02,B,-1,1,1,1033,stop,-1.08404,0.009519
EURUSD,2022-12-02,Bmirror,1,1,1,1033,stop,-1.08404,0.009519
EURUSD,2022-12-05,B,1,1,1,467,stop,-1.08435,0.009484
EURUSD,2022-12-05,Bmirror,-1,1,1,467,stop,-1.08435,0.009484
EURUSD,2022-12-07,A,-1,1,-1,781,target,0.72290,0.009420
EURUSD,2022-12-09,B,-1,1,1,820,close,2.30445,0.008985
EURUSD,2022-12-09,Bmirror,1,1,1,820,stop,-1.08904,0.008985
EURUSD,2022-12-12,B,1,1,-1,958,stop,-1.10204,0.007840
EURUSD,2022-12-12,Bmirror,-1,1,-1,958,stop,-1.10204,0.007840
EURUSD,2022-12-13,A,-1,1,1,810,stop,-1.02099,0.007665
EURUSD,2022-12-14,A,-1,1,1,1209,close,0.04566,0.007724
EURUSD,2022-12-14,B,1,1,1,1174,close,6.96396,0.007724
EURUSD,2022-12-14,Bmirror,-1,1,1,1174,stop,-1.10357,0.007724
EURUSD,2022-12-15,A,1,1,1,540,target,0.71886,0.007527
EURUSD,2022-12-15,A,-1,1,1,857,target,0.71862,0.007527
EURUSD,2022-12-15,B,-1,1,1,847,stop,-1.10628,0.007527
EURUSD,2022-12-15,Bmirror,1,1,1,847,stop,-1.10628,0.007527
EURUSD,2022-12-16,B,-1,1,-1,683,stop,-1.11852,0.006750
EURUSD,2022-12-16,Bmirror,1,1,-1,683,stop,-1.11852,0.006750
EURUSD,2022-12-19,A,-1,1,-1,406,target,0.71296,0.005942
EURUSD,2022-12-19,B,1,1,-1,947,stop,-1.13463,0.005942
EURUSD,2022-12-19,Bmirror,-1,1,-1,947,stop,-1.13463,0.005942
EURUSD,2022-12-20,B,1,1,1,199,stop,-1.13456,0.005945
EURUSD,2022-12-20,Bmirror,-1,1,1,199,stop,-1.13456,0.005945
EURUSD,2022-12-21,B,-1,1,1,932,stop,-1.13534,0.005911
EURUSD,2022-12-21,Bmirror,1,1,1,932,stop,-1.13534,0.005911
EURUSD,2022-12-22,A,-1,1,-1,503,target,0.71278,0.005904
EURUSD,2022-12-22,B,1,1,-1,816,stop,-1.13550,0.005904
EURUSD,2022-12-22,Bmirror,-1,1,-1,816,stop,-1.13550,0.005904
EURUSD,2022-12-23,B,1,1,-1,510,stop,-1.13692,0.005843
EURUSD,2022-12-23,Bmirror,-1,1,-1,510,stop,-1.13692,0.005843
EURUSD,2022-12-27,B,1,1,1,482,stop,-1.13902,0.005755
EURUSD,2022-12-27,Bmirror,-1,1,1,482,stop,-1.13902,0.005755
EURUSD,2022-12-28,B,1,1,-1,931,stop,-1.15001,0.005333
EURUSD,2022-12-28,Bmirror,-1,1,-1,931,close,4.25710,0.005333
EURUSD,2022-12-29,A,-1,1,-1,887,target,0.70918,0.005212
EURUSD,2022-12-30,A,-1,1,1,697,target,0.70621,0.004751
EURUSD,2022-12-30,B,-1,1,1,494,stop,-1.16838,0.004751
EURUSD,2022-12-30,Bmirror,1,1,1,494,stop,-1.16838,0.004751
EURUSD,2023-01-02,A,1,1,1,472,target,0.70658,0.004771
EURUSD,2023-01-03,A,1,1,-1,468,stop,-1.03345,0.004766
EURUSD,2023-01-03,B,-1,1,-1,170,target,12.23214,0.004766
EURUSD,2023-01-03,Bmirror,1,1,-1,170,stop,-1.16786,0.004766
EURUSD,2023-01-04,A,-1,1,-1,452,stop,-1.02860,0.005617
EURUSD,2023-01-05,A,1,1,1,833,stop,-1.02795,0.005699
EURUSD,2023-01-05,B,1,1,1,292,stop,-1.14037,0.005699
EURUSD,2023-01-05,Bmirror,-1,1,1,292,stop,-1.14037,0.005699
EURUSD,2023-01-06,A,-1,-1,-1,910,stop,-1.02833,0.005672
EURUSD,2023-01-06,B,-1,-1,-1,810,stop,-1.14104,0.005672
EURUSD,2023-01-06,Bmirror,1,-1,-1,810,stop,-1.14104,0.005672
EURUSD,2023-01-09,A,-1,-1,1,802,stop,-1.02749,0.005845
EURUSD,2023-01-09,B,1,-1,1,596,target,12.26312,0.005845
EURUSD,2023-01-09,Bmirror,-1,-1,1,596,stop,-1.13688,0.005845
EURUSD,2023-01-10,B,1,1,1,891,stop,-1.13310,0.006011
EURUSD,2023-01-10,Bmirror,-1,1,1,891,stop,-1.13310,0.006011
EURUSD,2023-01-11,B,1,1,1,1019,close,2.91637,0.005888
EURUSD,2023-01-11,Bmirror,-1,1,1,1019,stop,-1.13586,0.005888
EURUSD,2023-01-12,A,-1,1,1,808,target,0.71249,0.005842
EURUSD,2023-01-12,B,1,1,1,810,stop,-1.13694,0.005842
EURUSD,2023-01-12,Bmirror,-1,1,1,810,stop,-1.13694,0.005842
EURUSD,2023-01-13,A,1,1,1,692,target,0.71373,0.006064
EURUSD,2023-01-13,B,-1,1,1,519,close,4.05891,0.006064
EURUSD,2023-01-13,Bmirror,1,1,1,519,stop,-1.13192,0.006064
EURUSD,2023-01-16,A,-1,1,-1,118,target,0.71342,0.006046
EURUSD,2023-01-16,B,1,1,-1,488,stop,-1.13231,0.006046
EURUSD,2023-01-16,Bmirror,-1,1,-1,488,stop,-1.13231,0.006046
EURUSD,2023-01-17,A,1,1,1,1051,close,0.17585,0.006027
EURUSD,2023-01-17,B,1,1,1,909,stop,-1.13273,0.006027
EURUSD,2023-01-17,Bmirror,-1,1,1,909,stop,-1.13273,0.006027
EURUSD,2023-01-18,A,-1,1,-1,487,stop,-1.02628,0.006116
EURUSD,2023-01-18,B,1,1,-1,1047,close,0.65719,0.006116
EURUSD,2023-01-18,Bmirror,-1,1,-1,1047,stop,-1.13080,0.006116
EURUSD,2023-01-19,B,1,1,1,830,stop,-1.13597,0.005884
EURUSD,2023-01-19,Bmirror,-1,1,1,830,stop,-1.13597,0.005884
EURUSD,2023-01-20,B,1,1,1,573,stop,-1.13714,0.005834
EURUSD,2023-01-20,Bmirror,-1,1,1,573,stop,-1.13714,0.005834
EURUSD,2023-01-23,A,-1,1,1,412,target,0.71133,0.005603
EURUSD,2023-01-23,B,1,1,1,818,stop,-1.14278,0.005603
EURUSD,2023-01-23,Bmirror,-1,1,1,818,stop,-1.14278,0.005603
EURUSD,2023-01-24,B,1,1,1,512,stop,-1.14287,0.005599
EURUSD,2023-01-24,Bmirror,-1,1,1,512,stop,-1.14287,0.005599
EURUSD,2023-01-25,B,-1,1,1,881,stop,-1.14317,0.005588
EURUSD,2023-01-25,Bmirror,1,1,1,881,stop,-1.14317,0.005588
EURUSD,2023-01-26,A,1,1,1,810,target,0.71157,0.005605
EURUSD,2023-01-27,A,1,1,-1,852,target,0.71170,0.005630
EURUSD,2023-01-27,B,-1,1,-1,640,close,3.99925,0.005630
EURUSD,2023-01-27,Bmirror,1,1,-1,640,stop,-1.14209,0.005630
EURUSD,2023-01-30,B,1,1,1,954,stop,-1.14115,0.005668
EURUSD,2023-01-30,Bmirror,-1,1,1,954,stop,-1.14115,0.005668
EURUSD,2023-01-31,A,1,1,-1,539,target,0.71201,0.005692
EURUSD,2023-01-31,B,-1,1,-1,810,stop,-1.14054,0.005692
EURUSD,2023-01-31,Bmirror,1,1,-1,810,stop,-1.14054,0.005692
EURUSD,2023-02-01,A,-1,1,1,795,stop,-1.02824,0.005689
EURUSD,2023-02-02,A,1,1,1,833,stop,-1.02479,0.006424
EURUSD,2023-02-03,A,1,1,-1,810,target,0.71688,0.006885
EURUSD,2023-02-03,B,1,1,-1,810,stop,-1.11620,0.006885
EURUSD,2023-02-03,Bmirror,-1,1,-1,810,stop,-1.11620,0.006885
EURUSD,2023-02-06,A,1,-1,-1,923,close,-0.17755,0.007276
EURUSD,2023-02-07,A,1,-1,-1,913,target,0.71840,0.007369
EURUSD,2023-02-07,B,-1,-1,-1,556,stop,-1.10857,0.007369
EURUSD,2023-02-07,Bmirror,1,-1,-1,556,stop,-1.10857,0.007369
EURUSD,2023-02-08,B,1,-1,1,800,stop,-1.11852,0.006750
EURUSD,2023-02-08,Bmirror,-1,-1,1,800,stop,-1.11852,0.006750
EURUSD,2023-02-09,A,-1,-1,-1,553,target,0.71583,0.006652
EURUSD,2023-02-10,A,1,-1,1,756,close,-0.36083,0.006359
EURUSD,2023-02-13,A,-1,-1,-1,952,close,-0.01881,0.005956
EURUSD,2023-02-14,A,-1,-1,1,812,target,0.71266,0.005877
EURUSD,2023-02-14,B,1,-1,1,810,stop,-1.13612,0.005877
EURUSD,2023-02-14,Bmirror,-1,-1,1,810,stop,-1.13612,0.005877
EURUSD,2023-02-15,A,1,-1,1,810,close,-0.04660,0.005877
EURUSD,2023-02-16,B,1,-1,-1,576,stop,-1.13522,0.005916
EURUSD,2023-02-16,Bmirror,-1,-1,-1,576,stop,-1.13522,0.005916
EURUSD,2023-02-17,A,1,-1,-1,730,target,0.71126,0.005543
EURUSD,2023-02-17,B,-1,-1,-1,912,stop,-1.14432,0.005543
EURUSD,2023-02-17,Bmirror,1,-1,-1,912,stop,-1.14432,0.005543
EURUSD,2023-02-21,A,1,-1,-1,1133,close,0.24397,0.005567
EURUSD,2023-02-21,B,-1,-1,-1,495,stop,-1.14371,0.005567
EURUSD,2023-02-21,Bmirror,1,-1,-1,495,stop,-1.14371,0.005567
EURUSD,2023-02-22,A,1,-1,-1,1155,close,-0.13395,0.005544
EURUSD,2023-02-22,B,-1,-1,-1,870,stop,-1.14431,0.005544
EURUSD,2023-02-22,Bmirror,1,-1,-1,870,stop,-1.14431,0.005544
EURUSD,2023-02-23,B,1,-1,-1,536,stop,-1.14274,0.005605
EURUSD,2023-02-23,Bmirror,-1,-1,-1,536,stop,-1.14274,0.005605
EURUSD,2023-02-24,A,1,-1,-1,810,close,-0.31406,0.005527
EURUSD,2023-02-27,A,-1,-1,1,914,close,-0.46241,0.005566
EURUSD,2023-02-28,B,-1,-1,1,505,stop,-1.13942,0.005738
EURUSD,2023-02-28,Bmirror,1,-1,1,505,stop,-1.13942,0.005738
EURUSD,2023-03-01,A,-1,-1,-1,465,stop,-1.02805,0.005729
EURUSD,2023-03-02,A,1,-1,1,596,stop,-1.02620,0.006079
EURUSD,2023-03-03,B,1,-1,-1,902,stop,-1.12880,0.006211
EURUSD,2023-03-03,Bmirror,-1,-1,-1,902,stop,-1.12880,0.006211
EURUSD,2023-03-06,A,-1,-1,-1,904,close,-0.27146,0.006271
EURUSD,2023-03-06,B,1,-1,-1,601,close,8.50156,0.006271
EURUSD,2023-03-06,Bmirror,-1,-1,-1,601,stop,-1.12757,0.006271
EURUSD,2023-03-07,A,1,1,1,900,stop,-1.02477,0.006429
EURUSD,2023-03-10,A,-1,-1,1,814,stop,-1.02753,0.005837
EURUSD,2023-03-13,A,-1,1,1,176,target,0.71162,0.005661
EURUSD,2023-03-13,B,1,1,1,551,stop,-1.14131,0.005661
EURUSD,2023-03-13,Bmirror,-1,1,1,551,stop,-1.14131,0.005661
EURUSD,2023-03-14,B,-1,1,1,697,stop,-1.14284,0.005600
EURUSD,2023-03-14,Bmirror,1,1,1,697,stop,-1.14284,0.005600
EURUSD,2023-03-15,A,1,1,1,578,stop,-1.02845,0.005601
EURUSD,2023-03-15,B,1,1,1,496,stop,-1.14283,0.005601
EURUSD,2023-03-15,Bmirror,-1,1,1,496,stop,-1.14283,0.005601
EURUSD,2023-03-16,A,-1,-1,-1,485,target,0.71490,0.006404
EURUSD,2023-03-16,B,1,-1,-1,763,stop,-1.12493,0.006404
EURUSD,2023-03-16,Bmirror,-1,-1,-1,763,stop,-1.12493,0.006404
EURUSD,2023-03-17,A,-1,-1,1,422,target,0.71497,0.006424
EURUSD,2023-03-17,B,1,-1,1,754,close,7.47273,0.006424
EURUSD,2023-03-17,Bmirror,-1,-1,1,754,stop,-1.12453,0.006424
EURUSD,2023-03-20,B,-1,1,1,607,stop,-1.12477,0.006412
EURUSD,2023-03-20,Bmirror,1,1,1,607,close,5.83268,0.006412
EURUSD,2023-03-21,A,-1,1,1,660,close,-0.00388,0.006358
EURUSD,2023-03-22,A,-1,1,1,1080,stop,-1.02487,0.006463
EURUSD,2023-03-23,A,-1,1,1,388,target,0.71594,0.006684
EURUSD,2023-03-23,B,1,1,1,622,stop,-1.11969,0.006684
EURUSD,2023-03-23,Bmirror,-1,1,1,622,stop,-1.11969,0.006684
EURUSD,2023-03-24,A,1,1,-1,498,stop,-1.02375,0.006703
EURUSD,2023-03-27,B,-1,1,1,740,stop,-1.11600,0.006897
EURUSD,2023-03-27,Bmirror,1,1,1,740,stop,-1.11600,0.006897
EURUSD,2023-03-29,B,1,1,1,797,stop,-1.11582,0.006907
EURUSD,2023-03-29,Bmirror,-1,1,1,797,stop,-1.11582,0.006907
EURUSD,2023-03-30,A,-1,1,1,812,close,-0.21144,0.006812
EURUSD,2023-03-31,A,1,1,1,1215,close,-0.14805,0.006881
EURUSD,2023-04-03,A,-1,1,-1,774,stop,-1.02315,0.006946
EURUSD,2023-04-03,B,-1,1,-1,483,stop,-1.11517,0.006946
EURUSD,2023-04-03,Bmirror,1,1,-1,483,target,12.28483,0.006946
EURUSD,2023-04-04,A,-1,1,1,933,close,0.08387,0.007052
EURUSD,2023-04-04,B,1,1,1,741,stop,-1.11344,0.007052
EURUSD,2023-04-04,Bmirror,-1,1,1,741,stop,-1.11344,0.007052
EURUSD,2023-04-05,A,1,1,1,1067,close,0.15939,0.007045
EURUSD,2023-04-10,A,1,1,1,834,close,0.13354,0.006694
EURUSD,2023-04-11,A,-1,1,-1,632,close,0.13816,0.006691
EURUSD,2023-04-12,A,-1,1,1,810,stop,-1.02702,0.005947
EURUSD,2023-04-13,A,-1,1,1,833,close,-0.10096,0.006096
EURUSD,2023-04-14,A,1,1,1,932,close,-0.13506,0.006129
EURUSD,2023-04-14,B,1,1,1,731,stop,-1.13053,0.006129
EURUSD,2023-04-14,Bmirror,-1,1,1,731,stop,-1.13053,0.006129
EURUSD,2023-04-17,A,1,1,-1,886,close,-0.30243,0.006207
EURUSD,2023-04-17,B,-1,1,-1,366,stop,-1.12890,0.006207
EURUSD,2023-04-17,Bmirror,1,1,-1,366,stop,-1.12890,0.006207
EURUSD,2023-04-18,A,-1,1,-1,546,target,0.71467,0.006347
EURUSD,2023-04-19,A,1,1,1,747,target,0.71516,0.006409
EURUSD,2023-04-19,B,-1,1,1,906,close,2.42007,0.006409
EURUSD,2023-04-19,Bmirror,1,1,1,906,stop,-1.12482,0.006409
EURUSD,2023-04-20,B,1,1,-1,780,stop,-1.14592,0.005483
EURUSD,2023-04-20,Bmirror,-1,1,-1,780,stop,-1.14592,0.005483
EURUSD,2023-04-21,B,-1,1,1,546,stop,-1.14637,0.005465
EURUSD,2023-04-21,Bmirror,1,1,1,546,stop,-1.14637,0.005465
EURUSD,2023-04-24,A,-1,1,1,943,close,-0.32957,0.005397
EURUSD,2023-04-24,B,-1,1,1,543,stop,-1.14822,0.005397
EURUSD,2023-04-24,Bmirror,1,1,1,543,stop,-1.14822,0.005397
EURUSD,2023-04-25,A,1,1,1,876,stop,-1.02920,0.005458
EURUSD,2023-04-26,A,-1,1,-1,502,stop,-1.02848,0.005641
EURUSD,2023-04-27,A,1,1,1,883,target,0.71064,0.005427
EURUSD,2023-04-27,B,1,1,1,649,stop,-1.14741,0.005427
EURUSD,2023-04-27,Bmirror,-1,1,1,649,stop,-1.14741,0.005427
EURUSD,2023-04-28,A,1,1,-1,545,target,0.71034,0.005373
EURUSD,2023-04-28,B,-1,1,-1,948,stop,-1.14888,0.005373
EURUSD,2023-04-28,Bmirror,1,1,-1,948,stop,-1.14888,0.005373
EURUSD,2023-05-01,A,1,1,-1,971,close,0.21408,0.005090
EURUSD,2023-05-01,B,-1,1,-1,744,stop,-1.15717,0.005090
EURUSD,2023-05-01,Bmirror,1,1,-1,744,stop,-1.15717,0.005090
EURUSD,2023-05-02,B,1,1,-1,541,stop,-1.15493,0.005164
EURUSD,2023-05-02,Bmirror,-1,1,-1,541,stop,-1.15493,0.005164
EURUSD,2023-05-03,A,-1,1,1,913,stop,-1.03127,0.005136
EURUSD,2023-05-04,A,1,1,1,810,target,0.70972,0.005264
EURUSD,2023-05-04,B,1,1,1,486,stop,-1.15197,0.005264
EURUSD,2023-05-04,Bmirror,-1,1,1,486,stop,-1.15197,0.005264
EURUSD,2023-05-05,A,1,1,-1,810,target,0.70970,0.005260
EURUSD,2023-05-05,B,1,1,-1,706,stop,-1.15210,0.005260
EURUSD,2023-05-05,Bmirror,-1,1,-1,706,stop,-1.15210,0.005260
EURUSD,2023-05-08,B,1,-1,-1,946,stop,-1.15872,0.005040
EURUSD,2023-05-08,Bmirror,-1,-1,-1,946,stop,-1.15872,0.005040
EURUSD,2023-05-09,A,1,1,-1,766,close,-0.12482,0.004766
EURUSD,2023-05-10,A,-1,-1,-1,835,target,0.70588,0.004706
EURUSD,2023-05-10,B,-1,-1,-1,810,stop,-1.17001,0.004706
EURUSD,2023-05-10,Bmirror,1,-1,-1,810,stop,-1.17001,0.004706
EURUSD,2023-05-11,A,1,1,1,457,stop,-1.03460,0.004609
EURUSD,2023-05-12,A,1,-1,-1,924,stop,-1.03289,0.004847
EURUSD,2023-05-15,A,-1,-1,1,810,target,0.70809,0.005033
EURUSD,2023-05-16,B,1,-1,1,810,stop,-1.16065,0.004980
EURUSD,2023-05-16,Bmirror,-1,-1,1,810,stop,-1.16065,0.004980
EURUSD,2023-05-17,A,1,-1,-1,611,target,0.70719,0.004860
EURUSD,2023-05-18,A,1,-1,-1,810,stop,-1.03496,0.004561
EURUSD,2023-05-19,A,-1,-1,-1,803,target,0.70462,0.004538
EURUSD,2023-05-22,B,-1,-1,1,619,stop,-1.17702,0.004519
EURUSD,2023-05-22,Bmirror,1,-1,1,619,stop,-1.17702,0.004519
EURUSD,2023-05-23,A,1,-1,-1,660,target,0.70332,0.004349
EURUSD,2023-05-24,B,1,-1,-1,501,stop,-1.18793,0.004257
EURUSD,2023-05-24,Bmirror,-1,-1,-1,501,stop,-1.18793,0.004257
EURUSD,2023-05-25,A,1,-1,-1,494,target,0.70249,0.004252
EURUSD,2023-05-26,B,1,-1,-1,611,stop,-1.18824,0.004250
EURUSD,2023-05-26,Bmirror,-1,-1,-1,611,stop,-1.18824,0.004250
EURUSD,2023-05-29,B,1,-1,-1,546,stop,-1.19050,0.004199
EURUSD,2023-05-29,Bmirror,-1,-1,-1,546,stop,-1.19050,0.004199
EURUSD,2023-05-30,A,1,-1,-1,505,target,0.69951,0.003940
EURUSD,2023-05-30,A,-1,-1,-1,760,target,0.69927,0.003940
EURUSD,2023-05-30,B,1,-1,-1,265,stop,-1.20304,0.003940
EURUSD,2023-05-30,Bmirror,-1,-1,-1,265,stop,-1.20304,0.003940
EURUSD,2023-05-31,A,1,-1,1,245,stop,-1.04228,0.003773
EURUSD,2023-06-01,A,1,-1,-1,519,target,0.69459,0.003514
EURUSD,2023-06-01,A,-1,-1,-1,874,stop,-1.04565,0.003514
EURUSD,2023-06-01,B,-1,-1,-1,617,stop,-1.22766,0.003514
EURUSD,2023-06-01,Bmirror,1,-1,-1,617,stop,-1.22766,0.003514
EURUSD,2023-06-02,A,1,-1,1,922,stop,-1.04051,0.003938
EURUSD,2023-06-02,B,-1,-1,1,818,stop,-1.20316,0.003938
EURUSD,2023-06-02,Bmirror,1,-1,1,818,stop,-1.20316,0.003938
EURUSD,2023-06-05,B,-1,-1,-1,900,stop,-1.19642,0.004073
EURUSD,2023-06-05,Bmirror,1,-1,-1,900,stop,-1.19642,0.004073
EURUSD,2023-06-06,A,1,-1,1,775,target,0.70070,0.004059
EURUSD,2023-06-06,B,1,-1,1,508,stop,-1.19711,0.004059
EURUSD,2023-06-06,Bmirror,-1,-1,1,508,close,4.65548,0.004059
EURUSD,2023-06-07,A,-1,-1,-1,876,target,0.69954,0.003966
EURUSD,2023-06-07,B,-1,-1,-1,605,stop,-1.20170,0.003966
EURUSD,2023-06-07,Bmirror,1,-1,-1,605,close,0.67057,0.003966
EURUSD,2023-06-08,A,-1,-1,1,592,stop,-1.04370,0.003672
EURUSD,2023-06-09,A,1,-1,1,993,close,-0.10328,0.004130
EURUSD,2023-06-09,B,-1,-1,1,800,close,7.52961,0.004130
EURUSD,2023-06-09,Bmirror,1,-1,1,800,stop,-1.19369,0.004130
EURUSD,2023-06-12,A,-1,-1,-1,551,target,0.70146,0.004164
EURUSD,2023-06-12,B,1,-1,-1,891,close,2.71320,0.004164
EURUSD,2023-06-12,Bmirror,-1,-1,-1,891,stop,-1.19211,0.004164
EURUSD,2023-06-13,A,-1,-1,1,384,stop,-1.03828,0.004193
EURUSD,2023-06-14,A,-1,-1,1,812,stop,-1.03796,0.004228
EURUSD,2023-06-14,B,-1,-1,1,507,stop,-1.18920,0.004228
EURUSD,2023-06-14,Bmirror,1,-1,1,507,stop,-1.18920,0.004228
EURUSD,2023-06-15,A,-1,1,1,812,stop,-1.03728,0.004305
EURUSD,2023-06-15,B,-1,1,1,579,stop,-1.18582,0.004305
EURUSD,2023-06-15,Bmirror,1,1,1,579,stop,-1.18582,0.004305
EURUSD,2023-06-16,B,1,1,1,830,stop,-1.16727,0.004783
EURUSD,2023-06-16,Bmirror,-1,1,1,830,stop,-1.16727,0.004783
EURUSD,2023-06-20,B,1,1,-1,658,stop,-1.17576,0.004552
EURUSD,2023-06-20,Bmirror,-1,1,-1,658,stop,-1.17576,0.004552
EURUSD,2023-06-21,A,-1,1,-1,936,stop,-1.03535,0.004541
EURUSD,2023-06-22,A,1,1,1,1020,close,0.10557,0.004723
EURUSD,2023-06-22,B,1,1,1,758,stop,-1.16937,0.004723
EURUSD,2023-06-22,Bmirror,-1,1,1,758,stop,-1.16937,0.004723
EURUSD,2023-06-23,A,1,1,-1,495,stop,-1.03478,0.004585
EURUSD,2023-06-27,A,-1,1,1,712,stop,-1.03390,0.004736
EURUSD,2023-06-28,A,1,1,1,912,close,-0.27516,0.004719
EURUSD,2023-06-28,B,-1,1,1,553,close,8.43730,0.004719
EURUSD,2023-06-28,Bmirror,1,1,1,553,stop,-1.16954,0.004719
EURUSD,2023-06-29,A,1,1,-1,836,target,0.70683,0.004806
EURUSD,2023-06-29,B,-1,1,-1,497,stop,-1.16644,0.004806
EURUSD,2023-06-29,Bmirror,1,1,-1,497,stop,-1.16644,0.004806
EURUSD,2023-06-30,A,-1,1,-1,848,stop,-1.03287,0.004885
EURUSD,2023-06-30,B,-1,1,-1,789,stop,-1.16377,0.004885
EURUSD,2023-06-30,Bmirror,1,1,-1,789,target,12.23623,0.004885
EURUSD,2023-07-03,B,-1,1,-1,829,stop,-1.16154,0.004952
EURUSD,2023-07-03,Bmirror,1,1,-1,829,stop,-1.16154,0.004952
EURUSD,2023-07-05,B,1,1,-1,541,stop,-1.16022,0.004993
EURUSD,2023-07-05,Bmirror,-1,1,-1,541,stop,-1.16022,0.004993
EURUSD,2023-07-06,A,-1,1,-1,745,target,0.70756,0.004951
EURUSD,2023-07-06,B,1,1,-1,535,stop,-1.16160,0.004951
EURUSD,2023-07-06,Bmirror,-1,1,-1,535,stop,-1.16160,0.004951
EURUSD,2023-07-07,A,-1,1,1,816,target,0.70644,0.004785
EURUSD,2023-07-07,B,-1,1,1,697,stop,-1.16720,0.004785
EURUSD,2023-07-07,Bmirror,1,1,1,697,stop,-1.16720,0.004785
EURUSD,2023-07-10,B,-1,1,-1,604,stop,-1.16612,0.004816
EURUSD,2023-07-10,Bmirror,1,1,-1,604,stop,-1.16612,0.004816
EURUSD,2023-07-11,B,1,1,1,600,stop,-1.16508,0.004846
EURUSD,2023-07-11,Bmirror,-1,1,1,600,stop,-1.16508,0.004846
EURUSD,2023-07-12,A,-1,1,1,810,stop,-1.03341,0.004806
EURUSD,2023-07-13,A,-1,1,1,783,stop,-1.03013,0.005332
EURUSD,2023-07-17,B,1,1,-1,805,stop,-1.15278,0.005236
EURUSD,2023-07-17,Bmirror,-1,1,-1,805,stop,-1.15278,0.005236
EURUSD,2023-07-18,B,1,1,1,571,stop,-1.15278,0.005236
EURUSD,2023-07-18,Bmirror,-1,1,1,571,stop,-1.15278,0.005236
EURUSD,2023-07-19,A,1,1,-1,930,close,0.46883,0.005247
EURUSD,2023-07-19,B,-1,1,-1,502,stop,-1.15247,0.005247
EURUSD,2023-07-19,Bmirror,1,1,-1,502,stop,-1.15247,0.005247
EURUSD,2023-07-20,A,1,1,-1,922,stop,-1.03016,0.005285
EURUSD,2023-07-20,B,1,1,-1,519,stop,-1.15138,0.005285
EURUSD,2023-07-20,Bmirror,-1,1,-1,519,stop,-1.15138,0.005285
EURUSD,2023-07-24,A,1,1,1,512,target,0.70832,0.005031
EURUSD,2023-07-25,B,1,1,-1,540,stop,-1.15325,0.005220
EURUSD,2023-07-25,Bmirror,-1,1,-1,540,stop,-1.15325,0.005220
EURUSD,2023-07-26,A,-1,1,-1,1180,close,0.24474,0.005228
EURUSD,2023-07-27,A,1,1,1,843,stop,-1.03144,0.005070
EURUSD,2023-07-27,A,-1,1,1,521,target,0.70833,0.005070
EURUSD,2023-07-27,B,1,1,1,810,stop,-1.15778,0.005070
EURUSD,2023-07-27,Bmirror,-1,1,1,810,stop,-1.15778,0.005070
EURUSD,2023-07-28,A,-1,1,-1,810,target,0.71057,0.005458
EURUSD,2023-07-28,B,-1,1,-1,417,stop,-1.14656,0.005458
EURUSD,2023-07-28,Bmirror,1,1,-1,417,stop,-1.14656,0.005458
EURUSD,2023-07-31,B,-1,1,1,511,stop,-1.14957,0.005349
EURUSD,2023-07-31,Bmirror,1,1,1,511,stop,-1.14957,0.005349
EURUSD,2023-08-01,A,1,1,-1,802,target,0.71040,0.005385
EURUSD,2023-08-02,A,1,1,1,805,stop,-1.03004,0.005305
EURUSD,2023-08-03,B,-1,-1,-1,758,stop,-1.14802,0.005405
EURUSD,2023-08-03,Bmirror,1,-1,-1,758,stop,-1.14802,0.005405
EURUSD,2023-08-04,A,-1,-1,1,832,stop,-1.03031,0.005299
EURUSD,2023-08-07,B,-1,-1,-1,871,stop,-1.14955,0.005349
EURUSD,2023-08-07,Bmirror,1,-1,-1,871,stop,-1.14955,0.005349
EURUSD,2023-08-08,A,1,-1,-1,693,close,-0.09198,0.005352
EURUSD,2023-08-08,B,-1,-1,-1,447,stop,-1.14949,0.005352
EURUSD,2023-08-08,Bmirror,1,-1,-1,447,stop,-1.14949,0.005352
EURUSD,2023-08-10,A,-1,-1,1,562,stop,-1.02977,0.005395
EURUSD,2023-08-10,B,1,-1,1,1137,close,0.45957,0.005395
EURUSD,2023-08-10,Bmirror,-1,-1,1,1137,stop,-1.14827,0.005395
EURUSD,2023-08-11,B,1,-1,1,811,stop,-1.14969,0.005344
EURUSD,2023-08-11,Bmirror,-1,-1,1,811,stop,-1.14969,0.005344
EURUSD,2023-08-14,A,1,-1,-1,847,target,0.70907,0.005154
EURUSD,2023-08-15,A,-1,-1,-1,853,target,0.70877,0.005142
EURUSD,2023-08-15,B,1,-1,-1,810,stop,-1.15557,0.005142
EURUSD,2023-08-15,Bmirror,-1,-1,-1,810,stop,-1.15557,0.005142
EURUSD,2023-08-16,B,1,-1,-1,839,stop,-1.15583,0.005134
EURUSD,2023-08-16,Bmirror,-1,-1,-1,839,stop,-1.15583,0.005134
EURUSD,2023-08-17,A,-1,-1,-1,817,target,0.70332,0.004376
EURUSD,2023-08-17,B,1,-1,-1,981,stop,-1.18283,0.004376
EURUSD,2023-08-17,Bmirror,-1,-1,-1,981,stop,-1.18283,0.004376
EURUSD,2023-08-18,B,1,-1,-1,475,stop,-1.20736,0.003858
EURUSD,2023-08-18,Bmirror,-1,-1,-1,475,stop,-1.20736,0.003858
EURUSD,2023-08-21,A,-1,-1,1,733,target,0.69840,0.003857
EURUSD,2023-08-22,A,1,-1,1,840,stop,-1.04106,0.003886
EURUSD,2023-08-22,A,-1,-1,1,517,target,0.69871,0.003886
EURUSD,2023-08-22,B,1,-1,1,676,stop,-1.20588,0.003886
EURUSD,2023-08-22,Bmirror,-1,-1,1,676,target,12.19412,0.003886
EURUSD,2023-08-23,A,1,-1,-1,513,target,0.69981,0.003969
EURUSD,2023-08-23,B,1,-1,-1,510,stop,-1.20155,0.003969
EURUSD,2023-08-23,Bmirror,-1,-1,-1,510,stop,-1.20155,0.003969
EURUSD,2023-08-24,A,1,-1,1,814,target,0.70021,0.004009
EURUSD,2023-08-25,A,1,-1,-1,531,target,0.69967,0.003955
EURUSD,2023-08-25,A,-1,-1,-1,904,target,0.69943,0.003955
EURUSD,2023-08-25,B,-1,-1,-1,725,stop,-1.20226,0.003955
EURUSD,2023-08-25,Bmirror,1,-1,-1,725,stop,-1.20226,0.003955
EURUSD,2023-08-29,A,1,-1,1,797,target,0.69879,0.003872
EURUSD,2023-08-29,A,-1,-1,1,1070,stop,-1.04144,0.003872
EURUSD,2023-08-29,B,-1,-1,1,510,stop,-1.20662,0.003872
EURUSD,2023-08-29,Bmirror,1,-1,1,510,stop,-1.20662,0.003872
EURUSD,2023-08-30,A,-1,-1,1,822,stop,-1.03900,0.004115
EURUSD,2023-08-30,B,-1,-1,1,621,stop,-1.19440,0.004115
EURUSD,2023-08-30,Bmirror,1,-1,1,621,stop,-1.19440,0.004115
EURUSD,2023-08-31,A,1,-1,1,492,stop,-1.03837,0.004157
EURUSD,2023-09-01,A,1,-1,-1,947,stop,-1.03988,0.004000
EURUSD,2023-09-01,A,-1,-1,-1,811,target,0.69989,0.004000
EURUSD,2023-09-01,B,1,-1,-1,731,stop,-1.19998,0.004000
EURUSD,2023-09-01,Bmirror,-1,-1,-1,731,stop,-1.19998,0.004000
EURUSD,2023-09-04,A,-1,-1,-1,508,target,0.70090,0.004104
EURUSD,2023-09-05,A,1,-1,1,455,stop,-1.03859,0.004133
EURUSD,2023-09-06,B,1,-1,-1,557,stop,-1.18522,0.004319
EURUSD,2023-09-06,Bmirror,-1,-1,-1,557,stop,-1.18522,0.004319
EURUSD,2023-09-07,A,1,-1,-1,813,target,0.70160,0.004153
EURUSD,2023-09-08,A,-1,-1,-1,900,target,0.70149,0.004168
EURUSD,2023-09-08,B,1,-1,-1,766,close,0.57077,0.004168
EURUSD,2023-09-08,Bmirror,-1,-1,-1,766,stop,-1.19195,0.004168
EURUSD,2023-09-11,A,-1,-1,1,903,close,-0.39263,0.003954
EURUSD,2023-09-12,A,1,-1,1,529,target,0.70094,0.004083
EURUSD,2023-09-12,B,1,-1,1,138,stop,-1.19591,0.004083
EURUSD,2023-09-12,Bmirror,-1,-1,1,138,stop,-1.19591,0.004083
EURUSD,2023-09-13,A,1,-1,1,810,target,0.70006,0.003994
EURUSD,2023-09-13,B,-1,-1,1,816,stop,-1.20028,0.003994
EURUSD,2023-09-13,Bmirror,1,-1,1,816,stop,-1.20028,0.003994
EURUSD,2023-09-14,A,1,-1,-1,797,stop,-1.04040,0.003949
EURUSD,2023-09-14,B,1,-1,-1,537,stop,-1.20259,0.003949
EURUSD,2023-09-14,Bmirror,-1,-1,-1,537,stop,-1.20259,0.003949
EURUSD,2023-09-15,A,-1,-1,-1,900,target,0.70276,0.004310
EURUSD,2023-09-18,A,-1,-1,1,1007,target,0.70290,0.004326
EURUSD,2023-09-19,B,1,-1,1,846,stop,-1.18357,0.004358
EURUSD,2023-09-19,Bmirror,-1,-1,1,846,stop,-1.18357,0.004358
EURUSD,2023-09-20,A,-1,-1,-1,894,target,0.70317,0.004358
EURUSD,2023-09-20,B,1,-1,-1,1144,stop,-1.18358,0.004358
EURUSD,2023-09-20,Bmirror,-1,-1,-1,1144,stop,-1.18358,0.004358
EURUSD,2023-09-21,A,1,-1,-1,211,target,0.70347,0.004365
EURUSD,2023-09-21,B,-1,-1,-1,515,stop,-1.18326,0.004365
EURUSD,2023-09-21,Bmirror,1,-1,-1,515,stop,-1.18326,0.004365
EURUSD,2023-09-22,A,1,-1,1,495,target,0.70355,0.004375
EURUSD,2023-09-22,B,-1,-1,1,487,stop,-1.18285,0.004375
EURUSD,2023-09-22,Bmirror,1,-1,1,487,stop,-1.18285,0.004375
EURUSD,2023-09-25,A,1,-1,1,847,stop,-1.03640,0.004381
EURUSD,2023-09-26,B,-1,-1,-1,560,stop,-1.17980,0.004449
EURUSD,2023-09-26,Bmirror,1,-1,-1,560,stop,-1.17980,0.004449
EURUSD,2023-09-27,A,1,-1,-1,743,stop,-1.03646,0.004374
EURUSD,2023-09-28,A,-1,-1,-1,647,target,0.70442,0.004511
EURUSD,2023-09-29,A,-1,-1,1,500,target,0.70562,0.004670
EURUSD,2023-09-29,B,1,-1,1,1092,close,1.69335,0.004670
EURUSD,2023-09-29,Bmirror,-1,-1,1,1092,stop,-1.17131,0.004670
EURUSD,2023-10-02,A,1,-1,-1,870,stop,-1.03405,0.004683
EURUSD,2023-10-02,B,1,-1,-1,603,stop,-1.17082,0.004683
EURUSD,2023-10-02,Bmirror,-1,-1,-1,603,target,12.22918,0.004683
EURUSD,2023-10-03,B,-1,-1,-1,912,stop,-1.16421,0.004872
EURUSD,2023-10-03,Bmirror,1,-1,-1,912,stop,-1.16421,0.004872
EURUSD,2023-10-04,A,-1,-1,-1,617,stop,-1.03472,0.004624
EURUSD,2023-10-05,A,-1,-1,1,1141,close,-0.37852,0.004634
EURUSD,2023-10-05,B,1,-1,1,471,stop,-1.17264,0.004634
EURUSD,2023-10-05,Bmirror,-1,-1,1,471,stop,-1.17264,0.004634
EURUSD,2023-10-06,A,1,-1,1,812,stop,-1.03524,0.004525
EURUSD,2023-10-06,A,-1,-1,1,987,close,-0.18536,0.004525
EURUSD,2023-10-06,B,1,-1,1,810,stop,-1.17679,0.004525
EURUSD,2023-10-06,Bmirror,-1,-1,1,810,stop,-1.17679,0.004525
EURUSD,2023-10-09,A,1,-1,-1,525,target,0.70449,0.004491
EURUSD,2023-10-09,B,-1,-1,-1,1121,stop,-1.17814,0.004491
EURUSD,2023-10-09,Bmirror,1,-1,-1,1121,close,1.63565,0.004491
EURUSD,2023-10-10,A,-1,-1,1,586,target,0.70404,0.004465
EURUSD,2023-10-11,B,1,-1,1,535,stop,-1.18367,0.004356
EURUSD,2023-10-11,Bmirror,-1,-1,1,535,stop,-1.18367,0.004356
EURUSD,2023-10-12,A,1,-1,1,812,stop,-1.03647,0.004373
EURUSD,2023-10-12,B,1,-1,1,642,stop,-1.18296,0.004373
EURUSD,2023-10-12,Bmirror,-1,-1,1,642,stop,-1.18296,0.004373
EURUSD,2023-10-13,B,1,-1,-1,486,stop,-1.16991,0.004708
EURUSD,2023-10-13,Bmirror,-1,-1,-1,486,stop,-1.16991,0.004708
EURUSD,2023-10-16,A,-1,-1,1,1211,close,-0.07660,0.004719
EURUSD,2023-10-17,A,-1,-1,1,1015,target,0.70588,0.004706
EURUSD,2023-10-17,B,-1,-1,1,660,stop,-1.17001,0.004706
EURUSD,2023-10-17,Bmirror,1,-1,1,660,stop,-1.17001,0.004706
EURUSD,2023-10-18,A,1,-1,1,934,close,-0.14424,0.004732
EURUSD,2023-10-18,B,1,-1,1,498,stop,-1.16906,0.004732
EURUSD,2023-10-18,Bmirror,-1,-1,1,498,stop,-1.16906,0.004732
EURUSD,2023-10-19,A,-1,-1,-1,833,stop,-1.03365,0.004772
EURUSD,2023-10-20,B,1,1,1,800,stop,-1.17723,0.004514
EURUSD,2023-10-20,Bmirror,-1,1,1,800,stop,-1.17723,0.004514
EURUSD,2023-10-23,A,-1,1,-1,920,stop,-1.03562,0.004506
EURUSD,2023-10-23,B,-1,1,-1,528,stop,-1.17753,0.004506
EURUSD,2023-10-23,Bmirror,1,1,-1,528,target,12.22247,0.004506
EURUSD,2023-10-24,A,1,1,1,680,stop,-1.03339,0.004775
EURUSD,2023-10-24,B,1,1,1,510,stop,-1.16753,0.004775
EURUSD,2023-10-24,Bmirror,-1,1,1,510,stop,-1.16753,0.004775
EURUSD,2023-10-25,B,-1,1,-1,973,close,5.00411,0.005028
EURUSD,2023-10-25,Bmirror,1,1,-1,973,stop,-1.15912,0.005028
EURUSD,2023-10-26,A,1,1,-1,810,target,0.70832,0.005031
EURUSD,2023-10-27,B,-1,1,-1,834,stop,-1.15914,0.005027
EURUSD,2023-10-27,Bmirror,1,1,-1,834,stop,-1.15914,0.005027
EURUSD,2023-10-30,A,-1,1,-1,777,close,-0.57544,0.005016
EURUSD,2023-10-31,A,1,1,1,947,close,0.03083,0.005012
EURUSD,2023-10-31,A,-1,1,1,597,target,0.70796,0.005012
EURUSD,2023-10-31,B,-1,1,1,452,stop,-1.15962,0.005012
EURUSD,2023-10-31,Bmirror,1,1,1,452,stop,-1.15962,0.005012
EURUSD,2023-11-01,A,1,1,-1,778,target,0.70844,0.005050
EURUSD,2023-11-02,A,-1,1,1,595,stop,-1.03335,0.004815
EURUSD,2023-11-03,A,-1,1,1,692,stop,-1.03436,0.004672
EURUSD,2023-11-06,B,1,1,1,910,stop,-1.15317,0.005223
EURUSD,2023-11-06,Bmirror,-1,1,1,910,stop,-1.15317,0.005223
EURUSD,2023-11-07,A,1,1,-1,666,target,0.70717,0.004857
EURUSD,2023-11-08,B,-1,1,-1,930,stop,-1.16386,0.004882
EURUSD,2023-11-08,Bmirror,1,1,-1,930,stop,-1.16386,0.004882
EURUSD,2023-11-09,A,1,1,1,1087,target,0.70695,0.004824
EURUSD,2023-11-09,B,-1,1,1,855,stop,-1.16582,0.004824
EURUSD,2023-11-09,Bmirror,1,1,1,855,stop,-1.16582,0.004824
EURUSD,2023-11-13,B,-1,1,1,952,stop,-1.16763,0.004772
EURUSD,2023-11-13,Bmirror,1,1,1,952,close,1.57681,0.004772
EURUSD,2023-11-14,A,-1,1,1,810,stop,-1.03364,0.004772
EURUSD,2023-11-15,B,-1,1,1,810,stop,-1.13397,0.005972
EURUSD,2023-11-15,Bmirror,1,1,1,810,stop,-1.13397,0.005972
EURUSD,2023-11-16,B,-1,1,-1,516,stop,-1.13313,0.006009
EURUSD,2023-11-16,Bmirror,1,1,-1,516,stop,-1.13313,0.006009
EURUSD,2023-11-17,A,-1,1,-1,1123,close,-0.49810,0.005624
EURUSD,2023-11-17,B,-1,1,-1,547,stop,-1.14224,0.005624
EURUSD,2023-11-17,Bmirror,1,1,-1,547,close,9.60540,0.005624
EURUSD,2023-11-20,A,-1,1,-1,1027,close,0.33444,0.005679
EURUSD,2023-11-22,A,1,1,-1,900,close,0.54052,0.005746
EURUSD,2023-11-22,B,-1,1,-1,806,close,4.41954,0.005746
EURUSD,2023-11-22,Bmirror,1,1,-1,806,stop,-1.13922,0.005746
EURUSD,2023-11-23,B,1,1,-1,863,close,2.85329,0.005707
EURUSD,2023-11-23,Bmirror,-1,1,-1,863,stop,-1.14018,0.005707
EURUSD,2023-11-28,A,-1,1,1,1014,target,0.71080,0.005501
EURUSD,2023-11-28,B,-1,1,1,734,stop,-1.14542,0.005501
EURUSD,2023-11-28,Bmirror,1,1,1,734,stop,-1.14542,0.005501
EURUSD,2023-11-29,A,1,1,1,923,target,0.70946,0.005219
EURUSD,2023-11-30,A,1,1,-1,518,stop,-1.03051,0.005224
EURUSD,2023-12-01,A,1,1,-1,888,target,0.71148,0.005586
EURUSD,2023-12-01,B,-1,1,-1,1106,close,1.28664,0.005586
EURUSD,2023-12-01,Bmirror,1,1,-1,1106,stop,-1.14321,0.005586
EURUSD,2023-12-04,A,1,1,1,847,stop,-1.02849,0.005592
EURUSD,2023-12-05,A,1,1,-1,979,close,0.17432,0.005648
EURUSD,2023-12-05,B,-1,1,-1,540,close,6.24574,0.005648
EURUSD,2023-12-05,Bmirror,1,1,-1,540,stop,-1.14163,0.005648
EURUSD,2023-12-07,A,-1,1,-1,1063,close,0.59487,0.005722
EURUSD,2023-12-08,A,1,-1,1,810,target,0.71211,0.005712
EURUSD,2023-12-11,B,-1,-1,1,1142,close,0.02460,0.005239
EURUSD,2023-12-11,Bmirror,1,-1,1,1142,close,-0.33001,0.005239
EURUSD,2023-12-12,A,-1,-1,0,634,target,0.70929,0.005230
EURUSD,2023-12-13,A,-1,-1,1,1142,stop,-1.03064,0.005242
EURUSD,2023-12-13,B,-1,-1,1,810,stop,-1.15261,0.005242
EURUSD,2023-12-13,Bmirror,1,-1,1,810,stop,-1.15261,0.005242
EURUSD,2023-12-14,A,-1,-1,1,681,stop,-1.02917,0.005508
EURUSD,2023-12-14,B,1,-1,1,474,target,12.25475,0.005508
EURUSD,2023-12-14,Bmirror,-1,-1,1,474,stop,-1.14525,0.005508
EURUSD,2023-12-15,A,1,1,1,510,stop,-1.02742,0.005810
EURUSD,2023-12-19,A,-1,-1,1,887,close,-0.22816,0.006257
EURUSD,2023-12-20,A,1,1,1,716,target,0.70920,0.005174
EURUSD,2023-12-21,A,-1,-1,-1,750,close,-0.96396,0.005211
EURUSD,2023-12-22,B,1,1,1,812,stop,-1.14942,0.005354
EURUSD,2023-12-22,Bmirror,-1,1,1,812,stop,-1.14942,0.005354
EURUSD,2023-12-27,A,-1,1,1,882,stop,-1.03100,0.005181
EURUSD,2023-12-28,A,1,1,1,1082,close,-0.10850,0.005291
EURUSD,2023-12-28,B,1,1,1,822,stop,-1.15119,0.005291
EURUSD,2023-12-28,Bmirror,-1,1,1,822,close,7.64071,0.005291
EURUSD,2023-12-29,B,-1,1,-1,694,stop,-1.15015,0.005328
EURUSD,2023-12-29,Bmirror,1,1,-1,694,stop,-1.15015,0.005328
EURUSD,2024-01-02,A,1,1,-1,674,stop,-1.02988,0.005333
EURUSD,2024-01-03,A,1,1,-1,1145,target,0.71211,0.005712
EURUSD,2024-01-03,B,1,1,-1,556,stop,-1.14005,0.005712
EURUSD,2024-01-03,Bmirror,-1,1,-1,556,close,3.02792,0.005712
EURUSD,2024-01-04,A,-1,1,-1,601,target,0.71184,0.005705
EURUSD,2024-01-05,A,1,1,1,810,target,0.71174,0.005639
EURUSD,2024-01-05,A,-1,1,1,906,target,0.71151,0.005639
EURUSD,2024-01-05,B,-1,1,1,867,stop,-1.14188,0.005639
EURUSD,2024-01-05,Bmirror,1,1,1,867,stop,-1.14188,0.005639
EURUSD,2024-01-11,A,1,1,1,914,target,0.70989,0.005292
EURUSD,2024-01-12,A,1,1,1,766,target,0.70927,0.005186
EURUSD,2024-01-12,B,-1,1,1,515,close,5.42909,0.005186
EURUSD,2024-01-12,Bmirror,1,1,1,515,stop,-1.15426,0.005186
EURUSD,2024-01-15,B,1,-1,-1,578,stop,-1.15414,0.005190
EURUSD,2024-01-15,Bmirror,-1,-1,-1,578,stop,-1.15414,0.005190
EURUSD,2024-01-16,A,1,1,-1,513,stop,-1.03102,0.005138
EURUSD,2024-01-17,B,-1,-1,-1,487,close,-0.69836,0.005358
EURUSD,2024-01-17,Bmirror,1,-1,-1,487,stop,-1.14932,0.005358
EURUSD,2024-01-22,B,1,-1,-1,489,stop,-1.18044,0.004434
EURUSD,2024-01-22,Bmirror,-1,-1,-1,489,stop,-1.18044,0.004434
EURUSD,2024-01-23,A,1,-1,-1,911,stop,-1.04049,0.003940
EURUSD,2024-01-23,A,-1,-1,-1,408,target,0.69927,0.003940
EURUSD,2024-01-23,B,1,-1,-1,646,stop,-1.20306,0.003940
EURUSD,2024-01-23,Bmirror,-1,-1,-1,646,target,12.19694,0.003940
EURUSD,2024-01-24,A,-1,-1,-1,557,stop,-1.04052,0.003961
EURUSD,2024-01-25,A,1,-1,1,906,stop,-1.04042,0.003947
EURUSD,2024-01-25,B,1,-1,1,810,stop,-1.20268,0.003947
EURUSD,2024-01-25,Bmirror,-1,-1,1,810,stop,-1.20268,0.003947
EURUSD,2024-01-26,A,1,-1,-1,454,target,0.69810,0.003808
EURUSD,2024-01-26,A,-1,-1,-1,684,target,0.69786,0.003808
EURUSD,2024-01-26,B,-1,-1,-1,546,stop,-1.21010,0.003808
EURUSD,2024-01-26,Bmirror,1,-1,-1,546,stop,-1.21010,0.003808
EURUSD,2024-01-29,A,1,-1,-1,634,target,0.69419,0.003484
EURUSD,2024-01-30,B,-1,-1,-1,633,stop,-1.23053,0.003470
EURUSD,2024-01-30,Bmirror,1,-1,-1,633,stop,-1.23053,0.003470
EURUSD,2024-01-31,A,1,-1,1,418,target,0.69412,0.003479
EURUSD,2024-01-31,A,-1,-1,1,874,target,0.69389,0.003479
EURUSD,2024-01-31,B,-1,-1,1,795,stop,-1.22997,0.003479
EURUSD,2024-01-31,Bmirror,1,-1,1,795,stop,-1.22997,0.003479
EURUSD,2024-02-01,A,-1,-1,-1,929,stop,-1.04600,0.003487
EURUSD,2024-02-01,B,1,-1,-1,307,stop,-1.22941,0.003487
EURUSD,2024-02-01,Bmirror,-1,-1,-1,307,stop,-1.22941,0.003487
EURUSD,2024-02-02,A,1,-1,1,810,stop,-1.04502,0.003545
EURUSD,2024-02-02,B,1,-1,1,515,stop,-1.22567,0.003545
EURUSD,2024-02-02,Bmirror,-1,-1,1,515,stop,-1.22567,0.003545
EURUSD,2024-02-05,A,1,-1,-1,639,stop,-1.04150,0.003844
EURUSD,2024-02-06,B,1,-1,-1,552,stop,-1.20553,0.003892
EURUSD,2024-02-06,Bmirror,-1,-1,-1,552,stop,-1.20553,0.003892
EURUSD,2024-02-07,B,1,-1,1,956,close,4.21912,0.003468
EURUSD,2024-02-07,Bmirror,-1,-1,1,956,stop,-1.23068,0.003468
EURUSD,2024-02-08,A,1,-1,1,822,target,0.69441,0.003500
EURUSD,2024-02-08,B,-1,-1,1,1047,stop,-1.22854,0.003500
EURUSD,2024-02-08,Bmirror,1,-1,1,1047,close,0.54032,0.003500
EURUSD,2024-02-09,B,-1,-1,1,811,stop,-1.23106,0.003462
EURUSD,2024-02-09,Bmirror,1,-1,1,811,close,1.83234,0.003462
EURUSD,2024-02-12,A,1,-1,1,593,target,0.69431,0.003493
EURUSD,2024-02-13,A,1,-1,-1,810,stop,-1.04548,0.003509
EURUSD,2024-02-13,B,-1,-1,-1,605,stop,-1.22797,0.003509
EURUSD,2024-02-13,Bmirror,1,-1,-1,605,stop,-1.22797,0.003509
EURUSD,2024-02-15,A,-1,-1,1,810,stop,-1.04433,0.003619
EURUSD,2024-02-16,A,1,-1,1,810,target,0.69744,0.003749
EURUSD,2024-02-16,B,-1,-1,1,673,stop,-1.21337,0.003749
EURUSD,2024-02-16,Bmirror,1,-1,1,673,stop,-1.21337,0.003749
EURUSD,2024-02-20,A,-1,-1,-1,636,stop,-1.04304,0.003727
EURUSD,2024-02-21,B,-1,-1,1,791,stop,-1.22343,0.003580
EURUSD,2024-02-21,Bmirror,1,-1,1,791,stop,-1.22343,0.003580
EURUSD,2024-02-22,A,-1,-1,1,438,stop,-1.04475,0.003585
EURUSD,2024-02-22,B,1,-1,1,843,stop,-1.22317,0.003585
EURUSD,2024-02-22,Bmirror,-1,-1,1,843,stop,-1.22317,0.003585
EURUSD,2024-02-26,A,-1,-1,-1,630,close,-0.24629,0.003562
EURUSD,2024-02-27,B,1,1,1,600,stop,-1.22095,0.003621
EURUSD,2024-02-27,Bmirror,-1,1,1,600,stop,-1.22095,0.003621
EURUSD,2024-02-28,A,1,1,-1,526,target,0.69570,0.003602
EURUSD,2024-02-28,B,-1,1,-1,1018,stop,-1.22211,0.003602
EURUSD,2024-02-28,Bmirror,1,1,-1,1018,stop,-1.22211,0.003602
EURUSD,2024-02-29,A,1,1,-1,982,close,-0.31547,0.003563
EURUSD,2024-02-29,B,1,1,-1,656,stop,-1.22455,0.003563
EURUSD,2024-02-29,Bmirror,-1,1,-1,656,stop,-1.22455,0.003563
EURUSD,2024-03-01,A,-1,1,-1,921,close,-0.33781,0.003550
EURUSD,2024-03-01,B,1,1,-1,613,stop,-1.22535,0.003550
EURUSD,2024-03-01,Bmirror,-1,1,-1,613,stop,-1.22535,0.003550
EURUSD,2024-03-04,B,1,1,1,507,stop,-1.22141,0.003613
EURUSD,2024-03-04,Bmirror,-1,1,1,507,stop,-1.22141,0.003613
EURUSD,2024-03-05,B,1,1,1,1106,stop,-1.22116,0.003617
EURUSD,2024-03-05,Bmirror,-1,1,1,1106,stop,-1.22116,0.003617
EURUSD,2024-03-06,A,-1,1,1,839,stop,-1.04441,0.003613
EURUSD,2024-03-07,A,1,1,1,834,target,0.69591,0.003619
EURUSD,2024-03-07,A,-1,1,1,948,stop,-1.04433,0.003619
EURUSD,2024-03-07,B,-1,1,1,867,stop,-1.22103,0.003619
EURUSD,2024-03-07,Bmirror,1,1,1,867,stop,-1.22103,0.003619
EURUSD,2024-03-08,A,1,1,1,810,target,0.69408,0.003475
EURUSD,2024-03-08,A,-1,1,1,823,target,0.69384,0.003475
EURUSD,2024-03-08,B,-1,1,1,810,stop,-1.23021,0.003475
EURUSD,2024-03-08,Bmirror,1,1,1,810,stop,-1.23021,0.003475
EURUSD,2024-03-11,A,1,1,1,838,close,0.35949,0.002883
EURUSD,2024-03-12,A,1,1,-1,750,target,0.68185,0.002746
EURUSD,2024-03-12,B,-1,1,-1,752,stop,-1.29135,0.002746
EURUSD,2024-03-12,Bmirror,1,1,-1,752,stop,-1.29135,0.002746
EURUSD,2024-03-13,A,-1,1,-1,1016,close,-0.11165,0.002746
EURUSD,2024-03-14,A,1,1,1,750,target,0.68228,0.002766
EURUSD,2024-03-15,B,1,1,-1,948,close,1.30311,0.003194
EURUSD,2024-03-15,Bmirror,-1,1,-1,948,stop,-1.25048,0.003194
EURUSD,2024-03-18,B,1,1,-1,935,stop,-1.25070,0.003191
EURUSD,2024-03-18,Bmirror,-1,1,-1,935,close,2.85890,0.003191
EURUSD,2024-03-19,A,1,1,-1,496,target,0.68920,0.003142
EURUSD,2024-03-20,A,1,1,-1,552,target,0.68300,0.002801
EURUSD,2024-03-20,A,-1,1,-1,1080,target,0.68276,0.002801
EURUSD,2024-03-20,B,-1,1,-1,1030,stop,-1.28559,0.002801
EURUSD,2024-03-20,Bmirror,1,1,-1,1030,target,12.11441,0.002801
EURUSD,2024-03-21,A,1,1,1,495,stop,-1.05072,0.003147
EURUSD,2024-03-22,A,1,1,-1,245,stop,-1.04561,0.003499
EURUSD,2024-03-25,A,-1,1,-1,793,close,-0.03393,0.003700
EURUSD,2024-03-25,B,1,1,-1,522,close,7.13657,0.003700
EURUSD,2024-03-25,Bmirror,-1,1,-1,522,stop,-1.21623,0.003700
EURUSD,2024-03-26,B,1,-1,1,905,stop,-1.21375,0.003743
EURUSD,2024-03-26,Bmirror,-1,-1,1,905,stop,-1.21375,0.003743
EURUSD,2024-03-28,A,1,-1,-1,553,target,0.69682,0.003695
EURUSD,2024-03-28,B,-1,-1,-1,780,stop,-1.21648,0.003695
EURUSD,2024-03-28,Bmirror,1,-1,-1,780,stop,-1.21648,0.003695
EURUSD,2024-03-29,B,-1,-1,-1,684,stop,-1.21505,0.003720
EURUSD,2024-03-29,Bmirror,1,-1,-1,684,stop,-1.21505,0.003720
EURUSD,2024-04-01,A,1,-1,-1,902,stop,-1.04288,0.003721
EURUSD,2024-04-02,A,-1,-1,-1,902,close,-0.02270,0.003775
EURUSD,2024-04-02,B,-1,-1,-1,533,stop,-1.21193,0.003775
EURUSD,2024-04-02,Bmirror,1,-1,-1,533,stop,-1.21193,0.003775
EURUSD,2024-04-03,A,-1,-1,1,900,stop,-1.04187,0.003832
EURUSD,2024-04-04,A,-1,-1,1,857,target,0.70108,0.004123
EURUSD,2024-04-05,A,1,-1,-1,813,target,0.70073,0.004062
EURUSD,2024-04-05,B,-1,-1,-1,1003,stop,-1.19697,0.004062
EURUSD,2024-04-05,Bmirror,1,-1,-1,1003,stop,-1.19697,0.004062
EURUSD,2024-04-08,A,-1,-1,-1,1166,close,0.00916,0.004002
EURUSD,2024-04-09,B,1,-1,1,940,stop,-1.19735,0.004054
EURUSD,2024-04-09,Bmirror,-1,-1,1,940,close,0.66577,0.004054
EURUSD,2024-04-10,A,1,-1,-1,810,stop,-1.03935,0.004054
EURUSD,2024-04-11,A,1,-1,-1,938,target,0.70547,0.004618
EURUSD,2024-04-11,B,-1,-1,-1,814,stop,-1.17324,0.004618
EURUSD,2024-04-11,Bmirror,1,-1,-1,814,stop,-1.17324,0.004618
EURUSD,2024-04-12,A,1,-1,-1,459,stop,-1.03579,0.004456
EURUSD,2024-04-16,B,-1,-1,-1,607,stop,-1.16733,0.004781
EURUSD,2024-04-16,Bmirror,1,-1,-1,607,stop,-1.16733,0.004781
EURUSD,2024-04-17,A,-1,-1,-1,1112,close,-0.64197,0.004779
EURUSD,2024-04-19,B,-1,-1,-1,271,stop,-1.16811,0.004759
EURUSD,2024-04-19,Bmirror,1,-1,-1,271,stop,-1.16811,0.004759
EURUSD,2024-04-22,B,-1,-1,1,1171,close,0.97042,0.004783
EURUSD,2024-04-22,Bmirror,1,-1,1,1171,stop,-1.16727,0.004783
EURUSD,2024-04-23,A,-1,-1,-1,510,target,0.70643,0.004783
EURUSD,2024-04-23,B,1,-1,-1,711,close,9.25273,0.004783
EURUSD,2024-04-23,Bmirror,-1,-1,-1,711,stop,-1.16727,0.004783
EURUSD,2024-04-25,A,-1,-1,-1,810,target,0.70514,0.004605
EURUSD,2024-04-25,B,1,-1,-1,812,stop,-1.17371,0.004605
EURUSD,2024-04-25,Bmirror,-1,-1,-1,812,stop,-1.17371,0.004605
EURUSD,2024-04-26,A,1,-1,1,930,close,-0.05900,0.004440
EURUSD,2024-04-26,B,1,-1,1,690,stop,-1.18019,0.004440
EURUSD,2024-04-26,Bmirror,-1,-1,1,690,stop,-1.18019,0.004440
EURUSD,2024-04-29,B,1,-1,1,586,stop,-1.18308,0.004370
EURUSD,2024-04-29,Bmirror,-1,-1,1,586,stop,-1.18308,0.004370
EURUSD,2024-04-30,A,1,-1,1,1024,close,-0.75883,0.004331
EURUSD,2024-04-30,B,-1,-1,1,602,stop,-1.18473,0.004331
EURUSD,2024-04-30,Bmirror,1,-1,1,602,stop,-1.18473,0.004331
EURUSD,2024-05-01,A,-1,-1,-1,1174,target,0.70385,0.004441
EURUSD,2024-05-01,B,-1,-1,-1,571,stop,-1.18015,0.004441
EURUSD,2024-05-01,Bmirror,1,-1,-1,571,target,12.21985,0.004441
EURUSD,2024-05-02,A,1,-1,1,902,target,0.70517,0.004578
EURUSD,2024-05-02,B,-1,-1,1,1064,stop,-1.17476,0.004578
EURUSD,2024-05-02,Bmirror,1,-1,1,1064,close,1.61910,0.004578
EURUSD,2024-05-03,A,-1,-1,1,810,stop,-1.03512,0.004572
EURUSD,2024-05-07,B,1,1,1,1018,stop,-1.17684,0.004524
EURUSD,2024-05-07,Bmirror,-1,1,1,1018,stop,-1.17684,0.004524
EURUSD,2024-05-09,A,-1,1,-1,1239,close,0.02156,0.004231
EURUSD,2024-05-09,B,-1,1,-1,813,stop,-1.18910,0.004231
EURUSD,2024-05-09,Bmirror,1,1,-1,813,close,6.91344,0.004231
EURUSD,2024-05-10,B,-1,1,1,883,stop,-1.18566,0.004309
EURUSD,2024-05-10,Bmirror,1,1,1,883,stop,-1.18566,0.004309
EURUSD,2024-05-14,A,-1,1,1,951,close,0.14869,0.004270
EURUSD,2024-05-14,B,-1,1,1,812,stop,-1.18737,0.004270
EURUSD,2024-05-14,Bmirror,1,1,1,812,stop,-1.18737,0.004270
EURUSD,2024-05-15,A,-1,1,1,810,target,0.70279,0.004314
EURUSD,2024-05-16,A,1,1,1,851,target,0.69819,0.003816
EURUSD,2024-05-17,A,1,1,-1,713,target,0.69837,0.003832
EURUSD,2024-05-17,B,-1,1,-1,940,stop,-1.20876,0.003832
EURUSD,2024-05-17,Bmirror,1,1,-1,940,close,0.19942,0.003832
EURUSD,2024-05-20,B,1,1,1,496,stop,-1.24491,0.003266
EURUSD,2024-05-20,Bmirror,-1,1,1,496,stop,-1.24491,0.003266
EURUSD,2024-05-21,B,1,1,-1,808,stop,-1.24804,0.003225
EURUSD,2024-05-21,Bmirror,-1,1,-1,808,close,1.17959,0.003225
EURUSD,2024-05-22,A,1,1,-1,733,target,0.69035,0.003215
EURUSD,2024-05-23,A,-1,1,-1,777,target,0.68931,0.003164
EURUSD,2024-05-23,B,-1,1,-1,510,stop,-1.25284,0.003164
EURUSD,2024-05-23,Bmirror,1,1,-1,510,stop,-1.25284,0.003164
EURUSD,2024-05-24,A,-1,1,-1,682,stop,-1.05207,0.003080
EURUSD,2024-05-27,B,1,1,1,781,stop,-1.25583,0.003127
EURUSD,2024-05-27,Bmirror,-1,1,1,781,stop,-1.25583,0.003127
EURUSD,2024-05-28,A,-1,1,1,727,target,0.68857,0.003118
EURUSD,2024-05-28,B,1,1,1,903,stop,-1.25657,0.003118
EURUSD,2024-05-28,Bmirror,-1,1,1,903,stop,-1.25657,0.003118
EURUSD,2024-05-29,A,1,1,-1,547,target,0.68645,0.002981
EURUSD,2024-05-29,B,-1,1,-1,497,target,12.13167,0.002981
EURUSD,2024-05-29,Bmirror,1,1,-1,497,stop,-1.26833,0.002981
EURUSD,2024-05-30,A,-1,1,-1,817,stop,-1.04951,0.003239
EURUSD,2024-05-31,A,-1,1,1,810,stop,-1.04948,0.003242
EURUSD,2024-05-31,B,-1,1,1,572,stop,-1.24679,0.003242
EURUSD,2024-05-31,Bmirror,1,1,1,572,target,12.15321,0.003242
EURUSD,2024-06-03,A,-1,1,1,907,stop,-1.05125,0.003129
EURUSD,2024-06-03,B,-1,1,1,865,stop,-1.25564,0.003129
EURUSD,2024-06-03,Bmirror,1,1,1,865,target,12.14436,0.003129
EURUSD,2024-06-04,A,1,1,1,567,stop,-1.04834,0.003302
EURUSD,2024-06-05,B,-1,1,-1,825,stop,-1.25402,0.003149
EURUSD,2024-06-05,Bmirror,1,1,-1,825,stop,-1.25402,0.003149
EURUSD,2024-06-06,A,-1,1,-1,810,target,0.68691,0.003020
EURUSD,2024-06-06,B,1,1,-1,552,stop,-1.26487,0.003020
EURUSD,2024-06-06,Bmirror,-1,1,-1,552,stop,-1.26487,0.003020
EURUSD,2024-06-07,A,1,1,1,810,stop,-1.05269,0.003030
EURUSD,2024-06-10,A,1,-1,-1,313,target,0.69584,0.003613
EURUSD,2024-06-11,A,1,-1,-1,708,close,0.15307,0.003620
EURUSD,2024-06-12,A,-1,-1,-1,810,stop,-1.04409,0.003639
EURUSD,2024-06-13,A,1,-1,1,925,stop,-1.04059,0.003930
EURUSD,2024-06-13,B,-1,-1,1,810,stop,-1.20354,0.003930
EURUSD,2024-06-13,Bmirror,1,-1,1,810,stop,-1.20354,0.003930
EURUSD,2024-06-14,A,1,-1,-1,543,stop,-1.03837,0.004158
EURUSD,2024-06-17,B,-1,-1,1,505,stop,-1.18973,0.004217
EURUSD,2024-06-17,Bmirror,1,-1,1,505,stop,-1.18973,0.004217
EURUSD,2024-06-18,B,-1,-1,1,882,stop,-1.18788,0.004258
EURUSD,2024-06-18,Bmirror,1,-1,1,882,stop,-1.18788,0.004258
EURUSD,2024-06-20,A,1,-1,1,559,target,0.69899,0.003891
EURUSD,2024-06-21,B,1,-1,-1,488,stop,-1.20186,0.003963
EURUSD,2024-06-21,Bmirror,-1,-1,-1,488,stop,-1.20186,0.003963
EURUSD,2024-06-24,A,-1,-1,1,627,close,-0.43009,0.003961
EURUSD,2024-06-25,A,1,-1,1,897,target,0.70083,0.004072
EURUSD,2024-06-26,A,1,-1,-1,750,close,-0.03925,0.004087
EURUSD,2024-06-27,A,-1,-1,-1,817,close,0.38202,0.004086
EURUSD,2024-06-27,B,1,-1,-1,567,close,5.09768,0.004086
EURUSD,2024-06-27,Bmirror,-1,-1,-1,567,stop,-1.19580,0.004086
EURUSD,2024-06-28,B,-1,-1,1,640,stop,-1.19389,0.004126
EURUSD,2024-06-28,Bmirror,1,-1,1,640,stop,-1.19389,0.004126
EURUSD,2024-07-01,A,-1,-1,1,433,target,0.70084,0.004099
EURUSD,2024-07-01,B,1,-1,1,940,stop,-1.19519,0.004099
EURUSD,2024-07-01,Bmirror,-1,-1,1,940,stop,-1.19519,0.004099
EURUSD,2024-07-02,B,-1,-1,1,875,stop,-1.19561,0.004090
EURUSD,2024-07-02,Bmirror,1,-1,1,875,stop,-1.19561,0.004090
EURUSD,2024-07-03,A,-1,-1,1,857,stop,-1.03911,0.004103
EURUSD,2024-07-05,B,1,1,1,810,stop,-1.19943,0.004011
EURUSD,2024-07-05,Bmirror,-1,1,1,810,stop,-1.19943,0.004011
EURUSD,2024-07-08,B,1,1,-1,701,close,-0.33441,0.004050
EURUSD,2024-07-08,Bmirror,-1,1,-1,701,stop,-1.19754,0.004050
EURUSD,2024-07-11,A,-1,1,1,810,stop,-1.04169,0.003848
EURUSD,2024-07-12,A,-1,1,1,877,close,-0.47460,0.003896
EURUSD,2024-07-15,A,-1,1,-1,657,target,0.69355,0.003453
EURUSD,2024-07-16,B,-1,1,1,1174,stop,-1.23276,0.003437
EURUSD,2024-07-16,Bmirror,1,1,1,1174,close,0.88890,0.003437
EURUSD,2024-07-17,A,-1,1,1,580,stop,-1.04747,0.003379
EURUSD,2024-07-18,A,1,1,1,870,stop,-1.05064,0.003152
EURUSD,2024-07-22,A,1,1,1,825,target,0.68227,0.002766
EURUSD,2024-07-23,A,1,1,-1,548,target,0.68148,0.002729
EURUSD,2024-07-24,A,1,1,-1,536,target,0.68473,0.002889
EURUSD,2024-07-24,B,-1,1,-1,825,stop,-1.27695,0.002889
EURUSD,2024-07-24,Bmirror,1,1,-1,825,stop,-1.27695,0.002889
EURUSD,2024-07-25,A,-1,1,-1,973,target,0.68482,0.002906
EURUSD,2024-07-25,B,1,1,-1,810,stop,-1.27529,0.002906
EURUSD,2024-07-25,Bmirror,-1,1,-1,810,stop,-1.27529,0.002906
EURUSD,2024-07-26,B,1,1,1,535,stop,-1.29406,0.002721
EURUSD,2024-07-26,Bmirror,-1,1,1,535,stop,-1.29406,0.002721
EURUSD,2024-07-29,A,1,1,1,575,stop,-1.05907,0.002703
EURUSD,2024-07-29,B,1,1,1,457,stop,-1.29593,0.002703
EURUSD,2024-07-29,Bmirror,-1,1,1,457,stop,-1.29593,0.002703
EURUSD,2024-07-30,A,1,-1,-1,904,target,0.68129,0.002720
EURUSD,2024-07-30,B,1,-1,-1,792,stop,-1.29413,0.002720
EURUSD,2024-07-30,Bmirror,-1,-1,-1,792,close,2.15192,0.002720
EURUSD,2024-07-31,A,-1,-1,-1,733,target,0.68019,0.002680
EURUSD,2024-07-31,B,1,-1,-1,484,stop,-1.29847,0.002680
EURUSD,2024-07-31,Bmirror,-1,-1,-1,484,stop,-1.29847,0.002680
EURUSD,2024-08-01,A,1,-1,1,519,stop,-1.06217,0.002569
EURUSD,2024-08-01,B,1,-1,1,427,stop,-1.31143,0.002569
EURUSD,2024-08-01,Bmirror,-1,-1,1,427,target,12.08857,0.002569
EURUSD,2024-08-02,A,-1,-1,-1,548,stop,-1.06000,0.002672
EURUSD,2024-08-02,B,1,-1,-1,483,target,12.10061,0.002672
EURUSD,2024-08-02,Bmirror,-1,-1,-1,483,stop,-1.29939,0.002672
EURUSD,2024-08-05,A,-1,1,-1,326,target,0.69615,0.003658
EURUSD,2024-08-05,B,1,1,-1,424,stop,-1.21868,0.003658
EURUSD,2024-08-05,Bmirror,-1,1,-1,424,stop,-1.21868,0.003658
EURUSD,2024-08-06,A,1,1,1,520,close,0.29735,0.003763
EURUSD,2024-08-07,B,-1,1,-1,940,stop,-1.20935,0.003821
EURUSD,2024-08-07,Bmirror,1,1,-1,940,stop,-1.20935,0.003821
EURUSD,2024-08-08,A,1,1,-1,828,target,0.69744,0.003749
EURUSD,2024-08-08,B,1,1,-1,651,stop,-1.21341,0.003749
EURUSD,2024-08-08,Bmirror,-1,1,-1,651,stop,-1.21341,0.003749
EURUSD,2024-08-13,A,-1,1,1,893,stop,-1.04329,0.003706
EURUSD,2024-08-13,B,-1,1,1,810,stop,-1.21588,0.003706
EURUSD,2024-08-13,Bmirror,1,1,1,810,stop,-1.21588,0.003706
EURUSD,2024-08-14,A,-1,1,1,641,target,0.69883,0.003897
EURUSD,2024-08-15,A,1,1,1,810,stop,-1.04096,0.003895
EURUSD,2024-08-16,A,-1,1,-1,893,target,0.69959,0.003971
EURUSD,2024-08-19,A,-1,1,-1,925,stop,-1.03994,0.004018
EURUSD,2024-08-20,A,-1,1,1,1156,close,-0.47123,0.004178
EURUSD,2024-08-21,A,-1,1,1,1142,close,0.53653,0.004247
EURUSD,2024-08-21,B,-1,1,1,825,stop,-1.18839,0.004247
EURUSD,2024-08-21,Bmirror,1,1,1,825,stop,-1.18839,0.004247
EURUSD,2024-08-22,A,1,1,1,885,close,-0.46597,0.004218
EURUSD,2024-08-23,A,-1,1,-1,904,stop,-1.03807,0.004216
EURUSD,2024-08-23,B,1,1,-1,527,stop,-1.18977,0.004216
EURUSD,2024-08-23,Bmirror,-1,1,-1,527,stop,-1.18977,0.004216
EURUSD,2024-08-26,A,1,1,-1,844,target,0.70404,0.004435
EURUSD,2024-08-28,A,1,1,1,378,stop,-1.03654,0.004364
EURUSD,2024-08-29,A,1,1,-1,552,stop,-1.03482,0.004579
EURUSD,2024-09-03,A,1,1,1,1138,close,0.55670,0.004714
EURUSD,2024-09-03,B,-1,1,1,900,close,4.27766,0.004714
EURUSD,2024-09-03,Bmirror,1,1,1,900,stop,-1.16971,0.004714
EURUSD,2024-09-04,A,-1,1,-1,903,close,0.01776,0.004741
EURUSD,2024-09-05,B,1,1,1,903,stop,-1.16720,0.004785
EURUSD,2024-09-05,Bmirror,-1,1,1,903,stop,-1.16720,0.004785
EURUSD,2024-09-06,A,1,1,1,885,target,0.70604,0.004695
EURUSD,2024-09-06,A,-1,1,1,811,target,0.70580,0.004695
EURUSD,2024-09-09,A,1,1,1,555,close,-0.86559,0.004059
EURUSD,2024-09-11,A,-1,-1,-1,741,target,0.70073,0.004087
EURUSD,2024-09-11,B,1,-1,-1,810,stop,-1.19576,0.004087
EURUSD,2024-09-11,Bmirror,-1,-1,-1,810,stop,-1.19576,0.004087
EURUSD,2024-09-12,A,-1,-1,-1,947,stop,-1.03923,0.004091
EURUSD,2024-09-16,A,-1,-1,1,560,close,-0.49353,0.004240
EURUSD,2024-09-17,B,1,-1,1,810,stop,-1.18648,0.004290
EURUSD,2024-09-17,Bmirror,-1,-1,1,810,stop,-1.18648,0.004290
EURUSD,2024-09-18,A,-1,-1,-1,1140,stop,-1.03899,0.004116
EURUSD,2024-09-18,B,1,-1,-1,822,stop,-1.19437,0.004116
EURUSD,2024-09-18,Bmirror,-1,-1,-1,822,stop,-1.19437,0.004116
EURUSD,2024-09-19,A,1,-1,1,110,target,0.70116,0.004107
EURUSD,2024-09-19,A,-1,-1,1,568,stop,-1.03908,0.004107
EURUSD,2024-09-19,B,-1,-1,1,360,stop,-1.19481,0.004107
EURUSD,2024-09-19,Bmirror,1,-1,1,360,target,12.20519,0.004107
EURUSD,2024-09-20,B,1,-1,1,534,stop,-1.19762,0.004048
EURUSD,2024-09-20,Bmirror,-1,-1,1,534,stop,-1.19762,0.004048
EURUSD,2024-09-23,A,1,1,-1,495,stop,-1.04090,0.003901
EURUSD,2024-09-24,A,-1,1,-1,582,target,0.69860,0.003876
EURUSD,2024-09-25,A,1,1,1,986,stop,-1.03895,0.004096
EURUSD,2024-09-25,B,1,1,1,900,stop,-1.19532,0.004096
EURUSD,2024-09-25,Bmirror,-1,1,1,900,stop,-1.19532,0.004096
EURUSD,2024-09-26,A,-1,1,-1,945,close,-0.47352,0.004230
EURUSD,2024-09-26,B,1,1,-1,540,stop,-1.18912,0.004230
EURUSD,2024-09-26,Bmirror,-1,1,-1,540,stop,-1.18912,0.004230
EURUSD,2024-09-27,A,1,1,1,471,target,0.70232,0.004233
EURUSD,2024-09-27,B,-1,1,1,822,stop,-1.18899,0.004233
EURUSD,2024-09-27,Bmirror,1,1,1,822,stop,-1.18899,0.004233
EURUSD,2024-09-30,A,1,1,1,1010,target,0.69927,0.003917
EURUSD,2024-09-30,A,-1,1,1,597,target,0.69904,0.003917
EURUSD,2024-09-30,B,1,1,1,848,stop,-1.20423,0.003917
EURUSD,2024-09-30,Bmirror,-1,1,1,848,stop,-1.20423,0.003917
EURUSD,2024-10-01,A,1,1,-1,544,stop,-1.04069,0.003921
EURUSD,2024-10-02,A,1,-1,-1,961,target,0.70177,0.004172
EURUSD,2024-10-03,A,1,1,-1,942,target,0.70032,0.004020
EURUSD,2024-10-03,B,-1,1,-1,573,close,3.49402,0.004020
EURUSD,2024-10-03,Bmirror,1,1,-1,573,stop,-1.19899,0.004020
EURUSD,2024-10-04,A,1,1,-1,810,stop,-1.04060,0.003929
EURUSD,2024-10-08,B,1,-1,1,754,stop,-1.19821,0.004036
EURUSD,2024-10-08,Bmirror,-1,-1,1,754,stop,-1.19821,0.004036
EURUSD,2024-10-09,A,1,-1,1,858,close,-0.41751,0.004019
EURUSD,2024-10-10,A,1,-1,-1,810,target,0.70007,0.003995
EURUSD,2024-10-10,B,-1,-1,-1,811,stop,-1.20023,0.003995
EURUSD,2024-10-10,Bmirror,1,-1,-1,811,stop,-1.20023,0.003995
EURUSD,2024-10-11,B,1,-1,-1,703,stop,-1.20275,0.003946
EURUSD,2024-10-11,Bmirror,-1,-1,-1,703,stop,-1.20275,0.003946
EURUSD,2024-10-14,A,1,-1,-1,1194,close,0.59636,0.003930
EURUSD,2024-10-14,B,-1,-1,-1,895,close,4.01163,0.003930
EURUSD,2024-10-14,Bmirror,1,-1,-1,895,stop,-1.20358,0.003930
EURUSD,2024-10-15,B,-1,-1,-1,557,stop,-1.20890,0.003830
EURUSD,2024-10-15,Bmirror,1,-1,-1,557,stop,-1.20890,0.003830
EURUSD,2024-10-16,A,1,-1,-1,1154,close,0.09624,0.003832
EURUSD,2024-10-17,A,1,-1,-1,848,close,0.10712,0.003873
EURUSD,2024-10-18,A,-1,-1,-1,815,close,-0.49778,0.003648
EURUSD,2024-10-21,A,1,-1,1,931,stop,-1.04250,0.003754
EURUSD,2024-10-22,B,1,-1,-1,655,stop,-1.21402,0.003738
EURUSD,2024-10-22,Bmirror,-1,-1,-1,655,stop,-1.21402,0.003738
EURUSD,2024-10-23,A,1,-1,-1,765,target,0.69734,0.003740
EURUSD,2024-10-24,A,-1,-1,-1,1081,close,-0.83096,0.003730
EURUSD,2024-10-25,A,1,-1,1,1230,close,0.05050,0.003757
EURUSD,2024-10-28,A,-1,-1,-1,737,target,0.69736,0.003763
EURUSD,2024-10-29,A,1,-1,1,750,target,0.69729,0.003736
EURUSD,2024-10-30,A,-1,-1,1,540,target,0.69076,0.003257
EURUSD,2024-10-30,B,1,-1,1,735,stop,-1.24563,0.003257
EURUSD,2024-10-30,Bmirror,-1,-1,1,735,stop,-1.24563,0.003257
EURUSD,2024-10-31,A,-1,-1,1,761,target,0.69116,0.003284
EURUSD,2024-10-31,B,-1,-1,1,457,stop,-1.24359,0.003284
EURUSD,2024-10-31,Bmirror,1,-1,1,457,stop,-1.24359,0.003284
EURUSD,2024-11-01,A,1,-1,1,495,target,0.68973,0.003175
EURUSD,2024-11-01,B,-1,-1,1,750,stop,-1.25194,0.003175
EURUSD,2024-11-01,Bmirror,1,-1,1,750,stop,-1.25194,0.003175
EURUSD,2024-11-04,A,-1,-1,1,192,target,0.69332,0.003436
EURUSD,2024-11-05,A,-1,-1,1,688,stop,-1.04692,0.003419
EURUSD,2024-11-06,A,1,1,1,12,stop,-1.04664,0.003422
EURUSD,2024-11-07,A,-1,-1,-1,775,stop,-1.02980,0.005390
EURUSD,2024-11-08,A,1,-1,1,816,stop,-1.02838,0.005614
EURUSD,2024-11-08,B,-1,-1,1,690,target,12.25749,0.005614
EURUSD,2024-11-08,Bmirror,1,-1,1,690,stop,-1.14251,0.005614
EURUSD,2024-11-11,A,1,-1,-1,582,stop,-1.02793,0.005705
EURUSD,2024-11-12,A,1,-1,-1,510,close,0.17273,0.005760
EURUSD,2024-11-13,A,1,-1,-1,906,target,0.71256,0.005805
EURUSD,2024-11-13,B,-1,-1,-1,564,stop,-1.13782,0.005805
EURUSD,2024-11-13,Bmirror,1,-1,-1,564,stop,-1.13782,0.005805
EURUSD,2024-11-14,A,1,-1,-1,574,target,0.71271,0.005837
EURUSD,2024-11-14,B,-1,-1,-1,878,stop,-1.13706,0.005837
EURUSD,2024-11-14,Bmirror,1,-1,-1,878,stop,-1.13706,0.005837
EURUSD,2024-11-15,A,-1,-1,-1,550,target,0.71257,0.005858
EURUSD,2024-11-15,B,1,-1,-1,877,stop,-1.13657,0.005858
EURUSD,2024-11-15,Bmirror,-1,-1,-1,877,stop,-1.13657,0.005858
EURUSD,2024-11-18,A,-1,-1,-1,1016,close,-0.55453,0.005873
EURUSD,2024-11-18,B,1,-1,-1,672,close,9.89959,0.005873
EURUSD,2024-11-18,Bmirror,-1,-1,-1,672,stop,-1.13622,0.005873
EURUSD,2024-11-19,A,1,-1,1,559,target,0.71375,0.006068
EURUSD,2024-11-19,B,-1,-1,1,821,stop,-1.13184,0.006068
EURUSD,2024-11-19,Bmirror,1,-1,1,821,stop,-1.13184,0.006068
EURUSD,2024-11-20,A,1,-1,1,549,stop,-1.02618,0.006085
EURUSD,2024-11-21,A,1,-1,-1,976,stop,-1.02580,0.006173
EURUSD,2024-11-22,A,1,-1,-1,549,stop,-1.02516,0.006329
EURUSD,2024-11-22,B,1,-1,-1,495,stop,-1.12641,0.006329
EURUSD,2024-11-22,Bmirror,-1,-1,-1,495,stop,-1.12641,0.006329
EURUSD,2024-11-25,A,-1,-1,1,836,target,0.71523,0.006490
EURUSD,2024-11-25,B,-1,-1,1,542,stop,-1.12326,0.006490
EURUSD,2024-11-25,Bmirror,1,-1,1,542,stop,-1.12326,0.006490
EURUSD,2024-11-26,A,-1,-1,-1,534,stop,-1.02492,0.006451
EURUSD,2024-11-27,A,-1,-1,1,810,stop,-1.02443,0.006581
EURUSD,2024-11-29,B,1,-1,-1,577,stop,-1.11905,0.006720
EURUSD,2024-11-29,Bmirror,-1,-1,-1,577,stop,-1.11905,0.006720
EURUSD,2024-12-02,A,1,-1,-1,868,close,0.18664,0.006752
EURUSD,2024-12-03,B,1,-1,-1,919,stop,-1.11835,0.006760
EURUSD,2024-12-03,Bmirror,-1,-1,-1,919,stop,-1.11835,0.006760
EURUSD,2024-12-04,B,-1,-1,1,698,stop,-1.11821,0.006768
EURUSD,2024-12-04,Bmirror,1,-1,1,698,stop,-1.11821,0.006768
EURUSD,2024-12-05,A,-1,-1,1,812,close,-0.67950,0.006691
EURUSD,2024-12-06,B,1,-1,1,847,stop,-1.11594,0.006900
EURUSD,2024-12-06,Bmirror,-1,-1,1,847,stop,-1.11594,0.006900
EURUSD,2024-12-09,B,-1,1,-1,476,stop,-1.11817,0.006770
EURUSD,2024-12-09,Bmirror,1,1,-1,476,stop,-1.11817,0.006770
EURUSD,2024-12-10,A,1,1,-1,926,target,0.71647,0.006765
EURUSD,2024-12-11,B,-1,-1,-1,810,close,4.97778,0.006592
EURUSD,2024-12-11,Bmirror,1,-1,-1,810,stop,-1.12136,0.006592
EURUSD,2024-12-12,A,1,-1,-1,943,target,0.70916,0.005169
EURUSD,2024-12-12,B,1,-1,-1,510,stop,-1.15478,0.005169
EURUSD,2024-12-12,Bmirror,-1,-1,-1,510,stop,-1.15478,0.005169
EURUSD,2024-12-13,A,-1,-1,-1,760,target,0.70756,0.004950
EURUSD,2024-12-13,B,-1,-1,-1,584,stop,-1.16162,0.004950
EURUSD,2024-12-13,Bmirror,1,-1,-1,584,close,5.39345,0.004950
EURUSD,2024-12-16,B,-1,1,1,943,stop,-1.16627,0.004812
EURUSD,2024-12-16,Bmirror,1,1,1,943,stop,-1.16627,0.004812
EURUSD,2024-12-17,A,1,1,1,627,target,0.70624,0.004723
EURUSD,2024-12-18,A,1,1,-1,1140,stop,-1.03429,0.004649
EURUSD,2024-12-18,B,1,1,-1,474,stop,-1.17206,0.004649
EURUSD,2024-12-18,Bmirror,-1,1,-1,474,stop,-1.17206,0.004649
EURUSD,2024-12-19,A,-1,-1,-1,422,stop,-1.02925,0.005492
EURUSD,2024-12-20,A,-1,-1,1,810,stop,-1.02936,0.005472
EURUSD,2024-12-20,B,-1,-1,1,390,stop,-1.14621,0.005472
EURUSD,2024-12-20,Bmirror,1,-1,1,390,target,12.25379,0.005472
EURUSD,2024-12-23,A,1,-1,1,656,target,0.71195,0.005680
EURUSD,2024-12-27,B,1,-1,1,901,stop,-1.15474,0.005170
EURUSD,2024-12-27,Bmirror,-1,-1,1,901,stop,-1.15474,0.005170
EURUSD,2024-12-30,A,1,-1,1,838,close,0.54423,0.004863
EURUSD,2024-12-30,B,-1,-1,1,591,stop,-1.16450,0.004863
EURUSD,2024-12-30,Bmirror,1,-1,1,591,stop,-1.16450,0.004863
EURUSD,2024-12-31,A,1,-1,-1,934,close,-0.64206,0.004830
EURUSD,2024-12-31,B,1,-1,-1,605,stop,-1.16563,0.004830
EURUSD,2024-12-31,Bmirror,-1,-1,-1,605,stop,-1.16563,0.004830
EURUSD,2025-01-02,A,1,-1,-1,649,target,0.70477,0.004526
EURUSD,2025-01-02,B,1,-1,-1,500,stop,-1.17677,0.004526
EURUSD,2025-01-02,Bmirror,-1,-1,-1,500,stop,-1.17677,0.004526
EURUSD,2025-01-03,A,-1,-1,-1,905,target,0.70674,0.004828
EURUSD,2025-01-06,A,-1,-1,-1,510,stop,-1.03281,0.004894
EURUSD,2025-01-07,A,-1,-1,1,463,target,0.70899,0.005179
EURUSD,2025-01-07,B,1,-1,1,900,stop,-1.15446,0.005179
EURUSD,2025-01-07,Bmirror,-1,-1,1,900,stop,-1.15446,0.005179
EURUSD,2025-01-08,A,1,-1,-1,686,stop,-1.03044,0.005235
EURUSD,2025-01-09,B,-1,-1,-1,558,stop,-1.15221,0.005256
EURUSD,2025-01-09,Bmirror,1,-1,-1,558,stop,-1.15221,0.005256
EURUSD,2025-01-10,A,1,-1,-1,810,stop,-1.03228,0.004938
EURUSD,2025-01-13,A,1,-1,-1,564,stop,-1.03171,0.005027
EURUSD,2025-01-14,A,-1,-1,1,976,target,0.70836,0.005076
EURUSD,2025-01-14,B,-1,-1,1,426,stop,-1.15760,0.005076
EURUSD,2025-01-14,Bmirror,1,-1,1,426,stop,-1.15760,0.005076
EURUSD,2025-01-15,A,1,-1,1,993,target,0.70931,0.005194
EURUSD,2025-01-15,A,-1,-1,1,810,target,0.70908,0.005194
EURUSD,2025-01-15,B,1,-1,1,948,stop,-1.15402,0.005194
EURUSD,2025-01-15,Bmirror,-1,-1,1,948,close,2.74150,0.005194
EURUSD,2025-01-16,B,-1,-1,-1,908,stop,-1.15446,0.005179
EURUSD,2025-01-16,Bmirror,1,-1,-1,908,stop,-1.15446,0.005179
EURUSD,2025-01-17,B,-1,-1,1,543,stop,-1.15514,0.005157
EURUSD,2025-01-17,Bmirror,1,-1,1,543,stop,-1.15514,0.005157
EURUSD,2025-01-20,A,-1,-1,1,633,stop,-1.03133,0.005126
EURUSD,2025-01-21,A,1,-1,1,52,target,0.71377,0.006072
EURUSD,2025-01-21,B,-1,-1,1,1002,stop,-1.13176,0.006072
EURUSD,2025-01-21,Bmirror,1,-1,1,1002,stop,-1.13176,0.006072
EURUSD,2025-01-22,A,-1,-1,-1,608,target,0.71349,0.006063
EURUSD,2025-01-23,B,-1,1,1,976,stop,-1.15530,0.005151
EURUSD,2025-01-23,Bmirror,1,1,1,976,stop,-1.15530,0.005151
EURUSD,2025-01-24,A,-1,1,1,379,stop,-1.03121,0.005146
EURUSD,2025-01-27,A,-1,1,-1,652,target,0.70959,0.005282
EURUSD,2025-01-28,B,-1,1,-1,872,close,1.02717,0.005284
EURUSD,2025-01-28,Bmirror,1,1,-1,872,stop,-1.15140,0.005284
EURUSD,2025-01-29,A,1,1,-1,797,target,0.70985,0.005286
EURUSD,2025-01-29,B,-1,1,-1,1036,close,1.19118,0.005286
EURUSD,2025-01-29,Bmirror,1,1,-1,1036,stop,-1.15134,0.005286
EURUSD,2025-01-30,A,-1,1,-1,840,target,0.70962,0.005287
EURUSD,2025-01-30,B,-1,1,-1,829,stop,-1.15133,0.005287
EURUSD,2025-01-30,Bmirror,1,1,-1,829,stop,-1.15133,0.005287
EURUSD,2025-01-31,B,-1,1,-1,958,stop,-1.15099,0.005298
EURUSD,2025-01-31,Bmirror,1,1,-1,958,stop,-1.15099,0.005298
EURUSD,2025-02-03,A,-1,-1,-1,923,stop,-1.02728,0.005891
EURUSD,2025-02-03,B,-1,-1,-1,86,stop,-1.13579,0.005891
EURUSD,2025-02-03,Bmirror,1,-1,-1,86,stop,-1.13579,0.005891
EURUSD,2025-02-04,A,1,1,1,307,target,0.71424,0.006183
EURUSD,2025-02-04,A,-1,1,1,900,close,-0.12454,0.006183
EURUSD,2025-02-04,B,-1,1,1,502,stop,-1.12940,0.006183
EURUSD,2025-02-04,Bmirror,1,1,1,502,stop,-1.12940,0.006183
EURUSD,2025-02-05,A,-1,1,1,629,close,0.47652,0.006156
EURUSD,2025-02-07,A,1,1,-1,954,stop,-1.02708,0.005883
EURUSD,2025-02-10,B,1,1,-1,733,close,-0.55502,0.005985
EURUSD,2025-02-10,Bmirror,-1,1,-1,733,stop,-1.13366,0.005985
EURUSD,2025-02-11,A,-1,1,-1,966,stop,-1.02810,0.005717
EURUSD,2025-02-12,A,1,1,1,813,target,0.71264,0.005823
EURUSD,2025-02-12,A,-1,1,1,1033,target,0.71241,0.005823
EURUSD,2025-02-12,B,-1,1,1,924,stop,-1.13738,0.005823
EURUSD,2025-02-12,Bmirror,1,1,1,924,stop,-1.13738,0.005823
EURUSD,2025-02-13,A,-1,-1,1,311,target,0.71237,0.005816
EURUSD,2025-02-13,B,1,-1,1,711,stop,-1.13755,0.005816
EURUSD,2025-02-13,Bmirror,-1,-1,1,711,stop,-1.13755,0.005816
EURUSD,2025-02-14,A,-1,1,1,882,close,0.48063,0.005976
EURUSD,2025-02-14,B,1,1,1,726,close,4.72853,0.005976
EURUSD,2025-02-14,Bmirror,-1,1,1,726,stop,-1.13386,0.005976
EURUSD,2025-02-18,A,1,-1,-1,1075,close,0.18037,0.005847
EURUSD,2025-02-19,A,1,-1,-1,1024,target,0.71285,0.005867
EURUSD,2025-02-20,A,-1,-1,-1,929,stop,-1.02724,0.005899
EURUSD,2025-02-21,A,1,1,1,930,close,0.22861,0.006124
EURUSD,2025-02-24,A,-1,1,1,125,target,0.71390,0.006157
EURUSD,2025-02-24,B,1,1,1,499,stop,-1.12993,0.006157
EURUSD,2025-02-24,Bmirror,-1,1,1,499,stop,-1.12993,0.006157
EURUSD,2025-02-25,A,-1,1,-1,810,close,-0.44895,0.005356
EURUSD,2025-02-26,A,1,1,1,774,target,0.71094,0.005484
EURUSD,2025-02-26,B,-1,1,1,1049,stop,-1.14588,0.005484
EURUSD,2025-02-26,Bmirror,1,1,1,1049,stop,-1.14588,0.005484
EURUSD,2025-02-27,A,1,1,-1,828,stop,-1.02876,0.005540
EURUSD,2025-02-27,B,-1,1,-1,810,target,12.25560,0.005540
EURUSD,2025-02-27,Bmirror,1,1,-1,810,stop,-1.14440,0.005540
EURUSD,2025-02-28,B,1,1,-1,957,stop,-1.13494,0.005928
EURUSD,2025-02-28,Bmirror,-1,1,-1,957,stop,-1.13494,0.005928
EURUSD,2025-03-03,A,-1,1,1,703,stop,-1.02820,0.005697
EURUSD,2025-03-03,B,-1,1,1,548,stop,-1.14042,0.005697
EURUSD,2025-03-03,Bmirror,1,1,1,548,target,12.25958,0.005697
EURUSD,2025-03-04,A,-1,1,1,711,target,0.71271,0.005888
EURUSD,2025-03-05,A,-1,1,1,477,stop,-1.02446,0.006573
EURUSD,2025-03-06,B,1,1,1,1070,stop,-1.10750,0.007442
EURUSD,2025-03-06,Bmirror,-1,1,1,1070,stop,-1.10750,0.007442
EURUSD,2025-03-07,A,-1,1,-1,508,stop,-1.02174,0.007400
EURUSD,2025-03-10,A,1,1,1,534,target,0.71633,0.006725
EURUSD,2025-03-10,B,-1,1,1,608,stop,-1.11895,0.006725
EURUSD,2025-03-10,Bmirror,1,1,1,608,stop,-1.11895,0.006725
EURUSD,2025-03-11,A,-1,1,-1,463,stop,-1.02425,0.006630
EURUSD,2025-03-12,B,-1,1,1,900,stop,-1.11915,0.006714
EURUSD,2025-03-12,Bmirror,1,1,1,900,stop,-1.11915,0.006714
EURUSD,2025-03-13,A,1,1,-1,767,target,0.71653,0.006782
EURUSD,2025-03-14,A,-1,1,-1,652,target,0.71644,0.006824
EURUSD,2025-03-18,B,1,1,1,713,stop,-1.12194,0.006561
EURUSD,2025-03-18,Bmirror,-1,1,1,713,stop,-1.12194,0.006561
EURUSD,2025-03-19,A,1,1,1,457,target,0.71546,0.006488
EURUSD,2025-03-20,A,1,1,-1,553,stop,-1.02429,0.006555
EURUSD,2025-03-21,A,1,1,-1,953,target,0.71600,0.006633
EURUSD,2025-03-21,B,-1,1,-1,720,stop,-1.12061,0.006633
EURUSD,2025-03-21,Bmirror,1,1,-1,720,stop,-1.12061,0.006633
EURUSD,2025-03-24,A,1,1,1,1002,target,0.71624,0.006701
EURUSD,2025-03-25,B,1,1,-1,862,stop,-1.11832,0.006761
EURUSD,2025-03-25,Bmirror,-1,1,-1,862,stop,-1.11832,0.006761
EURUSD,2025-03-27,A,-1,1,-1,667,close,-0.09588,0.006766
EURUSD,2025-03-28,B,-1,1,1,788,stop,-1.11988,0.006674
EURUSD,2025-03-28,Bmirror,1,1,1,788,stop,-1.11988,0.006674
EURUSD,2025-03-31,B,1,1,-1,524,stop,-1.12107,0.006607
EURUSD,2025-03-31,Bmirror,-1,1,-1,524,stop,-1.12107,0.006607
EURUSD,2025-04-02,A,-1,-1,-1,950,stop,-1.02459,0.006538
EURUSD,2025-04-03,A,-1,-1,1,30,stop,-1.02473,0.006500
EURUSD,2025-04-04,A,1,1,1,537,target,0.71865,0.007454
EURUSD,2025-04-04,B,1,1,1,445,stop,-1.10733,0.007454
EURUSD,2025-04-04,Bmirror,-1,1,1,445,stop,-1.10733,0.007454
EURUSD,2025-04-07,A,1,1,1,954,target,0.71966,0.007823
EURUSD,2025-04-07,A,-1,1,1,492,target,0.71943,0.007823
EURUSD,2025-04-07,B,-1,1,1,337,stop,-1.10227,0.007823
EURUSD,2025-04-07,Bmirror,1,1,1,337,stop,-1.10227,0.007823
EURUSD,2025-04-08,A,-1,1,-1,430,target,0.71966,0.007914
EURUSD,2025-04-08,B,1,1,-1,612,stop,-1.10109,0.007914
EURUSD,2025-04-08,Bmirror,-1,1,-1,612,stop,-1.10109,0.007914
EURUSD,2025-04-09,A,-1,1,1,135,stop,-1.02155,0.007466
EURUSD,2025-04-09,B,1,1,1,1104,stop,-1.10716,0.007466
EURUSD,2025-04-09,Bmirror,-1,1,1,1104,stop,-1.10716,0.007466
EURUSD,2025-04-10,A,-1,1,-1,520,stop,-1.02440,0.006591
EURUSD,2025-04-11,A,-1,1,1,92,stop,-1.01876,0.008585
EURUSD,2025-04-14,A,-1,1,-1,159,target,0.72188,0.008888
EURUSD,2025-04-14,B,1,1,-1,841,stop,-1.09001,0.008888
EURUSD,2025-04-14,Bmirror,-1,1,-1,841,stop,-1.09001,0.008888
EURUSD,2025-04-15,A,1,1,1,1036,close,0.03142,0.008853
EURUSD,2025-04-15,B,-1,1,1,324,stop,-1.09036,0.008853
EURUSD,2025-04-15,Bmirror,1,1,1,324,stop,-1.09036,0.008853
EURUSD,2025-04-16,A,-1,1,-1,417,close,-0.58796,0.008888
EURUSD,2025-04-21,A,-1,1,1,208,stop,-1.01785,0.009022
EURUSD,2025-04-22,A,1,1,1,1040,close,-0.49100,0.009124
EURUSD,2025-04-22,B,-1,1,1,241,stop,-1.08768,0.009124
EURUSD,2025-04-22,Bmirror,1,1,1,241,stop,-1.08768,0.009124
EURUSD,2025-04-23,A,-1,1,-1,602,target,0.72390,0.010009
EURUSD,2025-04-23,B,1,1,-1,899,stop,-1.07993,0.010009
EURUSD,2025-04-23,Bmirror,-1,1,-1,899,stop,-1.07993,0.010009
EURUSD,2025-04-25,B,-1,1,1,1030,close,1.99799,0.009885
EURUSD,2025-04-25,Bmirror,1,1,1,1030,stop,-1.08093,0.009885
EURUSD,2025-04-29,B,-1,1,1,837,close,2.45419,0.009849
EURUSD,2025-04-29,Bmirror,1,1,1,837,stop,-1.08123,0.009849
EURUSD,2025-05-02,A,-1,1,-1,890,target,0.72375,0.009921
EURUSD,2025-05-02,B,1,1,-1,1183,close,0.37448,0.009921
EURUSD,2025-05-02,Bmirror,-1,1,-1,1183,stop,-1.08064,0.009921
EURUSD,2025-05-05,B,1,1,1,1028,close,0.70494,0.009906
EURUSD,2025-05-05,Bmirror,-1,1,1,1028,stop,-1.08076,0.009906
EURUSD,2025-05-08,A,1,-1,-1,1107,close,0.17208,0.009931
EURUSD,2025-05-12,A,1,-1,-1,500,stop,-1.01824,0.008716
EURUSD,2025-05-13,A,-1,-1,-1,981,close,-0.34784,0.009054
EURUSD,2025-05-14,B,1,-1,1,1060,stop,-1.08669,0.009228
EURUSD,2025-05-14,Bmirror,-1,-1,1,1060,close,2.26492,0.009228
EURUSD,2025-05-15,B,1,-1,-1,754,stop,-1.08663,0.009235
EURUSD,2025-05-15,Bmirror,-1,-1,-1,754,stop,-1.08663,0.009235
EURUSD,2025-05-16,A,1,-1,1,1040,target,0.71818,0.007293
EURUSD,2025-05-19,A,-1,-1,1,554,stop,-1.02356,0.006825
EURUSD,2025-05-20,B,1,-1,1,791,stop,-1.11621,0.006884
EURUSD,2025-05-20,Bmirror,-1,-1,1,791,stop,-1.11621,0.006884
EURUSD,2025-05-21,A,-1,-1,1,293,close,0.16402,0.006858
EURUSD,2025-05-22,A,1,-1,1,1100,close,0.50573,0.006549
EURUSD,2025-05-22,B,1,-1,1,490,stop,-1.12215,0.006549
EURUSD,2025-05-22,Bmirror,-1,-1,1,490,stop,-1.12215,0.006549
EURUSD,2025-05-23,A,-1,-1,-1,533,target,0.71545,0.006549
EURUSD,2025-05-26,B,1,1,1,764,close,1.65548,0.006686
EURUSD,2025-05-26,Bmirror,-1,1,1,764,stop,-1.11965,0.006686
EURUSD,2025-05-27,A,1,1,1,972,close,-0.23893,0.006426
EURUSD,2025-05-28,A,1,1,-1,977,close,-0.03605,0.005342
EURUSD,2025-05-28,B,-1,1,-1,617,close,7.28128,0.005342
EURUSD,2025-05-28,Bmirror,1,1,-1,617,stop,-1.14977,0.005342
EURUSD,2025-05-29,A,1,-1,-1,37,stop,-1.02942,0.005417
EURUSD,2025-05-29,A,-1,-1,-1,835,stop,-1.02965,0.005417
EURUSD,2025-05-29,B,-1,-1,-1,797,stop,-1.14768,0.005417
EURUSD,2025-05-29,Bmirror,1,-1,-1,797,target,12.25232,0.005417
EURUSD,2025-05-30,A,1,1,1,599,target,0.71128,0.005548
EURUSD,2025-06-02,A,-1,1,1,461,stop,-1.02898,0.005545
EURUSD,2025-06-02,B,1,1,1,276,target,12.25571,0.005545
EURUSD,2025-06-02,Bmirror,-1,1,1,276,stop,-1.14429,0.005545
EURUSD,2025-06-03,A,1,1,1,690,stop,-1.02797,0.005696
EURUSD,2025-06-04,A,-1,1,-1,907,close,0.14458,0.005861
EURUSD,2025-06-05,A,-1,1,1,860,target,0.71214,0.005767
EURUSD,2025-06-05,B,1,1,1,830,close,3.56595,0.005767
EURUSD,2025-06-05,Bmirror,-1,1,1,830,stop,-1.13871,0.005767
EURUSD,2025-06-06,A,1,1,1,793,target,0.71230,0.005752
EURUSD,2025-06-09,B,1,1,1,754,stop,-1.13609,0.005879
EURUSD,2025-06-09,Bmirror,-1,1,1,754,stop,-1.13609,0.005879
EURUSD,2025-06-10,A,1,1,1,493,target,0.71292,0.005883
EURUSD,2025-06-10,B,-1,1,1,687,stop,-1.13597,0.005883
EURUSD,2025-06-10,Bmirror,1,1,1,687,stop,-1.13597,0.005883
EURUSD,2025-06-11,A,-1,1,1,815,target,0.71258,0.005861
EURUSD,2025-06-12,A,-1,1,1,613,stop,-1.02693,0.005967
EURUSD,2025-06-12,B,1,1,1,523,target,12.26592,0.005967
EURUSD,2025-06-12,Bmirror,-1,1,1,523,stop,-1.13408,0.005967
EURUSD,2025-06-13,A,1,1,1,140,stop,-1.02684,0.005935
EURUSD,2025-06-16,A,-1,1,-1,846,target,0.71318,0.005991
EURUSD,2025-06-17,A,1,1,1,938,target,0.70924,0.005182
EURUSD,2025-06-17,B,1,1,1,829,stop,-1.15438,0.005182
EURUSD,2025-06-17,Bmirror,-1,1,1,829,stop,-1.15438,0.005182
EURUSD,2025-06-18,A,-1,1,-1,484,target,0.70895,0.005172
EURUSD,2025-06-18,B,1,1,-1,1194,stop,-1.15468,0.005172
EURUSD,2025-06-18,Bmirror,-1,1,-1,1194,stop,-1.15468,0.005172
EURUSD,2025-06-19,B,-1,1,1,744,stop,-1.15539,0.005148
EURUSD,2025-06-19,Bmirror,1,1,1,744,stop,-1.15539,0.005148
EURUSD,2025-06-20,A,-1,1,1,1098,target,0.70882,0.005151
EURUSD,2025-06-20,B,1,1,1,945,close,3.93085,0.005151
EURUSD,2025-06-20,Bmirror,-1,1,1,945,stop,-1.15531,0.005151
EURUSD,2025-06-23,A,-1,1,-1,926,stop,-1.03108,0.005168
EURUSD,2025-06-23,B,1,1,-1,582,stop,-1.15479,0.005168
EURUSD,2025-06-23,Bmirror,-1,1,-1,582,stop,-1.15479,0.005168
EURUSD,2025-06-24,A,-1,1,1,926,target,0.71051,0.005448
EURUSD,2025-06-24,B,1,1,1,510,stop,-1.14684,0.005448
EURUSD,2025-06-24,Bmirror,-1,1,1,510,stop,-1.14684,0.005448
EURUSD,2025-06-25,A,-1,1,1,1172,close,-0.20171,0.005403
EURUSD,2025-06-25,B,1,1,1,472,stop,-1.14808,0.005403
EURUSD,2025-06-25,Bmirror,-1,1,1,472,stop,-1.14808,0.005403
EURUSD,2025-06-26,A,-1,1,1,245,target,0.71048,0.005441
EURUSD,2025-06-27,A,-1,1,1,810,target,0.71014,0.005380
EURUSD,2025-06-30,A,-1,1,1,1157,close,-0.42040,0.005225
EURUSD,2025-06-30,B,-1,1,1,921,stop,-1.15311,0.005225
EURUSD,2025-06-30,Bmirror,1,1,1,921,close,9.19518,0.005225
EURUSD,2025-07-01,B,1,1,1,902,stop,-1.15116,0.005292
EURUSD,2025-07-01,Bmirror,-1,1,1,902,stop,-1.15116,0.005292
EURUSD,2025-07-02,A,1,1,1,754,target,0.70880,0.005108
EURUSD,2025-07-03,A,1,1,-1,810,stop,-1.03207,0.004970
EURUSD,2025-07-07,A,1,1,1,548,stop,-1.03285,0.004853
EURUSD,2025-07-08,A,1,1,-1,874,target,0.70621,0.004719
EURUSD,2025-07-08,B,1,1,-1,680,stop,-1.16954,0.004719
EURUSD,2025-07-08,Bmirror,-1,1,-1,680,close,1.63631,0.004719
EURUSD,2025-07-09,A,1,1,-1,778,target,0.70401,0.004431
EURUSD,2025-07-10,A,1,1,-1,901,close,0.50988,0.004384
EURUSD,2025-07-10,B,1,1,-1,730,stop,-1.18246,0.004384
EURUSD,2025-07-10,Bmirror,-1,1,-1,730,close,4.48628,0.004384
EURUSD,2025-07-11,A,1,1,-1,97,target,0.70372,0.004396
EURUSD,2025-07-11,B,-1,1,-1,880,stop,-1.18200,0.004396
EURUSD,2025-07-11,Bmirror,1,1,-1,880,stop,-1.18200,0.004396
EURUSD,2025-07-14,B,1,1,-1,426,stop,-1.18679,0.004283
EURUSD,2025-07-14,Bmirror,-1,1,-1,426,stop,-1.18679,0.004283
EURUSD,2025-07-15,A,1,1,1,902,stop,-1.03725,0.004282
EURUSD,2025-07-15,B,1,1,1,787,stop,-1.18684,0.004282
EURUSD,2025-07-15,Bmirror,-1,1,1,787,stop,-1.18684,0.004282
EURUSD,2025-07-16,A,1,1,-1,889,target,0.70456,0.004499
EURUSD,2025-07-16,A,-1,1,-1,976,stop,-1.03568,0.004499
EURUSD,2025-07-16,B,1,1,-1,775,stop,-1.17782,0.004499
EURUSD,2025-07-16,Bmirror,-1,1,-1,775,stop,-1.17782,0.004499
EURUSD,2025-07-17,A,1,1,1,438,stop,-1.03719,0.004289
EURUSD,2025-07-18,A,-1,1,-1,789,target,0.69977,0.003989
EURUSD,2025-07-18,B,1,1,-1,377,stop,-1.20053,0.003989
EURUSD,2025-07-18,Bmirror,-1,1,-1,377,stop,-1.20053,0.003989
EURUSD,2025-07-21,A,-1,-1,1,735,stop,-1.04114,0.003901
EURUSD,2025-07-22,A,-1,-1,1,973,stop,-1.03913,0.004101
EURUSD,2025-07-23,A,1,1,1,845,target,0.69816,0.003813
EURUSD,2025-07-23,B,-1,1,1,494,stop,-1.20981,0.003813
EURUSD,2025-07-23,Bmirror,1,1,1,494,stop,-1.20981,0.003813
EURUSD,2025-07-24,A,1,-1,1,818,target,0.69829,0.003825
EURUSD,2025-07-24,B,-1,-1,1,871,stop,-1.20916,0.003825
EURUSD,2025-07-24,Bmirror,1,-1,1,871,stop,-1.20916,0.003825
EURUSD,2025-07-25,A,1,-1,-1,737,target,0.69876,0.003869
EURUSD,2025-07-25,B,-1,-1,-1,425,stop,-1.20679,0.003869
EURUSD,2025-07-25,Bmirror,1,-1,-1,425,stop,-1.20679,0.003869
EURUSD,2025-07-28,A,1,-1,1,441,stop,-1.04219,0.003781
EURUSD,2025-07-29,A,1,-1,-1,470,stop,-1.03465,0.004602
EURUSD,2025-07-30,A,1,-1,-1,807,stop,-1.03413,0.004672
EURUSD,2025-07-30,B,1,-1,-1,362,stop,-1.17125,0.004672
EURUSD,2025-07-30,Bmirror,-1,-1,-1,362,stop,-1.17125,0.004672
EURUSD,2025-07-31,B,1,-1,-1,694,stop,-1.15502,0.005161
EURUSD,2025-07-31,Bmirror,-1,-1,-1,694,stop,-1.15502,0.005161
EURUSD,2025-08-01,A,-1,-1,-1,811,stop,-1.03136,0.005121
EURUSD,2025-08-01,B,-1,-1,-1,732,stop,-1.15622,0.005121
EURUSD,2025-08-01,Bmirror,1,-1,-1,732,stop,-1.15622,0.005121
EURUSD,2025-08-04,B,-1,-1,-1,243,close,1.49397,0.006167
EURUSD,2025-08-04,Bmirror,1,-1,-1,243,stop,-1.12972,0.006167
EURUSD,2025-08-05,B,-1,-1,-1,976,close,0.49609,0.006047
EURUSD,2025-08-05,Bmirror,1,-1,-1,976,stop,-1.13230,0.006047
EURUSD,2025-08-06,A,-1,-1,-1,836,stop,-1.02666,0.006029
EURUSD,2025-08-07,B,1,-1,1,675,stop,-1.12675,0.006312
EURUSD,2025-08-07,Bmirror,-1,-1,1,675,stop,-1.12675,0.006312
EURUSD,2025-08-11,A,1,1,1,945,close,0.60283,0.006289
EURUSD,2025-08-11,B,1,1,1,533,stop,-1.12720,0.006289
EURUSD,2025-08-11,Bmirror,-1,1,1,533,stop,-1.12720,0.006289
EURUSD,2025-08-12,A,-1,-1,-1,885,target,0.71435,0.006267
EURUSD,2025-08-14,A,1,1,1,810,target,0.71527,0.006439
EURUSD,2025-08-15,A,-1,-1,-1,890,close,0.01433,0.006528
EURUSD,2025-08-18,A,1,-1,1,1076,close,0.09398,0.006594
EURUSD,2025-08-19,B,-1,-1,-1,466,stop,-1.12024,0.006654
EURUSD,2025-08-19,Bmirror,1,-1,-1,466,stop,-1.12024,0.006654
EURUSD,2025-08-22,A,-1,1,-1,902,stop,-1.02453,0.006555
EURUSD,2025-08-22,B,-1,1,-1,802,stop,-1.12205,0.006555
EURUSD,2025-08-22,Bmirror,1,1,-1,802,stop,-1.12205,0.006555
EURUSD,2025-08-25,A,1,1,-1,1070,stop,-1.02309,0.006895
EURUSD,2025-08-26,B,1,1,-1,440,stop,-1.11417,0.007007
EURUSD,2025-08-26,Bmirror,-1,1,-1,440,stop,-1.11417,0.007007
EURUSD,2025-08-27,A,1,1,1,571,target,0.71705,0.006936
EURUSD,2025-09-02,A,1,1,1,533,stop,-1.02588,0.006153
EURUSD,2025-09-03,B,-1,-1,-1,540,stop,-1.12754,0.006273
EURUSD,2025-09-03,Bmirror,1,-1,-1,540,close,3.16037,0.006273
EURUSD,2025-09-05,A,-1,-1,-1,788,stop,-1.02823,0.005692
EURUSD,2025-09-08,A,-1,1,-1,851,close,-0.57674,0.004813
EURUSD,2025-09-09,A,1,1,1,976,close,-0.32754,0.004914
EURUSD,2025-09-09,B,-1,1,1,900,close,8.71268,0.004914
EURUSD,2025-09-09,Bmirror,1,1,1,900,stop,-1.16280,0.004914
EURUSD,2025-09-10,B,-1,-1,-1,325,stop,-1.15897,0.005032
EURUSD,2025-09-10,Bmirror,1,-1,-1,325,stop,-1.15897,0.005032
EURUSD,2025-09-11,A,1,1,-1,810,target,0.70640,0.004745
EURUSD,2025-09-11,A,-1,1,-1,907,close,0.28294,0.004745
EURUSD,2025-09-11,B,-1,1,-1,810,stop,-1.16859,0.004745
EURUSD,2025-09-11,Bmirror,1,1,-1,810,stop,-1.16859,0.004745
EURUSD,2025-09-12,B,-1,1,1,1183,close,0.25974,0.004791
EURUSD,2025-09-12,Bmirror,1,1,1,1183,stop,-1.16698,0.004791
EURUSD,2025-09-15,A,-1,1,-1,797,close,0.27952,0.004750
EURUSD,2025-09-16,A,-1,1,1,610,stop,-1.03396,0.004728
EURUSD,2025-09-17,A,1,1,1,1194,target,0.70789,0.004965
EURUSD,2025-09-17,A,-1,1,1,1148,target,0.70766,0.004965
EURUSD,2025-09-17,B,-1,1,1,1140,stop,-1.16113,0.004965
EURUSD,2025-09-17,Bmirror,1,1,1,1140,stop,-1.16113,0.004965
EURUSD,2025-09-18,A,1,1,-1,874,close,0.33382,0.005041
EURUSD,2025-09-18,B,-1,1,-1,499,stop,-1.15871,0.005041
EURUSD,2025-09-18,Bmirror,1,1,-1,499,stop,-1.15871,0.005041
EURUSD,2025-09-19,A,1,1,-1,765,target,0.70772,0.004939
EURUSD,2025-09-22,A,-1,1,-1,685,close,-0.69601,0.004904
EURUSD,2025-09-23,B,-1,1,1,583,stop,-1.16163,0.004950
EURUSD,2025-09-23,Bmirror,1,1,1,583,stop,-1.16163,0.004950
EURUSD,2025-09-24,A,1,1,1,565,stop,-1.03237,0.004925
EURUSD,2025-09-25,A,1,1,-1,820,stop,-1.03102,0.005138
EURUSD,2025-09-29,A,-1,1,1,835,target,0.70716,0.004889
EURUSD,2025-09-30,B,1,1,1,847,stop,-1.17633,0.004537
EURUSD,2025-09-30,Bmirror,-1,1,1,847,stop,-1.17633,0.004537
EURUSD,2025-10-01,A,-1,1,1,463,target,0.70449,0.004521
EURUSD,2025-10-01,B,1,1,1,650,stop,-1.17697,0.004521
EURUSD,2025-10-01,Bmirror,-1,1,1,650,stop,-1.17697,0.004521
EURUSD,2025-10-02,A,1,-1,-1,975,target,0.70473,0.004521
EURUSD,2025-10-02,B,1,-1,-1,855,stop,-1.17696,0.004521
EURUSD,2025-10-02,Bmirror,-1,-1,-1,855,stop,-1.17696,0.004521
EURUSD,2025-10-03,A,-1,1,-1,906,target,0.70431,0.004498
EURUSD,2025-10-06,A,1,-1,-1,522,target,0.70494,0.004548
EURUSD,2025-10-06,B,-1,-1,-1,952,close,0.31203,0.004548
EURUSD,2025-10-06,Bmirror,1,-1,-1,952,stop,-1.17590,0.004548
EURUSD,2025-10-07,A,1,-1,-1,526,close,-0.49347,0.004529
EURUSD,2025-10-08,A,1,-1,-1,180,target,0.70373,0.004397
EURUSD,2025-10-09,A,1,-1,-1,882,stop,-1.03623,0.004402
EURUSD,2025-10-10,A,-1,-1,-1,966,stop,-1.03492,0.004597
EURUSD,2025-10-10,B,1,-1,-1,751,stop,-1.17402,0.004597
EURUSD,2025-10-10,Bmirror,-1,-1,-1,751,stop,-1.17402,0.004597
EURUSD,2025-10-13,A,1,-1,-1,810,close,0.20383,0.004542
EURUSD,2025-10-13,B,1,-1,-1,493,stop,-1.17615,0.004542
EURUSD,2025-10-13,Bmirror,-1,-1,-1,493,stop,-1.17615,0.004542
EURUSD,2025-10-14,A,-1,-1,-1,1018,close,-0.12500,0.004420
EURUSD,2025-10-14,B,1,-1,-1,455,stop,-1.18101,0.004420
EURUSD,2025-10-14,Bmirror,-1,-1,-1,455,stop,-1.18101,0.004420
EURUSD,2025-10-15,A,-1,-1,1,525,target,0.70356,0.004405
EURUSD,2025-10-16,A,-1,-1,1,1088,close,-0.12122,0.004497
EURUSD,2025-10-16,B,1,-1,1,504,close,7.64976,0.004497
EURUSD,2025-10-16,Bmirror,-1,-1,1,504,stop,-1.17789,0.004497
EURUSD,2025-10-17,B,1,-1,1,505,stop,-1.17604,0.004544
EURUSD,2025-10-17,Bmirror,-1,-1,1,505,stop,-1.17604,0.004544
EURUSD,2025-10-21,A,1,-1,-1,807,target,0.70504,0.004562
EURUSD,2025-10-22,B,-1,-1,-1,928,stop,-1.19560,0.004090
EURUSD,2025-10-22,Bmirror,1,-1,-1,928,close,1.84886,0.004090
EURUSD,2025-10-23,B,-1,-1,1,905,stop,-1.19813,0.004038
EURUSD,2025-10-23,Bmirror,1,-1,1,905,stop,-1.19813,0.004038
EURUSD,2025-10-24,B,-1,-1,1,510,stop,-1.19933,0.004013
EURUSD,2025-10-24,Bmirror,1,-1,1,510,stop,-1.19933,0.004013
EURUSD,2025-10-28,B,1,-1,1,475,stop,-1.21138,0.003785
EURUSD,2025-10-28,Bmirror,-1,-1,1,475,stop,-1.21138,0.003785
EURUSD,2025-10-29,A,1,-1,1,538,target,0.69771,0.003773
EURUSD,2025-10-29,B,-1,-1,1,944,stop,-1.21202,0.003773
EURUSD,2025-10-29,Bmirror,1,-1,1,944,stop,-1.21202,0.003773
EURUSD,2025-10-30,A,1,-1,-1,755,stop,-1.04332,0.003683
EURUSD,2025-10-30,A,-1,-1,-1,268,target,0.69644,0.003683
EURUSD,2025-10-30,B,1,-1,-1,703,stop,-1.21719,0.003683
EURUSD,2025-10-30,Bmirror,-1,-1,-1,703,target,12.18281,0.003683
EURUSD,2025-10-31,A,1,-1,-1,820,stop,-1.04645,0.003436
EURUSD,2025-10-31,B,-1,-1,-1,544,stop,-1.23285,0.003436
EURUSD,2025-10-31,Bmirror,1,-1,-1,544,stop,-1.23285,0.003436
EURUSD,2025-11-03,B,-1,-1,-1,965,stop,-1.23442,0.003413
EURUSD,2025-11-03,Bmirror,1,-1,-1,965,stop,-1.23442,0.003413
EURUSD,2025-11-04,A,1,-1,-1,713,close,-0.41642,0.003362
EURUSD,2025-11-04,B,-1,-1,-1,380,stop,-1.23795,0.003362
EURUSD,2025-11-04,Bmirror,1,-1,-1,380,stop,-1.23795,0.003362
EURUSD,2025-11-05,B,-1,-1,-1,875,stop,-1.23600,0.003390
EURUSD,2025-11-05,Bmirror,1,-1,-1,875,stop,-1.23600,0.003390
EURUSD,2025-11-06,A,-1,-1,1,735,stop,-1.04708,0.003407
EURUSD,2025-11-07,A,-1,-1,1,901,target,0.69554,0.003609
EURUSD,2025-11-07,B,-1,-1,1,631,stop,-1.22169,0.003609
EURUSD,2025-11-07,Bmirror,1,-1,1,631,close,4.00147,0.003609
EURUSD,2025-11-10,A,-1,-1,-1,497,target,0.69526,0.003586
EURUSD,2025-11-10,B,1,-1,-1,1009,close,3.06247,0.003586
EURUSD,2025-11-10,Bmirror,-1,-1,-1,1009,stop,-1.22310,0.003586
EURUSD,2025-11-11,A,-1,-1,1,802,close,0.20221,0.003606
EURUSD,2025-11-12,B,-1,-1,1,425,stop,-1.22535,0.003550
EURUSD,2025-11-12,Bmirror,1,-1,1,425,stop,-1.22535,0.003550
EURUSD,2025-11-13,A,-1,-1,1,533,target,0.69443,0.003521
EURUSD,2025-11-14,B,1,1,1,482,stop,-1.24049,0.003327
EURUSD,2025-11-14,Bmirror,-1,1,1,482,stop,-1.24049,0.003327
EURUSD,2025-11-17,A,1,-1,-1,878,target,0.68873,0.003114
EURUSD,2025-11-17,B,-1,-1,-1,463,close,5.90910,0.003114
EURUSD,2025-11-17,Bmirror,1,-1,-1,463,stop,-1.25692,0.003114
EURUSD,2025-11-18,B,1,-1,-1,537,stop,-1.26048,0.003071
EURUSD,2025-11-18,Bmirror,-1,-1,-1,537,stop,-1.26048,0.003071
EURUSD,2025-11-19,A,1,-1,-1,900,stop,-1.05334,0.002993
EURUSD,2025-11-19,B,1,-1,-1,475,stop,-1.26731,0.002993
EURUSD,2025-11-19,Bmirror,-1,-1,-1,475,stop,-1.26731,0.002993
EURUSD,2025-11-20,A,1,-1,-1,223,target,0.68601,0.002957
EURUSD,2025-11-20,B,-1,-1,-1,868,stop,-1.27054,0.002957
EURUSD,2025-11-20,Bmirror,1,-1,-1,868,stop,-1.27054,0.002957
EURUSD,2025-11-21,A,1,-1,-1,709,target,0.68229,0.002767
EURUSD,2025-11-21,B,1,-1,-1,550,stop,-1.28915,0.002767
EURUSD,2025-11-21,Bmirror,-1,-1,-1,550,stop,-1.28915,0.002767
EURUSD,2025-11-24,A,-1,-1,-1,500,stop,-1.06002,0.002671
EURUSD,2025-11-25,A,-1,-1,1,763,stop,-1.05961,0.002690
EURUSD,2025-11-26,A,-1,1,1,213,target,0.68139,0.002736
EURUSD,2025-11-26,B,1,1,1,815,stop,-1.29245,0.002736
EURUSD,2025-11-26,Bmirror,-1,1,1,815,stop,-1.29245,0.002736
EURUSD,2025-11-27,A,1,1,1,559,target,0.68353,0.002828
EURUSD,2025-11-28,A,1,1,-1,480,stop,-1.05652,0.002825
EURUSD,2025-11-28,B,-1,1,-1,956,stop,-1.28320,0.002825
EURUSD,2025-11-28,Bmirror,1,1,-1,956,stop,-1.28320,0.002825
EURUSD,2025-12-01,A,-1,1,1,605,stop,-1.05689,0.002818
EURUSD,2025-12-01,B,1,1,1,129,stop,-1.28388,0.002818
EURUSD,2025-12-01,Bmirror,-1,1,1,129,stop,-1.28388,0.002818
EURUSD,2025-12-02,B,1,1,1,910,stop,-1.28679,0.002789
EURUSD,2025-12-02,Bmirror,-1,1,1,910,stop,-1.28679,0.002789
EURUSD,2025-12-03,A,-1,1,1,437,target,0.68319,0.002822
EURUSD,2025-12-04,A,1,1,1,1237,close,0.05936,0.002707
EURUSD,2025-12-04,B,-1,1,1,480,stop,-1.29554,0.002707
EURUSD,2025-12-04,Bmirror,1,1,1,480,stop,-1.29554,0.002707
EURUSD,2025-12-05,A,-1,1,-1,432,target,0.67997,0.002670
EURUSD,2025-12-05,B,1,1,-1,692,stop,-1.29957,0.002670
EURUSD,2025-12-05,Bmirror,-1,1,-1,692,stop,-1.29957,0.002670
EURUSD,2025-12-08,A,1,1,-1,941,target,0.67732,0.002548
EURUSD,2025-12-08,A,-1,1,-1,360,target,0.67708,0.002548
EURUSD,2025-12-08,B,1,1,-1,892,stop,-1.31401,0.002548
EURUSD,2025-12-08,Bmirror,-1,1,-1,892,close,0.96731,0.002548
EURUSD,2025-12-09,A,1,1,1,906,target,0.67702,0.002536
EURUSD,2025-12-09,B,1,1,1,641,stop,-1.31551,0.002536
EURUSD,2025-12-09,Bmirror,-1,1,1,641,stop,-1.31551,0.002536
EURUSD,2025-12-10,A,-1,1,-1,476,target,0.67443,0.002445
EURUSD,2025-12-10,B,1,1,-1,653,target,12.07274,0.002445
EURUSD,2025-12-10,Bmirror,-1,1,-1,653,stop,-1.32726,0.002445
EURUSD,2025-12-11,A,-1,1,1,810,stop,-1.05745,0.002791
EURUSD,2025-12-11,B,-1,1,1,490,stop,-1.28664,0.002791
EURUSD,2025-12-11,Bmirror,1,1,1,490,stop,-1.28664,0.002791
EURUSD,2025-12-12,B,-1,1,1,891,stop,-1.29530,0.002709
EURUSD,2025-12-12,Bmirror,1,1,1,891,stop,-1.29530,0.002709
EURUSD,2025-12-15,A,-1,1,-1,895,target,0.67936,0.002644
EURUSD,2025-12-16,A,-1,1,1,778,stop,-1.06057,0.002647
EURUSD,2025-12-16,B,1,1,1,1091,stop,-1.30226,0.002647
EURUSD,2025-12-16,Bmirror,-1,1,1,1091,stop,-1.30226,0.002647
EURUSD,2025-12-17,A,1,1,-1,331,stop,-1.06117,0.002611
EURUSD,2025-12-17,B,-1,1,-1,912,stop,-1.30645,0.002611
EURUSD,2025-12-17,Bmirror,1,1,-1,912,stop,-1.30645,0.002611
EURUSD,2025-12-18,A,1,1,-1,565,target,0.67912,0.002623
EURUSD,2025-12-18,B,-1,1,-1,810,stop,-1.30501,0.002623
EURUSD,2025-12-18,Bmirror,1,1,-1,810,stop,-1.30501,0.002623
EURUSD,2025-12-19,A,1,1,-1,801,target,0.67773,0.002565
EURUSD,2025-12-19,B,-1,1,-1,842,stop,-1.31194,0.002565
EURUSD,2025-12-19,Bmirror,1,1,-1,842,stop,-1.31194,0.002565
EURUSD,2025-12-22,A,-1,1,1,522,stop,-1.06231,0.002573
EURUSD,2025-12-23,A,-1,1,1,543,target,0.68032,0.002686
EURUSD,2025-12-24,B,1,1,1,181,stop,-1.29518,0.002710
EURUSD,2025-12-24,Bmirror,-1,1,1,181,stop,-1.29518,0.002710
EURUSD,2025-12-26,A,1,1,1,1053,target,0.67777,0.002566
EURUSD,2025-12-26,B,-1,1,1,781,stop,-1.31175,0.002566
EURUSD,2025-12-26,Bmirror,1,1,1,781,stop,-1.31175,0.002566
EURUSD,2025-12-29,A,1,1,1,1045,target,0.67671,0.002523
EURUSD,2025-12-29,B,1,1,1,208,stop,-1.31705,0.002523
EURUSD,2025-12-29,Bmirror,-1,1,1,208,stop,-1.31705,0.002523
EURUSD,2025-12-30,A,1,1,-1,928,target,0.67682,0.002528
EURUSD,2025-12-31,A,1,1,-1,527,target,0.67627,0.002506
EURUSD,2025-12-31,B,-1,1,-1,698,stop,-1.31922,0.002506
EURUSD,2025-12-31,Bmirror,1,1,-1,698,stop,-1.31922,0.002506
EURUSD,2026-01-02,A,1,1,1,497,stop,-1.06594,0.002422
EURUSD,2026-01-02,B,1,1,1,357,stop,-1.33031,0.002422
EURUSD,2026-01-02,Bmirror,-1,1,1,357,target,12.06969,0.002422
EURUSD,2026-01-05,A,1,-1,-1,193,target,0.67729,0.002547
EURUSD,2026-01-05,A,-1,-1,-1,1178,close,0.32339,0.002547
EURUSD,2026-01-05,B,-1,-1,-1,960,stop,-1.31415,0.002547
EURUSD,2026-01-05,Bmirror,1,-1,-1,960,close,5.15415,0.002547
EURUSD,2026-01-06,A,1,-1,1,920,close,-0.31079,0.002549
EURUSD,2026-01-06,A,-1,-1,1,177,target,0.67711,0.002549
EURUSD,2026-01-06,B,1,-1,1,560,stop,-1.31387,0.002549
EURUSD,2026-01-06,Bmirror,-1,-1,1,560,stop,-1.31387,0.002549
EURUSD,2026-01-07,B,1,-1,-1,453,stop,-1.30868,0.002592
EURUSD,2026-01-07,Bmirror,-1,-1,-1,453,stop,-1.30868,0.002592
EURUSD,2026-01-08,A,1,-1,-1,982,close,0.17332,0.002495
EURUSD,2026-01-09,A,1,-1,-1,810,target,0.67561,0.002480
EURUSD,2026-01-09,B,-1,-1,-1,191,target,12.07747,0.002480
EURUSD,2026-01-09,Bmirror,1,-1,-1,191,stop,-1.32253,0.002480
EURUSD,2026-01-12,A,-1,-1,-1,19,stop,-1.06338,0.002529
EURUSD,2026-01-13,A,1,-1,1,936,close,-0.15628,0.002675
EURUSD,2026-01-13,B,-1,-1,1,490,stop,-1.29910,0.002675
EURUSD,2026-01-13,Bmirror,1,-1,1,490,stop,-1.29910,0.002675
EURUSD,2026-01-14,B,1,-1,-1,1097,stop,-1.29504,0.002712
EURUSD,2026-01-14,Bmirror,-1,-1,-1,1097,stop,-1.29504,0.002712
EURUSD,2026-01-15,A,1,-1,1,775,stop,-1.07028,0.002273
EURUSD,2026-01-16,A,1,-1,-1,940,target,0.66772,0.002210
EURUSD,2026-01-16,B,1,-1,-1,923,stop,-1.36198,0.002210
EURUSD,2026-01-16,Bmirror,-1,-1,-1,923,stop,-1.36198,0.002210
EURUSD,2026-01-19,A,1,-1,1,16,target,0.67027,0.002291
EURUSD,2026-01-19,A,-1,-1,1,989,close,-0.21237,0.002291
EURUSD,2026-01-19,B,-1,-1,1,28,stop,-1.34925,0.002291
EURUSD,2026-01-19,Bmirror,1,-1,1,28,stop,-1.34925,0.002291
EURUSD,2026-01-20,A,-1,-1,1,252,stop,-1.07010,0.002286
EURUSD,2026-01-21,A,1,-1,1,597,target,0.68501,0.002903
EURUSD,2026-01-21,B,-1,-1,1,752,stop,-1.27556,0.002903
EURUSD,2026-01-21,Bmirror,1,-1,1,752,stop,-1.27556,0.002903
EURUSD,2026-01-22,A,-1,-1,-1,691,stop,-1.05201,0.003083
EURUSD,2026-01-23,A,-1,1,1,1034,stop,-1.04629,0.003465
EURUSD,2026-01-23,B,-1,1,1,921,stop,-1.23086,0.003465
EURUSD,2026-01-23,Bmirror,1,1,1,921,stop,-1.23086,0.003465
EURUSD,2026-01-26,A,-1,1,1,955,target,0.69737,0.003764
EURUSD,2026-01-26,B,-1,1,1,571,stop,-1.21256,0.003764
EURUSD,2026-01-26,Bmirror,1,1,1,571,stop,-1.21256,0.003764
EURUSD,2026-01-27,A,-1,1,1,732,stop,-1.04407,0.003640
EURUSD,2026-01-27,B,1,1,1,265,stop,-1.21978,0.003640
EURUSD,2026-01-27,Bmirror,-1,1,1,265,stop,-1.21978,0.003640
EURUSD,2026-01-28,A,1,1,1,302,target,0.70502,0.004559
EURUSD,2026-01-28,B,-1,1,1,435,target,12.22451,0.004559
EURUSD,2026-01-28,Bmirror,1,1,1,435,stop,-1.17549,0.004559
EURUSD,2026-01-29,A,1,1,-1,658,target,0.70557,0.004631
EURUSD,2026-01-29,B,-1,1,-1,204,stop,-1.17274,0.004631
EURUSD,2026-01-29,Bmirror,1,1,-1,204,stop,-1.17274,0.004631
EURUSD,2026-01-30,A,1,1,-1,61,stop,-1.03431,0.004647
EURUSD,2026-02-02,A,1,1,-1,918,close,-0.36826,0.005201
EURUSD,2026-02-02,B,1,1,-1,348,stop,-1.15380,0.005201
EURUSD,2026-02-02,Bmirror,-1,1,-1,348,stop,-1.15380,0.005201
EURUSD,2026-02-03,B,1,1,-1,586,stop,-1.15124,0.005290
EURUSD,2026-02-03,Bmirror,-1,1,-1,586,stop,-1.15124,0.005290
EURUSD,2026-02-06,A,-1,1,-1,878,close,0.16217,0.005302
EURUSD,2026-02-09,A,-1,1,1,721,stop,-1.03028,0.005304
EURUSD,2026-02-10,B,1,1,1,914,stop,-1.14581,0.005487
EURUSD,2026-02-10,Bmirror,-1,1,1,914,stop,-1.14581,0.005487
EURUSD,2026-02-11,A,1,1,-1,810,target,0.71083,0.005463
EURUSD,2026-02-11,B,1,1,-1,810,stop,-1.14644,0.005463
EURUSD,2026-02-11,Bmirror,-1,1,-1,810,stop,-1.14644,0.005463
EURUSD,2026-02-17,B,-1,1,-1,1123,close,-0.60384,0.005377
EURUSD,2026-02-17,Bmirror,1,1,-1,1123,stop,-1.14877,0.005377
EURUSD,2026-02-18,A,1,-1,1,1058,close,-0.67328,0.005341
EURUSD,2026-02-20,B,-1,-1,-1,606,stop,-1.14632,0.005468
EURUSD,2026-02-20,Bmirror,1,-1,-1,606,stop,-1.14632,0.005468
EURUSD,2026-02-23,A,1,-1,1,690,target,0.71113,0.005519
EURUSD,2026-02-24,B,-1,-1,-1,574,close,2.76890,0.005591
EURUSD,2026-02-24,Bmirror,1,-1,-1,574,stop,-1.14309,0.005591
EURUSD,2026-02-25,B,1,-1,-1,684,close,5.56418,0.005351
EURUSD,2026-02-25,Bmirror,-1,-1,-1,684,stop,-1.14950,0.005351
EURUSD,2026-03-02,A,1,-1,-1,458,target,0.70771,0.004937
EURUSD,2026-03-02,B,1,-1,-1,362,stop,-1.16203,0.004937
EURUSD,2026-03-02,Bmirror,-1,-1,-1,362,target,12.23797,0.004937
EURUSD,2026-03-03,A,1,-1,-1,458,stop,-1.03147,0.005065
EURUSD,2026-03-04,A,-1,-1,-1,677,target,0.70245,0.004274
EURUSD,2026-03-04,B,-1,-1,-1,393,stop,-1.18718,0.004274
EURUSD,2026-03-04,Bmirror,1,-1,-1,393,stop,-1.18718,0.004274
EURUSD,2026-03-05,A,1,-1,1,354,target,0.70290,0.004298
EURUSD,2026-03-05,B,-1,-1,1,546,stop,-1.18611,0.004298
EURUSD,2026-03-05,Bmirror,1,-1,1,546,stop,-1.18611,0.004298
EURUSD,2026-03-06,A,1,-1,-1,669,target,0.70300,0.004311
EURUSD,2026-03-06,B,-1,-1,-1,980,stop,-1.18557,0.004311
EURUSD,2026-03-06,Bmirror,1,-1,-1,980,stop,-1.18557,0.004311
EURUSD,2026-03-09,A,-1,-1,-1,323,target,0.70131,0.004149
EURUSD,2026-03-09,B,1,-1,-1,509,stop,-1.19284,0.004149
EURUSD,2026-03-09,Bmirror,-1,-1,-1,509,stop,-1.19284,0.004149
EURUSD,2026-03-10,A,-1,-1,1,466,target,0.70471,0.004549
EURUSD,2026-03-10,B,1,-1,1,1098,stop,-1.17585,0.004549
EURUSD,2026-03-10,Bmirror,-1,-1,1,1098,stop,-1.17585,0.004549
EURUSD,2026-03-11,A,1,-1,-1,930,close,0.01401,0.004527
EURUSD,2026-03-11,B,1,-1,-1,507,stop,-1.17674,0.004527
EURUSD,2026-03-11,Bmirror,-1,-1,-1,507,stop,-1.17674,0.004527
EURUSD,2026-03-12,B,1,-1,-1,738,stop,-1.17065,0.004688
EURUSD,2026-03-12,Bmirror,-1,-1,-1,738,stop,-1.17065,0.004688
EURUSD,2026-03-13,A,1,-1,-1,420,stop,-1.03404,0.004685
EURUSD,2026-03-16,A,-1,-1,1,628,stop,-1.03230,0.004972
EURUSD,2026-03-16,B,-1,-1,1,502,stop,-1.16090,0.004972
EURUSD,2026-03-16,Bmirror,1,-1,1,502,target,12.23910,0.004972
EURUSD,2026-03-17,A,-1,-1,1,803,target,0.70719,0.004894
EURUSD,2026-03-17,B,-1,-1,1,459,stop,-1.16347,0.004894
EURUSD,2026-03-17,Bmirror,1,-1,1,459,stop,-1.16347,0.004894
EURUSD,2026-03-18,A,1,-1,1,790,target,0.70818,0.005009
EURUSD,2026-03-18,B,-1,-1,1,584,stop,-1.15970,0.005009
EURUSD,2026-03-18,Bmirror,1,-1,1,584,stop,-1.15970,0.005009
EURUSD,2026-03-19,A,-1,-1,-1,833,stop,-1.03107,0.005170
EURUSD,2026-03-19,B,1,-1,-1,395,stop,-1.15474,0.005170
EURUSD,2026-03-19,Bmirror,-1,-1,-1,395,stop,-1.15474,0.005170
EURUSD,2026-03-20,A,1,-1,1,867,target,0.71228,0.005747
EURUSD,2026-03-20,B,-1,-1,1,700,close,0.68744,0.005747
EURUSD,2026-03-20,Bmirror,1,-1,1,700,stop,-1.13920,0.005747
EURUSD,2026-03-23,A,1,-1,-1,566,target,0.71226,0.005743
EURUSD,2026-03-23,A,-1,-1,-1,666,target,0.71202,0.005743
EURUSD,2026-03-23,B,-1,-1,-1,665,stop,-1.13931,0.005743
EURUSD,2026-03-23,Bmirror,1,-1,-1,665,stop,-1.13931,0.005743
EURUSD,2026-03-24,A,1,-1,1,1025,target,0.71275,0.005845
EURUSD,2026-03-24,B,-1,-1,1,430,stop,-1.13686,0.005845
EURUSD,2026-03-24,Bmirror,1,-1,1,430,stop,-1.13686,0.005845
EURUSD,2026-03-25,A,1,-1,1,952,close,-0.10753,0.005850
EURUSD,2026-03-25,B,-1,-1,1,503,close,7.66471,0.005850
EURUSD,2026-03-25,Bmirror,1,-1,1,503,stop,-1.13676,0.005850
EURUSD,2026-03-27,B,-1,-1,-1,857,stop,-1.13726,0.005829
EURUSD,2026-03-27,Bmirror,1,-1,-1,857,stop,-1.13726,0.005829
EURUSD,2026-03-30,B,1,-1,-1,613,stop,-1.14044,0.005696
EURUSD,2026-03-30,Bmirror,-1,-1,-1,613,stop,-1.14044,0.005696
EURUSD,2026-03-31,A,-1,-1,-1,812,stop,-1.02829,0.005679
EURUSD,2026-03-31,B,1,-1,-1,709,target,12.25914,0.005679
EURUSD,2026-03-31,Bmirror,-1,-1,-1,709,stop,-1.14086,0.005679
EURUSD,2026-04-01,A,-1,1,1,585,target,0.71357,0.006081
EURUSD,2026-04-02,A,1,-1,1,296,close,-0.00737,0.006058
EURUSD,2026-04-06,A,-1,-1,-1,532,target,0.71334,0.006028
EURUSD,2026-04-07,A,-1,1,1,1245,close,-0.13745,0.005959
EURUSD,2026-04-08,B,1,1,1,96,stop,-1.12770,0.006265
EURUSD,2026-04-08,Bmirror,-1,1,1,96,stop,-1.12770,0.006265
EURUSD,2026-04-09,A,-1,1,-1,1086,close,0.44727,0.006250
EURUSD,2026-04-13,A,-1,1,-1,1064,stop,-1.02648,0.006071
EURUSD,2026-04-17,A,-1,1,-1,830,target,0.71260,0.005864
EURUSD,2026-04-17,B,1,1,-1,1088,stop,-1.13642,0.005864
EURUSD,2026-04-17,Bmirror,-1,1,-1,1088,stop,-1.13642,0.005864
EURUSD,2026-04-20,A,-1,1,-1,998,close,-0.02074,0.005465
EURUSD,2026-04-21,A,1,1,1,996,close,-0.02105,0.005417
EURUSD,2026-04-23,B,-1,1,-1,925,stop,-1.15085,0.005303
EURUSD,2026-04-23,Bmirror,1,1,-1,925,stop,-1.15085,0.005303
EURUSD,2026-04-27,A,-1,1,-1,595,target,0.70722,0.004899
EURUSD,2026-04-28,A,1,1,1,780,target,0.70700,0.004832
EURUSD,2026-04-29,A,1,1,-1,1149,close,0.03495,0.004836
EURUSD,2026-04-30,A,-1,1,-1,722,target,0.70638,0.004776
EURUSD,2026-04-30,B,-1,1,-1,490,stop,-1.16751,0.004776
EURUSD,2026-04-30,Bmirror,1,1,-1,490,close,9.29973,0.004776
EURUSD,2026-05-01,A,-1,1,1,904,target,0.70674,0.004828
EURUSD,2026-05-01,B,1,1,1,1114,stop,-1.16570,0.004828
EURUSD,2026-05-01,Bmirror,-1,1,1,1114,stop,-1.16570,0.004828
EURUSD,2026-05-04,A,1,1,1,676,target,0.70653,0.004764
EURUSD,2026-05-06,A,-1,1,1,573,stop,-1.03617,0.004438
EURUSD,2026-05-07,B,1,-1,1,1106,stop,-1.17884,0.004473
EURUSD,2026-05-07,Bmirror,-1,-1,1,1106,close,4.95773,0.004473
EURUSD,2026-05-08,A,-1,-1,-1,585,close,-0.89934,0.004369
EURUSD,2026-05-12,A,1,1,1,484,close,-0.26473,0.004478
EURUSD,2026-05-13,A,1,-1,-1,543,close,0.29815,0.003912
EURUSD,2026-05-14,A,1,-1,-1,957,close,-0.63686,0.003938
EURUSD,2026-05-15,A,1,-1,-1,407,target,0.70017,0.004005
EURUSD,2026-05-18,A,-1,-1,-1,827,target,0.69903,0.003917
EURUSD,2026-05-19,A,1,-1,1,552,stop,-1.04497,0.003549
EURUSD,2026-05-20,A,-1,-1,-1,975,target,0.69515,0.003577
EURUSD,2026-05-20,B,-1,-1,-1,916,stop,-1.22368,0.003577
EURUSD,2026-05-20,Bmirror,1,-1,-1,916,stop,-1.22368,0.003577
EURUSD,2026-05-21,A,1,-1,1,505,target,0.69565,0.003598
EURUSD,2026-05-21,B,-1,-1,1,555,stop,-1.22235,0.003598
EURUSD,2026-05-21,Bmirror,1,-1,1,555,stop,-1.22235,0.003598
EURUSD,2026-05-22,B,-1,-1,-1,851,close,3.44425,0.003591
EURUSD,2026-05-22,Bmirror,1,-1,-1,851,stop,-1.22275,0.003591
EURUSD,2026-05-26,B,-1,-1,-1,558,stop,-1.22777,0.003512
EURUSD,2026-05-26,Bmirror,1,-1,-1,558,stop,-1.22777,0.003512
EURUSD,2026-05-27,B,1,-1,-1,775,stop,-1.23620,0.003387
EURUSD,2026-05-27,Bmirror,-1,-1,-1,775,stop,-1.23620,0.003387
EURUSD,2026-05-28,A,1,-1,-1,272,target,0.69217,0.003337
EURUSD,2026-05-28,A,-1,-1,-1,918,close,0.21016,0.003337
EURUSD,2026-05-28,B,-1,-1,-1,810,stop,-1.23974,0.003337
EURUSD,2026-05-28,Bmirror,1,-1,-1,810,close,5.86913,0.003337
EURUSD,2026-05-29,A,-1,-1,1,983,target,0.69224,0.003358
EURUSD,2026-05-29,B,-1,-1,1,466,stop,-1.23823,0.003358
EURUSD,2026-05-29,Bmirror,1,-1,1,466,stop,-1.23823,0.003358
EURUSD,2026-06-01,A,1,-1,-1,863,close,0.27110,0.003298
EURUSD,2026-06-02,B,1,-1,-1,1040,stop,-1.24234,0.003301
EURUSD,2026-06-02,Bmirror,-1,-1,-1,1040,close,0.59087,0.003301
EURUSD,2026-06-03,A,1,-1,-1,818,target,0.69165,0.003301
EURUSD,2026-06-04,A,-1,-1,-1,708,target,0.69059,0.003246
EURUSD,2026-06-05,A,1,-1,1,840,target,0.68767,0.003050
EURUSD,2026-06-05,A,-1,-1,1,549,target,0.68743,0.003050
EURUSD,2026-06-05,B,1,-1,1,812,stop,-1.26226,0.003050
EURUSD,2026-06-05,Bmirror,-1,-1,1,812,stop,-1.26226,0.003050
EURUSD,2026-06-08,A,-1,-1,-1,752,target,0.69373,0.003467
EURUSD,2026-06-08,B,1,-1,-1,150,stop,-1.23077,0.003467
EURUSD,2026-06-08,Bmirror,-1,-1,-1,150,stop,-1.23077,0.003467
EURUSD,2026-06-09,A,-1,-1,1,654,target,0.69325,0.003431
EURUSD,2026-06-09,B,1,-1,1,1059,stop,-1.23317,0.003431
EURUSD,2026-06-09,Bmirror,-1,-1,1,1059,stop,-1.23317,0.003431
EURUSD,2026-06-10,A,-1,-1,1,875,target,0.69295,0.003409
EURUSD,2026-06-10,B,1,-1,1,724,close,-0.46350,0.003409
EURUSD,2026-06-10,Bmirror,-1,-1,1,724,stop,-1.23466,0.003409
EURUSD,2026-06-11,A,-1,-1,-1,1114,target,0.69070,0.003253
EURUSD,2026-06-11,B,1,-1,-1,663,stop,-1.24589,0.003253
EURUSD,2026-06-11,Bmirror,-1,-1,-1,663,stop,-1.24589,0.003253
EURUSD,2026-06-11,A_his,-1,-1,-1,1114,target,0.69988,0.003402
EURUSD,2026-06-11,B_his,1,-1,-1,663,stop,-1.23518,0.003402
EURUSD,2026-06-11,Bmirror_his,-1,-1,-1,663,stop,-1.23518,0.003402
EURUSD,2026-06-12,B,-1,-1,1,560,stop,-1.23144,0.003457
EURUSD,2026-06-12,Bmirror,1,-1,1,560,stop,-1.23144,0.003457
EURUSD,2026-06-12,B_his,-1,-1,1,560,stop,-1.20683,0.003868
EURUSD,2026-06-12,Bmirror_his,1,-1,1,560,stop,-1.20683,0.003868
EURUSD,2026-06-15,B,-1,-1,1,329,stop,-1.23957,0.003339
EURUSD,2026-06-15,Bmirror,1,-1,1,329,stop,-1.23957,0.003339
EURUSD,2026-06-15,B_his,-1,-1,1,329,stop,-1.21561,0.003710
EURUSD,2026-06-15,Bmirror_his,1,-1,1,329,stop,-1.21561,0.003710
EURUSD,2026-06-16,A,-1,-1,-1,1017,close,0.39339,0.003308
EURUSD,2026-06-16,B,1,-1,-1,905,close,4.94882,0.003308
EURUSD,2026-06-16,Bmirror,-1,-1,-1,905,stop,-1.24182,0.003308
EURUSD,2026-06-16,A_his,-1,-1,-1,1017,close,0.43912,0.003484
EURUSD,2026-06-16,B_his,1,-1,-1,905,close,4.69979,0.003484
EURUSD,2026-06-16,Bmirror_his,-1,-1,-1,905,stop,-1.22965,0.003484
EURUSD,2026-06-17,A,1,-1,1,947,stop,-1.04889,0.003265
EURUSD,2026-06-17,A_his,1,-1,1,947,stop,-1.04987,0.003484
EURUSD,2026-06-18,A,1,-1,-1,663,close,-0.67373,0.003844
EURUSD,2026-06-18,B,1,-1,-1,556,stop,-1.20814,0.003844
EURUSD,2026-06-18,Bmirror,-1,-1,-1,556,close,10.35296,0.003844
EURUSD,2026-06-18,A_his,1,-1,-1,661,stop,-1.03990,0.003912
EURUSD,2026-06-18,B_his,1,-1,-1,556,stop,-1.20450,0.003912
EURUSD,2026-06-18,Bmirror_his,-1,-1,-1,556,target,11.55439,0.003912
EURUSD,2026-06-19,A,1,-1,-1,349,target,0.69823,0.003820
EURUSD,2026-06-19,B,-1,-1,-1,581,stop,-1.20942,0.003820
EURUSD,2026-06-19,Bmirror,1,-1,-1,581,stop,-1.20942,0.003820
EURUSD,2026-06-19,A_his,1,-1,-1,339,target,0.65894,0.003937
EURUSD,2026-06-19,B_his,-1,-1,-1,581,stop,-1.20319,0.003937
EURUSD,2026-06-19,Bmirror_his,1,-1,-1,581,stop,-1.20319,0.003937
EURUSD,2026-06-22,A,1,-1,-1,897,target,0.69748,0.003753
EURUSD,2026-06-22,B,-1,-1,-1,606,close,7.66744,0.003753
EURUSD,2026-06-22,Bmirror,1,-1,-1,606,stop,-1.21317,0.003753
EURUSD,2026-06-22,A_his,1,-1,-1,883,target,0.70012,0.003610
EURUSD,2026-06-22,B_his,-1,-1,-1,606,close,7.97194,0.003610
EURUSD,2026-06-22,Bmirror_his,1,-1,-1,606,stop,-1.22163,0.003610
EURUSD,2026-06-23,A,1,-1,-1,713,close,-0.71620,0.003707
EURUSD,2026-06-23,A_his,1,-1,-1,713,stop,-1.04433,0.003729
EURUSD,2026-06-24,A,1,-1,-1,552,stop,-1.04316,0.003697
EURUSD,2026-06-24,A_his,1,-1,-1,490,stop,-1.04200,0.003786
EURUSD,2026-06-25,A,-1,-1,-1,965,target,0.69640,0.003679
EURUSD,2026-06-25,B,1,-1,-1,454,stop,-1.21742,0.003679
EURUSD,2026-06-25,Bmirror,-1,-1,-1,454,stop,-1.21742,0.003679
EURUSD,2026-06-25,A_his,-1,-1,-1,965,target,0.71752,0.003679
EURUSD,2026-06-25,B_his,1,-1,-1,454,stop,-1.21746,0.003679
EURUSD,2026-06-25,Bmirror_his,-1,-1,-1,454,stop,-1.21746,0.003679
EURUSD,2026-06-26,A,-1,-1,1,569,stop,-1.04324,0.003710
EURUSD,2026-06-29,A,-1,-1,1,919,close,-0.45159,0.003612
EURUSD,2026-06-29,A_his,-1,-1,1,921,close,-0.40476,0.004000
EURUSD,2026-06-30,A,1,-1,1,357,target,0.69730,0.003737
EURUSD,2026-06-30,B,-1,-1,1,951,stop,-1.21408,0.003737
EURUSD,2026-06-30,Bmirror,1,-1,1,951,stop,-1.21408,0.003737
EURUSD,2026-06-30,A_his,1,-1,1,325,target,0.76263,0.003534
EURUSD,2026-06-30,B_his,-1,-1,1,951,stop,-1.22637,0.003534
EURUSD,2026-06-30,Bmirror_his,1,-1,1,951,stop,-1.22637,0.003534
EURUSD,2026-07-01,A,1,-1,-1,639,stop,-1.04270,0.003737
EURUSD,2026-07-01,A_his,1,-1,-1,640,stop,-1.04432,0.003975
EURUSD,2026-07-02,A,-1,-1,-1,543,stop,-1.04223,0.003799
EURUSD,2026-07-02,A_his,-1,-1,-1,532,stop,-1.04221,0.003811
EURUSD,2026-07-03,A_his,-1,-1,1,435,target,0.82294,0.003471
EURUSD,2026-07-06,B,-1,-1,-1,1103,stop,-1.20392,0.003923
EURUSD,2026-07-06,Bmirror,1,-1,-1,1103,close,0.70990,0.003923
EURUSD,2026-07-06,A_his,1,-1,-1,897,target,0.70012,0.003597
EURUSD,2026-07-06,B_his,-1,-1,-1,1103,stop,-1.22241,0.003597
EURUSD,2026-07-06,Bmirror_his,1,-1,-1,1103,close,0.77425,0.003597
EURUSD,2026-07-07,A,1,-1,1,1212,close,-0.06512,0.003926
EURUSD,2026-07-07,A_his,1,-1,1,1200,close,-0.33313,0.003515
EURUSD,2026-07-08,B,1,-1,-1,557,stop,-1.20113,0.003978
EURUSD,2026-07-08,Bmirror,-1,-1,-1,557,stop,-1.20113,0.003978
EURUSD,2026-07-08,B_his,1,-1,-1,557,stop,-1.23217,0.003446
EURUSD,2026-07-08,Bmirror_his,-1,-1,-1,557,stop,-1.23217,0.003446
EURUSD,2026-07-09,A_his,-1,-1,1,453,target,0.67766,0.003698
EURUSD,2026-07-10,B,1,-1,1,561,stop,-1.20000,0.004000
EURUSD,2026-07-10,Bmirror,-1,-1,1,561,stop,-1.20000,0.004000
EURUSD,2026-07-10,A_his,-1,-1,1,195,target,0.61323,0.003351
EURUSD,2026-07-10,B_his,1,-1,1,561,stop,-1.23871,0.003351
EURUSD,2026-07-10,Bmirror_his,-1,-1,1,561,stop,-1.23871,0.003351
EURUSD,2026-07-13,A,-1,-1,-1,533,target,0.69598,0.003645
EURUSD,2026-07-13,B,1,-1,-1,1047,stop,-1.21950,0.003645
EURUSD,2026-07-13,Bmirror,-1,-1,-1,1047,close,3.15166,0.003645
EURUSD,2026-07-13,A_his,-1,-1,-1,517,stop,-1.05345,0.003364
EURUSD,2026-07-13,B_his,1,-1,-1,1047,stop,-1.23782,0.003364
EURUSD,2026-07-13,Bmirror_his,-1,-1,-1,1047,close,3.41466,0.003364
EURUSD,2026-07-14,A,-1,-1,-1,803,stop,-1.04438,0.003615
EURUSD,2026-07-14,A_his,-1,-1,-1,773,stop,-1.04456,0.003685
EURUSD,2026-07-15,A,-1,-1,1,1100,stop,-1.04311,0.003722
EURUSD,2026-07-15,B,1,-1,1,507,stop,-1.21495,0.003722
EURUSD,2026-07-15,Bmirror,-1,-1,1,507,stop,-1.21495,0.003722
EURUSD,2026-07-15,A_his,-1,-1,1,1097,stop,-1.04719,0.003679
EURUSD,2026-07-15,B_his,1,-1,1,507,stop,-1.21746,0.003679
EURUSD,2026-07-15,Bmirror_his,-1,-1,1,507,stop,-1.21746,0.003679
EURUSD,2026-07-16,A,1,1,1,1079,close,0.35217,0.003853
EURUSD,2026-07-16,A_his,1,1,1,1062,close,0.36899,0.003767
EURUSD,2026-07-17,B,-1,1,-1,946,close,1.01422,0.003692
EURUSD,2026-07-17,Bmirror,1,1,-1,946,stop,-1.21671,0.003692
EURUSD,2026-07-17,B_his,-1,1,-1,946,close,1.03187,0.003628
EURUSD,2026-07-17,Bmirror_his,1,1,-1,946,stop,-1.22048,0.003628
EURUSD,2026-07-20,B,1,1,-1,782,stop,-1.22462,0.003562
EURUSD,2026-07-20,Bmirror,-1,1,-1,782,close,2.84688,0.003562
EURUSD,2026-07-20,B_his,1,1,-1,782,stop,-1.24007,0.003332
EURUSD,2026-07-20,Bmirror_his,-1,1,-1,782,close,3.04268,0.003332
EURUSD,2026-07-21,B,1,1,-1,823,stop,-1.22513,0.003554
EURUSD,2026-07-21,Bmirror,-1,1,-1,823,stop,-1.22513,0.003554
EURUSD,2026-07-21,B_his,1,1,-1,823,stop,-1.25349,0.003156
EURUSD,2026-07-21,Bmirror_his,-1,1,-1,823,stop,-1.25349,0.003156
EURUSD,2026-07-22,A_his,-1,1,-1,871,target,0.66911,0.002765
EURUSD,2026-07-23,A,1,-1,1,761,target,0.68392,0.002847
EURUSD,2026-07-23,A,-1,-1,1,308,target,0.68368,0.002847
EURUSD,2026-07-23,B,1,-1,1,582,stop,-1.28102,0.002847
EURUSD,2026-07-23,Bmirror,-1,-1,1,582,stop,-1.28102,0.002847
EURUSD,2026-07-23,A_his,1,-1,1,755,stop,-1.07260,0.002570
EURUSD,2026-07-23,A_his,-1,-1,1,240,target,0.74532,0.002570
EURUSD,2026-07-23,B_his,1,-1,1,582,stop,-1.31126,0.002570
EURUSD,2026-07-23,Bmirror_his,-1,-1,1,582,stop,-1.31126,0.002570
EURUSD,2026-07-24,B,1,-1,-1,759,stop,-1.28684,0.002789
EURUSD,2026-07-24,Bmirror,-1,-1,-1,759,stop,-1.28684,0.002789
EURUSD,2026-07-24,A_his,-1,-1,-1,505,target,0.55823,0.002740
EURUSD,2026-07-24,B_his,1,-1,-1,759,stop,-1.29194,0.002740
EURUSD,2026-07-24,Bmirror_his,-1,-1,-1,759,stop,-1.29194,0.002740
EURUSD,2026-07-27,A,-1,-1,1,179,target,0.68304,0.002815
EURUSD,2026-07-27,B,1,-1,1,768,stop,-1.28422,0.002815
EURUSD,2026-07-27,Bmirror,-1,-1,1,768,close,6.26645,0.002815
EURUSD,2026-07-27,A_his,1,-1,1,972,target,0.68345,0.002747
EURUSD,2026-07-27,A_his,-1,-1,1,88,target,0.68321,0.002747
EURUSD,2026-07-27,B_his,1,-1,1,768,stop,-1.29128,0.002747
EURUSD,2026-07-27,Bmirror_his,-1,-1,1,768,close,6.42202,0.002747
EURUSD,2026-07-28,A,-1,-1,-1,972,close,0.33777,0.002758
EURUSD,2026-07-28,B,-1,-1,-1,847,stop,-1.29002,0.002758
EURUSD,2026-07-28,Bmirror,1,-1,-1,847,close,5.13054,0.002758
EURUSD,2026-07-28,A_his,-1,-1,-1,972,close,0.37471,0.002999
EURUSD,2026-07-28,B_his,-1,-1,-1,847,stop,-1.26680,0.002999
EURUSD,2026-07-28,Bmirror_his,1,-1,-1,847,close,4.71980,0.002999
EURUSD,2026-07-29,A,-1,-1,1,1140,stop,-1.06108,0.002625
EURUSD,2026-07-29,B,1,-1,1,710,stop,-1.30479,0.002625
EURUSD,2026-07-29,Bmirror,-1,-1,1,710,stop,-1.30479,0.002625
EURUSD,2026-07-29,A_his,-1,-1,1,1140,stop,-1.05726,0.003005
EURUSD,2026-07-29,B_his,1,-1,1,710,stop,-1.26624,0.003005
EURUSD,2026-07-29,Bmirror_his,-1,-1,1,710,stop,-1.26624,0.003005
EURUSD,2026-07-30,A,1,1,1,433,target,0.68810,0.003076
EURUSD,2026-07-30,A,-1,1,1,882,stop,-1.05214,0.003076
EURUSD,2026-07-30,B,-1,1,1,674,stop,-1.26009,0.003076
EURUSD,2026-07-30,Bmirror,1,1,1,674,stop,-1.26009,0.003076
EURUSD,2026-07-30,A_his,1,1,1,505,target,0.84681,0.003553
EURUSD,2026-07-30,A_his,-1,1,1,884,stop,-1.05348,0.003553
EURUSD,2026-07-30,B_his,-1,1,1,674,stop,-1.22517,0.003553
EURUSD,2026-07-30,Bmirror_his,1,1,1,674,stop,-1.22517,0.003553
EURUSD,2026-07-31,A,1,1,1,720,stop,-1.04916,0.003247
EURUSD,2026-07-31,B,-1,1,1,1110,stop,-1.24637,0.003247
EURUSD,2026-07-31,Bmirror,1,1,1,1110,stop,-1.24637,0.003247
EURUSD,2026-07-31,A_his,1,1,1,690,stop,-1.05321,0.003742
EURUSD,2026-07-31,B_his,-1,1,1,1110,stop,-1.21380,0.003742
EURUSD,2026-07-31,Bmirror_his,1,1,1,1110,stop,-1.21380,0.003742
EURUSD,2026-08-03,A,1,1,1,498,target,0.69088,0.003250
EURUSD,2026-08-03,A_his,1,1,1,929,close,-0.41303,0.004101
EURUSD,2026-08-06,A,1,1,1,976,close,-0.23401,0.003193
EURUSD,2026-08-06,A_his,1,1,1,977,close,-0.08040,0.003849
EURUSD,2026-08-07,A,-1,1,-1,810,stop,-1.05096,0.003147
EURUSD,2026-08-07,A_his,-1,1,-1,810,stop,-1.05012,0.003704
EURUSD,2026-08-13,B,-1,1,-1,534,stop,-1.25500,0.003137
EURUSD,2026-08-13,Bmirror,1,1,-1,534,stop,-1.25500,0.003137
EURUSD,2026-08-13,B_his,-1,1,-1,534,stop,-1.29397,0.002721
EURUSD,2026-08-13,Bmirror_his,1,1,-1,534,stop,-1.29397,0.002721
EURUSD,2026-08-14,A,-1,1,1,732,stop,-1.05124,0.003130
EURUSD,2026-08-14,A_his,-1,1,1,525,stop,-1.06677,0.002791
EURUSD,2026-08-17,A,-1,1,1,498,target,0.68875,0.003129
EURUSD,2026-08-17,B,1,1,1,1165,close,1.09729,0.003129
EURUSD,2026-08-17,Bmirror,-1,1,1,1165,stop,-1.25568,0.003129
EURUSD,2026-08-17,A_his,-1,1,1,471,stop,-1.07285,0.002602
EURUSD,2026-08-17,B_his,1,1,1,1165,stop,-1.30750,0.002602
EURUSD,2026-08-17,Bmirror_his,-1,1,1,1165,stop,-1.30750,0.002602
EURUSD,2026-08-18,B_his,-1,1,1,632,stop,-1.29128,0.002747
EURUSD,2026-08-18,Bmirror_his,1,1,1,632,stop,-1.29128,0.002747
EURUSD,2026-08-19,A,-1,1,-1,550,stop,-1.05293,0.003030
EURUSD,2026-08-19,A_his,-1,1,-1,442,stop,-1.06678,0.002520
EURUSD,2026-08-20,A,-1,1,1,616,target,0.69357,0.003455
EURUSD,2026-08-20,B,1,1,1,898,stop,-1.23155,0.003455
EURUSD,2026-08-20,Bmirror,-1,1,1,898,stop,-1.23155,0.003455
EURUSD,2026-08-20,A_his,-1,1,1,611,target,0.79986,0.003169
EURUSD,2026-08-20,B_his,1,1,1,898,stop,-1.25248,0.003169
EURUSD,2026-08-20,Bmirror_his,-1,1,1,898,stop,-1.25248,0.003169
GOLD,2016-10-04,A,1,-1,-1,785,stop,-1.06165,0.006457
GOLD,2016-10-05,A,-1,-1,-1,810,target,0.69797,0.009583
GOLD,2016-10-05,B,1,-1,-1,902,stop,-1.20869,0.009583
GOLD,2016-10-05,Bmirror,-1,-1,-1,902,stop,-1.20869,0.009583
GOLD,2016-10-06,A,1,-1,1,826,stop,-1.04143,0.009585
GOLD,2016-10-07,A,1,-1,-1,992,target,0.69910,0.009709
GOLD,2016-10-07,A,-1,-1,-1,810,target,0.69851,0.009709
GOLD,2016-10-07,B,-1,-1,-1,58,stop,-1.20599,0.009709
GOLD,2016-10-07,Bmirror,1,-1,-1,58,stop,-1.20599,0.009709
GOLD,2016-10-10,B,1,-1,1,164,stop,-1.21055,0.009499
GOLD,2016-10-10,Bmirror,-1,-1,1,164,stop,-1.21055,0.009499
GOLD,2016-10-11,B,-1,-1,1,993,close,5.60164,0.009493
GOLD,2016-10-11,Bmirror,1,-1,1,993,stop,-1.21068,0.009493
GOLD,2016-10-12,B,-1,-1,-1,845,stop,-1.23072,0.008669
GOLD,2016-10-12,Bmirror,1,-1,-1,845,stop,-1.23072,0.008669
GOLD,2016-10-13,B,1,-1,1,810,stop,-1.22996,0.008697
GOLD,2016-10-13,Bmirror,-1,-1,1,810,stop,-1.22996,0.008697
GOLD,2016-10-14,A,1,-1,1,805,target,0.69442,0.008719
GOLD,2016-10-14,B,-1,-1,1,904,stop,-1.22937,0.008719
GOLD,2016-10-14,Bmirror,1,-1,1,904,stop,-1.22937,0.008719
GOLD,2016-10-17,B,1,-1,1,540,stop,-1.23175,0.008630
GOLD,2016-10-17,Bmirror,-1,-1,1,540,stop,-1.23175,0.008630
GOLD,2016-10-18,A,-1,-1,1,560,target,0.69360,0.008677
GOLD,2016-10-19,A,-1,-1,1,641,close,0.14436,0.008755
GOLD,2016-10-20,B,1,-1,1,904,stop,-1.22533,0.008876
GOLD,2016-10-20,Bmirror,-1,-1,1,904,close,3.81177,0.008876
GOLD,2016-10-21,B,-1,-1,-1,723,stop,-1.22598,0.008850
GOLD,2016-10-21,Bmirror,1,-1,-1,723,stop,-1.22598,0.008850
GOLD,2016-10-24,B,1,-1,-1,899,stop,-1.22721,0.008802
GOLD,2016-10-24,Bmirror,-1,-1,-1,899,stop,-1.22721,0.008802
GOLD,2016-10-25,A,-1,-1,-1,968,close,-0.35383,0.008794
GOLD,2016-10-26,A,1,-1,1,1079,close,0.17471,0.008981
GOLD,2016-10-28,A,-1,1,1,1110,stop,-1.04755,0.008465
GOLD,2016-10-28,B,-1,1,1,840,stop,-1.23626,0.008465
GOLD,2016-10-28,Bmirror,1,1,1,840,stop,-1.23626,0.008465
GOLD,2016-10-31,B,-1,1,1,1195,close,1.49756,0.008621
GOLD,2016-10-31,Bmirror,1,1,1,1195,stop,-1.23199,0.008621
GOLD,2016-11-01,A,-1,1,-1,627,stop,-1.04672,0.008616
GOLD,2016-11-02,A,-1,1,1,488,stop,-1.04591,0.008769
GOLD,2016-11-03,A,1,1,1,673,target,0.69565,0.008959
GOLD,2016-11-03,B,1,1,1,490,stop,-1.22323,0.008959
GOLD,2016-11-03,Bmirror,-1,1,1,490,stop,-1.22323,0.008959
GOLD,2016-11-04,B,-1,1,1,503,stop,-1.22253,0.008987
GOLD,2016-11-04,Bmirror,1,1,1,503,stop,-1.22253,0.008987
GOLD,2016-11-07,A,1,1,-1,911,close,0.16200,0.009265
GOLD,2016-11-07,B,1,1,-1,314,stop,-1.21587,0.009265
GOLD,2016-11-07,Bmirror,-1,1,-1,314,stop,-1.21587,0.009265
GOLD,2016-11-08,A,1,1,-1,1000,target,0.69733,0.009310
GOLD,2016-11-08,B,1,1,-1,971,stop,-1.21482,0.009310
GOLD,2016-11-08,Bmirror,-1,1,-1,971,close,5.31685,0.009310
GOLD,2016-11-09,A,-1,1,-1,14,target,0.67198,0.005906
GOLD,2016-11-09,B,1,1,-1,53,stop,-1.33861,0.005906
GOLD,2016-11-09,Bmirror,-1,1,-1,53,stop,-1.33861,0.005906
GOLD,2016-11-10,A,1,1,1,878,stop,-1.06725,0.005922
GOLD,2016-11-10,A,-1,1,1,73,stop,-1.06784,0.005922
GOLD,2016-11-10,B,1,1,1,833,stop,-1.33774,0.005922
GOLD,2016-11-10,Bmirror,-1,1,1,833,stop,-1.33774,0.005922
GOLD,2016-11-11,A,1,-1,-1,119,stop,-1.06529,0.006098
GOLD,2016-11-11,B,1,-1,-1,104,stop,-1.32795,0.006098
GOLD,2016-11-11,Bmirror,-1,-1,-1,104,stop,-1.32795,0.006098
GOLD,2016-11-14,A,1,-1,1,61,stop,-1.04809,0.008266
GOLD,2016-11-15,A,-1,-1,-1,86,target,0.69152,0.008301
GOLD,2016-11-15,B,1,-1,-1,357,stop,-1.24094,0.008301
GOLD,2016-11-15,Bmirror,-1,-1,-1,357,stop,-1.24094,0.008301
GOLD,2016-11-16,B,1,-1,1,442,stop,-1.24085,0.008304
GOLD,2016-11-16,Bmirror,-1,-1,1,442,stop,-1.24085,0.008304
GOLD,2016-11-17,A,1,-1,-1,1066,stop,-1.04791,0.008297
GOLD,2016-11-17,B,1,-1,-1,785,stop,-1.24105,0.008297
GOLD,2016-11-17,Bmirror,-1,-1,-1,785,stop,-1.24105,0.008297
GOLD,2016-11-18,A,1,-1,-1,95,target,0.69318,0.008490
GOLD,2016-11-18,B,-1,-1,-1,807,stop,-1.23557,0.008490
GOLD,2016-11-18,Bmirror,1,-1,-1,807,stop,-1.23557,0.008490
GOLD,2016-11-21,A,-1,-1,-1,100,target,0.69273,0.008516
GOLD,2016-11-22,A,1,-1,1,921,target,0.69436,0.008709
GOLD,2016-11-22,B,1,-1,1,408,stop,-1.22966,0.008709
GOLD,2016-11-22,Bmirror,-1,-1,1,408,stop,-1.22966,0.008709
GOLD,2016-11-23,A,1,-1,-1,803,stop,-1.04622,0.008599
GOLD,2016-11-24,A,1,-1,-1,491,target,0.69690,0.009218
GOLD,2016-11-24,B,-1,-1,-1,594,stop,-1.21696,0.009218
GOLD,2016-11-24,Bmirror,1,-1,-1,594,stop,-1.21696,0.009218
GOLD,2016-11-25,A,1,-1,-1,61,stop,-1.04310,0.009217
GOLD,2016-11-25,B,-1,-1,-1,428,stop,-1.21700,0.009217
GOLD,2016-11-25,Bmirror,1,-1,-1,428,stop,-1.21700,0.009217
GOLD,2016-11-28,A,-1,-1,1,113,target,0.69643,0.009243
GOLD,2016-11-28,B,1,-1,1,803,stop,-1.21637,0.009243
GOLD,2016-11-28,Bmirror,-1,-1,1,803,stop,-1.21637,0.009243
GOLD,2016-11-29,A,1,-1,1,562,target,0.69786,0.009425
GOLD,2016-11-30,A,1,-1,-1,795,target,0.69684,0.009204
GOLD,2016-11-30,B,1,-1,-1,257,stop,-1.21730,0.009204
GOLD,2016-11-30,Bmirror,-1,-1,-1,257,stop,-1.21730,0.009204
GOLD,2016-12-01,A,1,-1,-1,84,target,0.69809,0.009477
GOLD,2016-12-01,B,-1,-1,-1,302,stop,-1.21104,0.009477
GOLD,2016-12-01,Bmirror,1,-1,-1,302,stop,-1.21104,0.009477
GOLD,2016-12-02,B,1,-1,1,198,stop,-1.21164,0.009450
GOLD,2016-12-02,Bmirror,-1,-1,1,198,stop,-1.21164,0.009450
GOLD,2016-12-05,A,1,-1,1,121,target,0.69763,0.009375
GOLD,2016-12-06,B,1,-1,-1,380,stop,-1.21153,0.009455
GOLD,2016-12-06,Bmirror,-1,-1,-1,380,stop,-1.21153,0.009455
GOLD,2016-12-07,A,-1,-1,-1,839,target,0.69580,0.009112
GOLD,2016-12-08,B,-1,-1,1,848,close,3.91310,0.008938
GOLD,2016-12-08,Bmirror,1,-1,1,848,stop,-1.22376,0.008938
GOLD,2016-12-09,A,1,-1,-1,737,target,0.69505,0.008840
GOLD,2016-12-09,B,-1,-1,-1,542,stop,-1.22625,0.008840
GOLD,2016-12-09,Bmirror,1,-1,-1,542,stop,-1.22625,0.008840
GOLD,2016-12-12,A,1,-1,-1,501,target,0.69430,0.008697
GOLD,2016-12-12,B,-1,-1,-1,142,stop,-1.22996,0.008697
GOLD,2016-12-12,Bmirror,1,-1,-1,142,stop,-1.22996,0.008697
GOLD,2016-12-13,A,1,-1,1,910,target,0.69499,0.008830
GOLD,2016-12-13,B,-1,-1,1,803,stop,-1.22651,0.008830
GOLD,2016-12-13,Bmirror,1,-1,1,803,stop,-1.22651,0.008830
GOLD,2016-12-14,A,1,-1,-1,1153,target,0.69480,0.008792
GOLD,2016-12-14,B,1,-1,-1,1140,stop,-1.22748,0.008792
GOLD,2016-12-14,Bmirror,-1,-1,-1,1140,stop,-1.22748,0.008792
GOLD,2016-12-15,A,1,-1,-1,31,target,0.69575,0.008980
GOLD,2016-12-15,B,-1,-1,-1,80,stop,-1.22272,0.008980
GOLD,2016-12-15,Bmirror,1,-1,-1,80,stop,-1.22272,0.008980
GOLD,2016-12-16,A,-1,-1,-1,593,target,0.69538,0.009024
GOLD,2016-12-16,B,1,-1,-1,956,target,12.17837,0.009024
GOLD,2016-12-16,Bmirror,-1,-1,-1,956,stop,-1.22163,0.009024
GOLD,2016-12-19,A,-1,-1,1,988,target,0.68808,0.007749
GOLD,2016-12-20,A,1,-1,1,509,stop,-1.05096,0.007804
GOLD,2016-12-21,B,1,-1,-1,952,stop,-1.25790,0.007755
GOLD,2016-12-21,Bmirror,-1,-1,-1,952,close,0.27857,0.007755
GOLD,2016-12-22,B,-1,-1,-1,882,stop,-1.25825,0.007744
GOLD,2016-12-22,Bmirror,1,-1,-1,882,stop,-1.25825,0.007744
GOLD,2016-12-23,A,-1,-1,-1,958,target,0.68700,0.007589
GOLD,2016-12-27,A,-1,-1,1,387,stop,-1.05260,0.007648
GOLD,2016-12-28,B,1,-1,1,658,stop,-1.26719,0.007485
GOLD,2016-12-28,Bmirror,-1,-1,1,658,stop,-1.26719,0.007485
GOLD,2016-12-29,A,-1,-1,1,142,target,0.68677,0.007556
GOLD,2016-12-30,A,1,-1,1,1060,close,-0.77717,0.007447
GOLD,2016-12-30,B,-1,-1,1,878,close,10.75019,0.007447
GOLD,2016-12-30,Bmirror,1,-1,1,878,stop,-1.26857,0.007447
GOLD,2017-01-03,A,-1,-1,-1,108,target,0.68704,0.007595
GOLD,2017-01-03,B,1,-1,-1,559,stop,-1.26332,0.007595
GOLD,2017-01-03,Bmirror,-1,-1,-1,559,stop,-1.26332,0.007595
GOLD,2017-01-04,A,-1,-1,1,490,close,0.03085,0.007703
GOLD,2017-01-05,A,-1,1,1,45,stop,-1.05195,0.007744
GOLD,2017-01-06,A,1,1,1,832,target,0.69139,0.008179
GOLD,2017-01-06,B,-1,1,1,297,stop,-1.24454,0.008179
GOLD,2017-01-06,Bmirror,1,1,1,297,stop,-1.24454,0.008179
GOLD,2017-01-09,A,-1,1,1,697,target,0.68819,0.007765
GOLD,2017-01-10,A,-1,1,1,886,target,0.68905,0.007897
GOLD,2017-01-10,B,1,1,1,773,stop,-1.25326,0.007897
GOLD,2017-01-10,Bmirror,-1,1,1,773,stop,-1.25326,0.007897
GOLD,2017-01-11,A,1,1,1,900,target,0.68964,0.007897
GOLD,2017-01-11,A,-1,1,1,1085,stop,-1.05095,0.007897
GOLD,2017-01-11,B,1,1,1,852,stop,-1.25327,0.007897
GOLD,2017-01-11,Bmirror,-1,1,1,852,stop,-1.25327,0.007897
GOLD,2017-01-12,A,-1,1,1,410,stop,-1.05184,0.007761
GOLD,2017-01-13,A,1,1,1,882,target,0.68876,0.007762
GOLD,2017-01-13,B,-1,1,1,406,stop,-1.25766,0.007762
GOLD,2017-01-13,Bmirror,1,1,1,406,stop,-1.25766,0.007762
GOLD,2017-01-16,B,1,1,1,488,stop,-1.25954,0.007706
GOLD,2017-01-16,Bmirror,-1,1,1,488,stop,-1.25954,0.007706
GOLD,2017-01-17,A,-1,1,-1,341,stop,-1.05455,0.007373
GOLD,2017-01-18,A,1,1,1,1201,stop,-1.05251,0.007575
GOLD,2017-01-18,B,-1,1,1,870,stop,-1.26401,0.007575
GOLD,2017-01-18,Bmirror,1,1,1,870,stop,-1.26401,0.007575
GOLD,2017-01-19,A,1,1,-1,900,target,0.68986,0.007931
GOLD,2017-01-19,B,-1,1,-1,217,stop,-1.25219,0.007931
GOLD,2017-01-19,Bmirror,1,1,-1,217,stop,-1.25219,0.007931
GOLD,2017-01-20,A,-1,1,1,1162,target,0.68881,0.007859
GOLD,2017-01-20,B,1,1,1,513,stop,-1.25449,0.007859
GOLD,2017-01-20,Bmirror,-1,1,1,513,stop,-1.25449,0.007859
GOLD,2017-01-23,A,1,1,1,879,target,0.67833,0.006455
GOLD,2017-01-23,B,1,1,1,243,stop,-1.30985,0.006455
GOLD,2017-01-23,Bmirror,-1,1,1,243,stop,-1.30985,0.006455
GOLD,2017-01-24,A,1,1,1,652,target,0.67805,0.006426
GOLD,2017-01-24,B,-1,1,1,902,target,12.08877,0.006426
GOLD,2017-01-24,Bmirror,1,1,1,902,stop,-1.31123,0.006426
GOLD,2017-01-25,A,1,1,-1,351,target,0.68061,0.006702
GOLD,2017-01-26,A,1,1,-1,583,stop,-1.05720,0.006957
GOLD,2017-01-27,A,1,1,-1,366,target,0.68519,0.007259
GOLD,2017-01-27,B,-1,1,-1,948,stop,-1.27553,0.007259
GOLD,2017-01-27,Bmirror,1,1,-1,948,stop,-1.27553,0.007259
GOLD,2017-01-30,B,-1,1,1,829,stop,-1.27788,0.007197
GOLD,2017-01-30,Bmirror,1,1,1,829,stop,-1.27788,0.007197
GOLD,2017-01-31,A,-1,1,1,719,stop,-1.05591,0.007193
GOLD,2017-01-31,B,1,1,1,530,target,12.12195,0.007193
GOLD,2017-01-31,Bmirror,-1,1,1,530,stop,-1.27805,0.007193
GOLD,2017-02-01,A,1,1,1,833,stop,-1.05288,0.007522
GOLD,2017-02-01,B,-1,1,1,538,target,12.13412,0.007522
GOLD,2017-02-01,Bmirror,1,1,1,538,stop,-1.26588,0.007522
GOLD,2017-02-02,A,-1,1,-1,226,target,0.68662,0.007536
GOLD,2017-02-03,A,1,1,1,810,target,0.68729,0.007547
GOLD,2017-02-03,B,-1,1,1,458,stop,-1.26501,0.007547
GOLD,2017-02-03,Bmirror,1,1,1,458,stop,-1.26501,0.007547
GOLD,2017-02-06,A,-1,1,1,681,stop,-1.06028,0.006668
GOLD,2017-02-07,B,-1,1,1,938,stop,-1.29127,0.006866
GOLD,2017-02-07,Bmirror,1,1,1,938,stop,-1.29127,0.006866
GOLD,2017-02-08,A,-1,1,-1,529,target,0.68136,0.006856
GOLD,2017-02-08,B,1,1,-1,400,stop,-1.29173,0.006856
GOLD,2017-02-08,Bmirror,-1,1,-1,400,stop,-1.29173,0.006856
GOLD,2017-02-09,A,1,1,1,923,stop,-1.05839,0.006816
GOLD,2017-02-09,B,1,1,1,684,stop,-1.29343,0.006816
GOLD,2017-02-09,Bmirror,-1,1,1,684,stop,-1.29343,0.006816
GOLD,2017-02-10,A,-1,1,-1,924,target,0.68203,0.006936
GOLD,2017-02-10,B,-1,1,-1,651,stop,-1.28836,0.006936
GOLD,2017-02-10,Bmirror,1,1,-1,651,stop,-1.28836,0.006936
GOLD,2017-02-13,A,1,1,-1,880,stop,-1.05814,0.006845
GOLD,2017-02-14,A,-1,1,-1,776,target,0.68087,0.006798
GOLD,2017-02-14,B,1,1,-1,900,stop,-1.29419,0.006798
GOLD,2017-02-14,Bmirror,-1,1,-1,900,stop,-1.29419,0.006798
GOLD,2017-02-15,A,1,1,1,810,stop,-1.05863,0.006789
GOLD,2017-02-15,B,-1,1,1,989,stop,-1.29461,0.006789
GOLD,2017-02-15,Bmirror,1,1,1,989,close,5.67314,0.006789
GOLD,2017-02-16,A,-1,1,1,816,target,0.68019,0.006721
GOLD,2017-02-16,B,1,1,1,396,stop,-1.29755,0.006721
GOLD,2017-02-16,Bmirror,-1,1,1,396,stop,-1.29755,0.006721
GOLD,2017-02-17,B,1,1,1,965,stop,-1.29608,0.006755
GOLD,2017-02-17,Bmirror,-1,1,1,965,stop,-1.29608,0.006755
GOLD,2017-02-20,B,-1,1,1,507,stop,-1.29579,0.006761
GOLD,2017-02-20,Bmirror,1,1,1,507,stop,-1.29579,0.006761
GOLD,2017-02-21,A,1,1,1,551,stop,-1.05890,0.006757
GOLD,2017-02-21,B,-1,1,1,996,stop,-1.29597,0.006757
GOLD,2017-02-21,Bmirror,1,1,1,996,stop,-1.29597,0.006757
GOLD,2017-02-22,A,-1,1,-1,794,target,0.67809,0.006492
GOLD,2017-02-22,B,1,1,-1,938,stop,-1.30809,0.006492
GOLD,2017-02-22,Bmirror,-1,1,-1,938,stop,-1.30809,0.006492
GOLD,2017-02-23,A,-1,1,1,757,stop,-1.06607,0.006081
GOLD,2017-02-24,A,-1,1,1,568,stop,-1.06309,0.006370
GOLD,2017-02-27,A,-1,1,-1,974,target,0.67697,0.006376
GOLD,2017-02-27,B,1,1,-1,461,stop,-1.31368,0.006376
GOLD,2017-02-27,Bmirror,-1,1,-1,461,stop,-1.31368,0.006376
GOLD,2017-02-28,B,-1,1,-1,669,stop,-1.31221,0.006406
GOLD,2017-02-28,Bmirror,1,1,-1,669,stop,-1.31221,0.006406
GOLD,2017-03-01,A,1,1,-1,730,target,0.67737,0.006356
GOLD,2017-03-01,B,-1,1,-1,124,stop,-1.31465,0.006356
GOLD,2017-03-01,Bmirror,1,1,-1,124,stop,-1.31465,0.006356
GOLD,2017-03-02,A,1,1,1,695,stop,-1.06501,0.006125
GOLD,2017-03-03,A,1,1,-1,356,target,0.67405,0.006038
GOLD,2017-03-03,B,-1,1,-1,1164,stop,-1.33121,0.006038
GOLD,2017-03-03,Bmirror,1,1,-1,1164,stop,-1.33121,0.006038
GOLD,2017-03-06,A,1,1,1,461,target,0.67402,0.006035
GOLD,2017-03-07,A,1,-1,-1,815,stop,-1.06240,0.006380
GOLD,2017-03-08,A,1,-1,-1,795,stop,-1.06503,0.006123
GOLD,2017-03-09,A,1,-1,-1,965,close,-0.53203,0.006266
GOLD,2017-03-09,B,-1,-1,-1,780,close,9.42328,0.006266
GOLD,2017-03-09,Bmirror,1,-1,-1,780,stop,-1.31918,0.006266
GOLD,2017-03-10,A,-1,-1,-1,844,target,0.67696,0.006375
GOLD,2017-03-10,B,-1,-1,-1,810,stop,-1.31370,0.006375
GOLD,2017-03-10,Bmirror,1,-1,-1,810,stop,-1.31370,0.006375
GOLD,2017-03-13,B,1,-1,1,694,stop,-1.31479,0.006353
GOLD,2017-03-13,Bmirror,-1,-1,1,694,close,1.97301,0.006353
GOLD,2017-03-14,A,-1,-1,-1,870,target,0.67238,0.005942
GOLD,2017-03-14,B,1,-1,-1,373,stop,-1.33661,0.005942
GOLD,2017-03-14,Bmirror,-1,-1,-1,373,stop,-1.33661,0.005942
GOLD,2017-03-15,A,-1,-1,-1,1080,stop,-1.06760,0.005943
GOLD,2017-03-15,B,1,-1,-1,746,stop,-1.33654,0.005943
GOLD,2017-03-15,Bmirror,-1,-1,-1,746,stop,-1.33654,0.005943
GOLD,2017-03-16,A,-1,-1,1,339,target,0.68115,0.006832
GOLD,2017-03-20,B,1,-1,1,719,stop,-1.31152,0.006420
GOLD,2017-03-20,Bmirror,-1,-1,1,719,stop,-1.31152,0.006420
GOLD,2017-03-21,A,1,-1,1,101,target,0.67783,0.006403
GOLD,2017-03-21,A,-1,-1,1,840,stop,-1.06276,0.006403
GOLD,2017-03-21,B,-1,-1,1,800,stop,-1.31234,0.006403
GOLD,2017-03-21,Bmirror,1,-1,1,800,target,12.08766,0.006403
GOLD,2017-03-23,A,-1,-1,-1,765,target,0.67933,0.006625
GOLD,2017-03-23,B,1,-1,-1,921,stop,-1.30189,0.006625
GOLD,2017-03-23,Bmirror,-1,-1,-1,921,stop,-1.30189,0.006625
GOLD,2017-03-24,A,-1,-1,-1,1155,target,0.67878,0.006565
GOLD,2017-03-24,B,-1,-1,-1,694,stop,-1.30463,0.006565
GOLD,2017-03-24,Bmirror,1,-1,-1,694,stop,-1.30463,0.006565
GOLD,2017-03-27,A,-1,1,1,462,target,0.68035,0.006739
GOLD,2017-03-27,B,1,1,1,989,close,1.56636,0.006739
GOLD,2017-03-27,Bmirror,-1,1,1,989,stop,-1.29677,0.006739
GOLD,2017-03-28,A,1,1,1,1192,target,0.68095,0.006740
GOLD,2017-03-28,B,1,1,1,1031,stop,-1.29673,0.006740
GOLD,2017-03-28,Bmirror,-1,1,1,1031,stop,-1.29673,0.006740
GOLD,2017-03-29,B,-1,1,-1,449,stop,-1.29620,0.006752
GOLD,2017-03-29,Bmirror,1,1,-1,449,stop,-1.29620,0.006752
GOLD,2017-03-30,A,1,1,1,811,target,0.68106,0.006753
GOLD,2017-03-31,A,-1,1,-1,1072,close,0.23616,0.006627
GOLD,2017-03-31,B,-1,1,-1,856,stop,-1.30180,0.006627
GOLD,2017-03-31,Bmirror,1,1,-1,856,stop,-1.30180,0.006627
GOLD,2017-04-03,B,-1,1,1,912,stop,-1.30597,0.006537
GOLD,2017-04-03,Bmirror,1,1,1,912,close,4.96369,0.006537
GOLD,2017-04-04,A,-1,1,1,768,target,0.67901,0.006590
GOLD,2017-04-04,B,1,1,1,881,close,1.61970,0.006590
GOLD,2017-04-04,Bmirror,-1,1,1,881,stop,-1.30349,0.006590
GOLD,2017-04-05,A,1,1,1,795,stop,-1.06153,0.006470
GOLD,2017-04-06,A,1,1,1,982,target,0.67845,0.006468
GOLD,2017-04-07,A,-1,1,-1,141,stop,-1.06513,0.006170
GOLD,2017-04-07,B,1,1,-1,1140,close,3.85043,0.006170
GOLD,2017-04-07,Bmirror,-1,1,-1,1140,stop,-1.32415,0.006170
GOLD,2017-04-10,A,1,1,-1,800,target,0.67561,0.006184
GOLD,2017-04-10,B,-1,1,-1,1009,stop,-1.32344,0.006184
GOLD,2017-04-10,Bmirror,1,1,-1,1009,stop,-1.32344,0.006184
GOLD,2017-04-11,A,-1,1,1,840,stop,-1.06867,0.005850
GOLD,2017-04-11,B,-1,1,1,217,stop,-1.34186,0.005850
GOLD,2017-04-11,Bmirror,1,1,1,217,target,12.05814,0.005850
GOLD,2017-04-12,A,-1,1,1,1217,stop,-1.06461,0.006219
GOLD,2017-04-12,B,1,1,1,227,stop,-1.32157,0.006219
GOLD,2017-04-12,Bmirror,-1,1,1,227,stop,-1.32157,0.006219
GOLD,2017-04-13,B,-1,1,1,1064,stop,-1.32372,0.006178
GOLD,2017-04-13,Bmirror,1,1,1,1064,stop,-1.32372,0.006178
GOLD,2017-04-17,A,1,1,1,414,target,0.67209,0.005865
GOLD,2017-04-18,A,-1,1,-1,994,close,0.12731,0.006197
GOLD,2017-04-19,A,1,1,1,564,stop,-1.06528,0.006100
GOLD,2017-04-20,B,1,1,-1,536,stop,-1.31085,0.006434
GOLD,2017-04-20,Bmirror,-1,1,-1,536,stop,-1.31085,0.006434
GOLD,2017-04-21,A,-1,1,1,968,target,0.66848,0.005616
GOLD,2017-04-21,B,-1,1,1,546,stop,-1.35612,0.005616
GOLD,2017-04-21,Bmirror,1,1,1,546,stop,-1.35612,0.005616
GOLD,2017-04-24,A,-1,1,-1,120,target,0.67490,0.006173
GOLD,2017-04-24,B,1,1,-1,782,stop,-1.32400,0.006173
GOLD,2017-04-24,Bmirror,-1,1,-1,782,stop,-1.32400,0.006173
GOLD,2017-04-25,A,1,1,1,544,stop,-1.06388,0.006232
GOLD,2017-04-26,A,-1,1,-1,1246,close,0.15329,0.006626
GOLD,2017-04-27,A,1,1,1,783,target,0.67792,0.006413
GOLD,2017-04-28,B,1,1,-1,861,close,5.10750,0.006462
GOLD,2017-04-28,Bmirror,-1,1,-1,861,stop,-1.30949,0.006462
GOLD,2017-05-01,A,1,1,1,160,target,0.67846,0.006469
GOLD,2017-05-02,B,-1,1,-1,1107,close,-0.54767,0.006762
GOLD,2017-05-02,Bmirror,1,1,-1,1107,stop,-1.29579,0.006762
GOLD,2017-05-03,A,1,1,1,900,stop,-1.05889,0.006758
GOLD,2017-05-04,A,1,-1,-1,798,stop,-1.05369,0.007409
GOLD,2017-05-05,A,-1,-1,-1,397,target,0.68687,0.007571
GOLD,2017-05-05,B,1,-1,-1,810,stop,-1.26418,0.007571
GOLD,2017-05-05,Bmirror,-1,-1,-1,810,stop,-1.26418,0.007571
GOLD,2017-05-08,A,-1,-1,-1,48,target,0.68534,0.007357
GOLD,2017-05-08,B,1,-1,-1,946,stop,-1.27184,0.007357
GOLD,2017-05-08,Bmirror,-1,-1,-1,946,stop,-1.27184,0.007357
GOLD,2017-05-09,A,1,-1,-1,823,stop,-1.05410,0.007353
GOLD,2017-05-11,A,-1,-1,-1,930,close,0.11505,0.007307
GOLD,2017-05-15,A,-1,-1,1,813,target,0.68559,0.007392
GOLD,2017-05-15,B,1,-1,1,520,close,0.83436,0.007392
GOLD,2017-05-15,Bmirror,-1,-1,1,520,stop,-1.27056,0.007392
GOLD,2017-05-16,A,-1,-1,1,941,close,0.15192,0.007407
GOLD,2017-05-17,A,-1,-1,1,64,target,0.68648,0.007515
GOLD,2017-05-18,A,1,-1,1,486,target,0.68970,0.007906
GOLD,2017-05-18,B,-1,-1,1,121,stop,-1.25297,0.007906
GOLD,2017-05-18,Bmirror,1,-1,1,121,stop,-1.25297,0.007906
GOLD,2017-05-19,A,-1,-1,-1,694,target,0.68937,0.007948
GOLD,2017-05-22,B,-1,-1,1,744,stop,-1.24929,0.008023
GOLD,2017-05-22,Bmirror,1,-1,1,744,close,2.88530,0.008023
GOLD,2017-05-23,A,1,-1,1,1049,close,-0.62722,0.007956
GOLD,2017-05-24,B,-1,-1,-1,549,stop,-1.24938,0.008020
GOLD,2017-05-24,Bmirror,1,-1,-1,549,stop,-1.24938,0.008020
GOLD,2017-05-25,B,-1,1,1,1000,close,1.90164,0.007934
GOLD,2017-05-25,Bmirror,1,1,1,1000,stop,-1.25209,0.007934
GOLD,2017-05-26,A,-1,-1,-1,486,stop,-1.05085,0.007913
GOLD,2017-05-30,A,1,1,-1,803,target,0.68860,0.007737
GOLD,2017-05-31,A,-1,1,-1,1073,stop,-1.05354,0.007513
GOLD,2017-06-01,A,1,1,1,804,target,0.68747,0.007572
GOLD,2017-06-02,A,-1,1,-1,827,stop,-1.05321,0.007559
GOLD,2017-06-02,B,-1,1,-1,810,stop,-1.26459,0.007559
GOLD,2017-06-02,Bmirror,1,1,-1,810,stop,-1.26459,0.007559
GOLD,2017-06-06,A,-1,1,-1,407,stop,-1.05431,0.007406
GOLD,2017-06-07,A,1,1,1,1136,close,-0.05373,0.007718
GOLD,2017-06-07,B,-1,1,1,941,close,7.15181,0.007718
GOLD,2017-06-07,Bmirror,1,1,1,941,stop,-1.25915,0.007718
GOLD,2017-06-08,A,1,1,-1,877,stop,-1.05613,0.007089
GOLD,2017-06-08,B,-1,1,-1,397,stop,-1.28214,0.007089
GOLD,2017-06-08,Bmirror,1,1,-1,397,stop,-1.28214,0.007089
GOLD,2017-06-09,A,1,1,-1,816,stop,-1.05650,0.007043
GOLD,2017-06-12,B,1,1,1,820,stop,-1.27152,0.007366
GOLD,2017-06-12,Bmirror,-1,1,1,820,stop,-1.27152,0.007366
GOLD,2017-06-13,B,-1,1,-1,946,stop,-1.27131,0.007372
GOLD,2017-06-13,Bmirror,1,1,-1,946,stop,-1.27131,0.007372
GOLD,2017-06-14,A,1,1,1,1221,close,0.22334,0.007337
GOLD,2017-06-14,A,-1,1,1,819,stop,-1.05481,0.007337
GOLD,2017-06-14,B,1,1,1,538,stop,-1.27258,0.007337
GOLD,2017-06-14,Bmirror,-1,1,1,538,stop,-1.27258,0.007337
GOLD,2017-06-15,A,1,1,-1,732,stop,-1.05446,0.007305
GOLD,2017-06-15,B,1,1,-1,402,stop,-1.27377,0.007305
GOLD,2017-06-15,Bmirror,-1,1,-1,402,target,12.12623,0.007305
GOLD,2017-06-19,A,1,-1,1,851,stop,-1.05357,0.007426
GOLD,2017-06-20,B,1,-1,-1,762,stop,-1.26008,0.007690
GOLD,2017-06-20,Bmirror,-1,-1,-1,762,stop,-1.26008,0.007690
GOLD,2017-06-21,B,-1,-1,1,936,stop,-1.26300,0.007604
GOLD,2017-06-21,Bmirror,1,-1,1,936,close,1.36807,0.007604
GOLD,2017-06-22,A,-1,-1,1,131,target,0.67802,0.006484
GOLD,2017-06-23,A,-1,-1,1,550,target,0.67417,0.006104
GOLD,2017-06-26,A,1,-1,1,541,stop,-1.06662,0.005977
GOLD,2017-06-27,A,-1,-1,-1,436,stop,-1.06286,0.006394
GOLD,2017-06-28,A,-1,-1,1,552,target,0.67625,0.006303
GOLD,2017-06-28,B,1,-1,1,902,close,0.76666,0.006303
GOLD,2017-06-28,Bmirror,-1,-1,1,902,stop,-1.31729,0.006303
GOLD,2017-06-29,A,1,-1,1,540,target,0.67633,0.006253
GOLD,2017-06-30,A,1,-1,-1,815,target,0.67660,0.006280
GOLD,2017-07-03,A,1,-1,-1,418,stop,-1.06664,0.005976
GOLD,2017-07-05,A,1,-1,1,661,target,0.68116,0.006764
GOLD,2017-07-05,B,1,-1,1,406,stop,-1.29570,0.006764
GOLD,2017-07-05,Bmirror,-1,-1,1,406,stop,-1.29570,0.006764
GOLD,2017-07-06,B,-1,-1,1,276,close,2.68853,0.006636
GOLD,2017-07-06,Bmirror,1,-1,1,276,stop,-1.30140,0.006636
GOLD,2017-07-07,A,1,-1,-1,6,target,0.67998,0.006631
GOLD,2017-07-07,B,-1,-1,-1,815,stop,-1.30160,0.006631
GOLD,2017-07-07,Bmirror,1,-1,-1,815,stop,-1.30160,0.006631
GOLD,2017-07-10,A,1,-1,1,435,target,0.67797,0.006418
GOLD,2017-07-10,B,-1,-1,1,750,stop,-1.31162,0.006418
GOLD,2017-07-10,Bmirror,1,-1,1,750,stop,-1.31162,0.006418
GOLD,2017-07-11,A,1,-1,1,928,target,0.67818,0.006439
GOLD,2017-07-11,B,-1,-1,1,983,stop,-1.31059,0.006439
GOLD,2017-07-11,Bmirror,1,-1,1,983,stop,-1.31059,0.006439
GOLD,2017-07-12,A,-1,-1,1,825,target,0.67172,0.005884
GOLD,2017-07-12,B,1,-1,1,694,stop,-1.33990,0.005884
GOLD,2017-07-12,Bmirror,-1,-1,1,694,stop,-1.33990,0.005884
GOLD,2017-07-13,A,-1,-1,1,452,target,0.67183,0.005893
GOLD,2017-07-13,B,1,-1,1,825,stop,-1.33937,0.005893
GOLD,2017-07-13,Bmirror,-1,-1,1,825,stop,-1.33937,0.005893
GOLD,2017-07-14,A,-1,-1,-1,747,stop,-1.06962,0.005770
GOLD,2017-07-14,B,-1,-1,-1,80,stop,-1.34661,0.005770
GOLD,2017-07-14,Bmirror,1,-1,-1,80,stop,-1.34661,0.005770
GOLD,2017-07-17,A,-1,-1,1,884,target,0.67241,0.005944
GOLD,2017-07-18,A,-1,-1,1,800,stop,-1.06686,0.006009
GOLD,2017-07-19,A,1,-1,1,536,target,0.67572,0.006194
GOLD,2017-07-19,B,-1,-1,1,777,stop,-1.32288,0.006194
GOLD,2017-07-19,Bmirror,1,-1,1,777,stop,-1.32288,0.006194
GOLD,2017-07-20,A,1,-1,-1,746,target,0.67549,0.006173
GOLD,2017-07-20,A,-1,-1,-1,945,target,0.67490,0.006173
GOLD,2017-07-20,B,-1,-1,-1,840,stop,-1.32401,0.006173
GOLD,2017-07-20,Bmirror,1,-1,-1,840,stop,-1.32401,0.006173
GOLD,2017-07-21,A,-1,-1,1,793,stop,-1.06630,0.006060
GOLD,2017-07-24,B,1,1,-1,387,stop,-1.31571,0.006335
GOLD,2017-07-24,Bmirror,-1,1,-1,387,stop,-1.31571,0.006335
GOLD,2017-07-25,A,1,1,1,663,target,0.67403,0.006036
GOLD,2017-07-25,B,1,1,1,509,stop,-1.33132,0.006036
GOLD,2017-07-25,Bmirror,-1,1,1,509,close,5.89172,0.006036
GOLD,2017-07-26,A,1,1,-1,454,target,0.67490,0.006117
GOLD,2017-07-26,A,-1,1,-1,1152,stop,-1.06569,0.006117
GOLD,2017-07-26,B,-1,1,-1,954,stop,-1.32698,0.006117
GOLD,2017-07-26,Bmirror,1,1,-1,954,stop,-1.32698,0.006117
GOLD,2017-07-27,A,1,1,1,1040,target,0.67805,0.006426
GOLD,2017-07-27,B,1,1,1,498,stop,-1.31121,0.006426
GOLD,2017-07-27,Bmirror,-1,1,1,498,stop,-1.31121,0.006426
GOLD,2017-07-28,A,-1,1,-1,812,stop,-1.06302,0.006377
GOLD,2017-08-01,A,1,1,-1,799,target,0.67395,0.006029
GOLD,2017-08-01,B,-1,1,-1,891,stop,-1.33174,0.006029
GOLD,2017-08-01,Bmirror,1,1,-1,891,stop,-1.33174,0.006029
GOLD,2017-08-02,A,1,1,-1,830,target,0.67337,0.005977
GOLD,2017-08-02,B,-1,1,-1,881,stop,-1.33464,0.005977
GOLD,2017-08-02,Bmirror,1,1,-1,881,stop,-1.33464,0.005977
GOLD,2017-08-03,A,1,1,-1,3,stop,-1.06645,0.005993
GOLD,2017-08-03,B,-1,1,-1,750,stop,-1.33374,0.005993
GOLD,2017-08-03,Bmirror,1,1,-1,750,stop,-1.33374,0.005993
GOLD,2017-08-04,A,1,1,1,810,stop,-1.06694,0.005949
GOLD,2017-08-08,A,1,1,-1,945,target,0.66120,0.005057
GOLD,2017-08-08,A,-1,1,-1,682,stop,-1.07939,0.005057
GOLD,2017-08-09,A,-1,1,1,111,target,0.66096,0.005079
GOLD,2017-08-10,A,-1,1,1,727,stop,-1.07227,0.005558
GOLD,2017-08-11,A,1,1,1,843,target,0.66973,0.005669
GOLD,2017-08-11,A,-1,1,1,810,target,0.66914,0.005669
GOLD,2017-08-11,B,-1,1,1,251,stop,-1.35282,0.005669
GOLD,2017-08-11,Bmirror,1,1,1,251,stop,-1.35282,0.005669
GOLD,2017-08-14,A,1,1,-1,511,stop,-1.07885,0.005054
GOLD,2017-08-14,B,-1,1,-1,244,stop,-1.39571,0.005054
GOLD,2017-08-14,Bmirror,1,1,-1,244,stop,-1.39571,0.005054
GOLD,2017-08-15,A,1,1,-1,129,stop,-1.07482,0.005325
GOLD,2017-08-16,A,-1,1,-1,1092,stop,-1.07117,0.005644
GOLD,2017-08-16,B,-1,1,-1,889,stop,-1.35438,0.005644
GOLD,2017-08-16,Bmirror,1,1,-1,889,target,12.04562,0.005644
GOLD,2017-08-17,A,-1,1,1,482,target,0.67171,0.005883
GOLD,2017-08-17,B,1,1,1,681,stop,-1.33999,0.005883
GOLD,2017-08-17,Bmirror,-1,1,1,681,stop,-1.33999,0.005883
GOLD,2017-08-18,A,-1,1,1,480,stop,-1.06855,0.005860
GOLD,2017-08-18,B,-1,1,1,468,stop,-1.34127,0.005860
GOLD,2017-08-18,Bmirror,1,1,1,468,target,12.05873,0.005860
GOLD,2017-08-21,A,-1,1,-1,510,stop,-1.06953,0.005777
GOLD,2017-08-22,A,1,1,1,480,target,0.67175,0.005836
GOLD,2017-08-22,B,-1,1,1,864,close,6.94739,0.005836
GOLD,2017-08-22,Bmirror,1,1,1,864,stop,-1.34273,0.005836
GOLD,2017-08-23,A,-1,1,-1,736,target,0.67175,0.005886
GOLD,2017-08-24,A,1,1,1,582,target,0.67295,0.005939
GOLD,2017-08-25,A,1,1,-1,881,stop,-1.06609,0.006026
GOLD,2017-08-25,A,-1,1,-1,857,target,0.67332,0.006026
GOLD,2017-08-25,B,1,1,-1,881,stop,-1.33192,0.006026
GOLD,2017-08-25,Bmirror,-1,1,-1,881,stop,-1.33192,0.006026
GOLD,2017-08-28,A,-1,1,1,439,stop,-1.06884,0.005835
GOLD,2017-08-29,A,1,1,1,1150,stop,-1.05637,0.007059
GOLD,2017-08-29,A,-1,1,1,540,target,0.68304,0.007059
GOLD,2017-08-29,B,-1,1,1,454,stop,-1.28331,0.007059
GOLD,2017-08-29,Bmirror,1,1,1,454,stop,-1.28331,0.007059
GOLD,2017-08-30,A,1,1,-1,798,target,0.68396,0.007101
GOLD,2017-08-30,B,-1,1,-1,137,stop,-1.28167,0.007101
GOLD,2017-08-30,Bmirror,1,1,-1,137,stop,-1.28167,0.007101
GOLD,2017-08-31,A,1,1,-1,163,target,0.68259,0.006931
GOLD,2017-08-31,A,-1,1,-1,920,stop,-1.05801,0.006931
GOLD,2017-08-31,B,-1,1,-1,812,stop,-1.28855,0.006931
GOLD,2017-08-31,Bmirror,1,1,-1,812,stop,-1.28855,0.006931
GOLD,2017-09-01,A,-1,1,1,810,target,0.68327,0.007088
GOLD,2017-09-01,B,1,1,1,828,stop,-1.28218,0.007088
GOLD,2017-09-01,Bmirror,-1,1,1,828,stop,-1.28218,0.007088
GOLD,2017-09-04,B,1,1,1,590,stop,-1.28170,0.007100
GOLD,2017-09-04,Bmirror,-1,1,1,590,stop,-1.28170,0.007100
GOLD,2017-09-05,A,1,1,-1,742,target,0.68395,0.007099
GOLD,2017-09-05,A,-1,1,-1,1164,close,0.18853,0.007099
GOLD,2017-09-05,B,1,1,-1,516,stop,-1.28172,0.007099
GOLD,2017-09-05,Bmirror,-1,1,-1,516,stop,-1.28172,0.007099
GOLD,2017-09-06,A,1,1,1,1078,close,-0.17851,0.007139
GOLD,2017-09-06,B,-1,1,1,642,close,7.73372,0.007139
GOLD,2017-09-06,Bmirror,1,1,1,642,stop,-1.28016,0.007139
GOLD,2017-09-07,A,-1,1,-1,811,stop,-1.05522,0.007283
GOLD,2017-09-08,A,-1,1,1,360,target,0.68633,0.007494
GOLD,2017-09-08,B,1,1,1,829,stop,-1.26688,0.007494
GOLD,2017-09-08,Bmirror,-1,1,1,829,stop,-1.26688,0.007494
GOLD,2017-09-11,A,1,1,-1,1207,close,-0.00972,0.007561
GOLD,2017-09-11,B,1,1,-1,457,stop,-1.26452,0.007561
GOLD,2017-09-11,Bmirror,-1,1,-1,457,stop,-1.26452,0.007561
GOLD,2017-09-12,B,-1,1,-1,801,stop,-1.26057,0.007676
GOLD,2017-09-12,Bmirror,1,1,-1,801,stop,-1.26057,0.007676
GOLD,2017-09-13,A,1,1,1,921,close,-0.28810,0.007668
GOLD,2017-09-14,A,-1,1,-1,1135,target,0.68680,0.007561
GOLD,2017-09-14,B,1,1,-1,747,stop,-1.26453,0.007561
GOLD,2017-09-14,Bmirror,-1,1,-1,747,stop,-1.26453,0.007561
GOLD,2017-09-15,A,1,1,1,492,stop,-1.05258,0.007564
GOLD,2017-09-18,A,1,1,-1,942,close,-0.51189,0.007925
GOLD,2017-09-20,A,1,1,1,1150,stop,-1.05100,0.007797
GOLD,2017-09-20,B,1,1,1,878,stop,-1.25650,0.007797
GOLD,2017-09-20,Bmirror,-1,1,1,878,stop,-1.25650,0.007797
GOLD,2017-09-21,A,1,-1,-1,485,target,0.68883,0.007772
GOLD,2017-09-25,A,-1,-1,-1,969,stop,-1.05062,0.007949
GOLD,2017-09-25,B,-1,-1,-1,132,stop,-1.25162,0.007949
GOLD,2017-09-25,Bmirror,1,-1,-1,132,stop,-1.25162,0.007949
GOLD,2017-09-26,A,1,-1,1,697,stop,-1.04839,0.008216
GOLD,2017-09-26,B,1,-1,1,464,stop,-1.24342,0.008216
GOLD,2017-09-26,Bmirror,-1,-1,1,464,target,12.15658,0.008216
GOLD,2017-09-27,A,1,-1,-1,572,target,0.69306,0.008468
GOLD,2017-09-27,B,-1,-1,-1,120,stop,-1.23618,0.008468
GOLD,2017-09-27,Bmirror,1,-1,-1,120,stop,-1.23618,0.008468
GOLD,2017-09-28,B,-1,-1,-1,631,stop,-1.23281,0.008591
GOLD,2017-09-28,Bmirror,1,-1,-1,631,stop,-1.23281,0.008591
GOLD,2017-10-03,B,-1,-1,-1,451,stop,-1.26942,0.007423
GOLD,2017-10-03,Bmirror,1,-1,-1,451,stop,-1.26942,0.007423
GOLD,2017-10-04,A,-1,-1,1,706,target,0.68547,0.007375
GOLD,2017-10-04,B,1,-1,1,906,stop,-1.27118,0.007375
GOLD,2017-10-04,Bmirror,-1,-1,1,906,stop,-1.27118,0.007375
GOLD,2017-10-05,A,1,-1,1,1202,close,-0.03216,0.007394
GOLD,2017-10-05,B,1,-1,1,855,stop,-1.27049,0.007394
GOLD,2017-10-05,Bmirror,-1,-1,1,855,stop,-1.27049,0.007394
GOLD,2017-10-06,A,1,-1,-1,874,target,0.68406,0.007112
GOLD,2017-10-06,A,-1,-1,-1,1011,target,0.68346,0.007112
GOLD,2017-10-06,B,-1,-1,-1,815,stop,-1.28120,0.007112
GOLD,2017-10-06,Bmirror,1,-1,-1,815,stop,-1.28120,0.007112
GOLD,2017-10-09,A,-1,-1,-1,194,target,0.68223,0.006959
GOLD,2017-10-10,A,-1,-1,1,660,close,0.60669,0.007119
GOLD,2017-10-12,B,1,-1,1,815,stop,-1.28502,0.007017
GOLD,2017-10-12,Bmirror,-1,-1,1,815,stop,-1.28502,0.007017
GOLD,2017-10-13,A,-1,-1,1,816,close,-0.62342,0.006613
GOLD,2017-10-13,B,1,-1,1,561,stop,-1.30245,0.006613
GOLD,2017-10-13,Bmirror,-1,-1,1,561,stop,-1.30245,0.006613
GOLD,2017-10-16,A,1,1,-1,1183,stop,-1.06023,0.006609
GOLD,2017-10-16,B,1,1,-1,1098,stop,-1.30262,0.006609
GOLD,2017-10-16,Bmirror,-1,1,-1,1098,target,12.09738,0.006609
GOLD,2017-10-17,A,1,-1,-1,449,stop,-1.06020,0.006612
GOLD,2017-10-18,A,1,-1,-1,722,target,0.68088,0.006732
GOLD,2017-10-18,B,1,-1,-1,372,stop,-1.29709,0.006732
GOLD,2017-10-18,Bmirror,-1,-1,-1,372,close,4.64846,0.006732
GOLD,2017-10-19,A,-1,-1,-1,682,stop,-1.06039,0.006656
GOLD,2017-10-19,B,-1,-1,-1,460,stop,-1.30049,0.006656
GOLD,2017-10-19,Bmirror,1,-1,-1,460,target,12.09951,0.006656
GOLD,2017-10-20,A,1,-1,1,186,stop,-1.05985,0.006651
GOLD,2017-10-23,B,-1,-1,-1,1016,stop,-1.30669,0.006521
GOLD,2017-10-23,Bmirror,1,-1,-1,1016,stop,-1.30669,0.006521
GOLD,2017-10-24,A,1,1,1,784,target,0.67818,0.006440
GOLD,2017-10-25,B,-1,-1,-1,851,stop,-1.31002,0.006451
GOLD,2017-10-25,Bmirror,1,-1,-1,851,stop,-1.31002,0.006451
GOLD,2017-10-26,A,1,1,1,783,target,0.67695,0.006314
GOLD,2017-10-26,B,1,1,1,506,stop,-1.31675,0.006314
GOLD,2017-10-26,Bmirror,-1,1,1,506,stop,-1.31675,0.006314
GOLD,2017-10-27,A,-1,-1,-1,908,target,0.67766,0.006447
GOLD,2017-10-27,B,-1,-1,-1,828,stop,-1.31020,0.006447
GOLD,2017-10-27,Bmirror,1,-1,-1,828,stop,-1.31020,0.006447
GOLD,2017-10-30,A,-1,1,-1,998,target,0.67771,0.006452
GOLD,2017-10-30,B,-1,1,-1,633,stop,-1.30998,0.006452
GOLD,2017-10-30,Bmirror,1,1,-1,633,stop,-1.30998,0.006452
GOLD,2017-10-31,A,1,1,1,764,close,-0.15132,0.005983
GOLD,2017-11-01,A,-1,-1,-1,392,stop,-1.07060,0.005689
GOLD,2017-11-02,A,-1,-1,1,104,target,0.66710,0.005509
GOLD,2017-11-02,B,1,-1,1,715,stop,-1.36304,0.005509
GOLD,2017-11-02,Bmirror,-1,-1,1,715,stop,-1.36304,0.005509
GOLD,2017-11-03,A,1,-1,1,877,stop,-1.07258,0.005489
GOLD,2017-11-03,B,-1,-1,1,750,stop,-1.36439,0.005489
GOLD,2017-11-03,Bmirror,1,-1,1,750,stop,-1.36439,0.005489
GOLD,2017-11-06,A,-1,-1,1,986,stop,-1.07279,0.005518
GOLD,2017-11-06,B,-1,-1,1,154,stop,-1.36246,0.005518
GOLD,2017-11-06,Bmirror,1,-1,1,154,stop,-1.36246,0.005518
GOLD,2017-11-07,A,1,-1,1,918,target,0.66938,0.005641
GOLD,2017-11-07,B,-1,-1,1,871,close,6.57852,0.005641
GOLD,2017-11-07,Bmirror,1,-1,1,871,stop,-1.35457,0.005641
GOLD,2017-11-08,A,-1,-1,-1,857,stop,-1.07102,0.005656
GOLD,2017-11-09,A,-1,-1,1,690,target,0.66930,0.005681
GOLD,2017-11-10,A,1,1,1,970,stop,-1.07091,0.005618
GOLD,2017-11-14,A,1,-1,1,482,target,0.66988,0.005680
GOLD,2017-11-14,A,-1,-1,1,1104,target,0.66928,0.005680
GOLD,2017-11-14,B,-1,-1,1,902,stop,-1.35210,0.005680
GOLD,2017-11-14,Bmirror,1,-1,1,902,stop,-1.35210,0.005680
GOLD,2017-11-15,A,-1,1,1,585,target,0.66863,0.005628
GOLD,2017-11-15,B,1,1,1,908,stop,-1.35539,0.005628
GOLD,2017-11-15,Bmirror,-1,1,1,908,stop,-1.35539,0.005628
GOLD,2017-11-16,B,-1,-1,-1,810,stop,-1.35686,0.005604
GOLD,2017-11-16,Bmirror,1,-1,-1,810,stop,-1.35686,0.005604
GOLD,2017-11-17,A,-1,1,-1,834,stop,-1.07186,0.005589
GOLD,2017-11-20,A,1,1,-1,857,stop,-1.06729,0.005918
GOLD,2017-11-21,B,-1,1,-1,850,stop,-1.31915,0.006267
GOLD,2017-11-21,Bmirror,1,1,-1,850,stop,-1.31915,0.006267
GOLD,2017-11-22,A,-1,1,1,850,stop,-1.06618,0.006071
GOLD,2017-11-22,B,-1,1,1,369,stop,-1.32943,0.006071
GOLD,2017-11-22,Bmirror,1,1,1,369,target,12.07057,0.006071
GOLD,2017-11-23,B,-1,1,1,634,stop,-1.32402,0.006173
GOLD,2017-11-23,Bmirror,1,1,1,634,stop,-1.32402,0.006173
GOLD,2017-11-24,A,1,1,1,692,target,0.67315,0.005957
GOLD,2017-11-24,B,-1,1,1,874,close,3.47706,0.005957
GOLD,2017-11-24,Bmirror,1,1,1,874,stop,-1.33574,0.005957
GOLD,2017-11-27,A,-1,1,-1,497,stop,-1.06986,0.005750
GOLD,2017-11-28,B,-1,1,1,925,stop,-1.34343,0.005824
GOLD,2017-11-28,Bmirror,1,1,1,925,stop,-1.34343,0.005824
GOLD,2017-11-29,A,1,1,-1,804,stop,-1.06936,0.005742
GOLD,2017-11-30,A,1,1,-1,803,target,0.67339,0.005978
GOLD,2017-12-01,A,-1,-1,-1,969,stop,-1.06896,0.005825
GOLD,2017-12-01,B,1,-1,-1,730,stop,-1.34334,0.005825
GOLD,2017-12-01,Bmirror,-1,-1,-1,730,stop,-1.34334,0.005825
GOLD,2017-12-04,B,-1,-1,-1,508,stop,-1.34089,0.005867
GOLD,2017-12-04,Bmirror,1,-1,-1,508,stop,-1.34089,0.005867
GOLD,2017-12-05,A,1,1,1,846,stop,-1.06833,0.005829
GOLD,2017-12-06,B,1,-1,-1,739,stop,-1.33585,0.005955
GOLD,2017-12-06,Bmirror,-1,-1,-1,739,stop,-1.33585,0.005955
GOLD,2017-12-07,A,1,-1,-1,393,stop,-1.06760,0.005892
GOLD,2017-12-08,B,1,-1,-1,812,stop,-1.30868,0.006479
GOLD,2017-12-08,Bmirror,-1,-1,-1,812,stop,-1.30868,0.006479
GOLD,2017-12-11,A,1,-1,1,1166,close,-0.30479,0.006385
GOLD,2017-12-12,A,1,-1,-1,940,target,0.67572,0.006194
GOLD,2017-12-12,B,1,-1,-1,730,stop,-1.32287,0.006194
GOLD,2017-12-12,Bmirror,-1,-1,-1,730,stop,-1.32287,0.006194
GOLD,2017-12-13,A,-1,-1,1,1135,stop,-1.06482,0.006200
GOLD,2017-12-13,B,-1,-1,1,810,stop,-1.32260,0.006200
GOLD,2017-12-13,Bmirror,1,-1,1,810,stop,-1.32260,0.006200
GOLD,2017-12-14,B,1,-1,1,545,stop,-1.31008,0.006450
GOLD,2017-12-14,Bmirror,-1,-1,1,545,stop,-1.31008,0.006450
GOLD,2017-12-15,A,-1,-1,-1,786,target,0.67713,0.006392
GOLD,2017-12-15,B,1,-1,-1,1001,close,1.08737,0.006392
GOLD,2017-12-15,Bmirror,-1,-1,-1,1001,stop,-1.31289,0.006392
GOLD,2017-12-18,A,-1,-1,-1,756,target,0.67481,0.006164
GOLD,2017-12-19,B,1,-1,1,799,stop,-1.31781,0.006293
GOLD,2017-12-19,Bmirror,-1,-1,1,799,stop,-1.31781,0.006293
GOLD,2017-12-20,A,-1,-1,1,1056,target,0.67584,0.006263
GOLD,2017-12-21,B,-1,-1,1,810,stop,-1.31640,0.006321
GOLD,2017-12-21,Bmirror,1,-1,1,810,stop,-1.31640,0.006321
GOLD,2017-12-22,A,-1,-1,1,936,close,-0.35310,0.006324
GOLD,2017-12-26,A,-1,-1,-1,372,stop,-1.06759,0.005944
GOLD,2017-12-27,A,-1,1,1,934,close,0.02226,0.005685
GOLD,2017-12-28,A,-1,1,1,495,target,0.66998,0.005737
GOLD,2017-12-29,A,-1,1,1,808,stop,-1.07106,0.005652
GOLD,2018-01-02,A,-1,1,1,632,stop,-1.06878,0.005841
GOLD,2018-01-03,A,1,1,1,159,target,0.67561,0.006184
GOLD,2018-01-04,A,-1,1,-1,805,target,0.67621,0.006300
GOLD,2018-01-04,B,-1,1,-1,470,stop,-1.31746,0.006300
GOLD,2018-01-04,Bmirror,1,1,-1,470,stop,-1.31746,0.006300
GOLD,2018-01-05,A,1,1,1,856,target,0.67842,0.006464
GOLD,2018-01-05,B,-1,1,1,810,stop,-1.30939,0.006464
GOLD,2018-01-05,Bmirror,1,1,1,810,stop,-1.30939,0.006464
GOLD,2018-01-08,B,-1,1,-1,644,stop,-1.33490,0.005972
GOLD,2018-01-08,Bmirror,1,1,-1,644,stop,-1.33490,0.005972
GOLD,2018-01-09,A,1,1,-1,819,target,0.67315,0.005957
GOLD,2018-01-10,A,-1,1,-1,612,stop,-1.06692,0.006004
GOLD,2018-01-11,A,-1,1,1,1082,close,0.20810,0.006079
GOLD,2018-01-11,B,1,1,1,264,stop,-1.32900,0.006079
GOLD,2018-01-11,Bmirror,-1,1,1,264,stop,-1.32900,0.006079
GOLD,2018-01-12,A,-1,1,1,260,stop,-1.06960,0.005772
GOLD,2018-01-12,B,1,1,1,810,target,12.05350,0.005772
GOLD,2018-01-12,Bmirror,-1,1,1,810,stop,-1.34650,0.005772
GOLD,2018-01-15,A,-1,1,-1,143,target,0.66203,0.005150
GOLD,2018-01-16,A,1,1,1,526,stop,-1.07754,0.005139
GOLD,2018-01-16,B,-1,1,1,153,target,12.01083,0.005139
GOLD,2018-01-16,Bmirror,1,1,1,153,stop,-1.38917,0.005139
GOLD,2018-01-17,A,1,1,-1,286,target,0.66283,0.005164
GOLD,2018-01-17,B,1,1,-1,169,stop,-1.38731,0.005164
GOLD,2018-01-17,Bmirror,-1,1,-1,169,target,12.01269,0.005164
GOLD,2018-01-18,B,-1,1,-1,346,stop,-1.36296,0.005510
GOLD,2018-01-18,Bmirror,1,1,-1,346,stop,-1.36296,0.005510
GOLD,2018-01-19,A,-1,1,-1,477,stop,-1.07266,0.005528
GOLD,2018-01-22,A,1,1,1,411,target,0.66533,0.005335
GOLD,2018-01-22,B,-1,1,1,941,stop,-1.37485,0.005335
GOLD,2018-01-22,Bmirror,1,1,1,941,stop,-1.37485,0.005335
GOLD,2018-01-23,A,-1,1,-1,675,target,0.66524,0.005372
GOLD,2018-01-23,B,1,1,-1,850,stop,-1.37232,0.005372
GOLD,2018-01-23,Bmirror,-1,1,-1,850,stop,-1.37232,0.005372
GOLD,2018-01-24,A,-1,1,1,492,stop,-1.07409,0.005420
GOLD,2018-01-25,A,1,1,1,1163,stop,-1.07058,0.005643
GOLD,2018-01-25,A,-1,1,1,169,stop,-1.07118,0.005643
GOLD,2018-01-25,B,1,1,1,858,stop,-1.35440,0.005643
GOLD,2018-01-25,Bmirror,-1,1,1,858,stop,-1.35440,0.005643
GOLD,2018-01-26,A,-1,1,-1,103,stop,-1.06740,0.005961
GOLD,2018-01-29,A,1,1,1,523,target,0.67309,0.005952
GOLD,2018-01-30,A,1,1,-1,164,target,0.67599,0.006220
GOLD,2018-01-30,A,-1,1,-1,853,target,0.67540,0.006220
GOLD,2018-01-30,B,-1,1,-1,590,stop,-1.32154,0.006220
GOLD,2018-01-30,Bmirror,1,1,-1,590,stop,-1.32154,0.006220
GOLD,2018-01-31,A,-1,1,-1,393,target,0.67574,0.006254
GOLD,2018-01-31,B,1,1,-1,1140,stop,-1.31980,0.006254
GOLD,2018-01-31,Bmirror,-1,1,-1,1140,stop,-1.31980,0.006254
GOLD,2018-02-01,A,1,1,1,443,target,0.67577,0.006199
GOLD,2018-02-01,B,-1,1,1,253,stop,-1.32263,0.006199
GOLD,2018-02-01,Bmirror,1,1,1,253,stop,-1.32263,0.006199
GOLD,2018-02-02,A,1,1,1,810,stop,-1.06445,0.006178
GOLD,2018-02-05,A,-1,1,-1,1205,target,0.67854,0.006540
GOLD,2018-02-05,B,-1,1,-1,361,stop,-1.30580,0.006540
GOLD,2018-02-05,Bmirror,1,1,-1,361,stop,-1.30580,0.006540
GOLD,2018-02-06,A,1,1,1,825,stop,-1.06008,0.006625
GOLD,2018-02-06,B,-1,1,1,118,stop,-1.30189,0.006625
GOLD,2018-02-06,Bmirror,1,1,1,118,stop,-1.30189,0.006625
GOLD,2018-02-07,A,1,-1,-1,1007,stop,-1.05874,0.006776
GOLD,2018-02-07,A,-1,-1,-1,439,target,0.68067,0.006776
GOLD,2018-02-07,B,1,-1,-1,736,stop,-1.29516,0.006776
GOLD,2018-02-07,Bmirror,-1,-1,-1,736,target,12.10484,0.006776
GOLD,2018-02-08,A,1,-1,-1,264,stop,-1.05950,0.006689
GOLD,2018-02-08,B,-1,-1,-1,1041,stop,-1.29900,0.006689
GOLD,2018-02-08,Bmirror,1,-1,-1,1041,stop,-1.29900,0.006689
GOLD,2018-02-09,A,1,-1,1,485,stop,-1.06103,0.006523
GOLD,2018-02-12,A,-1,-1,1,94,target,0.67907,0.006597
GOLD,2018-02-13,A,-1,-1,1,509,target,0.67972,0.006669
GOLD,2018-02-14,A,1,-1,1,810,stop,-1.05946,0.006693
GOLD,2018-02-14,A,-1,-1,1,906,stop,-1.06006,0.006693
GOLD,2018-02-14,B,1,-1,1,470,stop,-1.29880,0.006693
GOLD,2018-02-14,Bmirror,-1,-1,1,470,stop,-1.29880,0.006693
GOLD,2018-02-15,B,-1,1,1,817,stop,-1.27015,0.007403
GOLD,2018-02-15,Bmirror,1,1,1,817,stop,-1.27015,0.007403
GOLD,2018-02-16,A,1,1,1,1146,close,0.27998,0.007379
GOLD,2018-02-16,A,-1,1,1,571,target,0.68549,0.007379
GOLD,2018-02-16,B,1,1,1,745,stop,-1.27105,0.007379
GOLD,2018-02-16,Bmirror,-1,1,1,745,stop,-1.27105,0.007379
GOLD,2018-02-20,A,1,-1,-1,456,target,0.68359,0.007054
GOLD,2018-02-21,A,1,-1,-1,1207,close,0.37753,0.007457
GOLD,2018-02-21,B,-1,-1,-1,594,stop,-1.26822,0.007457
GOLD,2018-02-21,Bmirror,1,-1,-1,594,stop,-1.26822,0.007457
GOLD,2018-02-22,B,-1,-1,-1,834,stop,-1.27685,0.007224
GOLD,2018-02-22,Bmirror,1,-1,-1,834,stop,-1.27685,0.007224
GOLD,2018-02-23,B,-1,-1,1,706,stop,-1.27600,0.007246
GOLD,2018-02-23,Bmirror,1,-1,1,706,stop,-1.27600,0.007246
GOLD,2018-02-26,A,-1,-1,-1,98,stop,-1.05573,0.007216
GOLD,2018-02-27,A,1,-1,1,810,target,0.68523,0.007263
GOLD,2018-02-27,B,1,-1,1,270,stop,-1.27535,0.007263
GOLD,2018-02-27,Bmirror,-1,-1,1,270,stop,-1.27535,0.007263
GOLD,2018-02-28,B,1,-1,-1,819,stop,-1.26749,0.007477
GOLD,2018-02-28,Bmirror,-1,-1,-1,819,stop,-1.26749,0.007477
GOLD,2018-03-01,A,1,-1,-1,558,stop,-1.05623,0.007077
GOLD,2018-03-02,A,-1,-1,-1,677,target,0.68222,0.006958
GOLD,2018-03-05,B,1,1,1,744,stop,-1.28567,0.007001
GOLD,2018-03-05,Bmirror,-1,1,1,744,close,3.33064,0.007001
GOLD,2018-03-06,A,-1,1,-1,717,stop,-1.05861,0.006859
GOLD,2018-03-06,B,1,1,-1,435,target,12.10842,0.006859
GOLD,2018-03-06,Bmirror,-1,1,-1,435,stop,-1.29158,0.006859
GOLD,2018-03-07,A,1,1,1,480,stop,-1.05337,0.007453
GOLD,2018-03-08,B,1,1,-1,696,stop,-1.25938,0.007711
GOLD,2018-03-08,Bmirror,-1,1,-1,696,stop,-1.25938,0.007711
GOLD,2018-03-09,A,1,-1,-1,811,target,0.68831,0.007695
GOLD,2018-03-09,B,-1,-1,-1,810,stop,-1.25992,0.007695
GOLD,2018-03-09,Bmirror,1,-1,-1,810,stop,-1.25992,0.007695
GOLD,2018-03-12,A,1,-1,1,662,target,0.68592,0.007357
GOLD,2018-03-12,B,-1,-1,1,1122,stop,-1.27187,0.007357
GOLD,2018-03-12,Bmirror,1,-1,1,1122,stop,-1.27187,0.007357
GOLD,2018-03-13,A,1,-1,1,463,target,0.68507,0.007243
GOLD,2018-03-13,B,-1,-1,1,762,stop,-1.27612,0.007243
GOLD,2018-03-13,Bmirror,1,-1,1,762,stop,-1.27612,0.007243
GOLD,2018-03-14,B,1,-1,1,388,stop,-1.29223,0.006844
GOLD,2018-03-14,Bmirror,-1,-1,1,388,stop,-1.29223,0.006844
GOLD,2018-03-15,A,1,-1,-1,782,close,-0.51175,0.006769
GOLD,2018-03-16,B,1,-1,-1,795,stop,-1.28915,0.006917
GOLD,2018-03-16,Bmirror,-1,-1,-1,795,close,2.62880,0.006917
GOLD,2018-03-19,B,-1,-1,1,736,stop,-1.29161,0.006859
GOLD,2018-03-19,Bmirror,1,-1,1,736,stop,-1.29161,0.006859
GOLD,2018-03-20,A,1,-1,1,742,close,0.13630,0.006811
GOLD,2018-03-21,A,-1,-1,-1,474,stop,-1.05986,0.006715
GOLD,2018-03-22,A,1,-1,1,1028,target,0.68103,0.006750
GOLD,2018-03-22,B,-1,-1,1,454,stop,-1.29631,0.006750
GOLD,2018-03-22,Bmirror,1,-1,1,454,stop,-1.29631,0.006750
GOLD,2018-03-23,A,-1,1,1,379,stop,-1.05954,0.006752
GOLD,2018-03-26,B,-1,1,1,868,stop,-1.27980,0.007148
GOLD,2018-03-26,Bmirror,1,1,1,868,stop,-1.27980,0.007148
GOLD,2018-03-27,A,1,1,1,731,stop,-1.05564,0.007151
GOLD,2018-03-27,B,1,1,1,543,stop,-1.27968,0.007151
GOLD,2018-03-27,Bmirror,-1,1,1,543,target,12.12032,0.007151
GOLD,2018-03-28,A,1,1,-1,698,stop,-1.05827,0.006830
GOLD,2018-04-02,A,-1,1,1,753,stop,-1.05391,0.007460
GOLD,2018-04-03,A,1,1,1,912,close,-0.00278,0.007775
GOLD,2018-04-03,B,-1,1,1,806,close,6.90093,0.007775
GOLD,2018-04-03,Bmirror,1,1,1,806,stop,-1.25723,0.007775
GOLD,2018-04-04,A,-1,1,-1,550,stop,-1.05145,0.007819
GOLD,2018-04-04,B,1,1,-1,1167,stop,-1.25579,0.007819
GOLD,2018-04-04,Bmirror,-1,1,-1,1167,stop,-1.25579,0.007819
GOLD,2018-04-05,A,1,1,1,443,target,0.68653,0.007439
GOLD,2018-04-06,A,1,1,-1,509,target,0.68693,0.007495
GOLD,2018-04-06,B,1,1,-1,324,stop,-1.26684,0.007495
GOLD,2018-04-06,Bmirror,-1,1,-1,324,stop,-1.26684,0.007495
GOLD,2018-04-09,B,-1,1,1,834,stop,-1.26771,0.007471
GOLD,2018-04-09,Bmirror,1,1,1,834,stop,-1.26771,0.007471
GOLD,2018-04-10,B,-1,1,1,508,stop,-1.26761,0.007474
GOLD,2018-04-10,Bmirror,1,1,1,508,stop,-1.26761,0.007474
GOLD,2018-04-11,A,-1,1,1,722,stop,-1.05366,0.007495
GOLD,2018-04-12,A,1,1,1,600,stop,-1.05522,0.007205
GOLD,2018-04-13,A,-1,1,-1,905,close,-0.15161,0.007213
GOLD,2018-04-13,B,1,1,-1,723,stop,-1.27728,0.007213
GOLD,2018-04-13,Bmirror,-1,1,-1,723,stop,-1.27728,0.007213
GOLD,2018-04-16,A,-1,1,-1,900,target,0.68487,0.007294
GOLD,2018-04-16,B,1,1,-1,481,stop,-1.27418,0.007294
GOLD,2018-04-16,Bmirror,-1,1,-1,481,stop,-1.27418,0.007294
GOLD,2018-04-17,A,1,1,1,822,target,0.68562,0.007315
GOLD,2018-04-17,B,-1,1,1,1078,stop,-1.27340,0.007315
GOLD,2018-04-17,Bmirror,1,1,1,1078,stop,-1.27340,0.007315
GOLD,2018-04-18,A,-1,-1,-1,866,target,0.68502,0.007314
GOLD,2018-04-18,B,-1,-1,-1,544,stop,-1.27344,0.007314
GOLD,2018-04-18,Bmirror,1,-1,-1,544,stop,-1.27344,0.007314
GOLD,2018-04-19,A,1,1,1,962,close,0.35668,0.007338
GOLD,2018-04-20,A,1,-1,-1,864,close,-0.40057,0.007400
GOLD,2018-04-23,A,1,1,-1,807,close,-0.28667,0.007395
GOLD,2018-04-24,A,-1,-1,-1,1052,close,0.19105,0.007529
GOLD,2018-04-24,B,1,-1,-1,479,stop,-1.26563,0.007529
GOLD,2018-04-24,Bmirror,-1,-1,-1,479,stop,-1.26563,0.007529
GOLD,2018-04-25,A,1,1,1,486,close,-0.29189,0.007566
GOLD,2018-04-26,B,1,-1,-1,589,stop,-1.26289,0.007608
GOLD,2018-04-26,Bmirror,-1,-1,-1,589,stop,-1.26289,0.007608
GOLD,2018-04-27,A,-1,-1,-1,938,close,-0.12897,0.006772
GOLD,2018-04-27,B,1,-1,-1,810,close,7.45272,0.006772
GOLD,2018-04-27,Bmirror,-1,-1,-1,810,stop,-1.29532,0.006772
GOLD,2018-04-30,A,1,-1,-1,480,stop,-1.06224,0.006396
GOLD,2018-05-01,A,1,-1,-1,544,stop,-1.06168,0.006454
GOLD,2018-05-02,A,-1,-1,-1,280,target,0.67906,0.006595
GOLD,2018-05-02,B,1,-1,-1,887,stop,-1.30324,0.006595
GOLD,2018-05-02,Bmirror,-1,-1,-1,887,stop,-1.30324,0.006595
GOLD,2018-05-03,A,-1,-1,1,622,stop,-1.06155,0.006530
GOLD,2018-05-04,B,-1,-1,1,810,stop,-1.33561,0.005959
GOLD,2018-05-04,Bmirror,1,-1,1,810,stop,-1.33561,0.005959
GOLD,2018-05-07,B,1,-1,-1,381,stop,-1.33449,0.005979
GOLD,2018-05-07,Bmirror,-1,-1,-1,381,close,0.61160,0.005979
GOLD,2018-05-08,A,1,-1,-1,600,target,0.66750,0.005495
GOLD,2018-05-08,B,1,-1,-1,153,stop,-1.36399,0.005495
GOLD,2018-05-08,Bmirror,-1,-1,-1,153,stop,-1.36399,0.005495
GOLD,2018-05-09,A,1,-1,1,429,stop,-1.07358,0.005414
GOLD,2018-05-09,B,-1,-1,1,903,stop,-1.36940,0.005414
GOLD,2018-05-09,Bmirror,1,-1,1,903,stop,-1.36940,0.005414
GOLD,2018-05-10,A,-1,-1,-1,723,stop,-1.07413,0.005418
GOLD,2018-05-10,B,1,-1,-1,420,stop,-1.36915,0.005418
GOLD,2018-05-10,Bmirror,-1,-1,-1,420,stop,-1.36915,0.005418
GOLD,2018-05-11,B,1,-1,1,974,stop,-1.35977,0.005559
GOLD,2018-05-11,Bmirror,-1,-1,1,974,stop,-1.35977,0.005559
GOLD,2018-05-14,A,1,-1,1,1157,close,-0.08928,0.005530
GOLD,2018-05-14,B,1,-1,1,701,stop,-1.36164,0.005530
GOLD,2018-05-14,Bmirror,-1,-1,1,701,stop,-1.36164,0.005530
GOLD,2018-05-15,A,1,-1,-1,729,stop,-1.07167,0.005558
GOLD,2018-05-16,B,1,-1,-1,618,stop,-1.31180,0.006414
GOLD,2018-05-16,Bmirror,-1,-1,-1,618,stop,-1.31180,0.006414
GOLD,2018-05-17,A,1,-1,-1,684,target,0.67364,0.006001
GOLD,2018-05-17,B,1,-1,-1,359,stop,-1.33330,0.006001
GOLD,2018-05-17,Bmirror,-1,-1,-1,359,stop,-1.33330,0.006001
GOLD,2018-05-18,B,-1,-1,-1,448,stop,-1.35467,0.005639
GOLD,2018-05-18,Bmirror,1,-1,-1,448,stop,-1.35467,0.005639
GOLD,2018-05-21,A,1,-1,-1,439,target,0.66733,0.005482
GOLD,2018-05-21,B,-1,-1,-1,1090,stop,-1.36482,0.005482
GOLD,2018-05-21,Bmirror,1,-1,-1,1090,stop,-1.36482,0.005482
GOLD,2018-05-22,A,1,-1,1,481,target,0.66686,0.005447
GOLD,2018-05-22,B,-1,-1,1,540,stop,-1.36719,0.005447
GOLD,2018-05-22,Bmirror,1,-1,1,540,stop,-1.36719,0.005447
GOLD,2018-05-23,A,-1,-1,-1,651,target,0.66618,0.005441
GOLD,2018-05-23,B,1,-1,-1,168,stop,-1.36760,0.005441
GOLD,2018-05-23,Bmirror,-1,-1,-1,168,stop,-1.36760,0.005441
GOLD,2018-05-24,A,-1,-1,1,818,stop,-1.07473,0.005374
GOLD,2018-05-25,B,-1,1,1,576,stop,-1.34853,0.005738
GOLD,2018-05-25,Bmirror,1,1,1,576,stop,-1.34853,0.005738
GOLD,2018-05-28,B,1,-1,-1,840,close,0.22946,0.005625
GOLD,2018-05-28,Bmirror,-1,-1,-1,840,stop,-1.35556,0.005625
GOLD,2018-05-29,A,-1,-1,1,565,stop,-1.07296,0.005505
GOLD,2018-05-29,B,1,-1,1,292,stop,-1.36330,0.005505
GOLD,2018-05-29,Bmirror,-1,-1,1,292,stop,-1.36330,0.005505
GOLD,2018-05-30,B,-1,-1,1,810,stop,-1.36890,0.005421
GOLD,2018-05-30,Bmirror,1,-1,1,810,stop,-1.36890,0.005421
GOLD,2018-05-31,B,1,-1,1,155,stop,-1.37789,0.005292
GOLD,2018-05-31,Bmirror,-1,-1,1,155,stop,-1.37789,0.005292
GOLD,2018-06-01,A,1,-1,-1,756,stop,-1.07585,0.005253
GOLD,2018-06-04,B,-1,-1,-1,491,stop,-1.38640,0.005176
GOLD,2018-06-04,Bmirror,1,-1,-1,491,stop,-1.38640,0.005176
GOLD,2018-06-05,A,-1,-1,-1,995,stop,-1.07908,0.005077
GOLD,2018-06-05,B,-1,-1,-1,440,stop,-1.39390,0.005077
GOLD,2018-06-05,Bmirror,1,-1,-1,440,stop,-1.39390,0.005077
GOLD,2018-06-06,A,-1,-1,1,906,target,0.65752,0.004867
GOLD,2018-06-06,B,1,-1,1,572,stop,-1.41094,0.004867
GOLD,2018-06-06,Bmirror,-1,-1,1,572,stop,-1.41094,0.004867
GOLD,2018-06-07,A,-1,-1,1,809,target,0.65741,0.004861
GOLD,2018-06-07,B,1,-1,1,868,stop,-1.41148,0.004861
GOLD,2018-06-07,Bmirror,-1,-1,1,868,stop,-1.41148,0.004861
GOLD,2018-06-08,B,-1,1,-1,535,stop,-1.42291,0.004729
GOLD,2018-06-08,Bmirror,1,1,-1,535,stop,-1.42291,0.004729
GOLD,2018-06-11,A,1,1,-1,692,target,0.65569,0.004728
GOLD,2018-06-11,B,1,1,-1,362,stop,-1.42303,0.004728
GOLD,2018-06-11,Bmirror,-1,1,-1,362,stop,-1.42303,0.004728
GOLD,2018-06-12,A,1,1,1,802,target,0.65578,0.004733
GOLD,2018-06-12,B,-1,1,1,196,stop,-1.42256,0.004733
GOLD,2018-06-12,Bmirror,1,1,1,196,stop,-1.42256,0.004733
GOLD,2018-06-13,A,-1,1,-1,1197,close,0.17191,0.004756
GOLD,2018-06-13,B,-1,1,-1,809,stop,-1.42054,0.004756
GOLD,2018-06-13,Bmirror,1,1,-1,809,stop,-1.42054,0.004756
GOLD,2018-06-14,A,-1,1,1,626,stop,-1.08360,0.004802
GOLD,2018-06-15,A,1,1,1,428,target,0.65360,0.004614
GOLD,2018-06-19,A,1,-1,-1,741,target,0.67287,0.005933
GOLD,2018-06-19,B,1,-1,-1,469,stop,-1.33712,0.005933
GOLD,2018-06-19,Bmirror,-1,-1,-1,469,stop,-1.33712,0.005933
GOLD,2018-06-20,A,1,-1,-1,1144,close,-0.81063,0.004902
GOLD,2018-06-20,B,-1,-1,-1,833,stop,-1.40797,0.004902
GOLD,2018-06-20,Bmirror,1,-1,-1,833,stop,-1.40797,0.004902
GOLD,2018-06-21,A,1,-1,-1,376,target,0.65988,0.004974
GOLD,2018-06-21,B,-1,-1,-1,963,stop,-1.40206,0.004974
GOLD,2018-06-21,Bmirror,1,-1,-1,963,stop,-1.40206,0.004974
GOLD,2018-06-22,B,1,-1,-1,848,stop,-1.40202,0.004975
GOLD,2018-06-22,Bmirror,-1,-1,-1,848,stop,-1.40202,0.004975
GOLD,2018-06-25,A,1,-1,1,287,target,0.65989,0.004975
GOLD,2018-06-26,A,1,-1,-1,534,stop,-1.07986,0.004990
GOLD,2018-06-27,A,1,-1,-1,184,target,0.66212,0.005117
GOLD,2018-06-27,B,-1,-1,-1,540,stop,-1.39086,0.005117
GOLD,2018-06-27,Bmirror,1,-1,-1,540,stop,-1.39086,0.005117
GOLD,2018-06-28,A,1,-1,-1,1110,close,0.10034,0.005154
GOLD,2018-06-28,B,-1,-1,-1,694,stop,-1.38808,0.005154
GOLD,2018-06-28,Bmirror,1,-1,-1,694,stop,-1.38808,0.005154
GOLD,2018-06-29,A,-1,-1,-1,1023,close,-0.09803,0.004716
GOLD,2018-06-29,B,-1,-1,-1,219,stop,-1.42411,0.004716
GOLD,2018-06-29,Bmirror,1,-1,-1,219,stop,-1.42411,0.004716
GOLD,2018-07-02,A,1,-1,-1,431,target,0.65712,0.004809
GOLD,2018-07-03,A,1,-1,-1,188,target,0.66069,0.005025
GOLD,2018-07-03,A,-1,-1,-1,667,stop,-1.07990,0.005025
GOLD,2018-07-03,B,-1,-1,-1,477,stop,-1.39803,0.005025
GOLD,2018-07-03,Bmirror,1,-1,-1,477,stop,-1.39803,0.005025
GOLD,2018-07-04,A,-1,-1,1,150,target,0.66568,0.005404
GOLD,2018-07-05,A,1,-1,1,653,target,0.66682,0.005444
GOLD,2018-07-05,B,-1,-1,1,457,stop,-1.36737,0.005444
GOLD,2018-07-05,Bmirror,1,-1,1,457,stop,-1.36737,0.005444
GOLD,2018-07-06,B,-1,-1,1,810,stop,-1.36668,0.005454
GOLD,2018-07-06,Bmirror,1,-1,1,810,stop,-1.36668,0.005454
GOLD,2018-07-09,A,-1,-1,1,433,stop,-1.07399,0.005428
GOLD,2018-07-10,A,1,-1,1,593,stop,-1.07300,0.005458
GOLD,2018-07-11,A,1,-1,-1,133,target,0.66589,0.005376
GOLD,2018-07-12,A,-1,-1,-1,997,target,0.66924,0.005677
GOLD,2018-07-12,B,1,-1,-1,739,close,5.36246,0.005677
GOLD,2018-07-12,Bmirror,-1,-1,-1,739,stop,-1.35230,0.005677
GOLD,2018-07-13,A,1,-1,1,510,stop,-1.06928,0.005749
GOLD,2018-07-16,B,1,-1,1,187,stop,-1.34800,0.005747
GOLD,2018-07-16,Bmirror,-1,-1,1,187,stop,-1.34800,0.005747
GOLD,2018-07-17,A,1,-1,-1,858,stop,-1.06953,0.005729
GOLD,2018-07-17,B,-1,-1,-1,191,stop,-1.34912,0.005729
GOLD,2018-07-17,Bmirror,1,-1,-1,191,stop,-1.34912,0.005729
GOLD,2018-07-18,A,1,-1,-1,451,target,0.67360,0.005997
GOLD,2018-07-18,B,-1,-1,-1,1092,close,0.14176,0.005997
GOLD,2018-07-18,Bmirror,1,-1,-1,1092,stop,-1.33347,0.005997
GOLD,2018-07-19,A,1,-1,-1,490,stop,-1.06744,0.005905
GOLD,2018-07-19,B,-1,-1,-1,1099,stop,-1.33868,0.005905
GOLD,2018-07-19,Bmirror,1,-1,-1,1099,stop,-1.33868,0.005905
GOLD,2018-07-20,A,1,-1,-1,161,target,0.67168,0.005830
GOLD,2018-07-20,A,-1,-1,-1,837,stop,-1.06891,0.005830
GOLD,2018-07-20,B,-1,-1,-1,421,stop,-1.34306,0.005830
GOLD,2018-07-20,Bmirror,1,-1,-1,421,stop,-1.34306,0.005830
GOLD,2018-07-23,A,1,-1,1,838,stop,-1.08044,0.004954
GOLD,2018-07-23,B,1,-1,1,132,stop,-1.40369,0.004954
GOLD,2018-07-23,Bmirror,-1,-1,1,132,stop,-1.40369,0.004954
GOLD,2018-07-24,A,1,-1,-1,348,target,0.66096,0.005042
GOLD,2018-07-24,A,-1,-1,-1,904,target,0.66037,0.005042
GOLD,2018-07-24,B,-1,-1,-1,511,stop,-1.39666,0.005042
GOLD,2018-07-24,Bmirror,1,-1,-1,511,stop,-1.39666,0.005042
GOLD,2018-07-25,A,-1,-1,1,613,stop,-1.07977,0.005033
GOLD,2018-07-25,B,1,-1,1,190,stop,-1.39737,0.005033
GOLD,2018-07-25,Bmirror,-1,-1,1,190,stop,-1.39737,0.005033
GOLD,2018-07-26,A,1,-1,1,511,target,0.66320,0.005189
GOLD,2018-07-26,B,1,-1,1,204,stop,-1.38546,0.005189
GOLD,2018-07-26,Bmirror,-1,-1,1,204,stop,-1.38546,0.005189
GOLD,2018-07-27,A,1,-1,-1,658,target,0.66529,0.005333
GOLD,2018-07-27,B,-1,-1,-1,810,stop,-1.37504,0.005333
GOLD,2018-07-27,Bmirror,1,-1,-1,810,stop,-1.37504,0.005333
GOLD,2018-07-30,B,-1,-1,-1,749,stop,-1.37860,0.005283
GOLD,2018-07-30,Bmirror,1,-1,-1,749,stop,-1.37860,0.005283
GOLD,2018-07-31,A,1,-1,-1,845,stop,-1.07585,0.005253
GOLD,2018-07-31,A,-1,-1,-1,1055,target,0.66356,0.005253
GOLD,2018-07-31,B,-1,-1,-1,346,stop,-1.38073,0.005253
GOLD,2018-07-31,Bmirror,1,-1,-1,346,stop,-1.38073,0.005253
GOLD,2018-08-01,A,1,-1,1,885,target,0.66296,0.005172
GOLD,2018-08-01,B,-1,-1,1,176,stop,-1.38670,0.005172
GOLD,2018-08-01,Bmirror,1,-1,1,176,stop,-1.38670,0.005172
GOLD,2018-08-02,A,1,-1,-1,1091,stop,-1.07657,0.005204
GOLD,2018-08-02,B,1,-1,-1,528,stop,-1.38434,0.005204
GOLD,2018-08-02,Bmirror,-1,-1,-1,528,stop,-1.38434,0.005204
GOLD,2018-08-03,A,1,-1,-1,539,target,0.66496,0.005310
GOLD,2018-08-03,A,-1,-1,-1,810,stop,-1.07563,0.005310
GOLD,2018-08-03,B,-1,-1,-1,723,stop,-1.37666,0.005310
GOLD,2018-08-03,Bmirror,1,-1,-1,723,stop,-1.37666,0.005310
GOLD,2018-08-06,A,1,-1,1,735,target,0.66496,0.005310
GOLD,2018-08-06,B,1,-1,1,420,stop,-1.37666,0.005310
GOLD,2018-08-06,Bmirror,-1,-1,1,420,close,10.06443,0.005310
GOLD,2018-08-07,A,-1,-1,-1,466,target,0.66183,0.005137
GOLD,2018-08-08,A,1,-1,1,823,target,0.65646,0.004771
GOLD,2018-08-09,B,1,-1,1,467,stop,-1.42209,0.004738
GOLD,2018-08-09,Bmirror,-1,-1,1,467,stop,-1.42209,0.004738
GOLD,2018-08-10,A,1,-1,-1,420,target,0.65564,0.004725
GOLD,2018-08-10,A,-1,-1,-1,904,target,0.65505,0.004725
GOLD,2018-08-10,B,-1,-1,-1,773,stop,-1.42328,0.004725
GOLD,2018-08-10,Bmirror,1,-1,-1,773,stop,-1.42328,0.004725
GOLD,2018-08-13,A,1,-1,1,159,stop,-1.08452,0.004716
GOLD,2018-08-14,B,1,-1,-1,1061,stop,-1.36555,0.005471
GOLD,2018-08-14,Bmirror,-1,-1,-1,1061,close,0.19901,0.005471
GOLD,2018-08-15,A,1,-1,-1,226,stop,-1.07273,0.005478
GOLD,2018-08-16,A,1,-1,-1,80,stop,-1.06653,0.005986
GOLD,2018-08-16,A,-1,-1,-1,583,target,0.67288,0.005986
GOLD,2018-08-16,B,-1,-1,-1,389,stop,-1.33412,0.005986
GOLD,2018-08-16,Bmirror,1,-1,-1,389,stop,-1.33412,0.005986
GOLD,2018-08-17,A,-1,-1,-1,549,target,0.67187,0.005897
GOLD,2018-08-17,B,-1,-1,-1,103,stop,-1.33917,0.005897
GOLD,2018-08-17,Bmirror,1,-1,-1,103,stop,-1.33917,0.005897
GOLD,2018-08-20,A,-1,-1,-1,546,target,0.67591,0.006270
GOLD,2018-08-21,A,-1,-1,1,428,target,0.67807,0.006489
GOLD,2018-08-21,B,1,-1,1,800,stop,-1.30819,0.006489
GOLD,2018-08-21,Bmirror,-1,-1,1,800,stop,-1.30819,0.006489
GOLD,2018-08-22,B,-1,-1,1,598,stop,-1.31683,0.006313
GOLD,2018-08-22,Bmirror,1,-1,1,598,stop,-1.31683,0.006313
GOLD,2018-08-23,A,1,-1,1,233,stop,-1.06304,0.006316
GOLD,2018-08-24,A,-1,-1,-1,647,stop,-1.06139,0.006547
GOLD,2018-08-27,B,-1,-1,1,800,stop,-1.26881,0.007440
GOLD,2018-08-27,Bmirror,1,-1,1,800,stop,-1.26881,0.007440
GOLD,2018-08-28,A,1,-1,1,1145,close,-0.74923,0.007405
GOLD,2018-08-28,B,1,-1,1,760,stop,-1.27010,0.007405
GOLD,2018-08-28,Bmirror,-1,-1,1,760,stop,-1.27010,0.007405
GOLD,2018-08-29,B,1,-1,-1,532,close,4.41186,0.007534
GOLD,2018-08-29,Bmirror,-1,-1,-1,532,stop,-1.26546,0.007534
GOLD,2018-08-30,A,1,-1,1,876,close,0.02908,0.007466
GOLD,2018-08-30,B,-1,-1,1,820,close,6.72031,0.007466
GOLD,2018-08-30,Bmirror,1,-1,1,820,stop,-1.26788,0.007466
GOLD,2018-08-31,A,-1,-1,-1,485,target,0.68579,0.007420
GOLD,2018-08-31,B,1,-1,-1,1015,stop,-1.26955,0.007420
GOLD,2018-08-31,Bmirror,-1,-1,-1,1015,stop,-1.26955,0.007420
GOLD,2018-09-03,B,-1,-1,-1,201,stop,-1.26949,0.007421
GOLD,2018-09-03,Bmirror,1,-1,-1,201,stop,-1.26949,0.007421
GOLD,2018-09-04,A,1,-1,1,491,stop,-1.05354,0.007430
GOLD,2018-09-06,A,-1,1,1,618,target,0.68683,0.007565
GOLD,2018-09-06,B,1,1,1,975,close,3.38844,0.007565
GOLD,2018-09-06,Bmirror,-1,1,1,975,stop,-1.26439,0.007565
GOLD,2018-09-07,A,1,1,1,840,target,0.68688,0.007488
GOLD,2018-09-10,B,-1,1,-1,525,stop,-1.26788,0.007466
GOLD,2018-09-10,Bmirror,1,1,-1,525,stop,-1.26788,0.007466
GOLD,2018-09-11,A,1,1,1,820,target,0.68635,0.007415
GOLD,2018-09-11,B,-1,1,1,1019,stop,-1.26973,0.007415
GOLD,2018-09-11,Bmirror,1,1,1,1019,stop,-1.26973,0.007415
GOLD,2018-09-12,A,-1,1,1,984,close,-0.49601,0.007400
GOLD,2018-09-13,B,1,1,1,916,stop,-1.26484,0.007552
GOLD,2018-09-13,Bmirror,-1,1,1,916,stop,-1.26484,0.007552
GOLD,2018-09-14,A,1,1,-1,1021,close,-0.48919,0.007574
GOLD,2018-09-14,B,1,1,-1,839,stop,-1.26405,0.007574
GOLD,2018-09-14,Bmirror,-1,1,-1,839,stop,-1.26405,0.007574
GOLD,2018-09-17,A,-1,1,1,876,close,-0.06722,0.007720
GOLD,2018-09-18,B,-1,-1,1,605,stop,-1.28064,0.007126
GOLD,2018-09-18,Bmirror,1,-1,1,605,stop,-1.28064,0.007126
GOLD,2018-09-19,A,-1,-1,-1,807,target,0.68358,0.007126
GOLD,2018-09-20,B,1,-1,1,479,stop,-1.31881,0.006273
GOLD,2018-09-20,Bmirror,-1,-1,1,479,stop,-1.31881,0.006273
GOLD,2018-09-21,A,1,1,1,824,stop,-1.06344,0.006276
GOLD,2018-09-21,B,1,1,1,670,stop,-1.31870,0.006276
GOLD,2018-09-21,Bmirror,-1,1,1,670,target,12.08130,0.006276
GOLD,2018-09-24,A,-1,-1,-1,871,target,0.67543,0.006223
GOLD,2018-09-24,B,-1,-1,-1,484,stop,-1.32137,0.006223
GOLD,2018-09-24,Bmirror,1,-1,-1,484,stop,-1.32137,0.006223
GOLD,2018-09-26,A,1,1,1,800,target,0.67408,0.006040
GOLD,2018-09-27,A,1,-1,-1,815,stop,-1.06468,0.006156
GOLD,2018-09-27,B,1,-1,-1,413,stop,-1.32490,0.006156
GOLD,2018-09-27,Bmirror,-1,-1,-1,413,stop,-1.32490,0.006156
GOLD,2018-09-28,A,-1,-1,-1,946,stop,-1.06484,0.006197
GOLD,2018-09-28,B,-1,-1,-1,553,stop,-1.32273,0.006197
GOLD,2018-09-28,Bmirror,1,-1,-1,553,stop,-1.32273,0.006197
GOLD,2018-10-01,A,1,-1,-1,463,target,0.66283,0.005163
GOLD,2018-10-01,B,-1,-1,-1,823,close,4.11641,0.005163
GOLD,2018-10-01,Bmirror,1,-1,-1,823,stop,-1.38735,0.005163
GOLD,2018-10-02,A,-1,-1,-1,441,target,0.66126,0.005099
GOLD,2018-10-02,B,1,-1,-1,706,target,12.00778,0.005099
GOLD,2018-10-02,Bmirror,-1,-1,-1,706,stop,-1.39222,0.005099
GOLD,2018-10-03,A,1,1,1,980,close,-0.83111,0.005611
GOLD,2018-10-03,B,1,1,1,425,stop,-1.35642,0.005611
GOLD,2018-10-03,Bmirror,-1,1,1,425,close,10.84417,0.005611
GOLD,2018-10-04,A,-1,1,-1,786,target,0.66907,0.005663
GOLD,2018-10-04,B,1,1,-1,709,target,12.04684,0.005663
GOLD,2018-10-04,Bmirror,-1,1,-1,709,stop,-1.35316,0.005663
GOLD,2018-10-05,A,-1,1,1,810,target,0.66765,0.005551
GOLD,2018-10-05,B,-1,1,1,529,stop,-1.36028,0.005551
GOLD,2018-10-05,Bmirror,1,1,1,529,stop,-1.36028,0.005551
GOLD,2018-10-08,A,1,1,1,153,stop,-1.07146,0.005574
GOLD,2018-10-09,B,1,-1,-1,623,stop,-1.32412,0.006171
GOLD,2018-10-09,Bmirror,-1,-1,-1,623,stop,-1.32412,0.006171
GOLD,2018-10-10,B,-1,-1,1,703,stop,-1.33513,0.005968
GOLD,2018-10-10,Bmirror,1,-1,1,703,stop,-1.33513,0.005968
GOLD,2018-10-11,A,-1,-1,1,614,stop,-1.06734,0.005966
GOLD,2018-10-11,B,-1,-1,1,187,stop,-1.33523,0.005966
GOLD,2018-10-11,Bmirror,1,-1,1,187,stop,-1.33523,0.005966
GOLD,2018-10-12,A,1,1,1,471,target,0.68891,0.007784
GOLD,2018-10-12,B,-1,1,1,800,close,4.80517,0.007784
GOLD,2018-10-12,Bmirror,1,1,1,800,stop,-1.25693,0.007784
GOLD,2018-10-15,A,-1,1,1,495,stop,-1.05159,0.007797
GOLD,2018-10-16,B,1,1,1,964,stop,-1.25267,0.007915
GOLD,2018-10-16,Bmirror,-1,1,1,964,stop,-1.25267,0.007915
GOLD,2018-10-17,B,-1,1,-1,547,stop,-1.25209,0.007934
GOLD,2018-10-17,Bmirror,1,1,-1,547,stop,-1.25209,0.007934
GOLD,2018-10-18,A,-1,1,-1,1010,target,0.68865,0.007834
GOLD,2018-10-18,B,-1,1,-1,529,stop,-1.25529,0.007834
GOLD,2018-10-18,Bmirror,1,1,-1,529,stop,-1.25529,0.007834
GOLD,2018-10-19,B,1,1,1,487,stop,-1.25639,0.007801
GOLD,2018-10-19,Bmirror,-1,1,1,487,stop,-1.25639,0.007801
GOLD,2018-10-22,A,1,1,1,925,close,0.34523,0.007605
GOLD,2018-10-23,A,-1,1,-1,460,stop,-1.05264,0.007641
GOLD,2018-10-24,B,-1,1,1,873,stop,-1.25672,0.007791
GOLD,2018-10-24,Bmirror,1,1,1,873,stop,-1.25672,0.007791
GOLD,2018-10-25,B,1,1,1,501,stop,-1.25743,0.007769
GOLD,2018-10-25,Bmirror,-1,1,1,501,stop,-1.25743,0.007769
GOLD,2018-10-26,A,-1,1,-1,954,target,0.68825,0.007774
GOLD,2018-10-26,B,1,1,-1,1069,close,1.93773,0.007774
GOLD,2018-10-26,Bmirror,-1,1,-1,1069,stop,-1.25726,0.007774
GOLD,2018-10-29,A,1,1,-1,1006,target,0.68773,0.007609
GOLD,2018-10-30,A,1,1,-1,495,target,0.68791,0.007636
GOLD,2018-10-31,A,1,1,-1,234,close,-0.24961,0.007769
GOLD,2018-11-01,A,-1,1,-1,424,stop,-1.05182,0.007763
GOLD,2018-11-05,A,1,1,1,808,target,0.68895,0.007791
GOLD,2018-11-05,B,-1,1,1,501,close,2.03850,0.007791
GOLD,2018-11-05,Bmirror,1,1,1,501,stop,-1.25671,0.007791
GOLD,2018-11-06,A,1,1,-1,1113,close,0.60024,0.007805
GOLD,2018-11-06,B,1,1,-1,860,stop,-1.25626,0.007805
GOLD,2018-11-06,Bmirror,-1,1,-1,860,close,3.88774,0.007805
GOLD,2018-11-07,A,-1,1,-1,620,target,0.68586,0.007429
GOLD,2018-11-07,B,1,1,-1,76,stop,-1.26921,0.007429
GOLD,2018-11-07,Bmirror,-1,1,-1,76,stop,-1.26921,0.007429
GOLD,2018-11-08,B,-1,-1,-1,800,stop,-1.27254,0.007338
GOLD,2018-11-08,Bmirror,1,-1,-1,800,stop,-1.27254,0.007338
GOLD,2018-11-09,A,1,-1,-1,800,stop,-1.05399,0.007369
GOLD,2018-11-12,A,1,-1,1,893,close,-0.79199,0.007777
GOLD,2018-11-13,B,-1,-1,-1,800,stop,-1.26903,0.007434
GOLD,2018-11-13,Bmirror,1,-1,-1,800,stop,-1.26903,0.007434
GOLD,2018-11-14,A,-1,-1,1,1106,stop,-1.05411,0.007434
GOLD,2018-11-14,B,-1,-1,1,908,stop,-1.26905,0.007434
GOLD,2018-11-14,Bmirror,1,-1,1,908,stop,-1.26905,0.007434
GOLD,2018-11-15,B,1,-1,1,599,stop,-1.26634,0.007509
GOLD,2018-11-15,Bmirror,-1,-1,1,599,stop,-1.26634,0.007509
GOLD,2018-11-16,A,-1,-1,1,817,stop,-1.07214,0.005568
GOLD,2018-11-16,B,1,-1,1,185,target,12.04079,0.005568
GOLD,2018-11-16,Bmirror,-1,-1,1,185,stop,-1.35921,0.005568
GOLD,2018-11-19,B,-1,-1,1,622,stop,-1.35146,0.005691
GOLD,2018-11-19,Bmirror,1,-1,1,622,stop,-1.35146,0.005691
GOLD,2018-11-20,B,-1,-1,1,403,stop,-1.36445,0.005488
GOLD,2018-11-20,Bmirror,1,-1,1,403,stop,-1.36445,0.005488
GOLD,2018-11-21,A,-1,-1,-1,812,stop,-1.07316,0.005490
GOLD,2018-11-23,A,1,1,1,511,target,0.66768,0.005508
GOLD,2018-11-26,B,1,-1,1,782,stop,-1.35981,0.005559
GOLD,2018-11-26,Bmirror,-1,-1,1,782,stop,-1.35981,0.005559
GOLD,2018-11-27,A,1,-1,-1,909,stop,-1.07253,0.005493
GOLD,2018-11-27,B,-1,-1,-1,451,stop,-1.36412,0.005493
GOLD,2018-11-27,Bmirror,1,-1,-1,451,stop,-1.36412,0.005493
GOLD,2018-11-28,A,-1,-1,-1,1023,stop,-1.07450,0.005390
GOLD,2018-11-28,B,-1,-1,-1,871,stop,-1.37103,0.005390
GOLD,2018-11-28,Bmirror,1,-1,-1,871,stop,-1.37103,0.005390
GOLD,2018-11-29,A,-1,-1,1,421,target,0.66713,0.005512
GOLD,2018-11-30,A,1,-1,1,873,target,0.66809,0.005540
GOLD,2018-12-03,A,-1,-1,-1,380,stop,-1.07265,0.005528
GOLD,2018-12-04,A,-1,1,1,269,stop,-1.06995,0.005743
GOLD,2018-12-05,A,1,1,1,467,target,0.67024,0.005710
GOLD,2018-12-05,B,-1,1,1,1084,close,2.57598,0.005710
GOLD,2018-12-05,Bmirror,1,1,1,1084,stop,-1.35026,0.005710
GOLD,2018-12-06,A,-1,1,-1,881,target,0.66795,0.005575
GOLD,2018-12-06,B,-1,1,-1,796,stop,-1.35875,0.005575
GOLD,2018-12-06,Bmirror,1,1,-1,796,stop,-1.35875,0.005575
GOLD,2018-12-07,A,-1,1,-1,669,target,0.65620,0.004790
GOLD,2018-12-10,A,1,1,1,797,target,0.66143,0.005072
GOLD,2018-12-11,A,-1,1,-1,542,target,0.66158,0.005120
GOLD,2018-12-11,B,1,1,-1,925,stop,-1.39060,0.005120
GOLD,2018-12-11,Bmirror,-1,1,-1,925,stop,-1.39060,0.005120
GOLD,2018-12-12,B,1,1,-1,388,stop,-1.39324,0.005086
GOLD,2018-12-12,Bmirror,-1,1,-1,388,stop,-1.39324,0.005086
GOLD,2018-12-13,A,1,1,1,649,target,0.66167,0.005087
GOLD,2018-12-14,A,1,1,-1,459,stop,-1.07812,0.005101
GOLD,2018-12-17,A,-1,1,-1,814,stop,-1.08902,0.004509
GOLD,2018-12-18,A,-1,1,1,665,target,0.64838,0.004380
GOLD,2018-12-18,B,1,1,1,395,stop,-1.45662,0.004380
GOLD,2018-12-18,Bmirror,-1,1,1,395,stop,-1.45662,0.004380
GOLD,2018-12-19,A,1,1,1,1141,target,0.64921,0.004391
GOLD,2018-12-19,A,-1,1,1,882,stop,-1.09138,0.004391
GOLD,2018-12-19,B,1,1,1,592,stop,-1.45544,0.004391
GOLD,2018-12-19,Bmirror,-1,1,1,592,stop,-1.45544,0.004391
GOLD,2018-12-20,A,-1,1,-1,444,stop,-1.09162,0.004380
GOLD,2018-12-21,A,1,1,1,565,target,0.66330,0.005195
GOLD,2018-12-21,B,-1,1,1,496,stop,-1.38497,0.005195
GOLD,2018-12-21,Bmirror,1,1,1,496,stop,-1.38497,0.005195
GOLD,2018-12-24,A,-1,1,1,178,target,0.66271,0.005195
GOLD,2018-12-26,A,-1,1,-1,122,stop,-1.07396,0.005430
GOLD,2018-12-26,B,-1,1,-1,60,stop,-1.36830,0.005430
GOLD,2018-12-26,Bmirror,1,1,-1,60,stop,-1.36830,0.005430
GOLD,2018-12-27,A,-1,1,1,796,target,0.66576,0.005409
GOLD,2018-12-27,B,1,1,1,308,stop,-1.36974,0.005409
GOLD,2018-12-27,Bmirror,-1,1,1,308,stop,-1.36974,0.005409
GOLD,2018-12-28,A,-1,1,1,382,target,0.66629,0.005449
GOLD,2018-12-31,B,1,1,-1,826,stop,-1.37111,0.005389
GOLD,2018-12-31,Bmirror,-1,1,-1,826,stop,-1.37111,0.005389
GOLD,2019-01-02,A,-1,1,-1,341,target,0.66078,0.005068
GOLD,2019-01-02,B,-1,1,-1,137,stop,-1.39461,0.005068
GOLD,2019-01-02,Bmirror,1,1,-1,137,stop,-1.39461,0.005068
GOLD,2019-01-03,A,-1,1,1,381,target,0.66014,0.005027
GOLD,2019-01-03,B,1,1,1,798,stop,-1.39783,0.005027
GOLD,2019-01-03,Bmirror,-1,1,1,798,stop,-1.39783,0.005027
GOLD,2019-01-04,A,1,1,1,569,stop,-1.07729,0.005155
GOLD,2019-01-04,B,1,1,1,211,stop,-1.38794,0.005155
GOLD,2019-01-04,Bmirror,-1,1,1,211,stop,-1.38794,0.005155
GOLD,2019-01-07,A,-1,1,-1,107,stop,-1.07242,0.005546
GOLD,2019-01-08,A,1,1,1,231,stop,-1.07347,0.005422
GOLD,2019-01-09,A,-1,1,-1,914,stop,-1.07420,0.005412
GOLD,2019-01-09,B,-1,1,-1,813,stop,-1.36954,0.005412
GOLD,2019-01-09,Bmirror,1,1,-1,813,stop,-1.36954,0.005412
GOLD,2019-01-10,A,1,1,1,1069,close,-0.48296,0.005492
GOLD,2019-01-10,B,1,1,1,555,stop,-1.36414,0.005492
GOLD,2019-01-10,Bmirror,-1,1,1,555,stop,-1.36414,0.005492
GOLD,2019-01-11,A,-1,1,-1,331,target,0.66806,0.005583
GOLD,2019-01-11,B,1,1,-1,861,stop,-1.35824,0.005583
GOLD,2019-01-11,Bmirror,-1,1,-1,861,stop,-1.35824,0.005583
GOLD,2019-01-14,A,-1,1,1,478,target,0.66570,0.005405
GOLD,2019-01-15,B,-1,1,1,721,stop,-1.37708,0.005304
GOLD,2019-01-15,Bmirror,1,1,1,721,stop,-1.37708,0.005304
GOLD,2019-01-16,A,-1,1,-1,945,target,0.66446,0.005316
GOLD,2019-01-16,B,1,1,-1,478,stop,-1.37623,0.005316
GOLD,2019-01-16,Bmirror,-1,1,-1,478,stop,-1.37623,0.005316
GOLD,2019-01-17,B,-1,1,1,1087,close,1.35186,0.005317
GOLD,2019-01-17,Bmirror,1,1,1,1087,stop,-1.37618,0.005317
GOLD,2019-01-18,A,1,1,-1,560,stop,-1.07584,0.005254
GOLD,2019-01-21,A,1,1,1,734,target,0.66753,0.005497
GOLD,2019-01-22,A,-1,-1,-1,555,target,0.66553,0.005393
GOLD,2019-01-22,B,1,-1,-1,925,close,7.50593,0.005393
GOLD,2019-01-22,Bmirror,-1,-1,-1,925,stop,-1.37088,0.005393
GOLD,2019-01-23,A,1,1,1,852,target,0.66639,0.005412
GOLD,2019-01-23,B,-1,1,1,982,stop,-1.36953,0.005412
GOLD,2019-01-23,Bmirror,1,1,1,982,stop,-1.36953,0.005412
GOLD,2019-01-24,A,1,1,-1,535,target,0.66491,0.005306
GOLD,2019-01-24,B,-1,1,-1,882,close,4.11632,0.005306
GOLD,2019-01-24,Bmirror,1,1,-1,882,stop,-1.37693,0.005306
GOLD,2019-01-25,A,-1,1,-1,812,stop,-1.08934,0.004492
GOLD,2019-01-28,B,1,1,-1,713,stop,-1.36348,0.005502
GOLD,2019-01-28,Bmirror,-1,1,-1,713,stop,-1.36348,0.005502
GOLD,2019-01-29,A,-1,1,1,523,target,0.66387,0.005275
GOLD,2019-01-30,A,-1,1,1,512,target,0.66448,0.005317
GOLD,2019-01-30,B,1,1,1,805,stop,-1.37612,0.005317
GOLD,2019-01-30,Bmirror,-1,1,1,805,stop,-1.37612,0.005317
GOLD,2019-01-31,A,-1,1,1,755,target,0.66610,0.005435
GOLD,2019-01-31,B,1,1,1,1113,close,2.29007,0.005435
GOLD,2019-01-31,Bmirror,-1,1,1,1113,stop,-1.36800,0.005435
GOLD,2019-02-01,B,-1,1,1,651,stop,-1.37066,0.005396
GOLD,2019-02-01,Bmirror,1,1,1,651,stop,-1.37066,0.005396
GOLD,2019-02-04,A,1,1,-1,504,target,0.66645,0.005416
GOLD,2019-02-05,B,1,1,-1,568,stop,-1.36273,0.005514
GOLD,2019-02-05,Bmirror,-1,1,-1,568,stop,-1.36273,0.005514
GOLD,2019-02-06,A,1,1,1,1095,stop,-1.07222,0.005516
GOLD,2019-02-06,B,-1,1,1,852,target,12.03740,0.005516
GOLD,2019-02-06,Bmirror,1,1,1,852,stop,-1.36260,0.005516
GOLD,2019-02-07,B,-1,1,-1,606,stop,-1.35203,0.005681
GOLD,2019-02-07,Bmirror,1,1,-1,606,stop,-1.35203,0.005681
GOLD,2019-02-11,A,1,1,-1,544,stop,-1.07660,0.005202
GOLD,2019-02-12,A,-1,1,-1,437,target,0.66389,0.005276
GOLD,2019-02-13,A,1,1,1,1247,close,0.25059,0.005229
GOLD,2019-02-13,A,-1,1,1,903,target,0.66321,0.005229
GOLD,2019-02-14,A,1,1,-1,769,target,0.66223,0.005124
GOLD,2019-02-14,A,-1,1,-1,824,target,0.66164,0.005124
GOLD,2019-02-14,B,-1,1,-1,810,stop,-1.39032,0.005124
GOLD,2019-02-14,Bmirror,1,1,-1,810,stop,-1.39032,0.005124
GOLD,2019-02-15,A,-1,1,1,630,target,0.66093,0.005078
GOLD,2019-02-18,A,-1,1,1,812,close,-0.11647,0.005228
GOLD,2019-02-19,A,-1,1,1,789,stop,-1.07639,0.005256
GOLD,2019-02-19,B,-1,1,1,489,stop,-1.38048,0.005256
GOLD,2019-02-19,Bmirror,1,1,1,489,target,12.01952,0.005256
GOLD,2019-02-20,A,-1,1,1,117,target,0.66770,0.005555
GOLD,2019-02-20,B,1,1,1,1151,stop,-1.36004,0.005555
GOLD,2019-02-20,Bmirror,-1,1,1,1151,stop,-1.36004,0.005555
GOLD,2019-02-21,A,1,1,1,546,stop,-1.07179,0.005549
GOLD,2019-02-21,B,-1,1,1,303,target,12.03957,0.005549
GOLD,2019-02-21,Bmirror,1,1,1,303,stop,-1.36043,0.005549
GOLD,2019-02-22,A,-1,1,-1,999,target,0.67419,0.006106
GOLD,2019-02-22,B,-1,1,-1,802,stop,-1.32756,0.006106
GOLD,2019-02-22,Bmirror,1,1,-1,802,stop,-1.32756,0.006106
GOLD,2019-02-25,B,1,1,-1,796,stop,-1.34440,0.005807
GOLD,2019-02-25,Bmirror,-1,1,-1,796,stop,-1.34440,0.005807
GOLD,2019-02-26,B,-1,1,-1,831,stop,-1.34666,0.005769
GOLD,2019-02-26,Bmirror,1,1,-1,831,stop,-1.34666,0.005769
GOLD,2019-02-27,A,1,1,1,879,stop,-1.06937,0.005742
GOLD,2019-02-28,A,1,1,-1,920,close,-0.69463,0.005927
GOLD,2019-02-28,A,-1,1,-1,690,target,0.67222,0.005927
GOLD,2019-02-28,B,-1,1,-1,440,stop,-1.33742,0.005927
GOLD,2019-02-28,Bmirror,1,1,-1,440,stop,-1.33742,0.005927
GOLD,2019-03-01,A,1,-1,-1,486,stop,-1.06589,0.006044
GOLD,2019-03-04,A,1,-1,1,521,stop,-1.06547,0.006083
GOLD,2019-03-05,B,-1,-1,-1,794,stop,-1.32377,0.006177
GOLD,2019-03-05,Bmirror,1,-1,-1,794,stop,-1.32377,0.006177
GOLD,2019-03-06,B,1,-1,1,500,stop,-1.33006,0.006060
GOLD,2019-03-06,Bmirror,-1,-1,1,500,close,2.19911,0.006060
GOLD,2019-03-08,A,-1,-1,-1,375,stop,-1.06869,0.005849
GOLD,2019-03-11,A,1,-1,-1,886,close,0.46081,0.006274
GOLD,2019-03-12,A,-1,-1,-1,763,target,0.67584,0.006263
GOLD,2019-03-13,A,-1,-1,1,585,close,-0.29731,0.006441
GOLD,2019-03-14,A,1,-1,1,277,stop,-1.06195,0.006426
GOLD,2019-03-15,A,-1,-1,-1,439,close,-0.02965,0.006748
GOLD,2019-03-19,A,-1,-1,1,785,target,0.68062,0.006770
GOLD,2019-03-20,A,1,-1,1,946,target,0.68124,0.006773
GOLD,2019-03-20,A,-1,-1,1,1084,close,0.04986,0.006773
GOLD,2019-03-20,B,-1,-1,1,724,stop,-1.29529,0.006773
GOLD,2019-03-20,Bmirror,1,-1,1,724,stop,-1.29529,0.006773
GOLD,2019-03-21,A,1,-1,1,916,stop,-1.05751,0.006920
GOLD,2019-03-21,B,1,-1,1,648,stop,-1.28902,0.006920
GOLD,2019-03-21,Bmirror,-1,-1,1,648,stop,-1.28902,0.006920
GOLD,2019-03-25,A,-1,-1,-1,609,stop,-1.05853,0.006869
GOLD,2019-03-26,A,1,1,1,611,target,0.68313,0.006997
GOLD,2019-03-27,A,1,1,-1,820,target,0.68050,0.006689
GOLD,2019-03-27,B,-1,1,-1,541,stop,-1.29900,0.006689
GOLD,2019-03-27,Bmirror,1,1,-1,541,stop,-1.29900,0.006689
GOLD,2019-03-28,A,1,1,-1,715,stop,-1.05892,0.006754
GOLD,2019-03-29,A,-1,1,-1,773,target,0.68223,0.006960
GOLD,2019-03-29,B,-1,1,-1,558,stop,-1.28735,0.006960
GOLD,2019-03-29,Bmirror,1,1,-1,558,stop,-1.28735,0.006960
GOLD,2019-04-01,B,-1,1,-1,800,stop,-1.28780,0.006949
GOLD,2019-04-01,Bmirror,1,1,-1,800,stop,-1.28780,0.006949
GOLD,2019-04-04,A,1,-1,-1,811,target,0.68249,0.006920
GOLD,2019-04-04,B,-1,-1,-1,1116,stop,-1.28902,0.006920
GOLD,2019-04-04,Bmirror,1,-1,-1,1116,close,0.59301,0.006920
GOLD,2019-04-05,A,1,-1,1,818,target,0.68203,0.006865
GOLD,2019-04-05,B,-1,-1,1,956,close,1.07195,0.006865
GOLD,2019-04-05,Bmirror,1,-1,1,956,stop,-1.29134,0.006865
GOLD,2019-04-08,A,-1,-1,1,791,stop,-1.06722,0.005977
GOLD,2019-04-09,A,-1,-1,1,801,close,-0.03442,0.005880
GOLD,2019-04-10,A,-1,1,1,1085,target,0.67251,0.005953
GOLD,2019-04-10,B,-1,1,1,452,stop,-1.33598,0.005953
GOLD,2019-04-10,Bmirror,1,1,1,452,stop,-1.33598,0.005953
GOLD,2019-04-11,A,1,1,1,739,stop,-1.06686,0.005956
GOLD,2019-04-12,B,1,-1,-1,810,stop,-1.30627,0.006530
GOLD,2019-04-12,Bmirror,-1,-1,-1,810,stop,-1.30627,0.006530
GOLD,2019-04-15,A,1,-1,1,772,target,0.67548,0.006171
GOLD,2019-04-16,A,1,-1,-1,808,stop,-1.06476,0.006148
GOLD,2019-04-17,B,1,-1,-1,583,stop,-1.32264,0.006199
GOLD,2019-04-17,Bmirror,-1,-1,-1,583,stop,-1.32264,0.006199
GOLD,2019-04-18,B,-1,-1,-1,510,stop,-1.33091,0.006044
GOLD,2019-04-18,Bmirror,1,-1,-1,510,stop,-1.33091,0.006044
GOLD,2019-04-22,B,1,-1,1,842,stop,-1.35793,0.005588
GOLD,2019-04-22,Bmirror,-1,-1,1,842,stop,-1.35793,0.005588
GOLD,2019-04-23,A,1,-1,-1,819,target,0.66869,0.005586
GOLD,2019-04-24,A,-1,-1,-1,1000,close,0.26924,0.005567
GOLD,2019-04-24,B,-1,-1,-1,532,stop,-1.35927,0.005567
GOLD,2019-04-24,Bmirror,1,-1,-1,532,stop,-1.35927,0.005567
GOLD,2019-04-25,A,-1,-1,1,877,target,0.66800,0.005579
GOLD,2019-04-26,A,-1,-1,1,521,target,0.66520,0.005369
GOLD,2019-04-26,B,1,-1,1,810,stop,-1.37254,0.005369
GOLD,2019-04-26,Bmirror,-1,-1,1,810,stop,-1.37254,0.005369
GOLD,2019-04-29,A,1,-1,0,723,target,0.66654,0.005423
GOLD,2019-04-30,A,-1,-1,-1,725,target,0.66673,0.005481
GOLD,2019-04-30,B,1,-1,-1,850,close,4.02519,0.005481
GOLD,2019-04-30,Bmirror,-1,-1,-1,850,stop,-1.36489,0.005481
GOLD,2019-05-01,A,1,-1,1,1178,stop,-1.07627,0.005224
GOLD,2019-05-01,B,-1,-1,1,647,stop,-1.38281,0.005224
GOLD,2019-05-01,Bmirror,1,-1,1,647,stop,-1.38281,0.005224
GOLD,2019-05-02,A,1,-1,-1,421,stop,-1.07622,0.005228
GOLD,2019-05-03,A,-1,-1,-1,839,stop,-1.07672,0.005234
GOLD,2019-05-06,A,1,-1,1,808,target,0.65600,0.004745
GOLD,2019-05-07,A,-1,-1,-1,1189,close,0.48165,0.004751
GOLD,2019-05-07,B,-1,-1,-1,856,stop,-1.42098,0.004751
GOLD,2019-05-07,Bmirror,1,-1,-1,856,stop,-1.42098,0.004751
GOLD,2019-05-08,A,1,-1,1,1035,close,0.19541,0.004735
GOLD,2019-05-08,A,-1,-1,1,658,target,0.65522,0.004735
GOLD,2019-05-08,B,1,-1,1,904,stop,-1.42240,0.004735
GOLD,2019-05-08,Bmirror,-1,-1,1,904,close,5.57963,0.004735
GOLD,2019-05-09,A,-1,-1,-1,894,target,0.65471,0.004706
GOLD,2019-05-09,B,1,-1,-1,792,stop,-1.42497,0.004706
GOLD,2019-05-09,Bmirror,-1,-1,-1,792,stop,-1.42497,0.004706
GOLD,2019-05-10,A,-1,-1,1,941,target,0.65534,0.004741
GOLD,2019-05-10,B,1,-1,1,449,stop,-1.42181,0.004741
GOLD,2019-05-10,Bmirror,-1,-1,1,449,stop,-1.42181,0.004741
GOLD,2019-05-13,A,1,1,1,314,target,0.65595,0.004742
GOLD,2019-05-13,A,-1,1,1,841,stop,-1.08464,0.004742
GOLD,2019-05-13,B,-1,1,1,811,stop,-1.42173,0.004742
GOLD,2019-05-13,Bmirror,1,1,1,811,target,11.97827,0.004742
GOLD,2019-05-14,A,1,1,1,986,close,0.37799,0.005186
GOLD,2019-05-14,B,1,1,1,143,stop,-1.38565,0.005186
GOLD,2019-05-14,Bmirror,-1,1,1,143,close,4.74023,0.005186
GOLD,2019-05-15,B,-1,1,-1,533,stop,-1.38840,0.005149
GOLD,2019-05-15,Bmirror,1,1,-1,533,stop,-1.38840,0.005149
GOLD,2019-05-16,A,1,1,-1,811,stop,-1.07898,0.005046
GOLD,2019-05-17,A,1,1,-1,879,stop,-1.07559,0.005271
GOLD,2019-05-17,B,1,1,-1,523,stop,-1.37941,0.005271
GOLD,2019-05-17,Bmirror,-1,1,-1,523,stop,-1.37941,0.005271
GOLD,2019-05-20,B,-1,1,1,786,stop,-1.41386,0.004833
GOLD,2019-05-20,Bmirror,1,1,1,786,stop,-1.41386,0.004833
GOLD,2019-05-21,A,1,-1,-1,742,stop,-1.08259,0.004826
GOLD,2019-05-22,B,1,-1,-1,871,stop,-1.41472,0.004823
GOLD,2019-05-22,Bmirror,-1,-1,-1,871,stop,-1.41472,0.004823
GOLD,2019-05-23,A,-1,-1,-1,784,stop,-1.08998,0.004460
GOLD,2019-05-24,B,-1,1,1,813,stop,-1.42147,0.004745
GOLD,2019-05-24,Bmirror,1,1,1,813,stop,-1.42147,0.004745
GOLD,2019-05-28,A,1,1,1,794,stop,-1.08422,0.004733
GOLD,2019-05-29,A,-1,-1,-1,455,target,0.65639,0.004801
GOLD,2019-05-29,B,1,-1,-1,143,close,0.74246,0.004801
GOLD,2019-05-29,Bmirror,-1,-1,-1,143,stop,-1.41656,0.004801
GOLD,2019-05-30,A,1,-1,1,497,target,0.65651,0.004774
GOLD,2019-05-30,A,-1,-1,1,962,stop,-1.08408,0.004774
GOLD,2019-05-30,B,-1,-1,1,793,stop,-1.41891,0.004774
GOLD,2019-05-30,Bmirror,1,-1,1,793,stop,-1.41891,0.004774
GOLD,2019-05-31,A,-1,1,1,360,stop,-1.08142,0.004931
GOLD,2019-06-03,A,-1,1,1,503,stop,-1.07308,0.005496
GOLD,2019-06-04,B,-1,1,1,408,stop,-1.33745,0.005927
GOLD,2019-06-04,Bmirror,1,1,1,408,stop,-1.33745,0.005927
GOLD,2019-06-05,A,-1,1,1,447,stop,-1.06778,0.005927
GOLD,2019-06-06,A,-1,1,1,812,target,0.67181,0.005892
GOLD,2019-06-07,A,-1,1,1,810,stop,-1.07047,0.005700
GOLD,2019-06-07,B,-1,1,1,523,stop,-1.35088,0.005700
GOLD,2019-06-07,Bmirror,1,1,1,523,stop,-1.35088,0.005700
GOLD,2019-06-10,A,1,1,-1,185,stop,-1.06939,0.005740
GOLD,2019-06-10,B,1,1,-1,120,stop,-1.34844,0.005740
GOLD,2019-06-10,Bmirror,-1,1,-1,120,stop,-1.34844,0.005740
GOLD,2019-06-11,A,1,1,-1,531,target,0.67192,0.005850
GOLD,2019-06-11,B,-1,1,-1,1078,close,1.88776,0.005850
GOLD,2019-06-11,Bmirror,1,1,-1,1078,stop,-1.34186,0.005850
GOLD,2019-06-12,A,-1,1,-1,241,stop,-1.06852,0.005863
GOLD,2019-06-13,A,-1,1,1,575,target,0.67129,0.005847
GOLD,2019-06-14,A,-1,1,1,444,stop,-1.06687,0.006009
GOLD,2019-06-14,B,1,1,1,1082,stop,-1.33285,0.006009
GOLD,2019-06-14,Bmirror,-1,1,1,1082,stop,-1.33285,0.006009
GOLD,2019-06-17,A,1,1,-1,533,target,0.67418,0.006050
GOLD,2019-06-17,B,-1,1,-1,148,stop,-1.33058,0.006050
GOLD,2019-06-17,Bmirror,1,1,-1,148,stop,-1.33058,0.006050
GOLD,2019-06-18,A,-1,1,-1,408,stop,-1.06948,0.005782
GOLD,2019-06-19,A,-1,1,1,1143,stop,-1.06952,0.005778
GOLD,2019-06-19,B,-1,1,1,362,stop,-1.34612,0.005778
GOLD,2019-06-19,Bmirror,1,1,1,362,stop,-1.34612,0.005778
GOLD,2019-06-20,A,-1,1,1,93,stop,-1.06644,0.006048
GOLD,2019-06-21,A,-1,1,1,164,stop,-1.05736,0.007010
GOLD,2019-06-21,B,1,1,1,514,stop,-1.28530,0.007010
GOLD,2019-06-21,Bmirror,-1,1,1,514,stop,-1.28530,0.007010
GOLD,2019-06-24,A,-1,1,1,979,stop,-1.05949,0.006758
GOLD,2019-06-24,B,-1,1,1,36,stop,-1.29596,0.006758
GOLD,2019-06-24,Bmirror,1,1,1,36,stop,-1.29596,0.006758
GOLD,2019-06-25,A,1,1,1,1100,target,0.68296,0.006977
GOLD,2019-06-25,A,-1,1,1,251,stop,-1.05763,0.006977
GOLD,2019-06-25,B,1,1,1,399,stop,-1.28667,0.006977
GOLD,2019-06-25,Bmirror,-1,1,1,399,stop,-1.28667,0.006977
GOLD,2019-06-26,A,1,1,-1,227,stop,-1.05645,0.007049
GOLD,2019-06-26,B,1,1,-1,84,stop,-1.28372,0.007049
GOLD,2019-06-26,Bmirror,-1,1,-1,84,stop,-1.28372,0.007049
GOLD,2019-06-27,A,1,1,-1,825,target,0.68570,0.007327
GOLD,2019-06-27,B,1,1,-1,121,stop,-1.27297,0.007327
GOLD,2019-06-27,Bmirror,-1,1,-1,121,stop,-1.27297,0.007327
GOLD,2019-06-28,A,-1,1,1,78,stop,-1.05527,0.007277
GOLD,2019-06-28,B,1,1,1,873,stop,-1.27485,0.007277
GOLD,2019-06-28,Bmirror,-1,1,1,873,stop,-1.27485,0.007277
GOLD,2019-07-01,A,1,1,-1,390,stop,-1.05157,0.007713
GOLD,2019-07-01,B,-1,1,-1,116,stop,-1.25931,0.007713
GOLD,2019-07-01,Bmirror,1,1,-1,116,stop,-1.25931,0.007713
GOLD,2019-07-02,A,-1,1,-1,949,stop,-1.05073,0.007932
GOLD,2019-07-03,A,1,1,1,786,target,0.69781,0.009415
GOLD,2019-07-03,A,-1,1,1,121,target,0.69722,0.009415
GOLD,2019-07-03,B,1,1,1,72,stop,-1.21243,0.009415
GOLD,2019-07-03,Bmirror,-1,1,1,72,stop,-1.21243,0.009415
GOLD,2019-07-04,B,-1,1,-1,923,close,0.84688,0.009657
GOLD,2019-07-04,Bmirror,1,1,-1,923,stop,-1.20711,0.009657
GOLD,2019-07-05,A,1,1,1,428,stop,-1.04121,0.009638
GOLD,2019-07-08,A,-1,1,-1,483,target,0.70081,0.010283
GOLD,2019-07-08,B,1,1,-1,957,stop,-1.19449,0.010283
GOLD,2019-07-08,Bmirror,-1,1,-1,957,stop,-1.19449,0.010283
GOLD,2019-07-09,B,-1,1,-1,810,stop,-1.19910,0.010045
GOLD,2019-07-09,Bmirror,1,1,-1,810,stop,-1.19910,0.010045
GOLD,2019-07-10,A,-1,1,1,813,stop,-1.04012,0.010043
GOLD,2019-07-10,B,-1,1,1,628,stop,-1.19914,0.010043
GOLD,2019-07-10,Bmirror,1,1,1,628,stop,-1.19914,0.010043
GOLD,2019-07-11,A,1,1,1,939,stop,-1.03758,0.010562
GOLD,2019-07-11,B,1,1,1,180,stop,-1.18936,0.010562
GOLD,2019-07-11,Bmirror,-1,1,1,180,stop,-1.18936,0.010562
GOLD,2019-07-12,A,-1,1,-1,1171,close,0.01370,0.010936
GOLD,2019-07-12,B,1,1,-1,645,close,6.96427,0.010936
GOLD,2019-07-12,Bmirror,-1,1,-1,645,stop,-1.18288,0.010936
GOLD,2019-07-16,A,1,1,-1,1018,target,0.70340,0.010842
GOLD,2019-07-17,A,-1,-1,-1,946,stop,-1.03656,0.011030
GOLD,2019-07-18,A,-1,1,1,1205,stop,-1.03550,0.011361
GOLD,2019-07-18,B,-1,1,1,999,stop,-1.17604,0.011361
GOLD,2019-07-18,Bmirror,1,1,1,999,target,12.22396,0.011361
GOLD,2019-07-19,A,1,1,1,943,stop,-1.03466,0.011444
GOLD,2019-07-23,B,-1,1,-1,762,stop,-1.16977,0.011780
GOLD,2019-07-23,Bmirror,1,1,-1,762,stop,-1.16977,0.011780
GOLD,2019-07-24,A,-1,1,-1,885,target,0.70597,0.011858
GOLD,2019-07-25,A,1,1,1,1066,close,0.04736,0.011771
GOLD,2019-07-25,B,1,1,1,814,stop,-1.16991,0.011771
GOLD,2019-07-25,Bmirror,-1,1,1,814,stop,-1.16991,0.011771
GOLD,2019-07-31,A,1,1,1,1140,target,0.70276,0.010657
GOLD,2019-08-01,A,1,1,-1,540,target,0.70334,0.010824
GOLD,2019-08-01,A,-1,1,-1,1113,stop,-1.03725,0.010824
GOLD,2019-08-01,B,-1,1,-1,962,stop,-1.18478,0.010824
GOLD,2019-08-01,Bmirror,1,1,-1,962,target,12.21522,0.010824
GOLD,2019-08-02,B,-1,1,1,515,stop,-1.17629,0.011345
GOLD,2019-08-02,Bmirror,1,1,1,515,stop,-1.17629,0.011345
GOLD,2019-08-05,A,-1,1,-1,161,stop,-1.03616,0.011153
GOLD,2019-08-06,A,1,1,1,164,target,0.70721,0.012089
GOLD,2019-08-07,A,-1,1,-1,154,stop,-1.03771,0.010692
GOLD,2019-08-08,B,1,1,1,142,stop,-1.18165,0.011010
GOLD,2019-08-08,Bmirror,-1,1,1,142,stop,-1.18165,0.011010
GOLD,2019-08-09,B,-1,1,1,921,stop,-1.18182,0.011000
GOLD,2019-08-09,Bmirror,1,1,1,921,stop,-1.18182,0.011000
GOLD,2019-08-12,A,-1,1,-1,754,target,0.70097,0.010327
GOLD,2019-08-12,B,-1,1,-1,557,stop,-1.19367,0.010327
GOLD,2019-08-12,Bmirror,1,1,-1,557,stop,-1.19367,0.010327
GOLD,2019-08-13,A,1,1,1,891,stop,-1.03802,0.010438
GOLD,2019-08-13,A,-1,1,1,444,stop,-1.03862,0.010438
GOLD,2019-08-13,B,1,1,1,877,stop,-1.19160,0.010438
GOLD,2019-08-13,Bmirror,-1,1,1,877,stop,-1.19160,0.010438
GOLD,2019-08-14,A,-1,1,-1,756,target,0.70205,0.010624
GOLD,2019-08-14,B,-1,1,-1,216,stop,-1.18826,0.010624
GOLD,2019-08-14,Bmirror,1,1,-1,216,stop,-1.18826,0.010624
GOLD,2019-08-15,B,1,1,1,269,stop,-1.19498,0.010258
GOLD,2019-08-15,Bmirror,-1,1,1,269,stop,-1.19498,0.010258
GOLD,2019-08-16,A,1,1,1,583,stop,-1.04041,0.009826
GOLD,2019-08-16,B,1,1,1,169,stop,-1.20354,0.009826
GOLD,2019-08-16,Bmirror,-1,1,1,169,target,12.19646,0.009826
GOLD,2019-08-19,A,1,1,-1,619,close,-0.38518,0.009969
GOLD,2019-08-20,A,-1,1,-1,721,close,-0.14916,0.010258
GOLD,2019-08-21,B,-1,1,1,1153,close,2.43815,0.010102
GOLD,2019-08-21,Bmirror,1,1,1,1153,stop,-1.19798,0.010102
GOLD,2019-08-22,B,-1,1,-1,885,stop,-1.20495,0.009759
GOLD,2019-08-22,Bmirror,1,1,-1,885,stop,-1.20495,0.009759
GOLD,2019-08-23,A,-1,1,-1,923,stop,-1.04193,0.009608
GOLD,2019-08-26,A,1,1,1,480,stop,-1.03898,0.010185
GOLD,2019-08-27,A,-1,1,-1,971,close,-0.43446,0.010709
GOLD,2019-08-28,B,-1,1,1,534,stop,-1.18706,0.010692
GOLD,2019-08-28,Bmirror,1,1,1,534,stop,-1.18706,0.010692
GOLD,2019-08-29,A,1,1,-1,1065,close,0.11801,0.010720
GOLD,2019-08-29,B,1,1,-1,603,stop,-1.18656,0.010720
GOLD,2019-08-29,Bmirror,-1,1,-1,603,stop,-1.18656,0.010720
GOLD,2019-09-02,B,-1,1,1,1055,close,0.16809,0.010852
GOLD,2019-09-02,Bmirror,1,1,1,1055,close,-0.53669,0.010852
GOLD,2019-09-03,A,-1,1,-1,900,stop,-1.03702,0.010892
GOLD,2019-09-04,B,-1,1,1,872,stop,-1.18036,0.011089
GOLD,2019-09-04,Bmirror,1,1,1,872,close,3.86395,0.011089
GOLD,2019-09-05,A,1,1,1,662,stop,-1.03712,0.010691
GOLD,2019-09-06,A,1,1,-1,618,target,0.70557,0.011520
GOLD,2019-09-06,B,-1,1,-1,824,stop,-1.17362,0.011520
GOLD,2019-09-06,Bmirror,1,1,-1,824,stop,-1.17362,0.011520
GOLD,2019-09-09,B,1,-1,1,915,stop,-1.17149,0.011662
GOLD,2019-09-09,Bmirror,-1,-1,1,915,close,4.37426,0.011662
GOLD,2019-09-10,A,1,-1,-1,146,target,0.70258,0.010606
GOLD,2019-09-10,B,-1,-1,-1,874,stop,-1.18857,0.010606
GOLD,2019-09-10,Bmirror,1,-1,-1,874,stop,-1.18857,0.010606
GOLD,2019-09-11,B,1,-1,-1,852,close,5.58203,0.010735
GOLD,2019-09-11,Bmirror,-1,-1,-1,852,stop,-1.18630,0.010735
GOLD,2019-09-12,A,-1,1,1,768,stop,-1.03935,0.010243
GOLD,2019-09-12,B,-1,1,1,381,stop,-1.19526,0.010243
GOLD,2019-09-12,Bmirror,1,1,1,381,target,12.20474,0.010243
GOLD,2019-09-13,A,-1,-1,1,776,target,0.70056,0.010218
GOLD,2019-09-13,B,1,-1,1,820,stop,-1.19573,0.010218
GOLD,2019-09-13,Bmirror,-1,-1,1,820,stop,-1.19573,0.010218
GOLD,2019-09-16,B,1,1,1,225,stop,-1.19076,0.010484
GOLD,2019-09-16,Bmirror,-1,1,1,225,stop,-1.19076,0.010484
GOLD,2019-09-17,B,1,-1,-1,881,close,1.25830,0.010274
GOLD,2019-09-17,Bmirror,-1,-1,-1,881,stop,-1.19466,0.010274
GOLD,2019-09-18,A,1,-1,1,1183,target,0.70100,0.010179
GOLD,2019-09-18,B,1,-1,1,1140,stop,-1.19648,0.010179
GOLD,2019-09-18,Bmirror,-1,-1,1,1140,stop,-1.19648,0.010179
GOLD,2019-09-19,A,-1,-1,-1,840,target,0.69961,0.009976
GOLD,2019-09-20,A,-1,-1,1,1097,stop,-1.04039,0.009978
GOLD,2019-09-23,A,-1,-1,-1,952,close,0.34213,0.010264
GOLD,2019-09-23,B,1,-1,-1,451,stop,-1.19486,0.010264
GOLD,2019-09-23,Bmirror,-1,-1,-1,451,stop,-1.19486,0.010264
GOLD,2019-09-24,A,-1,1,1,1062,target,0.70012,0.010105
GOLD,2019-09-24,B,-1,1,1,916,stop,-1.19793,0.010105
GOLD,2019-09-24,Bmirror,1,1,1,916,stop,-1.19793,0.010105
GOLD,2019-09-25,A,1,1,1,944,stop,-1.03948,0.010056
GOLD,2019-09-26,B,1,-1,-1,785,stop,-1.18667,0.010714
GOLD,2019-09-26,Bmirror,-1,-1,-1,785,stop,-1.18667,0.010714
GOLD,2019-09-27,A,1,-1,1,666,target,0.70287,0.010687
GOLD,2019-09-30,A,1,-1,1,549,stop,-1.04228,0.009396
GOLD,2019-10-01,A,1,-1,-1,406,target,0.69883,0.009647
GOLD,2019-10-01,A,-1,-1,-1,959,target,0.69824,0.009647
GOLD,2019-10-01,B,-1,-1,-1,901,stop,-1.20732,0.009647
GOLD,2019-10-01,Bmirror,1,-1,-1,901,stop,-1.20732,0.009647
GOLD,2019-10-02,A,-1,-1,1,795,stop,-1.04277,0.009418
GOLD,2019-10-03,A,-1,1,1,900,stop,-1.04049,0.009951
GOLD,2019-10-03,B,1,1,1,816,target,12.19902,0.009951
GOLD,2019-10-03,Bmirror,-1,1,1,816,stop,-1.20098,0.009951
GOLD,2019-10-04,B,1,1,1,813,stop,-1.20136,0.009932
GOLD,2019-10-04,Bmirror,-1,1,1,813,stop,-1.20136,0.009932
GOLD,2019-10-07,A,1,1,1,1112,close,-0.30354,0.009787
GOLD,2019-10-08,A,-1,1,-1,669,target,0.69947,0.009941
GOLD,2019-10-08,B,-1,1,-1,129,stop,-1.20119,0.009941
GOLD,2019-10-08,Bmirror,1,1,-1,129,stop,-1.20119,0.009941
GOLD,2019-10-09,B,-1,1,1,806,stop,-1.20419,0.009795
GOLD,2019-10-09,Bmirror,1,1,1,806,stop,-1.20419,0.009795
GOLD,2019-10-10,A,1,1,1,445,target,0.69960,0.009828
GOLD,2019-10-11,A,1,-1,-1,765,stop,-1.04311,0.009215
GOLD,2019-10-11,B,1,-1,-1,672,stop,-1.21703,0.009215
GOLD,2019-10-11,Bmirror,-1,-1,-1,672,stop,-1.21703,0.009215
GOLD,2019-10-14,A,-1,-1,-1,620,target,0.69587,0.009125
GOLD,2019-10-15,A,1,-1,1,932,close,-0.14075,0.009134
GOLD,2019-10-15,B,1,-1,1,838,stop,-1.21897,0.009134
GOLD,2019-10-15,Bmirror,-1,-1,1,838,close,7.66727,0.009134
GOLD,2019-10-16,A,-1,-1,-1,838,target,0.69588,0.009127
GOLD,2019-10-17,B,-1,-1,1,725,stop,-1.21902,0.009131
GOLD,2019-10-17,Bmirror,1,-1,1,725,stop,-1.21902,0.009131
GOLD,2019-10-18,B,-1,-1,1,841,close,1.48862,0.009137
GOLD,2019-10-18,Bmirror,1,-1,1,841,stop,-1.21889,0.009137
GOLD,2019-10-22,B,1,-1,-1,967,close,2.64734,0.008836
GOLD,2019-10-22,Bmirror,-1,-1,-1,967,stop,-1.22636,0.008836
GOLD,2019-10-24,A,-1,-1,1,930,close,-0.22798,0.008855
GOLD,2019-10-25,A,-1,1,1,810,target,0.69480,0.008908
GOLD,2019-10-25,B,1,1,1,1035,stop,-1.22452,0.008908
GOLD,2019-10-25,Bmirror,-1,1,1,1035,stop,-1.22452,0.008908
GOLD,2019-10-28,A,1,1,-1,820,close,-0.35004,0.008478
GOLD,2019-10-29,B,-1,-1,-1,959,close,2.92099,0.008630
GOLD,2019-10-29,Bmirror,1,-1,-1,959,stop,-1.23175,0.008630
GOLD,2019-10-30,A,-1,-1,-1,1172,close,0.12326,0.008536
GOLD,2019-10-30,B,1,-1,-1,1110,stop,-1.23431,0.008536
GOLD,2019-10-30,Bmirror,-1,-1,-1,1110,stop,-1.23431,0.008536
GOLD,2019-10-31,A,-1,-1,1,569,stop,-1.04725,0.008519
GOLD,2019-11-01,B,-1,1,1,840,stop,-1.24688,0.008101
GOLD,2019-11-01,Bmirror,1,1,1,840,stop,-1.24688,0.008101
GOLD,2019-11-05,A,1,1,-1,802,stop,-1.04928,0.008068
GOLD,2019-11-06,A,-1,-1,-1,1012,close,0.42979,0.007871
GOLD,2019-11-06,B,1,-1,-1,728,stop,-1.25410,0.007871
GOLD,2019-11-06,Bmirror,-1,-1,-1,728,stop,-1.25410,0.007871
GOLD,2019-11-07,A,1,1,1,661,target,0.68949,0.007873
GOLD,2019-11-08,A,1,-1,-1,738,target,0.68954,0.007880
GOLD,2019-11-11,A,1,-1,1,916,target,0.68959,0.007888
GOLD,2019-11-11,B,1,-1,1,793,stop,-1.25354,0.007888
GOLD,2019-11-11,Bmirror,-1,-1,1,793,stop,-1.25354,0.007888
GOLD,2019-11-12,A,1,-1,-1,941,target,0.68965,0.007898
GOLD,2019-11-12,B,-1,-1,-1,581,stop,-1.25323,0.007898
GOLD,2019-11-12,Bmirror,1,-1,-1,581,stop,-1.25323,0.007898
GOLD,2019-11-13,A,-1,-1,1,758,target,0.68799,0.007735
GOLD,2019-11-13,B,1,-1,1,511,close,4.07520,0.007735
GOLD,2019-11-13,Bmirror,-1,-1,1,511,stop,-1.25856,0.007735
GOLD,2019-11-14,A,-1,-1,1,973,close,0.00868,0.007464
GOLD,2019-11-18,A,1,-1,1,488,stop,-1.05888,0.006759
GOLD,2019-11-18,B,-1,-1,1,865,stop,-1.29589,0.006759
GOLD,2019-11-18,Bmirror,1,-1,1,865,stop,-1.29589,0.006759
GOLD,2019-11-19,B,-1,-1,1,949,stop,-1.29634,0.006749
GOLD,2019-11-19,Bmirror,1,-1,1,949,stop,-1.29634,0.006749
GOLD,2019-11-20,A,1,-1,1,935,target,0.68025,0.006661
GOLD,2019-11-20,B,1,-1,1,716,stop,-1.30024,0.006661
GOLD,2019-11-20,Bmirror,-1,-1,1,716,close,2.70094,0.006661
GOLD,2019-11-21,A,1,-1,-1,787,target,0.67871,0.006495
GOLD,2019-11-22,A,-1,-1,-1,610,target,0.67777,0.006459
GOLD,2019-11-22,B,1,-1,-1,900,stop,-1.30965,0.006459
GOLD,2019-11-22,Bmirror,-1,-1,-1,900,stop,-1.30965,0.006459
GOLD,2019-11-25,B,-1,-1,-1,894,close,5.40597,0.006450
GOLD,2019-11-25,Bmirror,1,-1,-1,894,stop,-1.31007,0.006450
GOLD,2019-11-26,A,-1,-1,-1,984,close,-0.15557,0.006441
GOLD,2019-11-26,B,1,-1,-1,816,stop,-1.31052,0.006441
GOLD,2019-11-26,Bmirror,-1,-1,-1,816,stop,-1.31052,0.006441
GOLD,2019-11-27,A,1,-1,1,845,close,0.13961,0.006493
GOLD,2019-11-29,A,-1,-1,-1,955,close,-0.30621,0.006230
GOLD,2019-12-02,A,1,-1,-1,520,target,0.67742,0.006361
GOLD,2019-12-02,B,-1,-1,-1,900,stop,-1.31439,0.006361
GOLD,2019-12-02,Bmirror,1,-1,-1,900,stop,-1.31439,0.006361
GOLD,2019-12-03,A,-1,1,1,615,stop,-1.06511,0.006171
GOLD,2019-12-04,A,-1,1,1,449,target,0.67819,0.006502
GOLD,2019-12-04,B,1,1,1,547,stop,-1.30758,0.006502
GOLD,2019-12-04,Bmirror,-1,1,1,547,stop,-1.30758,0.006502
GOLD,2019-12-06,A,1,1,1,810,stop,-1.06787,0.005868
GOLD,2019-12-06,B,-1,1,1,693,stop,-1.34084,0.005868
GOLD,2019-12-06,Bmirror,1,1,1,693,stop,-1.34084,0.005868
GOLD,2019-12-09,B,1,-1,-1,1041,close,1.26712,0.006200
GOLD,2019-12-09,Bmirror,-1,-1,-1,1041,stop,-1.32260,0.006200
GOLD,2019-12-10,A,-1,-1,1,737,target,0.67499,0.006181
GOLD,2019-12-11,A,-1,-1,1,925,stop,-1.07399,0.005428
GOLD,2019-12-12,A,1,1,1,899,stop,-1.07125,0.005591
GOLD,2019-12-12,A,-1,1,1,811,stop,-1.07184,0.005591
GOLD,2019-12-12,B,1,1,1,884,stop,-1.35772,0.005591
GOLD,2019-12-12,Bmirror,-1,1,1,884,stop,-1.35772,0.005591
GOLD,2019-12-13,A,-1,-1,-1,483,stop,-1.08244,0.004869
GOLD,2019-12-16,A,-1,1,-1,912,target,0.65859,0.004931
GOLD,2019-12-16,B,1,1,-1,974,close,2.28919,0.004931
GOLD,2019-12-16,Bmirror,-1,1,-1,974,stop,-1.40559,0.004931
GOLD,2019-12-17,B,1,1,1,829,stop,-1.41194,0.004855
GOLD,2019-12-17,Bmirror,-1,1,1,829,stop,-1.41194,0.004855
GOLD,2019-12-18,B,1,1,1,695,stop,-1.41271,0.004846
GOLD,2019-12-18,Bmirror,-1,1,1,695,stop,-1.41271,0.004846
GOLD,2019-12-19,A,-1,1,1,1100,close,0.51395,0.004797
GOLD,2019-12-23,A,-1,1,1,395,target,0.65533,0.004741
GOLD,2019-12-24,A,-1,1,1,356,stop,-1.08324,0.004823
GOLD,2019-12-26,A,-1,1,1,333,stop,-1.07772,0.005166
GOLD,2019-12-27,B,-1,1,1,579,stop,-1.38795,0.005155
GOLD,2019-12-27,Bmirror,1,1,1,579,stop,-1.38795,0.005155
GOLD,2019-12-31,A,-1,1,1,105,stop,-1.08113,0.004948
GOLD,2020-01-02,A,-1,1,1,792,stop,-1.08303,0.004835
GOLD,2020-01-03,A,-1,1,1,113,stop,-1.08114,0.004948
GOLD,2020-01-06,A,1,1,1,942,target,0.67264,0.005912
GOLD,2020-01-06,A,-1,1,1,70,target,0.67204,0.005912
GOLD,2020-01-06,B,1,1,1,927,stop,-1.33830,0.005912
GOLD,2020-01-06,Bmirror,-1,1,1,927,close,3.24571,0.005912
GOLD,2020-01-07,A,1,1,-1,107,target,0.67392,0.006026
GOLD,2020-01-07,A,-1,1,-1,477,target,0.67333,0.006026
GOLD,2020-01-07,B,-1,1,-1,361,stop,-1.33187,0.006026
GOLD,2020-01-07,Bmirror,1,1,-1,361,stop,-1.33187,0.006026
GOLD,2020-01-08,A,1,1,1,126,target,0.68244,0.006913
GOLD,2020-01-08,A,-1,1,1,11,target,0.68185,0.006913
GOLD,2020-01-08,B,1,1,1,103,stop,-1.28929,0.006913
GOLD,2020-01-08,Bmirror,-1,1,1,103,stop,-1.28929,0.006913
GOLD,2020-01-09,A,1,1,-1,397,stop,-1.04519,0.008794
GOLD,2020-01-10,B,-1,1,-1,810,stop,-1.22580,0.008857
GOLD,2020-01-10,Bmirror,1,1,-1,810,stop,-1.22580,0.008857
GOLD,2020-01-15,B,1,1,1,890,close,4.59971,0.008906
GOLD,2020-01-15,Bmirror,-1,1,1,890,stop,-1.22456,0.008906
GOLD,2020-01-21,A,1,1,1,833,target,0.69393,0.008626
GOLD,2020-01-21,B,1,1,1,474,stop,-1.23185,0.008626
GOLD,2020-01-21,Bmirror,-1,1,1,474,close,2.13658,0.008626
GOLD,2020-01-22,B,-1,1,-1,515,stop,-1.23027,0.008685
GOLD,2020-01-22,Bmirror,1,1,-1,515,stop,-1.23027,0.008685
GOLD,2020-01-23,B,-1,1,1,883,stop,-1.23035,0.008682
GOLD,2020-01-23,Bmirror,1,1,1,883,stop,-1.23035,0.008682
GOLD,2020-01-24,A,-1,1,-1,920,close,-0.14156,0.008687
GOLD,2020-01-27,B,-1,1,1,152,stop,-1.22739,0.008795
GOLD,2020-01-27,Bmirror,1,1,1,152,stop,-1.22739,0.008795
GOLD,2020-01-28,A,1,1,-1,925,close,-0.56022,0.008815
GOLD,2020-01-30,B,1,1,1,813,stop,-1.22365,0.008943
GOLD,2020-01-30,Bmirror,-1,1,1,813,stop,-1.22365,0.008943
GOLD,2020-01-31,A,-1,1,-1,946,close,-0.66529,0.008958
GOLD,2020-02-03,A,1,1,-1,422,stop,-1.04408,0.009015
GOLD,2020-02-04,A,1,1,-1,532,stop,-1.04326,0.009185
GOLD,2020-02-05,B,1,-1,-1,517,stop,-1.20282,0.009861
GOLD,2020-02-05,Bmirror,-1,-1,-1,517,stop,-1.20282,0.009861
GOLD,2020-02-06,A,-1,1,1,660,target,0.69914,0.009861
GOLD,2020-02-07,B,1,1,1,957,close,2.72498,0.009925
GOLD,2020-02-07,Bmirror,-1,1,1,957,stop,-1.20151,0.009925
GOLD,2020-02-10,B,-1,1,1,521,stop,-1.21360,0.009363
GOLD,2020-02-10,Bmirror,1,1,1,521,stop,-1.21360,0.009363
GOLD,2020-02-11,B,-1,1,-1,806,stop,-1.21975,0.009101
GOLD,2020-02-11,Bmirror,1,1,-1,806,stop,-1.21975,0.009101
GOLD,2020-02-14,B,-1,1,1,810,stop,-1.31307,0.006388
GOLD,2020-02-14,Bmirror,1,1,1,810,stop,-1.31307,0.006388
GOLD,2020-02-18,A,-1,1,1,822,stop,-1.06960,0.005772
GOLD,2020-02-19,A,-1,1,1,510,target,0.67416,0.006103
GOLD,2020-02-19,B,1,1,1,133,close,10.69717,0.006103
GOLD,2020-02-19,Bmirror,-1,1,1,133,stop,-1.32773,0.006103
GOLD,2020-02-20,A,-1,1,1,719,target,0.67467,0.006150
GOLD,2020-02-20,B,-1,1,1,155,stop,-1.32518,0.006150
GOLD,2020-02-20,Bmirror,1,1,1,155,stop,-1.32518,0.006150
GOLD,2020-02-21,A,-1,1,1,389,stop,-1.06460,0.006220
GOLD,2020-02-24,A,1,1,1,1169,target,0.68380,0.007080
GOLD,2020-02-24,A,-1,1,1,482,stop,-1.05679,0.007080
GOLD,2020-02-24,B,-1,1,1,70,stop,-1.28247,0.007080
GOLD,2020-02-24,Bmirror,1,1,1,70,stop,-1.28247,0.007080
GOLD,2020-02-25,A,1,1,-1,12,target,0.68579,0.007338
GOLD,2020-02-25,B,-1,1,-1,116,stop,-1.27255,0.007338
GOLD,2020-02-25,Bmirror,1,1,-1,116,stop,-1.27255,0.007338
GOLD,2020-02-26,A,1,1,-1,876,target,0.68763,0.007595
GOLD,2020-02-26,A,-1,1,-1,516,target,0.68704,0.007595
GOLD,2020-02-26,B,1,1,-1,155,stop,-1.26332,0.007595
GOLD,2020-02-26,Bmirror,-1,1,-1,155,stop,-1.26332,0.007595
GOLD,2020-02-27,A,-1,1,1,773,target,0.68701,0.007590
GOLD,2020-02-27,B,1,1,1,456,stop,-1.26349,0.007590
GOLD,2020-02-27,Bmirror,-1,1,1,456,stop,-1.26349,0.007590
GOLD,2020-02-28,A,1,1,1,249,target,0.68751,0.007578
GOLD,2020-03-02,A,-1,1,-1,55,stop,-1.03707,0.010877
GOLD,2020-03-03,A,-1,1,1,764,stop,-1.03695,0.010913
GOLD,2020-03-04,B,-1,1,1,728,stop,-1.15675,0.012759
GOLD,2020-03-04,Bmirror,1,1,1,728,stop,-1.15675,0.012759
GOLD,2020-03-05,A,-1,1,-1,742,stop,-1.03151,0.012816
GOLD,2020-03-06,A,1,1,1,927,stop,-1.02917,0.013576
GOLD,2020-03-06,A,-1,1,1,1206,target,0.71024,0.013576
GOLD,2020-03-06,B,1,1,1,814,stop,-1.14732,0.013576
GOLD,2020-03-06,Bmirror,-1,1,1,814,stop,-1.14732,0.013576
GOLD,2020-03-09,A,1,1,1,196,stop,-1.02872,0.013786
GOLD,2020-03-09,B,-1,1,1,40,stop,-1.14507,0.013786
GOLD,2020-03-09,Bmirror,1,1,1,40,stop,-1.14507,0.013786
GOLD,2020-03-10,A,1,1,-1,1151,close,0.02519,0.014438
GOLD,2020-03-10,B,-1,1,-1,446,close,6.99849,0.014438
GOLD,2020-03-10,Bmirror,1,1,-1,446,stop,-1.13852,0.014438
GOLD,2020-03-11,A,1,1,-1,1142,target,0.71196,0.014117
GOLD,2020-03-11,A,-1,1,-1,737,target,0.71137,0.014117
GOLD,2020-03-11,B,1,1,-1,896,stop,-1.14167,0.014117
GOLD,2020-03-11,Bmirror,-1,1,-1,896,stop,-1.14167,0.014117
GOLD,2020-03-12,A,1,1,-1,722,stop,-1.02787,0.014199
GOLD,2020-03-12,B,-1,1,-1,492,target,12.25915,0.014199
GOLD,2020-03-12,Bmirror,1,1,-1,492,stop,-1.14085,0.014199
GOLD,2020-03-13,A,1,-1,-1,103,target,0.71649,0.016805
GOLD,2020-03-13,A,-1,-1,-1,776,target,0.71590,0.016805
GOLD,2020-03-13,B,-1,-1,-1,277,stop,-1.11901,0.016805
GOLD,2020-03-13,Bmirror,1,-1,-1,277,stop,-1.11901,0.016805
GOLD,2020-03-16,A,1,-1,1,64,target,0.71856,0.018406
GOLD,2020-03-17,A,1,-1,-1,372,stop,-1.02009,0.019621
GOLD,2020-03-17,A,-1,-1,-1,889,stop,-1.02068,0.019621
GOLD,2020-03-17,B,1,-1,-1,65,stop,-1.10193,0.019621
GOLD,2020-03-17,Bmirror,-1,-1,-1,65,target,12.29807,0.019621
GOLD,2020-03-18,A,1,-1,1,352,stop,-1.01958,0.020125
GOLD,2020-03-19,A,1,-1,-1,177,target,0.72107,0.020810
GOLD,2020-03-20,A,-1,-1,-1,378,stop,-1.01931,0.021039
GOLD,2020-03-23,A,-1,-1,-1,729,stop,-1.01894,0.021460
GOLD,2020-03-24,A,-1,-1,1,588,stop,-1.01697,0.023989
GOLD,2020-03-24,B,1,-1,1,332,stop,-1.08337,0.023989
GOLD,2020-03-24,Bmirror,-1,-1,1,332,stop,-1.08337,0.023989
GOLD,2020-03-25,A,1,1,1,456,target,0.72464,0.025551
GOLD,2020-03-26,A,-1,1,-1,1055,target,0.72417,0.025744
GOLD,2020-03-31,A,1,-1,-1,1108,close,-0.55707,0.025479
GOLD,2020-04-01,B,1,-1,-1,864,close,3.60027,0.026008
GOLD,2020-04-01,Bmirror,-1,-1,-1,864,stop,-1.07690,0.026008
GOLD,2020-04-06,A,-1,-1,-1,890,stop,-1.01628,0.025029
GOLD,2020-04-09,A,-1,1,-1,862,close,-0.26015,0.024980
GOLD,2020-04-13,A,-1,1,1,1081,close,0.12082,0.024886
GOLD,2020-04-15,B,-1,1,1,898,close,2.31752,0.025002
GOLD,2020-04-15,Bmirror,1,1,1,898,stop,-1.07999,0.025002
GOLD,2020-04-16,B,1,1,-1,1041,stop,-1.08114,0.024648
GOLD,2020-04-16,Bmirror,-1,1,-1,1041,close,-0.53165,0.024648
GOLD,2020-04-21,A,1,1,1,738,target,0.72213,0.022015
GOLD,2020-04-21,B,-1,1,1,923,close,1.25087,0.022015
GOLD,2020-04-21,Bmirror,1,1,1,923,stop,-1.09085,0.022015
GOLD,2020-04-22,A,-1,1,-1,1044,close,-0.05466,0.021815
GOLD,2020-04-23,A,-1,1,1,978,target,0.72025,0.020556
GOLD,2020-04-28,B,-1,1,-1,622,close,0.90658,0.018654
GOLD,2020-04-28,Bmirror,1,1,-1,622,stop,-1.10722,0.018654
GOLD,2020-04-30,A,1,1,1,1026,close,-0.46397,0.015922
GOLD,2020-05-01,A,1,1,-1,420,target,0.71126,0.013777
GOLD,2020-05-01,A,-1,1,-1,1213,close,0.42071,0.013777
GOLD,2020-05-01,B,-1,1,-1,959,stop,-1.14517,0.013777
GOLD,2020-05-01,Bmirror,1,1,-1,959,stop,-1.14517,0.013777
GOLD,2020-05-04,A,-1,1,-1,677,target,0.70963,0.013301
GOLD,2020-05-05,B,-1,1,1,546,stop,-1.15010,0.013324
GOLD,2020-05-05,Bmirror,1,1,1,546,stop,-1.15010,0.013324
GOLD,2020-05-06,A,1,1,1,844,target,0.71008,0.013236
GOLD,2020-05-07,A,-1,-1,-1,985,stop,-1.03344,0.012068
GOLD,2020-05-08,B,1,-1,1,810,stop,-1.16296,0.012273
GOLD,2020-05-08,Bmirror,-1,-1,1,810,stop,-1.16296,0.012273
GOLD,2020-05-11,B,1,-1,1,372,stop,-1.16270,0.012292
GOLD,2020-05-11,Bmirror,-1,-1,1,372,stop,-1.16270,0.012292
GOLD,2020-05-13,A,-1,1,1,840,target,0.70197,0.010602
GOLD,2020-05-13,B,1,1,1,862,stop,-1.18865,0.010602
GOLD,2020-05-13,Bmirror,-1,1,1,862,stop,-1.18865,0.010602
GOLD,2020-05-14,A,-1,1,1,899,close,-0.10074,0.010411
GOLD,2020-05-15,A,-1,1,1,825,target,0.70159,0.010495
GOLD,2020-05-15,B,1,1,1,688,close,6.53234,0.010495
GOLD,2020-05-15,Bmirror,-1,1,1,688,stop,-1.19057,0.010495
GOLD,2020-05-18,A,1,1,1,897,target,0.69899,0.009684
GOLD,2020-05-18,A,-1,1,1,50,target,0.69840,0.009684
GOLD,2020-05-18,B,1,1,1,853,stop,-1.20653,0.009684
GOLD,2020-05-18,Bmirror,-1,1,1,853,stop,-1.20653,0.009684
GOLD,2020-05-19,A,-1,1,-1,941,target,0.69562,0.009074
GOLD,2020-05-19,B,1,1,-1,436,stop,-1.22042,0.009074
GOLD,2020-05-19,Bmirror,-1,1,-1,436,stop,-1.22042,0.009074
GOLD,2020-05-20,B,1,1,1,821,stop,-1.21989,0.009096
GOLD,2020-05-20,Bmirror,-1,1,1,821,stop,-1.21989,0.009096
GOLD,2020-05-21,A,1,1,1,539,target,0.69589,0.009008
GOLD,2020-05-22,A,-1,1,-1,576,target,0.69663,0.009286
GOLD,2020-05-22,B,1,1,-1,781,close,4.10702,0.009286
GOLD,2020-05-22,Bmirror,-1,1,-1,781,stop,-1.21538,0.009286
GOLD,2020-05-25,B,-1,1,-1,954,close,1.59647,0.008646
GOLD,2020-05-25,Bmirror,1,1,-1,954,stop,-1.23132,0.008646
GOLD,2020-05-26,A,1,1,-1,903,stop,-1.04690,0.008475
GOLD,2020-05-26,B,1,1,-1,486,stop,-1.23599,0.008475
GOLD,2020-05-26,Bmirror,-1,1,-1,486,stop,-1.23599,0.008475
GOLD,2020-05-27,A,1,1,-1,767,target,0.69421,0.008680
GOLD,2020-05-27,B,-1,1,-1,1103,stop,-1.23041,0.008680
GOLD,2020-05-27,Bmirror,1,1,-1,1103,stop,-1.23041,0.008680
GOLD,2020-05-28,A,-1,1,-1,454,stop,-1.04986,0.008071
GOLD,2020-05-29,A,-1,1,1,778,stop,-1.05113,0.007869
GOLD,2020-05-29,B,-1,1,1,152,stop,-1.25415,0.007869
GOLD,2020-05-29,Bmirror,1,1,1,152,stop,-1.25415,0.007869
GOLD,2020-06-01,A,1,1,1,901,target,0.69027,0.007996
GOLD,2020-06-01,B,-1,1,1,199,stop,-1.25011,0.007996
GOLD,2020-06-01,Bmirror,1,1,1,199,stop,-1.25011,0.007996
GOLD,2020-06-02,A,1,1,1,1012,stop,-1.05050,0.007875
GOLD,2020-06-02,B,-1,1,1,607,stop,-1.25397,0.007875
GOLD,2020-06-02,Bmirror,1,1,1,607,stop,-1.25397,0.007875
GOLD,2020-06-03,A,1,1,-1,61,target,0.68975,0.007913
GOLD,2020-06-04,A,-1,1,-1,685,stop,-1.04579,0.008793
GOLD,2020-06-04,B,1,1,-1,430,target,12.17255,0.008793
GOLD,2020-06-04,Bmirror,-1,1,-1,430,stop,-1.22745,0.008793
GOLD,2020-06-05,A,1,1,1,673,stop,-1.04688,0.008480
GOLD,2020-06-08,A,-1,-1,-1,365,stop,-1.04425,0.009101
GOLD,2020-06-09,A,-1,-1,1,612,stop,-1.04320,0.009322
GOLD,2020-06-09,B,1,-1,1,185,stop,-1.21454,0.009322
GOLD,2020-06-09,Bmirror,-1,-1,1,185,stop,-1.21454,0.009322
GOLD,2020-06-10,A,-1,-1,1,918,target,0.69785,0.009557
GOLD,2020-06-10,B,1,-1,1,963,stop,-1.20927,0.009557
GOLD,2020-06-10,Bmirror,-1,-1,1,963,stop,-1.20927,0.009557
GOLD,2020-06-11,A,1,1,1,751,target,0.69863,0.009600
GOLD,2020-06-11,B,-1,1,1,501,stop,-1.20834,0.009600
GOLD,2020-06-11,Bmirror,1,1,1,501,stop,-1.20834,0.009600
GOLD,2020-06-12,A,-1,-1,-1,883,target,0.69566,0.009081
GOLD,2020-06-12,B,-1,-1,-1,129,stop,-1.22024,0.009081
GOLD,2020-06-12,Bmirror,1,-1,-1,129,stop,-1.22024,0.009081
GOLD,2020-06-15,A,1,1,-1,501,stop,-1.04452,0.008925
GOLD,2020-06-16,B,1,-1,-1,731,stop,-1.22496,0.008890
GOLD,2020-06-16,Bmirror,-1,-1,-1,731,stop,-1.22496,0.008890
GOLD,2020-06-17,A,1,-1,-1,632,target,0.69518,0.008867
GOLD,2020-06-17,B,-1,-1,-1,940,stop,-1.22556,0.008867
GOLD,2020-06-17,Bmirror,1,-1,-1,940,stop,-1.22556,0.008867
GOLD,2020-06-18,B,1,1,1,648,stop,-1.22892,0.008737
GOLD,2020-06-18,Bmirror,-1,1,1,648,close,2.86816,0.008737
GOLD,2020-06-19,A,-1,1,-1,800,stop,-1.04691,0.008581
GOLD,2020-06-22,A,-1,1,1,175,target,0.69429,0.008808
GOLD,2020-06-22,B,1,1,1,499,stop,-1.22708,0.008808
GOLD,2020-06-22,Bmirror,-1,1,1,499,stop,-1.22708,0.008808
GOLD,2020-06-23,A,-1,1,1,864,close,-0.22694,0.008715
GOLD,2020-06-23,B,-1,1,1,381,stop,-1.22948,0.008715
GOLD,2020-06-23,Bmirror,1,1,1,381,stop,-1.22948,0.008715
GOLD,2020-06-24,A,-1,1,1,661,target,0.69399,0.008751
GOLD,2020-06-24,B,1,1,1,313,stop,-1.22855,0.008751
GOLD,2020-06-24,Bmirror,-1,1,1,313,stop,-1.22855,0.008751
GOLD,2020-06-25,B,-1,1,-1,835,stop,-1.22833,0.008759
GOLD,2020-06-25,Bmirror,1,1,-1,835,stop,-1.22833,0.008759
GOLD,2020-06-26,A,1,1,1,868,target,0.69264,0.008393
GOLD,2020-06-26,B,-1,1,1,519,stop,-1.23829,0.008393
GOLD,2020-06-26,Bmirror,1,1,1,519,stop,-1.23829,0.008393
GOLD,2020-06-29,B,-1,1,1,350,close,1.03481,0.008381
GOLD,2020-06-29,Bmirror,1,1,1,350,stop,-1.23862,0.008381
GOLD,2020-06-30,A,-1,1,-1,969,close,0.43064,0.008352
GOLD,2020-06-30,B,-1,1,-1,913,stop,-1.23945,0.008352
GOLD,2020-06-30,Bmirror,1,1,-1,913,close,4.76640,0.008352
GOLD,2020-07-01,A,1,1,1,877,stop,-1.04904,0.008108
GOLD,2020-07-01,B,1,1,1,692,stop,-1.24666,0.008108
GOLD,2020-07-01,Bmirror,-1,1,1,692,stop,-1.24666,0.008108
GOLD,2020-07-02,A,1,1,-1,841,target,0.69193,0.008270
GOLD,2020-07-02,B,-1,1,-1,812,stop,-1.24183,0.008270
GOLD,2020-07-02,Bmirror,1,1,-1,812,stop,-1.24183,0.008270
GOLD,2020-07-06,A,-1,1,-1,824,target,0.69045,0.008121
GOLD,2020-07-07,A,1,1,1,570,target,0.69162,0.008218
GOLD,2020-07-07,B,-1,1,1,900,stop,-1.24338,0.008218
GOLD,2020-07-07,Bmirror,1,1,1,900,stop,-1.24338,0.008218
GOLD,2020-07-08,A,-1,1,1,841,stop,-1.04945,0.008137
GOLD,2020-07-09,A,1,1,1,964,target,0.68369,0.007066
GOLD,2020-07-09,B,1,1,1,706,stop,-1.28305,0.007066
GOLD,2020-07-09,Bmirror,-1,1,1,706,stop,-1.28305,0.007066
GOLD,2020-07-10,A,1,1,-1,1066,target,0.68311,0.006995
GOLD,2020-07-10,B,-1,1,-1,553,stop,-1.28592,0.006995
GOLD,2020-07-10,Bmirror,1,1,-1,553,stop,-1.28592,0.006995
GOLD,2020-07-13,A,-1,1,1,503,target,0.66895,0.005653
GOLD,2020-07-14,A,1,1,1,678,target,0.66567,0.005360
GOLD,2020-07-14,A,-1,1,1,973,close,-0.00106,0.005360
GOLD,2020-07-14,B,-1,1,1,811,stop,-1.37313,0.005360
GOLD,2020-07-14,Bmirror,1,1,1,811,stop,-1.37313,0.005360
GOLD,2020-07-15,A,-1,1,1,571,target,0.66079,0.005069
GOLD,2020-07-15,B,1,1,1,650,stop,-1.39458,0.005069
GOLD,2020-07-15,Bmirror,-1,1,1,650,stop,-1.39458,0.005069
GOLD,2020-07-16,A,1,1,1,547,target,0.65173,0.004516
GOLD,2020-07-17,A,-1,1,-1,669,stop,-1.08371,0.004795
GOLD,2020-07-20,A,-1,1,-1,812,target,0.65859,0.004931
GOLD,2020-07-20,B,-1,1,-1,390,stop,-1.40559,0.004931
GOLD,2020-07-20,Bmirror,1,1,-1,390,stop,-1.40559,0.004931
GOLD,2020-07-21,A,-1,1,1,579,stop,-1.08180,0.004907
GOLD,2020-07-22,A,-1,1,1,126,stop,-1.07359,0.005457
GOLD,2020-07-22,B,1,1,1,26,target,12.03351,0.005457
GOLD,2020-07-22,Bmirror,-1,1,1,26,stop,-1.36649,0.005457
GOLD,2020-07-23,A,-1,1,1,541,stop,-1.06675,0.006020
GOLD,2020-07-23,B,1,1,1,121,stop,-1.33225,0.006020
GOLD,2020-07-23,Bmirror,-1,1,1,121,stop,-1.33225,0.006020
GOLD,2020-07-24,A,-1,1,1,538,target,0.67445,0.006130
GOLD,2020-07-24,B,-1,1,1,232,stop,-1.32625,0.006130
GOLD,2020-07-24,Bmirror,1,1,1,232,stop,-1.32625,0.006130
GOLD,2020-07-27,A,-1,1,1,43,stop,-1.06824,0.005887
GOLD,2020-07-28,A,1,1,1,247,target,0.68374,0.007073
GOLD,2020-07-28,A,-1,1,1,33,stop,-1.05685,0.007073
GOLD,2020-07-28,B,1,1,1,244,stop,-1.28276,0.007073
GOLD,2020-07-28,Bmirror,-1,1,1,244,stop,-1.28276,0.007073
GOLD,2020-07-29,A,-1,1,1,79,target,0.68297,0.007050
GOLD,2020-07-29,B,1,1,1,184,stop,-1.28368,0.007050
GOLD,2020-07-29,Bmirror,-1,1,1,184,stop,-1.28368,0.007050
GOLD,2020-07-30,A,1,1,1,385,stop,-1.05620,0.007080
GOLD,2020-07-31,A,-1,1,-1,183,stop,-1.05460,0.007367
GOLD,2020-08-03,A,1,1,1,99,stop,-1.05320,0.007477
GOLD,2020-08-04,A,-1,1,-1,920,stop,-1.05248,0.007665
GOLD,2020-08-04,B,-1,1,-1,742,stop,-1.26094,0.007665
GOLD,2020-08-04,Bmirror,1,1,-1,742,stop,-1.26094,0.007665
GOLD,2020-08-05,A,-1,1,1,472,target,0.69407,0.008765
GOLD,2020-08-05,B,1,1,1,93,stop,-1.22818,0.008765
GOLD,2020-08-05,Bmirror,-1,1,1,93,stop,-1.22818,0.008765
GOLD,2020-08-06,A,-1,1,1,428,target,0.69251,0.008476
GOLD,2020-08-06,B,1,1,1,192,target,12.16405,0.008476
GOLD,2020-08-06,Bmirror,-1,1,1,192,stop,-1.23595,0.008476
GOLD,2020-08-07,A,1,1,1,297,target,0.69477,0.008786
GOLD,2020-08-07,B,-1,1,1,133,stop,-1.22764,0.008786
GOLD,2020-08-07,Bmirror,1,1,1,133,stop,-1.22764,0.008786
GOLD,2020-08-10,A,-1,1,-1,888,target,0.69986,0.010038
GOLD,2020-08-10,B,1,1,-1,1162,stop,-1.19924,0.010038
GOLD,2020-08-10,Bmirror,-1,1,-1,1162,stop,-1.19924,0.010038
GOLD,2020-08-11,A,1,1,1,370,stop,-1.03952,0.010046
GOLD,2020-08-12,A,1,1,-1,164,stop,-1.02579,0.015336
GOLD,2020-08-12,A,-1,1,-1,561,target,0.71362,0.015336
GOLD,2020-08-12,B,-1,1,-1,511,stop,-1.13041,0.015336
GOLD,2020-08-12,Bmirror,1,1,-1,511,stop,-1.13041,0.015336
GOLD,2020-08-13,A,-1,1,-1,123,target,0.71369,0.015377
GOLD,2020-08-14,A,1,1,1,1055,close,0.53090,0.015913
GOLD,2020-08-17,A,-1,1,1,883,stop,-1.02528,0.016009
GOLD,2020-08-17,B,-1,1,1,430,stop,-1.12493,0.016009
GOLD,2020-08-17,Bmirror,1,1,1,430,stop,-1.12493,0.016009
GOLD,2020-08-18,A,-1,1,1,449,target,0.71510,0.016258
GOLD,2020-08-18,B,1,1,1,929,stop,-1.12302,0.016258
GOLD,2020-08-18,Bmirror,-1,1,1,929,stop,-1.12302,0.016258
GOLD,2020-08-19,A,1,1,1,487,target,0.71587,0.016374
GOLD,2020-08-20,B,-1,-1,-1,111,stop,-1.11023,0.018144
GOLD,2020-08-20,Bmirror,1,-1,-1,111,stop,-1.11023,0.018144
GOLD,2020-08-21,A,1,-1,1,759,target,0.71810,0.018020
GOLD,2020-08-24,B,1,-1,-1,933,stop,-1.11070,0.018067
GOLD,2020-08-24,Bmirror,-1,-1,-1,933,close,2.28669,0.018067
GOLD,2020-08-26,A,1,-1,-1,813,target,0.71801,0.017947
GOLD,2020-08-26,A,-1,-1,-1,1248,close,-0.02233,0.017947
GOLD,2020-08-26,B,-1,-1,-1,880,stop,-1.11144,0.017947
GOLD,2020-08-26,Bmirror,1,-1,-1,880,close,7.28729,0.017947
GOLD,2020-08-27,A,1,-1,1,902,close,0.08326,0.017896
GOLD,2020-08-27,B,-1,-1,1,853,stop,-1.11176,0.017896
GOLD,2020-08-27,Bmirror,1,-1,1,853,stop,-1.11176,0.017896
GOLD,2020-08-28,A,-1,-1,-1,568,stop,-1.02245,0.018052
GOLD,2020-08-31,B,-1,-1,1,912,close,1.44283,0.018434
GOLD,2020-08-31,Bmirror,1,-1,1,912,stop,-1.10850,0.018434
GOLD,2020-09-01,A,-1,-1,-1,536,target,0.71737,0.017907
GOLD,2020-09-01,B,1,-1,-1,945,close,1.12955,0.017907
GOLD,2020-09-01,Bmirror,-1,-1,-1,945,stop,-1.11169,0.017907
GOLD,2020-09-02,A,1,-1,1,913,close,-0.16201,0.017914
GOLD,2020-09-02,B,-1,-1,1,611,close,7.98825,0.017914
GOLD,2020-09-02,Bmirror,1,-1,1,611,stop,-1.11165,0.017914
GOLD,2020-09-03,B,-1,-1,-1,882,stop,-1.11061,0.018082
GOLD,2020-09-03,Bmirror,1,-1,-1,882,stop,-1.11061,0.018082
GOLD,2020-09-04,B,1,1,-1,811,stop,-1.11070,0.018066
GOLD,2020-09-04,Bmirror,-1,1,-1,811,stop,-1.11070,0.018066
GOLD,2020-09-08,B,-1,-1,-1,1024,stop,-1.11179,0.017891
GOLD,2020-09-08,Bmirror,1,-1,-1,1024,close,0.14180,0.017891
GOLD,2020-09-15,B,1,1,1,891,stop,-1.12168,0.016437
GOLD,2020-09-15,Bmirror,-1,1,1,891,close,0.81739,0.016437
GOLD,2020-09-16,A,-1,1,-1,851,target,0.70740,0.012382
GOLD,2020-09-16,B,1,1,-1,1192,close,1.77858,0.012382
GOLD,2020-09-16,Bmirror,-1,1,-1,1192,stop,-1.16153,0.012382
GOLD,2020-09-17,A,1,1,1,253,close,0.19463,0.012307
GOLD,2020-09-18,B,1,1,-1,891,close,1.86747,0.011472
GOLD,2020-09-18,Bmirror,-1,1,-1,891,stop,-1.17434,0.011472
GOLD,2020-09-21,A,1,1,-1,630,stop,-1.03490,0.011365
GOLD,2020-09-22,A,1,-1,-1,515,target,0.70546,0.011484
GOLD,2020-09-22,B,-1,-1,-1,840,stop,-1.17416,0.011484
GOLD,2020-09-22,Bmirror,1,-1,-1,840,stop,-1.17416,0.011484
GOLD,2020-09-23,A,1,-1,-1,344,target,0.70448,0.011167
GOLD,2020-09-24,A,-1,-1,-1,1022,target,0.69874,0.009765
GOLD,2020-09-24,B,1,-1,-1,214,stop,-1.20482,0.009765
GOLD,2020-09-24,Bmirror,-1,-1,-1,214,stop,-1.20482,0.009765
GOLD,2020-09-25,A,1,-1,1,719,target,0.69933,0.009765
GOLD,2020-09-25,B,1,-1,1,646,stop,-1.20481,0.009765
GOLD,2020-09-25,Bmirror,-1,-1,1,646,close,3.14091,0.009765
GOLD,2020-09-28,A,1,-1,1,586,target,0.69938,0.009776
GOLD,2020-09-28,A,-1,-1,1,1110,close,-0.35715,0.009776
GOLD,2020-09-28,B,-1,-1,1,775,stop,-1.20459,0.009776
GOLD,2020-09-28,Bmirror,1,-1,1,775,stop,-1.20459,0.009776
GOLD,2020-09-29,A,-1,-1,1,1067,close,-0.34820,0.009948
GOLD,2020-09-29,B,1,-1,1,819,stop,-1.20105,0.009948
GOLD,2020-09-29,Bmirror,-1,-1,1,819,stop,-1.20105,0.009948
GOLD,2020-09-30,A,1,-1,1,430,target,0.70103,0.010186
GOLD,2020-09-30,B,-1,-1,1,832,stop,-1.19635,0.010186
GOLD,2020-09-30,Bmirror,1,-1,1,832,stop,-1.19635,0.010186
GOLD,2020-10-01,A,-1,-1,-1,801,stop,-1.04108,0.009807
GOLD,2020-10-02,A,1,-1,1,235,target,0.69889,0.009660
GOLD,2020-10-02,B,-1,-1,1,403,stop,-1.20704,0.009660
GOLD,2020-10-02,Bmirror,1,-1,1,403,stop,-1.20704,0.009660
GOLD,2020-10-05,A,1,-1,1,493,target,0.69390,0.008621
GOLD,2020-10-05,A,-1,-1,1,907,close,-0.14543,0.008621
GOLD,2020-10-05,B,-1,-1,1,605,stop,-1.23200,0.008621
GOLD,2020-10-05,Bmirror,1,-1,1,605,stop,-1.23200,0.008621
GOLD,2020-10-06,A,1,-1,1,1131,target,0.69458,0.008750
GOLD,2020-10-06,B,1,-1,1,800,stop,-1.22856,0.008750
GOLD,2020-10-06,Bmirror,-1,-1,1,800,stop,-1.22856,0.008750
GOLD,2020-10-07,A,-1,-1,-1,446,target,0.69763,0.009508
GOLD,2020-10-08,A,-1,-1,1,894,target,0.69608,0.009170
GOLD,2020-10-08,B,1,-1,1,904,stop,-1.21810,0.009170
GOLD,2020-10-08,Bmirror,-1,-1,1,904,stop,-1.21810,0.009170
GOLD,2020-10-09,A,-1,-1,1,220,stop,-1.04382,0.009190
GOLD,2020-10-12,B,-1,-1,-1,151,stop,-1.20085,0.009958
GOLD,2020-10-12,Bmirror,1,-1,-1,151,stop,-1.20085,0.009958
GOLD,2020-10-13,A,1,-1,-1,836,stop,-1.03990,0.009952
GOLD,2020-10-13,B,-1,-1,-1,575,target,12.19903,0.009952
GOLD,2020-10-13,Bmirror,1,-1,-1,575,stop,-1.20097,0.009952
GOLD,2020-10-14,A,-1,-1,-1,810,target,0.70178,0.010548
GOLD,2020-10-14,B,-1,-1,-1,193,stop,-1.18962,0.010548
GOLD,2020-10-14,Bmirror,1,-1,-1,193,close,4.64594,0.010548
GOLD,2020-10-15,B,-1,-1,1,884,stop,-1.19175,0.010430
GOLD,2020-10-15,Bmirror,1,-1,1,884,stop,-1.19175,0.010430
GOLD,2020-10-19,A,-1,1,1,790,target,0.70163,0.010506
GOLD,2020-10-20,B,-1,1,1,250,stop,-1.19330,0.010347
GOLD,2020-10-20,Bmirror,1,1,1,250,stop,-1.19330,0.010347
GOLD,2020-10-21,A,-1,1,1,833,close,0.09207,0.010397
GOLD,2020-10-22,A,1,1,1,790,stop,-1.03779,0.010501
GOLD,2020-10-23,B,1,1,-1,874,stop,-1.18905,0.010579
GOLD,2020-10-23,Bmirror,-1,1,-1,874,stop,-1.18905,0.010579
GOLD,2020-10-27,B,1,1,1,494,stop,-1.20397,0.009805
GOLD,2020-10-27,Bmirror,-1,1,1,494,stop,-1.20397,0.009805
GOLD,2020-10-28,A,1,1,1,705,stop,-1.04102,0.009682
GOLD,2020-10-29,A,1,-1,-1,740,target,0.69588,0.009005
GOLD,2020-10-30,A,-1,-1,-1,744,stop,-1.04451,0.009047
GOLD,2020-10-30,B,1,-1,-1,360,stop,-1.22106,0.009047
GOLD,2020-10-30,Bmirror,-1,-1,-1,360,stop,-1.22106,0.009047
GOLD,2020-11-02,A,-1,-1,-1,576,close,-0.73907,0.009089
GOLD,2020-11-03,A,-1,-1,1,812,target,0.69593,0.009137
GOLD,2020-11-03,B,-1,-1,1,500,stop,-1.21888,0.009137
GOLD,2020-11-03,Bmirror,1,-1,1,500,close,8.37796,0.009137
GOLD,2020-11-04,A,1,-1,1,59,stop,-1.04331,0.009173
GOLD,2020-11-05,A,-1,-1,-1,532,stop,-1.04391,0.009170
GOLD,2020-11-06,B,-1,1,1,454,stop,-1.19921,0.010040
GOLD,2020-11-06,Bmirror,1,1,1,454,stop,-1.19921,0.010040
GOLD,2020-11-09,A,1,1,1,717,stop,-1.03961,0.010023
GOLD,2020-11-10,A,-1,-1,-1,423,target,0.71100,0.013935
GOLD,2020-11-10,B,1,-1,-1,649,stop,-1.14352,0.013935
GOLD,2020-11-10,Bmirror,-1,-1,-1,649,stop,-1.14352,0.013935
GOLD,2020-11-11,A,1,-1,1,840,target,0.71037,0.013365
GOLD,2020-11-13,A,-1,-1,1,831,target,0.70979,0.013372
GOLD,2020-11-16,A,1,-1,1,713,target,0.70928,0.012895
GOLD,2020-11-16,B,-1,-1,1,876,stop,-1.15510,0.012895
GOLD,2020-11-16,Bmirror,1,-1,1,876,stop,-1.15510,0.012895
GOLD,2020-11-18,A,1,-1,-1,722,target,0.70810,0.012425
GOLD,2020-11-18,B,-1,-1,-1,927,close,4.20133,0.012425
GOLD,2020-11-18,Bmirror,1,-1,-1,927,stop,-1.16097,0.012425
GOLD,2020-11-19,A,1,-1,-1,817,target,0.70817,0.012451
GOLD,2020-11-23,A,1,1,1,889,stop,-1.03183,0.012450
GOLD,2020-11-24,A,1,-1,-1,629,stop,-1.03031,0.013071
GOLD,2020-11-26,B,1,-1,-1,882,stop,-1.15176,0.013179
GOLD,2020-11-26,Bmirror,-1,-1,-1,882,stop,-1.15176,0.013179
GOLD,2020-11-27,A,1,-1,1,810,stop,-1.03025,0.013096
GOLD,2020-11-30,A,1,-1,-1,178,target,0.71021,0.013294
GOLD,2020-12-01,A,-1,-1,-1,601,stop,-1.03043,0.013275
GOLD,2020-12-02,A,-1,-1,1,630,target,0.71098,0.013927
GOLD,2020-12-03,B,1,-1,1,899,stop,-1.14376,0.013912
GOLD,2020-12-03,Bmirror,-1,-1,1,899,stop,-1.14376,0.013912
GOLD,2020-12-07,A,-1,-1,-1,891,stop,-1.02916,0.013858
GOLD,2020-12-07,B,-1,-1,-1,813,stop,-1.14432,0.013858
GOLD,2020-12-07,Bmirror,1,-1,-1,813,target,12.25568,0.013858
GOLD,2020-12-08,B,1,-1,1,902,close,2.32202,0.014115
GOLD,2020-12-08,Bmirror,-1,-1,1,902,stop,-1.14169,0.014115
GOLD,2020-12-09,A,1,-1,1,876,stop,-1.02839,0.013945
GOLD,2020-12-10,B,1,-1,-1,957,stop,-1.13839,0.014452
GOLD,2020-12-10,Bmirror,-1,-1,-1,957,stop,-1.13839,0.014452
GOLD,2020-12-11,B,-1,-1,1,803,stop,-1.14700,0.013606
GOLD,2020-12-11,Bmirror,1,-1,1,803,close,0.84815,0.013606
GOLD,2020-12-14,A,1,-1,-1,629,target,0.71075,0.013536
GOLD,2020-12-14,B,-1,-1,-1,875,close,4.27373,0.013536
GOLD,2020-12-14,Bmirror,1,-1,-1,875,stop,-1.14775,0.013536
GOLD,2020-12-15,A,-1,-1,-1,353,stop,-1.04132,0.009749
GOLD,2020-12-16,B,1,-1,1,800,stop,-1.19657,0.010175
GOLD,2020-12-16,Bmirror,-1,-1,1,800,stop,-1.19657,0.010175
GOLD,2020-12-17,A,-1,1,1,500,stop,-1.03950,0.010204
GOLD,2020-12-21,A,1,1,1,606,stop,-1.03870,0.010257
GOLD,2020-12-21,A,-1,1,1,78,target,0.70071,0.010257
GOLD,2020-12-21,B,1,1,1,587,stop,-1.19499,0.010257
GOLD,2020-12-21,Bmirror,-1,1,1,587,stop,-1.19499,0.010257
GOLD,2020-12-22,A,1,1,-1,953,close,-0.51150,0.010266
GOLD,2020-12-22,B,-1,1,-1,841,stop,-1.19482,0.010266
GOLD,2020-12-22,Bmirror,1,1,-1,841,stop,-1.19482,0.010266
GOLD,2020-12-23,B,1,1,-1,653,stop,-1.19294,0.010366
GOLD,2020-12-23,Bmirror,-1,1,-1,653,stop,-1.19294,0.010366
GOLD,2020-12-24,B,1,1,1,654,stop,-1.19348,0.010337
GOLD,2020-12-24,Bmirror,-1,1,1,654,stop,-1.19348,0.010337
GOLD,2020-12-28,A,1,1,1,701,target,0.70157,0.010328
GOLD,2020-12-28,B,1,1,1,341,stop,-1.19364,0.010328
GOLD,2020-12-28,Bmirror,-1,1,1,341,stop,-1.19364,0.010328
GOLD,2020-12-30,A,-1,1,1,1160,close,-0.32793,0.009494
GOLD,2020-12-30,B,1,1,1,474,stop,-1.21065,0.009494
GOLD,2020-12-30,Bmirror,-1,1,1,474,stop,-1.21065,0.009494
GOLD,2020-12-31,B,-1,1,1,542,stop,-1.22141,0.009033
GOLD,2020-12-31,Bmirror,1,1,1,542,stop,-1.22141,0.009033
GOLD,2021-01-04,A,-1,1,1,481,stop,-1.04421,0.009110
GOLD,2021-01-05,B,-1,1,1,195,stop,-1.22333,0.008955
GOLD,2021-01-05,Bmirror,1,1,1,195,stop,-1.22333,0.008955
GOLD,2021-01-06,A,1,1,1,763,stop,-1.04445,0.008940
GOLD,2021-01-06,B,-1,1,1,496,stop,-1.22372,0.008940
GOLD,2021-01-06,Bmirror,1,1,1,496,stop,-1.22372,0.008940
GOLD,2021-01-07,A,1,1,-1,630,target,0.69803,0.009463
GOLD,2021-01-07,B,-1,1,-1,397,stop,-1.21134,0.009463
GOLD,2021-01-07,Bmirror,1,1,-1,397,stop,-1.21134,0.009463
GOLD,2021-01-08,A,1,1,-1,480,stop,-1.04448,0.008934
GOLD,2021-01-11,A,1,-1,-1,75,stop,-1.03389,0.011700
GOLD,2021-01-11,B,-1,-1,-1,384,stop,-1.17094,0.011700
GOLD,2021-01-11,Bmirror,1,-1,-1,384,stop,-1.17094,0.011700
GOLD,2021-01-12,A,-1,-1,1,594,target,0.70552,0.011702
GOLD,2021-01-12,B,1,-1,1,821,stop,-1.17092,0.011702
GOLD,2021-01-12,Bmirror,-1,-1,1,821,stop,-1.17092,0.011702
GOLD,2021-01-13,B,-1,-1,1,821,stop,-1.17005,0.011761
GOLD,2021-01-13,Bmirror,1,-1,1,821,stop,-1.17005,0.011761
GOLD,2021-01-14,A,1,-1,-1,151,target,0.70509,0.011363
GOLD,2021-01-14,B,-1,-1,-1,864,stop,-1.17601,0.011363
GOLD,2021-01-14,Bmirror,1,-1,-1,864,stop,-1.17601,0.011363
GOLD,2021-01-15,A,1,-1,-1,924,close,-0.30991,0.011337
GOLD,2021-01-15,B,1,-1,-1,380,stop,-1.17641,0.011337
GOLD,2021-01-15,Bmirror,-1,-1,-1,380,stop,-1.17641,0.011337
GOLD,2021-01-18,A,-1,-1,-1,104,stop,-1.03676,0.010971
GOLD,2021-01-19,B,1,-1,1,766,stop,-1.17531,0.011408
GOLD,2021-01-19,Bmirror,-1,-1,1,766,stop,-1.17531,0.011408
GOLD,2021-01-20,A,-1,-1,1,479,target,0.70466,0.011415
GOLD,2021-01-20,B,1,-1,1,778,stop,-1.17520,0.011415
GOLD,2021-01-20,Bmirror,-1,-1,1,778,stop,-1.17520,0.011415
GOLD,2021-01-22,A,1,-1,-1,630,stop,-1.03460,0.011464
GOLD,2021-01-25,B,1,-1,1,888,stop,-1.17741,0.011273
GOLD,2021-01-25,Bmirror,-1,-1,1,888,stop,-1.17741,0.011273
GOLD,2021-01-27,A,1,-1,-1,877,target,0.70482,0.011274
GOLD,2021-01-27,B,-1,-1,-1,482,close,3.16947,0.011274
GOLD,2021-01-27,Bmirror,1,-1,-1,482,stop,-1.17740,0.011274
GOLD,2021-01-28,A,-1,-1,-1,830,target,0.70440,0.011331
GOLD,2021-01-28,B,1,-1,-1,1058,stop,-1.17651,0.011331
GOLD,2021-01-28,Bmirror,-1,-1,-1,1058,stop,-1.17651,0.011331
GOLD,2021-01-29,A,-1,-1,1,657,stop,-1.03589,0.011236
GOLD,2021-01-29,B,1,-1,1,434,target,12.22201,0.011236
GOLD,2021-01-29,Bmirror,-1,-1,1,434,stop,-1.17799,0.011236
GOLD,2021-02-01,A,-1,-1,1,492,target,0.70404,0.011215
GOLD,2021-02-02,A,1,1,1,719,stop,-1.03553,0.011165
GOLD,2021-02-03,B,1,-1,-1,466,stop,-1.17632,0.011343
GOLD,2021-02-03,Bmirror,-1,-1,-1,466,stop,-1.17632,0.011343
GOLD,2021-02-04,A,1,-1,-1,343,target,0.70501,0.011337
GOLD,2021-02-05,A,-1,-1,-1,1015,close,-0.24856,0.011910
GOLD,2021-02-05,B,1,-1,-1,796,stop,-1.16793,0.011910
GOLD,2021-02-05,Bmirror,-1,-1,-1,796,stop,-1.16793,0.011910
GOLD,2021-02-08,A,-1,-1,1,852,close,0.27545,0.012007
GOLD,2021-02-08,B,-1,-1,1,685,stop,-1.16657,0.012007
GOLD,2021-02-08,Bmirror,1,-1,1,685,close,5.68815,0.012007
GOLD,2021-02-09,A,-1,1,1,562,target,0.70528,0.011620
GOLD,2021-02-10,A,-1,1,1,813,target,0.70519,0.011591
GOLD,2021-02-10,B,1,1,1,944,close,3.14672,0.011591
GOLD,2021-02-10,Bmirror,-1,1,1,944,stop,-1.17255,0.011591
GOLD,2021-02-11,A,1,1,1,1029,close,-0.12315,0.011365
GOLD,2021-02-11,B,-1,1,1,413,stop,-1.17599,0.011365
GOLD,2021-02-11,Bmirror,1,1,1,413,stop,-1.17599,0.011365
GOLD,2021-02-12,A,1,-1,-1,813,target,0.70535,0.011446
GOLD,2021-02-12,B,-1,-1,-1,951,stop,-1.17474,0.011446
GOLD,2021-02-12,Bmirror,1,-1,-1,951,stop,-1.17474,0.011446
GOLD,2021-02-15,B,1,-1,-1,387,stop,-1.22943,0.008717
GOLD,2021-02-15,Bmirror,-1,-1,-1,387,stop,-1.22943,0.008717
GOLD,2021-02-16,A,1,-1,-1,778,stop,-1.04563,0.008710
GOLD,2021-02-16,B,1,-1,-1,709,stop,-1.22961,0.008710
GOLD,2021-02-16,Bmirror,-1,-1,-1,709,target,12.17039,0.008710
GOLD,2021-02-17,A,1,-1,-1,810,target,0.69689,0.009214
GOLD,2021-02-17,B,1,-1,-1,454,stop,-1.21705,0.009214
GOLD,2021-02-17,Bmirror,-1,-1,-1,454,stop,-1.21705,0.009214
GOLD,2021-02-18,B,1,-1,-1,881,stop,-1.21697,0.009218
GOLD,2021-02-18,Bmirror,-1,-1,-1,881,stop,-1.21697,0.009218
GOLD,2021-02-19,A,-1,-1,-1,839,target,0.69637,0.009231
GOLD,2021-02-19,B,-1,-1,-1,350,stop,-1.21667,0.009231
GOLD,2021-02-19,Bmirror,1,-1,-1,350,stop,-1.21667,0.009231
GOLD,2021-02-22,A,-1,-1,-1,480,stop,-1.04478,0.008992
GOLD,2021-02-22,B,1,-1,-1,179,stop,-1.22241,0.008992
GOLD,2021-02-22,Bmirror,-1,-1,-1,179,stop,-1.22241,0.008992
GOLD,2021-02-23,A,1,-1,1,880,target,0.69603,0.009036
GOLD,2021-02-23,B,-1,-1,1,723,stop,-1.22133,0.009036
GOLD,2021-02-23,Bmirror,1,-1,1,723,stop,-1.22133,0.009036
GOLD,2021-02-24,A,1,-1,-1,827,stop,-1.04400,0.009030
GOLD,2021-02-24,B,1,-1,-1,457,stop,-1.22149,0.009030
GOLD,2021-02-24,Bmirror,-1,-1,-1,457,stop,-1.22149,0.009030
GOLD,2021-02-25,A,1,-1,-1,430,stop,-1.04780,0.008317
GOLD,2021-02-26,A,1,-1,-1,357,target,0.69618,0.009068
GOLD,2021-02-26,B,-1,-1,-1,552,target,12.17943,0.009068
GOLD,2021-02-26,Bmirror,1,-1,-1,552,stop,-1.22057,0.009068
GOLD,2021-03-01,A,1,-1,1,1061,close,-0.23108,0.009842
GOLD,2021-03-01,A,-1,-1,1,330,target,0.69906,0.009842
GOLD,2021-03-01,B,1,-1,1,758,stop,-1.20320,0.009842
GOLD,2021-03-01,Bmirror,-1,-1,1,758,stop,-1.20320,0.009842
GOLD,2021-03-02,A,1,-1,-1,107,target,0.69996,0.009916
GOLD,2021-03-02,A,-1,-1,-1,1055,close,-0.11538,0.009916
GOLD,2021-03-02,B,-1,-1,-1,583,stop,-1.20169,0.009916
GOLD,2021-03-02,Bmirror,1,-1,-1,583,stop,-1.20169,0.009916
GOLD,2021-03-03,A,1,-1,1,687,stop,-1.03932,0.010098
GOLD,2021-03-04,A,1,-1,-1,1080,target,0.70194,0.010430
GOLD,2021-03-04,B,1,-1,-1,553,stop,-1.19176,0.010430
GOLD,2021-03-04,Bmirror,-1,-1,-1,553,stop,-1.19176,0.010430
GOLD,2021-03-05,A,-1,-1,-1,860,target,0.70154,0.010481
GOLD,2021-03-05,B,-1,-1,-1,148,stop,-1.19082,0.010481
GOLD,2021-03-05,Bmirror,1,-1,-1,148,stop,-1.19082,0.010481
GOLD,2021-03-08,A,1,-1,1,523,stop,-1.03772,0.010521
GOLD,2021-03-08,B,1,-1,1,166,stop,-1.19010,0.010521
GOLD,2021-03-08,Bmirror,-1,-1,1,166,stop,-1.19010,0.010521
GOLD,2021-03-09,A,-1,-1,-1,472,stop,-1.03759,0.010725
GOLD,2021-03-10,B,-1,-1,1,810,stop,-1.17427,0.011477
GOLD,2021-03-10,Bmirror,1,-1,1,810,stop,-1.17427,0.011477
GOLD,2021-03-11,B,1,-1,1,862,stop,-1.17221,0.011613
GOLD,2021-03-11,Bmirror,-1,-1,1,862,close,1.91662,0.011613
GOLD,2021-03-12,A,1,-1,-1,439,stop,-1.03655,0.010855
GOLD,2021-03-12,B,-1,-1,-1,1069,stop,-1.18425,0.010855
GOLD,2021-03-12,Bmirror,1,-1,-1,1069,stop,-1.18425,0.010855
GOLD,2021-03-15,B,1,-1,-1,169,stop,-1.18911,0.010576
GOLD,2021-03-15,Bmirror,-1,-1,-1,169,stop,-1.18911,0.010576
GOLD,2021-03-16,B,1,-1,1,931,stop,-1.19114,0.010464
GOLD,2021-03-16,Bmirror,-1,-1,1,931,stop,-1.19114,0.010464
GOLD,2021-03-17,A,-1,-1,1,1117,close,-0.07345,0.010423
GOLD,2021-03-17,B,-1,-1,1,862,stop,-1.19189,0.010423
GOLD,2021-03-17,Bmirror,1,-1,1,862,stop,-1.19189,0.010423
GOLD,2021-03-18,A,1,-1,1,526,stop,-1.03725,0.010654
GOLD,2021-03-18,B,1,-1,1,239,stop,-1.18773,0.010654
GOLD,2021-03-18,Bmirror,-1,-1,1,239,stop,-1.18773,0.010654
GOLD,2021-03-19,B,1,-1,-1,634,stop,-1.18807,0.010634
GOLD,2021-03-19,Bmirror,-1,-1,-1,634,stop,-1.18807,0.010634
GOLD,2021-03-22,B,-1,-1,-1,694,stop,-1.18595,0.010755
GOLD,2021-03-22,Bmirror,1,-1,-1,694,stop,-1.18595,0.010755
GOLD,2021-03-23,A,1,1,1,939,close,0.12095,0.010765
GOLD,2021-03-23,B,-1,1,1,397,stop,-1.18578,0.010765
GOLD,2021-03-23,Bmirror,1,1,1,397,stop,-1.18578,0.010765
GOLD,2021-03-25,B,-1,1,1,799,stop,-1.19350,0.010336
GOLD,2021-03-25,Bmirror,1,1,1,799,stop,-1.19350,0.010336
GOLD,2021-03-29,A,1,1,-1,877,stop,-1.03877,0.010240
GOLD,2021-03-30,A,1,1,-1,518,stop,-1.04034,0.009843
GOLD,2021-03-31,A,-1,-1,-1,892,stop,-1.03907,0.010318
GOLD,2021-04-01,A,-1,1,1,841,close,-0.91897,0.010897
GOLD,2021-04-05,B,-1,1,-1,572,stop,-1.20386,0.009811
GOLD,2021-04-05,Bmirror,1,1,-1,572,stop,-1.20386,0.009811
GOLD,2021-04-06,A,-1,1,-1,885,close,-0.46278,0.009790
GOLD,2021-04-07,B,-1,1,1,974,close,2.84382,0.009818
GOLD,2021-04-07,Bmirror,1,1,1,974,stop,-1.20371,0.009818
GOLD,2021-04-08,A,-1,1,-1,750,stop,-1.04131,0.009753
GOLD,2021-04-09,A,1,1,1,800,stop,-1.04218,0.009416
GOLD,2021-04-12,A,1,-1,-1,1164,close,0.34569,0.009253
GOLD,2021-04-12,B,-1,-1,-1,461,stop,-1.21615,0.009253
GOLD,2021-04-12,Bmirror,1,-1,-1,461,stop,-1.21615,0.009253
GOLD,2021-04-13,A,-1,-1,-1,875,close,-0.13316,0.009322
GOLD,2021-04-13,B,-1,-1,-1,796,stop,-1.21454,0.009322
GOLD,2021-04-13,Bmirror,1,-1,-1,796,stop,-1.21454,0.009322
GOLD,2021-04-14,A,1,1,1,920,target,0.69538,0.008905
GOLD,2021-04-15,A,-1,-1,-1,483,stop,-1.04917,0.008184
GOLD,2021-04-16,A,-1,1,1,693,stop,-1.04614,0.008725
GOLD,2021-04-19,A,-1,1,-1,533,target,0.69427,0.008805
GOLD,2021-04-19,B,1,1,-1,153,stop,-1.22715,0.008805
GOLD,2021-04-19,Bmirror,-1,1,-1,153,stop,-1.22715,0.008805
GOLD,2021-04-20,B,-1,1,-1,249,stop,-1.22670,0.008822
GOLD,2021-04-20,Bmirror,1,1,-1,249,stop,-1.22670,0.008822
GOLD,2021-04-21,A,-1,1,1,885,close,-0.51865,0.008833
GOLD,2021-04-21,B,1,1,1,597,close,9.53891,0.008833
GOLD,2021-04-21,Bmirror,-1,1,1,597,stop,-1.22642,0.008833
GOLD,2021-04-22,A,1,1,1,844,target,0.69578,0.008986
GOLD,2021-04-23,A,1,1,-1,920,target,0.69536,0.008902
GOLD,2021-04-23,A,-1,1,-1,843,target,0.69477,0.008902
GOLD,2021-04-23,B,1,1,-1,891,stop,-1.22467,0.008902
GOLD,2021-04-23,Bmirror,-1,1,-1,891,stop,-1.22467,0.008902
GOLD,2021-04-26,B,1,1,-1,791,stop,-1.22925,0.008724
GOLD,2021-04-26,Bmirror,-1,1,-1,791,stop,-1.22925,0.008724
GOLD,2021-04-27,B,-1,1,1,355,stop,-1.23001,0.008695
GOLD,2021-04-27,Bmirror,1,1,1,355,stop,-1.23001,0.008695
GOLD,2021-04-28,A,1,1,-1,628,target,0.69453,0.008740
GOLD,2021-04-28,B,-1,1,-1,998,stop,-1.22883,0.008740
GOLD,2021-04-28,Bmirror,1,1,-1,998,stop,-1.22883,0.008740
GOLD,2021-04-29,A,1,1,1,855,stop,-1.04619,0.008605
GOLD,2021-04-29,B,1,1,1,426,stop,-1.23243,0.008605
GOLD,2021-04-29,Bmirror,-1,1,1,426,target,12.16757,0.008605
GOLD,2021-05-03,A,-1,1,-1,477,stop,-1.04655,0.008648
GOLD,2021-05-04,A,1,1,1,973,stop,-1.04393,0.009044
GOLD,2021-05-04,B,-1,1,1,877,stop,-1.22115,0.009044
GOLD,2021-05-04,Bmirror,1,1,1,877,stop,-1.22115,0.009044
GOLD,2021-05-05,B,-1,1,-1,828,stop,-1.22631,0.008837
GOLD,2021-05-05,Bmirror,1,1,-1,828,close,4.93268,0.008837
GOLD,2021-05-06,A,-1,1,1,809,target,0.68940,0.007952
GOLD,2021-05-07,A,-1,1,1,810,stop,-1.05001,0.008046
GOLD,2021-05-10,A,-1,1,1,843,target,0.68878,0.007855
GOLD,2021-05-11,A,1,1,1,857,target,0.68925,0.007836
GOLD,2021-05-11,B,1,1,1,810,stop,-1.25523,0.007836
GOLD,2021-05-11,Bmirror,-1,1,1,810,stop,-1.25523,0.007836
GOLD,2021-05-12,A,1,1,1,235,target,0.68828,0.007690
GOLD,2021-05-12,B,-1,1,1,826,stop,-1.26008,0.007690
GOLD,2021-05-12,Bmirror,1,1,1,826,stop,-1.26008,0.007690
GOLD,2021-05-13,A,-1,1,-1,1069,target,0.69017,0.008075
GOLD,2021-05-13,B,1,1,-1,262,stop,-1.24769,0.008075
GOLD,2021-05-13,Bmirror,-1,1,-1,262,stop,-1.24769,0.008075
GOLD,2021-05-14,A,-1,1,1,604,stop,-1.05108,0.007877
GOLD,2021-05-14,B,-1,1,1,399,stop,-1.25391,0.007877
GOLD,2021-05-14,Bmirror,1,1,1,399,target,12.14609,0.007877
GOLD,2021-05-17,A,-1,1,1,890,stop,-1.05132,0.007840
GOLD,2021-05-17,B,1,1,1,829,stop,-1.25510,0.007840
GOLD,2021-05-17,Bmirror,-1,1,1,829,stop,-1.25510,0.007840
GOLD,2021-05-18,B,1,1,1,749,stop,-1.25313,0.007901
GOLD,2021-05-18,Bmirror,-1,1,1,749,stop,-1.25313,0.007901
GOLD,2021-05-19,A,1,1,1,649,target,0.68925,0.007836
GOLD,2021-05-19,A,-1,1,1,879,stop,-1.05134,0.007836
GOLD,2021-05-19,B,-1,1,1,836,stop,-1.25523,0.007836
GOLD,2021-05-19,Bmirror,1,1,1,836,stop,-1.25523,0.007836
GOLD,2021-05-20,A,-1,1,-1,392,target,0.68769,0.007690
GOLD,2021-05-20,B,1,1,-1,632,stop,-1.26007,0.007690
GOLD,2021-05-20,Bmirror,-1,1,-1,632,stop,-1.26007,0.007690
GOLD,2021-05-21,A,-1,1,1,812,target,0.68365,0.007136
GOLD,2021-05-21,B,-1,1,1,325,stop,-1.28029,0.007136
GOLD,2021-05-21,Bmirror,1,1,1,325,stop,-1.28029,0.007136
GOLD,2021-05-24,B,1,1,-1,481,stop,-1.28408,0.007040
GOLD,2021-05-24,Bmirror,-1,1,-1,481,stop,-1.28408,0.007040
GOLD,2021-05-25,A,-1,1,-1,903,stop,-1.05747,0.006996
GOLD,2021-05-25,B,-1,1,-1,457,stop,-1.28587,0.006996
GOLD,2021-05-25,Bmirror,1,1,-1,457,target,12.11413,0.006996
GOLD,2021-05-26,A,-1,1,1,528,target,0.68384,0.007161
GOLD,2021-05-26,B,1,1,1,1122,stop,-1.27930,0.007161
GOLD,2021-05-26,Bmirror,-1,1,1,1122,close,1.32766,0.007161
GOLD,2021-05-27,B,1,1,-1,582,stop,-1.28382,0.007047
GOLD,2021-05-27,Bmirror,-1,1,-1,582,stop,-1.28382,0.007047
GOLD,2021-05-28,A,1,1,-1,790,target,0.68209,0.006873
GOLD,2021-05-28,B,-1,1,-1,846,stop,-1.29101,0.006873
GOLD,2021-05-28,Bmirror,1,1,-1,846,stop,-1.29101,0.006873
GOLD,2021-05-31,B,1,1,1,464,stop,-1.29704,0.006733
GOLD,2021-05-31,Bmirror,-1,1,1,464,stop,-1.29704,0.006733
GOLD,2021-06-01,A,1,1,1,906,target,0.68082,0.006726
GOLD,2021-06-01,B,1,1,1,569,stop,-1.29737,0.006726
GOLD,2021-06-01,Bmirror,-1,1,1,569,stop,-1.29737,0.006726
GOLD,2021-06-02,A,-1,1,-1,883,target,0.68059,0.006767
GOLD,2021-06-02,B,-1,1,-1,776,stop,-1.29557,0.006767
GOLD,2021-06-02,Bmirror,1,1,-1,776,close,6.74154,0.006767
GOLD,2021-06-03,A,1,1,1,430,stop,-1.05870,0.006780
GOLD,2021-06-04,A,1,1,-1,176,target,0.69040,0.008017
GOLD,2021-06-04,A,-1,1,-1,824,stop,-1.05019,0.008017
GOLD,2021-06-04,B,-1,1,-1,439,stop,-1.24946,0.008017
GOLD,2021-06-04,Bmirror,1,1,-1,439,stop,-1.24946,0.008017
GOLD,2021-06-07,B,-1,1,-1,853,stop,-1.24465,0.008175
GOLD,2021-06-07,Bmirror,1,1,-1,853,stop,-1.24465,0.008175
GOLD,2021-06-08,A,1,1,1,894,target,0.68918,0.007825
GOLD,2021-06-08,B,-1,1,1,772,stop,-1.25558,0.007825
GOLD,2021-06-08,Bmirror,1,1,1,772,stop,-1.25558,0.007825
GOLD,2021-06-09,B,1,1,-1,909,stop,-1.26172,0.007642
GOLD,2021-06-09,Bmirror,-1,1,-1,909,close,2.57287,0.007642
GOLD,2021-06-10,A,1,1,-1,516,target,0.68817,0.007673
GOLD,2021-06-10,B,-1,1,-1,820,stop,-1.26064,0.007673
GOLD,2021-06-10,Bmirror,1,1,-1,820,stop,-1.26064,0.007673
GOLD,2021-06-11,A,1,1,1,732,stop,-1.05598,0.007108
GOLD,2021-06-14,A,1,-1,-1,159,stop,-1.05396,0.007373
GOLD,2021-06-15,A,1,-1,-1,1019,close,0.21839,0.007451
GOLD,2021-06-15,B,-1,-1,-1,423,stop,-1.26841,0.007451
GOLD,2021-06-15,Bmirror,1,-1,-1,423,stop,-1.26841,0.007451
GOLD,2021-06-16,A,1,-1,-1,1140,stop,-1.05297,0.007509
GOLD,2021-06-16,B,-1,-1,-1,339,stop,-1.26635,0.007509
GOLD,2021-06-16,Bmirror,1,-1,-1,339,stop,-1.26635,0.007509
GOLD,2021-06-17,A,1,-1,-1,519,stop,-1.04634,0.008577
GOLD,2021-06-17,B,1,-1,-1,388,stop,-1.23318,0.008577
GOLD,2021-06-17,Bmirror,-1,-1,-1,388,target,12.16682,0.008577
GOLD,2021-06-18,A,1,-1,-1,1259,close,0.09638,0.009867
GOLD,2021-06-18,A,-1,-1,-1,513,target,0.69916,0.009867
GOLD,2021-06-18,B,1,-1,-1,833,stop,-1.20271,0.009867
GOLD,2021-06-18,Bmirror,-1,-1,-1,833,stop,-1.20271,0.009867
GOLD,2021-06-21,A,-1,-1,1,552,target,0.69844,0.009693
GOLD,2021-06-21,B,1,-1,1,391,stop,-1.20633,0.009693
GOLD,2021-06-21,Bmirror,-1,-1,1,391,stop,-1.20633,0.009693
GOLD,2021-06-22,A,1,-1,1,817,target,0.69868,0.009611
GOLD,2021-06-22,B,-1,-1,1,705,stop,-1.20810,0.009611
GOLD,2021-06-22,Bmirror,1,-1,1,705,stop,-1.20810,0.009611
GOLD,2021-06-23,A,-1,-1,-1,887,target,0.69801,0.009594
GOLD,2021-06-23,B,1,-1,-1,1173,stop,-1.20847,0.009594
GOLD,2021-06-23,Bmirror,-1,-1,-1,1173,stop,-1.20847,0.009594
GOLD,2021-06-24,B,-1,-1,1,560,stop,-1.20834,0.009599
GOLD,2021-06-24,Bmirror,1,-1,1,560,stop,-1.20834,0.009599
GOLD,2021-06-25,A,-1,-1,-1,811,target,0.69768,0.009517
GOLD,2021-06-28,B,-1,-1,1,376,stop,-1.20979,0.009534
GOLD,2021-06-28,Bmirror,1,-1,1,376,stop,-1.20979,0.009534
GOLD,2021-06-29,A,1,-1,-1,737,target,0.69832,0.009528
GOLD,2021-06-30,A,-1,-1,-1,1073,close,0.36551,0.009315
GOLD,2021-06-30,B,-1,-1,-1,765,stop,-1.21470,0.009315
GOLD,2021-06-30,Bmirror,1,-1,-1,765,stop,-1.21470,0.009315
GOLD,2021-07-01,A,-1,-1,1,843,target,0.69725,0.009422
GOLD,2021-07-01,B,1,-1,1,978,close,4.14571,0.009422
GOLD,2021-07-01,Bmirror,-1,-1,1,978,stop,-1.21228,0.009422
GOLD,2021-07-02,A,-1,-1,1,770,target,0.69760,0.009501
GOLD,2021-07-02,B,1,-1,1,810,close,6.38717,0.009501
GOLD,2021-07-02,Bmirror,-1,-1,1,810,stop,-1.21050,0.009501
GOLD,2021-07-06,A,-1,-1,1,420,stop,-1.04191,0.009611
GOLD,2021-07-06,B,1,-1,1,1033,close,2.89555,0.009611
GOLD,2021-07-06,Bmirror,-1,-1,1,1033,stop,-1.20809,0.009611
GOLD,2021-07-07,A,-1,-1,1,677,target,0.69819,0.009636
GOLD,2021-07-08,A,-1,-1,1,825,target,0.69826,0.009651
GOLD,2021-07-08,B,-1,-1,1,507,stop,-1.20723,0.009651
GOLD,2021-07-08,Bmirror,1,-1,1,507,stop,-1.20723,0.009651
GOLD,2021-07-09,B,-1,-1,-1,500,stop,-1.22599,0.008850
GOLD,2021-07-09,Bmirror,1,-1,-1,500,stop,-1.22599,0.008850
GOLD,2021-07-12,A,1,1,-1,891,target,0.69345,0.008538
GOLD,2021-07-13,B,1,1,-1,395,stop,-1.23699,0.008439
GOLD,2021-07-13,Bmirror,-1,1,-1,395,stop,-1.23699,0.008439
GOLD,2021-07-14,A,-1,1,1,782,stop,-1.04767,0.008443
GOLD,2021-07-15,B,1,1,1,681,stop,-1.22742,0.008794
GOLD,2021-07-15,Bmirror,-1,1,1,681,stop,-1.22742,0.008794
GOLD,2021-07-16,A,1,1,1,706,target,0.69443,0.008721
GOLD,2021-07-19,A,1,1,-1,776,target,0.69411,0.008661
GOLD,2021-07-19,B,-1,1,-1,852,stop,-1.23093,0.008661
GOLD,2021-07-19,Bmirror,1,1,-1,852,stop,-1.23093,0.008661
GOLD,2021-07-20,A,-1,1,-1,831,target,0.69337,0.008634
GOLD,2021-07-20,B,1,1,-1,549,stop,-1.23165,0.008634
GOLD,2021-07-20,Bmirror,-1,1,-1,549,stop,-1.23165,0.008634
GOLD,2021-07-21,A,1,1,-1,796,target,0.69385,0.008612
GOLD,2021-07-22,A,1,1,-1,555,target,0.68543,0.007291
GOLD,2021-07-22,B,-1,1,-1,815,stop,-1.27432,0.007291
GOLD,2021-07-22,Bmirror,1,1,-1,815,stop,-1.27432,0.007291
GOLD,2021-07-23,A,1,1,1,661,stop,-1.07672,0.005194
GOLD,2021-07-23,B,-1,1,1,448,stop,-1.38509,0.005194
GOLD,2021-07-23,Bmirror,1,1,1,448,stop,-1.38509,0.005194
GOLD,2021-07-26,A,-1,1,-1,391,target,0.65991,0.005013
GOLD,2021-07-26,B,1,1,-1,845,stop,-1.39897,0.005013
GOLD,2021-07-26,Bmirror,-1,1,-1,845,stop,-1.39897,0.005013
GOLD,2021-07-27,A,-1,1,-1,799,target,0.65393,0.004663
GOLD,2021-07-27,B,-1,1,-1,508,stop,-1.42888,0.004663
GOLD,2021-07-27,Bmirror,1,1,-1,508,stop,-1.42888,0.004663
GOLD,2021-07-28,A,1,1,1,1140,target,0.65327,0.004596
GOLD,2021-07-28,A,-1,1,1,243,target,0.65268,0.004596
GOLD,2021-07-28,B,1,1,1,587,stop,-1.43514,0.004596
GOLD,2021-07-28,Bmirror,-1,1,1,587,stop,-1.43514,0.004596
GOLD,2021-07-29,A,-1,1,1,125,stop,-1.08533,0.004704
GOLD,2021-07-30,A,1,1,1,835,target,0.66302,0.005176
GOLD,2021-08-02,A,1,1,1,505,target,0.66764,0.005506
GOLD,2021-08-02,B,-1,1,1,919,stop,-1.36326,0.005506
GOLD,2021-08-02,Bmirror,1,1,1,919,stop,-1.36326,0.005506
GOLD,2021-08-03,B,-1,1,-1,833,stop,-1.36613,0.005463
GOLD,2021-08-03,Bmirror,1,1,-1,833,stop,-1.36613,0.005463
GOLD,2021-08-04,A,-1,1,-1,755,stop,-1.07935,0.005060
GOLD,2021-08-04,B,1,1,-1,921,stop,-1.39526,0.005060
GOLD,2021-08-04,Bmirror,-1,1,-1,921,stop,-1.39526,0.005060
GOLD,2021-08-05,A,1,1,1,880,stop,-1.07961,0.005006
GOLD,2021-08-05,B,-1,1,1,510,stop,-1.39954,0.005006
GOLD,2021-08-05,Bmirror,1,1,1,510,stop,-1.39954,0.005006
GOLD,2021-08-06,A,1,-1,-1,496,target,0.66143,0.005072
GOLD,2021-08-09,A,-1,-1,-1,4,target,0.70291,0.010871
GOLD,2021-08-10,B,-1,-1,1,1005,close,0.84650,0.011933
GOLD,2021-08-10,Bmirror,1,-1,1,1005,stop,-1.16760,0.011933
GOLD,2021-08-11,A,-1,-1,-1,815,stop,-1.03387,0.011913
GOLD,2021-08-12,B,-1,-1,1,1005,stop,-1.16406,0.012191
GOLD,2021-08-12,Bmirror,1,-1,1,1005,close,0.56204,0.012191
GOLD,2021-08-13,A,-1,-1,1,905,close,-0.98840,0.012203
GOLD,2021-08-16,B,-1,-1,-1,816,stop,-1.15850,0.012619
GOLD,2021-08-16,Bmirror,1,-1,-1,816,close,3.39586,0.012619
GOLD,2021-08-19,B,-1,-1,1,620,stop,-1.16051,0.012460
GOLD,2021-08-19,Bmirror,1,-1,1,620,stop,-1.16051,0.012460
GOLD,2021-08-23,A,-1,-1,-1,811,stop,-1.03276,0.012322
GOLD,2021-08-25,A,1,-1,-1,925,close,0.40308,0.012741
GOLD,2021-08-26,B,-1,-1,-1,928,stop,-1.15632,0.012794
GOLD,2021-08-26,Bmirror,1,-1,-1,928,close,0.25782,0.012794
GOLD,2021-08-27,A,-1,-1,1,1005,close,-0.69181,0.012788
GOLD,2021-08-27,B,1,-1,1,726,stop,-1.15640,0.012788
GOLD,2021-08-27,Bmirror,-1,-1,1,726,stop,-1.15640,0.012788
GOLD,2021-08-31,B,1,1,-1,834,stop,-1.15245,0.013119
GOLD,2021-08-31,Bmirror,-1,1,-1,834,stop,-1.15245,0.013119
GOLD,2021-09-03,A,-1,1,-1,811,target,0.70861,0.012865
GOLD,2021-09-07,A,1,1,-1,902,stop,-1.03059,0.012952
GOLD,2021-09-09,B,1,1,-1,896,stop,-1.14980,0.013352
GOLD,2021-09-09,Bmirror,-1,1,-1,896,stop,-1.14980,0.013352
GOLD,2021-09-14,A,1,1,1,772,target,0.68724,0.007539
GOLD,2021-09-14,A,-1,1,1,937,close,-0.29119,0.007539
GOLD,2021-09-14,B,-1,1,1,815,stop,-1.26530,0.007539
GOLD,2021-09-14,Bmirror,1,1,1,815,stop,-1.26530,0.007539
GOLD,2021-09-15,A,1,1,1,908,close,-0.09213,0.007590
GOLD,2021-09-15,B,-1,1,1,781,stop,-1.26351,0.007590
GOLD,2021-09-15,Bmirror,1,1,1,781,stop,-1.26351,0.007590
GOLD,2021-09-16,A,1,-1,-1,431,stop,-1.05441,0.007311
GOLD,2021-09-17,A,-1,-1,-1,459,target,0.69436,0.008822
GOLD,2021-09-17,B,1,-1,-1,837,stop,-1.22671,0.008822
GOLD,2021-09-17,Bmirror,-1,-1,-1,837,stop,-1.22671,0.008822
GOLD,2021-09-20,A,1,-1,-1,204,target,0.69165,0.008222
GOLD,2021-09-20,A,-1,-1,-1,923,target,0.69106,0.008222
GOLD,2021-09-20,B,-1,-1,-1,531,stop,-1.24324,0.008222
GOLD,2021-09-20,Bmirror,1,-1,-1,531,close,6.78994,0.008222
GOLD,2021-09-21,A,-1,-1,1,810,close,0.03054,0.008252
GOLD,2021-09-21,B,-1,-1,1,594,stop,-1.24238,0.008252
GOLD,2021-09-21,Bmirror,1,-1,1,594,close,6.76105,0.008252
GOLD,2021-09-22,A,-1,-1,1,1145,target,0.69182,0.008354
GOLD,2021-09-22,B,1,-1,1,561,stop,-1.23941,0.008354
GOLD,2021-09-22,Bmirror,-1,-1,1,561,stop,-1.23941,0.008354
GOLD,2021-09-23,A,1,-1,-1,846,stop,-1.04747,0.008375
GOLD,2021-09-23,B,-1,-1,-1,557,stop,-1.23881,0.008375
GOLD,2021-09-23,Bmirror,1,-1,-1,557,stop,-1.23881,0.008375
GOLD,2021-09-24,A,-1,-1,-1,434,target,0.69414,0.008779
GOLD,2021-09-24,B,1,-1,-1,830,stop,-1.22782,0.008779
GOLD,2021-09-24,Bmirror,-1,-1,-1,830,stop,-1.22782,0.008779
GOLD,2021-09-27,A,-1,-1,-1,223,target,0.69432,0.008813
GOLD,2021-09-27,B,1,-1,-1,648,stop,-1.22694,0.008813
GOLD,2021-09-27,Bmirror,-1,-1,-1,648,stop,-1.22694,0.008813
GOLD,2021-09-28,A,1,-1,1,479,stop,-1.04865,0.008173
GOLD,2021-09-29,A,1,-1,-1,1102,close,0.33224,0.008373
GOLD,2021-09-29,A,-1,-1,-1,679,target,0.69193,0.008373
GOLD,2021-09-29,B,1,-1,-1,905,stop,-1.23887,0.008373
GOLD,2021-09-29,Bmirror,-1,-1,-1,905,close,5.26253,0.008373
GOLD,2021-09-30,A,-1,-1,-1,841,stop,-1.04836,0.008322
GOLD,2021-09-30,B,1,-1,-1,481,stop,-1.24033,0.008322
GOLD,2021-09-30,Bmirror,-1,-1,-1,481,stop,-1.24033,0.008322
GOLD,2021-10-04,A,1,-1,1,567,target,0.69370,0.008584
GOLD,2021-10-04,B,-1,-1,1,935,stop,-1.23300,0.008584
GOLD,2021-10-04,Bmirror,1,-1,1,935,stop,-1.23300,0.008584
GOLD,2021-10-05,A,1,-1,1,399,stop,-1.04627,0.008589
GOLD,2021-10-06,A,1,-1,-1,489,target,0.69386,0.008614
GOLD,2021-10-06,B,-1,-1,-1,807,stop,-1.23219,0.008614
GOLD,2021-10-06,Bmirror,1,-1,-1,807,stop,-1.23219,0.008614
GOLD,2021-10-07,B,-1,-1,1,455,stop,-1.23180,0.008628
GOLD,2021-10-07,Bmirror,1,-1,1,455,stop,-1.23180,0.008628
GOLD,2021-10-08,A,-1,-1,-1,810,stop,-1.04657,0.008645
GOLD,2021-10-11,B,1,1,-1,298,stop,-1.24095,0.008301
GOLD,2021-10-11,Bmirror,-1,1,-1,298,stop,-1.24095,0.008301
GOLD,2021-10-12,A,-1,-1,-1,747,target,0.69146,0.008291
GOLD,2021-10-13,A,-1,1,1,675,stop,-1.05165,0.007789
GOLD,2021-10-13,B,1,1,1,820,stop,-1.25679,0.007789
GOLD,2021-10-13,Bmirror,-1,1,1,820,stop,-1.25679,0.007789
GOLD,2021-10-14,B,-1,1,1,447,stop,-1.22900,0.008734
GOLD,2021-10-14,Bmirror,1,1,1,447,stop,-1.22900,0.008734
GOLD,2021-10-15,A,1,1,1,613,stop,-1.04560,0.008716
GOLD,2021-10-18,B,-1,1,1,869,stop,-1.21523,0.009292
GOLD,2021-10-18,Bmirror,1,1,1,869,stop,-1.21523,0.009292
GOLD,2021-10-19,A,-1,1,-1,410,stop,-1.04338,0.009284
GOLD,2021-10-20,A,-1,1,1,727,target,0.69625,0.009204
GOLD,2021-10-22,A,-1,1,1,485,stop,-1.05093,0.007899
GOLD,2021-10-22,B,1,1,1,1000,close,5.94948,0.007899
GOLD,2021-10-22,Bmirror,-1,1,1,1000,stop,-1.25319,0.007899
GOLD,2021-10-25,A,-1,1,1,835,close,-0.50075,0.007948
GOLD,2021-10-26,A,1,1,1,805,stop,-1.04967,0.008006
GOLD,2021-10-27,B,-1,1,-1,790,stop,-1.24520,0.008157
GOLD,2021-10-27,Bmirror,1,1,-1,790,stop,-1.24520,0.008157
GOLD,2021-10-28,A,-1,1,1,870,target,0.69049,0.008128
GOLD,2021-10-28,B,1,1,1,648,stop,-1.24606,0.008128
GOLD,2021-10-28,Bmirror,-1,1,1,648,stop,-1.24606,0.008128
GOLD,2021-10-29,A,1,1,1,785,stop,-1.05269,0.007549
GOLD,2021-11-01,A,-1,1,-1,744,close,-0.44035,0.007835
GOLD,2021-11-02,B,-1,1,1,920,close,2.70690,0.007939
GOLD,2021-11-02,Bmirror,1,1,1,920,stop,-1.25192,0.007939
GOLD,2021-11-03,A,1,1,-1,762,stop,-1.05198,0.007652
GOLD,2021-11-04,A,-1,1,-1,753,stop,-1.05222,0.007704
GOLD,2021-11-04,B,-1,1,-1,524,stop,-1.25961,0.007704
GOLD,2021-11-04,Bmirror,1,1,-1,524,stop,-1.25961,0.007704
GOLD,2021-11-05,A,-1,1,1,808,target,0.68377,0.007152
GOLD,2021-11-05,B,1,1,1,748,stop,-1.27965,0.007152
GOLD,2021-11-05,Bmirror,-1,1,1,748,stop,-1.27965,0.007152
GOLD,2021-11-08,A,-1,1,-1,1109,close,0.25718,0.007741
GOLD,2021-11-08,B,1,1,-1,415,stop,-1.25835,0.007741
GOLD,2021-11-08,Bmirror,-1,1,-1,415,stop,-1.25835,0.007741
GOLD,2021-11-09,B,-1,1,1,500,stop,-1.25730,0.007773
GOLD,2021-11-09,Bmirror,1,1,1,500,stop,-1.25730,0.007773
GOLD,2021-11-10,A,-1,1,1,813,stop,-1.05249,0.007664
GOLD,2021-11-10,B,-1,1,1,813,stop,-1.26097,0.007664
GOLD,2021-11-10,Bmirror,1,1,1,813,stop,-1.26097,0.007664
GOLD,2021-11-11,A,-1,1,1,510,close,-0.41452,0.007882
GOLD,2021-11-11,B,-1,1,1,198,stop,-1.25374,0.007882
GOLD,2021-11-11,Bmirror,1,1,1,198,close,8.96362,0.007882
GOLD,2021-11-12,A,1,1,1,542,target,0.68952,0.007878
GOLD,2021-11-12,B,-1,1,1,909,stop,-1.25387,0.007878
GOLD,2021-11-12,Bmirror,1,1,1,909,stop,-1.25387,0.007878
GOLD,2021-11-15,B,-1,1,1,790,stop,-1.25456,0.007857
GOLD,2021-11-15,Bmirror,1,1,1,790,stop,-1.25456,0.007857
GOLD,2021-11-16,A,1,1,-1,1082,close,-0.16529,0.007872
GOLD,2021-11-16,A,-1,1,-1,538,target,0.68889,0.007872
GOLD,2021-11-16,B,1,1,-1,454,stop,-1.25407,0.007872
GOLD,2021-11-16,Bmirror,-1,1,-1,454,stop,-1.25407,0.007872
GOLD,2021-11-17,A,-1,1,-1,691,close,-0.84313,0.008059
GOLD,2021-11-18,A,1,1,1,805,target,0.68599,0.007365
GOLD,2021-11-18,B,-1,1,1,761,close,5.39091,0.007365
GOLD,2021-11-18,Bmirror,1,1,1,761,stop,-1.27154,0.007365
GOLD,2021-11-19,A,1,1,-1,1060,close,-0.56178,0.007440
GOLD,2021-11-19,B,-1,1,-1,567,stop,-1.26881,0.007440
GOLD,2021-11-19,Bmirror,1,1,-1,567,stop,-1.26881,0.007440
GOLD,2021-11-22,A,1,1,-1,811,stop,-1.05905,0.006740
GOLD,2021-11-22,B,-1,1,-1,499,target,12.10328,0.006740
GOLD,2021-11-22,Bmirror,1,1,-1,499,stop,-1.29672,0.006740
GOLD,2021-11-23,A,1,1,-1,574,stop,-1.04902,0.008111
GOLD,2021-11-23,B,-1,1,-1,442,target,12.15343,0.008111
GOLD,2021-11-23,Bmirror,1,1,-1,442,stop,-1.24657,0.008111
GOLD,2021-11-24,A,1,1,-1,850,target,0.69266,0.008397
GOLD,2021-11-24,B,-1,1,-1,995,close,1.36498,0.008397
GOLD,2021-11-24,Bmirror,1,1,-1,995,stop,-1.23818,0.008397
GOLD,2021-11-26,A,1,1,1,1003,target,0.69184,0.008255
GOLD,2021-11-26,A,-1,1,1,428,target,0.69125,0.008255
GOLD,2021-11-26,B,1,1,1,997,stop,-1.24229,0.008255
GOLD,2021-11-26,Bmirror,-1,1,1,997,stop,-1.24229,0.008255
GOLD,2021-11-29,A,1,1,1,860,close,-0.01491,0.008194
GOLD,2021-11-29,B,-1,1,1,103,stop,-1.24408,0.008194
GOLD,2021-11-29,Bmirror,1,1,1,103,stop,-1.24408,0.008194
GOLD,2021-11-30,A,1,-1,-1,961,target,0.69184,0.008255
GOLD,2021-11-30,A,-1,-1,-1,592,target,0.69125,0.008255
GOLD,2021-11-30,B,1,-1,-1,953,stop,-1.24226,0.008255
GOLD,2021-11-30,Bmirror,-1,-1,-1,953,stop,-1.24226,0.008255
GOLD,2021-12-01,A,-1,-1,-1,356,stop,-1.04889,0.008232
GOLD,2021-12-02,A,1,-1,1,506,target,0.69110,0.008130
GOLD,2021-12-03,A,-1,-1,-1,1018,close,-0.59227,0.008238
GOLD,2021-12-03,B,1,-1,-1,487,stop,-1.24276,0.008238
GOLD,2021-12-03,Bmirror,-1,-1,-1,487,stop,-1.24276,0.008238
GOLD,2021-12-06,B,-1,-1,-1,1008,stop,-1.24354,0.008212
GOLD,2021-12-06,Bmirror,1,-1,-1,1008,stop,-1.24354,0.008212
GOLD,2021-12-07,B,-1,-1,-1,858,stop,-1.24370,0.008207
GOLD,2021-12-07,Bmirror,1,-1,-1,858,stop,-1.24370,0.008207
GOLD,2021-12-08,B,1,-1,1,707,stop,-1.24714,0.008093
GOLD,2021-12-08,Bmirror,-1,-1,1,707,stop,-1.24714,0.008093
GOLD,2021-12-10,A,-1,-1,-1,841,target,0.68990,0.008032
GOLD,2021-12-10,B,-1,-1,-1,796,stop,-1.24900,0.008032
GOLD,2021-12-10,Bmirror,1,-1,-1,796,stop,-1.24900,0.008032
GOLD,2021-12-13,B,1,-1,1,809,stop,-1.27798,0.007195
GOLD,2021-12-13,Bmirror,-1,-1,1,809,stop,-1.27798,0.007195
GOLD,2021-12-14,A,1,-1,1,820,stop,-1.05521,0.007206
GOLD,2021-12-15,A,1,-1,-1,1116,stop,-1.05487,0.007251
GOLD,2021-12-15,B,-1,-1,-1,810,target,12.12417,0.007251
GOLD,2021-12-15,Bmirror,1,-1,-1,810,stop,-1.27583,0.007251
GOLD,2021-12-16,A,-1,-1,1,794,stop,-1.05525,0.007278
GOLD,2021-12-17,A,-1,1,1,470,target,0.68509,0.007324
GOLD,2021-12-20,A,1,1,1,1199,close,-0.08374,0.007096
GOLD,2021-12-21,B,1,-1,-1,904,stop,-1.28066,0.007126
GOLD,2021-12-21,Bmirror,-1,-1,-1,904,close,1.83414,0.007126
GOLD,2021-12-22,A,-1,-1,-1,1080,close,-0.62005,0.007127
GOLD,2021-12-23,B,1,1,1,872,stop,-1.27554,0.007258
GOLD,2021-12-23,Bmirror,-1,1,1,872,stop,-1.27554,0.007258
GOLD,2021-12-27,B,1,1,-1,1082,close,3.35935,0.006980
GOLD,2021-12-27,Bmirror,-1,1,-1,1082,stop,-1.28651,0.006980
GOLD,2021-12-28,B,1,1,1,847,stop,-1.29086,0.006876
GOLD,2021-12-28,Bmirror,-1,1,1,847,stop,-1.29086,0.006876
GOLD,2021-12-29,A,1,1,-1,627,stop,-1.07282,0.005471
GOLD,2021-12-30,A,1,1,-1,365,target,0.66073,0.005027
GOLD,2021-12-30,A,-1,1,-1,975,stop,-1.07986,0.005027
GOLD,2021-12-31,A,-1,1,1,790,stop,-1.07760,0.005175
GOLD,2021-12-31,B,1,1,1,492,target,12.01349,0.005175
GOLD,2021-12-31,Bmirror,-1,1,1,492,stop,-1.38651,0.005175
GOLD,2022-01-03,A,1,1,-1,432,target,0.66560,0.005355
GOLD,2022-01-04,A,-1,1,-1,900,target,0.67412,0.006099
GOLD,2022-01-04,B,1,1,-1,671,stop,-1.32792,0.006099
GOLD,2022-01-04,Bmirror,-1,1,-1,671,stop,-1.32792,0.006099
GOLD,2022-01-05,A,-1,1,1,805,stop,-1.06594,0.006093
GOLD,2022-01-05,B,1,1,1,1176,stop,-1.32822,0.006093
GOLD,2022-01-05,Bmirror,-1,1,1,1176,stop,-1.32822,0.006093
GOLD,2022-01-06,A,1,1,-1,375,stop,-1.06794,0.005862
GOLD,2022-01-07,A,1,1,-1,820,target,0.67613,0.006234
GOLD,2022-01-10,B,-1,1,-1,61,stop,-1.34426,0.005810
GOLD,2022-01-10,Bmirror,1,1,-1,61,stop,-1.34426,0.005810
GOLD,2022-01-11,A,-1,1,1,362,target,0.67126,0.005844
GOLD,2022-01-12,B,-1,1,1,803,stop,-1.32119,0.006227
GOLD,2022-01-12,Bmirror,1,1,1,803,stop,-1.32119,0.006227
GOLD,2022-01-13,A,1,1,1,930,target,0.67610,0.006231
GOLD,2022-01-13,B,-1,1,1,748,close,1.82448,0.006231
GOLD,2022-01-13,Bmirror,1,1,1,748,stop,-1.32099,0.006231
GOLD,2022-01-14,B,1,1,-1,688,stop,-1.31954,0.006259
GOLD,2022-01-14,Bmirror,-1,1,-1,688,stop,-1.31954,0.006259
GOLD,2022-01-18,A,1,1,1,582,target,0.67554,0.006177
GOLD,2022-01-18,B,-1,1,1,815,close,4.43691,0.006177
GOLD,2022-01-18,Bmirror,1,1,1,815,stop,-1.32376,0.006177
GOLD,2022-01-19,A,-1,1,-1,806,stop,-1.06467,0.006214
GOLD,2022-01-20,A,-1,1,1,909,target,0.67832,0.006516
GOLD,2022-01-20,B,1,1,1,315,stop,-1.30694,0.006516
GOLD,2022-01-20,Bmirror,-1,1,1,315,stop,-1.30694,0.006516
GOLD,2022-01-21,A,1,1,1,537,target,0.67868,0.006492
GOLD,2022-01-21,B,-1,1,1,789,stop,-1.30806,0.006492
GOLD,2022-01-21,Bmirror,1,1,1,789,stop,-1.30806,0.006492
GOLD,2022-01-24,A,-1,1,1,550,target,0.67496,0.006178
GOLD,2022-01-24,B,1,1,1,836,stop,-1.32372,0.006178
GOLD,2022-01-24,Bmirror,-1,1,1,836,stop,-1.32372,0.006178
GOLD,2022-01-25,A,1,1,1,631,target,0.67618,0.006239
GOLD,2022-01-25,A,-1,1,1,888,target,0.67559,0.006239
GOLD,2022-01-25,B,-1,1,1,885,stop,-1.32056,0.006239
GOLD,2022-01-25,Bmirror,1,1,1,885,stop,-1.32056,0.006239
GOLD,2022-01-26,A,1,1,1,854,stop,-1.06483,0.006142
GOLD,2022-01-27,A,1,1,-1,337,stop,-1.05683,0.007002
GOLD,2022-01-28,A,1,-1,-1,653,stop,-1.05343,0.007445
GOLD,2022-01-31,A,-1,-1,-1,879,target,0.68601,0.007450
GOLD,2022-02-01,A,-1,1,1,670,target,0.68633,0.007494
GOLD,2022-02-02,A,-1,1,1,926,target,0.68621,0.007478
GOLD,2022-02-02,B,-1,1,1,578,stop,-1.26747,0.007478
GOLD,2022-02-02,Bmirror,1,1,1,578,close,4.25152,0.007478
GOLD,2022-02-03,A,1,1,1,884,stop,-1.05289,0.007521
GOLD,2022-02-04,A,1,-1,-1,839,target,0.68628,0.007405
GOLD,2022-02-04,B,1,-1,-1,811,stop,-1.27009,0.007405
GOLD,2022-02-04,Bmirror,-1,-1,-1,811,stop,-1.27009,0.007405
GOLD,2022-02-07,A,-1,-1,1,1053,close,-0.14368,0.007250
GOLD,2022-02-07,B,1,-1,1,89,stop,-1.27587,0.007250
GOLD,2022-02-07,Bmirror,-1,-1,1,89,stop,-1.27587,0.007250
GOLD,2022-02-08,B,-1,1,1,815,stop,-1.29336,0.006818
GOLD,2022-02-08,Bmirror,1,1,1,815,stop,-1.29336,0.006818
GOLD,2022-02-09,A,-1,1,1,1047,close,0.23684,0.006743
GOLD,2022-02-09,B,1,1,1,843,close,5.62111,0.006743
GOLD,2022-02-09,Bmirror,-1,1,1,843,stop,-1.29660,0.006743
GOLD,2022-02-10,A,1,1,1,810,target,0.68114,0.006762
GOLD,2022-02-10,A,-1,1,1,1017,target,0.68055,0.006762
GOLD,2022-02-10,B,-1,1,1,821,stop,-1.29576,0.006762
GOLD,2022-02-10,Bmirror,1,1,1,821,stop,-1.29576,0.006762
GOLD,2022-02-11,A,-1,1,-1,920,stop,-1.06287,0.006392
GOLD,2022-02-11,B,-1,1,-1,487,stop,-1.31288,0.006392
GOLD,2022-02-11,Bmirror,1,1,-1,487,stop,-1.31288,0.006392
GOLD,2022-02-14,A,-1,1,1,937,target,0.68473,0.007277
GOLD,2022-02-14,B,-1,1,1,819,stop,-1.27486,0.007277
GOLD,2022-02-14,Bmirror,1,1,1,819,stop,-1.27486,0.007277
GOLD,2022-02-15,A,1,1,1,525,stop,-1.05422,0.007337
GOLD,2022-02-15,B,1,1,1,489,stop,-1.27257,0.007337
GOLD,2022-02-15,Bmirror,-1,1,1,489,stop,-1.27257,0.007337
GOLD,2022-02-16,A,-1,1,-1,875,stop,-1.05445,0.007386
GOLD,2022-02-16,B,1,1,-1,759,stop,-1.27077,0.007386
GOLD,2022-02-16,Bmirror,-1,1,-1,759,stop,-1.27077,0.007386
GOLD,2022-02-17,A,-1,1,1,506,stop,-1.05300,0.007589
GOLD,2022-02-18,A,1,1,1,118,target,0.69143,0.008185
GOLD,2022-02-18,B,-1,1,1,813,close,1.52706,0.008185
GOLD,2022-02-18,Bmirror,1,1,1,813,stop,-1.24434,0.008185
GOLD,2022-02-21,A,1,1,1,93,target,0.69143,0.008185
GOLD,2022-02-21,B,-1,1,1,1139,close,0.32325,0.008185
GOLD,2022-02-21,Bmirror,1,1,1,1139,stop,-1.24435,0.008185
GOLD,2022-02-22,A,1,1,1,537,target,0.69144,0.008187
GOLD,2022-02-23,A,-1,1,-1,1022,close,0.06499,0.008292
GOLD,2022-02-23,B,-1,1,-1,800,stop,-1.24119,0.008292
GOLD,2022-02-23,Bmirror,1,1,-1,800,close,6.59118,0.008292
GOLD,2022-02-24,A,1,1,1,1160,stop,-1.04987,0.007973
GOLD,2022-02-24,A,-1,1,1,181,stop,-1.05046,0.007973
GOLD,2022-02-24,B,1,1,1,1149,stop,-1.25084,0.007973
GOLD,2022-02-24,Bmirror,-1,1,1,1149,stop,-1.25084,0.007973
GOLD,2022-02-25,A,1,1,-1,703,target,0.69032,0.008004
GOLD,2022-02-25,A,-1,1,-1,61,target,0.68973,0.008004
GOLD,2022-02-25,B,1,1,-1,99,stop,-1.24989,0.008004
GOLD,2022-02-25,Bmirror,-1,1,-1,99,stop,-1.24989,0.008004
GOLD,2022-02-28,A,1,1,1,446,target,0.69335,0.008521
GOLD,2022-02-28,B,1,1,1,73,stop,-1.23472,0.008521
GOLD,2022-02-28,Bmirror,-1,1,1,73,stop,-1.23472,0.008521
GOLD,2022-03-01,A,-1,1,-1,584,target,0.69273,0.008515
GOLD,2022-03-02,A,1,1,1,626,stop,-1.04285,0.009272
GOLD,2022-03-02,B,-1,1,1,441,stop,-1.21571,0.009272
GOLD,2022-03-02,Bmirror,1,1,1,441,stop,-1.21571,0.009272
GOLD,2022-03-03,B,-1,1,-1,400,stop,-1.22848,0.008754
GOLD,2022-03-03,Bmirror,1,1,-1,400,stop,-1.22848,0.008754
GOLD,2022-03-04,A,-1,1,1,36,target,0.69022,0.008084
GOLD,2022-03-04,B,1,1,1,112,stop,-1.24741,0.008084
GOLD,2022-03-04,Bmirror,-1,1,1,112,stop,-1.24741,0.008084
GOLD,2022-03-07,A,1,1,1,799,stop,-1.04582,0.008674
GOLD,2022-03-07,A,-1,1,1,639,target,0.69359,0.008674
GOLD,2022-03-07,B,1,1,1,152,stop,-1.23058,0.008674
GOLD,2022-03-07,Bmirror,-1,1,1,152,stop,-1.23058,0.008674
GOLD,2022-03-08,A,1,1,1,73,target,0.69420,0.008677
GOLD,2022-03-08,A,-1,1,1,413,stop,-1.04640,0.008677
GOLD,2022-03-08,B,-1,1,1,379,stop,-1.23050,0.008677
GOLD,2022-03-08,Bmirror,1,1,1,379,stop,-1.23050,0.008677
GOLD,2022-03-09,A,1,1,1,559,stop,-1.04178,0.009506
GOLD,2022-03-09,A,-1,1,1,261,target,0.69763,0.009506
GOLD,2022-03-09,B,-1,1,1,81,stop,-1.21039,0.009506
GOLD,2022-03-09,Bmirror,1,1,1,81,stop,-1.21039,0.009506
GOLD,2022-03-10,A,1,1,-1,66,target,0.70552,0.011501
GOLD,2022-03-10,A,-1,1,-1,669,target,0.70493,0.011501
GOLD,2022-03-10,B,-1,1,-1,611,stop,-1.17389,0.011501
GOLD,2022-03-10,Bmirror,1,1,-1,611,stop,-1.17389,0.011501
GOLD,2022-03-11,A,1,1,1,685,stop,-1.03460,0.011463
GOLD,2022-03-14,A,1,1,-1,684,target,0.70621,0.011737
GOLD,2022-03-15,A,1,1,-1,301,stop,-1.03283,0.012074
GOLD,2022-03-16,A,1,1,-1,1097,target,0.70898,0.012773
GOLD,2022-03-16,B,1,1,-1,741,stop,-1.15658,0.012773
GOLD,2022-03-16,Bmirror,-1,1,-1,741,stop,-1.15658,0.012773
GOLD,2022-03-17,A,-1,1,1,600,target,0.70841,0.012782
GOLD,2022-03-18,A,1,1,1,804,target,0.70910,0.012821
GOLD,2022-03-21,A,-1,1,-1,873,target,0.70824,0.012713
GOLD,2022-03-21,B,1,1,-1,808,close,6.64422,0.012713
GOLD,2022-03-21,Bmirror,-1,1,-1,808,stop,-1.15732,0.012713
GOLD,2022-03-22,A,1,1,1,844,close,0.25979,0.012767
GOLD,2022-03-23,A,-1,1,-1,1076,close,-0.59009,0.012716
GOLD,2022-03-24,A,-1,1,1,874,close,0.51401,0.012881
GOLD,2022-03-24,B,1,1,1,745,stop,-1.15527,0.012881
GOLD,2022-03-24,Bmirror,-1,1,1,745,stop,-1.15527,0.012881
GOLD,2022-03-25,B,-1,1,1,927,stop,-1.15940,0.012547
GOLD,2022-03-25,Bmirror,1,1,1,927,stop,-1.15940,0.012547
GOLD,2022-03-28,A,1,1,-1,406,stop,-1.03162,0.012533
GOLD,2022-03-29,A,1,-1,-1,769,stop,-1.03032,0.013067
GOLD,2022-03-30,A,-1,-1,-1,957,close,0.42648,0.013006
GOLD,2022-03-31,B,-1,-1,1,519,stop,-1.15373,0.013010
GOLD,2022-03-31,Bmirror,1,-1,1,519,stop,-1.15373,0.013010
GOLD,2022-04-05,B,1,-1,1,917,stop,-1.15706,0.012734
GOLD,2022-04-05,Bmirror,-1,-1,1,917,close,3.92934,0.012734
GOLD,2022-04-06,B,1,-1,-1,718,stop,-1.16454,0.012155
GOLD,2022-04-06,Bmirror,-1,-1,-1,718,stop,-1.16454,0.012155
GOLD,2022-04-11,A,-1,1,-1,787,target,0.70456,0.011381
GOLD,2022-04-11,B,1,1,-1,917,stop,-1.17573,0.011381
GOLD,2022-04-11,Bmirror,-1,1,-1,917,stop,-1.17573,0.011381
GOLD,2022-04-12,A,-1,1,1,826,close,0.12569,0.011336
GOLD,2022-04-12,B,1,1,1,561,stop,-1.17643,0.011336
GOLD,2022-04-12,Bmirror,-1,1,1,561,stop,-1.17643,0.011336
GOLD,2022-04-14,A,1,1,1,894,target,0.69521,0.008871
GOLD,2022-04-14,B,-1,1,1,520,close,2.61206,0.008871
GOLD,2022-04-14,Bmirror,1,1,1,520,stop,-1.22545,0.008871
GOLD,2022-04-18,A,-1,1,1,525,target,0.69454,0.008857
GOLD,2022-04-18,B,1,1,1,1124,stop,-1.22580,0.008857
GOLD,2022-04-18,Bmirror,-1,1,1,1124,stop,-1.22580,0.008857
GOLD,2022-04-19,A,1,1,-1,841,stop,-1.04552,0.008731
GOLD,2022-04-20,B,-1,-1,-1,664,stop,-1.22501,0.008889
GOLD,2022-04-20,Bmirror,1,-1,-1,664,stop,-1.22501,0.008889
GOLD,2022-04-21,A,1,-1,1,571,target,0.69058,0.008046
GOLD,2022-04-22,A,1,1,-1,677,stop,-1.04959,0.008018
GOLD,2022-04-25,A,1,-1,-1,342,stop,-1.05187,0.007668
GOLD,2022-04-26,B,1,-1,-1,499,stop,-1.23839,0.008390
GOLD,2022-04-26,Bmirror,-1,-1,-1,499,stop,-1.23839,0.008390
GOLD,2022-04-27,A,1,-1,1,552,target,0.69148,0.008194
GOLD,2022-04-27,B,-1,-1,1,796,stop,-1.24408,0.008194
GOLD,2022-04-27,Bmirror,1,-1,1,796,stop,-1.24408,0.008194
GOLD,2022-04-28,A,1,-1,-1,396,target,0.69206,0.008293
GOLD,2022-04-28,A,-1,-1,-1,1227,close,0.22044,0.008293
GOLD,2022-04-28,B,-1,-1,-1,498,stop,-1.24116,0.008293
GOLD,2022-04-28,Bmirror,1,-1,-1,498,stop,-1.24116,0.008293
GOLD,2022-04-29,A,-1,-1,1,151,stop,-1.05175,0.007775
GOLD,2022-05-02,A,1,-1,1,205,stop,-1.05209,0.007636
GOLD,2022-05-03,A,1,-1,-1,583,target,0.69293,0.008445
GOLD,2022-05-03,A,-1,-1,-1,937,target,0.69234,0.008445
GOLD,2022-05-03,B,-1,-1,-1,776,stop,-1.23683,0.008445
GOLD,2022-05-03,Bmirror,1,-1,-1,776,stop,-1.23683,0.008445
GOLD,2022-05-04,B,-1,-1,1,486,stop,-1.25615,0.007808
GOLD,2022-05-04,Bmirror,1,-1,1,486,stop,-1.25615,0.007808
GOLD,2022-05-05,A,-1,-1,1,57,stop,-1.05029,0.008001
GOLD,2022-05-05,B,1,-1,1,951,stop,-1.24997,0.008001
GOLD,2022-05-05,Bmirror,-1,-1,1,951,stop,-1.24997,0.008001
GOLD,2022-05-06,A,1,-1,-1,165,target,0.68932,0.007847
GOLD,2022-05-06,A,-1,-1,-1,816,target,0.68873,0.007847
GOLD,2022-05-06,B,-1,-1,-1,567,stop,-1.25489,0.007847
GOLD,2022-05-06,Bmirror,1,-1,-1,567,stop,-1.25489,0.007847
GOLD,2022-05-09,A,1,-1,-1,417,stop,-1.05089,0.007814
GOLD,2022-05-10,A,1,-1,-1,1103,close,-0.43145,0.008393
GOLD,2022-05-10,A,-1,-1,-1,299,target,0.69205,0.008393
GOLD,2022-05-10,B,1,-1,-1,946,stop,-1.23829,0.008393
GOLD,2022-05-10,Bmirror,-1,-1,-1,946,close,9.08214,0.008393
GOLD,2022-05-11,A,-1,-1,-1,496,target,0.69195,0.008377
GOLD,2022-05-11,B,-1,-1,-1,194,stop,-1.23876,0.008377
GOLD,2022-05-11,Bmirror,1,-1,-1,194,stop,-1.23876,0.008377
GOLD,2022-05-12,A,1,-1,1,761,target,0.69352,0.008552
GOLD,2022-05-12,B,1,-1,1,228,stop,-1.23387,0.008552
GOLD,2022-05-12,Bmirror,-1,-1,1,228,stop,-1.23387,0.008552
GOLD,2022-05-13,A,1,-1,-1,844,target,0.69703,0.009245
GOLD,2022-05-13,B,1,-1,-1,676,stop,-1.21633,0.009245
GOLD,2022-05-13,Bmirror,-1,-1,-1,676,close,4.45382,0.009245
GOLD,2022-05-16,A,1,-1,-1,524,stop,-1.04467,0.008895
GOLD,2022-05-16,A,-1,-1,-1,1199,close,-0.24998,0.008895
GOLD,2022-05-16,B,1,-1,-1,212,stop,-1.22484,0.008895
GOLD,2022-05-16,Bmirror,-1,-1,-1,212,stop,-1.22484,0.008895
GOLD,2022-05-17,B,1,-1,1,872,stop,-1.21920,0.009124
GOLD,2022-05-17,Bmirror,-1,-1,1,872,stop,-1.21920,0.009124
GOLD,2022-05-18,B,-1,-1,-1,426,stop,-1.21998,0.009092
GOLD,2022-05-18,Bmirror,1,-1,-1,426,stop,-1.21998,0.009092
GOLD,2022-05-19,A,-1,-1,1,659,stop,-1.04538,0.008873
GOLD,2022-05-19,B,-1,-1,1,583,stop,-1.22541,0.008873
GOLD,2022-05-19,Bmirror,1,-1,1,583,target,12.17459,0.008873
GOLD,2022-05-20,B,1,-1,1,520,stop,-1.21412,0.009340
GOLD,2022-05-20,Bmirror,-1,-1,1,520,stop,-1.21412,0.009340
GOLD,2022-05-23,A,-1,-1,1,562,target,0.69696,0.009358
GOLD,2022-05-23,B,1,-1,1,1097,close,3.25068,0.009358
GOLD,2022-05-23,Bmirror,-1,-1,1,1097,stop,-1.21373,0.009358
GOLD,2022-05-24,A,-1,-1,1,887,close,-0.04394,0.009423
GOLD,2022-05-25,A,1,-1,1,675,stop,-1.04291,0.009259
GOLD,2022-05-26,B,-1,-1,-1,916,close,1.14778,0.009282
GOLD,2022-05-26,Bmirror,1,-1,-1,916,stop,-1.21547,0.009282
GOLD,2022-05-27,B,1,-1,-1,812,close,0.83474,0.009284
GOLD,2022-05-27,Bmirror,-1,-1,-1,812,stop,-1.21544,0.009284
GOLD,2022-05-30,A,-1,-1,-1,401,target,0.69590,0.009132
GOLD,2022-05-31,A,1,-1,1,923,close,-0.71774,0.008581
GOLD,2022-05-31,B,-1,-1,1,415,stop,-1.23306,0.008581
GOLD,2022-05-31,Bmirror,1,-1,1,415,stop,-1.23306,0.008581
GOLD,2022-06-01,A,-1,-1,-1,1042,close,0.34635,0.008716
GOLD,2022-06-01,B,-1,-1,-1,818,stop,-1.22947,0.008716
GOLD,2022-06-01,Bmirror,1,-1,-1,818,close,5.20784,0.008716
GOLD,2022-06-02,A,-1,-1,1,841,stop,-1.04695,0.008574
GOLD,2022-06-03,A,1,1,1,819,target,0.69550,0.008930
GOLD,2022-06-07,A,-1,1,-1,893,target,0.69202,0.008389
GOLD,2022-06-08,B,-1,1,1,829,stop,-1.23610,0.008471
GOLD,2022-06-08,Bmirror,1,1,1,829,stop,-1.23610,0.008471
GOLD,2022-06-09,A,1,1,1,910,target,0.69215,0.008307
GOLD,2022-06-10,A,1,1,-1,769,stop,-1.04774,0.008327
GOLD,2022-06-10,A,-1,1,-1,956,stop,-1.04833,0.008327
GOLD,2022-06-10,B,-1,1,-1,931,stop,-1.24019,0.008327
GOLD,2022-06-10,Bmirror,1,1,-1,931,target,12.15981,0.008327
GOLD,2022-06-13,A,1,1,1,171,stop,-1.04508,0.008815
GOLD,2022-06-14,A,1,-1,-1,1193,close,0.08826,0.010322
GOLD,2022-06-14,B,1,-1,-1,682,stop,-1.19377,0.010322
GOLD,2022-06-14,Bmirror,-1,-1,-1,682,stop,-1.19377,0.010322
GOLD,2022-06-15,A,-1,-1,-1,459,stop,-1.03914,0.010298
GOLD,2022-06-16,A,1,-1,1,720,target,0.70251,0.010586
GOLD,2022-06-16,A,-1,-1,1,1048,close,-0.95371,0.010586
GOLD,2022-06-16,B,-1,-1,1,957,stop,-1.18893,0.010586
GOLD,2022-06-16,Bmirror,1,-1,1,957,close,11.78921,0.010586
GOLD,2022-06-17,A,1,-1,1,923,target,0.70045,0.010038
GOLD,2022-06-17,B,-1,-1,1,554,stop,-1.19924,0.010038
GOLD,2022-06-17,Bmirror,1,-1,1,554,stop,-1.19924,0.010038
GOLD,2022-06-21,B,-1,-1,-1,811,stop,-1.20078,0.009961
GOLD,2022-06-21,Bmirror,1,-1,-1,811,stop,-1.20078,0.009961
GOLD,2022-06-22,A,-1,-1,-1,826,target,0.69938,0.009920
GOLD,2022-06-22,B,-1,-1,-1,708,stop,-1.20161,0.009920
GOLD,2022-06-22,Bmirror,1,-1,-1,708,close,3.37923,0.009920
GOLD,2022-06-23,A,1,-1,1,762,target,0.70006,0.009941
GOLD,2022-06-23,B,-1,-1,1,864,stop,-1.20119,0.009941
GOLD,2022-06-23,Bmirror,1,-1,1,864,stop,-1.20119,0.009941
GOLD,2022-06-24,B,1,-1,-1,750,stop,-1.20737,0.009644
GOLD,2022-06-24,Bmirror,-1,-1,-1,750,stop,-1.20737,0.009644
GOLD,2022-06-27,B,1,-1,1,777,stop,-1.20688,0.009667
GOLD,2022-06-27,Bmirror,-1,-1,1,777,close,6.07678,0.009667
GOLD,2022-06-28,B,1,-1,-1,713,stop,-1.20582,0.009717
GOLD,2022-06-28,Bmirror,-1,-1,-1,713,stop,-1.20582,0.009717
GOLD,2022-06-29,A,-1,-1,-1,819,target,0.69797,0.009584
GOLD,2022-06-29,B,-1,-1,-1,693,stop,-1.20868,0.009584
GOLD,2022-06-29,Bmirror,1,-1,-1,693,stop,-1.20868,0.009584
GOLD,2022-06-30,A,1,-1,-1,758,target,0.69814,0.009489
GOLD,2022-06-30,B,-1,-1,-1,822,stop,-1.21077,0.009489
GOLD,2022-06-30,Bmirror,1,-1,-1,822,stop,-1.21077,0.009489
GOLD,2022-07-01,A,1,-1,-1,491,stop,-1.04149,0.009573
GOLD,2022-07-01,B,-1,-1,-1,972,stop,-1.20891,0.009573
GOLD,2022-07-01,Bmirror,1,-1,-1,972,stop,-1.20891,0.009573
GOLD,2022-07-05,A,1,-1,-1,784,target,0.69848,0.009565
GOLD,2022-07-06,A,1,-1,-1,913,stop,-1.03779,0.010502
GOLD,2022-07-07,B,1,-1,-1,828,close,0.38699,0.010878
GOLD,2022-07-07,Bmirror,-1,-1,-1,828,stop,-1.18386,0.010878
GOLD,2022-07-08,B,1,-1,1,321,stop,-1.19126,0.010457
GOLD,2022-07-08,Bmirror,-1,-1,1,321,stop,-1.19126,0.010457
GOLD,2022-07-12,B,-1,-1,-1,150,stop,-1.19305,0.010360
GOLD,2022-07-12,Bmirror,1,-1,-1,150,stop,-1.19305,0.010360
GOLD,2022-07-13,A,1,-1,-1,813,target,0.70118,0.010226
GOLD,2022-07-13,A,-1,-1,-1,951,target,0.70059,0.010226
GOLD,2022-07-13,B,-1,-1,-1,880,stop,-1.19558,0.010226
GOLD,2022-07-13,Bmirror,1,-1,-1,880,stop,-1.19558,0.010226
GOLD,2022-07-14,A,1,-1,1,478,stop,-1.03844,0.010325
GOLD,2022-07-15,B,-1,-1,-1,817,stop,-1.18851,0.010610
GOLD,2022-07-15,Bmirror,1,-1,-1,817,stop,-1.18851,0.010610
GOLD,2022-07-18,A,-1,-1,1,627,target,0.69972,0.010003
GOLD,2022-07-18,B,1,-1,1,988,stop,-1.19994,0.010003
GOLD,2022-07-18,Bmirror,-1,-1,1,988,stop,-1.19994,0.010003
GOLD,2022-07-19,A,-1,-1,-1,727,target,0.69084,0.008185
GOLD,2022-07-20,A,1,-1,1,1067,stop,-1.04865,0.008172
GOLD,2022-07-20,B,-1,-1,1,630,stop,-1.24473,0.008172
GOLD,2022-07-20,Bmirror,1,-1,1,630,stop,-1.24473,0.008172
GOLD,2022-07-21,A,1,-1,-1,493,target,0.68770,0.007605
GOLD,2022-07-21,A,-1,-1,-1,836,target,0.68711,0.007605
GOLD,2022-07-21,B,-1,-1,-1,819,stop,-1.26297,0.007605
GOLD,2022-07-21,Bmirror,1,-1,-1,819,stop,-1.26297,0.007605
GOLD,2022-07-22,A,-1,-1,1,756,target,0.68876,0.007851
GOLD,2022-07-25,A,1,-1,-1,944,target,0.69040,0.008016
GOLD,2022-07-25,B,-1,-1,-1,204,stop,-1.24950,0.008016
GOLD,2022-07-25,Bmirror,1,-1,-1,204,stop,-1.24950,0.008016
GOLD,2022-07-26,B,1,-1,-1,676,stop,-1.24931,0.008022
GOLD,2022-07-26,Bmirror,-1,-1,-1,676,stop,-1.24931,0.008022
GOLD,2022-07-27,A,-1,-1,-1,1176,stop,-1.05013,0.008026
GOLD,2022-07-27,B,1,-1,-1,811,stop,-1.24919,0.008026
GOLD,2022-07-27,Bmirror,-1,-1,-1,811,stop,-1.24919,0.008026
GOLD,2022-07-28,A,-1,-1,1,551,target,0.69172,0.008337
GOLD,2022-07-28,B,1,-1,1,198,target,12.16010,0.008337
GOLD,2022-07-28,Bmirror,-1,-1,1,198,stop,-1.23990,0.008337
GOLD,2022-07-29,A,-1,-1,1,434,target,0.69368,0.008692
GOLD,2022-07-29,B,1,-1,1,857,stop,-1.23011,0.008692
GOLD,2022-07-29,Bmirror,-1,-1,1,857,stop,-1.23011,0.008692
GOLD,2022-08-01,A,-1,1,-1,686,target,0.69402,0.008756
GOLD,2022-08-02,A,-1,1,1,803,target,0.69413,0.008777
GOLD,2022-08-02,B,1,1,1,407,stop,-1.22786,0.008777
GOLD,2022-08-02,Bmirror,-1,1,1,407,stop,-1.22786,0.008777
GOLD,2022-08-03,A,-1,1,-1,813,target,0.69457,0.008862
GOLD,2022-08-03,B,1,1,-1,902,stop,-1.22569,0.008862
GOLD,2022-08-03,Bmirror,-1,1,-1,902,stop,-1.22569,0.008862
GOLD,2022-08-04,A,-1,1,1,558,stop,-1.04531,0.008886
GOLD,2022-08-05,A,1,1,1,810,stop,-1.04205,0.009446
GOLD,2022-08-08,A,-1,1,-1,806,close,-0.36789,0.009590
GOLD,2022-08-10,A,-1,1,1,810,target,0.69251,0.008475
GOLD,2022-08-10,B,-1,1,1,629,stop,-1.23597,0.008475
GOLD,2022-08-10,Bmirror,1,1,1,629,stop,-1.23597,0.008475
GOLD,2022-08-11,B,-1,1,-1,674,stop,-1.26130,0.007654
GOLD,2022-08-11,Bmirror,1,1,-1,674,stop,-1.26130,0.007654
GOLD,2022-08-12,A,-1,1,-1,892,target,0.68760,0.007677
GOLD,2022-08-12,B,1,1,-1,525,stop,-1.26052,0.007677
GOLD,2022-08-12,Bmirror,-1,1,-1,525,stop,-1.26052,0.007677
GOLD,2022-08-15,A,1,1,-1,489,stop,-1.05081,0.007826
GOLD,2022-08-16,B,-1,1,-1,949,close,1.60336,0.008186
GOLD,2022-08-16,Bmirror,1,1,-1,949,stop,-1.24432,0.008186
GOLD,2022-08-17,A,1,1,-1,966,target,0.69105,0.008122
GOLD,2022-08-17,B,1,1,-1,496,stop,-1.24624,0.008122
GOLD,2022-08-17,Bmirror,-1,1,-1,496,stop,-1.24624,0.008122
GOLD,2022-08-19,A,1,1,-1,936,close,-0.05086,0.007675
GOLD,2022-08-19,B,-1,1,-1,822,close,7.13458,0.007675
GOLD,2022-08-19,Bmirror,1,1,-1,822,stop,-1.26059,0.007675
GOLD,2022-08-22,A,1,-1,-1,539,stop,-1.05111,0.007781
GOLD,2022-08-23,A,-1,-1,-1,888,stop,-1.05076,0.007927
GOLD,2022-08-23,B,1,-1,-1,680,stop,-1.25231,0.007927
GOLD,2022-08-23,Bmirror,-1,-1,-1,680,stop,-1.25231,0.007927
GOLD,2022-08-24,B,1,-1,1,683,stop,-1.24956,0.008014
GOLD,2022-08-24,Bmirror,-1,-1,1,683,stop,-1.24956,0.008014
GOLD,2022-08-25,A,-1,-1,1,473,target,0.68786,0.007716
GOLD,2022-08-26,A,1,-1,1,668,target,0.68576,0.007335
GOLD,2022-08-26,B,-1,-1,1,297,stop,-1.27268,0.007335
GOLD,2022-08-26,Bmirror,1,-1,1,297,stop,-1.27268,0.007335
GOLD,2022-08-30,A,1,-1,-1,916,close,-0.55891,0.007641
GOLD,2022-08-30,B,-1,-1,-1,571,close,9.67258,0.007641
GOLD,2022-08-30,Bmirror,1,-1,-1,571,stop,-1.26173,0.007641
GOLD,2022-08-31,A,1,-1,-1,612,target,0.68901,0.007800
GOLD,2022-08-31,B,-1,-1,-1,932,close,8.62840,0.007800
GOLD,2022-08-31,Bmirror,1,-1,-1,932,stop,-1.25642,0.007800
GOLD,2022-09-01,A,1,-1,-1,559,target,0.68986,0.007931
GOLD,2022-09-02,A,-1,-1,-1,625,stop,-1.05133,0.007837
GOLD,2022-09-05,B,1,-1,-1,985,close,-0.40563,0.007597
GOLD,2022-09-05,Bmirror,-1,-1,-1,985,stop,-1.26325,0.007597
GOLD,2022-09-06,A,1,-1,1,903,target,0.68777,0.007615
GOLD,2022-09-06,A,-1,-1,1,106,target,0.68718,0.007615
GOLD,2022-09-06,B,1,-1,1,583,stop,-1.26263,0.007615
GOLD,2022-09-06,Bmirror,-1,-1,1,583,stop,-1.26263,0.007615
GOLD,2022-09-07,A,-1,-1,-1,930,stop,-1.05279,0.007620
GOLD,2022-09-07,B,-1,-1,-1,527,stop,-1.26247,0.007620
GOLD,2022-09-07,Bmirror,1,-1,-1,527,stop,-1.26247,0.007620
GOLD,2022-09-08,A,1,-1,1,904,close,0.03653,0.007904
GOLD,2022-09-08,B,1,-1,1,812,stop,-1.25304,0.007904
GOLD,2022-09-08,Bmirror,-1,-1,1,812,stop,-1.25304,0.007904
GOLD,2022-09-09,A,-1,-1,-1,241,stop,-1.05074,0.007930
GOLD,2022-09-12,A,-1,-1,1,725,target,0.68288,0.007039
GOLD,2022-09-12,B,-1,-1,1,472,stop,-1.28412,0.007039
GOLD,2022-09-12,Bmirror,1,-1,1,472,target,12.11588,0.007039
GOLD,2022-09-13,A,1,-1,1,810,stop,-1.05605,0.007099
GOLD,2022-09-13,B,-1,-1,1,513,stop,-1.28172,0.007099
GOLD,2022-09-13,Bmirror,1,-1,1,513,stop,-1.28172,0.007099
GOLD,2022-09-14,B,-1,-1,-1,187,stop,-1.27401,0.007299
GOLD,2022-09-14,Bmirror,1,-1,-1,187,stop,-1.27401,0.007299
GOLD,2022-09-15,A,1,-1,-1,355,stop,-1.05504,0.007229
GOLD,2022-09-16,A,-1,-1,-1,912,stop,-1.04882,0.008243
GOLD,2022-09-16,B,1,-1,-1,168,stop,-1.24263,0.008243
GOLD,2022-09-16,Bmirror,-1,-1,-1,168,stop,-1.24263,0.008243
GOLD,2022-09-19,A,1,-1,1,308,stop,-1.04802,0.008278
GOLD,2022-09-20,A,1,-1,-1,812,close,-0.12383,0.008274
GOLD,2022-09-20,B,-1,-1,-1,504,close,7.53721,0.008274
GOLD,2022-09-20,Bmirror,1,-1,-1,504,stop,-1.24172,0.008274
GOLD,2022-09-21,A,1,-1,-1,1146,target,0.69057,0.008045
GOLD,2022-09-21,A,-1,-1,-1,450,target,0.68998,0.008045
GOLD,2022-09-21,B,1,-1,-1,1075,stop,-1.24861,0.008045
GOLD,2022-09-21,Bmirror,-1,-1,-1,1075,stop,-1.24861,0.008045
GOLD,2022-09-22,A,1,-1,1,102,target,0.69112,0.008134
GOLD,2022-09-22,A,-1,-1,1,816,target,0.69053,0.008134
GOLD,2022-09-22,B,-1,-1,1,559,stop,-1.24588,0.008134
GOLD,2022-09-22,Bmirror,1,-1,1,559,stop,-1.24588,0.008134
GOLD,2022-09-23,A,1,-1,1,596,stop,-1.04932,0.008062
GOLD,2022-09-26,A,1,-1,1,117,target,0.69388,0.008617
GOLD,2022-09-26,B,-1,-1,1,127,stop,-1.23210,0.008617
GOLD,2022-09-26,Bmirror,1,-1,1,127,stop,-1.23210,0.008617
GOLD,2022-09-27,A,-1,-1,-1,474,target,0.69409,0.008770
GOLD,2022-09-27,B,1,-1,-1,1081,close,1.21177,0.008770
GOLD,2022-09-27,Bmirror,-1,-1,-1,1081,stop,-1.22805,0.008770
GOLD,2022-09-28,A,1,-1,1,492,target,0.69462,0.008758
GOLD,2022-09-28,A,-1,-1,1,864,stop,-1.04597,0.008758
GOLD,2022-09-28,B,-1,-1,1,682,stop,-1.22836,0.008758
GOLD,2022-09-28,Bmirror,1,-1,1,682,stop,-1.22836,0.008758
GOLD,2022-09-29,A,1,-1,1,400,target,0.69800,0.009457
GOLD,2022-09-29,B,-1,-1,1,877,stop,-1.21149,0.009457
GOLD,2022-09-29,Bmirror,1,-1,1,877,stop,-1.21149,0.009457
GOLD,2022-09-30,A,-1,-1,1,937,target,0.69749,0.009476
GOLD,2022-09-30,B,1,-1,1,758,stop,-1.21105,0.009476
GOLD,2022-09-30,Bmirror,-1,-1,1,758,stop,-1.21105,0.009476
GOLD,2022-10-03,A,-1,-1,1,907,stop,-1.04361,0.009235
GOLD,2022-10-04,A,-1,-1,1,846,target,0.70120,0.010388
GOLD,2022-10-05,A,1,1,1,562,stop,-1.03704,0.010714
GOLD,2022-10-05,B,-1,1,1,459,stop,-1.18666,0.010714
GOLD,2022-10-05,Bmirror,1,1,1,459,stop,-1.18666,0.010714
GOLD,2022-10-06,B,1,-1,-1,569,stop,-1.18735,0.010675
GOLD,2022-10-06,Bmirror,-1,-1,-1,569,stop,-1.18735,0.010675
GOLD,2022-10-07,A,1,1,-1,826,target,0.70221,0.010503
GOLD,2022-10-07,B,-1,1,-1,815,close,9.23386,0.010503
GOLD,2022-10-07,Bmirror,1,1,-1,815,stop,-1.19043,0.010503
GOLD,2022-10-10,A,1,1,1,524,stop,-1.03779,0.010504
GOLD,2022-10-11,A,-1,-1,-1,1040,target,0.70355,0.011062
GOLD,2022-10-11,B,-1,-1,-1,451,stop,-1.18079,0.011062
GOLD,2022-10-11,Bmirror,1,-1,-1,451,stop,-1.18079,0.011062
GOLD,2022-10-12,B,1,-1,-1,810,close,3.61981,0.010979
GOLD,2022-10-12,Bmirror,-1,-1,-1,810,stop,-1.18217,0.010979
GOLD,2022-10-13,A,1,-1,1,810,stop,-1.03681,0.010779
GOLD,2022-10-13,B,1,-1,1,810,stop,-1.18555,0.010779
GOLD,2022-10-13,Bmirror,-1,-1,1,810,target,12.21445,0.010779
GOLD,2022-10-14,A,1,1,-1,634,target,0.70316,0.010772
GOLD,2022-10-17,A,-1,-1,1,667,stop,-1.03673,0.010980
GOLD,2022-10-18,B,1,1,1,598,stop,-1.18221,0.010976
GOLD,2022-10-18,Bmirror,-1,1,1,598,stop,-1.18221,0.010976
GOLD,2022-10-19,A,1,1,1,481,target,0.70280,0.010668
GOLD,2022-10-20,A,-1,1,-1,920,target,0.70354,0.011060
GOLD,2022-10-20,B,1,1,-1,485,stop,-1.18083,0.011060
GOLD,2022-10-20,Bmirror,-1,1,-1,485,stop,-1.18083,0.011060
GOLD,2022-10-21,A,-1,-1,-1,885,stop,-1.03939,0.010232
GOLD,2022-10-21,B,-1,-1,-1,509,stop,-1.19546,0.010232
GOLD,2022-10-21,Bmirror,1,-1,-1,509,stop,-1.19546,0.010232
GOLD,2022-10-24,A,1,-1,1,576,target,0.70354,0.010882
GOLD,2022-10-24,B,1,-1,1,60,stop,-1.18378,0.010882
GOLD,2022-10-24,Bmirror,-1,-1,1,60,stop,-1.18378,0.010882
GOLD,2022-10-25,A,1,-1,-1,678,target,0.70364,0.010913
GOLD,2022-10-25,B,-1,-1,-1,867,stop,-1.18327,0.010913
GOLD,2022-10-25,Bmirror,1,-1,-1,867,close,0.46301,0.010913
GOLD,2022-10-26,A,-1,-1,1,480,stop,-1.03719,0.010843
GOLD,2022-10-27,B,-1,-1,1,916,close,0.81594,0.010944
GOLD,2022-10-27,Bmirror,1,-1,1,916,stop,-1.18275,0.010944
GOLD,2022-10-28,A,1,-1,-1,574,stop,-1.03624,0.010949
GOLD,2022-11-01,A,-1,-1,-1,416,stop,-1.03840,0.010497
GOLD,2022-11-02,A,-1,-1,1,1081,stop,-1.03786,0.010649
GOLD,2022-11-02,B,1,-1,1,913,target,12.21220,0.010649
GOLD,2022-11-02,Bmirror,-1,-1,1,913,stop,-1.18780,0.010649
GOLD,2022-11-03,A,1,-1,-1,570,target,0.70095,0.010166
GOLD,2022-11-03,B,1,-1,-1,421,stop,-1.19674,0.010166
GOLD,2022-11-03,Bmirror,-1,-1,-1,421,close,2.39512,0.010166
GOLD,2022-11-04,A,-1,-1,-1,273,stop,-1.03975,0.010140
GOLD,2022-11-08,A,-1,1,1,909,stop,-1.03587,0.011245
GOLD,2022-11-08,B,-1,1,1,801,stop,-1.17786,0.011245
GOLD,2022-11-08,Bmirror,1,1,1,801,target,12.22214,0.011245
GOLD,2022-11-09,B,-1,1,1,841,stop,-1.16931,0.011812
GOLD,2022-11-09,Bmirror,1,1,1,841,stop,-1.16931,0.011812
GOLD,2022-11-10,A,-1,1,-1,810,stop,-1.03425,0.011779
GOLD,2022-11-14,B,-1,1,-1,820,stop,-1.15356,0.013024
GOLD,2022-11-14,Bmirror,1,1,-1,820,close,3.31860,0.013024
GOLD,2022-11-15,A,-1,1,1,813,target,0.70748,0.012413
GOLD,2022-11-15,B,1,1,1,888,close,3.80637,0.012413
GOLD,2022-11-15,Bmirror,-1,1,1,888,stop,-1.16112,0.012413
GOLD,2022-11-16,B,-1,1,1,555,stop,-1.16099,0.012423
GOLD,2022-11-16,Bmirror,1,1,1,555,stop,-1.16099,0.012423
GOLD,2022-11-17,A,1,1,-1,785,target,0.70824,0.012479
GOLD,2022-11-21,A,1,1,1,907,close,0.13548,0.012264
GOLD,2022-11-22,B,1,1,-1,1082,close,0.51673,0.012437
GOLD,2022-11-22,Bmirror,-1,1,-1,1082,stop,-1.16081,0.012437
GOLD,2022-11-23,B,-1,1,1,440,stop,-1.16082,0.012437
GOLD,2022-11-23,Bmirror,1,1,1,440,stop,-1.16082,0.012437
GOLD,2022-11-25,B,-1,1,1,1031,close,0.71459,0.011909
GOLD,2022-11-25,Bmirror,1,1,1,1031,stop,-1.16793,0.011909
GOLD,2022-11-28,B,1,1,-1,801,stop,-1.17517,0.011417
GOLD,2022-11-28,Bmirror,-1,1,-1,801,stop,-1.17517,0.011417
GOLD,2022-11-29,A,-1,1,-1,512,target,0.70476,0.011445
GOLD,2022-11-30,A,-1,1,1,795,target,0.70478,0.011454
GOLD,2022-11-30,B,1,1,1,1108,stop,-1.17461,0.011454
GOLD,2022-11-30,Bmirror,-1,1,1,1108,stop,-1.17461,0.011454
GOLD,2022-12-01,A,-1,1,1,810,stop,-1.03458,0.011667
GOLD,2022-12-02,A,1,1,1,810,target,0.70695,0.011997
GOLD,2022-12-05,A,1,1,1,900,stop,-1.03395,0.011681
GOLD,2022-12-06,B,1,-1,-1,1111,close,0.52988,0.012223
GOLD,2022-12-06,Bmirror,-1,-1,-1,1111,stop,-1.16362,0.012223
GOLD,2022-12-07,A,-1,1,1,886,target,0.70680,0.012157
GOLD,2022-12-09,A,-1,1,1,810,target,0.70628,0.011968
GOLD,2022-12-09,B,1,1,1,575,close,3.60107,0.011968
GOLD,2022-12-09,Bmirror,-1,1,1,575,stop,-1.16711,0.011968
GOLD,2022-12-12,A,1,1,-1,1056,close,-0.03242,0.010282
GOLD,2022-12-12,B,-1,1,-1,697,close,7.17451,0.010282
GOLD,2022-12-12,Bmirror,1,1,-1,697,stop,-1.19452,0.010282
GOLD,2022-12-13,A,-1,1,-1,810,stop,-1.03849,0.010474
GOLD,2022-12-14,A,1,1,1,1140,target,0.70017,0.009968
GOLD,2022-12-15,A,1,1,-1,177,stop,-1.03997,0.009933
GOLD,2022-12-16,A,-1,1,-1,890,close,-0.58225,0.009235
GOLD,2022-12-16,B,1,1,-1,474,stop,-1.21656,0.009235
GOLD,2022-12-16,Bmirror,-1,1,-1,474,stop,-1.21656,0.009235
GOLD,2022-12-19,B,1,1,-1,835,stop,-1.21952,0.009111
GOLD,2022-12-19,Bmirror,-1,1,-1,835,stop,-1.21952,0.009111
GOLD,2022-12-20,A,-1,1,-1,520,stop,-1.04423,0.009105
GOLD,2022-12-20,B,1,1,-1,340,target,12.18035,0.009105
GOLD,2022-12-20,Bmirror,-1,1,-1,340,stop,-1.21965,0.009105
GOLD,2022-12-21,B,1,1,1,965,stop,-1.20726,0.009650
GOLD,2022-12-21,Bmirror,-1,1,1,965,close,1.28113,0.009650
GOLD,2022-12-22,A,1,1,-1,870,stop,-1.04133,0.009608
GOLD,2022-12-23,B,1,1,-1,837,stop,-1.20392,0.009808
GOLD,2022-12-23,Bmirror,-1,1,-1,837,stop,-1.20392,0.009808
GOLD,2022-12-27,A,-1,-1,1,909,stop,-1.04139,0.009734
GOLD,2022-12-28,A,1,1,1,600,target,0.69861,0.009596
GOLD,2022-12-29,A,-1,1,-1,1040,close,0.38001,0.009655
GOLD,2022-12-30,B,1,1,1,567,close,4.75913,0.009628
GOLD,2022-12-30,Bmirror,-1,1,1,567,stop,-1.20773,0.009628
GOLD,2023-01-03,A,-1,1,1,202,target,0.69825,0.009650
GOLD,2023-01-03,B,1,1,1,937,close,5.62435,0.009650
GOLD,2023-01-03,Bmirror,-1,1,1,937,stop,-1.20725,0.009650
GOLD,2023-01-04,A,-1,1,1,428,stop,-1.04178,0.009642
GOLD,2023-01-05,A,1,1,1,816,stop,-1.04107,0.009669
GOLD,2023-01-06,A,-1,1,-1,823,stop,-1.03995,0.010086
GOLD,2023-01-09,B,1,1,1,1045,close,0.84687,0.009858
GOLD,2023-01-09,Bmirror,-1,1,1,1045,stop,-1.20287,0.009858
GOLD,2023-01-11,B,1,1,1,739,stop,-1.20332,0.009836
GOLD,2023-01-11,Bmirror,-1,1,1,739,stop,-1.20332,0.009836
GOLD,2023-01-12,A,-1,1,-1,741,target,0.69547,0.009043
GOLD,2023-01-12,B,1,1,-1,810,stop,-1.22118,0.009043
GOLD,2023-01-12,Bmirror,-1,1,-1,810,stop,-1.22118,0.009043
GOLD,2023-01-13,A,-1,1,1,890,stop,-1.04358,0.009241
GOLD,2023-01-13,B,1,1,1,745,stop,-1.21643,0.009241
GOLD,2023-01-13,Bmirror,-1,1,1,745,stop,-1.21643,0.009241
GOLD,2023-01-16,B,1,1,-1,348,stop,-1.21328,0.009377
GOLD,2023-01-16,Bmirror,-1,1,-1,348,stop,-1.21328,0.009377
GOLD,2023-01-17,A,1,1,1,622,target,0.69762,0.009372
GOLD,2023-01-18,A,-1,1,-1,810,target,0.69742,0.009460
GOLD,2023-01-18,B,-1,1,-1,448,stop,-1.21142,0.009460
GOLD,2023-01-18,Bmirror,1,1,-1,448,stop,-1.21142,0.009460
GOLD,2023-01-19,A,-1,1,-1,914,stop,-1.04345,0.009268
GOLD,2023-01-19,B,1,1,-1,632,target,12.18421,0.009268
GOLD,2023-01-19,Bmirror,-1,1,-1,632,stop,-1.21579,0.009268
GOLD,2023-01-20,B,-1,1,1,470,stop,-1.21919,0.009124
GOLD,2023-01-20,Bmirror,1,1,1,470,stop,-1.21919,0.009124
GOLD,2023-01-23,A,1,1,1,847,target,0.69122,0.008150
GOLD,2023-01-23,B,1,1,1,313,stop,-1.24539,0.008150
GOLD,2023-01-23,Bmirror,-1,1,1,313,stop,-1.24539,0.008150
GOLD,2023-01-24,A,1,1,1,906,target,0.69046,0.008026
GOLD,2023-01-24,B,1,1,1,833,stop,-1.24918,0.008026
GOLD,2023-01-24,Bmirror,-1,1,1,833,stop,-1.24918,0.008026
GOLD,2023-01-25,A,1,1,1,610,target,0.69022,0.007989
GOLD,2023-01-25,B,-1,1,1,906,stop,-1.25036,0.007989
GOLD,2023-01-25,Bmirror,1,1,1,906,stop,-1.25036,0.007989
GOLD,2023-01-26,A,1,1,1,558,stop,-1.05003,0.007948
GOLD,2023-01-26,B,-1,1,1,242,target,12.14835,0.007948
GOLD,2023-01-26,Bmirror,1,1,1,242,stop,-1.25165,0.007948
GOLD,2023-01-27,A,1,1,-1,948,target,0.68866,0.007747
GOLD,2023-01-27,B,-1,1,-1,685,stop,-1.25816,0.007747
GOLD,2023-01-27,Bmirror,1,1,-1,685,stop,-1.25816,0.007747
GOLD,2023-01-30,B,1,1,1,441,stop,-1.27944,0.007157
GOLD,2023-01-30,Bmirror,-1,1,1,441,stop,-1.27944,0.007157
GOLD,2023-01-31,A,1,1,-1,487,stop,-1.05476,0.007266
GOLD,2023-01-31,B,-1,1,-1,865,stop,-1.27527,0.007266
GOLD,2023-01-31,Bmirror,1,1,-1,865,stop,-1.27527,0.007266
GOLD,2023-02-01,A,-1,1,1,1183,stop,-1.05535,0.007266
GOLD,2023-02-01,B,1,1,1,818,stop,-1.27526,0.007266
GOLD,2023-02-01,Bmirror,-1,1,1,818,stop,-1.27526,0.007266
GOLD,2023-02-02,A,1,1,1,875,stop,-1.05241,0.007590
GOLD,2023-02-02,B,1,1,1,651,stop,-1.26352,0.007590
GOLD,2023-02-02,Bmirror,-1,1,1,651,stop,-1.26352,0.007590
GOLD,2023-02-03,A,1,1,-1,810,stop,-1.04511,0.008810
GOLD,2023-02-06,A,-1,-1,-1,497,target,0.70172,0.010530
GOLD,2023-02-06,B,1,-1,-1,947,stop,-1.18994,0.010530
GOLD,2023-02-06,Bmirror,-1,-1,-1,947,stop,-1.18994,0.010530
GOLD,2023-02-07,A,-1,-1,1,1066,target,0.70168,0.010519
GOLD,2023-02-07,B,1,-1,1,682,stop,-1.19013,0.010519
GOLD,2023-02-07,Bmirror,-1,-1,1,682,stop,-1.19013,0.010519
GOLD,2023-02-08,B,1,-1,1,805,stop,-1.19042,0.010503
GOLD,2023-02-08,Bmirror,-1,-1,1,805,stop,-1.19042,0.010503
GOLD,2023-02-09,A,1,-1,1,1175,close,0.06573,0.010311
GOLD,2023-02-09,A,-1,-1,1,838,target,0.70091,0.010311
GOLD,2023-02-09,B,1,-1,1,929,stop,-1.19396,0.010311
GOLD,2023-02-09,Bmirror,-1,-1,1,929,close,6.68492,0.010311
GOLD,2023-02-10,B,-1,-1,-1,460,stop,-1.19825,0.010088
GOLD,2023-02-10,Bmirror,1,-1,-1,460,stop,-1.19825,0.010088
GOLD,2023-02-13,B,-1,-1,-1,752,close,5.02897,0.009359
GOLD,2023-02-13,Bmirror,1,-1,-1,752,stop,-1.21371,0.009359
GOLD,2023-02-14,A,-1,-1,-1,812,target,0.69716,0.009401
GOLD,2023-02-14,B,1,-1,-1,694,stop,-1.21274,0.009401
GOLD,2023-02-14,Bmirror,-1,-1,-1,694,stop,-1.21274,0.009401
GOLD,2023-02-15,A,1,-1,1,420,stop,-1.04242,0.009365
GOLD,2023-02-16,B,1,-1,-1,576,stop,-1.20880,0.009579
GOLD,2023-02-16,Bmirror,-1,-1,-1,576,stop,-1.20880,0.009579
GOLD,2023-02-17,A,1,-1,-1,482,target,0.69694,0.009226
GOLD,2023-02-17,B,-1,-1,-1,912,stop,-1.21678,0.009226
GOLD,2023-02-17,Bmirror,1,-1,-1,912,close,4.62858,0.009226
GOLD,2023-02-21,B,-1,-1,1,866,stop,-1.22451,0.008908
GOLD,2023-02-21,Bmirror,1,-1,1,866,stop,-1.22451,0.008908
GOLD,2023-02-22,A,1,-1,-1,1205,close,0.16769,0.008888
GOLD,2023-02-22,B,1,-1,-1,816,stop,-1.22503,0.008888
GOLD,2023-02-22,Bmirror,-1,-1,-1,816,stop,-1.22503,0.008888
GOLD,2023-02-23,B,1,-1,-1,621,stop,-1.22385,0.008935
GOLD,2023-02-23,Bmirror,-1,-1,-1,621,stop,-1.22385,0.008935
GOLD,2023-02-24,A,1,-1,-1,810,target,0.69253,0.008375
GOLD,2023-02-28,A,1,-1,1,497,target,0.69296,0.008451
GOLD,2023-02-28,A,-1,-1,1,1026,close,0.20168,0.008451
GOLD,2023-02-28,B,-1,-1,1,886,stop,-1.23666,0.008451
GOLD,2023-02-28,Bmirror,1,-1,1,886,close,5.91678,0.008451
GOLD,2023-03-01,A,-1,-1,1,541,target,0.69266,0.008503
GOLD,2023-03-02,B,-1,-1,1,697,stop,-1.23495,0.008512
GOLD,2023-03-02,Bmirror,1,-1,1,697,stop,-1.23495,0.008512
GOLD,2023-03-03,A,-1,-1,1,680,target,0.69202,0.008388
GOLD,2023-03-07,A,1,-1,-1,808,stop,-1.04572,0.008692
GOLD,2023-03-08,B,1,-1,-1,1097,close,-0.33106,0.009288
GOLD,2023-03-08,Bmirror,-1,-1,-1,1097,stop,-1.21533,0.009288
GOLD,2023-03-09,A,-1,-1,1,840,stop,-1.04624,0.008706
GOLD,2023-03-10,A,-1,-1,1,821,stop,-1.04914,0.008189
GOLD,2023-03-10,B,1,-1,1,600,target,12.15576,0.008189
GOLD,2023-03-10,Bmirror,-1,-1,1,600,stop,-1.24424,0.008189
GOLD,2023-03-13,A,-1,1,1,177,target,0.68677,0.007556
GOLD,2023-03-13,B,-1,1,1,138,stop,-1.26469,0.007556
GOLD,2023-03-13,Bmirror,1,1,1,138,stop,-1.26469,0.007556
GOLD,2023-03-14,A,1,1,1,750,target,0.69286,0.008433
GOLD,2023-03-14,B,-1,1,1,376,close,4.88517,0.008433
GOLD,2023-03-14,Bmirror,1,1,1,376,stop,-1.23716,0.008433
GOLD,2023-03-15,A,1,1,-1,487,target,0.69325,0.008503
GOLD,2023-03-15,A,-1,1,-1,691,stop,-1.04734,0.008503
GOLD,2023-03-15,B,-1,1,-1,605,stop,-1.23522,0.008503
GOLD,2023-03-15,Bmirror,1,1,-1,605,stop,-1.23522,0.008503
GOLD,2023-03-16,A,1,1,1,67,target,0.69435,0.008706
GOLD,2023-03-16,B,-1,1,1,495,stop,-1.22972,0.008706
GOLD,2023-03-16,Bmirror,1,1,1,495,stop,-1.22972,0.008706
GOLD,2023-03-17,A,-1,1,1,416,target,0.69294,0.008553
GOLD,2023-03-20,A,-1,1,-1,425,stop,-1.03629,0.011113
GOLD,2023-03-20,B,-1,1,-1,342,stop,-1.17996,0.011113
GOLD,2023-03-20,Bmirror,1,1,-1,342,target,12.22004,0.011113
GOLD,2023-03-21,A,1,1,-1,739,stop,-1.03595,0.011037
GOLD,2023-03-21,B,1,1,-1,390,stop,-1.18121,0.011037
GOLD,2023-03-21,Bmirror,-1,1,-1,390,target,12.21879,0.011037
GOLD,2023-03-22,A,-1,1,-1,1082,stop,-1.03435,0.011745
GOLD,2023-03-22,B,-1,1,-1,492,stop,-1.17028,0.011745
GOLD,2023-03-22,Bmirror,1,1,-1,492,stop,-1.17028,0.011745
GOLD,2023-03-23,A,-1,1,1,931,stop,-1.03440,0.011729
GOLD,2023-03-23,B,1,1,1,760,stop,-1.17051,0.011729
GOLD,2023-03-23,Bmirror,-1,1,1,760,stop,-1.17051,0.011729
GOLD,2023-03-24,B,-1,1,1,572,stop,-1.16893,0.011839
GOLD,2023-03-24,Bmirror,1,1,1,572,stop,-1.16893,0.011839
GOLD,2023-03-27,A,1,1,-1,658,stop,-1.03307,0.011988
GOLD,2023-03-28,A,-1,1,-1,1136,close,0.04634,0.012202
GOLD,2023-03-30,A,-1,1,-1,1056,close,0.10619,0.012174
GOLD,2023-03-30,B,-1,1,-1,394,stop,-1.16429,0.012174
GOLD,2023-03-30,Bmirror,1,1,-1,394,close,6.53899,0.012174
GOLD,2023-04-03,A,-1,1,-1,884,close,-0.37544,0.012196
GOLD,2023-04-03,B,-1,1,-1,542,stop,-1.16398,0.012196
GOLD,2023-04-03,Bmirror,1,1,-1,542,close,8.94776,0.012196
GOLD,2023-04-04,A,-1,1,1,904,stop,-1.03278,0.012316
GOLD,2023-04-05,B,1,1,1,911,stop,-1.15715,0.012727
GOLD,2023-04-05,Bmirror,-1,1,1,911,stop,-1.15715,0.012727
GOLD,2023-04-06,A,1,1,-1,897,target,0.70888,0.012733
GOLD,2023-04-06,B,-1,1,-1,650,close,4.73272,0.012733
GOLD,2023-04-06,Bmirror,1,1,-1,650,stop,-1.15707,0.012733
GOLD,2023-04-10,A,1,1,-1,883,close,0.33594,0.012824
GOLD,2023-04-12,A,-1,1,1,813,target,0.70875,0.012922
GOLD,2023-04-12,B,1,1,1,885,stop,-1.15478,0.012922
GOLD,2023-04-12,Bmirror,-1,1,1,885,stop,-1.15478,0.012922
GOLD,2023-04-13,A,-1,1,1,810,stop,-1.03321,0.012152
GOLD,2023-04-14,A,1,1,1,825,stop,-1.03230,0.012272
GOLD,2023-04-17,A,1,1,-1,946,target,0.70848,0.012572
GOLD,2023-04-17,B,1,1,-1,824,stop,-1.15909,0.012572
GOLD,2023-04-17,Bmirror,-1,1,-1,824,stop,-1.15909,0.012572
GOLD,2023-04-18,B,1,1,-1,869,stop,-1.15870,0.012602
GOLD,2023-04-18,Bmirror,-1,1,-1,869,stop,-1.15870,0.012602
GOLD,2023-04-19,A,1,1,1,447,stop,-1.03265,0.012139
GOLD,2023-04-21,A,1,1,1,451,target,0.70714,0.012065
GOLD,2023-04-24,B,-1,1,1,594,stop,-1.19930,0.010035
GOLD,2023-04-24,Bmirror,1,1,1,594,stop,-1.19930,0.010035
GOLD,2023-04-25,A,1,1,1,762,target,0.70030,0.010002
GOLD,2023-04-25,B,1,1,1,308,stop,-1.19997,0.010002
GOLD,2023-04-25,Bmirror,-1,1,1,308,stop,-1.19997,0.010002
GOLD,2023-04-26,B,1,1,1,918,stop,-1.19977,0.010012
GOLD,2023-04-26,Bmirror,-1,1,1,918,stop,-1.19977,0.010012
GOLD,2023-04-27,A,1,1,-1,878,target,0.69739,0.009324
GOLD,2023-04-27,B,1,1,-1,810,stop,-1.21451,0.009324
GOLD,2023-04-27,Bmirror,-1,1,-1,810,stop,-1.21451,0.009324
GOLD,2023-04-28,B,-1,1,-1,812,stop,-1.22435,0.008915
GOLD,2023-04-28,Bmirror,1,1,-1,812,stop,-1.22435,0.008915
GOLD,2023-05-01,A,-1,-1,-1,815,target,0.69271,0.008511
GOLD,2023-05-01,B,-1,-1,-1,721,stop,-1.23498,0.008511
GOLD,2023-05-01,Bmirror,1,-1,-1,721,stop,-1.23498,0.008511
GOLD,2023-05-02,A,-1,-1,-1,902,stop,-1.04722,0.008524
GOLD,2023-05-03,A,-1,1,1,1140,target,0.69511,0.008970
GOLD,2023-05-03,B,-1,1,1,854,stop,-1.22298,0.008970
GOLD,2023-05-03,Bmirror,1,1,1,854,stop,-1.22298,0.008970
GOLD,2023-05-04,A,1,1,1,216,stop,-1.04086,0.009718
GOLD,2023-05-04,B,-1,1,1,931,stop,-1.20580,0.009718
GOLD,2023-05-04,Bmirror,1,1,1,931,stop,-1.20580,0.009718
GOLD,2023-05-05,A,1,1,-1,803,stop,-1.04095,0.009697
GOLD,2023-05-09,A,-1,1,1,1115,close,0.24966,0.010170
GOLD,2023-05-10,B,-1,1,1,810,stop,-1.19945,0.010027
GOLD,2023-05-10,Bmirror,1,1,1,810,stop,-1.19945,0.010027
GOLD,2023-05-11,A,1,1,-1,890,close,-0.24115,0.009308
GOLD,2023-05-11,B,-1,1,-1,729,stop,-1.21486,0.009308
GOLD,2023-05-11,Bmirror,1,1,-1,729,stop,-1.21486,0.009308
GOLD,2023-05-12,A,1,1,-1,643,target,0.69792,0.009439
GOLD,2023-05-12,B,-1,1,-1,845,stop,-1.21188,0.009439
GOLD,2023-05-12,Bmirror,1,1,-1,845,stop,-1.21188,0.009439
GOLD,2023-05-16,A,1,1,1,811,target,0.69699,0.009236
GOLD,2023-05-17,A,1,1,-1,902,target,0.69843,0.009555
GOLD,2023-05-18,A,1,-1,-1,813,stop,-1.04184,0.009493
GOLD,2023-05-19,A,-1,-1,-1,976,stop,-1.04292,0.009384
GOLD,2023-05-19,B,1,-1,-1,876,target,12.18688,0.009384
GOLD,2023-05-19,Bmirror,-1,-1,-1,876,stop,-1.21312,0.009384
GOLD,2023-05-22,B,-1,-1,1,597,stop,-1.22302,0.008968
GOLD,2023-05-22,Bmirror,1,-1,1,597,stop,-1.22302,0.008968
GOLD,2023-05-23,A,1,-1,-1,493,target,0.69580,0.008989
GOLD,2023-05-23,B,-1,-1,-1,887,stop,-1.22250,0.008989
GOLD,2023-05-23,Bmirror,1,-1,-1,887,stop,-1.22250,0.008989
GOLD,2023-05-24,A,1,-1,1,1011,close,-0.80382,0.008927
GOLD,2023-05-24,B,1,-1,1,851,stop,-1.22404,0.008927
GOLD,2023-05-24,Bmirror,-1,-1,1,851,close,10.97251,0.008927
GOLD,2023-05-25,A,1,-1,-1,815,stop,-1.04411,0.009007
GOLD,2023-05-26,A,-1,-1,-1,520,target,0.69581,0.009112
GOLD,2023-05-26,B,1,-1,-1,936,stop,-1.21948,0.009112
GOLD,2023-05-26,Bmirror,-1,-1,-1,936,stop,-1.21948,0.009112
GOLD,2023-05-30,A,-1,-1,-1,664,close,-0.47882,0.008815
GOLD,2023-05-30,B,-1,-1,-1,540,stop,-1.22688,0.008815
GOLD,2023-05-30,Bmirror,1,-1,-1,540,close,9.33886,0.008815
GOLD,2023-05-31,A,-1,-1,1,888,target,0.69517,0.008983
GOLD,2023-05-31,B,1,-1,1,484,stop,-1.22265,0.008983
GOLD,2023-05-31,Bmirror,-1,-1,1,484,stop,-1.22265,0.008983
GOLD,2023-06-01,A,-1,-1,1,990,close,0.18315,0.009008
GOLD,2023-06-01,B,-1,-1,1,709,stop,-1.22203,0.009008
GOLD,2023-06-01,Bmirror,1,-1,1,709,stop,-1.22203,0.009008
GOLD,2023-06-02,A,1,-1,1,887,stop,-1.04372,0.009088
GOLD,2023-06-05,A,-1,-1,1,1221,close,0.08078,0.009595
GOLD,2023-06-05,B,-1,-1,1,900,stop,-1.20845,0.009595
GOLD,2023-06-05,Bmirror,1,-1,1,900,stop,-1.20845,0.009595
GOLD,2023-06-06,B,-1,-1,1,922,stop,-1.20608,0.009705
GOLD,2023-06-06,Bmirror,1,-1,1,922,stop,-1.20608,0.009705
GOLD,2023-06-07,A,1,-1,1,1004,stop,-1.04415,0.008999
GOLD,2023-06-07,B,-1,-1,1,631,stop,-1.22225,0.008999
GOLD,2023-06-07,Bmirror,1,-1,1,631,stop,-1.22225,0.008999
GOLD,2023-06-08,A,-1,-1,-1,811,stop,-1.05019,0.008017
GOLD,2023-06-09,B,1,-1,1,818,stop,-1.23445,0.008531
GOLD,2023-06-09,Bmirror,-1,-1,1,818,stop,-1.23445,0.008531
GOLD,2023-06-12,B,1,1,-1,859,stop,-1.25205,0.007935
GOLD,2023-06-12,Bmirror,-1,1,-1,859,close,0.64216,0.007935
GOLD,2023-06-13,A,1,-1,-1,984,close,-0.48177,0.007871
GOLD,2023-06-13,A,-1,-1,-1,810,target,0.68888,0.007871
GOLD,2023-06-13,B,1,-1,-1,809,stop,-1.25410,0.007871
GOLD,2023-06-13,Bmirror,-1,-1,-1,809,stop,-1.25410,0.007871
GOLD,2023-06-14,A,-1,-1,-1,822,target,0.68832,0.007784
GOLD,2023-06-14,B,1,-1,-1,1141,stop,-1.25694,0.007784
GOLD,2023-06-14,Bmirror,-1,-1,-1,1141,stop,-1.25694,0.007784
GOLD,2023-06-15,A,1,-1,-1,180,target,0.68893,0.007787
GOLD,2023-06-15,A,-1,-1,-1,907,close,-0.41268,0.007787
GOLD,2023-06-15,B,-1,-1,-1,880,stop,-1.25684,0.007787
GOLD,2023-06-15,Bmirror,1,-1,-1,880,stop,-1.25684,0.007787
GOLD,2023-06-16,B,1,-1,1,870,stop,-1.25332,0.007895
GOLD,2023-06-16,Bmirror,-1,-1,1,870,stop,-1.25332,0.007895
GOLD,2023-06-20,A,1,1,-1,855,stop,-1.05055,0.007868
GOLD,2023-06-20,B,-1,1,-1,458,stop,-1.25421,0.007868
GOLD,2023-06-20,Bmirror,1,1,-1,458,stop,-1.25421,0.007868
GOLD,2023-06-21,A,1,-1,-1,848,target,0.68761,0.007592
GOLD,2023-06-21,B,-1,-1,-1,1171,close,2.59635,0.007592
GOLD,2023-06-21,Bmirror,1,-1,-1,1171,stop,-1.26343,0.007592
GOLD,2023-06-22,A,1,-1,-1,840,stop,-1.05253,0.007572
GOLD,2023-06-23,A,-1,-1,-1,827,stop,-1.05404,0.007443
GOLD,2023-06-26,B,1,-1,1,882,stop,-1.27878,0.007174
GOLD,2023-06-26,Bmirror,-1,-1,1,882,stop,-1.27878,0.007174
GOLD,2023-06-27,A,1,-1,-1,915,target,0.68423,0.007134
GOLD,2023-06-27,B,1,-1,-1,420,stop,-1.28034,0.007134
GOLD,2023-06-27,Bmirror,-1,-1,-1,420,stop,-1.28034,0.007134
GOLD,2023-06-28,A,1,-1,-1,851,target,0.68430,0.007143
GOLD,2023-06-29,A,1,-1,-1,816,stop,-1.05692,0.006991
GOLD,2023-06-29,B,-1,-1,-1,719,stop,-1.28607,0.006991
GOLD,2023-06-29,Bmirror,1,-1,-1,719,stop,-1.28607,0.006991
GOLD,2023-06-30,A,-1,-1,-1,911,target,0.68027,0.006730
GOLD,2023-06-30,B,-1,-1,-1,810,stop,-1.29716,0.006730
GOLD,2023-06-30,Bmirror,1,-1,-1,810,stop,-1.29716,0.006730
GOLD,2023-07-03,A,-1,-1,-1,900,target,0.68118,0.006835
GOLD,2023-07-03,B,-1,-1,-1,820,stop,-1.29260,0.006835
GOLD,2023-07-03,Bmirror,1,-1,-1,820,close,1.38433,0.006835
GOLD,2023-07-05,A,1,-1,1,1159,close,-0.31218,0.006633
GOLD,2023-07-05,B,-1,-1,1,522,stop,-1.30153,0.006633
GOLD,2023-07-05,Bmirror,1,-1,1,522,stop,-1.30153,0.006633
GOLD,2023-07-06,A,1,-1,-1,810,target,0.67991,0.006625
GOLD,2023-07-06,A,-1,-1,-1,731,target,0.67932,0.006625
GOLD,2023-07-06,B,1,-1,-1,577,stop,-1.30191,0.006625
GOLD,2023-07-06,Bmirror,-1,-1,-1,577,stop,-1.30191,0.006625
GOLD,2023-07-07,A,-1,-1,-1,809,stop,-1.06196,0.006487
GOLD,2023-07-10,A,1,-1,1,802,target,0.67374,0.006010
GOLD,2023-07-10,B,-1,-1,1,626,close,0.25898,0.006010
GOLD,2023-07-10,Bmirror,1,-1,1,626,stop,-1.33280,0.006010
GOLD,2023-07-11,A,-1,-1,-1,457,close,0.09232,0.005799
GOLD,2023-07-12,A,-1,-1,1,810,stop,-1.06825,0.005886
GOLD,2023-07-13,B,1,1,1,358,stop,-1.33115,0.006039
GOLD,2023-07-13,Bmirror,-1,1,1,358,stop,-1.33115,0.006039
GOLD,2023-07-14,A,1,1,1,904,target,0.66712,0.005466
GOLD,2023-07-14,B,-1,1,1,752,stop,-1.36590,0.005466
GOLD,2023-07-14,Bmirror,1,1,1,752,stop,-1.36590,0.005466
GOLD,2023-07-17,B,1,1,-1,803,stop,-1.36635,0.005459
GOLD,2023-07-17,Bmirror,-1,1,-1,803,stop,-1.36635,0.005459
GOLD,2023-07-18,A,-1,1,1,500,stop,-1.07351,0.005464
GOLD,2023-07-19,A,1,1,1,945,target,0.67130,0.005797
GOLD,2023-07-19,B,-1,1,1,420,stop,-1.34500,0.005797
GOLD,2023-07-19,Bmirror,1,1,1,420,stop,-1.34500,0.005797
GOLD,2023-07-20,A,1,1,-1,938,close,0.02721,0.005802
GOLD,2023-07-20,A,-1,1,-1,182,target,0.67076,0.005802
GOLD,2023-07-20,B,1,1,-1,806,stop,-1.34473,0.005802
GOLD,2023-07-20,Bmirror,-1,1,-1,806,stop,-1.34473,0.005802
GOLD,2023-07-21,A,1,1,-1,560,target,0.66967,0.005663
GOLD,2023-07-24,A,1,1,1,1214,close,0.10915,0.005745
GOLD,2023-07-24,B,1,1,1,872,stop,-1.34814,0.005745
GOLD,2023-07-24,Bmirror,-1,1,1,872,stop,-1.34814,0.005745
GOLD,2023-07-25,A,-1,1,-1,222,target,0.67026,0.005760
GOLD,2023-07-25,B,1,1,-1,734,stop,-1.34720,0.005760
GOLD,2023-07-25,Bmirror,-1,1,-1,734,stop,-1.34720,0.005760
GOLD,2023-07-26,A,-1,1,1,721,target,0.66792,0.005572
GOLD,2023-07-26,B,1,1,1,885,target,12.04106,0.005572
GOLD,2023-07-26,Bmirror,-1,1,1,885,stop,-1.35894,0.005572
GOLD,2023-07-27,A,1,1,1,822,stop,-1.07093,0.005616
GOLD,2023-07-27,A,-1,1,1,217,target,0.66848,0.005616
GOLD,2023-07-27,B,1,1,1,805,stop,-1.35614,0.005616
GOLD,2023-07-27,Bmirror,-1,1,1,805,stop,-1.35614,0.005616
GOLD,2023-07-28,A,-1,1,-1,312,target,0.67227,0.005932
GOLD,2023-07-31,A,1,1,1,590,target,0.67373,0.006009
GOLD,2023-07-31,A,-1,1,1,885,target,0.67314,0.006009
GOLD,2023-07-31,B,-1,1,1,748,stop,-1.33284,0.006009
GOLD,2023-07-31,Bmirror,1,1,1,748,stop,-1.33284,0.006009
GOLD,2023-08-01,A,1,1,1,433,stop,-1.06610,0.006025
GOLD,2023-08-02,A,1,1,-1,911,stop,-1.06481,0.006144
GOLD,2023-08-02,B,-1,1,-1,574,stop,-1.32552,0.006144
GOLD,2023-08-02,Bmirror,1,1,-1,574,stop,-1.32552,0.006144
GOLD,2023-08-03,B,-1,1,-1,512,stop,-1.31514,0.006346
GOLD,2023-08-03,Bmirror,1,1,-1,512,stop,-1.31514,0.006346
GOLD,2023-08-04,A,1,1,-1,810,target,0.67724,0.006343
GOLD,2023-08-04,A,-1,1,-1,846,target,0.67665,0.006343
GOLD,2023-08-04,B,-1,1,-1,810,stop,-1.31529,0.006343
GOLD,2023-08-04,Bmirror,1,1,-1,810,stop,-1.31529,0.006343
GOLD,2023-08-07,A,1,-1,1,553,target,0.67654,0.006274
GOLD,2023-08-08,A,1,-1,-1,781,target,0.67719,0.006338
GOLD,2023-08-09,A,1,-1,-1,985,close,-0.21724,0.006438
GOLD,2023-08-09,B,1,-1,-1,710,stop,-1.31064,0.006438
GOLD,2023-08-09,Bmirror,-1,-1,-1,710,stop,-1.31064,0.006438
GOLD,2023-08-10,A,-1,-1,-1,810,target,0.67737,0.006417
GOLD,2023-08-10,B,1,-1,-1,916,stop,-1.31167,0.006417
GOLD,2023-08-10,Bmirror,-1,-1,-1,916,stop,-1.31167,0.006417
GOLD,2023-08-11,B,1,-1,-1,1156,close,0.58585,0.006402
GOLD,2023-08-11,Bmirror,-1,-1,-1,1156,stop,-1.31239,0.006402
GOLD,2023-08-14,A,1,-1,-1,873,target,0.67568,0.006191
GOLD,2023-08-15,A,1,-1,-1,810,target,0.67601,0.006222
GOLD,2023-08-15,B,-1,-1,-1,930,stop,-1.32142,0.006222
GOLD,2023-08-15,Bmirror,1,-1,-1,930,stop,-1.32142,0.006222
GOLD,2023-08-16,A,1,-1,-1,1230,close,-0.18917,0.006168
GOLD,2023-08-16,B,1,-1,-1,802,stop,-1.32425,0.006168
GOLD,2023-08-16,Bmirror,-1,-1,-1,802,stop,-1.32425,0.006168
GOLD,2023-08-17,A,1,-1,-1,1082,close,0.41104,0.005518
GOLD,2023-08-17,A,-1,-1,-1,817,target,0.66722,0.005518
GOLD,2023-08-17,B,-1,-1,-1,440,stop,-1.36244,0.005518
GOLD,2023-08-17,Bmirror,1,-1,-1,440,stop,-1.36244,0.005518
GOLD,2023-08-18,B,1,-1,-1,807,stop,-1.36346,0.005503
GOLD,2023-08-18,Bmirror,-1,-1,-1,807,stop,-1.36346,0.005503
GOLD,2023-08-21,A,-1,-1,1,842,target,0.66712,0.005511
GOLD,2023-08-21,B,-1,-1,1,210,stop,-1.36290,0.005511
GOLD,2023-08-21,Bmirror,1,-1,1,210,stop,-1.36290,0.005511
GOLD,2023-08-22,A,-1,-1,1,645,target,0.66759,0.005546
GOLD,2023-08-22,B,1,-1,1,860,stop,-1.36059,0.005546
GOLD,2023-08-22,Bmirror,-1,-1,1,860,stop,-1.36059,0.005546
GOLD,2023-08-23,A,-1,-1,1,463,target,0.65648,0.004806
GOLD,2023-08-24,B,1,-1,1,774,stop,-1.37276,0.005365
GOLD,2023-08-24,Bmirror,-1,-1,1,774,stop,-1.37276,0.005365
GOLD,2023-08-25,A,1,-1,-1,931,stop,-1.07457,0.005343
GOLD,2023-08-25,B,-1,-1,-1,624,stop,-1.37431,0.005343
GOLD,2023-08-25,Bmirror,1,-1,-1,624,stop,-1.37431,0.005343
GOLD,2023-08-28,A,-1,-1,1,995,target,0.66411,0.005292
GOLD,2023-08-29,A,-1,-1,1,902,stop,-1.07553,0.005317
GOLD,2023-08-29,B,1,-1,1,712,stop,-1.37618,0.005317
GOLD,2023-08-29,Bmirror,-1,-1,1,712,stop,-1.37618,0.005317
GOLD,2023-08-30,A,-1,-1,1,811,close,0.43517,0.005532
GOLD,2023-08-31,B,-1,1,1,885,close,4.09190,0.005506
GOLD,2023-08-31,Bmirror,1,1,1,885,stop,-1.36325,0.005506
GOLD,2023-09-01,A,-1,1,-1,810,stop,-1.08448,0.004751
GOLD,2023-09-01,B,1,1,-1,235,stop,-1.42094,0.004751
GOLD,2023-09-01,Bmirror,-1,1,-1,235,stop,-1.42094,0.004751
GOLD,2023-09-04,A,-1,1,-1,230,target,0.65160,0.004540
GOLD,2023-09-04,B,1,1,-1,840,stop,-1.44054,0.004540
GOLD,2023-09-04,Bmirror,-1,1,-1,840,close,0.89949,0.004540
GOLD,2023-09-05,A,1,1,-1,626,stop,-1.08885,0.004487
GOLD,2023-09-06,A,1,1,-1,902,target,0.64942,0.004401
GOLD,2023-09-06,B,-1,1,-1,667,stop,-1.45439,0.004401
GOLD,2023-09-06,Bmirror,1,1,-1,667,stop,-1.45439,0.004401
GOLD,2023-09-07,A,-1,1,-1,839,target,0.64498,0.004223
GOLD,2023-09-07,B,1,1,-1,416,stop,-1.47360,0.004223
GOLD,2023-09-07,Bmirror,-1,1,-1,416,stop,-1.47360,0.004223
GOLD,2023-09-08,A,-1,1,1,157,target,0.64522,0.004234
GOLD,2023-09-08,B,1,1,1,1005,stop,-1.47242,0.004234
GOLD,2023-09-08,Bmirror,-1,1,1,1005,stop,-1.47242,0.004234
GOLD,2023-09-11,A,-1,1,-1,215,stop,-1.09687,0.004142
GOLD,2023-09-12,A,1,1,1,695,stop,-1.09716,0.004105
GOLD,2023-09-13,A,1,1,-1,810,target,0.64150,0.004049
GOLD,2023-09-13,B,-1,1,-1,810,stop,-1.49396,0.004049
GOLD,2023-09-13,Bmirror,1,1,-1,810,stop,-1.49396,0.004049
GOLD,2023-09-14,A,1,1,-1,810,target,0.63954,0.003970
GOLD,2023-09-14,B,1,1,-1,202,stop,-1.50379,0.003970
GOLD,2023-09-14,Bmirror,-1,1,-1,202,stop,-1.50379,0.003970
GOLD,2023-09-15,A,-1,1,1,230,stop,-1.10142,0.003956
GOLD,2023-09-18,A,-1,1,-1,398,target,0.64502,0.004225
GOLD,2023-09-18,B,1,1,-1,837,stop,-1.47340,0.004225
GOLD,2023-09-18,Bmirror,-1,1,-1,837,stop,-1.47340,0.004225
GOLD,2023-09-19,B,-1,1,1,519,stop,-1.46667,0.004286
GOLD,2023-09-19,Bmirror,1,1,1,519,stop,-1.46667,0.004286
GOLD,2023-09-20,A,-1,1,-1,883,stop,-1.09498,0.004224
GOLD,2023-09-20,B,-1,1,-1,427,stop,-1.47344,0.004224
GOLD,2023-09-20,Bmirror,1,1,-1,427,stop,-1.47344,0.004224
GOLD,2023-09-21,A,1,1,-1,104,target,0.64341,0.004129
GOLD,2023-09-22,A,-1,-1,-1,495,close,0.11449,0.004294
GOLD,2023-09-25,A,1,-1,1,919,stop,-1.09237,0.004317
GOLD,2023-09-25,B,-1,-1,1,485,stop,-1.46332,0.004317
GOLD,2023-09-25,Bmirror,1,-1,1,485,stop,-1.46332,0.004317
GOLD,2023-09-26,A,1,-1,-1,480,target,0.65026,0.004443
GOLD,2023-09-27,A,1,-1,-1,707,stop,-1.08340,0.004779
GOLD,2023-09-28,A,1,-1,-1,931,stop,-1.07987,0.004990
GOLD,2023-09-28,B,-1,-1,-1,875,target,11.99916,0.004990
GOLD,2023-09-28,Bmirror,1,-1,-1,875,stop,-1.40084,0.004990
GOLD,2023-09-29,A,1,-1,-1,969,stop,-1.07748,0.005143
GOLD,2023-09-29,A,-1,-1,-1,505,target,0.66193,0.005143
GOLD,2023-09-29,B,1,-1,-1,909,stop,-1.38886,0.005143
GOLD,2023-09-29,Bmirror,-1,-1,-1,909,target,12.01114,0.005143
GOLD,2023-10-02,A,1,-1,-1,602,stop,-1.07416,0.005372
GOLD,2023-10-03,A,1,-1,-1,25,target,0.66875,0.005591
GOLD,2023-10-03,B,-1,-1,-1,557,stop,-1.35774,0.005591
GOLD,2023-10-03,Bmirror,1,-1,-1,557,stop,-1.35774,0.005591
GOLD,2023-10-04,A,-1,-1,-1,795,target,0.66200,0.005148
GOLD,2023-10-04,B,-1,-1,-1,524,stop,-1.38852,0.005148
GOLD,2023-10-04,Bmirror,1,-1,-1,524,stop,-1.38852,0.005148
GOLD,2023-10-05,A,1,-1,-1,818,target,0.66043,0.005008
GOLD,2023-10-05,A,-1,-1,-1,312,target,0.65983,0.005008
GOLD,2023-10-05,B,1,-1,-1,473,stop,-1.39935,0.005008
GOLD,2023-10-05,Bmirror,-1,-1,-1,473,stop,-1.39935,0.005008
GOLD,2023-10-06,A,1,-1,-1,810,target,0.66058,0.005018
GOLD,2023-10-06,A,-1,-1,-1,923,target,0.65999,0.005018
GOLD,2023-10-06,B,1,-1,-1,751,stop,-1.39858,0.005018
GOLD,2023-10-06,Bmirror,-1,-1,-1,751,stop,-1.39858,0.005018
GOLD,2023-10-09,A,-1,-1,1,1201,stop,-1.06922,0.005803
GOLD,2023-10-09,B,1,-1,1,480,stop,-1.34464,0.005803
GOLD,2023-10-09,Bmirror,-1,-1,1,480,stop,-1.34464,0.005803
GOLD,2023-10-10,A,1,-1,1,817,target,0.67397,0.006031
GOLD,2023-10-10,B,-1,-1,1,1015,stop,-1.33164,0.006031
GOLD,2023-10-10,Bmirror,1,-1,1,1015,stop,-1.33164,0.006031
GOLD,2023-10-11,A,-1,-1,-1,529,stop,-1.06758,0.005945
GOLD,2023-10-12,A,-1,-1,1,760,target,0.67511,0.006193
GOLD,2023-10-12,B,1,-1,1,883,stop,-1.32296,0.006193
GOLD,2023-10-12,Bmirror,-1,-1,1,883,stop,-1.32296,0.006193
GOLD,2023-10-13,A,-1,-1,-1,493,stop,-1.06490,0.006191
GOLD,2023-10-16,A,1,1,-1,473,target,0.69789,0.009433
GOLD,2023-10-16,B,-1,1,-1,804,close,2.20620,0.009433
GOLD,2023-10-16,Bmirror,1,1,-1,804,stop,-1.21203,0.009433
GOLD,2023-10-18,A,-1,-1,1,151,stop,-1.04281,0.009410
GOLD,2023-10-19,A,-1,1,1,1086,stop,-1.04130,0.009755
GOLD,2023-10-19,B,1,1,1,940,target,12.19497,0.009755
GOLD,2023-10-19,Bmirror,-1,1,1,940,stop,-1.20503,0.009755
GOLD,2023-10-20,A,-1,1,1,897,stop,-1.04023,0.010016
GOLD,2023-10-20,B,1,1,1,130,target,12.20032,0.010016
GOLD,2023-10-20,Bmirror,-1,1,1,130,stop,-1.19968,0.010016
GOLD,2023-10-24,A,1,1,-1,720,target,0.70008,0.009947
GOLD,2023-10-24,B,1,1,-1,579,stop,-1.20106,0.009947
GOLD,2023-10-24,Bmirror,-1,1,-1,579,stop,-1.20106,0.009947
GOLD,2023-10-25,A,-1,1,-1,892,target,0.69950,0.009950
GOLD,2023-10-25,B,1,1,-1,963,stop,-1.20101,0.009950
GOLD,2023-10-25,Bmirror,-1,1,-1,963,stop,-1.20101,0.009950
GOLD,2023-10-26,B,1,1,1,810,stop,-1.19987,0.010006
GOLD,2023-10-26,Bmirror,-1,1,1,810,stop,-1.19987,0.010006
GOLD,2023-10-27,A,-1,1,1,1146,close,-0.66337,0.009905
GOLD,2023-10-27,B,-1,1,1,909,stop,-1.20192,0.009905
GOLD,2023-10-27,Bmirror,1,1,1,909,stop,-1.20192,0.009905
GOLD,2023-10-31,A,1,1,-1,1102,close,0.29598,0.010075
GOLD,2023-10-31,B,1,1,-1,911,stop,-1.19852,0.010075
GOLD,2023-10-31,Bmirror,-1,1,-1,911,close,5.52456,0.010075
GOLD,2023-11-01,B,-1,1,-1,564,stop,-1.20022,0.009989
GOLD,2023-11-01,Bmirror,1,1,-1,564,stop,-1.20022,0.009989
GOLD,2023-11-03,A,-1,1,-1,751,target,0.69690,0.009345
GOLD,2023-11-07,A,1,1,-1,698,close,0.56466,0.008867
GOLD,2023-11-08,A,1,1,-1,923,close,-0.69941,0.008898
GOLD,2023-11-09,A,-1,1,-1,947,target,0.69631,0.009217
GOLD,2023-11-10,A,1,1,1,755,stop,-1.04316,0.009204
GOLD,2023-11-13,B,-1,-1,1,972,stop,-1.21235,0.009418
GOLD,2023-11-13,Bmirror,1,-1,1,972,close,2.92572,0.009418
GOLD,2023-11-14,A,-1,-1,1,859,stop,-1.04298,0.009371
GOLD,2023-11-15,B,1,-1,1,865,stop,-1.21149,0.009457
GOLD,2023-11-15,Bmirror,-1,-1,1,865,stop,-1.21149,0.009457
GOLD,2023-11-16,A,-1,-1,-1,855,stop,-1.04295,0.009378
GOLD,2023-11-17,B,1,1,1,876,stop,-1.20942,0.009550
GOLD,2023-11-17,Bmirror,-1,1,1,876,stop,-1.20942,0.009550
GOLD,2023-11-20,A,-1,-1,-1,152,target,0.68088,0.006800
GOLD,2023-11-20,B,1,-1,-1,672,stop,-1.29412,0.006800
GOLD,2023-11-20,Bmirror,-1,-1,-1,672,stop,-1.29412,0.006800
GOLD,2023-11-21,A,-1,-1,1,154,target,0.68061,0.006769
GOLD,2023-11-22,A,1,-1,1,1030,close,0.06432,0.006962
GOLD,2023-11-22,B,1,-1,1,537,stop,-1.28727,0.006962
GOLD,2023-11-22,Bmirror,-1,-1,1,537,stop,-1.28727,0.006962
GOLD,2023-11-23,B,1,-1,-1,965,close,1.57621,0.006588
GOLD,2023-11-23,Bmirror,-1,-1,-1,965,stop,-1.30358,0.006588
GOLD,2023-11-24,A,-1,1,1,903,target,0.67478,0.006161
GOLD,2023-11-27,A,-1,1,-1,86,stop,-1.06552,0.006133
GOLD,2023-11-28,A,-1,1,1,856,stop,-1.06441,0.006239
GOLD,2023-11-29,B,1,1,1,204,stop,-1.29224,0.006844
GOLD,2023-11-29,Bmirror,-1,1,1,204,stop,-1.29224,0.006844
GOLD,2023-11-30,A,1,1,1,834,target,0.68123,0.006772
GOLD,2023-11-30,B,-1,1,1,810,close,5.93700,0.006772
GOLD,2023-11-30,Bmirror,1,1,1,810,stop,-1.29534,0.006772
GOLD,2023-12-01,A,-1,1,-1,922,target,0.68092,0.006805
GOLD,2023-12-01,B,1,1,-1,695,stop,-1.29390,0.006805
GOLD,2023-12-01,Bmirror,-1,1,-1,695,stop,-1.29390,0.006805
GOLD,2023-12-04,A,1,1,1,8,target,0.69256,0.008380
GOLD,2023-12-05,A,1,1,-1,892,target,0.70734,0.012137
GOLD,2023-12-07,B,1,1,1,885,stop,-1.16393,0.012200
GOLD,2023-12-07,Bmirror,-1,1,1,885,stop,-1.16393,0.012200
GOLD,2023-12-08,A,1,1,1,854,stop,-1.03249,0.012199
GOLD,2023-12-11,A,1,1,1,872,stop,-1.03185,0.012445
GOLD,2023-12-12,B,1,1,-1,826,stop,-1.15813,0.012648
GOLD,2023-12-12,Bmirror,-1,1,-1,826,stop,-1.15813,0.012648
GOLD,2023-12-13,A,-1,1,-1,1146,stop,-1.03200,0.012617
GOLD,2023-12-13,B,-1,1,-1,593,stop,-1.15852,0.012617
GOLD,2023-12-13,Bmirror,1,1,-1,593,stop,-1.15852,0.012617
GOLD,2023-12-14,B,1,1,1,1084,stop,-1.14848,0.013470
GOLD,2023-12-14,Bmirror,-1,1,1,1084,stop,-1.14848,0.013470
GOLD,2023-12-22,B,1,1,1,1008,close,-0.08228,0.013356
GOLD,2023-12-22,Bmirror,-1,1,1,1008,stop,-1.14975,0.013356
GOLD,2023-12-26,B,1,1,1,881,close,4.51025,0.013318
GOLD,2023-12-26,Bmirror,-1,1,1,881,stop,-1.15017,0.013318
GOLD,2024-01-02,B,1,1,1,882,stop,-1.15013,0.013321
GOLD,2024-01-02,Bmirror,-1,1,1,882,stop,-1.15013,0.013321
GOLD,2024-01-03,A,1,1,-1,827,close,0.10901,0.013335
GOLD,2024-01-05,B,-1,1,1,845,stop,-1.15304,0.013069
GOLD,2024-01-05,Bmirror,1,1,1,845,stop,-1.15304,0.013069
GOLD,2024-01-08,A,1,1,-1,678,target,0.70967,0.013061
GOLD,2024-01-09,B,1,-1,-1,957,stop,-1.15752,0.012697
GOLD,2024-01-09,Bmirror,-1,-1,-1,957,close,0.12948,0.012697
GOLD,2024-01-10,B,1,-1,1,781,stop,-1.17058,0.011725
GOLD,2024-01-10,Bmirror,-1,-1,1,781,stop,-1.17058,0.011725
GOLD,2024-01-11,A,1,1,-1,996,target,0.69134,0.008170
GOLD,2024-01-11,A,-1,1,-1,804,target,0.69074,0.008170
GOLD,2024-01-11,B,1,1,-1,811,stop,-1.24480,0.008170
GOLD,2024-01-11,Bmirror,-1,1,-1,811,stop,-1.24480,0.008170
GOLD,2024-01-12,A,-1,1,1,661,stop,-1.04993,0.008059
GOLD,2024-01-16,A,1,1,1,521,stop,-1.05148,0.007726
GOLD,2024-01-17,A,1,-1,-1,851,target,0.69166,0.008224
GOLD,2024-01-17,B,-1,-1,-1,633,target,12.15680,0.008224
GOLD,2024-01-17,Bmirror,1,-1,-1,633,stop,-1.24320,0.008224
GOLD,2024-01-18,A,-1,-1,-1,1230,close,-0.22432,0.008049
GOLD,2024-01-18,B,1,-1,-1,810,stop,-1.24848,0.008049
GOLD,2024-01-18,Bmirror,-1,-1,-1,810,stop,-1.24848,0.008049
GOLD,2024-01-19,A,-1,-1,1,795,target,0.69071,0.008165
GOLD,2024-01-19,B,1,-1,1,919,close,3.24683,0.008165
GOLD,2024-01-19,Bmirror,-1,-1,1,919,stop,-1.24495,0.008165
GOLD,2024-01-22,A,1,-1,-1,884,target,0.67630,0.006250
GOLD,2024-01-22,B,-1,-1,-1,740,stop,-1.31999,0.006250
GOLD,2024-01-22,Bmirror,1,-1,-1,740,stop,-1.31999,0.006250
GOLD,2024-01-23,A,-1,-1,-1,328,stop,-1.06625,0.006065
GOLD,2024-01-24,A,1,-1,1,903,stop,-1.06502,0.006124
GOLD,2024-01-24,B,-1,-1,1,459,stop,-1.32657,0.006124
GOLD,2024-01-24,Bmirror,1,-1,1,459,stop,-1.32657,0.006124
GOLD,2024-01-25,B,-1,-1,-1,811,stop,-1.32350,0.006182
GOLD,2024-01-25,Bmirror,1,-1,-1,811,stop,-1.32350,0.006182
GOLD,2024-01-26,B,1,-1,1,813,stop,-1.33160,0.006031
GOLD,2024-01-26,Bmirror,-1,-1,1,813,stop,-1.33160,0.006031
GOLD,2024-01-29,A,-1,-1,1,428,target,0.66776,0.005560
GOLD,2024-01-29,B,1,-1,1,890,stop,-1.35971,0.005560
GOLD,2024-01-29,Bmirror,-1,-1,1,890,stop,-1.35971,0.005560
GOLD,2024-01-30,A,-1,-1,1,455,target,0.66902,0.005659
GOLD,2024-01-30,B,1,-1,1,922,stop,-1.35344,0.005659
GOLD,2024-01-30,Bmirror,-1,-1,1,922,stop,-1.35344,0.005659
GOLD,2024-01-31,A,-1,-1,1,871,stop,-1.07061,0.005688
GOLD,2024-02-01,A,1,1,1,656,target,0.66845,0.005567
GOLD,2024-02-01,A,-1,1,1,135,target,0.66786,0.005567
GOLD,2024-02-01,B,1,1,1,485,stop,-1.35924,0.005567
GOLD,2024-02-01,Bmirror,-1,1,1,485,stop,-1.35924,0.005567
GOLD,2024-02-02,A,1,1,1,810,stop,-1.07092,0.005617
GOLD,2024-02-05,A,1,1,-1,203,stop,-1.07022,0.005672
GOLD,2024-02-06,A,-1,-1,-1,909,close,-0.40973,0.005833
GOLD,2024-02-06,B,1,-1,-1,496,stop,-1.34286,0.005833
GOLD,2024-02-06,Bmirror,-1,-1,-1,496,stop,-1.34286,0.005833
GOLD,2024-02-07,A,-1,-1,1,888,target,0.67239,0.005942
GOLD,2024-02-07,B,-1,-1,1,815,stop,-1.33657,0.005942
GOLD,2024-02-07,Bmirror,1,-1,1,815,stop,-1.33657,0.005942
GOLD,2024-02-08,A,1,-1,1,721,stop,-1.06980,0.005707
GOLD,2024-02-08,B,-1,-1,1,623,stop,-1.35046,0.005707
GOLD,2024-02-08,Bmirror,1,-1,1,623,stop,-1.35046,0.005707
GOLD,2024-02-09,A,1,1,-1,796,target,0.67022,0.005708
GOLD,2024-02-09,B,-1,1,-1,811,stop,-1.35037,0.005708
GOLD,2024-02-09,Bmirror,1,1,-1,811,stop,-1.35037,0.005708
GOLD,2024-02-12,A,1,1,1,858,target,0.67124,0.005792
GOLD,2024-02-12,B,-1,1,1,792,stop,-1.34529,0.005792
GOLD,2024-02-12,Bmirror,1,1,1,792,stop,-1.34529,0.005792
GOLD,2024-02-13,A,1,-1,-1,827,stop,-1.07032,0.005665
GOLD,2024-02-13,A,-1,-1,-1,645,target,0.66909,0.005665
GOLD,2024-02-13,B,1,-1,-1,810,stop,-1.35308,0.005665
GOLD,2024-02-13,Bmirror,-1,-1,-1,810,stop,-1.35308,0.005665
GOLD,2024-02-14,B,-1,-1,-1,597,stop,-1.31613,0.006326
GOLD,2024-02-14,Bmirror,1,-1,-1,597,stop,-1.31613,0.006326
GOLD,2024-02-15,A,-1,-1,1,810,target,0.67651,0.006330
GOLD,2024-02-16,A,-1,-1,1,1069,close,-0.09446,0.006354
GOLD,2024-02-16,B,-1,-1,1,832,stop,-1.31475,0.006354
GOLD,2024-02-16,Bmirror,1,-1,1,832,stop,-1.31475,0.006354
GOLD,2024-02-19,B,1,-1,1,962,close,2.87671,0.006270
GOLD,2024-02-19,Bmirror,-1,-1,1,962,stop,-1.31900,0.006270
GOLD,2024-02-20,A,-1,-1,1,624,close,0.11877,0.006230
GOLD,2024-02-21,B,1,1,1,958,stop,-1.34941,0.005724
GOLD,2024-02-21,Bmirror,-1,1,1,958,stop,-1.34941,0.005724
GOLD,2024-02-22,A,-1,-1,1,487,target,0.66525,0.005373
GOLD,2024-02-22,B,1,-1,1,800,stop,-1.37226,0.005373
GOLD,2024-02-22,Bmirror,-1,-1,1,800,stop,-1.37226,0.005373
GOLD,2024-02-23,A,1,-1,-1,564,target,0.66291,0.005169
GOLD,2024-02-23,A,-1,-1,-1,966,stop,-1.07769,0.005169
GOLD,2024-02-23,B,-1,-1,-1,747,stop,-1.38695,0.005169
GOLD,2024-02-23,Bmirror,1,-1,-1,747,target,12.01305,0.005169
GOLD,2024-02-26,A,1,-1,-1,871,target,0.66407,0.005248
GOLD,2024-02-26,B,-1,-1,-1,105,stop,-1.38113,0.005248
GOLD,2024-02-26,Bmirror,1,-1,-1,105,stop,-1.38113,0.005248
GOLD,2024-02-27,A,-1,-1,-1,522,target,0.66281,0.005202
GOLD,2024-02-27,B,1,-1,-1,1033,stop,-1.38445,0.005202
GOLD,2024-02-27,Bmirror,-1,-1,-1,1033,stop,-1.38445,0.005202
GOLD,2024-02-28,A,-1,-1,-1,844,target,0.66170,0.005128
GOLD,2024-02-28,B,-1,-1,-1,770,stop,-1.39001,0.005128
GOLD,2024-02-28,Bmirror,1,-1,-1,770,stop,-1.39001,0.005128
GOLD,2024-02-29,A,-1,1,1,817,stop,-1.08106,0.004953
GOLD,2024-02-29,B,-1,1,1,810,stop,-1.40383,0.004953
GOLD,2024-02-29,Bmirror,1,1,1,810,stop,-1.40383,0.004953
GOLD,2024-03-01,A,-1,1,1,634,stop,-1.07990,0.005025
GOLD,2024-03-01,B,1,1,1,493,stop,-1.39802,0.005025
GOLD,2024-03-01,Bmirror,-1,1,1,493,stop,-1.39802,0.005025
GOLD,2024-03-04,A,-1,1,1,856,stop,-1.06387,0.006291
GOLD,2024-03-05,A,-1,1,1,604,stop,-1.05837,0.006887
GOLD,2024-03-06,A,-1,1,1,837,stop,-1.05774,0.006963
GOLD,2024-03-07,A,-1,1,1,245,target,0.68369,0.007141
GOLD,2024-03-08,A,-1,1,1,811,stop,-1.05645,0.007124
GOLD,2024-03-08,B,-1,1,1,396,stop,-1.28076,0.007124
GOLD,2024-03-08,Bmirror,1,1,1,396,stop,-1.28076,0.007124
GOLD,2024-03-11,B,1,1,1,78,stop,-1.28824,0.006939
GOLD,2024-03-11,Bmirror,-1,1,1,78,stop,-1.28824,0.006939
GOLD,2024-03-12,A,1,1,1,677,stop,-1.05981,0.006655
GOLD,2024-03-13,A,-1,1,-1,819,stop,-1.05499,0.007314
GOLD,2024-03-14,A,1,1,1,750,target,0.68650,0.007436
GOLD,2024-03-15,B,1,1,-1,753,stop,-1.26241,0.007622
GOLD,2024-03-15,Bmirror,-1,1,-1,753,stop,-1.26241,0.007622
GOLD,2024-03-18,B,-1,1,1,633,stop,-1.26504,0.007546
GOLD,2024-03-18,Bmirror,1,1,1,633,stop,-1.26504,0.007546
GOLD,2024-03-19,A,1,1,1,497,target,0.68667,0.007459
GOLD,2024-03-20,A,-1,1,-1,1082,stop,-1.06001,0.006699
GOLD,2024-03-20,B,-1,1,-1,836,stop,-1.29855,0.006699
GOLD,2024-03-20,Bmirror,1,1,-1,836,stop,-1.29855,0.006699
GOLD,2024-03-21,A,1,1,1,840,stop,-1.05125,0.007760
GOLD,2024-03-21,B,-1,1,1,67,stop,-1.25772,0.007760
GOLD,2024-03-21,Bmirror,1,1,1,67,stop,-1.25772,0.007760
GOLD,2024-03-22,A,1,1,-1,428,target,0.69177,0.008244
GOLD,2024-03-25,B,1,1,1,317,stop,-1.23511,0.008507
GOLD,2024-03-25,Bmirror,-1,1,1,317,stop,-1.23511,0.008507
GOLD,2024-03-26,A,-1,1,1,570,stop,-1.04734,0.008502
GOLD,2024-03-26,B,1,1,1,940,close,2.87978,0.008502
GOLD,2024-03-26,Bmirror,-1,1,1,940,stop,-1.23523,0.008502
GOLD,2024-03-27,A,-1,1,1,584,target,0.69263,0.008497
GOLD,2024-03-28,A,-1,1,1,622,stop,-1.04732,0.008506
GOLD,2024-04-01,A,-1,1,1,91,stop,-1.04403,0.009147
GOLD,2024-04-01,B,1,1,1,904,stop,-1.21865,0.009147
GOLD,2024-04-01,Bmirror,-1,1,1,904,stop,-1.21865,0.009147
GOLD,2024-04-02,A,-1,1,1,903,target,0.69600,0.009152
GOLD,2024-04-02,B,1,1,1,816,stop,-1.21853,0.009152
GOLD,2024-04-02,Bmirror,-1,1,1,816,stop,-1.21853,0.009152
GOLD,2024-04-03,A,1,1,1,806,target,0.69719,0.009280
GOLD,2024-04-03,A,-1,1,1,1185,close,-0.26239,0.009280
GOLD,2024-04-03,B,-1,1,1,900,stop,-1.21551,0.009280
GOLD,2024-04-03,Bmirror,1,1,1,900,stop,-1.21551,0.009280
GOLD,2024-04-04,A,1,1,1,785,target,0.69720,0.009282
GOLD,2024-04-04,B,-1,1,1,1160,stop,-1.21548,0.009282
GOLD,2024-04-04,Bmirror,1,1,1,1160,stop,-1.21548,0.009282
GOLD,2024-04-05,A,1,1,-1,136,target,0.69812,0.009484
GOLD,2024-04-05,A,-1,1,-1,924,stop,-1.04247,0.009484
GOLD,2024-04-05,B,-1,1,-1,527,stop,-1.21088,0.009484
GOLD,2024-04-05,Bmirror,1,1,-1,527,stop,-1.21088,0.009484
GOLD,2024-04-08,A,-1,1,-1,178,stop,-1.04101,0.009826
GOLD,2024-04-09,A,-1,1,1,495,target,0.69978,0.010019
GOLD,2024-04-09,B,1,1,1,180,close,5.55721,0.010019
GOLD,2024-04-09,Bmirror,-1,1,1,180,stop,-1.19963,0.010019
GOLD,2024-04-10,A,1,1,1,810,target,0.69926,0.009748
GOLD,2024-04-10,B,-1,1,1,924,close,7.88179,0.009748
GOLD,2024-04-10,Bmirror,1,1,1,924,stop,-1.20516,0.009748
GOLD,2024-04-11,A,-1,1,-1,1088,stop,-1.04041,0.009971
GOLD,2024-04-11,B,1,1,-1,436,stop,-1.20058,0.009971
GOLD,2024-04-11,Bmirror,-1,1,-1,436,stop,-1.20058,0.009971
GOLD,2024-04-12,A,1,1,1,1100,stop,-1.03866,0.010267
GOLD,2024-04-12,A,-1,1,1,183,target,0.70074,0.010267
GOLD,2024-04-12,B,1,1,1,1049,stop,-1.19480,0.010267
GOLD,2024-04-12,Bmirror,-1,1,1,1049,stop,-1.19480,0.010267
GOLD,2024-04-15,A,1,1,1,906,stop,-1.03701,0.010723
GOLD,2024-04-15,A,-1,1,1,1194,close,-0.65818,0.010723
GOLD,2024-04-15,B,-1,1,1,719,stop,-1.18651,0.010723
GOLD,2024-04-15,Bmirror,1,1,1,719,stop,-1.18651,0.010723
GOLD,2024-04-16,A,1,1,1,534,target,0.70353,0.010880
GOLD,2024-04-16,B,-1,1,1,961,stop,-1.18382,0.010880
GOLD,2024-04-16,Bmirror,1,1,1,961,stop,-1.18382,0.010880
GOLD,2024-04-17,A,1,1,1,1064,target,0.70355,0.010887
GOLD,2024-04-17,B,-1,1,1,544,stop,-1.18371,0.010887
GOLD,2024-04-17,Bmirror,1,1,1,544,stop,-1.18371,0.010887
GOLD,2024-04-18,A,-1,1,-1,705,target,0.70219,0.010662
GOLD,2024-04-19,A,-1,1,1,151,stop,-1.03798,0.010614
GOLD,2024-04-19,B,1,1,1,421,stop,-1.18843,0.010614
GOLD,2024-04-19,Bmirror,-1,1,1,421,stop,-1.18843,0.010614
GOLD,2024-04-22,A,1,1,-1,257,stop,-1.03798,0.010451
GOLD,2024-04-23,A,1,1,-1,162,stop,-1.03369,0.011769
GOLD,2024-04-23,B,-1,1,-1,895,close,2.89436,0.011769
GOLD,2024-04-23,Bmirror,1,1,-1,895,stop,-1.16993,0.011769
GOLD,2024-04-25,A,-1,1,-1,935,target,0.70589,0.011831
GOLD,2024-04-25,B,-1,1,-1,367,stop,-1.16905,0.011831
GOLD,2024-04-25,Bmirror,1,1,-1,367,stop,-1.16905,0.011831
GOLD,2024-04-26,A,-1,1,1,611,target,0.70375,0.011125
GOLD,2024-04-26,B,1,1,1,938,stop,-1.17977,0.011125
GOLD,2024-04-26,Bmirror,-1,1,1,938,stop,-1.17977,0.011125
GOLD,2024-04-29,B,-1,1,-1,362,stop,-1.18804,0.010636
GOLD,2024-04-29,Bmirror,1,1,-1,362,stop,-1.18804,0.010636
GOLD,2024-04-30,A,1,1,1,512,stop,-1.03728,0.010646
GOLD,2024-05-01,A,-1,-1,-1,1169,stop,-1.03495,0.011541
GOLD,2024-05-01,B,-1,-1,-1,648,stop,-1.17329,0.011541
GOLD,2024-05-01,Bmirror,1,-1,-1,648,target,12.22671,0.011541
GOLD,2024-05-02,A,1,-1,1,631,stop,-1.03370,0.011766
GOLD,2024-05-03,A,1,-1,-1,873,target,0.70670,0.011907
GOLD,2024-05-03,B,1,-1,-1,824,stop,-1.16797,0.011907
GOLD,2024-05-03,Bmirror,-1,-1,-1,824,stop,-1.16797,0.011907
GOLD,2024-05-06,A,-1,-1,1,519,close,-0.25783,0.011299
GOLD,2024-05-06,B,-1,-1,1,122,stop,-1.17701,0.011299
GOLD,2024-05-06,Bmirror,1,-1,1,122,close,8.33367,0.011299
GOLD,2024-05-08,B,-1,-1,-1,678,stop,-1.17843,0.011209
GOLD,2024-05-08,Bmirror,1,-1,-1,678,stop,-1.17843,0.011209
GOLD,2024-05-09,A,-1,-1,-1,825,target,0.70359,0.011077
GOLD,2024-05-09,B,1,-1,-1,520,stop,-1.18056,0.011077
GOLD,2024-05-09,Bmirror,-1,-1,-1,520,stop,-1.18056,0.011077
GOLD,2024-05-10,A,-1,-1,1,471,close,0.40689,0.011479
GOLD,2024-05-13,A,1,-1,1,579,close,-0.56718,0.010743
GOLD,2024-05-14,A,-1,-1,-1,901,target,0.70204,0.010620
GOLD,2024-05-14,B,1,-1,-1,810,close,8.01032,0.010620
GOLD,2024-05-14,Bmirror,-1,-1,-1,810,stop,-1.18832,0.010620
GOLD,2024-05-15,A,-1,-1,1,810,target,0.70233,0.010702
GOLD,2024-05-15,B,1,-1,1,891,stop,-1.18689,0.010702
GOLD,2024-05-15,Bmirror,-1,-1,1,891,stop,-1.18689,0.010702
GOLD,2024-05-17,A,-1,1,-1,842,stop,-1.03852,0.010465
GOLD,2024-05-20,A,-1,1,1,121,target,0.70164,0.010508
GOLD,2024-05-20,B,1,1,1,801,stop,-1.19033,0.010508
GOLD,2024-05-20,Bmirror,-1,1,1,801,stop,-1.19033,0.010508
GOLD,2024-05-21,A,1,1,1,266,target,0.70136,0.010273
GOLD,2024-05-21,B,-1,1,1,805,stop,-1.19469,0.010273
GOLD,2024-05-21,Bmirror,1,1,1,805,stop,-1.19469,0.010273
GOLD,2024-05-22,A,1,1,-1,907,stop,-1.03858,0.010289
GOLD,2024-05-23,A,1,1,-1,410,stop,-1.03676,0.010794
GOLD,2024-05-28,B,-1,1,1,799,stop,-1.18932,0.010564
GOLD,2024-05-28,Bmirror,1,1,1,799,stop,-1.18932,0.010564
GOLD,2024-05-29,A,1,1,1,613,close,-0.26200,0.010542
GOLD,2024-05-30,B,-1,1,-1,499,stop,-1.18641,0.010729
GOLD,2024-05-30,Bmirror,1,1,-1,499,stop,-1.18641,0.010729
GOLD,2024-05-31,A,1,1,1,1106,close,0.07888,0.010665
GOLD,2024-05-31,B,1,1,1,895,stop,-1.18753,0.010665
GOLD,2024-05-31,Bmirror,-1,1,1,895,stop,-1.18753,0.010665
GOLD,2024-06-03,A,-1,-1,-1,940,target,0.70254,0.010763
GOLD,2024-06-03,B,-1,-1,-1,497,stop,-1.18582,0.010763
GOLD,2024-06-03,Bmirror,1,-1,-1,497,stop,-1.18582,0.010763
GOLD,2024-06-04,A,1,-1,1,604,stop,-1.03611,0.010987
GOLD,2024-06-05,A,-1,-1,-1,898,target,0.70135,0.010429
GOLD,2024-06-06,A,-1,1,1,990,close,-0.11056,0.010413
GOLD,2024-06-06,B,1,1,1,793,stop,-1.19206,0.010413
GOLD,2024-06-06,Bmirror,-1,1,1,793,stop,-1.19206,0.010413
GOLD,2024-06-07,A,1,1,1,544,stop,-1.03816,0.010400
GOLD,2024-06-07,B,1,1,1,414,stop,-1.19230,0.010400
GOLD,2024-06-07,Bmirror,-1,1,1,414,target,12.20770,0.010400
GOLD,2024-06-11,B,-1,-1,1,784,stop,-1.15683,0.012753
GOLD,2024-06-11,Bmirror,1,-1,1,784,stop,-1.15683,0.012753
GOLD,2024-06-12,A,-1,-1,1,840,target,0.70826,0.012723
GOLD,2024-06-13,A,1,-1,1,1014,close,0.23364,0.012722
GOLD,2024-06-13,B,-1,-1,1,816,stop,-1.15720,0.012722
GOLD,2024-06-13,Bmirror,1,-1,1,816,stop,-1.15720,0.012722
GOLD,2024-06-14,A,-1,-1,-1,671,close,-0.62700,0.012377
GOLD,2024-06-18,B,-1,-1,-1,820,stop,-1.16049,0.012462
GOLD,2024-06-18,Bmirror,1,-1,-1,820,stop,-1.16049,0.012462
GOLD,2024-06-20,A,-1,-1,1,902,stop,-1.03367,0.011985
GOLD,2024-06-21,A,1,1,1,892,stop,-1.03232,0.012265
GOLD,2024-06-24,B,1,-1,-1,633,close,4.37379,0.012218
GOLD,2024-06-24,Bmirror,-1,-1,-1,633,stop,-1.16370,0.012218
GOLD,2024-06-26,A,1,-1,-1,866,close,-0.12281,0.012248
GOLD,2024-06-27,A,-1,-1,-1,782,close,-0.70784,0.011904
GOLD,2024-06-28,B,1,-1,1,891,stop,-1.17516,0.011418
GOLD,2024-06-28,Bmirror,-1,-1,1,891,stop,-1.17516,0.011418
GOLD,2024-07-01,B,1,-1,-1,921,stop,-1.17545,0.011399
GOLD,2024-07-01,Bmirror,-1,-1,-1,921,stop,-1.17545,0.011399
GOLD,2024-07-02,B,-1,1,1,878,stop,-1.17598,0.011365
GOLD,2024-07-02,Bmirror,1,1,1,878,stop,-1.17598,0.011365
GOLD,2024-07-03,A,-1,1,-1,801,stop,-1.03556,0.011343
GOLD,2024-07-05,A,-1,1,-1,850,stop,-1.03518,0.011467
GOLD,2024-07-05,B,1,1,-1,810,stop,-1.17441,0.011467
GOLD,2024-07-05,Bmirror,-1,1,-1,810,stop,-1.17441,0.011467
GOLD,2024-07-08,A,1,1,-1,1004,close,-0.42105,0.011742
GOLD,2024-07-09,B,1,1,-1,905,stop,-1.16959,0.011793
GOLD,2024-07-09,Bmirror,-1,1,-1,905,stop,-1.16959,0.011793
GOLD,2024-07-10,A,-1,1,1,893,target,0.70521,0.011598
GOLD,2024-07-11,A,-1,1,1,810,stop,-1.03560,0.011329
GOLD,2024-07-12,A,1,1,1,811,target,0.70628,0.011757
GOLD,2024-07-12,B,-1,1,1,1031,stop,-1.17010,0.011757
GOLD,2024-07-12,Bmirror,1,1,1,1031,stop,-1.17010,0.011757
GOLD,2024-07-15,A,-1,1,-1,929,stop,-1.04549,0.008851
GOLD,2024-07-16,A,-1,1,1,505,stop,-1.04547,0.008854
GOLD,2024-07-17,B,1,1,1,259,stop,-1.20782,0.009624
GOLD,2024-07-17,Bmirror,-1,1,1,259,stop,-1.20782,0.009624
GOLD,2024-07-18,A,1,1,-1,1216,close,0.27454,0.009707
GOLD,2024-07-18,B,1,1,-1,875,stop,-1.20603,0.009707
GOLD,2024-07-18,Bmirror,-1,1,-1,875,stop,-1.20603,0.009707
GOLD,2024-07-19,A,1,1,-1,78,stop,-1.04130,0.009616
GOLD,2024-07-22,A,1,1,1,813,close,0.23691,0.010201
GOLD,2024-07-24,A,-1,1,1,905,target,0.70100,0.010334
GOLD,2024-07-24,B,1,1,1,1135,stop,-1.19353,0.010334
GOLD,2024-07-24,Bmirror,-1,1,1,1135,close,4.63188,0.010334
GOLD,2024-07-25,A,1,1,-1,159,stop,-1.03814,0.010408
GOLD,2024-07-26,A,-1,1,-1,884,close,-0.44631,0.010592
GOLD,2024-07-29,A,1,1,1,973,close,0.45043,0.010204
GOLD,2024-07-29,B,-1,1,1,852,close,4.75734,0.010204
GOLD,2024-07-29,Bmirror,1,1,1,852,stop,-1.19600,0.010204
GOLD,2024-07-30,A,-1,-1,-1,1081,close,-0.75284,0.010251
GOLD,2024-07-30,B,1,-1,-1,988,close,10.77253,0.010251
GOLD,2024-07-30,Bmirror,-1,-1,-1,988,stop,-1.19510,0.010251
GOLD,2024-07-31,A,-1,1,1,900,stop,-1.03885,0.010375
GOLD,2024-08-01,B,1,1,1,215,stop,-1.18994,0.010529
GOLD,2024-08-01,Bmirror,-1,1,1,215,stop,-1.18994,0.010529
GOLD,2024-08-02,A,1,1,-1,967,stop,-1.03851,0.010307
GOLD,2024-08-02,A,-1,1,-1,411,stop,-1.03910,0.010307
GOLD,2024-08-02,B,-1,1,-1,164,stop,-1.19404,0.010307
GOLD,2024-08-02,Bmirror,1,1,-1,164,target,12.20596,0.010307
GOLD,2024-08-05,A,1,1,-1,77,target,0.70151,0.010312
GOLD,2024-08-05,B,-1,1,-1,162,stop,-1.19394,0.010312
GOLD,2024-08-05,Bmirror,1,1,-1,162,stop,-1.19394,0.010312
GOLD,2024-08-06,A,1,-1,-1,848,target,0.70317,0.010775
GOLD,2024-08-06,B,-1,-1,-1,524,stop,-1.18562,0.010775
GOLD,2024-08-06,Bmirror,1,-1,-1,524,stop,-1.18562,0.010775
GOLD,2024-08-07,B,1,-1,-1,1142,stop,-1.18262,0.010952
GOLD,2024-08-07,Bmirror,-1,-1,-1,1142,stop,-1.18262,0.010952
GOLD,2024-08-08,A,-1,-1,-1,703,stop,-1.03774,0.010681
GOLD,2024-08-09,B,1,-1,1,953,close,1.81341,0.011264
GOLD,2024-08-09,Bmirror,-1,-1,1,953,stop,-1.17756,0.011264
GOLD,2024-08-12,A,-1,-1,-1,872,stop,-1.03710,0.010869
GOLD,2024-08-13,B,-1,1,1,885,close,3.01214,0.011146
GOLD,2024-08-13,Bmirror,1,1,1,885,stop,-1.17944,0.011146
GOLD,2024-08-14,A,1,1,-1,995,close,0.16997,0.011192
GOLD,2024-08-14,B,1,1,-1,811,stop,-1.17871,0.011192
GOLD,2024-08-14,Bmirror,-1,1,-1,811,stop,-1.17871,0.011192
GOLD,2024-08-15,A,-1,1,-1,806,target,0.70438,0.011323
GOLD,2024-08-15,B,1,1,-1,830,stop,-1.17663,0.011323
GOLD,2024-08-15,Bmirror,-1,1,-1,830,stop,-1.17663,0.011323
GOLD,2024-08-16,A,-1,1,1,786,stop,-1.03740,0.010779
GOLD,2024-08-19,B,-1,1,-1,986,close,0.08898,0.011619
GOLD,2024-08-19,Bmirror,1,1,-1,986,stop,-1.17213,0.011619
GOLD,2024-08-20,A,-1,1,-1,747,target,0.70518,0.011587
GOLD,2024-08-20,B,1,1,-1,1022,stop,-1.17261,0.011587
GOLD,2024-08-20,Bmirror,-1,1,-1,1022,stop,-1.17261,0.011587
GOLD,2024-08-21,A,1,1,1,900,target,0.70360,0.010902
GOLD,2024-08-21,B,-1,1,1,1152,stop,-1.18346,0.010902
GOLD,2024-08-21,Bmirror,1,1,1,1152,stop,-1.18346,0.010902
GOLD,2024-08-22,A,1,1,-1,861,stop,-1.03654,0.010859
GOLD,2024-08-23,A,-1,1,-1,900,close,-0.54742,0.011073
GOLD,2024-08-26,B,1,1,1,901,close,1.64501,0.010504
GOLD,2024-08-26,Bmirror,-1,1,1,901,stop,-1.19041,0.010504
GOLD,2024-08-27,B,-1,1,1,449,stop,-1.19311,0.010357
GOLD,2024-08-27,Bmirror,1,1,1,449,stop,-1.19311,0.010357
GOLD,2024-08-28,A,1,1,1,393,close,-0.17008,0.010323
GOLD,2024-08-29,A,-1,1,-1,1075,close,0.36897,0.010407
GOLD,2024-08-29,B,1,1,-1,821,stop,-1.19217,0.010407
GOLD,2024-08-29,Bmirror,-1,1,-1,821,stop,-1.19217,0.010407
GOLD,2024-08-30,A,1,1,1,991,close,0.02086,0.009841
GOLD,2024-09-02,B,-1,1,1,580,stop,-1.20268,0.009868
GOLD,2024-09-02,Bmirror,1,1,1,580,stop,-1.20268,0.009868
GOLD,2024-09-03,A,1,1,-1,888,target,0.69950,0.009805
GOLD,2024-09-03,B,-1,1,-1,793,stop,-1.20397,0.009805
GOLD,2024-09-03,Bmirror,1,1,-1,793,stop,-1.20397,0.009805
GOLD,2024-09-04,A,1,1,-1,592,target,0.69878,0.009636
GOLD,2024-09-04,B,-1,1,-1,900,stop,-1.20756,0.009636
GOLD,2024-09-04,Bmirror,1,1,-1,900,stop,-1.20756,0.009636
GOLD,2024-09-05,A,-1,1,1,563,close,-0.44385,0.009097
GOLD,2024-09-06,A,1,1,1,1024,stop,-1.04305,0.009228
GOLD,2024-09-06,B,1,1,1,844,stop,-1.21672,0.009228
GOLD,2024-09-06,Bmirror,-1,1,1,844,stop,-1.21672,0.009228
GOLD,2024-09-09,B,-1,1,1,668,stop,-1.21313,0.009384
GOLD,2024-09-09,Bmirror,1,1,1,668,stop,-1.21313,0.009384
GOLD,2024-09-10,B,1,-1,1,892,stop,-1.22516,0.008883
GOLD,2024-09-10,Bmirror,-1,-1,1,892,stop,-1.22516,0.008883
GOLD,2024-09-11,B,1,1,1,810,stop,-1.23152,0.008639
GOLD,2024-09-11,Bmirror,-1,1,1,810,stop,-1.23152,0.008639
GOLD,2024-09-12,A,-1,1,-1,821,stop,-1.04666,0.008627
GOLD,2024-09-13,A,-1,1,1,837,stop,-1.04662,0.008634
GOLD,2024-09-16,B,1,1,1,500,stop,-1.22903,0.008732
GOLD,2024-09-16,Bmirror,-1,1,1,500,stop,-1.22903,0.008732
GOLD,2024-09-17,A,1,1,1,989,close,0.13259,0.008047
GOLD,2024-09-17,B,-1,1,1,436,stop,-1.24854,0.008047
GOLD,2024-09-17,Bmirror,1,1,1,436,stop,-1.24854,0.008047
GOLD,2024-09-18,A,1,1,-1,1222,target,0.69085,0.008090
GOLD,2024-09-18,A,-1,1,-1,1140,target,0.69026,0.008090
GOLD,2024-09-18,B,1,1,-1,890,stop,-1.24721,0.008090
GOLD,2024-09-18,Bmirror,-1,1,-1,890,stop,-1.24721,0.008090
GOLD,2024-09-19,A,-1,1,-1,418,stop,-1.05043,0.007978
GOLD,2024-09-19,B,-1,1,-1,191,stop,-1.25068,0.007978
GOLD,2024-09-19,Bmirror,1,1,-1,191,target,12.14932,0.007978
GOLD,2024-09-20,A,-1,1,1,469,stop,-1.04893,0.008224
GOLD,2024-09-23,B,1,1,-1,495,stop,-1.26785,0.007467
GOLD,2024-09-23,Bmirror,-1,1,-1,495,stop,-1.26785,0.007467
GOLD,2024-09-24,A,-1,1,1,944,stop,-1.05390,0.007462
GOLD,2024-09-24,B,1,1,1,417,stop,-1.26804,0.007462
GOLD,2024-09-24,Bmirror,-1,1,1,417,stop,-1.26804,0.007462
GOLD,2024-09-25,B,1,1,1,320,stop,-1.25783,0.007757
GOLD,2024-09-25,Bmirror,-1,1,1,320,stop,-1.25783,0.007757
GOLD,2024-09-26,A,-1,1,-1,680,stop,-1.05186,0.007757
GOLD,2024-09-26,B,1,1,-1,890,stop,-1.25782,0.007757
GOLD,2024-09-26,Bmirror,-1,1,-1,890,stop,-1.25782,0.007757
GOLD,2024-09-27,A,1,1,1,923,stop,-1.05510,0.007221
GOLD,2024-09-27,B,-1,1,1,826,target,12.12303,0.007221
GOLD,2024-09-27,Bmirror,1,1,1,826,stop,-1.27697,0.007221
GOLD,2024-09-30,A,1,1,1,169,target,0.68424,0.007136
GOLD,2024-10-01,A,-1,1,-1,667,stop,-1.05297,0.007594
GOLD,2024-10-02,A,1,1,1,396,target,0.68903,0.007803
GOLD,2024-10-02,B,-1,1,1,905,close,1.39006,0.007803
GOLD,2024-10-02,Bmirror,1,1,1,905,stop,-1.25631,0.007803
GOLD,2024-10-03,A,1,1,-1,532,target,0.68752,0.007579
GOLD,2024-10-03,B,-1,1,-1,1059,stop,-1.26389,0.007579
GOLD,2024-10-03,Bmirror,1,1,-1,1059,stop,-1.26389,0.007579
GOLD,2024-10-04,A,1,1,-1,810,target,0.68745,0.007569
GOLD,2024-10-04,B,1,1,-1,805,stop,-1.26423,0.007569
GOLD,2024-10-04,Bmirror,-1,1,-1,805,stop,-1.26423,0.007569
GOLD,2024-10-07,B,-1,1,-1,530,stop,-1.27137,0.007370
GOLD,2024-10-07,Bmirror,1,1,-1,530,stop,-1.27137,0.007370
GOLD,2024-10-08,A,1,1,-1,561,target,0.68607,0.007377
GOLD,2024-10-08,B,-1,1,-1,283,stop,-1.27111,0.007377
GOLD,2024-10-08,Bmirror,1,1,-1,283,stop,-1.27111,0.007377
GOLD,2024-10-09,A,1,1,-1,878,target,0.68802,0.007652
GOLD,2024-10-09,B,-1,1,-1,720,close,6.85571,0.007652
GOLD,2024-10-09,Bmirror,1,1,-1,720,stop,-1.26137,0.007652
GOLD,2024-10-10,A,-1,1,-1,812,target,0.68828,0.007778
GOLD,2024-10-10,B,1,1,-1,810,stop,-1.25714,0.007778
GOLD,2024-10-10,Bmirror,-1,1,-1,810,stop,-1.25714,0.007778
GOLD,2024-10-11,A,-1,1,1,228,stop,-1.05195,0.007744
GOLD,2024-10-14,A,-1,1,-1,447,target,0.68837,0.007793
GOLD,2024-10-14,B,1,1,-1,800,stop,-1.25665,0.007793
GOLD,2024-10-14,Bmirror,-1,1,-1,800,stop,-1.25665,0.007793
GOLD,2024-10-15,A,-1,1,-1,1023,close,0.21098,0.007795
GOLD,2024-10-15,B,-1,1,-1,482,stop,-1.25656,0.007795
GOLD,2024-10-15,Bmirror,1,1,-1,482,stop,-1.25656,0.007795
GOLD,2024-10-16,A,-1,1,1,449,target,0.68846,0.007806
GOLD,2024-10-17,A,-1,1,1,894,close,-0.41153,0.007789
GOLD,2024-10-17,B,1,1,1,811,close,8.94266,0.007789
GOLD,2024-10-17,Bmirror,-1,1,1,811,stop,-1.25676,0.007789
GOLD,2024-10-18,A,-1,1,1,182,stop,-1.05646,0.007122
GOLD,2024-10-21,A,-1,1,1,808,target,0.68449,0.007244
GOLD,2024-10-21,B,1,1,1,429,stop,-1.27609,0.007244
GOLD,2024-10-21,Bmirror,-1,1,1,429,stop,-1.27609,0.007244
GOLD,2024-10-22,A,-1,1,-1,319,stop,-1.05534,0.007268
GOLD,2024-10-23,A,1,1,1,859,target,0.68561,0.007315
GOLD,2024-10-23,B,-1,1,1,309,stop,-1.27341,0.007315
GOLD,2024-10-23,Bmirror,1,1,1,309,stop,-1.27341,0.007315
GOLD,2024-10-24,A,-1,1,-1,450,target,0.68764,0.007683
GOLD,2024-10-25,A,1,1,1,579,target,0.68685,0.007485
GOLD,2024-10-25,B,-1,1,1,910,stop,-1.26721,0.007485
GOLD,2024-10-25,Bmirror,1,1,1,910,close,5.85203,0.007485
GOLD,2024-10-28,B,-1,1,-1,327,stop,-1.27832,0.007186
GOLD,2024-10-28,Bmirror,1,1,-1,327,stop,-1.27832,0.007186
GOLD,2024-10-29,A,-1,1,1,817,stop,-1.05592,0.007191
GOLD,2024-10-30,A,-1,1,1,406,target,0.68363,0.007133
GOLD,2024-10-30,B,1,1,1,735,stop,-1.28039,0.007133
GOLD,2024-10-30,Bmirror,-1,1,1,735,stop,-1.28039,0.007133
GOLD,2024-10-31,A,1,1,1,781,stop,-1.05574,0.007138
GOLD,2024-11-01,B,1,1,-1,634,stop,-1.25665,0.007793
GOLD,2024-11-01,Bmirror,-1,1,-1,634,stop,-1.25665,0.007793
GOLD,2024-11-04,B,1,1,1,877,stop,-1.25810,0.007749
GOLD,2024-11-04,Bmirror,-1,1,1,877,stop,-1.25810,0.007749
GOLD,2024-11-05,B,-1,1,-1,256,stop,-1.27178,0.007359
GOLD,2024-11-05,Bmirror,1,1,-1,256,stop,-1.27178,0.007359
GOLD,2024-11-06,A,1,1,1,209,target,0.68410,0.007118
GOLD,2024-11-06,B,-1,1,1,102,stop,-1.28099,0.007118
GOLD,2024-11-06,Bmirror,1,1,1,102,stop,-1.28099,0.007118
GOLD,2024-11-07,A,1,1,-1,80,target,0.69888,0.009657
GOLD,2024-11-07,A,-1,1,-1,804,stop,-1.04172,0.009657
GOLD,2024-11-07,B,-1,1,-1,440,stop,-1.20710,0.009657
GOLD,2024-11-07,Bmirror,1,1,-1,440,stop,-1.20710,0.009657
GOLD,2024-11-08,A,1,1,1,390,target,0.70111,0.010208
GOLD,2024-11-11,A,1,-1,1,561,target,0.70173,0.010372
GOLD,2024-11-12,A,1,-1,-1,444,target,0.70545,0.011478
GOLD,2024-11-13,A,1,-1,-1,1203,close,-0.30484,0.011518
GOLD,2024-11-13,B,1,-1,-1,901,stop,-1.17364,0.011518
GOLD,2024-11-13,Bmirror,-1,-1,-1,901,stop,-1.17364,0.011518
GOLD,2024-11-14,A,1,-1,-1,570,target,0.70608,0.011691
GOLD,2024-11-14,B,-1,-1,-1,925,stop,-1.17107,0.011691
GOLD,2024-11-14,Bmirror,1,-1,-1,925,stop,-1.17107,0.011691
GOLD,2024-11-15,B,-1,-1,-1,521,stop,-1.17291,0.011567
GOLD,2024-11-15,Bmirror,1,-1,-1,521,stop,-1.17291,0.011567
GOLD,2024-11-18,A,-1,-1,1,85,target,0.70436,0.011319
GOLD,2024-11-19,A,-1,-1,1,630,target,0.70598,0.011860
GOLD,2024-11-20,B,-1,-1,1,788,stop,-1.16713,0.011967
GOLD,2024-11-20,Bmirror,1,-1,1,788,close,4.68477,0.011967
GOLD,2024-11-22,A,-1,-1,1,416,stop,-1.03364,0.011995
GOLD,2024-11-25,A,1,-1,1,94,stop,-1.03208,0.012355
GOLD,2024-11-26,A,-1,-1,-1,785,target,0.71311,0.015039
GOLD,2024-11-28,B,-1,-1,1,404,stop,-1.13449,0.014870
GOLD,2024-11-28,Bmirror,1,-1,1,404,close,-0.02740,0.014870
GOLD,2024-12-02,B,-1,-1,-1,695,stop,-1.13533,0.014779
GOLD,2024-12-02,Bmirror,1,-1,-1,695,stop,-1.13533,0.014779
GOLD,2024-12-06,B,-1,1,-1,203,stop,-1.13998,0.014288
GOLD,2024-12-06,Bmirror,1,1,-1,203,stop,-1.13998,0.014288
GOLD,2024-12-09,A,-1,1,1,867,close,0.36667,0.014298
GOLD,2024-12-10,A,-1,1,1,881,close,-0.28321,0.014420
GOLD,2024-12-11,B,-1,1,1,346,stop,-1.13607,0.014698
GOLD,2024-12-11,Bmirror,1,1,1,346,stop,-1.13607,0.014698
GOLD,2024-12-12,A,1,1,1,850,close,-0.71464,0.013350
GOLD,2024-12-12,B,-1,1,1,432,close,10.67507,0.013350
GOLD,2024-12-12,Bmirror,1,1,1,432,stop,-1.14981,0.013350
GOLD,2024-12-13,A,1,1,-1,1086,close,-0.35276,0.013297
GOLD,2024-12-18,A,1,-1,-1,1145,stop,-1.03220,0.012310
GOLD,2024-12-19,A,-1,-1,-1,102,target,0.70902,0.013036
GOLD,2024-12-19,B,1,-1,-1,936,close,1.69001,0.013036
GOLD,2024-12-19,Bmirror,-1,-1,-1,936,stop,-1.15342,0.013036
GOLD,2024-12-20,A,-1,-1,1,900,close,-0.32285,0.013036
GOLD,2024-12-30,A,1,-1,1,933,close,0.28385,0.011989
GOLD,2024-12-31,A,-1,-1,-1,936,close,-0.15372,0.008455
GOLD,2024-12-31,B,1,-1,-1,797,close,7.69406,0.008455
GOLD,2024-12-31,Bmirror,-1,-1,-1,797,stop,-1.23653,0.008455
GOLD,2025-01-02,A,-1,-1,-1,618,stop,-1.04803,0.008379
GOLD,2025-01-03,A,1,-1,1,921,close,-0.16369,0.008828
GOLD,2025-01-06,A,1,-1,1,825,target,0.69538,0.008905
GOLD,2025-01-06,B,-1,-1,1,682,stop,-1.22458,0.008905
GOLD,2025-01-06,Bmirror,1,-1,1,682,stop,-1.22458,0.008905
GOLD,2025-01-07,A,-1,-1,-1,760,stop,-1.04516,0.008915
GOLD,2025-01-08,A,-1,-1,1,877,target,0.69525,0.008998
GOLD,2025-01-08,B,1,-1,1,1060,close,4.77090,0.008998
GOLD,2025-01-08,Bmirror,-1,-1,1,1060,stop,-1.22227,0.008998
GOLD,2025-01-10,A,-1,1,1,864,close,-0.17765,0.008941
GOLD,2025-01-10,B,1,1,1,810,stop,-1.22368,0.008941
GOLD,2025-01-10,Bmirror,-1,1,1,810,stop,-1.22368,0.008941
GOLD,2025-01-13,A,1,1,1,720,stop,-1.04395,0.009041
GOLD,2025-01-13,B,-1,1,1,391,target,12.17878,0.009041
GOLD,2025-01-13,Bmirror,1,1,1,391,stop,-1.22122,0.009041
GOLD,2025-01-15,A,-1,1,1,810,target,0.69361,0.008678
GOLD,2025-01-16,A,-1,1,1,810,stop,-1.04677,0.008606
GOLD,2025-01-17,B,-1,1,1,904,stop,-1.24486,0.008168
GOLD,2025-01-17,Bmirror,1,1,1,904,stop,-1.24486,0.008168
GOLD,2025-01-20,A,-1,1,-1,412,target,0.68848,0.007809
GOLD,2025-01-21,A,-1,1,1,180,target,0.68885,0.007866
GOLD,2025-01-22,A,-1,1,1,567,target,0.69104,0.008219
GOLD,2025-01-23,A,1,1,1,567,target,0.67782,0.006403
GOLD,2025-01-23,B,-1,1,1,1005,stop,-1.31237,0.006403
GOLD,2025-01-23,Bmirror,1,1,1,1005,stop,-1.31237,0.006403
GOLD,2025-01-24,A,-1,1,-1,131,stop,-1.06259,0.006421
GOLD,2025-01-27,A,1,1,-1,142,target,0.67549,0.006172
GOLD,2025-01-27,B,-1,1,-1,629,stop,-1.32405,0.006172
GOLD,2025-01-27,Bmirror,1,1,-1,629,stop,-1.32405,0.006172
GOLD,2025-01-28,A,-1,1,-1,870,stop,-1.06169,0.006515
GOLD,2025-01-28,B,-1,1,-1,542,stop,-1.30699,0.006515
GOLD,2025-01-28,Bmirror,1,1,-1,542,target,12.09301,0.006515
GOLD,2025-01-29,A,1,1,1,936,target,0.67995,0.006629
GOLD,2025-01-30,A,-1,1,-1,532,stop,-1.06046,0.006649
GOLD,2025-01-31,A,-1,1,1,898,target,0.68266,0.007012
GOLD,2025-01-31,B,1,1,1,1112,close,0.53331,0.007012
GOLD,2025-01-31,Bmirror,-1,1,1,1112,stop,-1.28522,0.007012
GOLD,2025-02-03,A,1,1,-1,116,target,0.68258,0.006931
GOLD,2025-02-03,A,-1,1,-1,759,stop,-1.05801,0.006931
GOLD,2025-02-03,B,-1,1,-1,494,stop,-1.28857,0.006931
GOLD,2025-02-03,Bmirror,1,1,-1,494,target,12.11143,0.006931
GOLD,2025-02-04,A,-1,1,1,800,stop,-1.05962,0.006743
GOLD,2025-02-04,B,1,1,1,308,stop,-1.29663,0.006743
GOLD,2025-02-04,Bmirror,-1,1,1,308,stop,-1.29663,0.006743
GOLD,2025-02-05,A,-1,1,1,253,stop,-1.05864,0.006856
GOLD,2025-02-05,B,1,1,1,92,target,12.10829,0.006856
GOLD,2025-02-05,Bmirror,-1,1,1,92,stop,-1.29171,0.006856
GOLD,2025-02-06,A,1,1,1,481,target,0.68303,0.006985
GOLD,2025-02-06,B,-1,1,1,723,target,12.11367,0.006985
GOLD,2025-02-06,Bmirror,1,1,1,723,stop,-1.28633,0.006985
GOLD,2025-02-07,A,-1,1,-1,864,stop,-1.05936,0.006772
GOLD,2025-02-07,B,1,1,-1,812,stop,-1.29533,0.006772
GOLD,2025-02-07,Bmirror,-1,1,-1,812,stop,-1.29533,0.006772
GOLD,2025-02-10,A,-1,1,1,365,stop,-1.06234,0.006447
GOLD,2025-02-10,B,1,1,1,90,target,12.08978,0.006447
GOLD,2025-02-10,Bmirror,-1,1,1,90,stop,-1.31022,0.006447
GOLD,2025-02-11,A,1,1,1,600,stop,-1.05658,0.007032
GOLD,2025-02-11,A,-1,1,1,112,target,0.68283,0.007032
GOLD,2025-02-11,B,1,1,1,159,stop,-1.28439,0.007032
GOLD,2025-02-11,Bmirror,-1,1,1,159,stop,-1.28439,0.007032
GOLD,2025-02-12,A,1,1,-1,633,stop,-1.05439,0.007314
GOLD,2025-02-12,B,-1,1,-1,1009,stop,-1.27343,0.007314
GOLD,2025-02-12,Bmirror,1,1,-1,1009,stop,-1.27343,0.007314
GOLD,2025-02-13,A,-1,1,1,323,target,0.68494,0.007304
GOLD,2025-02-14,A,1,1,1,849,target,0.68627,0.007404
GOLD,2025-02-14,B,1,1,1,707,stop,-1.27013,0.007404
GOLD,2025-02-14,Bmirror,-1,1,1,707,target,12.12987,0.007404
GOLD,2025-02-17,A,-1,1,-1,133,target,0.69239,0.008455
GOLD,2025-02-18,A,-1,1,1,761,stop,-1.04928,0.008166
GOLD,2025-02-19,B,-1,1,1,355,stop,-1.23847,0.008387
GOLD,2025-02-19,Bmirror,1,1,1,355,stop,-1.23847,0.008387
GOLD,2025-02-20,A,-1,1,1,457,target,0.69182,0.008354
GOLD,2025-02-20,B,1,1,1,827,stop,-1.23942,0.008354
GOLD,2025-02-20,Bmirror,-1,1,1,827,stop,-1.23942,0.008354
GOLD,2025-02-21,A,1,1,1,495,target,0.69210,0.008300
GOLD,2025-02-21,B,-1,1,1,1118,close,2.11393,0.008300
GOLD,2025-02-21,Bmirror,1,1,1,1118,stop,-1.24096,0.008300
GOLD,2025-02-24,A,-1,1,1,839,target,0.69074,0.008169
GOLD,2025-02-24,B,-1,1,1,163,stop,-1.24483,0.008169
GOLD,2025-02-24,Bmirror,1,1,1,163,stop,-1.24483,0.008169
GOLD,2025-02-25,A,1,1,1,470,target,0.69129,0.008162
GOLD,2025-02-26,A,1,1,-1,847,target,0.69247,0.008364
GOLD,2025-02-26,B,1,1,-1,116,stop,-1.23913,0.008364
GOLD,2025-02-26,Bmirror,-1,1,-1,116,stop,-1.23913,0.008364
GOLD,2025-02-27,A,1,1,1,273,stop,-1.04755,0.008361
GOLD,2025-02-28,A,1,1,-1,495,stop,-1.04378,0.009076
GOLD,2025-03-03,A,-1,1,1,999,target,0.69611,0.009175
GOLD,2025-03-03,B,-1,1,1,557,stop,-1.21799,0.009175
GOLD,2025-03-03,Bmirror,1,1,1,557,stop,-1.21799,0.009175
GOLD,2025-03-04,A,-1,1,1,499,stop,-1.04497,0.008954
GOLD,2025-03-05,A,1,1,1,830,target,0.69570,0.008970
GOLD,2025-03-05,B,-1,1,1,138,stop,-1.22297,0.008970
GOLD,2025-03-05,Bmirror,1,1,1,138,stop,-1.22297,0.008970
GOLD,2025-03-06,A,1,1,1,574,target,0.69561,0.008952
GOLD,2025-03-06,B,-1,1,1,900,stop,-1.22341,0.008952
GOLD,2025-03-06,Bmirror,1,1,1,900,stop,-1.22341,0.008952
GOLD,2025-03-07,A,-1,1,-1,900,target,0.69357,0.008671
GOLD,2025-03-07,B,-1,1,-1,321,stop,-1.23066,0.008671
GOLD,2025-03-07,Bmirror,1,1,-1,321,stop,-1.23066,0.008671
GOLD,2025-03-10,A,1,-1,1,539,target,0.69407,0.008654
GOLD,2025-03-11,A,-1,1,-1,493,stop,-1.04508,0.008932
GOLD,2025-03-12,A,-1,1,1,969,close,0.05644,0.008973
GOLD,2025-03-12,B,1,1,1,584,stop,-1.22288,0.008973
GOLD,2025-03-12,Bmirror,-1,1,1,584,stop,-1.22288,0.008973
GOLD,2025-03-13,A,-1,1,1,877,stop,-1.04528,0.008892
GOLD,2025-03-14,B,1,1,1,817,stop,-1.21280,0.009399
GOLD,2025-03-14,Bmirror,-1,1,1,817,stop,-1.21280,0.009399
GOLD,2025-03-17,B,1,1,1,734,stop,-1.21262,0.009406
GOLD,2025-03-17,Bmirror,-1,1,1,734,stop,-1.21262,0.009406
GOLD,2025-03-18,A,-1,1,1,486,stop,-1.04595,0.008762
GOLD,2025-03-19,A,-1,1,1,1150,target,0.69442,0.008832
GOLD,2025-03-19,B,1,1,1,490,stop,-1.22644,0.008832
GOLD,2025-03-19,Bmirror,-1,1,1,490,stop,-1.22644,0.008832
GOLD,2025-03-20,A,1,1,1,629,target,0.69526,0.008881
GOLD,2025-03-21,A,1,1,-1,330,target,0.69466,0.008765
GOLD,2025-03-24,A,1,1,1,905,target,0.69072,0.008068
GOLD,2025-03-24,B,-1,1,1,404,stop,-1.24788,0.008068
GOLD,2025-03-24,Bmirror,1,1,1,404,stop,-1.24788,0.008068
GOLD,2025-03-25,A,-1,1,-1,816,target,0.69032,0.008099
GOLD,2025-03-26,B,1,1,1,556,stop,-1.25687,0.007786
GOLD,2025-03-26,Bmirror,-1,1,1,556,stop,-1.25687,0.007786
GOLD,2025-03-27,A,-1,1,1,595,stop,-1.05166,0.007787
GOLD,2025-03-28,A,-1,1,1,119,stop,-1.04983,0.008075
GOLD,2025-03-31,A,-1,1,1,246,stop,-1.04894,0.008223
GOLD,2025-03-31,B,-1,1,1,146,stop,-1.24322,0.008223
GOLD,2025-03-31,Bmirror,1,1,1,146,target,12.15678,0.008223
GOLD,2025-04-01,A,1,1,1,1037,target,0.69274,0.008411
GOLD,2025-04-01,A,-1,1,1,207,target,0.69215,0.008411
GOLD,2025-04-01,B,1,1,1,1002,stop,-1.23779,0.008411
GOLD,2025-04-01,Bmirror,-1,1,1,1002,close,2.96410,0.008411
GOLD,2025-04-02,A,-1,1,-1,130,target,0.69003,0.008052
GOLD,2025-04-02,B,1,1,-1,393,stop,-1.24839,0.008052
GOLD,2025-04-02,Bmirror,-1,1,-1,393,stop,-1.24839,0.008052
GOLD,2025-04-03,A,1,1,1,391,stop,-1.04818,0.008252
GOLD,2025-04-03,A,-1,1,1,47,target,0.69123,0.008252
GOLD,2025-04-03,B,1,1,1,78,stop,-1.24238,0.008252
GOLD,2025-04-03,Bmirror,-1,1,1,78,stop,-1.24238,0.008252
GOLD,2025-04-04,A,1,1,-1,217,target,0.68905,0.007806
GOLD,2025-04-04,A,-1,1,-1,732,target,0.68846,0.007806
GOLD,2025-04-04,B,-1,1,-1,132,target,12.14378,0.007806
GOLD,2025-04-04,Bmirror,1,1,-1,132,stop,-1.25622,0.007806
GOLD,2025-04-07,A,1,1,-1,27,target,0.69971,0.009856
GOLD,2025-04-07,A,-1,1,-1,155,stop,-1.04088,0.009856
GOLD,2025-04-07,B,-1,1,-1,135,stop,-1.20292,0.009856
GOLD,2025-04-07,Bmirror,1,1,-1,135,stop,-1.20292,0.009856
GOLD,2025-04-08,A,-1,1,-1,439,target,0.69961,0.009977
GOLD,2025-04-08,B,1,1,-1,1062,stop,-1.20046,0.009977
GOLD,2025-04-08,Bmirror,-1,1,-1,1062,stop,-1.20046,0.009977
GOLD,2025-04-09,A,-1,-1,-1,167,stop,-1.04080,0.009875
GOLD,2025-04-09,B,-1,-1,-1,66,stop,-1.20253,0.009875
GOLD,2025-04-09,Bmirror,1,-1,-1,66,stop,-1.20253,0.009875
GOLD,2025-04-10,A,-1,1,1,189,stop,-1.03392,0.011896
GOLD,2025-04-10,B,1,1,1,156,target,12.23187,0.011896
GOLD,2025-04-10,Bmirror,-1,1,1,156,stop,-1.16813,0.011896
GOLD,2025-04-11,A,-1,1,1,561,stop,-1.02949,0.013700
GOLD,2025-04-11,B,1,1,1,404,target,12.25402,0.013700
GOLD,2025-04-11,Bmirror,-1,1,1,404,stop,-1.14598,0.013700
GOLD,2025-04-14,B,1,1,-1,545,stop,-1.14256,0.014029
GOLD,2025-04-14,Bmirror,-1,1,-1,545,stop,-1.14256,0.014029
GOLD,2025-04-15,B,1,1,-1,893,close,3.81972,0.013759
GOLD,2025-04-15,Bmirror,-1,1,-1,893,stop,-1.14536,0.013759
GOLD,2025-04-16,A,-1,1,1,125,target,0.71056,0.013727
GOLD,2025-04-17,A,1,1,1,575,target,0.71373,0.015057
GOLD,2025-04-21,A,-1,1,1,219,stop,-1.02697,0.014993
GOLD,2025-04-22,A,1,1,1,1046,close,-0.41141,0.015633
GOLD,2025-04-22,A,-1,1,1,225,stop,-1.02588,0.015633
GOLD,2025-04-22,B,1,1,1,831,stop,-1.12793,0.015633
GOLD,2025-04-22,Bmirror,-1,1,1,831,stop,-1.12793,0.015633
GOLD,2025-04-23,A,1,1,-1,878,close,0.06355,0.017269
GOLD,2025-04-23,A,-1,1,-1,115,target,0.71654,0.017269
GOLD,2025-04-23,B,1,1,-1,398,stop,-1.11581,0.017269
GOLD,2025-04-23,Bmirror,-1,1,-1,398,stop,-1.11581,0.017269
GOLD,2025-04-24,A,-1,1,-1,137,target,0.71658,0.017302
GOLD,2025-04-24,B,1,1,-1,906,close,6.82784,0.017302
GOLD,2025-04-24,Bmirror,-1,1,-1,906,stop,-1.11560,0.017302
GOLD,2025-04-25,A,1,1,1,299,stop,-1.02249,0.017555
GOLD,2025-04-28,B,-1,1,-1,922,stop,-1.11223,0.017820
GOLD,2025-04-28,Bmirror,1,1,-1,922,close,5.49205,0.017820
GOLD,2025-04-30,A,1,1,-1,659,target,0.71790,0.017858
GOLD,2025-04-30,B,-1,1,-1,879,close,5.13295,0.017858
GOLD,2025-04-30,Bmirror,1,1,-1,879,stop,-1.11199,0.017858
GOLD,2025-05-01,A,1,1,-1,280,close,0.24630,0.018206
GOLD,2025-05-02,B,1,1,-1,996,stop,-1.10853,0.018428
GOLD,2025-05-02,Bmirror,-1,1,-1,996,close,-0.60879,0.018428
GOLD,2025-05-05,A,-1,1,-1,600,stop,-1.02220,0.018258
GOLD,2025-05-06,A,-1,1,1,162,target,0.71871,0.019057
GOLD,2025-05-08,A,1,1,-1,468,target,0.71943,0.019167
GOLD,2025-05-08,B,1,1,-1,409,stop,-1.10435,0.019167
GOLD,2025-05-08,Bmirror,-1,1,-1,409,target,12.29565,0.019167
GOLD,2025-05-09,A,1,1,-1,192,target,0.71965,0.019378
GOLD,2025-05-09,B,-1,1,-1,356,stop,-1.10321,0.019378
GOLD,2025-05-09,Bmirror,1,1,-1,356,stop,-1.10321,0.019378
GOLD,2025-05-12,A,1,-1,-1,507,close,0.23137,0.018714
GOLD,2025-05-13,B,1,-1,-1,880,stop,-1.10638,0.018800
GOLD,2025-05-13,Bmirror,-1,-1,-1,880,stop,-1.10638,0.018800
GOLD,2025-05-14,A,1,-1,1,797,stop,-1.02111,0.018685
GOLD,2025-05-15,A,1,-1,-1,353,target,0.71968,0.019399
GOLD,2025-05-15,A,-1,-1,-1,1086,close,-0.39479,0.019399
GOLD,2025-05-15,B,-1,-1,-1,785,stop,-1.10310,0.019399
GOLD,2025-05-15,Bmirror,1,-1,-1,785,close,9.16628,0.019399
GOLD,2025-05-16,A,1,-1,1,501,stop,-1.02105,0.018737
GOLD,2025-05-19,B,-1,-1,1,586,stop,-1.11450,0.017468
GOLD,2025-05-19,Bmirror,1,-1,1,586,stop,-1.11450,0.017468
GOLD,2025-05-20,A,-1,-1,-1,904,close,-0.77389,0.017453
GOLD,2025-05-20,B,-1,-1,-1,579,stop,-1.11460,0.017453
GOLD,2025-05-20,Bmirror,1,-1,-1,579,close,11.03876,0.017453
GOLD,2025-05-21,B,1,-1,1,808,stop,-1.11112,0.017999
GOLD,2025-05-21,Bmirror,-1,-1,1,808,stop,-1.11112,0.017999
GOLD,2025-05-22,B,1,-1,1,567,stop,-1.11140,0.017954
GOLD,2025-05-22,Bmirror,-1,-1,1,567,close,3.76778,0.017954
GOLD,2025-05-23,A,-1,-1,-1,767,stop,-1.02445,0.016563
GOLD,2025-05-27,A,1,1,1,466,close,-0.29418,0.016036
GOLD,2025-05-28,B,1,1,-1,880,stop,-1.13361,0.014968
GOLD,2025-05-28,Bmirror,-1,1,-1,880,stop,-1.13361,0.014968
GOLD,2025-05-29,A,1,-1,-1,44,target,0.71355,0.014958
GOLD,2025-05-29,A,-1,-1,-1,1024,close,0.19674,0.014958
GOLD,2025-05-29,B,-1,-1,-1,537,stop,-1.13371,0.014958
GOLD,2025-05-29,Bmirror,1,-1,-1,537,stop,-1.13371,0.014958
GOLD,2025-05-30,A,1,-1,1,895,close,0.42898,0.014595
GOLD,2025-06-02,A,-1,-1,1,486,stop,-1.02799,0.014444
GOLD,2025-06-03,A,1,1,1,463,close,0.02073,0.015134
GOLD,2025-06-05,B,1,1,1,842,stop,-1.13378,0.014949
GOLD,2025-06-05,Bmirror,-1,1,1,842,stop,-1.13378,0.014949
GOLD,2025-06-06,A,1,1,-1,920,close,-0.52787,0.014767
GOLD,2025-06-09,B,-1,1,1,404,stop,-1.13210,0.015140
GOLD,2025-06-09,Bmirror,1,1,1,404,close,2.01789,0.015140
GOLD,2025-06-10,B,-1,1,1,438,stop,-1.14304,0.013982
GOLD,2025-06-10,Bmirror,1,1,1,438,close,-0.31196,0.013982
GOLD,2025-06-11,A,-1,1,1,815,target,0.71027,0.013588
GOLD,2025-06-11,B,1,1,1,1101,stop,-1.14718,0.013588
GOLD,2025-06-11,Bmirror,-1,1,1,1101,stop,-1.14718,0.013588
GOLD,2025-06-12,B,-1,1,1,677,stop,-1.14414,0.013875
GOLD,2025-06-12,Bmirror,1,1,1,677,close,3.61446,0.013875
GOLD,2025-06-13,A,-1,1,1,113,stop,-1.02976,0.013575
GOLD,2025-06-16,A,1,1,1,447,stop,-1.02956,0.013396
GOLD,2025-06-17,B,-1,1,-1,353,stop,-1.14727,0.013581
GOLD,2025-06-17,Bmirror,1,1,-1,353,stop,-1.14727,0.013581
GOLD,2025-06-18,B,-1,1,-1,283,stop,-1.14749,0.013561
GOLD,2025-06-18,Bmirror,1,1,-1,283,stop,-1.14749,0.013561
GOLD,2025-06-19,B,-1,1,-1,682,close,0.98702,0.012622
GOLD,2025-06-19,Bmirror,1,1,-1,682,stop,-1.15845,0.012622
GOLD,2025-06-20,B,-1,1,-1,885,stop,-1.16749,0.011941
GOLD,2025-06-20,Bmirror,1,1,-1,885,close,0.57022,0.011941
GOLD,2025-06-23,A,1,1,1,395,target,0.70486,0.011287
GOLD,2025-06-23,B,-1,1,1,741,stop,-1.17720,0.011287
GOLD,2025-06-23,Bmirror,1,1,1,741,stop,-1.17720,0.011287
GOLD,2025-06-24,A,1,1,-1,414,stop,-1.03487,0.011374
GOLD,2025-06-24,B,-1,1,-1,273,target,12.22417,0.011374
GOLD,2025-06-24,Bmirror,1,1,-1,273,stop,-1.17583,0.011374
GOLD,2025-06-25,B,1,1,-1,635,stop,-1.18610,0.010747
GOLD,2025-06-25,Bmirror,-1,1,-1,635,stop,-1.18610,0.010747
GOLD,2025-06-26,B,1,-1,1,762,stop,-1.18713,0.010687
GOLD,2025-06-26,Bmirror,-1,-1,1,762,stop,-1.18713,0.010687
GOLD,2025-06-27,A,1,-1,-1,293,stop,-1.03733,0.010632
GOLD,2025-06-30,A,-1,-1,-1,385,target,0.70093,0.010315
GOLD,2025-07-01,A,-1,1,1,496,stop,-1.03734,0.010797
GOLD,2025-07-02,B,-1,1,1,290,stop,-1.18883,0.010591
GOLD,2025-07-02,Bmirror,1,1,1,290,stop,-1.18883,0.010591
GOLD,2025-07-03,A,1,1,1,810,stop,-1.03748,0.010588
GOLD,2025-07-03,B,-1,1,1,423,target,12.21111,0.010588
GOLD,2025-07-03,Bmirror,1,1,1,423,stop,-1.18889,0.010588
GOLD,2025-07-07,A,1,-1,-1,141,target,0.70205,0.010459
GOLD,2025-07-07,B,-1,-1,-1,1105,stop,-1.19122,0.010459
GOLD,2025-07-07,Bmirror,1,-1,-1,1105,stop,-1.19122,0.010459
GOLD,2025-07-08,A,1,-1,1,889,stop,-1.04297,0.009245
GOLD,2025-07-09,B,-1,-1,-1,893,stop,-1.21432,0.009332
GOLD,2025-07-09,Bmirror,1,-1,-1,893,close,3.69174,0.009332
GOLD,2025-07-11,A,-1,-1,1,699,stop,-1.04323,0.009317
GOLD,2025-07-14,A,1,1,1,922,close,-0.26023,0.009035
GOLD,2025-07-14,B,-1,1,1,475,stop,-1.22137,0.009035
GOLD,2025-07-14,Bmirror,1,1,1,475,stop,-1.22137,0.009035
GOLD,2025-07-15,A,1,-1,-1,1033,close,0.07453,0.009161
GOLD,2025-07-15,B,1,-1,-1,854,stop,-1.21832,0.009161
GOLD,2025-07-15,Bmirror,-1,-1,-1,854,stop,-1.21832,0.009161
GOLD,2025-07-16,A,-1,-1,-1,966,stop,-1.04356,0.009246
GOLD,2025-07-16,B,1,-1,-1,883,stop,-1.21632,0.009246
GOLD,2025-07-16,Bmirror,-1,-1,-1,883,stop,-1.21632,0.009246
GOLD,2025-07-17,A,1,-1,1,526,stop,-1.04454,0.008922
GOLD,2025-07-18,B,-1,1,-1,486,stop,-1.22537,0.008874
GOLD,2025-07-18,Bmirror,1,1,-1,486,close,2.05982,0.008874
GOLD,2025-07-21,A,-1,1,-1,388,stop,-1.04900,0.008213
GOLD,2025-07-22,A,-1,1,1,924,close,-0.82974,0.008281
GOLD,2025-07-22,B,-1,1,1,803,stop,-1.24151,0.008281
GOLD,2025-07-22,Bmirror,1,1,1,803,close,11.06420,0.008281
GOLD,2025-07-23,A,1,1,1,874,target,0.69294,0.008446
GOLD,2025-07-23,B,1,1,1,120,stop,-1.23679,0.008446
GOLD,2025-07-23,Bmirror,-1,1,1,120,stop,-1.23679,0.008446
GOLD,2025-07-24,A,1,1,-1,618,target,0.69480,0.008792
GOLD,2025-07-25,A,1,1,-1,569,stop,-1.04492,0.008847
GOLD,2025-07-28,A,1,1,-1,894,target,0.69606,0.009043
GOLD,2025-07-28,B,1,1,-1,806,stop,-1.22117,0.009043
GOLD,2025-07-28,Bmirror,-1,1,-1,806,close,4.81555,0.009043
GOLD,2025-07-29,B,1,-1,-1,872,close,3.81425,0.008975
GOLD,2025-07-29,Bmirror,-1,-1,-1,872,stop,-1.22284,0.008975
GOLD,2025-07-30,A,1,-1,1,868,stop,-1.04534,0.008764
GOLD,2025-07-31,A,-1,-1,-1,418,target,0.69650,0.009259
GOLD,2025-08-01,A,-1,-1,1,811,stop,-1.04329,0.009304
GOLD,2025-08-01,B,-1,-1,1,251,stop,-1.21496,0.009304
GOLD,2025-08-01,Bmirror,1,-1,1,251,stop,-1.21496,0.009304
GOLD,2025-08-04,A,-1,1,-1,892,target,0.69854,0.009718
GOLD,2025-08-04,B,-1,1,-1,291,stop,-1.20580,0.009718
GOLD,2025-08-04,Bmirror,1,1,-1,291,stop,-1.20580,0.009718
GOLD,2025-08-05,A,1,1,1,720,target,0.69731,0.009306
GOLD,2025-08-05,B,-1,1,1,873,stop,-1.21491,0.009306
GOLD,2025-08-05,Bmirror,1,1,1,873,stop,-1.21491,0.009306
GOLD,2025-08-06,B,-1,1,1,960,close,3.20362,0.009128
GOLD,2025-08-06,Bmirror,1,1,1,960,stop,-1.21909,0.009128
GOLD,2025-08-07,A,-1,1,-1,512,target,0.69556,0.009060
GOLD,2025-08-07,B,1,1,-1,410,close,7.82491,0.009060
GOLD,2025-08-07,Bmirror,-1,1,-1,410,stop,-1.22074,0.009060
GOLD,2025-08-08,A,1,1,1,135,target,0.69596,0.009021
GOLD,2025-08-11,A,1,1,-1,128,stop,-1.04397,0.009036
GOLD,2025-08-12,B,-1,-1,-1,982,stop,-1.20950,0.009547
GOLD,2025-08-12,Bmirror,1,-1,-1,982,close,0.10343,0.009547
GOLD,2025-08-13,B,1,1,1,1166,close,1.44487,0.009212
GOLD,2025-08-13,Bmirror,-1,1,1,1166,stop,-1.21710,0.009212
GOLD,2025-08-14,A,1,-1,1,911,target,0.69662,0.009158
GOLD,2025-08-14,B,1,-1,1,257,stop,-1.21839,0.009158
GOLD,2025-08-14,Bmirror,-1,-1,1,257,stop,-1.21839,0.009158
GOLD,2025-08-15,B,1,-1,-1,891,close,0.48368,0.009293
GOLD,2025-08-15,Bmirror,-1,-1,-1,891,stop,-1.21522,0.009293
GOLD,2025-08-18,A,-1,-1,-1,348,target,0.69532,0.009012
GOLD,2025-08-18,B,1,-1,-1,900,stop,-1.22192,0.009012
GOLD,2025-08-18,Bmirror,-1,-1,-1,900,stop,-1.22192,0.009012
GOLD,2025-08-20,A,-1,-1,-1,810,close,-0.71325,0.008881
GOLD,2025-08-21,A,1,1,1,721,target,0.69589,0.009008
GOLD,2025-08-22,A,-1,1,-1,916,stop,-1.04462,0.009025
GOLD,2025-08-22,B,-1,1,-1,900,stop,-1.22161,0.009025
GOLD,2025-08-22,Bmirror,1,1,-1,900,stop,-1.22161,0.009025
GOLD,2025-08-26,A,-1,1,-1,116,target,0.69342,0.008643
GOLD,2025-08-26,B,-1,1,-1,72,stop,-1.23141,0.008643
GOLD,2025-08-26,Bmirror,1,1,-1,72,close,9.92323,0.008643
GOLD,2025-08-27,B,-1,1,1,1045,stop,-1.23185,0.008626
GOLD,2025-08-27,Bmirror,1,1,1,1045,close,2.06890,0.008626
GOLD,2025-08-28,A,-1,1,1,1050,close,-0.07865,0.008256
GOLD,2025-08-28,B,-1,1,1,481,stop,-1.24226,0.008256
GOLD,2025-08-28,Bmirror,1,1,1,481,close,7.30726,0.008256
GOLD,2025-08-29,A,-1,1,1,930,stop,-1.04871,0.008262
GOLD,2025-08-29,B,-1,1,1,837,stop,-1.24206,0.008262
GOLD,2025-08-29,Bmirror,1,1,1,837,stop,-1.24206,0.008262
GOLD,2025-09-01,A,-1,1,1,188,target,0.69046,0.008123
GOLD,2025-09-01,B,-1,1,1,168,stop,-1.24622,0.008123
GOLD,2025-09-01,Bmirror,1,1,1,168,target,12.15378,0.008123
GOLD,2025-09-02,A,-1,1,1,148,target,0.69044,0.008119
GOLD,2025-09-02,B,1,1,1,533,stop,-1.24634,0.008119
GOLD,2025-09-02,Bmirror,-1,1,1,533,stop,-1.24634,0.008119
GOLD,2025-09-03,A,-1,1,1,841,stop,-1.04674,0.008612
GOLD,2025-09-03,B,1,1,1,415,target,12.16778,0.008612
GOLD,2025-09-03,Bmirror,-1,1,1,415,stop,-1.23222,0.008612
GOLD,2025-09-04,A,1,1,1,197,stop,-1.05011,0.007936
GOLD,2025-09-05,A,-1,1,-1,810,stop,-1.04956,0.008120
GOLD,2025-09-08,A,-1,1,1,514,stop,-1.05392,0.007459
GOLD,2025-09-08,B,-1,1,1,420,stop,-1.26811,0.007459
GOLD,2025-09-08,Bmirror,1,1,1,420,stop,-1.26811,0.007459
GOLD,2025-09-09,A,-1,1,1,189,target,0.68732,0.007637
GOLD,2025-09-09,B,1,1,1,976,stop,-1.26190,0.007637
GOLD,2025-09-09,Bmirror,-1,1,1,976,stop,-1.26190,0.007637
GOLD,2025-09-10,A,-1,1,1,653,target,0.68732,0.007636
GOLD,2025-09-10,B,-1,1,1,192,stop,-1.26193,0.007636
GOLD,2025-09-10,Bmirror,1,1,1,192,stop,-1.26193,0.007636
GOLD,2025-09-11,A,1,1,1,614,target,0.68747,0.007572
GOLD,2025-09-11,B,-1,1,1,812,stop,-1.26415,0.007572
GOLD,2025-09-11,Bmirror,1,1,1,812,stop,-1.26415,0.007572
GOLD,2025-09-12,A,-1,1,-1,331,target,0.68595,0.007442
GOLD,2025-09-15,A,-1,1,-1,880,stop,-1.05456,0.007371
GOLD,2025-09-15,B,-1,1,-1,196,stop,-1.27133,0.007371
GOLD,2025-09-15,Bmirror,1,1,-1,196,stop,-1.27133,0.007371
GOLD,2025-09-16,A,-1,1,1,556,target,0.67921,0.006612
GOLD,2025-09-16,B,1,1,1,135,stop,-1.30247,0.006612
GOLD,2025-09-16,Bmirror,-1,1,1,135,stop,-1.30247,0.006612
GOLD,2025-09-17,A,1,1,1,454,stop,-1.06035,0.006596
GOLD,2025-09-17,B,-1,1,1,1140,stop,-1.30323,0.006596
GOLD,2025-09-17,Bmirror,1,1,1,1140,stop,-1.30323,0.006596
GOLD,2025-09-18,A,1,1,-1,425,target,0.68313,0.006997
GOLD,2025-09-18,B,-1,1,-1,194,stop,-1.28584,0.006997
GOLD,2025-09-18,Bmirror,1,1,-1,194,stop,-1.28584,0.006997
GOLD,2025-09-19,A,-1,1,-1,307,target,0.68200,0.006932
GOLD,2025-09-19,B,1,1,-1,170,stop,-1.28850,0.006932
GOLD,2025-09-19,Bmirror,-1,1,-1,170,stop,-1.28850,0.006932
GOLD,2025-09-22,A,-1,1,1,454,stop,-1.05623,0.007151
GOLD,2025-09-23,A,-1,1,1,571,stop,-1.05405,0.007441
GOLD,2025-09-23,B,1,1,1,210,stop,-1.26878,0.007441
GOLD,2025-09-23,Bmirror,-1,1,1,210,stop,-1.26878,0.007441
GOLD,2025-09-24,A,1,1,1,995,stop,-1.05529,0.007196
GOLD,2025-09-24,B,-1,1,1,284,stop,-1.27795,0.007196
GOLD,2025-09-24,Bmirror,1,1,1,284,stop,-1.27795,0.007196
GOLD,2025-09-25,B,1,1,-1,133,stop,-1.26941,0.007424
GOLD,2025-09-25,Bmirror,-1,1,-1,133,stop,-1.26941,0.007424
GOLD,2025-09-26,A,-1,1,1,903,stop,-1.05522,0.007282
GOLD,2025-09-26,B,-1,1,1,62,stop,-1.27464,0.007282
GOLD,2025-09-26,Bmirror,1,1,1,62,stop,-1.27464,0.007282
GOLD,2025-09-29,A,-1,1,1,199,stop,-1.05659,0.007105
GOLD,2025-09-29,B,1,1,1,144,target,12.11852,0.007105
GOLD,2025-09-29,Bmirror,-1,1,1,144,stop,-1.28148,0.007105
GOLD,2025-09-30,A,1,1,1,577,target,0.68668,0.007460
GOLD,2025-09-30,A,-1,1,1,181,stop,-1.05392,0.007460
GOLD,2025-09-30,B,1,1,1,560,stop,-1.26810,0.007460
GOLD,2025-09-30,Bmirror,-1,1,1,560,target,12.13190,0.007460
GOLD,2025-10-01,A,-1,1,1,541,target,0.68603,0.007453
GOLD,2025-10-01,B,1,1,1,234,stop,-1.26836,0.007453
GOLD,2025-10-01,Bmirror,-1,1,1,234,stop,-1.26836,0.007453
GOLD,2025-10-02,A,1,1,1,942,stop,-1.05325,0.007470
GOLD,2025-10-02,A,-1,1,1,683,target,0.68615,0.007470
GOLD,2025-10-02,B,1,1,1,478,stop,-1.26775,0.007470
GOLD,2025-10-02,Bmirror,-1,1,1,478,stop,-1.26775,0.007470
GOLD,2025-10-03,A,-1,1,-1,859,target,0.68671,0.007549
GOLD,2025-10-03,B,-1,1,-1,391,stop,-1.26495,0.007549
GOLD,2025-10-03,Bmirror,1,1,-1,391,stop,-1.26495,0.007549
GOLD,2025-10-06,A,-1,1,1,180,stop,-1.05373,0.007485
GOLD,2025-10-06,B,1,1,1,84,target,12.13281,0.007485
GOLD,2025-10-06,Bmirror,-1,1,1,84,stop,-1.26719,0.007485
GOLD,2025-10-07,A,-1,1,1,936,target,0.68902,0.007891
GOLD,2025-10-07,B,1,1,1,107,stop,-1.25344,0.007891
GOLD,2025-10-07,Bmirror,-1,1,1,107,stop,-1.25344,0.007891
GOLD,2025-10-08,A,-1,1,1,239,stop,-1.05336,0.007538
GOLD,2025-10-09,A,1,1,1,1054,stop,-1.05299,0.007506
GOLD,2025-10-09,A,-1,1,1,719,target,0.68642,0.007506
GOLD,2025-10-09,B,-1,1,1,79,stop,-1.26644,0.007506
GOLD,2025-10-09,Bmirror,1,1,1,79,stop,-1.26644,0.007506
GOLD,2025-10-10,A,1,1,-1,313,target,0.68986,0.007931
GOLD,2025-10-10,A,-1,1,-1,612,target,0.68927,0.007931
GOLD,2025-10-10,B,1,1,-1,156,stop,-1.25218,0.007931
GOLD,2025-10-10,Bmirror,-1,1,-1,156,stop,-1.25218,0.007931
GOLD,2025-10-13,A,-1,1,1,369,stop,-1.05141,0.007826
GOLD,2025-10-13,B,1,1,1,14,stop,-1.25555,0.007826
GOLD,2025-10-13,Bmirror,-1,1,1,14,stop,-1.25555,0.007826
GOLD,2025-10-14,A,-1,1,1,132,stop,-1.04880,0.008247
GOLD,2025-10-14,B,1,1,1,409,stop,-1.24252,0.008247
GOLD,2025-10-14,Bmirror,-1,1,1,409,stop,-1.24252,0.008247
GOLD,2025-10-15,A,-1,1,1,132,target,0.69168,0.008330
GOLD,2025-10-16,A,-1,1,1,239,target,0.69257,0.008487
GOLD,2025-10-16,B,1,1,1,119,stop,-1.23566,0.008487
GOLD,2025-10-16,Bmirror,-1,1,1,119,stop,-1.23566,0.008487
GOLD,2025-10-17,A,1,1,1,158,stop,-1.03965,0.010015
GOLD,2025-10-17,A,-1,1,1,51,target,0.69976,0.010015
GOLD,2025-10-17,B,1,1,1,123,stop,-1.19971,0.010015
GOLD,2025-10-17,Bmirror,-1,1,1,123,stop,-1.19971,0.010015
GOLD,2025-10-20,A,1,1,1,86,target,0.70559,0.011525
GOLD,2025-10-20,A,-1,1,1,799,stop,-1.03500,0.011525
GOLD,2025-10-20,B,-1,1,1,136,stop,-1.17354,0.011525
GOLD,2025-10-20,Bmirror,1,1,1,136,stop,-1.17354,0.011525
GOLD,2025-10-21,A,1,1,1,391,stop,-1.03228,0.012279
GOLD,2025-10-22,A,1,1,-1,62,stop,-1.02186,0.018057
GOLD,2025-10-22,B,-1,1,-1,272,stop,-1.11076,0.018057
GOLD,2025-10-22,Bmirror,1,1,-1,272,stop,-1.11076,0.018057
GOLD,2025-10-23,B,-1,1,-1,413,stop,-1.11121,0.017985
GOLD,2025-10-23,Bmirror,1,1,-1,413,stop,-1.11121,0.017985
GOLD,2025-10-24,A,1,1,1,550,target,0.71789,0.017855
GOLD,2025-10-24,B,1,1,1,171,stop,-1.11201,0.017855
GOLD,2025-10-24,Bmirror,-1,1,1,171,stop,-1.11201,0.017855
GOLD,2025-10-27,A,1,1,-1,843,stop,-1.02182,0.018089
GOLD,2025-10-27,B,1,1,-1,242,stop,-1.11056,0.018089
GOLD,2025-10-27,Bmirror,-1,1,-1,242,stop,-1.11056,0.018089
GOLD,2025-10-28,A,1,1,-1,401,stop,-1.02146,0.018387
GOLD,2025-10-29,A,-1,1,-1,542,target,0.71807,0.018494
GOLD,2025-10-29,B,1,1,-1,1115,stop,-1.10815,0.018494
GOLD,2025-10-29,Bmirror,-1,1,-1,1115,stop,-1.10815,0.018494
GOLD,2025-10-30,A,-1,-1,-1,554,target,0.71801,0.018439
GOLD,2025-10-30,B,-1,-1,-1,261,stop,-1.10847,0.018439
GOLD,2025-10-30,Bmirror,1,-1,-1,261,close,9.71434,0.018439
GOLD,2025-10-31,A,1,1,1,974,target,0.71910,0.018867
GOLD,2025-11-04,A,1,-1,1,873,target,0.71907,0.018841
GOLD,2025-11-04,B,-1,-1,1,481,close,8.55875,0.018841
GOLD,2025-11-04,Bmirror,1,-1,1,481,stop,-1.10615,0.018841
GOLD,2025-11-05,A,-1,-1,-1,1012,close,0.24992,0.019128
GOLD,2025-11-06,B,1,-1,1,1037,stop,-1.10402,0.019227
GOLD,2025-11-06,Bmirror,-1,-1,1,1037,stop,-1.10402,0.019227
GOLD,2025-11-10,A,-1,-1,1,355,stop,-1.02115,0.019180
GOLD,2025-11-12,A,-1,-1,1,1056,close,0.16708,0.019657
GOLD,2025-11-12,B,-1,-1,1,906,stop,-1.10175,0.019657
GOLD,2025-11-12,Bmirror,1,-1,1,906,close,6.35961,0.019657
GOLD,2025-11-13,B,1,-1,1,883,stop,-1.10137,0.019730
GOLD,2025-11-13,Bmirror,-1,-1,1,883,stop,-1.10137,0.019730
GOLD,2025-11-14,A,1,1,-1,732,stop,-1.02017,0.019541
GOLD,2025-11-17,A,1,-1,1,1175,close,0.22832,0.020147
GOLD,2025-11-18,B,-1,-1,-1,514,stop,-1.09987,0.020026
GOLD,2025-11-18,Bmirror,1,-1,-1,514,close,3.68409,0.020026
GOLD,2025-11-19,B,1,1,1,986,stop,-1.09994,0.020012
GOLD,2025-11-19,Bmirror,-1,1,1,986,stop,-1.09994,0.020012
GOLD,2025-11-20,A,1,1,1,139,target,0.72015,0.019859
GOLD,2025-11-20,B,-1,1,1,890,close,3.22685,0.019859
GOLD,2025-11-20,Bmirror,1,1,1,890,stop,-1.10071,0.019859
GOLD,2025-11-21,A,1,1,-1,483,target,0.71882,0.018621
GOLD,2025-11-21,B,-1,1,-1,835,stop,-1.10740,0.018621
GOLD,2025-11-21,Bmirror,1,1,-1,835,stop,-1.10740,0.018621
GOLD,2025-11-24,A,-1,1,1,1231,close,-0.13323,0.018159
GOLD,2025-11-24,B,-1,1,1,603,stop,-1.11014,0.018159
GOLD,2025-11-24,Bmirror,1,1,1,603,stop,-1.11014,0.018159
GOLD,2025-11-25,B,-1,1,1,800,stop,-1.11348,0.017625
GOLD,2025-11-25,Bmirror,1,1,1,800,stop,-1.11348,0.017625
GOLD,2025-11-26,A,-1,1,-1,721,target,0.70858,0.012854
GOLD,2025-11-27,B,-1,1,1,507,close,0.96334,0.012891
GOLD,2025-11-27,Bmirror,1,1,1,507,stop,-1.15515,0.012891
GOLD,2025-11-28,A,-1,1,-1,879,close,-0.51636,0.012877
GOLD,2025-12-01,A,-1,1,1,611,target,0.70851,0.012824
GOLD,2025-12-01,B,1,1,1,322,stop,-1.15596,0.012824
GOLD,2025-12-01,Bmirror,-1,1,1,322,stop,-1.15596,0.012824
GOLD,2025-12-02,A,1,1,1,576,target,0.70762,0.012243
GOLD,2025-12-02,B,-1,1,1,865,close,4.05437,0.012243
GOLD,2025-12-02,Bmirror,1,1,1,865,stop,-1.16336,0.012243
GOLD,2025-12-03,B,1,1,-1,893,stop,-1.16534,0.012097
GOLD,2025-12-03,Bmirror,-1,1,-1,893,stop,-1.16534,0.012097
GOLD,2025-12-04,B,-1,1,-1,861,stop,-1.16572,0.012069
GOLD,2025-12-04,Bmirror,1,1,-1,861,stop,-1.16572,0.012069
GOLD,2025-12-05,A,-1,1,-1,887,target,0.70450,0.011363
GOLD,2025-12-05,B,1,1,-1,974,stop,-1.17601,0.011363
GOLD,2025-12-05,Bmirror,-1,1,-1,974,stop,-1.17601,0.011363
GOLD,2025-12-08,B,1,1,1,631,stop,-1.18058,0.011076
GOLD,2025-12-08,Bmirror,-1,1,1,631,stop,-1.18058,0.011076
GOLD,2025-12-09,B,-1,1,-1,542,stop,-1.18046,0.011083
GOLD,2025-12-09,Bmirror,1,1,-1,542,stop,-1.18046,0.011083
GOLD,2025-12-10,B,-1,1,1,1140,stop,-1.19179,0.010428
GOLD,2025-12-10,Bmirror,1,1,1,1140,stop,-1.19179,0.010428
GOLD,2025-12-11,A,-1,1,1,1007,close,-0.69778,0.010316
GOLD,2025-12-11,B,-1,1,1,870,stop,-1.19388,0.010316
GOLD,2025-12-11,Bmirror,1,1,1,870,stop,-1.19388,0.010316
GOLD,2025-12-12,A,-1,1,1,538,stop,-1.03857,0.010451
GOLD,2025-12-12,B,1,1,1,964,stop,-1.19136,0.010451
GOLD,2025-12-12,Bmirror,-1,1,1,964,stop,-1.19136,0.010451
GOLD,2025-12-15,A,-1,1,1,332,target,0.70152,0.010476
GOLD,2025-12-15,B,1,1,1,966,stop,-1.19091,0.010476
GOLD,2025-12-15,Bmirror,-1,1,1,966,stop,-1.19091,0.010476
GOLD,2025-12-16,A,1,1,1,330,target,0.69617,0.009065
GOLD,2025-12-16,A,-1,1,1,907,target,0.69558,0.009065
GOLD,2025-12-16,B,-1,1,1,810,stop,-1.22063,0.009065
GOLD,2025-12-16,Bmirror,1,1,1,810,stop,-1.22063,0.009065
GOLD,2025-12-17,A,-1,1,1,323,target,0.69538,0.009024
GOLD,2025-12-17,B,1,1,1,638,close,7.42579,0.009024
GOLD,2025-12-17,Bmirror,-1,1,1,638,stop,-1.22163,0.009024
GOLD,2025-12-18,A,1,1,1,885,target,0.69502,0.008835
GOLD,2025-12-18,A,-1,1,1,974,target,0.69443,0.008835
GOLD,2025-12-18,B,-1,1,1,827,stop,-1.22637,0.008835
GOLD,2025-12-18,Bmirror,1,1,1,827,stop,-1.22637,0.008835
GOLD,2025-12-19,B,-1,1,-1,797,stop,-1.22647,0.008831
GOLD,2025-12-19,Bmirror,1,1,-1,797,stop,-1.22647,0.008831
GOLD,2025-12-22,A,-1,1,1,99,stop,-1.05811,0.006918
GOLD,2025-12-23,A,1,1,1,902,target,0.68603,0.007370
GOLD,2025-12-23,A,-1,1,1,70,target,0.68543,0.007370
GOLD,2025-12-23,B,1,1,1,845,stop,-1.27135,0.007370
GOLD,2025-12-23,Bmirror,-1,1,1,845,stop,-1.27135,0.007370
GOLD,2025-12-24,A,1,1,1,179,target,0.68595,0.007360
GOLD,2025-12-24,B,1,1,1,175,stop,-1.27174,0.007360
GOLD,2025-12-24,Bmirror,-1,1,1,175,stop,-1.27174,0.007360
GOLD,2025-12-26,A,-1,1,1,60,target,0.68468,0.007270
GOLD,2025-12-26,B,1,1,1,151,target,12.12490,0.007270
GOLD,2025-12-26,Bmirror,-1,1,1,151,stop,-1.27510,0.007270
GOLD,2025-12-29,A,1,1,-1,21,stop,-1.05472,0.007270
GOLD,2025-12-30,A,-1,1,-1,470,target,0.70450,0.011361
GOLD,2025-12-30,B,-1,1,-1,102,stop,-1.17604,0.011361
GOLD,2025-12-30,Bmirror,1,1,-1,102,stop,-1.17604,0.011361
GOLD,2025-12-31,A,1,1,-1,350,stop,-1.03495,0.011350
GOLD,2025-12-31,B,1,1,-1,296,stop,-1.17621,0.011350
GOLD,2025-12-31,Bmirror,-1,1,-1,296,target,12.22379,0.011350
GOLD,2026-01-02,A,1,1,1,1095,target,0.70511,0.011369
GOLD,2026-01-02,A,-1,1,1,482,target,0.70452,0.011369
GOLD,2026-01-02,B,1,1,1,881,stop,-1.17592,0.011369
GOLD,2026-01-02,Bmirror,-1,1,1,881,stop,-1.17592,0.011369
GOLD,2026-01-05,A,-1,1,1,62,target,0.70429,0.011295
GOLD,2026-01-06,A,-1,1,1,874,close,-0.63643,0.011682
GOLD,2026-01-07,A,1,1,1,334,target,0.70645,0.011818
GOLD,2026-01-08,A,1,1,-1,316,target,0.70681,0.011945
GOLD,2026-01-08,B,-1,1,-1,998,stop,-1.16744,0.011945
GOLD,2026-01-08,Bmirror,1,1,-1,998,stop,-1.16744,0.011945
GOLD,2026-01-09,A,-1,1,1,939,target,0.70619,0.011936
GOLD,2026-01-09,B,-1,1,1,124,stop,-1.16757,0.011936
GOLD,2026-01-09,Bmirror,1,1,1,124,stop,-1.16757,0.011936
GOLD,2026-01-12,A,-1,1,1,36,stop,-1.03367,0.011987
GOLD,2026-01-13,B,-1,1,1,192,stop,-1.16469,0.012144
GOLD,2026-01-13,Bmirror,1,1,1,192,stop,-1.16469,0.012144
GOLD,2026-01-14,A,-1,1,-1,302,target,0.70683,0.012166
GOLD,2026-01-15,B,-1,1,1,624,stop,-1.16450,0.012158
GOLD,2026-01-15,Bmirror,1,1,1,624,stop,-1.16450,0.012158
GOLD,2026-01-16,A,1,1,-1,929,stop,-1.03282,0.012078
GOLD,2026-01-16,B,-1,1,-1,876,stop,-1.16559,0.012078
GOLD,2026-01-16,Bmirror,1,1,-1,876,stop,-1.16559,0.012078
GOLD,2026-01-20,A,-1,1,-1,350,stop,-1.03230,0.012498
GOLD,2026-01-21,A,-1,1,1,87,stop,-1.03055,0.013221
GOLD,2026-01-21,B,1,1,1,1178,stop,-1.15128,0.013221
GOLD,2026-01-21,Bmirror,-1,1,1,1178,stop,-1.15128,0.013221
GOLD,2026-01-22,A,-1,1,1,362,stop,-1.03058,0.013209
GOLD,2026-01-22,B,1,1,1,159,target,12.24859,0.013209
GOLD,2026-01-22,Bmirror,-1,1,1,159,stop,-1.15141,0.013209
GOLD,2026-01-23,A,1,1,1,508,target,0.71355,0.014957
GOLD,2026-01-23,B,-1,1,1,942,stop,-1.13372,0.014957
GOLD,2026-01-23,Bmirror,1,1,1,942,stop,-1.13372,0.014957
GOLD,2026-01-26,A,-1,1,1,405,target,0.71301,0.014985
GOLD,2026-01-26,B,1,1,1,1143,stop,-1.13347,0.014985
GOLD,2026-01-26,Bmirror,-1,1,1,1143,stop,-1.13347,0.014985
GOLD,2026-01-27,A,-1,1,1,452,target,0.71199,0.014434
GOLD,2026-01-27,B,-1,1,1,66,stop,-1.13856,0.014434
GOLD,2026-01-27,Bmirror,1,1,1,66,target,12.26144,0.014434
GOLD,2026-01-28,A,-1,1,1,152,stop,-1.02686,0.015059
GOLD,2026-01-29,A,1,1,1,907,stop,-1.02039,0.019336
GOLD,2026-01-29,A,-1,1,1,382,target,0.71902,0.019336
GOLD,2026-01-29,B,-1,1,1,33,stop,-1.10343,0.019336
GOLD,2026-01-29,Bmirror,1,1,1,33,stop,-1.10343,0.019336
GOLD,2026-01-30,A,1,1,-1,71,stop,-1.01990,0.019801
GOLD,2026-02-02,A,1,1,-1,70,target,0.72757,0.031425
GOLD,2026-02-02,A,-1,1,-1,15,target,0.72698,0.031425
GOLD,2026-02-02,B,1,1,-1,60,stop,-1.06364,0.031425
GOLD,2026-02-02,Bmirror,-1,1,-1,60,stop,-1.06364,0.031425
GOLD,2026-02-03,A,-1,1,1,400,stop,-1.01360,0.030067
GOLD,2026-02-03,B,1,1,1,59,stop,-1.06652,0.030067
GOLD,2026-02-03,Bmirror,-1,1,1,59,stop,-1.06652,0.030067
GOLD,2026-02-04,A,-1,1,1,122,target,0.72672,0.030802
GOLD,2026-02-04,B,1,1,1,931,stop,-1.06493,0.030802
GOLD,2026-02-04,Bmirror,-1,1,1,931,stop,-1.06493,0.030802
GOLD,2026-02-05,A,1,1,1,135,stop,-1.01269,0.030800
GOLD,2026-02-06,A,-1,1,-1,150,stop,-1.01207,0.033969
GOLD,2026-02-06,B,1,1,-1,62,target,12.34112,0.033969
GOLD,2026-02-06,Bmirror,-1,1,-1,62,stop,-1.05888,0.033969
GOLD,2026-02-09,B,-1,1,1,341,stop,-1.05613,0.035633
GOLD,2026-02-09,Bmirror,1,1,1,341,stop,-1.05613,0.035633
GOLD,2026-02-11,B,1,1,1,810,stop,-1.05628,0.035537
GOLD,2026-02-11,Bmirror,-1,1,1,810,stop,-1.05628,0.035537
GOLD,2026-02-12,A,1,1,1,977,close,-0.08563,0.035463
GOLD,2026-02-17,A,1,1,-1,841,close,0.23716,0.036399
GOLD,2026-02-18,A,-1,-1,-1,892,close,0.15472,0.036906
GOLD,2026-03-02,B,-1,1,1,409,stop,-1.05412,0.036955
GOLD,2026-03-02,Bmirror,1,1,1,409,stop,-1.05412,0.036955
GOLD,2026-03-03,A,1,1,-1,668,stop,-1.01051,0.037012
GOLD,2026-03-04,B,1,1,-1,1043,close,0.74853,0.037768
GOLD,2026-03-04,Bmirror,-1,1,-1,1043,stop,-1.05295,0.037768
GOLD,2026-03-09,B,-1,1,-1,75,stop,-1.07447,0.026855
GOLD,2026-03-09,Bmirror,1,1,-1,75,stop,-1.07447,0.026855
GOLD,2026-03-12,B,1,1,-1,902,stop,-1.07673,0.026065
GOLD,2026-03-12,Bmirror,-1,1,-1,902,close,4.05933,0.026065
GOLD,2026-03-13,A,1,1,-1,1187,close,0.08777,0.022130
GOLD,2026-03-16,B,1,1,-1,457,stop,-1.10399,0.019232
GOLD,2026-03-16,Bmirror,-1,1,-1,457,stop,-1.10399,0.019232
GOLD,2026-03-18,A,1,-1,-1,708,stop,-1.02049,0.019242
GOLD,2026-03-19,A,1,-1,-1,407,stop,-1.01927,0.020449
GOLD,2026-03-20,A,1,-1,-1,858,target,0.72155,0.021334
GOLD,2026-03-20,A,-1,-1,-1,187,target,0.72095,0.021334
GOLD,2026-03-20,B,1,-1,-1,655,stop,-1.09375,0.021334
GOLD,2026-03-20,Bmirror,-1,-1,-1,655,stop,-1.09375,0.021334
GOLD,2026-03-23,A,1,-1,-1,35,stop,-1.01835,0.021449
GOLD,2026-03-23,B,-1,-1,-1,770,stop,-1.09324,0.021449
GOLD,2026-03-23,Bmirror,1,-1,-1,770,stop,-1.09324,0.021449
GOLD,2026-03-24,A,1,-1,-1,28,stop,-1.01836,0.021447
GOLD,2026-03-24,B,-1,-1,-1,658,stop,-1.09326,0.021447
GOLD,2026-03-24,Bmirror,1,-1,-1,658,stop,-1.09326,0.021447
GOLD,2026-03-25,B,1,-1,1,362,stop,-1.09254,0.021612
GOLD,2026-03-25,Bmirror,-1,-1,1,362,stop,-1.09254,0.021612
GOLD,2026-03-26,A,1,-1,-1,361,target,0.72119,0.020931
GOLD,2026-03-26,B,1,-1,-1,326,stop,-1.09555,0.020931
GOLD,2026-03-26,Bmirror,-1,-1,-1,326,target,12.30445,0.020931
GOLD,2026-03-27,A,-1,-1,-1,338,target,0.72084,0.021207
GOLD,2026-03-27,B,1,-1,-1,667,target,12.30569,0.021207
GOLD,2026-03-27,Bmirror,-1,-1,-1,667,stop,-1.09431,0.021207
GOLD,2026-03-30,A,-1,-1,-1,764,target,0.72041,0.020728
GOLD,2026-03-30,B,-1,-1,-1,221,stop,-1.09649,0.020728
GOLD,2026-03-30,Bmirror,1,-1,-1,221,stop,-1.09649,0.020728
GOLD,2026-03-31,A,-1,-1,1,144,target,0.72018,0.020487
GOLD,2026-04-01,A,-1,-1,1,759,target,0.72161,0.022101
GOLD,2026-04-01,B,1,-1,1,160,stop,-1.09049,0.022101
GOLD,2026-04-01,Bmirror,-1,-1,1,160,stop,-1.09049,0.022101
GOLD,2026-04-02,A,1,-1,1,145,stop,-1.01740,0.022602
GOLD,2026-04-06,B,-1,-1,-1,196,stop,-1.08924,0.022412
GOLD,2026-04-06,Bmirror,1,-1,-1,196,stop,-1.08924,0.022412
GOLD,2026-04-07,B,-1,-1,1,334,stop,-1.09162,0.021830
GOLD,2026-04-07,Bmirror,1,-1,1,334,stop,-1.09162,0.021830
GOLD,2026-04-08,A,1,-1,1,956,close,-0.31176,0.023260
GOLD,2026-04-09,A,-1,-1,-1,995,close,0.54585,0.022064
GOLD,2026-04-13,A,-1,-1,-1,481,close,-0.13758,0.021824
GOLD,2026-04-14,A,-1,1,1,1118,close,-0.12537,0.022153
GOLD,2026-04-17,A,-1,1,-1,850,target,0.72152,0.022003
GOLD,2026-04-20,B,-1,1,-1,120,stop,-1.09105,0.021966
GOLD,2026-04-20,Bmirror,1,1,-1,120,close,3.82105,0.021966
GOLD,2026-04-21,A,1,1,1,944,stop,-1.01781,0.022091
GOLD,2026-04-23,B,-1,1,1,780,stop,-1.08877,0.022531
GOLD,2026-04-23,Bmirror,1,1,1,780,stop,-1.08877,0.022531
GOLD,2026-04-27,B,1,-1,-1,933,stop,-1.10832,0.018464
GOLD,2026-04-27,Bmirror,-1,-1,-1,933,stop,-1.10832,0.018464
GOLD,2026-04-28,A,1,1,1,405,stop,-1.02148,0.018370
GOLD,2026-04-29,A,1,-1,-1,876,target,0.71911,0.018881
GOLD,2026-04-30,A,-1,-1,-1,544,close,-0.21464,0.018356
GOLD,2026-05-01,A,1,-1,1,567,target,0.71871,0.018533
GOLD,2026-05-01,B,-1,-1,1,900,stop,-1.10791,0.018533
GOLD,2026-05-01,Bmirror,1,-1,1,900,stop,-1.10791,0.018533
GOLD,2026-05-04,A,1,-1,1,663,stop,-1.02255,0.017508
GOLD,2026-05-05,A,-1,-1,-1,848,close,0.47897,0.018160
GOLD,2026-05-06,A,-1,-1,1,197,stop,-1.02215,0.018300
GOLD,2026-05-07,A,-1,-1,1,873,target,0.71677,0.017442
GOLD,2026-05-07,B,1,-1,1,1107,stop,-1.11467,0.017442
GOLD,2026-05-07,Bmirror,-1,-1,1,1107,stop,-1.11467,0.017442
GOLD,2026-05-08,A,-1,-1,-1,892,target,0.71603,0.016894
GOLD,2026-05-11,A,-1,-1,-1,886,target,0.71521,0.016327
GOLD,2026-05-11,B,-1,-1,-1,803,stop,-1.12249,0.016327
GOLD,2026-05-11,Bmirror,1,-1,-1,803,close,5.58279,0.016327
GOLD,2026-05-12,A,1,-1,1,482,stop,-1.02391,0.016522
GOLD,2026-05-14,B,-1,-1,-1,325,stop,-1.13978,0.014308
GOLD,2026-05-14,Bmirror,1,-1,-1,325,stop,-1.13978,0.014308
GOLD,2026-05-15,A,1,-1,-1,127,stop,-1.02781,0.014233
GOLD,2026-05-18,A,1,-1,1,94,target,0.71314,0.014730
GOLD,2026-05-18,B,-1,-1,1,284,stop,-1.13578,0.014730
GOLD,2026-05-18,Bmirror,1,-1,1,284,stop,-1.13578,0.014730
GOLD,2026-05-19,A,1,-1,1,703,stop,-1.02819,0.014042
GOLD,2026-05-20,A,-1,-1,-1,955,close,-0.42694,0.014032
GOLD,2026-05-20,B,1,-1,-1,144,stop,-1.14253,0.014032
GOLD,2026-05-20,Bmirror,-1,-1,-1,144,stop,-1.14253,0.014032
GOLD,2026-05-21,A,1,-1,1,874,target,0.71241,0.014345
GOLD,2026-05-21,B,1,-1,1,209,stop,-1.13942,0.014345
GOLD,2026-05-21,Bmirror,-1,-1,1,209,stop,-1.13942,0.014345
GOLD,2026-05-22,A,1,-1,1,914,target,0.71243,0.014355
GOLD,2026-05-26,A,1,-1,1,337,stop,-1.02777,0.014252
GOLD,2026-05-27,A,1,-1,-1,699,stop,-1.02872,0.013787
GOLD,2026-05-28,A,1,-1,-1,173,stop,-1.02840,0.013942
GOLD,2026-05-28,A,-1,-1,-1,1061,close,0.22066,0.013942
GOLD,2026-05-28,B,-1,-1,-1,913,stop,-1.14346,0.013942
GOLD,2026-05-28,Bmirror,1,-1,-1,913,close,6.00829,0.013942
GOLD,2026-05-29,A,-1,-1,1,650,target,0.71121,0.014036
GOLD,2026-06-01,A,1,-1,-1,851,stop,-1.02785,0.014212
GOLD,2026-06-02,A,-1,-1,-1,449,target,0.71184,0.014355
GOLD,2026-06-02,B,1,-1,-1,1116,stop,-1.13932,0.014355
GOLD,2026-06-02,Bmirror,-1,-1,-1,1116,close,-0.48252,0.014355
GOLD,2026-06-03,A,1,-1,-1,636,target,0.71125,0.013772
GOLD,2026-06-04,A,-1,-1,-1,766,target,0.71059,0.013741
GOLD,2026-06-05,A,1,-1,1,832,stop,-1.02989,0.013252
GOLD,2026-06-05,B,-1,-1,1,771,stop,-1.15092,0.013252
GOLD,2026-06-05,Bmirror,1,-1,1,771,stop,-1.15092,0.013252
GOLD,2026-06-08,A,1,-1,-1,397,target,0.71317,0.014746
GOLD,2026-06-08,B,1,-1,-1,138,stop,-1.13563,0.014746
GOLD,2026-06-08,Bmirror,-1,-1,-1,138,stop,-1.13563,0.014746
GOLD,2026-06-09,A,1,-1,1,946,stop,-1.02803,0.014121
GOLD,2026-06-09,B,1,-1,1,494,stop,-1.14164,0.014121
GOLD,2026-06-09,Bmirror,-1,-1,1,494,stop,-1.14164,0.014121
GOLD,2026-06-10,A,1,-1,-1,125,target,0.71247,0.014375
GOLD,2026-06-11,A,-1,-1,-1,136,target,0.71427,0.015726
GOLD,2026-06-11,A_his,-1,-1,-1,144,target,0.81674,0.017531
GOLD,2026-06-12,A,1,-1,1,125,target,0.71944,0.019183
GOLD,2026-06-12,A_his,1,-1,1,147,target,0.70529,0.018375
GOLD,2026-06-15,A,-1,-1,1,762,target,0.71919,0.019503
GOLD,2026-06-15,A_his,-1,-1,1,573,target,0.58149,0.018212
GOLD,2026-06-17,A,1,-1,1,1173,target,0.71965,0.019379
GOLD,2026-06-17,A_his,1,-1,1,1153,target,0.74737,0.017109
GOLD,2026-06-17,B_his,1,-1,1,947,stop,-1.11690,0.017109
GOLD,2026-06-17,Bmirror_his,-1,-1,1,947,stop,-1.11690,0.017109
GOLD,2026-06-18,A,1,-1,-1,1212,close,0.07095,0.019572
GOLD,2026-06-18,A,-1,-1,-1,193,target,0.71927,0.019572
GOLD,2026-06-18,B,1,-1,-1,598,stop,-1.10219,0.019572
GOLD,2026-06-18,Bmirror,-1,-1,-1,598,stop,-1.10219,0.019572
GOLD,2026-06-18,A_his,1,-1,-1,1218,close,0.14403,0.018986
GOLD,2026-06-18,B_his,1,-1,-1,598,stop,-1.10534,0.018986
GOLD,2026-06-18,Bmirror_his,-1,-1,-1,598,stop,-1.10534,0.018986
GOLD,2026-06-19,A,1,-1,-1,298,target,0.71997,0.019679
GOLD,2026-06-19,A_his,1,-1,-1,298,target,0.67705,0.017475
GOLD,2026-06-22,A,-1,-1,1,120,target,0.71880,0.019138
GOLD,2026-06-22,A_his,-1,-1,1,120,target,0.58309,0.017097
GOLD,2026-06-23,A,1,-1,1,356,close,-0.51182,0.019183
GOLD,2026-06-23,A_his,1,-1,1,259,stop,-1.02242,0.017487
GOLD,2026-06-24,A,1,-1,-1,734,stop,-1.02052,0.019221
GOLD,2026-06-24,A_his,1,-1,-1,734,stop,-1.02192,0.017481
GOLD,2026-06-25,B,-1,-1,-1,292,stop,-1.10232,0.019547
GOLD,2026-06-25,Bmirror,1,-1,-1,292,stop,-1.10232,0.019547
GOLD,2026-06-25,B_his,-1,-1,-1,292,stop,-1.10858,0.018419
GOLD,2026-06-25,Bmirror_his,1,-1,-1,292,stop,-1.10858,0.018419
GOLD,2026-06-26,A,-1,-1,1,914,close,-0.10866,0.019674
GOLD,2026-06-26,B,-1,-1,1,452,stop,-1.10166,0.019674
GOLD,2026-06-26,Bmirror,1,-1,1,452,close,7.73852,0.019674
GOLD,2026-06-29,A,1,-1,-1,915,close,0.23126,0.019784
GOLD,2026-06-29,A_his,1,-1,-1,903,close,-0.18791,0.015963
GOLD,2026-06-29,B_his,-1,-1,-1,509,close,7.48981,0.015963
GOLD,2026-06-29,Bmirror_his,1,-1,-1,509,stop,-1.12529,0.015963
GOLD,2026-06-30,A,1,-1,-1,127,target,0.72012,0.019829
GOLD,2026-06-30,B,-1,-1,-1,450,stop,-1.10086,0.019829
GOLD,2026-06-30,Bmirror,1,-1,-1,450,close,-0.96014,0.019829
GOLD,2026-06-30,A_his,1,-1,-1,127,target,0.73657,0.017582
GOLD,2026-06-30,B_his,-1,-1,-1,450,stop,-1.11375,0.017582
GOLD,2026-06-30,Bmirror_his,1,-1,-1,450,stop,-1.11375,0.017582
GOLD,2026-07-01,A,-1,-1,-1,879,stop,-1.02057,0.019734
GOLD,2026-07-01,B,-1,-1,-1,730,stop,-1.10135,0.019734
GOLD,2026-07-01,Bmirror,1,-1,-1,730,target,12.29865,0.019734
GOLD,2026-07-01,A_his,-1,-1,-1,879,stop,-1.02229,0.018023
GOLD,2026-07-01,B_his,-1,-1,-1,730,stop,-1.11097,0.018023
GOLD,2026-07-01,Bmirror_his,1,-1,-1,730,target,12.87272,0.018023
GOLD,2026-07-02,A,-1,-1,1,810,close,-0.50238,0.019804
GOLD,2026-07-02,A_his,-1,-1,1,810,stop,-1.02331,0.017903
GOLD,2026-07-03,A,-1,-1,1,140,target,0.71995,0.020253
GOLD,2026-07-03,A_his,-1,-1,1,128,stop,-1.04127,0.014715
GOLD,2026-07-07,A,1,-1,-1,1215,close,0.08176,0.020262
GOLD,2026-07-07,B,-1,-1,-1,788,stop,-1.09871,0.020262
GOLD,2026-07-07,Bmirror,1,-1,-1,788,stop,-1.09871,0.020262
GOLD,2026-07-07,A_his,1,-1,-1,1207,close,-0.13162,0.016945
GOLD,2026-07-07,B_his,-1,-1,-1,788,stop,-1.11803,0.016945
GOLD,2026-07-07,Bmirror_his,1,-1,-1,788,stop,-1.11803,0.016945
GOLD,2026-07-08,A,1,-1,-1,944,target,0.72074,0.020449
GOLD,2026-07-08,B,1,-1,-1,557,stop,-1.09780,0.020449
GOLD,2026-07-08,Bmirror,-1,-1,-1,557,stop,-1.09780,0.020449
GOLD,2026-07-08,A_his,1,-1,-1,658,target,0.74743,0.017141
GOLD,2026-07-08,B_his,1,-1,-1,126,stop,-1.11668,0.017141
GOLD,2026-07-08,Bmirror_his,-1,-1,-1,126,stop,-1.11668,0.017141
GOLD,2026-07-09,A_his,-1,-1,-1,903,close,0.22532,0.017424
GOLD,2026-07-13,A,1,-1,-1,916,close,-0.42757,0.019652
GOLD,2026-07-13,B,-1,-1,-1,555,close,9.33579,0.019652
GOLD,2026-07-13,Bmirror,1,-1,-1,555,stop,-1.10177,0.019652
GOLD,2026-07-13,A_his,1,-1,-1,907,stop,-1.02222,0.016624
GOLD,2026-07-13,B_his,-1,-1,-1,555,target,12.03070,0.016624
GOLD,2026-07-13,Bmirror_his,1,-1,-1,555,stop,-1.12031,0.016624
GOLD,2026-07-14,A,-1,-1,-1,810,stop,-1.02036,0.019937
GOLD,2026-07-14,A_his,-1,-1,-1,810,stop,-1.02303,0.016927
GOLD,2026-07-15,B,-1,-1,1,810,stop,-1.10128,0.019747
GOLD,2026-07-15,Bmirror,1,-1,1,810,stop,-1.10128,0.019747
GOLD,2026-07-15,B_his,-1,-1,1,810,stop,-1.11851,0.016876
GOLD,2026-07-15,Bmirror_his,1,-1,1,810,stop,-1.11851,0.016876
GOLD,2026-07-16,A,1,-1,1,821,stop,-1.02291,0.017233
GOLD,2026-07-16,A_his,1,-1,1,821,stop,-1.02438,0.016668
GOLD,2026-07-17,A,-1,-1,-1,1012,close,0.09363,0.014383
GOLD,2026-07-17,B,1,-1,-1,366,stop,-1.13906,0.014383
GOLD,2026-07-17,Bmirror,-1,-1,-1,366,stop,-1.13906,0.014383
GOLD,2026-07-17,B_his,1,-1,-1,366,stop,-1.11781,0.016977
GOLD,2026-07-17,Bmirror_his,-1,-1,-1,366,stop,-1.11781,0.016977
GOLD,2026-07-20,A,-1,-1,-1,752,target,0.71132,0.014090
GOLD,2026-07-21,A,-1,-1,1,216,stop,-1.02888,0.013996
GOLD,2026-07-21,A_his,-1,-1,1,267,stop,-1.02596,0.016145
GOLD,2026-07-22,A,-1,1,1,197,stop,-1.02756,0.014673
GOLD,2026-07-22,A_his,-1,1,1,242,stop,-1.02630,0.016189
GOLD,2026-07-23,A,1,1,1,760,stop,-1.02717,0.014562
GOLD,2026-07-23,A_his,1,1,1,811,close,-0.61122,0.016574
GOLD,2026-07-24,B,-1,1,-1,505,stop,-1.13586,0.014721
GOLD,2026-07-24,Bmirror,1,1,-1,505,close,0.37238,0.014721
GOLD,2026-07-24,B_his,-1,1,-1,505,stop,-1.12349,0.016196
GOLD,2026-07-24,Bmirror_his,1,1,-1,505,close,0.33848,0.016196
GOLD,2026-07-27,B,1,-1,1,250,stop,-1.13634,0.014669
GOLD,2026-07-27,Bmirror,-1,-1,1,250,stop,-1.13634,0.014669
GOLD,2026-07-27,B_his,1,-1,1,250,stop,-1.12629,0.015837
GOLD,2026-07-27,Bmirror_his,-1,-1,1,250,stop,-1.12629,0.015837
GOLD,2026-07-28,A,1,-1,-1,635,close,-0.08246,0.014564
GOLD,2026-07-28,A_his,1,-1,-1,657,close,0.13278,0.015830
GOLD,2026-07-29,A,-1,-1,-1,1140,stop,-1.02845,0.014210
GOLD,2026-07-29,B,1,-1,-1,800,stop,-1.14075,0.014210
GOLD,2026-07-29,Bmirror,-1,-1,-1,800,stop,-1.14075,0.014210
GOLD,2026-07-29,A_his,-1,-1,-1,1140,stop,-1.02699,0.015686
GOLD,2026-07-29,B_his,1,-1,-1,800,stop,-1.12751,0.015686
GOLD,2026-07-29,Bmirror_his,-1,-1,-1,800,stop,-1.12751,0.015686
GOLD,2026-07-30,A,1,-1,1,348,target,0.71075,0.013538
GOLD,2026-07-30,B,-1,-1,1,124,stop,-1.14773,0.013538
GOLD,2026-07-30,Bmirror,1,-1,1,124,stop,-1.14773,0.013538
GOLD,2026-07-30,A_his,1,-1,1,397,target,0.82726,0.016838
GOLD,2026-07-30,B_his,-1,-1,1,877,stop,-1.11878,0.016838
GOLD,2026-07-30,Bmirror_his,1,-1,1,877,close,2.01063,0.016838
GOLD,2026-07-31,A,1,1,1,516,stop,-1.02935,0.013494
GOLD,2026-07-31,A_his,1,1,1,574,close,-0.30830,0.016788
GOLD,2026-08-03,A,1,-1,1,878,target,0.71073,0.013529
GOLD,2026-08-03,A_his,1,-1,1,878,target,0.58358,0.016328
GOLD,2026-08-04,A,-1,-1,-1,888,close,0.54362,0.013254
GOLD,2026-08-04,B,1,-1,-1,605,stop,-1.15090,0.013254
GOLD,2026-08-04,Bmirror,-1,-1,-1,605,stop,-1.15090,0.013254
GOLD,2026-08-04,A_his,-1,-1,-1,1085,target,0.78814,0.016410
GOLD,2026-08-05,A,-1,-1,1,217,stop,-1.03037,0.013300
GOLD,2026-08-05,A_his,-1,-1,1,221,stop,-1.02664,0.016246
GOLD,2026-08-06,A,-1,1,1,115,target,0.71441,0.015816
GOLD,2026-08-06,B,1,1,1,390,stop,-1.12645,0.015816
GOLD,2026-08-06,Bmirror,-1,1,1,390,stop,-1.12645,0.015816
GOLD,2026-08-06,A_his,-1,1,1,185,target,0.77890,0.016095
GOLD,2026-08-06,B_his,1,1,1,390,stop,-1.12426,0.016095
GOLD,2026-08-06,Bmirror_his,-1,1,1,390,stop,-1.12426,0.016095
GOLD,2026-08-07,A,-1,1,-1,432,stop,-1.02635,0.015351
GOLD,2026-08-07,A_his,-1,1,-1,457,stop,-1.02699,0.016013
GOLD,2026-08-10,A,-1,1,-1,1230,close,0.04548,0.015898
GOLD,2026-08-10,B,-1,1,-1,395,stop,-1.12580,0.015898
GOLD,2026-08-10,Bmirror,1,1,-1,395,stop,-1.12580,0.015898
GOLD,2026-08-10,A_his,-1,1,-1,1225,close,-0.05653,0.016196
GOLD,2026-08-10,B_his,-1,1,-1,395,stop,-1.12349,0.016196
GOLD,2026-08-10,Bmirror_his,1,1,-1,395,stop,-1.12349,0.016196
GOLD,2026-08-11,B,1,1,1,372,stop,-1.12483,0.016022
GOLD,2026-08-11,Bmirror,-1,1,1,372,close,4.37055,0.016022
GOLD,2026-08-11,B_his,1,1,1,372,stop,-1.12268,0.016303
GOLD,2026-08-11,Bmirror_his,-1,1,1,372,close,4.29518,0.016303
GOLD,2026-08-12,A,-1,1,-1,623,target,0.71419,0.015677
GOLD,2026-08-12,A_his,-1,1,-1,809,target,0.79454,0.016454
GOLD,2026-08-13,A,1,1,1,1213,close,-0.01521,0.015630
GOLD,2026-08-13,B,1,1,1,213,stop,-1.12796,0.015630
GOLD,2026-08-13,Bmirror,-1,1,1,213,stop,-1.12796,0.015630
GOLD,2026-08-13,A_his,1,1,1,1215,close,0.12232,0.016479
GOLD,2026-08-13,B_his,1,1,1,213,stop,-1.12136,0.016479
GOLD,2026-08-13,Bmirror_his,-1,1,1,213,stop,-1.12136,0.016479
GOLD,2026-08-14,B,-1,1,-1,650,stop,-1.12692,0.015757
GOLD,2026-08-14,Bmirror,1,1,-1,650,close,3.06447,0.015757
GOLD,2026-08-14,B_his,-1,1,-1,650,stop,-1.12123,0.016498
GOLD,2026-08-14,Bmirror_his,1,1,-1,650,close,2.92687,0.016498
GOLD,2026-08-17,B,1,1,1,806,stop,-1.12885,0.015522
GOLD,2026-08-17,Bmirror,-1,1,1,806,stop,-1.12885,0.015522
GOLD,2026-08-17,B_his,1,1,1,806,stop,-1.12446,0.016070
GOLD,2026-08-17,Bmirror_his,-1,1,1,806,stop,-1.12446,0.016070
GOLD,2026-08-18,A,1,1,1,973,stop,-1.02666,0.014840
GOLD,2026-08-18,B,1,1,1,164,stop,-1.13477,0.014840
GOLD,2026-08-18,Bmirror,-1,1,1,164,target,12.26523,0.014840
GOLD,2026-08-18,A_his,1,1,1,979,close,-0.69712,0.016070
GOLD,2026-08-19,A,-1,1,-1,814,stop,-1.02635,0.015352
GOLD,2026-08-19,A_his,-1,1,-1,815,stop,-1.02629,0.015938
GOLD,2026-08-20,A,1,1,1,781,target,0.71736,0.017441
GOLD,2026-08-20,B,-1,1,1,961,stop,-1.11467,0.017441
GOLD,2026-08-20,Bmirror,1,1,1,961,stop,-1.11467,0.017441
GOLD,2026-08-20,A_his,1,1,1,781,target,0.82502,0.017034
GOLD,2026-08-20,B_his,-1,1,1,961,stop,-1.11741,0.017034
GOLD,2026-08-20,Bmirror_his,1,1,1,961,stop,-1.11741,0.017034
NQ,2016-10-04,A,1,1,-1,1196,target,0.72050,0.008155
NQ,2016-10-04,B,1,1,-1,912,stop,-1.09810,0.008155
NQ,2016-10-04,Bmirror,-1,1,-1,912,stop,-1.09810,0.008155
NQ,2016-10-05,A,-1,1,-1,1025,close,0.42743,0.008131
NQ,2016-10-06,A,1,1,1,976,target,0.72049,0.008151
NQ,2016-10-06,B,-1,1,1,1010,stop,-1.09814,0.008151
NQ,2016-10-06,Bmirror,1,1,1,1010,stop,-1.09814,0.008151
NQ,2016-10-07,A,1,1,-1,1006,target,0.72051,0.008159
NQ,2016-10-07,B,-1,1,-1,810,stop,-1.09805,0.008159
NQ,2016-10-07,Bmirror,1,1,-1,810,stop,-1.09805,0.008159
NQ,2016-10-10,A,-1,1,1,957,close,0.37817,0.008154
NQ,2016-10-11,A,1,1,1,890,stop,-1.01945,0.008176
NQ,2016-10-12,B,1,1,-1,480,stop,-1.09412,0.008499
NQ,2016-10-12,Bmirror,-1,1,-1,480,stop,-1.09412,0.008499
NQ,2016-10-13,A,1,1,-1,193,stop,-1.01866,0.008522
NQ,2016-10-13,B,-1,1,-1,1194,close,2.90676,0.008522
NQ,2016-10-13,Bmirror,1,1,-1,1194,stop,-1.09388,0.008522
NQ,2016-10-14,A,-1,-1,-1,871,target,0.72094,0.008445
NQ,2016-10-17,B,1,-1,-1,884,stop,-1.11629,0.006879
NQ,2016-10-17,Bmirror,-1,-1,-1,884,stop,-1.11629,0.006879
NQ,2016-10-18,A,-1,-1,1,489,stop,-1.02733,0.005880
NQ,2016-10-19,B,-1,-1,1,739,stop,-1.13801,0.005797
NQ,2016-10-19,Bmirror,1,-1,1,739,stop,-1.13801,0.005797
NQ,2016-10-20,A,1,1,1,879,target,0.71251,0.005796
NQ,2016-10-20,B,1,1,1,804,stop,-1.13803,0.005796
NQ,2016-10-20,Bmirror,-1,1,1,804,stop,-1.13803,0.005796
NQ,2016-10-21,A,1,-1,1,845,target,0.70911,0.005160
NQ,2016-10-21,B,-1,-1,1,1130,close,-0.03512,0.005160
NQ,2016-10-21,Bmirror,1,-1,1,1130,stop,-1.15505,0.005160
NQ,2016-10-24,A,-1,1,1,518,stop,-1.03118,0.005151
NQ,2016-10-25,A,1,1,1,1028,target,0.71067,0.005433
NQ,2016-10-25,B,1,1,1,870,stop,-1.14724,0.005433
NQ,2016-10-25,Bmirror,-1,1,1,870,close,9.94212,0.005433
NQ,2016-10-26,A,1,1,-1,875,target,0.71145,0.005581
NQ,2016-10-26,B,-1,1,-1,959,stop,-1.14335,0.005581
NQ,2016-10-26,Bmirror,1,1,-1,959,stop,-1.14335,0.005581
NQ,2016-10-27,A,1,-1,-1,1213,stop,-1.02944,0.005414
NQ,2016-10-27,A,-1,-1,-1,791,target,0.71033,0.005414
NQ,2016-10-27,B,-1,-1,-1,473,stop,-1.14777,0.005414
NQ,2016-10-27,Bmirror,1,-1,-1,473,stop,-1.14777,0.005414
NQ,2016-10-28,A,1,-1,-1,485,target,0.71011,0.005332
NQ,2016-10-28,A,-1,-1,-1,933,target,0.70987,0.005332
NQ,2016-10-28,B,-1,-1,-1,810,stop,-1.15005,0.005332
NQ,2016-10-28,Bmirror,1,-1,-1,810,stop,-1.15005,0.005332
NQ,2016-10-31,A,-1,-1,-1,187,target,0.70938,0.005246
NQ,2016-10-31,B,1,-1,-1,876,stop,-1.15250,0.005246
NQ,2016-10-31,Bmirror,-1,-1,-1,876,stop,-1.15250,0.005246
NQ,2016-11-01,A,1,-1,-1,852,stop,-1.03199,0.004982
NQ,2016-11-01,B,1,-1,-1,545,stop,-1.16056,0.004982
NQ,2016-11-01,Bmirror,-1,-1,-1,545,stop,-1.16056,0.004982
NQ,2016-11-02,A,1,-1,-1,182,target,0.70729,0.004874
NQ,2016-11-02,B,-1,-1,-1,665,stop,-1.16415,0.004874
NQ,2016-11-02,Bmirror,1,-1,-1,665,stop,-1.16415,0.004874
NQ,2016-11-03,A,1,-1,-1,1003,stop,-1.03097,0.005147
NQ,2016-11-03,A,-1,-1,-1,812,target,0.70880,0.005147
NQ,2016-11-03,B,-1,-1,-1,605,stop,-1.15542,0.005147
NQ,2016-11-03,Bmirror,1,-1,-1,605,stop,-1.15542,0.005147
NQ,2016-11-04,A,1,-1,-1,810,target,0.70917,0.005169
NQ,2016-11-04,A,-1,-1,-1,1027,target,0.70893,0.005169
NQ,2016-11-04,B,-1,-1,-1,816,stop,-1.15475,0.005169
NQ,2016-11-04,Bmirror,1,-1,-1,816,stop,-1.15475,0.005169
NQ,2016-11-07,A,-1,-1,1,917,stop,-1.02842,0.005654
NQ,2016-11-08,A,-1,-1,1,1011,stop,-1.02660,0.006042
NQ,2016-11-08,B,-1,-1,1,498,stop,-1.13241,0.006042
NQ,2016-11-08,Bmirror,1,-1,1,498,stop,-1.13241,0.006042
NQ,2016-11-09,A,1,1,1,14,target,0.71451,0.006248
NQ,2016-11-09,A,-1,1,1,69,target,0.71427,0.006248
NQ,2016-11-09,B,-1,1,1,26,stop,-1.12804,0.006248
NQ,2016-11-09,Bmirror,1,1,1,26,stop,-1.12804,0.006248
NQ,2016-11-10,A,1,1,1,908,stop,-1.02569,0.006200
NQ,2016-11-10,A,-1,1,1,307,stop,-1.02593,0.006200
NQ,2016-11-10,B,1,1,1,898,stop,-1.12903,0.006200
NQ,2016-11-10,Bmirror,-1,1,1,898,stop,-1.12903,0.006200
NQ,2016-11-11,A,1,-1,-1,120,target,0.71673,0.006841
NQ,2016-11-11,B,-1,-1,-1,883,stop,-1.11694,0.006841
NQ,2016-11-11,Bmirror,1,-1,-1,883,stop,-1.11694,0.006841
NQ,2016-11-14,A,1,-1,1,680,stop,-1.02306,0.006902
NQ,2016-11-14,B,1,-1,1,114,stop,-1.11591,0.006902
NQ,2016-11-14,Bmirror,-1,-1,1,114,stop,-1.11591,0.006902
NQ,2016-11-15,A,-1,-1,-1,810,stop,-1.02209,0.007283
NQ,2016-11-16,A,1,-1,1,835,target,0.71873,0.007481
NQ,2016-11-17,A,-1,-1,1,995,stop,-1.02150,0.007482
NQ,2016-11-17,B,1,-1,1,825,stop,-1.10692,0.007482
NQ,2016-11-17,Bmirror,-1,-1,1,825,stop,-1.10692,0.007482
NQ,2016-11-21,A,-1,-1,-1,877,target,0.71900,0.007661
NQ,2016-11-23,A,1,1,1,875,close,0.19740,0.007832
NQ,2016-11-28,B,-1,1,-1,608,stop,-1.10131,0.007897
NQ,2016-11-28,Bmirror,1,1,-1,608,stop,-1.10131,0.007897
NQ,2016-11-29,A,-1,1,-1,993,target,0.71893,0.007637
NQ,2016-11-29,B,1,1,-1,885,stop,-1.10475,0.007637
NQ,2016-11-29,Bmirror,-1,1,-1,885,stop,-1.10475,0.007637
NQ,2016-11-30,A,1,1,1,922,stop,-1.02098,0.007583
NQ,2016-12-01,A,1,1,-1,882,stop,-1.02037,0.007811
NQ,2016-12-01,B,-1,1,-1,850,target,12.29758,0.007811
NQ,2016-12-01,Bmirror,1,1,-1,850,stop,-1.10242,0.007811
NQ,2016-12-02,B,-1,-1,-1,812,stop,-1.09550,0.008377
NQ,2016-12-02,Bmirror,1,-1,-1,812,stop,-1.09550,0.008377
NQ,2016-12-05,A,-1,-1,-1,445,stop,-1.01918,0.008393
NQ,2016-12-07,A,-1,1,1,1089,stop,-1.01866,0.008627
NQ,2016-12-07,B,-1,1,1,944,stop,-1.09273,0.008627
NQ,2016-12-07,Bmirror,1,1,1,944,stop,-1.09273,0.008627
NQ,2016-12-08,B,1,1,1,1177,close,4.40752,0.008625
NQ,2016-12-08,Bmirror,-1,1,1,1177,stop,-1.09276,0.008625
NQ,2016-12-09,A,-1,1,1,888,close,-0.16091,0.008523
NQ,2016-12-12,A,1,1,1,211,close,-0.22726,0.008267
NQ,2016-12-13,A,-1,1,-1,874,stop,-1.01961,0.008209
NQ,2016-12-15,A,-1,1,-1,976,target,0.72110,0.008521
NQ,2016-12-15,B,1,1,-1,1133,stop,-1.09388,0.008521
NQ,2016-12-15,Bmirror,-1,1,-1,1133,stop,-1.09388,0.008521
NQ,2016-12-16,A,1,1,1,988,target,0.71985,0.007894
NQ,2016-12-19,A,-1,1,1,942,target,0.71975,0.007947
NQ,2016-12-21,B,-1,1,1,1165,close,2.80219,0.006912
NQ,2016-12-21,Bmirror,1,1,1,1165,stop,-1.11573,0.006912
NQ,2016-12-22,A,1,1,-1,1007,target,0.71702,0.006927
NQ,2016-12-27,A,-1,1,0,885,stop,-1.02380,0.006756
NQ,2016-12-28,A,1,1,1,911,target,0.71575,0.006565
NQ,2016-12-28,B,1,1,1,880,stop,-1.12186,0.006565
NQ,2016-12-28,Bmirror,-1,1,1,880,stop,-1.12186,0.006565
NQ,2016-12-29,A,1,1,-1,1031,target,0.71627,0.006709
NQ,2016-12-29,B,-1,1,-1,756,stop,-1.11924,0.006709
NQ,2016-12-29,Bmirror,1,1,-1,756,stop,-1.11924,0.006709
NQ,2016-12-30,A,1,1,-1,896,stop,-1.02399,0.006636
NQ,2016-12-30,B,1,1,-1,870,stop,-1.12055,0.006636
NQ,2016-12-30,Bmirror,-1,1,-1,870,stop,-1.12055,0.006636
NQ,2017-01-03,A,-1,1,1,906,target,0.71698,0.006987
NQ,2017-01-03,B,1,1,1,878,stop,-1.11450,0.006987
NQ,2017-01-03,Bmirror,-1,1,1,878,stop,-1.11450,0.006987
NQ,2017-01-04,A,-1,1,1,874,target,0.71703,0.007002
NQ,2017-01-05,A,-1,1,1,1215,close,-0.23559,0.007065
NQ,2017-01-06,A,-1,1,1,954,stop,-1.02266,0.007099
NQ,2017-01-10,A,-1,1,1,981,close,0.31188,0.005871
NQ,2017-01-10,B,1,1,1,881,stop,-1.13625,0.005871
NQ,2017-01-10,Bmirror,-1,1,1,881,stop,-1.13625,0.005871
NQ,2017-01-11,A,1,1,1,997,target,0.71237,0.005766
NQ,2017-01-11,B,1,1,1,983,stop,-1.13875,0.005766
NQ,2017-01-11,Bmirror,-1,1,1,983,stop,-1.13875,0.005766
NQ,2017-01-12,A,1,1,1,870,stop,-1.02994,0.005322
NQ,2017-01-13,A,-1,1,-1,885,target,0.70994,0.005345
NQ,2017-01-17,A,1,1,1,702,target,0.70805,0.004989
NQ,2017-01-18,B,1,1,-1,870,stop,-1.15943,0.005018
NQ,2017-01-18,Bmirror,-1,1,-1,870,stop,-1.15943,0.005018
NQ,2017-01-19,A,1,1,1,1160,target,0.70665,0.004781
NQ,2017-01-19,A,-1,1,1,897,target,0.70641,0.004781
NQ,2017-01-19,B,-1,1,1,821,stop,-1.16734,0.004781
NQ,2017-01-19,Bmirror,1,1,1,821,stop,-1.16734,0.004781
NQ,2017-01-20,A,-1,1,1,871,stop,-1.04001,0.004011
NQ,2017-01-20,B,1,1,1,1025,stop,-1.19947,0.004011
NQ,2017-01-20,Bmirror,-1,1,1,1025,stop,-1.19947,0.004011
NQ,2017-01-23,A,-1,1,-1,874,target,0.70032,0.004044
NQ,2017-01-23,B,1,1,-1,932,stop,-1.19780,0.004044
NQ,2017-01-23,Bmirror,-1,1,-1,932,stop,-1.19780,0.004044
NQ,2017-01-24,A,-1,1,1,875,target,0.69925,0.003938
NQ,2017-01-24,B,1,1,1,908,target,12.19685,0.003938
NQ,2017-01-24,Bmirror,-1,1,1,908,stop,-1.20315,0.003938
NQ,2017-01-25,A,-1,1,1,757,stop,-1.03888,0.004128
NQ,2017-01-26,A,-1,1,1,190,target,0.70270,0.004303
NQ,2017-01-26,B,1,1,1,957,stop,-1.18591,0.004303
NQ,2017-01-26,Bmirror,-1,1,1,957,stop,-1.18591,0.004303
NQ,2017-01-27,A,-1,1,-1,842,target,0.70273,0.004307
NQ,2017-01-30,A,1,1,-1,876,stop,-1.03686,0.004326
NQ,2017-01-31,A,1,1,-1,863,stop,-1.03578,0.004457
NQ,2017-02-01,A,-1,1,1,793,stop,-1.03605,0.004453
NQ,2017-02-01,B,1,1,1,939,stop,-1.17967,0.004453
NQ,2017-02-01,Bmirror,-1,1,1,939,stop,-1.17967,0.004453
NQ,2017-02-02,A,1,1,1,321,target,0.70400,0.004430
NQ,2017-02-02,B,-1,1,1,852,stop,-1.18057,0.004430
NQ,2017-02-02,Bmirror,1,1,1,852,stop,-1.18057,0.004430
NQ,2017-02-03,A,-1,1,-1,813,stop,-1.03835,0.004185
NQ,2017-02-03,B,-1,1,-1,420,stop,-1.19114,0.004185
NQ,2017-02-03,Bmirror,1,1,-1,420,target,12.20886,0.004185
NQ,2017-02-06,A,-1,1,-1,986,target,0.69484,0.003552
NQ,2017-02-06,B,1,1,-1,776,stop,-1.22521,0.003552
NQ,2017-02-06,Bmirror,-1,1,-1,776,stop,-1.22521,0.003552
NQ,2017-02-07,A,-1,1,1,700,stop,-1.04564,0.003515
NQ,2017-02-08,A,-1,1,1,943,close,-0.26059,0.003511
NQ,2017-02-08,B,1,1,1,816,stop,-1.22785,0.003511
NQ,2017-02-08,Bmirror,-1,1,1,816,stop,-1.22785,0.003511
NQ,2017-02-09,A,-1,1,1,922,stop,-1.04664,0.003439
NQ,2017-02-10,A,-1,1,1,421,target,0.69281,0.003399
NQ,2017-02-10,B,1,1,1,895,stop,-1.23535,0.003399
NQ,2017-02-10,Bmirror,-1,1,1,895,stop,-1.23535,0.003399
NQ,2017-02-13,A,-1,1,1,881,stop,-1.05115,0.003135
NQ,2017-02-14,A,1,1,1,907,target,0.69010,0.003199
NQ,2017-02-14,A,-1,1,1,1146,target,0.68987,0.003199
NQ,2017-02-14,B,-1,1,1,659,stop,-1.25007,0.003199
NQ,2017-02-14,Bmirror,1,1,1,659,stop,-1.25007,0.003199
NQ,2017-02-15,A,-1,1,1,976,target,0.68978,0.003193
NQ,2017-02-15,B,1,1,1,654,stop,-1.25052,0.003193
NQ,2017-02-15,Bmirror,-1,1,1,654,stop,-1.25052,0.003193
NQ,2017-02-16,A,1,1,1,952,target,0.69193,0.003320
NQ,2017-02-16,B,1,1,1,889,stop,-1.24094,0.003320
NQ,2017-02-16,Bmirror,-1,1,1,889,stop,-1.24094,0.003320
NQ,2017-02-17,A,-1,1,-1,924,target,0.69222,0.003357
NQ,2017-02-17,B,-1,1,-1,870,stop,-1.23833,0.003357
NQ,2017-02-17,Bmirror,1,1,-1,870,stop,-1.23833,0.003357
NQ,2017-02-20,A,-1,1,-1,368,stop,-1.04758,0.003371
NQ,2017-02-21,A,-1,1,1,943,target,0.69233,0.003365
NQ,2017-02-21,B,-1,1,1,560,stop,-1.23777,0.003365
NQ,2017-02-21,Bmirror,1,1,1,560,stop,-1.23777,0.003365
NQ,2017-02-22,B,1,1,1,560,stop,-1.24291,0.003293
NQ,2017-02-22,Bmirror,-1,1,1,560,stop,-1.24291,0.003293
NQ,2017-02-23,A,1,1,1,910,stop,-1.04847,0.003293
NQ,2017-02-23,B,1,1,1,877,stop,-1.24294,0.003293
NQ,2017-02-23,Bmirror,-1,1,1,877,target,12.15706,0.003293
NQ,2017-02-24,A,1,1,-1,646,stop,-1.04547,0.003509
NQ,2017-02-24,A,-1,1,-1,1250,close,-0.50295,0.003509
NQ,2017-02-24,B,-1,1,-1,972,stop,-1.22796,0.003509
NQ,2017-02-24,Bmirror,1,1,-1,972,stop,-1.22796,0.003509
NQ,2017-02-27,A,1,1,1,645,stop,-1.04698,0.003397
NQ,2017-02-27,B,-1,1,1,185,stop,-1.23551,0.003397
NQ,2017-02-27,Bmirror,1,1,1,185,stop,-1.23551,0.003397
NQ,2017-02-28,A,1,1,-1,1035,stop,-1.04674,0.003414
NQ,2017-02-28,B,-1,1,-1,986,target,12.16570,0.003414
NQ,2017-02-28,Bmirror,1,1,-1,986,stop,-1.23430,0.003414
NQ,2017-03-01,A,-1,1,-1,77,target,0.69128,0.003292
NQ,2017-03-02,A,1,1,1,960,stop,-1.04662,0.003423
NQ,2017-03-02,B,-1,1,1,385,stop,-1.23369,0.003423
NQ,2017-03-02,Bmirror,1,1,1,385,stop,-1.23369,0.003423
NQ,2017-03-03,A,1,1,-1,258,target,0.69568,0.003600
NQ,2017-03-03,B,-1,1,-1,872,stop,-1.22220,0.003600
NQ,2017-03-03,Bmirror,1,1,-1,872,stop,-1.22220,0.003600
NQ,2017-03-06,A,-1,1,-1,630,target,0.69557,0.003611
NQ,2017-03-06,B,1,1,-1,498,stop,-1.22154,0.003611
NQ,2017-03-06,Bmirror,-1,1,-1,498,stop,-1.22154,0.003611
NQ,2017-03-07,A,1,1,1,1241,target,0.69363,0.003442
NQ,2017-03-07,A,-1,1,1,930,target,0.69340,0.003442
NQ,2017-03-07,B,-1,1,1,919,stop,-1.23243,0.003442
NQ,2017-03-07,Bmirror,1,1,1,919,stop,-1.23243,0.003442
NQ,2017-03-08,A,-1,1,-1,878,stop,-1.04569,0.003511
NQ,2017-03-08,B,-1,1,-1,195,stop,-1.22785,0.003511
NQ,2017-03-08,Bmirror,1,1,-1,195,stop,-1.22785,0.003511
NQ,2017-03-09,A,1,1,1,874,target,0.69471,0.003523
NQ,2017-03-09,B,-1,1,1,887,stop,-1.22705,0.003523
NQ,2017-03-09,Bmirror,1,1,1,887,stop,-1.22705,0.003523
NQ,2017-03-10,A,-1,1,1,542,target,0.69357,0.003455
NQ,2017-03-10,B,1,1,1,1071,stop,-1.23155,0.003455
NQ,2017-03-10,Bmirror,-1,1,1,1071,stop,-1.23155,0.003455
NQ,2017-03-13,A,-1,1,-1,810,stop,-1.04747,0.003379
NQ,2017-03-14,A,1,1,1,730,stop,-1.04683,0.003408
NQ,2017-03-15,A,-1,1,-1,1008,stop,-1.04628,0.003466
NQ,2017-03-15,B,1,1,-1,821,stop,-1.23079,0.003466
NQ,2017-03-15,Bmirror,-1,1,-1,821,stop,-1.23079,0.003466
NQ,2017-03-16,A,1,1,1,905,target,0.69557,0.003592
NQ,2017-03-16,A,-1,1,1,428,target,0.69533,0.003592
NQ,2017-03-16,B,1,1,1,820,stop,-1.22273,0.003592
NQ,2017-03-16,Bmirror,-1,1,1,820,stop,-1.22273,0.003592
NQ,2017-03-17,B,1,1,-1,794,stop,-1.22287,0.003589
NQ,2017-03-17,Bmirror,-1,1,-1,794,stop,-1.22287,0.003589
NQ,2017-03-20,A,-1,1,-1,856,target,0.69552,0.003607
NQ,2017-03-21,A,1,1,1,893,stop,-1.04514,0.003535
NQ,2017-03-21,A,-1,1,1,116,stop,-1.04537,0.003535
NQ,2017-03-21,B,1,1,1,854,stop,-1.22628,0.003535
NQ,2017-03-21,Bmirror,-1,1,1,854,stop,-1.22628,0.003535
NQ,2017-03-22,A,-1,-1,-1,815,target,0.70529,0.004626
NQ,2017-03-22,B,-1,-1,-1,496,stop,-1.17294,0.004626
NQ,2017-03-22,Bmirror,1,-1,-1,496,stop,-1.17294,0.004626
NQ,2017-03-23,A,1,1,1,810,target,0.70619,0.004716
NQ,2017-03-23,B,-1,1,1,915,close,7.52789,0.004716
NQ,2017-03-23,Bmirror,1,1,1,915,stop,-1.16964,0.004716
NQ,2017-03-24,A,-1,1,-1,814,stop,-1.03398,0.004725
NQ,2017-03-24,B,1,1,-1,625,target,12.23069,0.004725
NQ,2017-03-24,Bmirror,-1,1,-1,625,stop,-1.16931,0.004725
NQ,2017-03-27,A,1,-1,-1,459,target,0.70627,0.004727
NQ,2017-03-27,A,-1,-1,-1,990,stop,-1.03397,0.004727
NQ,2017-03-27,B,-1,-1,-1,905,stop,-1.16926,0.004727
NQ,2017-03-27,Bmirror,1,-1,-1,905,stop,-1.16926,0.004727
NQ,2017-03-28,A,1,1,1,891,target,0.70732,0.004879
NQ,2017-03-28,A,-1,1,1,1100,stop,-1.03291,0.004879
NQ,2017-03-28,B,-1,1,1,876,stop,-1.16397,0.004879
NQ,2017-03-28,Bmirror,1,1,1,876,stop,-1.16397,0.004879
NQ,2017-03-29,A,-1,1,1,1162,close,-0.52997,0.004939
NQ,2017-03-30,B,1,1,1,546,stop,-1.15976,0.005008
NQ,2017-03-30,Bmirror,-1,1,1,546,stop,-1.15976,0.005008
NQ,2017-03-31,B,-1,1,1,888,stop,-1.16315,0.004904
NQ,2017-03-31,Bmirror,1,1,1,888,stop,-1.16315,0.004904
NQ,2017-04-03,A,1,1,1,965,stop,-1.03267,0.004880
NQ,2017-04-03,B,1,1,1,906,stop,-1.16393,0.004880
NQ,2017-04-03,Bmirror,-1,1,1,906,stop,-1.16393,0.004880
NQ,2017-04-04,A,1,1,-1,757,target,0.70741,0.004892
NQ,2017-04-04,B,-1,1,-1,875,stop,-1.16354,0.004892
NQ,2017-04-04,Bmirror,1,1,-1,875,stop,-1.16354,0.004892
NQ,2017-04-05,A,1,1,1,1225,stop,-1.03253,0.004901
NQ,2017-04-05,A,-1,1,1,930,stop,-1.03276,0.004901
NQ,2017-04-05,B,-1,1,1,798,stop,-1.16323,0.004901
NQ,2017-04-05,Bmirror,1,1,1,798,stop,-1.16323,0.004901
NQ,2017-04-06,A,1,1,-1,202,target,0.70601,0.004691
NQ,2017-04-06,B,-1,1,-1,670,stop,-1.17052,0.004691
NQ,2017-04-06,Bmirror,1,1,-1,670,stop,-1.17052,0.004691
NQ,2017-04-07,A,1,1,1,143,stop,-1.03473,0.004591
NQ,2017-04-07,B,-1,1,1,744,stop,-1.17426,0.004591
NQ,2017-04-07,Bmirror,1,1,1,744,stop,-1.17426,0.004591
NQ,2017-04-10,A,1,1,1,1034,target,0.70454,0.004498
NQ,2017-04-10,A,-1,1,1,933,target,0.70431,0.004498
NQ,2017-04-10,B,1,1,1,485,stop,-1.17787,0.004498
NQ,2017-04-10,Bmirror,-1,1,1,485,stop,-1.17787,0.004498
NQ,2017-04-11,A,1,1,1,880,stop,-1.03551,0.004491
NQ,2017-04-12,A,1,-1,-1,959,stop,-1.03491,0.004567
NQ,2017-04-12,B,-1,-1,-1,490,stop,-1.17516,0.004567
NQ,2017-04-12,Bmirror,1,-1,-1,490,stop,-1.17516,0.004567
NQ,2017-04-13,A,1,-1,-1,1258,close,0.08295,0.004617
NQ,2017-04-13,A,-1,-1,-1,902,target,0.70523,0.004617
NQ,2017-04-13,B,-1,-1,-1,157,stop,-1.17328,0.004617
NQ,2017-04-13,Bmirror,1,-1,-1,157,stop,-1.17328,0.004617
NQ,2017-04-17,A,-1,-1,-1,816,stop,-1.03467,0.004631
NQ,2017-04-18,A,1,1,1,655,target,0.70714,0.004851
NQ,2017-04-18,B,-1,1,1,886,stop,-1.16490,0.004851
NQ,2017-04-18,Bmirror,1,1,1,886,stop,-1.16490,0.004851
NQ,2017-04-19,A,-1,1,-1,799,stop,-1.03343,0.004804
NQ,2017-04-20,A,-1,1,1,871,target,0.70650,0.004793
NQ,2017-04-21,A,1,1,1,1091,target,0.70731,0.004877
NQ,2017-04-21,B,-1,1,1,988,close,3.97722,0.004877
NQ,2017-04-21,Bmirror,1,1,1,988,stop,-1.16404,0.004877
NQ,2017-04-24,A,-1,1,1,921,target,0.70876,0.005141
NQ,2017-04-25,A,-1,1,1,807,stop,-1.03116,0.005154
NQ,2017-04-26,B,1,1,1,883,stop,-1.15060,0.005312
NQ,2017-04-26,Bmirror,-1,1,1,883,stop,-1.15060,0.005312
NQ,2017-04-27,A,-1,1,-1,885,stop,-1.03691,0.004349
NQ,2017-04-28,B,1,1,1,812,stop,-1.18327,0.004365
NQ,2017-04-28,Bmirror,-1,1,1,812,stop,-1.18327,0.004365
NQ,2017-05-01,A,-1,1,-1,684,stop,-1.03696,0.004343
NQ,2017-05-02,B,1,1,1,882,stop,-1.18168,0.004403
NQ,2017-05-02,Bmirror,-1,1,1,882,stop,-1.18168,0.004403
NQ,2017-05-04,A,-1,1,-1,617,target,0.70270,0.004303
NQ,2017-05-04,B,1,1,-1,878,stop,-1.18592,0.004303
NQ,2017-05-04,Bmirror,-1,1,-1,878,stop,-1.18592,0.004303
NQ,2017-05-05,A,-1,1,1,1250,close,-0.73506,0.004247
NQ,2017-05-05,B,-1,1,1,508,stop,-1.18835,0.004247
NQ,2017-05-05,Bmirror,1,1,1,508,stop,-1.18835,0.004247
NQ,2017-05-08,B,-1,1,-1,685,stop,-1.18622,0.004296
NQ,2017-05-08,Bmirror,1,1,-1,685,stop,-1.18622,0.004296
NQ,2017-05-09,A,-1,1,1,889,stop,-1.03735,0.004298
NQ,2017-05-10,B,-1,1,1,987,stop,-1.18746,0.004268
NQ,2017-05-10,Bmirror,1,1,1,987,stop,-1.18746,0.004268
NQ,2017-05-11,A,1,1,1,770,target,0.70244,0.004247
NQ,2017-05-12,B,-1,1,-1,826,stop,-1.19606,0.004080
NQ,2017-05-12,Bmirror,1,1,-1,826,close,7.53960,0.004080
NQ,2017-05-15,B,1,1,1,597,stop,-1.19673,0.004066
NQ,2017-05-15,Bmirror,-1,1,1,597,stop,-1.19673,0.004066
NQ,2017-05-16,A,-1,1,1,1013,close,-0.38868,0.004065
NQ,2017-05-16,B,1,1,1,928,close,8.94914,0.004065
NQ,2017-05-16,Bmirror,-1,1,1,928,stop,-1.19682,0.004065
NQ,2017-05-17,A,1,1,1,67,target,0.70070,0.004059
NQ,2017-05-18,A,1,1,-1,628,target,0.71209,0.005708
NQ,2017-05-18,A,-1,1,-1,902,stop,-1.02815,0.005708
NQ,2017-05-18,B,1,1,-1,524,stop,-1.14015,0.005708
NQ,2017-05-18,Bmirror,-1,1,-1,524,stop,-1.14015,0.005708
NQ,2017-05-19,A,-1,1,1,879,target,0.71211,0.005760
NQ,2017-05-19,B,-1,1,1,571,stop,-1.13888,0.005760
NQ,2017-05-19,Bmirror,1,1,1,571,close,5.09561,0.005760
NQ,2017-05-22,A,-1,1,1,885,stop,-1.02829,0.005680
NQ,2017-05-23,A,-1,1,1,767,target,0.71139,0.005616
NQ,2017-05-23,B,1,1,1,1075,close,5.45707,0.005616
NQ,2017-05-23,Bmirror,-1,1,1,1075,stop,-1.14246,0.005616
NQ,2017-05-24,A,-1,1,1,1252,close,-0.03845,0.005596
NQ,2017-05-24,B,1,1,1,904,close,7.30574,0.005596
NQ,2017-05-24,Bmirror,-1,1,1,904,stop,-1.14295,0.005596
NQ,2017-05-25,A,-1,1,1,407,target,0.71138,0.005614
NQ,2017-05-26,B,1,1,1,1019,close,4.14928,0.005602
NQ,2017-05-26,Bmirror,-1,1,1,1019,stop,-1.14281,0.005602
NQ,2017-05-30,B,-1,1,-1,875,stop,-1.14740,0.005427
NQ,2017-05-30,Bmirror,1,1,-1,875,close,0.07522,0.005427
NQ,2017-05-31,A,1,1,1,900,target,0.70999,0.005310
NQ,2017-05-31,A,-1,1,1,804,target,0.70975,0.005310
NQ,2017-05-31,B,1,1,1,891,stop,-1.15067,0.005310
NQ,2017-05-31,Bmirror,-1,1,1,891,stop,-1.15067,0.005310
NQ,2017-06-01,B,1,1,1,894,stop,-1.15131,0.005287
NQ,2017-06-01,Bmirror,-1,1,1,894,stop,-1.15131,0.005287
NQ,2017-06-02,A,-1,1,1,914,stop,-1.03123,0.005143
NQ,2017-06-06,A,1,1,1,1230,close,0.13847,0.005187
NQ,2017-06-06,B,-1,1,1,883,stop,-1.15423,0.005187
NQ,2017-06-06,Bmirror,1,1,1,883,stop,-1.15423,0.005187
NQ,2017-06-07,B,1,1,-1,891,stop,-1.15303,0.005228
NQ,2017-06-07,Bmirror,-1,1,-1,891,stop,-1.15303,0.005228
NQ,2017-06-08,A,1,1,1,925,target,0.70932,0.005196
NQ,2017-06-08,B,1,1,1,877,stop,-1.15397,0.005196
NQ,2017-06-08,Bmirror,-1,1,1,877,stop,-1.15397,0.005196
NQ,2017-06-09,A,1,1,-1,1030,stop,-1.03063,0.005204
NQ,2017-06-09,B,1,1,-1,980,stop,-1.15373,0.005204
NQ,2017-06-09,Bmirror,-1,1,-1,980,target,12.24627,0.005204
NQ,2017-06-12,A,1,1,-1,513,stop,-1.02302,0.006914
NQ,2017-06-13,A,-1,1,-1,870,target,0.71686,0.006951
NQ,2017-06-13,B,1,1,-1,960,target,12.28490,0.006951
NQ,2017-06-13,Bmirror,-1,1,-1,960,stop,-1.11510,0.006951
NQ,2017-06-14,A,1,1,1,1184,stop,-1.02258,0.007048
NQ,2017-06-14,B,1,1,1,880,stop,-1.11350,0.007048
NQ,2017-06-14,Bmirror,-1,1,1,880,stop,-1.11350,0.007048
NQ,2017-06-15,A,1,1,-1,506,stop,-1.02199,0.007238
NQ,2017-06-16,A,1,-1,-1,926,target,0.71802,0.007239
NQ,2017-06-16,B,1,-1,-1,825,stop,-1.11051,0.007239
NQ,2017-06-16,Bmirror,-1,-1,-1,825,stop,-1.11051,0.007239
NQ,2017-06-19,A,-1,-1,-1,489,stop,-1.02225,0.007230
NQ,2017-06-20,A,1,-1,1,1044,close,-0.46057,0.007713
NQ,2017-06-20,B,-1,-1,1,948,close,9.49600,0.007713
NQ,2017-06-20,Bmirror,1,-1,1,948,stop,-1.10372,0.007713
NQ,2017-06-21,A,-1,-1,-1,941,stop,-1.02052,0.007842
NQ,2017-06-21,B,-1,-1,-1,797,stop,-1.10201,0.007842
NQ,2017-06-21,Bmirror,1,-1,-1,797,target,12.29799,0.007842
NQ,2017-06-22,B,1,-1,1,523,stop,-1.11511,0.006950
NQ,2017-06-22,Bmirror,-1,-1,1,523,stop,-1.11511,0.006950
NQ,2017-06-23,B,-1,-1,-1,932,stop,-1.11757,0.006804
NQ,2017-06-23,Bmirror,1,-1,-1,932,close,3.99988,0.006804
NQ,2017-06-26,A,1,-1,-1,983,target,0.71661,0.006806
NQ,2017-06-26,A,-1,-1,-1,493,target,0.71637,0.006806
NQ,2017-06-26,B,1,-1,-1,937,stop,-1.11754,0.006806
NQ,2017-06-26,Bmirror,-1,-1,-1,937,stop,-1.11754,0.006806
NQ,2017-06-27,A,1,-1,-1,565,target,0.71657,0.006795
NQ,2017-06-28,A,1,-1,-1,559,target,0.71905,0.007595
NQ,2017-06-28,A,-1,-1,-1,932,stop,-1.02118,0.007595
NQ,2017-06-28,B,-1,-1,-1,474,stop,-1.10533,0.007595
NQ,2017-06-28,Bmirror,1,-1,-1,474,stop,-1.10533,0.007595
NQ,2017-06-29,A,1,-1,1,813,stop,-1.01946,0.008173
NQ,2017-06-30,A,-1,-1,-1,666,target,0.72223,0.009064
NQ,2017-07-03,A,1,-1,1,960,stop,-1.01749,0.009085
NQ,2017-07-03,B,1,-1,1,884,stop,-1.08806,0.009085
NQ,2017-07-03,Bmirror,-1,-1,1,884,stop,-1.08806,0.009085
NQ,2017-07-04,B,1,-1,-1,988,stop,-1.08510,0.009401
NQ,2017-07-04,Bmirror,-1,-1,-1,988,close,0.90663,0.009401
NQ,2017-07-05,A,-1,-1,-1,875,target,0.72285,0.009397
NQ,2017-07-06,A,1,-1,1,665,stop,-1.01638,0.009698
NQ,2017-07-07,A,-1,-1,-1,897,stop,-1.01654,0.009745
NQ,2017-07-10,A,-1,-1,1,1132,close,0.20033,0.009721
NQ,2017-07-10,B,1,-1,1,829,stop,-1.08230,0.009721
NQ,2017-07-10,Bmirror,-1,-1,1,829,stop,-1.08230,0.009721
NQ,2017-07-11,B,1,1,1,980,stop,-1.08155,0.009810
NQ,2017-07-11,Bmirror,-1,1,1,980,stop,-1.08155,0.009810
NQ,2017-07-12,A,-1,1,1,830,close,-0.91786,0.009860
NQ,2017-07-13,B,1,1,1,852,stop,-1.07920,0.010101
NQ,2017-07-13,Bmirror,-1,1,1,852,stop,-1.07920,0.010101
NQ,2017-07-14,A,-1,1,1,1152,close,-0.22057,0.010107
NQ,2017-07-18,B,-1,1,1,959,stop,-1.08720,0.009174
NQ,2017-07-18,Bmirror,1,1,1,959,close,7.59018,0.009174
NQ,2017-07-20,B,1,1,1,885,stop,-1.08891,0.008998
NQ,2017-07-20,Bmirror,-1,1,1,885,stop,-1.08891,0.008998
NQ,2017-07-21,B,-1,1,1,1087,close,-0.59682,0.008991
NQ,2017-07-21,Bmirror,1,1,1,1087,stop,-1.08898,0.008991
NQ,2017-07-27,A,1,1,1,1077,stop,-1.01910,0.008327
NQ,2017-07-27,B,1,1,1,1051,stop,-1.09607,0.008327
NQ,2017-07-27,Bmirror,-1,1,1,1051,stop,-1.09607,0.008327
NQ,2017-07-28,A,1,1,-1,570,target,0.72155,0.008616
NQ,2017-07-28,B,-1,1,-1,881,stop,-1.09285,0.008616
NQ,2017-07-28,Bmirror,1,1,-1,881,stop,-1.09285,0.008616
NQ,2017-07-31,B,1,1,-1,899,stop,-1.09283,0.008618
NQ,2017-07-31,Bmirror,-1,1,-1,899,stop,-1.09283,0.008618
NQ,2017-08-01,B,1,1,-1,925,close,9.85981,0.008621
NQ,2017-08-01,Bmirror,-1,1,-1,925,stop,-1.09280,0.008621
NQ,2017-08-02,A,1,1,1,920,stop,-1.02003,0.007943
NQ,2017-08-03,A,1,1,-1,913,target,0.71856,0.007422
NQ,2017-08-04,B,1,1,-1,899,stop,-1.13332,0.006001
NQ,2017-08-04,Bmirror,-1,1,-1,899,stop,-1.13332,0.006001
NQ,2017-08-07,A,-1,1,1,1227,close,-0.44417,0.005987
NQ,2017-08-08,A,1,1,1,1236,target,0.70970,0.005261
NQ,2017-08-08,A,-1,1,1,1008,stop,-1.03053,0.005261
NQ,2017-08-08,B,-1,1,1,938,stop,-1.15208,0.005261
NQ,2017-08-08,Bmirror,1,1,1,938,target,12.24792,0.005261
NQ,2017-08-09,A,1,1,-1,111,target,0.71025,0.005356
NQ,2017-08-09,B,-1,1,-1,1014,stop,-1.14935,0.005356
NQ,2017-08-09,Bmirror,1,1,-1,1014,stop,-1.14935,0.005356
NQ,2017-08-10,A,1,1,1,553,stop,-1.03184,0.005006
NQ,2017-08-11,A,-1,-1,-1,865,target,0.71561,0.006593
NQ,2017-08-11,B,-1,-1,-1,639,stop,-1.12133,0.006593
NQ,2017-08-11,Bmirror,1,-1,-1,639,stop,-1.12133,0.006593
NQ,2017-08-14,A,-1,-1,1,868,stop,-1.02423,0.006636
NQ,2017-08-15,A,-1,-1,1,157,target,0.71641,0.006818
NQ,2017-08-15,B,1,-1,1,880,stop,-1.11734,0.006818
NQ,2017-08-15,Bmirror,-1,-1,1,880,stop,-1.11734,0.006818
NQ,2017-08-16,A,-1,-1,-1,1021,target,0.71634,0.006795
NQ,2017-08-16,B,1,-1,-1,891,stop,-1.11773,0.006795
NQ,2017-08-16,Bmirror,-1,-1,-1,891,stop,-1.11773,0.006795
NQ,2017-08-17,A,1,-1,1,900,stop,-1.02448,0.006504
NQ,2017-08-18,A,-1,-1,-1,1013,target,0.71843,0.007460
NQ,2017-08-18,B,1,-1,-1,498,stop,-1.10724,0.007460
NQ,2017-08-18,Bmirror,-1,-1,-1,498,stop,-1.10724,0.007460
NQ,2017-08-21,A,1,-1,1,564,target,0.71821,0.007305
NQ,2017-08-22,A,-1,-1,-1,481,target,0.71801,0.007314
NQ,2017-08-23,A,1,-1,1,853,target,0.71937,0.007712
NQ,2017-08-24,A,-1,-1,-1,801,target,0.71934,0.007789
NQ,2017-08-24,B,1,-1,-1,899,stop,-1.10271,0.007789
NQ,2017-08-24,Bmirror,-1,-1,-1,899,stop,-1.10271,0.007789
NQ,2017-08-25,B,1,-1,1,888,stop,-1.10253,0.007803
NQ,2017-08-25,Bmirror,-1,-1,1,888,stop,-1.10253,0.007803
NQ,2017-08-28,B,-1,-1,-1,703,stop,-1.10225,0.007824
NQ,2017-08-28,Bmirror,1,-1,-1,703,close,5.34296,0.007824
NQ,2017-08-29,A,-1,-1,-1,943,stop,-1.02058,0.007821
NQ,2017-08-29,B,-1,-1,-1,875,stop,-1.10229,0.007821
NQ,2017-08-29,Bmirror,1,-1,-1,875,target,12.29771,0.007821
NQ,2017-08-30,A,-1,-1,1,949,stop,-1.01997,0.008058
NQ,2017-08-30,B,1,-1,1,826,stop,-1.09927,0.008058
NQ,2017-08-30,Bmirror,-1,-1,1,826,stop,-1.09927,0.008058
NQ,2017-08-31,A,-1,1,1,917,stop,-1.01945,0.008276
NQ,2017-09-01,B,1,1,1,891,stop,-1.09762,0.008195
NQ,2017-09-01,Bmirror,-1,1,1,891,stop,-1.09762,0.008195
NQ,2017-09-05,A,1,1,1,1022,stop,-1.01944,0.008182
NQ,2017-09-05,B,-1,1,1,896,stop,-1.09777,0.008182
NQ,2017-09-05,Bmirror,1,1,1,896,stop,-1.09777,0.008182
NQ,2017-09-06,B,1,1,-1,916,stop,-1.09818,0.008148
NQ,2017-09-06,Bmirror,-1,1,-1,916,stop,-1.09818,0.008148
NQ,2017-09-07,A,-1,1,1,949,target,0.72022,0.008136
NQ,2017-09-08,A,1,1,1,943,stop,-1.01955,0.008133
NQ,2017-09-11,A,-1,1,1,882,close,-0.31756,0.008330
NQ,2017-09-12,B,1,1,1,887,stop,-1.09542,0.008384
NQ,2017-09-12,Bmirror,-1,1,1,887,stop,-1.09542,0.008384
NQ,2017-09-14,B,-1,1,-1,976,close,6.35421,0.008351
NQ,2017-09-14,Bmirror,1,1,-1,976,stop,-1.09580,0.008351
NQ,2017-09-15,A,-1,1,-1,934,stop,-1.02233,0.007202
NQ,2017-09-18,A,1,1,1,1184,target,0.71754,0.007086
NQ,2017-09-18,B,1,1,1,1154,stop,-1.11289,0.007086
NQ,2017-09-18,Bmirror,-1,1,1,1154,close,2.50097,0.007086
NQ,2017-09-20,A,1,1,1,959,target,0.71670,0.006831
NQ,2017-09-21,A,1,1,-1,891,stop,-1.02322,0.006857
NQ,2017-09-22,A,1,1,-1,142,target,0.71289,0.005876
NQ,2017-09-22,B,-1,1,-1,908,close,1.75631,0.005876
NQ,2017-09-22,Bmirror,1,1,-1,908,stop,-1.13615,0.005876
NQ,2017-09-25,A,1,-1,1,823,stop,-1.02709,0.005880
NQ,2017-09-25,B,1,-1,1,163,stop,-1.13605,0.005880
NQ,2017-09-25,Bmirror,-1,-1,1,163,target,12.26395,0.005880
NQ,2017-09-26,A,-1,-1,-1,842,target,0.71410,0.006206
NQ,2017-09-26,B,1,-1,-1,969,stop,-1.12891,0.006206
NQ,2017-09-26,Bmirror,-1,-1,-1,969,stop,-1.12891,0.006206
NQ,2017-09-27,A,-1,-1,1,862,stop,-1.02846,0.005645
NQ,2017-09-28,A,1,-1,1,877,target,0.71164,0.005618
NQ,2017-09-28,B,-1,-1,1,929,stop,-1.14239,0.005618
NQ,2017-09-28,Bmirror,1,-1,1,929,stop,-1.14239,0.005618
NQ,2017-09-29,A,-1,-1,-1,939,stop,-1.02863,0.005612
NQ,2017-09-29,B,1,-1,-1,901,target,12.25745,0.005612
NQ,2017-09-29,Bmirror,-1,-1,-1,901,stop,-1.14255,0.005612
NQ,2017-10-02,A,1,1,1,1018,target,0.71202,0.005695
NQ,2017-10-02,B,1,1,1,990,stop,-1.14048,0.005695
NQ,2017-10-02,Bmirror,-1,1,1,990,close,1.97155,0.005695
NQ,2017-10-03,B,1,1,-1,687,close,4.42269,0.005683
NQ,2017-10-03,Bmirror,-1,1,-1,687,stop,-1.14076,0.005683
NQ,2017-10-04,B,-1,1,1,904,stop,-1.14761,0.005420
NQ,2017-10-04,Bmirror,1,1,1,904,stop,-1.14761,0.005420
NQ,2017-10-05,A,-1,1,1,806,stop,-1.03184,0.005043
NQ,2017-10-06,A,1,1,1,843,target,0.70833,0.005033
NQ,2017-10-06,B,-1,1,1,1052,stop,-1.15896,0.005033
NQ,2017-10-06,Bmirror,1,1,1,1052,stop,-1.15896,0.005033
NQ,2017-10-09,B,1,1,1,949,stop,-1.16132,0.004959
NQ,2017-10-09,Bmirror,-1,1,1,949,stop,-1.16132,0.004959
NQ,2017-10-10,A,1,1,-1,1041,target,0.70783,0.004956
NQ,2017-10-10,A,-1,1,-1,879,target,0.70760,0.004956
NQ,2017-10-10,B,1,1,-1,907,stop,-1.16142,0.004956
NQ,2017-10-10,Bmirror,-1,1,-1,907,stop,-1.16142,0.004956
NQ,2017-10-11,A,-1,1,1,1258,close,0.19801,0.004786
NQ,2017-10-11,B,-1,1,1,862,stop,-1.16715,0.004786
NQ,2017-10-11,Bmirror,1,1,1,862,stop,-1.16715,0.004786
NQ,2017-10-12,B,-1,1,1,895,stop,-1.16658,0.004802
NQ,2017-10-12,Bmirror,1,1,1,895,stop,-1.16658,0.004802
NQ,2017-10-13,A,-1,1,-1,815,close,-0.34293,0.004753
NQ,2017-10-16,B,1,1,1,920,stop,-1.18085,0.004424
NQ,2017-10-16,Bmirror,-1,1,1,920,stop,-1.18085,0.004424
NQ,2017-10-17,B,-1,1,1,977,stop,-1.18728,0.004272
NQ,2017-10-17,Bmirror,1,1,1,977,stop,-1.18728,0.004272
NQ,2017-10-18,B,-1,1,1,946,stop,-1.18784,0.004259
NQ,2017-10-18,Bmirror,1,1,1,946,stop,-1.18784,0.004259
NQ,2017-10-19,A,1,1,-1,509,stop,-1.03745,0.004259
NQ,2017-10-20,A,-1,1,-1,173,stop,-1.03988,0.004024
NQ,2017-10-23,A,1,1,1,905,stop,-1.04155,0.003840
NQ,2017-10-23,B,-1,1,1,581,stop,-1.20833,0.003840
NQ,2017-10-23,Bmirror,1,1,1,581,stop,-1.20833,0.003840
NQ,2017-10-24,A,-1,1,-1,965,target,0.70124,0.004140
NQ,2017-10-24,B,1,1,-1,473,stop,-1.19323,0.004140
NQ,2017-10-24,Bmirror,-1,1,-1,473,stop,-1.19323,0.004140
NQ,2017-10-25,A,1,1,1,962,stop,-1.03851,0.004142
NQ,2017-10-25,B,-1,1,1,720,stop,-1.19313,0.004142
NQ,2017-10-25,Bmirror,1,1,1,720,stop,-1.19313,0.004142
NQ,2017-10-26,A,1,1,-1,908,target,0.70133,0.004125
NQ,2017-10-26,B,1,1,-1,783,stop,-1.19392,0.004125
NQ,2017-10-26,Bmirror,-1,1,-1,783,stop,-1.19392,0.004125
NQ,2017-10-27,A,-1,1,1,511,stop,-1.03964,0.004048
NQ,2017-10-27,B,-1,1,1,123,stop,-1.19762,0.004048
NQ,2017-10-27,Bmirror,1,1,1,123,stop,-1.19762,0.004048
NQ,2017-10-30,A,-1,1,-1,834,stop,-1.03012,0.005334
NQ,2017-10-30,B,1,1,-1,124,target,12.25001,0.005334
NQ,2017-10-30,Bmirror,-1,1,-1,124,stop,-1.14999,0.005334
NQ,2017-10-31,A,-1,1,1,696,target,0.70674,0.004827
NQ,2017-11-01,A,1,1,1,1029,target,0.70721,0.004861
NQ,2017-11-01,A,-1,1,1,432,target,0.70697,0.004861
NQ,2017-11-01,B,1,1,1,858,stop,-1.16456,0.004861
NQ,2017-11-01,Bmirror,-1,1,1,858,stop,-1.16456,0.004861
NQ,2017-11-02,A,1,1,-1,18,target,0.70692,0.004820
NQ,2017-11-02,A,-1,1,-1,1232,close,-0.35905,0.004820
NQ,2017-11-02,B,-1,1,-1,495,stop,-1.16597,0.004820
NQ,2017-11-02,Bmirror,1,1,-1,495,stop,-1.16597,0.004820
NQ,2017-11-03,A,-1,1,1,1029,stop,-1.03333,0.004818
NQ,2017-11-03,B,1,1,1,812,stop,-1.16606,0.004818
NQ,2017-11-03,Bmirror,-1,1,1,812,stop,-1.16606,0.004818
NQ,2017-11-06,A,1,1,1,141,target,0.70643,0.004749
NQ,2017-11-06,A,-1,1,1,1203,close,0.20074,0.004749
NQ,2017-11-06,B,-1,1,1,731,stop,-1.16844,0.004749
NQ,2017-11-06,Bmirror,1,1,1,731,stop,-1.16844,0.004749
NQ,2017-11-07,B,1,1,1,583,stop,-1.16976,0.004713
NQ,2017-11-07,Bmirror,-1,1,1,583,stop,-1.16976,0.004713
NQ,2017-11-08,A,-1,1,-1,961,stop,-1.03387,0.004741
NQ,2017-11-09,A,1,1,1,692,stop,-1.03323,0.004797
NQ,2017-11-10,A,1,1,-1,568,target,0.70616,0.004712
NQ,2017-11-10,B,1,1,-1,374,stop,-1.16980,0.004712
NQ,2017-11-10,Bmirror,-1,1,-1,374,stop,-1.16980,0.004712
NQ,2017-11-13,A,1,1,1,728,target,0.70617,0.004713
NQ,2017-11-13,B,-1,1,1,979,stop,-1.16973,0.004713
NQ,2017-11-13,Bmirror,1,1,1,979,stop,-1.16973,0.004713
NQ,2017-11-14,A,1,1,-1,876,stop,-1.03371,0.004729
NQ,2017-11-15,A,1,1,-1,435,stop,-1.03333,0.004784
NQ,2017-11-16,A,-1,1,-1,301,stop,-1.03302,0.004863
NQ,2017-11-17,A,1,1,1,1214,close,-0.74917,0.005317
NQ,2017-11-20,B,-1,1,1,663,stop,-1.14680,0.005450
NQ,2017-11-20,Bmirror,1,1,1,663,stop,-1.14680,0.005450
NQ,2017-11-21,A,-1,1,1,735,stop,-1.02949,0.005448
NQ,2017-11-23,B,-1,1,1,550,stop,-1.14024,0.005704
NQ,2017-11-23,Bmirror,1,1,1,550,stop,-1.14024,0.005704
NQ,2017-11-24,A,-1,1,-1,965,close,-0.22019,0.005625
NQ,2017-11-27,B,-1,1,1,530,stop,-1.14157,0.005651
NQ,2017-11-27,Bmirror,1,1,1,530,stop,-1.14157,0.005651
NQ,2017-11-28,B,1,1,-1,1134,stop,-1.14852,0.005386
NQ,2017-11-28,Bmirror,-1,1,-1,1134,stop,-1.14852,0.005386
NQ,2017-11-29,A,1,1,1,878,stop,-1.02959,0.005385
NQ,2017-11-30,A,-1,-1,-1,855,stop,-1.02512,0.006400
NQ,2017-11-30,B,-1,-1,-1,428,stop,-1.12499,0.006400
NQ,2017-11-30,Bmirror,1,-1,-1,428,stop,-1.12499,0.006400
NQ,2017-12-01,A,1,1,1,647,target,0.71544,0.006485
NQ,2017-12-01,B,-1,1,1,270,stop,-1.12337,0.006485
NQ,2017-12-01,Bmirror,1,1,1,270,stop,-1.12337,0.006485
NQ,2017-12-04,A,1,1,1,898,stop,-1.02868,0.005556
NQ,2017-12-04,B,-1,1,1,870,stop,-1.14398,0.005556
NQ,2017-12-04,Bmirror,1,1,1,870,stop,-1.14398,0.005556
NQ,2017-12-05,A,1,-1,-1,658,target,0.71542,0.006479
NQ,2017-12-05,A,-1,-1,-1,882,stop,-1.02481,0.006479
NQ,2017-12-05,B,-1,-1,-1,771,stop,-1.12348,0.006479
NQ,2017-12-05,Bmirror,1,-1,-1,771,stop,-1.12348,0.006479
NQ,2017-12-06,A,1,-1,1,268,target,0.71519,0.006419
NQ,2017-12-06,A,-1,-1,1,1145,target,0.71496,0.006419
NQ,2017-12-06,B,-1,-1,1,878,stop,-1.12463,0.006419
NQ,2017-12-06,Bmirror,1,-1,1,878,stop,-1.12463,0.006419
NQ,2017-12-07,A,-1,-1,1,1017,target,0.71500,0.006431
NQ,2017-12-07,B,1,-1,1,727,stop,-1.12439,0.006431
NQ,2017-12-07,Bmirror,-1,-1,1,727,stop,-1.12439,0.006431
NQ,2017-12-08,A,-1,1,1,418,stop,-1.02496,0.006441
NQ,2017-12-11,A,-1,1,1,1014,stop,-1.02518,0.006385
NQ,2017-12-12,B,-1,1,1,990,close,4.01374,0.006533
NQ,2017-12-12,Bmirror,1,1,1,990,stop,-1.12246,0.006533
NQ,2017-12-13,A,-1,1,-1,863,target,0.71553,0.006569
NQ,2017-12-14,B,1,1,1,1094,stop,-1.12266,0.006522
NQ,2017-12-14,Bmirror,-1,1,1,1094,stop,-1.12266,0.006522
NQ,2017-12-15,A,-1,1,-1,916,stop,-1.02488,0.006461
NQ,2017-12-19,A,1,1,1,924,stop,-1.02303,0.006911
NQ,2017-12-20,A,1,1,-1,889,target,0.71707,0.006941
NQ,2017-12-20,B,1,1,-1,876,stop,-1.11527,0.006941
NQ,2017-12-20,Bmirror,-1,1,-1,876,close,5.32270,0.006941
NQ,2017-12-21,A,-1,1,-1,1091,target,0.71681,0.006935
NQ,2017-12-21,B,1,1,-1,895,close,0.88807,0.006935
NQ,2017-12-21,Bmirror,-1,1,-1,895,stop,-1.11536,0.006935
NQ,2017-12-26,A,1,1,1,722,stop,-1.02465,0.006460
NQ,2017-12-28,B,1,1,-1,903,stop,-1.12778,0.006261
NQ,2017-12-28,Bmirror,-1,1,-1,903,close,2.40340,0.006261
NQ,2017-12-29,A,1,1,-1,962,target,0.71457,0.006262
NQ,2017-12-29,B,1,1,-1,871,stop,-1.12775,0.006262
NQ,2017-12-29,Bmirror,-1,1,-1,871,stop,-1.12775,0.006262
NQ,2018-01-02,A,-1,1,1,879,stop,-1.02462,0.006529
NQ,2018-01-02,B,-1,1,1,720,stop,-1.12252,0.006529
NQ,2018-01-02,Bmirror,1,1,1,720,target,12.27748,0.006529
NQ,2018-01-03,A,-1,1,1,891,stop,-1.02267,0.007095
NQ,2018-01-05,A,-1,1,1,957,stop,-1.02197,0.007322
NQ,2018-01-08,B,-1,1,1,897,stop,-1.12298,0.006505
NQ,2018-01-08,Bmirror,1,1,1,897,stop,-1.12298,0.006505
NQ,2018-01-09,B,-1,1,1,972,stop,-1.12361,0.006472
NQ,2018-01-09,Bmirror,1,1,1,972,stop,-1.12361,0.006472
NQ,2018-01-10,A,1,1,-1,638,target,0.71531,0.006449
NQ,2018-01-11,A,-1,1,-1,1053,stop,-1.02967,0.005414
NQ,2018-01-11,B,1,1,-1,934,target,12.25223,0.005414
NQ,2018-01-11,Bmirror,-1,1,-1,934,stop,-1.14777,0.005414
NQ,2018-01-12,A,-1,1,1,939,stop,-1.02930,0.005482
NQ,2018-01-12,B,1,1,1,816,stop,-1.14592,0.005482
NQ,2018-01-12,Bmirror,-1,1,1,816,stop,-1.14592,0.005482
NQ,2018-01-16,A,1,1,-1,1161,stop,-1.02854,0.005583
NQ,2018-01-16,A,-1,1,-1,590,stop,-1.02878,0.005583
NQ,2018-01-16,B,1,1,-1,1074,stop,-1.14329,0.005583
NQ,2018-01-16,Bmirror,-1,1,-1,1074,stop,-1.14329,0.005583
NQ,2018-01-17,A,-1,1,-1,501,target,0.71176,0.005691
NQ,2018-01-18,A,1,1,1,784,target,0.71273,0.005843
NQ,2018-01-18,B,-1,1,1,1056,stop,-1.13692,0.005843
NQ,2018-01-18,Bmirror,1,1,1,1056,stop,-1.13692,0.005843
NQ,2018-01-19,A,-1,1,-1,619,target,0.71221,0.005782
NQ,2018-01-19,B,-1,1,-1,485,stop,-1.13836,0.005782
NQ,2018-01-19,Bmirror,1,1,-1,485,stop,-1.13836,0.005782
NQ,2018-01-22,A,-1,1,-1,910,stop,-1.02777,0.005787
NQ,2018-01-23,A,-1,1,1,888,target,0.71200,0.005739
NQ,2018-01-23,B,1,1,1,672,stop,-1.13940,0.005739
NQ,2018-01-23,Bmirror,-1,1,1,672,stop,-1.13940,0.005739
NQ,2018-01-24,A,1,1,1,994,target,0.71229,0.005750
NQ,2018-01-24,A,-1,1,1,820,target,0.71206,0.005750
NQ,2018-01-24,B,1,1,1,973,stop,-1.13913,0.005750
NQ,2018-01-24,Bmirror,-1,1,1,973,stop,-1.13913,0.005750
NQ,2018-01-25,A,-1,1,-1,597,stop,-1.02741,0.005862
NQ,2018-01-25,B,1,1,-1,138,stop,-1.13646,0.005862
NQ,2018-01-25,Bmirror,-1,1,-1,138,stop,-1.13646,0.005862
NQ,2018-01-26,A,-1,1,1,668,target,0.71206,0.005751
NQ,2018-01-29,A,1,1,1,582,stop,-1.02679,0.005947
NQ,2018-01-30,A,1,1,-1,225,stop,-1.02628,0.006062
NQ,2018-01-31,A,-1,1,-1,225,target,0.71488,0.006399
NQ,2018-01-31,B,1,1,-1,1187,stop,-1.12501,0.006399
NQ,2018-01-31,Bmirror,-1,1,-1,1187,stop,-1.12501,0.006399
NQ,2018-02-01,A,1,1,1,799,stop,-1.02532,0.006289
NQ,2018-02-01,B,1,1,1,539,stop,-1.12720,0.006289
NQ,2018-02-01,Bmirror,-1,1,1,539,target,12.27280,0.006289
NQ,2018-02-02,A,1,1,-1,93,target,0.71478,0.006314
NQ,2018-02-05,A,1,1,-1,870,target,0.72079,0.008277
NQ,2018-02-05,A,-1,1,-1,910,stop,-1.01945,0.008277
NQ,2018-02-05,B,1,1,-1,700,stop,-1.09665,0.008277
NQ,2018-02-05,Bmirror,-1,1,-1,700,stop,-1.09665,0.008277
NQ,2018-02-06,A,1,-1,-1,95,stop,-1.01396,0.011362
NQ,2018-02-06,A,-1,-1,-1,519,target,0.72580,0.011362
NQ,2018-02-06,B,-1,-1,-1,426,stop,-1.07041,0.011362
NQ,2018-02-06,Bmirror,1,-1,-1,426,stop,-1.07041,0.011362
NQ,2018-02-07,A,1,-1,1,361,target,0.72701,0.012208
NQ,2018-02-07,A,-1,-1,1,965,target,0.72678,0.012208
NQ,2018-02-07,B,-1,-1,1,760,stop,-1.06553,0.012208
NQ,2018-02-07,Bmirror,1,-1,1,760,stop,-1.06553,0.012208
NQ,2018-02-08,A,1,-1,-1,1047,target,0.72750,0.012682
NQ,2018-02-08,A,-1,-1,-1,172,stop,-1.01274,0.012682
NQ,2018-02-08,B,1,-1,-1,952,stop,-1.06308,0.012682
NQ,2018-02-08,Bmirror,-1,-1,-1,952,stop,-1.06308,0.012682
NQ,2018-02-09,A,1,-1,-1,1028,stop,-1.01160,0.013649
NQ,2018-02-09,A,-1,-1,-1,529,target,0.72816,0.013649
NQ,2018-02-09,B,1,-1,-1,121,stop,-1.05861,0.013649
NQ,2018-02-09,Bmirror,-1,-1,-1,121,stop,-1.05861,0.013649
NQ,2018-02-12,A,-1,-1,1,875,target,0.72843,0.013966
NQ,2018-02-12,B,1,-1,1,926,stop,-1.05728,0.013966
NQ,2018-02-12,Bmirror,-1,-1,1,926,stop,-1.05728,0.013966
NQ,2018-02-13,B,-1,-1,1,920,stop,-1.05629,0.014211
NQ,2018-02-13,Bmirror,1,-1,1,920,stop,-1.05629,0.014211
NQ,2018-02-14,A,1,-1,1,812,target,0.72889,0.014255
NQ,2018-02-14,A,-1,-1,1,999,target,0.72866,0.014255
NQ,2018-02-14,B,1,-1,1,810,stop,-1.05612,0.014255
NQ,2018-02-14,Bmirror,-1,-1,1,810,stop,-1.05612,0.014255
NQ,2018-02-15,A,-1,-1,1,893,target,0.72894,0.014620
NQ,2018-02-15,B,1,-1,1,963,target,12.34528,0.014620
NQ,2018-02-15,Bmirror,-1,-1,1,963,stop,-1.05472,0.014620
NQ,2018-02-16,B,-1,-1,1,892,stop,-1.05306,0.015077
NQ,2018-02-16,Bmirror,1,-1,1,892,stop,-1.05306,0.015077
NQ,2018-02-20,B,-1,-1,-1,887,stop,-1.05310,0.015066
NQ,2018-02-20,Bmirror,1,-1,-1,887,stop,-1.05310,0.015066
NQ,2018-02-21,A,-1,-1,1,1147,target,0.72925,0.015051
NQ,2018-02-22,A,-1,-1,-1,842,target,0.72925,0.015050
NQ,2018-02-23,A,-1,-1,1,1186,close,-0.70004,0.015169
NQ,2018-02-27,A,1,1,1,1041,target,0.72973,0.015402
NQ,2018-03-01,A,1,1,-1,895,target,0.72982,0.015531
NQ,2018-03-01,B,-1,1,-1,422,stop,-1.05151,0.015531
NQ,2018-03-01,Bmirror,1,1,-1,422,stop,-1.05151,0.015531
NQ,2018-03-02,A,1,1,-1,765,target,0.72999,0.015791
NQ,2018-03-02,B,-1,1,-1,1068,stop,-1.05066,0.015791
NQ,2018-03-02,Bmirror,1,1,-1,1068,stop,-1.05066,0.015791
NQ,2018-03-05,A,-1,1,-1,1020,close,-0.16689,0.015635
NQ,2018-03-05,B,-1,1,-1,525,stop,-1.05117,0.015635
NQ,2018-03-05,Bmirror,1,1,-1,525,stop,-1.05117,0.015635
NQ,2018-03-06,B,1,1,1,983,close,2.46753,0.015813
NQ,2018-03-06,Bmirror,-1,1,1,983,stop,-1.05059,0.015813
NQ,2018-03-07,A,-1,1,-1,935,target,0.72975,0.015799
NQ,2018-03-09,A,-1,1,1,976,close,-0.71072,0.016042
NQ,2018-03-13,A,1,1,1,967,target,0.72781,0.012998
NQ,2018-03-13,B,1,1,1,901,stop,-1.06155,0.012998
NQ,2018-03-13,Bmirror,-1,1,1,901,close,8.99117,0.012998
NQ,2018-03-14,B,1,1,-1,918,stop,-1.06452,0.012399
NQ,2018-03-14,Bmirror,-1,1,-1,918,stop,-1.06452,0.012399
NQ,2018-03-15,B,-1,1,-1,158,stop,-1.06884,0.011622
NQ,2018-03-15,Bmirror,1,1,-1,158,stop,-1.06884,0.011622
NQ,2018-03-16,B,-1,1,1,822,close,4.77805,0.010038
NQ,2018-03-16,Bmirror,1,1,1,822,stop,-1.07970,0.010038
NQ,2018-03-19,A,1,1,-1,309,stop,-1.01617,0.009825
NQ,2018-03-20,B,1,-1,-1,806,stop,-1.07582,0.010551
NQ,2018-03-20,Bmirror,-1,-1,-1,806,stop,-1.07582,0.010551
NQ,2018-03-21,A,1,-1,1,1130,target,0.72493,0.010536
NQ,2018-03-21,B,-1,-1,1,850,stop,-1.07593,0.010536
NQ,2018-03-21,Bmirror,1,-1,1,850,stop,-1.07593,0.010536
NQ,2018-03-22,A,1,-1,-1,464,stop,-1.01564,0.010154
NQ,2018-03-22,B,1,-1,-1,190,stop,-1.07879,0.010154
NQ,2018-03-22,Bmirror,-1,-1,-1,190,stop,-1.07879,0.010154
NQ,2018-03-23,A,1,-1,-1,1141,target,0.72621,0.011503
NQ,2018-03-23,A,-1,-1,-1,727,target,0.72597,0.011503
NQ,2018-03-23,B,-1,-1,-1,180,stop,-1.06955,0.011503
NQ,2018-03-23,Bmirror,1,-1,-1,180,stop,-1.06955,0.011503
NQ,2018-03-26,A,-1,-1,-1,137,stop,-1.01385,0.011655
NQ,2018-03-27,A,1,-1,1,1115,stop,-1.01174,0.013496
NQ,2018-03-27,A,-1,-1,1,657,target,0.72803,0.013496
NQ,2018-03-27,B,1,-1,1,886,stop,-1.05928,0.013496
NQ,2018-03-27,Bmirror,-1,-1,1,886,stop,-1.05928,0.013496
NQ,2018-03-28,A,1,-1,-1,878,target,0.72932,0.014821
NQ,2018-03-28,B,-1,-1,-1,431,stop,-1.05398,0.014821
NQ,2018-03-28,Bmirror,1,-1,-1,431,stop,-1.05398,0.014821
NQ,2018-03-29,A,-1,-1,-1,967,target,0.72903,0.014745
NQ,2018-03-29,B,1,-1,-1,874,stop,-1.05426,0.014745
NQ,2018-03-29,Bmirror,-1,-1,-1,874,stop,-1.05426,0.014745
NQ,2018-04-02,A,1,-1,-1,895,stop,-1.01099,0.014401
NQ,2018-04-02,B,-1,-1,-1,878,target,12.34445,0.014401
NQ,2018-04-02,Bmirror,1,-1,-1,878,stop,-1.05555,0.014401
NQ,2018-04-03,A,-1,-1,-1,968,target,0.72922,0.015013
NQ,2018-04-03,B,1,-1,-1,901,stop,-1.05329,0.015013
NQ,2018-04-03,Bmirror,-1,-1,-1,901,stop,-1.05329,0.015013
NQ,2018-04-04,A,1,-1,1,529,stop,-1.01059,0.014945
NQ,2018-04-04,A,-1,-1,1,1200,stop,-1.01082,0.014945
NQ,2018-04-04,B,-1,-1,1,991,stop,-1.05353,0.014945
NQ,2018-04-04,Bmirror,1,-1,1,991,stop,-1.05353,0.014945
NQ,2018-04-05,B,1,-1,1,890,stop,-1.05195,0.015400
NQ,2018-04-05,Bmirror,-1,-1,1,890,stop,-1.05195,0.015400
NQ,2018-04-06,A,1,-1,-1,1174,close,0.20050,0.015466
NQ,2018-04-06,A,-1,-1,-1,891,target,0.72954,0.015466
NQ,2018-04-06,B,1,-1,-1,772,stop,-1.05173,0.015466
NQ,2018-04-06,Bmirror,-1,-1,-1,772,stop,-1.05173,0.015466
NQ,2018-04-09,A,-1,-1,1,898,stop,-1.01060,0.015271
NQ,2018-04-10,A,-1,-1,1,179,stop,-1.01059,0.015284
NQ,2018-04-11,B,-1,-1,1,899,stop,-1.05136,0.015575
NQ,2018-04-11,Bmirror,1,-1,1,899,stop,-1.05136,0.015575
NQ,2018-04-12,A,-1,-1,-1,910,target,0.72958,0.015527
NQ,2018-04-13,B,1,-1,1,926,stop,-1.05210,0.015354
NQ,2018-04-13,Bmirror,-1,-1,1,926,stop,-1.05210,0.015354
NQ,2018-04-16,B,-1,-1,1,834,stop,-1.05352,0.014948
NQ,2018-04-16,Bmirror,1,-1,1,834,stop,-1.05352,0.014948
NQ,2018-04-17,A,-1,1,1,913,stop,-1.01083,0.014933
NQ,2018-04-19,A,1,1,1,963,close,-0.04208,0.015248
NQ,2018-04-20,A,1,1,-1,953,stop,-1.01030,0.015362
NQ,2018-04-20,B,-1,1,-1,715,target,12.34792,0.015362
NQ,2018-04-20,Bmirror,1,1,-1,715,stop,-1.05208,0.015362
NQ,2018-04-23,A,1,1,1,1194,target,0.72983,0.015559
NQ,2018-04-24,A,1,1,-1,962,stop,-1.01016,0.015566
NQ,2018-04-24,B,1,1,-1,891,stop,-1.05139,0.015566
NQ,2018-04-24,Bmirror,-1,1,-1,891,target,12.34861,0.015566
NQ,2018-04-25,A,1,-1,-1,898,target,0.72982,0.015534
NQ,2018-04-25,B,-1,-1,-1,962,stop,-1.05150,0.015534
NQ,2018-04-25,Bmirror,1,-1,-1,962,stop,-1.05150,0.015534
NQ,2018-04-26,A,-1,1,1,1182,stop,-1.01034,0.015649
NQ,2018-04-27,A,1,1,1,925,close,0.07271,0.016250
NQ,2018-04-30,A,1,1,1,1032,close,-0.14599,0.014755
NQ,2018-05-01,A,-1,1,-1,1250,stop,-1.01084,0.014928
NQ,2018-05-02,A,1,1,1,1005,target,0.72848,0.013742
NQ,2018-05-03,A,1,1,-1,934,target,0.72723,0.012418
NQ,2018-05-03,B,-1,1,-1,898,stop,-1.06442,0.012418
NQ,2018-05-03,Bmirror,1,1,-1,898,stop,-1.06442,0.012418
NQ,2018-05-04,A,-1,1,1,943,stop,-1.01308,0.012343
NQ,2018-05-04,B,-1,1,1,908,stop,-1.06481,0.012343
NQ,2018-05-04,Bmirror,1,1,1,908,target,12.33519,0.012343
NQ,2018-05-07,A,-1,1,1,984,target,0.72711,0.012528
NQ,2018-05-08,B,-1,1,1,873,stop,-1.06953,0.011506
NQ,2018-05-08,Bmirror,1,1,1,873,stop,-1.06953,0.011506
NQ,2018-05-09,A,-1,1,1,1108,close,-0.46278,0.011413
NQ,2018-05-10,A,-1,1,1,1028,close,-0.02064,0.011052
NQ,2018-05-14,B,1,1,1,1084,stop,-1.07505,0.010659
NQ,2018-05-14,Bmirror,-1,1,1,1084,stop,-1.07505,0.010659
NQ,2018-05-15,A,1,1,-1,830,stop,-1.01488,0.010669
NQ,2018-05-16,A,-1,1,-1,938,close,-0.07909,0.010468
NQ,2018-05-17,A,1,1,1,1141,target,0.72492,0.010530
NQ,2018-05-17,B,-1,1,1,923,stop,-1.07597,0.010530
NQ,2018-05-17,Bmirror,1,1,1,923,stop,-1.07597,0.010530
NQ,2018-05-21,B,1,1,1,975,stop,-1.07560,0.010582
NQ,2018-05-21,Bmirror,-1,1,1,975,close,0.74439,0.010582
NQ,2018-05-22,B,1,1,-1,917,stop,-1.07554,0.010590
NQ,2018-05-22,Bmirror,-1,1,-1,917,stop,-1.07554,0.010590
NQ,2018-05-23,A,1,1,-1,506,target,0.72429,0.010109
NQ,2018-05-23,A,-1,1,-1,1257,close,0.01916,0.010109
NQ,2018-05-23,B,-1,1,-1,1078,stop,-1.07914,0.010109
NQ,2018-05-23,Bmirror,1,1,-1,1078,stop,-1.07914,0.010109
NQ,2018-05-24,A,1,1,1,932,target,0.72437,0.010161
NQ,2018-05-24,B,-1,1,1,498,stop,-1.07873,0.010161
NQ,2018-05-24,Bmirror,1,1,1,498,stop,-1.07873,0.010161
NQ,2018-05-25,B,1,1,1,788,stop,-1.08068,0.009916
NQ,2018-05-25,Bmirror,-1,1,1,788,stop,-1.08068,0.009916
NQ,2018-05-28,B,1,1,1,657,stop,-1.08470,0.009445
NQ,2018-05-28,Bmirror,-1,1,1,657,stop,-1.08470,0.009445
NQ,2018-05-29,A,1,1,1,462,stop,-1.01694,0.009380
NQ,2018-05-30,A,-1,1,-1,946,close,-0.12928,0.008595
NQ,2018-05-31,A,-1,1,1,1002,target,0.72106,0.008500
NQ,2018-05-31,B,1,1,1,847,stop,-1.09412,0.008500
NQ,2018-05-31,Bmirror,-1,1,1,847,stop,-1.09412,0.008500
NQ,2018-06-01,A,-1,1,1,875,stop,-1.02132,0.007546
NQ,2018-06-04,A,-1,1,-1,533,stop,-1.02123,0.007580
NQ,2018-06-05,A,-1,1,1,905,target,0.71775,0.007229
NQ,2018-06-05,B,1,1,1,1004,close,7.96573,0.007229
NQ,2018-06-05,Bmirror,-1,1,1,1004,stop,-1.11066,0.007229
NQ,2018-06-06,A,1,1,1,949,target,0.71621,0.006691
NQ,2018-06-06,B,1,1,1,840,stop,-1.11957,0.006691
NQ,2018-06-06,Bmirror,-1,1,1,840,stop,-1.11957,0.006691
NQ,2018-06-07,A,1,1,1,910,stop,-1.02597,0.006133
NQ,2018-06-07,B,1,1,1,668,stop,-1.13044,0.006133
NQ,2018-06-07,Bmirror,-1,1,1,668,stop,-1.13044,0.006133
NQ,2018-06-08,A,1,1,-1,517,stop,-1.02479,0.006425
NQ,2018-06-08,B,-1,1,-1,1154,stop,-1.12452,0.006425
NQ,2018-06-08,Bmirror,1,1,-1,1154,stop,-1.12452,0.006425
NQ,2018-06-11,A,-1,1,-1,883,target,0.71298,0.005947
NQ,2018-06-12,A,-1,1,1,1011,target,0.71298,0.005948
NQ,2018-06-12,B,-1,1,1,175,stop,-1.13451,0.005948
NQ,2018-06-12,Bmirror,1,1,1,175,stop,-1.13451,0.005948
NQ,2018-06-13,A,-1,1,1,976,target,0.71318,0.005992
NQ,2018-06-13,B,1,1,1,1147,stop,-1.13350,0.005992
NQ,2018-06-13,Bmirror,-1,1,1,1147,stop,-1.13350,0.005992
NQ,2018-06-14,A,1,1,-1,470,target,0.71245,0.005783
NQ,2018-06-14,A,-1,1,-1,871,stop,-1.02779,0.005783
NQ,2018-06-14,B,-1,1,-1,767,stop,-1.13833,0.005783
NQ,2018-06-14,Bmirror,1,1,-1,767,target,12.26167,0.005783
NQ,2018-06-15,A,1,1,1,828,stop,-1.02736,0.005823
NQ,2018-06-15,B,-1,1,1,771,target,12.26260,0.005823
NQ,2018-06-15,Bmirror,1,1,1,771,stop,-1.13740,0.005823
NQ,2018-06-18,A,1,1,1,80,stop,-1.02698,0.005904
NQ,2018-06-19,A,1,1,-1,37,stop,-1.02691,0.005920
NQ,2018-06-20,A,-1,1,-1,635,stop,-1.02977,0.005396
NQ,2018-06-20,B,1,1,-1,121,stop,-1.14827,0.005396
NQ,2018-06-20,Bmirror,-1,1,-1,121,stop,-1.14827,0.005396
NQ,2018-06-21,A,1,1,1,906,stop,-1.02935,0.005429
NQ,2018-06-21,A,-1,1,1,178,target,0.71041,0.005429
NQ,2018-06-21,B,1,1,1,583,stop,-1.14735,0.005429
NQ,2018-06-21,Bmirror,-1,1,1,583,stop,-1.14735,0.005429
NQ,2018-06-22,A,-1,1,-1,515,target,0.71267,0.005879
NQ,2018-06-22,B,1,1,-1,882,stop,-1.13608,0.005879
NQ,2018-06-22,Bmirror,-1,1,-1,882,stop,-1.13608,0.005879
NQ,2018-06-25,A,1,1,1,90,stop,-1.02799,0.005693
NQ,2018-06-26,A,-1,-1,-1,884,target,0.71695,0.006977
NQ,2018-06-26,B,-1,-1,-1,285,stop,-1.11467,0.006977
NQ,2018-06-26,Bmirror,1,-1,-1,285,stop,-1.11467,0.006977
NQ,2018-06-27,A,1,-1,1,495,stop,-1.02276,0.006995
NQ,2018-06-27,A,-1,-1,1,889,target,0.71701,0.006995
NQ,2018-06-27,B,1,-1,1,165,stop,-1.11437,0.006995
NQ,2018-06-27,Bmirror,-1,-1,1,165,stop,-1.11437,0.006995
NQ,2018-06-28,A,1,-1,-1,798,target,0.71816,0.007288
NQ,2018-06-28,A,-1,-1,-1,1163,stop,-1.02207,0.007288
NQ,2018-06-28,B,1,-1,-1,405,stop,-1.10978,0.007288
NQ,2018-06-28,Bmirror,-1,-1,-1,405,stop,-1.10978,0.007288
NQ,2018-06-29,A,-1,-1,1,236,target,0.71820,0.007380
NQ,2018-07-02,A,1,-1,1,412,stop,-1.02157,0.007377
NQ,2018-07-02,A,-1,-1,1,1250,close,-0.33466,0.007377
NQ,2018-07-02,B,-1,-1,1,1132,stop,-1.10844,0.007377
NQ,2018-07-02,Bmirror,1,-1,1,1132,close,8.85582,0.007377
NQ,2018-07-03,A,1,-1,1,1032,stop,-1.02142,0.007428
NQ,2018-07-03,A,-1,-1,1,666,target,0.71834,0.007428
NQ,2018-07-03,B,1,-1,1,164,stop,-1.10770,0.007428
NQ,2018-07-03,Bmirror,-1,-1,1,164,stop,-1.10770,0.007428
NQ,2018-07-05,A,-1,-1,1,763,target,0.71879,0.007586
NQ,2018-07-05,B,-1,-1,1,156,stop,-1.10546,0.007586
NQ,2018-07-05,Bmirror,1,-1,1,156,stop,-1.10546,0.007586
NQ,2018-07-06,A,-1,-1,1,387,target,0.71934,0.007788
NQ,2018-07-06,B,1,-1,1,514,stop,-1.10272,0.007788
NQ,2018-07-06,Bmirror,-1,-1,1,514,stop,-1.10272,0.007788
NQ,2018-07-09,A,-1,-1,1,875,target,0.71967,0.007915
NQ,2018-07-10,B,1,1,1,516,stop,-1.10082,0.007935
NQ,2018-07-10,Bmirror,-1,1,1,516,stop,-1.10082,0.007935
NQ,2018-07-11,A,-1,-1,-1,928,target,0.72010,0.008089
NQ,2018-07-11,B,-1,-1,-1,270,stop,-1.09890,0.008089
NQ,2018-07-11,Bmirror,1,-1,-1,270,stop,-1.09890,0.008089
NQ,2018-07-12,A,-1,-1,1,811,stop,-1.02000,0.008048
NQ,2018-07-13,B,1,1,1,634,stop,-1.09435,0.008479
NQ,2018-07-13,Bmirror,-1,1,1,634,stop,-1.09435,0.008479
NQ,2018-07-16,A,1,1,1,1194,stop,-1.01880,0.008458
NQ,2018-07-17,A,-1,1,-1,957,stop,-1.01850,0.008705
NQ,2018-07-17,B,-1,1,-1,881,stop,-1.09191,0.008705
NQ,2018-07-17,Bmirror,1,1,-1,881,stop,-1.09191,0.008705
NQ,2018-07-20,B,-1,1,-1,375,stop,-1.09029,0.008860
NQ,2018-07-20,Bmirror,1,1,-1,375,stop,-1.09029,0.008860
NQ,2018-07-23,A,1,1,1,878,target,0.72201,0.008838
NQ,2018-07-23,B,-1,1,1,1014,stop,-1.09052,0.008838
NQ,2018-07-23,Bmirror,1,1,1,1014,stop,-1.09052,0.008838
NQ,2018-07-24,A,-1,1,1,876,target,0.72194,0.008919
NQ,2018-07-24,B,1,1,1,1008,stop,-1.08969,0.008919
NQ,2018-07-24,Bmirror,-1,1,1,1008,stop,-1.08969,0.008919
NQ,2018-07-25,A,-1,1,-1,1034,stop,-1.01809,0.008904
NQ,2018-07-26,B,1,1,1,890,stop,-1.09136,0.008757
NQ,2018-07-26,Bmirror,-1,1,1,890,stop,-1.09136,0.008757
NQ,2018-07-27,A,1,1,1,941,stop,-1.01881,0.008454
NQ,2018-07-27,B,1,1,1,877,stop,-1.09463,0.008454
NQ,2018-07-27,Bmirror,-1,1,1,877,target,12.30537,0.008454
NQ,2018-07-30,A,1,1,-1,883,stop,-1.01752,0.009071
NQ,2018-07-30,B,-1,1,-1,585,stop,-1.08819,0.009071
NQ,2018-07-30,Bmirror,1,1,-1,585,stop,-1.08819,0.009071
NQ,2018-07-31,A,-1,-1,-1,875,target,0.72087,0.008415
NQ,2018-07-31,B,-1,-1,-1,345,stop,-1.09507,0.008415
NQ,2018-07-31,Bmirror,1,-1,-1,345,stop,-1.09507,0.008415
NQ,2018-08-01,A,-1,1,1,923,target,0.72094,0.008446
NQ,2018-08-01,B,1,1,1,504,stop,-1.09472,0.008446
NQ,2018-08-01,Bmirror,-1,1,1,504,stop,-1.09472,0.008446
NQ,2018-08-02,A,1,-1,1,483,stop,-1.01967,0.008087
NQ,2018-08-02,A,-1,-1,1,995,stop,-1.01990,0.008087
NQ,2018-08-02,B,-1,-1,1,919,stop,-1.09893,0.008087
NQ,2018-08-02,Bmirror,1,-1,1,919,stop,-1.09893,0.008087
NQ,2018-08-03,B,1,1,1,810,stop,-1.09599,0.008334
NQ,2018-08-03,Bmirror,-1,1,1,810,stop,-1.09599,0.008334
NQ,2018-08-07,A,-1,1,1,875,target,0.72069,0.008335
NQ,2018-08-08,B,-1,1,1,909,stop,-1.10103,0.007919
NQ,2018-08-08,Bmirror,1,1,1,909,stop,-1.10103,0.007919
NQ,2018-08-10,A,1,1,-1,845,target,0.71960,0.007799
NQ,2018-08-13,A,-1,1,-1,875,stop,-1.02187,0.007356
NQ,2018-08-13,B,-1,1,-1,765,stop,-1.10875,0.007356
NQ,2018-08-13,Bmirror,1,1,-1,765,target,12.29125,0.007356
NQ,2018-08-14,B,1,1,1,876,stop,-1.11172,0.007161
NQ,2018-08-14,Bmirror,-1,1,1,876,stop,-1.11172,0.007161
NQ,2018-08-15,A,1,1,1,686,stop,-1.02289,0.006955
NQ,2018-08-16,A,-1,-1,-1,190,target,0.71794,0.007291
NQ,2018-08-17,A,1,-1,1,910,target,0.71582,0.006584
NQ,2018-08-17,B,1,-1,1,638,stop,-1.12151,0.006584
NQ,2018-08-17,Bmirror,-1,-1,1,638,stop,-1.12151,0.006584
NQ,2018-08-20,A,1,-1,1,914,target,0.71580,0.006580
NQ,2018-08-20,B,1,-1,1,872,stop,-1.12158,0.006580
NQ,2018-08-20,Bmirror,-1,-1,1,872,stop,-1.12158,0.006580
NQ,2018-08-21,A,-1,1,-1,887,stop,-1.02572,0.006251
NQ,2018-08-22,A,-1,1,-1,673,stop,-1.02796,0.005747
NQ,2018-08-23,A,-1,1,1,928,target,0.71333,0.006027
NQ,2018-08-23,B,-1,1,1,874,stop,-1.13274,0.006027
NQ,2018-08-23,Bmirror,1,1,1,874,stop,-1.13274,0.006027
NQ,2018-08-24,A,-1,1,-1,875,stop,-1.02675,0.006008
NQ,2018-08-27,A,-1,1,1,910,close,-0.77096,0.006198
NQ,2018-08-28,B,1,1,1,932,stop,-1.12866,0.006218
NQ,2018-08-28,Bmirror,-1,1,1,932,stop,-1.12866,0.006218
NQ,2018-08-29,A,-1,1,1,924,stop,-1.02595,0.006195
NQ,2018-08-30,A,1,1,1,1201,target,0.71541,0.006475
NQ,2018-08-30,B,-1,1,1,934,stop,-1.12356,0.006475
NQ,2018-08-30,Bmirror,1,1,1,934,stop,-1.12356,0.006475
NQ,2018-08-31,A,-1,1,-1,907,target,0.71542,0.006540
NQ,2018-08-31,B,1,1,-1,502,stop,-1.12233,0.006540
NQ,2018-08-31,Bmirror,-1,1,-1,502,stop,-1.12233,0.006540
NQ,2018-09-04,A,1,1,1,729,stop,-1.03134,0.005086
NQ,2018-09-04,B,-1,1,1,380,stop,-1.15731,0.005086
NQ,2018-09-04,Bmirror,1,1,1,380,stop,-1.15731,0.005086
NQ,2018-09-05,A,1,1,-1,501,target,0.70950,0.005226
NQ,2018-09-06,A,1,1,-1,880,target,0.71294,0.005887
NQ,2018-09-06,B,-1,1,-1,549,stop,-1.13590,0.005887
NQ,2018-09-06,Bmirror,1,1,-1,549,stop,-1.13590,0.005887
NQ,2018-09-07,A,1,1,-1,810,stop,-1.02783,0.005724
NQ,2018-09-07,A,-1,1,-1,948,target,0.71193,0.005724
NQ,2018-09-07,B,-1,1,-1,430,stop,-1.13976,0.005724
NQ,2018-09-07,Bmirror,1,1,-1,430,stop,-1.13976,0.005724
NQ,2018-09-10,A,-1,1,1,590,target,0.71204,0.005746
NQ,2018-09-10,B,1,1,1,876,stop,-1.13922,0.005746
NQ,2018-09-10,Bmirror,-1,1,1,876,stop,-1.13922,0.005746
NQ,2018-09-11,A,1,1,1,634,stop,-1.02797,0.005696
NQ,2018-09-11,A,-1,1,1,1010,stop,-1.02821,0.005696
NQ,2018-09-11,B,1,1,1,579,stop,-1.14045,0.005696
NQ,2018-09-11,Bmirror,-1,1,1,579,target,12.25955,0.005696
NQ,2018-09-12,A,1,1,1,875,stop,-1.02754,0.005785
NQ,2018-09-12,B,1,1,1,739,stop,-1.13829,0.005785
NQ,2018-09-12,Bmirror,-1,1,1,739,stop,-1.13829,0.005785
NQ,2018-09-13,A,-1,1,-1,720,stop,-1.02743,0.005858
NQ,2018-09-14,A,1,1,1,1032,target,0.71425,0.006184
NQ,2018-09-14,B,1,1,1,871,stop,-1.12936,0.006184
NQ,2018-09-14,Bmirror,-1,1,1,871,stop,-1.12936,0.006184
NQ,2018-09-17,A,1,1,-1,881,stop,-1.02591,0.006148
NQ,2018-09-17,B,1,1,-1,678,stop,-1.13012,0.006148
NQ,2018-09-17,Bmirror,-1,1,-1,678,stop,-1.13012,0.006148
NQ,2018-09-18,A,-1,-1,-1,428,stop,-1.02332,0.006896
NQ,2018-09-19,A,1,-1,1,910,target,0.71820,0.007300
NQ,2018-09-19,B,-1,-1,1,871,stop,-1.10958,0.007300
NQ,2018-09-19,Bmirror,1,-1,1,871,stop,-1.10958,0.007300
NQ,2018-09-20,A,-1,-1,-1,790,stop,-1.02302,0.006987
NQ,2018-09-21,A,1,-1,1,1207,close,-0.65524,0.007194
NQ,2018-09-21,B,1,-1,1,726,stop,-1.11121,0.007194
NQ,2018-09-21,Bmirror,-1,-1,1,726,stop,-1.11121,0.007194
NQ,2018-09-24,A,1,-1,-1,873,target,0.71848,0.007394
NQ,2018-09-24,A,-1,-1,-1,982,stop,-1.02176,0.007394
NQ,2018-09-24,B,-1,-1,-1,885,stop,-1.10819,0.007394
NQ,2018-09-24,Bmirror,1,-1,-1,885,stop,-1.10819,0.007394
NQ,2018-09-25,B,-1,-1,1,993,stop,-1.10606,0.007543
NQ,2018-09-25,Bmirror,1,-1,1,993,stop,-1.10606,0.007543
NQ,2018-09-26,A,-1,-1,1,989,target,0.71860,0.007519
NQ,2018-09-26,B,1,-1,1,868,stop,-1.10640,0.007519
NQ,2018-09-26,Bmirror,-1,-1,1,868,stop,-1.10640,0.007519
NQ,2018-09-27,A,-1,-1,1,879,stop,-1.02201,0.007309
NQ,2018-09-28,A,1,1,1,769,target,0.71852,0.007408
NQ,2018-09-28,B,-1,1,1,954,stop,-1.10798,0.007408
NQ,2018-09-28,Bmirror,1,1,1,954,stop,-1.10798,0.007408
NQ,2018-10-01,A,-1,1,1,886,target,0.71780,0.007247
NQ,2018-10-01,B,1,1,1,1142,stop,-1.11038,0.007247
NQ,2018-10-01,Bmirror,-1,1,1,1142,close,1.60190,0.007247
NQ,2018-10-02,A,1,1,-1,590,target,0.71765,0.007122
NQ,2018-10-02,B,-1,1,-1,890,stop,-1.11233,0.007122
NQ,2018-10-02,Bmirror,1,1,-1,890,stop,-1.11233,0.007122
NQ,2018-10-03,A,-1,1,-1,875,target,0.71746,0.007136
NQ,2018-10-04,A,1,1,-1,501,target,0.71669,0.006829
NQ,2018-10-05,A,1,-1,-1,822,target,0.71871,0.007475
NQ,2018-10-05,B,1,-1,-1,204,stop,-1.10703,0.007475
NQ,2018-10-05,Bmirror,-1,-1,-1,204,stop,-1.10703,0.007475
NQ,2018-10-08,A,1,-1,-1,567,target,0.71908,0.007605
NQ,2018-10-08,B,-1,-1,-1,71,stop,-1.10519,0.007605
NQ,2018-10-08,Bmirror,1,-1,-1,71,stop,-1.10519,0.007605
NQ,2018-10-09,A,1,-1,-1,738,target,0.71919,0.007645
NQ,2018-10-09,A,-1,-1,-1,928,target,0.71895,0.007645
NQ,2018-10-09,B,-1,-1,-1,874,stop,-1.10465,0.007645
NQ,2018-10-09,Bmirror,1,-1,-1,874,stop,-1.10465,0.007645
NQ,2018-10-10,A,1,-1,1,774,stop,-1.02086,0.007628
NQ,2018-10-10,B,-1,-1,1,381,stop,-1.10487,0.007628
NQ,2018-10-10,Bmirror,1,-1,1,381,stop,-1.10487,0.007628
NQ,2018-10-11,A,1,-1,-1,173,stop,-1.01354,0.011717
NQ,2018-10-11,A,-1,-1,-1,889,stop,-1.01377,0.011717
NQ,2018-10-11,B,-1,-1,-1,105,target,12.33172,0.011717
NQ,2018-10-11,Bmirror,1,-1,-1,105,stop,-1.06828,0.011717
NQ,2018-10-12,A,-1,-1,1,382,stop,-1.01377,0.011721
NQ,2018-10-12,B,1,-1,1,1057,stop,-1.06825,0.011721
NQ,2018-10-12,Bmirror,-1,-1,1,1057,stop,-1.06825,0.011721
NQ,2018-10-15,A,1,-1,-1,579,target,0.72696,0.012162
NQ,2018-10-15,B,-1,-1,-1,768,stop,-1.06578,0.012162
NQ,2018-10-15,Bmirror,1,-1,-1,768,stop,-1.06578,0.012162
NQ,2018-10-16,A,-1,-1,-1,793,stop,-1.01320,0.012233
NQ,2018-10-17,A,1,-1,1,879,target,0.72860,0.013890
NQ,2018-10-18,A,1,-1,-1,900,stop,-1.01139,0.013903
NQ,2018-10-19,A,-1,-1,-1,881,target,0.72858,0.014160
NQ,2018-10-19,B,1,-1,-1,560,stop,-1.05650,0.014160
NQ,2018-10-19,Bmirror,-1,-1,-1,560,stop,-1.05650,0.014160
NQ,2018-10-22,A,-1,-1,-1,509,target,0.72860,0.014176
NQ,2018-10-23,A,1,-1,1,270,stop,-1.01124,0.014086
NQ,2018-10-24,A,1,-1,-1,962,stop,-1.01147,0.013813
NQ,2018-10-24,B,1,-1,-1,383,stop,-1.05792,0.013813
NQ,2018-10-24,Bmirror,-1,-1,-1,383,stop,-1.05792,0.013813
NQ,2018-10-25,A,-1,-1,-1,638,target,0.72931,0.015129
NQ,2018-10-25,B,-1,-1,-1,99,stop,-1.05288,0.015129
NQ,2018-10-25,Bmirror,1,-1,-1,99,stop,-1.05288,0.015129
NQ,2018-10-26,A,1,-1,1,273,target,0.72945,0.014996
NQ,2018-10-26,A,-1,-1,1,1084,target,0.72921,0.014996
NQ,2018-10-26,B,-1,-1,1,1040,stop,-1.05335,0.014996
NQ,2018-10-26,Bmirror,1,-1,1,1040,stop,-1.05335,0.014996
NQ,2018-10-29,A,1,-1,1,963,stop,-1.01048,0.015094
NQ,2018-10-29,B,1,-1,1,835,stop,-1.05300,0.015094
NQ,2018-10-29,Bmirror,-1,-1,1,835,stop,-1.05300,0.015094
NQ,2018-10-30,A,-1,-1,-1,949,target,0.72962,0.015593
NQ,2018-10-30,B,1,-1,-1,562,stop,-1.05130,0.015593
NQ,2018-10-30,Bmirror,-1,-1,-1,562,stop,-1.05130,0.015593
NQ,2018-10-31,A,-1,-1,1,740,stop,-1.01013,0.015975
NQ,2018-11-01,A,-1,-1,1,1041,target,0.73019,0.016514
NQ,2018-11-02,A,1,-1,1,1014,target,0.73041,0.016478
NQ,2018-11-02,A,-1,-1,1,359,target,0.73017,0.016478
NQ,2018-11-02,B,1,-1,1,844,stop,-1.04855,0.016478
NQ,2018-11-02,Bmirror,-1,-1,1,844,stop,-1.04855,0.016478
NQ,2018-11-05,A,1,-1,-1,913,target,0.73039,0.016445
NQ,2018-11-05,B,-1,-1,-1,1192,close,0.74042,0.016445
NQ,2018-11-05,Bmirror,1,-1,-1,1192,stop,-1.04865,0.016445
NQ,2018-11-06,B,-1,-1,-1,871,stop,-1.04864,0.016446
NQ,2018-11-06,Bmirror,1,-1,-1,871,stop,-1.04864,0.016446
NQ,2018-11-07,A,-1,-1,1,500,stop,-1.00979,0.016543
NQ,2018-11-09,A,1,-1,-1,909,stop,-1.00909,0.017377
NQ,2018-11-12,A,1,-1,1,878,stop,-1.00900,0.017552
NQ,2018-11-12,B,1,-1,1,684,stop,-1.04558,0.017552
NQ,2018-11-12,Bmirror,-1,-1,1,684,target,12.35442,0.017552
NQ,2018-11-13,A,-1,-1,-1,962,target,0.73107,0.018162
NQ,2018-11-13,B,1,-1,-1,904,stop,-1.04405,0.018162
NQ,2018-11-13,Bmirror,-1,-1,-1,904,stop,-1.04405,0.018162
NQ,2018-11-14,A,1,-1,1,511,target,0.73133,0.018216
NQ,2018-11-14,B,-1,-1,1,813,stop,-1.04392,0.018216
NQ,2018-11-14,Bmirror,1,-1,1,813,stop,-1.04392,0.018216
NQ,2018-11-15,A,-1,-1,-1,1104,stop,-1.01016,0.015941
NQ,2018-11-15,B,1,-1,-1,602,stop,-1.05018,0.015941
NQ,2018-11-15,Bmirror,-1,-1,-1,602,stop,-1.05018,0.015941
NQ,2018-11-16,B,-1,-1,1,891,stop,-1.04956,0.016143
NQ,2018-11-16,Bmirror,1,-1,1,891,stop,-1.04956,0.016143
NQ,2018-11-19,A,1,-1,-1,896,stop,-1.00997,0.015857
NQ,2018-11-19,B,1,-1,-1,699,stop,-1.05045,0.015857
NQ,2018-11-19,Bmirror,-1,-1,-1,699,target,12.34955,0.015857
NQ,2018-11-20,A,1,-1,-1,765,stop,-1.00946,0.016698
NQ,2018-11-21,A,-1,-1,-1,419,stop,-1.01046,0.015472
NQ,2018-11-22,A,1,-1,1,960,close,0.24147,0.015668
NQ,2018-11-23,B,-1,-1,-1,871,stop,-1.05216,0.015337
NQ,2018-11-23,Bmirror,1,-1,-1,871,stop,-1.05216,0.015337
NQ,2018-11-26,A,-1,-1,1,497,stop,-1.01053,0.015368
NQ,2018-11-27,A,-1,-1,1,964,target,0.72953,0.015452
NQ,2018-11-27,B,1,-1,1,497,stop,-1.05177,0.015452
NQ,2018-11-27,Bmirror,-1,-1,1,497,stop,-1.05177,0.015452
NQ,2018-11-28,A,-1,-1,1,1025,stop,-1.01034,0.015652
NQ,2018-11-28,B,1,-1,1,932,target,12.34889,0.015652
NQ,2018-11-28,Bmirror,-1,-1,1,932,stop,-1.05111,0.015652
NQ,2018-11-29,B,-1,-1,1,873,stop,-1.05277,0.015159
NQ,2018-11-29,Bmirror,1,-1,1,873,stop,-1.05277,0.015159
NQ,2018-12-03,B,1,-1,1,813,stop,-1.05183,0.015435
NQ,2018-12-03,Bmirror,-1,-1,1,813,stop,-1.05183,0.015435
NQ,2018-12-04,A,1,1,-1,1025,stop,-1.01090,0.014522
NQ,2018-12-04,B,-1,1,-1,872,target,12.34491,0.014522
NQ,2018-12-04,Bmirror,1,1,-1,872,stop,-1.05509,0.014522
NQ,2018-12-06,A,1,-1,-1,196,target,0.72953,0.015105
NQ,2018-12-06,A,-1,-1,-1,1245,close,-0.44375,0.015105
NQ,2018-12-06,B,-1,-1,-1,1035,stop,-1.05296,0.015105
NQ,2018-12-06,Bmirror,1,-1,-1,1035,stop,-1.05296,0.015105
NQ,2018-12-07,A,1,-1,1,479,target,0.72968,0.015328
NQ,2018-12-07,B,-1,-1,1,881,target,12.34781,0.015328
NQ,2018-12-07,Bmirror,1,-1,1,881,stop,-1.05219,0.015328
NQ,2018-12-10,A,-1,-1,-1,799,target,0.73009,0.016344
NQ,2018-12-10,B,1,-1,-1,960,stop,-1.04895,0.016344
NQ,2018-12-10,Bmirror,-1,-1,-1,960,stop,-1.04895,0.016344
NQ,2018-12-11,A,-1,-1,1,695,target,0.73028,0.016668
NQ,2018-12-11,B,1,-1,1,1123,stop,-1.04800,0.016668
NQ,2018-12-11,Bmirror,-1,-1,1,1123,stop,-1.04800,0.016668
NQ,2018-12-12,A,-1,-1,1,567,stop,-1.00974,0.016630
NQ,2018-12-13,B,1,1,1,521,stop,-1.05062,0.015805
NQ,2018-12-13,Bmirror,-1,1,1,521,stop,-1.05062,0.015805
NQ,2018-12-14,A,1,1,-1,503,target,0.72998,0.015786
NQ,2018-12-17,A,1,1,1,881,target,0.73019,0.016118
NQ,2018-12-17,B,-1,1,1,970,stop,-1.04963,0.016118
NQ,2018-12-17,Bmirror,1,1,1,970,stop,-1.04963,0.016118
NQ,2018-12-19,A,1,-1,-1,1192,stop,-1.01013,0.015610
NQ,2018-12-19,A,-1,-1,-1,894,target,0.72963,0.015610
NQ,2018-12-19,B,1,-1,-1,1144,stop,-1.05125,0.015610
NQ,2018-12-19,Bmirror,-1,-1,-1,1144,stop,-1.05125,0.015610
NQ,2018-12-20,A,1,-1,-1,293,target,0.72993,0.015707
NQ,2018-12-20,B,-1,-1,-1,698,stop,-1.05093,0.015707
NQ,2018-12-20,Bmirror,1,-1,-1,698,stop,-1.05093,0.015707
NQ,2018-12-21,A,1,-1,-1,906,target,0.72977,0.015465
NQ,2018-12-21,B,-1,-1,-1,705,stop,-1.05173,0.015465
NQ,2018-12-21,Bmirror,1,-1,-1,705,stop,-1.05173,0.015465
NQ,2018-12-24,A,1,-1,-1,885,target,0.73045,0.016554
NQ,2018-12-24,B,1,-1,-1,725,stop,-1.04833,0.016554
NQ,2018-12-24,Bmirror,-1,-1,-1,725,stop,-1.04833,0.016554
NQ,2018-12-26,A,-1,-1,1,857,stop,-1.01002,0.016159
NQ,2018-12-26,B,-1,-1,1,492,stop,-1.04951,0.016159
NQ,2018-12-26,Bmirror,1,-1,1,492,target,12.35049,0.016159
NQ,2018-12-27,A,1,-1,1,565,target,0.73191,0.019492
NQ,2018-12-28,A,-1,-1,1,1182,target,0.73168,0.019506
NQ,2018-12-28,B,1,-1,1,429,stop,-1.04101,0.019506
NQ,2018-12-28,Bmirror,-1,-1,1,429,stop,-1.04101,0.019506
NQ,2019-01-02,A,1,-1,1,243,stop,-1.00820,0.019235
NQ,2019-01-02,B,-1,-1,1,1065,stop,-1.04159,0.019235
NQ,2019-01-02,Bmirror,1,-1,1,1065,stop,-1.04159,0.019235
NQ,2019-01-03,B,1,-1,-1,909,stop,-1.04246,0.018840
NQ,2019-01-03,Bmirror,-1,-1,-1,909,stop,-1.04246,0.018840
NQ,2019-01-04,A,-1,-1,-1,482,stop,-1.00861,0.018852
NQ,2019-01-07,B,-1,-1,1,873,stop,-1.03964,0.020180
NQ,2019-01-07,Bmirror,1,-1,1,873,stop,-1.03964,0.020180
NQ,2019-01-08,B,1,-1,1,944,stop,-1.03950,0.020254
NQ,2019-01-08,Bmirror,-1,-1,1,944,stop,-1.03950,0.020254
NQ,2019-01-10,B,-1,1,1,950,stop,-1.04082,0.019598
NQ,2019-01-10,Bmirror,1,1,1,950,stop,-1.04082,0.019598
NQ,2019-01-14,B,-1,1,-1,1125,close,2.46030,0.018506
NQ,2019-01-14,Bmirror,1,1,-1,1125,stop,-1.04323,0.018506
NQ,2019-01-15,A,-1,1,-1,890,close,-0.65717,0.018263
NQ,2019-01-17,A,-1,1,-1,1186,target,0.73124,0.018519
NQ,2019-01-17,B,-1,1,-1,810,stop,-1.04320,0.018519
NQ,2019-01-17,Bmirror,1,1,-1,810,stop,-1.04320,0.018519
NQ,2019-01-18,A,-1,1,1,963,close,0.00913,0.018562
NQ,2019-01-22,A,1,1,-1,1022,stop,-1.00887,0.017801
NQ,2019-01-23,B,1,1,-1,977,stop,-1.04420,0.018099
NQ,2019-01-23,Bmirror,-1,1,-1,977,stop,-1.04420,0.018099
NQ,2019-01-25,A,-1,1,1,901,close,-0.38742,0.017622
NQ,2019-01-28,A,1,1,-1,863,close,0.08644,0.016254
NQ,2019-01-29,B,1,1,-1,880,stop,-1.05173,0.015464
NQ,2019-01-29,Bmirror,-1,1,-1,880,stop,-1.05173,0.015464
NQ,2019-01-30,A,-1,1,-1,1040,stop,-1.01045,0.015479
NQ,2019-01-31,A,-1,1,1,1011,target,0.72715,0.012570
NQ,2019-02-01,B,1,1,1,961,stop,-1.06365,0.012568
NQ,2019-02-01,Bmirror,-1,1,1,961,stop,-1.06365,0.012568
NQ,2019-02-04,A,-1,1,-1,972,close,-0.02264,0.012580
NQ,2019-02-05,A,-1,1,1,882,close,-0.27717,0.012622
NQ,2019-02-06,B,-1,1,1,944,stop,-1.06298,0.012703
NQ,2019-02-06,Bmirror,1,1,1,944,stop,-1.06298,0.012703
NQ,2019-02-07,A,1,1,-1,870,stop,-1.01356,0.011697
NQ,2019-02-08,B,-1,1,-1,1092,stop,-1.06664,0.012005
NQ,2019-02-08,Bmirror,1,1,-1,1092,close,4.80632,0.012005
NQ,2019-02-11,A,-1,1,-1,545,target,0.72338,0.009697
NQ,2019-02-11,B,1,1,-1,968,stop,-1.08250,0.009697
NQ,2019-02-11,Bmirror,-1,1,-1,968,stop,-1.08250,0.009697
NQ,2019-02-12,A,-1,1,1,245,stop,-1.01667,0.009666
NQ,2019-02-13,B,1,1,1,990,stop,-1.08124,0.009847
NQ,2019-02-13,Bmirror,-1,1,1,990,stop,-1.08124,0.009847
NQ,2019-02-14,B,1,1,-1,823,stop,-1.08115,0.009859
NQ,2019-02-14,Bmirror,-1,1,-1,823,stop,-1.08115,0.009859
NQ,2019-02-15,A,-1,1,1,868,target,0.72366,0.009862
NQ,2019-02-15,B,-1,1,1,646,stop,-1.08112,0.009862
NQ,2019-02-15,Bmirror,1,1,1,646,close,6.58729,0.009862
NQ,2019-02-19,B,-1,1,1,913,stop,-1.08230,0.009720
NQ,2019-02-19,Bmirror,1,1,1,913,stop,-1.08230,0.009720
NQ,2019-02-20,B,1,1,-1,1043,stop,-1.08776,0.009116
NQ,2019-02-20,Bmirror,-1,1,-1,1043,stop,-1.08776,0.009116
NQ,2019-02-21,A,1,1,1,888,target,0.72242,0.009042
NQ,2019-02-21,B,1,1,1,735,stop,-1.08848,0.009042
NQ,2019-02-21,Bmirror,-1,1,1,735,close,4.75066,0.009042
NQ,2019-02-22,A,-1,1,-1,901,close,-0.72039,0.009051
NQ,2019-02-25,A,-1,1,1,880,target,0.72183,0.008863
NQ,2019-02-25,B,1,1,1,1075,close,0.16346,0.008863
NQ,2019-02-25,Bmirror,-1,1,1,1075,stop,-1.09026,0.008863
NQ,2019-02-26,B,-1,1,-1,883,stop,-1.09033,0.008856
NQ,2019-02-26,Bmirror,1,1,-1,883,stop,-1.09033,0.008856
NQ,2019-02-27,A,1,1,-1,910,target,0.72044,0.008133
NQ,2019-02-27,B,-1,1,-1,873,stop,-1.09837,0.008133
NQ,2019-02-27,Bmirror,1,1,-1,873,stop,-1.09837,0.008133
NQ,2019-02-28,A,1,1,1,483,target,0.72045,0.008134
NQ,2019-02-28,B,-1,1,1,885,stop,-1.09835,0.008134
NQ,2019-02-28,Bmirror,1,1,1,885,stop,-1.09835,0.008134
NQ,2019-03-01,A,-1,1,-1,525,target,0.72028,0.008161
NQ,2019-03-01,B,1,1,-1,1013,close,9.15083,0.008161
NQ,2019-03-01,Bmirror,-1,1,-1,1013,stop,-1.09803,0.008161
NQ,2019-03-04,A,1,1,1,967,stop,-1.02043,0.007787
NQ,2019-03-04,B,-1,1,1,870,stop,-1.10273,0.007787
NQ,2019-03-04,Bmirror,1,1,1,870,stop,-1.10273,0.007787
NQ,2019-03-05,A,-1,1,-1,1247,target,0.71845,0.007466
NQ,2019-03-05,B,1,1,-1,741,stop,-1.10715,0.007466
NQ,2019-03-05,Bmirror,-1,1,-1,741,stop,-1.10715,0.007466
NQ,2019-03-06,A,1,1,1,1010,target,0.71865,0.007454
NQ,2019-03-07,A,1,1,-1,880,stop,-1.02646,0.006021
NQ,2019-03-07,B,-1,1,-1,765,stop,-1.13287,0.006021
NQ,2019-03-07,Bmirror,1,1,-1,765,stop,-1.13287,0.006021
NQ,2019-03-08,A,1,1,-1,375,stop,-1.02526,0.006306
NQ,2019-03-11,A,-1,1,-1,657,stop,-1.02549,0.006307
NQ,2019-03-11,B,-1,1,-1,90,stop,-1.12684,0.006307
NQ,2019-03-11,Bmirror,1,1,-1,90,target,12.27316,0.006307
NQ,2019-03-12,B,-1,1,1,754,stop,-1.10642,0.007517
NQ,2019-03-12,Bmirror,1,1,1,754,stop,-1.10642,0.007517
NQ,2019-03-13,A,-1,1,1,804,stop,-1.02203,0.007302
NQ,2019-03-13,B,-1,1,1,332,stop,-1.10956,0.007302
NQ,2019-03-13,Bmirror,1,1,1,332,stop,-1.10956,0.007302
NQ,2019-03-14,B,1,1,1,603,stop,-1.10795,0.007411
NQ,2019-03-14,Bmirror,-1,1,1,603,stop,-1.10795,0.007411
NQ,2019-03-15,A,-1,1,-1,653,target,0.71635,0.006800
NQ,2019-03-18,A,-1,1,-1,842,target,0.71671,0.006905
NQ,2019-03-18,B,1,1,-1,787,stop,-1.11586,0.006905
NQ,2019-03-18,Bmirror,-1,1,-1,787,stop,-1.11586,0.006905
NQ,2019-03-19,A,-1,1,1,949,target,0.71671,0.006904
NQ,2019-03-19,B,1,1,1,1177,stop,-1.11587,0.006904
NQ,2019-03-19,Bmirror,-1,1,1,1177,stop,-1.11587,0.006904
NQ,2019-03-20,A,-1,1,1,1082,stop,-1.02510,0.006404
NQ,2019-03-20,B,-1,1,1,183,stop,-1.12492,0.006404
NQ,2019-03-20,Bmirror,1,1,1,183,stop,-1.12492,0.006404
NQ,2019-03-21,A,1,1,1,684,target,0.71529,0.006445
NQ,2019-03-21,A,-1,1,1,866,stop,-1.02494,0.006445
NQ,2019-03-21,B,1,1,1,391,stop,-1.12413,0.006445
NQ,2019-03-21,Bmirror,-1,1,1,391,stop,-1.12413,0.006445
NQ,2019-03-22,A,1,1,1,733,stop,-1.02309,0.006895
NQ,2019-03-22,B,-1,1,1,460,target,12.28398,0.006895
NQ,2019-03-22,Bmirror,1,1,1,460,stop,-1.11602,0.006895
NQ,2019-03-25,A,1,1,1,37,target,0.72071,0.008245
NQ,2019-03-25,B,-1,1,1,817,stop,-1.09702,0.008245
NQ,2019-03-25,Bmirror,1,1,1,817,stop,-1.09702,0.008245
NQ,2019-03-26,A,-1,1,1,812,stop,-1.01952,0.008248
NQ,2019-03-26,B,1,1,1,372,stop,-1.09700,0.008248
NQ,2019-03-26,Bmirror,-1,1,1,372,stop,-1.09700,0.008248
NQ,2019-03-27,A,1,1,1,914,stop,-1.01930,0.008240
NQ,2019-03-27,B,1,1,1,592,stop,-1.09709,0.008240
NQ,2019-03-27,Bmirror,-1,1,1,592,stop,-1.09709,0.008240
NQ,2019-03-28,A,-1,1,-1,844,target,0.72085,0.008406
NQ,2019-03-28,B,-1,1,-1,171,stop,-1.09517,0.008406
NQ,2019-03-28,Bmirror,1,1,-1,171,stop,-1.09517,0.008406
NQ,2019-03-29,B,1,1,1,830,stop,-1.09533,0.008392
NQ,2019-03-29,Bmirror,-1,1,1,830,stop,-1.09533,0.008392
NQ,2019-04-01,A,-1,1,1,1126,close,-0.12399,0.008310
NQ,2019-04-01,B,1,1,1,910,close,7.82680,0.008310
NQ,2019-04-01,Bmirror,-1,1,1,910,stop,-1.09627,0.008310
NQ,2019-04-03,A,-1,1,1,168,stop,-1.01930,0.008341
NQ,2019-04-04,A,1,1,1,1061,target,0.72109,0.008408
NQ,2019-04-05,A,-1,1,-1,904,close,-0.27227,0.008420
NQ,2019-04-08,A,1,1,-1,884,target,0.72105,0.008391
NQ,2019-04-08,B,-1,1,-1,1112,stop,-1.09534,0.008391
NQ,2019-04-08,Bmirror,1,1,-1,1112,close,2.49562,0.008391
NQ,2019-04-10,A,-1,1,-1,1210,close,-0.30149,0.008262
NQ,2019-04-12,A,-1,1,-1,795,target,0.71966,0.007914
NQ,2019-04-12,B,1,1,-1,978,close,5.75165,0.007914
NQ,2019-04-12,Bmirror,-1,1,-1,978,stop,-1.10108,0.007914
NQ,2019-04-15,A,1,1,-1,938,target,0.71983,0.007887
NQ,2019-04-15,B,-1,1,-1,1181,stop,-1.10144,0.007887
NQ,2019-04-15,Bmirror,1,1,-1,1181,close,0.38058,0.007887
NQ,2019-04-16,A,-1,1,1,903,target,0.71623,0.006764
NQ,2019-04-17,A,-1,1,1,783,target,0.71623,0.006765
NQ,2019-04-18,B,-1,1,1,650,stop,-1.12057,0.006635
NQ,2019-04-18,Bmirror,1,1,1,650,stop,-1.12057,0.006635
NQ,2019-04-22,A,1,1,1,535,target,0.71520,0.006422
NQ,2019-04-22,B,-1,1,1,991,stop,-1.12457,0.006422
NQ,2019-04-22,Bmirror,1,1,1,991,stop,-1.12457,0.006422
NQ,2019-04-23,A,-1,1,1,894,stop,-1.02511,0.006402
NQ,2019-04-24,B,-1,1,1,915,stop,-1.12027,0.006652
NQ,2019-04-24,Bmirror,1,1,1,915,stop,-1.12027,0.006652
NQ,2019-04-25,A,1,1,1,914,target,0.71606,0.006651
NQ,2019-04-25,B,1,1,1,481,stop,-1.12028,0.006651
NQ,2019-04-25,Bmirror,-1,1,1,481,stop,-1.12028,0.006651
NQ,2019-04-26,A,1,1,-1,897,target,0.71658,0.006797
NQ,2019-04-26,A,-1,1,-1,1259,close,0.15969,0.006797
NQ,2019-04-26,B,-1,1,-1,381,stop,-1.11770,0.006797
NQ,2019-04-26,Bmirror,1,1,-1,381,stop,-1.11770,0.006797
NQ,2019-04-29,A,-1,1,-1,1073,target,0.70307,0.004347
NQ,2019-04-29,B,1,1,-1,652,stop,-1.18404,0.004347
NQ,2019-04-29,Bmirror,-1,1,-1,652,stop,-1.18404,0.004347
NQ,2019-04-30,A,1,1,-1,165,target,0.70426,0.004461
NQ,2019-04-30,B,-1,1,-1,663,stop,-1.17931,0.004461
NQ,2019-04-30,Bmirror,1,1,-1,663,stop,-1.17931,0.004461
NQ,2019-05-01,A,1,1,1,1206,target,0.70431,0.004468
NQ,2019-05-01,A,-1,1,1,1147,target,0.70407,0.004468
NQ,2019-05-01,B,1,1,1,870,stop,-1.17904,0.004468
NQ,2019-05-01,Bmirror,-1,1,1,870,stop,-1.17904,0.004468
NQ,2019-05-02,A,1,1,-1,1004,stop,-1.03086,0.005165
NQ,2019-05-02,A,-1,1,-1,528,target,0.70890,0.005165
NQ,2019-05-02,B,1,1,-1,982,stop,-1.15490,0.005165
NQ,2019-05-02,Bmirror,-1,1,-1,982,stop,-1.15490,0.005165
NQ,2019-05-03,A,-1,1,-1,535,stop,-1.03301,0.004865
NQ,2019-05-06,A,1,1,-1,57,stop,-1.02524,0.006310
NQ,2019-05-06,A,-1,1,-1,988,target,0.71452,0.006310
NQ,2019-05-06,B,-1,1,-1,897,stop,-1.12679,0.006310
NQ,2019-05-06,Bmirror,1,1,-1,897,stop,-1.12679,0.006310
NQ,2019-05-07,A,1,1,1,782,target,0.71463,0.006277
NQ,2019-05-07,A,-1,1,1,446,target,0.71439,0.006277
NQ,2019-05-07,B,-1,1,1,161,stop,-1.12745,0.006277
NQ,2019-05-07,Bmirror,1,1,1,161,stop,-1.12745,0.006277
NQ,2019-05-08,A,1,1,-1,721,target,0.71619,0.006688
NQ,2019-05-08,A,-1,1,-1,557,target,0.71596,0.006688
NQ,2019-05-08,B,1,1,-1,626,stop,-1.11962,0.006688
NQ,2019-05-08,Bmirror,-1,1,-1,626,stop,-1.11962,0.006688
NQ,2019-05-09,A,1,-1,-1,105,target,0.71621,0.006692
NQ,2019-05-10,A,1,-1,-1,303,target,0.71641,0.006747
NQ,2019-05-10,A,-1,-1,-1,65,stop,-1.02383,0.006747
NQ,2019-05-10,B,1,-1,-1,242,stop,-1.11857,0.006747
NQ,2019-05-10,Bmirror,-1,-1,-1,242,stop,-1.11857,0.006747
NQ,2019-05-13,A,1,-1,-1,488,stop,-1.02311,0.006888
NQ,2019-05-14,A,-1,-1,-1,172,stop,-1.01861,0.008651
NQ,2019-05-15,A,1,-1,1,810,target,0.72265,0.009158
NQ,2019-05-15,A,-1,-1,1,942,stop,-1.01759,0.009158
NQ,2019-05-15,B,1,-1,1,508,stop,-1.08735,0.009158
NQ,2019-05-15,Bmirror,-1,-1,1,508,stop,-1.08735,0.009158
NQ,2019-05-16,A,-1,-1,1,892,stop,-1.01708,0.009432
NQ,2019-05-16,B,-1,-1,1,600,stop,-1.08482,0.009432
NQ,2019-05-16,Bmirror,1,-1,1,600,stop,-1.08482,0.009432
NQ,2019-05-17,A,1,-1,1,580,stop,-1.01666,0.009537
NQ,2019-05-17,B,-1,-1,1,956,stop,-1.08388,0.009537
NQ,2019-05-17,Bmirror,1,-1,1,956,stop,-1.08388,0.009537
NQ,2019-05-20,A,1,-1,1,667,stop,-1.01637,0.009701
NQ,2019-05-20,B,1,-1,1,457,stop,-1.08246,0.009701
NQ,2019-05-20,Bmirror,-1,-1,1,457,stop,-1.08246,0.009701
NQ,2019-05-21,A,-1,-1,-1,714,target,0.72392,0.010023
NQ,2019-05-22,A,1,-1,1,778,target,0.72436,0.010156
NQ,2019-05-22,B,-1,-1,1,915,close,5.93363,0.010156
NQ,2019-05-22,Bmirror,1,-1,1,915,stop,-1.07877,0.010156
NQ,2019-05-23,A,1,-1,-1,427,stop,-1.01560,0.010178
NQ,2019-05-24,A,-1,-1,-1,870,target,0.72462,0.010486
NQ,2019-05-24,B,1,-1,-1,972,stop,-1.07629,0.010486
NQ,2019-05-24,Bmirror,-1,-1,-1,972,stop,-1.07629,0.010486
NQ,2019-05-28,B,1,-1,1,494,stop,-1.07661,0.010442
NQ,2019-05-28,Bmirror,-1,-1,1,494,stop,-1.07661,0.010442
NQ,2019-05-29,A,1,-1,-1,440,stop,-1.01567,0.010134
NQ,2019-05-30,B,1,-1,-1,1115,stop,-1.07886,0.010145
NQ,2019-05-30,Bmirror,-1,-1,-1,1115,stop,-1.07886,0.010145
NQ,2019-05-31,A,1,-1,1,48,stop,-1.01563,0.010160
NQ,2019-06-03,A,1,-1,-1,902,target,0.72467,0.010357
NQ,2019-06-03,B,1,-1,-1,887,stop,-1.07724,0.010357
NQ,2019-06-03,Bmirror,-1,-1,-1,887,stop,-1.07724,0.010357
NQ,2019-06-04,A,-1,-1,-1,850,target,0.72457,0.010453
NQ,2019-06-05,B,1,-1,1,891,stop,-1.06844,0.011689
NQ,2019-06-05,Bmirror,-1,-1,1,891,stop,-1.06844,0.011689
NQ,2019-06-06,A,-1,-1,1,637,target,0.72605,0.011570
NQ,2019-06-07,A,-1,-1,1,830,stop,-1.01376,0.011728
NQ,2019-06-10,A,-1,-1,1,915,stop,-1.01361,0.011861
NQ,2019-06-10,B,-1,-1,1,767,stop,-1.06745,0.011861
NQ,2019-06-10,Bmirror,1,-1,1,767,target,12.33255,0.011861
NQ,2019-06-11,A,-1,1,1,815,target,0.72648,0.011936
NQ,2019-06-11,B,1,1,1,999,stop,-1.06703,0.011936
NQ,2019-06-11,Bmirror,-1,1,1,999,stop,-1.06703,0.011936
NQ,2019-06-13,B,-1,1,-1,515,stop,-1.06807,0.011753
NQ,2019-06-13,Bmirror,1,1,-1,515,close,2.99008,0.011753
NQ,2019-06-18,A,-1,1,1,705,stop,-1.01584,0.010179
NQ,2019-06-19,B,-1,1,1,1141,stop,-1.07891,0.010139
NQ,2019-06-19,Bmirror,1,1,1,1141,stop,-1.07891,0.010139
NQ,2019-06-20,A,-1,1,1,451,stop,-1.01622,0.009939
NQ,2019-06-20,B,1,1,1,1038,close,6.41229,0.009939
NQ,2019-06-20,Bmirror,-1,1,1,1038,stop,-1.08049,0.009939
NQ,2019-06-21,B,-1,1,1,512,stop,-1.08146,0.009821
NQ,2019-06-21,Bmirror,1,1,1,512,stop,-1.08146,0.009821
NQ,2019-06-25,A,1,1,-1,920,stop,-1.01737,0.009148
NQ,2019-06-26,A,-1,1,-1,679,target,0.72310,0.009534
NQ,2019-06-27,A,-1,1,1,452,target,0.72296,0.009455
NQ,2019-06-28,B,-1,1,1,1021,stop,-1.08896,0.008993
NQ,2019-06-28,Bmirror,1,1,1,1021,stop,-1.08896,0.008993
NQ,2019-07-01,B,-1,1,1,365,stop,-1.08778,0.009114
NQ,2019-07-01,Bmirror,1,1,1,365,stop,-1.08778,0.009114
NQ,2019-07-02,B,1,1,-1,1000,stop,-1.08732,0.009161
NQ,2019-07-02,Bmirror,-1,1,-1,1000,stop,-1.08732,0.009161
NQ,2019-07-03,A,-1,1,1,1080,close,-0.01500,0.009135
NQ,2019-07-03,B,1,1,1,875,close,7.29924,0.009135
NQ,2019-07-03,Bmirror,-1,1,1,875,stop,-1.08757,0.009135
NQ,2019-07-05,A,1,1,1,813,stop,-1.01773,0.008963
NQ,2019-07-08,A,1,1,-1,871,close,-0.18049,0.008278
NQ,2019-07-09,A,1,1,-1,263,target,0.72024,0.008050
NQ,2019-07-09,A,-1,1,-1,1250,close,0.03255,0.008050
NQ,2019-07-09,B,-1,1,-1,900,stop,-1.09938,0.008050
NQ,2019-07-09,Bmirror,1,1,-1,900,close,7.03790,0.008050
NQ,2019-07-10,A,-1,1,1,815,stop,-1.02349,0.006847
NQ,2019-07-10,B,1,1,1,332,stop,-1.11683,0.006847
NQ,2019-07-10,Bmirror,-1,1,1,332,stop,-1.11683,0.006847
NQ,2019-07-11,B,1,1,1,811,stop,-1.11461,0.006980
NQ,2019-07-11,Bmirror,-1,1,1,811,stop,-1.11461,0.006980
NQ,2019-07-12,A,-1,1,-1,1072,close,-0.08524,0.006967
NQ,2019-07-16,A,1,1,1,1026,stop,-1.02708,0.005884
NQ,2019-07-17,A,1,1,-1,1259,stop,-1.02652,0.006007
NQ,2019-07-17,B,1,1,-1,813,stop,-1.13317,0.006007
NQ,2019-07-17,Bmirror,-1,1,-1,813,stop,-1.13317,0.006007
NQ,2019-07-18,A,1,1,-1,392,target,0.71430,0.006197
NQ,2019-07-18,A,-1,1,-1,1175,stop,-1.02594,0.006197
NQ,2019-07-18,B,-1,1,-1,734,stop,-1.12909,0.006197
NQ,2019-07-18,Bmirror,1,1,-1,734,stop,-1.12909,0.006197
NQ,2019-07-19,A,1,1,1,1007,target,0.71470,0.006294
NQ,2019-07-19,A,-1,1,1,868,target,0.71446,0.006294
NQ,2019-07-19,B,1,1,1,729,stop,-1.12711,0.006294
NQ,2019-07-19,Bmirror,-1,1,1,729,stop,-1.12711,0.006294
NQ,2019-07-22,A,-1,1,1,800,stop,-1.02311,0.006959
NQ,2019-07-23,A,-1,1,1,1235,target,0.71734,0.007097
NQ,2019-07-23,B,1,1,1,909,stop,-1.11272,0.007097
NQ,2019-07-23,Bmirror,-1,1,1,909,stop,-1.11272,0.007097
NQ,2019-07-24,A,-1,1,1,937,stop,-1.02412,0.006665
NQ,2019-07-24,B,1,1,1,487,stop,-1.12003,0.006665
NQ,2019-07-24,Bmirror,-1,1,1,487,stop,-1.12003,0.006665
NQ,2019-07-25,A,1,1,1,880,stop,-1.02362,0.006740
NQ,2019-07-25,B,1,1,1,842,stop,-1.11869,0.006740
NQ,2019-07-25,Bmirror,-1,1,1,842,target,12.28131,0.006740
NQ,2019-07-26,A,-1,1,-1,875,target,0.71607,0.006720
NQ,2019-07-29,A,1,1,1,892,stop,-1.02375,0.006704
NQ,2019-07-30,A,1,1,-1,599,stop,-1.02375,0.006705
NQ,2019-07-31,A,1,1,-1,1141,target,0.71357,0.006026
NQ,2019-07-31,B,-1,1,-1,909,target,12.26724,0.006026
NQ,2019-07-31,Bmirror,1,1,-1,909,stop,-1.13276,0.006026
NQ,2019-08-01,A,1,1,-1,1163,target,0.71734,0.007026
NQ,2019-08-01,A,-1,1,-1,605,stop,-1.02289,0.007026
NQ,2019-08-01,B,1,1,-1,480,target,12.28613,0.007026
NQ,2019-08-01,Bmirror,-1,1,-1,480,stop,-1.11387,0.007026
NQ,2019-08-02,A,1,-1,-1,530,target,0.71751,0.007076
NQ,2019-08-02,B,-1,-1,-1,155,stop,-1.11306,0.007076
NQ,2019-08-02,Bmirror,1,-1,-1,155,stop,-1.11306,0.007076
NQ,2019-08-05,A,1,-1,-1,147,stop,-1.02258,0.007049
NQ,2019-08-06,A,-1,-1,-1,135,stop,-1.01308,0.012347
NQ,2019-08-06,B,-1,-1,-1,70,stop,-1.06479,0.012347
NQ,2019-08-06,Bmirror,1,-1,-1,70,stop,-1.06479,0.012347
NQ,2019-08-07,A,1,-1,1,839,target,0.72857,0.013851
NQ,2019-08-07,B,-1,-1,1,479,stop,-1.05776,0.013851
NQ,2019-08-07,Bmirror,1,-1,1,479,stop,-1.05776,0.013851
NQ,2019-08-08,A,-1,-1,1,926,stop,-1.01169,0.013829
NQ,2019-08-08,B,1,-1,1,554,target,12.34215,0.013829
NQ,2019-08-08,Bmirror,-1,-1,1,554,stop,-1.05785,0.013829
NQ,2019-08-09,A,1,-1,1,1000,target,0.72884,0.014186
NQ,2019-08-09,B,-1,-1,1,1111,stop,-1.05639,0.014186
NQ,2019-08-09,Bmirror,1,-1,1,1111,stop,-1.05639,0.014186
NQ,2019-08-12,A,1,-1,-1,973,target,0.72881,0.014151
NQ,2019-08-12,B,1,-1,-1,549,stop,-1.05654,0.014151
NQ,2019-08-12,Bmirror,-1,-1,-1,549,close,8.18699,0.014151
NQ,2019-08-13,A,-1,-1,-1,885,stop,-1.01136,0.014237
NQ,2019-08-13,B,-1,-1,-1,875,stop,-1.05619,0.014237
NQ,2019-08-13,Bmirror,1,-1,-1,875,target,12.34381,0.014237
NQ,2019-08-14,A,1,-1,1,678,stop,-1.01066,0.014842
NQ,2019-08-15,A,-1,-1,-1,782,target,0.72993,0.016079
NQ,2019-08-15,B,1,-1,-1,643,stop,-1.04975,0.016079
NQ,2019-08-15,Bmirror,-1,-1,-1,643,stop,-1.04975,0.016079
NQ,2019-08-16,A,-1,-1,1,945,close,-0.07772,0.016158
NQ,2019-08-19,A,-1,-1,1,875,close,0.19670,0.016336
NQ,2019-08-21,A,-1,-1,-1,882,target,0.73016,0.016462
NQ,2019-08-22,A,1,-1,1,933,target,0.73047,0.016587
NQ,2019-08-22,B,-1,-1,1,883,close,4.99818,0.016587
NQ,2019-08-22,Bmirror,1,-1,1,883,stop,-1.04823,0.016587
NQ,2019-08-23,A,1,-1,-1,962,stop,-1.00954,0.016565
NQ,2019-08-23,B,1,-1,-1,780,stop,-1.04830,0.016565
NQ,2019-08-23,Bmirror,-1,-1,-1,780,stop,-1.04830,0.016565
NQ,2019-08-26,A,-1,-1,-1,477,stop,-1.00940,0.017230
NQ,2019-08-27,B,1,-1,1,976,stop,-1.04509,0.017742
NQ,2019-08-27,Bmirror,-1,-1,1,976,stop,-1.04509,0.017742
NQ,2019-08-28,B,-1,-1,-1,983,stop,-1.04513,0.017726
NQ,2019-08-28,Bmirror,1,-1,-1,983,stop,-1.04513,0.017726
NQ,2019-08-29,A,-1,1,1,604,close,-0.29736,0.017650
NQ,2019-08-30,B,1,1,1,922,stop,-1.04470,0.017895
NQ,2019-08-30,Bmirror,-1,1,1,922,stop,-1.04470,0.017895
NQ,2019-09-02,B,1,-1,-1,1009,stop,-1.04468,0.017903
NQ,2019-09-02,Bmirror,-1,-1,-1,1009,stop,-1.04468,0.017903
NQ,2019-09-04,A,-1,-1,-1,520,target,0.73095,0.017913
NQ,2019-09-05,A,-1,1,1,181,target,0.73089,0.017803
NQ,2019-09-10,A,1,1,-1,881,target,0.72903,0.014425
NQ,2019-09-11,A,-1,1,-1,1021,close,-0.20279,0.013254
NQ,2019-09-11,B,1,1,-1,600,stop,-1.06036,0.013254
NQ,2019-09-11,Bmirror,-1,1,-1,600,stop,-1.06036,0.013254
NQ,2019-09-12,A,-1,1,1,910,target,0.72787,0.013324
NQ,2019-09-16,B,-1,1,-1,480,stop,-1.06077,0.013165
NQ,2019-09-16,Bmirror,1,1,-1,480,stop,-1.06077,0.013165
NQ,2019-09-17,B,-1,1,1,881,stop,-1.06161,0.012986
NQ,2019-09-17,Bmirror,1,1,1,881,stop,-1.06161,0.012986
NQ,2019-09-18,A,1,1,1,1142,target,0.72715,0.012342
NQ,2019-09-19,A,1,1,1,480,target,0.72439,0.010175
NQ,2019-09-19,B,-1,1,1,817,stop,-1.07862,0.010175
NQ,2019-09-19,Bmirror,1,1,1,817,stop,-1.07862,0.010175
NQ,2019-09-20,A,1,1,1,1093,stop,-1.01567,0.010132
NQ,2019-09-23,A,1,1,1,558,target,0.72451,0.010252
NQ,2019-09-24,A,1,1,-1,996,stop,-1.01571,0.010110
NQ,2019-09-24,B,1,1,-1,168,stop,-1.07913,0.010110
NQ,2019-09-24,Bmirror,-1,1,-1,168,stop,-1.07913,0.010110
NQ,2019-09-25,A,1,1,-1,901,target,0.72489,0.010508
NQ,2019-09-25,A,-1,1,-1,1180,stop,-1.01534,0.010508
NQ,2019-09-25,B,-1,1,-1,841,stop,-1.07613,0.010508
NQ,2019-09-25,Bmirror,1,1,-1,841,stop,-1.07613,0.010508
NQ,2019-09-26,A,1,1,1,915,target,0.72474,0.010405
NQ,2019-09-26,B,-1,1,1,530,stop,-1.07689,0.010405
NQ,2019-09-26,Bmirror,1,1,1,530,stop,-1.07689,0.010405
NQ,2019-09-27,A,1,1,-1,998,target,0.72464,0.010339
NQ,2019-09-27,B,-1,1,-1,409,stop,-1.07738,0.010339
NQ,2019-09-27,Bmirror,1,1,-1,409,stop,-1.07738,0.010339
NQ,2019-09-30,A,-1,-1,-1,1043,close,-0.71658,0.008657
NQ,2019-09-30,B,1,-1,-1,817,close,10.79751,0.008657
NQ,2019-09-30,Bmirror,-1,-1,-1,817,stop,-1.09241,0.008657
NQ,2019-10-01,A,1,-1,1,965,target,0.71921,0.007653
NQ,2019-10-01,A,-1,-1,1,437,target,0.71898,0.007653
NQ,2019-10-01,B,1,-1,1,909,stop,-1.10453,0.007653
NQ,2019-10-01,Bmirror,-1,-1,1,909,stop,-1.10453,0.007653
NQ,2019-10-02,A,1,-1,-1,492,stop,-1.02039,0.007801
NQ,2019-10-03,A,1,-1,-1,900,stop,-1.01837,0.008655
NQ,2019-10-03,A,-1,-1,-1,976,target,0.72140,0.008655
NQ,2019-10-03,B,1,-1,-1,753,stop,-1.09243,0.008655
NQ,2019-10-03,Bmirror,-1,-1,-1,753,stop,-1.09243,0.008655
NQ,2019-10-04,A,-1,-1,1,871,stop,-1.01897,0.008486
NQ,2019-10-04,B,1,-1,1,433,stop,-1.09427,0.008486
NQ,2019-10-04,Bmirror,-1,-1,1,433,stop,-1.09427,0.008486
NQ,2019-10-07,A,-1,-1,-1,1114,target,0.72182,0.008857
NQ,2019-10-07,B,1,-1,-1,1190,stop,-1.09033,0.008857
NQ,2019-10-07,Bmirror,-1,-1,-1,1190,stop,-1.09033,0.008857
NQ,2019-10-08,A,1,-1,1,680,stop,-1.01796,0.008853
NQ,2019-10-08,B,1,-1,1,534,stop,-1.09037,0.008853
NQ,2019-10-08,Bmirror,-1,-1,1,534,stop,-1.09037,0.008853
NQ,2019-10-09,A,-1,-1,-1,595,stop,-1.01718,0.009377
NQ,2019-10-09,B,1,-1,-1,484,target,12.31469,0.009377
NQ,2019-10-09,Bmirror,-1,-1,-1,484,stop,-1.08531,0.009377
NQ,2019-10-10,A,-1,-1,-1,60,stop,-1.01778,0.009061
NQ,2019-10-11,A,-1,-1,1,592,stop,-1.01677,0.009606
NQ,2019-10-14,A,1,-1,1,621,target,0.72376,0.009783
NQ,2019-10-15,A,-1,1,-1,928,stop,-1.01650,0.009769
NQ,2019-10-17,B,1,1,-1,949,stop,-1.08199,0.009757
NQ,2019-10-17,Bmirror,-1,1,-1,949,stop,-1.08199,0.009757
NQ,2019-10-18,A,1,1,1,1003,stop,-1.01636,0.009713
NQ,2019-10-18,B,-1,1,1,720,stop,-1.08237,0.009713
NQ,2019-10-18,Bmirror,1,1,1,720,stop,-1.08237,0.009713
NQ,2019-10-22,A,1,1,1,1245,stop,-1.01620,0.009807
NQ,2019-10-22,B,1,1,1,518,stop,-1.08158,0.009807
NQ,2019-10-22,Bmirror,-1,1,1,518,stop,-1.08158,0.009807
NQ,2019-10-23,B,-1,1,-1,394,stop,-1.07984,0.010019
NQ,2019-10-23,Bmirror,1,1,-1,394,stop,-1.07984,0.010019
NQ,2019-10-24,B,1,1,1,896,stop,-1.07880,0.010152
NQ,2019-10-24,Bmirror,-1,1,1,896,stop,-1.07880,0.010152
NQ,2019-10-25,A,-1,1,1,922,stop,-1.01588,0.010152
NQ,2019-10-28,A,-1,1,1,989,close,0.16517,0.010191
NQ,2019-10-29,A,1,1,1,1206,close,0.07634,0.010200
NQ,2019-10-29,B,-1,1,1,810,close,6.86206,0.010200
NQ,2019-10-29,Bmirror,1,1,1,810,stop,-1.07843,0.010200
NQ,2019-10-30,A,-1,1,-1,1230,close,0.05231,0.010288
NQ,2019-10-30,B,-1,1,-1,867,stop,-1.07776,0.010288
NQ,2019-10-30,Bmirror,1,1,-1,867,stop,-1.07776,0.010288
NQ,2019-10-31,A,1,1,1,855,target,0.72385,0.009834
NQ,2019-11-01,A,-1,1,-1,842,target,0.72349,0.009762
NQ,2019-11-07,A,-1,1,-1,452,target,0.72301,0.009481
NQ,2019-11-08,B,-1,1,1,944,stop,-1.09386,0.008523
NQ,2019-11-08,Bmirror,1,1,1,944,stop,-1.09386,0.008523
NQ,2019-11-11,B,-1,1,-1,1115,close,-0.65837,0.008037
NQ,2019-11-11,Bmirror,1,1,-1,1115,stop,-1.09954,0.008037
NQ,2019-11-12,A,-1,1,-1,941,target,0.71985,0.007987
NQ,2019-11-12,B,1,1,-1,1195,close,3.97576,0.007987
NQ,2019-11-12,Bmirror,-1,1,-1,1195,stop,-1.10016,0.007987
NQ,2019-11-13,B,-1,1,1,876,stop,-1.10026,0.007980
NQ,2019-11-13,Bmirror,1,1,1,876,stop,-1.10026,0.007980
NQ,2019-11-14,A,1,1,1,1008,target,0.71778,0.007164
NQ,2019-11-14,B,-1,1,1,904,stop,-1.11167,0.007164
NQ,2019-11-14,Bmirror,1,1,1,904,stop,-1.11167,0.007164
NQ,2019-11-15,A,-1,1,1,868,target,0.71737,0.007107
NQ,2019-11-18,A,-1,1,-1,437,target,0.71211,0.005762
NQ,2019-11-18,B,1,1,-1,811,stop,-1.13885,0.005762
NQ,2019-11-18,Bmirror,-1,1,-1,811,stop,-1.13885,0.005762
NQ,2019-11-19,A,-1,1,1,503,target,0.71209,0.005758
NQ,2019-11-19,B,1,1,1,948,stop,-1.13894,0.005758
NQ,2019-11-19,Bmirror,-1,1,1,948,stop,-1.13894,0.005758
NQ,2019-11-20,A,1,1,-1,1077,stop,-1.02775,0.005742
NQ,2019-11-20,B,-1,1,-1,296,stop,-1.13933,0.005742
NQ,2019-11-20,Bmirror,1,1,-1,296,stop,-1.13933,0.005742
NQ,2019-11-21,A,-1,1,-1,788,target,0.71153,0.005643
NQ,2019-11-21,B,-1,1,-1,142,stop,-1.14176,0.005643
NQ,2019-11-21,Bmirror,1,1,-1,142,stop,-1.14176,0.005643
NQ,2019-11-22,A,1,1,1,965,target,0.71168,0.005627
NQ,2019-11-22,A,-1,1,1,495,target,0.71144,0.005627
NQ,2019-11-22,B,1,1,1,920,stop,-1.14218,0.005627
NQ,2019-11-22,Bmirror,-1,1,1,920,stop,-1.14218,0.005627
NQ,2019-11-25,A,-1,1,1,875,stop,-1.03011,0.005334
NQ,2019-11-26,A,-1,1,1,106,target,0.70994,0.005343
NQ,2019-11-26,B,1,1,1,508,stop,-1.14972,0.005343
NQ,2019-11-26,Bmirror,-1,1,1,508,stop,-1.14972,0.005343
NQ,2019-11-27,A,-1,1,1,960,stop,-1.03409,0.004710
NQ,2019-11-29,A,1,1,1,221,target,0.70463,0.004508
NQ,2019-12-02,A,1,1,1,870,stop,-1.03934,0.004054
NQ,2019-12-02,A,-1,1,1,533,target,0.70042,0.004054
NQ,2019-12-02,B,1,1,1,675,stop,-1.19731,0.004054
NQ,2019-12-02,Bmirror,-1,1,1,675,target,12.20269,0.004054
NQ,2019-12-03,A,1,1,-1,621,target,0.70749,0.004903
NQ,2019-12-03,A,-1,1,-1,231,target,0.70725,0.004903
NQ,2019-12-03,B,1,1,-1,612,stop,-1.16316,0.004903
NQ,2019-12-03,Bmirror,-1,1,-1,612,stop,-1.16316,0.004903
NQ,2019-12-04,A,1,1,-1,459,target,0.70699,0.004829
NQ,2019-12-04,A,-1,1,-1,547,stop,-1.03325,0.004829
NQ,2019-12-04,B,-1,1,-1,227,stop,-1.16565,0.004829
NQ,2019-12-04,Bmirror,1,1,-1,227,stop,-1.16565,0.004829
NQ,2019-12-05,A,-1,1,1,475,target,0.70559,0.004666
NQ,2019-12-05,B,1,1,1,90,stop,-1.17144,0.004666
NQ,2019-12-05,Bmirror,-1,1,1,90,stop,-1.17144,0.004666
NQ,2019-12-06,A,-1,1,1,370,target,0.70504,0.004592
NQ,2019-12-09,A,1,1,1,1147,stop,-1.03399,0.004691
NQ,2019-12-09,B,-1,1,1,876,stop,-1.17054,0.004691
NQ,2019-12-09,Bmirror,1,1,1,876,stop,-1.17054,0.004691
NQ,2019-12-10,A,1,1,-1,532,stop,-1.03422,0.004660
NQ,2019-12-10,A,-1,1,-1,922,target,0.70554,0.004660
NQ,2019-12-10,B,1,1,-1,486,stop,-1.17168,0.004660
NQ,2019-12-10,Bmirror,-1,1,-1,486,stop,-1.17168,0.004660
NQ,2019-12-11,A,-1,1,1,499,target,0.70516,0.004608
NQ,2019-12-11,B,-1,1,1,206,stop,-1.17359,0.004608
NQ,2019-12-11,Bmirror,1,1,1,206,stop,-1.17359,0.004608
NQ,2019-12-12,A,1,1,1,811,target,0.70609,0.004702
NQ,2019-12-12,A,-1,1,1,878,stop,-1.03414,0.004702
NQ,2019-12-12,B,1,1,1,644,stop,-1.17013,0.004702
NQ,2019-12-12,Bmirror,-1,1,1,644,stop,-1.17013,0.004702
NQ,2019-12-13,A,1,1,1,778,target,0.70788,0.004963
NQ,2019-12-13,B,1,1,1,494,stop,-1.16119,0.004963
NQ,2019-12-13,Bmirror,-1,1,1,494,stop,-1.16119,0.004963
NQ,2019-12-16,A,-1,1,1,780,stop,-1.03246,0.004947
NQ,2019-12-17,B,1,1,1,639,stop,-1.15845,0.005049
NQ,2019-12-17,Bmirror,-1,1,1,639,stop,-1.15845,0.005049
NQ,2019-12-18,A,-1,1,1,977,target,0.70817,0.005045
NQ,2019-12-19,A,-1,1,1,993,stop,-1.03185,0.005042
NQ,2019-12-20,A,-1,1,1,868,target,0.70867,0.005126
NQ,2019-12-23,B,1,1,1,906,stop,-1.15897,0.005033
NQ,2019-12-23,Bmirror,-1,1,1,906,stop,-1.15897,0.005033
NQ,2019-12-24,B,-1,1,1,1080,close,-0.25018,0.005033
NQ,2019-12-24,Bmirror,1,1,1,1080,close,-0.06770,0.005033
NQ,2019-12-26,A,-1,1,1,905,stop,-1.03316,0.004842
NQ,2019-12-27,A,1,1,1,1249,target,0.70807,0.004992
NQ,2019-12-27,A,-1,1,1,663,target,0.70783,0.004992
NQ,2019-12-27,B,1,1,1,890,stop,-1.16024,0.004992
NQ,2019-12-27,Bmirror,-1,1,1,890,stop,-1.16024,0.004992
NQ,2019-12-30,A,1,1,1,875,stop,-1.03138,0.005080
NQ,2019-12-31,A,1,1,-1,870,target,0.70923,0.005179
NQ,2019-12-31,B,-1,1,-1,876,stop,-1.15446,0.005179
NQ,2019-12-31,Bmirror,1,1,-1,876,stop,-1.15446,0.005179
NQ,2020-01-02,A,-1,1,1,546,stop,-1.03095,0.005189
NQ,2020-01-03,A,1,1,1,134,stop,-1.02822,0.005645
NQ,2020-01-06,A,1,1,-1,527,target,0.71357,0.006028
NQ,2020-01-06,A,-1,1,-1,922,stop,-1.02666,0.006028
NQ,2020-01-06,B,-1,1,-1,886,stop,-1.13272,0.006028
NQ,2020-01-06,Bmirror,1,1,-1,886,target,12.26728,0.006028
NQ,2020-01-07,A,-1,1,1,265,target,0.70985,0.005328
NQ,2020-01-07,B,1,1,1,879,stop,-1.15014,0.005328
NQ,2020-01-07,Bmirror,-1,1,1,879,stop,-1.15014,0.005328
NQ,2020-01-08,A,1,1,-1,14,stop,-1.02808,0.005674
NQ,2020-01-08,A,-1,1,-1,158,stop,-1.02832,0.005674
NQ,2020-01-08,B,-1,1,-1,101,stop,-1.14098,0.005674
NQ,2020-01-08,Bmirror,1,1,-1,101,stop,-1.14098,0.005674
NQ,2020-01-09,A,-1,1,1,811,target,0.71629,0.006782
NQ,2020-01-10,A,1,1,1,1242,close,0.18168,0.006830
NQ,2020-01-10,B,1,1,1,874,stop,-1.11713,0.006830
NQ,2020-01-10,Bmirror,-1,1,1,874,stop,-1.11713,0.006830
NQ,2020-01-14,A,1,1,1,495,target,0.71759,0.007102
NQ,2020-01-15,A,-1,1,-1,894,target,0.71771,0.007217
NQ,2020-01-15,B,1,1,-1,149,stop,-1.11085,0.007217
NQ,2020-01-15,Bmirror,-1,1,-1,149,stop,-1.11085,0.007217
NQ,2020-01-16,A,-1,1,1,1244,close,-0.50248,0.007216
NQ,2020-01-17,B,1,1,1,879,stop,-1.11036,0.007249
NQ,2020-01-17,Bmirror,-1,1,1,879,stop,-1.11036,0.007249
NQ,2020-01-21,A,1,1,-1,156,target,0.71766,0.007123
NQ,2020-01-21,B,-1,1,-1,873,stop,-1.11231,0.007123
NQ,2020-01-21,Bmirror,1,1,-1,873,stop,-1.11231,0.007123
NQ,2020-01-22,A,-1,1,1,171,target,0.71727,0.007075
NQ,2020-01-23,A,-1,1,1,1232,close,-0.69748,0.007082
NQ,2020-01-23,B,1,1,1,242,stop,-1.11297,0.007082
NQ,2020-01-23,Bmirror,-1,1,1,242,stop,-1.11297,0.007082
NQ,2020-01-24,A,1,1,1,985,stop,-1.02210,0.007202
NQ,2020-01-27,A,1,1,-1,621,target,0.72062,0.008205
NQ,2020-01-27,B,1,1,-1,147,stop,-1.09750,0.008205
NQ,2020-01-27,Bmirror,-1,1,-1,147,stop,-1.09750,0.008205
NQ,2020-01-28,A,-1,1,-1,388,target,0.72050,0.008254
NQ,2020-01-28,B,1,1,-1,543,target,12.30308,0.008254
NQ,2020-01-28,Bmirror,-1,1,-1,543,stop,-1.09692,0.008254
NQ,2020-01-29,A,-1,1,1,876,target,0.72116,0.008545
NQ,2020-01-29,B,1,1,1,900,stop,-1.09363,0.008545
NQ,2020-01-29,Bmirror,-1,1,1,900,stop,-1.09363,0.008545
NQ,2020-01-30,A,1,1,1,167,stop,-1.01861,0.008542
NQ,2020-01-31,A,1,1,1,624,target,0.72170,0.008688
NQ,2020-01-31,B,1,1,1,112,stop,-1.09208,0.008688
NQ,2020-01-31,Bmirror,-1,1,1,112,stop,-1.09208,0.008688
NQ,2020-02-03,A,-1,1,1,120,target,0.72317,0.009576
NQ,2020-02-04,A,-1,1,1,97,stop,-1.01670,0.009649
NQ,2020-02-05,A,-1,1,1,518,stop,-1.01527,0.010559
NQ,2020-02-05,B,1,1,1,931,stop,-1.07577,0.010559
NQ,2020-02-05,Bmirror,-1,1,1,931,stop,-1.07577,0.010559
NQ,2020-02-06,A,-1,1,1,306,target,0.72473,0.010561
NQ,2020-02-06,B,1,1,1,871,stop,-1.07575,0.010561
NQ,2020-02-06,Bmirror,-1,1,1,871,stop,-1.07575,0.010561
NQ,2020-02-07,A,1,1,1,873,target,0.72505,0.010618
NQ,2020-02-10,A,-1,1,-1,135,target,0.72446,0.010376
NQ,2020-02-11,A,-1,1,1,931,target,0.72493,0.010703
NQ,2020-02-11,B,1,1,1,1164,stop,-1.07475,0.010703
NQ,2020-02-11,Bmirror,-1,1,1,1164,stop,-1.07475,0.010703
NQ,2020-02-12,A,-1,1,1,1053,close,-0.16211,0.010660
NQ,2020-02-13,B,-1,1,1,872,stop,-1.07718,0.010365
NQ,2020-02-13,Bmirror,1,1,1,872,stop,-1.07718,0.010365
NQ,2020-02-14,B,1,1,1,884,stop,-1.08239,0.009710
NQ,2020-02-14,Bmirror,-1,1,1,884,stop,-1.08239,0.009710
NQ,2020-02-18,A,1,1,-1,473,target,0.72321,0.009465
NQ,2020-02-18,B,-1,1,-1,873,stop,-1.08452,0.009465
NQ,2020-02-18,Bmirror,1,1,-1,873,stop,-1.08452,0.009465
NQ,2020-02-19,A,-1,1,1,966,close,-0.05392,0.009312
NQ,2020-02-20,A,1,1,1,971,stop,-1.01697,0.009364
NQ,2020-02-21,A,1,1,-1,889,stop,-1.01594,0.009961
NQ,2020-02-21,B,1,1,-1,146,stop,-1.08031,0.009961
NQ,2020-02-21,Bmirror,-1,1,-1,146,stop,-1.08031,0.009961
NQ,2020-02-24,A,1,1,-1,486,stop,-1.01487,0.010672
NQ,2020-02-25,A,1,1,-1,925,stop,-1.01420,0.011174
NQ,2020-02-25,A,-1,1,-1,416,target,0.72556,0.011174
NQ,2020-02-25,B,1,1,-1,553,stop,-1.07159,0.011174
NQ,2020-02-25,Bmirror,-1,1,-1,553,stop,-1.07159,0.011174
NQ,2020-02-26,A,1,-1,-1,521,stop,-1.01324,0.011974
NQ,2020-02-26,A,-1,-1,-1,882,target,0.72652,0.011974
NQ,2020-02-26,B,-1,-1,-1,136,stop,-1.06681,0.011974
NQ,2020-02-26,Bmirror,1,-1,-1,136,stop,-1.06681,0.011974
NQ,2020-02-27,A,1,-1,-1,6,target,0.72688,0.012082
NQ,2020-02-27,B,-1,-1,-1,15,stop,-1.06621,0.012082
NQ,2020-02-27,Bmirror,1,-1,-1,15,stop,-1.06621,0.012082
NQ,2020-02-28,A,1,-1,-1,203,stop,-1.01088,0.014546
NQ,2020-02-28,B,-1,-1,-1,106,stop,-1.05500,0.014546
NQ,2020-02-28,Bmirror,1,-1,-1,106,stop,-1.05500,0.014546
NQ,2020-03-02,A,-1,-1,-1,91,stop,-1.01073,0.015072
NQ,2020-03-03,A,1,-1,1,984,target,0.73151,0.018592
NQ,2020-03-03,A,-1,-1,1,902,target,0.73128,0.018592
NQ,2020-03-03,B,-1,-1,1,214,stop,-1.04303,0.018592
NQ,2020-03-03,Bmirror,1,-1,1,214,stop,-1.04303,0.018592
NQ,2020-03-04,A,-1,-1,-1,165,stop,-1.00839,0.019348
NQ,2020-03-05,A,1,-1,1,607,target,0.73233,0.020539
NQ,2020-03-06,A,1,-1,-1,179,stop,-1.00759,0.020746
NQ,2020-03-10,A,1,-1,-1,926,target,0.73289,0.022120
NQ,2020-03-10,A,-1,-1,-1,315,target,0.73265,0.022120
NQ,2020-03-10,B,-1,-1,-1,21,stop,-1.03617,0.022120
NQ,2020-03-10,Bmirror,1,-1,-1,21,stop,-1.03617,0.022120
NQ,2020-03-11,A,1,-1,1,757,target,0.73271,0.021604
NQ,2020-03-11,B,-1,-1,1,525,stop,-1.03703,0.021604
NQ,2020-03-11,Bmirror,1,-1,1,525,stop,-1.03703,0.021604
NQ,2020-03-12,A,1,-1,-1,73,stop,-1.00718,0.021915
NQ,2020-03-12,B,-1,-1,-1,56,target,12.36350,0.021915
NQ,2020-03-12,Bmirror,1,-1,-1,56,stop,-1.03650,0.021915
NQ,2020-03-13,A,1,-1,-1,203,target,0.73467,0.029369
NQ,2020-03-13,A,-1,-1,-1,299,stop,-1.00557,0.029369
NQ,2020-03-13,B,-1,-1,-1,274,stop,-1.02724,0.029369
NQ,2020-03-13,Bmirror,1,-1,-1,274,stop,-1.02724,0.029369
NQ,2020-03-17,A,1,-1,-1,835,target,0.73566,0.035870
NQ,2020-03-17,A,-1,-1,-1,912,stop,-1.00458,0.035870
NQ,2020-03-17,B,1,-1,-1,537,stop,-1.02230,0.035870
NQ,2020-03-17,Bmirror,-1,-1,-1,537,stop,-1.02230,0.035870
NQ,2020-03-18,A,1,-1,1,1017,stop,-1.00434,0.035878
NQ,2020-03-18,B,-1,-1,1,813,stop,-1.02230,0.035878
NQ,2020-03-18,Bmirror,1,-1,1,813,stop,-1.02230,0.035878
NQ,2020-03-19,A,1,-1,1,120,stop,-1.00428,0.036360
NQ,2020-03-19,B,-1,-1,1,854,stop,-1.02200,0.036360
NQ,2020-03-19,Bmirror,1,-1,1,854,stop,-1.02200,0.036360
NQ,2020-03-20,A,1,-1,-1,1190,close,-0.57626,0.036377
NQ,2020-03-20,A,-1,-1,-1,390,stop,-1.00452,0.036377
NQ,2020-03-20,B,1,-1,-1,107,target,12.37801,0.036377
NQ,2020-03-20,Bmirror,-1,-1,-1,107,stop,-1.02199,0.036377
NQ,2020-03-24,A,-1,-1,1,378,stop,-1.00416,0.039600
NQ,2020-03-25,A,-1,-1,1,547,target,0.73600,0.041268
NQ,2020-03-25,B,-1,-1,1,299,stop,-1.01939,0.041268
NQ,2020-03-25,Bmirror,1,-1,1,299,stop,-1.01939,0.041268
NQ,2020-03-26,A,-1,-1,-1,874,stop,-1.00400,0.041169
NQ,2020-03-26,B,-1,-1,-1,207,stop,-1.01943,0.041169
NQ,2020-03-26,Bmirror,1,-1,-1,207,stop,-1.01943,0.041169
NQ,2020-03-27,A,1,-1,1,713,target,0.73635,0.042508
NQ,2020-03-30,A,-1,-1,-1,405,target,0.73616,0.042959
NQ,2020-04-01,A,1,-1,-1,1196,close,-0.07357,0.044284
NQ,2020-04-02,B,1,-1,-1,1149,close,4.48107,0.044578
NQ,2020-04-02,Bmirror,-1,-1,-1,1149,stop,-1.01795,0.044578
NQ,2020-04-06,A,-1,1,1,938,stop,-1.00376,0.043996
NQ,2020-04-07,A,-1,1,1,664,target,0.73621,0.043548
NQ,2020-04-08,B,1,1,-1,437,close,5.79690,0.043177
NQ,2020-04-08,Bmirror,-1,1,-1,437,stop,-1.01853,0.043177
NQ,2020-04-09,B,1,1,1,919,close,1.61180,0.042831
NQ,2020-04-09,Bmirror,-1,1,1,919,stop,-1.01868,0.042831
NQ,2020-04-14,A,-1,1,1,1037,close,-0.42394,0.042059
NQ,2020-04-21,A,1,1,-1,885,stop,-1.00481,0.032478
NQ,2020-04-22,A,-1,1,-1,1133,close,0.12099,0.031471
NQ,2020-04-23,B,1,1,1,1066,stop,-1.02535,0.031559
NQ,2020-04-23,Bmirror,-1,1,1,1066,stop,-1.02535,0.031559
NQ,2020-04-24,A,-1,1,-1,1210,close,-0.12831,0.031439
NQ,2020-04-28,B,1,1,1,901,stop,-1.02798,0.028593
NQ,2020-04-28,Bmirror,-1,1,1,901,close,4.49915,0.028593
NQ,2020-04-29,A,-1,1,-1,924,stop,-1.00610,0.026736
NQ,2020-04-30,A,1,1,1,1022,close,-0.41473,0.025811
NQ,2020-05-01,B,-1,1,-1,874,stop,-1.03016,0.026524
NQ,2020-05-01,Bmirror,1,1,-1,874,stop,-1.03016,0.026524
NQ,2020-05-04,A,-1,1,-1,916,close,-0.45872,0.024115
NQ,2020-05-05,A,-1,1,1,900,target,0.73323,0.024057
NQ,2020-05-06,B,-1,1,1,376,stop,-1.03583,0.022326
NQ,2020-05-06,Bmirror,1,1,1,376,stop,-1.03583,0.022326
NQ,2020-05-07,A,-1,1,-1,631,close,-0.32907,0.021986
NQ,2020-05-08,B,1,1,1,871,close,4.55027,0.020958
NQ,2020-05-08,Bmirror,-1,1,1,871,stop,-1.03817,0.020958
NQ,2020-05-11,B,-1,1,-1,891,stop,-1.03908,0.020470
NQ,2020-05-11,Bmirror,1,1,-1,891,stop,-1.03908,0.020470
NQ,2020-05-12,A,1,1,1,1244,stop,-1.00771,0.020429
NQ,2020-05-13,A,1,1,-1,1034,target,0.73203,0.019785
NQ,2020-05-13,A,-1,1,-1,928,target,0.73179,0.019785
NQ,2020-05-13,B,1,1,-1,876,stop,-1.04043,0.019785
NQ,2020-05-13,Bmirror,-1,1,-1,876,stop,-1.04043,0.019785
NQ,2020-05-14,A,1,1,-1,824,target,0.73204,0.019800
NQ,2020-05-14,B,-1,1,-1,510,stop,-1.04040,0.019800
NQ,2020-05-14,Bmirror,1,1,-1,510,stop,-1.04040,0.019800
NQ,2020-05-15,A,1,1,1,780,target,0.73191,0.019504
NQ,2020-05-15,B,-1,1,1,1083,stop,-1.04102,0.019504
NQ,2020-05-15,Bmirror,1,1,1,1083,stop,-1.04102,0.019504
NQ,2020-05-18,A,-1,1,1,793,close,-0.35916,0.019297
NQ,2020-05-19,B,1,1,1,533,stop,-1.04201,0.019042
NQ,2020-05-19,Bmirror,-1,1,1,533,stop,-1.04201,0.019042
NQ,2020-05-20,A,-1,1,-1,872,close,-0.81910,0.018016
NQ,2020-05-21,A,1,1,1,983,target,0.73118,0.017893
NQ,2020-05-21,B,-1,1,1,869,stop,-1.04471,0.017893
NQ,2020-05-21,Bmirror,1,1,1,869,stop,-1.04471,0.017893
NQ,2020-05-22,A,1,1,-1,389,target,0.73039,0.016442
NQ,2020-05-22,B,-1,1,-1,895,stop,-1.04866,0.016442
NQ,2020-05-22,Bmirror,1,1,-1,895,stop,-1.04866,0.016442
NQ,2020-05-26,A,1,1,1,1234,close,0.05615,0.016160
NQ,2020-05-26,B,1,1,1,890,stop,-1.04951,0.016160
NQ,2020-05-26,Bmirror,-1,1,1,890,close,7.02083,0.016160
NQ,2020-05-27,A,1,1,-1,888,stop,-1.01056,0.014985
NQ,2020-05-27,B,1,1,-1,832,stop,-1.05339,0.014985
NQ,2020-05-27,Bmirror,-1,1,-1,832,target,12.34661,0.014985
NQ,2020-05-28,A,1,1,1,827,target,0.72924,0.014702
NQ,2020-05-28,A,-1,1,1,1060,target,0.72900,0.014702
NQ,2020-05-28,B,-1,1,1,419,stop,-1.05442,0.014702
NQ,2020-05-28,Bmirror,1,1,1,419,stop,-1.05442,0.014702
NQ,2020-05-29,A,-1,1,1,1251,close,-0.65019,0.014568
NQ,2020-05-29,B,-1,1,1,208,stop,-1.05492,0.014568
NQ,2020-05-29,Bmirror,1,1,1,208,stop,-1.05492,0.014568
NQ,2020-06-01,A,-1,1,-1,1086,close,-0.01693,0.014329
NQ,2020-06-01,B,1,1,-1,558,close,7.37238,0.014329
NQ,2020-06-01,Bmirror,-1,1,-1,558,stop,-1.05583,0.014329
NQ,2020-06-02,B,1,1,1,871,stop,-1.05589,0.014315
NQ,2020-06-02,Bmirror,-1,1,1,871,stop,-1.05589,0.014315
NQ,2020-06-03,B,1,1,1,1037,close,3.31565,0.014205
NQ,2020-06-03,Bmirror,-1,1,1,1037,stop,-1.05632,0.014205
NQ,2020-06-04,A,1,1,1,1206,target,0.72746,0.012639
NQ,2020-06-04,B,1,1,1,970,stop,-1.06330,0.012639
NQ,2020-06-04,Bmirror,-1,1,1,970,close,3.08197,0.012639
NQ,2020-06-05,A,-1,1,-1,876,stop,-1.01417,0.011391
NQ,2020-06-05,B,1,1,-1,786,stop,-1.07023,0.011391
NQ,2020-06-05,Bmirror,-1,1,-1,786,stop,-1.07023,0.011391
NQ,2020-06-08,A,1,1,1,890,target,0.72542,0.010884
NQ,2020-06-08,B,-1,1,1,1118,stop,-1.07350,0.010884
NQ,2020-06-08,Bmirror,1,1,1,1118,close,2.96620,0.010884
NQ,2020-06-09,A,-1,1,1,946,stop,-1.01562,0.010323
NQ,2020-06-09,B,-1,1,1,871,stop,-1.07750,0.010323
NQ,2020-06-09,Bmirror,1,1,1,871,stop,-1.07750,0.010323
NQ,2020-06-10,A,-1,1,1,879,stop,-1.01595,0.010104
NQ,2020-06-11,A,1,1,1,487,stop,-1.01580,0.010052
NQ,2020-06-11,B,1,1,1,278,stop,-1.07959,0.010052
NQ,2020-06-11,Bmirror,-1,1,1,278,target,12.32041,0.010052
NQ,2020-06-12,A,1,1,-1,1115,stop,-1.01295,0.012239
NQ,2020-06-12,A,-1,1,-1,496,target,0.72681,0.012239
NQ,2020-06-12,B,-1,1,-1,135,stop,-1.06536,0.012239
NQ,2020-06-12,Bmirror,1,1,-1,135,stop,-1.06536,0.012239
NQ,2020-06-15,A,1,1,-1,389,stop,-1.01294,0.012257
NQ,2020-06-15,A,-1,1,-1,1027,stop,-1.01317,0.012257
NQ,2020-06-15,B,-1,1,-1,96,stop,-1.06527,0.012257
NQ,2020-06-15,Bmirror,1,1,-1,96,stop,-1.06527,0.012257
NQ,2020-06-16,A,-1,1,1,210,target,0.72750,0.012917
NQ,2020-06-16,B,1,1,1,960,stop,-1.06193,0.012917
NQ,2020-06-16,Bmirror,-1,1,1,960,stop,-1.06193,0.012917
NQ,2020-06-17,A,-1,1,1,1123,target,0.72656,0.012006
NQ,2020-06-17,B,1,1,1,918,stop,-1.06663,0.012006
NQ,2020-06-17,Bmirror,-1,1,1,918,stop,-1.06663,0.012006
NQ,2020-06-18,A,1,1,1,151,target,0.72674,0.011961
NQ,2020-06-18,B,-1,1,1,451,stop,-1.06688,0.011961
NQ,2020-06-18,Bmirror,1,1,1,451,stop,-1.06688,0.011961
NQ,2020-06-19,A,-1,1,1,816,target,0.72650,0.011955
NQ,2020-06-19,B,1,1,1,1033,stop,-1.06692,0.011955
NQ,2020-06-19,Bmirror,-1,1,1,1033,stop,-1.06692,0.011955
NQ,2020-06-22,A,-1,1,-1,272,stop,-1.01328,0.012158
NQ,2020-06-23,A,1,1,1,135,stop,-1.01281,0.012376
NQ,2020-06-23,A,-1,1,1,972,target,0.72695,0.012376
NQ,2020-06-23,B,-1,1,1,454,stop,-1.06464,0.012376
NQ,2020-06-23,Bmirror,1,1,1,454,stop,-1.06464,0.012376
NQ,2020-06-24,A,1,1,1,901,stop,-1.01289,0.012298
NQ,2020-06-24,B,1,1,1,520,stop,-1.06505,0.012298
NQ,2020-06-24,Bmirror,-1,1,1,520,stop,-1.06505,0.012298
NQ,2020-06-25,A,1,1,-1,496,target,0.72730,0.012481
NQ,2020-06-25,A,-1,1,-1,1254,close,-0.20786,0.012481
NQ,2020-06-25,B,-1,1,-1,306,stop,-1.06410,0.012481
NQ,2020-06-25,Bmirror,1,1,-1,306,stop,-1.06410,0.012481
NQ,2020-06-26,A,1,1,1,884,stop,-1.01283,0.012356
NQ,2020-06-26,B,-1,1,1,663,stop,-1.06475,0.012356
NQ,2020-06-26,Bmirror,1,1,1,663,stop,-1.06475,0.012356
NQ,2020-06-29,A,1,1,-1,888,target,0.72812,0.013340
NQ,2020-06-29,A,-1,1,-1,1055,target,0.72789,0.013340
NQ,2020-06-29,B,1,1,-1,285,stop,-1.05997,0.013340
NQ,2020-06-29,Bmirror,-1,1,-1,285,stop,-1.05997,0.013340
NQ,2020-06-30,A,-1,1,1,1037,target,0.72812,0.013599
NQ,2020-06-30,B,-1,1,1,880,stop,-1.05883,0.013599
NQ,2020-06-30,Bmirror,1,1,1,880,target,12.34117,0.013599
NQ,2020-07-01,A,-1,1,1,975,stop,-1.01194,0.013530
NQ,2020-07-01,B,-1,1,1,832,stop,-1.05913,0.013530
NQ,2020-07-01,Bmirror,1,1,1,832,target,12.34087,0.013530
NQ,2020-07-02,A,-1,1,1,812,target,0.72818,0.013672
NQ,2020-07-06,A,-1,1,1,292,stop,-1.01208,0.013374
NQ,2020-07-07,A,1,1,1,1259,close,0.21647,0.013763
NQ,2020-07-07,B,-1,1,1,886,stop,-1.05813,0.013763
NQ,2020-07-07,Bmirror,1,1,1,886,stop,-1.05813,0.013763
NQ,2020-07-08,A,-1,1,-1,1237,close,-0.35399,0.013886
NQ,2020-07-08,B,1,1,-1,980,stop,-1.05761,0.013886
NQ,2020-07-08,Bmirror,-1,1,-1,980,stop,-1.05761,0.013886
NQ,2020-07-09,A,1,1,1,979,target,0.72868,0.013992
NQ,2020-07-09,B,1,1,1,941,stop,-1.05717,0.013992
NQ,2020-07-09,Bmirror,-1,1,1,941,stop,-1.05717,0.013992
NQ,2020-07-10,B,-1,1,1,820,stop,-1.05752,0.013909
NQ,2020-07-10,Bmirror,1,1,1,820,stop,-1.05752,0.013909
NQ,2020-07-13,A,1,1,1,1174,target,0.72845,0.013718
NQ,2020-07-13,A,-1,1,1,941,target,0.72822,0.013718
NQ,2020-07-13,B,1,1,1,1147,stop,-1.05832,0.013718
NQ,2020-07-13,Bmirror,-1,1,1,1147,target,12.34168,0.013718
NQ,2020-07-14,A,1,1,-1,836,target,0.72915,0.014592
NQ,2020-07-14,B,1,1,-1,502,stop,-1.05483,0.014592
NQ,2020-07-14,Bmirror,-1,1,-1,502,stop,-1.05483,0.014592
NQ,2020-07-15,A,1,1,1,1006,target,0.72912,0.014550
NQ,2020-07-16,A,1,1,-1,601,target,0.72918,0.014634
NQ,2020-07-17,A,-1,1,-1,1193,close,0.51560,0.012602
NQ,2020-07-17,B,1,1,-1,924,stop,-1.06348,0.012602
NQ,2020-07-17,Bmirror,-1,1,-1,924,stop,-1.06348,0.012602
NQ,2020-07-20,A,-1,1,1,920,stop,-1.01297,0.012449
NQ,2020-07-20,B,-1,1,1,740,stop,-1.06426,0.012449
NQ,2020-07-20,Bmirror,1,1,1,740,stop,-1.06426,0.012449
NQ,2020-07-21,A,1,1,1,1014,target,0.72743,0.012609
NQ,2020-07-21,A,-1,1,1,409,target,0.72719,0.012609
NQ,2020-07-21,B,1,1,1,876,stop,-1.06344,0.012609
NQ,2020-07-21,Bmirror,-1,1,1,876,stop,-1.06344,0.012609
NQ,2020-07-22,A,1,1,-1,973,target,0.72733,0.012515
NQ,2020-07-22,B,-1,1,-1,722,stop,-1.06392,0.012515
NQ,2020-07-22,Bmirror,1,1,-1,722,stop,-1.06392,0.012515
NQ,2020-07-23,A,1,1,-1,1027,stop,-1.01262,0.012562
NQ,2020-07-23,B,1,1,-1,831,stop,-1.06368,0.012562
NQ,2020-07-23,Bmirror,-1,1,-1,831,stop,-1.06368,0.012562
NQ,2020-07-24,A,1,1,-1,282,stop,-1.01179,0.013436
NQ,2020-07-28,A,1,1,1,878,target,0.72822,0.013453
NQ,2020-07-28,B,1,1,1,285,stop,-1.05947,0.013453
NQ,2020-07-28,Bmirror,-1,1,1,285,stop,-1.05947,0.013453
NQ,2020-07-29,A,-1,1,-1,1179,target,0.72819,0.013685
NQ,2020-07-30,A,1,1,1,510,stop,-1.01192,0.013294
NQ,2020-07-30,B,-1,1,1,1023,stop,-1.06018,0.013294
NQ,2020-07-30,Bmirror,1,1,1,1023,stop,-1.06018,0.013294
NQ,2020-07-31,A,1,1,1,903,stop,-1.01168,0.013556
NQ,2020-08-03,A,-1,1,-1,872,close,-0.61840,0.012510
NQ,2020-08-04,B,1,1,1,525,stop,-1.06478,0.012350
NQ,2020-08-04,Bmirror,-1,1,1,525,stop,-1.06478,0.012350
NQ,2020-08-05,B,1,1,1,871,stop,-1.06551,0.012211
NQ,2020-08-05,Bmirror,-1,1,1,871,stop,-1.06551,0.012211
NQ,2020-08-06,A,-1,1,1,1131,stop,-1.01339,0.012056
NQ,2020-08-07,A,1,1,1,1072,stop,-1.01302,0.012175
NQ,2020-08-07,B,-1,1,1,810,stop,-1.06571,0.012175
NQ,2020-08-07,Bmirror,1,1,1,810,stop,-1.06571,0.012175
NQ,2020-08-10,A,1,1,-1,947,target,0.72723,0.012415
NQ,2020-08-10,B,1,1,-1,896,stop,-1.06444,0.012415
NQ,2020-08-10,Bmirror,-1,1,-1,896,stop,-1.06444,0.012415
NQ,2020-08-11,A,1,1,-1,876,target,0.72665,0.011881
NQ,2020-08-11,B,1,1,-1,776,stop,-1.06733,0.011881
NQ,2020-08-11,Bmirror,-1,1,-1,776,stop,-1.06733,0.011881
NQ,2020-08-12,A,-1,1,-1,888,stop,-1.01342,0.012027
NQ,2020-08-12,B,-1,1,-1,424,stop,-1.06652,0.012027
NQ,2020-08-12,Bmirror,1,1,-1,424,target,12.33348,0.012027
NQ,2020-08-13,A,-1,1,1,879,target,0.72678,0.012213
NQ,2020-08-14,B,-1,1,1,710,stop,-1.06546,0.012220
NQ,2020-08-14,Bmirror,1,1,1,710,stop,-1.06546,0.012220
NQ,2020-08-17,A,-1,1,1,891,close,-0.50225,0.012122
NQ,2020-08-18,A,-1,1,1,1120,close,-0.43619,0.011354
NQ,2020-08-18,B,1,1,1,928,stop,-1.07046,0.011354
NQ,2020-08-18,Bmirror,-1,1,1,928,stop,-1.07046,0.011354
NQ,2020-08-19,A,1,1,1,1161,target,0.72609,0.011403
NQ,2020-08-19,B,-1,1,1,937,stop,-1.07016,0.011403
NQ,2020-08-19,Bmirror,1,1,1,937,stop,-1.07016,0.011403
NQ,2020-08-20,A,1,1,-1,224,target,0.72611,0.011424
NQ,2020-08-20,A,-1,1,-1,998,stop,-1.01412,0.011424
NQ,2020-08-20,B,-1,1,-1,671,stop,-1.07003,0.011424
NQ,2020-08-20,Bmirror,1,1,-1,671,stop,-1.07003,0.011424
NQ,2020-08-21,B,-1,1,1,863,stop,-1.06940,0.011527
NQ,2020-08-21,Bmirror,1,1,1,863,stop,-1.06940,0.011527
NQ,2020-08-24,A,-1,1,1,779,target,0.72600,0.011529
NQ,2020-08-24,B,1,1,1,946,stop,-1.06939,0.011529
NQ,2020-08-24,Bmirror,-1,1,1,946,stop,-1.06939,0.011529
NQ,2020-08-25,B,1,1,1,730,stop,-1.07555,0.010589
NQ,2020-08-25,Bmirror,-1,1,1,730,stop,-1.07555,0.010589
NQ,2020-08-26,A,-1,1,1,940,stop,-1.01528,0.010552
NQ,2020-08-27,A,1,1,1,1072,target,0.72546,0.010919
NQ,2020-08-27,B,1,1,1,872,stop,-1.07327,0.010919
NQ,2020-08-27,Bmirror,-1,1,1,872,stop,-1.07327,0.010919
NQ,2020-08-28,B,1,1,-1,489,stop,-1.08216,0.009737
NQ,2020-08-28,Bmirror,-1,1,-1,489,stop,-1.08216,0.009737
NQ,2020-08-31,A,-1,1,1,1086,stop,-1.01742,0.009246
NQ,2020-08-31,B,1,1,1,545,stop,-1.08652,0.009246
NQ,2020-08-31,Bmirror,-1,1,1,545,stop,-1.08652,0.009246
NQ,2020-09-01,A,-1,1,1,185,stop,-1.01869,0.008615
NQ,2020-09-02,A,1,1,1,897,target,0.72118,0.008450
NQ,2020-09-02,A,-1,1,1,103,stop,-1.01905,0.008450
NQ,2020-09-02,B,1,1,1,892,stop,-1.09467,0.008450
NQ,2020-09-02,Bmirror,-1,1,1,892,stop,-1.09467,0.008450
NQ,2020-09-03,A,1,1,1,613,stop,-1.01893,0.008398
NQ,2020-09-04,A,1,1,-1,896,target,0.72930,0.014795
NQ,2020-09-04,A,-1,1,-1,511,target,0.72907,0.014795
NQ,2020-09-04,B,1,1,-1,231,stop,-1.05407,0.014795
NQ,2020-09-04,Bmirror,-1,1,-1,231,stop,-1.05407,0.014795
NQ,2020-09-08,A,1,1,1,557,stop,-1.01046,0.015119
NQ,2020-09-09,A,-1,-1,-1,362,target,0.73080,0.017611
NQ,2020-09-10,A,1,1,1,541,target,0.73161,0.018815
NQ,2020-09-10,B,-1,1,1,428,stop,-1.04252,0.018815
NQ,2020-09-10,Bmirror,1,1,1,428,stop,-1.04252,0.018815
NQ,2020-09-11,A,1,-1,-1,1060,stop,-1.00829,0.019033
NQ,2020-09-11,B,1,-1,-1,838,stop,-1.04203,0.019033
NQ,2020-09-11,Bmirror,-1,-1,-1,838,stop,-1.04203,0.019033
NQ,2020-09-14,A,-1,-1,1,911,target,0.73152,0.019124
NQ,2020-09-15,A,-1,-1,1,895,target,0.73156,0.019237
NQ,2020-09-16,A,1,-1,1,1211,close,-0.36461,0.019218
NQ,2020-09-17,A,1,-1,-1,199,stop,-1.00821,0.019216
NQ,2020-09-18,A,1,-1,-1,961,stop,-1.00813,0.019407
NQ,2020-09-21,A,1,-1,-1,582,target,0.73194,0.019565
NQ,2020-09-21,B,-1,-1,-1,481,stop,-1.04089,0.019565
NQ,2020-09-21,Bmirror,1,-1,-1,481,stop,-1.04089,0.019565
NQ,2020-09-22,A,-1,-1,1,1225,close,-0.11658,0.019462
NQ,2020-09-22,B,-1,-1,1,547,stop,-1.04111,0.019462
NQ,2020-09-22,Bmirror,1,-1,1,547,stop,-1.04111,0.019462
NQ,2020-09-23,A,1,-1,1,1140,stop,-1.00809,0.019497
NQ,2020-09-23,B,1,-1,1,873,stop,-1.04103,0.019497
NQ,2020-09-23,Bmirror,-1,-1,1,873,stop,-1.04103,0.019497
NQ,2020-09-24,A,-1,-1,-1,1001,target,0.73191,0.020081
NQ,2020-09-24,B,-1,-1,-1,527,stop,-1.03984,0.020081
NQ,2020-09-24,Bmirror,1,-1,-1,527,stop,-1.03984,0.020081
NQ,2020-09-25,A,-1,-1,1,1159,close,-0.39436,0.019995
NQ,2020-09-25,B,-1,-1,1,844,stop,-1.04001,0.019995
NQ,2020-09-25,Bmirror,1,-1,1,844,stop,-1.04001,0.019995
NQ,2020-09-28,A,-1,-1,1,701,target,0.73199,0.020280
NQ,2020-09-30,A,1,-1,-1,430,target,0.73234,0.020560
NQ,2020-09-30,A,-1,-1,-1,1146,target,0.73210,0.020560
NQ,2020-09-30,B,-1,-1,-1,870,stop,-1.03891,0.020560
NQ,2020-09-30,Bmirror,1,-1,-1,870,stop,-1.03891,0.020560
NQ,2020-10-01,A,-1,-1,1,1204,close,0.20529,0.020273
NQ,2020-10-02,A,1,1,1,361,stop,-1.00770,0.020465
NQ,2020-10-05,A,-1,1,1,1215,close,0.10942,0.021074
NQ,2020-10-06,A,1,1,1,1195,close,-0.79684,0.021260
NQ,2020-10-07,A,-1,1,-1,871,close,-0.59826,0.021222
NQ,2020-10-12,A,-1,1,1,752,stop,-1.00886,0.018312
NQ,2020-10-13,B,1,1,1,872,stop,-1.04228,0.018922
NQ,2020-10-13,Bmirror,-1,1,1,872,stop,-1.04228,0.018922
NQ,2020-10-14,A,1,1,1,1030,close,-0.17021,0.016453
NQ,2020-10-15,A,1,1,-1,546,target,0.72976,0.015439
NQ,2020-10-16,A,-1,1,-1,922,target,0.72921,0.014986
NQ,2020-10-16,B,1,1,-1,983,stop,-1.05338,0.014986
NQ,2020-10-16,Bmirror,-1,1,-1,983,stop,-1.05338,0.014986
NQ,2020-10-19,A,1,1,1,1127,stop,-1.01067,0.014830
NQ,2020-10-19,B,1,1,1,899,stop,-1.05395,0.014830
NQ,2020-10-19,Bmirror,-1,1,1,899,target,12.34605,0.014830
NQ,2020-10-20,B,-1,1,-1,905,stop,-1.05345,0.014967
NQ,2020-10-20,Bmirror,1,1,-1,905,stop,-1.05345,0.014967
NQ,2020-10-21,B,-1,1,-1,873,stop,-1.05409,0.014791
NQ,2020-10-21,Bmirror,1,1,-1,873,stop,-1.05409,0.014791
NQ,2020-10-22,A,1,1,-1,933,target,0.72908,0.014493
NQ,2020-10-22,B,-1,1,-1,707,stop,-1.05520,0.014493
NQ,2020-10-22,Bmirror,1,1,-1,707,stop,-1.05520,0.014493
NQ,2020-10-23,B,-1,1,-1,512,stop,-1.05653,0.014151
NQ,2020-10-23,Bmirror,1,1,-1,512,stop,-1.05653,0.014151
NQ,2020-10-26,A,1,1,-1,902,stop,-1.01143,0.013853
NQ,2020-10-26,B,-1,1,-1,816,stop,-1.05775,0.013853
NQ,2020-10-26,Bmirror,1,1,-1,816,stop,-1.05775,0.013853
NQ,2020-10-27,A,-1,1,-1,1180,close,0.67419,0.014050
NQ,2020-10-27,B,1,1,-1,862,close,3.91460,0.014050
NQ,2020-10-27,Bmirror,-1,1,-1,862,stop,-1.05694,0.014050
NQ,2020-10-28,A,1,1,1,753,stop,-1.01137,0.013929
NQ,2020-10-29,A,-1,-1,-1,870,stop,-1.01148,0.014085
NQ,2020-10-29,B,1,-1,-1,702,stop,-1.05680,0.014085
NQ,2020-10-29,Bmirror,-1,-1,-1,702,stop,-1.05680,0.014085
NQ,2020-10-30,A,1,-1,1,340,target,0.72865,0.013951
NQ,2020-10-30,B,-1,-1,1,645,stop,-1.05734,0.013951
NQ,2020-10-30,Bmirror,1,-1,1,645,stop,-1.05734,0.013951
NQ,2020-11-02,A,-1,-1,-1,532,stop,-1.01173,0.013778
NQ,2020-11-02,B,1,-1,-1,1088,stop,-1.05807,0.013778
NQ,2020-11-02,Bmirror,-1,-1,-1,1088,stop,-1.05807,0.013778
NQ,2020-11-03,A,-1,-1,1,895,stop,-1.01211,0.013346
NQ,2020-11-04,A,-1,-1,1,167,stop,-1.01167,0.013855
NQ,2020-11-04,B,-1,-1,1,80,stop,-1.05774,0.013855
NQ,2020-11-04,Bmirror,1,-1,1,80,stop,-1.05774,0.013855
NQ,2020-11-05,A,-1,-1,1,219,stop,-1.01034,0.015647
NQ,2020-11-06,A,1,-1,1,244,target,0.73008,0.015946
NQ,2020-11-06,B,-1,-1,1,857,stop,-1.05017,0.015946
NQ,2020-11-06,Bmirror,1,-1,1,857,stop,-1.05017,0.015946
NQ,2020-11-09,A,1,1,1,754,stop,-1.01055,0.014995
NQ,2020-11-09,A,-1,1,1,234,target,0.72921,0.014995
NQ,2020-11-09,B,1,1,1,721,stop,-1.05335,0.014995
NQ,2020-11-09,Bmirror,-1,1,1,721,stop,-1.05335,0.014995
NQ,2020-11-10,A,1,1,-1,224,target,0.73010,0.015976
NQ,2020-11-10,B,-1,1,-1,500,target,12.34992,0.015976
NQ,2020-11-10,Bmirror,1,1,-1,500,stop,-1.05008,0.015976
NQ,2020-11-11,A,-1,-1,-1,527,stop,-1.01015,0.015947
NQ,2020-11-11,B,1,-1,-1,466,stop,-1.05017,0.015947
NQ,2020-11-11,Bmirror,-1,-1,-1,466,stop,-1.05017,0.015947
NQ,2020-11-12,B,-1,1,1,576,stop,-1.04979,0.016067
NQ,2020-11-12,Bmirror,1,1,1,576,stop,-1.04979,0.016067
NQ,2020-11-13,B,1,1,-1,910,stop,-1.04985,0.016049
NQ,2020-11-13,Bmirror,-1,1,-1,910,stop,-1.04985,0.016049
NQ,2020-11-16,A,1,1,1,740,target,0.73012,0.016004
NQ,2020-11-19,B,-1,1,-1,770,stop,-1.05335,0.014995
NQ,2020-11-19,Bmirror,1,1,-1,770,stop,-1.05335,0.014995
NQ,2020-11-23,B,1,1,1,909,stop,-1.05377,0.014879
NQ,2020-11-23,Bmirror,-1,1,1,909,close,0.71732,0.014879
NQ,2020-11-24,A,-1,1,1,1121,close,-0.23275,0.014659
NQ,2020-11-24,B,-1,1,1,940,stop,-1.05458,0.014659
NQ,2020-11-24,Bmirror,1,1,1,940,close,8.45403,0.014659
NQ,2020-11-27,A,-1,1,-1,923,close,0.15970,0.014866
NQ,2020-11-30,A,1,1,1,935,stop,-1.01061,0.014909
NQ,2020-12-01,A,-1,1,1,1032,close,0.27444,0.014690
NQ,2020-12-02,A,1,1,1,890,target,0.72925,0.014724
NQ,2020-12-02,B,-1,1,1,1011,stop,-1.05433,0.014724
NQ,2020-12-02,Bmirror,1,1,1,1011,stop,-1.05433,0.014724
NQ,2020-12-03,B,1,1,1,969,stop,-1.05974,0.013392
NQ,2020-12-03,Bmirror,-1,1,1,969,stop,-1.05974,0.013392
NQ,2020-12-07,B,-1,1,1,872,stop,-1.06186,0.012932
NQ,2020-12-07,Bmirror,1,1,1,872,close,2.85952,0.012932
NQ,2020-12-09,A,1,1,1,1044,stop,-1.01262,0.012559
NQ,2020-12-10,A,1,1,-1,834,target,0.72609,0.011403
NQ,2020-12-11,A,1,1,1,645,target,0.72521,0.010732
NQ,2020-12-14,A,-1,1,1,898,target,0.72476,0.010584
NQ,2020-12-15,A,-1,1,1,858,target,0.72172,0.008810
NQ,2020-12-15,B,-1,1,1,450,stop,-1.09081,0.008810
NQ,2020-12-15,Bmirror,1,1,1,450,close,10.72927,0.008810
NQ,2020-12-16,A,-1,1,1,1179,close,-0.24464,0.007757
NQ,2020-12-16,B,1,1,1,874,stop,-1.10313,0.007757
NQ,2020-12-16,Bmirror,-1,1,1,874,stop,-1.10313,0.007757
NQ,2020-12-17,A,-1,1,1,503,target,0.71560,0.006588
NQ,2020-12-18,A,1,1,1,904,target,0.71557,0.006517
NQ,2020-12-21,A,1,1,-1,571,stop,-1.02506,0.006356
NQ,2020-12-22,A,1,1,-1,371,target,0.71521,0.006423
NQ,2020-12-22,B,-1,1,-1,511,stop,-1.12455,0.006423
NQ,2020-12-22,Bmirror,1,1,-1,511,stop,-1.12455,0.006423
NQ,2020-12-23,A,1,1,1,53,target,0.71457,0.006262
NQ,2020-12-23,B,-1,1,1,420,stop,-1.12776,0.006262
NQ,2020-12-23,Bmirror,1,1,1,420,stop,-1.12776,0.006262
NQ,2020-12-24,A,-1,1,-1,884,target,0.71373,0.006119
NQ,2020-12-28,A,-1,1,1,426,target,0.71343,0.006049
NQ,2020-12-29,A,-1,1,1,874,target,0.71401,0.006184
NQ,2020-12-29,B,1,1,1,897,stop,-1.12937,0.006184
NQ,2020-12-29,Bmirror,-1,1,1,897,stop,-1.12937,0.006184
NQ,2020-12-30,A,-1,1,-1,816,target,0.71409,0.006204
NQ,2020-12-30,B,1,1,-1,913,stop,-1.12894,0.006204
NQ,2020-12-30,Bmirror,-1,1,-1,913,stop,-1.12894,0.006204
NQ,2021-01-04,A,1,1,-1,951,stop,-1.02755,0.005783
NQ,2021-01-04,A,-1,1,-1,433,stop,-1.02778,0.005783
NQ,2021-01-05,A,1,1,-1,837,target,0.71481,0.006323
NQ,2021-01-05,A,-1,1,-1,880,stop,-1.02542,0.006323
NQ,2021-01-05,B,1,1,-1,251,stop,-1.12652,0.006323
NQ,2021-01-05,Bmirror,-1,1,-1,251,stop,-1.12652,0.006323
NQ,2021-01-06,A,1,1,1,78,stop,-1.02456,0.006485
NQ,2021-01-06,B,1,1,1,55,stop,-1.12337,0.006485
NQ,2021-01-06,Bmirror,-1,1,1,55,stop,-1.12337,0.006485
NQ,2021-01-07,A,-1,1,-1,88,target,0.71624,0.006766
NQ,2021-01-07,B,1,1,-1,489,stop,-1.11823,0.006766
NQ,2021-01-07,Bmirror,-1,1,-1,489,stop,-1.11823,0.006766
NQ,2021-01-08,A,-1,1,1,822,target,0.71866,0.007539
NQ,2021-01-08,B,1,1,1,1121,stop,-1.10611,0.007539
NQ,2021-01-08,Bmirror,-1,1,1,1121,stop,-1.10611,0.007539
NQ,2021-01-11,A,1,1,-1,744,stop,-1.02006,0.007929
NQ,2021-01-12,A,1,1,-1,892,target,0.72085,0.008304
NQ,2021-01-12,B,-1,1,-1,872,stop,-1.09634,0.008304
NQ,2021-01-12,Bmirror,1,1,-1,872,stop,-1.09634,0.008304
NQ,2021-01-13,A,-1,1,-1,960,close,0.02625,0.008315
NQ,2021-01-13,B,-1,1,-1,870,stop,-1.09621,0.008315
NQ,2021-01-13,Bmirror,1,1,-1,870,stop,-1.09621,0.008315
NQ,2021-01-14,A,1,1,1,1254,close,0.15765,0.008344
NQ,2021-01-14,B,1,1,1,207,stop,-1.09588,0.008344
NQ,2021-01-14,Bmirror,-1,1,1,207,stop,-1.09588,0.008344
NQ,2021-01-15,A,1,1,-1,318,target,0.72099,0.008366
NQ,2021-01-15,B,-1,1,-1,871,stop,-1.09562,0.008366
NQ,2021-01-15,Bmirror,1,1,-1,871,stop,-1.09562,0.008366
NQ,2021-01-19,A,-1,1,1,200,target,0.71883,0.007600
NQ,2021-01-20,A,-1,1,1,852,stop,-1.01991,0.008086
NQ,2021-01-21,A,-1,1,1,1175,close,0.06668,0.008713
NQ,2021-01-21,B,1,1,1,832,stop,-1.09182,0.008713
NQ,2021-01-21,Bmirror,-1,1,1,832,stop,-1.09182,0.008713
NQ,2021-01-22,B,-1,1,1,887,stop,-1.09266,0.008634
NQ,2021-01-22,Bmirror,1,1,1,887,stop,-1.09266,0.008634
NQ,2021-01-25,A,1,1,1,963,stop,-1.01849,0.008597
NQ,2021-01-25,A,-1,1,1,547,stop,-1.01873,0.008597
NQ,2021-01-25,B,1,1,1,958,stop,-1.09305,0.008597
NQ,2021-01-25,Bmirror,-1,1,1,958,target,12.30695,0.008597
NQ,2021-01-26,B,-1,1,1,704,stop,-1.09291,0.008611
NQ,2021-01-26,Bmirror,1,1,1,704,stop,-1.09291,0.008611
NQ,2021-01-27,A,1,1,1,708,stop,-1.01837,0.008656
NQ,2021-01-28,A,-1,1,-1,89,target,0.72642,0.011886
NQ,2021-01-28,B,1,1,-1,454,stop,-1.06731,0.011886
NQ,2021-01-28,Bmirror,-1,1,-1,454,stop,-1.06731,0.011886
NQ,2021-01-29,A,1,1,1,209,stop,-1.01316,0.012052
NQ,2021-01-29,B,-1,1,1,820,stop,-1.06638,0.012052
NQ,2021-01-29,Bmirror,1,1,1,820,stop,-1.06638,0.012052
NQ,2021-02-01,A,-1,-1,-1,202,stop,-1.01277,0.012644
NQ,2021-02-02,A,-1,1,1,882,stop,-1.01143,0.014148
NQ,2021-02-03,B,1,1,1,872,stop,-1.05575,0.014349
NQ,2021-02-03,Bmirror,-1,1,1,872,stop,-1.05575,0.014349
NQ,2021-02-04,B,-1,1,-1,438,stop,-1.05566,0.014374
NQ,2021-02-04,Bmirror,1,1,-1,438,stop,-1.05566,0.014374
NQ,2021-02-10,A,1,1,1,943,target,0.72870,0.014017
NQ,2021-02-10,B,1,1,1,918,stop,-1.05707,0.014017
NQ,2021-02-10,Bmirror,-1,1,1,918,close,1.16156,0.014017
NQ,2021-02-11,B,1,1,-1,1047,stop,-1.05765,0.013876
NQ,2021-02-11,Bmirror,-1,1,-1,1047,stop,-1.05765,0.013876
NQ,2021-02-12,B,-1,1,1,951,stop,-1.05936,0.013476
NQ,2021-02-12,Bmirror,1,1,1,951,stop,-1.05936,0.013476
NQ,2021-02-16,A,1,1,1,1028,target,0.72784,0.013031
NQ,2021-02-17,A,1,1,-1,923,target,0.72798,0.013177
NQ,2021-02-18,A,1,1,-1,817,stop,-1.01202,0.013180
NQ,2021-02-19,B,1,1,-1,1043,stop,-1.06051,0.013220
NQ,2021-02-19,Bmirror,-1,1,-1,1043,stop,-1.06051,0.013220
NQ,2021-02-22,A,1,1,1,435,stop,-1.01220,0.012990
NQ,2021-02-23,A,1,1,-1,588,stop,-1.01134,0.013960
NQ,2021-02-23,B,1,1,-1,516,stop,-1.05731,0.013960
NQ,2021-02-23,Bmirror,-1,1,-1,516,target,12.34269,0.013960
NQ,2021-02-24,A,1,1,-1,377,target,0.72842,0.013678
NQ,2021-02-24,A,-1,1,-1,1255,close,-0.13435,0.013678
NQ,2021-02-24,B,1,1,-1,191,stop,-1.05849,0.013678
NQ,2021-02-24,Bmirror,-1,1,-1,191,stop,-1.05849,0.013678
NQ,2021-02-25,A,1,1,1,594,target,0.72815,0.013366
NQ,2021-02-26,A,-1,-1,-1,813,stop,-1.01059,0.015283
NQ,2021-02-26,B,-1,-1,-1,58,stop,-1.05234,0.015283
NQ,2021-02-26,Bmirror,1,-1,-1,58,stop,-1.05234,0.015283
NQ,2021-03-01,A,-1,-1,1,937,stop,-1.01046,0.015478
NQ,2021-03-02,A,1,-1,1,929,stop,-1.00984,0.016074
NQ,2021-03-03,A,1,-1,-1,883,stop,-1.00971,0.016276
NQ,2021-03-03,B,1,-1,-1,788,stop,-1.04915,0.016276
NQ,2021-03-03,Bmirror,-1,-1,-1,788,target,12.35085,0.016276
NQ,2021-03-04,A,1,-1,-1,1077,target,0.73005,0.015894
NQ,2021-03-04,A,-1,-1,-1,873,target,0.72982,0.015894
NQ,2021-03-04,B,-1,-1,-1,338,stop,-1.05033,0.015894
NQ,2021-03-04,Bmirror,1,-1,-1,338,stop,-1.05033,0.015894
NQ,2021-03-05,A,1,-1,-1,975,target,0.73005,0.015896
NQ,2021-03-05,A,-1,-1,-1,843,target,0.72982,0.015896
NQ,2021-03-05,B,-1,-1,-1,182,stop,-1.05033,0.015896
NQ,2021-03-05,Bmirror,1,-1,-1,182,stop,-1.05033,0.015896
NQ,2021-03-08,A,1,-1,1,224,stop,-1.00991,0.015954
NQ,2021-03-08,B,-1,-1,1,883,stop,-1.05014,0.015954
NQ,2021-03-08,Bmirror,1,-1,1,883,stop,-1.05014,0.015954
NQ,2021-03-09,A,-1,-1,-1,509,stop,-1.01077,0.015026
NQ,2021-03-09,B,1,-1,-1,410,target,12.34676,0.015026
NQ,2021-03-09,Bmirror,-1,-1,-1,410,stop,-1.05324,0.015026
NQ,2021-03-10,A,-1,-1,1,853,target,0.72993,0.016086
NQ,2021-03-10,B,-1,-1,1,620,stop,-1.04973,0.016086
NQ,2021-03-10,Bmirror,1,-1,1,620,stop,-1.04973,0.016086
NQ,2021-03-11,A,-1,-1,-1,448,stop,-1.01007,0.016085
NQ,2021-03-12,A,1,-1,1,456,stop,-1.00952,0.016603
NQ,2021-03-15,B,-1,-1,1,525,stop,-1.04805,0.016650
NQ,2021-03-15,Bmirror,1,-1,1,525,stop,-1.04805,0.016650
NQ,2021-03-16,A,-1,-1,1,829,target,0.73031,0.016718
NQ,2021-03-17,A,1,-1,1,714,target,0.73059,0.016790
NQ,2021-03-17,B,-1,-1,1,1092,stop,-1.04765,0.016790
NQ,2021-03-17,Bmirror,1,-1,1,1092,stop,-1.04765,0.016790
NQ,2021-03-18,A,1,1,1,464,stop,-1.00938,0.016839
NQ,2021-03-19,B,1,-1,-1,780,stop,-1.04504,0.017762
NQ,2021-03-19,Bmirror,-1,-1,-1,780,stop,-1.04504,0.017762
NQ,2021-03-22,A,-1,1,1,880,stop,-1.00914,0.017739
NQ,2021-03-24,A,1,1,-1,1171,close,-0.50459,0.018015
NQ,2021-03-24,B,1,1,-1,815,stop,-1.04441,0.018015
NQ,2021-03-24,Bmirror,-1,1,-1,815,close,9.83473,0.018015
NQ,2021-03-25,A,1,-1,-1,925,target,0.73134,0.018228
NQ,2021-03-25,B,-1,-1,-1,841,stop,-1.04389,0.018228
NQ,2021-03-25,Bmirror,1,-1,-1,841,stop,-1.04389,0.018228
NQ,2021-03-26,A,-1,-1,-1,1199,close,0.10919,0.018215
NQ,2021-03-26,B,-1,-1,-1,817,stop,-1.04392,0.018215
NQ,2021-03-26,Bmirror,1,-1,-1,817,stop,-1.04392,0.018215
NQ,2021-03-29,B,-1,1,-1,704,stop,-1.04352,0.018383
NQ,2021-03-29,Bmirror,1,1,-1,704,stop,-1.04352,0.018383
NQ,2021-03-30,A,1,1,1,918,target,0.73112,0.017777
NQ,2021-03-31,A,-1,1,-1,890,stop,-1.00910,0.017811
NQ,2021-04-01,A,-1,1,1,876,close,-0.40128,0.017987
NQ,2021-04-05,A,-1,1,-1,890,stop,-1.00987,0.016415
NQ,2021-04-06,B,-1,1,1,954,stop,-1.04902,0.016318
NQ,2021-04-06,Bmirror,1,1,1,954,stop,-1.04902,0.016318
NQ,2021-04-09,B,-1,1,1,1113,stop,-1.05773,0.013858
NQ,2021-04-09,Bmirror,1,1,1,1113,stop,-1.05773,0.013858
NQ,2021-04-12,B,-1,1,-1,1051,stop,-1.05908,0.013540
NQ,2021-04-12,Bmirror,1,1,-1,1051,stop,-1.05908,0.013540
NQ,2021-04-13,A,-1,1,1,893,close,-0.36949,0.012614
NQ,2021-04-14,A,1,1,1,985,target,0.72601,0.011337
NQ,2021-04-15,A,-1,1,-1,814,stop,-1.01397,0.011555
NQ,2021-04-19,A,1,1,-1,946,target,0.72543,0.010892
NQ,2021-04-19,B,1,1,-1,702,stop,-1.07345,0.010892
NQ,2021-04-19,Bmirror,-1,1,-1,702,stop,-1.07345,0.010892
NQ,2021-04-20,A,1,1,-1,953,close,-0.81614,0.010954
NQ,2021-04-20,B,-1,1,-1,885,stop,-1.07303,0.010954
NQ,2021-04-20,Bmirror,1,1,-1,885,stop,-1.07303,0.010954
NQ,2021-04-21,A,-1,1,-1,994,close,-0.35592,0.011165
NQ,2021-04-22,A,1,1,1,1124,close,-0.16419,0.011241
NQ,2021-04-23,A,-1,1,-1,935,stop,-1.01715,0.009394
NQ,2021-04-26,A,-1,1,1,1186,close,-0.05028,0.009493
NQ,2021-04-26,B,-1,1,1,833,stop,-1.08427,0.009493
NQ,2021-04-26,Bmirror,1,1,1,833,stop,-1.08427,0.009493
NQ,2021-04-27,A,1,1,1,916,target,0.72263,0.009148
NQ,2021-04-28,B,-1,1,-1,897,stop,-1.08761,0.009131
NQ,2021-04-28,Bmirror,1,1,-1,897,stop,-1.08761,0.009131
NQ,2021-04-29,A,1,1,-1,1016,target,0.72108,0.008405
NQ,2021-04-29,A,-1,1,-1,814,target,0.72085,0.008405
NQ,2021-04-29,B,1,1,-1,895,stop,-1.09518,0.008405
NQ,2021-04-29,Bmirror,-1,1,-1,895,stop,-1.09518,0.008405
NQ,2021-04-30,A,1,1,-1,707,target,0.72115,0.008436
NQ,2021-04-30,B,-1,1,-1,926,stop,-1.09483,0.008436
NQ,2021-04-30,Bmirror,1,1,-1,926,stop,-1.09483,0.008436
NQ,2021-05-03,A,1,1,1,973,close,-0.20438,0.008331
NQ,2021-05-03,B,1,1,1,945,stop,-1.09603,0.008331
NQ,2021-05-03,Bmirror,-1,1,1,945,stop,-1.09603,0.008331
NQ,2021-05-04,A,1,-1,-1,760,stop,-1.01872,0.008494
NQ,2021-05-05,A,-1,-1,-1,692,target,0.72241,0.009158
NQ,2021-05-06,A,-1,-1,-1,507,target,0.72145,0.008683
NQ,2021-05-06,B,1,-1,-1,232,stop,-1.09213,0.008683
NQ,2021-05-06,Bmirror,-1,-1,-1,232,stop,-1.09213,0.008683
NQ,2021-05-07,A,-1,-1,1,810,stop,-1.01932,0.008334
NQ,2021-05-07,B,1,-1,1,479,stop,-1.09599,0.008334
NQ,2021-05-07,Bmirror,-1,-1,1,479,stop,-1.09599,0.008334
NQ,2021-05-10,A,1,-1,1,509,stop,-1.01889,0.008415
NQ,2021-05-11,A,1,-1,-1,114,stop,-1.01724,0.009216
NQ,2021-05-11,B,-1,-1,-1,1028,stop,-1.08681,0.009216
NQ,2021-05-11,Bmirror,1,-1,-1,1028,stop,-1.08681,0.009216
NQ,2021-05-12,A,1,-1,-1,288,target,0.72275,0.009214
NQ,2021-05-12,B,-1,-1,-1,525,target,12.31317,0.009214
NQ,2021-05-12,Bmirror,1,-1,-1,525,stop,-1.08683,0.009214
NQ,2021-05-13,A,-1,-1,-1,823,stop,-1.01597,0.010097
NQ,2021-05-13,B,1,-1,-1,411,stop,-1.07923,0.010097
NQ,2021-05-13,Bmirror,-1,-1,-1,411,stop,-1.07923,0.010097
NQ,2021-05-14,A,-1,-1,1,254,stop,-1.01627,0.009908
NQ,2021-05-17,A,1,-1,1,870,stop,-1.01465,0.010836
NQ,2021-05-18,A,-1,-1,-1,451,target,0.72522,0.010913
NQ,2021-05-18,B,1,-1,-1,1173,stop,-1.07331,0.010913
NQ,2021-05-18,Bmirror,-1,-1,-1,1173,stop,-1.07331,0.010913
NQ,2021-05-19,A,1,-1,-1,495,stop,-1.01484,0.010700
NQ,2021-05-19,B,-1,-1,-1,1162,stop,-1.07477,0.010700
NQ,2021-05-19,Bmirror,1,-1,-1,1162,stop,-1.07477,0.010700
NQ,2021-05-20,A,-1,-1,-1,840,stop,-1.01525,0.010572
NQ,2021-05-20,B,1,-1,-1,591,stop,-1.07567,0.010572
NQ,2021-05-20,Bmirror,-1,-1,-1,591,stop,-1.07567,0.010572
NQ,2021-05-21,B,1,-1,1,885,stop,-1.07144,0.011198
NQ,2021-05-21,Bmirror,-1,-1,1,885,stop,-1.07144,0.011198
NQ,2021-05-24,A,-1,-1,-1,611,stop,-1.01438,0.011221
NQ,2021-05-25,B,1,-1,1,891,stop,-1.06711,0.011920
NQ,2021-05-25,Bmirror,-1,-1,1,891,stop,-1.06711,0.011920
NQ,2021-05-27,B,-1,-1,1,930,stop,-1.06889,0.011613
NQ,2021-05-27,Bmirror,1,-1,1,930,stop,-1.06889,0.011613
NQ,2021-06-01,B,1,-1,-1,912,stop,-1.07092,0.011280
NQ,2021-06-01,Bmirror,-1,-1,-1,912,close,2.15709,0.011280
NQ,2021-06-02,B,1,-1,-1,1105,stop,-1.07089,0.011285
NQ,2021-06-02,Bmirror,-1,-1,-1,1105,stop,-1.07089,0.011285
NQ,2021-06-03,A,1,1,1,722,stop,-1.01402,0.011316
NQ,2021-06-04,A,-1,1,-1,871,stop,-1.01406,0.011473
NQ,2021-06-07,B,-1,1,1,1196,stop,-1.06714,0.011916
NQ,2021-06-07,Bmirror,1,1,1,1196,close,2.83253,0.011916
NQ,2021-06-08,B,1,1,1,931,stop,-1.06743,0.011864
NQ,2021-06-08,Bmirror,-1,1,1,931,stop,-1.06743,0.011864
NQ,2021-06-09,B,1,1,1,1016,close,-0.71033,0.011310
NQ,2021-06-09,Bmirror,-1,1,1,1016,stop,-1.07073,0.011310
NQ,2021-06-10,A,-1,1,-1,885,target,0.72570,0.011284
NQ,2021-06-10,B,-1,1,-1,839,stop,-1.07090,0.011284
NQ,2021-06-10,Bmirror,1,1,-1,839,close,9.84391,0.011284
NQ,2021-06-15,A,1,1,1,1204,close,0.43346,0.009790
NQ,2021-06-16,A,1,1,-1,1140,stop,-1.01611,0.009862
NQ,2021-06-16,B,1,1,-1,996,stop,-1.08112,0.009862
NQ,2021-06-16,Bmirror,-1,1,-1,996,target,12.31888,0.009862
NQ,2021-06-17,A,-1,1,-1,878,stop,-1.01820,0.008851
NQ,2021-06-17,B,-1,1,-1,364,stop,-1.09039,0.008851
NQ,2021-06-17,Bmirror,1,1,-1,364,stop,-1.09039,0.008851
NQ,2021-06-18,A,1,1,1,796,stop,-1.01698,0.009355
NQ,2021-06-21,A,-1,1,1,1120,close,-0.05495,0.008929
NQ,2021-06-21,B,-1,1,1,440,stop,-1.08960,0.008929
NQ,2021-06-21,Bmirror,1,1,1,440,stop,-1.08960,0.008929
NQ,2021-06-22,A,-1,1,1,1046,close,-0.75318,0.008769
NQ,2021-06-22,B,-1,1,1,704,stop,-1.09123,0.008769
NQ,2021-06-22,Bmirror,1,1,1,704,stop,-1.09123,0.008769
NQ,2021-06-23,B,1,1,1,951,stop,-1.09187,0.008708
NQ,2021-06-23,Bmirror,-1,1,1,951,stop,-1.09187,0.008708
NQ,2021-06-24,A,-1,1,1,875,close,0.18505,0.008680
NQ,2021-06-25,B,-1,1,1,927,close,3.03107,0.007810
NQ,2021-06-25,Bmirror,1,1,1,927,stop,-1.10243,0.007810
NQ,2021-06-28,A,-1,1,1,874,stop,-1.02105,0.007643
NQ,2021-07-01,A,1,1,-1,979,target,0.71707,0.006943
NQ,2021-07-02,A,-1,1,-1,782,stop,-1.02313,0.006953
NQ,2021-07-06,A,1,1,-1,1039,target,0.71759,0.007101
NQ,2021-07-06,A,-1,1,-1,909,target,0.71735,0.007101
NQ,2021-07-06,B,1,1,-1,1005,stop,-1.11265,0.007101
NQ,2021-07-06,Bmirror,-1,1,-1,1005,stop,-1.11265,0.007101
NQ,2021-07-07,A,-1,1,1,539,target,0.71702,0.006999
NQ,2021-07-07,B,1,1,1,940,stop,-1.11430,0.006999
NQ,2021-07-07,Bmirror,-1,1,1,940,stop,-1.11430,0.006999
NQ,2021-07-08,A,1,1,1,498,stop,-1.02275,0.006996
NQ,2021-07-09,A,-1,1,-1,955,stop,-1.02371,0.006782
NQ,2021-07-09,B,-1,1,-1,371,stop,-1.11796,0.006782
NQ,2021-07-09,Bmirror,1,1,-1,371,stop,-1.11796,0.006782
NQ,2021-07-12,B,-1,1,1,495,stop,-1.12732,0.006283
NQ,2021-07-12,Bmirror,1,1,1,495,stop,-1.12732,0.006283
NQ,2021-07-13,A,1,1,1,841,target,0.71465,0.006283
NQ,2021-07-13,A,-1,1,1,901,stop,-1.02558,0.006283
NQ,2021-07-13,B,1,1,1,810,stop,-1.12733,0.006283
NQ,2021-07-13,Bmirror,-1,1,1,810,stop,-1.12733,0.006283
NQ,2021-07-14,A,-1,1,1,810,stop,-1.02557,0.006287
NQ,2021-07-14,B,1,1,1,1017,close,2.54406,0.006287
NQ,2021-07-14,Bmirror,-1,1,1,1017,stop,-1.12724,0.006287
NQ,2021-07-15,A,1,1,1,875,target,0.71459,0.006268
NQ,2021-07-15,B,1,1,1,692,stop,-1.12764,0.006268
NQ,2021-07-15,Bmirror,-1,1,1,692,stop,-1.12764,0.006268
NQ,2021-07-16,A,1,1,-1,1006,target,0.71500,0.006369
NQ,2021-07-16,A,-1,1,-1,856,target,0.71476,0.006369
NQ,2021-07-16,B,-1,1,-1,272,stop,-1.12561,0.006369
NQ,2021-07-16,Bmirror,1,1,-1,272,stop,-1.12561,0.006369
NQ,2021-07-19,A,1,1,-1,728,stop,-1.02418,0.006584
NQ,2021-07-19,B,-1,1,-1,77,target,12.27849,0.006584
NQ,2021-07-19,Bmirror,1,1,-1,77,stop,-1.12151,0.006584
NQ,2021-07-20,A,1,1,-1,880,target,0.71587,0.006600
NQ,2021-07-20,A,-1,1,-1,968,stop,-1.02436,0.006600
NQ,2021-07-20,B,1,1,-1,296,stop,-1.12122,0.006600
NQ,2021-07-20,Bmirror,-1,1,-1,296,stop,-1.12122,0.006600
NQ,2021-07-21,A,-1,1,1,1254,close,-0.61752,0.006670
NQ,2021-07-21,B,-1,1,1,480,stop,-1.11995,0.006670
NQ,2021-07-21,Bmirror,1,1,1,480,stop,-1.11995,0.006670
NQ,2021-07-22,A,-1,1,1,928,target,0.71512,0.006461
NQ,2021-07-22,B,1,1,1,833,target,12.27619,0.006461
NQ,2021-07-22,Bmirror,-1,1,1,833,stop,-1.12381,0.006461
NQ,2021-07-23,A,-1,1,1,979,stop,-1.02781,0.005779
NQ,2021-07-23,B,1,1,1,759,stop,-1.13844,0.005779
NQ,2021-07-23,Bmirror,-1,1,1,759,stop,-1.13844,0.005779
NQ,2021-07-26,A,1,1,1,548,target,0.70981,0.005280
NQ,2021-07-26,B,-1,1,1,900,stop,-1.15152,0.005280
NQ,2021-07-26,Bmirror,1,1,1,900,stop,-1.15152,0.005280
NQ,2021-07-27,A,1,1,1,506,target,0.70955,0.005234
NQ,2021-07-27,B,-1,1,1,722,stop,-1.15286,0.005234
NQ,2021-07-27,Bmirror,1,1,1,722,stop,-1.15286,0.005234
NQ,2021-07-28,A,-1,1,-1,570,target,0.71207,0.005754
NQ,2021-07-28,B,1,1,-1,182,stop,-1.13903,0.005754
NQ,2021-07-28,Bmirror,-1,1,-1,182,stop,-1.13903,0.005754
NQ,2021-07-29,A,-1,1,1,877,target,0.71219,0.005778
NQ,2021-07-29,B,-1,1,1,391,stop,-1.13845,0.005778
NQ,2021-07-29,Bmirror,1,1,1,391,stop,-1.13845,0.005778
NQ,2021-07-30,A,1,1,-1,61,stop,-1.02740,0.005814
NQ,2021-07-30,B,-1,1,-1,883,stop,-1.13759,0.005814
NQ,2021-07-30,Bmirror,1,1,-1,883,stop,-1.13759,0.005814
NQ,2021-08-02,A,1,1,1,885,target,0.71245,0.005783
NQ,2021-08-02,B,1,1,1,719,stop,-1.13833,0.005783
NQ,2021-08-02,Bmirror,-1,1,1,719,stop,-1.13833,0.005783
NQ,2021-08-03,A,1,1,-1,899,target,0.71183,0.005656
NQ,2021-08-03,A,-1,1,-1,1082,target,0.71159,0.005656
NQ,2021-08-03,B,1,1,-1,872,stop,-1.14144,0.005656
NQ,2021-08-03,Bmirror,-1,1,-1,872,stop,-1.14144,0.005656
NQ,2021-08-04,A,-1,1,1,1101,target,0.71147,0.005632
NQ,2021-08-04,B,1,1,1,751,stop,-1.14204,0.005632
NQ,2021-08-04,Bmirror,-1,1,1,751,stop,-1.14204,0.005632
NQ,2021-08-05,A,-1,1,1,953,close,-0.52545,0.005627
NQ,2021-08-06,A,1,1,1,829,target,0.71174,0.005639
NQ,2021-08-09,A,-1,1,-1,666,target,0.71064,0.005472
NQ,2021-08-09,B,-1,1,-1,481,stop,-1.14621,0.005472
NQ,2021-08-09,Bmirror,1,1,-1,481,close,8.61135,0.005472
NQ,2021-08-10,A,1,1,1,932,stop,-1.02897,0.005501
NQ,2021-08-10,B,1,1,1,879,stop,-1.14542,0.005501
NQ,2021-08-10,Bmirror,-1,1,1,879,stop,-1.14542,0.005501
NQ,2021-08-11,A,1,1,-1,971,target,0.71150,0.005590
NQ,2021-08-11,A,-1,1,-1,823,target,0.71126,0.005590
NQ,2021-08-11,B,-1,1,-1,810,stop,-1.14311,0.005590
NQ,2021-08-11,Bmirror,1,1,-1,810,stop,-1.14311,0.005590
NQ,2021-08-12,A,-1,1,-1,992,close,-0.48470,0.005596
NQ,2021-08-12,B,1,1,-1,825,stop,-1.14296,0.005596
NQ,2021-08-12,Bmirror,-1,1,-1,825,stop,-1.14296,0.005596
NQ,2021-08-13,A,-1,1,1,918,target,0.71048,0.005442
NQ,2021-08-16,A,1,1,-1,890,stop,-1.03002,0.005308
NQ,2021-08-17,A,1,1,1,491,stop,-1.03008,0.005297
NQ,2021-08-18,A,1,-1,-1,1246,stop,-1.02818,0.005653
NQ,2021-08-18,A,-1,-1,-1,896,target,0.71158,0.005653
NQ,2021-08-18,B,1,-1,-1,856,stop,-1.14151,0.005653
NQ,2021-08-18,Bmirror,-1,-1,-1,856,stop,-1.14151,0.005653
NQ,2021-08-19,A,1,-1,-1,424,stop,-1.02744,0.005805
NQ,2021-08-19,A,-1,-1,-1,976,stop,-1.02768,0.005805
NQ,2021-08-19,B,-1,-1,-1,911,stop,-1.13781,0.005805
NQ,2021-08-19,Bmirror,1,-1,-1,911,stop,-1.13781,0.005805
NQ,2021-08-20,A,1,1,1,507,target,0.71186,0.005661
NQ,2021-08-20,A,-1,1,1,872,stop,-1.02838,0.005661
NQ,2021-08-20,B,-1,1,1,803,stop,-1.14131,0.005661
NQ,2021-08-20,Bmirror,1,1,1,803,target,12.25869,0.005661
NQ,2021-08-23,A,-1,1,1,877,stop,-1.02773,0.005795
NQ,2021-08-24,B,1,1,1,790,stop,-1.13062,0.006125
NQ,2021-08-24,Bmirror,-1,1,1,790,stop,-1.13062,0.006125
NQ,2021-08-25,B,1,1,1,907,stop,-1.13479,0.005935
NQ,2021-08-25,Bmirror,-1,1,1,907,stop,-1.13479,0.005935
NQ,2021-08-26,A,1,1,1,488,target,0.71279,0.005855
NQ,2021-08-27,A,-1,1,-1,902,stop,-1.02797,0.005745
NQ,2021-08-27,B,1,1,-1,880,target,12.26074,0.005745
NQ,2021-08-27,Bmirror,-1,1,-1,880,stop,-1.13926,0.005745
NQ,2021-08-30,A,-1,1,1,878,stop,-1.02766,0.005810
NQ,2021-08-31,A,1,1,1,876,target,0.71381,0.006081
NQ,2021-08-31,B,1,1,1,697,stop,-1.13156,0.006081
NQ,2021-08-31,Bmirror,-1,1,1,697,close,0.56371,0.006081
NQ,2021-09-01,A,-1,1,-1,872,target,0.71067,0.005476
NQ,2021-09-01,B,1,1,-1,612,close,1.86747,0.005476
NQ,2021-09-01,Bmirror,-1,1,-1,612,stop,-1.14608,0.005476
NQ,2021-09-02,A,1,1,1,1151,target,0.71074,0.005446
NQ,2021-09-02,A,-1,1,1,870,target,0.71050,0.005446
NQ,2021-09-02,B,1,1,1,1037,stop,-1.14689,0.005446
NQ,2021-09-02,Bmirror,-1,1,1,1037,stop,-1.14689,0.005446
NQ,2021-09-03,A,-1,1,-1,810,target,0.71002,0.005358
NQ,2021-09-03,B,1,1,-1,818,stop,-1.14931,0.005358
NQ,2021-09-03,Bmirror,-1,1,-1,818,stop,-1.14931,0.005358
NQ,2021-09-07,A,1,1,1,633,target,0.70999,0.005311
NQ,2021-09-07,B,-1,1,1,1062,stop,-1.15062,0.005311
NQ,2021-09-07,Bmirror,1,1,1,1062,stop,-1.15062,0.005311
NQ,2021-09-08,A,1,1,-1,505,target,0.70991,0.005297
NQ,2021-09-08,B,-1,1,-1,732,target,12.24898,0.005297
NQ,2021-09-08,Bmirror,1,1,-1,732,stop,-1.15102,0.005297
NQ,2021-09-09,A,-1,1,-1,877,target,0.71023,0.005397
NQ,2021-09-09,B,-1,1,-1,768,stop,-1.14823,0.005397
NQ,2021-09-09,Bmirror,1,1,-1,768,stop,-1.14823,0.005397
NQ,2021-09-10,A,1,1,-1,1214,stop,-1.02958,0.005387
NQ,2021-09-10,A,-1,1,-1,571,stop,-1.02982,0.005387
NQ,2021-09-10,B,1,1,-1,955,stop,-1.14851,0.005387
NQ,2021-09-10,Bmirror,-1,1,-1,955,stop,-1.14851,0.005387
NQ,2021-09-13,A,1,1,1,370,target,0.71086,0.005469
NQ,2021-09-13,A,-1,1,1,860,target,0.71063,0.005469
NQ,2021-09-13,B,-1,1,1,460,stop,-1.14628,0.005469
NQ,2021-09-13,Bmirror,1,1,1,460,stop,-1.14628,0.005469
NQ,2021-09-14,A,1,1,-1,1159,close,0.12165,0.005453
NQ,2021-09-14,A,-1,1,-1,870,target,0.71054,0.005453
NQ,2021-09-14,B,-1,1,-1,810,stop,-1.14671,0.005453
NQ,2021-09-14,Bmirror,1,1,-1,810,stop,-1.14671,0.005453
NQ,2021-09-15,A,1,1,-1,883,target,0.71038,0.005380
NQ,2021-09-15,A,-1,1,-1,1125,stop,-1.02986,0.005380
NQ,2021-09-15,B,1,1,-1,755,stop,-1.14869,0.005380
NQ,2021-09-15,Bmirror,-1,1,-1,755,stop,-1.14869,0.005380
NQ,2021-09-16,A,1,1,1,781,stop,-1.02917,0.005463
NQ,2021-09-17,A,1,1,-1,875,stop,-1.02938,0.005425
NQ,2021-09-17,B,1,1,-1,611,stop,-1.14747,0.005425
NQ,2021-09-17,Bmirror,-1,1,-1,611,stop,-1.14747,0.005425
NQ,2021-09-20,A,1,1,1,197,stop,-1.02658,0.005992
NQ,2021-09-21,A,-1,-1,-1,286,stop,-1.02261,0.007112
NQ,2021-09-21,B,1,-1,-1,948,stop,-1.11248,0.007112
NQ,2021-09-21,Bmirror,-1,-1,-1,948,stop,-1.11248,0.007112
NQ,2021-09-22,A,-1,-1,-1,150,target,0.71655,0.006857
NQ,2021-09-22,B,-1,-1,-1,128,stop,-1.11666,0.006857
NQ,2021-09-22,Bmirror,1,-1,-1,128,stop,-1.11666,0.006857
NQ,2021-09-23,A,-1,-1,1,558,target,0.71730,0.007086
NQ,2021-09-23,B,1,-1,1,846,stop,-1.11290,0.007086
NQ,2021-09-23,Bmirror,-1,-1,1,846,stop,-1.11290,0.007086
NQ,2021-09-24,A,1,-1,1,486,target,0.71780,0.007169
NQ,2021-09-27,A,1,-1,-1,715,stop,-1.02301,0.006917
NQ,2021-09-27,A,-1,-1,-1,155,target,0.71675,0.006917
NQ,2021-09-27,B,1,-1,-1,631,stop,-1.11565,0.006917
NQ,2021-09-27,Bmirror,-1,-1,-1,631,target,12.28435,0.006917
NQ,2021-09-28,A,1,-1,-1,456,stop,-1.02377,0.006699
NQ,2021-09-29,A,-1,-1,-1,346,stop,-1.02001,0.008042
NQ,2021-09-29,B,1,-1,-1,154,target,12.30052,0.008042
NQ,2021-09-29,Bmirror,-1,-1,-1,154,stop,-1.09948,0.008042
NQ,2021-09-30,A,1,-1,-1,1259,close,0.23458,0.008036
NQ,2021-09-30,A,-1,-1,-1,361,target,0.71997,0.008036
NQ,2021-09-30,B,1,-1,-1,998,stop,-1.09955,0.008036
NQ,2021-09-30,Bmirror,-1,-1,-1,998,stop,-1.09955,0.008036
NQ,2021-10-01,A,1,-1,-1,128,stop,-1.01983,0.008019
NQ,2021-10-01,A,-1,-1,-1,1204,close,0.28808,0.008019
NQ,2021-10-01,B,-1,-1,-1,745,stop,-1.09976,0.008019
NQ,2021-10-01,Bmirror,1,-1,-1,745,stop,-1.09976,0.008019
NQ,2021-10-04,A,1,-1,1,159,stop,-1.02015,0.007895
NQ,2021-10-05,A,1,-1,-1,126,target,0.72098,0.008362
NQ,2021-10-05,A,-1,-1,-1,895,stop,-1.01925,0.008362
NQ,2021-10-05,B,-1,-1,-1,211,stop,-1.09567,0.008362
NQ,2021-10-05,Bmirror,1,-1,-1,211,stop,-1.09567,0.008362
NQ,2021-10-06,A,1,-1,1,172,stop,-1.01823,0.008721
NQ,2021-10-06,B,-1,-1,1,930,stop,-1.09174,0.008721
NQ,2021-10-06,Bmirror,1,-1,1,930,stop,-1.09174,0.008721
NQ,2021-10-07,A,-1,-1,1,578,stop,-1.01803,0.008934
NQ,2021-10-08,A,1,-1,1,1096,target,0.72242,0.009042
NQ,2021-10-08,B,-1,-1,1,486,stop,-1.08848,0.009042
NQ,2021-10-08,Bmirror,1,-1,1,486,stop,-1.08848,0.009042
NQ,2021-10-11,A,-1,-1,-1,893,target,0.72217,0.009035
NQ,2021-10-11,B,-1,-1,-1,122,stop,-1.08855,0.009035
NQ,2021-10-11,Bmirror,1,-1,-1,122,stop,-1.08855,0.009035
NQ,2021-10-12,A,-1,-1,-1,804,target,0.72216,0.009030
NQ,2021-10-12,B,-1,-1,-1,541,stop,-1.08859,0.009030
NQ,2021-10-12,Bmirror,1,-1,-1,541,stop,-1.08859,0.009030
NQ,2021-10-13,A,-1,-1,-1,584,target,0.72217,0.009035
NQ,2021-10-14,A,-1,-1,1,765,stop,-1.01713,0.009404
NQ,2021-10-18,A,-1,-1,-1,1058,close,-0.83285,0.010027
NQ,2021-10-18,B,-1,-1,-1,746,stop,-1.07979,0.010027
NQ,2021-10-18,Bmirror,1,-1,-1,746,stop,-1.07979,0.010027
NQ,2021-10-19,A,-1,-1,1,1076,close,-0.30898,0.010224
NQ,2021-10-21,A,-1,1,-1,1218,target,0.72429,0.010260
NQ,2021-10-22,A,1,1,1,1008,target,0.72455,0.010280
NQ,2021-10-22,B,1,1,1,951,stop,-1.07782,0.010280
NQ,2021-10-22,Bmirror,-1,1,1,951,close,4.86872,0.010280
NQ,2021-10-25,A,-1,1,-1,873,target,0.72391,0.010018
NQ,2021-10-26,A,-1,1,1,876,target,0.72308,0.009521
NQ,2021-10-26,B,1,1,1,1065,stop,-1.08402,0.009521
NQ,2021-10-26,Bmirror,-1,1,1,1065,stop,-1.08402,0.009521
NQ,2021-10-27,A,-1,1,1,1035,target,0.72307,0.009517
NQ,2021-10-27,B,-1,1,1,811,stop,-1.08406,0.009517
NQ,2021-10-27,Bmirror,1,1,1,811,close,1.96628,0.009517
NQ,2021-10-28,A,-1,1,1,944,target,0.72263,0.009275
NQ,2021-10-29,A,-1,1,1,1044,stop,-1.01752,0.009196
NQ,2021-10-29,B,-1,1,1,878,stop,-1.08699,0.009196
NQ,2021-10-29,Bmirror,1,1,1,878,target,12.31301,0.009196
NQ,2021-11-01,A,1,1,1,844,target,0.72311,0.009408
NQ,2021-11-01,B,-1,1,1,1196,stop,-1.08503,0.009408
NQ,2021-11-01,Bmirror,1,1,1,1196,close,0.47667,0.009408
NQ,2021-11-03,A,-1,1,1,1084,target,0.71917,0.007724
NQ,2021-11-03,B,1,1,1,844,target,12.29643,0.007724
NQ,2021-11-03,Bmirror,-1,1,1,844,stop,-1.10357,0.007724
NQ,2021-11-04,A,-1,1,1,857,stop,-1.02009,0.008011
NQ,2021-11-05,A,-1,1,1,815,target,0.71984,0.007983
NQ,2021-11-05,B,1,1,1,751,stop,-1.10022,0.007983
NQ,2021-11-05,Bmirror,-1,1,1,751,stop,-1.10022,0.007983
NQ,2021-11-08,B,1,1,-1,940,close,0.73722,0.008056
NQ,2021-11-08,Bmirror,-1,1,-1,940,stop,-1.09931,0.008056
NQ,2021-11-09,A,1,1,-1,898,target,0.71613,0.006671
NQ,2021-11-09,A,-1,1,-1,871,target,0.71590,0.006671
NQ,2021-11-09,B,1,1,-1,892,stop,-1.11992,0.006671
NQ,2021-11-09,Bmirror,-1,1,-1,892,stop,-1.11992,0.006671
NQ,2021-11-10,A,1,1,-1,811,stop,-1.02331,0.006831
NQ,2021-11-10,B,-1,1,-1,389,stop,-1.11712,0.006831
NQ,2021-11-10,Bmirror,1,1,-1,389,stop,-1.11712,0.006831
NQ,2021-11-11,A,-1,1,-1,568,target,0.71784,0.007257
NQ,2021-11-11,B,1,1,-1,266,close,3.95457,0.007257
NQ,2021-11-11,Bmirror,-1,1,-1,266,stop,-1.11023,0.007257
NQ,2021-11-12,A,-1,1,1,975,stop,-1.02223,0.007237
NQ,2021-11-12,B,-1,1,1,919,stop,-1.11054,0.007237
NQ,2021-11-12,Bmirror,1,1,1,919,stop,-1.11054,0.007237
NQ,2021-11-15,A,1,1,1,1002,stop,-1.02263,0.007034
NQ,2021-11-15,B,1,1,1,870,stop,-1.11373,0.007034
NQ,2021-11-15,Bmirror,-1,1,1,870,stop,-1.11373,0.007034
NQ,2021-11-16,A,-1,1,-1,973,close,-0.37790,0.006905
NQ,2021-11-16,B,-1,1,-1,873,stop,-1.11585,0.006905
NQ,2021-11-16,Bmirror,1,1,-1,873,stop,-1.11585,0.006905
NQ,2021-11-17,A,-1,1,1,1017,target,0.71634,0.006795
NQ,2021-11-17,B,1,1,1,1074,stop,-1.11773,0.006795
NQ,2021-11-17,Bmirror,-1,1,1,1074,stop,-1.11773,0.006795
NQ,2021-11-18,A,-1,1,1,543,target,0.71563,0.006598
NQ,2021-11-18,B,1,1,1,913,stop,-1.12126,0.006598
NQ,2021-11-18,Bmirror,-1,1,1,913,stop,-1.12126,0.006598
NQ,2021-11-19,A,-1,1,1,194,target,0.71384,0.006144
NQ,2021-11-22,A,1,1,1,1015,stop,-1.02590,0.006148
NQ,2021-11-22,A,-1,1,1,871,stop,-1.02614,0.006148
NQ,2021-11-22,B,1,1,1,1003,stop,-1.13012,0.006148
NQ,2021-11-22,Bmirror,-1,1,1,1003,stop,-1.13012,0.006148
NQ,2021-11-23,A,1,1,-1,429,target,0.71594,0.006617
NQ,2021-11-23,B,-1,1,-1,887,stop,-1.12090,0.006617
NQ,2021-11-23,Bmirror,1,1,-1,887,stop,-1.12090,0.006617
NQ,2021-11-24,A,1,1,-1,828,stop,-1.02390,0.006662
NQ,2021-11-24,A,-1,1,-1,1256,close,0.20638,0.006662
NQ,2021-11-24,B,1,1,-1,534,stop,-1.12009,0.006662
NQ,2021-11-24,Bmirror,-1,1,-1,534,stop,-1.12009,0.006662
NQ,2021-11-26,A,1,1,1,135,stop,-1.02450,0.006499
NQ,2021-11-29,A,-1,-1,1,870,target,0.71882,0.007598
NQ,2021-11-29,B,1,-1,1,599,target,12.29470,0.007598
NQ,2021-11-29,Bmirror,-1,-1,1,599,stop,-1.10530,0.007598
NQ,2021-11-30,A,1,1,1,320,stop,-1.01989,0.007997
NQ,2021-11-30,B,-1,1,1,901,stop,-1.10003,0.007997
NQ,2021-11-30,Bmirror,1,1,1,901,stop,-1.10003,0.007997
NQ,2021-12-01,A,1,-1,-1,1153,target,0.72048,0.008147
NQ,2021-12-01,A,-1,-1,-1,240,stop,-1.01976,0.008147
NQ,2021-12-01,B,1,-1,-1,1087,stop,-1.09819,0.008147
NQ,2021-12-01,Bmirror,-1,-1,-1,1087,stop,-1.09819,0.008147
NQ,2021-12-02,A,1,-1,-1,745,target,0.72194,0.008801
NQ,2021-12-02,A,-1,-1,-1,1043,target,0.72170,0.008801
NQ,2021-12-02,B,-1,-1,-1,879,stop,-1.09090,0.008801
NQ,2021-12-02,Bmirror,1,-1,-1,879,stop,-1.09090,0.008801
NQ,2021-12-03,A,1,-1,-1,899,stop,-1.01808,0.008792
NQ,2021-12-03,A,-1,-1,-1,787,stop,-1.01832,0.008792
NQ,2021-12-03,B,-1,-1,-1,216,stop,-1.09099,0.008792
NQ,2021-12-03,Bmirror,1,-1,-1,216,stop,-1.09099,0.008792
NQ,2021-12-06,A,1,-1,1,631,target,0.72235,0.009003
NQ,2021-12-06,A,-1,-1,1,1105,close,-0.10168,0.009003
NQ,2021-12-06,B,-1,-1,1,134,stop,-1.08886,0.009003
NQ,2021-12-06,Bmirror,1,-1,1,134,stop,-1.08886,0.009003
NQ,2021-12-07,A,-1,-1,1,350,stop,-1.01773,0.009084
NQ,2021-12-08,B,1,1,1,737,stop,-1.07507,0.010656
NQ,2021-12-08,Bmirror,-1,1,1,737,stop,-1.07507,0.010656
NQ,2021-12-09,A,1,1,1,1124,stop,-1.01492,0.010642
NQ,2021-12-09,B,-1,1,1,873,stop,-1.07518,0.010642
NQ,2021-12-09,Bmirror,1,1,1,873,stop,-1.07518,0.010642
NQ,2021-12-10,A,-1,-1,-1,817,target,0.72474,0.010567
NQ,2021-12-10,B,1,-1,-1,949,stop,-1.07571,0.010567
NQ,2021-12-10,Bmirror,-1,-1,-1,949,stop,-1.07571,0.010567
NQ,2021-12-13,A,1,1,1,924,stop,-1.01502,0.010566
NQ,2021-12-14,A,1,-1,-1,812,stop,-1.01446,0.010972
NQ,2021-12-15,A,1,-1,-1,994,target,0.72572,0.011115
NQ,2021-12-15,A,-1,-1,-1,1205,stop,-1.01451,0.011115
NQ,2021-12-15,B,-1,-1,-1,752,stop,-1.07198,0.011115
NQ,2021-12-15,Bmirror,1,-1,-1,752,stop,-1.07198,0.011115
NQ,2021-12-16,A,1,-1,1,899,stop,-1.01324,0.011978
NQ,2021-12-16,B,1,-1,1,840,stop,-1.06679,0.011978
NQ,2021-12-16,Bmirror,-1,-1,1,840,stop,-1.06679,0.011978
NQ,2021-12-17,A,1,-1,-1,555,target,0.72778,0.012971
NQ,2021-12-17,B,-1,-1,-1,892,stop,-1.06167,0.012971
NQ,2021-12-17,Bmirror,1,-1,-1,892,stop,-1.06167,0.012971
NQ,2021-12-20,A,1,-1,-1,446,target,0.72771,0.012893
NQ,2021-12-21,A,-1,-1,1,1100,stop,-1.01253,0.012890
NQ,2021-12-21,B,1,-1,1,600,stop,-1.06206,0.012890
NQ,2021-12-21,Bmirror,-1,-1,1,600,stop,-1.06206,0.012890
NQ,2021-12-22,A,-1,-1,1,974,close,-0.62115,0.013207
NQ,2021-12-22,B,-1,-1,1,652,stop,-1.06057,0.013207
NQ,2021-12-22,Bmirror,1,-1,1,652,stop,-1.06057,0.013207
NQ,2021-12-23,A,-1,-1,1,1246,close,0.39398,0.013401
NQ,2021-12-27,A,-1,1,1,929,close,-0.63054,0.013341
NQ,2021-12-28,B,1,1,1,875,stop,-1.05921,0.013511
NQ,2021-12-28,Bmirror,-1,1,1,875,stop,-1.05921,0.013511
NQ,2021-12-31,B,-1,1,-1,818,stop,-1.06016,0.013298
NQ,2021-12-31,Bmirror,1,1,-1,818,stop,-1.06016,0.013298
NQ,2022-01-03,B,1,1,1,887,stop,-1.06234,0.012833
NQ,2022-01-03,Bmirror,-1,1,1,887,stop,-1.06234,0.012833
NQ,2022-01-04,A,1,1,1,937,stop,-1.01238,0.012804
NQ,2022-01-04,B,1,1,1,871,stop,-1.06248,0.012804
NQ,2022-01-04,Bmirror,-1,1,1,871,target,12.33752,0.012804
NQ,2022-01-05,A,1,-1,-1,1057,stop,-1.01239,0.012789
NQ,2022-01-05,B,-1,-1,-1,900,target,12.33745,0.012789
NQ,2022-01-05,Bmirror,1,-1,-1,900,stop,-1.06255,0.012789
NQ,2022-01-06,A,1,-1,-1,283,target,0.72830,0.013540
NQ,2022-01-06,B,-1,-1,-1,874,stop,-1.05908,0.013540
NQ,2022-01-06,Bmirror,1,-1,-1,874,stop,-1.05908,0.013540
NQ,2022-01-07,A,1,-1,1,818,target,0.72800,0.013205
NQ,2022-01-07,B,-1,-1,1,686,target,12.33942,0.013205
NQ,2022-01-07,Bmirror,1,-1,1,686,stop,-1.06058,0.013205
NQ,2022-01-10,A,1,-1,-1,770,stop,-1.01201,0.013196
NQ,2022-01-10,B,1,-1,-1,514,stop,-1.06063,0.013196
NQ,2022-01-10,Bmirror,-1,-1,-1,514,stop,-1.06063,0.013196
NQ,2022-01-11,A,-1,-1,1,998,close,-0.43946,0.013206
NQ,2022-01-11,B,1,-1,1,820,stop,-1.06058,0.013206
NQ,2022-01-11,Bmirror,-1,-1,1,820,stop,-1.06058,0.013206
NQ,2022-01-12,A,-1,-1,1,842,target,0.72789,0.013341
NQ,2022-01-12,B,1,-1,1,966,stop,-1.05997,0.013341
NQ,2022-01-12,Bmirror,-1,-1,1,966,stop,-1.05997,0.013341
NQ,2022-01-13,A,1,1,1,951,target,0.72687,0.012081
NQ,2022-01-13,B,-1,1,1,505,stop,-1.06622,0.012081
NQ,2022-01-13,Bmirror,1,1,1,505,stop,-1.06622,0.012081
NQ,2022-01-14,A,1,-1,-1,778,target,0.72763,0.012812
NQ,2022-01-14,B,-1,-1,-1,263,stop,-1.06244,0.012812
NQ,2022-01-14,Bmirror,1,-1,-1,263,stop,-1.06244,0.012812
NQ,2022-01-17,B,-1,-1,-1,517,stop,-1.06335,0.012628
NQ,2022-01-17,Bmirror,1,-1,-1,517,stop,-1.06335,0.012628
NQ,2022-01-18,A,1,-1,1,258,stop,-1.01257,0.012613
NQ,2022-01-19,A,1,-1,-1,1255,close,-0.13744,0.013057
NQ,2022-01-19,A,-1,-1,-1,886,target,0.72763,0.013057
NQ,2022-01-19,B,-1,-1,-1,538,stop,-1.06127,0.013057
NQ,2022-01-19,Bmirror,1,-1,-1,538,stop,-1.06127,0.013057
NQ,2022-01-20,A,1,-1,-1,1250,stop,-1.01209,0.013107
NQ,2022-01-20,A,-1,-1,-1,411,target,0.72767,0.013107
NQ,2022-01-21,A,1,-1,-1,192,target,0.72718,0.012371
NQ,2022-01-21,B,-1,-1,-1,440,stop,-1.06467,0.012371
NQ,2022-01-21,Bmirror,1,-1,-1,440,stop,-1.06467,0.012371
NQ,2022-01-24,A,1,-1,1,603,stop,-1.01308,0.012127
NQ,2022-01-24,B,-1,-1,1,495,stop,-1.06597,0.012127
NQ,2022-01-24,Bmirror,1,-1,1,495,stop,-1.06597,0.012127
NQ,2022-01-25,A,1,-1,-1,56,stop,-1.01311,0.012100
NQ,2022-01-26,A,1,-1,-1,1206,target,0.72729,0.012469
NQ,2022-01-26,A,-1,-1,-1,520,stop,-1.01295,0.012469
NQ,2022-01-26,B,-1,-1,-1,117,stop,-1.06416,0.012469
NQ,2022-01-26,Bmirror,1,-1,-1,117,stop,-1.06416,0.012469
NQ,2022-01-27,A,1,-1,1,61,stop,-1.01310,0.012102
NQ,2022-01-27,A,-1,-1,1,894,target,0.72666,0.012102
NQ,2022-01-27,B,-1,-1,1,786,stop,-1.06610,0.012102
NQ,2022-01-27,Bmirror,1,-1,1,786,stop,-1.06610,0.012102
NQ,2022-01-28,A,1,-1,-1,677,stop,-1.01352,0.011729
NQ,2022-01-28,A,-1,-1,-1,976,stop,-1.01376,0.011729
NQ,2022-01-28,B,1,-1,-1,108,stop,-1.06821,0.011729
NQ,2022-01-28,Bmirror,-1,-1,-1,108,stop,-1.06821,0.011729
NQ,2022-01-31,A,-1,-1,-1,533,target,0.72712,0.012540
NQ,2022-02-01,B,1,-1,1,573,stop,-1.05790,0.013818
NQ,2022-02-01,Bmirror,-1,-1,1,573,stop,-1.05790,0.013818
NQ,2022-02-02,A,1,-1,1,974,target,0.72891,0.014281
NQ,2022-02-02,B,1,-1,1,871,stop,-1.05602,0.014281
NQ,2022-02-02,Bmirror,-1,-1,1,871,stop,-1.05602,0.014281
NQ,2022-02-03,A,1,-1,-1,1177,stop,-1.01073,0.014753
NQ,2022-02-03,B,1,-1,-1,662,stop,-1.05422,0.014753
NQ,2022-02-03,Bmirror,-1,-1,-1,662,stop,-1.05422,0.014753
NQ,2022-02-04,A,1,-1,-1,631,stop,-1.01072,0.014759
NQ,2022-02-04,B,-1,-1,-1,1177,stop,-1.05420,0.014759
NQ,2022-02-04,Bmirror,1,-1,-1,1177,stop,-1.05420,0.014759
NQ,2022-02-07,A,1,-1,1,1252,close,0.46102,0.014797
NQ,2022-02-07,B,-1,-1,1,273,stop,-1.05407,0.014797
NQ,2022-02-07,Bmirror,1,-1,1,273,stop,-1.05407,0.014797
NQ,2022-02-08,A,-1,-1,-1,1255,close,0.21457,0.014701
NQ,2022-02-08,B,-1,-1,-1,953,stop,-1.05442,0.014701
NQ,2022-02-08,Bmirror,1,-1,-1,953,close,6.21774,0.014701
NQ,2022-02-09,A,-1,-1,1,791,target,0.72907,0.014793
NQ,2022-02-10,A,1,-1,1,812,stop,-1.01091,0.014510
NQ,2022-02-11,A,1,-1,-1,1107,stop,-1.01047,0.015112
NQ,2022-02-11,B,-1,-1,-1,491,stop,-1.05294,0.015112
NQ,2022-02-11,Bmirror,1,-1,-1,491,stop,-1.05294,0.015112
NQ,2022-02-14,A,1,-1,-1,537,target,0.72987,0.015611
NQ,2022-02-14,B,-1,-1,-1,767,stop,-1.05124,0.015611
NQ,2022-02-14,Bmirror,1,-1,-1,767,stop,-1.05124,0.015611
NQ,2022-02-15,A,-1,-1,1,514,stop,-1.01038,0.015599
NQ,2022-02-16,A,1,-1,1,892,target,0.73001,0.015826
NQ,2022-02-16,B,1,-1,1,775,stop,-1.05055,0.015826
NQ,2022-02-16,Bmirror,-1,-1,1,775,stop,-1.05055,0.015826
NQ,2022-02-17,A,1,1,1,891,stop,-1.01002,0.015781
NQ,2022-02-17,B,-1,1,1,485,target,12.34931,0.015781
NQ,2022-02-17,Bmirror,1,1,1,485,stop,-1.05069,0.015781
NQ,2022-02-18,A,1,-1,-1,963,target,0.73006,0.015911
NQ,2022-02-18,B,1,-1,-1,805,stop,-1.05028,0.015911
NQ,2022-02-18,Bmirror,-1,-1,-1,805,stop,-1.05028,0.015911
NQ,2022-02-21,A,-1,-1,-1,72,stop,-1.01017,0.015915
NQ,2022-02-21,B,1,-1,-1,764,stop,-1.05027,0.015915
NQ,2022-02-21,Bmirror,-1,-1,-1,764,stop,-1.05027,0.015915
NQ,2022-02-22,A,-1,-1,-1,624,stop,-1.01014,0.015967
NQ,2022-02-23,A,1,-1,1,926,stop,-1.00982,0.016104
NQ,2022-02-23,B,1,-1,1,681,stop,-1.04968,0.016104
NQ,2022-02-23,Bmirror,-1,-1,1,681,stop,-1.04968,0.016104
NQ,2022-02-24,A,1,-1,-1,178,stop,-1.00930,0.016997
NQ,2022-02-24,A,-1,-1,-1,1129,target,0.73047,0.016997
NQ,2022-02-24,B,-1,-1,-1,969,stop,-1.04707,0.016997
NQ,2022-02-24,Bmirror,1,-1,-1,969,stop,-1.04707,0.016997
NQ,2022-02-25,A,-1,-1,1,800,target,0.73079,0.017596
NQ,2022-02-25,B,-1,-1,1,595,stop,-1.04546,0.017596
NQ,2022-02-25,Bmirror,1,-1,1,595,stop,-1.04546,0.017596
NQ,2022-02-28,A,-1,-1,-1,548,target,0.73104,0.018089
NQ,2022-02-28,B,1,-1,-1,114,stop,-1.04423,0.018089
NQ,2022-02-28,Bmirror,-1,-1,-1,114,stop,-1.04423,0.018089
NQ,2022-03-01,A,1,-1,1,1005,stop,-1.00836,0.018862
NQ,2022-03-01,B,-1,-1,1,900,target,12.35759,0.018862
NQ,2022-03-01,Bmirror,1,-1,1,900,stop,-1.04241,0.018862
NQ,2022-03-02,A,-1,-1,-1,1089,close,0.37271,0.018698
NQ,2022-03-02,B,-1,-1,-1,503,stop,-1.04279,0.018698
NQ,2022-03-02,Bmirror,1,-1,-1,503,stop,-1.04279,0.018698
NQ,2022-03-03,A,1,-1,1,1208,close,0.39004,0.018777
NQ,2022-03-03,B,1,-1,1,913,stop,-1.04261,0.018777
NQ,2022-03-03,Bmirror,-1,-1,1,913,close,5.36518,0.018777
NQ,2022-03-04,A,1,-1,-1,36,stop,-1.00843,0.018717
NQ,2022-03-07,A,1,-1,-1,1207,stop,-1.00844,0.018699
NQ,2022-03-07,A,-1,-1,-1,754,target,0.73132,0.018699
NQ,2022-03-07,B,1,-1,-1,925,stop,-1.04278,0.018699
NQ,2022-03-07,Bmirror,-1,-1,-1,925,stop,-1.04278,0.018699
NQ,2022-03-08,A,-1,-1,-1,1034,stop,-1.00902,0.017968
NQ,2022-03-08,B,1,-1,-1,285,stop,-1.04452,0.017968
NQ,2022-03-08,Bmirror,-1,-1,-1,285,stop,-1.04452,0.017968
NQ,2022-03-09,A,-1,-1,-1,450,stop,-1.00922,0.017572
NQ,2022-03-09,B,1,-1,-1,171,stop,-1.04553,0.017572
NQ,2022-03-09,Bmirror,-1,-1,-1,171,stop,-1.04553,0.017572
NQ,2022-03-10,A,1,-1,1,671,stop,-1.00846,0.018660
NQ,2022-03-11,A,1,-1,-1,1056,target,0.73157,0.018719
NQ,2022-03-11,A,-1,-1,-1,686,target,0.73133,0.018719
NQ,2022-03-11,B,-1,-1,-1,379,stop,-1.04274,0.018719
NQ,2022-03-11,Bmirror,1,-1,-1,379,stop,-1.04274,0.018719
NQ,2022-03-14,A,1,-1,1,948,stop,-1.00830,0.019001
NQ,2022-03-14,B,-1,-1,1,853,target,12.35790,0.019001
NQ,2022-03-14,Bmirror,1,-1,1,853,stop,-1.04210,0.019001
NQ,2022-03-15,A,-1,-1,-1,871,stop,-1.00844,0.019226
NQ,2022-03-15,B,-1,-1,-1,666,stop,-1.04161,0.019226
NQ,2022-03-15,Bmirror,1,-1,-1,666,stop,-1.04161,0.019226
NQ,2022-03-16,A,-1,-1,1,497,stop,-1.00820,0.019790
NQ,2022-03-17,B,-1,1,1,839,stop,-1.03844,0.020811
NQ,2022-03-17,Bmirror,1,1,1,839,stop,-1.03844,0.020811
NQ,2022-03-18,A,-1,1,1,851,stop,-1.00797,0.020383
NQ,2022-03-21,A,1,1,-1,1041,target,0.73231,0.020489
NQ,2022-03-21,B,-1,1,-1,918,stop,-1.03905,0.020489
NQ,2022-03-21,Bmirror,1,1,-1,918,stop,-1.03905,0.020489
NQ,2022-03-22,A,-1,1,-1,858,close,-0.66129,0.020497
NQ,2022-03-23,A,1,1,1,1199,close,0.13391,0.020632
NQ,2022-03-23,B,-1,1,1,962,close,6.65348,0.020632
NQ,2022-03-23,Bmirror,1,1,1,962,stop,-1.03878,0.020632
NQ,2022-03-24,A,-1,1,-1,1156,close,-0.44410,0.020770
NQ,2022-03-25,B,-1,1,1,1199,close,-0.03257,0.020398
NQ,2022-03-25,Bmirror,1,1,1,1199,close,-0.04587,0.020398
NQ,2022-03-28,A,-1,1,-1,1226,close,-0.20584,0.020123
NQ,2022-03-28,B,1,1,-1,1009,stop,-1.03975,0.020123
NQ,2022-03-28,Bmirror,-1,1,-1,1009,stop,-1.03975,0.020123
NQ,2022-03-29,A,-1,1,1,872,target,0.73192,0.020090
NQ,2022-03-31,A,1,1,-1,1254,close,0.13861,0.018805
NQ,2022-04-04,A,-1,1,-1,890,stop,-1.00921,0.017597
NQ,2022-04-05,A,1,1,1,915,stop,-1.00913,0.017296
NQ,2022-04-06,A,1,1,-1,726,stop,-1.00901,0.017532
NQ,2022-04-07,B,1,1,-1,909,stop,-1.04449,0.017981
NQ,2022-04-07,Bmirror,-1,1,-1,909,stop,-1.04449,0.017981
NQ,2022-04-08,A,1,1,1,892,target,0.73118,0.017895
NQ,2022-04-08,B,1,1,1,682,stop,-1.04471,0.017895
NQ,2022-04-08,Bmirror,-1,1,1,682,stop,-1.04471,0.017895
NQ,2022-04-11,A,1,1,1,558,stop,-1.00906,0.017427
NQ,2022-04-12,A,-1,-1,-1,814,target,0.73073,0.017480
NQ,2022-04-12,B,-1,-1,-1,587,stop,-1.04577,0.017480
NQ,2022-04-12,Bmirror,1,-1,-1,587,stop,-1.04577,0.017480
NQ,2022-04-13,A,-1,-1,-1,974,close,-0.53236,0.017496
NQ,2022-04-13,B,1,-1,-1,789,stop,-1.04572,0.017496
NQ,2022-04-13,Bmirror,-1,-1,-1,789,stop,-1.04572,0.017496
NQ,2022-04-14,A,1,-1,1,907,stop,-1.00952,0.016596
NQ,2022-04-18,A,-1,-1,-1,924,target,0.73026,0.016625
NQ,2022-04-18,B,-1,-1,-1,543,stop,-1.04812,0.016625
NQ,2022-04-18,Bmirror,1,-1,-1,543,stop,-1.04812,0.016625
NQ,2022-04-19,A,-1,-1,1,946,close,0.43393,0.016707
NQ,2022-04-19,B,-1,-1,1,892,stop,-1.04788,0.016707
NQ,2022-04-19,Bmirror,1,-1,1,892,stop,-1.04788,0.016707
NQ,2022-04-20,A,-1,-1,1,775,target,0.73005,0.016273
NQ,2022-04-20,B,1,-1,1,892,stop,-1.04916,0.016273
NQ,2022-04-20,Bmirror,-1,-1,1,892,stop,-1.04916,0.016273
NQ,2022-04-21,A,1,-1,-1,1074,stop,-1.01009,0.015675
NQ,2022-04-21,A,-1,-1,-1,872,target,0.72967,0.015675
NQ,2022-04-21,B,1,-1,-1,954,stop,-1.05104,0.015675
NQ,2022-04-21,Bmirror,-1,-1,-1,954,stop,-1.05104,0.015675
NQ,2022-04-22,A,1,-1,-1,999,stop,-1.01064,0.014873
NQ,2022-04-22,B,-1,-1,-1,364,stop,-1.05379,0.014873
NQ,2022-04-22,Bmirror,1,-1,-1,364,stop,-1.05379,0.014873
NQ,2022-04-25,A,1,-1,1,738,target,0.72923,0.014692
NQ,2022-04-25,A,-1,-1,1,1189,target,0.72899,0.014692
NQ,2022-04-25,B,-1,-1,1,505,stop,-1.05445,0.014692
NQ,2022-04-25,Bmirror,1,-1,1,505,stop,-1.05445,0.014692
NQ,2022-04-26,A,1,-1,1,873,stop,-1.01055,0.014999
NQ,2022-04-26,B,-1,-1,1,600,target,12.34666,0.014999
NQ,2022-04-26,Bmirror,1,-1,1,600,stop,-1.05334,0.014999
NQ,2022-04-27,A,-1,-1,-1,536,target,0.73025,0.016620
NQ,2022-04-27,B,1,-1,-1,917,stop,-1.04814,0.016620
NQ,2022-04-27,Bmirror,-1,-1,-1,917,stop,-1.04814,0.016620
NQ,2022-04-28,A,-1,-1,1,515,target,0.73006,0.016293
NQ,2022-04-28,B,1,-1,1,880,stop,-1.04910,0.016293
NQ,2022-04-28,Bmirror,-1,-1,1,880,stop,-1.04910,0.016293
NQ,2022-04-29,A,1,-1,1,1061,stop,-1.00970,0.016295
NQ,2022-04-29,A,-1,-1,1,456,target,0.73006,0.016295
NQ,2022-04-29,B,1,-1,1,772,stop,-1.04909,0.016295
NQ,2022-04-29,Bmirror,-1,-1,1,772,stop,-1.04909,0.016295
NQ,2022-05-02,A,1,-1,-1,1160,target,0.73034,0.016355
NQ,2022-05-02,A,-1,-1,-1,931,target,0.73010,0.016355
NQ,2022-05-02,B,1,-1,-1,539,stop,-1.04891,0.016355
NQ,2022-05-02,Bmirror,-1,-1,-1,539,stop,-1.04891,0.016355
NQ,2022-05-03,B,1,-1,1,686,stop,-1.04818,0.016605
NQ,2022-05-03,Bmirror,-1,-1,1,686,stop,-1.04818,0.016605
NQ,2022-05-04,A,1,-1,1,915,target,0.73030,0.016291
NQ,2022-05-04,B,-1,-1,1,1081,stop,-1.04911,0.016291
NQ,2022-05-04,Bmirror,1,-1,1,1081,stop,-1.04911,0.016291
NQ,2022-05-06,A,1,-1,-1,844,target,0.73007,0.015927
NQ,2022-05-06,B,-1,-1,-1,292,stop,-1.05023,0.015927
NQ,2022-05-06,Bmirror,1,-1,-1,292,stop,-1.05023,0.015927
NQ,2022-05-10,A,-1,-1,-1,459,target,0.73034,0.016772
NQ,2022-05-10,B,-1,-1,-1,183,stop,-1.04770,0.016772
NQ,2022-05-10,Bmirror,1,-1,-1,183,target,12.35230,0.016772
NQ,2022-05-11,A,1,-1,1,818,target,0.73069,0.016979
NQ,2022-05-11,A,-1,-1,1,594,target,0.73046,0.016979
NQ,2022-05-11,B,1,-1,1,810,stop,-1.04712,0.016979
NQ,2022-05-11,Bmirror,-1,-1,1,810,stop,-1.04712,0.016979
NQ,2022-05-12,A,1,-1,-1,576,stop,-1.00948,0.016668
NQ,2022-05-12,B,-1,-1,-1,101,stop,-1.04800,0.016668
NQ,2022-05-12,Bmirror,1,-1,-1,101,stop,-1.04800,0.016668
NQ,2022-05-13,A,-1,-1,-1,139,stop,-1.00982,0.016497
NQ,2022-05-16,A,1,-1,1,259,target,0.73121,0.017964
NQ,2022-05-17,A,-1,-1,-1,546,stop,-1.00901,0.017986
NQ,2022-05-18,A,1,-1,1,828,stop,-1.00842,0.018730
NQ,2022-05-19,A,1,-1,-1,600,target,0.73229,0.020443
NQ,2022-05-19,B,-1,-1,-1,237,stop,-1.03913,0.020443
NQ,2022-05-19,Bmirror,1,-1,-1,237,stop,-1.03913,0.020443
NQ,2022-05-20,A,1,-1,1,978,stop,-1.00770,0.020465
NQ,2022-05-20,A,-1,-1,1,614,target,0.73206,0.020465
NQ,2022-05-20,B,1,-1,1,908,stop,-1.03909,0.020465
NQ,2022-05-20,Bmirror,-1,-1,1,908,stop,-1.03909,0.020465
NQ,2022-05-23,B,1,-1,1,552,stop,-1.04035,0.019824
NQ,2022-05-23,Bmirror,-1,-1,1,552,stop,-1.04035,0.019824
NQ,2022-05-24,A,1,-1,-1,887,stop,-1.00795,0.019825
NQ,2022-05-25,A,1,-1,-1,766,target,0.73196,0.019605
NQ,2022-05-25,A,-1,-1,-1,1208,target,0.73172,0.019605
NQ,2022-05-25,B,-1,-1,-1,885,stop,-1.04081,0.019605
NQ,2022-05-25,Bmirror,1,-1,-1,885,stop,-1.04081,0.019605
NQ,2022-05-26,A,-1,-1,1,891,stop,-1.00831,0.019538
NQ,2022-05-26,B,1,-1,1,869,target,12.35905,0.019538
NQ,2022-05-26,Bmirror,-1,-1,1,869,stop,-1.04095,0.019538
NQ,2022-05-27,A,-1,-1,1,872,stop,-1.00791,0.020547
NQ,2022-05-31,A,1,-1,1,877,target,0.73242,0.020773
NQ,2022-06-01,A,1,1,-1,1005,target,0.73235,0.020584
NQ,2022-06-01,B,-1,1,-1,783,stop,-1.03887,0.020584
NQ,2022-06-01,Bmirror,1,1,-1,783,stop,-1.03887,0.020584
NQ,2022-06-02,A,-1,1,-1,1006,stop,-1.00839,0.019340
NQ,2022-06-02,B,1,1,-1,847,stop,-1.04136,0.019340
NQ,2022-06-02,Bmirror,-1,1,-1,847,stop,-1.04136,0.019340
NQ,2022-06-03,A,1,1,1,810,stop,-1.00789,0.019967
NQ,2022-06-06,A,-1,1,1,551,target,0.73187,0.019978
NQ,2022-06-06,B,1,1,1,1049,close,2.12567,0.019978
NQ,2022-06-06,Bmirror,-1,1,1,1049,stop,-1.04004,0.019978
NQ,2022-06-07,B,-1,1,1,928,stop,-1.04003,0.019987
NQ,2022-06-07,Bmirror,1,1,1,928,stop,-1.04003,0.019987
NQ,2022-06-09,A,1,1,-1,1199,stop,-1.00792,0.019899
NQ,2022-06-09,B,1,1,-1,792,stop,-1.04020,0.019899
NQ,2022-06-09,Bmirror,-1,1,-1,792,stop,-1.04020,0.019899
NQ,2022-06-10,A,1,-1,-1,812,stop,-1.00774,0.020355
NQ,2022-06-13,A,1,-1,-1,557,target,0.73257,0.021207
NQ,2022-06-14,B,1,-1,-1,663,stop,-1.03828,0.020897
NQ,2022-06-14,Bmirror,-1,-1,-1,663,stop,-1.03828,0.020897
NQ,2022-06-15,A,-1,-1,-1,904,target,0.73219,0.020792
NQ,2022-06-15,B,1,-1,-1,1173,target,12.36152,0.020792
NQ,2022-06-15,Bmirror,-1,-1,-1,1173,stop,-1.03848,0.020792
NQ,2022-06-16,A,1,-1,1,453,stop,-1.00754,0.020884
NQ,2022-06-17,A,-1,-1,-1,1091,target,0.73269,0.022261
NQ,2022-06-17,B,1,-1,-1,850,stop,-1.03594,0.022261
NQ,2022-06-17,Bmirror,-1,-1,-1,850,stop,-1.03594,0.022261
NQ,2022-06-20,B,-1,-1,1,1016,close,-0.29617,0.021378
NQ,2022-06-20,Bmirror,1,-1,1,1016,close,0.22133,0.021378
NQ,2022-06-21,A,-1,-1,1,884,close,0.14037,0.021251
NQ,2022-06-22,A,1,-1,1,482,target,0.73245,0.020859
NQ,2022-06-22,B,-1,-1,1,894,stop,-1.03835,0.020859
NQ,2022-06-22,Bmirror,1,-1,1,894,stop,-1.03835,0.020859
NQ,2022-06-23,A,-1,-1,-1,710,target,0.73127,0.018590
NQ,2022-06-24,A,-1,-1,1,399,stop,-1.00862,0.018823
NQ,2022-06-27,B,1,-1,-1,875,stop,-1.04036,0.019822
NQ,2022-06-27,Bmirror,-1,-1,-1,875,stop,-1.04036,0.019822
NQ,2022-06-28,A,1,-1,-1,986,stop,-1.00795,0.019821
NQ,2022-06-28,B,-1,-1,-1,422,stop,-1.04036,0.019821
NQ,2022-06-28,Bmirror,1,-1,-1,422,stop,-1.04036,0.019821
NQ,2022-06-29,B,-1,-1,-1,891,stop,-1.03889,0.020572
NQ,2022-06-29,Bmirror,1,-1,-1,891,stop,-1.03889,0.020572
NQ,2022-06-30,A,1,-1,-1,455,stop,-1.00767,0.020542
NQ,2022-07-01,B,-1,-1,-1,579,stop,-1.04017,0.019917
NQ,2022-07-01,Bmirror,1,-1,-1,579,stop,-1.04017,0.019917
NQ,2022-07-05,A,1,-1,1,774,target,0.73163,0.018839
NQ,2022-07-05,A,-1,-1,1,1259,close,-0.01475,0.018839
NQ,2022-07-05,B,1,-1,1,237,stop,-1.04246,0.018839
NQ,2022-07-05,Bmirror,-1,-1,1,237,stop,-1.04246,0.018839
NQ,2022-07-07,A,-1,1,1,947,close,-0.57456,0.019027
NQ,2022-07-08,B,-1,1,1,927,stop,-1.04334,0.018458
NQ,2022-07-08,Bmirror,1,1,1,927,stop,-1.04334,0.018458
NQ,2022-07-11,A,1,1,-1,876,close,-0.43901,0.017821
NQ,2022-07-12,A,1,1,-1,1235,close,0.53983,0.018077
NQ,2022-07-12,B,-1,1,-1,752,stop,-1.04425,0.018077
NQ,2022-07-12,Bmirror,1,1,-1,752,stop,-1.04425,0.018077
NQ,2022-07-13,A,1,1,-1,810,stop,-1.00876,0.018012
NQ,2022-07-13,A,-1,1,-1,809,target,0.73100,0.018012
NQ,2022-07-13,B,1,1,-1,810,stop,-1.04441,0.018012
NQ,2022-07-13,Bmirror,-1,1,-1,810,stop,-1.04441,0.018012
NQ,2022-07-14,A,1,1,-1,901,target,0.73124,0.018019
NQ,2022-07-14,B,-1,1,-1,1002,stop,-1.04440,0.018019
NQ,2022-07-14,Bmirror,1,1,-1,1002,stop,-1.04440,0.018019
NQ,2022-07-15,A,-1,1,1,900,target,0.73077,0.017566
NQ,2022-07-15,B,-1,1,1,819,stop,-1.04554,0.017566
NQ,2022-07-15,Bmirror,1,1,1,819,close,8.95075,0.017566
NQ,2022-07-18,A,1,1,1,1234,close,0.16193,0.016379
NQ,2022-07-18,B,1,1,1,1127,stop,-1.04884,0.016379
NQ,2022-07-18,Bmirror,-1,1,1,1127,close,6.49325,0.016379
NQ,2022-07-19,A,-1,-1,-1,868,stop,-1.01031,0.015693
NQ,2022-07-20,A,-1,1,1,951,target,0.73027,0.016642
NQ,2022-07-20,B,-1,1,1,877,stop,-1.04807,0.016642
NQ,2022-07-20,Bmirror,1,1,1,877,stop,-1.04807,0.016642
NQ,2022-07-21,A,-1,1,1,1026,close,-0.04494,0.016038
NQ,2022-07-21,B,1,1,1,875,stop,-1.04988,0.016038
NQ,2022-07-21,Bmirror,-1,1,1,875,stop,-1.04988,0.016038
NQ,2022-07-22,A,1,1,1,997,close,-0.02091,0.013634
NQ,2022-07-22,A,-1,1,1,890,target,0.72815,0.013634
NQ,2022-07-22,B,1,1,1,901,stop,-1.05868,0.013634
NQ,2022-07-22,Bmirror,-1,1,1,901,stop,-1.05868,0.013634
NQ,2022-07-25,A,1,1,-1,927,target,0.72849,0.013760
NQ,2022-07-25,B,1,1,-1,870,stop,-1.05814,0.013760
NQ,2022-07-25,Bmirror,-1,1,-1,870,stop,-1.05814,0.013760
NQ,2022-07-26,A,1,1,-1,925,stop,-1.01139,0.013907
NQ,2022-07-27,A,-1,1,-1,885,stop,-1.01169,0.013822
NQ,2022-07-28,A,-1,1,1,1117,stop,-1.01119,0.014450
NQ,2022-07-28,B,-1,1,1,815,stop,-1.05536,0.014450
NQ,2022-07-28,Bmirror,1,1,1,815,stop,-1.05536,0.014450
NQ,2022-07-29,B,-1,1,1,896,stop,-1.05413,0.014780
NQ,2022-07-29,Bmirror,1,1,1,896,stop,-1.05413,0.014780
NQ,2022-08-01,A,-1,1,-1,910,target,0.72811,0.013588
NQ,2022-08-01,B,-1,1,-1,879,stop,-1.05887,0.013588
NQ,2022-08-01,Bmirror,1,1,-1,879,stop,-1.05887,0.013588
NQ,2022-08-02,A,1,1,1,658,target,0.72830,0.013542
NQ,2022-08-02,A,-1,1,1,1060,target,0.72807,0.013542
NQ,2022-08-02,B,-1,1,1,950,stop,-1.05908,0.013542
NQ,2022-08-02,Bmirror,1,1,1,950,stop,-1.05908,0.013542
NQ,2022-08-03,A,-1,1,-1,872,stop,-1.01328,0.012154
NQ,2022-08-04,B,1,1,1,917,stop,-1.06298,0.012702
NQ,2022-08-04,Bmirror,-1,1,1,917,stop,-1.06298,0.012702
NQ,2022-08-05,A,1,1,1,810,stop,-1.01310,0.012103
NQ,2022-08-08,A,-1,1,-1,543,target,0.72688,0.012304
NQ,2022-08-08,B,1,1,-1,1037,stop,-1.06502,0.012304
NQ,2022-08-08,Bmirror,-1,1,-1,1037,stop,-1.06502,0.012304
NQ,2022-08-09,A,1,1,1,791,stop,-1.01287,0.012317
NQ,2022-08-10,A,-1,1,-1,810,stop,-1.01294,0.012478
NQ,2022-08-10,B,-1,1,-1,562,stop,-1.06411,0.012478
NQ,2022-08-10,Bmirror,1,1,-1,562,target,12.33589,0.012478
NQ,2022-08-11,A,-1,1,1,835,target,0.72763,0.013055
NQ,2022-08-11,B,1,1,1,979,stop,-1.06128,0.013055
NQ,2022-08-11,Bmirror,-1,1,1,979,stop,-1.06128,0.013055
NQ,2022-08-12,A,-1,1,-1,919,target,0.72741,0.012833
NQ,2022-08-15,A,-1,1,-1,1198,close,0.03038,0.013079
NQ,2022-08-15,B,1,1,-1,917,close,7.12516,0.013079
NQ,2022-08-15,Bmirror,-1,1,-1,917,stop,-1.06117,0.013079
NQ,2022-08-16,A,1,1,1,930,target,0.72723,0.012419
NQ,2022-08-16,B,-1,1,1,1014,stop,-1.06442,0.012419
NQ,2022-08-16,Bmirror,1,1,1,1014,stop,-1.06442,0.012419
NQ,2022-08-17,A,1,1,-1,737,stop,-1.01297,0.012229
NQ,2022-08-18,B,1,1,-1,872,stop,-1.06406,0.012488
NQ,2022-08-18,Bmirror,-1,1,-1,872,stop,-1.06406,0.012488
NQ,2022-08-19,A,1,1,1,562,stop,-1.01275,0.012429
NQ,2022-08-22,A,1,1,-1,554,stop,-1.01212,0.013075
NQ,2022-08-23,B,-1,-1,-1,541,stop,-1.05925,0.013502
NQ,2022-08-23,Bmirror,1,-1,-1,541,stop,-1.05925,0.013502
NQ,2022-08-24,B,-1,-1,-1,492,stop,-1.06481,0.012343
NQ,2022-08-24,Bmirror,1,-1,-1,492,stop,-1.06481,0.012343
NQ,2022-08-25,A,-1,-1,1,436,target,0.72686,0.012289
NQ,2022-08-26,A,1,1,1,902,target,0.72725,0.012432
NQ,2022-08-26,B,-1,1,1,810,stop,-1.06435,0.012432
NQ,2022-08-26,Bmirror,1,1,1,810,stop,-1.06435,0.012432
NQ,2022-08-30,A,1,-1,-1,932,stop,-1.01064,0.014878
NQ,2022-08-30,A,-1,-1,-1,542,target,0.72913,0.014878
NQ,2022-08-30,B,1,-1,-1,885,stop,-1.05377,0.014878
NQ,2022-08-30,Bmirror,-1,-1,-1,885,stop,-1.05377,0.014878
NQ,2022-08-31,A,-1,-1,-1,890,target,0.72916,0.014920
NQ,2022-08-31,B,1,-1,-1,567,stop,-1.05362,0.014920
NQ,2022-08-31,Bmirror,-1,-1,-1,567,stop,-1.05362,0.014920
NQ,2022-09-01,A,1,-1,-1,939,target,0.72947,0.015032
NQ,2022-09-01,B,-1,-1,-1,761,stop,-1.05322,0.015032
NQ,2022-09-01,Bmirror,1,-1,-1,761,stop,-1.05322,0.015032
NQ,2022-09-02,A,1,-1,1,1101,stop,-1.01110,0.014260
NQ,2022-09-02,A,-1,-1,1,931,target,0.72866,0.014260
NQ,2022-09-02,B,1,-1,1,900,stop,-1.05610,0.014260
NQ,2022-09-02,Bmirror,-1,-1,1,900,stop,-1.05610,0.014260
NQ,2022-09-05,B,1,-1,-1,555,close,4.18154,0.013555
NQ,2022-09-05,Bmirror,-1,-1,-1,555,stop,-1.05902,0.013555
NQ,2022-09-06,A,1,-1,1,893,stop,-1.01157,0.013690
NQ,2022-09-07,A,-1,-1,-1,973,stop,-1.01173,0.013777
NQ,2022-09-07,B,-1,-1,-1,467,stop,-1.05807,0.013777
NQ,2022-09-07,Bmirror,1,-1,-1,467,stop,-1.05807,0.013777
NQ,2022-09-08,A,1,-1,1,870,target,0.72900,0.014385
NQ,2022-09-08,B,-1,-1,1,920,stop,-1.05561,0.014385
NQ,2022-09-08,Bmirror,1,-1,1,920,stop,-1.05561,0.014385
NQ,2022-09-09,A,-1,-1,1,694,stop,-1.01187,0.013621
NQ,2022-09-12,B,-1,-1,1,470,stop,-1.05670,0.014109
NQ,2022-09-12,Bmirror,1,-1,1,470,stop,-1.05670,0.014109
NQ,2022-09-13,A,1,-1,1,810,stop,-1.01112,0.014243
NQ,2022-09-13,B,1,-1,1,810,stop,-1.05617,0.014243
NQ,2022-09-13,Bmirror,-1,-1,1,810,stop,-1.05617,0.014243
NQ,2022-09-14,B,1,-1,-1,1128,stop,-1.04625,0.017298
NQ,2022-09-14,Bmirror,-1,-1,-1,1128,stop,-1.04625,0.017298
NQ,2022-09-15,A,1,-1,1,932,stop,-1.00909,0.017368
NQ,2022-09-16,A,1,-1,-1,1047,target,0.73080,0.017176
NQ,2022-09-19,B,-1,-1,-1,892,stop,-1.04787,0.016713
NQ,2022-09-19,Bmirror,1,-1,-1,892,stop,-1.04787,0.016713
NQ,2022-09-20,A,1,-1,1,878,target,0.73067,0.016935
NQ,2022-09-21,A,1,-1,-1,1145,target,0.73059,0.016795
NQ,2022-09-21,A,-1,-1,-1,1184,target,0.73035,0.016795
NQ,2022-09-22,A,-1,-1,-1,577,target,0.73058,0.017205
NQ,2022-09-22,B,1,-1,-1,879,stop,-1.04650,0.017205
NQ,2022-09-22,Bmirror,-1,-1,-1,879,stop,-1.04650,0.017205
NQ,2022-09-23,A,1,-1,-1,637,stop,-1.00921,0.017150
NQ,2022-09-26,A,-1,-1,-1,900,target,0.73045,0.016961
NQ,2022-09-26,B,-1,-1,-1,498,stop,-1.04717,0.016961
NQ,2022-09-26,Bmirror,1,-1,-1,498,stop,-1.04717,0.016961
NQ,2022-09-27,A,-1,-1,-1,443,stop,-1.00955,0.016966
NQ,2022-09-27,B,1,-1,-1,1022,stop,-1.04715,0.016966
NQ,2022-09-27,Bmirror,-1,-1,-1,1022,stop,-1.04715,0.016966
NQ,2022-09-28,A,1,-1,1,192,target,0.73061,0.016834
NQ,2022-09-28,A,-1,-1,1,1038,stop,-1.00962,0.016834
NQ,2022-09-28,B,-1,-1,1,900,stop,-1.04752,0.016834
NQ,2022-09-28,Bmirror,1,-1,1,900,stop,-1.04752,0.016834
NQ,2022-09-29,A,1,-1,1,501,target,0.73080,0.017179
NQ,2022-09-30,A,1,-1,-1,1227,close,-0.40374,0.017534
NQ,2022-09-30,B,1,-1,-1,730,stop,-1.04562,0.017534
NQ,2022-09-30,Bmirror,-1,-1,-1,730,stop,-1.04562,0.017534
NQ,2022-10-03,A,1,-1,-1,116,target,0.72990,0.015653
NQ,2022-10-03,A,-1,-1,-1,902,stop,-1.01034,0.015653
NQ,2022-10-03,B,-1,-1,-1,171,stop,-1.05111,0.015653
NQ,2022-10-03,Bmirror,1,-1,-1,171,stop,-1.05111,0.015653
NQ,2022-10-04,A,-1,-1,1,453,stop,-1.00980,0.016522
NQ,2022-10-05,A,1,-1,1,881,stop,-1.00908,0.017398
NQ,2022-10-05,B,-1,-1,1,1102,stop,-1.04598,0.017398
NQ,2022-10-05,Bmirror,1,-1,1,1102,stop,-1.04598,0.017398
NQ,2022-10-06,B,1,-1,1,477,stop,-1.04615,0.017335
NQ,2022-10-06,Bmirror,-1,-1,1,477,stop,-1.04615,0.017335
NQ,2022-10-07,A,1,-1,-1,810,target,0.73093,0.017411
NQ,2022-10-10,B,1,-1,-1,573,stop,-1.04370,0.018307
NQ,2022-10-10,Bmirror,-1,-1,-1,573,stop,-1.04370,0.018307
NQ,2022-10-11,A,1,-1,1,482,target,0.73132,0.018195
NQ,2022-10-11,B,-1,-1,1,1060,stop,-1.04397,0.018195
NQ,2022-10-11,Bmirror,1,-1,1,1060,stop,-1.04397,0.018195
NQ,2022-10-12,B,1,-1,-1,810,stop,-1.04391,0.018217
NQ,2022-10-12,Bmirror,-1,-1,-1,810,stop,-1.04391,0.018217
NQ,2022-10-13,A,1,-1,-1,810,stop,-1.00894,0.017671
NQ,2022-10-13,A,-1,-1,-1,981,target,0.73083,0.017671
NQ,2022-10-13,B,1,-1,-1,810,stop,-1.04527,0.017671
NQ,2022-10-13,Bmirror,-1,-1,-1,810,stop,-1.04527,0.017671
NQ,2022-10-14,A,1,-1,1,912,stop,-1.00871,0.018120
NQ,2022-10-14,A,-1,-1,1,836,target,0.73105,0.018120
NQ,2022-10-14,B,1,-1,1,515,stop,-1.04415,0.018120
NQ,2022-10-14,Bmirror,-1,-1,1,515,stop,-1.04415,0.018120
NQ,2022-10-17,A,-1,-1,1,822,stop,-1.00893,0.018157
NQ,2022-10-18,A,-1,-1,1,325,target,0.73167,0.019481
NQ,2022-10-18,B,1,-1,1,972,stop,-1.04107,0.019481
NQ,2022-10-18,Bmirror,-1,-1,1,972,stop,-1.04107,0.019481
NQ,2022-10-19,A,1,-1,1,560,target,0.73083,0.017220
NQ,2022-10-20,A,-1,-1,-1,902,target,0.73067,0.017361
NQ,2022-10-20,B,-1,-1,-1,319,stop,-1.04608,0.017361
NQ,2022-10-20,Bmirror,1,-1,-1,319,stop,-1.04608,0.017361
NQ,2022-10-21,A,-1,-1,-1,899,target,0.73036,0.016803
NQ,2022-10-21,B,-1,-1,-1,841,stop,-1.04761,0.016803
NQ,2022-10-21,Bmirror,1,-1,-1,841,stop,-1.04761,0.016803
NQ,2022-10-24,A,1,1,1,498,target,0.73123,0.017994
NQ,2022-10-24,B,-1,1,1,1197,stop,-1.04446,0.017994
NQ,2022-10-24,Bmirror,1,1,1,1197,stop,-1.04446,0.017994
NQ,2022-10-25,A,-1,1,1,889,target,0.73092,0.017858
NQ,2022-10-26,A,-1,1,-1,941,target,0.73089,0.017788
NQ,2022-10-26,B,1,1,-1,870,stop,-1.04497,0.017788
NQ,2022-10-26,Bmirror,-1,1,-1,870,stop,-1.04497,0.017788
NQ,2022-10-27,A,1,1,-1,890,target,0.73081,0.017195
NQ,2022-10-27,B,1,1,-1,223,stop,-1.04652,0.017195
NQ,2022-10-27,Bmirror,-1,1,-1,223,stop,-1.04652,0.017195
NQ,2022-10-28,A,-1,-1,-1,873,stop,-1.00908,0.017857
NQ,2022-10-28,B,-1,-1,-1,810,stop,-1.04480,0.017857
NQ,2022-10-28,Bmirror,1,-1,-1,810,stop,-1.04480,0.017857
NQ,2022-10-31,A,1,1,-1,866,target,0.73179,0.019205
NQ,2022-11-01,A,1,1,-1,1212,close,0.16250,0.019249
NQ,2022-11-01,B,1,1,-1,840,stop,-1.04156,0.019249
NQ,2022-11-01,Bmirror,-1,1,-1,840,stop,-1.04156,0.019249
NQ,2022-11-02,A,1,1,-1,1131,stop,-1.00815,0.019355
NQ,2022-11-02,B,-1,1,-1,1080,stop,-1.04133,0.019355
NQ,2022-11-02,Bmirror,1,1,-1,1080,stop,-1.04133,0.019355
NQ,2022-11-03,A,1,-1,-1,826,target,0.73222,0.020247
NQ,2022-11-04,A,-1,-1,-1,779,target,0.73190,0.020048
NQ,2022-11-04,B,1,-1,-1,750,stop,-1.03991,0.020048
NQ,2022-11-04,Bmirror,-1,-1,-1,750,stop,-1.03991,0.020048
NQ,2022-11-07,A,-1,-1,-1,663,target,0.73192,0.020105
NQ,2022-11-08,A,-1,1,1,985,target,0.73186,0.019939
NQ,2022-11-08,B,1,1,1,1148,stop,-1.04012,0.019939
NQ,2022-11-08,Bmirror,-1,1,1,1148,stop,-1.04012,0.019939
NQ,2022-11-09,A,1,1,1,897,target,0.73183,0.019306
NQ,2022-11-10,A,-1,-1,-1,810,stop,-1.00821,0.019768
NQ,2022-11-11,B,-1,1,1,890,stop,-1.03351,0.023871
NQ,2022-11-11,Bmirror,1,1,1,890,stop,-1.03351,0.023871
NQ,2022-11-14,B,-1,1,-1,915,stop,-1.03484,0.022961
NQ,2022-11-14,Bmirror,1,1,-1,915,stop,-1.03484,0.022961
NQ,2022-11-15,A,-1,1,-1,810,stop,-1.00708,0.022986
NQ,2022-11-17,A,1,1,-1,819,target,0.73315,0.022965
NQ,2022-11-18,B,1,1,-1,902,stop,-1.03512,0.022780
NQ,2022-11-18,Bmirror,-1,1,-1,902,close,0.28791,0.022780
NQ,2022-11-23,B,1,1,1,1077,close,5.20296,0.021213
NQ,2022-11-23,Bmirror,-1,1,1,1077,stop,-1.03771,0.021213
NQ,2022-11-30,A,-1,1,-1,1118,stop,-1.00797,0.020384
NQ,2022-11-30,B,1,1,-1,1040,target,12.36075,0.020384
NQ,2022-11-30,Bmirror,-1,1,-1,1040,stop,-1.03925,0.020384
NQ,2022-12-01,B,-1,1,1,959,stop,-1.03617,0.022117
NQ,2022-12-01,Bmirror,1,1,1,959,stop,-1.03617,0.022117
NQ,2022-12-02,A,1,1,-1,810,target,0.73266,0.021466
NQ,2022-12-05,A,1,1,1,1072,close,-0.06371,0.020209
NQ,2022-12-06,A,1,1,-1,903,stop,-1.00774,0.020365
NQ,2022-12-07,B,-1,-1,-1,876,close,3.27527,0.020604
NQ,2022-12-07,Bmirror,1,-1,-1,876,stop,-1.03883,0.020604
NQ,2022-12-08,A,-1,-1,-1,1120,target,0.73164,0.019424
NQ,2022-12-08,B,1,-1,-1,875,stop,-1.04119,0.019424
NQ,2022-12-08,Bmirror,-1,-1,-1,875,stop,-1.04119,0.019424
NQ,2022-12-09,B,1,-1,1,810,stop,-1.04192,0.019084
NQ,2022-12-09,Bmirror,-1,-1,1,810,stop,-1.04192,0.019084
NQ,2022-12-12,A,-1,-1,-1,1256,close,-0.00578,0.018953
NQ,2022-12-13,A,-1,1,1,806,stop,-1.00863,0.018791
NQ,2022-12-14,A,1,1,1,1174,target,0.73162,0.018817
NQ,2022-12-14,B,1,1,1,1140,stop,-1.04251,0.018817
NQ,2022-12-14,Bmirror,-1,1,1,1140,stop,-1.04251,0.018817
NQ,2022-12-15,A,1,1,-1,502,stop,-1.00868,0.018178
NQ,2022-12-16,A,1,-1,-1,509,target,0.72880,0.014141
NQ,2022-12-16,B,-1,-1,-1,885,stop,-1.05657,0.014141
NQ,2022-12-16,Bmirror,1,-1,-1,885,stop,-1.05657,0.014141
NQ,2022-12-19,A,1,-1,1,906,target,0.72872,0.014033
NQ,2022-12-20,A,1,-1,-1,199,target,0.72882,0.014161
NQ,2022-12-20,B,-1,-1,-1,922,stop,-1.05649,0.014161
NQ,2022-12-20,Bmirror,1,-1,-1,922,stop,-1.05649,0.014161
NQ,2022-12-21,A,-1,-1,1,939,close,-0.38993,0.013965
NQ,2022-12-22,A,1,-1,1,810,stop,-1.01120,0.014133
NQ,2022-12-23,A,1,-1,-1,876,target,0.72934,0.014848
NQ,2022-12-23,B,1,-1,-1,809,stop,-1.05388,0.014848
NQ,2022-12-23,Bmirror,-1,-1,-1,809,stop,-1.05388,0.014848
NQ,2022-12-27,A,1,-1,1,870,stop,-1.01057,0.014969
NQ,2022-12-28,A,1,-1,-1,1015,target,0.72969,0.015347
NQ,2022-12-28,B,1,-1,-1,926,stop,-1.05213,0.015347
NQ,2022-12-28,Bmirror,-1,-1,-1,926,close,6.98210,0.015347
NQ,2022-12-29,A,-1,-1,-1,876,stop,-1.01068,0.015147
NQ,2022-12-30,A,1,-1,1,872,target,0.72981,0.015524
NQ,2023-01-03,A,1,-1,1,920,close,0.23580,0.015454
NQ,2023-01-03,A,-1,-1,1,881,target,0.72953,0.015454
NQ,2023-01-03,B,-1,-1,1,338,stop,-1.05177,0.015454
NQ,2023-01-03,Bmirror,1,-1,1,338,stop,-1.05177,0.015454
NQ,2023-01-04,B,1,-1,-1,900,stop,-1.05162,0.015498
NQ,2023-01-04,Bmirror,-1,-1,-1,900,stop,-1.05162,0.015498
NQ,2023-01-05,A,1,-1,1,873,close,-0.37725,0.015493
NQ,2023-01-05,B,-1,-1,1,602,stop,-1.05164,0.015493
NQ,2023-01-05,Bmirror,1,-1,1,602,stop,-1.05164,0.015493
NQ,2023-01-06,A,-1,-1,-1,832,target,0.72961,0.015579
NQ,2023-01-06,B,-1,-1,-1,810,stop,-1.05135,0.015579
NQ,2023-01-06,Bmirror,1,-1,-1,810,stop,-1.05135,0.015579
NQ,2023-01-09,A,-1,-1,1,885,stop,-1.01194,0.013534
NQ,2023-01-10,A,-1,-1,1,1259,close,-0.00375,0.013565
NQ,2023-01-10,B,-1,-1,1,854,stop,-1.05897,0.013565
NQ,2023-01-10,Bmirror,1,-1,1,854,stop,-1.05897,0.013565
NQ,2023-01-11,A,-1,-1,1,1034,stop,-1.01176,0.013741
NQ,2023-01-12,A,1,1,1,810,target,0.72864,0.013939
NQ,2023-01-13,A,1,1,1,777,target,0.72827,0.013504
NQ,2023-01-13,B,-1,1,1,930,stop,-1.05924,0.013504
NQ,2023-01-13,Bmirror,1,1,1,930,stop,-1.05924,0.013504
NQ,2023-01-16,B,-1,1,-1,814,stop,-1.05982,0.013373
NQ,2023-01-16,Bmirror,1,1,-1,814,stop,-1.05982,0.013373
NQ,2023-01-17,B,1,1,-1,966,stop,-1.06009,0.013313
NQ,2023-01-17,Bmirror,-1,1,-1,966,stop,-1.06009,0.013313
NQ,2023-01-18,A,1,1,1,1256,close,0.01565,0.013311
NQ,2023-01-18,A,-1,1,1,810,target,0.72786,0.013311
NQ,2023-01-18,B,1,1,1,954,stop,-1.06010,0.013311
NQ,2023-01-18,Bmirror,-1,1,1,954,stop,-1.06010,0.013311
NQ,2023-01-19,A,1,1,-1,724,target,0.72793,0.013130
NQ,2023-01-20,A,-1,1,-1,930,stop,-1.01242,0.013010
NQ,2023-01-23,A,-1,1,-1,887,stop,-1.01324,0.012195
NQ,2023-01-24,B,-1,1,1,887,stop,-1.06376,0.012546
NQ,2023-01-24,Bmirror,1,1,1,887,stop,-1.06376,0.012546
NQ,2023-01-25,A,1,1,-1,816,stop,-1.01254,0.012635
NQ,2023-01-25,B,-1,1,-1,1128,stop,-1.06332,0.012635
NQ,2023-01-25,Bmirror,1,1,-1,1128,stop,-1.06332,0.012635
NQ,2023-01-26,A,-1,1,1,846,target,0.72698,0.012401
NQ,2023-01-26,B,1,1,1,958,target,12.33549,0.012401
NQ,2023-01-26,Bmirror,-1,1,1,958,stop,-1.06451,0.012401
NQ,2023-01-27,A,-1,1,1,902,target,0.72710,0.012514
NQ,2023-01-30,A,1,1,-1,501,stop,-1.01397,0.011360
NQ,2023-01-31,A,1,1,-1,627,target,0.72670,0.011920
NQ,2023-01-31,A,-1,1,-1,1172,close,-0.17929,0.011920
NQ,2023-01-31,B,-1,1,-1,832,stop,-1.06712,0.011920
NQ,2023-01-31,Bmirror,1,1,-1,832,stop,-1.06712,0.011920
NQ,2023-02-01,A,-1,1,1,1178,stop,-1.01354,0.011924
NQ,2023-02-01,B,1,1,1,875,stop,-1.06709,0.011924
NQ,2023-02-01,Bmirror,-1,1,1,875,stop,-1.06709,0.011924
NQ,2023-02-02,A,-1,1,1,833,stop,-1.01301,0.012406
NQ,2023-02-03,A,-1,1,1,916,stop,-1.01332,0.012122
NQ,2023-02-03,B,-1,1,1,579,stop,-1.06600,0.012122
NQ,2023-02-03,Bmirror,1,1,1,579,stop,-1.06600,0.012122
NQ,2023-02-06,A,1,1,-1,602,target,0.72669,0.011916
NQ,2023-02-06,B,-1,1,-1,910,stop,-1.06714,0.011916
NQ,2023-02-06,Bmirror,1,1,-1,910,stop,-1.06714,0.011916
NQ,2023-02-07,A,-1,1,-1,1065,stop,-1.01344,0.012007
NQ,2023-02-07,B,-1,1,-1,548,stop,-1.06663,0.012007
NQ,2023-02-07,Bmirror,1,1,-1,548,stop,-1.06663,0.012007
NQ,2023-02-08,A,1,1,1,930,stop,-1.01328,0.011944
NQ,2023-02-08,B,1,1,1,487,stop,-1.06698,0.011944
NQ,2023-02-08,Bmirror,-1,1,1,487,stop,-1.06698,0.011944
NQ,2023-02-09,A,1,1,-1,1203,close,0.05414,0.012435
NQ,2023-02-09,A,-1,1,-1,576,target,0.72702,0.012435
NQ,2023-02-09,B,1,1,-1,1013,stop,-1.06433,0.012435
NQ,2023-02-09,Bmirror,-1,1,-1,1013,stop,-1.06433,0.012435
NQ,2023-02-10,A,1,1,-1,601,target,0.72706,0.012256
NQ,2023-02-10,B,-1,1,-1,496,target,12.33472,0.012256
NQ,2023-02-10,Bmirror,1,1,-1,496,stop,-1.06528,0.012256
NQ,2023-02-13,A,-1,1,-1,737,target,0.72647,0.011927
NQ,2023-02-14,A,1,1,1,870,target,0.72704,0.012231
NQ,2023-02-14,A,-1,1,1,812,target,0.72680,0.012231
NQ,2023-02-14,B,1,1,1,810,stop,-1.06541,0.012231
NQ,2023-02-14,Bmirror,-1,1,1,810,stop,-1.06541,0.012231
NQ,2023-02-15,A,-1,1,1,1187,close,-0.36963,0.012175
NQ,2023-02-15,B,-1,1,1,732,stop,-1.06571,0.012175
NQ,2023-02-15,Bmirror,1,1,1,732,stop,-1.06571,0.012175
NQ,2023-02-16,A,1,1,1,810,stop,-1.01320,0.012011
NQ,2023-02-17,A,1,1,-1,893,target,0.72784,0.013030
NQ,2023-02-21,A,1,1,1,526,stop,-1.01215,0.013045
NQ,2023-02-22,B,-1,-1,-1,965,stop,-1.05827,0.013728
NQ,2023-02-22,Bmirror,1,-1,-1,965,stop,-1.05827,0.013728
NQ,2023-02-23,A,1,1,1,1003,target,0.72833,0.013571
NQ,2023-02-23,B,1,1,1,911,stop,-1.05895,0.013571
NQ,2023-02-23,Bmirror,-1,1,1,911,stop,-1.05895,0.013571
NQ,2023-02-24,A,1,1,1,810,stop,-1.01179,0.013437
NQ,2023-02-27,A,-1,-1,1,827,target,0.72761,0.013040
NQ,2023-02-28,B,-1,-1,1,636,stop,-1.06404,0.012492
NQ,2023-02-28,Bmirror,1,-1,1,636,stop,-1.06404,0.012492
NQ,2023-03-01,A,-1,-1,-1,657,target,0.72706,0.012480
NQ,2023-03-01,B,1,-1,-1,874,stop,-1.06410,0.012480
NQ,2023-03-01,Bmirror,-1,-1,-1,874,stop,-1.06410,0.012480
NQ,2023-03-02,A,1,-1,-1,102,target,0.72728,0.012460
NQ,2023-03-02,A,-1,-1,-1,1237,close,0.40240,0.012460
NQ,2023-03-02,B,-1,-1,-1,1116,stop,-1.06421,0.012460
NQ,2023-03-02,Bmirror,1,-1,-1,1116,stop,-1.06421,0.012460
NQ,2023-03-03,A,-1,-1,1,840,stop,-1.01310,0.012320
NQ,2023-03-06,A,-1,-1,-1,914,target,0.72736,0.012778
NQ,2023-03-07,A,1,1,1,907,target,0.72720,0.012389
NQ,2023-03-08,B,-1,-1,-1,910,stop,-1.06390,0.012520
NQ,2023-03-08,Bmirror,1,-1,-1,910,stop,-1.06390,0.012520
NQ,2023-03-09,A,1,-1,1,1128,stop,-1.01485,0.010692
NQ,2023-03-09,A,-1,-1,1,887,target,0.72492,0.010692
NQ,2023-03-09,B,-1,-1,1,813,stop,-1.07482,0.010692
NQ,2023-03-09,Bmirror,1,-1,1,813,stop,-1.07482,0.010692
NQ,2023-03-10,A,1,-1,-1,885,target,0.72563,0.011041
NQ,2023-03-10,A,-1,-1,-1,810,target,0.72539,0.011041
NQ,2023-03-10,B,-1,-1,-1,442,stop,-1.07246,0.011041
NQ,2023-03-10,Bmirror,1,-1,-1,442,stop,-1.07246,0.011041
NQ,2023-03-13,A,1,-1,1,561,target,0.72588,0.011236
NQ,2023-03-13,A,-1,-1,1,414,target,0.72564,0.011236
NQ,2023-03-13,B,1,-1,1,511,stop,-1.07120,0.011236
NQ,2023-03-13,Bmirror,-1,-1,1,511,stop,-1.07120,0.011236
NQ,2023-03-14,A,-1,-1,-1,750,target,0.72563,0.011228
NQ,2023-03-14,B,1,-1,-1,373,stop,-1.07125,0.011228
NQ,2023-03-14,Bmirror,-1,-1,-1,373,stop,-1.07125,0.011228
NQ,2023-03-15,A,1,-1,1,612,stop,-1.01384,0.011466
NQ,2023-03-15,B,-1,-1,1,1104,stop,-1.06977,0.011466
NQ,2023-03-15,Bmirror,1,-1,1,1104,stop,-1.06977,0.011466
NQ,2023-03-16,A,-1,-1,1,892,stop,-1.01429,0.011293
NQ,2023-03-16,B,1,-1,1,409,stop,-1.07084,0.011293
NQ,2023-03-16,Bmirror,-1,-1,1,409,stop,-1.07084,0.011293
NQ,2023-03-17,A,1,1,1,885,target,0.72687,0.012079
NQ,2023-03-17,B,-1,1,1,807,stop,-1.06623,0.012079
NQ,2023-03-17,Bmirror,1,1,1,807,stop,-1.06623,0.012079
NQ,2023-03-20,A,1,1,1,391,target,0.72685,0.012054
NQ,2023-03-20,B,-1,1,1,1190,close,0.19735,0.012054
NQ,2023-03-20,Bmirror,1,1,1,1190,stop,-1.06637,0.012054
NQ,2023-03-21,A,-1,1,-1,811,target,0.72609,0.011601
NQ,2023-03-22,A,1,1,1,1193,stop,-1.01341,0.011827
NQ,2023-03-22,A,-1,1,1,1080,target,0.72635,0.011827
NQ,2023-03-22,B,-1,1,1,795,stop,-1.06764,0.011827
NQ,2023-03-22,Bmirror,1,1,1,795,stop,-1.06764,0.011827
NQ,2023-03-23,A,-1,1,-1,486,stop,-1.01361,0.011858
NQ,2023-03-24,A,1,1,1,724,target,0.72575,0.011136
NQ,2023-03-24,B,1,1,1,486,stop,-1.07184,0.011136
NQ,2023-03-24,Bmirror,-1,1,1,486,stop,-1.07184,0.011136
NQ,2023-03-27,A,1,1,1,970,close,-0.22201,0.011114
NQ,2023-03-27,B,-1,1,1,670,stop,-1.07198,0.011114
NQ,2023-03-27,Bmirror,1,1,1,670,stop,-1.07198,0.011114
NQ,2023-03-28,A,1,1,-1,877,stop,-1.01407,0.011274
NQ,2023-03-29,A,-1,1,-1,505,stop,-1.01528,0.010555
NQ,2023-03-30,A,-1,1,1,815,close,-0.42312,0.010901
NQ,2023-03-31,A,-1,1,1,942,stop,-1.01468,0.010987
NQ,2023-03-31,B,1,1,1,502,stop,-1.07281,0.010987
NQ,2023-03-31,Bmirror,-1,1,1,502,stop,-1.07281,0.010987
NQ,2023-04-03,B,-1,1,-1,888,stop,-1.07315,0.010936
NQ,2023-04-03,Bmirror,1,1,-1,888,stop,-1.07315,0.010936
NQ,2023-04-04,B,1,1,-1,881,stop,-1.07312,0.010941
NQ,2023-04-04,Bmirror,-1,1,-1,881,stop,-1.07312,0.010941
NQ,2023-04-05,A,1,1,-1,888,stop,-1.01464,0.010845
NQ,2023-04-05,B,-1,1,-1,802,target,12.32623,0.010845
NQ,2023-04-05,Bmirror,1,1,-1,802,stop,-1.07377,0.010845
NQ,2023-04-06,A,1,1,-1,888,target,0.72575,0.011134
NQ,2023-04-06,A,-1,1,-1,1133,close,0.02889,0.011134
NQ,2023-04-06,B,-1,1,-1,751,stop,-1.07185,0.011134
NQ,2023-04-06,Bmirror,1,1,-1,751,stop,-1.07185,0.011134
NQ,2023-04-10,A,1,1,-1,792,stop,-1.01524,0.010419
NQ,2023-04-11,A,1,1,-1,946,target,0.72478,0.010435
NQ,2023-04-12,A,1,1,-1,968,target,0.72445,0.010212
NQ,2023-04-12,A,-1,1,-1,811,target,0.72421,0.010212
NQ,2023-04-12,B,1,1,-1,884,stop,-1.07834,0.010212
NQ,2023-04-12,Bmirror,-1,1,-1,884,stop,-1.07834,0.010212
NQ,2023-04-13,A,-1,1,-1,871,stop,-1.01537,0.010488
NQ,2023-04-14,A,1,1,1,1051,target,0.72445,0.010213
NQ,2023-04-14,B,-1,1,1,878,stop,-1.07833,0.010213
NQ,2023-04-14,Bmirror,1,1,1,878,stop,-1.07833,0.010213
NQ,2023-04-17,A,1,1,-1,998,target,0.72414,0.010010
NQ,2023-04-17,B,-1,1,-1,876,close,1.00288,0.010010
NQ,2023-04-17,Bmirror,1,1,-1,876,stop,-1.07992,0.010010
NQ,2023-04-18,A,-1,1,-1,637,target,0.72384,0.009975
NQ,2023-04-18,B,1,1,-1,925,stop,-1.08020,0.009975
NQ,2023-04-18,Bmirror,-1,1,-1,925,stop,-1.08020,0.009975
NQ,2023-04-19,A,1,1,1,607,target,0.72312,0.009414
NQ,2023-04-19,B,-1,1,1,1028,stop,-1.08498,0.009414
NQ,2023-04-19,Bmirror,1,1,1,1028,stop,-1.08498,0.009414
NQ,2023-04-20,A,1,1,-1,549,target,0.72314,0.009422
NQ,2023-04-20,B,-1,1,-1,910,stop,-1.08491,0.009422
NQ,2023-04-20,Bmirror,1,1,-1,910,stop,-1.08491,0.009422
NQ,2023-04-21,A,1,1,-1,896,target,0.72113,0.008428
NQ,2023-04-21,B,-1,1,-1,545,stop,-1.09492,0.008428
NQ,2023-04-21,Bmirror,1,1,-1,545,stop,-1.09492,0.008428
NQ,2023-04-24,A,1,1,-1,1002,target,0.72086,0.008309
NQ,2023-04-24,B,-1,1,-1,625,stop,-1.09628,0.008309
NQ,2023-04-24,Bmirror,1,1,-1,625,stop,-1.09628,0.008309
NQ,2023-04-25,A,1,-1,-1,561,target,0.72087,0.008313
NQ,2023-04-26,A,1,-1,-1,774,target,0.72027,0.008061
NQ,2023-04-26,B,-1,-1,-1,906,stop,-1.09924,0.008061
NQ,2023-04-26,Bmirror,1,-1,-1,906,stop,-1.09924,0.008061
NQ,2023-04-27,A,-1,-1,-1,783,target,0.71923,0.007748
NQ,2023-04-28,A,-1,1,1,924,target,0.72039,0.008207
NQ,2023-04-28,B,1,1,1,957,stop,-1.09748,0.008207
NQ,2023-04-28,Bmirror,-1,1,1,957,stop,-1.09748,0.008207
NQ,2023-05-01,B,1,1,-1,551,stop,-1.09595,0.008338
NQ,2023-05-01,Bmirror,-1,1,-1,551,stop,-1.09595,0.008338
NQ,2023-05-02,A,1,1,-1,922,stop,-1.01956,0.008132
NQ,2023-05-02,B,1,1,-1,804,stop,-1.09837,0.008132
NQ,2023-05-02,Bmirror,-1,1,-1,804,stop,-1.09837,0.008132
NQ,2023-05-03,A,-1,1,-1,1140,target,0.72054,0.008272
NQ,2023-05-04,A,1,-1,-1,923,target,0.71969,0.007833
NQ,2023-05-04,A,-1,-1,-1,335,target,0.71945,0.007833
NQ,2023-05-04,B,1,-1,-1,781,stop,-1.10214,0.007833
NQ,2023-05-04,Bmirror,-1,-1,-1,781,stop,-1.10214,0.007833
NQ,2023-05-05,A,-1,1,1,875,stop,-1.02105,0.007644
NQ,2023-05-08,B,-1,1,1,1013,stop,-1.10527,0.007599
NQ,2023-05-08,Bmirror,1,1,1,1013,stop,-1.10527,0.007599
NQ,2023-05-09,A,1,1,1,1023,close,-0.01123,0.007600
NQ,2023-05-10,A,-1,1,-1,822,stop,-1.02103,0.007652
NQ,2023-05-10,B,-1,1,-1,810,stop,-1.10455,0.007652
NQ,2023-05-10,Bmirror,1,1,-1,810,stop,-1.10455,0.007652
NQ,2023-05-11,B,1,1,1,738,stop,-1.10717,0.007465
NQ,2023-05-11,Bmirror,-1,1,1,738,stop,-1.10717,0.007465
NQ,2023-05-12,A,1,1,1,935,stop,-1.02151,0.007396
NQ,2023-05-15,A,-1,1,-1,479,target,0.71860,0.007520
NQ,2023-05-15,B,1,1,-1,908,close,10.88743,0.007520
NQ,2023-05-15,Bmirror,-1,1,-1,908,stop,-1.10638,0.007520
NQ,2023-05-16,A,-1,1,1,957,target,0.71888,0.007620
NQ,2023-05-16,B,1,1,1,911,close,4.25990,0.007620
NQ,2023-05-16,Bmirror,-1,1,1,911,stop,-1.10499,0.007620
NQ,2023-05-17,A,-1,1,1,1059,stop,-1.02136,0.007532
NQ,2023-05-17,B,1,1,1,890,stop,-1.10621,0.007532
NQ,2023-05-17,Bmirror,-1,1,1,890,stop,-1.10621,0.007532
NQ,2023-05-18,A,-1,1,1,897,stop,-1.02192,0.007339
NQ,2023-05-18,B,1,1,1,838,target,12.29100,0.007339
NQ,2023-05-18,Bmirror,-1,1,1,838,stop,-1.10900,0.007339
NQ,2023-05-19,A,1,1,1,903,target,0.71892,0.007547
NQ,2023-05-22,A,-1,1,-1,882,target,0.71919,0.007733
NQ,2023-05-22,B,1,1,-1,657,stop,-1.10346,0.007733
NQ,2023-05-22,Bmirror,-1,1,-1,657,stop,-1.10346,0.007733
NQ,2023-05-23,A,1,1,1,839,stop,-1.02051,0.007758
NQ,2023-05-23,B,1,1,1,477,stop,-1.10312,0.007758
NQ,2023-05-23,Bmirror,-1,1,1,477,target,12.29688,0.007758
NQ,2023-05-24,A,1,1,-1,811,stop,-1.01945,0.008176
NQ,2023-05-25,A,-1,1,1,678,stop,-1.01967,0.008184
NQ,2023-05-25,B,1,1,1,524,target,12.30225,0.008184
NQ,2023-05-25,Bmirror,-1,1,1,524,stop,-1.09775,0.008184
NQ,2023-05-26,A,-1,1,1,877,stop,-1.01958,0.008222
NQ,2023-05-26,B,-1,1,1,435,stop,-1.09729,0.008222
NQ,2023-05-26,Bmirror,1,1,1,435,stop,-1.09729,0.008222
NQ,2023-05-30,A,-1,1,-1,618,stop,-1.01719,0.009370
NQ,2023-05-30,B,1,1,-1,1061,stop,-1.08538,0.009370
NQ,2023-05-30,Bmirror,-1,1,-1,1061,stop,-1.08538,0.009370
NQ,2023-05-31,A,1,1,1,918,target,0.72275,0.009212
NQ,2023-05-31,B,-1,1,1,887,close,8.49176,0.009212
NQ,2023-05-31,Bmirror,1,1,1,887,stop,-1.08684,0.009212
NQ,2023-06-01,A,-1,1,-1,975,stop,-1.01714,0.009398
NQ,2023-06-02,A,-1,1,1,871,target,0.72237,0.009138
NQ,2023-06-02,B,1,1,1,898,stop,-1.08755,0.009138
NQ,2023-06-02,Bmirror,-1,1,1,898,stop,-1.08755,0.009138
NQ,2023-06-05,A,-1,1,-1,955,target,0.72228,0.009088
NQ,2023-06-05,B,-1,1,-1,512,stop,-1.08803,0.009088
NQ,2023-06-05,Bmirror,1,1,-1,512,stop,-1.08803,0.009088
NQ,2023-06-06,B,-1,1,-1,910,stop,-1.08823,0.009067
NQ,2023-06-06,Bmirror,1,1,-1,910,stop,-1.08823,0.009067
NQ,2023-06-07,A,1,1,1,945,stop,-1.01813,0.008770
NQ,2023-06-07,A,-1,1,1,874,target,0.72164,0.008770
NQ,2023-06-07,B,1,1,1,915,stop,-1.09122,0.008770
NQ,2023-06-07,Bmirror,-1,1,1,915,stop,-1.09122,0.008770
NQ,2023-06-08,A,-1,1,-1,906,stop,-1.01705,0.009449
NQ,2023-06-08,B,-1,1,-1,556,stop,-1.08466,0.009449
NQ,2023-06-08,Bmirror,1,1,-1,556,stop,-1.08466,0.009449
NQ,2023-06-09,A,-1,1,1,881,stop,-1.01675,0.009623
NQ,2023-06-09,B,1,1,1,1021,close,3.93937,0.009623
NQ,2023-06-09,Bmirror,-1,1,1,1021,stop,-1.08314,0.009623
NQ,2023-06-12,A,-1,1,1,1125,stop,-1.01736,0.009279
NQ,2023-06-12,B,1,1,1,905,target,12.31379,0.009279
NQ,2023-06-12,Bmirror,-1,1,1,905,stop,-1.08621,0.009279
NQ,2023-06-13,A,-1,1,1,846,target,0.72318,0.009579
NQ,2023-06-13,B,1,1,1,680,stop,-1.08351,0.009579
NQ,2023-06-13,Bmirror,-1,1,1,680,stop,-1.08351,0.009579
NQ,2023-06-14,A,1,1,1,1146,target,0.72323,0.009473
NQ,2023-06-14,B,-1,1,1,889,stop,-1.08445,0.009473
NQ,2023-06-14,Bmirror,1,1,1,889,stop,-1.08445,0.009473
NQ,2023-06-15,A,1,1,1,618,target,0.72313,0.009420
NQ,2023-06-15,A,-1,1,1,1123,stop,-1.01710,0.009420
NQ,2023-06-15,B,-1,1,1,893,stop,-1.08493,0.009420
NQ,2023-06-15,Bmirror,1,1,1,893,stop,-1.08493,0.009420
NQ,2023-06-16,A,-1,1,1,864,target,0.72297,0.009460
NQ,2023-06-16,B,1,1,1,883,stop,-1.08456,0.009460
NQ,2023-06-16,Bmirror,-1,1,1,883,stop,-1.08456,0.009460
NQ,2023-06-20,A,1,1,-1,929,target,0.72318,0.009448
NQ,2023-06-20,B,-1,1,-1,787,stop,-1.08467,0.009448
NQ,2023-06-20,Bmirror,1,1,-1,787,stop,-1.08467,0.009448
NQ,2023-06-21,A,1,1,1,893,stop,-1.01679,0.009462
NQ,2023-06-22,A,-1,1,-1,915,target,0.72372,0.009899
NQ,2023-06-22,B,-1,1,-1,877,stop,-1.08081,0.009899
NQ,2023-06-22,Bmirror,1,1,-1,877,stop,-1.08081,0.009899
NQ,2023-06-23,A,1,1,1,525,stop,-1.01683,0.009443
NQ,2023-06-26,A,1,1,1,978,stop,-1.01656,0.009594
NQ,2023-06-26,B,-1,1,1,887,stop,-1.08339,0.009594
NQ,2023-06-26,Bmirror,1,1,1,887,stop,-1.08339,0.009594
NQ,2023-06-27,A,-1,1,-1,990,stop,-1.01602,0.010061
NQ,2023-06-28,A,-1,1,1,933,target,0.72367,0.009867
NQ,2023-06-29,A,1,1,1,907,target,0.72395,0.009898
NQ,2023-06-29,B,-1,1,1,675,stop,-1.08082,0.009898
NQ,2023-06-29,Bmirror,1,1,1,675,stop,-1.08082,0.009898
NQ,2023-06-30,A,-1,1,-1,810,stop,-1.01628,0.009897
NQ,2023-07-03,B,1,1,1,775,stop,-1.08927,0.008961
NQ,2023-07-03,Bmirror,-1,1,1,775,stop,-1.08927,0.008961
NQ,2023-07-05,B,-1,1,1,876,stop,-1.08933,0.008955
NQ,2023-07-05,Bmirror,1,1,1,876,stop,-1.08933,0.008955
NQ,2023-07-06,A,1,1,1,796,stop,-1.01809,0.008789
NQ,2023-07-07,A,-1,1,-1,1052,target,0.72152,0.008716
NQ,2023-07-07,B,1,1,-1,822,stop,-1.09178,0.008716
NQ,2023-07-07,Bmirror,-1,1,-1,822,stop,-1.09178,0.008716
NQ,2023-07-10,A,1,-1,-1,402,target,0.72165,0.008662
NQ,2023-07-10,B,-1,-1,-1,787,stop,-1.09236,0.008662
NQ,2023-07-10,Bmirror,1,-1,-1,787,stop,-1.09236,0.008662
NQ,2023-07-11,B,1,-1,1,542,stop,-1.09239,0.008659
NQ,2023-07-11,Bmirror,-1,-1,1,542,stop,-1.09239,0.008659
NQ,2023-07-12,A,-1,1,1,810,stop,-1.01851,0.008698
NQ,2023-07-13,A,-1,1,1,792,stop,-1.01973,0.008158
NQ,2023-07-14,A,-1,1,1,881,target,0.72044,0.008232
NQ,2023-07-14,B,1,1,1,1174,stop,-1.09718,0.008232
NQ,2023-07-14,Bmirror,-1,1,1,1174,stop,-1.09718,0.008232
NQ,2023-07-17,A,-1,1,-1,876,target,0.72053,0.008269
NQ,2023-07-18,A,-1,1,1,1053,stop,-1.02029,0.007933
NQ,2023-07-18,B,-1,1,1,1001,stop,-1.10085,0.007933
NQ,2023-07-18,Bmirror,1,1,1,1001,target,12.29915,0.007933
NQ,2023-07-19,A,-1,1,1,1023,target,0.71981,0.007971
NQ,2023-07-19,B,1,1,1,1051,stop,-1.10037,0.007971
NQ,2023-07-19,Bmirror,-1,1,1,1051,stop,-1.10037,0.007971
NQ,2023-07-20,A,1,1,-1,924,stop,-1.01976,0.008048
NQ,2023-07-20,B,-1,1,-1,871,stop,-1.09941,0.008048
NQ,2023-07-20,Bmirror,1,1,-1,871,stop,-1.09941,0.008048
NQ,2023-07-21,A,-1,1,-1,795,target,0.72133,0.008624
NQ,2023-07-21,B,1,1,-1,903,stop,-1.09277,0.008624
NQ,2023-07-21,Bmirror,-1,1,-1,903,stop,-1.09277,0.008624
NQ,2023-07-24,B,1,1,-1,887,stop,-1.09303,0.008599
NQ,2023-07-24,Bmirror,-1,1,-1,887,stop,-1.09303,0.008599
NQ,2023-07-25,A,-1,1,1,897,target,0.72113,0.008531
NQ,2023-07-26,A,1,1,1,957,target,0.72144,0.008565
NQ,2023-07-26,B,-1,1,1,1179,stop,-1.09341,0.008565
NQ,2023-07-26,Bmirror,1,1,1,1179,stop,-1.09341,0.008565
NQ,2023-07-27,A,1,1,-1,1199,target,0.72036,0.008097
NQ,2023-07-27,A,-1,1,-1,499,stop,-1.01988,0.008097
NQ,2023-07-27,B,1,1,-1,1165,stop,-1.09881,0.008097
NQ,2023-07-27,Bmirror,-1,1,-1,1165,close,4.69950,0.008097
NQ,2023-07-28,A,-1,1,-1,493,stop,-1.02059,0.007817
NQ,2023-07-28,B,1,1,-1,285,stop,-1.10234,0.007817
NQ,2023-07-28,Bmirror,-1,1,-1,285,stop,-1.10234,0.007817
NQ,2023-07-31,A,1,1,1,243,target,0.71997,0.007943
NQ,2023-07-31,B,-1,1,1,885,close,1.44482,0.007943
NQ,2023-07-31,Bmirror,1,1,1,885,stop,-1.10072,0.007943
NQ,2023-08-01,A,1,1,-1,762,target,0.71837,0.007358
NQ,2023-08-02,A,1,1,-1,479,stop,-1.02190,0.007266
NQ,2023-08-03,A,1,1,-1,480,target,0.71985,0.007893
NQ,2023-08-03,B,-1,1,-1,1056,stop,-1.10135,0.007893
NQ,2023-08-03,Bmirror,1,1,-1,1056,stop,-1.10135,0.007893
NQ,2023-08-04,A,1,1,-1,1179,close,-0.43588,0.007826
NQ,2023-08-04,A,-1,1,-1,875,target,0.71944,0.007826
NQ,2023-08-04,B,1,1,-1,730,stop,-1.10222,0.007826
NQ,2023-08-04,Bmirror,-1,1,-1,730,stop,-1.10222,0.007826
NQ,2023-08-07,A,-1,-1,1,1250,close,-0.36130,0.007592
NQ,2023-08-07,B,1,-1,1,690,stop,-1.10538,0.007592
NQ,2023-08-07,Bmirror,-1,-1,1,690,stop,-1.10538,0.007592
NQ,2023-08-08,A,1,-1,1,714,stop,-1.02074,0.007672
NQ,2023-08-09,A,1,-1,-1,921,stop,-1.02030,0.007837
NQ,2023-08-09,B,1,-1,-1,870,stop,-1.10208,0.007837
NQ,2023-08-09,Bmirror,-1,-1,-1,870,stop,-1.10208,0.007837
NQ,2023-08-10,A,-1,-1,-1,796,target,0.71987,0.007997
NQ,2023-08-10,B,1,-1,-1,1012,stop,-1.10004,0.007997
NQ,2023-08-10,Bmirror,-1,-1,-1,1012,stop,-1.10004,0.007997
NQ,2023-08-11,A,1,-1,1,657,target,0.71974,0.007852
NQ,2023-08-14,A,1,-1,1,223,target,0.72014,0.008008
NQ,2023-08-14,A,-1,-1,1,951,target,0.71990,0.008008
NQ,2023-08-14,B,-1,-1,1,534,stop,-1.09990,0.008008
NQ,2023-08-14,Bmirror,1,-1,1,534,stop,-1.09990,0.008008
NQ,2023-08-15,A,1,-1,1,510,stop,-1.01920,0.008283
NQ,2023-08-16,A,1,-1,-1,1032,target,0.72143,0.008563
NQ,2023-08-16,B,1,-1,-1,622,stop,-1.09342,0.008563
NQ,2023-08-16,Bmirror,-1,-1,-1,622,stop,-1.09342,0.008563
NQ,2023-08-17,A,1,-1,-1,1158,stop,-1.01885,0.008437
NQ,2023-08-17,B,-1,-1,-1,246,stop,-1.09482,0.008437
NQ,2023-08-17,Bmirror,1,-1,-1,246,stop,-1.09482,0.008437
NQ,2023-08-18,A,1,-1,-1,757,target,0.72050,0.008155
NQ,2023-08-18,B,1,-1,-1,376,stop,-1.09810,0.008155
NQ,2023-08-18,Bmirror,-1,-1,-1,376,stop,-1.09810,0.008155
NQ,2023-08-21,A,-1,-1,1,875,stop,-1.01966,0.008190
NQ,2023-08-21,B,-1,-1,1,491,stop,-1.09768,0.008190
NQ,2023-08-21,Bmirror,1,-1,1,491,stop,-1.09768,0.008190
NQ,2023-08-22,A,-1,-1,1,541,stop,-1.01917,0.008398
NQ,2023-08-22,B,1,-1,1,1033,stop,-1.09526,0.008398
NQ,2023-08-22,Bmirror,-1,-1,1,1033,stop,-1.09526,0.008398
NQ,2023-08-23,A,-1,-1,1,506,target,0.72032,0.008181
NQ,2023-08-23,B,1,-1,1,730,target,12.30221,0.008181
NQ,2023-08-23,Bmirror,-1,-1,1,730,stop,-1.09779,0.008181
NQ,2023-08-24,A,1,-1,1,882,stop,-1.01712,0.009284
NQ,2023-08-24,B,1,-1,1,870,stop,-1.08617,0.009284
NQ,2023-08-24,Bmirror,-1,-1,1,870,stop,-1.08617,0.009284
NQ,2023-08-25,A,1,-1,-1,959,target,0.72443,0.010199
NQ,2023-08-25,A,-1,-1,-1,903,target,0.72419,0.010199
NQ,2023-08-25,B,-1,-1,-1,547,stop,-1.07844,0.010199
NQ,2023-08-25,Bmirror,1,-1,-1,547,stop,-1.07844,0.010199
NQ,2023-08-28,A,-1,-1,1,875,target,0.72438,0.010320
NQ,2023-08-28,B,1,-1,1,892,stop,-1.07752,0.010320
NQ,2023-08-28,Bmirror,-1,-1,1,892,stop,-1.07752,0.010320
NQ,2023-08-29,A,-1,-1,1,904,stop,-1.01549,0.010409
NQ,2023-08-30,B,-1,1,1,810,stop,-1.07197,0.011116
NQ,2023-08-30,Bmirror,1,1,1,810,stop,-1.07197,0.011116
NQ,2023-08-31,B,1,1,1,1066,close,1.77125,0.011150
NQ,2023-08-31,Bmirror,-1,1,1,1066,stop,-1.07175,0.011150
NQ,2023-09-01,A,-1,1,1,863,target,0.72551,0.011137
NQ,2023-09-01,B,1,1,1,885,stop,-1.07183,0.011137
NQ,2023-09-01,Bmirror,-1,1,1,885,stop,-1.07183,0.011137
NQ,2023-09-05,B,-1,1,1,926,stop,-1.07480,0.010696
NQ,2023-09-05,Bmirror,1,1,1,926,stop,-1.07480,0.010696
NQ,2023-09-06,A,1,1,1,906,stop,-1.01492,0.010640
NQ,2023-09-07,A,1,1,-1,794,stop,-1.01542,0.010296
NQ,2023-09-08,B,-1,1,-1,816,stop,-1.07725,0.010356
NQ,2023-09-08,Bmirror,1,1,-1,816,stop,-1.07725,0.010356
NQ,2023-09-11,A,-1,1,1,853,target,0.72431,0.010276
NQ,2023-09-12,A,1,1,1,969,target,0.72468,0.010362
NQ,2023-09-12,B,-1,1,1,897,close,9.21800,0.010362
NQ,2023-09-12,Bmirror,1,1,1,897,stop,-1.07720,0.010362
NQ,2023-09-13,B,-1,1,-1,835,stop,-1.07698,0.010392
NQ,2023-09-13,Bmirror,1,1,-1,835,stop,-1.07698,0.010392
NQ,2023-09-14,A,-1,1,1,968,close,0.01873,0.010286
NQ,2023-09-14,B,1,1,1,565,stop,-1.07777,0.010286
NQ,2023-09-14,Bmirror,-1,1,1,565,stop,-1.07777,0.010286
NQ,2023-09-15,A,1,1,1,881,stop,-1.01533,0.010355
NQ,2023-09-18,B,-1,1,1,874,stop,-1.07396,0.010816
NQ,2023-09-18,Bmirror,1,1,1,874,stop,-1.07396,0.010816
NQ,2023-09-19,A,1,1,1,897,target,0.72504,0.010609
NQ,2023-09-20,A,1,1,-1,1212,stop,-1.01535,0.010346
NQ,2023-09-21,A,1,-1,-1,732,stop,-1.01499,0.010587
NQ,2023-09-22,A,-1,-1,-1,933,target,0.72500,0.010755
NQ,2023-09-25,A,1,-1,1,851,target,0.72524,0.010755
NQ,2023-09-25,B,-1,-1,1,976,stop,-1.07438,0.010755
NQ,2023-09-25,Bmirror,1,-1,1,976,stop,-1.07438,0.010755
NQ,2023-09-26,A,1,-1,1,467,target,0.72489,0.010505
NQ,2023-09-27,A,1,-1,-1,1120,target,0.72534,0.010823
NQ,2023-09-27,B,1,-1,-1,910,stop,-1.07392,0.010823
NQ,2023-09-27,Bmirror,-1,-1,-1,910,stop,-1.07392,0.010823
NQ,2023-09-28,A,-1,-1,1,999,stop,-1.01628,0.009903
NQ,2023-09-28,B,-1,-1,1,810,stop,-1.08079,0.009903
NQ,2023-09-28,Bmirror,1,-1,1,810,stop,-1.08079,0.009903
NQ,2023-09-29,A,-1,-1,1,810,stop,-1.01875,0.008588
NQ,2023-09-29,B,-1,-1,1,275,stop,-1.09316,0.008588
NQ,2023-09-29,Bmirror,1,-1,1,275,stop,-1.09316,0.008588
NQ,2023-10-02,A,1,-1,1,801,target,0.72131,0.008506
NQ,2023-10-02,A,-1,-1,1,981,target,0.72107,0.008506
NQ,2023-10-02,B,1,-1,1,410,stop,-1.09405,0.008506
NQ,2023-10-02,Bmirror,-1,-1,1,410,stop,-1.09405,0.008506
NQ,2023-10-03,A,1,-1,1,768,target,0.72113,0.008427
NQ,2023-10-03,B,-1,-1,1,518,stop,-1.09493,0.008427
NQ,2023-10-03,Bmirror,1,-1,1,518,stop,-1.09493,0.008427
NQ,2023-10-04,A,1,-1,-1,427,target,0.72003,0.007966
NQ,2023-10-04,A,-1,-1,-1,875,target,0.71980,0.007966
NQ,2023-10-05,A,1,-1,1,900,stop,-1.01910,0.008327
NQ,2023-10-05,B,-1,-1,1,694,stop,-1.09608,0.008327
NQ,2023-10-05,Bmirror,1,-1,1,694,stop,-1.09608,0.008327
NQ,2023-10-06,A,1,-1,-1,810,stop,-1.01913,0.008312
NQ,2023-10-06,A,-1,-1,-1,988,stop,-1.01937,0.008312
NQ,2023-10-06,B,1,-1,-1,810,stop,-1.09625,0.008312
NQ,2023-10-06,Bmirror,-1,-1,-1,810,stop,-1.09625,0.008312
NQ,2023-10-09,A,-1,-1,-1,1110,stop,-1.01753,0.009192
NQ,2023-10-09,B,-1,-1,-1,882,stop,-1.08703,0.009192
NQ,2023-10-09,Bmirror,1,-1,-1,882,stop,-1.08703,0.009192
NQ,2023-10-10,A,-1,-1,1,932,stop,-1.01696,0.009499
NQ,2023-10-11,B,1,-1,1,810,stop,-1.08353,0.009577
NQ,2023-10-11,Bmirror,-1,-1,1,810,stop,-1.08353,0.009577
NQ,2023-10-12,A,1,1,1,1121,stop,-1.01657,0.009587
NQ,2023-10-12,B,1,1,1,944,stop,-1.08344,0.009587
NQ,2023-10-12,Bmirror,-1,1,1,944,stop,-1.08344,0.009587
NQ,2023-10-13,A,1,-1,-1,952,stop,-1.01661,0.009565
NQ,2023-10-13,B,-1,-1,-1,833,stop,-1.08364,0.009565
NQ,2023-10-13,Bmirror,1,-1,-1,833,stop,-1.08364,0.009565
NQ,2023-10-16,A,-1,1,1,877,target,0.72369,0.009884
NQ,2023-10-16,B,-1,1,1,760,stop,-1.08094,0.009884
NQ,2023-10-16,Bmirror,1,1,1,760,stop,-1.08094,0.009884
NQ,2023-10-17,A,1,1,1,826,stop,-1.01608,0.009876
NQ,2023-10-17,B,-1,1,1,1022,stop,-1.08100,0.009876
NQ,2023-10-17,Bmirror,1,1,1,1022,stop,-1.08100,0.009876
NQ,2023-10-18,A,1,1,-1,936,target,0.72372,0.009758
NQ,2023-10-19,A,1,1,-1,1175,stop,-1.01594,0.009964
NQ,2023-10-19,B,-1,1,-1,646,stop,-1.08029,0.009964
NQ,2023-10-19,Bmirror,1,1,-1,646,stop,-1.08029,0.009964
NQ,2023-10-20,A,1,1,-1,947,target,0.72425,0.010084
NQ,2023-10-23,A,1,-1,1,613,stop,-1.01623,0.009788
NQ,2023-10-23,A,-1,-1,1,1075,target,0.72354,0.009788
NQ,2023-10-23,B,-1,-1,1,959,stop,-1.08173,0.009788
NQ,2023-10-23,Bmirror,1,-1,1,959,close,3.76587,0.009788
NQ,2023-10-24,A,-1,-1,1,930,target,0.72357,0.009812
NQ,2023-10-24,B,1,-1,1,578,stop,-1.08153,0.009812
NQ,2023-10-24,Bmirror,-1,-1,1,578,stop,-1.08153,0.009812
NQ,2023-10-25,A,1,-1,1,871,stop,-1.01610,0.009863
NQ,2023-10-26,A,1,-1,-1,987,stop,-1.01470,0.010795
NQ,2023-10-26,B,-1,-1,-1,810,stop,-1.07411,0.010795
NQ,2023-10-26,Bmirror,1,-1,-1,810,stop,-1.07411,0.010795
NQ,2023-10-27,A,-1,-1,-1,977,target,0.72457,0.010450
NQ,2023-10-27,B,1,-1,-1,942,stop,-1.07656,0.010450
NQ,2023-10-27,Bmirror,-1,-1,-1,942,stop,-1.07656,0.010450
NQ,2023-10-30,A,-1,-1,1,825,target,0.72461,0.010477
NQ,2023-10-30,B,1,-1,1,870,stop,-1.07635,0.010477
NQ,2023-10-30,Bmirror,-1,-1,1,870,stop,-1.07635,0.010477
NQ,2023-10-31,B,-1,-1,1,524,stop,-1.07614,0.010507
NQ,2023-10-31,Bmirror,1,-1,1,524,stop,-1.07614,0.010507
NQ,2023-11-01,A,-1,-1,1,823,stop,-1.01577,0.010221
NQ,2023-11-02,A,-1,-1,1,733,stop,-1.01459,0.011055
NQ,2023-11-03,A,-1,-1,1,811,stop,-1.01455,0.011090
NQ,2023-11-06,B,1,-1,-1,1097,stop,-1.06994,0.011439
NQ,2023-11-06,Bmirror,-1,-1,-1,1097,stop,-1.06994,0.011439
NQ,2023-11-07,A,-1,1,1,928,close,-0.46301,0.011433
NQ,2023-11-09,B,1,1,-1,907,stop,-1.07399,0.010813
NQ,2023-11-09,Bmirror,-1,1,-1,907,stop,-1.07399,0.010813
NQ,2023-11-10,A,-1,1,-1,881,stop,-1.01479,0.010907
NQ,2023-11-13,B,-1,1,-1,983,stop,-1.07264,0.011013
NQ,2023-11-13,Bmirror,1,1,-1,983,stop,-1.07264,0.011013
NQ,2023-11-14,A,-1,1,1,810,stop,-1.01489,0.010829
NQ,2023-11-15,A,-1,1,1,810,target,0.72588,0.011426
NQ,2023-11-15,B,1,1,1,1002,stop,-1.07002,0.011426
NQ,2023-11-15,Bmirror,-1,1,1,1002,stop,-1.07002,0.011426
NQ,2023-11-20,A,-1,1,-1,892,stop,-1.01470,0.010973
NQ,2023-11-21,A,1,1,1,921,close,0.10012,0.011136
NQ,2023-11-22,A,-1,1,-1,870,target,0.72566,0.011251
NQ,2023-11-28,B,-1,1,1,939,stop,-1.07764,0.010304
NQ,2023-11-28,Bmirror,1,1,1,939,stop,-1.07764,0.010304
NQ,2023-11-29,A,-1,1,1,872,target,0.72435,0.010299
NQ,2023-11-29,B,1,1,1,987,stop,-1.07768,0.010299
NQ,2023-11-29,Bmirror,-1,1,1,987,stop,-1.07768,0.010299
NQ,2023-11-30,A,1,1,1,887,target,0.72095,0.008348
NQ,2023-11-30,B,1,1,1,840,stop,-1.09583,0.008348
NQ,2023-11-30,Bmirror,-1,1,1,840,target,12.30417,0.008348
NQ,2023-12-01,A,1,1,-1,931,target,0.72092,0.008334
NQ,2023-12-01,B,-1,1,-1,902,stop,-1.09599,0.008334
NQ,2023-12-01,Bmirror,1,1,-1,902,stop,-1.09599,0.008334
NQ,2023-12-04,A,1,1,-1,842,stop,-1.01902,0.008360
NQ,2023-12-05,A,-1,1,-1,946,target,0.72136,0.008639
NQ,2023-12-05,B,-1,1,-1,890,stop,-1.09261,0.008639
NQ,2023-12-05,Bmirror,1,1,-1,890,stop,-1.09261,0.008639
NQ,2023-12-06,A,1,1,1,1224,close,-0.15280,0.008644
NQ,2023-12-06,A,-1,1,1,844,target,0.72137,0.008644
NQ,2023-12-06,B,1,1,1,735,stop,-1.09255,0.008644
NQ,2023-12-06,Bmirror,-1,1,1,735,stop,-1.09255,0.008644
NQ,2023-12-07,A,-1,1,-1,834,stop,-1.02010,0.008006
NQ,2023-12-08,A,1,1,1,810,target,0.72038,0.008106
NQ,2023-12-08,A,-1,1,1,1190,close,0.35029,0.008106
NQ,2023-12-08,B,-1,1,1,884,stop,-1.09869,0.008106
NQ,2023-12-08,Bmirror,1,1,1,884,stop,-1.09869,0.008106
NQ,2023-12-11,A,-1,1,1,951,target,0.71911,0.007704
NQ,2023-12-11,B,-1,1,1,873,stop,-1.10385,0.007704
NQ,2023-12-11,Bmirror,1,1,1,873,stop,-1.10385,0.007704
NQ,2023-12-12,A,-1,1,1,810,target,0.71937,0.007801
NQ,2023-12-12,B,1,1,1,832,stop,-1.10255,0.007801
NQ,2023-12-12,Bmirror,-1,1,1,832,stop,-1.10255,0.007801
NQ,2023-12-13,A,-1,1,1,1150,stop,-1.02060,0.007811
NQ,2023-12-13,B,1,1,1,896,stop,-1.10242,0.007811
NQ,2023-12-13,Bmirror,-1,1,1,896,stop,-1.10242,0.007811
NQ,2023-12-14,A,1,1,1,1080,stop,-1.01986,0.008008
NQ,2023-12-14,B,1,1,1,811,stop,-1.09990,0.008008
NQ,2023-12-14,Bmirror,-1,1,1,811,stop,-1.09990,0.008008
NQ,2023-12-15,A,-1,1,-1,918,target,0.71948,0.007842
NQ,2023-12-15,B,1,1,-1,823,close,4.22339,0.007842
NQ,2023-12-15,Bmirror,-1,1,-1,823,stop,-1.10202,0.007842
NQ,2023-12-18,A,-1,1,1,998,stop,-1.02332,0.006895
NQ,2023-12-19,A,-1,1,1,965,close,-0.29121,0.006928
NQ,2023-12-20,A,1,1,1,1185,stop,-1.02658,0.005992
NQ,2023-12-20,B,-1,1,1,900,stop,-1.13351,0.005992
NQ,2023-12-20,Bmirror,1,1,1,900,stop,-1.13351,0.005992
NQ,2023-12-21,A,-1,1,-1,812,stop,-1.02469,0.006510
NQ,2023-12-22,A,-1,1,1,883,target,0.71568,0.006610
NQ,2023-12-26,A,-1,1,1,1200,close,-0.27481,0.006577
NQ,2023-12-28,B,1,1,1,878,stop,-1.13637,0.005866
NQ,2023-12-28,Bmirror,-1,1,1,878,stop,-1.13637,0.005866
NQ,2023-12-29,A,1,1,-1,946,stop,-1.02722,0.005853
NQ,2024-01-02,A,1,1,1,667,stop,-1.02687,0.005928
NQ,2024-01-03,A,1,1,-1,600,stop,-1.02323,0.006852
NQ,2024-01-04,A,1,1,-1,820,target,0.71777,0.007159
NQ,2024-01-04,B,-1,1,-1,970,stop,-1.11175,0.007159
NQ,2024-01-04,Bmirror,1,1,-1,970,stop,-1.11175,0.007159
NQ,2024-01-05,A,1,1,-1,697,target,0.71801,0.007238
NQ,2024-01-05,A,-1,1,-1,906,target,0.71777,0.007238
NQ,2024-01-05,B,-1,1,-1,870,stop,-1.11053,0.007238
NQ,2024-01-05,Bmirror,1,1,-1,870,stop,-1.11053,0.007238
NQ,2024-01-08,A,1,-1,1,570,target,0.71777,0.007160
NQ,2024-01-08,A,-1,-1,1,880,stop,-1.02247,0.007160
NQ,2024-01-08,B,-1,-1,1,779,stop,-1.11174,0.007160
NQ,2024-01-08,Bmirror,1,-1,1,779,stop,-1.11174,0.007160
NQ,2024-01-09,A,1,1,1,715,target,0.71965,0.007817
NQ,2024-01-09,B,-1,1,1,984,stop,-1.10234,0.007817
NQ,2024-01-09,Bmirror,1,1,1,984,close,3.43231,0.007817
NQ,2024-01-10,A,-1,1,1,1144,close,-0.36296,0.007793
NQ,2024-01-10,B,1,1,1,714,stop,-1.10265,0.007793
NQ,2024-01-10,Bmirror,-1,1,1,714,stop,-1.10265,0.007793
NQ,2024-01-11,A,1,1,1,905,target,0.71916,0.007633
NQ,2024-01-11,B,1,1,1,810,stop,-1.10481,0.007633
NQ,2024-01-11,Bmirror,-1,1,1,810,stop,-1.10481,0.007633
NQ,2024-01-12,B,-1,1,-1,810,stop,-1.10493,0.007624
NQ,2024-01-12,Bmirror,1,1,-1,810,stop,-1.10493,0.007624
NQ,2024-01-15,B,1,-1,-1,845,close,1.83822,0.007200
NQ,2024-01-15,Bmirror,-1,-1,-1,845,stop,-1.11111,0.007200
NQ,2024-01-16,A,1,1,-1,482,target,0.71786,0.007190
NQ,2024-01-16,A,-1,1,-1,947,target,0.71763,0.007190
NQ,2024-01-16,B,-1,1,-1,871,stop,-1.11127,0.007190
NQ,2024-01-16,Bmirror,1,1,-1,871,stop,-1.11127,0.007190
NQ,2024-01-17,A,1,1,1,362,stop,-1.02212,0.007195
NQ,2024-01-18,A,-1,-1,-1,659,stop,-1.02227,0.007223
NQ,2024-01-19,A,-1,1,1,691,target,0.71886,0.007611
NQ,2024-01-22,B,1,1,1,930,stop,-1.10134,0.007894
NQ,2024-01-22,Bmirror,-1,1,1,930,stop,-1.10134,0.007894
NQ,2024-01-23,B,1,1,-1,870,stop,-1.10129,0.007898
NQ,2024-01-23,Bmirror,-1,1,-1,870,stop,-1.10129,0.007898
NQ,2024-01-24,A,-1,1,1,785,stop,-1.02025,0.007949
NQ,2024-01-25,A,-1,1,1,852,target,0.71961,0.007893
NQ,2024-01-25,B,1,1,1,1099,stop,-1.10136,0.007893
NQ,2024-01-25,Bmirror,-1,1,1,1099,stop,-1.10136,0.007893
NQ,2024-01-26,B,-1,1,-1,616,stop,-1.10117,0.007907
NQ,2024-01-26,Bmirror,1,1,-1,616,stop,-1.10117,0.007907
NQ,2024-01-29,A,-1,1,-1,514,target,0.71832,0.007422
NQ,2024-01-30,A,1,1,1,901,stop,-1.02051,0.007755
NQ,2024-01-31,A,1,1,-1,661,target,0.72094,0.008341
NQ,2024-01-31,B,-1,1,-1,810,stop,-1.09592,0.008341
NQ,2024-01-31,Bmirror,1,1,-1,810,stop,-1.09592,0.008341
NQ,2024-02-01,A,-1,1,-1,1030,target,0.72109,0.008514
NQ,2024-02-01,B,1,1,-1,900,stop,-1.09396,0.008514
NQ,2024-02-01,Bmirror,-1,1,-1,900,stop,-1.09396,0.008514
NQ,2024-02-02,A,1,1,1,872,target,0.72257,0.009117
NQ,2024-02-02,A,-1,1,1,1010,close,0.18851,0.009117
NQ,2024-02-02,B,-1,1,1,885,stop,-1.08775,0.009117
NQ,2024-02-02,Bmirror,1,1,1,885,stop,-1.08775,0.009117
NQ,2024-02-05,A,1,1,1,940,target,0.72246,0.009060
NQ,2024-02-05,B,-1,1,1,1058,stop,-1.08830,0.009060
NQ,2024-02-05,Bmirror,1,1,1,1058,stop,-1.08830,0.009060
NQ,2024-02-06,A,1,1,-1,1011,target,0.72247,0.009065
NQ,2024-02-06,B,1,1,-1,696,stop,-1.08825,0.009065
NQ,2024-02-06,Bmirror,-1,1,-1,696,stop,-1.08825,0.009065
NQ,2024-02-07,A,-1,1,-1,850,stop,-1.01918,0.008392
NQ,2024-02-07,B,1,1,-1,388,stop,-1.09533,0.008392
NQ,2024-02-07,Bmirror,-1,1,-1,388,stop,-1.09533,0.008392
NQ,2024-02-09,A,-1,1,1,930,stop,-1.01991,0.008085
NQ,2024-02-13,A,1,1,-1,721,stop,-1.02041,0.007795
NQ,2024-02-14,A,-1,1,-1,722,target,0.72057,0.008284
NQ,2024-02-14,B,1,1,-1,1026,target,12.30343,0.008284
NQ,2024-02-14,Bmirror,-1,1,-1,1026,stop,-1.09657,0.008284
NQ,2024-02-15,B,-1,1,1,1060,stop,-1.09551,0.008376
NQ,2024-02-15,Bmirror,1,1,1,1060,stop,-1.09551,0.008376
NQ,2024-02-16,A,1,1,1,890,stop,-1.01899,0.008375
NQ,2024-02-16,B,1,1,1,810,stop,-1.09552,0.008375
NQ,2024-02-16,Bmirror,-1,1,1,810,stop,-1.09552,0.008375
NQ,2024-02-20,A,1,1,-1,607,target,0.72191,0.008786
NQ,2024-02-21,A,1,1,-1,887,target,0.72235,0.009007
NQ,2024-02-22,A,-1,1,1,401,stop,-1.01802,0.008940
NQ,2024-02-23,B,1,1,1,930,stop,-1.08859,0.009030
NQ,2024-02-23,Bmirror,-1,1,1,930,stop,-1.08859,0.009030
NQ,2024-02-26,B,-1,1,1,586,stop,-1.09350,0.008556
NQ,2024-02-26,Bmirror,1,1,1,586,stop,-1.09350,0.008556
NQ,2024-02-27,B,1,1,-1,880,stop,-1.09351,0.008555
NQ,2024-02-27,Bmirror,-1,1,-1,880,stop,-1.09351,0.008555
NQ,2024-02-28,A,1,1,1,890,target,0.72129,0.008498
NQ,2024-02-29,A,-1,1,-1,815,stop,-1.01869,0.008614
NQ,2024-02-29,B,1,1,-1,489,stop,-1.09287,0.008614
NQ,2024-02-29,Bmirror,-1,1,-1,489,stop,-1.09287,0.008614
NQ,2024-03-01,A,-1,1,1,910,stop,-1.01842,0.008742
NQ,2024-03-01,B,1,1,1,618,stop,-1.09151,0.008742
NQ,2024-03-01,Bmirror,-1,1,1,618,stop,-1.09151,0.008742
NQ,2024-03-04,B,-1,1,1,1179,close,5.52304,0.009012
NQ,2024-03-04,Bmirror,1,1,1,1179,stop,-1.08877,0.009012
NQ,2024-03-05,A,1,1,-1,871,stop,-1.01799,0.008836
NQ,2024-03-06,A,-1,-1,-1,782,target,0.72159,0.008747
NQ,2024-03-07,A,-1,1,1,742,stop,-1.01889,0.008523
NQ,2024-03-07,B,-1,1,1,555,stop,-1.09386,0.008523
NQ,2024-03-07,Bmirror,1,1,1,555,target,12.30614,0.008523
NQ,2024-03-08,A,1,1,1,992,target,0.72068,0.008231
NQ,2024-03-08,A,-1,1,1,895,target,0.72044,0.008231
NQ,2024-03-08,B,1,1,1,740,stop,-1.09719,0.008231
NQ,2024-03-08,Bmirror,-1,1,1,740,stop,-1.09719,0.008231
NQ,2024-03-11,A,1,1,-1,731,target,0.72131,0.008509
NQ,2024-03-11,B,-1,1,-1,427,close,1.56858,0.008509
NQ,2024-03-11,Bmirror,1,1,-1,427,stop,-1.09402,0.008509
NQ,2024-03-12,A,1,1,1,826,target,0.72131,0.008507
NQ,2024-03-12,A,-1,1,1,878,target,0.72107,0.008507
NQ,2024-03-12,B,-1,1,1,752,stop,-1.09404,0.008507
NQ,2024-03-12,Bmirror,1,1,1,752,stop,-1.09404,0.008507
NQ,2024-03-13,A,1,1,1,825,close,-0.05954,0.008681
NQ,2024-03-14,A,1,1,-1,830,target,0.72148,0.008583
NQ,2024-03-15,A,1,1,-1,817,stop,-1.01827,0.008700
NQ,2024-03-15,B,1,1,-1,761,stop,-1.09196,0.008700
NQ,2024-03-15,Bmirror,-1,1,-1,761,stop,-1.09196,0.008700
NQ,2024-03-18,A,-1,-1,1,541,stop,-1.01852,0.008696
NQ,2024-03-19,A,1,1,1,820,target,0.72177,0.008719
NQ,2024-03-19,B,1,1,1,575,stop,-1.09175,0.008719
NQ,2024-03-19,Bmirror,-1,1,1,575,stop,-1.09175,0.008719
NQ,2024-03-20,A,-1,1,1,1085,target,0.72078,0.008376
NQ,2024-03-20,B,1,1,1,820,stop,-1.09551,0.008376
NQ,2024-03-20,Bmirror,-1,1,1,820,stop,-1.09551,0.008376
NQ,2024-03-21,A,-1,1,1,820,target,0.72148,0.008694
NQ,2024-03-21,B,1,1,1,1115,stop,-1.09202,0.008694
NQ,2024-03-21,Bmirror,-1,1,1,1115,stop,-1.09202,0.008694
NQ,2024-03-22,B,-1,1,1,1020,stop,-1.09223,0.008674
NQ,2024-03-22,Bmirror,1,1,1,1020,stop,-1.09223,0.008674
NQ,2024-03-25,A,1,1,1,666,target,0.72085,0.008303
NQ,2024-03-26,B,1,1,-1,871,stop,-1.09629,0.008308
NQ,2024-03-26,Bmirror,-1,1,-1,871,stop,-1.09629,0.008308
NQ,2024-03-27,A,1,-1,-1,852,target,0.72037,0.008103
NQ,2024-03-27,B,1,-1,-1,821,stop,-1.09873,0.008103
NQ,2024-03-27,Bmirror,-1,-1,-1,821,stop,-1.09873,0.008103
NQ,2024-03-28,B,1,1,-1,853,stop,-1.09973,0.008022
NQ,2024-03-28,Bmirror,-1,1,-1,853,stop,-1.09973,0.008022
NQ,2024-04-01,A,1,1,1,952,target,0.71829,0.007330
NQ,2024-04-01,B,-1,1,1,875,stop,-1.10915,0.007330
NQ,2024-04-01,Bmirror,1,1,1,875,stop,-1.10915,0.007330
NQ,2024-04-02,A,1,1,-1,819,stop,-1.02152,0.007395
NQ,2024-04-03,A,-1,1,-1,957,target,0.71870,0.007553
NQ,2024-04-03,B,-1,1,-1,900,stop,-1.10591,0.007553
NQ,2024-04-03,Bmirror,1,1,-1,900,stop,-1.10591,0.007553
NQ,2024-04-04,A,1,1,1,1170,stop,-1.02103,0.007565
NQ,2024-04-04,A,-1,1,1,820,stop,-1.02127,0.007565
NQ,2024-04-04,B,1,1,1,1158,stop,-1.10575,0.007565
NQ,2024-04-04,Bmirror,-1,1,1,1158,stop,-1.10575,0.007565
NQ,2024-04-05,A,-1,-1,-1,892,stop,-1.02006,0.008023
NQ,2024-04-05,B,1,-1,-1,810,stop,-1.09971,0.008023
NQ,2024-04-05,Bmirror,-1,-1,-1,810,stop,-1.09971,0.008023
NQ,2024-04-08,B,-1,-1,1,716,stop,-1.10429,0.007671
NQ,2024-04-08,Bmirror,1,-1,1,716,stop,-1.10429,0.007671
NQ,2024-04-09,A,1,1,1,941,target,0.71925,0.007667
NQ,2024-04-09,B,-1,1,1,732,stop,-1.10435,0.007667
NQ,2024-04-09,Bmirror,1,1,1,732,stop,-1.10435,0.007667
NQ,2024-04-10,A,1,1,1,810,stop,-1.02087,0.007622
NQ,2024-04-10,B,1,1,1,810,stop,-1.10496,0.007622
NQ,2024-04-10,Bmirror,-1,1,1,810,stop,-1.10496,0.007622
NQ,2024-04-11,A,-1,1,-1,847,target,0.71837,0.007439
NQ,2024-04-11,B,-1,1,-1,810,stop,-1.10754,0.007439
NQ,2024-04-11,Bmirror,1,1,-1,810,stop,-1.10754,0.007439
NQ,2024-04-12,A,1,1,1,710,stop,-1.01971,0.008068
NQ,2024-04-15,A,1,-1,1,1057,stop,-1.01970,0.008072
NQ,2024-04-15,A,-1,-1,1,815,target,0.72006,0.008072
NQ,2024-04-15,B,1,-1,1,910,stop,-1.09910,0.008072
NQ,2024-04-15,Bmirror,-1,-1,1,910,stop,-1.09910,0.008072
NQ,2024-04-16,B,-1,-1,-1,552,stop,-1.09170,0.008724
NQ,2024-04-16,Bmirror,1,-1,-1,552,stop,-1.09170,0.008724
NQ,2024-04-17,A,1,-1,1,424,target,0.72179,0.008729
NQ,2024-04-17,B,-1,-1,1,573,stop,-1.09165,0.008729
NQ,2024-04-17,Bmirror,1,-1,1,573,stop,-1.09165,0.008729
NQ,2024-04-18,A,1,-1,-1,878,target,0.72177,0.008718
NQ,2024-04-18,B,1,-1,-1,630,stop,-1.09176,0.008718
NQ,2024-04-18,Bmirror,-1,-1,-1,630,stop,-1.09176,0.008718
NQ,2024-04-19,A,1,-1,-1,124,stop,-1.01810,0.008782
NQ,2024-04-19,B,-1,-1,-1,799,stop,-1.09109,0.008782
NQ,2024-04-19,Bmirror,1,-1,-1,799,stop,-1.09109,0.008782
NQ,2024-04-22,A,-1,-1,1,1128,stop,-1.01739,0.009266
NQ,2024-04-22,B,1,-1,1,918,stop,-1.08634,0.009266
NQ,2024-04-22,Bmirror,-1,-1,1,918,stop,-1.08634,0.009266
NQ,2024-04-23,A,-1,-1,1,872,stop,-1.01726,0.009332
NQ,2024-04-24,B,1,-1,1,650,stop,-1.08033,0.009959
NQ,2024-04-24,Bmirror,-1,-1,1,650,stop,-1.08033,0.009959
NQ,2024-04-25,A,1,-1,-1,853,target,0.72429,0.010110
NQ,2024-04-25,A,-1,-1,-1,1219,stop,-1.01594,0.010110
NQ,2024-04-25,B,-1,-1,-1,1045,stop,-1.07913,0.010110
NQ,2024-04-25,Bmirror,1,-1,-1,1045,stop,-1.07913,0.010110
NQ,2024-04-26,B,-1,-1,1,810,stop,-1.07869,0.010166
NQ,2024-04-26,Bmirror,1,-1,1,810,stop,-1.07869,0.010166
NQ,2024-04-29,B,1,-1,1,881,stop,-1.07837,0.010208
NQ,2024-04-29,Bmirror,-1,-1,1,881,stop,-1.07837,0.010208
NQ,2024-04-30,A,1,-1,1,972,stop,-1.01552,0.010230
NQ,2024-05-01,A,-1,-1,-1,1180,stop,-1.01470,0.010973
NQ,2024-05-01,B,-1,-1,-1,812,stop,-1.07291,0.010973
NQ,2024-05-01,Bmirror,1,-1,-1,812,stop,-1.07291,0.010973
NQ,2024-05-02,A,-1,-1,1,1173,stop,-1.01469,0.010979
NQ,2024-05-02,B,1,-1,1,889,stop,-1.07286,0.010979
NQ,2024-05-02,Bmirror,-1,-1,1,889,stop,-1.07286,0.010979
NQ,2024-05-03,A,-1,-1,1,810,stop,-1.01424,0.011333
NQ,2024-05-06,A,-1,-1,1,1255,close,0.00293,0.011661
NQ,2024-05-08,B,-1,1,1,928,stop,-1.06851,0.011677
NQ,2024-05-08,Bmirror,1,1,1,928,stop,-1.06851,0.011677
NQ,2024-05-10,B,1,1,1,928,stop,-1.07079,0.011300
NQ,2024-05-10,Bmirror,-1,1,1,928,stop,-1.07079,0.011300
NQ,2024-05-13,B,1,1,1,1090,close,2.05384,0.011087
NQ,2024-05-13,Bmirror,-1,1,1,1090,stop,-1.07215,0.011087
NQ,2024-05-14,A,-1,1,1,1222,close,0.12095,0.011094
NQ,2024-05-14,B,-1,1,1,854,stop,-1.07211,0.011094
NQ,2024-05-14,Bmirror,1,1,1,854,close,6.65045,0.011094
NQ,2024-05-15,A,-1,1,1,960,stop,-1.01445,0.011167
NQ,2024-05-21,B,-1,1,1,936,stop,-1.08238,0.009711
NQ,2024-05-21,Bmirror,1,1,1,936,close,2.81324,0.009711
NQ,2024-05-23,A,1,1,1,1136,stop,-1.01702,0.009338
NQ,2024-05-23,A,-1,1,1,754,target,0.72275,0.009338
NQ,2024-05-23,B,1,1,1,894,stop,-1.08567,0.009338
NQ,2024-05-23,Bmirror,-1,1,1,894,stop,-1.08567,0.009338
NQ,2024-05-24,A,-1,1,-1,924,stop,-1.01727,0.009328
NQ,2024-05-28,B,1,1,1,690,stop,-1.09416,0.008496
NQ,2024-05-28,Bmirror,-1,1,1,690,stop,-1.09416,0.008496
NQ,2024-05-29,A,1,1,1,551,stop,-1.02006,0.007928
NQ,2024-05-30,A,1,1,-1,1224,close,-0.30656,0.007882
NQ,2024-05-30,B,-1,1,-1,581,stop,-1.10149,0.007882
NQ,2024-05-30,Bmirror,1,1,-1,581,stop,-1.10149,0.007882
NQ,2024-05-31,A,1,1,-1,918,stop,-1.02102,0.007568
NQ,2024-05-31,B,-1,1,-1,565,stop,-1.10571,0.007568
NQ,2024-05-31,Bmirror,1,1,-1,565,stop,-1.10571,0.007568
NQ,2024-06-03,A,1,1,-1,1090,target,0.71898,0.007568
NQ,2024-06-03,A,-1,1,-1,458,stop,-1.02126,0.007568
NQ,2024-06-03,B,1,1,-1,964,stop,-1.10571,0.007568
NQ,2024-06-03,Bmirror,-1,1,-1,964,stop,-1.10571,0.007568
NQ,2024-06-04,A,1,1,1,590,target,0.71903,0.007586
NQ,2024-06-04,B,-1,1,1,901,stop,-1.10546,0.007586
NQ,2024-06-04,Bmirror,1,1,1,901,stop,-1.10546,0.007586
NQ,2024-06-05,A,-1,1,1,759,stop,-1.02653,0.006057
NQ,2024-06-05,B,1,1,1,484,stop,-1.13208,0.006057
NQ,2024-06-05,Bmirror,-1,1,1,484,stop,-1.13208,0.006057
NQ,2024-06-06,B,-1,1,1,936,close,1.39454,0.006802
NQ,2024-06-06,Bmirror,1,1,1,936,stop,-1.11761,0.006802
NQ,2024-06-07,A,1,1,-1,811,target,0.71555,0.006513
NQ,2024-06-10,A,-1,1,1,1214,close,0.22276,0.006102
NQ,2024-06-10,B,-1,1,1,931,stop,-1.13109,0.006102
NQ,2024-06-10,Bmirror,1,1,1,931,stop,-1.13109,0.006102
NQ,2024-06-11,A,1,1,1,887,target,0.71334,0.005974
NQ,2024-06-11,A,-1,1,1,1144,stop,-1.02690,0.005974
NQ,2024-06-11,B,-1,1,1,940,stop,-1.13390,0.005974
NQ,2024-06-11,Bmirror,1,1,1,940,stop,-1.13390,0.005974
NQ,2024-06-12,A,-1,1,1,810,stop,-1.02636,0.006097
NQ,2024-06-13,A,-1,1,1,810,target,0.71574,0.006628
NQ,2024-06-13,B,1,1,1,651,stop,-1.12071,0.006628
NQ,2024-06-13,Bmirror,-1,1,1,651,stop,-1.12071,0.006628
NQ,2024-06-14,A,1,1,1,726,target,0.71600,0.006634
NQ,2024-06-14,B,1,1,1,606,stop,-1.12059,0.006634
NQ,2024-06-14,Bmirror,-1,1,1,606,stop,-1.12059,0.006634
NQ,2024-06-17,A,-1,1,1,1049,stop,-1.02427,0.006625
NQ,2024-06-17,B,-1,1,1,916,stop,-1.12075,0.006625
NQ,2024-06-17,Bmirror,1,1,1,916,stop,-1.12075,0.006625
NQ,2024-06-18,B,1,1,1,813,stop,-1.11743,0.006813
NQ,2024-06-18,Bmirror,-1,1,1,813,stop,-1.11743,0.006813
NQ,2024-06-20,A,1,1,1,918,target,0.71507,0.006387
NQ,2024-06-20,A,-1,1,1,364,target,0.71483,0.006387
NQ,2024-06-20,B,1,1,1,871,stop,-1.12525,0.006387
NQ,2024-06-20,Bmirror,-1,1,1,871,stop,-1.12525,0.006387
NQ,2024-06-21,A,1,1,-1,579,target,0.71584,0.006591
NQ,2024-06-21,B,-1,1,-1,1010,stop,-1.12138,0.006591
NQ,2024-06-21,Bmirror,1,1,-1,1010,stop,-1.12138,0.006591
NQ,2024-06-24,A,1,1,1,846,target,0.71598,0.006628
NQ,2024-06-24,B,-1,1,1,523,stop,-1.12070,0.006628
NQ,2024-06-24,Bmirror,1,1,1,523,stop,-1.12070,0.006628
NQ,2024-06-25,A,-1,1,-1,901,stop,-1.02266,0.007096
NQ,2024-06-26,B,1,1,1,793,stop,-1.10962,0.007298
NQ,2024-06-26,Bmirror,-1,1,1,793,stop,-1.10962,0.007298
NQ,2024-06-27,A,-1,1,-1,873,stop,-1.02194,0.007331
NQ,2024-06-28,A,1,1,1,1231,close,-0.12617,0.007169
NQ,2024-06-28,A,-1,1,1,902,stop,-1.02244,0.007169
NQ,2024-06-28,B,1,1,1,836,stop,-1.11160,0.007169
NQ,2024-06-28,Bmirror,-1,1,1,836,stop,-1.11160,0.007169
NQ,2024-07-01,A,1,1,1,889,target,0.71779,0.007166
NQ,2024-07-01,A,-1,1,1,1255,close,0.34031,0.007166
NQ,2024-07-01,B,-1,1,1,735,stop,-1.11164,0.007166
NQ,2024-07-01,Bmirror,1,1,1,735,stop,-1.11164,0.007166
NQ,2024-07-02,A,1,1,1,740,target,0.71781,0.007172
NQ,2024-07-02,A,-1,1,1,990,target,0.71757,0.007172
NQ,2024-07-02,B,-1,1,1,873,stop,-1.11154,0.007172
NQ,2024-07-02,Bmirror,1,1,1,873,stop,-1.11154,0.007172
NQ,2024-07-03,A,-1,1,1,1010,stop,-1.02187,0.007356
NQ,2024-07-05,A,-1,1,-1,810,target,0.71611,0.006730
NQ,2024-07-05,B,1,1,-1,810,target,12.28113,0.006730
NQ,2024-07-05,Bmirror,-1,1,-1,810,stop,-1.11887,0.006730
NQ,2024-07-08,B,1,1,1,901,close,6.31952,0.006839
NQ,2024-07-08,Bmirror,-1,1,1,901,stop,-1.11697,0.006839
NQ,2024-07-09,B,1,1,1,930,stop,-1.11698,0.006839
NQ,2024-07-09,Bmirror,-1,1,1,930,stop,-1.11698,0.006839
NQ,2024-07-10,A,-1,1,1,1042,stop,-1.02346,0.006856
NQ,2024-07-11,A,1,1,1,911,stop,-1.02553,0.006238
NQ,2024-07-11,B,1,1,1,832,stop,-1.12825,0.006238
NQ,2024-07-11,Bmirror,-1,1,1,832,stop,-1.12825,0.006238
NQ,2024-07-12,A,-1,1,-1,900,stop,-1.02120,0.007590
NQ,2024-07-12,B,-1,1,-1,604,stop,-1.10540,0.007590
NQ,2024-07-12,Bmirror,1,1,-1,604,stop,-1.10540,0.007590
NQ,2024-07-15,A,-1,1,1,881,target,0.71874,0.007566
NQ,2024-07-16,A,1,1,1,905,target,0.71900,0.007575
NQ,2024-07-16,B,-1,1,1,694,stop,-1.10561,0.007575
NQ,2024-07-16,Bmirror,1,1,1,694,stop,-1.10561,0.007575
NQ,2024-07-17,A,1,1,-1,436,stop,-1.02118,0.007512
NQ,2024-07-18,A,1,1,-1,936,target,0.72128,0.008493
NQ,2024-07-18,B,1,1,-1,509,stop,-1.09420,0.008493
NQ,2024-07-18,Bmirror,-1,1,-1,509,stop,-1.09420,0.008493
NQ,2024-07-19,A,1,1,-1,490,target,0.72141,0.008554
NQ,2024-07-19,B,-1,1,-1,880,stop,-1.09352,0.008554
NQ,2024-07-19,Bmirror,1,1,-1,880,stop,-1.09352,0.008554
NQ,2024-07-22,A,-1,-1,1,806,stop,-1.01820,0.008851
NQ,2024-07-22,B,-1,-1,1,257,stop,-1.09039,0.008851
NQ,2024-07-22,Bmirror,1,-1,1,257,stop,-1.09039,0.008851
NQ,2024-07-23,B,-1,1,1,690,stop,-1.09096,0.008795
NQ,2024-07-23,Bmirror,1,1,1,690,stop,-1.09096,0.008795
NQ,2024-07-24,A,1,-1,-1,566,stop,-1.01785,0.008905
NQ,2024-07-25,A,1,-1,-1,544,target,0.72429,0.010106
NQ,2024-07-25,B,-1,-1,-1,1033,stop,-1.07916,0.010106
NQ,2024-07-25,Bmirror,1,-1,-1,1033,stop,-1.07916,0.010106
NQ,2024-07-26,A,-1,-1,-1,521,target,0.72434,0.010293
NQ,2024-07-29,B,1,-1,1,517,stop,-1.07628,0.010488
NQ,2024-07-29,Bmirror,-1,-1,1,517,stop,-1.07628,0.010488
NQ,2024-07-30,A,1,-1,-1,961,stop,-1.01545,0.010276
NQ,2024-07-30,B,-1,-1,-1,480,stop,-1.07785,0.010276
NQ,2024-07-30,Bmirror,1,-1,-1,480,stop,-1.07785,0.010276
NQ,2024-07-31,A,-1,-1,-1,205,stop,-1.01574,0.010243
NQ,2024-08-01,A,1,-1,1,929,stop,-1.01312,0.012089
NQ,2024-08-01,B,-1,-1,1,811,stop,-1.06618,0.012089
NQ,2024-08-01,Bmirror,1,-1,1,811,stop,-1.06618,0.012089
NQ,2024-08-02,A,1,-1,-1,495,stop,-1.01138,0.013911
NQ,2024-08-05,A,1,-1,-1,123,stop,-1.01112,0.014241
NQ,2024-08-06,A,1,-1,-1,881,target,0.72886,0.014216
NQ,2024-08-06,A,-1,-1,-1,133,target,0.72863,0.014216
NQ,2024-08-06,B,1,-1,-1,548,stop,-1.05628,0.014216
NQ,2024-08-06,Bmirror,-1,-1,-1,548,stop,-1.05628,0.014216
NQ,2024-08-07,A,-1,-1,-1,166,stop,-1.01155,0.013992
NQ,2024-08-07,B,1,-1,-1,1138,stop,-1.05718,0.013992
NQ,2024-08-07,Bmirror,-1,-1,-1,1138,stop,-1.05718,0.013992
NQ,2024-08-08,A,-1,-1,-1,287,target,0.72837,0.013901
NQ,2024-08-08,B,-1,-1,-1,63,stop,-1.05755,0.013901
NQ,2024-08-08,Bmirror,1,-1,-1,63,stop,-1.05755,0.013901
NQ,2024-08-09,B,-1,-1,1,540,stop,-1.05093,0.015709
NQ,2024-08-09,Bmirror,1,-1,1,540,stop,-1.05093,0.015709
NQ,2024-08-12,B,1,-1,-1,984,close,1.34654,0.015539
NQ,2024-08-12,Bmirror,-1,-1,-1,984,stop,-1.05148,0.015539
NQ,2024-08-13,A,-1,-1,1,871,stop,-1.01043,0.015510
NQ,2024-08-14,B,-1,-1,1,986,stop,-1.04915,0.016275
NQ,2024-08-14,Bmirror,1,-1,1,986,stop,-1.04915,0.016275
NQ,2024-08-15,A,-1,-1,1,831,stop,-1.01003,0.016145
NQ,2024-08-16,B,-1,-1,1,1033,stop,-1.04860,0.016461
NQ,2024-08-16,Bmirror,1,-1,1,1033,close,0.23470,0.016461
NQ,2024-08-19,B,-1,1,1,953,stop,-1.04868,0.016433
NQ,2024-08-19,Bmirror,1,1,1,953,close,6.63688,0.016433
NQ,2024-08-20,B,-1,1,1,1163,close,1.83705,0.016564
NQ,2024-08-20,Bmirror,1,1,1,1163,stop,-1.04830,0.016564
NQ,2024-08-21,B,1,1,-1,1022,close,3.72211,0.016569
NQ,2024-08-21,Bmirror,-1,1,-1,1022,stop,-1.04828,0.016569
NQ,2024-08-22,A,1,1,1,1003,target,0.73011,0.015986
NQ,2024-08-23,A,-1,1,-1,902,target,0.73000,0.016189
NQ,2024-08-23,B,1,1,-1,951,stop,-1.04942,0.016189
NQ,2024-08-23,Bmirror,-1,1,-1,951,stop,-1.04942,0.016189
NQ,2024-08-28,A,1,1,1,972,target,0.73012,0.016000
NQ,2024-08-29,A,-1,1,-1,553,stop,-1.01032,0.015681
NQ,2024-08-30,B,1,1,1,991,stop,-1.05120,0.015625
NQ,2024-08-30,Bmirror,-1,1,1,991,stop,-1.05120,0.015625
NQ,2024-09-03,A,1,1,1,874,stop,-1.01013,0.015615
NQ,2024-09-03,B,-1,1,1,523,target,12.34877,0.015615
NQ,2024-09-03,Bmirror,1,1,1,523,stop,-1.05123,0.015615
NQ,2024-09-04,B,-1,1,-1,882,stop,-1.04798,0.016675
NQ,2024-09-04,Bmirror,1,1,-1,882,stop,-1.04798,0.016675
NQ,2024-09-05,B,-1,1,1,877,stop,-1.05185,0.015428
NQ,2024-09-05,Bmirror,1,1,1,877,stop,-1.05185,0.015428
NQ,2024-09-06,A,1,-1,-1,500,target,0.72840,0.013650
NQ,2024-09-06,B,-1,-1,-1,827,stop,-1.05861,0.013650
NQ,2024-09-06,Bmirror,1,-1,-1,827,stop,-1.05861,0.013650
NQ,2024-09-09,A,-1,-1,1,528,target,0.72860,0.014180
NQ,2024-09-10,B,-1,-1,1,770,stop,-1.05565,0.014375
NQ,2024-09-10,Bmirror,1,-1,1,770,stop,-1.05565,0.014375
NQ,2024-09-11,A,1,-1,1,930,target,0.72898,0.014362
NQ,2024-09-11,A,-1,-1,1,1127,stop,-1.01126,0.014362
NQ,2024-09-11,B,-1,-1,1,797,stop,-1.05570,0.014362
NQ,2024-09-11,Bmirror,1,-1,1,797,stop,-1.05570,0.014362
NQ,2024-09-12,A,-1,-1,1,1131,close,0.25551,0.014582
NQ,2024-09-16,A,1,-1,-1,934,target,0.72803,0.013238
NQ,2024-09-17,B,1,-1,-1,1043,stop,-1.06038,0.013250
NQ,2024-09-17,Bmirror,-1,-1,-1,1043,stop,-1.06038,0.013250
NQ,2024-09-18,A,-1,-1,1,1140,target,0.72714,0.012559
NQ,2024-09-19,A,-1,-1,-1,274,stop,-1.01286,0.012561
NQ,2024-09-20,A,1,1,1,975,target,0.72710,0.012294
NQ,2024-09-23,B,1,1,1,490,stop,-1.06506,0.012297
NQ,2024-09-23,Bmirror,-1,1,1,490,stop,-1.06506,0.012297
NQ,2024-09-24,B,1,1,1,730,stop,-1.06597,0.012126
NQ,2024-09-24,Bmirror,-1,1,1,730,stop,-1.06597,0.012126
NQ,2024-09-25,B,-1,1,1,873,stop,-1.06576,0.012165
NQ,2024-09-25,Bmirror,1,1,1,873,stop,-1.06576,0.012165
NQ,2024-09-26,A,-1,1,1,421,target,0.72668,0.012117
NQ,2024-09-26,B,1,1,1,955,stop,-1.06603,0.012117
NQ,2024-09-26,Bmirror,-1,1,1,955,stop,-1.06603,0.012117
NQ,2024-09-27,A,1,1,1,1171,close,0.08552,0.011810
NQ,2024-09-27,B,-1,1,1,809,stop,-1.06774,0.011810
NQ,2024-09-27,Bmirror,1,1,1,809,stop,-1.06774,0.011810
NQ,2024-09-30,A,1,1,1,1164,target,0.72662,0.011854
NQ,2024-09-30,B,-1,1,1,523,stop,-1.06749,0.011854
NQ,2024-09-30,Bmirror,1,1,1,523,stop,-1.06749,0.011854
NQ,2024-10-01,A,1,1,-1,887,stop,-1.01356,0.011698
NQ,2024-10-01,B,1,1,-1,400,stop,-1.06839,0.011698
NQ,2024-10-01,Bmirror,-1,1,-1,400,stop,-1.06839,0.011698
NQ,2024-10-02,B,1,1,-1,871,stop,-1.06629,0.012068
NQ,2024-10-02,Bmirror,-1,1,-1,871,stop,-1.06629,0.012068
NQ,2024-10-03,A,1,1,1,509,target,0.72614,0.011450
NQ,2024-10-03,B,-1,1,1,896,stop,-1.06987,0.011450
NQ,2024-10-03,Bmirror,1,1,1,896,stop,-1.06987,0.011450
NQ,2024-10-04,A,-1,1,-1,810,stop,-1.01432,0.011267
NQ,2024-10-04,B,1,1,-1,480,target,12.32900,0.011267
NQ,2024-10-04,Bmirror,-1,1,-1,480,stop,-1.07100,0.011267
NQ,2024-10-07,A,1,1,1,609,target,0.72600,0.011333
NQ,2024-10-08,A,-1,1,-1,893,stop,-1.01388,0.011630
NQ,2024-10-09,A,-1,1,1,1014,target,0.72398,0.010060
NQ,2024-10-09,B,-1,1,1,710,stop,-1.07952,0.010060
NQ,2024-10-09,Bmirror,1,1,1,710,stop,-1.07952,0.010060
NQ,2024-10-10,B,-1,1,1,999,stop,-1.07912,0.010111
NQ,2024-10-10,Bmirror,1,1,1,999,stop,-1.07912,0.010111
NQ,2024-10-11,B,-1,1,-1,911,stop,-1.07937,0.010079
NQ,2024-10-11,Bmirror,1,1,-1,911,stop,-1.07937,0.010079
NQ,2024-10-14,A,-1,1,1,856,stop,-1.01949,0.008259
NQ,2024-10-15,A,1,1,1,930,stop,-1.01982,0.008024
NQ,2024-10-15,B,-1,1,1,798,stop,-1.09969,0.008024
NQ,2024-10-15,Bmirror,1,1,1,798,stop,-1.09969,0.008024
NQ,2024-10-16,A,1,1,-1,891,target,0.72128,0.008492
NQ,2024-10-16,B,-1,1,-1,1080,stop,-1.09421,0.008492
NQ,2024-10-16,Bmirror,1,1,-1,1080,stop,-1.09421,0.008492
NQ,2024-10-17,A,-1,1,-1,457,stop,-1.02076,0.007751
NQ,2024-10-18,A,-1,1,1,910,target,0.71883,0.007601
NQ,2024-10-18,B,-1,1,1,428,stop,-1.10525,0.007601
NQ,2024-10-18,Bmirror,1,1,1,428,close,4.96373,0.007601
NQ,2024-10-21,A,1,1,1,632,target,0.71906,0.007598
NQ,2024-10-21,B,-1,1,1,906,stop,-1.10529,0.007598
NQ,2024-10-21,Bmirror,1,1,1,906,stop,-1.10529,0.007598
NQ,2024-10-22,A,1,1,1,622,target,0.71901,0.007578
NQ,2024-10-22,B,-1,1,1,906,stop,-1.10556,0.007578
NQ,2024-10-22,Bmirror,1,1,1,906,stop,-1.10556,0.007578
NQ,2024-10-23,A,1,1,-1,904,target,0.71903,0.007587
NQ,2024-10-24,A,-1,1,-1,730,target,0.71957,0.007878
NQ,2024-10-24,B,1,1,-1,1007,stop,-1.10155,0.007878
NQ,2024-10-24,Bmirror,-1,1,-1,1007,stop,-1.10155,0.007878
NQ,2024-10-25,A,-1,1,1,830,stop,-1.02253,0.007140
NQ,2024-10-28,B,1,1,1,724,stop,-1.11078,0.007221
NQ,2024-10-28,Bmirror,-1,1,1,724,stop,-1.11078,0.007221
NQ,2024-10-29,A,-1,1,-1,941,stop,-1.02209,0.007281
NQ,2024-10-29,B,-1,1,-1,335,stop,-1.10987,0.007281
NQ,2024-10-29,Bmirror,1,1,-1,335,stop,-1.10987,0.007281
NQ,2024-10-30,A,1,1,1,810,stop,-1.02128,0.007479
NQ,2024-10-31,A,1,1,-1,482,target,0.72022,0.008042
NQ,2024-11-01,A,-1,-1,-1,852,stop,-1.01882,0.008557
NQ,2024-11-01,B,1,-1,-1,809,target,12.30651,0.008557
NQ,2024-11-01,Bmirror,-1,-1,-1,809,stop,-1.09349,0.008557
NQ,2024-11-04,B,1,-1,-1,526,stop,-1.09438,0.008477
NQ,2024-11-04,Bmirror,-1,-1,-1,526,stop,-1.09438,0.008477
NQ,2024-11-05,A,-1,-1,-1,874,stop,-1.01898,0.008483
NQ,2024-11-06,A,-1,-1,1,141,stop,-1.01947,0.008268
NQ,2024-11-07,A,-1,1,1,872,stop,-1.01710,0.009423
NQ,2024-11-08,B,-1,1,1,873,stop,-1.08228,0.009722
NQ,2024-11-08,Bmirror,1,1,1,873,stop,-1.08228,0.009722
NQ,2024-11-11,A,1,1,1,1080,target,0.72345,0.009596
NQ,2024-11-12,A,1,1,-1,1078,target,0.72275,0.009212
NQ,2024-11-12,B,-1,1,-1,801,stop,-1.08685,0.009212
NQ,2024-11-12,Bmirror,1,1,-1,801,stop,-1.08685,0.009212
NQ,2024-11-13,B,1,1,-1,852,stop,-1.09028,0.008861
NQ,2024-11-13,Bmirror,-1,1,-1,852,stop,-1.09028,0.008861
NQ,2024-11-14,A,1,1,1,1052,target,0.72190,0.008784
NQ,2024-11-14,B,-1,1,1,515,stop,-1.09107,0.008784
NQ,2024-11-14,Bmirror,1,1,1,515,stop,-1.09107,0.008784
NQ,2024-11-15,A,1,1,-1,500,stop,-1.01762,0.009020
NQ,2024-11-18,A,-1,1,1,997,target,0.72368,0.009878
NQ,2024-11-18,B,1,1,1,574,stop,-1.08099,0.009878
NQ,2024-11-18,Bmirror,-1,1,1,574,stop,-1.08099,0.009878
NQ,2024-11-19,A,1,1,1,829,target,0.72370,0.009744
NQ,2024-11-19,A,-1,1,1,1126,close,0.10374,0.009744
NQ,2024-11-19,B,-1,1,1,936,stop,-1.08210,0.009744
NQ,2024-11-19,Bmirror,1,1,1,936,close,6.71650,0.009744
NQ,2024-11-20,A,1,1,1,882,stop,-1.01671,0.009509
NQ,2024-11-21,A,1,1,-1,448,target,0.72330,0.009514
NQ,2024-11-21,A,-1,1,-1,871,target,0.72306,0.009514
NQ,2024-11-21,B,-1,1,-1,724,stop,-1.08409,0.009514
NQ,2024-11-21,Bmirror,1,1,-1,724,stop,-1.08409,0.009514
NQ,2024-11-22,B,-1,1,1,720,stop,-1.08424,0.009497
NQ,2024-11-22,Bmirror,1,1,1,720,stop,-1.08424,0.009497
NQ,2024-11-25,A,1,1,1,1066,target,0.72331,0.009518
NQ,2024-11-25,B,1,1,1,893,stop,-1.08406,0.009518
NQ,2024-11-25,Bmirror,-1,1,1,893,stop,-1.08406,0.009518
NQ,2024-11-26,A,-1,1,-1,872,target,0.72315,0.009564
NQ,2024-11-26,B,-1,1,-1,95,stop,-1.08364,0.009564
NQ,2024-11-26,Bmirror,1,1,-1,95,close,8.50875,0.009564
NQ,2024-11-27,A,1,1,1,901,stop,-1.01649,0.009634
NQ,2024-11-29,B,-1,1,1,892,stop,-1.08407,0.009516
NQ,2024-11-29,Bmirror,1,1,1,892,close,5.25073,0.009516
NQ,2024-12-02,A,-1,-1,-1,873,stop,-1.01699,0.009482
NQ,2024-12-03,B,-1,1,1,901,stop,-1.08289,0.009651
NQ,2024-12-03,Bmirror,1,1,1,901,stop,-1.08289,0.009651
NQ,2024-12-04,A,-1,1,1,935,close,-0.36899,0.009482
NQ,2024-12-06,A,-1,1,-1,887,close,-0.53723,0.008383
NQ,2024-12-09,A,1,1,1,938,close,-0.40985,0.008409
NQ,2024-12-10,A,-1,1,-1,909,target,0.72129,0.008606
NQ,2024-12-10,B,1,1,-1,992,stop,-1.09296,0.008606
NQ,2024-12-10,Bmirror,-1,1,-1,992,stop,-1.09296,0.008606
NQ,2024-12-11,A,-1,1,-1,845,stop,-1.01914,0.008412
NQ,2024-12-12,A,1,1,1,912,target,0.71882,0.007513
NQ,2024-12-13,A,-1,1,-1,882,target,0.71712,0.007028
NQ,2024-12-13,B,1,1,-1,941,stop,-1.11383,0.007028
NQ,2024-12-13,Bmirror,-1,1,-1,941,stop,-1.11383,0.007028
NQ,2024-12-16,A,-1,1,1,805,stop,-1.02294,0.007010
NQ,2024-12-17,A,1,1,1,877,target,0.71833,0.007342
NQ,2024-12-17,B,-1,1,1,634,stop,-1.10896,0.007342
NQ,2024-12-17,Bmirror,1,1,1,634,stop,-1.10896,0.007342
NQ,2024-12-18,A,1,1,-1,1147,stop,-1.02154,0.007386
NQ,2024-12-18,B,1,1,-1,850,stop,-1.10831,0.007386
NQ,2024-12-18,Bmirror,-1,1,-1,850,stop,-1.10831,0.007386
NQ,2024-12-19,A,-1,1,-1,738,target,0.72377,0.009929
NQ,2024-12-19,B,1,1,-1,159,stop,-1.08057,0.009929
NQ,2024-12-19,Bmirror,-1,1,-1,159,stop,-1.08057,0.009929
NQ,2024-12-20,A,1,1,-1,224,target,0.72373,0.009762
NQ,2024-12-20,A,-1,1,-1,932,stop,-1.01651,0.009762
NQ,2024-12-20,B,-1,1,-1,923,stop,-1.08195,0.009762
NQ,2024-12-20,Bmirror,1,1,-1,923,target,12.31805,0.009762
NQ,2024-12-23,A,1,1,1,910,target,0.72242,0.009040
NQ,2024-12-23,B,1,1,1,560,stop,-1.08849,0.009040
NQ,2024-12-23,Bmirror,-1,1,1,560,stop,-1.08849,0.009040
NQ,2024-12-24,A,-1,1,1,888,stop,-1.01780,0.009047
NQ,2024-12-26,A,1,1,1,603,target,0.72281,0.009245
NQ,2024-12-26,B,-1,1,1,1034,close,3.56840,0.009245
NQ,2024-12-26,Bmirror,1,1,1,1034,stop,-1.08653,0.009245
NQ,2024-12-27,A,1,1,-1,867,stop,-1.01713,0.009275
NQ,2024-12-30,A,1,1,-1,759,stop,-1.01654,0.009606
NQ,2024-12-31,A,1,-1,-1,1056,target,0.72401,0.009935
NQ,2024-12-31,B,1,-1,-1,878,stop,-1.08052,0.009935
NQ,2024-12-31,Bmirror,-1,-1,-1,878,stop,-1.08052,0.009935
NQ,2025-01-02,A,1,-1,1,1051,stop,-1.01612,0.009854
NQ,2025-01-02,A,-1,-1,1,493,target,0.72364,0.009854
NQ,2025-01-02,B,-1,-1,1,62,stop,-1.08119,0.009854
NQ,2025-01-02,Bmirror,1,-1,1,62,stop,-1.08119,0.009854
NQ,2025-01-03,A,-1,-1,-1,871,stop,-1.01630,0.009885
NQ,2025-01-06,A,-1,-1,1,619,stop,-1.01578,0.010217
NQ,2025-01-07,A,1,-1,1,902,stop,-1.01557,0.010198
NQ,2025-01-07,B,-1,-1,1,549,stop,-1.07845,0.010198
NQ,2025-01-07,Bmirror,1,-1,1,549,stop,-1.07845,0.010198
NQ,2025-01-08,A,1,-1,-1,753,target,0.72510,0.010651
NQ,2025-01-08,B,-1,-1,-1,812,stop,-1.07511,0.010651
NQ,2025-01-08,Bmirror,1,-1,-1,812,stop,-1.07511,0.010651
NQ,2025-01-09,B,-1,-1,-1,600,close,0.44359,0.010552
NQ,2025-01-09,Bmirror,1,-1,-1,600,stop,-1.07582,0.010552
NQ,2025-01-10,A,1,-1,-1,810,target,0.72497,0.010561
NQ,2025-01-10,B,1,-1,-1,421,stop,-1.07575,0.010561
NQ,2025-01-10,Bmirror,-1,-1,-1,421,stop,-1.07575,0.010561
NQ,2025-01-13,A,1,-1,1,502,stop,-1.01498,0.010599
NQ,2025-01-14,A,1,-1,1,964,target,0.72493,0.010531
NQ,2025-01-14,B,1,-1,1,706,stop,-1.07596,0.010531
NQ,2025-01-14,Bmirror,-1,-1,1,706,stop,-1.07596,0.010531
NQ,2025-01-15,A,-1,-1,-1,810,stop,-1.01528,0.010552
NQ,2025-01-16,B,1,-1,1,874,stop,-1.07302,0.010955
NQ,2025-01-16,Bmirror,-1,-1,1,874,stop,-1.07302,0.010955
NQ,2025-01-17,A,-1,-1,-1,792,stop,-1.01461,0.011041
NQ,2025-01-20,A,-1,-1,-1,870,target,0.72594,0.011473
NQ,2025-01-20,B,1,-1,-1,810,close,5.67716,0.011473
NQ,2025-01-20,Bmirror,-1,-1,-1,810,stop,-1.06973,0.011473
NQ,2025-01-21,A,1,1,1,53,stop,-1.01406,0.011283
NQ,2025-01-21,B,-1,1,1,840,stop,-1.07091,0.011283
NQ,2025-01-21,Bmirror,1,1,1,840,stop,-1.07091,0.011283
NQ,2025-01-22,A,-1,1,1,890,close,0.05207,0.011291
NQ,2025-01-23,B,-1,1,1,993,stop,-1.08613,0.009288
NQ,2025-01-23,Bmirror,1,1,1,993,stop,-1.08613,0.009288
NQ,2025-01-24,A,1,1,1,1147,close,0.47015,0.009258
NQ,2025-01-27,A,1,1,-1,102,stop,-1.01696,0.009369
NQ,2025-01-28,A,1,-1,-1,884,target,0.72371,0.009750
NQ,2025-01-28,A,-1,-1,-1,929,target,0.72347,0.009750
NQ,2025-01-28,B,-1,-1,-1,213,stop,-1.08205,0.009750
NQ,2025-01-28,Bmirror,1,-1,-1,213,stop,-1.08205,0.009750
NQ,2025-01-29,A,1,1,1,1083,target,0.72341,0.009574
NQ,2025-01-29,B,1,1,1,873,stop,-1.08356,0.009574
NQ,2025-01-29,Bmirror,-1,1,1,873,stop,-1.08356,0.009574
NQ,2025-01-30,A,-1,-1,-1,498,target,0.72317,0.009572
NQ,2025-01-30,B,1,-1,-1,929,stop,-1.08358,0.009572
NQ,2025-01-30,Bmirror,-1,-1,-1,929,stop,-1.08358,0.009572
NQ,2025-01-31,A,1,1,1,1229,target,0.72358,0.009675
NQ,2025-01-31,A,-1,1,1,894,stop,-1.01666,0.009675
NQ,2025-01-31,B,1,1,1,1147,stop,-1.08269,0.009675
NQ,2025-01-31,Bmirror,-1,1,1,1147,stop,-1.08269,0.009675
NQ,2025-02-03,A,-1,-1,-1,878,target,0.72414,0.010162
NQ,2025-02-03,B,-1,-1,-1,35,stop,-1.07872,0.010162
NQ,2025-02-03,Bmirror,1,-1,-1,35,stop,-1.07872,0.010162
NQ,2025-02-04,A,1,1,1,304,stop,-1.01497,0.010604
NQ,2025-02-04,B,-1,1,1,898,stop,-1.07544,0.010604
NQ,2025-02-04,Bmirror,1,1,1,898,close,0.66272,0.010604
NQ,2025-02-05,A,-1,1,1,1020,close,-0.36390,0.010511
NQ,2025-02-05,B,-1,1,1,876,stop,-1.07611,0.010511
NQ,2025-02-05,Bmirror,1,1,1,876,stop,-1.07611,0.010511
NQ,2025-02-07,A,1,1,1,953,stop,-1.01498,0.010595
NQ,2025-02-07,B,1,1,1,900,stop,-1.07551,0.010595
NQ,2025-02-07,Bmirror,-1,1,1,900,stop,-1.07551,0.010595
NQ,2025-02-10,A,-1,1,1,901,close,-0.29758,0.010537
NQ,2025-02-11,B,-1,1,1,876,stop,-1.07684,0.010411
NQ,2025-02-11,Bmirror,1,1,1,876,stop,-1.07684,0.010411
NQ,2025-02-12,A,1,1,1,810,stop,-1.01606,0.009889
NQ,2025-02-12,B,-1,1,1,1074,stop,-1.08090,0.009889
NQ,2025-02-12,Bmirror,1,1,1,1074,stop,-1.08090,0.009889
NQ,2025-02-13,A,-1,1,1,942,target,0.72367,0.009871
NQ,2025-02-13,B,-1,1,1,810,stop,-1.08104,0.009871
NQ,2025-02-13,Bmirror,1,1,1,810,stop,-1.08104,0.009871
NQ,2025-02-18,B,1,1,1,884,stop,-1.08274,0.009669
NQ,2025-02-18,Bmirror,-1,1,1,884,stop,-1.08274,0.009669
NQ,2025-02-19,B,-1,1,1,1024,stop,-1.08339,0.009593
NQ,2025-02-19,Bmirror,1,1,1,1024,stop,-1.08339,0.009593
NQ,2025-02-20,A,1,1,-1,893,stop,-1.01792,0.008870
NQ,2025-02-20,B,-1,1,-1,608,target,12.30981,0.008870
NQ,2025-02-20,Bmirror,1,1,-1,608,stop,-1.09019,0.008870
NQ,2025-02-21,A,1,1,-1,924,stop,-1.01823,0.008719
NQ,2025-02-21,B,1,1,-1,870,stop,-1.09176,0.008719
NQ,2025-02-21,Bmirror,-1,1,-1,870,stop,-1.09176,0.008719
NQ,2025-02-24,A,1,1,1,893,stop,-1.01708,0.009304
NQ,2025-02-25,A,1,-1,-1,892,stop,-1.01643,0.009669
NQ,2025-02-25,B,-1,-1,-1,491,stop,-1.08274,0.009669
NQ,2025-02-25,Bmirror,1,-1,-1,491,stop,-1.08274,0.009669
NQ,2025-02-26,A,1,1,-1,1147,target,0.72364,0.009710
NQ,2025-02-26,A,-1,1,-1,961,target,0.72340,0.009710
NQ,2025-02-26,B,1,1,-1,857,stop,-1.08239,0.009710
NQ,2025-02-26,Bmirror,-1,1,-1,857,stop,-1.08239,0.009710
NQ,2025-02-27,A,1,-1,-1,895,stop,-1.01655,0.009599
NQ,2025-02-27,A,-1,-1,-1,729,target,0.72321,0.009599
NQ,2025-02-27,B,-1,-1,-1,147,stop,-1.08334,0.009599
NQ,2025-02-27,Bmirror,1,-1,-1,147,stop,-1.08334,0.009599
NQ,2025-02-28,A,1,-1,-1,871,target,0.72494,0.010539
NQ,2025-02-28,A,-1,-1,-1,1251,stop,-1.01530,0.010539
NQ,2025-02-28,B,-1,-1,-1,514,stop,-1.07591,0.010539
NQ,2025-02-28,Bmirror,1,-1,-1,514,stop,-1.07591,0.010539
NQ,2025-03-03,A,1,-1,1,900,target,0.72512,0.010665
NQ,2025-03-03,B,-1,-1,1,319,stop,-1.07501,0.010665
NQ,2025-03-03,Bmirror,1,-1,1,319,stop,-1.07501,0.010665
NQ,2025-03-04,A,1,-1,-1,745,stop,-1.01442,0.011002
NQ,2025-03-04,A,-1,-1,-1,1210,target,0.72534,0.011002
NQ,2025-03-04,B,-1,-1,-1,1136,stop,-1.07272,0.011002
NQ,2025-03-04,Bmirror,1,-1,-1,1136,stop,-1.07272,0.011002
NQ,2025-03-05,A,1,-1,1,808,stop,-1.01464,0.010838
NQ,2025-03-05,B,-1,-1,1,506,stop,-1.07382,0.010838
NQ,2025-03-05,Bmirror,1,-1,1,506,stop,-1.07382,0.010838
NQ,2025-03-06,A,1,-1,1,539,stop,-1.01463,0.010847
NQ,2025-03-07,A,1,-1,-1,931,stop,-1.01411,0.011244
NQ,2025-03-07,B,-1,-1,-1,810,stop,-1.07115,0.011244
NQ,2025-03-07,Bmirror,1,-1,-1,810,stop,-1.07115,0.011244
NQ,2025-03-10,A,1,-1,-1,751,stop,-1.01476,0.010757
NQ,2025-03-10,B,1,-1,-1,496,stop,-1.07437,0.010757
NQ,2025-03-10,Bmirror,-1,-1,-1,496,stop,-1.07437,0.010757
NQ,2025-03-11,A,-1,-1,-1,187,target,0.72611,0.011619
NQ,2025-03-11,B,-1,-1,-1,125,stop,-1.06885,0.011619
NQ,2025-03-11,Bmirror,1,-1,-1,125,stop,-1.06885,0.011619
NQ,2025-03-12,A,-1,-1,1,750,stop,-1.01366,0.011820
NQ,2025-03-12,B,-1,-1,1,472,stop,-1.06768,0.011820
NQ,2025-03-12,Bmirror,1,-1,1,472,stop,-1.06768,0.011820
NQ,2025-03-13,A,1,-1,1,270,target,0.72662,0.011852
NQ,2025-03-14,A,-1,-1,-1,752,target,0.72657,0.012016
NQ,2025-03-17,A,-1,-1,-1,761,target,0.72693,0.012352
NQ,2025-03-18,A,1,-1,1,814,stop,-1.01265,0.012527
NQ,2025-03-18,B,-1,-1,1,511,target,12.33614,0.012527
NQ,2025-03-18,Bmirror,1,-1,1,511,stop,-1.06386,0.012527
NQ,2025-03-19,A,-1,-1,-1,847,target,0.72727,0.012690
NQ,2025-03-19,B,1,-1,-1,824,target,12.33696,0.012690
NQ,2025-03-19,Bmirror,-1,-1,-1,824,stop,-1.06304,0.012690
NQ,2025-03-20,A,1,-1,1,615,target,0.72797,0.013167
NQ,2025-03-20,B,-1,-1,1,857,stop,-1.06076,0.013167
NQ,2025-03-20,Bmirror,1,-1,1,857,stop,-1.06076,0.013167
NQ,2025-03-21,A,1,-1,-1,763,target,0.72781,0.012997
NQ,2025-03-21,B,-1,-1,-1,1017,stop,-1.06155,0.012997
NQ,2025-03-21,Bmirror,1,-1,-1,1017,stop,-1.06155,0.012997
NQ,2025-03-24,A,-1,-1,1,827,close,-0.44485,0.013095
NQ,2025-03-26,A,1,-1,1,837,stop,-1.01172,0.013512
NQ,2025-03-27,B,-1,-1,-1,834,stop,-1.05722,0.013980
NQ,2025-03-27,Bmirror,1,-1,-1,834,stop,-1.05722,0.013980
NQ,2025-03-28,A,1,-1,-1,848,stop,-1.01133,0.013979
NQ,2025-03-28,B,-1,-1,-1,641,target,12.34277,0.013979
NQ,2025-03-28,Bmirror,1,-1,-1,641,stop,-1.05723,0.013979
NQ,2025-03-31,A,1,-1,-1,872,target,0.72892,0.014287
NQ,2025-03-31,B,-1,-1,-1,1091,stop,-1.05600,0.014287
NQ,2025-03-31,Bmirror,1,-1,-1,1091,stop,-1.05600,0.014287
NQ,2025-04-01,A,-1,-1,1,974,target,0.72858,0.014157
NQ,2025-04-01,B,1,-1,1,691,stop,-1.05651,0.014157
NQ,2025-04-01,Bmirror,-1,-1,1,691,stop,-1.05651,0.014157
NQ,2025-04-02,A,1,-1,1,777,target,0.72906,0.014467
NQ,2025-04-02,A,-1,-1,1,1088,target,0.72882,0.014467
NQ,2025-04-02,B,-1,-1,1,980,stop,-1.05530,0.014467
NQ,2025-04-02,Bmirror,1,-1,1,980,stop,-1.05530,0.014467
NQ,2025-04-03,A,1,-1,-1,967,target,0.72990,0.015653
NQ,2025-04-03,A,-1,-1,-1,572,target,0.72966,0.015653
NQ,2025-04-03,B,1,-1,-1,817,stop,-1.05111,0.015653
NQ,2025-04-03,Bmirror,-1,-1,-1,817,stop,-1.05111,0.015653
NQ,2025-04-04,A,1,-1,-1,670,stop,-1.01034,0.015296
NQ,2025-04-04,B,-1,-1,-1,420,stop,-1.05230,0.015296
NQ,2025-04-04,Bmirror,1,-1,-1,420,stop,-1.05230,0.015296
NQ,2025-04-07,A,-1,-1,-1,141,target,0.73180,0.019796
NQ,2025-04-07,B,-1,-1,-1,27,stop,-1.04041,0.019796
NQ,2025-04-07,Bmirror,1,-1,-1,27,stop,-1.04041,0.019796
NQ,2025-04-08,A,1,-1,1,1196,stop,-1.00673,0.023353
NQ,2025-04-08,A,-1,-1,1,790,stop,-1.00697,0.023353
NQ,2025-04-08,B,1,-1,1,1058,stop,-1.03426,0.023353
NQ,2025-04-08,Bmirror,-1,-1,1,1058,stop,-1.03426,0.023353
NQ,2025-04-09,A,1,-1,-1,331,target,0.73347,0.024083
NQ,2025-04-09,A,-1,-1,-1,482,target,0.73324,0.024083
NQ,2025-04-09,B,-1,-1,-1,169,stop,-1.03322,0.024083
NQ,2025-04-09,Bmirror,1,-1,-1,169,stop,-1.03322,0.024083
NQ,2025-04-10,A,1,-1,1,564,stop,-1.00461,0.033811
NQ,2025-04-11,B,-1,-1,-1,263,stop,-1.02321,0.034467
NQ,2025-04-11,Bmirror,1,-1,-1,263,stop,-1.02321,0.034467
NQ,2025-04-14,B,1,-1,1,989,stop,-1.02309,0.034644
NQ,2025-04-14,Bmirror,-1,-1,1,989,stop,-1.02309,0.034644
NQ,2025-04-16,A,1,-1,-1,1178,close,0.29539,0.034016
NQ,2025-04-16,B,-1,-1,-1,580,stop,-1.02352,0.034016
NQ,2025-04-16,Bmirror,1,-1,-1,580,stop,-1.02352,0.034016
NQ,2025-04-17,B,1,-1,-1,875,stop,-1.02348,0.034066
NQ,2025-04-17,Bmirror,-1,-1,-1,875,stop,-1.02348,0.034066
NQ,2025-04-21,A,1,-1,-1,995,close,0.24938,0.033828
NQ,2025-04-22,A,-1,-1,-1,957,close,-0.08799,0.034004
NQ,2025-04-23,B,1,-1,1,1040,close,1.32806,0.035136
NQ,2025-04-23,Bmirror,-1,-1,1,1040,stop,-1.02277,0.035136
NQ,2025-04-24,A,-1,-1,1,1170,close,-0.14915,0.035057
NQ,2025-04-30,B,-1,1,1,1147,stop,-1.02267,0.035290
NQ,2025-04-30,Bmirror,1,1,1,1147,stop,-1.02267,0.035290
NQ,2025-05-06,B,-1,1,-1,1034,close,2.30978,0.034945
NQ,2025-05-06,Bmirror,1,1,-1,1034,stop,-1.02289,0.034945
NQ,2025-05-12,A,-1,1,1,503,close,-0.23126,0.031872
NQ,2025-05-19,A,1,1,-1,560,target,0.72866,0.013958
NQ,2025-05-19,B,-1,1,-1,888,stop,-1.05731,0.013958
NQ,2025-05-19,Bmirror,1,1,-1,888,close,5.09322,0.013958
NQ,2025-05-21,A,1,1,-1,1110,target,0.72860,0.013886
NQ,2025-05-21,B,-1,1,-1,892,stop,-1.05761,0.013886
NQ,2025-05-21,Bmirror,1,1,-1,892,stop,-1.05761,0.013886
NQ,2025-05-23,A,1,1,1,764,stop,-1.01170,0.013540
NQ,2025-05-27,A,-1,1,1,1035,close,-0.43534,0.012670
NQ,2025-05-27,B,1,1,1,874,stop,-1.06314,0.012670
NQ,2025-05-27,Bmirror,-1,1,1,874,stop,-1.06314,0.012670
NQ,2025-05-28,B,1,1,1,890,stop,-1.07981,0.010024
NQ,2025-05-28,Bmirror,-1,1,1,890,stop,-1.07981,0.010024
NQ,2025-05-29,A,1,1,1,907,target,0.72415,0.010019
NQ,2025-05-29,A,-1,1,1,15,stop,-1.01609,0.010019
NQ,2025-05-29,B,1,1,1,872,stop,-1.07985,0.010019
NQ,2025-05-29,Bmirror,-1,1,1,872,stop,-1.07985,0.010019
NQ,2025-05-30,A,1,1,-1,1048,stop,-1.01736,0.009154
NQ,2025-05-30,B,-1,1,-1,184,stop,-1.08739,0.009154
NQ,2025-05-30,Bmirror,1,1,-1,184,stop,-1.08739,0.009154
NQ,2025-06-02,A,1,1,-1,508,target,0.72249,0.009078
NQ,2025-06-02,A,-1,1,-1,879,target,0.72226,0.009078
NQ,2025-06-02,B,-1,1,-1,870,stop,-1.08812,0.009078
NQ,2025-06-02,Bmirror,1,1,-1,870,stop,-1.08812,0.009078
NQ,2025-06-03,A,-1,1,1,960,close,-0.26941,0.009154
NQ,2025-06-03,B,-1,1,1,757,stop,-1.08739,0.009154
NQ,2025-06-03,Bmirror,1,1,1,757,close,8.57165,0.009154
NQ,2025-06-04,B,1,1,1,900,stop,-1.08692,0.009204
NQ,2025-06-04,Bmirror,-1,1,1,900,stop,-1.08692,0.009204
NQ,2025-06-05,A,1,1,1,1215,stop,-1.01797,0.008845
NQ,2025-06-05,A,-1,1,1,829,target,0.72179,0.008845
NQ,2025-06-05,B,1,1,1,734,stop,-1.09044,0.008845
NQ,2025-06-05,Bmirror,-1,1,1,734,stop,-1.09044,0.008845
NQ,2025-06-06,A,-1,1,-1,810,stop,-1.01798,0.008959
NQ,2025-06-09,A,-1,1,-1,932,target,0.72099,0.008469
NQ,2025-06-10,A,-1,1,1,153,target,0.72076,0.008366
NQ,2025-06-10,B,1,1,1,383,stop,-1.09562,0.008366
NQ,2025-06-10,Bmirror,-1,1,1,383,stop,-1.09562,0.008366
NQ,2025-06-11,A,1,1,1,1144,target,0.72106,0.008395
NQ,2025-06-11,B,-1,1,1,784,stop,-1.09529,0.008395
NQ,2025-06-11,Bmirror,1,1,1,784,stop,-1.09529,0.008395
NQ,2025-06-12,A,-1,1,-1,962,target,0.72079,0.008381
NQ,2025-06-12,B,-1,1,-1,384,stop,-1.09545,0.008381
NQ,2025-06-12,Bmirror,1,1,-1,384,stop,-1.09545,0.008381
NQ,2025-06-13,A,1,1,1,60,stop,-1.01926,0.008258
NQ,2025-06-16,A,-1,1,-1,530,stop,-1.01929,0.008348
NQ,2025-06-17,A,1,1,1,1129,close,0.05599,0.007361
NQ,2025-06-17,B,-1,1,1,116,stop,-1.10867,0.007361
NQ,2025-06-17,Bmirror,1,1,1,116,stop,-1.10867,0.007361
NQ,2025-06-18,A,-1,1,-1,97,stop,-1.02275,0.007071
NQ,2025-06-19,A,1,1,1,124,target,0.71738,0.007037
NQ,2025-06-20,A,1,1,-1,960,target,0.71743,0.007053
NQ,2025-06-20,A,-1,1,-1,813,stop,-1.02280,0.007053
NQ,2025-06-20,B,1,1,-1,925,stop,-1.11342,0.007053
NQ,2025-06-20,Bmirror,-1,1,-1,925,stop,-1.11342,0.007053
NQ,2025-06-23,A,-1,1,-1,494,target,0.71741,0.007121
NQ,2025-06-23,B,1,1,-1,874,target,12.28765,0.007121
NQ,2025-06-23,Bmirror,-1,1,-1,874,stop,-1.11235,0.007121
NQ,2025-06-24,A,-1,1,1,434,target,0.71971,0.007930
NQ,2025-06-25,A,-1,1,1,871,target,0.71984,0.007982
NQ,2025-06-25,B,1,1,1,1120,close,4.03515,0.007982
NQ,2025-06-25,Bmirror,-1,1,1,1120,stop,-1.10022,0.007982
NQ,2025-06-26,A,-1,1,1,931,stop,-1.02118,0.007597
NQ,2025-06-27,B,1,1,1,870,stop,-1.10333,0.007742
NQ,2025-06-27,Bmirror,-1,1,1,870,stop,-1.10333,0.007742
NQ,2025-06-30,B,1,1,1,874,stop,-1.10905,0.007336
NQ,2025-06-30,Bmirror,-1,1,1,874,stop,-1.10905,0.007336
NQ,2025-07-01,A,1,1,1,934,stop,-1.02169,0.007335
NQ,2025-07-02,A,1,1,-1,821,target,0.71807,0.007258
NQ,2025-07-02,A,-1,1,-1,965,close,-0.15443,0.007258
NQ,2025-07-02,B,-1,1,-1,886,stop,-1.11022,0.007258
NQ,2025-07-02,Bmirror,1,1,-1,886,stop,-1.11022,0.007258
NQ,2025-07-03,A,-1,1,1,870,stop,-1.02217,0.007256
NQ,2025-07-04,A,1,1,1,555,close,-0.33397,0.006973
NQ,2025-07-07,A,1,1,1,1041,target,0.71755,0.007089
NQ,2025-07-07,B,-1,1,1,294,stop,-1.11285,0.007089
NQ,2025-07-07,Bmirror,1,1,1,294,stop,-1.11285,0.007089
NQ,2025-07-08,A,-1,1,-1,535,target,0.71723,0.007065
NQ,2025-07-08,B,1,1,-1,953,close,3.59454,0.007065
NQ,2025-07-08,Bmirror,-1,1,-1,953,stop,-1.11324,0.007065
NQ,2025-07-09,A,-1,1,1,875,stop,-1.02314,0.006950
NQ,2025-07-09,B,-1,1,1,616,stop,-1.11511,0.006950
NQ,2025-07-09,Bmirror,1,1,1,616,target,12.28489,0.006950
NQ,2025-07-10,A,1,1,1,900,target,0.71727,0.007002
NQ,2025-07-10,B,-1,1,1,746,stop,-1.11425,0.007002
NQ,2025-07-10,Bmirror,1,1,1,746,stop,-1.11425,0.007002
NQ,2025-07-11,A,1,1,-1,83,stop,-1.02362,0.006739
NQ,2025-07-14,A,-1,1,-1,958,stop,-1.02450,0.006562
NQ,2025-07-14,B,-1,1,-1,536,stop,-1.12191,0.006562
NQ,2025-07-14,Bmirror,1,1,-1,536,stop,-1.12191,0.006562
NQ,2025-07-15,A,-1,1,1,169,target,0.71559,0.006586
NQ,2025-07-16,A,1,1,1,994,target,0.71556,0.006515
NQ,2025-07-16,B,-1,1,1,583,stop,-1.12280,0.006515
NQ,2025-07-16,Bmirror,1,1,1,583,stop,-1.12280,0.006515
NQ,2025-07-17,A,-1,1,1,450,target,0.71473,0.006362
NQ,2025-07-18,B,1,1,1,892,stop,-1.12263,0.006524
NQ,2025-07-18,Bmirror,-1,1,1,892,stop,-1.12263,0.006524
NQ,2025-07-21,A,-1,1,1,885,stop,-1.02617,0.006142
NQ,2025-07-21,B,1,1,1,836,stop,-1.13025,0.006142
NQ,2025-07-21,Bmirror,-1,1,1,836,stop,-1.13025,0.006142
NQ,2025-07-22,A,1,1,1,886,stop,-1.02660,0.005988
NQ,2025-07-22,B,-1,1,1,846,target,12.26640,0.005988
NQ,2025-07-22,Bmirror,1,1,1,846,stop,-1.13360,0.005988
NQ,2025-07-23,A,-1,1,-1,603,target,0.71264,0.005873
NQ,2025-07-23,B,1,1,-1,885,stop,-1.13621,0.005873
NQ,2025-07-23,Bmirror,-1,1,-1,885,stop,-1.13621,0.005873
NQ,2025-07-24,B,-1,1,1,870,stop,-1.13337,0.005998
NQ,2025-07-24,Bmirror,1,1,1,870,stop,-1.13337,0.005998
NQ,2025-07-25,B,-1,1,1,895,stop,-1.13439,0.005953
NQ,2025-07-25,Bmirror,1,1,1,895,stop,-1.13439,0.005953
NQ,2025-07-28,B,1,1,1,685,stop,-1.13900,0.005755
NQ,2025-07-28,Bmirror,-1,1,1,685,close,-0.49556,0.005755
NQ,2025-07-29,A,1,1,1,1002,target,0.70609,0.004702
NQ,2025-07-29,A,-1,1,1,662,target,0.70585,0.004702
NQ,2025-07-29,B,1,1,1,953,stop,-1.17013,0.004702
NQ,2025-07-29,Bmirror,-1,1,1,953,stop,-1.17013,0.004702
NQ,2025-07-30,A,1,1,-1,1200,target,0.70534,0.004601
NQ,2025-07-30,A,-1,1,-1,1120,target,0.70510,0.004601
NQ,2025-07-30,B,1,1,-1,573,stop,-1.17389,0.004601
NQ,2025-07-30,Bmirror,-1,1,-1,573,stop,-1.17389,0.004601
NQ,2025-07-31,A,1,1,1,877,target,0.70739,0.004889
NQ,2025-07-31,A,-1,1,1,508,target,0.70716,0.004889
NQ,2025-07-31,B,1,1,1,870,stop,-1.16362,0.004889
NQ,2025-07-31,Bmirror,-1,1,1,870,stop,-1.16362,0.004889
NQ,2025-08-01,A,1,1,-1,510,stop,-1.02699,0.005902
NQ,2025-08-01,B,-1,1,-1,103,stop,-1.13554,0.005902
NQ,2025-08-01,Bmirror,1,1,-1,103,stop,-1.13554,0.005902
NQ,2025-08-04,A,-1,-1,1,511,stop,-1.02379,0.006758
NQ,2025-08-05,A,1,1,1,943,stop,-1.02124,0.007492
NQ,2025-08-05,B,1,1,1,534,stop,-1.10678,0.007492
NQ,2025-08-05,Bmirror,-1,1,1,534,stop,-1.10678,0.007492
NQ,2025-08-06,A,-1,1,-1,493,target,0.71900,0.007662
NQ,2025-08-07,A,-1,1,1,656,target,0.72016,0.008115
NQ,2025-08-07,B,1,1,1,1060,stop,-1.09858,0.008115
NQ,2025-08-07,Bmirror,-1,1,1,1060,stop,-1.09858,0.008115
NQ,2025-08-08,A,-1,1,1,932,target,0.71990,0.008008
NQ,2025-08-12,A,-1,1,-1,815,target,0.71988,0.007999
NQ,2025-08-12,B,1,1,-1,900,target,12.29999,0.007999
NQ,2025-08-12,Bmirror,-1,1,-1,900,stop,-1.10001,0.007999
NQ,2025-08-13,B,1,1,1,965,stop,-1.09714,0.008235
NQ,2025-08-13,Bmirror,-1,1,1,965,stop,-1.09714,0.008235
NQ,2025-08-14,A,1,1,1,816,target,0.72058,0.008188
NQ,2025-08-14,B,-1,1,1,891,stop,-1.09771,0.008188
NQ,2025-08-14,Bmirror,1,1,1,891,stop,-1.09771,0.008188
NQ,2025-08-15,A,1,1,-1,1002,target,0.72062,0.008204
NQ,2025-08-19,A,1,1,-1,873,stop,-1.01953,0.008143
NQ,2025-08-20,A,1,1,-1,885,stop,-1.01836,0.008660
NQ,2025-08-21,A,1,-1,-1,900,target,0.72181,0.008740
NQ,2025-08-21,B,-1,-1,-1,923,stop,-1.09153,0.008740
NQ,2025-08-21,Bmirror,1,-1,-1,923,stop,-1.09153,0.008740
NQ,2025-08-22,A,1,-1,-1,462,target,0.72151,0.008597
NQ,2025-08-22,A,-1,-1,-1,900,stop,-1.01873,0.008597
NQ,2025-08-22,B,-1,-1,-1,560,stop,-1.09306,0.008597
NQ,2025-08-22,Bmirror,1,-1,-1,560,stop,-1.09306,0.008597
NQ,2025-08-25,B,-1,1,-1,949,stop,-1.08923,0.008966
NQ,2025-08-25,Bmirror,1,1,-1,949,stop,-1.08923,0.008966
NQ,2025-08-26,B,-1,1,-1,873,stop,-1.08941,0.008948
NQ,2025-08-26,Bmirror,1,1,-1,873,stop,-1.08941,0.008948
NQ,2025-08-27,B,-1,1,1,1007,stop,-1.09011,0.008878
NQ,2025-08-27,Bmirror,1,1,1,1007,stop,-1.09011,0.008878
NQ,2025-08-28,A,-1,1,-1,870,target,0.72166,0.008782
NQ,2025-08-29,A,1,1,1,885,stop,-1.01779,0.008933
NQ,2025-09-01,A,1,1,1,448,target,0.72273,0.009204
NQ,2025-09-02,A,1,-1,-1,531,stop,-1.01723,0.009222
NQ,2025-09-03,A,-1,-1,-1,943,target,0.72259,0.009252
NQ,2025-09-03,B,1,-1,-1,1145,close,5.32593,0.009252
NQ,2025-09-03,Bmirror,-1,-1,-1,1145,stop,-1.08647,0.009252
NQ,2025-09-04,A,-1,-1,1,1131,stop,-1.01778,0.009058
NQ,2025-09-04,B,1,-1,1,904,stop,-1.08832,0.009058
NQ,2025-09-04,Bmirror,-1,-1,1,904,stop,-1.08832,0.009058
NQ,2025-09-05,A,1,-1,1,958,target,0.72156,0.008623
NQ,2025-09-05,A,-1,-1,1,833,target,0.72133,0.008623
NQ,2025-09-05,B,1,-1,1,918,stop,-1.09278,0.008623
NQ,2025-09-05,Bmirror,-1,-1,1,918,stop,-1.09278,0.008623
NQ,2025-09-08,A,-1,-1,1,932,target,0.71973,0.007938
NQ,2025-09-09,B,-1,1,1,1035,stop,-1.10953,0.007304
NQ,2025-09-09,Bmirror,1,1,1,1035,stop,-1.10953,0.007304
NQ,2025-09-10,A,-1,1,1,810,target,0.71709,0.007019
NQ,2025-09-10,B,1,1,1,1103,stop,-1.11398,0.007019
NQ,2025-09-10,Bmirror,-1,1,1,1103,close,1.80788,0.007019
NQ,2025-09-11,A,-1,1,1,939,close,-0.04001,0.006449
NQ,2025-09-11,B,1,1,1,810,stop,-1.12405,0.006449
NQ,2025-09-11,Bmirror,-1,1,1,810,stop,-1.12405,0.006449
NQ,2025-09-12,A,-1,1,1,1138,close,0.12242,0.006467
NQ,2025-09-15,A,-1,1,1,890,stop,-1.02549,0.006306
NQ,2025-09-16,A,-1,1,1,590,target,0.71472,0.006359
NQ,2025-09-16,B,1,1,1,891,stop,-1.12580,0.006359
NQ,2025-09-16,Bmirror,-1,1,1,891,stop,-1.12580,0.006359
NQ,2025-09-17,A,1,1,1,928,target,0.71348,0.006006
NQ,2025-09-17,B,-1,1,1,1143,target,12.26680,0.006006
NQ,2025-09-17,Bmirror,1,1,1,1143,stop,-1.13320,0.006006
NQ,2025-09-18,A,-1,1,1,543,stop,-1.02672,0.006016
NQ,2025-09-19,A,-1,1,1,1227,close,-0.20629,0.006091
NQ,2025-09-19,B,-1,1,1,782,stop,-1.13134,0.006091
NQ,2025-09-19,Bmirror,1,1,1,782,stop,-1.13134,0.006091
NQ,2025-09-22,A,-1,1,-1,1034,close,-0.58637,0.006068
NQ,2025-09-22,B,-1,1,-1,872,stop,-1.13184,0.006068
NQ,2025-09-22,Bmirror,1,1,-1,872,stop,-1.13184,0.006068
NQ,2025-09-23,A,1,1,1,1107,stop,-1.02607,0.006110
NQ,2025-09-24,A,1,1,-1,1006,stop,-1.02929,0.005441
NQ,2025-09-24,B,1,1,-1,872,stop,-1.14704,0.005441
NQ,2025-09-24,Bmirror,-1,1,-1,872,stop,-1.14704,0.005441
NQ,2025-09-25,A,1,1,-1,731,stop,-1.02971,0.005365
NQ,2025-09-25,B,-1,1,-1,542,target,12.25087,0.005365
NQ,2025-09-25,Bmirror,1,1,-1,542,stop,-1.14913,0.005365
NQ,2025-09-26,A,1,1,-1,926,target,0.71052,0.005407
NQ,2025-09-26,A,-1,1,-1,817,target,0.71029,0.005407
NQ,2025-09-26,B,-1,1,-1,426,stop,-1.14797,0.005407
NQ,2025-09-26,Bmirror,1,1,-1,426,stop,-1.14797,0.005407
NQ,2025-09-29,A,-1,1,1,453,stop,-1.03288,0.004884
NQ,2025-09-30,A,1,1,1,877,target,0.70711,0.004847
NQ,2025-09-30,B,-1,1,1,819,stop,-1.16504,0.004847
NQ,2025-09-30,Bmirror,1,1,1,819,stop,-1.16504,0.004847
NQ,2025-10-01,A,1,1,1,452,stop,-1.03305,0.004824
NQ,2025-10-01,A,-1,1,1,997,stop,-1.03329,0.004824
NQ,2025-10-01,B,-1,1,1,874,stop,-1.16585,0.004824
NQ,2025-10-01,Bmirror,1,1,1,874,stop,-1.16585,0.004824
NQ,2025-10-02,A,-1,1,1,545,stop,-1.03334,0.004816
NQ,2025-10-02,B,1,1,1,960,stop,-1.16611,0.004816
NQ,2025-10-02,Bmirror,-1,1,1,960,stop,-1.16611,0.004816
NQ,2025-10-03,A,1,1,1,1110,stop,-1.03450,0.004621
NQ,2025-10-03,A,-1,1,1,398,target,0.70526,0.004621
NQ,2025-10-03,B,1,1,1,898,stop,-1.17311,0.004621
NQ,2025-10-03,Bmirror,-1,1,1,898,stop,-1.17311,0.004621
NQ,2025-10-06,A,-1,1,1,631,stop,-1.03940,0.004073
NQ,2025-10-06,B,1,1,1,521,target,12.20358,0.004073
NQ,2025-10-06,Bmirror,-1,1,1,521,stop,-1.19642,0.004073
NQ,2025-10-07,A,1,1,1,969,target,0.69988,0.003976
NQ,2025-10-07,A,-1,1,1,811,stop,-1.04036,0.003976
NQ,2025-10-07,B,1,1,1,451,stop,-1.20121,0.003976
NQ,2025-10-07,Bmirror,-1,1,1,451,stop,-1.20121,0.003976
NQ,2025-10-08,A,-1,1,-1,880,target,0.69846,0.003863
NQ,2025-10-08,B,-1,1,-1,124,stop,-1.20709,0.003863
NQ,2025-10-08,Bmirror,1,1,-1,124,stop,-1.20709,0.003863
NQ,2025-10-09,A,1,1,1,880,stop,-1.03806,0.004191
NQ,2025-10-09,B,-1,1,1,436,target,12.20912,0.004191
NQ,2025-10-09,Bmirror,1,1,1,436,stop,-1.19088,0.004191
NQ,2025-10-10,A,1,1,-1,958,stop,-1.04087,0.003904
NQ,2025-10-10,B,-1,1,-1,753,stop,-1.20493,0.003904
NQ,2025-10-10,Bmirror,1,1,-1,753,stop,-1.20493,0.003904
NQ,2025-10-13,A,-1,1,1,489,target,0.72411,0.010144
NQ,2025-10-14,A,1,1,1,395,stop,-1.01548,0.010258
NQ,2025-10-14,B,1,1,1,245,stop,-1.07799,0.010258
NQ,2025-10-14,Bmirror,-1,1,1,245,target,12.32201,0.010258
NQ,2025-10-15,A,-1,-1,-1,604,stop,-1.01561,0.010330
NQ,2025-10-15,B,1,-1,-1,1089,stop,-1.07744,0.010330
NQ,2025-10-15,Bmirror,-1,-1,-1,1089,stop,-1.07744,0.010330
NQ,2025-10-16,A,1,1,1,1052,target,0.72474,0.010402
NQ,2025-10-16,A,-1,1,1,942,target,0.72450,0.010402
NQ,2025-10-16,B,-1,1,1,426,stop,-1.07691,0.010402
NQ,2025-10-16,Bmirror,1,1,1,426,stop,-1.07691,0.010402
NQ,2025-10-17,A,1,-1,-1,483,stop,-1.01505,0.010550
NQ,2025-10-17,A,-1,-1,-1,914,target,0.72472,0.010550
NQ,2025-10-17,B,-1,-1,-1,782,stop,-1.07583,0.010550
NQ,2025-10-17,Bmirror,1,-1,-1,782,stop,-1.07583,0.010550
NQ,2025-10-20,A,-1,1,1,925,close,-0.54501,0.010719
NQ,2025-10-20,B,-1,1,1,129,stop,-1.07463,0.010719
NQ,2025-10-20,Bmirror,1,1,1,129,stop,-1.07463,0.010719
NQ,2025-10-21,B,-1,1,1,1011,stop,-1.07408,0.010800
NQ,2025-10-21,Bmirror,1,1,1,1011,stop,-1.07408,0.010800
NQ,2025-10-22,A,1,1,-1,945,target,0.72532,0.010814
NQ,2025-10-23,A,-1,1,-1,1116,close,-0.24156,0.010956
NQ,2025-10-23,B,-1,1,-1,875,stop,-1.07302,0.010956
NQ,2025-10-23,Bmirror,1,1,-1,875,close,8.46116,0.010956
NQ,2025-10-24,A,-1,1,1,810,close,-0.15192,0.011026
NQ,2025-10-27,A,-1,1,1,1062,close,-0.58440,0.011160
NQ,2025-10-28,A,-1,1,1,1149,close,0.22635,0.011268
NQ,2025-10-29,B,1,1,1,1115,stop,-1.07115,0.011244
NQ,2025-10-29,Bmirror,-1,1,1,1115,stop,-1.07115,0.011244
NQ,2025-10-30,A,1,1,1,816,target,0.72582,0.011191
NQ,2025-10-30,B,1,1,1,251,stop,-1.07148,0.011191
NQ,2025-10-30,Bmirror,-1,1,1,251,stop,-1.07148,0.011191
NQ,2025-10-31,A,1,1,-1,1014,target,0.72578,0.011158
NQ,2025-10-31,B,-1,1,-1,885,close,6.30414,0.011158
NQ,2025-10-31,Bmirror,1,1,-1,885,stop,-1.07170,0.011158
NQ,2025-11-03,B,1,1,1,925,stop,-1.07093,0.011279
NQ,2025-11-03,Bmirror,-1,1,1,925,stop,-1.07093,0.011279
NQ,2025-11-04,A,1,1,-1,340,stop,-1.01406,0.011281
NQ,2025-11-05,A,-1,1,-1,948,close,-0.04453,0.012038
NQ,2025-11-05,B,-1,1,-1,226,stop,-1.06645,0.012038
NQ,2025-11-05,Bmirror,1,1,-1,226,stop,-1.06645,0.012038
NQ,2025-11-06,A,1,1,1,896,stop,-1.01309,0.012112
NQ,2025-11-06,B,-1,1,1,631,stop,-1.06605,0.012112
NQ,2025-11-06,Bmirror,1,1,1,631,stop,-1.06605,0.012112
NQ,2025-11-07,A,1,1,-1,769,stop,-1.01262,0.012560
NQ,2025-11-07,B,-1,1,-1,338,stop,-1.06369,0.012560
NQ,2025-11-07,Bmirror,1,1,-1,338,stop,-1.06369,0.012560
NQ,2025-11-10,A,-1,1,1,871,stop,-1.01286,0.012558
NQ,2025-11-11,A,1,1,1,951,target,0.72767,0.012856
NQ,2025-11-12,B,1,1,-1,881,stop,-1.06217,0.012867
NQ,2025-11-12,Bmirror,-1,1,-1,881,close,0.51830,0.012867
NQ,2025-11-13,A,1,1,-1,883,target,0.72756,0.012745
NQ,2025-11-13,B,1,1,-1,577,stop,-1.06277,0.012745
NQ,2025-11-13,Bmirror,-1,1,-1,577,stop,-1.06277,0.012745
NQ,2025-11-14,A,1,-1,-1,672,stop,-1.01208,0.013116
NQ,2025-11-14,B,-1,-1,-1,345,target,12.33901,0.013116
NQ,2025-11-14,Bmirror,1,-1,-1,345,stop,-1.06099,0.013116
NQ,2025-11-17,A,1,-1,1,868,target,0.72290,0.009295
NQ,2025-11-17,A,-1,-1,1,500,target,0.72267,0.009295
NQ,2025-11-17,B,1,-1,1,723,stop,-1.08607,0.009295
NQ,2025-11-17,Bmirror,-1,-1,1,723,stop,-1.08607,0.009295
NQ,2025-11-18,A,1,-1,-1,250,stop,-1.01706,0.009315
NQ,2025-11-18,B,-1,-1,-1,76,stop,-1.08588,0.009315
NQ,2025-11-18,Bmirror,1,-1,-1,76,stop,-1.08588,0.009315
NQ,2025-11-19,A,-1,-1,-1,885,stop,-1.01686,0.009559
NQ,2025-11-19,B,-1,-1,-1,80,stop,-1.08369,0.009559
NQ,2025-11-19,Bmirror,1,-1,-1,80,stop,-1.08369,0.009559
NQ,2025-11-20,A,1,-1,1,982,stop,-1.01561,0.010172
NQ,2025-11-20,A,-1,-1,1,900,target,0.72415,0.010172
NQ,2025-11-20,B,1,-1,1,543,stop,-1.07864,0.010172
NQ,2025-11-20,Bmirror,-1,-1,1,543,stop,-1.07864,0.010172
NQ,2025-11-21,A,1,-1,-1,627,target,0.72713,0.012321
NQ,2025-11-21,A,-1,-1,-1,1018,target,0.72690,0.012321
NQ,2025-11-21,B,-1,-1,-1,672,stop,-1.06493,0.012321
NQ,2025-11-21,Bmirror,1,-1,-1,672,stop,-1.06493,0.012321
NQ,2025-11-24,A,-1,-1,1,875,target,0.72684,0.012272
NQ,2025-11-25,A,1,-1,1,883,target,0.72749,0.012666
NQ,2025-11-25,B,-1,-1,1,763,stop,-1.06316,0.012666
NQ,2025-11-25,Bmirror,1,-1,1,763,stop,-1.06316,0.012666
NQ,2025-11-26,A,-1,-1,1,981,close,0.01930,0.012701
NQ,2025-12-01,A,1,1,-1,295,target,0.72726,0.012443
NQ,2025-12-01,B,-1,1,-1,1025,stop,-1.06429,0.012443
NQ,2025-12-01,Bmirror,1,1,-1,1025,stop,-1.06429,0.012443
NQ,2025-12-02,A,-1,1,-1,901,target,0.72685,0.012274
NQ,2025-12-03,B,-1,1,1,1041,stop,-1.06499,0.012309
NQ,2025-12-03,Bmirror,1,1,1,1041,close,0.79857,0.012309
NQ,2025-12-04,B,-1,-1,1,1019,close,0.36654,0.012303
NQ,2025-12-04,Bmirror,1,-1,1,1019,stop,-1.06502,0.012303
NQ,2025-12-05,A,-1,1,-1,912,target,0.72687,0.012299
NQ,2025-12-05,B,1,1,-1,822,stop,-1.06505,0.012299
NQ,2025-12-05,Bmirror,-1,1,-1,822,stop,-1.06505,0.012299
NQ,2025-12-09,B,-1,1,-1,1023,close,1.33863,0.012249
NQ,2025-12-09,Bmirror,1,1,-1,1023,stop,-1.06531,0.012249
NQ,2025-12-10,B,-1,1,-1,1075,stop,-1.06898,0.011598
NQ,2025-12-10,Bmirror,1,1,-1,1075,stop,-1.06898,0.011598
NQ,2025-12-11,A,1,1,1,182,target,0.72614,0.011447
NQ,2025-12-12,A,1,1,-1,907,stop,-1.01446,0.010976
NQ,2025-12-15,A,-1,1,-1,869,target,0.72588,0.011429
NQ,2025-12-15,B,1,1,-1,900,stop,-1.07000,0.011429
NQ,2025-12-15,Bmirror,-1,1,-1,900,stop,-1.07000,0.011429
NQ,2025-12-16,A,1,1,-1,457,target,0.72563,0.011044
NQ,2025-12-16,B,-1,1,-1,732,stop,-1.07244,0.011044
NQ,2025-12-16,Bmirror,1,1,-1,732,stop,-1.07244,0.011044
NQ,2025-12-17,A,1,1,1,945,stop,-1.01438,0.011039
NQ,2025-12-17,B,1,1,1,880,stop,-1.07247,0.011039
NQ,2025-12-17,Bmirror,-1,1,1,880,stop,-1.07247,0.011039
NQ,2025-12-18,A,-1,-1,-1,810,stop,-1.01427,0.011302
NQ,2025-12-19,A,-1,1,1,879,close,-0.92258,0.011163
NQ,2025-12-22,B,1,1,1,931,stop,-1.07008,0.011415
NQ,2025-12-22,Bmirror,-1,1,1,931,stop,-1.07008,0.011415
NQ,2025-12-29,A,1,1,1,534,target,0.71755,0.007090
NQ,2025-12-30,B,1,-1,-1,911,stop,-1.12578,0.006360
NQ,2025-12-30,Bmirror,-1,-1,-1,911,stop,-1.12578,0.006360
NQ,2025-12-31,A,1,-1,-1,1193,stop,-1.02517,0.006326
NQ,2025-12-31,B,-1,-1,-1,817,stop,-1.12646,0.006326
NQ,2025-12-31,Bmirror,1,-1,-1,817,stop,-1.12646,0.006326
NQ,2026-01-02,A,1,-1,1,959,stop,-1.02515,0.006333
NQ,2026-01-02,A,-1,-1,1,220,stop,-1.02538,0.006333
NQ,2026-01-02,B,1,-1,1,922,stop,-1.12633,0.006333
NQ,2026-01-02,Bmirror,-1,-1,1,922,stop,-1.12633,0.006333
NQ,2026-01-05,A,-1,-1,1,712,stop,-1.02551,0.006301
NQ,2026-01-06,A,-1,1,1,885,stop,-1.02534,0.006344
NQ,2026-01-06,B,1,1,1,502,stop,-1.12611,0.006344
NQ,2026-01-06,Bmirror,-1,1,1,502,stop,-1.12611,0.006344
NQ,2026-01-07,A,-1,1,1,1005,target,0.71492,0.006409
NQ,2026-01-07,B,-1,1,1,875,stop,-1.12482,0.006409
NQ,2026-01-07,Bmirror,1,1,1,875,stop,-1.12482,0.006409
NQ,2026-01-08,A,1,1,1,365,target,0.71515,0.006407
NQ,2026-01-09,A,-1,1,-1,815,target,0.71521,0.006485
NQ,2026-01-09,B,1,1,-1,870,stop,-1.12336,0.006485
NQ,2026-01-09,Bmirror,-1,1,-1,870,stop,-1.12336,0.006485
NQ,2026-01-12,A,1,1,-1,62,stop,-1.02379,0.006691
NQ,2026-01-12,A,-1,1,-1,1200,target,0.71597,0.006691
NQ,2026-01-12,B,-1,1,-1,890,stop,-1.11956,0.006691
NQ,2026-01-12,Bmirror,1,1,-1,890,stop,-1.11956,0.006691
NQ,2026-01-13,A,-1,1,1,811,target,0.71597,0.006691
NQ,2026-01-13,B,1,1,1,903,stop,-1.11957,0.006691
NQ,2026-01-13,Bmirror,-1,1,1,903,stop,-1.11957,0.006691
NQ,2026-01-14,A,1,1,-1,627,stop,-1.02383,0.006680
NQ,2026-01-15,A,-1,-1,-1,491,stop,-1.02313,0.006952
NQ,2026-01-16,A,1,-1,1,941,target,0.71731,0.007015
NQ,2026-01-16,A,-1,-1,1,868,target,0.71707,0.007015
NQ,2026-01-16,B,1,-1,1,899,stop,-1.11405,0.007015
NQ,2026-01-16,Bmirror,-1,-1,1,899,stop,-1.11405,0.007015
NQ,2026-01-19,A,1,-1,-1,454,target,0.71506,0.006384
NQ,2026-01-20,A,1,-1,-1,440,stop,-1.02502,0.006364
NQ,2026-01-20,B,1,-1,-1,298,stop,-1.12572,0.006364
NQ,2026-01-20,Bmirror,-1,-1,-1,298,stop,-1.12572,0.006364
NQ,2026-01-21,A,-1,-1,-1,435,target,0.71575,0.006631
NQ,2026-01-21,B,1,-1,-1,697,stop,-1.12065,0.006631
NQ,2026-01-21,Bmirror,-1,-1,-1,697,stop,-1.12065,0.006631
NQ,2026-01-22,A,-1,-1,1,530,target,0.71632,0.006791
NQ,2026-01-22,B,-1,-1,1,454,stop,-1.11780,0.006791
NQ,2026-01-22,Bmirror,1,-1,1,454,close,3.91087,0.006791
NQ,2026-01-23,A,-1,1,1,922,stop,-1.02502,0.006426
NQ,2026-01-23,B,1,1,1,513,stop,-1.12450,0.006426
NQ,2026-01-23,Bmirror,-1,1,1,513,stop,-1.12450,0.006426
NQ,2026-01-26,A,-1,1,-1,334,target,0.71339,0.006039
NQ,2026-01-27,A,-1,1,1,362,target,0.71518,0.006478
NQ,2026-01-28,A,-1,1,1,360,target,0.71586,0.006661
NQ,2026-01-28,B,1,1,1,1002,stop,-1.12011,0.006661
NQ,2026-01-28,Bmirror,-1,1,1,1002,stop,-1.12011,0.006661
NQ,2026-01-29,A,1,1,1,876,stop,-1.02392,0.006656
NQ,2026-01-29,B,-1,1,1,11,stop,-1.12019,0.006656
NQ,2026-01-29,Bmirror,1,1,1,11,stop,-1.12019,0.006656
NQ,2026-01-30,A,1,1,-1,99,stop,-1.02339,0.006806
NQ,2026-02-02,A,1,-1,-1,131,stop,-1.02206,0.007216
NQ,2026-02-02,A,-1,-1,-1,875,stop,-1.02229,0.007216
NQ,2026-02-02,B,1,-1,-1,70,stop,-1.11087,0.007216
NQ,2026-02-02,Bmirror,-1,-1,-1,70,target,12.28913,0.007216
NQ,2026-02-03,A,1,1,1,881,stop,-1.02058,0.007729
NQ,2026-02-03,B,1,1,1,641,stop,-1.10350,0.007729
NQ,2026-02-03,Bmirror,-1,1,1,641,stop,-1.10350,0.007729
NQ,2026-02-04,A,1,-1,-1,871,target,0.72140,0.008548
NQ,2026-02-04,B,1,-1,-1,506,stop,-1.09359,0.008548
NQ,2026-02-04,Bmirror,-1,-1,-1,506,stop,-1.09359,0.008548
NQ,2026-02-05,A,1,-1,-1,743,stop,-1.01810,0.008780
NQ,2026-02-05,B,1,-1,-1,132,stop,-1.09111,0.008780
NQ,2026-02-05,Bmirror,-1,-1,-1,132,stop,-1.09111,0.008780
NQ,2026-02-06,A,-1,-1,-1,111,stop,-1.01583,0.010182
NQ,2026-02-06,B,-1,-1,-1,23,stop,-1.07857,0.010182
NQ,2026-02-06,Bmirror,1,-1,-1,23,target,12.32143,0.010182
NQ,2026-02-09,A,1,-1,1,606,target,0.72653,0.011771
NQ,2026-02-09,B,-1,-1,1,945,stop,-1.06797,0.011771
NQ,2026-02-09,Bmirror,1,-1,1,945,close,3.08097,0.011771
NQ,2026-02-11,B,-1,-1,-1,733,stop,-1.06895,0.011602
NQ,2026-02-11,Bmirror,1,-1,-1,733,stop,-1.06895,0.011602
NQ,2026-02-12,A,1,-1,-1,958,stop,-1.01367,0.011603
NQ,2026-02-12,B,1,-1,-1,896,stop,-1.06895,0.011603
NQ,2026-02-12,Bmirror,-1,-1,-1,896,target,12.33105,0.011603
NQ,2026-02-13,A,1,-1,-1,881,target,0.72669,0.011914
NQ,2026-02-13,B,-1,-1,-1,131,stop,-1.06715,0.011914
NQ,2026-02-13,Bmirror,1,-1,-1,131,stop,-1.06715,0.011914
NQ,2026-02-17,A,1,-1,-1,185,target,0.72650,0.011753
NQ,2026-02-17,B,-1,-1,-1,1119,stop,-1.06807,0.011753
NQ,2026-02-17,Bmirror,1,-1,-1,1119,stop,-1.06807,0.011753
NQ,2026-02-18,A,-1,-1,-1,553,target,0.72628,0.011761
NQ,2026-02-20,A,-1,-1,-1,949,target,0.72627,0.011755
NQ,2026-02-20,B,-1,-1,-1,877,stop,-1.06806,0.011755
NQ,2026-02-20,Bmirror,1,-1,-1,877,stop,-1.06806,0.011755
NQ,2026-02-23,A,1,-1,-1,958,close,0.26202,0.011799
NQ,2026-02-23,B,-1,-1,-1,548,stop,-1.06780,0.011799
NQ,2026-02-23,Bmirror,1,-1,-1,548,stop,-1.06780,0.011799
NQ,2026-02-24,A,-1,-1,-1,929,close,-0.13794,0.011849
NQ,2026-02-24,B,1,-1,-1,871,stop,-1.06752,0.011849
NQ,2026-02-24,Bmirror,-1,-1,-1,871,stop,-1.06752,0.011849
NQ,2026-02-25,A,-1,-1,1,880,stop,-1.01360,0.011871
NQ,2026-02-26,A,1,-1,1,912,stop,-1.01366,0.011609
NQ,2026-02-27,B,-1,-1,-1,924,stop,-1.06775,0.011808
NQ,2026-02-27,Bmirror,1,-1,-1,924,stop,-1.06775,0.011808
NQ,2026-03-02,A,1,1,-1,480,target,0.72663,0.011864
NQ,2026-03-02,A,-1,1,-1,947,close,-0.29349,0.011864
NQ,2026-03-02,B,1,1,-1,306,stop,-1.06743,0.011864
NQ,2026-03-02,Bmirror,-1,1,-1,306,stop,-1.06743,0.011864
NQ,2026-03-03,A,1,-1,1,354,stop,-1.01352,0.011731
NQ,2026-03-04,A,-1,-1,-1,790,stop,-1.01383,0.011672
NQ,2026-03-04,B,-1,-1,-1,554,stop,-1.06854,0.011672
NQ,2026-03-04,Bmirror,1,-1,-1,554,target,12.33146,0.011672
NQ,2026-03-05,A,1,-1,1,931,target,0.72704,0.012231
NQ,2026-03-05,B,-1,-1,1,550,stop,-1.06541,0.012231
NQ,2026-03-05,Bmirror,1,-1,1,550,stop,-1.06541,0.012231
NQ,2026-03-06,A,1,-1,-1,751,stop,-1.01300,0.012192
NQ,2026-03-09,A,-1,-1,-1,572,target,0.72726,0.012678
NQ,2026-03-09,B,-1,-1,-1,332,stop,-1.06310,0.012678
NQ,2026-03-09,Bmirror,1,-1,-1,332,stop,-1.06310,0.012678
NQ,2026-03-10,A,-1,1,1,488,target,0.72788,0.013332
NQ,2026-03-11,B,-1,1,1,643,stop,-1.06192,0.012920
NQ,2026-03-11,Bmirror,1,1,1,643,stop,-1.06192,0.012920
NQ,2026-03-12,A,1,1,-1,1194,close,0.11655,0.012771
NQ,2026-03-12,B,1,1,-1,795,stop,-1.06264,0.012771
NQ,2026-03-12,Bmirror,-1,1,-1,795,stop,-1.06264,0.012771
NQ,2026-03-13,A,-1,-1,-1,823,target,0.72626,0.011748
NQ,2026-03-13,B,1,-1,-1,396,stop,-1.06809,0.011748
NQ,2026-03-13,Bmirror,-1,-1,-1,396,stop,-1.06809,0.011748
NQ,2026-03-16,A,-1,-1,1,701,stop,-1.01567,0.010288
NQ,2026-03-17,A,-1,-1,1,814,target,0.72461,0.010480
NQ,2026-03-17,B,-1,-1,1,730,stop,-1.07633,0.010480
NQ,2026-03-17,Bmirror,1,-1,1,730,close,5.59730,0.010480
NQ,2026-03-18,A,1,-1,1,1031,target,0.72492,0.010525
NQ,2026-03-18,A,-1,-1,1,384,target,0.72468,0.010525
NQ,2026-03-18,B,1,-1,1,739,stop,-1.07601,0.010525
NQ,2026-03-18,Bmirror,-1,-1,1,739,stop,-1.07601,0.010525
NQ,2026-03-19,A,1,-1,-1,786,target,0.72539,0.010865
NQ,2026-03-19,B,1,-1,-1,282,stop,-1.07363,0.010865
NQ,2026-03-19,Bmirror,-1,-1,-1,282,stop,-1.07363,0.010865
NQ,2026-03-20,A,1,-1,1,591,target,0.72485,0.010482
NQ,2026-03-23,A,1,-1,-1,443,target,0.72551,0.010952
NQ,2026-03-23,A,-1,-1,-1,666,stop,-1.01473,0.010952
NQ,2026-03-23,B,-1,-1,-1,665,stop,-1.07305,0.010952
NQ,2026-03-23,Bmirror,1,-1,-1,665,stop,-1.07305,0.010952
NQ,2026-03-24,A,1,-1,1,101,target,0.72624,0.011533
NQ,2026-03-24,B,-1,-1,1,430,stop,-1.06937,0.011533
NQ,2026-03-24,Bmirror,1,-1,1,430,stop,-1.06937,0.011533
NQ,2026-03-25,B,1,-1,-1,588,stop,-1.06946,0.011517
NQ,2026-03-25,Bmirror,-1,-1,-1,588,stop,-1.06946,0.011517
NQ,2026-03-26,A,1,-1,-1,570,target,0.72603,0.011358
NQ,2026-03-27,A,1,-1,-1,648,stop,-1.01348,0.011767
NQ,2026-03-30,A,-1,-1,-1,553,stop,-1.01303,0.012395
NQ,2026-03-30,B,-1,-1,-1,79,stop,-1.06454,0.012395
NQ,2026-03-30,Bmirror,1,-1,-1,79,stop,-1.06454,0.012395
NQ,2026-03-31,A,-1,-1,-1,146,stop,-1.01305,0.012371
NQ,2026-03-31,B,-1,-1,-1,103,stop,-1.06467,0.012371
NQ,2026-03-31,Bmirror,1,-1,-1,103,target,12.33533,0.012371
NQ,2026-04-01,A,-1,-1,1,778,target,0.72849,0.014040
NQ,2026-04-02,A,1,-1,1,151,stop,-1.01133,0.013981
NQ,2026-04-06,A,-1,-1,-1,204,target,0.72827,0.013774
NQ,2026-04-07,A,1,-1,1,906,target,0.72852,0.013794
NQ,2026-04-07,B,-1,-1,1,542,stop,-1.05800,0.013794
NQ,2026-04-07,Bmirror,1,-1,1,542,stop,-1.05800,0.013794
NQ,2026-04-08,A,-1,1,1,410,target,0.72878,0.014417
NQ,2026-04-13,A,-1,1,-1,865,stop,-1.01187,0.013621
NQ,2026-04-14,A,-1,1,1,991,close,-0.83401,0.013506
NQ,2026-04-15,A,-1,1,1,1171,close,-0.57176,0.013742
NQ,2026-04-17,A,-1,1,1,839,close,-0.57642,0.013636
NQ,2026-04-20,B,1,1,-1,951,stop,-1.05811,0.013766
NQ,2026-04-20,Bmirror,-1,1,-1,951,stop,-1.05811,0.013766
NQ,2026-04-22,A,-1,1,-1,1090,close,-0.54407,0.013721
NQ,2026-04-23,A,1,1,1,1121,target,0.72821,0.013433
NQ,2026-04-23,B,-1,1,1,887,stop,-1.05955,0.013433
NQ,2026-04-23,Bmirror,1,1,1,887,stop,-1.05955,0.013433
NQ,2026-04-24,A,-1,1,-1,741,target,0.72799,0.013452
NQ,2026-04-27,B,1,1,-1,549,stop,-1.06197,0.012909
NQ,2026-04-27,Bmirror,-1,1,-1,549,stop,-1.06197,0.012909
NQ,2026-04-28,A,1,1,1,726,stop,-1.01255,0.012632
NQ,2026-04-30,A,1,1,1,420,target,0.72760,0.012783
NQ,2026-04-30,B,1,1,1,210,stop,-1.06259,0.012783
NQ,2026-04-30,Bmirror,-1,1,1,210,stop,-1.06259,0.012783
NQ,2026-05-01,A,-1,1,1,895,close,0.20934,0.012088
NQ,2026-05-04,A,1,1,1,1028,target,0.72500,0.010580
NQ,2026-05-04,B,1,1,1,662,stop,-1.07561,0.010580
NQ,2026-05-04,Bmirror,-1,1,1,662,stop,-1.07561,0.010580
NQ,2026-05-05,A,-1,1,-1,788,stop,-1.01528,0.010550
NQ,2026-05-06,A,-1,1,1,700,target,0.72295,0.009448
NQ,2026-05-06,B,-1,1,1,586,stop,-1.08467,0.009448
NQ,2026-05-06,Bmirror,1,1,1,586,stop,-1.08467,0.009448
NQ,2026-05-07,A,-1,1,1,922,target,0.72299,0.009475
NQ,2026-05-07,B,1,1,1,1035,stop,-1.08443,0.009475
NQ,2026-05-07,Bmirror,-1,1,1,1035,stop,-1.08443,0.009475
NQ,2026-05-08,A,-1,1,-1,390,stop,-1.01687,0.009553
NQ,2026-05-11,B,1,1,-1,929,stop,-1.08016,0.009980
NQ,2026-05-11,Bmirror,-1,1,-1,929,stop,-1.08016,0.009980
NQ,2026-05-12,A,1,1,1,161,target,0.72406,0.009962
NQ,2026-05-13,A,-1,1,-1,524,target,0.72356,0.009804
NQ,2026-05-13,B,1,1,-1,886,stop,-1.08160,0.009804
NQ,2026-05-13,Bmirror,-1,1,-1,886,stop,-1.08160,0.009804
NQ,2026-05-14,B,-1,1,1,878,stop,-1.08030,0.009963
NQ,2026-05-14,Bmirror,1,1,1,878,stop,-1.08030,0.009963
NQ,2026-05-15,A,1,1,1,348,stop,-1.01594,0.009964
NQ,2026-05-18,A,1,1,1,41,target,0.72439,0.010171
NQ,2026-05-18,B,-1,1,1,573,stop,-1.07865,0.010171
NQ,2026-05-18,Bmirror,1,1,1,573,stop,-1.07865,0.010171
NQ,2026-05-19,A,1,1,-1,189,target,0.72335,0.009544
NQ,2026-05-20,A,-1,1,-1,578,target,0.72316,0.009569
NQ,2026-05-20,B,1,1,-1,60,stop,-1.08361,0.009569
NQ,2026-05-20,Bmirror,-1,1,-1,60,stop,-1.08361,0.009569
NQ,2026-05-21,A,-1,1,1,326,target,0.72286,0.009399
NQ,2026-05-21,B,1,1,1,839,stop,-1.08511,0.009399
NQ,2026-05-21,Bmirror,-1,1,1,839,stop,-1.08511,0.009399
NQ,2026-05-22,A,-1,1,1,1110,target,0.72308,0.009521
NQ,2026-05-22,B,1,1,1,605,stop,-1.08403,0.009521
NQ,2026-05-22,Bmirror,-1,1,1,605,stop,-1.08403,0.009521
NQ,2026-05-26,A,-1,1,1,935,target,0.72255,0.009233
NQ,2026-05-26,B,-1,1,1,688,stop,-1.08664,0.009233
NQ,2026-05-26,Bmirror,1,1,1,688,stop,-1.08664,0.009233
NQ,2026-05-27,A,-1,1,1,666,target,0.72242,0.009165
NQ,2026-05-27,B,1,1,1,881,stop,-1.08729,0.009165
NQ,2026-05-27,Bmirror,-1,1,1,881,stop,-1.08729,0.009165
NQ,2026-05-28,A,1,1,1,275,target,0.72239,0.009027
NQ,2026-05-28,A,-1,1,1,986,close,-0.43500,0.009027
NQ,2026-05-28,B,-1,1,1,833,stop,-1.08862,0.009027
NQ,2026-05-28,Bmirror,1,1,1,833,stop,-1.08862,0.009027
NQ,2026-05-29,A,-1,1,1,893,target,0.72211,0.009006
NQ,2026-05-29,B,1,1,1,944,close,3.36903,0.009006
NQ,2026-05-29,Bmirror,-1,1,1,944,stop,-1.08883,0.009006
NQ,2026-06-01,A,-1,1,1,1123,target,0.72155,0.008730
NQ,2026-06-01,B,1,1,1,569,stop,-1.09164,0.008730
NQ,2026-06-01,Bmirror,-1,1,1,569,stop,-1.09164,0.008730
NQ,2026-06-02,A,-1,1,1,968,close,-0.74512,0.008750
NQ,2026-06-02,B,-1,1,1,370,stop,-1.09143,0.008750
NQ,2026-06-02,Bmirror,1,1,1,370,stop,-1.09143,0.008750
NQ,2026-06-03,A,1,1,1,888,target,0.72118,0.008449
NQ,2026-06-03,B,-1,1,1,57,stop,-1.09469,0.008449
NQ,2026-06-03,Bmirror,1,1,1,57,stop,-1.09469,0.008449
NQ,2026-06-04,A,1,1,-1,614,target,0.72166,0.008669
NQ,2026-06-04,B,-1,1,-1,259,stop,-1.09228,0.008669
NQ,2026-06-04,Bmirror,1,1,-1,259,stop,-1.09228,0.008669
NQ,2026-06-05,A,1,1,-1,98,stop,-1.01817,0.008747
NQ,2026-06-08,A,-1,-1,1,77,target,0.72768,0.013113
NQ,2026-06-09,A,1,1,1,948,target,0.72821,0.013436
NQ,2026-06-09,A,-1,1,1,763,target,0.72797,0.013436
NQ,2026-06-09,B,1,1,1,917,stop,-1.05954,0.013436
NQ,2026-06-09,Bmirror,-1,1,1,917,stop,-1.05954,0.013436
NQ,2026-06-10,A,1,-1,-1,588,target,0.72797,0.013174
NQ,2026-06-10,B,1,-1,-1,95,stop,-1.06072,0.013174
NQ,2026-06-10,Bmirror,-1,-1,-1,95,stop,-1.06072,0.013174
NQ,2026-06-11,A,-1,-1,-1,124,stop,-1.01176,0.013750
NQ,2026-06-11,A_his,-1,-1,-1,134,stop,-1.00744,0.019377
NQ,2026-06-12,B,-1,1,1,562,stop,-1.05099,0.015689
NQ,2026-06-12,Bmirror,1,1,1,562,stop,-1.05099,0.015689
NQ,2026-06-12,B_his,-1,1,1,562,stop,-1.03843,0.020820
NQ,2026-06-12,Bmirror_his,1,1,1,562,stop,-1.03843,0.020820
NQ,2026-06-15,A,-1,1,1,872,close,-0.68082,0.015224
NQ,2026-06-15,A_his,-1,1,1,893,close,-0.17347,0.018892
NQ,2026-06-16,A,1,1,1,1005,close,-0.50198,0.015424
NQ,2026-06-16,A_his,1,1,1,999,close,-0.74398,0.013197
NQ,2026-06-16,B_his,1,1,1,847,stop,-1.06062,0.013197
NQ,2026-06-16,Bmirror_his,-1,1,1,847,stop,-1.06062,0.013197
NQ,2026-06-17,A,1,1,-1,1238,close,0.47190,0.015494
NQ,2026-06-17,B,1,1,-1,897,stop,-1.05163,0.015494
NQ,2026-06-17,Bmirror,-1,1,-1,897,stop,-1.05163,0.015494
NQ,2026-06-17,A_his,1,1,-1,1145,target,0.62115,0.013676
NQ,2026-06-17,B_his,1,1,-1,897,stop,-1.05850,0.013676
NQ,2026-06-17,Bmirror_his,-1,1,-1,897,stop,-1.05850,0.013676
NQ,2026-06-18,A,-1,1,-1,865,target,0.72942,0.015301
NQ,2026-06-18,A_his,-1,1,-1,865,target,0.64421,0.016120
NQ,2026-06-19,B,-1,1,1,600,close,0.09053,0.015494
NQ,2026-06-19,Bmirror,1,1,1,600,stop,-1.05163,0.015494
NQ,2026-06-19,B_his,-1,1,1,600,stop,-1.05874,0.013619
NQ,2026-06-19,Bmirror_his,1,1,1,600,stop,-1.05874,0.013619
NQ,2026-06-22,A,-1,1,-1,840,target,0.72933,0.015166
NQ,2026-06-22,B,-1,1,-1,66,stop,-1.05275,0.015166
NQ,2026-06-22,Bmirror,1,1,-1,66,stop,-1.05275,0.015166
NQ,2026-06-22,A_his,-1,1,-1,483,stop,-1.01581,0.009890
NQ,2026-06-22,B_his,-1,1,-1,66,stop,-1.08089,0.009890
NQ,2026-06-22,Bmirror_his,1,1,-1,66,stop,-1.08089,0.009890
NQ,2026-06-23,A,1,1,1,355,stop,-1.01044,0.015151
NQ,2026-06-23,A_his,1,1,1,343,stop,-1.01071,0.013336
NQ,2026-06-24,A,1,-1,-1,1191,target,0.73016,0.016070
NQ,2026-06-24,B,1,-1,-1,230,stop,-1.04978,0.016070
NQ,2026-06-24,Bmirror,-1,-1,-1,230,stop,-1.04978,0.016070
NQ,2026-06-24,A_his,1,-1,-1,1113,target,0.58860,0.015251
NQ,2026-06-24,B_his,1,-1,-1,230,stop,-1.05246,0.015251
NQ,2026-06-24,Bmirror_his,-1,-1,-1,230,stop,-1.05246,0.015251
NQ,2026-06-25,A,1,-1,1,885,stop,-1.00980,0.016135
NQ,2026-06-25,B,1,-1,1,873,stop,-1.04958,0.016135
NQ,2026-06-25,Bmirror,-1,-1,1,873,target,12.35042,0.016135
NQ,2026-06-25,A_his,1,-1,1,886,stop,-1.00840,0.017487
NQ,2026-06-25,B_his,1,-1,1,873,stop,-1.04575,0.017487
NQ,2026-06-25,Bmirror_his,-1,-1,1,873,target,12.64928,0.017487
NQ,2026-06-26,A,1,-1,-1,225,target,0.73022,0.016166
NQ,2026-06-26,B,1,-1,-1,56,stop,-1.04949,0.016166
NQ,2026-06-26,Bmirror,-1,-1,-1,56,stop,-1.04949,0.016166
NQ,2026-06-29,A,-1,-1,1,1064,close,-0.42493,0.016320
NQ,2026-06-29,B,-1,-1,1,242,stop,-1.04902,0.016320
NQ,2026-06-29,Bmirror,1,-1,1,242,stop,-1.04902,0.016320
NQ,2026-06-29,A_his,-1,-1,1,1024,close,-0.63742,0.014211
NQ,2026-06-29,B_his,-1,-1,1,242,stop,-1.05629,0.014211
NQ,2026-06-29,Bmirror_his,1,-1,1,242,stop,-1.05629,0.014211
NQ,2026-06-30,A,-1,1,1,903,close,-0.49054,0.016558
NQ,2026-06-30,B,1,1,1,812,close,9.75549,0.016558
NQ,2026-06-30,Bmirror,-1,1,1,812,stop,-1.04831,0.016558
NQ,2026-06-30,A_his,-1,1,1,923,close,-0.29939,0.017953
NQ,2026-06-30,B_his,1,1,1,812,close,8.99731,0.017953
NQ,2026-06-30,Bmirror_his,-1,1,1,812,stop,-1.04456,0.017953
NQ,2026-07-01,A,1,1,1,873,target,0.73059,0.016794
NQ,2026-07-01,A_his,1,1,1,870,target,0.68619,0.014778
NQ,2026-07-02,A,1,1,-1,953,stop,-1.00931,0.016967
NQ,2026-07-02,B,-1,1,-1,787,stop,-1.04715,0.016967
NQ,2026-07-02,Bmirror,1,1,-1,787,stop,-1.04715,0.016967
NQ,2026-07-02,A_his,1,1,-1,942,stop,-1.01016,0.013846
NQ,2026-07-02,B_his,-1,1,-1,115,stop,-1.05778,0.013846
NQ,2026-07-02,Bmirror_his,1,1,-1,115,stop,-1.05778,0.013846
NQ,2026-07-03,A_his,-1,1,-1,426,close,-0.15236,0.012599
NQ,2026-07-06,B,-1,1,1,885,stop,-1.04644,0.017228
NQ,2026-07-06,Bmirror,1,1,1,885,stop,-1.04644,0.017228
NQ,2026-07-07,A,1,1,-1,875,stop,-1.00917,0.017227
NQ,2026-07-07,A_his,1,1,-1,361,stop,-1.01100,0.013267
NQ,2026-07-08,A,1,-1,-1,577,target,0.73092,0.017387
NQ,2026-07-08,B,-1,-1,-1,881,stop,-1.04601,0.017387
NQ,2026-07-08,Bmirror,1,-1,-1,881,stop,-1.04601,0.017387
NQ,2026-07-08,A_his,1,-1,-1,565,target,0.61656,0.014022
NQ,2026-07-08,B_his,1,-1,-1,355,stop,-1.05705,0.014022
NQ,2026-07-08,Bmirror_his,-1,-1,-1,355,stop,-1.05705,0.014022
NQ,2026-07-09,A,-1,-1,1,875,close,-0.52894,0.017354
NQ,2026-07-09,A_his,-1,-1,1,812,close,-0.68182,0.015963
NQ,2026-07-10,B,-1,-1,1,875,stop,-1.04533,0.017649
NQ,2026-07-10,Bmirror,1,-1,1,875,stop,-1.04533,0.017649
NQ,2026-07-10,B_his,-1,-1,1,875,stop,-1.05741,0.013934
NQ,2026-07-10,Bmirror_his,1,-1,1,875,stop,-1.05741,0.013934
NQ,2026-07-13,A,1,-1,-1,387,target,0.72943,0.014970
NQ,2026-07-13,A_his,1,-1,-1,386,target,0.77513,0.013393
NQ,2026-07-14,A,-1,-1,-1,810,close,-0.38502,0.014942
NQ,2026-07-14,A_his,-1,-1,-1,810,close,-0.49171,0.014224
NQ,2026-07-15,A,1,-1,1,1044,target,0.72939,0.014909
NQ,2026-07-15,B,1,-1,1,890,stop,-1.05366,0.014909
NQ,2026-07-15,Bmirror,-1,-1,1,890,stop,-1.05366,0.014909
NQ,2026-07-15,A_his,1,-1,1,1044,target,0.69752,0.014558
NQ,2026-07-15,B_his,1,-1,1,890,stop,-1.05495,0.014558
NQ,2026-07-15,Bmirror_his,-1,-1,1,890,stop,-1.05495,0.014558
NQ,2026-07-16,A,1,-1,-1,769,stop,-1.01113,0.014220
NQ,2026-07-16,A_his,1,-1,-1,769,stop,-1.01015,0.014331
NQ,2026-07-17,A,1,-1,-1,304,stop,-1.01261,0.012575
NQ,2026-07-17,A_his,1,-1,-1,319,stop,-1.00943,0.014426
NQ,2026-07-20,A,-1,-1,1,752,target,0.72707,0.012484
NQ,2026-07-20,B,1,-1,1,149,stop,-1.06408,0.012484
NQ,2026-07-20,Bmirror,-1,-1,1,149,stop,-1.06408,0.012484
NQ,2026-07-20,A_his,-1,-1,1,877,target,0.72793,0.015698
NQ,2026-07-21,A,-1,-1,-1,242,stop,-1.01336,0.012086
NQ,2026-07-21,A_his,-1,-1,-1,275,stop,-1.01011,0.014678
NQ,2026-07-22,A,1,-1,1,803,target,0.72733,0.012509
NQ,2026-07-22,B,-1,-1,1,899,stop,-1.06395,0.012509
NQ,2026-07-22,Bmirror,1,-1,1,899,stop,-1.06395,0.012509
NQ,2026-07-22,A_his,1,-1,1,805,target,0.69713,0.012567
NQ,2026-07-22,B_his,-1,-1,1,899,stop,-1.06366,0.012567
NQ,2026-07-22,Bmirror_his,1,-1,1,899,stop,-1.06366,0.012567
NQ,2026-07-23,A,1,-1,-1,816,stop,-1.01265,0.012533
NQ,2026-07-23,B,1,-1,-1,218,stop,-1.06383,0.012533
NQ,2026-07-23,Bmirror,-1,-1,-1,218,stop,-1.06383,0.012533
NQ,2026-07-23,A_his,1,-1,-1,816,stop,-1.01166,0.012473
NQ,2026-07-23,B_his,1,-1,-1,218,stop,-1.06414,0.012473
NQ,2026-07-23,Bmirror_his,-1,-1,-1,218,stop,-1.06414,0.012473
NQ,2026-07-24,A,1,-1,-1,304,target,0.72713,0.012319
NQ,2026-07-24,A_his,1,-1,-1,890,target,0.60126,0.014860
NQ,2026-07-27,A,1,-1,1,899,stop,-1.01244,0.012743
NQ,2026-07-27,B,1,-1,1,868,stop,-1.06278,0.012743
NQ,2026-07-27,Bmirror,-1,-1,1,868,target,12.33722,0.012743
NQ,2026-07-27,A_his,1,-1,1,904,stop,-1.01027,0.014589
NQ,2026-07-28,A,1,-1,-1,424,target,0.72778,0.012971
NQ,2026-07-28,A_his,1,-1,-1,878,target,0.65130,0.015295
NQ,2026-07-29,A,1,-1,-1,1014,target,0.72694,0.012137
NQ,2026-07-29,A,-1,-1,-1,44,stop,-1.01330,0.012137
NQ,2026-07-29,B,1,-1,-1,270,stop,-1.06591,0.012137
NQ,2026-07-29,Bmirror,-1,-1,-1,270,stop,-1.06591,0.012137
NQ,2026-07-29,A_his,1,-1,-1,1025,target,0.63874,0.015938
NQ,2026-07-29,A_his,-1,-1,-1,50,target,0.63853,0.015938
NQ,2026-07-29,B_his,1,-1,-1,270,stop,-1.05020,0.015938
NQ,2026-07-29,Bmirror_his,-1,-1,-1,270,stop,-1.05020,0.015938
NQ,2026-07-30,A,-1,-1,-1,160,target,0.72646,0.011921
NQ,2026-07-30,B,1,-1,-1,354,stop,-1.06711,0.011921
NQ,2026-07-30,Bmirror,-1,-1,-1,354,stop,-1.06711,0.011921
NQ,2026-07-30,A_his,-1,-1,-1,841,stop,-1.00706,0.020473
NQ,2026-07-30,B_his,1,-1,-1,354,stop,-1.03908,0.020473
NQ,2026-07-30,Bmirror_his,-1,-1,-1,354,stop,-1.03908,0.020473
NQ,2026-07-31,A,1,-1,1,910,target,0.72825,0.013477
NQ,2026-07-31,A,-1,-1,1,873,target,0.72801,0.013477
NQ,2026-07-31,B,1,-1,1,217,stop,-1.05936,0.013477
NQ,2026-07-31,Bmirror,-1,-1,1,217,stop,-1.05936,0.013477
NQ,2026-07-31,B_his,1,-1,1,886,stop,-1.04470,0.017897
NQ,2026-07-31,Bmirror_his,-1,-1,1,886,stop,-1.04470,0.017897
NQ,2026-08-03,A,-1,-1,1,1090,close,-0.44178,0.013322
NQ,2026-08-03,B,-1,-1,1,897,stop,-1.06005,0.013322
NQ,2026-08-03,Bmirror,1,-1,1,897,stop,-1.06005,0.013322
NQ,2026-08-03,A_his,-1,-1,1,1145,close,0.12071,0.017720
NQ,2026-08-03,B_his,-1,-1,1,897,stop,-1.04515,0.017720
NQ,2026-08-03,Bmirror_his,1,-1,1,897,close,7.13335,0.017720
NQ,2026-08-04,A,-1,-1,1,770,stop,-1.01220,0.013242
NQ,2026-08-04,A_his,-1,-1,1,860,stop,-1.00963,0.015610
NQ,2026-08-05,B,1,-1,1,564,stop,-1.05701,0.014034
NQ,2026-08-05,Bmirror,-1,-1,1,564,stop,-1.05701,0.014034
NQ,2026-08-05,B_his,1,-1,1,564,stop,-1.05320,0.015037
NQ,2026-08-05,Bmirror_his,-1,-1,1,564,stop,-1.05320,0.015037
NQ,2026-08-06,A,1,1,-1,871,target,0.72860,0.013892
NQ,2026-08-06,B,-1,1,-1,916,stop,-1.05759,0.013892
NQ,2026-08-06,Bmirror,1,1,-1,916,stop,-1.05759,0.013892
NQ,2026-08-06,A_his,1,1,-1,871,target,0.67575,0.014753
NQ,2026-08-06,B_his,-1,1,-1,916,stop,-1.05423,0.014753
NQ,2026-08-06,Bmirror_his,1,1,-1,916,stop,-1.05423,0.014753
NQ,2026-08-07,A,-1,-1,-1,830,target,0.72810,0.013583
NQ,2026-08-07,B,1,-1,-1,912,close,6.56215,0.013583
NQ,2026-08-07,Bmirror,-1,-1,-1,912,stop,-1.05890,0.013583
NQ,2026-08-07,B_his,1,-1,-1,912,close,6.10432,0.014602
NQ,2026-08-07,Bmirror_his,-1,-1,-1,912,stop,-1.05479,0.014602
NQ,2026-08-11,B,1,1,-1,873,stop,-1.05893,0.013575
NQ,2026-08-11,Bmirror,-1,1,-1,873,stop,-1.05893,0.013575
NQ,2026-08-12,A,-1,1,-1,810,close,0.64334,0.013212
NQ,2026-08-12,A_his,-1,1,-1,861,target,0.66903,0.015081
NQ,2026-08-13,A,-1,1,1,886,close,-0.67068,0.013236
NQ,2026-08-13,A_his,-1,1,1,877,stop,-1.01415,0.010589
NQ,2026-08-17,B_his,1,1,1,818,stop,-1.09150,0.008744
NQ,2026-08-17,Bmirror_his,-1,1,1,818,stop,-1.09150,0.008744
NQ,2026-08-18,A,1,1,-1,426,stop,-1.01249,0.012687
NQ,2026-08-18,A_his,1,1,-1,227,stop,-1.01656,0.008573
NQ,2026-08-19,B,1,1,-1,888,stop,-1.06179,0.012948
NQ,2026-08-19,Bmirror,-1,1,-1,888,stop,-1.06179,0.012948
NQ,2026-08-19,A_his,-1,1,-1,830,target,0.64375,0.010281
NQ,2026-08-19,B_his,1,1,-1,665,stop,-1.07782,0.010281
NQ,2026-08-19,Bmirror_his,-1,1,-1,665,stop,-1.07782,0.010281
NQ,2026-08-20,A,1,1,1,775,close,-0.30159,0.012970
NQ,2026-08-20,A_his,1,1,1,767,close,-0.42358,0.011950
