time,open,high,low,close,volume,average,barCount
2026-04-12T22:15:00Z,96.445,96.445,96.44,96.44,6.0,96.441,2
2026-04-12T22:30:00Z,96.44,96.44,96.44,96.44,0.0,96.44,0
2026-04-12T22:45:00Z,96.44,96.44,96.44,96.44,0.0,96.44,0
2026-04-12T23:00:00Z,96.44,96.44,96.44,96.44,0.0,96.44,0
2026-04-12T23:15:00Z,96.425,96.425,96.425,96.425,2.0,96.425,1
2026-04-12T23:30:00Z,96.425,96.425,96.425,96.425,0.0,96.425,0
2026-04-12T23:45:00Z,96.425,96.425,96.425,96.425,0.0,96.425,0
2026-04-13T00:00:00Z,96.425,96.425,96.425,96.425,0.0,96.425,0
2026-04-13T00:15:00Z,96.425,96.425,96.425,96.425,0.0,96.425,0
2026-04-13T00:30:00Z,96.425,96.425,96.425,96.425,0.0,96.425,0
2026-04-13T00:45:00Z,96.425,96.425,96.425,96.425,0.0,96.425,0
2026-04-13T01:00:00Z,96.425,96.425,96.425,96.425,0.0,96.425,0
2026-04-13T01:15:00Z,96.45,96.45,96.45,96.45,2.0,96.45,2
2026-04-13T01:30:00Z,96.45,96.45,96.45,96.45,0.0,96.45,0
2026-04-13T01:45:00Z,96.45,96.45,96.45,96.45,0.0,96.45,0
2026-04-13T02:00:00Z,96.45,96.45,96.45,96.45,0.0,96.45,0
2026-04-13T02:15:00Z,96.45,96.45,96.45,96.45,0.0,96.45,0
2026-04-13T02:30:00Z,96.45,96.45,96.45,96.45,0.0,96.45,0
2026-04-13T02:45:00Z,96.45,96.45,96.45,96.45,0.0,96.45,0
2026-04-13T03:00:00Z,96.45,96.45,96.45,96.45,0.0,96.45,0
2026-04-13T03:15:00Z,96.45,96.45,96.45,96.45,0.0,96.45,0
2026-04-13T03:30:00Z,96.45,96.45,96.45,96.45,0.0,96.45,0
2026-04-13T03:45:00Z,96.45,96.45,96.45,96.45,0.0,96.45,0
2026-04-13T04:00:00Z,96.45,96.45,96.45,96.45,0.0,96.45,0
2026-04-13T04:15:00Z,96.45,96.45,96.45,96.45,0.0,96.45,0
2026-04-13T04:30:00Z,96.45,96.45,96.45,96.45,0.0,96.45,0
2026-04-13T04:45:00Z,96.45,96.45,96.45,96.45,0.0,96.45,0
2026-04-13T05:00:00Z,96.45,96.45,96.45,96.45,0.0,96.45,0
2026-04-13T05:15:00Z,96.45,96.45,96.45,96.45,0.0,96.45,0
2026-04-13T05:30:00Z,96.45,96.45,96.45,96.45,0.0,96.45,0
2026-04-13T05:45:00Z,96.45,96.45,96.45,96.45,0.0,96.45,0
2026-04-13T06:00:00Z,96.45,96.45,96.45,96.45,0.0,96.45,0
2026-04-13T06:15:00Z,96.45,96.45,96.45,96.45,0.0,96.45,0
2026-04-13T06:30:00Z,96.45,96.45,96.45,96.45,0.0,96.45,0
2026-04-13T06:45:00Z,96.45,96.45,96.45,96.45,0.0,96.45,0
2026-04-13T07:00:00Z,96.45,96.45,96.45,96.45,0.0,96.45,0
2026-04-13T07:15:00Z,96.45,96.45,96.45,96.45,0.0,96.45,0
2026-04-13T07:30:00Z,96.45,96.45,96.45,96.45,0.0,96.45,0
2026-04-13T07:45:00Z,96.45,96.45,96.45,96.45,0.0,96.45,0
2026-04-13T08:00:00Z,96.45,96.45,96.45,96.45,0.0,96.45,0
2026-04-13T08:15:00Z,96.45,96.45,96.45,96.45,0.0,96.45,0
2026-04-13T08:30:00Z,96.45,96.45,96.45,96.45,0.0,96.45,0
2026-04-13T08:45:00Z,96.45,96.45,96.45,96.45,0.0,96.45,0
2026-04-13T09:00:00Z,96.45,96.45,96.45,96.45,0.0,96.45,0
2026-04-13T09:15:00Z,96.45,96.45,96.45,96.45,0.0,96.45,0
2026-04-13T09:30:00Z,96.45,96.45,96.45,96.45,0.0,96.45,0
2026-04-13T09:45:00Z,96.45,96.45,96.45,96.45,0.0,96.45,0
2026-04-13T10:00:00Z,96.45,96.45,96.45,96.45,0.0,96.45,0
2026-04-13T10:15:00Z,96.45,96.45,96.45,96.45,0.0,96.45,0
2026-04-13T10:30:00Z,96.45,96.45,96.45,96.45,0.0,96.45,0
2026-04-13T10:45:00Z,96.45,96.45,96.45,96.45,0.0,96.45,0
2026-04-13T11:00:00Z,96.45,96.45,96.45,96.45,0.0,96.45,0
2026-04-13T11:15:00Z,96.465,96.465,96.465,96.465,3.0,96.465,1
2026-04-13T11:30:00Z,96.465,96.465,96.465,96.465,0.0,96.465,0
2026-04-13T11:45:00Z,96.465,96.465,96.465,96.465,0.0,96.465,0
2026-04-13T12:00:00Z,96.46,96.46,96.46,96.46,1.0,96.46,1
2026-04-13T12:15:00Z,96.46,96.46,96.46,96.46,0.0,96.46,0
2026-04-13T12:30:00Z,96.46,96.46,96.46,96.46,0.0,96.46,0
2026-04-13T12:45:00Z,96.46,96.46,96.46,96.46,0.0,96.46,0
2026-04-13T13:00:00Z,96.46,96.46,96.46,96.46,0.0,96.46,0
2026-04-13T13:15:00Z,96.46,96.46,96.46,96.46,0.0,96.46,0
2026-04-13T13:30:00Z,96.46,96.46,96.46,96.46,0.0,96.46,0
2026-04-13T13:45:00Z,96.495,96.495,96.495,96.495,11.0,96.495,2
2026-04-13T14:00:00Z,96.5,96.5,96.5,96.5,2.0,96.5,1
2026-04-13T14:15:00Z,96.5,96.5,96.5,96.5,0.0,96.5,0
2026-04-13T14:30:00Z,96.49,96.49,96.49,96.49,2.0,96.49,1
2026-04-13T14:45:00Z,96.49,96.49,96.49,96.49,2.0,96.49,1
2026-04-13T15:00:00Z,96.49,96.49,96.49,96.49,0.0,96.49,0
2026-04-13T15:15:00Z,96.49,96.49,96.49,96.49,0.0,96.49,0
2026-04-13T15:30:00Z,96.49,96.49,96.49,96.49,0.0,96.49,0
2026-04-13T15:45:00Z,96.49,96.49,96.49,96.49,0.0,96.49,0
2026-04-13T16:00:00Z,96.49,96.49,96.49,96.49,0.0,96.49,0
2026-04-13T16:15:00Z,96.49,96.49,96.49,96.49,0.0,96.49,0
2026-04-13T16:30:00Z,96.49,96.49,96.49,96.49,0.0,96.49,0
2026-04-13T16:45:00Z,96.51,96.51,96.51,96.51,30.0,96.51,10
2026-04-13T17:00:00Z,96.51,96.51,96.51,96.51,0.0,96.51,0
2026-04-13T17:15:00Z,96.51,96.51,96.51,96.51,0.0,96.51,0
2026-04-13T17:30:00Z,96.51,96.51,96.51,96.51,0.0,96.51,0
2026-04-13T17:45:00Z,96.51,96.51,96.51,96.51,0.0,96.51,0
2026-04-13T18:00:00Z,96.515,96.515,96.515,96.515,1.0,96.515,1
2026-04-13T18:15:00Z,96.515,96.515,96.515,96.515,0.0,96.515,0
2026-04-13T18:30:00Z,96.515,96.515,96.515,96.515,0.0,96.515,0
2026-04-13T18:45:00Z,96.515,96.515,96.515,96.515,2.0,96.515,1
2026-04-13T19:00:00Z,96.515,96.515,96.515,96.515,0.0,96.515,0
2026-04-13T19:15:00Z,96.515,96.515,96.515,96.515,0.0,96.515,0
2026-04-13T19:30:00Z,96.515,96.515,96.515,96.515,0.0,96.515,0
2026-04-13T19:45:00Z,96.52,96.52,96.52,96.52,1.0,96.52,1
2026-04-13T20:00:00Z,96.525,96.525,96.52,96.52,25.0,96.5225,6
2026-04-13T20:15:00Z,96.515,96.515,96.515,96.515,28.0,96.515,6
2026-04-13T20:30:00Z,96.515,96.515,96.515,96.515,2.0,96.515,1
2026-04-13T20:45:00Z,96.515,96.515,96.515,96.515,0.0,96.515,0
2026-04-14T06:00:00Z,96.525,96.525,96.525,96.525,24.0,96.525,2
2026-04-14T06:15:00Z,96.525,96.525,96.525,96.525,0.0,96.525,0
2026-04-14T06:30:00Z,96.525,96.525,96.525,96.525,0.0,96.525,0
2026-04-14T06:45:00Z,96.525,96.525,96.525,96.525,0.0,96.525,0
2026-04-14T07:00:00Z,96.525,96.525,96.525,96.525,0.0,96.525,0
2026-04-14T07:15:00Z,96.525,96.525,96.525,96.525,0.0,96.525,0
2026-04-14T07:30:00Z,96.54,96.54,96.54,96.54,3.0,96.54,1
2026-04-14T07:45:00Z,96.54,96.54,96.54,96.54,3.0,96.54,1
2026-04-14T08:00:00Z,96.54,96.54,96.54,96.54,3.0,96.54,1
2026-04-14T08:15:00Z,96.54,96.54,96.54,96.54,0.0,96.54,0
2026-04-14T08:30:00Z,96.54,96.54,96.54,96.54,0.0,96.54,0
2026-04-14T08:45:00Z,96.54,96.54,96.54,96.54,0.0,96.54,0
2026-04-14T09:00:00Z,96.54,96.54,96.54,96.54,0.0,96.54,0
2026-04-14T09:15:00Z,96.54,96.54,96.54,96.54,0.0,96.54,0
2026-04-14T09:30:00Z,96.54,96.54,96.54,96.54,0.0,96.54,0
2026-04-14T09:45:00Z,96.54,96.54,96.54,96.54,0.0,96.54,0
2026-04-14T10:00:00Z,96.54,96.54,96.54,96.54,0.0,96.54,0
2026-04-14T10:15:00Z,96.54,96.54,96.54,96.54,0.0,96.54,0
2026-04-14T10:30:00Z,96.54,96.54,96.54,96.54,0.0,96.54,0
2026-04-14T10:45:00Z,96.54,96.54,96.54,96.54,0.0,96.54,0
2026-04-14T11:00:00Z,96.54,96.54,96.54,96.54,0.0,96.54,0
2026-04-14T11:15:00Z,96.53,96.53,96.53,96.53,3.0,96.53,1
2026-04-14T11:30:00Z,96.525,96.525,96.525,96.525,9.0,96.525,2
2026-04-14T11:45:00Z,96.525,96.54,96.525,96.535,49.0,96.5345,17
2026-04-14T12:00:00Z,96.535,96.535,96.535,96.535,3.0,96.535,1
2026-04-14T12:15:00Z,96.535,96.535,96.535,96.535,0.0,96.535,0
2026-04-14T12:30:00Z,96.535,96.535,96.52,96.52,9.0,96.525,4
2026-04-14T12:45:00Z,96.515,96.515,96.515,96.515,24.0,96.515,10
2026-04-14T13:00:00Z,96.515,96.515,96.515,96.515,0.0,96.515,0
2026-04-14T13:15:00Z,96.5,96.5,96.49,96.49,83.0,96.4945,16
2026-04-14T13:30:00Z,96.495,96.5,96.49,96.5,90.0,96.4955,31
2026-04-14T13:45:00Z,96.5,96.5,96.5,96.5,0.0,96.5,0
2026-04-14T14:00:00Z,96.5,96.5,96.5,96.5,0.0,96.5,0
2026-04-14T14:15:00Z,96.5,96.5,96.5,96.5,0.0,96.5,0
2026-04-14T14:30:00Z,96.5,96.5,96.5,96.5,0.0,96.5,0
2026-04-14T14:45:00Z,96.5,96.5,96.5,96.5,0.0,96.5,0
2026-04-14T15:00:00Z,96.5,96.5,96.5,96.5,0.0,96.5,0
2026-04-14T15:15:00Z,96.5,96.5,96.5,96.5,0.0,96.5,0
2026-04-14T15:30:00Z,96.5,96.5,96.5,96.5,0.0,96.5,0
2026-04-14T15:45:00Z,96.52,96.52,96.52,96.52,9.0,96.52,3
2026-04-14T16:00:00Z,96.52,96.52,96.52,96.52,21.0,96.52,7
2026-04-14T16:15:00Z,96.52,96.52,96.52,96.52,9.0,96.52,3
2026-04-14T16:30:00Z,96.52,96.52,96.52,96.52,12.0,96.52,5
2026-04-14T16:45:00Z,96.52,96.52,96.52,96.52,0.0,96.52,0
2026-04-14T17:00:00Z,96.52,96.52,96.52,96.52,0.0,96.52,0
2026-04-14T17:15:00Z,96.52,96.52,96.52,96.52,0.0,96.52,0
2026-04-14T17:30:00Z,96.52,96.52,96.52,96.52,0.0,96.52,0
2026-04-14T17:45:00Z,96.535,96.535,96.535,96.535,1.0,96.535,1
2026-04-14T18:00:00Z,96.535,96.535,96.535,96.535,0.0,96.535,0
2026-04-14T18:15:00Z,96.535,96.535,96.535,96.535,0.0,96.535,0
2026-04-14T18:30:00Z,96.535,96.535,96.535,96.535,0.0,96.535,0
2026-04-14T18:45:00Z,96.535,96.535,96.535,96.535,0.0,96.535,0
2026-04-14T19:00:00Z,96.545,96.545,96.545,96.545,6.0,96.545,3
2026-04-14T19:15:00Z,96.545,96.545,96.545,96.545,0.0,96.545,0
2026-04-14T19:30:00Z,96.55,96.55,96.55,96.55,5.0,96.55,2
2026-04-14T19:45:00Z,96.55,96.55,96.55,96.55,0.0,96.55,0
2026-04-14T20:00:00Z,96.545,96.545,96.545,96.545,1.0,96.545,1
2026-04-14T20:15:00Z,96.55,96.55,96.55,96.55,3.0,96.55,2
2026-04-14T20:30:00Z,96.55,96.55,96.55,96.55,3.0,96.55,1
2026-04-14T20:45:00Z,96.55,96.55,96.55,96.55,0.0,96.55,0
2026-04-15T09:00:00Z,96.535,96.535,96.535,96.535,3.0,96.535,1
2026-04-15T09:15:00Z,96.535,96.535,96.535,96.535,0.0,96.535,0
2026-04-15T09:30:00Z,96.535,96.535,96.535,96.535,0.0,96.535,0
2026-04-15T09:45:00Z,96.535,96.535,96.535,96.535,0.0,96.535,0
2026-04-15T10:00:00Z,96.535,96.535,96.535,96.535,0.0,96.535,0
2026-04-15T10:15:00Z,96.535,96.535,96.535,96.535,0.0,96.535,0
2026-04-15T10:30:00Z,96.535,96.535,96.535,96.535,3.0,96.535,1
2026-04-15T10:45:00Z,96.535,96.535,96.535,96.535,6.0,96.535,2
2026-04-15T11:00:00Z,96.535,96.535,96.535,96.535,0.0,96.535,0
2026-04-15T11:15:00Z,96.535,96.535,96.535,96.535,0.0,96.535,0
2026-04-15T11:30:00Z,96.535,96.535,96.535,96.535,0.0,96.535,0
2026-04-15T11:45:00Z,96.535,96.535,96.535,96.535,0.0,96.535,0
2026-04-15T12:00:00Z,96.535,96.535,96.535,96.535,0.0,96.535,0
2026-04-15T12:15:00Z,96.535,96.535,96.535,96.535,0.0,96.535,0
2026-04-15T12:30:00Z,96.535,96.535,96.535,96.535,0.0,96.535,0
2026-04-15T12:45:00Z,96.535,96.535,96.535,96.535,0.0,96.535,0
2026-04-15T13:00:00Z,96.535,96.535,96.535,96.535,0.0,96.535,0
2026-04-15T13:15:00Z,96.535,96.535,96.535,96.535,0.0,96.535,0
2026-04-15T13:30:00Z,96.535,96.535,96.535,96.535,0.0,96.535,0
2026-04-15T13:45:00Z,96.535,96.535,96.535,96.535,0.0,96.535,0
2026-04-15T14:00:00Z,96.535,96.535,96.535,96.535,0.0,96.535,0
2026-04-15T14:15:00Z,96.535,96.535,96.535,96.535,0.0,96.535,0
2026-04-15T14:30:00Z,96.535,96.535,96.535,96.535,0.0,96.535,0
2026-04-15T14:45:00Z,96.535,96.535,96.535,96.535,0.0,96.535,0
2026-04-15T15:00:00Z,96.52,96.52,96.52,96.52,3.0,96.52,1
2026-04-15T15:15:00Z,96.52,96.52,96.52,96.52,0.0,96.52,0
2026-04-15T15:30:00Z,96.52,96.52,96.52,96.52,0.0,96.52,0
2026-04-15T15:45:00Z,96.52,96.52,96.52,96.52,0.0,96.52,0
2026-04-15T16:00:00Z,96.51,96.51,96.51,96.51,15.0,96.51,8
2026-04-15T16:15:00Z,96.51,96.51,96.51,96.51,0.0,96.51,0
2026-04-15T16:30:00Z,96.51,96.51,96.51,96.51,0.0,96.51,0
2026-04-15T16:45:00Z,96.51,96.51,96.51,96.51,0.0,96.51,0
2026-04-15T17:00:00Z,96.51,96.51,96.51,96.51,0.0,96.51,0
2026-04-15T17:15:00Z,96.51,96.51,96.51,96.51,0.0,96.51,0
2026-04-15T17:30:00Z,96.51,96.51,96.51,96.51,0.0,96.51,0
2026-04-15T17:45:00Z,96.51,96.51,96.51,96.51,0.0,96.51,0
2026-04-15T18:00:00Z,96.525,96.525,96.525,96.525,4.0,96.525,1
2026-04-15T18:15:00Z,96.525,96.525,96.525,96.525,0.0,96.525,0
2026-04-15T18:30:00Z,96.525,96.525,96.525,96.525,0.0,96.525,0
2026-04-15T18:45:00Z,96.525,96.525,96.525,96.525,0.0,96.525,0
2026-04-15T19:00:00Z,96.525,96.525,96.525,96.525,0.0,96.525,0
2026-04-15T19:15:00Z,96.525,96.525,96.525,96.525,0.0,96.525,0
2026-04-15T19:30:00Z,96.525,96.525,96.525,96.525,0.0,96.525,0
2026-04-15T19:45:00Z,96.525,96.525,96.525,96.525,0.0,96.525,0
2026-04-15T20:00:00Z,96.525,96.525,96.525,96.525,0.0,96.525,0
2026-04-15T20:15:00Z,96.525,96.525,96.525,96.525,0.0,96.525,0
2026-04-15T20:30:00Z,96.525,96.525,96.525,96.525,0.0,96.525,0
2026-04-15T20:45:00Z,96.525,96.525,96.525,96.525,0.0,96.525,0
2026-04-16T07:00:00Z,96.545,96.545,96.545,96.545,3.0,96.545,1
2026-04-16T07:15:00Z,96.545,96.545,96.545,96.545,0.0,96.545,0
2026-04-16T07:30:00Z,96.545,96.545,96.545,96.545,0.0,96.545,0
2026-04-16T07:45:00Z,96.545,96.545,96.545,96.545,0.0,96.545,0
2026-04-16T08:00:00Z,96.545,96.545,96.545,96.545,0.0,96.545,0
2026-04-16T08:15:00Z,96.545,96.545,96.545,96.545,0.0,96.545,0
2026-04-16T08:30:00Z,96.545,96.545,96.545,96.545,0.0,96.545,0
2026-04-16T08:45:00Z,96.545,96.545,96.545,96.545,0.0,96.545,0
2026-04-16T09:00:00Z,96.545,96.545,96.545,96.545,0.0,96.545,0
2026-04-16T09:15:00Z,96.545,96.545,96.545,96.545,0.0,96.545,0
2026-04-16T09:30:00Z,96.545,96.545,96.545,96.545,0.0,96.545,0
2026-04-16T09:45:00Z,96.545,96.545,96.545,96.545,0.0,96.545,0
2026-04-16T10:00:00Z,96.545,96.545,96.545,96.545,0.0,96.545,0
2026-04-16T10:15:00Z,96.545,96.545,96.545,96.545,0.0,96.545,0
2026-04-16T10:30:00Z,96.545,96.545,96.545,96.545,0.0,96.545,0
2026-04-16T10:45:00Z,96.545,96.545,96.545,96.545,0.0,96.545,0
2026-04-16T11:00:00Z,96.545,96.545,96.545,96.545,0.0,96.545,0
2026-04-16T11:15:00Z,96.545,96.545,96.545,96.545,0.0,96.545,0
2026-04-16T11:30:00Z,96.545,96.545,96.545,96.545,0.0,96.545,0
2026-04-16T11:45:00Z,96.545,96.545,96.545,96.545,0.0,96.545,0
2026-04-16T12:00:00Z,96.545,96.545,96.54,96.54,15.0,96.542,6
2026-04-16T12:15:00Z,96.54,96.54,96.54,96.54,0.0,96.54,0
2026-04-16T12:30:00Z,96.54,96.54,96.54,96.54,0.0,96.54,0
2026-04-16T12:45:00Z,96.54,96.54,96.54,96.54,0.0,96.54,0
2026-04-16T13:00:00Z,96.54,96.54,96.54,96.54,0.0,96.54,0
2026-04-16T13:15:00Z,96.54,96.54,96.54,96.54,0.0,96.54,0
2026-04-16T13:30:00Z,96.54,96.54,96.54,96.54,0.0,96.54,0
2026-04-16T13:45:00Z,96.54,96.54,96.54,96.54,0.0,96.54,0
2026-04-16T14:00:00Z,96.52,96.52,96.52,96.52,30.0,96.52,7
2026-04-16T14:15:00Z,96.52,96.52,96.52,96.52,3.0,96.52,1
2026-04-16T14:30:00Z,96.52,96.52,96.52,96.52,0.0,96.52,0
2026-04-16T14:45:00Z,96.52,96.52,96.52,96.52,0.0,96.52,0
2026-04-16T15:00:00Z,96.52,96.52,96.52,96.52,0.0,96.52,0
2026-04-16T15:15:00Z,96.52,96.52,96.52,96.52,0.0,96.52,0
2026-04-16T15:30:00Z,96.52,96.52,96.52,96.52,0.0,96.52,0
2026-04-16T15:45:00Z,96.52,96.52,96.52,96.52,0.0,96.52,0
2026-04-16T16:00:00Z,96.52,96.52,96.52,96.52,0.0,96.52,0
2026-04-16T16:15:00Z,96.52,96.52,96.52,96.52,0.0,96.52,0
2026-04-16T16:30:00Z,96.51,96.51,96.51,96.51,5.0,96.51,4
2026-04-16T16:45:00Z,96.51,96.51,96.51,96.51,0.0,96.51,0
2026-04-16T17:00:00Z,96.51,96.51,96.51,96.51,0.0,96.51,0
2026-04-16T17:15:00Z,96.51,96.51,96.51,96.51,0.0,96.51,0
2026-04-16T17:30:00Z,96.51,96.51,96.51,96.51,0.0,96.51,0
2026-04-16T17:45:00Z,96.51,96.51,96.51,96.51,0.0,96.51,0
2026-04-16T18:00:00Z,96.51,96.51,96.51,96.51,0.0,96.51,0
2026-04-16T18:15:00Z,96.51,96.51,96.51,96.51,0.0,96.51,0
2026-04-16T18:30:00Z,96.51,96.51,96.51,96.51,0.0,96.51,0
2026-04-16T18:45:00Z,96.51,96.51,96.51,96.51,0.0,96.51,0
2026-04-16T19:00:00Z,96.51,96.51,96.51,96.51,0.0,96.51,0
2026-04-16T19:15:00Z,96.51,96.51,96.51,96.51,0.0,96.51,0
2026-04-16T19:30:00Z,96.505,96.505,96.505,96.505,2.0,96.505,1
2026-04-16T19:45:00Z,96.505,96.505,96.505,96.505,0.0,96.505,0
2026-04-16T20:00:00Z,96.505,96.505,96.505,96.505,3.0,96.505,3
2026-04-16T20:15:00Z,96.505,96.505,96.505,96.505,0.0,96.505,0
2026-04-16T20:30:00Z,96.505,96.505,96.505,96.505,0.0,96.505,0
2026-04-16T20:45:00Z,96.505,96.505,96.505,96.505,0.0,96.505,0
2026-04-16T22:00:00Z,96.505,96.505,96.505,96.505,9.0,96.505,2
2026-04-16T22:15:00Z,96.505,96.505,96.505,96.505,0.0,96.505,0
2026-04-16T22:30:00Z,96.505,96.505,96.505,96.505,9.0,96.505,2
2026-04-16T22:45:00Z,96.505,96.505,96.505,96.505,0.0,96.505,0
2026-04-16T23:00:00Z,96.505,96.505,96.505,96.505,0.0,96.505,0
2026-04-16T23:15:00Z,96.505,96.505,96.505,96.505,0.0,96.505,0
2026-04-16T23:30:00Z,96.505,96.505,96.505,96.505,0.0,96.505,0
2026-04-16T23:45:00Z,96.505,96.505,96.505,96.505,0.0,96.505,0
2026-04-17T00:00:00Z,96.505,96.505,96.505,96.505,0.0,96.505,0
2026-04-17T00:15:00Z,96.505,96.505,96.505,96.505,0.0,96.505,0
2026-04-17T00:30:00Z,96.505,96.505,96.505,96.505,0.0,96.505,0
2026-04-17T00:45:00Z,96.505,96.505,96.505,96.505,0.0,96.505,0
2026-04-17T01:00:00Z,96.505,96.505,96.505,96.505,0.0,96.505,0
2026-04-17T01:15:00Z,96.505,96.505,96.505,96.505,0.0,96.505,0
2026-04-17T01:30:00Z,96.505,96.505,96.505,96.505,0.0,96.505,0
2026-04-17T01:45:00Z,96.505,96.505,96.505,96.505,0.0,96.505,0
2026-04-17T02:00:00Z,96.505,96.505,96.505,96.505,0.0,96.505,0
2026-04-17T02:15:00Z,96.505,96.505,96.505,96.505,0.0,96.505,0
2026-04-17T02:30:00Z,96.505,96.505,96.505,96.505,0.0,96.505,0
2026-04-17T02:45:00Z,96.505,96.505,96.505,96.505,0.0,96.505,0
2026-04-17T03:00:00Z,96.505,96.505,96.505,96.505,0.0,96.505,0
2026-04-17T03:15:00Z,96.505,96.505,96.505,96.505,0.0,96.505,0
2026-04-17T03:30:00Z,96.505,96.505,96.505,96.505,0.0,96.505,0
2026-04-17T03:45:00Z,96.505,96.505,96.505,96.505,0.0,96.505,0
2026-04-17T04:00:00Z,96.505,96.505,96.505,96.505,0.0,96.505,0
2026-04-17T04:15:00Z,96.505,96.505,96.505,96.505,0.0,96.505,0
2026-04-17T04:30:00Z,96.505,96.505,96.505,96.505,0.0,96.505,0
2026-04-17T04:45:00Z,96.505,96.505,96.505,96.505,0.0,96.505,0
2026-04-17T05:00:00Z,96.505,96.505,96.505,96.505,0.0,96.505,0
2026-04-17T05:15:00Z,96.505,96.505,96.505,96.505,0.0,96.505,0
2026-04-17T05:30:00Z,96.505,96.505,96.505,96.505,0.0,96.505,0
2026-04-17T05:45:00Z,96.505,96.505,96.505,96.505,0.0,96.505,0
2026-04-17T06:00:00Z,96.505,96.505,96.505,96.505,0.0,96.505,0
2026-04-17T06:15:00Z,96.505,96.505,96.505,96.505,0.0,96.505,0
2026-04-17T06:30:00Z,96.505,96.505,96.505,96.505,0.0,96.505,0
2026-04-17T06:45:00Z,96.505,96.505,96.505,96.505,0.0,96.505,0
2026-04-17T07:00:00Z,96.505,96.505,96.505,96.505,0.0,96.505,0
2026-04-17T07:15:00Z,96.505,96.505,96.505,96.505,0.0,96.505,0
2026-04-17T07:30:00Z,96.505,96.505,96.505,96.505,0.0,96.505,0
2026-04-17T07:45:00Z,96.505,96.505,96.505,96.505,0.0,96.505,0
2026-04-17T08:00:00Z,96.505,96.505,96.505,96.505,0.0,96.505,0
2026-04-17T08:15:00Z,96.505,96.505,96.505,96.505,0.0,96.505,0
2026-04-17T08:30:00Z,96.505,96.505,96.505,96.505,0.0,96.505,0
2026-04-17T08:45:00Z,96.505,96.505,96.505,96.505,0.0,96.505,0
2026-04-17T09:00:00Z,96.505,96.505,96.505,96.505,0.0,96.505,0
2026-04-17T09:15:00Z,96.505,96.505,96.505,96.505,0.0,96.505,0
2026-04-17T09:30:00Z,96.505,96.505,96.505,96.505,0.0,96.505,0
2026-04-17T09:45:00Z,96.505,96.505,96.505,96.505,0.0,96.505,0
2026-04-17T10:00:00Z,96.52,96.52,96.52,96.52,1.0,96.52,1
2026-04-17T10:15:00Z,96.52,96.52,96.52,96.52,0.0,96.52,0
2026-04-17T10:30:00Z,96.52,96.52,96.52,96.52,0.0,96.52,0
2026-04-17T10:45:00Z,96.52,96.52,96.52,96.52,0.0,96.52,0
2026-04-17T11:00:00Z,96.52,96.52,96.52,96.52,0.0,96.52,0
2026-04-17T11:15:00Z,96.52,96.52,96.52,96.52,0.0,96.52,0
2026-04-17T11:30:00Z,96.52,96.52,96.52,96.52,0.0,96.52,0
2026-04-17T11:45:00Z,96.52,96.52,96.52,96.52,0.0,96.52,0
2026-04-17T12:00:00Z,96.52,96.52,96.52,96.52,60.0,96.52,10
2026-04-17T12:15:00Z,96.53,96.53,96.53,96.53,12.0,96.53,2
2026-04-17T12:30:00Z,96.545,96.55,96.545,96.55,78.0,96.5485,13
2026-04-17T12:45:00Z,96.59,96.595,96.59,96.595,7.0,96.592,3
2026-04-17T13:00:00Z,96.59,96.59,96.59,96.59,3.0,96.59,1
2026-04-17T13:15:00Z,96.58,96.58,96.58,96.58,1.0,96.58,1
2026-04-17T13:30:00Z,96.58,96.58,96.58,96.58,0.0,96.58,0
2026-04-17T13:45:00Z,96.58,96.58,96.58,96.58,0.0,96.58,0
2026-04-17T14:00:00Z,96.59,96.59,96.59,96.59,1.0,96.59,1
2026-04-17T14:15:00Z,96.6,96.6,96.6,96.6,9.0,96.6,5
2026-04-17T14:30:00Z,96.6,96.605,96.6,96.605,17.0,96.602,8
2026-04-17T14:45:00Z,96.615,96.615,96.615,96.615,7.0,96.615,3
2026-04-17T15:00:00Z,96.61,96.61,96.61,96.61,4.0,96.61,2
2026-04-17T15:15:00Z,96.605,96.605,96.605,96.605,1.0,96.605,1
2026-04-17T15:30:00Z,96.605,96.605,96.605,96.605,0.0,96.605,0
2026-04-17T15:45:00Z,96.605,96.605,96.605,96.605,0.0,96.605,0
2026-04-17T16:00:00Z,96.615,96.615,96.615,96.615,3.0,96.615,1
2026-04-17T16:15:00Z,96.615,96.615,96.615,96.615,0.0,96.615,0
2026-04-17T16:30:00Z,96.615,96.615,96.615,96.615,0.0,96.615,0
2026-04-17T16:45:00Z,96.615,96.615,96.615,96.615,0.0,96.615,0
2026-04-17T17:00:00Z,96.605,96.605,96.605,96.605,3.0,96.605,1
2026-04-17T17:15:00Z,96.605,96.605,96.605,96.605,0.0,96.605,0
2026-04-17T17:30:00Z,96.605,96.605,96.605,96.605,0.0,96.605,0
2026-04-17T17:45:00Z,96.605,96.605,96.605,96.605,0.0,96.605,0
2026-04-17T18:00:00Z,96.605,96.605,96.605,96.605,0.0,96.605,0
2026-04-17T18:15:00Z,96.61,96.61,96.605,96.605,10.0,96.6095,3
2026-04-17T18:30:00Z,96.605,96.605,96.605,96.605,0.0,96.605,0
2026-04-17T18:45:00Z,96.6,96.605,96.6,96.605,5.0,96.603,4
2026-04-17T19:00:00Z,96.605,96.605,96.605,96.605,0.0,96.605,0
2026-04-17T19:15:00Z,96.605,96.605,96.605,96.605,0.0,96.605,0
2026-04-17T19:30:00Z,96.605,96.605,96.605,96.605,0.0,96.605,0
2026-04-17T19:45:00Z,96.605,96.605,96.605,96.605,0.0,96.605,0
2026-04-17T20:00:00Z,96.605,96.605,96.605,96.605,0.0,96.605,0
2026-04-17T20:15:00Z,96.605,96.605,96.605,96.605,0.0,96.605,0
2026-04-17T20:30:00Z,96.605,96.605,96.605,96.605,0.0,96.605,0
2026-04-17T20:45:00Z,96.6,96.6,96.6,96.6,1.0,96.6,1
2026-04-19T22:00:00Z,96.565,96.565,96.545,96.545,4.0,96.56,4
2026-04-19T22:15:00Z,96.545,96.545,96.545,96.545,0.0,96.545,0
2026-04-19T22:30:00Z,96.545,96.545,96.545,96.545,0.0,96.545,0
2026-04-19T22:45:00Z,96.545,96.545,96.545,96.545,0.0,96.545,0
2026-04-19T23:00:00Z,96.545,96.545,96.545,96.545,0.0,96.545,0
2026-04-19T23:15:00Z,96.545,96.545,96.545,96.545,0.0,96.545,0
2026-04-19T23:30:00Z,96.545,96.545,96.545,96.545,0.0,96.545,0
2026-04-19T23:45:00Z,96.545,96.545,96.545,96.545,0.0,96.545,0
2026-04-20T00:00:00Z,96.545,96.545,96.545,96.545,0.0,96.545,0
2026-04-20T00:15:00Z,96.545,96.545,96.545,96.545,0.0,96.545,0
2026-04-20T00:30:00Z,96.545,96.545,96.545,96.545,0.0,96.545,0
2026-04-20T00:45:00Z,96.545,96.545,96.545,96.545,0.0,96.545,0
2026-04-20T01:00:00Z,96.545,96.545,96.545,96.545,0.0,96.545,0
2026-04-20T01:15:00Z,96.545,96.545,96.545,96.545,0.0,96.545,0
2026-04-20T01:30:00Z,96.545,96.545,96.545,96.545,0.0,96.545,0
2026-04-20T01:45:00Z,96.545,96.545,96.545,96.545,0.0,96.545,0
2026-04-20T02:00:00Z,96.545,96.545,96.545,96.545,0.0,96.545,0
2026-04-20T02:15:00Z,96.545,96.545,96.545,96.545,0.0,96.545,0
2026-04-20T02:30:00Z,96.545,96.545,96.545,96.545,0.0,96.545,0
2026-04-20T02:45:00Z,96.545,96.545,96.545,96.545,0.0,96.545,0
2026-04-20T03:00:00Z,96.545,96.545,96.545,96.545,0.0,96.545,0
2026-04-20T03:15:00Z,96.545,96.545,96.545,96.545,0.0,96.545,0
2026-04-20T03:30:00Z,96.545,96.545,96.545,96.545,0.0,96.545,0
2026-04-20T03:45:00Z,96.545,96.545,96.545,96.545,0.0,96.545,0
2026-04-20T04:00:00Z,96.545,96.545,96.545,96.545,0.0,96.545,0
2026-04-20T04:15:00Z,96.545,96.545,96.545,96.545,0.0,96.545,0
2026-04-20T04:30:00Z,96.545,96.545,96.545,96.545,0.0,96.545,0
2026-04-20T04:45:00Z,96.565,96.565,96.565,96.565,2.0,96.565,2
2026-04-20T05:00:00Z,96.565,96.565,96.565,96.565,0.0,96.565,0
2026-04-20T05:15:00Z,96.565,96.565,96.565,96.565,0.0,96.565,0
2026-04-20T05:30:00Z,96.565,96.565,96.565,96.565,0.0,96.565,0
2026-04-20T05:45:00Z,96.565,96.565,96.565,96.565,0.0,96.565,0
2026-04-20T06:00:00Z,96.565,96.565,96.565,96.565,0.0,96.565,0
2026-04-20T06:15:00Z,96.565,96.565,96.565,96.565,0.0,96.565,0
2026-04-20T06:30:00Z,96.565,96.565,96.565,96.565,0.0,96.565,0
2026-04-20T06:45:00Z,96.555,96.555,96.555,96.555,3.0,96.555,1
2026-04-20T07:00:00Z,96.555,96.555,96.555,96.555,0.0,96.555,0
2026-04-20T07:15:00Z,96.56,96.56,96.56,96.56,2.0,96.56,1
2026-04-20T07:30:00Z,96.555,96.555,96.555,96.555,2.0,96.555,1
2026-04-20T07:45:00Z,96.555,96.555,96.555,96.555,0.0,96.555,0
2026-04-20T08:00:00Z,96.555,96.555,96.555,96.555,0.0,96.555,0
2026-04-20T08:15:00Z,96.555,96.555,96.555,96.555,2.0,96.555,1
2026-04-20T08:30:00Z,96.555,96.555,96.555,96.555,0.0,96.555,0
2026-04-20T08:45:00Z,96.555,96.555,96.555,96.555,0.0,96.555,0
2026-04-20T09:00:00Z,96.565,96.565,96.565,96.565,9.0,96.565,4
2026-04-20T09:15:00Z,96.565,96.565,96.565,96.565,6.0,96.565,2
2026-04-20T09:30:00Z,96.565,96.565,96.565,96.565,0.0,96.565,0
2026-04-20T09:45:00Z,96.565,96.565,96.565,96.565,0.0,96.565,0
2026-04-20T10:00:00Z,96.565,96.565,96.565,96.565,0.0,96.565,0
2026-04-20T10:15:00Z,96.565,96.565,96.565,96.565,0.0,96.565,0
2026-04-20T10:30:00Z,96.565,96.565,96.565,96.565,0.0,96.565,0
2026-04-20T10:45:00Z,96.565,96.565,96.565,96.565,0.0,96.565,0
2026-04-20T11:00:00Z,96.56,96.56,96.56,96.56,1.0,96.56,1
2026-04-20T11:15:00Z,96.56,96.56,96.56,96.56,0.0,96.56,0
2026-04-20T11:30:00Z,96.56,96.56,96.56,96.56,0.0,96.56,0
2026-04-20T11:45:00Z,96.56,96.56,96.56,96.56,0.0,96.56,0
2026-04-20T12:00:00Z,96.56,96.56,96.56,96.56,0.0,96.56,0
2026-04-20T12:15:00Z,96.56,96.56,96.56,96.56,0.0,96.56,0
2026-04-20T12:30:00Z,96.56,96.56,96.56,96.56,0.0,96.56,0
2026-04-20T12:45:00Z,96.56,96.56,96.56,96.56,0.0,96.56,0
2026-04-20T13:00:00Z,96.56,96.56,96.56,96.56,3.0,96.56,1
2026-04-20T13:15:00Z,96.56,96.56,96.56,96.56,0.0,96.56,0
2026-04-20T13:30:00Z,96.56,96.56,96.56,96.56,0.0,96.56,0
2026-04-20T13:45:00Z,96.585,96.585,96.585,96.585,3.0,96.585,2
2026-04-20T14:00:00Z,96.585,96.585,96.585,96.585,0.0,96.585,0
2026-04-20T14:15:00Z,96.585,96.585,96.585,96.585,0.0,96.585,0
2026-04-20T14:30:00Z,96.585,96.585,96.575,96.575,2.0,96.58,2
2026-04-20T14:45:00Z,96.575,96.575,96.575,96.575,0.0,96.575,0
2026-04-20T15:00:00Z,96.575,96.575,96.575,96.575,0.0,96.575,0
2026-04-20T15:15:00Z,96.575,96.575,96.575,96.575,0.0,96.575,0
2026-04-20T15:30:00Z,96.575,96.575,96.575,96.575,0.0,96.575,0
2026-04-20T15:45:00Z,96.58,96.58,96.58,96.58,10.0,96.58,3
2026-04-20T16:00:00Z,96.58,96.58,96.58,96.58,0.0,96.58,0
2026-04-20T16:15:00Z,96.58,96.58,96.58,96.58,0.0,96.58,0
2026-04-20T16:30:00Z,96.58,96.58,96.58,96.58,0.0,96.58,0
2026-04-20T16:45:00Z,96.59,96.59,96.59,96.59,1.0,96.59,1
2026-04-20T17:00:00Z,96.59,96.59,96.59,96.59,0.0,96.59,0
2026-04-20T17:15:00Z,96.59,96.59,96.59,96.59,0.0,96.59,0
2026-04-20T17:30:00Z,96.59,96.59,96.59,96.59,5.0,96.59,1
2026-04-20T17:45:00Z,96.59,96.59,96.59,96.59,0.0,96.59,0
2026-04-20T18:00:00Z,96.59,96.59,96.59,96.59,0.0,96.59,0
2026-04-20T18:15:00Z,96.59,96.59,96.59,96.59,0.0,96.59,0
2026-04-20T18:30:00Z,96.6,96.6,96.59,96.59,29.0,96.5905,9
2026-04-20T18:45:00Z,96.595,96.6,96.595,96.595,27.0,96.5955,7
2026-04-20T19:00:00Z,96.595,96.595,96.595,96.595,0.0,96.595,0
2026-04-20T19:15:00Z,96.595,96.595,96.595,96.595,6.0,96.595,1
2026-04-20T19:30:00Z,96.595,96.595,96.595,96.595,0.0,96.595,0
2026-04-20T19:45:00Z,96.595,96.595,96.595,96.595,0.0,96.595,0
2026-04-20T20:00:00Z,96.595,96.595,96.595,96.595,0.0,96.595,0
2026-04-20T20:15:00Z,96.595,96.595,96.595,96.595,0.0,96.595,0
2026-04-20T20:30:00Z,96.595,96.595,96.595,96.595,0.0,96.595,0
2026-04-20T20:45:00Z,96.595,96.595,96.595,96.595,0.0,96.595,0
2026-04-20T22:00:00Z,96.58,96.58,96.58,96.58,2.0,96.58,2
2026-04-20T22:15:00Z,96.58,96.58,96.58,96.58,0.0,96.58,0
2026-04-20T22:30:00Z,96.58,96.58,96.58,96.58,0.0,96.58,0
2026-04-20T22:45:00Z,96.58,96.58,96.58,96.58,0.0,96.58,0
2026-04-20T23:00:00Z,96.58,96.58,96.58,96.58,0.0,96.58,0
2026-04-20T23:15:00Z,96.58,96.58,96.58,96.58,0.0,96.58,0
2026-04-20T23:30:00Z,96.58,96.58,96.58,96.58,0.0,96.58,0
2026-04-20T23:45:00Z,96.58,96.58,96.58,96.58,0.0,96.58,0
2026-04-21T00:00:00Z,96.58,96.58,96.58,96.58,0.0,96.58,0
2026-04-21T00:15:00Z,96.58,96.58,96.58,96.58,0.0,96.58,0
2026-04-21T00:30:00Z,96.58,96.58,96.58,96.58,0.0,96.58,0
2026-04-21T00:45:00Z,96.58,96.58,96.58,96.58,0.0,96.58,0
2026-04-21T01:00:00Z,96.58,96.58,96.58,96.58,0.0,96.58,0
2026-04-21T01:15:00Z,96.58,96.58,96.58,96.58,0.0,96.58,0
2026-04-21T01:30:00Z,96.58,96.58,96.58,96.58,0.0,96.58,0
2026-04-21T01:45:00Z,96.58,96.58,96.58,96.58,0.0,96.58,0
2026-04-21T02:00:00Z,96.58,96.58,96.58,96.58,0.0,96.58,0
2026-04-21T02:15:00Z,96.58,96.58,96.58,96.58,0.0,96.58,0
2026-04-21T02:30:00Z,96.58,96.58,96.58,96.58,0.0,96.58,0
2026-04-21T02:45:00Z,96.58,96.58,96.58,96.58,0.0,96.58,0
2026-04-21T03:00:00Z,96.58,96.58,96.58,96.58,0.0,96.58,0
2026-04-21T03:15:00Z,96.58,96.58,96.58,96.58,0.0,96.58,0
2026-04-21T03:30:00Z,96.58,96.58,96.58,96.58,0.0,96.58,0
2026-04-21T03:45:00Z,96.58,96.58,96.58,96.58,0.0,96.58,0
2026-04-21T04:00:00Z,96.58,96.58,96.58,96.58,0.0,96.58,0
2026-04-21T04:15:00Z,96.58,96.58,96.58,96.58,0.0,96.58,0
2026-04-21T04:30:00Z,96.58,96.58,96.58,96.58,0.0,96.58,0
2026-04-21T04:45:00Z,96.58,96.58,96.58,96.58,0.0,96.58,0
2026-04-21T05:00:00Z,96.58,96.58,96.58,96.58,0.0,96.58,0
2026-04-21T05:15:00Z,96.58,96.58,96.58,96.58,0.0,96.58,0
2026-04-21T05:30:00Z,96.58,96.58,96.58,96.58,0.0,96.58,0
2026-04-21T05:45:00Z,96.58,96.58,96.58,96.58,2.0,96.58,1
2026-04-21T06:00:00Z,96.58,96.58,96.58,96.58,0.0,96.58,0
2026-04-21T06:15:00Z,96.58,96.58,96.58,96.58,0.0,96.58,0
2026-04-21T06:30:00Z,96.57,96.57,96.57,96.57,9.0,96.57,3
2026-04-21T06:45:00Z,96.57,96.57,96.57,96.57,18.0,96.57,7
2026-04-21T07:00:00Z,96.57,96.57,96.57,96.57,0.0,96.57,0
2026-04-21T07:15:00Z,96.57,96.57,96.57,96.57,0.0,96.57,0
2026-04-21T07:30:00Z,96.57,96.57,96.57,96.57,0.0,96.57,0
2026-04-21T07:45:00Z,96.57,96.57,96.57,96.57,0.0,96.57,0
2026-04-21T08:00:00Z,96.565,96.565,96.565,96.565,7.0,96.565,2
2026-04-21T08:15:00Z,96.565,96.565,96.565,96.565,0.0,96.565,0
2026-04-21T08:30:00Z,96.565,96.565,96.565,96.565,0.0,96.565,0
2026-04-21T08:45:00Z,96.565,96.565,96.565,96.565,0.0,96.565,0
2026-04-21T09:00:00Z,96.565,96.565,96.565,96.565,0.0,96.565,0
2026-04-21T09:15:00Z,96.565,96.565,96.565,96.565,0.0,96.565,0
2026-04-21T09:30:00Z,96.565,96.565,96.565,96.565,0.0,96.565,0
2026-04-21T09:45:00Z,96.565,96.565,96.565,96.565,0.0,96.565,0
2026-04-21T10:00:00Z,96.565,96.565,96.565,96.565,0.0,96.565,0
2026-04-21T10:15:00Z,96.565,96.565,96.565,96.565,0.0,96.565,0
2026-04-21T10:30:00Z,96.565,96.565,96.565,96.565,0.0,96.565,0
2026-04-21T10:45:00Z,96.565,96.565,96.565,96.565,0.0,96.565,0
2026-04-21T11:00:00Z,96.56,96.56,96.555,96.555,30.0,96.556,8
2026-04-21T11:15:00Z,96.56,96.56,96.56,96.56,3.0,96.56,1
2026-04-21T11:30:00Z,96.56,96.56,96.56,96.56,0.0,96.56,0
2026-04-21T11:45:00Z,96.56,96.56,96.56,96.56,0.0,96.56,0
2026-04-21T12:00:00Z,96.55,96.55,96.55,96.55,3.0,96.55,1
2026-04-21T12:15:00Z,96.535,96.54,96.535,96.54,6.0,96.5385,3
2026-04-21T12:30:00Z,96.535,96.535,96.535,96.535,6.0,96.535,2
2026-04-21T12:45:00Z,96.54,96.54,96.54,96.54,1.0,96.54,1
2026-04-21T13:00:00Z,96.54,96.54,96.54,96.54,0.0,96.54,0
2026-04-21T13:15:00Z,96.52,96.52,96.52,96.52,9.0,96.52,1
2026-04-21T13:30:00Z,96.52,96.52,96.52,96.52,0.0,96.52,0
2026-04-21T13:45:00Z,96.52,96.52,96.52,96.52,0.0,96.52,0
2026-04-21T14:00:00Z,96.52,96.52,96.52,96.52,0.0,96.52,0
2026-04-21T14:15:00Z,96.52,96.52,96.52,96.52,0.0,96.52,0
2026-04-21T14:30:00Z,96.525,96.525,96.525,96.525,7.0,96.525,2
2026-04-21T14:45:00Z,96.52,96.52,96.505,96.505,90.0,96.51,29
2026-04-21T15:00:00Z,96.505,96.505,96.505,96.505,4.0,96.505,2
2026-04-21T15:15:00Z,96.51,96.51,96.51,96.51,1.0,96.51,1
2026-04-21T15:30:00Z,96.51,96.51,96.51,96.51,81.0,96.51,15
2026-04-21T15:45:00Z,96.51,96.51,96.51,96.51,101.0,96.51,22
2026-04-21T16:00:00Z,96.515,96.515,96.515,96.515,2.0,96.515,1
2026-04-21T16:15:00Z,96.515,96.515,96.515,96.515,0.0,96.515,0
2026-04-21T16:30:00Z,96.515,96.515,96.515,96.515,0.0,96.515,0
2026-04-21T16:45:00Z,96.515,96.515,96.515,96.515,0.0,96.515,0
2026-04-21T17:00:00Z,96.515,96.515,96.515,96.515,0.0,96.515,0
2026-04-21T17:15:00Z,96.5,96.5,96.5,96.5,10.0,96.5,1
2026-04-21T17:30:00Z,96.5,96.5,96.5,96.5,0.0,96.5,0
2026-04-21T17:45:00Z,96.5,96.5,96.5,96.5,0.0,96.5,0
2026-04-21T18:00:00Z,96.5,96.5,96.5,96.5,0.0,96.5,0
2026-04-21T18:15:00Z,96.5,96.5,96.5,96.5,0.0,96.5,0
2026-04-21T18:30:00Z,96.5,96.5,96.5,96.5,0.0,96.5,0
2026-04-21T18:45:00Z,96.5,96.5,96.5,96.5,0.0,96.5,0
2026-04-21T19:00:00Z,96.5,96.5,96.5,96.5,0.0,96.5,0
2026-04-21T19:15:00Z,96.5,96.5,96.5,96.5,0.0,96.5,0
2026-04-21T19:30:00Z,96.5,96.5,96.5,96.5,0.0,96.5,0
2026-04-21T19:45:00Z,96.5,96.5,96.5,96.5,0.0,96.5,0
2026-04-21T20:00:00Z,96.5,96.5,96.5,96.5,0.0,96.5,0
2026-04-21T20:15:00Z,96.5,96.5,96.5,96.5,0.0,96.5,0
2026-04-21T20:30:00Z,96.5,96.5,96.5,96.5,0.0,96.5,0
2026-04-21T20:45:00Z,96.5,96.5,96.5,96.5,0.0,96.5,0
2026-04-22T09:15:00Z,96.525,96.525,96.525,96.525,7.0,96.525,4
2026-04-22T09:30:00Z,96.525,96.525,96.525,96.525,0.0,96.525,0
2026-04-22T09:45:00Z,96.525,96.525,96.525,96.525,0.0,96.525,0
2026-04-22T10:00:00Z,96.525,96.525,96.525,96.525,0.0,96.525,0
2026-04-22T10:15:00Z,96.52,96.52,96.52,96.52,18.0,96.52,8
2026-04-22T10:30:00Z,96.52,96.52,96.52,96.52,11.0,96.52,7
2026-04-22T10:45:00Z,96.52,96.52,96.52,96.52,0.0,96.52,0
2026-04-22T11:00:00Z,96.52,96.52,96.52,96.52,0.0,96.52,0
2026-04-22T11:15:00Z,96.52,96.52,96.52,96.52,0.0,96.52,0
2026-04-22T11:30:00Z,96.52,96.52,96.52,96.52,0.0,96.52,0
2026-04-22T11:45:00Z,96.52,96.52,96.52,96.52,0.0,96.52,0
2026-04-22T12:00:00Z,96.52,96.52,96.52,96.52,0.0,96.52,0
2026-04-22T12:15:00Z,96.52,96.52,96.52,96.52,0.0,96.52,0
2026-04-22T12:30:00Z,96.52,96.52,96.52,96.52,0.0,96.52,0
2026-04-22T12:45:00Z,96.515,96.515,96.515,96.515,1.0,96.515,1
2026-04-22T13:00:00Z,96.515,96.515,96.51,96.515,101.0,96.5145,12
2026-04-22T13:15:00Z,96.515,96.52,96.515,96.52,37.0,96.519,9
2026-04-22T13:30:00Z,96.515,96.515,96.515,96.515,16.0,96.515,4
2026-04-22T13:45:00Z,96.515,96.515,96.515,96.515,3.0,96.515,1
2026-04-22T14:00:00Z,96.515,96.515,96.515,96.515,0.0,96.515,0
2026-04-22T14:15:00Z,96.515,96.515,96.515,96.515,0.0,96.515,0
2026-04-22T14:30:00Z,96.515,96.515,96.515,96.515,0.0,96.515,0
2026-04-22T14:45:00Z,96.515,96.515,96.515,96.515,0.0,96.515,0
2026-04-22T15:00:00Z,96.495,96.495,96.495,96.495,7.0,96.495,4
2026-04-22T15:15:00Z,96.495,96.495,96.495,96.495,0.0,96.495,0
2026-04-22T15:30:00Z,96.495,96.495,96.495,96.495,0.0,96.495,0
2026-04-22T15:45:00Z,96.485,96.485,96.485,96.485,2.0,96.485,2
2026-04-22T16:00:00Z,96.49,96.49,96.49,96.49,1.0,96.49,1
2026-04-22T16:15:00Z,96.49,96.49,96.49,96.49,0.0,96.49,0
2026-04-22T16:30:00Z,96.49,96.49,96.49,96.49,0.0,96.49,0
2026-04-22T16:45:00Z,96.485,96.485,96.485,96.485,9.0,96.485,2
2026-04-22T17:00:00Z,96.485,96.485,96.485,96.485,0.0,96.485,0
2026-04-22T17:15:00Z,96.495,96.495,96.495,96.495,6.0,96.495,1
2026-04-22T17:30:00Z,96.49,96.49,96.49,96.49,2.0,96.49,2
2026-04-22T17:45:00Z,96.49,96.49,96.49,96.49,22.0,96.49,7
2026-04-22T18:00:00Z,96.49,96.49,96.49,96.49,0.0,96.49,0
2026-04-22T18:15:00Z,96.49,96.49,96.49,96.49,0.0,96.49,0
2026-04-22T18:30:00Z,96.49,96.49,96.49,96.49,0.0,96.49,0
2026-04-22T18:45:00Z,96.49,96.49,96.49,96.49,0.0,96.49,0
2026-04-22T19:00:00Z,96.49,96.49,96.49,96.49,0.0,96.49,0
2026-04-22T19:15:00Z,96.49,96.49,96.49,96.49,0.0,96.49,0
2026-04-22T19:30:00Z,96.49,96.49,96.49,96.49,0.0,96.49,0
2026-04-22T19:45:00Z,96.49,96.49,96.49,96.49,0.0,96.49,0
2026-04-22T20:00:00Z,96.49,96.49,96.49,96.49,0.0,96.49,0
2026-04-22T20:15:00Z,96.49,96.49,96.49,96.49,0.0,96.49,0
2026-04-22T20:30:00Z,96.48,96.48,96.48,96.48,28.0,96.48,7
2026-04-22T20:45:00Z,96.48,96.48,96.48,96.48,0.0,96.48,0
2026-04-23T00:15:00Z,96.47,96.48,96.47,96.48,32.0,96.477,14
2026-04-23T00:30:00Z,96.48,96.48,96.48,96.48,0.0,96.48,0
2026-04-23T00:45:00Z,96.48,96.48,96.48,96.48,0.0,96.48,0
2026-04-23T01:00:00Z,96.48,96.48,96.48,96.48,0.0,96.48,0
2026-04-23T01:15:00Z,96.48,96.48,96.48,96.48,0.0,96.48,0
2026-04-23T01:30:00Z,96.48,96.48,96.48,96.48,0.0,96.48,0
2026-04-23T01:45:00Z,96.48,96.48,96.48,96.48,0.0,96.48,0
2026-04-23T02:00:00Z,96.48,96.48,96.48,96.48,0.0,96.48,0
2026-04-23T02:15:00Z,96.48,96.48,96.48,96.48,0.0,96.48,0
2026-04-23T02:30:00Z,96.48,96.48,96.48,96.48,0.0,96.48,0
2026-04-23T02:45:00Z,96.48,96.48,96.48,96.48,0.0,96.48,0
2026-04-23T03:00:00Z,96.48,96.48,96.48,96.48,0.0,96.48,0
2026-04-23T03:15:00Z,96.48,96.48,96.48,96.48,0.0,96.48,0
2026-04-23T03:30:00Z,96.48,96.48,96.48,96.48,0.0,96.48,0
2026-04-23T03:45:00Z,96.48,96.48,96.48,96.48,0.0,96.48,0
2026-04-23T04:00:00Z,96.48,96.48,96.48,96.48,0.0,96.48,0
2026-04-23T04:15:00Z,96.48,96.48,96.48,96.48,0.0,96.48,0
2026-04-23T04:30:00Z,96.48,96.48,96.48,96.48,0.0,96.48,0
2026-04-23T04:45:00Z,96.48,96.48,96.48,96.48,0.0,96.48,0
2026-04-23T05:00:00Z,96.48,96.48,96.48,96.48,0.0,96.48,0
2026-04-23T05:15:00Z,96.48,96.48,96.48,96.48,0.0,96.48,0
2026-04-23T05:30:00Z,96.48,96.48,96.48,96.48,0.0,96.48,0
2026-04-23T05:45:00Z,96.48,96.48,96.48,96.48,0.0,96.48,0
2026-04-23T06:00:00Z,96.465,96.465,96.465,96.465,1.0,96.465,1
2026-04-23T06:15:00Z,96.465,96.465,96.465,96.465,0.0,96.465,0
2026-04-23T06:30:00Z,96.465,96.465,96.465,96.465,0.0,96.465,0
2026-04-23T06:45:00Z,96.465,96.465,96.465,96.465,0.0,96.465,0
2026-04-23T07:00:00Z,96.465,96.465,96.465,96.465,0.0,96.465,0
2026-04-23T07:15:00Z,96.465,96.465,96.465,96.465,0.0,96.465,0
2026-04-23T07:30:00Z,96.465,96.465,96.465,96.465,0.0,96.465,0
2026-04-23T07:45:00Z,96.465,96.465,96.465,96.465,0.0,96.465,0
2026-04-23T08:00:00Z,96.465,96.465,96.465,96.465,0.0,96.465,0
2026-04-23T08:15:00Z,96.465,96.465,96.465,96.465,0.0,96.465,0
2026-04-23T08:30:00Z,96.465,96.465,96.465,96.465,0.0,96.465,0
2026-04-23T08:45:00Z,96.465,96.465,96.465,96.465,0.0,96.465,0
2026-04-23T09:00:00Z,96.455,96.455,96.45,96.45,48.0,96.45,5
2026-04-23T09:15:00Z,96.45,96.45,96.45,96.45,0.0,96.45,0
2026-04-23T09:30:00Z,96.455,96.455,96.455,96.455,24.0,96.455,9
2026-04-23T09:45:00Z,96.45,96.45,96.45,96.45,36.0,96.45,8
2026-04-23T10:00:00Z,96.45,96.45,96.45,96.45,0.0,96.45,0
2026-04-23T10:15:00Z,96.45,96.45,96.45,96.45,0.0,96.45,0
2026-04-23T10:30:00Z,96.45,96.45,96.45,96.45,0.0,96.45,0
2026-04-23T10:45:00Z,96.45,96.45,96.45,96.45,2.0,96.45,1
2026-04-23T11:00:00Z,96.45,96.45,96.45,96.45,0.0,96.45,0
2026-04-23T11:15:00Z,96.45,96.45,96.45,96.45,0.0,96.45,0
2026-04-23T11:30:00Z,96.45,96.45,96.45,96.45,0.0,96.45,0
2026-04-23T11:45:00Z,96.45,96.45,96.45,96.45,0.0,96.45,0
2026-04-23T12:00:00Z,96.45,96.45,96.45,96.45,0.0,96.45,0
2026-04-23T12:15:00Z,96.45,96.45,96.45,96.45,0.0,96.45,0
2026-04-23T12:30:00Z,96.45,96.45,96.45,96.45,0.0,96.45,0
2026-04-23T12:45:00Z,96.45,96.45,96.45,96.45,0.0,96.45,0
2026-04-23T13:00:00Z,96.47,96.47,96.47,96.47,9.0,96.47,2
2026-04-23T13:15:00Z,96.47,96.47,96.47,96.47,0.0,96.47,0
2026-04-23T13:30:00Z,96.485,96.485,96.485,96.485,2.0,96.485,1
2026-04-23T13:45:00Z,96.485,96.485,96.485,96.485,0.0,96.485,0
2026-04-23T14:00:00Z,96.485,96.485,96.485,96.485,0.0,96.485,0
2026-04-23T14:15:00Z,96.485,96.485,96.485,96.485,0.0,96.485,0
2026-04-23T14:30:00Z,96.485,96.485,96.485,96.485,0.0,96.485,0
2026-04-23T14:45:00Z,96.485,96.485,96.485,96.485,0.0,96.485,0
2026-04-23T15:00:00Z,96.485,96.485,96.485,96.485,0.0,96.485,0
2026-04-23T15:15:00Z,96.485,96.485,96.485,96.485,0.0,96.485,0
2026-04-23T15:30:00Z,96.485,96.485,96.485,96.485,0.0,96.485,0
2026-04-23T15:45:00Z,96.485,96.485,96.485,96.485,0.0,96.485,0
2026-04-23T16:00:00Z,96.485,96.485,96.485,96.485,0.0,96.485,0
2026-04-23T16:15:00Z,96.485,96.485,96.485,96.485,0.0,96.485,0
2026-04-23T16:30:00Z,96.485,96.485,96.485,96.485,0.0,96.485,0
2026-04-23T16:45:00Z,96.485,96.485,96.485,96.485,0.0,96.485,0
2026-04-23T17:00:00Z,96.465,96.465,96.465,96.465,2.0,96.465,1
2026-04-23T17:15:00Z,96.445,96.445,96.43,96.435,27.0,96.4365,9
2026-04-23T17:30:00Z,96.435,96.44,96.42,96.42,18.0,96.4315,7
2026-04-23T17:45:00Z,96.42,96.42,96.42,96.42,0.0,96.42,0
2026-04-23T18:00:00Z,96.42,96.42,96.42,96.42,0.0,96.42,0
2026-04-23T18:15:00Z,96.45,96.45,96.45,96.45,16.0,96.45,6
2026-04-23T18:30:00Z,96.45,96.45,96.45,96.45,0.0,96.45,0
2026-04-23T18:45:00Z,96.445,96.445,96.445,96.445,15.0,96.445,5
2026-04-23T19:00:00Z,96.445,96.445,96.445,96.445,15.0,96.445,5
2026-04-23T19:15:00Z,96.445,96.445,96.445,96.445,0.0,96.445,0
2026-04-23T19:30:00Z,96.445,96.445,96.445,96.445,0.0,96.445,0
2026-04-23T19:45:00Z,96.445,96.445,96.445,96.445,0.0,96.445,0
2026-04-23T20:00:00Z,96.445,96.445,96.445,96.445,0.0,96.445,0
2026-04-23T20:15:00Z,96.445,96.445,96.445,96.445,0.0,96.445,0
2026-04-23T20:30:00Z,96.445,96.445,96.445,96.445,0.0,96.445,0
2026-04-23T20:45:00Z,96.445,96.445,96.445,96.445,0.0,96.445,0
2026-04-24T08:30:00Z,96.415,96.415,96.415,96.415,3.0,96.415,1
2026-04-24T08:45:00Z,96.415,96.415,96.415,96.415,0.0,96.415,0
2026-04-24T09:00:00Z,96.415,96.415,96.415,96.415,0.0,96.415,0
2026-04-24T09:15:00Z,96.415,96.415,96.415,96.415,0.0,96.415,0
2026-04-24T09:30:00Z,96.415,96.415,96.415,96.415,0.0,96.415,0
2026-04-24T09:45:00Z,96.415,96.415,96.415,96.415,0.0,96.415,0
2026-04-24T10:00:00Z,96.415,96.415,96.415,96.415,0.0,96.415,0
2026-04-24T10:15:00Z,96.415,96.415,96.415,96.415,0.0,96.415,0
2026-04-24T10:30:00Z,96.415,96.415,96.415,96.415,0.0,96.415,0
2026-04-24T10:45:00Z,96.415,96.415,96.415,96.415,0.0,96.415,0
2026-04-24T11:00:00Z,96.44,96.44,96.44,96.44,1.0,96.44,1
2026-04-24T11:15:00Z,96.445,96.445,96.445,96.445,1.0,96.445,1
2026-04-24T11:30:00Z,96.445,96.445,96.445,96.445,0.0,96.445,0
2026-04-24T11:45:00Z,96.445,96.445,96.445,96.445,0.0,96.445,0
2026-04-24T12:00:00Z,96.445,96.445,96.445,96.445,0.0,96.445,0
2026-04-24T12:15:00Z,96.445,96.445,96.445,96.445,0.0,96.445,0
2026-04-24T12:30:00Z,96.445,96.445,96.445,96.445,0.0,96.445,0
2026-04-24T12:45:00Z,96.445,96.445,96.445,96.445,0.0,96.445,0
2026-04-24T13:00:00Z,96.445,96.445,96.445,96.445,0.0,96.445,0
2026-04-24T13:15:00Z,96.445,96.445,96.445,96.445,0.0,96.445,0
2026-04-24T13:30:00Z,96.445,96.445,96.445,96.445,0.0,96.445,0
2026-04-24T13:45:00Z,96.435,96.435,96.435,96.435,30.0,96.435,18
2026-04-24T14:00:00Z,96.435,96.435,96.435,96.435,0.0,96.435,0
2026-04-24T14:15:00Z,96.435,96.435,96.435,96.435,0.0,96.435,0
2026-04-24T14:30:00Z,96.495,96.495,96.495,96.495,3.0,96.495,1
2026-04-24T14:45:00Z,96.495,96.495,96.495,96.495,0.0,96.495,0
2026-04-24T15:00:00Z,96.49,96.49,96.48,96.48,2.0,96.485,2
2026-04-24T15:15:00Z,96.48,96.48,96.475,96.475,3.0,96.4785,2
2026-04-24T15:30:00Z,96.48,96.49,96.48,96.49,18.0,96.4815,6
2026-04-24T15:45:00Z,96.49,96.49,96.49,96.49,0.0,96.49,0
2026-04-24T16:00:00Z,96.49,96.49,96.49,96.49,0.0,96.49,0
2026-04-24T16:15:00Z,96.49,96.49,96.49,96.49,0.0,96.49,0
2026-04-24T16:30:00Z,96.49,96.49,96.49,96.49,0.0,96.49,0
2026-04-24T16:45:00Z,96.49,96.49,96.49,96.49,0.0,96.49,0
2026-04-24T17:00:00Z,96.5,96.5,96.5,96.5,1.0,96.5,1
2026-04-24T17:15:00Z,96.5,96.5,96.5,96.5,0.0,96.5,0
2026-04-24T17:30:00Z,96.5,96.5,96.5,96.5,0.0,96.5,0
2026-04-24T17:45:00Z,96.5,96.5,96.5,96.5,0.0,96.5,0
2026-04-24T18:00:00Z,96.5,96.5,96.5,96.5,0.0,96.5,0
2026-04-24T18:15:00Z,96.5,96.5,96.5,96.5,0.0,96.5,0
2026-04-24T18:30:00Z,96.5,96.5,96.5,96.5,0.0,96.5,0
2026-04-24T18:45:00Z,96.5,96.5,96.5,96.5,0.0,96.5,0
2026-04-24T19:00:00Z,96.5,96.5,96.5,96.5,0.0,96.5,0
2026-04-24T19:15:00Z,96.5,96.5,96.5,96.5,0.0,96.5,0
2026-04-24T19:30:00Z,96.505,96.505,96.505,96.505,2.0,96.505,1
2026-04-24T19:45:00Z,96.505,96.505,96.505,96.505,0.0,96.505,0
2026-04-24T20:00:00Z,96.505,96.505,96.505,96.505,0.0,96.505,0
2026-04-24T20:15:00Z,96.505,96.505,96.505,96.505,0.0,96.505,0
2026-04-24T20:30:00Z,96.505,96.505,96.505,96.505,0.0,96.505,0
2026-04-24T20:45:00Z,96.505,96.505,96.505,96.505,0.0,96.505,0
2026-04-26T23:30:00Z,96.47,96.47,96.47,96.47,6.0,96.47,2
2026-04-26T23:45:00Z,96.47,96.47,96.47,96.47,0.0,96.47,0
2026-04-27T00:00:00Z,96.47,96.47,96.47,96.47,0.0,96.47,0
2026-04-27T00:15:00Z,96.47,96.47,96.47,96.47,0.0,96.47,0
2026-04-27T00:30:00Z,96.47,96.47,96.47,96.47,0.0,96.47,0
2026-04-27T00:45:00Z,96.47,96.47,96.47,96.47,0.0,96.47,0
2026-04-27T01:00:00Z,96.48,96.48,96.48,96.48,3.0,96.48,1
2026-04-27T01:15:00Z,96.48,96.48,96.48,96.48,0.0,96.48,0
2026-04-27T01:30:00Z,96.48,96.48,96.48,96.48,0.0,96.48,0
2026-04-27T01:45:00Z,96.48,96.48,96.48,96.48,0.0,96.48,0
2026-04-27T02:00:00Z,96.48,96.48,96.48,96.48,0.0,96.48,0
2026-04-27T02:15:00Z,96.48,96.48,96.48,96.48,0.0,96.48,0
2026-04-27T02:30:00Z,96.48,96.48,96.48,96.48,1.0,96.48,1
2026-04-27T02:45:00Z,96.48,96.48,96.48,96.48,0.0,96.48,0
2026-04-27T03:00:00Z,96.48,96.48,96.48,96.48,0.0,96.48,0
2026-04-27T03:15:00Z,96.48,96.48,96.48,96.48,0.0,96.48,0
2026-04-27T03:30:00Z,96.48,96.48,96.48,96.48,0.0,96.48,0
2026-04-27T03:45:00Z,96.48,96.48,96.48,96.48,0.0,96.48,0
2026-04-27T04:00:00Z,96.48,96.48,96.48,96.48,0.0,96.48,0
2026-04-27T04:15:00Z,96.48,96.48,96.48,96.48,0.0,96.48,0
2026-04-27T04:30:00Z,96.48,96.48,96.48,96.48,0.0,96.48,0
2026-04-27T04:45:00Z,96.48,96.48,96.48,96.48,0.0,96.48,0
2026-04-27T05:00:00Z,96.48,96.48,96.48,96.48,0.0,96.48,0
2026-04-27T05:15:00Z,96.48,96.48,96.48,96.48,0.0,96.48,0
2026-04-27T05:30:00Z,96.48,96.48,96.48,96.48,0.0,96.48,0
2026-04-27T05:45:00Z,96.48,96.48,96.48,96.48,0.0,96.48,0
2026-04-27T06:00:00Z,96.48,96.48,96.48,96.48,0.0,96.48,0
2026-04-27T06:15:00Z,96.48,96.48,96.48,96.48,0.0,96.48,0
2026-04-27T06:30:00Z,96.48,96.48,96.48,96.48,0.0,96.48,0
2026-04-27T06:45:00Z,96.48,96.48,96.48,96.48,0.0,96.48,0
2026-04-27T07:00:00Z,96.48,96.48,96.48,96.48,0.0,96.48,0
2026-04-27T07:15:00Z,96.48,96.48,96.48,96.48,0.0,96.48,0
2026-04-27T07:30:00Z,96.48,96.48,96.48,96.48,0.0,96.48,0
2026-04-27T07:45:00Z,96.48,96.48,96.48,96.48,0.0,96.48,0
2026-04-27T08:00:00Z,96.48,96.48,96.48,96.48,0.0,96.48,0
2026-04-27T08:15:00Z,96.48,96.48,96.48,96.48,0.0,96.48,0
2026-04-27T08:30:00Z,96.48,96.48,96.48,96.48,0.0,96.48,0
2026-04-27T08:45:00Z,96.49,96.49,96.49,96.49,3.0,96.49,1
2026-04-27T09:00:00Z,96.49,96.49,96.49,96.49,0.0,96.49,0
2026-04-27T09:15:00Z,96.49,96.49,96.49,96.49,0.0,96.49,0
2026-04-27T09:30:00Z,96.49,96.49,96.49,96.49,0.0,96.49,0
2026-04-27T09:45:00Z,96.49,96.49,96.49,96.49,0.0,96.49,0
2026-04-27T10:00:00Z,96.49,96.49,96.49,96.49,0.0,96.49,0
2026-04-27T10:15:00Z,96.49,96.49,96.49,96.49,0.0,96.49,0
2026-04-27T10:30:00Z,96.49,96.49,96.49,96.49,0.0,96.49,0
2026-04-27T10:45:00Z,96.49,96.49,96.49,96.49,0.0,96.49,0
2026-04-27T11:00:00Z,96.49,96.49,96.49,96.49,0.0,96.49,0
2026-04-27T11:15:00Z,96.49,96.49,96.49,96.49,0.0,96.49,0
2026-04-27T11:30:00Z,96.49,96.49,96.49,96.49,0.0,96.49,0
2026-04-27T11:45:00Z,96.49,96.49,96.49,96.49,0.0,96.49,0
2026-04-27T12:00:00Z,96.49,96.49,96.49,96.49,0.0,96.49,0
2026-04-27T12:15:00Z,96.48,96.48,96.48,96.48,2.0,96.48,2
2026-04-27T12:30:00Z,96.48,96.48,96.48,96.48,0.0,96.48,0
2026-04-27T12:45:00Z,96.48,96.48,96.48,96.48,0.0,96.48,0
2026-04-27T13:00:00Z,96.48,96.48,96.48,96.48,0.0,96.48,0
2026-04-27T13:15:00Z,96.48,96.48,96.48,96.48,0.0,96.48,0
2026-04-27T13:30:00Z,96.48,96.48,96.48,96.48,0.0,96.48,0
2026-04-27T13:45:00Z,96.48,96.48,96.48,96.48,0.0,96.48,0
2026-04-27T14:00:00Z,96.48,96.48,96.48,96.48,0.0,96.48,0
2026-04-27T14:15:00Z,96.48,96.48,96.48,96.48,0.0,96.48,0
2026-04-27T14:30:00Z,96.48,96.48,96.48,96.48,0.0,96.48,0
2026-04-27T14:45:00Z,96.48,96.48,96.48,96.48,0.0,96.48,0
2026-04-27T15:00:00Z,96.48,96.48,96.48,96.48,0.0,96.48,0
2026-04-27T15:15:00Z,96.48,96.48,96.48,96.48,0.0,96.48,0
2026-04-27T15:30:00Z,96.48,96.48,96.48,96.48,0.0,96.48,0
2026-04-27T15:45:00Z,96.48,96.48,96.48,96.48,0.0,96.48,0
2026-04-27T16:00:00Z,96.48,96.48,96.48,96.48,0.0,96.48,0
2026-04-27T16:15:00Z,96.48,96.48,96.48,96.48,0.0,96.48,0
2026-04-27T16:30:00Z,96.48,96.48,96.48,96.48,0.0,96.48,0
2026-04-27T16:45:00Z,96.48,96.48,96.48,96.48,0.0,96.48,0
2026-04-27T17:00:00Z,96.48,96.48,96.48,96.48,0.0,96.48,0
2026-04-27T17:15:00Z,96.48,96.48,96.48,96.48,0.0,96.48,0
2026-04-27T17:30:00Z,96.48,96.48,96.48,96.48,0.0,96.48,0
2026-04-27T17:45:00Z,96.48,96.48,96.48,96.48,0.0,96.48,0
2026-04-27T18:00:00Z,96.48,96.48,96.48,96.48,0.0,96.48,0
2026-04-27T18:15:00Z,96.48,96.48,96.48,96.48,0.0,96.48,0
2026-04-27T18:30:00Z,96.48,96.48,96.48,96.48,0.0,96.48,0
2026-04-27T18:45:00Z,96.48,96.48,96.48,96.48,0.0,96.48,0
2026-04-27T19:00:00Z,96.48,96.48,96.48,96.48,0.0,96.48,0
2026-04-27T19:15:00Z,96.48,96.48,96.48,96.48,0.0,96.48,0
2026-04-27T19:30:00Z,96.48,96.48,96.48,96.48,0.0,96.48,0
2026-04-27T19:45:00Z,96.48,96.48,96.48,96.48,0.0,96.48,0
2026-04-27T20:00:00Z,96.48,96.48,96.48,96.48,0.0,96.48,0
2026-04-27T20:15:00Z,96.48,96.48,96.48,96.48,0.0,96.48,0
2026-04-27T20:30:00Z,96.48,96.48,96.48,96.48,0.0,96.48,0
2026-04-27T20:45:00Z,96.475,96.475,96.475,96.475,20.0,96.475,7
2026-04-28T03:15:00Z,96.465,96.465,96.465,96.465,3.0,96.465,1
2026-04-28T03:30:00Z,96.465,96.465,96.465,96.465,0.0,96.465,0
2026-04-28T03:45:00Z,96.465,96.465,96.465,96.465,0.0,96.465,0
2026-04-28T04:00:00Z,96.465,96.465,96.465,96.465,0.0,96.465,0
2026-04-28T04:15:00Z,96.465,96.465,96.465,96.465,9.0,96.465,2
2026-04-28T04:30:00Z,96.465,96.465,96.465,96.465,0.0,96.465,0
2026-04-28T04:45:00Z,96.465,96.465,96.465,96.465,0.0,96.465,0
2026-04-28T05:00:00Z,96.465,96.465,96.465,96.465,0.0,96.465,0
2026-04-28T05:15:00Z,96.465,96.465,96.465,96.465,0.0,96.465,0
2026-04-28T05:30:00Z,96.465,96.465,96.465,96.465,0.0,96.465,0
2026-04-28T05:45:00Z,96.46,96.46,96.46,96.46,9.0,96.46,1
2026-04-28T06:00:00Z,96.46,96.46,96.46,96.46,0.0,96.46,0
2026-04-28T06:15:00Z,96.46,96.46,96.46,96.46,0.0,96.46,0
2026-04-28T06:30:00Z,96.46,96.46,96.46,96.46,0.0,96.46,0
2026-04-28T06:45:00Z,96.46,96.46,96.46,96.46,0.0,96.46,0
2026-04-28T07:00:00Z,96.46,96.46,96.46,96.46,0.0,96.46,0
2026-04-28T07:15:00Z,96.46,96.46,96.46,96.46,0.0,96.46,0
2026-04-28T07:30:00Z,96.46,96.46,96.46,96.46,0.0,96.46,0
2026-04-28T07:45:00Z,96.46,96.46,96.46,96.46,0.0,96.46,0
2026-04-28T08:00:00Z,96.45,96.45,96.44,96.44,51.0,96.442,13
2026-04-28T08:15:00Z,96.44,96.44,96.44,96.44,44.0,96.44,15
2026-04-28T08:30:00Z,96.44,96.44,96.44,96.44,0.0,96.44,0
2026-04-28T08:45:00Z,96.445,96.445,96.445,96.445,10.0,96.445,5
2026-04-28T09:00:00Z,96.445,96.445,96.445,96.445,20.0,96.445,15
2026-04-28T09:15:00Z,96.445,96.445,96.445,96.445,0.0,96.445,0
2026-04-28T09:30:00Z,96.445,96.445,96.445,96.445,0.0,96.445,0
2026-04-28T09:45:00Z,96.445,96.445,96.445,96.445,0.0,96.445,0
2026-04-28T10:00:00Z,96.445,96.445,96.445,96.445,0.0,96.445,0
2026-04-28T10:15:00Z,96.445,96.445,96.445,96.445,0.0,96.445,0
2026-04-28T10:30:00Z,96.445,96.445,96.445,96.445,0.0,96.445,0
2026-04-28T10:45:00Z,96.445,96.445,96.445,96.445,0.0,96.445,0
2026-04-28T11:00:00Z,96.445,96.445,96.445,96.445,0.0,96.445,0
2026-04-28T11:15:00Z,96.445,96.445,96.445,96.445,0.0,96.445,0
2026-04-28T11:30:00Z,96.445,96.445,96.445,96.445,0.0,96.445,0
2026-04-28T11:45:00Z,96.4,96.4,96.4,96.4,1.0,96.4,1
2026-04-28T12:00:00Z,96.4,96.4,96.4,96.4,0.0,96.4,0
2026-04-28T12:15:00Z,96.4,96.4,96.4,96.4,0.0,96.4,0
2026-04-28T12:30:00Z,96.4,96.4,96.4,96.4,0.0,96.4,0
2026-04-28T12:45:00Z,96.4,96.4,96.4,96.4,0.0,96.4,0
2026-04-28T13:00:00Z,96.42,96.42,96.42,96.42,7.0,96.42,1
2026-04-28T13:15:00Z,96.425,96.425,96.425,96.425,3.0,96.425,1
2026-04-28T13:30:00Z,96.42,96.42,96.42,96.42,3.0,96.42,2
2026-04-28T13:45:00Z,96.43,96.43,96.42,96.42,30.0,96.425,11
2026-04-28T14:00:00Z,96.42,96.42,96.41,96.41,9.0,96.4165,3
2026-04-28T14:15:00Z,96.41,96.415,96.41,96.415,12.0,96.4135,4
2026-04-28T14:30:00Z,96.415,96.415,96.415,96.415,0.0,96.415,0
2026-04-28T14:45:00Z,96.415,96.415,96.415,96.415,0.0,96.415,0
2026-04-28T15:00:00Z,96.415,96.415,96.415,96.415,0.0,96.415,0
2026-04-28T15:15:00Z,96.415,96.415,96.415,96.415,0.0,96.415,0
2026-04-28T15:30:00Z,96.415,96.415,96.415,96.415,0.0,96.415,0
2026-04-28T15:45:00Z,96.415,96.415,96.415,96.415,0.0,96.415,0
2026-04-28T16:00:00Z,96.415,96.415,96.415,96.415,0.0,96.415,0
2026-04-28T16:15:00Z,96.415,96.415,96.415,96.415,0.0,96.415,0
2026-04-28T16:30:00Z,96.415,96.415,96.415,96.415,0.0,96.415,0
2026-04-28T16:45:00Z,96.415,96.415,96.415,96.415,0.0,96.415,0
2026-04-28T17:00:00Z,96.415,96.415,96.415,96.415,0.0,96.415,0
2026-04-28T17:15:00Z,96.415,96.415,96.415,96.415,0.0,96.415,0
2026-04-28T17:30:00Z,96.405,96.405,96.405,96.405,3.0,96.405,1
2026-04-28T17:45:00Z,96.405,96.405,96.405,96.405,0.0,96.405,0
2026-04-28T18:00:00Z,96.405,96.405,96.405,96.405,0.0,96.405,0
2026-04-28T18:15:00Z,96.405,96.405,96.405,96.405,0.0,96.405,0
2026-04-28T18:30:00Z,96.405,96.405,96.405,96.405,0.0,96.405,0
2026-04-28T18:45:00Z,96.41,96.41,96.41,96.41,1.0,96.41,1
2026-04-28T19:00:00Z,96.41,96.41,96.41,96.41,0.0,96.41,0
2026-04-28T19:15:00Z,96.41,96.41,96.41,96.41,0.0,96.41,0
2026-04-28T19:30:00Z,96.41,96.41,96.41,96.41,0.0,96.41,0
2026-04-28T19:45:00Z,96.41,96.41,96.41,96.41,0.0,96.41,0
2026-04-28T20:00:00Z,96.41,96.41,96.41,96.41,0.0,96.41,0
2026-04-28T20:15:00Z,96.41,96.41,96.41,96.41,0.0,96.41,0
2026-04-28T20:30:00Z,96.41,96.41,96.41,96.41,0.0,96.41,0
2026-04-28T20:45:00Z,96.41,96.41,96.41,96.41,0.0,96.41,0
2026-04-29T11:00:00Z,96.385,96.385,96.385,96.385,6.0,96.385,1
2026-04-29T11:15:00Z,96.385,96.385,96.385,96.385,0.0,96.385,0
2026-04-29T11:30:00Z,96.385,96.385,96.385,96.385,0.0,96.385,0
2026-04-29T11:45:00Z,96.385,96.385,96.385,96.385,13.0,96.385,2
2026-04-29T12:00:00Z,96.38,96.38,96.38,96.38,1.0,96.38,1
2026-04-29T12:15:00Z,96.38,96.38,96.38,96.38,0.0,96.38,0
2026-04-29T12:30:00Z,96.365,96.365,96.365,96.365,20.0,96.365,3
2026-04-29T12:45:00Z,96.365,96.365,96.365,96.365,3.0,96.365,1
2026-04-29T13:00:00Z,96.37,96.37,96.37,96.37,4.0,96.37,2
2026-04-29T13:15:00Z,96.365,96.365,96.365,96.365,3.0,96.365,1
2026-04-29T13:30:00Z,96.365,96.365,96.365,96.365,0.0,96.365,0
2026-04-29T13:45:00Z,96.34,96.34,96.33,96.33,12.0,96.3325,5
2026-04-29T14:00:00Z,96.33,96.33,96.33,96.33,0.0,96.33,0
2026-04-29T14:15:00Z,96.34,96.34,96.34,96.34,5.0,96.34,1
2026-04-29T14:30:00Z,96.33,96.33,96.33,96.33,2.0,96.33,1
2026-04-29T14:45:00Z,96.33,96.33,96.33,96.33,0.0,96.33,0
2026-04-29T15:00:00Z,96.33,96.33,96.33,96.33,0.0,96.33,0
2026-04-29T15:15:00Z,96.33,96.33,96.33,96.33,0.0,96.33,0
2026-04-29T15:30:00Z,96.325,96.325,96.325,96.325,5.0,96.325,1
2026-04-29T15:45:00Z,96.325,96.325,96.325,96.325,0.0,96.325,0
2026-04-29T16:00:00Z,96.325,96.325,96.325,96.325,0.0,96.325,0
2026-04-29T16:15:00Z,96.325,96.325,96.325,96.325,0.0,96.325,0
2026-04-29T16:30:00Z,96.305,96.305,96.305,96.305,1.0,96.305,1
2026-04-29T16:45:00Z,96.295,96.295,96.295,96.295,9.0,96.295,3
2026-04-29T17:00:00Z,96.3,96.3,96.3,96.3,1.0,96.3,1
2026-04-29T17:15:00Z,96.3,96.3,96.3,96.3,0.0,96.3,0
2026-04-29T17:30:00Z,96.3,96.3,96.3,96.3,0.0,96.3,0
2026-04-29T17:45:00Z,96.305,96.305,96.305,96.305,2.0,96.305,1
2026-04-29T18:00:00Z,96.265,96.265,96.265,96.265,1.0,96.265,1
2026-04-29T18:15:00Z,96.27,96.275,96.265,96.265,41.0,96.2735,16
2026-04-29T18:30:00Z,96.265,96.265,96.265,96.265,5.0,96.265,2
2026-04-29T18:45:00Z,96.235,96.25,96.235,96.25,51.0,96.244,18
2026-04-29T19:00:00Z,96.25,96.25,96.25,96.25,0.0,96.25,0
2026-04-29T19:15:00Z,96.26,96.26,96.26,96.26,1.0,96.26,1
2026-04-29T19:30:00Z,96.26,96.26,96.26,96.26,0.0,96.26,0
2026-04-29T19:45:00Z,96.26,96.27,96.26,96.26,58.0,96.264,27
2026-04-29T20:00:00Z,96.255,96.255,96.25,96.25,15.0,96.2535,5
2026-04-29T20:15:00Z,96.255,96.255,96.25,96.25,21.0,96.2505,9
2026-04-29T20:30:00Z,96.245,96.245,96.245,96.245,6.0,96.245,4
2026-04-29T20:45:00Z,96.245,96.245,96.245,96.245,0.0,96.245,0
2026-04-29T22:45:00Z,96.235,96.235,96.235,96.235,1.0,96.235,1
2026-04-29T23:00:00Z,96.235,96.235,96.235,96.235,0.0,96.235,0
2026-04-29T23:15:00Z,96.235,96.235,96.235,96.235,0.0,96.235,0
2026-04-29T23:30:00Z,96.235,96.235,96.235,96.235,0.0,96.235,0
2026-04-29T23:45:00Z,96.235,96.235,96.235,96.235,0.0,96.235,0
2026-04-30T00:00:00Z,96.235,96.235,96.235,96.235,0.0,96.235,0
2026-04-30T00:15:00Z,96.235,96.235,96.235,96.235,0.0,96.235,0
2026-04-30T00:30:00Z,96.235,96.235,96.235,96.235,0.0,96.235,0
2026-04-30T00:45:00Z,96.235,96.235,96.235,96.235,0.0,96.235,0
2026-04-30T01:00:00Z,96.235,96.235,96.235,96.235,0.0,96.235,0
2026-04-30T01:15:00Z,96.235,96.235,96.235,96.235,0.0,96.235,0
2026-04-30T01:30:00Z,96.245,96.245,96.245,96.245,4.0,96.245,1
2026-04-30T01:45:00Z,96.245,96.245,96.245,96.245,0.0,96.245,0
2026-04-30T02:00:00Z,96.245,96.245,96.245,96.245,0.0,96.245,0
2026-04-30T02:15:00Z,96.245,96.245,96.245,96.245,0.0,96.245,0
2026-04-30T02:30:00Z,96.245,96.245,96.245,96.245,0.0,96.245,0
2026-04-30T02:45:00Z,96.245,96.245,96.245,96.245,0.0,96.245,0
2026-04-30T03:00:00Z,96.245,96.245,96.245,96.245,0.0,96.245,0
2026-04-30T03:15:00Z,96.245,96.245,96.245,96.245,0.0,96.245,0
2026-04-30T03:30:00Z,96.245,96.245,96.245,96.245,0.0,96.245,0
2026-04-30T03:45:00Z,96.245,96.245,96.245,96.245,0.0,96.245,0
2026-04-30T04:00:00Z,96.24,96.24,96.24,96.24,5.0,96.24,1
2026-04-30T04:15:00Z,96.24,96.24,96.24,96.24,0.0,96.24,0
2026-04-30T04:30:00Z,96.24,96.24,96.24,96.24,0.0,96.24,0
2026-04-30T04:45:00Z,96.24,96.24,96.24,96.24,0.0,96.24,0
2026-04-30T05:00:00Z,96.24,96.24,96.24,96.24,0.0,96.24,0
2026-04-30T05:15:00Z,96.24,96.24,96.24,96.24,0.0,96.24,0
2026-04-30T05:30:00Z,96.24,96.24,96.24,96.24,0.0,96.24,0
2026-04-30T05:45:00Z,96.24,96.24,96.24,96.24,0.0,96.24,0
2026-04-30T06:00:00Z,96.24,96.24,96.24,96.24,0.0,96.24,0
2026-04-30T06:15:00Z,96.24,96.24,96.24,96.24,0.0,96.24,0
2026-04-30T06:30:00Z,96.24,96.24,96.24,96.24,0.0,96.24,0
2026-04-30T06:45:00Z,96.24,96.24,96.24,96.24,0.0,96.24,0
2026-04-30T07:00:00Z,96.255,96.255,96.255,96.255,4.0,96.255,1
2026-04-30T07:15:00Z,96.255,96.255,96.255,96.255,0.0,96.255,0
2026-04-30T07:30:00Z,96.255,96.255,96.255,96.255,0.0,96.255,0
2026-04-30T07:45:00Z,96.255,96.255,96.255,96.255,0.0,96.255,0
2026-04-30T08:00:00Z,96.255,96.255,96.255,96.255,0.0,96.255,0
2026-04-30T08:15:00Z,96.27,96.27,96.265,96.27,14.0,96.268,5
2026-04-30T08:30:00Z,96.27,96.27,96.27,96.27,0.0,96.27,0
2026-04-30T08:45:00Z,96.27,96.27,96.27,96.27,0.0,96.27,0
2026-04-30T09:00:00Z,96.27,96.27,96.27,96.27,0.0,96.27,0
2026-04-30T09:15:00Z,96.275,96.275,96.275,96.275,1.0,96.275,1
2026-04-30T09:30:00Z,96.275,96.275,96.275,96.275,0.0,96.275,0
2026-04-30T09:45:00Z,96.275,96.275,96.275,96.275,0.0,96.275,0
2026-04-30T10:00:00Z,96.275,96.275,96.275,96.275,0.0,96.275,0
2026-04-30T10:15:00Z,96.275,96.275,96.275,96.275,0.0,96.275,0
2026-04-30T10:30:00Z,96.275,96.275,96.275,96.275,0.0,96.275,0
2026-04-30T10:45:00Z,96.275,96.275,96.275,96.275,0.0,96.275,0
2026-04-30T11:00:00Z,96.275,96.275,96.275,96.275,0.0,96.275,0
2026-04-30T11:15:00Z,96.275,96.275,96.275,96.275,0.0,96.275,0
2026-04-30T11:30:00Z,96.305,96.305,96.305,96.305,1.0,96.305,1
2026-04-30T11:45:00Z,96.315,96.315,96.315,96.315,13.0,96.315,3
2026-04-30T12:00:00Z,96.315,96.315,96.31,96.31,46.0,96.3125,10
2026-04-30T12:15:00Z,96.31,96.31,96.31,96.31,0.0,96.31,0
2026-04-30T12:30:00Z,96.31,96.31,96.31,96.31,0.0,96.31,0
2026-04-30T12:45:00Z,96.31,96.31,96.31,96.31,0.0,96.31,0
2026-04-30T13:00:00Z,96.31,96.31,96.31,96.31,3.0,96.31,1
2026-04-30T13:15:00Z,96.31,96.31,96.31,96.31,0.0,96.31,0
2026-04-30T13:30:00Z,96.31,96.31,96.31,96.31,0.0,96.31,0
2026-04-30T13:45:00Z,96.31,96.31,96.31,96.31,0.0,96.31,0
2026-04-30T14:00:00Z,96.31,96.31,96.31,96.31,1.0,96.31,1
2026-04-30T14:15:00Z,96.31,96.31,96.31,96.31,0.0,96.31,0
2026-04-30T14:30:00Z,96.31,96.31,96.31,96.31,0.0,96.31,0
2026-04-30T14:45:00Z,96.31,96.31,96.31,96.31,1.0,96.31,1
2026-04-30T15:00:00Z,96.315,96.315,96.31,96.31,6.0,96.3125,2
2026-04-30T15:15:00Z,96.315,96.315,96.315,96.315,3.0,96.315,1
2026-04-30T15:30:00Z,96.315,96.315,96.315,96.315,0.0,96.315,0
2026-04-30T15:45:00Z,96.315,96.315,96.315,96.315,0.0,96.315,0
2026-04-30T16:00:00Z,96.315,96.315,96.315,96.315,0.0,96.315,0
2026-04-30T16:15:00Z,96.315,96.315,96.315,96.315,0.0,96.315,0
2026-04-30T16:30:00Z,96.315,96.315,96.315,96.315,0.0,96.315,0
2026-04-30T16:45:00Z,96.315,96.315,96.315,96.315,0.0,96.315,0
2026-04-30T17:00:00Z,96.315,96.315,96.315,96.315,0.0,96.315,0
2026-04-30T17:15:00Z,96.315,96.315,96.315,96.315,0.0,96.315,0
2026-04-30T17:30:00Z,96.32,96.32,96.32,96.32,1.0,96.32,1
2026-04-30T17:45:00Z,96.32,96.33,96.32,96.325,32.0,96.325,16
2026-04-30T18:00:00Z,96.325,96.325,96.325,96.325,23.0,96.325,3
2026-04-30T18:15:00Z,96.325,96.325,96.325,96.325,0.0,96.325,0
2026-04-30T18:30:00Z,96.325,96.325,96.325,96.325,6.0,96.325,1
2026-04-30T18:45:00Z,96.325,96.325,96.325,96.325,1.0,96.325,1
2026-04-30T19:00:00Z,96.325,96.325,96.325,96.325,0.0,96.325,0
2026-04-30T19:15:00Z,96.335,96.335,96.33,96.33,42.0,96.334,12
2026-04-30T19:30:00Z,96.33,96.33,96.33,96.33,30.0,96.33,10
2026-04-30T19:45:00Z,96.33,96.33,96.33,96.33,0.0,96.33,0
2026-04-30T20:00:00Z,96.33,96.33,96.33,96.33,0.0,96.33,0
2026-04-30T20:15:00Z,96.33,96.33,96.33,96.33,0.0,96.33,0
2026-04-30T20:30:00Z,96.33,96.33,96.33,96.33,0.0,96.33,0
2026-04-30T20:45:00Z,96.33,96.33,96.33,96.33,0.0,96.33,0
2026-05-01T12:00:00Z,96.32,96.34,96.32,96.34,52.0,96.336,12
2026-05-01T12:15:00Z,96.335,96.335,96.335,96.335,17.0,96.335,10
2026-05-01T12:30:00Z,96.335,96.335,96.335,96.335,0.0,96.335,0
2026-05-01T12:45:00Z,96.335,96.335,96.335,96.335,0.0,96.335,0
2026-05-01T13:00:00Z,96.335,96.335,96.335,96.335,0.0,96.335,0
2026-05-01T13:15:00Z,96.335,96.335,96.335,96.335,0.0,96.335,0
2026-05-01T13:30:00Z,96.335,96.335,96.335,96.335,0.0,96.335,0
2026-05-01T13:45:00Z,96.3,96.325,96.3,96.325,2.0,96.3125,2
2026-05-01T14:00:00Z,96.33,96.335,96.33,96.335,8.0,96.334,3
2026-05-01T14:15:00Z,96.37,96.37,96.37,96.37,1.0,96.37,1
2026-05-01T14:30:00Z,96.37,96.37,96.37,96.37,0.0,96.37,0
2026-05-01T14:45:00Z,96.37,96.37,96.37,96.37,0.0,96.37,0
2026-05-01T15:00:00Z,96.37,96.37,96.37,96.37,0.0,96.37,0
2026-05-01T15:15:00Z,96.37,96.37,96.37,96.37,0.0,96.37,0
2026-05-01T15:30:00Z,96.33,96.33,96.33,96.33,1.0,96.33,1
2026-05-01T15:45:00Z,96.33,96.33,96.33,96.33,0.0,96.33,0
2026-05-01T16:00:00Z,96.33,96.33,96.33,96.33,0.0,96.33,0
2026-05-01T16:15:00Z,96.33,96.33,96.33,96.33,2.0,96.33,1
2026-05-01T16:30:00Z,96.33,96.33,96.33,96.33,0.0,96.33,0
2026-05-01T16:45:00Z,96.33,96.33,96.33,96.33,0.0,96.33,0
2026-05-01T17:00:00Z,96.33,96.33,96.33,96.33,0.0,96.33,0
2026-05-01T17:15:00Z,96.33,96.33,96.33,96.33,0.0,96.33,0
2026-05-01T17:30:00Z,96.33,96.33,96.33,96.33,0.0,96.33,0
2026-05-01T17:45:00Z,96.33,96.33,96.33,96.33,6.0,96.33,2
2026-05-01T18:00:00Z,96.33,96.33,96.33,96.33,0.0,96.33,0
2026-05-01T18:15:00Z,96.33,96.33,96.33,96.33,0.0,96.33,0
2026-05-01T18:30:00Z,96.33,96.33,96.33,96.33,0.0,96.33,0
2026-05-01T18:45:00Z,96.33,96.33,96.33,96.33,0.0,96.33,0
2026-05-01T19:00:00Z,96.33,96.33,96.33,96.33,0.0,96.33,0
2026-05-01T19:15:00Z,96.33,96.33,96.33,96.33,0.0,96.33,0
2026-05-01T19:30:00Z,96.32,96.32,96.32,96.32,1.0,96.32,1
2026-05-01T19:45:00Z,96.315,96.315,96.315,96.315,2.0,96.315,1
2026-05-01T20:00:00Z,96.315,96.315,96.315,96.315,0.0,96.315,0
2026-05-01T20:15:00Z,96.315,96.315,96.315,96.315,0.0,96.315,0
2026-05-01T20:30:00Z,96.33,96.33,96.33,96.33,2.0,96.33,1
2026-05-01T20:45:00Z,96.33,96.33,96.33,96.33,0.0,96.33,0
2026-05-03T23:30:00Z,96.34,96.34,96.34,96.34,3.0,96.34,1
2026-05-03T23:45:00Z,96.34,96.34,96.34,96.34,0.0,96.34,0
2026-05-04T00:00:00Z,96.34,96.34,96.34,96.34,0.0,96.34,0
2026-05-04T00:15:00Z,96.34,96.34,96.34,96.34,0.0,96.34,0
2026-05-04T00:30:00Z,96.34,96.34,96.34,96.34,0.0,96.34,0
2026-05-04T00:45:00Z,96.34,96.34,96.34,96.34,0.0,96.34,0
2026-05-04T01:00:00Z,96.34,96.34,96.34,96.34,0.0,96.34,0
2026-05-04T01:15:00Z,96.34,96.34,96.34,96.34,0.0,96.34,0
2026-05-04T01:30:00Z,96.34,96.34,96.34,96.34,0.0,96.34,0
2026-05-04T01:45:00Z,96.34,96.34,96.34,96.34,0.0,96.34,0
2026-05-04T02:00:00Z,96.34,96.34,96.34,96.34,0.0,96.34,0
2026-05-04T02:15:00Z,96.34,96.34,96.34,96.34,0.0,96.34,0
2026-05-04T02:30:00Z,96.34,96.34,96.34,96.34,0.0,96.34,0
2026-05-04T02:45:00Z,96.34,96.34,96.34,96.34,0.0,96.34,0
2026-05-04T03:00:00Z,96.34,96.34,96.34,96.34,0.0,96.34,0
2026-05-04T03:15:00Z,96.34,96.34,96.34,96.34,0.0,96.34,0
2026-05-04T03:30:00Z,96.34,96.34,96.34,96.34,0.0,96.34,0
2026-05-04T03:45:00Z,96.34,96.34,96.34,96.34,0.0,96.34,0
2026-05-04T04:00:00Z,96.34,96.34,96.34,96.34,0.0,96.34,0
2026-05-04T04:15:00Z,96.34,96.34,96.34,96.34,0.0,96.34,0
2026-05-04T04:30:00Z,96.34,96.34,96.34,96.34,0.0,96.34,0
2026-05-04T04:45:00Z,96.34,96.34,96.34,96.34,0.0,96.34,0
2026-05-04T05:00:00Z,96.34,96.34,96.34,96.34,0.0,96.34,0
2026-05-04T05:15:00Z,96.34,96.34,96.34,96.34,0.0,96.34,0
2026-05-04T05:30:00Z,96.34,96.34,96.34,96.34,0.0,96.34,0
2026-05-04T05:45:00Z,96.34,96.34,96.34,96.34,0.0,96.34,0
2026-05-04T06:00:00Z,96.34,96.34,96.34,96.34,0.0,96.34,0
2026-05-04T06:15:00Z,96.34,96.34,96.34,96.34,0.0,96.34,0
2026-05-04T06:30:00Z,96.3,96.3,96.3,96.3,6.0,96.3,1
2026-05-04T06:45:00Z,96.3,96.3,96.3,96.3,0.0,96.3,0
2026-05-04T07:00:00Z,96.3,96.3,96.3,96.3,0.0,96.3,0
2026-05-04T07:15:00Z,96.3,96.3,96.3,96.3,0.0,96.3,0
2026-05-04T07:30:00Z,96.3,96.3,96.3,96.3,0.0,96.3,0
2026-05-04T07:45:00Z,96.3,96.3,96.3,96.3,0.0,96.3,0
2026-05-04T08:00:00Z,96.3,96.3,96.3,96.3,0.0,96.3,0
2026-05-04T08:15:00Z,96.3,96.3,96.3,96.3,0.0,96.3,0
2026-05-04T08:30:00Z,96.3,96.3,96.3,96.3,0.0,96.3,0
2026-05-04T08:45:00Z,96.3,96.3,96.3,96.3,0.0,96.3,0
2026-05-04T09:00:00Z,96.3,96.3,96.3,96.3,0.0,96.3,0
2026-05-04T09:15:00Z,96.3,96.3,96.3,96.3,0.0,96.3,0
2026-05-04T09:30:00Z,96.3,96.3,96.3,96.3,0.0,96.3,0
2026-05-04T09:45:00Z,96.3,96.3,96.3,96.3,0.0,96.3,0
2026-05-04T10:00:00Z,96.3,96.3,96.3,96.3,0.0,96.3,0
2026-05-04T10:15:00Z,96.3,96.3,96.3,96.3,0.0,96.3,0
2026-05-04T10:30:00Z,96.3,96.3,96.3,96.3,0.0,96.3,0
2026-05-04T10:45:00Z,96.3,96.3,96.3,96.3,0.0,96.3,0
2026-05-04T11:00:00Z,96.3,96.3,96.3,96.3,0.0,96.3,0
2026-05-04T11:15:00Z,96.3,96.3,96.3,96.3,0.0,96.3,0
2026-05-04T11:30:00Z,96.3,96.3,96.3,96.3,0.0,96.3,0
2026-05-04T11:45:00Z,96.3,96.3,96.3,96.3,0.0,96.3,0
2026-05-04T12:00:00Z,96.3,96.3,96.3,96.3,0.0,96.3,0
2026-05-04T12:15:00Z,96.3,96.3,96.3,96.3,0.0,96.3,0
2026-05-04T12:30:00Z,96.3,96.3,96.3,96.3,0.0,96.3,0
2026-05-04T12:45:00Z,96.3,96.3,96.3,96.3,0.0,96.3,0
2026-05-04T13:00:00Z,96.3,96.3,96.3,96.3,0.0,96.3,0
2026-05-04T13:15:00Z,96.275,96.275,96.275,96.275,2.0,96.275,1
2026-05-04T13:30:00Z,96.275,96.275,96.275,96.275,0.0,96.275,0
2026-05-04T13:45:00Z,96.26,96.26,96.26,96.26,1.0,96.26,1
2026-05-04T14:00:00Z,96.26,96.26,96.26,96.26,0.0,96.26,0
2026-05-04T14:15:00Z,96.26,96.26,96.26,96.26,0.0,96.26,0
2026-05-04T14:30:00Z,96.26,96.26,96.26,96.26,0.0,96.26,0
2026-05-04T14:45:00Z,96.26,96.26,96.26,96.26,0.0,96.26,0
2026-05-04T15:00:00Z,96.25,96.25,96.25,96.25,1.0,96.25,1
2026-05-04T15:15:00Z,96.25,96.25,96.25,96.25,0.0,96.25,0
2026-05-04T15:30:00Z,96.25,96.25,96.25,96.25,0.0,96.25,0
2026-05-04T15:45:00Z,96.225,96.225,96.205,96.205,21.0,96.208,9
2026-05-04T16:00:00Z,96.205,96.205,96.17,96.17,52.0,96.19,22
2026-05-04T16:15:00Z,96.17,96.175,96.17,96.175,10.0,96.172,8
2026-05-04T16:30:00Z,96.195,96.195,96.18,96.18,9.0,96.1835,2
2026-05-04T16:45:00Z,96.195,96.195,96.19,96.19,14.0,96.193,4
2026-05-04T17:00:00Z,96.19,96.19,96.19,96.19,0.0,96.19,0
2026-05-04T17:15:00Z,96.195,96.195,96.195,96.195,2.0,96.195,1
2026-05-04T17:30:00Z,96.195,96.195,96.195,96.195,0.0,96.195,0
2026-05-04T17:45:00Z,96.195,96.195,96.195,96.195,0.0,96.195,0
2026-05-04T18:00:00Z,96.2,96.2,96.2,96.2,1.0,96.2,1
2026-05-04T18:15:00Z,96.195,96.195,96.195,96.195,1.0,96.195,1
2026-05-04T18:30:00Z,96.195,96.195,96.195,96.195,0.0,96.195,0
2026-05-04T18:45:00Z,96.195,96.195,96.195,96.195,0.0,96.195,0
2026-05-04T19:00:00Z,96.195,96.195,96.195,96.195,0.0,96.195,0
2026-05-04T19:15:00Z,96.215,96.215,96.215,96.215,1.0,96.215,1
2026-05-04T19:30:00Z,96.22,96.22,96.215,96.215,3.0,96.2185,3
2026-05-04T19:45:00Z,96.215,96.215,96.215,96.215,3.0,96.215,1
2026-05-04T20:00:00Z,96.215,96.215,96.215,96.215,5.0,96.215,3
2026-05-04T20:15:00Z,96.215,96.215,96.215,96.215,1.0,96.215,1
2026-05-04T20:30:00Z,96.22,96.22,96.22,96.22,3.0,96.22,1
2026-05-04T20:45:00Z,96.22,96.22,96.22,96.22,0.0,96.22,0
2026-05-05T05:15:00Z,96.215,96.215,96.215,96.215,3.0,96.215,1
2026-05-05T05:30:00Z,96.22,96.22,96.22,96.22,1.0,96.22,1
2026-05-05T05:45:00Z,96.22,96.22,96.22,96.22,14.0,96.22,9
2026-05-05T06:00:00Z,96.225,96.225,96.22,96.22,4.0,96.221,2
2026-05-05T06:15:00Z,96.22,96.22,96.22,96.22,0.0,96.22,0
2026-05-05T06:30:00Z,96.22,96.22,96.22,96.22,0.0,96.22,0
2026-05-05T06:45:00Z,96.22,96.22,96.22,96.22,0.0,96.22,0
2026-05-05T07:00:00Z,96.22,96.22,96.22,96.22,0.0,96.22,0
2026-05-05T07:15:00Z,96.22,96.22,96.22,96.22,0.0,96.22,0
2026-05-05T07:30:00Z,96.22,96.22,96.22,96.22,0.0,96.22,0
2026-05-05T07:45:00Z,96.22,96.22,96.22,96.22,0.0,96.22,0
2026-05-05T08:00:00Z,96.22,96.22,96.22,96.22,0.0,96.22,0
2026-05-05T08:15:00Z,96.22,96.22,96.22,96.22,0.0,96.22,0
2026-05-05T08:30:00Z,96.22,96.22,96.22,96.22,0.0,96.22,0
2026-05-05T08:45:00Z,96.22,96.22,96.22,96.22,0.0,96.22,0
2026-05-05T09:00:00Z,96.22,96.22,96.22,96.22,0.0,96.22,0
2026-05-05T09:15:00Z,96.22,96.22,96.22,96.22,0.0,96.22,0
2026-05-05T09:30:00Z,96.22,96.22,96.22,96.22,0.0,96.22,0
2026-05-05T09:45:00Z,96.22,96.22,96.22,96.22,0.0,96.22,0
2026-05-05T10:00:00Z,96.22,96.22,96.22,96.22,0.0,96.22,0
2026-05-05T10:15:00Z,96.22,96.22,96.22,96.22,0.0,96.22,0
2026-05-05T10:30:00Z,96.22,96.22,96.22,96.22,0.0,96.22,0
2026-05-05T10:45:00Z,96.22,96.22,96.22,96.22,0.0,96.22,0
2026-05-05T11:00:00Z,96.22,96.22,96.22,96.22,0.0,96.22,0
2026-05-05T11:15:00Z,96.22,96.22,96.22,96.22,0.0,96.22,0
2026-05-05T11:30:00Z,96.22,96.22,96.22,96.22,0.0,96.22,0
2026-05-05T11:45:00Z,96.22,96.22,96.22,96.22,0.0,96.22,0
2026-05-05T12:00:00Z,96.22,96.22,96.22,96.22,0.0,96.22,0
2026-05-05T12:15:00Z,96.22,96.22,96.22,96.22,0.0,96.22,0
2026-05-05T12:30:00Z,96.22,96.22,96.22,96.22,0.0,96.22,0
2026-05-05T12:45:00Z,96.22,96.22,96.22,96.22,0.0,96.22,0
2026-05-05T13:00:00Z,96.22,96.22,96.22,96.22,0.0,96.22,0
2026-05-05T13:15:00Z,96.23,96.23,96.23,96.23,3.0,96.23,1
2026-05-05T13:30:00Z,96.23,96.23,96.23,96.23,0.0,96.23,0
2026-05-05T13:45:00Z,96.23,96.23,96.23,96.23,0.0,96.23,0
2026-05-05T14:00:00Z,96.23,96.23,96.23,96.23,0.0,96.23,0
2026-05-05T14:15:00Z,96.23,96.23,96.23,96.23,0.0,96.23,0
2026-05-05T14:30:00Z,96.23,96.23,96.23,96.23,0.0,96.23,0
2026-05-05T14:45:00Z,96.23,96.23,96.23,96.23,2.0,96.23,1
2026-05-05T15:00:00Z,96.235,96.235,96.235,96.235,6.0,96.235,2
2026-05-05T15:15:00Z,96.235,96.235,96.235,96.235,6.0,96.235,2
2026-05-05T15:30:00Z,96.235,96.24,96.235,96.24,6.0,96.2375,2
2026-05-05T15:45:00Z,96.24,96.24,96.24,96.24,0.0,96.24,0
2026-05-05T16:00:00Z,96.24,96.24,96.24,96.24,0.0,96.24,0
2026-05-05T16:15:00Z,96.24,96.24,96.24,96.24,0.0,96.24,0
2026-05-05T16:30:00Z,96.24,96.24,96.24,96.24,1.0,96.24,1
2026-05-05T16:45:00Z,96.24,96.24,96.24,96.24,0.0,96.24,0
2026-05-05T17:00:00Z,96.24,96.24,96.24,96.24,0.0,96.24,0
2026-05-05T17:15:00Z,96.24,96.24,96.24,96.24,0.0,96.24,0
2026-05-05T17:30:00Z,96.24,96.24,96.24,96.24,0.0,96.24,0
2026-05-05T17:45:00Z,96.24,96.24,96.24,96.24,0.0,96.24,0
2026-05-05T18:00:00Z,96.24,96.24,96.24,96.24,0.0,96.24,0
2026-05-05T18:15:00Z,96.24,96.24,96.24,96.24,0.0,96.24,0
2026-05-05T18:30:00Z,96.24,96.24,96.24,96.24,0.0,96.24,0
2026-05-05T18:45:00Z,96.24,96.24,96.24,96.24,0.0,96.24,0
2026-05-05T19:00:00Z,96.24,96.24,96.24,96.24,0.0,96.24,0
2026-05-05T19:15:00Z,96.24,96.24,96.24,96.24,0.0,96.24,0
2026-05-05T19:30:00Z,96.24,96.24,96.24,96.24,0.0,96.24,0
2026-05-05T19:45:00Z,96.24,96.24,96.24,96.24,0.0,96.24,0
2026-05-05T20:00:00Z,96.24,96.24,96.24,96.24,0.0,96.24,0
2026-05-05T20:15:00Z,96.24,96.24,96.24,96.24,0.0,96.24,0
2026-05-05T20:30:00Z,96.24,96.24,96.24,96.24,0.0,96.24,0
2026-05-05T20:45:00Z,96.24,96.24,96.24,96.24,0.0,96.24,0
2026-05-05T23:15:00Z,96.265,96.27,96.265,96.27,6.0,96.2675,2
2026-05-05T23:30:00Z,96.27,96.27,96.27,96.27,0.0,96.27,0
2026-05-05T23:45:00Z,96.27,96.27,96.27,96.27,0.0,96.27,0
2026-05-06T00:00:00Z,96.27,96.27,96.27,96.27,0.0,96.27,0
2026-05-06T00:15:00Z,96.27,96.27,96.27,96.27,0.0,96.27,0
2026-05-06T00:30:00Z,96.27,96.27,96.27,96.27,0.0,96.27,0
2026-05-06T00:45:00Z,96.27,96.27,96.27,96.27,0.0,96.27,0
2026-05-06T01:00:00Z,96.27,96.27,96.27,96.27,0.0,96.27,0
2026-05-06T01:15:00Z,96.27,96.27,96.27,96.27,0.0,96.27,0
2026-05-06T01:30:00Z,96.27,96.27,96.27,96.27,0.0,96.27,0
2026-05-06T01:45:00Z,96.27,96.27,96.27,96.27,0.0,96.27,0
2026-05-06T02:00:00Z,96.27,96.27,96.27,96.27,0.0,96.27,0
2026-05-06T02:15:00Z,96.27,96.27,96.27,96.27,0.0,96.27,0
2026-05-06T02:30:00Z,96.27,96.27,96.27,96.27,0.0,96.27,0
2026-05-06T02:45:00Z,96.27,96.27,96.27,96.27,0.0,96.27,0
2026-05-06T03:00:00Z,96.27,96.27,96.27,96.27,0.0,96.27,0
2026-05-06T03:15:00Z,96.27,96.27,96.27,96.27,0.0,96.27,0
2026-05-06T03:30:00Z,96.27,96.27,96.27,96.27,0.0,96.27,0
2026-05-06T03:45:00Z,96.27,96.27,96.27,96.27,0.0,96.27,0
2026-05-06T04:00:00Z,96.27,96.27,96.27,96.27,0.0,96.27,0
2026-05-06T04:15:00Z,96.27,96.27,96.27,96.27,0.0,96.27,0
2026-05-06T04:30:00Z,96.26,96.26,96.26,96.26,1.0,96.26,1
2026-05-06T04:45:00Z,96.26,96.26,96.26,96.26,0.0,96.26,0
2026-05-06T05:00:00Z,96.26,96.26,96.26,96.26,0.0,96.26,0
2026-05-06T05:15:00Z,96.26,96.26,96.26,96.26,0.0,96.26,0
2026-05-06T05:30:00Z,96.26,96.26,96.26,96.26,0.0,96.26,0
2026-05-06T05:45:00Z,96.27,96.27,96.27,96.27,2.0,96.27,2
2026-05-06T06:00:00Z,96.27,96.27,96.27,96.27,0.0,96.27,0
2026-05-06T06:15:00Z,96.27,96.27,96.27,96.27,0.0,96.27,0
2026-05-06T06:30:00Z,96.27,96.27,96.27,96.27,0.0,96.27,0
2026-05-06T06:45:00Z,96.27,96.27,96.27,96.27,0.0,96.27,0
2026-05-06T07:00:00Z,96.27,96.27,96.27,96.27,0.0,96.27,0
2026-05-06T07:15:00Z,96.27,96.27,96.27,96.27,0.0,96.27,0
2026-05-06T07:30:00Z,96.27,96.27,96.27,96.27,0.0,96.27,0
2026-05-06T07:45:00Z,96.3,96.3,96.3,96.3,4.0,96.3,1
2026-05-06T08:00:00Z,96.3,96.3,96.295,96.295,4.0,96.2985,3
2026-05-06T08:15:00Z,96.295,96.295,96.295,96.295,0.0,96.295,0
2026-05-06T08:30:00Z,96.295,96.295,96.295,96.295,6.0,96.295,2
2026-05-06T08:45:00Z,96.315,96.315,96.315,96.315,16.0,96.315,2
2026-05-06T09:00:00Z,96.32,96.32,96.32,96.32,3.0,96.32,2
2026-05-06T09:15:00Z,96.32,96.32,96.32,96.32,0.0,96.32,0
2026-05-06T09:30:00Z,96.32,96.32,96.32,96.32,0.0,96.32,0
2026-05-06T09:45:00Z,96.32,96.32,96.32,96.32,0.0,96.32,0
2026-05-06T10:00:00Z,96.32,96.32,96.32,96.32,0.0,96.32,0
2026-05-06T10:15:00Z,96.32,96.32,96.32,96.32,0.0,96.32,0
2026-05-06T10:30:00Z,96.32,96.32,96.32,96.32,0.0,96.32,0
2026-05-06T10:45:00Z,96.32,96.32,96.32,96.32,0.0,96.32,0
2026-05-06T11:00:00Z,96.365,96.365,96.365,96.365,1.0,96.365,1
2026-05-06T11:15:00Z,96.365,96.365,96.365,96.365,0.0,96.365,0
2026-05-06T11:30:00Z,96.345,96.345,96.345,96.345,5.0,96.345,1
2026-05-06T11:45:00Z,96.345,96.345,96.345,96.345,0.0,96.345,0
2026-05-06T12:00:00Z,96.32,96.32,96.32,96.32,17.0,96.32,8
2026-05-06T12:15:00Z,96.32,96.32,96.32,96.32,3.0,96.32,3
2026-05-06T12:30:00Z,96.32,96.32,96.32,96.32,0.0,96.32,0
2026-05-06T12:45:00Z,96.32,96.32,96.32,96.32,0.0,96.32,0
2026-05-06T13:00:00Z,96.325,96.325,96.325,96.325,2.0,96.325,1
2026-05-06T13:15:00Z,96.325,96.325,96.325,96.325,0.0,96.325,0
2026-05-06T13:30:00Z,96.325,96.325,96.325,96.325,0.0,96.325,0
2026-05-06T13:45:00Z,96.325,96.325,96.325,96.325,0.0,96.325,0
2026-05-06T14:00:00Z,96.31,96.31,96.31,96.31,3.0,96.31,1
2026-05-06T14:15:00Z,96.31,96.31,96.31,96.31,0.0,96.31,0
2026-05-06T14:30:00Z,96.31,96.31,96.31,96.31,0.0,96.31,0
2026-05-06T14:45:00Z,96.31,96.31,96.31,96.31,0.0,96.31,0
2026-05-06T15:00:00Z,96.31,96.31,96.31,96.31,0.0,96.31,0
2026-05-06T15:15:00Z,96.325,96.325,96.325,96.325,3.0,96.325,1
2026-05-06T15:30:00Z,96.325,96.325,96.325,96.325,3.0,96.325,1
2026-05-06T15:45:00Z,96.32,96.32,96.32,96.32,38.0,96.32,13
2026-05-06T16:00:00Z,96.315,96.315,96.315,96.315,6.0,96.315,2
2026-05-06T16:15:00Z,96.315,96.315,96.315,96.315,0.0,96.315,0
2026-05-06T16:30:00Z,96.315,96.315,96.315,96.315,0.0,96.315,0
2026-05-06T16:45:00Z,96.315,96.315,96.315,96.315,1.0,96.315,1
2026-05-06T17:00:00Z,96.315,96.315,96.315,96.315,3.0,96.315,1
2026-05-06T17:15:00Z,96.315,96.315,96.315,96.315,0.0,96.315,0
2026-05-06T17:30:00Z,96.32,96.32,96.32,96.32,6.0,96.32,2
2026-05-06T17:45:00Z,96.32,96.32,96.32,96.32,0.0,96.32,0
2026-05-06T18:00:00Z,96.32,96.32,96.32,96.32,0.0,96.32,0
2026-05-06T18:15:00Z,96.32,96.32,96.32,96.32,0.0,96.32,0
2026-05-06T18:30:00Z,96.32,96.32,96.32,96.32,0.0,96.32,0
2026-05-06T18:45:00Z,96.32,96.32,96.32,96.32,0.0,96.32,0
2026-05-06T19:00:00Z,96.32,96.32,96.32,96.32,0.0,96.32,0
2026-05-06T19:15:00Z,96.32,96.32,96.32,96.32,0.0,96.32,0
2026-05-06T19:30:00Z,96.32,96.32,96.32,96.32,0.0,96.32,0
2026-05-06T19:45:00Z,96.32,96.32,96.32,96.32,0.0,96.32,0
2026-05-06T20:00:00Z,96.32,96.32,96.32,96.32,0.0,96.32,0
2026-05-06T20:15:00Z,96.32,96.32,96.32,96.32,0.0,96.32,0
2026-05-06T20:30:00Z,96.32,96.32,96.32,96.32,0.0,96.32,0
2026-05-06T20:45:00Z,96.32,96.32,96.32,96.32,0.0,96.32,0
2026-05-07T12:30:00Z,96.37,96.37,96.37,96.37,3.0,96.37,3
2026-05-07T12:45:00Z,96.37,96.37,96.37,96.37,0.0,96.37,0
2026-05-07T13:00:00Z,96.37,96.37,96.355,96.355,4.0,96.359,2
2026-05-07T13:15:00Z,96.355,96.355,96.355,96.355,6.0,96.355,1
2026-05-07T13:30:00Z,96.35,96.35,96.35,96.35,46.0,96.35,10
2026-05-07T13:45:00Z,96.35,96.35,96.35,96.35,6.0,96.35,1
2026-05-07T14:00:00Z,96.35,96.35,96.35,96.35,0.0,96.35,0
2026-05-07T14:15:00Z,96.35,96.35,96.35,96.35,0.0,96.35,0
2026-05-07T14:30:00Z,96.35,96.35,96.35,96.35,0.0,96.35,0
2026-05-07T14:45:00Z,96.35,96.35,96.35,96.35,0.0,96.35,0
2026-05-07T15:00:00Z,96.35,96.35,96.35,96.35,0.0,96.35,0
2026-05-07T15:15:00Z,96.35,96.35,96.35,96.35,0.0,96.35,0
2026-05-07T15:30:00Z,96.31,96.31,96.31,96.31,3.0,96.31,1
2026-05-07T15:45:00Z,96.3,96.3,96.3,96.3,3.0,96.3,1
2026-05-07T16:00:00Z,96.295,96.295,96.295,96.295,1.0,96.295,1
2026-05-07T16:15:00Z,96.295,96.295,96.295,96.295,0.0,96.295,0
2026-05-07T16:30:00Z,96.295,96.295,96.285,96.285,3.0,96.2915,2
2026-05-07T16:45:00Z,96.285,96.285,96.285,96.285,0.0,96.285,0
2026-05-07T17:00:00Z,96.285,96.285,96.285,96.285,0.0,96.285,0
2026-05-07T17:15:00Z,96.285,96.285,96.285,96.285,0.0,96.285,0
2026-05-07T17:30:00Z,96.285,96.285,96.285,96.285,0.0,96.285,0
2026-05-07T17:45:00Z,96.285,96.285,96.285,96.285,0.0,96.285,0
2026-05-07T18:00:00Z,96.285,96.285,96.285,96.285,0.0,96.285,0
2026-05-07T18:15:00Z,96.265,96.265,96.265,96.265,1.0,96.265,1
2026-05-07T18:30:00Z,96.265,96.265,96.265,96.265,0.0,96.265,0
2026-05-07T18:45:00Z,96.265,96.265,96.265,96.265,0.0,96.265,0
2026-05-07T19:00:00Z,96.265,96.265,96.265,96.265,0.0,96.265,0
2026-05-07T19:15:00Z,96.265,96.265,96.265,96.265,0.0,96.265,0
2026-05-07T19:30:00Z,96.265,96.265,96.265,96.265,0.0,96.265,0
2026-05-07T19:45:00Z,96.255,96.255,96.255,96.255,9.0,96.255,4
2026-05-07T20:00:00Z,96.265,96.275,96.265,96.275,4.0,96.2725,3
2026-05-07T20:15:00Z,96.275,96.275,96.275,96.275,0.0,96.275,0
2026-05-07T20:30:00Z,96.275,96.275,96.275,96.275,0.0,96.275,0
2026-05-07T20:45:00Z,96.275,96.275,96.275,96.275,0.0,96.275,0
2026-05-08T02:00:00Z,96.27,96.27,96.27,96.27,3.0,96.27,3
2026-05-08T02:15:00Z,96.27,96.27,96.27,96.27,0.0,96.27,0
2026-05-08T02:30:00Z,96.27,96.27,96.27,96.27,0.0,96.27,0
2026-05-08T02:45:00Z,96.27,96.27,96.27,96.27,0.0,96.27,0
2026-05-08T03:00:00Z,96.27,96.27,96.27,96.27,0.0,96.27,0
2026-05-08T03:15:00Z,96.27,96.27,96.27,96.27,0.0,96.27,0
2026-05-08T03:30:00Z,96.27,96.27,96.27,96.27,0.0,96.27,0
2026-05-08T03:45:00Z,96.27,96.27,96.27,96.27,0.0,96.27,0
2026-05-08T04:00:00Z,96.27,96.27,96.27,96.27,0.0,96.27,0
2026-05-08T04:15:00Z,96.27,96.27,96.27,96.27,0.0,96.27,0
2026-05-08T04:30:00Z,96.27,96.27,96.27,96.27,0.0,96.27,0
2026-05-08T04:45:00Z,96.27,96.27,96.27,96.27,0.0,96.27,0
2026-05-08T05:00:00Z,96.27,96.27,96.27,96.27,0.0,96.27,0
2026-05-08T05:15:00Z,96.27,96.27,96.27,96.27,0.0,96.27,0
2026-05-08T05:30:00Z,96.27,96.27,96.27,96.27,0.0,96.27,0
2026-05-08T05:45:00Z,96.27,96.27,96.27,96.27,0.0,96.27,0
2026-05-08T06:00:00Z,96.27,96.27,96.27,96.27,0.0,96.27,0
2026-05-08T06:15:00Z,96.27,96.27,96.27,96.27,0.0,96.27,0
2026-05-08T06:30:00Z,96.27,96.27,96.27,96.27,0.0,96.27,0
2026-05-08T06:45:00Z,96.27,96.27,96.27,96.27,0.0,96.27,0
2026-05-08T07:00:00Z,96.27,96.27,96.27,96.27,0.0,96.27,0
2026-05-08T07:15:00Z,96.27,96.27,96.27,96.27,0.0,96.27,0
2026-05-08T07:30:00Z,96.27,96.27,96.27,96.27,0.0,96.27,0
2026-05-08T07:45:00Z,96.27,96.27,96.27,96.27,0.0,96.27,0
2026-05-08T08:00:00Z,96.27,96.27,96.27,96.27,0.0,96.27,0
2026-05-08T08:15:00Z,96.27,96.27,96.27,96.27,0.0,96.27,0
2026-05-08T08:30:00Z,96.27,96.27,96.27,96.27,0.0,96.27,0
2026-05-08T08:45:00Z,96.27,96.27,96.27,96.27,0.0,96.27,0
2026-05-08T09:00:00Z,96.27,96.27,96.27,96.27,0.0,96.27,0
2026-05-08T09:15:00Z,96.27,96.27,96.27,96.27,0.0,96.27,0
2026-05-08T09:30:00Z,96.27,96.27,96.27,96.27,0.0,96.27,0
2026-05-08T09:45:00Z,96.27,96.27,96.27,96.27,0.0,96.27,0
2026-05-08T10:00:00Z,96.27,96.27,96.27,96.27,0.0,96.27,0
2026-05-08T10:15:00Z,96.27,96.27,96.27,96.27,0.0,96.27,0
2026-05-08T10:30:00Z,96.27,96.27,96.27,96.27,0.0,96.27,0
2026-05-08T10:45:00Z,96.27,96.27,96.27,96.27,0.0,96.27,0
2026-05-08T11:00:00Z,96.27,96.27,96.27,96.27,0.0,96.27,0
2026-05-08T11:15:00Z,96.27,96.27,96.27,96.27,0.0,96.27,0
2026-05-08T11:30:00Z,96.27,96.27,96.27,96.27,0.0,96.27,0
2026-05-08T11:45:00Z,96.27,96.27,96.27,96.27,0.0,96.27,0
2026-05-08T12:00:00Z,96.27,96.27,96.27,96.27,0.0,96.27,0
2026-05-08T12:15:00Z,96.27,96.27,96.27,96.27,0.0,96.27,0
2026-05-08T12:30:00Z,96.29,96.29,96.29,96.29,1.0,96.29,1
2026-05-08T12:45:00Z,96.29,96.29,96.29,96.29,0.0,96.29,0
2026-05-08T13:00:00Z,96.3,96.3,96.3,96.3,1.0,96.3,1
2026-05-08T13:15:00Z,96.305,96.305,96.305,96.305,1.0,96.305,1
2026-05-08T13:30:00Z,96.315,96.315,96.315,96.315,3.0,96.315,1
2026-05-08T13:45:00Z,96.315,96.315,96.315,96.315,0.0,96.315,0
2026-05-08T14:00:00Z,96.315,96.315,96.315,96.315,0.0,96.315,0
2026-05-08T14:15:00Z,96.315,96.315,96.315,96.315,0.0,96.315,0
2026-05-08T14:30:00Z,96.315,96.315,96.315,96.315,0.0,96.315,0
2026-05-08T14:45:00Z,96.315,96.315,96.315,96.315,0.0,96.315,0
2026-05-08T15:00:00Z,96.315,96.315,96.315,96.315,0.0,96.315,0
2026-05-08T15:15:00Z,96.3,96.3,96.3,96.3,6.0,96.3,1
2026-05-08T15:30:00Z,96.3,96.3,96.3,96.3,0.0,96.3,0
2026-05-08T15:45:00Z,96.3,96.3,96.3,96.3,15.0,96.3,1
2026-05-08T16:00:00Z,96.3,96.3,96.3,96.3,0.0,96.3,0
2026-05-08T16:15:00Z,96.3,96.3,96.3,96.3,0.0,96.3,0
2026-05-08T16:30:00Z,96.3,96.3,96.3,96.3,0.0,96.3,0
2026-05-08T16:45:00Z,96.3,96.3,96.3,96.3,0.0,96.3,0
2026-05-08T17:00:00Z,96.3,96.3,96.3,96.3,0.0,96.3,0
2026-05-08T17:15:00Z,96.3,96.3,96.3,96.3,0.0,96.3,0
2026-05-08T17:30:00Z,96.3,96.3,96.3,96.3,0.0,96.3,0
2026-05-08T17:45:00Z,96.3,96.3,96.3,96.3,0.0,96.3,0
2026-05-08T18:00:00Z,96.3,96.3,96.3,96.3,0.0,96.3,0
2026-05-08T18:15:00Z,96.3,96.3,96.3,96.3,0.0,96.3,0
2026-05-08T18:30:00Z,96.3,96.3,96.3,96.3,0.0,96.3,0
2026-05-08T18:45:00Z,96.3,96.3,96.3,96.3,0.0,96.3,0
2026-05-08T19:00:00Z,96.3,96.3,96.3,96.3,0.0,96.3,0
2026-05-08T19:15:00Z,96.3,96.3,96.3,96.3,0.0,96.3,0
2026-05-08T19:30:00Z,96.3,96.3,96.3,96.3,2.0,96.3,1
2026-05-08T19:45:00Z,96.3,96.3,96.3,96.3,0.0,96.3,0
2026-05-08T20:00:00Z,96.3,96.3,96.3,96.3,0.0,96.3,0
2026-05-08T20:15:00Z,96.3,96.3,96.3,96.3,0.0,96.3,0
2026-05-08T20:30:00Z,96.3,96.3,96.3,96.3,0.0,96.3,0
2026-05-08T20:45:00Z,96.3,96.3,96.3,96.3,0.0,96.3,0
2026-05-10T22:00:00Z,96.29,96.29,96.29,96.29,3.0,96.29,1
2026-05-10T22:15:00Z,96.29,96.29,96.29,96.29,0.0,96.29,0
2026-05-10T22:30:00Z,96.29,96.29,96.29,96.29,0.0,96.29,0
2026-05-10T22:45:00Z,96.29,96.29,96.29,96.29,0.0,96.29,0
2026-05-10T23:00:00Z,96.29,96.29,96.29,96.29,0.0,96.29,0
2026-05-10T23:15:00Z,96.29,96.29,96.29,96.29,0.0,96.29,0
2026-05-10T23:30:00Z,96.29,96.29,96.29,96.29,0.0,96.29,0
2026-05-10T23:45:00Z,96.29,96.29,96.29,96.29,0.0,96.29,0
2026-05-11T00:00:00Z,96.29,96.29,96.29,96.29,0.0,96.29,0
2026-05-11T00:15:00Z,96.29,96.29,96.29,96.29,0.0,96.29,0
2026-05-11T00:30:00Z,96.29,96.29,96.29,96.29,0.0,96.29,0
2026-05-11T00:45:00Z,96.29,96.29,96.29,96.29,0.0,96.29,0
2026-05-11T01:00:00Z,96.29,96.29,96.29,96.29,0.0,96.29,0
2026-05-11T01:15:00Z,96.29,96.29,96.29,96.29,0.0,96.29,0
2026-05-11T01:30:00Z,96.29,96.29,96.29,96.29,0.0,96.29,0
2026-05-11T01:45:00Z,96.29,96.29,96.29,96.29,0.0,96.29,0
2026-05-11T02:00:00Z,96.29,96.29,96.29,96.29,0.0,96.29,0
2026-05-11T02:15:00Z,96.29,96.29,96.29,96.29,0.0,96.29,0
2026-05-11T02:30:00Z,96.29,96.29,96.29,96.29,0.0,96.29,0
2026-05-11T02:45:00Z,96.29,96.29,96.29,96.29,0.0,96.29,0
2026-05-11T03:00:00Z,96.29,96.29,96.29,96.29,0.0,96.29,0
2026-05-11T03:15:00Z,96.29,96.29,96.29,96.29,0.0,96.29,0
2026-05-11T03:30:00Z,96.29,96.29,96.29,96.29,0.0,96.29,0
2026-05-11T03:45:00Z,96.29,96.29,96.29,96.29,0.0,96.29,0
2026-05-11T04:00:00Z,96.29,96.29,96.29,96.29,0.0,96.29,0
2026-05-11T04:15:00Z,96.29,96.29,96.29,96.29,0.0,96.29,0
2026-05-11T04:30:00Z,96.29,96.29,96.29,96.29,0.0,96.29,0
2026-05-11T04:45:00Z,96.29,96.29,96.29,96.29,0.0,96.29,0
2026-05-11T05:00:00Z,96.29,96.29,96.29,96.29,0.0,96.29,0
2026-05-11T05:15:00Z,96.29,96.29,96.29,96.29,0.0,96.29,0
2026-05-11T05:30:00Z,96.29,96.29,96.29,96.29,0.0,96.29,0
2026-05-11T05:45:00Z,96.29,96.29,96.29,96.29,0.0,96.29,0
2026-05-11T06:00:00Z,96.255,96.255,96.255,96.255,1.0,96.255,1
2026-05-11T06:15:00Z,96.255,96.255,96.255,96.255,0.0,96.255,0
2026-05-11T06:30:00Z,96.255,96.255,96.255,96.255,0.0,96.255,0
2026-05-11T06:45:00Z,96.255,96.255,96.255,96.255,0.0,96.255,0
2026-05-11T07:00:00Z,96.255,96.255,96.255,96.255,0.0,96.255,0
2026-05-11T07:15:00Z,96.255,96.255,96.255,96.255,0.0,96.255,0
2026-05-11T07:30:00Z,96.255,96.255,96.255,96.255,0.0,96.255,0
2026-05-11T07:45:00Z,96.255,96.255,96.255,96.255,0.0,96.255,0
2026-05-11T08:00:00Z,96.255,96.255,96.255,96.255,0.0,96.255,0
2026-05-11T08:15:00Z,96.255,96.255,96.255,96.255,0.0,96.255,0
2026-05-11T08:30:00Z,96.255,96.255,96.255,96.255,0.0,96.255,0
2026-05-11T08:45:00Z,96.255,96.255,96.255,96.255,0.0,96.255,0
2026-05-11T09:00:00Z,96.255,96.255,96.255,96.255,0.0,96.255,0
2026-05-11T09:15:00Z,96.255,96.255,96.255,96.255,0.0,96.255,0
2026-05-11T09:30:00Z,96.255,96.255,96.255,96.255,0.0,96.255,0
2026-05-11T09:45:00Z,96.255,96.255,96.255,96.255,0.0,96.255,0
2026-05-11T10:00:00Z,96.255,96.255,96.255,96.255,0.0,96.255,0
2026-05-11T10:15:00Z,96.255,96.255,96.255,96.255,0.0,96.255,0
2026-05-11T10:30:00Z,96.255,96.255,96.255,96.255,0.0,96.255,0
2026-05-11T10:45:00Z,96.255,96.255,96.255,96.255,0.0,96.255,0
2026-05-11T11:00:00Z,96.255,96.255,96.255,96.255,0.0,96.255,0
2026-05-11T11:15:00Z,96.255,96.255,96.255,96.255,0.0,96.255,0
2026-05-11T11:30:00Z,96.255,96.255,96.255,96.255,0.0,96.255,0
2026-05-11T11:45:00Z,96.255,96.255,96.255,96.255,0.0,96.255,0
2026-05-11T12:00:00Z,96.255,96.255,96.255,96.255,0.0,96.255,0
2026-05-11T12:15:00Z,96.275,96.275,96.275,96.275,3.0,96.275,1
2026-05-11T12:30:00Z,96.275,96.275,96.275,96.275,0.0,96.275,0
2026-05-11T12:45:00Z,96.275,96.275,96.275,96.275,0.0,96.275,0
2026-05-11T13:00:00Z,96.275,96.275,96.275,96.275,0.0,96.275,0
2026-05-11T13:15:00Z,96.275,96.275,96.275,96.275,0.0,96.275,0
2026-05-11T13:30:00Z,96.275,96.275,96.275,96.275,0.0,96.275,0
2026-05-11T13:45:00Z,96.275,96.275,96.275,96.275,0.0,96.275,0
2026-05-11T14:00:00Z,96.275,96.275,96.275,96.275,0.0,96.275,0
2026-05-11T14:15:00Z,96.275,96.275,96.275,96.275,3.0,96.275,1
2026-05-11T14:30:00Z,96.275,96.275,96.275,96.275,0.0,96.275,0
2026-05-11T14:45:00Z,96.275,96.275,96.275,96.275,0.0,96.275,0
2026-05-11T15:00:00Z,96.275,96.275,96.275,96.275,0.0,96.275,0
2026-05-11T15:15:00Z,96.275,96.275,96.275,96.275,0.0,96.275,0
2026-05-11T15:30:00Z,96.275,96.275,96.275,96.275,0.0,96.275,0
2026-05-11T15:45:00Z,96.265,96.265,96.265,96.265,21.0,96.265,7
2026-05-11T16:00:00Z,96.265,96.265,96.265,96.265,3.0,96.265,1
2026-05-11T16:15:00Z,96.265,96.265,96.265,96.265,6.0,96.265,3
2026-05-11T16:30:00Z,96.26,96.26,96.255,96.255,12.0,96.2565,4
2026-05-11T16:45:00Z,96.255,96.255,96.255,96.255,0.0,96.255,0
2026-05-11T17:00:00Z,96.255,96.255,96.255,96.255,4.0,96.255,1
2026-05-11T17:15:00Z,96.25,96.25,96.25,96.25,12.0,96.25,4
2026-05-11T17:30:00Z,96.25,96.25,96.25,96.25,0.0,96.25,0
2026-05-11T17:45:00Z,96.25,96.25,96.25,96.25,0.0,96.25,0
2026-05-11T18:00:00Z,96.25,96.25,96.25,96.25,0.0,96.25,0
2026-05-11T18:15:00Z,96.25,96.25,96.25,96.25,1.0,96.25,1
2026-05-11T18:30:00Z,96.25,96.25,96.25,96.25,0.0,96.25,0
2026-05-11T18:45:00Z,96.24,96.24,96.24,96.24,3.0,96.24,1
2026-05-11T19:00:00Z,96.24,96.24,96.24,96.24,0.0,96.24,0
2026-05-11T19:15:00Z,96.235,96.235,96.235,96.235,1.0,96.235,1
2026-05-11T19:30:00Z,96.24,96.24,96.235,96.235,3.0,96.2385,2
2026-05-11T19:45:00Z,96.235,96.235,96.235,96.235,0.0,96.235,0
2026-05-11T20:00:00Z,96.235,96.235,96.235,96.235,0.0,96.235,0
2026-05-11T20:15:00Z,96.235,96.235,96.235,96.235,0.0,96.235,0
2026-05-11T20:30:00Z,96.235,96.235,96.235,96.235,0.0,96.235,0
2026-05-11T20:45:00Z,96.235,96.235,96.235,96.235,0.0,96.235,0
2026-05-12T06:15:00Z,96.21,96.21,96.21,96.21,5.0,96.21,1
2026-05-12T06:30:00Z,96.21,96.21,96.21,96.21,0.0,96.21,0
2026-05-12T06:45:00Z,96.205,96.205,96.205,96.205,3.0,96.205,1
2026-05-12T07:00:00Z,96.205,96.205,96.205,96.205,0.0,96.205,0
2026-05-12T07:15:00Z,96.205,96.205,96.205,96.205,0.0,96.205,0
2026-05-12T07:30:00Z,96.205,96.205,96.205,96.205,0.0,96.205,0
2026-05-12T07:45:00Z,96.205,96.205,96.205,96.205,0.0,96.205,0
2026-05-12T08:00:00Z,96.205,96.205,96.205,96.205,0.0,96.205,0
2026-05-12T08:15:00Z,96.205,96.205,96.205,96.205,0.0,96.205,0
2026-05-12T08:30:00Z,96.205,96.205,96.205,96.205,0.0,96.205,0
2026-05-12T08:45:00Z,96.205,96.205,96.205,96.205,0.0,96.205,0
2026-05-12T09:00:00Z,96.205,96.205,96.205,96.205,0.0,96.205,0
2026-05-12T09:15:00Z,96.205,96.205,96.205,96.205,0.0,96.205,0
2026-05-12T09:30:00Z,96.205,96.205,96.205,96.205,0.0,96.205,0
2026-05-12T09:45:00Z,96.205,96.205,96.205,96.205,0.0,96.205,0
2026-05-12T10:00:00Z,96.205,96.205,96.205,96.205,0.0,96.205,0
2026-05-12T10:15:00Z,96.205,96.205,96.205,96.205,0.0,96.205,0
2026-05-12T10:30:00Z,96.205,96.205,96.205,96.205,0.0,96.205,0
2026-05-12T10:45:00Z,96.205,96.205,96.205,96.205,0.0,96.205,0
2026-05-12T11:00:00Z,96.205,96.205,96.205,96.205,0.0,96.205,0
2026-05-12T11:15:00Z,96.205,96.205,96.205,96.205,0.0,96.205,0
2026-05-12T11:30:00Z,96.205,96.205,96.205,96.205,0.0,96.205,0
2026-05-12T11:45:00Z,96.2,96.2,96.2,96.2,2.0,96.2,2
2026-05-12T12:00:00Z,96.2,96.2,96.2,96.2,0.0,96.2,0
2026-05-12T12:15:00Z,96.18,96.18,96.18,96.18,5.0,96.18,1
2026-05-12T12:30:00Z,96.18,96.18,96.18,96.18,0.0,96.18,0
2026-05-12T12:45:00Z,96.18,96.18,96.18,96.18,0.0,96.18,0
2026-05-12T13:00:00Z,96.19,96.19,96.19,96.19,5.0,96.19,1
2026-05-12T13:15:00Z,96.18,96.18,96.165,96.165,14.0,96.174,4
2026-05-12T13:30:00Z,96.16,96.16,96.16,96.16,5.0,96.16,1
2026-05-12T13:45:00Z,96.16,96.16,96.16,96.16,0.0,96.16,0
2026-05-12T14:00:00Z,96.16,96.16,96.16,96.16,0.0,96.16,0
2026-05-12T14:15:00Z,96.165,96.165,96.165,96.165,1.0,96.165,1
2026-05-12T14:30:00Z,96.165,96.165,96.165,96.165,0.0,96.165,0
2026-05-12T14:45:00Z,96.165,96.165,96.165,96.165,0.0,96.165,0
2026-05-12T15:00:00Z,96.165,96.165,96.165,96.165,0.0,96.165,0
2026-05-12T15:15:00Z,96.165,96.165,96.165,96.165,0.0,96.165,0
2026-05-12T15:30:00Z,96.165,96.165,96.165,96.165,0.0,96.165,0
2026-05-12T15:45:00Z,96.165,96.165,96.165,96.165,0.0,96.165,0
2026-05-12T16:00:00Z,96.165,96.165,96.165,96.165,0.0,96.165,0
2026-05-12T16:15:00Z,96.16,96.16,96.16,96.16,2.0,96.16,1
2026-05-12T16:30:00Z,96.165,96.165,96.165,96.165,2.0,96.165,1
2026-05-12T16:45:00Z,96.165,96.165,96.165,96.165,0.0,96.165,0
2026-05-12T17:00:00Z,96.165,96.165,96.165,96.165,0.0,96.165,0
2026-05-12T17:15:00Z,96.165,96.165,96.165,96.165,0.0,96.165,0
2026-05-12T17:30:00Z,96.155,96.155,96.155,96.155,9.0,96.155,3
2026-05-12T17:45:00Z,96.155,96.155,96.155,96.155,0.0,96.155,0
2026-05-12T18:00:00Z,96.155,96.155,96.155,96.155,0.0,96.155,0
2026-05-12T18:15:00Z,96.155,96.155,96.155,96.155,0.0,96.155,0
2026-05-12T18:30:00Z,96.155,96.155,96.155,96.155,0.0,96.155,0
2026-05-12T18:45:00Z,96.16,96.16,96.16,96.16,4.0,96.16,3
2026-05-12T19:00:00Z,96.16,96.16,96.16,96.16,0.0,96.16,0
2026-05-12T19:15:00Z,96.16,96.16,96.16,96.16,0.0,96.16,0
2026-05-12T19:30:00Z,96.16,96.16,96.16,96.16,0.0,96.16,0
2026-05-12T19:45:00Z,96.16,96.16,96.16,96.16,0.0,96.16,0
2026-05-12T20:00:00Z,96.16,96.16,96.16,96.16,1.0,96.16,1
2026-05-12T20:15:00Z,96.16,96.16,96.16,96.16,0.0,96.16,0
2026-05-12T20:30:00Z,96.16,96.16,96.16,96.16,0.0,96.16,0
2026-05-12T20:45:00Z,96.165,96.165,96.165,96.165,3.0,96.165,3
2026-05-13T03:00:00Z,96.17,96.17,96.17,96.17,17.0,96.17,3
2026-05-13T03:15:00Z,96.17,96.17,96.17,96.17,0.0,96.17,0
2026-05-13T03:30:00Z,96.17,96.17,96.17,96.17,0.0,96.17,0
2026-05-13T03:45:00Z,96.17,96.17,96.17,96.17,0.0,96.17,0
2026-05-13T04:00:00Z,96.17,96.17,96.17,96.17,0.0,96.17,0
2026-05-13T04:15:00Z,96.17,96.17,96.17,96.17,0.0,96.17,0
2026-05-13T04:30:00Z,96.17,96.17,96.17,96.17,0.0,96.17,0
2026-05-13T04:45:00Z,96.17,96.17,96.17,96.17,0.0,96.17,0
2026-05-13T05:00:00Z,96.17,96.17,96.17,96.17,0.0,96.17,0
2026-05-13T05:15:00Z,96.17,96.17,96.17,96.17,0.0,96.17,0
2026-05-13T05:30:00Z,96.17,96.17,96.17,96.17,0.0,96.17,0
2026-05-13T05:45:00Z,96.17,96.17,96.17,96.17,0.0,96.17,0
2026-05-13T06:00:00Z,96.17,96.17,96.17,96.17,0.0,96.17,0
2026-05-13T06:15:00Z,96.17,96.17,96.17,96.17,0.0,96.17,0
2026-05-13T06:30:00Z,96.17,96.17,96.17,96.17,0.0,96.17,0
2026-05-13T06:45:00Z,96.17,96.17,96.17,96.17,0.0,96.17,0
2026-05-13T07:00:00Z,96.17,96.17,96.17,96.17,0.0,96.17,0
2026-05-13T07:15:00Z,96.17,96.17,96.17,96.17,0.0,96.17,0
2026-05-13T07:30:00Z,96.17,96.17,96.17,96.17,0.0,96.17,0
2026-05-13T07:45:00Z,96.17,96.17,96.17,96.17,0.0,96.17,0
2026-05-13T08:00:00Z,96.17,96.17,96.17,96.17,0.0,96.17,0
2026-05-13T08:15:00Z,96.17,96.17,96.17,96.17,0.0,96.17,0
2026-05-13T08:30:00Z,96.18,96.18,96.18,96.18,5.0,96.18,2
2026-05-13T08:45:00Z,96.18,96.18,96.18,96.18,0.0,96.18,0
2026-05-13T09:00:00Z,96.18,96.18,96.18,96.18,0.0,96.18,0
2026-05-13T09:15:00Z,96.18,96.18,96.18,96.18,0.0,96.18,0
2026-05-13T09:30:00Z,96.18,96.18,96.18,96.18,0.0,96.18,0
2026-05-13T09:45:00Z,96.18,96.18,96.18,96.18,0.0,96.18,0
2026-05-13T10:00:00Z,96.18,96.18,96.18,96.18,0.0,96.18,0
2026-05-13T10:15:00Z,96.18,96.18,96.18,96.18,0.0,96.18,0
2026-05-13T10:30:00Z,96.18,96.18,96.18,96.18,0.0,96.18,0
2026-05-13T10:45:00Z,96.18,96.18,96.18,96.18,0.0,96.18,0
2026-05-13T11:00:00Z,96.18,96.18,96.18,96.18,0.0,96.18,0
2026-05-13T11:15:00Z,96.18,96.18,96.18,96.18,0.0,96.18,0
2026-05-13T11:30:00Z,96.18,96.18,96.18,96.18,0.0,96.18,0
2026-05-13T11:45:00Z,96.18,96.18,96.18,96.18,0.0,96.18,0
2026-05-13T12:00:00Z,96.18,96.18,96.18,96.18,1.0,96.18,1
2026-05-13T12:15:00Z,96.18,96.18,96.18,96.18,0.0,96.18,0
2026-05-13T12:30:00Z,96.16,96.16,96.135,96.135,37.0,96.1355,5
2026-05-13T12:45:00Z,96.15,96.165,96.15,96.165,36.0,96.1645,9
2026-05-13T13:00:00Z,96.165,96.165,96.165,96.165,0.0,96.165,0
2026-05-13T13:15:00Z,96.165,96.165,96.165,96.165,6.0,96.165,3
2026-05-13T13:30:00Z,96.165,96.165,96.165,96.165,0.0,96.165,0
2026-05-13T13:45:00Z,96.165,96.165,96.165,96.165,0.0,96.165,0
2026-05-13T14:00:00Z,96.165,96.165,96.165,96.165,0.0,96.165,0
2026-05-13T14:15:00Z,96.165,96.165,96.165,96.165,0.0,96.165,0
2026-05-13T14:30:00Z,96.165,96.165,96.165,96.165,0.0,96.165,0
2026-05-13T14:45:00Z,96.155,96.155,96.155,96.155,3.0,96.155,1
2026-05-13T15:00:00Z,96.155,96.155,96.155,96.155,3.0,96.155,1
2026-05-13T15:15:00Z,96.155,96.155,96.155,96.155,0.0,96.155,0
2026-05-13T15:30:00Z,96.145,96.155,96.145,96.155,5.0,96.149,2
2026-05-13T15:45:00Z,96.155,96.155,96.155,96.155,0.0,96.155,0
2026-05-13T16:00:00Z,96.155,96.155,96.155,96.155,0.0,96.155,0
2026-05-13T16:15:00Z,96.165,96.175,96.165,96.175,9.0,96.1685,3
2026-05-13T16:30:00Z,96.175,96.175,96.175,96.175,0.0,96.175,0
2026-05-13T16:45:00Z,96.175,96.175,96.175,96.175,0.0,96.175,0
2026-05-13T17:00:00Z,96.165,96.165,96.165,96.165,1.0,96.165,1
2026-05-13T17:15:00Z,96.165,96.165,96.165,96.165,0.0,96.165,0
2026-05-13T17:30:00Z,96.165,96.165,96.165,96.165,0.0,96.165,0
2026-05-13T17:45:00Z,96.165,96.165,96.165,96.165,2.0,96.165,2
2026-05-13T18:00:00Z,96.165,96.165,96.165,96.165,0.0,96.165,0
2026-05-13T18:15:00Z,96.165,96.165,96.165,96.165,0.0,96.165,0
2026-05-13T18:30:00Z,96.175,96.175,96.175,96.175,1.0,96.175,1
2026-05-13T18:45:00Z,96.175,96.175,96.175,96.175,0.0,96.175,0
2026-05-13T19:00:00Z,96.175,96.175,96.175,96.175,0.0,96.175,0
2026-05-13T19:15:00Z,96.175,96.175,96.175,96.175,0.0,96.175,0
2026-05-13T19:30:00Z,96.175,96.175,96.175,96.175,0.0,96.175,0
2026-05-13T19:45:00Z,96.175,96.175,96.175,96.175,0.0,96.175,0
2026-05-13T20:00:00Z,96.175,96.175,96.175,96.175,0.0,96.175,0
2026-05-13T20:15:00Z,96.175,96.175,96.175,96.175,0.0,96.175,0
2026-05-13T20:30:00Z,96.19,96.19,96.19,96.19,6.0,96.19,1
2026-05-13T20:45:00Z,96.19,96.19,96.19,96.19,0.0,96.19,0
2026-05-14T09:45:00Z,96.2,96.2,96.2,96.2,3.0,96.2,1
2026-05-14T10:00:00Z,96.2,96.2,96.2,96.2,0.0,96.2,0
2026-05-14T10:15:00Z,96.2,96.2,96.2,96.2,0.0,96.2,0
2026-05-14T10:30:00Z,96.2,96.2,96.2,96.2,0.0,96.2,0
2026-05-14T10:45:00Z,96.2,96.2,96.2,96.2,0.0,96.2,0
2026-05-14T11:00:00Z,96.2,96.205,96.2,96.205,6.0,96.2025,2
2026-05-14T11:15:00Z,96.21,96.21,96.21,96.21,3.0,96.21,1
2026-05-14T11:30:00Z,96.21,96.21,96.21,96.21,0.0,96.21,0
2026-05-14T11:45:00Z,96.21,96.21,96.21,96.21,6.0,96.21,2
2026-05-14T12:00:00Z,96.21,96.21,96.21,96.21,12.0,96.21,4
2026-05-14T12:15:00Z,96.21,96.21,96.21,96.21,0.0,96.21,0
2026-05-14T12:30:00Z,96.21,96.21,96.21,96.21,0.0,96.21,0
2026-05-14T12:45:00Z,96.205,96.205,96.205,96.205,3.0,96.205,1
2026-05-14T13:00:00Z,96.205,96.205,96.205,96.205,0.0,96.205,0
2026-05-14T13:15:00Z,96.205,96.205,96.205,96.205,0.0,96.205,0
2026-05-14T13:30:00Z,96.205,96.205,96.205,96.205,0.0,96.205,0
2026-05-14T13:45:00Z,96.2,96.2,96.2,96.2,3.0,96.2,1
2026-05-14T14:00:00Z,96.2,96.2,96.2,96.2,0.0,96.2,0
2026-05-14T14:15:00Z,96.18,96.18,96.18,96.18,1.0,96.18,1
2026-05-14T14:30:00Z,96.18,96.18,96.18,96.18,0.0,96.18,0
2026-05-14T14:45:00Z,96.18,96.18,96.18,96.18,0.0,96.18,0
2026-05-14T15:00:00Z,96.18,96.18,96.18,96.18,0.0,96.18,0
2026-05-14T15:15:00Z,96.18,96.18,96.18,96.18,0.0,96.18,0
2026-05-14T15:30:00Z,96.18,96.18,96.18,96.18,0.0,96.18,0
2026-05-14T15:45:00Z,96.18,96.18,96.18,96.18,0.0,96.18,0
2026-05-14T16:00:00Z,96.18,96.18,96.18,96.18,0.0,96.18,0
2026-05-14T16:15:00Z,96.18,96.18,96.18,96.18,0.0,96.18,0
2026-05-14T16:30:00Z,96.18,96.18,96.18,96.18,0.0,96.18,0
2026-05-14T16:45:00Z,96.18,96.18,96.18,96.18,0.0,96.18,0
2026-05-14T17:00:00Z,96.18,96.18,96.18,96.18,17.0,96.18,4
2026-05-14T17:15:00Z,96.18,96.18,96.18,96.18,12.0,96.18,2
2026-05-14T17:30:00Z,96.18,96.18,96.18,96.18,0.0,96.18,0
2026-05-14T17:45:00Z,96.18,96.18,96.18,96.18,0.0,96.18,0
2026-05-14T18:00:00Z,96.18,96.18,96.18,96.18,0.0,96.18,0
2026-05-14T18:15:00Z,96.18,96.18,96.18,96.18,0.0,96.18,0
2026-05-14T18:30:00Z,96.18,96.18,96.18,96.18,0.0,96.18,0
2026-05-14T18:45:00Z,96.18,96.18,96.18,96.18,0.0,96.18,0
2026-05-14T19:00:00Z,96.18,96.18,96.18,96.18,0.0,96.18,0
2026-05-14T19:15:00Z,96.18,96.18,96.18,96.18,0.0,96.18,0
2026-05-14T19:30:00Z,96.18,96.18,96.18,96.18,0.0,96.18,0
2026-05-14T19:45:00Z,96.18,96.18,96.18,96.18,0.0,96.18,0
2026-05-14T20:00:00Z,96.18,96.18,96.18,96.18,0.0,96.18,0
2026-05-14T20:15:00Z,96.14,96.14,96.14,96.14,1.0,96.14,1
2026-05-14T20:30:00Z,96.13,96.13,96.13,96.13,5.0,96.13,1
2026-05-14T20:45:00Z,96.125,96.125,96.125,96.125,9.0,96.125,1
2026-05-14T22:00:00Z,96.125,96.125,96.12,96.12,6.0,96.1225,2
2026-05-14T22:15:00Z,96.12,96.12,96.12,96.12,0.0,96.12,0
2026-05-14T22:30:00Z,96.125,96.13,96.125,96.13,51.0,96.1295,14
2026-05-14T22:45:00Z,96.13,96.13,96.13,96.13,0.0,96.13,0
2026-05-14T23:00:00Z,96.13,96.13,96.13,96.13,0.0,96.13,0
2026-05-14T23:15:00Z,96.125,96.125,96.125,96.125,1.0,96.125,1
2026-05-14T23:30:00Z,96.125,96.125,96.125,96.125,0.0,96.125,0
2026-05-14T23:45:00Z,96.125,96.125,96.125,96.125,0.0,96.125,0
2026-05-15T00:00:00Z,96.125,96.125,96.125,96.125,0.0,96.125,0
2026-05-15T00:15:00Z,96.125,96.125,96.125,96.125,0.0,96.125,0
2026-05-15T00:30:00Z,96.125,96.125,96.125,96.125,0.0,96.125,0
2026-05-15T00:45:00Z,96.125,96.125,96.125,96.125,0.0,96.125,0
2026-05-15T01:00:00Z,96.125,96.125,96.125,96.125,0.0,96.125,0
2026-05-15T01:15:00Z,96.125,96.125,96.125,96.125,0.0,96.125,0
2026-05-15T01:30:00Z,96.125,96.125,96.125,96.125,0.0,96.125,0
2026-05-15T01:45:00Z,96.125,96.125,96.125,96.125,0.0,96.125,0
2026-05-15T02:00:00Z,96.125,96.125,96.125,96.125,0.0,96.125,0
2026-05-15T02:15:00Z,96.125,96.125,96.125,96.125,0.0,96.125,0
2026-05-15T02:30:00Z,96.125,96.125,96.125,96.125,0.0,96.125,0
2026-05-15T02:45:00Z,96.125,96.125,96.125,96.125,0.0,96.125,0
2026-05-15T03:00:00Z,96.125,96.125,96.125,96.125,0.0,96.125,0
2026-05-15T03:15:00Z,96.125,96.125,96.125,96.125,0.0,96.125,0
2026-05-15T03:30:00Z,96.125,96.125,96.125,96.125,0.0,96.125,0
2026-05-15T03:45:00Z,96.125,96.125,96.125,96.125,0.0,96.125,0
2026-05-15T04:00:00Z,96.125,96.125,96.125,96.125,0.0,96.125,0
2026-05-15T04:15:00Z,96.085,96.085,96.085,96.085,2.0,96.085,1
2026-05-15T04:30:00Z,96.08,96.08,96.08,96.08,1.0,96.08,1
2026-05-15T04:45:00Z,96.08,96.08,96.08,96.08,0.0,96.08,0
2026-05-15T05:00:00Z,96.08,96.08,96.08,96.08,0.0,96.08,0
2026-05-15T05:15:00Z,96.08,96.08,96.08,96.08,0.0,96.08,0
2026-05-15T05:30:00Z,96.08,96.08,96.08,96.08,1.0,96.08,1
2026-05-15T05:45:00Z,96.08,96.08,96.08,96.08,0.0,96.08,0
2026-05-15T06:00:00Z,96.07,96.07,96.07,96.07,1.0,96.07,1
2026-05-15T06:15:00Z,96.07,96.07,96.07,96.07,0.0,96.07,0
2026-05-15T06:30:00Z,96.07,96.07,96.07,96.07,0.0,96.07,0
2026-05-15T06:45:00Z,96.07,96.07,96.07,96.07,0.0,96.07,0
2026-05-15T07:00:00Z,96.07,96.07,96.07,96.07,0.0,96.07,0
2026-05-15T07:15:00Z,96.09,96.09,96.09,96.09,1.0,96.09,1
2026-05-15T07:30:00Z,96.09,96.09,96.085,96.085,6.0,96.0875,2
2026-05-15T07:45:00Z,96.085,96.085,96.085,96.085,0.0,96.085,0
2026-05-15T08:00:00Z,96.085,96.085,96.085,96.085,0.0,96.085,0
2026-05-15T08:15:00Z,96.07,96.07,96.07,96.07,10.0,96.07,1
2026-05-15T08:30:00Z,96.07,96.07,96.07,96.07,0.0,96.07,0
2026-05-15T08:45:00Z,96.065,96.065,96.065,96.065,1.0,96.065,1
2026-05-15T09:00:00Z,96.065,96.065,96.065,96.065,0.0,96.065,0
2026-05-15T09:15:00Z,96.065,96.065,96.065,96.065,0.0,96.065,0
2026-05-15T09:30:00Z,96.065,96.065,96.065,96.065,0.0,96.065,0
2026-05-15T09:45:00Z,96.065,96.065,96.065,96.065,0.0,96.065,0
2026-05-15T10:00:00Z,96.065,96.065,96.065,96.065,0.0,96.065,0
2026-05-15T10:15:00Z,96.065,96.065,96.065,96.065,0.0,96.065,0
2026-05-15T10:30:00Z,96.065,96.065,96.065,96.065,0.0,96.065,0
2026-05-15T10:45:00Z,96.065,96.065,96.065,96.065,0.0,96.065,0
2026-05-15T11:00:00Z,96.065,96.065,96.065,96.065,0.0,96.065,0
2026-05-15T11:15:00Z,96.065,96.065,96.065,96.065,0.0,96.065,0
2026-05-15T11:30:00Z,96.065,96.065,96.065,96.065,0.0,96.065,0
2026-05-15T11:45:00Z,96.065,96.065,96.065,96.065,0.0,96.065,0
2026-05-15T12:00:00Z,96.065,96.065,96.065,96.065,1.0,96.065,1
2026-05-15T12:15:00Z,96.065,96.065,96.065,96.065,0.0,96.065,0
2026-05-15T12:30:00Z,96.06,96.06,96.06,96.06,2.0,96.06,1
2026-05-15T12:45:00Z,96.06,96.06,96.06,96.06,0.0,96.06,0
2026-05-15T13:00:00Z,96.06,96.06,96.06,96.06,0.0,96.06,0
2026-05-15T13:15:00Z,96.065,96.065,96.065,96.065,1.0,96.065,1
2026-05-15T13:30:00Z,96.065,96.065,96.065,96.065,0.0,96.065,0
2026-05-15T13:45:00Z,96.065,96.065,96.065,96.065,0.0,96.065,0
2026-05-15T14:00:00Z,96.06,96.06,96.06,96.06,18.0,96.06,3
2026-05-15T14:15:00Z,96.06,96.06,96.06,96.06,0.0,96.06,0
2026-05-15T14:30:00Z,96.06,96.06,96.06,96.06,0.0,96.06,0
2026-05-15T14:45:00Z,96.06,96.06,96.06,96.06,1.0,96.06,1
2026-05-15T15:00:00Z,96.06,96.06,96.06,96.06,0.0,96.06,0
2026-05-15T15:15:00Z,96.06,96.06,96.06,96.06,0.0,96.06,0
2026-05-15T15:30:00Z,96.06,96.06,96.06,96.06,0.0,96.06,0
2026-05-15T15:45:00Z,96.06,96.06,96.06,96.06,0.0,96.06,0
2026-05-15T16:00:00Z,96.05,96.05,96.05,96.05,26.0,96.05,1
2026-05-15T16:15:00Z,96.05,96.05,96.05,96.05,0.0,96.05,0
2026-05-15T16:30:00Z,96.04,96.045,96.04,96.045,110.0,96.045,11
2026-05-15T16:45:00Z,96.045,96.045,96.045,96.045,84.0,96.045,14
2026-05-15T17:00:00Z,96.04,96.04,96.035,96.035,68.0,96.0375,13
2026-05-15T17:15:00Z,96.035,96.035,96.035,96.035,0.0,96.035,0
2026-05-15T17:30:00Z,96.05,96.05,96.05,96.05,2.0,96.05,1
2026-05-15T17:45:00Z,96.035,96.035,96.035,96.035,3.0,96.035,1
2026-05-15T18:00:00Z,96.04,96.04,96.04,96.04,18.0,96.04,10
2026-05-15T18:15:00Z,96.04,96.04,96.04,96.04,0.0,96.04,0
2026-05-15T18:30:00Z,96.045,96.045,96.045,96.045,1.0,96.045,1
2026-05-15T18:45:00Z,96.035,96.035,96.035,96.035,1.0,96.035,1
2026-05-15T19:00:00Z,96.035,96.035,96.035,96.035,0.0,96.035,0
2026-05-15T19:15:00Z,96.035,96.035,96.035,96.035,0.0,96.035,0
2026-05-15T19:30:00Z,96.035,96.035,96.035,96.035,0.0,96.035,0
2026-05-15T19:45:00Z,96.035,96.035,96.035,96.035,0.0,96.035,0
2026-05-15T20:00:00Z,96.035,96.04,96.035,96.04,150.0,96.0395,14
2026-05-15T20:15:00Z,96.04,96.04,96.04,96.04,55.0,96.04,5
2026-05-15T20:30:00Z,96.045,96.045,96.045,96.045,5.0,96.045,2
2026-05-15T20:45:00Z,96.045,96.045,96.04,96.04,50.0,96.04,6
2026-05-17T22:00:00Z,96.035,96.035,96.015,96.015,21.0,96.032,7
2026-05-17T22:15:00Z,96.005,96.005,96.0,96.005,25.0,96.0035,7
2026-05-17T22:30:00Z,96.005,96.005,96.005,96.005,0.0,96.005,0
2026-05-17T22:45:00Z,96.015,96.015,96.015,96.015,1.0,96.015,1
2026-05-17T23:00:00Z,96.015,96.015,96.015,96.015,0.0,96.015,0
2026-05-17T23:15:00Z,96.015,96.015,96.015,96.015,0.0,96.015,0
2026-05-17T23:30:00Z,96.015,96.015,96.015,96.015,10.0,96.015,3
2026-05-17T23:45:00Z,96.015,96.015,96.015,96.015,0.0,96.015,0
2026-05-18T00:00:00Z,96.03,96.03,96.03,96.03,3.0,96.03,1
2026-05-18T00:15:00Z,96.03,96.03,96.03,96.03,0.0,96.03,0
2026-05-18T00:30:00Z,96.03,96.03,96.03,96.03,0.0,96.03,0
2026-05-18T00:45:00Z,96.03,96.03,96.03,96.03,0.0,96.03,0
2026-05-18T01:00:00Z,96.03,96.03,96.03,96.03,0.0,96.03,0
2026-05-18T01:15:00Z,96.03,96.03,96.03,96.03,0.0,96.03,0
2026-05-18T01:30:00Z,96.03,96.03,96.03,96.03,0.0,96.03,0
2026-05-18T01:45:00Z,96.03,96.03,96.03,96.03,0.0,96.03,0
2026-05-18T02:00:00Z,96.03,96.03,96.03,96.03,0.0,96.03,0
2026-05-18T02:15:00Z,96.03,96.03,96.03,96.03,0.0,96.03,0
2026-05-18T02:30:00Z,96.03,96.03,96.03,96.03,0.0,96.03,0
2026-05-18T02:45:00Z,96.03,96.03,96.03,96.03,0.0,96.03,0
2026-05-18T03:00:00Z,96.03,96.03,96.03,96.03,0.0,96.03,0
2026-05-18T03:15:00Z,96.03,96.03,96.03,96.03,0.0,96.03,0
2026-05-18T03:30:00Z,96.03,96.03,96.03,96.03,0.0,96.03,0
2026-05-18T03:45:00Z,96.03,96.03,96.03,96.03,0.0,96.03,0
2026-05-18T04:00:00Z,96.03,96.03,96.03,96.03,0.0,96.03,0
2026-05-18T04:15:00Z,96.03,96.03,96.03,96.03,0.0,96.03,0
2026-05-18T04:30:00Z,96.03,96.03,96.03,96.03,0.0,96.03,0
2026-05-18T04:45:00Z,96.03,96.03,96.03,96.03,0.0,96.03,0
2026-05-18T05:00:00Z,96.03,96.03,96.03,96.03,0.0,96.03,0
2026-05-18T05:15:00Z,96.03,96.03,96.03,96.03,0.0,96.03,0
2026-05-18T05:30:00Z,96.03,96.03,96.03,96.03,0.0,96.03,0
2026-05-18T05:45:00Z,96.03,96.03,96.03,96.03,0.0,96.03,0
2026-05-18T06:00:00Z,96.03,96.03,96.03,96.03,0.0,96.03,0
2026-05-18T06:15:00Z,96.03,96.03,96.03,96.03,0.0,96.03,0
2026-05-18T06:30:00Z,96.02,96.02,96.02,96.02,1.0,96.02,1
2026-05-18T06:45:00Z,96.02,96.02,96.02,96.02,0.0,96.02,0
2026-05-18T07:00:00Z,96.02,96.02,96.02,96.02,0.0,96.02,0
2026-05-18T07:15:00Z,96.02,96.02,96.02,96.02,0.0,96.02,0
2026-05-18T07:30:00Z,96.025,96.025,96.025,96.025,3.0,96.025,1
2026-05-18T07:45:00Z,96.025,96.025,96.025,96.025,0.0,96.025,0
2026-05-18T08:00:00Z,96.025,96.025,96.025,96.025,0.0,96.025,0
2026-05-18T08:15:00Z,96.025,96.025,96.025,96.025,0.0,96.025,0
2026-05-18T08:30:00Z,96.025,96.025,96.025,96.025,0.0,96.025,0
2026-05-18T08:45:00Z,96.025,96.025,96.025,96.025,0.0,96.025,0
2026-05-18T09:00:00Z,96.04,96.04,96.04,96.04,3.0,96.04,1
2026-05-18T09:15:00Z,96.04,96.04,96.04,96.04,0.0,96.04,0
2026-05-18T09:30:00Z,96.04,96.04,96.04,96.04,0.0,96.04,0
2026-05-18T09:45:00Z,96.04,96.04,96.04,96.04,0.0,96.04,0
2026-05-18T10:00:00Z,96.04,96.04,96.04,96.04,0.0,96.04,0
2026-05-18T10:15:00Z,96.03,96.03,96.03,96.03,3.0,96.03,1
2026-05-18T10:30:00Z,96.03,96.03,96.03,96.03,0.0,96.03,0
2026-05-18T10:45:00Z,96.03,96.03,96.03,96.03,0.0,96.03,0
2026-05-18T11:00:00Z,96.03,96.03,96.03,96.03,0.0,96.03,0
2026-05-18T11:15:00Z,96.025,96.025,96.025,96.025,4.0,96.025,2
2026-05-18T11:30:00Z,96.035,96.065,96.035,96.06,32.0,96.049,9
2026-05-18T11:45:00Z,96.055,96.055,96.055,96.055,2.0,96.055,1
2026-05-18T12:00:00Z,96.055,96.055,96.055,96.055,0.0,96.055,0
2026-05-18T12:15:00Z,96.055,96.055,96.055,96.055,0.0,96.055,0
2026-05-18T12:30:00Z,96.06,96.06,96.06,96.06,3.0,96.06,1
2026-05-18T12:45:00Z,96.085,96.085,96.085,96.085,3.0,96.085,1
2026-05-18T13:00:00Z,96.075,96.075,96.07,96.075,366.0,96.073,81
2026-05-18T13:15:00Z,96.075,96.08,96.07,96.08,177.0,96.073,24
2026-05-18T13:30:00Z,96.08,96.08,96.08,96.08,22.0,96.08,5
2026-05-18T13:45:00Z,96.095,96.11,96.095,96.105,100.0,96.1045,23
2026-05-18T14:00:00Z,96.1,96.1,96.095,96.095,39.0,96.0965,15
2026-05-18T14:15:00Z,96.08,96.08,96.08,96.08,12.0,96.08,5
2026-05-18T14:30:00Z,96.08,96.08,96.08,96.08,0.0,96.08,0
2026-05-18T14:45:00Z,96.08,96.08,96.08,96.08,0.0,96.08,0
2026-05-18T15:00:00Z,96.08,96.08,96.08,96.08,0.0,96.08,0
2026-05-18T15:15:00Z,96.08,96.08,96.08,96.08,0.0,96.08,0
2026-05-18T15:30:00Z,96.08,96.08,96.08,96.08,0.0,96.08,0
2026-05-18T15:45:00Z,96.06,96.06,96.06,96.06,20.0,96.06,8
2026-05-18T16:00:00Z,96.06,96.06,96.06,96.06,33.0,96.06,17
2026-05-18T16:15:00Z,96.06,96.06,96.06,96.06,0.0,96.06,0
2026-05-18T16:30:00Z,96.06,96.06,96.06,96.06,0.0,96.06,0
2026-05-18T16:45:00Z,96.06,96.06,96.06,96.06,0.0,96.06,0
2026-05-18T17:00:00Z,96.05,96.05,96.05,96.05,1.0,96.05,1
2026-05-18T17:15:00Z,96.05,96.05,96.05,96.05,0.0,96.05,0
2026-05-18T17:30:00Z,96.05,96.05,96.05,96.05,0.0,96.05,0
2026-05-18T17:45:00Z,96.05,96.05,96.05,96.05,0.0,96.05,0
2026-05-18T18:00:00Z,96.05,96.05,96.05,96.05,0.0,96.05,0
2026-05-18T18:15:00Z,96.05,96.05,96.05,96.05,0.0,96.05,0
2026-05-18T18:30:00Z,96.05,96.05,96.05,96.05,0.0,96.05,0
2026-05-18T18:45:00Z,96.05,96.05,96.05,96.05,0.0,96.05,0
2026-05-18T19:00:00Z,96.05,96.05,96.05,96.05,0.0,96.05,0
2026-05-18T19:15:00Z,96.05,96.05,96.05,96.05,0.0,96.05,0
2026-05-18T19:30:00Z,96.05,96.05,96.05,96.05,0.0,96.05,0
2026-05-18T19:45:00Z,96.05,96.05,96.05,96.05,0.0,96.05,0
2026-05-18T20:00:00Z,96.05,96.05,96.05,96.05,0.0,96.05,0
2026-05-18T20:15:00Z,96.05,96.05,96.05,96.05,0.0,96.05,0
2026-05-18T20:30:00Z,96.085,96.085,96.085,96.085,3.0,96.085,1
2026-05-18T20:45:00Z,96.085,96.085,96.085,96.085,0.0,96.085,0
2026-05-19T02:30:00Z,96.075,96.075,96.07,96.07,6.0,96.0725,2
2026-05-19T02:45:00Z,96.07,96.07,96.07,96.07,6.0,96.07,2
2026-05-19T03:00:00Z,96.065,96.065,96.065,96.065,27.0,96.065,17
2026-05-19T03:15:00Z,96.065,96.065,96.065,96.065,0.0,96.065,0
2026-05-19T03:30:00Z,96.065,96.065,96.065,96.065,0.0,96.065,0
2026-05-19T03:45:00Z,96.065,96.065,96.065,96.065,3.0,96.065,1
2026-05-19T04:00:00Z,96.065,96.065,96.065,96.065,0.0,96.065,0
2026-05-19T04:15:00Z,96.065,96.065,96.065,96.065,0.0,96.065,0
2026-05-19T04:30:00Z,96.065,96.065,96.065,96.065,3.0,96.065,1
2026-05-19T04:45:00Z,96.065,96.065,96.065,96.065,0.0,96.065,0
2026-05-19T05:00:00Z,96.065,96.065,96.065,96.065,0.0,96.065,0
2026-05-19T05:15:00Z,96.065,96.065,96.065,96.065,0.0,96.065,0
2026-05-19T05:30:00Z,96.065,96.065,96.065,96.065,0.0,96.065,0
2026-05-19T05:45:00Z,96.065,96.065,96.065,96.065,0.0,96.065,0
2026-05-19T06:00:00Z,96.065,96.065,96.065,96.065,0.0,96.065,0
2026-05-19T06:15:00Z,96.065,96.065,96.065,96.065,0.0,96.065,0
2026-05-19T06:30:00Z,96.065,96.065,96.065,96.065,0.0,96.065,0
2026-05-19T06:45:00Z,96.065,96.065,96.065,96.065,0.0,96.065,0
2026-05-19T07:00:00Z,96.065,96.065,96.065,96.065,0.0,96.065,0
2026-05-19T07:15:00Z,96.065,96.065,96.065,96.065,0.0,96.065,0
2026-05-19T07:30:00Z,96.065,96.065,96.065,96.065,0.0,96.065,0
2026-05-19T07:45:00Z,96.065,96.065,96.065,96.065,0.0,96.065,0
2026-05-19T08:00:00Z,96.065,96.065,96.065,96.065,0.0,96.065,0
2026-05-19T08:15:00Z,96.065,96.065,96.065,96.065,0.0,96.065,0
2026-05-19T08:30:00Z,96.065,96.065,96.065,96.065,0.0,96.065,0
2026-05-19T08:45:00Z,96.065,96.065,96.065,96.065,0.0,96.065,0
2026-05-19T09:00:00Z,96.065,96.065,96.065,96.065,0.0,96.065,0
2026-05-19T09:15:00Z,96.065,96.065,96.065,96.065,0.0,96.065,0
2026-05-19T09:30:00Z,96.065,96.065,96.065,96.065,0.0,96.065,0
2026-05-19T09:45:00Z,96.065,96.065,96.065,96.065,0.0,96.065,0
2026-05-19T10:00:00Z,96.065,96.065,96.065,96.065,0.0,96.065,0
2026-05-19T10:15:00Z,96.065,96.065,96.065,96.065,0.0,96.065,0
2026-05-19T10:30:00Z,96.065,96.065,96.065,96.065,0.0,96.065,0
2026-05-19T10:45:00Z,96.065,96.065,96.065,96.065,0.0,96.065,0
2026-05-19T11:00:00Z,96.065,96.065,96.065,96.065,0.0,96.065,0
2026-05-19T11:15:00Z,96.065,96.065,96.065,96.065,0.0,96.065,0
2026-05-19T11:30:00Z,96.065,96.065,96.065,96.065,0.0,96.065,0
2026-05-19T11:45:00Z,96.065,96.065,96.065,96.065,0.0,96.065,0
2026-05-19T12:00:00Z,96.065,96.065,96.065,96.065,0.0,96.065,0
2026-05-19T12:15:00Z,96.045,96.045,96.045,96.045,6.0,96.045,3
2026-05-19T12:30:00Z,96.045,96.045,96.045,96.045,0.0,96.045,0
2026-05-19T12:45:00Z,96.04,96.04,96.04,96.04,7.0,96.04,3
2026-05-19T13:00:00Z,96.04,96.04,96.04,96.04,0.0,96.04,0
2026-05-19T13:15:00Z,96.04,96.04,96.04,96.04,0.0,96.04,0
2026-05-19T13:30:00Z,96.04,96.04,96.04,96.04,0.0,96.04,0
2026-05-19T13:45:00Z,96.005,96.005,96.005,96.005,22.0,96.005,8
2026-05-19T14:00:00Z,96.01,96.01,96.0,96.0,2.0,96.005,2
2026-05-19T14:15:00Z,95.985,95.985,95.97,95.975,15.0,95.977,7
2026-05-19T14:30:00Z,95.975,95.975,95.975,95.975,0.0,95.975,0
2026-05-19T14:45:00Z,95.975,95.975,95.975,95.975,0.0,95.975,0
2026-05-19T15:00:00Z,95.975,95.975,95.975,95.975,0.0,95.975,0
2026-05-19T15:15:00Z,95.975,95.975,95.975,95.975,0.0,95.975,0
2026-05-19T15:30:00Z,95.975,95.975,95.975,95.975,0.0,95.975,0
2026-05-19T15:45:00Z,95.975,95.975,95.975,95.975,0.0,95.975,0
2026-05-19T16:00:00Z,95.975,95.975,95.975,95.975,0.0,95.975,0
2026-05-19T16:15:00Z,95.975,95.975,95.975,95.975,0.0,95.975,0
2026-05-19T16:30:00Z,95.995,95.995,95.995,95.995,1.0,95.995,1
2026-05-19T16:45:00Z,95.995,95.995,95.995,95.995,0.0,95.995,0
2026-05-19T17:00:00Z,95.995,95.995,95.995,95.995,0.0,95.995,0
2026-05-19T17:15:00Z,95.995,95.995,95.995,95.995,0.0,95.995,0
2026-05-19T17:30:00Z,95.995,95.995,95.995,95.995,0.0,95.995,0
2026-05-19T17:45:00Z,95.995,95.995,95.995,95.995,0.0,95.995,0
2026-05-19T18:00:00Z,95.995,95.995,95.995,95.995,0.0,95.995,0
2026-05-19T18:15:00Z,95.995,95.995,95.995,95.995,0.0,95.995,0
2026-05-19T18:30:00Z,95.99,95.99,95.99,95.99,1.0,95.99,1
2026-05-19T18:45:00Z,95.985,95.985,95.985,95.985,2.0,95.985,1
2026-05-19T19:00:00Z,95.985,95.985,95.985,95.985,0.0,95.985,0
2026-05-19T19:15:00Z,95.985,95.985,95.985,95.985,0.0,95.985,0
2026-05-19T19:30:00Z,95.985,95.985,95.985,95.985,0.0,95.985,0
2026-05-19T19:45:00Z,95.985,95.985,95.985,95.985,0.0,95.985,0
2026-05-19T20:00:00Z,96.005,96.005,96.005,96.005,20.0,96.005,1
2026-05-19T20:15:00Z,95.995,96.0,95.995,95.995,13.0,95.9975,4
2026-05-19T20:30:00Z,95.995,95.995,95.995,95.995,0.0,95.995,0
2026-05-19T20:45:00Z,95.995,95.995,95.995,95.995,0.0,95.995,0
2026-05-20T00:00:00Z,96.0,96.0,96.0,96.0,3.0,96.0,1
2026-05-20T00:15:00Z,96.0,96.0,96.0,96.0,0.0,96.0,0
2026-05-20T00:30:00Z,96.0,96.0,96.0,96.0,0.0,96.0,0
2026-05-20T00:45:00Z,96.0,96.0,96.0,96.0,0.0,96.0,0
2026-05-20T01:00:00Z,95.99,95.99,95.99,95.99,1.0,95.99,1
2026-05-20T01:15:00Z,95.99,95.99,95.99,95.99,0.0,95.99,0
2026-05-20T01:30:00Z,95.99,95.99,95.99,95.99,0.0,95.99,0
2026-05-20T01:45:00Z,96.01,96.01,96.01,96.01,3.0,96.01,1
2026-05-20T02:00:00Z,96.01,96.01,96.01,96.01,0.0,96.01,0
2026-05-20T02:15:00Z,96.01,96.01,96.01,96.01,0.0,96.01,0
2026-05-20T02:30:00Z,96.01,96.01,96.01,96.01,0.0,96.01,0
2026-05-20T02:45:00Z,96.01,96.01,96.01,96.01,0.0,96.01,0
2026-05-20T03:00:00Z,96.01,96.01,96.01,96.01,0.0,96.01,0
2026-05-20T03:15:00Z,96.01,96.01,96.01,96.01,0.0,96.01,0
2026-05-20T03:30:00Z,96.01,96.01,96.01,96.01,0.0,96.01,0
2026-05-20T03:45:00Z,96.005,96.005,96.005,96.005,1.0,96.005,1
2026-05-20T04:00:00Z,96.005,96.005,96.005,96.005,0.0,96.005,0
2026-05-20T04:15:00Z,96.005,96.005,96.005,96.005,0.0,96.005,0
2026-05-20T04:30:00Z,96.005,96.005,96.005,96.005,0.0,96.005,0
2026-05-20T04:45:00Z,96.005,96.005,96.005,96.005,0.0,96.005,0
2026-05-20T05:00:00Z,96.005,96.005,96.005,96.005,0.0,96.005,0
2026-05-20T05:15:00Z,96.005,96.005,96.005,96.005,0.0,96.005,0
2026-05-20T05:30:00Z,96.005,96.005,96.005,96.005,0.0,96.005,0
2026-05-20T05:45:00Z,96.005,96.005,96.005,96.005,0.0,96.005,0
2026-05-20T06:00:00Z,96.005,96.005,96.005,96.005,0.0,96.005,0
2026-05-20T06:15:00Z,96.005,96.005,96.005,96.005,0.0,96.005,0
2026-05-20T06:30:00Z,96.005,96.005,96.005,96.005,0.0,96.005,0
2026-05-20T06:45:00Z,96.005,96.005,96.005,96.005,0.0,96.005,0
2026-05-20T07:00:00Z,96.005,96.005,96.005,96.005,0.0,96.005,0
2026-05-20T07:15:00Z,96.005,96.005,96.005,96.005,0.0,96.005,0
2026-05-20T07:30:00Z,96.005,96.005,96.005,96.005,0.0,96.005,0
2026-05-20T07:45:00Z,96.005,96.005,96.005,96.005,0.0,96.005,0
2026-05-20T08:00:00Z,96.005,96.005,96.005,96.005,0.0,96.005,0
2026-05-20T08:15:00Z,96.015,96.015,96.015,96.015,27.0,96.015,12
2026-05-20T08:30:00Z,96.015,96.015,96.015,96.015,0.0,96.015,0
2026-05-20T08:45:00Z,96.015,96.015,96.015,96.015,0.0,96.015,0
2026-05-20T09:00:00Z,96.015,96.015,96.015,96.015,0.0,96.015,0
2026-05-20T09:15:00Z,96.015,96.015,96.015,96.015,0.0,96.015,0
2026-05-20T09:30:00Z,96.015,96.015,96.015,96.015,0.0,96.015,0
2026-05-20T09:45:00Z,96.015,96.015,96.015,96.015,0.0,96.015,0
2026-05-20T10:00:00Z,96.015,96.015,96.015,96.015,0.0,96.015,0
2026-05-20T10:15:00Z,96.03,96.03,96.03,96.03,1.0,96.03,1
2026-05-20T10:30:00Z,96.03,96.03,96.03,96.03,0.0,96.03,0
2026-05-20T10:45:00Z,96.035,96.035,96.035,96.035,3.0,96.035,1
2026-05-20T11:00:00Z,96.035,96.035,96.035,96.035,0.0,96.035,0
2026-05-20T11:15:00Z,96.035,96.035,96.035,96.035,0.0,96.035,0
2026-05-20T11:30:00Z,96.035,96.035,96.035,96.035,0.0,96.035,0
2026-05-20T11:45:00Z,96.035,96.035,96.035,96.035,0.0,96.035,0
2026-05-20T12:00:00Z,96.03,96.035,96.03,96.03,13.0,96.031,6
2026-05-20T12:15:00Z,96.03,96.03,96.03,96.03,0.0,96.03,0
2026-05-20T12:30:00Z,96.03,96.03,96.03,96.03,0.0,96.03,0
2026-05-20T12:45:00Z,96.015,96.015,96.01,96.01,7.0,96.0115,3
2026-05-20T13:00:00Z,96.01,96.01,96.01,96.01,2.0,96.01,1
2026-05-20T13:15:00Z,96.01,96.01,96.01,96.01,0.0,96.01,0
2026-05-20T13:30:00Z,96.01,96.01,96.01,96.01,0.0,96.01,0
2026-05-20T13:45:00Z,96.01,96.01,96.01,96.01,0.0,96.01,0
2026-05-20T14:00:00Z,96.01,96.01,96.01,96.01,0.0,96.01,0
2026-05-20T14:15:00Z,96.015,96.05,96.015,96.05,30.0,96.0485,10
2026-05-20T14:30:00Z,96.055,96.055,96.055,96.055,1.0,96.055,1
2026-05-20T14:45:00Z,96.055,96.055,96.055,96.055,0.0,96.055,0
2026-05-20T15:00:00Z,96.055,96.055,96.055,96.055,0.0,96.055,0
2026-05-20T15:15:00Z,96.105,96.135,96.095,96.095,14.0,96.118,7
2026-05-20T15:30:00Z,96.095,96.095,96.095,96.095,3.0,96.095,1
2026-05-20T15:45:00Z,96.095,96.095,96.095,96.095,0.0,96.095,0
2026-05-20T16:00:00Z,96.095,96.095,96.095,96.095,0.0,96.095,0
2026-05-20T16:15:00Z,96.07,96.07,96.065,96.065,7.0,96.067,3
2026-05-20T16:30:00Z,96.065,96.065,96.065,96.065,0.0,96.065,0
2026-05-20T16:45:00Z,96.065,96.065,96.065,96.065,0.0,96.065,0
2026-05-20T17:00:00Z,96.08,96.08,96.08,96.08,7.0,96.08,3
2026-05-20T17:15:00Z,96.08,96.08,96.08,96.08,0.0,96.08,0
2026-05-20T17:30:00Z,96.08,96.08,96.08,96.08,0.0,96.08,0
2026-05-20T17:45:00Z,96.08,96.08,96.08,96.08,0.0,96.08,0
2026-05-20T18:00:00Z,96.08,96.08,96.08,96.08,0.0,96.08,0
2026-05-20T18:15:00Z,96.08,96.08,96.08,96.08,0.0,96.08,0
2026-05-20T18:30:00Z,96.08,96.08,96.08,96.08,0.0,96.08,0
2026-05-20T18:45:00Z,96.095,96.095,96.095,96.095,10.0,96.095,1
2026-05-20T19:00:00Z,96.095,96.095,96.095,96.095,0.0,96.095,0
2026-05-20T19:15:00Z,96.1,96.1,96.1,96.1,1.0,96.1,1
2026-05-20T19:30:00Z,96.1,96.1,96.1,96.1,0.0,96.1,0
2026-05-20T19:45:00Z,96.09,96.09,96.09,96.09,3.0,96.09,2
2026-05-20T20:00:00Z,96.09,96.09,96.09,96.09,0.0,96.09,0
2026-05-20T20:15:00Z,96.09,96.09,96.09,96.09,0.0,96.09,0
2026-05-20T20:30:00Z,96.08,96.08,96.08,96.08,2.0,96.08,1
2026-05-20T20:45:00Z,96.08,96.08,96.08,96.08,0.0,96.08,0
2026-05-20T22:00:00Z,96.075,96.075,96.075,96.075,3.0,96.075,1
2026-05-20T22:15:00Z,96.075,96.075,96.075,96.075,0.0,96.075,0
2026-05-20T22:30:00Z,96.075,96.075,96.075,96.075,0.0,96.075,0
2026-05-20T22:45:00Z,96.075,96.075,96.075,96.075,0.0,96.075,0
2026-05-20T23:00:00Z,96.075,96.075,96.075,96.075,0.0,96.075,0
2026-05-20T23:15:00Z,96.065,96.065,96.065,96.065,3.0,96.065,1
2026-05-20T23:30:00Z,96.065,96.065,96.065,96.065,0.0,96.065,0
2026-05-20T23:45:00Z,96.065,96.065,96.065,96.065,0.0,96.065,0
2026-05-21T00:00:00Z,96.065,96.065,96.065,96.065,0.0,96.065,0
2026-05-21T00:15:00Z,96.06,96.065,96.06,96.065,7.0,96.063,3
2026-05-21T00:30:00Z,96.065,96.065,96.065,96.065,5.0,96.065,2
2026-05-21T00:45:00Z,96.065,96.065,96.065,96.065,6.0,96.065,2
2026-05-21T01:00:00Z,96.07,96.07,96.07,96.07,6.0,96.07,2
2026-05-21T01:15:00Z,96.07,96.07,96.07,96.07,12.0,96.07,5
2026-05-21T01:30:00Z,96.08,96.08,96.08,96.08,3.0,96.08,1
2026-05-21T01:45:00Z,96.08,96.08,96.08,96.08,0.0,96.08,0
2026-05-21T02:00:00Z,96.08,96.08,96.08,96.08,0.0,96.08,0
2026-05-21T02:15:00Z,96.08,96.08,96.08,96.08,0.0,96.08,0
2026-05-21T02:30:00Z,96.08,96.08,96.08,96.08,0.0,96.08,0
2026-05-21T02:45:00Z,96.08,96.08,96.08,96.08,0.0,96.08,0
2026-05-21T03:00:00Z,96.08,96.08,96.08,96.08,0.0,96.08,0
2026-05-21T03:15:00Z,96.08,96.08,96.08,96.08,0.0,96.08,0
2026-05-21T03:30:00Z,96.08,96.08,96.08,96.08,0.0,96.08,0
2026-05-21T03:45:00Z,96.08,96.08,96.08,96.08,0.0,96.08,0
2026-05-21T04:00:00Z,96.08,96.08,96.08,96.08,0.0,96.08,0
2026-05-21T04:15:00Z,96.08,96.08,96.08,96.08,0.0,96.08,0
2026-05-21T04:30:00Z,96.07,96.07,96.07,96.07,3.0,96.07,1
2026-05-21T04:45:00Z,96.07,96.07,96.07,96.07,0.0,96.07,0
2026-05-21T05:00:00Z,96.07,96.07,96.07,96.07,0.0,96.07,0
2026-05-21T05:15:00Z,96.07,96.07,96.07,96.07,0.0,96.07,0
2026-05-21T05:30:00Z,96.07,96.07,96.07,96.07,0.0,96.07,0
2026-05-21T05:45:00Z,96.07,96.07,96.07,96.07,0.0,96.07,0
2026-05-21T06:00:00Z,96.06,96.06,96.06,96.06,1.0,96.06,1
2026-05-21T06:15:00Z,96.06,96.06,96.06,96.06,0.0,96.06,0
2026-05-21T06:30:00Z,96.06,96.06,96.06,96.06,0.0,96.06,0
2026-05-21T06:45:00Z,96.06,96.06,96.06,96.06,0.0,96.06,0
2026-05-21T07:00:00Z,96.06,96.06,96.06,96.06,0.0,96.06,0
2026-05-21T07:15:00Z,96.065,96.065,96.065,96.065,1.0,96.065,1
2026-05-21T07:30:00Z,96.065,96.065,96.065,96.065,0.0,96.065,0
2026-05-21T07:45:00Z,96.065,96.065,96.065,96.065,0.0,96.065,0
2026-05-21T08:00:00Z,96.075,96.075,96.075,96.075,5.0,96.075,1
2026-05-21T08:15:00Z,96.075,96.075,96.075,96.075,0.0,96.075,0
2026-05-21T08:30:00Z,96.075,96.075,96.075,96.075,0.0,96.075,0
2026-05-21T08:45:00Z,96.075,96.075,96.075,96.075,0.0,96.075,0
2026-05-21T09:00:00Z,96.075,96.075,96.075,96.075,0.0,96.075,0
2026-05-21T09:15:00Z,96.075,96.075,96.075,96.075,0.0,96.075,0
2026-05-21T09:30:00Z,96.075,96.075,96.075,96.075,0.0,96.075,0
2026-05-21T09:45:00Z,96.075,96.075,96.075,96.075,0.0,96.075,0
2026-05-21T10:00:00Z,96.075,96.075,96.075,96.075,0.0,96.075,0
2026-05-21T10:15:00Z,96.045,96.045,96.045,96.045,2.0,96.045,1
2026-05-21T10:30:00Z,96.02,96.02,96.02,96.02,3.0,96.02,1
2026-05-21T10:45:00Z,96.02,96.02,96.02,96.02,0.0,96.02,0
2026-05-21T11:00:00Z,96.035,96.035,96.035,96.035,3.0,96.035,1
2026-05-21T11:15:00Z,96.04,96.045,96.04,96.045,5.0,96.043,3
2026-05-21T11:30:00Z,96.045,96.045,96.045,96.045,0.0,96.045,0
2026-05-21T11:45:00Z,96.03,96.03,96.025,96.025,16.0,96.026,5
2026-05-21T12:00:00Z,96.025,96.025,96.025,96.025,0.0,96.025,0
2026-05-21T12:15:00Z,96.025,96.03,96.025,96.03,6.0,96.0285,4
2026-05-21T12:30:00Z,96.03,96.03,96.03,96.03,0.0,96.03,0
2026-05-21T12:45:00Z,96.03,96.03,96.03,96.03,0.0,96.03,0
2026-05-21T13:00:00Z,96.02,96.02,96.015,96.015,6.0,96.0175,2
2026-05-21T13:15:00Z,96.015,96.015,96.015,96.015,0.0,96.015,0
2026-05-21T13:30:00Z,96.015,96.015,96.01,96.01,9.0,96.0145,4
2026-05-21T13:45:00Z,96.01,96.01,96.01,96.01,0.0,96.01,0
2026-05-21T14:00:00Z,96.03,96.03,96.03,96.03,1.0,96.03,1
2026-05-21T14:15:00Z,96.025,96.025,96.025,96.025,2.0,96.025,1
2026-05-21T14:30:00Z,96.025,96.025,96.025,96.025,10.0,96.025,4
2026-05-21T14:45:00Z,96.025,96.025,96.025,96.025,0.0,96.025,0
2026-05-21T15:00:00Z,96.02,96.02,96.02,96.02,5.0,96.02,3
2026-05-21T15:15:00Z,96.02,96.02,96.01,96.01,8.0,96.0125,2
2026-05-21T15:30:00Z,96.01,96.01,96.01,96.01,0.0,96.01,0
2026-05-21T15:45:00Z,96.0,96.0,96.0,96.0,1.0,96.0,1
2026-05-21T16:00:00Z,96.0,96.0,96.0,96.0,0.0,96.0,0
2026-05-21T16:15:00Z,96.015,96.02,96.015,96.02,21.0,96.0175,5
2026-05-21T16:30:00Z,96.02,96.02,96.02,96.02,0.0,96.02,0
2026-05-21T16:45:00Z,96.02,96.02,96.02,96.02,0.0,96.02,0
2026-05-21T17:00:00Z,96.04,96.04,96.04,96.04,1.0,96.04,1
2026-05-21T17:15:00Z,96.055,96.08,96.055,96.08,7.0,96.075,3
2026-05-21T17:30:00Z,96.08,96.08,96.08,96.08,0.0,96.08,0
2026-05-21T17:45:00Z,96.075,96.075,96.075,96.075,50.0,96.075,2
2026-05-21T18:00:00Z,96.075,96.075,96.075,96.075,0.0,96.075,0
2026-05-21T18:15:00Z,96.075,96.075,96.075,96.075,0.0,96.075,0
2026-05-21T18:30:00Z,96.075,96.075,96.075,96.075,0.0,96.075,0
2026-05-21T18:45:00Z,96.075,96.075,96.075,96.075,0.0,96.075,0
2026-05-21T19:00:00Z,96.075,96.075,96.075,96.075,0.0,96.075,0
2026-05-21T19:15:00Z,96.075,96.075,96.075,96.075,0.0,96.075,0
2026-05-21T19:30:00Z,96.075,96.075,96.075,96.075,0.0,96.075,0
2026-05-21T19:45:00Z,96.075,96.075,96.075,96.075,0.0,96.075,0
2026-05-21T20:00:00Z,96.075,96.075,96.075,96.075,0.0,96.075,0
2026-05-21T20:15:00Z,96.075,96.075,96.075,96.075,0.0,96.075,0
2026-05-21T20:30:00Z,96.075,96.075,96.075,96.075,0.0,96.075,0
2026-05-21T20:45:00Z,96.075,96.075,96.075,96.075,0.0,96.075,0
2026-05-22T08:15:00Z,96.06,96.06,96.06,96.06,1.0,96.06,1
2026-05-22T08:30:00Z,96.06,96.06,96.06,96.06,0.0,96.06,0
2026-05-22T08:45:00Z,96.06,96.06,96.06,96.06,0.0,96.06,0
2026-05-22T09:00:00Z,96.06,96.06,96.06,96.06,0.0,96.06,0
2026-05-22T09:15:00Z,96.06,96.06,96.06,96.06,0.0,96.06,0
2026-05-22T09:30:00Z,96.06,96.06,96.06,96.06,0.0,96.06,0
2026-05-22T09:45:00Z,96.06,96.06,96.06,96.06,0.0,96.06,0
2026-05-22T10:00:00Z,96.06,96.06,96.06,96.06,0.0,96.06,0
2026-05-22T10:15:00Z,96.06,96.06,96.06,96.06,0.0,96.06,0
2026-05-22T10:30:00Z,96.06,96.06,96.06,96.06,0.0,96.06,0
2026-05-22T10:45:00Z,96.06,96.06,96.06,96.06,0.0,96.06,0
2026-05-22T11:00:00Z,96.06,96.06,96.06,96.06,0.0,96.06,0
2026-05-22T11:15:00Z,96.06,96.06,96.06,96.06,0.0,96.06,0
2026-05-22T11:30:00Z,96.06,96.06,96.06,96.06,0.0,96.06,0
2026-05-22T11:45:00Z,96.06,96.06,96.06,96.06,0.0,96.06,0
2026-05-22T12:00:00Z,96.06,96.06,96.06,96.06,0.0,96.06,0
2026-05-22T12:15:00Z,96.065,96.065,96.065,96.065,1.0,96.065,1
2026-05-22T12:30:00Z,96.065,96.065,96.065,96.065,0.0,96.065,0
2026-05-22T12:45:00Z,96.065,96.065,96.065,96.065,0.0,96.065,0
2026-05-22T13:00:00Z,96.065,96.065,96.065,96.065,0.0,96.065,0
2026-05-22T13:15:00Z,96.065,96.065,96.065,96.065,0.0,96.065,0
2026-05-22T13:30:00Z,96.045,96.045,96.045,96.045,1.0,96.045,1
2026-05-22T13:45:00Z,96.04,96.04,96.04,96.04,2.0,96.04,1
2026-05-22T14:00:00Z,96.025,96.025,95.985,95.985,35.0,95.9905,11
2026-05-22T14:15:00Z,95.995,96.0,95.995,96.0,2.0,95.9975,2
2026-05-22T14:30:00Z,95.975,95.975,95.96,95.97,33.0,95.9675,12
2026-05-22T14:45:00Z,95.97,95.97,95.97,95.97,0.0,95.97,0
2026-05-22T15:00:00Z,95.97,95.97,95.97,95.97,0.0,95.97,0
2026-05-22T15:15:00Z,95.98,95.98,95.98,95.98,1.0,95.98,1
2026-05-22T15:30:00Z,95.98,95.98,95.98,95.98,1.0,95.98,1
2026-05-22T15:45:00Z,95.98,95.985,95.98,95.985,8.0,95.982,3
2026-05-22T16:00:00Z,95.985,95.985,95.985,95.985,0.0,95.985,0
2026-05-22T16:15:00Z,95.985,95.985,95.985,95.985,0.0,95.985,0
2026-05-22T16:30:00Z,95.99,95.99,95.99,95.99,9.0,95.99,1
2026-05-22T16:45:00Z,95.99,95.99,95.99,95.99,0.0,95.99,0
2026-05-22T17:00:00Z,95.99,95.99,95.99,95.99,0.0,95.99,0
2026-05-22T17:15:00Z,95.99,95.99,95.99,95.99,0.0,95.99,0
2026-05-22T17:30:00Z,95.99,95.99,95.99,95.99,0.0,95.99,0
2026-05-22T17:45:00Z,95.99,95.99,95.99,95.99,0.0,95.99,0
2026-05-22T18:00:00Z,95.985,95.985,95.985,95.985,1.0,95.985,1
2026-05-22T18:15:00Z,95.985,95.985,95.985,95.985,0.0,95.985,0
2026-05-22T18:30:00Z,96.005,96.005,96.005,96.005,3.0,96.005,1
2026-05-22T18:45:00Z,96.005,96.005,96.005,96.005,0.0,96.005,0
2026-05-22T19:00:00Z,96.005,96.005,96.005,96.005,0.0,96.005,0
2026-05-22T19:15:00Z,96.005,96.005,96.005,96.005,0.0,96.005,0
2026-05-22T19:30:00Z,96.005,96.005,96.005,96.005,0.0,96.005,0
2026-05-22T19:45:00Z,96.005,96.005,96.005,96.005,0.0,96.005,0
2026-05-22T20:00:00Z,96.005,96.005,96.005,96.005,0.0,96.005,0
2026-05-22T20:15:00Z,96.005,96.005,96.005,96.005,0.0,96.005,0
2026-05-22T20:30:00Z,96.005,96.005,96.005,96.005,0.0,96.005,0
2026-05-22T20:45:00Z,96.005,96.005,96.005,96.005,0.0,96.005,0
2026-05-24T22:00:00Z,96.075,96.075,96.075,96.075,3.0,96.075,1
2026-05-24T22:15:00Z,96.07,96.07,96.07,96.07,1.0,96.07,1
2026-05-24T22:30:00Z,96.07,96.07,96.07,96.07,0.0,96.07,0
2026-05-24T22:45:00Z,96.07,96.07,96.07,96.07,0.0,96.07,0
2026-05-24T23:00:00Z,96.07,96.07,96.07,96.07,0.0,96.07,0
2026-05-24T23:15:00Z,96.07,96.07,96.07,96.07,0.0,96.07,0
2026-05-24T23:30:00Z,96.07,96.07,96.07,96.07,0.0,96.07,0
2026-05-24T23:45:00Z,96.07,96.07,96.07,96.07,0.0,96.07,0
2026-05-25T00:00:00Z,96.07,96.07,96.07,96.07,0.0,96.07,0
2026-05-25T00:15:00Z,96.07,96.07,96.07,96.07,0.0,96.07,0
2026-05-25T00:30:00Z,96.07,96.07,96.07,96.07,0.0,96.07,0
2026-05-25T00:45:00Z,96.07,96.07,96.07,96.07,0.0,96.07,0
2026-05-25T01:00:00Z,96.07,96.07,96.07,96.07,0.0,96.07,0
2026-05-25T01:15:00Z,96.07,96.07,96.07,96.07,0.0,96.07,0
2026-05-25T01:30:00Z,96.07,96.07,96.07,96.07,0.0,96.07,0
2026-05-25T01:45:00Z,96.07,96.07,96.07,96.07,0.0,96.07,0
2026-05-25T02:00:00Z,96.07,96.07,96.07,96.07,0.0,96.07,0
2026-05-25T02:15:00Z,96.07,96.07,96.07,96.07,0.0,96.07,0
2026-05-25T02:30:00Z,96.07,96.07,96.07,96.07,0.0,96.07,0
2026-05-25T02:45:00Z,96.07,96.07,96.07,96.07,0.0,96.07,0
2026-05-25T03:00:00Z,96.07,96.07,96.07,96.07,0.0,96.07,0
2026-05-25T03:15:00Z,96.07,96.07,96.07,96.07,0.0,96.07,0
2026-05-25T03:30:00Z,96.07,96.07,96.07,96.07,0.0,96.07,0
2026-05-25T03:45:00Z,96.07,96.07,96.07,96.07,0.0,96.07,0
2026-05-25T04:00:00Z,96.07,96.07,96.07,96.07,0.0,96.07,0
2026-05-25T04:15:00Z,96.07,96.07,96.07,96.07,0.0,96.07,0
2026-05-25T04:30:00Z,96.07,96.07,96.07,96.07,0.0,96.07,0
2026-05-25T04:45:00Z,96.07,96.07,96.07,96.07,0.0,96.07,0
2026-05-25T05:00:00Z,96.07,96.07,96.07,96.07,0.0,96.07,0
2026-05-25T05:15:00Z,96.07,96.07,96.07,96.07,0.0,96.07,0
2026-05-25T05:30:00Z,96.07,96.07,96.07,96.07,0.0,96.07,0
2026-05-25T05:45:00Z,96.07,96.07,96.07,96.07,0.0,96.07,0
2026-05-25T06:00:00Z,96.07,96.07,96.07,96.07,0.0,96.07,0
2026-05-25T06:15:00Z,96.07,96.07,96.07,96.07,0.0,96.07,0
2026-05-25T06:30:00Z,96.085,96.085,96.085,96.085,3.0,96.085,1
2026-05-25T06:45:00Z,96.085,96.085,96.085,96.085,0.0,96.085,0
2026-05-25T07:00:00Z,96.085,96.085,96.085,96.085,0.0,96.085,0
2026-05-25T07:15:00Z,96.085,96.085,96.085,96.085,0.0,96.085,0
2026-05-25T07:30:00Z,96.085,96.085,96.085,96.085,0.0,96.085,0
2026-05-25T07:45:00Z,96.085,96.085,96.085,96.085,0.0,96.085,0
2026-05-25T08:00:00Z,96.085,96.085,96.085,96.085,0.0,96.085,0
2026-05-25T08:15:00Z,96.085,96.085,96.085,96.085,0.0,96.085,0
2026-05-25T08:30:00Z,96.085,96.085,96.085,96.085,0.0,96.085,0
2026-05-25T08:45:00Z,96.085,96.085,96.085,96.085,0.0,96.085,0
2026-05-25T09:00:00Z,96.085,96.085,96.085,96.085,0.0,96.085,0
2026-05-25T09:15:00Z,96.085,96.085,96.085,96.085,0.0,96.085,0
2026-05-25T09:30:00Z,96.085,96.085,96.085,96.085,0.0,96.085,0
2026-05-25T09:45:00Z,96.085,96.085,96.085,96.085,0.0,96.085,0
2026-05-25T10:00:00Z,96.085,96.085,96.085,96.085,0.0,96.085,0
2026-05-25T10:15:00Z,96.085,96.085,96.085,96.085,0.0,96.085,0
2026-05-25T10:30:00Z,96.085,96.085,96.085,96.085,0.0,96.085,0
2026-05-25T10:45:00Z,96.085,96.085,96.085,96.085,0.0,96.085,0
2026-05-25T11:00:00Z,96.085,96.085,96.085,96.085,0.0,96.085,0
2026-05-25T11:15:00Z,96.085,96.085,96.085,96.085,0.0,96.085,0
2026-05-25T11:30:00Z,96.085,96.085,96.085,96.085,0.0,96.085,0
2026-05-25T11:45:00Z,96.085,96.085,96.085,96.085,0.0,96.085,0
2026-05-25T12:00:00Z,96.1,96.1,96.1,96.1,3.0,96.1,2
2026-05-25T12:15:00Z,96.1,96.1,96.1,96.1,0.0,96.1,0
2026-05-25T12:30:00Z,96.1,96.1,96.1,96.1,0.0,96.1,0
2026-05-25T12:45:00Z,96.1,96.1,96.1,96.1,0.0,96.1,0
2026-05-25T13:00:00Z,96.1,96.1,96.1,96.1,0.0,96.1,0
2026-05-25T13:15:00Z,96.1,96.1,96.1,96.1,0.0,96.1,0
2026-05-25T13:30:00Z,96.1,96.1,96.1,96.1,0.0,96.1,0
2026-05-25T13:45:00Z,96.1,96.1,96.1,96.1,0.0,96.1,0
2026-05-25T14:00:00Z,96.1,96.1,96.1,96.1,0.0,96.1,0
2026-05-25T14:15:00Z,96.1,96.1,96.1,96.1,0.0,96.1,0
2026-05-25T14:30:00Z,96.105,96.105,96.105,96.105,2.0,96.105,1
2026-05-25T14:45:00Z,96.105,96.105,96.105,96.105,0.0,96.105,0
2026-05-25T15:00:00Z,96.105,96.105,96.105,96.105,0.0,96.105,0
2026-05-25T15:15:00Z,96.105,96.105,96.105,96.105,0.0,96.105,0
2026-05-25T15:30:00Z,96.11,96.11,96.11,96.11,1.0,96.11,1
2026-05-25T15:45:00Z,96.11,96.11,96.11,96.11,0.0,96.11,0
2026-05-25T16:00:00Z,96.11,96.11,96.11,96.11,0.0,96.11,0
2026-05-25T16:15:00Z,96.11,96.11,96.11,96.11,0.0,96.11,0
2026-05-25T16:30:00Z,96.11,96.11,96.11,96.11,0.0,96.11,0
2026-05-25T16:45:00Z,96.115,96.115,96.115,96.115,1.0,96.115,1
2026-05-25T22:00:00Z,96.115,96.115,96.115,96.115,0.0,96.115,0
2026-05-25T22:15:00Z,96.115,96.115,96.115,96.115,0.0,96.115,0
2026-05-25T22:30:00Z,96.115,96.115,96.115,96.115,0.0,96.115,0
2026-05-25T22:45:00Z,96.115,96.115,96.115,96.115,0.0,96.115,0
2026-05-25T23:00:00Z,96.115,96.115,96.115,96.115,0.0,96.115,0
2026-05-25T23:15:00Z,96.115,96.115,96.115,96.115,0.0,96.115,0
2026-05-25T23:30:00Z,96.115,96.115,96.115,96.115,0.0,96.115,0
2026-05-25T23:45:00Z,96.115,96.115,96.115,96.115,0.0,96.115,0
2026-05-26T00:00:00Z,96.115,96.115,96.115,96.115,0.0,96.115,0
2026-05-26T00:15:00Z,96.08,96.08,96.08,96.08,3.0,96.08,1
2026-05-26T00:30:00Z,96.08,96.08,96.08,96.08,6.0,96.08,2
2026-05-26T00:45:00Z,96.08,96.08,96.08,96.08,0.0,96.08,0
2026-05-26T01:00:00Z,96.08,96.08,96.08,96.08,0.0,96.08,0
2026-05-26T01:15:00Z,96.08,96.08,96.08,96.08,0.0,96.08,0
2026-05-26T01:30:00Z,96.075,96.075,96.075,96.075,1.0,96.075,1
2026-05-26T01:45:00Z,96.075,96.075,96.075,96.075,0.0,96.075,0
2026-05-26T02:00:00Z,96.075,96.075,96.075,96.075,0.0,96.075,0
2026-05-26T02:15:00Z,96.075,96.075,96.075,96.075,0.0,96.075,0
2026-05-26T02:30:00Z,96.075,96.075,96.075,96.075,0.0,96.075,0
2026-05-26T02:45:00Z,96.075,96.075,96.075,96.075,0.0,96.075,0
2026-05-26T03:00:00Z,96.075,96.075,96.075,96.075,18.0,96.075,6
2026-05-26T03:15:00Z,96.075,96.075,96.075,96.075,0.0,96.075,0
2026-05-26T03:30:00Z,96.07,96.07,96.07,96.07,1.0,96.07,1
2026-05-26T03:45:00Z,96.07,96.07,96.07,96.07,0.0,96.07,0
2026-05-26T04:00:00Z,96.07,96.07,96.07,96.07,0.0,96.07,0
2026-05-26T04:15:00Z,96.07,96.07,96.07,96.07,0.0,96.07,0
2026-05-26T04:30:00Z,96.07,96.07,96.07,96.07,0.0,96.07,0
2026-05-26T04:45:00Z,96.07,96.07,96.07,96.07,0.0,96.07,0
2026-05-26T05:00:00Z,96.07,96.07,96.07,96.07,0.0,96.07,0
2026-05-26T05:15:00Z,96.07,96.07,96.07,96.07,0.0,96.07,0
2026-05-26T05:30:00Z,96.07,96.07,96.07,96.07,0.0,96.07,0
2026-05-26T05:45:00Z,96.07,96.07,96.07,96.07,0.0,96.07,0
2026-05-26T06:00:00Z,96.07,96.07,96.07,96.07,0.0,96.07,0
2026-05-26T06:15:00Z,96.07,96.07,96.07,96.07,0.0,96.07,0
2026-05-26T06:30:00Z,96.07,96.07,96.07,96.07,0.0,96.07,0
2026-05-26T06:45:00Z,96.07,96.07,96.07,96.07,0.0,96.07,0
2026-05-26T07:00:00Z,96.07,96.07,96.07,96.07,0.0,96.07,0
2026-05-26T07:15:00Z,96.07,96.07,96.07,96.07,0.0,96.07,0
2026-05-26T07:30:00Z,96.07,96.07,96.07,96.07,0.0,96.07,0
2026-05-26T07:45:00Z,96.07,96.07,96.07,96.07,0.0,96.07,0
2026-05-26T08:00:00Z,96.07,96.07,96.07,96.07,0.0,96.07,0
2026-05-26T08:15:00Z,96.07,96.07,96.07,96.07,0.0,96.07,0
2026-05-26T08:30:00Z,96.07,96.07,96.07,96.07,0.0,96.07,0
2026-05-26T08:45:00Z,96.07,96.07,96.07,96.07,0.0,96.07,0
2026-05-26T09:00:00Z,96.07,96.07,96.07,96.07,0.0,96.07,0
2026-05-26T09:15:00Z,96.07,96.07,96.07,96.07,0.0,96.07,0
2026-05-26T09:30:00Z,96.07,96.07,96.07,96.07,0.0,96.07,0
2026-05-26T09:45:00Z,96.07,96.07,96.07,96.07,0.0,96.07,0
2026-05-26T10:00:00Z,96.07,96.07,96.07,96.07,0.0,96.07,0
2026-05-26T10:15:00Z,96.07,96.07,96.07,96.07,0.0,96.07,0
2026-05-26T10:30:00Z,96.07,96.07,96.07,96.07,0.0,96.07,0
2026-05-26T10:45:00Z,96.07,96.07,96.07,96.07,0.0,96.07,0
2026-05-26T11:00:00Z,96.07,96.07,96.07,96.07,0.0,96.07,0
2026-05-26T11:15:00Z,96.07,96.07,96.07,96.07,0.0,96.07,0
2026-05-26T11:30:00Z,96.07,96.07,96.07,96.07,0.0,96.07,0
2026-05-26T11:45:00Z,96.07,96.07,96.07,96.07,0.0,96.07,0
2026-05-26T12:00:00Z,96.07,96.07,96.07,96.07,0.0,96.07,0
2026-05-26T12:15:00Z,96.07,96.07,96.07,96.07,0.0,96.07,0
2026-05-26T12:30:00Z,96.07,96.07,96.07,96.07,0.0,96.07,0
2026-05-26T12:45:00Z,96.07,96.07,96.07,96.07,0.0,96.07,0
2026-05-26T13:00:00Z,96.08,96.08,96.08,96.08,3.0,96.08,1
2026-05-26T13:15:00Z,96.085,96.085,96.085,96.085,3.0,96.085,1
2026-05-26T13:30:00Z,96.085,96.085,96.085,96.085,5.0,96.085,3
2026-05-26T13:45:00Z,96.08,96.08,96.08,96.08,1.0,96.08,1
2026-05-26T14:00:00Z,96.08,96.08,96.08,96.08,0.0,96.08,0
2026-05-26T14:15:00Z,96.08,96.08,96.08,96.08,0.0,96.08,0
2026-05-26T14:30:00Z,96.08,96.08,96.08,96.08,0.0,96.08,0
2026-05-26T14:45:00Z,96.08,96.08,96.08,96.08,0.0,96.08,0
2026-05-26T15:00:00Z,96.08,96.08,96.08,96.08,0.0,96.08,0
2026-05-26T15:15:00Z,96.08,96.08,96.08,96.08,0.0,96.08,0
2026-05-26T15:30:00Z,96.08,96.08,96.08,96.08,0.0,96.08,0
2026-05-26T15:45:00Z,96.08,96.08,96.08,96.08,0.0,96.08,0
2026-05-26T16:00:00Z,96.08,96.08,96.08,96.08,0.0,96.08,0
2026-05-26T16:15:00Z,96.08,96.08,96.08,96.08,0.0,96.08,0
2026-05-26T16:30:00Z,96.08,96.08,96.08,96.08,0.0,96.08,0
2026-05-26T16:45:00Z,96.08,96.08,96.08,96.08,0.0,96.08,0
2026-05-26T17:00:00Z,96.07,96.07,96.07,96.07,1.0,96.07,1
2026-05-26T17:15:00Z,96.07,96.07,96.07,96.07,0.0,96.07,0
2026-05-26T17:30:00Z,96.07,96.07,96.07,96.07,0.0,96.07,0
2026-05-26T17:45:00Z,96.07,96.07,96.07,96.07,0.0,96.07,0
2026-05-26T18:00:00Z,96.07,96.07,96.07,96.07,0.0,96.07,0
2026-05-26T18:15:00Z,96.07,96.07,96.07,96.07,0.0,96.07,0
2026-05-26T18:30:00Z,96.07,96.07,96.07,96.07,0.0,96.07,0
2026-05-26T18:45:00Z,96.07,96.07,96.07,96.07,0.0,96.07,0
2026-05-26T19:00:00Z,96.07,96.07,96.07,96.07,0.0,96.07,0
2026-05-26T19:15:00Z,96.07,96.07,96.07,96.07,0.0,96.07,0
2026-05-26T19:30:00Z,96.07,96.07,96.07,96.07,0.0,96.07,0
2026-05-26T19:45:00Z,96.07,96.07,96.07,96.07,0.0,96.07,0
2026-05-26T20:00:00Z,96.07,96.07,96.07,96.07,0.0,96.07,0
2026-05-26T20:15:00Z,96.07,96.07,96.07,96.07,0.0,96.07,0
2026-05-26T20:30:00Z,96.07,96.07,96.07,96.07,0.0,96.07,0
2026-05-26T20:45:00Z,96.07,96.07,96.07,96.07,0.0,96.07,0
2026-05-26T23:00:00Z,96.105,96.105,96.105,96.105,120.0,96.105,1
2026-05-26T23:15:00Z,96.1,96.1,96.1,96.1,138.0,96.1,1
2026-05-26T23:30:00Z,96.1,96.1,96.1,96.1,0.0,96.1,0
2026-05-26T23:45:00Z,96.1,96.1,96.1,96.1,0.0,96.1,0
2026-05-27T00:00:00Z,96.1,96.1,96.1,96.1,0.0,96.1,0
2026-05-27T00:15:00Z,96.1,96.1,96.1,96.1,0.0,96.1,0
2026-05-27T00:30:00Z,96.1,96.1,96.1,96.1,0.0,96.1,0
2026-05-27T00:45:00Z,96.1,96.1,96.1,96.1,0.0,96.1,0
2026-05-27T01:00:00Z,96.1,96.1,96.1,96.1,0.0,96.1,0
2026-05-27T01:15:00Z,96.1,96.1,96.1,96.1,0.0,96.1,0
2026-05-27T01:30:00Z,96.1,96.1,96.1,96.1,0.0,96.1,0
2026-05-27T01:45:00Z,96.1,96.1,96.1,96.1,0.0,96.1,0
2026-05-27T02:00:00Z,96.1,96.1,96.1,96.1,0.0,96.1,0
2026-05-27T02:15:00Z,96.1,96.1,96.1,96.1,0.0,96.1,0
2026-05-27T02:30:00Z,96.1,96.1,96.1,96.1,0.0,96.1,0
2026-05-27T02:45:00Z,96.1,96.1,96.1,96.1,0.0,96.1,0
2026-05-27T03:00:00Z,96.1,96.1,96.1,96.1,0.0,96.1,0
2026-05-27T03:15:00Z,96.12,96.12,96.12,96.12,1.0,96.12,1
2026-05-27T03:30:00Z,96.12,96.12,96.12,96.12,0.0,96.12,0
2026-05-27T03:45:00Z,96.12,96.12,96.12,96.12,258.0,96.12,5
2026-05-27T04:00:00Z,96.125,96.125,96.125,96.125,246.0,96.125,1
2026-05-27T04:15:00Z,96.125,96.125,96.125,96.125,0.0,96.125,0
2026-05-27T04:30:00Z,96.125,96.125,96.125,96.125,0.0,96.125,0
2026-05-27T04:45:00Z,96.125,96.125,96.125,96.125,0.0,96.125,0
2026-05-27T05:00:00Z,96.125,96.125,96.125,96.125,0.0,96.125,0
2026-05-27T05:15:00Z,96.125,96.125,96.125,96.125,0.0,96.125,0
2026-05-27T05:30:00Z,96.125,96.125,96.125,96.125,0.0,96.125,0
2026-05-27T05:45:00Z,96.125,96.125,96.125,96.125,0.0,96.125,0
2026-05-27T06:00:00Z,96.125,96.125,96.125,96.125,0.0,96.125,0
2026-05-27T06:15:00Z,96.125,96.125,96.125,96.125,0.0,96.125,0
2026-05-27T06:30:00Z,96.125,96.125,96.125,96.125,0.0,96.125,0
2026-05-27T06:45:00Z,96.125,96.125,96.125,96.125,3.0,96.125,1
2026-05-27T07:00:00Z,96.125,96.125,96.125,96.125,0.0,96.125,0
2026-05-27T07:15:00Z,96.125,96.125,96.12,96.12,9.0,96.1245,2
2026-05-27T07:30:00Z,96.12,96.12,96.12,96.12,0.0,96.12,0
2026-05-27T07:45:00Z,96.12,96.12,96.12,96.12,0.0,96.12,0
2026-05-27T08:00:00Z,96.125,96.125,96.125,96.125,4.0,96.125,1
2026-05-27T08:15:00Z,96.125,96.125,96.125,96.125,0.0,96.125,0
2026-05-27T08:30:00Z,96.125,96.125,96.125,96.125,0.0,96.125,0
2026-05-27T08:45:00Z,96.125,96.125,96.125,96.125,0.0,96.125,0
2026-05-27T09:00:00Z,96.125,96.125,96.125,96.125,0.0,96.125,0
2026-05-27T09:15:00Z,96.125,96.125,96.125,96.125,0.0,96.125,0
2026-05-27T09:30:00Z,96.125,96.125,96.125,96.125,0.0,96.125,0
2026-05-27T09:45:00Z,96.125,96.125,96.125,96.125,0.0,96.125,0
2026-05-27T10:00:00Z,96.125,96.125,96.125,96.125,0.0,96.125,0
2026-05-27T10:15:00Z,96.125,96.125,96.125,96.125,0.0,96.125,0
2026-05-27T10:30:00Z,96.125,96.125,96.125,96.125,0.0,96.125,0
2026-05-27T10:45:00Z,96.125,96.125,96.125,96.125,0.0,96.125,0
2026-05-27T11:00:00Z,96.125,96.125,96.125,96.125,0.0,96.125,0
2026-05-27T11:15:00Z,96.125,96.125,96.125,96.125,0.0,96.125,0
2026-05-27T11:30:00Z,96.1,96.1,96.1,96.1,3.0,96.1,1
2026-05-27T11:45:00Z,96.095,96.095,96.095,96.095,3.0,96.095,1
2026-05-27T12:00:00Z,96.095,96.095,96.095,96.095,0.0,96.095,0
2026-05-27T12:15:00Z,96.095,96.095,96.095,96.095,0.0,96.095,0
2026-05-27T12:30:00Z,96.095,96.095,96.095,96.095,0.0,96.095,0
2026-05-27T12:45:00Z,96.095,96.095,96.095,96.095,0.0,96.095,0
2026-05-27T13:00:00Z,96.095,96.095,96.095,96.095,0.0,96.095,0
2026-05-27T13:15:00Z,96.095,96.095,96.095,96.095,0.0,96.095,0
2026-05-27T13:30:00Z,96.095,96.095,96.095,96.095,0.0,96.095,0
2026-05-27T13:45:00Z,96.11,96.11,96.11,96.11,1.0,96.11,1
2026-05-27T14:00:00Z,96.11,96.11,96.11,96.11,0.0,96.11,0
2026-05-27T14:15:00Z,96.11,96.11,96.11,96.11,0.0,96.11,0
2026-05-27T14:30:00Z,96.11,96.11,96.11,96.11,0.0,96.11,0
2026-05-27T14:45:00Z,96.11,96.11,96.11,96.11,0.0,96.11,0
2026-05-27T15:00:00Z,96.11,96.11,96.11,96.11,0.0,96.11,0
2026-05-27T15:15:00Z,96.11,96.11,96.11,96.11,0.0,96.11,0
2026-05-27T15:30:00Z,96.115,96.115,96.115,96.115,240.0,96.115,1
2026-05-27T15:45:00Z,96.115,96.115,96.115,96.115,0.0,96.115,0
2026-05-27T16:00:00Z,96.115,96.115,96.115,96.115,0.0,96.115,0
2026-05-27T16:15:00Z,96.115,96.115,96.115,96.115,3.0,96.115,1
2026-05-27T16:30:00Z,96.115,96.115,96.115,96.115,0.0,96.115,0
2026-05-27T16:45:00Z,96.115,96.115,96.115,96.115,0.0,96.115,0
2026-05-27T17:00:00Z,96.115,96.115,96.115,96.115,0.0,96.115,0
2026-05-27T17:15:00Z,96.115,96.115,96.115,96.115,0.0,96.115,0
2026-05-27T17:30:00Z,96.115,96.115,96.115,96.115,0.0,96.115,0
2026-05-27T17:45:00Z,96.115,96.115,96.115,96.115,0.0,96.115,0
2026-05-27T18:00:00Z,96.115,96.115,96.115,96.115,0.0,96.115,0
2026-05-27T18:15:00Z,96.12,96.12,96.12,96.12,1.0,96.12,1
2026-05-27T18:30:00Z,96.12,96.12,96.12,96.12,0.0,96.12,0
2026-05-27T18:45:00Z,96.12,96.12,96.12,96.12,0.0,96.12,0
2026-05-27T19:00:00Z,96.12,96.12,96.12,96.12,0.0,96.12,0
2026-05-27T19:15:00Z,96.12,96.12,96.12,96.12,0.0,96.12,0
2026-05-27T19:30:00Z,96.12,96.12,96.12,96.12,0.0,96.12,0
2026-05-27T19:45:00Z,96.12,96.12,96.12,96.12,0.0,96.12,0
2026-05-27T20:00:00Z,96.12,96.12,96.12,96.12,0.0,96.12,0
2026-05-27T20:15:00Z,96.12,96.12,96.12,96.12,0.0,96.12,0
2026-05-27T20:30:00Z,96.12,96.12,96.12,96.12,0.0,96.12,0
2026-05-27T20:45:00Z,96.12,96.12,96.12,96.12,0.0,96.12,0
2026-05-27T22:45:00Z,96.115,96.125,96.115,96.125,276.0,96.1245,3
2026-05-27T23:00:00Z,96.125,96.125,96.125,96.125,0.0,96.125,0
2026-05-27T23:15:00Z,96.125,96.125,96.125,96.125,0.0,96.125,0
2026-05-27T23:30:00Z,96.125,96.125,96.125,96.125,0.0,96.125,0
2026-05-27T23:45:00Z,96.125,96.125,96.125,96.125,0.0,96.125,0
2026-05-28T00:00:00Z,96.125,96.125,96.125,96.125,0.0,96.125,0
2026-05-28T00:15:00Z,96.125,96.125,96.125,96.125,0.0,96.125,0
2026-05-28T00:30:00Z,96.125,96.125,96.125,96.125,0.0,96.125,0
2026-05-28T00:45:00Z,96.125,96.125,96.125,96.125,0.0,96.125,0
2026-05-28T01:00:00Z,96.125,96.125,96.125,96.125,0.0,96.125,0
2026-05-28T01:15:00Z,96.125,96.125,96.125,96.125,0.0,96.125,0
2026-05-28T01:30:00Z,96.125,96.125,96.125,96.125,0.0,96.125,0
2026-05-28T01:45:00Z,96.125,96.125,96.125,96.125,0.0,96.125,0
2026-05-28T02:00:00Z,96.125,96.125,96.125,96.125,0.0,96.125,0
2026-05-28T02:15:00Z,96.125,96.125,96.125,96.125,0.0,96.125,0
2026-05-28T02:30:00Z,96.125,96.125,96.125,96.125,0.0,96.125,0
2026-05-28T02:45:00Z,96.075,96.075,96.075,96.075,5.0,96.075,1
2026-05-28T03:00:00Z,96.075,96.075,96.075,96.075,0.0,96.075,0
2026-05-28T03:15:00Z,96.075,96.075,96.075,96.075,0.0,96.075,0
2026-05-28T03:30:00Z,96.075,96.075,96.075,96.075,0.0,96.075,0
2026-05-28T03:45:00Z,96.075,96.075,96.075,96.075,0.0,96.075,0
2026-05-28T04:00:00Z,96.075,96.075,96.075,96.075,0.0,96.075,0
2026-05-28T04:15:00Z,96.06,96.06,96.06,96.06,1.0,96.06,1
2026-05-28T04:30:00Z,96.06,96.06,96.06,96.06,0.0,96.06,0
2026-05-28T04:45:00Z,96.06,96.06,96.06,96.06,0.0,96.06,0
2026-05-28T05:00:00Z,96.06,96.06,96.06,96.06,0.0,96.06,0
2026-05-28T05:15:00Z,96.06,96.06,96.06,96.06,0.0,96.06,0
2026-05-28T05:30:00Z,96.06,96.06,96.06,96.06,0.0,96.06,0
2026-05-28T05:45:00Z,96.06,96.06,96.06,96.06,0.0,96.06,0
2026-05-28T06:00:00Z,96.065,96.065,96.065,96.065,1.0,96.065,1
2026-05-28T06:15:00Z,96.07,96.07,96.07,96.07,12.0,96.07,1
2026-05-28T06:30:00Z,96.07,96.07,96.07,96.07,0.0,96.07,0
2026-05-28T06:45:00Z,96.07,96.07,96.07,96.07,0.0,96.07,0
2026-05-28T07:00:00Z,96.07,96.07,96.07,96.07,0.0,96.07,0
2026-05-28T07:15:00Z,96.07,96.07,96.07,96.07,0.0,96.07,0
2026-05-28T07:30:00Z,96.07,96.07,96.07,96.07,0.0,96.07,0
2026-05-28T07:45:00Z,96.07,96.07,96.07,96.07,0.0,96.07,0
2026-05-28T08:00:00Z,96.07,96.07,96.07,96.07,0.0,96.07,0
2026-05-28T08:15:00Z,96.07,96.07,96.07,96.07,0.0,96.07,0
2026-05-28T08:30:00Z,96.07,96.07,96.07,96.07,0.0,96.07,0
2026-05-28T08:45:00Z,96.07,96.07,96.07,96.07,0.0,96.07,0
2026-05-28T09:00:00Z,96.07,96.07,96.07,96.07,0.0,96.07,0
2026-05-28T09:15:00Z,96.07,96.07,96.07,96.07,0.0,96.07,0
2026-05-28T09:30:00Z,96.07,96.07,96.07,96.07,0.0,96.07,0
2026-05-28T09:45:00Z,96.07,96.07,96.07,96.07,0.0,96.07,0
2026-05-28T10:00:00Z,96.08,96.08,96.08,96.08,120.0,96.08,1
2026-05-28T10:15:00Z,96.08,96.08,96.08,96.08,0.0,96.08,0
2026-05-28T10:30:00Z,96.08,96.08,96.08,96.08,0.0,96.08,0
2026-05-28T10:45:00Z,96.08,96.08,96.08,96.08,0.0,96.08,0
2026-05-28T11:00:00Z,96.07,96.07,96.07,96.07,120.0,96.07,1
2026-05-28T11:15:00Z,96.08,96.08,96.08,96.08,120.0,96.08,1
2026-05-28T11:30:00Z,96.08,96.08,96.08,96.08,0.0,96.08,0
2026-05-28T11:45:00Z,96.08,96.08,96.08,96.08,0.0,96.08,0
2026-05-28T12:00:00Z,96.08,96.08,96.08,96.08,0.0,96.08,0
2026-05-28T12:15:00Z,96.07,96.07,96.07,96.07,8.0,96.07,3
2026-05-28T12:30:00Z,96.075,96.09,96.075,96.09,147.0,96.0885,9
2026-05-28T12:45:00Z,96.09,96.09,96.09,96.09,0.0,96.09,0
2026-05-28T13:00:00Z,96.115,96.12,96.115,96.12,32.0,96.1195,3
2026-05-28T13:15:00Z,96.12,96.12,96.12,96.12,0.0,96.12,0
2026-05-28T13:30:00Z,96.12,96.12,96.12,96.12,0.0,96.12,0
2026-05-28T13:45:00Z,96.12,96.12,96.12,96.12,0.0,96.12,0
2026-05-28T14:00:00Z,96.105,96.155,96.105,96.15,22.0,96.1395,8
2026-05-28T14:15:00Z,96.15,96.15,96.15,96.15,0.0,96.15,0
2026-05-28T14:30:00Z,96.125,96.135,96.125,96.135,185.0,96.1345,8
2026-05-28T14:45:00Z,96.125,96.125,96.125,96.125,3.0,96.125,1
2026-05-28T15:00:00Z,96.135,96.135,96.13,96.13,12.0,96.1315,4
2026-05-28T15:15:00Z,96.13,96.13,96.13,96.13,3.0,96.13,1
2026-05-28T15:30:00Z,96.13,96.13,96.13,96.13,0.0,96.13,0
2026-05-28T15:45:00Z,96.13,96.13,96.13,96.13,0.0,96.13,0
2026-05-28T16:00:00Z,96.13,96.13,96.13,96.13,0.0,96.13,0
2026-05-28T16:15:00Z,96.14,96.14,96.14,96.14,1.0,96.14,1
2026-05-28T16:30:00Z,96.14,96.14,96.14,96.14,0.0,96.14,0
2026-05-28T16:45:00Z,96.145,96.145,96.145,96.145,15.0,96.145,3
2026-05-28T17:00:00Z,96.14,96.14,96.14,96.14,9.0,96.14,4
2026-05-28T17:15:00Z,96.14,96.14,96.14,96.14,0.0,96.14,0
2026-05-28T17:30:00Z,96.14,96.14,96.14,96.14,0.0,96.14,0
2026-05-28T17:45:00Z,96.14,96.14,96.14,96.14,0.0,96.14,0
2026-05-28T18:00:00Z,96.14,96.14,96.14,96.14,0.0,96.14,0
2026-05-28T18:15:00Z,96.14,96.14,96.14,96.14,0.0,96.14,0
2026-05-28T18:30:00Z,96.14,96.14,96.14,96.14,0.0,96.14,0
2026-05-28T18:45:00Z,96.14,96.14,96.14,96.14,0.0,96.14,0
2026-05-28T19:00:00Z,96.14,96.14,96.14,96.14,0.0,96.14,0
2026-05-28T19:15:00Z,96.14,96.14,96.14,96.14,0.0,96.14,0
2026-05-28T19:30:00Z,96.14,96.14,96.14,96.14,0.0,96.14,0
2026-05-28T19:45:00Z,96.14,96.14,96.14,96.14,0.0,96.14,0
2026-05-28T20:00:00Z,96.14,96.14,96.14,96.14,0.0,96.14,0
2026-05-28T20:15:00Z,96.14,96.14,96.14,96.14,0.0,96.14,0
2026-05-28T20:30:00Z,96.14,96.14,96.14,96.14,0.0,96.14,0
2026-05-28T20:45:00Z,96.14,96.14,96.14,96.14,0.0,96.14,0
2026-05-28T23:45:00Z,96.12,96.12,96.12,96.12,133.0,96.12,1
2026-05-29T00:00:00Z,96.12,96.12,96.12,96.12,0.0,96.12,0
2026-05-29T00:15:00Z,96.13,96.135,96.13,96.135,126.0,96.13,26
2026-05-29T00:30:00Z,96.135,96.135,96.135,96.135,0.0,96.135,0
2026-05-29T00:45:00Z,96.135,96.135,96.135,96.135,0.0,96.135,0
2026-05-29T01:00:00Z,96.135,96.135,96.135,96.135,1.0,96.135,1
2026-05-29T01:15:00Z,96.145,96.145,96.14,96.14,124.0,96.145,2
2026-05-29T01:30:00Z,96.14,96.14,96.14,96.14,0.0,96.14,0
2026-05-29T01:45:00Z,96.14,96.14,96.14,96.14,0.0,96.14,0
2026-05-29T02:00:00Z,96.135,96.135,96.13,96.13,150.0,96.13,2
2026-05-29T02:15:00Z,96.13,96.13,96.13,96.13,0.0,96.13,0
2026-05-29T02:30:00Z,96.13,96.13,96.13,96.13,0.0,96.13,0
2026-05-29T02:45:00Z,96.13,96.13,96.13,96.13,0.0,96.13,0
2026-05-29T03:00:00Z,96.135,96.135,96.135,96.135,3.0,96.135,1
2026-05-29T03:15:00Z,96.135,96.135,96.135,96.135,0.0,96.135,0
2026-05-29T03:30:00Z,96.135,96.135,96.135,96.135,3.0,96.135,1
2026-05-29T03:45:00Z,96.135,96.135,96.135,96.135,0.0,96.135,0
2026-05-29T04:00:00Z,96.135,96.135,96.135,96.135,0.0,96.135,0
2026-05-29T04:15:00Z,96.135,96.135,96.135,96.135,0.0,96.135,0
2026-05-29T04:30:00Z,96.135,96.135,96.135,96.135,0.0,96.135,0
2026-05-29T04:45:00Z,96.135,96.135,96.135,96.135,0.0,96.135,0
2026-05-29T05:00:00Z,96.135,96.135,96.135,96.135,0.0,96.135,0
2026-05-29T05:15:00Z,96.135,96.135,96.135,96.135,0.0,96.135,0
2026-05-29T05:30:00Z,96.135,96.135,96.135,96.135,0.0,96.135,0
2026-05-29T05:45:00Z,96.135,96.135,96.135,96.135,0.0,96.135,0
2026-05-29T06:00:00Z,96.135,96.135,96.135,96.135,0.0,96.135,0
2026-05-29T06:15:00Z,96.135,96.135,96.135,96.135,0.0,96.135,0
2026-05-29T06:30:00Z,96.135,96.135,96.135,96.135,0.0,96.135,0
2026-05-29T06:45:00Z,96.135,96.135,96.135,96.135,0.0,96.135,0
2026-05-29T07:00:00Z,96.125,96.125,96.125,96.125,2.0,96.125,2
2026-05-29T07:15:00Z,96.125,96.125,96.125,96.125,0.0,96.125,0
2026-05-29T07:30:00Z,96.125,96.125,96.125,96.125,0.0,96.125,0
2026-05-29T07:45:00Z,96.12,96.12,96.12,96.12,1.0,96.12,1
2026-05-29T08:00:00Z,96.125,96.125,96.125,96.125,1.0,96.125,1
2026-05-29T08:15:00Z,96.125,96.125,96.125,96.125,0.0,96.125,0
2026-05-29T08:30:00Z,96.125,96.125,96.125,96.125,0.0,96.125,0
2026-05-29T08:45:00Z,96.125,96.125,96.125,96.125,2.0,96.125,1
2026-05-29T09:00:00Z,96.125,96.125,96.125,96.125,0.0,96.125,0
2026-05-29T09:15:00Z,96.125,96.125,96.125,96.125,0.0,96.125,0
2026-05-29T09:30:00Z,96.125,96.125,96.125,96.125,0.0,96.125,0
2026-05-29T09:45:00Z,96.125,96.125,96.125,96.125,0.0,96.125,0
2026-05-29T10:00:00Z,96.125,96.125,96.125,96.125,0.0,96.125,0
2026-05-29T10:15:00Z,96.125,96.125,96.125,96.125,0.0,96.125,0
2026-05-29T10:30:00Z,96.135,96.135,96.135,96.135,3.0,96.135,1
2026-05-29T10:45:00Z,96.135,96.135,96.135,96.135,6.0,96.135,1
2026-05-29T11:00:00Z,96.13,96.13,96.13,96.13,3.0,96.13,1
2026-05-29T11:15:00Z,96.13,96.13,96.13,96.13,0.0,96.13,0
2026-05-29T11:30:00Z,96.135,96.14,96.135,96.14,33.0,96.1375,16
2026-05-29T11:45:00Z,96.14,96.14,96.13,96.14,39.0,96.1385,13
2026-05-29T12:00:00Z,96.14,96.14,96.125,96.125,314.0,96.13,8
2026-05-29T12:15:00Z,96.125,96.13,96.125,96.13,8.0,96.128,4
2026-05-29T12:30:00Z,96.13,96.13,96.125,96.125,31.0,96.1255,16
2026-05-29T12:45:00Z,96.125,96.135,96.125,96.135,4.0,96.1275,3
2026-05-29T13:00:00Z,96.135,96.14,96.135,96.135,23.0,96.137,7
2026-05-29T13:15:00Z,96.135,96.135,96.135,96.135,6.0,96.135,2
2026-05-29T13:30:00Z,96.135,96.14,96.13,96.13,270.0,96.14,6
2026-05-29T13:45:00Z,96.13,96.13,96.13,96.13,1.0,96.13,1
2026-05-29T14:00:00Z,96.13,96.13,96.13,96.13,0.0,96.13,0
2026-05-29T14:15:00Z,96.13,96.13,96.13,96.13,0.0,96.13,0
2026-05-29T14:30:00Z,96.13,96.13,96.13,96.13,0.0,96.13,0
2026-05-29T14:45:00Z,96.135,96.135,96.135,96.135,1.0,96.135,1
2026-05-29T15:00:00Z,96.145,96.145,96.145,96.145,2.0,96.145,2
2026-05-29T15:15:00Z,96.145,96.145,96.145,96.145,0.0,96.145,0
2026-05-29T15:30:00Z,96.15,96.155,96.15,96.155,2.0,96.1525,2
2026-05-29T15:45:00Z,96.15,96.15,96.15,96.15,1.0,96.15,1
2026-05-29T16:00:00Z,96.15,96.15,96.15,96.15,0.0,96.15,0
2026-05-29T16:15:00Z,96.15,96.15,96.15,96.15,1.0,96.15,1
2026-05-29T16:30:00Z,96.15,96.15,96.15,96.15,0.0,96.15,0
2026-05-29T16:45:00Z,96.155,96.155,96.155,96.155,3.0,96.155,1
2026-05-29T17:00:00Z,96.155,96.155,96.155,96.155,2.0,96.155,2
2026-05-29T17:15:00Z,96.155,96.155,96.155,96.155,0.0,96.155,0
2026-05-29T17:30:00Z,96.155,96.155,96.155,96.155,0.0,96.155,0
2026-05-29T17:45:00Z,96.155,96.155,96.155,96.155,0.0,96.155,0
2026-05-29T18:00:00Z,96.145,96.145,96.145,96.145,3.0,96.145,1
2026-05-29T18:15:00Z,96.15,96.15,96.15,96.15,5.0,96.15,2
2026-05-29T18:30:00Z,96.15,96.15,96.15,96.15,0.0,96.15,0
2026-05-29T18:45:00Z,96.14,96.14,96.13,96.13,9.0,96.1355,3
2026-05-29T19:00:00Z,96.13,96.13,96.13,96.13,4.0,96.13,4
2026-05-29T19:15:00Z,96.13,96.13,96.13,96.13,0.0,96.13,0
2026-05-29T19:30:00Z,96.13,96.13,96.13,96.13,0.0,96.13,0
2026-05-29T19:45:00Z,96.13,96.13,96.13,96.13,3.0,96.13,1
2026-05-29T20:00:00Z,96.14,96.14,96.14,96.14,2.0,96.14,2
2026-05-29T20:15:00Z,96.14,96.14,96.14,96.14,0.0,96.14,0
2026-05-29T20:30:00Z,96.14,96.14,96.14,96.14,0.0,96.14,0
2026-05-29T20:45:00Z,96.135,96.135,96.135,96.135,3.0,96.135,2
2026-05-31T22:00:00Z,96.13,96.13,96.13,96.13,1.0,96.13,1
2026-05-31T22:15:00Z,96.13,96.13,96.13,96.13,0.0,96.13,0
2026-05-31T22:30:00Z,96.13,96.13,96.13,96.13,0.0,96.13,0
2026-05-31T22:45:00Z,96.13,96.13,96.13,96.13,0.0,96.13,0
2026-05-31T23:00:00Z,96.13,96.13,96.13,96.13,0.0,96.13,0
2026-05-31T23:15:00Z,96.095,96.095,96.09,96.09,169.0,96.095,3
2026-05-31T23:30:00Z,96.09,96.09,96.09,96.09,0.0,96.09,0
2026-05-31T23:45:00Z,96.09,96.09,96.09,96.09,0.0,96.09,0
2026-06-01T00:00:00Z,96.09,96.09,96.09,96.09,0.0,96.09,0
2026-06-01T00:15:00Z,96.09,96.09,96.09,96.09,0.0,96.09,0
2026-06-01T00:30:00Z,96.09,96.09,96.09,96.09,0.0,96.09,0
2026-06-01T00:45:00Z,96.09,96.09,96.09,96.09,0.0,96.09,0
2026-06-01T01:00:00Z,96.095,96.095,96.095,96.095,3.0,96.095,1
2026-06-01T01:15:00Z,96.095,96.095,96.095,96.095,0.0,96.095,0
2026-06-01T01:30:00Z,96.095,96.11,96.095,96.11,185.0,96.1095,5
2026-06-01T01:45:00Z,96.11,96.11,96.11,96.11,0.0,96.11,0
2026-06-01T02:00:00Z,96.11,96.11,96.11,96.11,0.0,96.11,0
2026-06-01T02:15:00Z,96.11,96.11,96.11,96.11,0.0,96.11,0
2026-06-01T02:30:00Z,96.11,96.11,96.11,96.11,0.0,96.11,0
2026-06-01T02:45:00Z,96.11,96.11,96.11,96.11,0.0,96.11,0
2026-06-01T03:00:00Z,96.11,96.11,96.11,96.11,0.0,96.11,0
2026-06-01T03:15:00Z,96.1,96.1,96.1,96.1,120.0,96.1,5
2026-06-01T03:30:00Z,96.11,96.115,96.105,96.105,225.0,96.1135,3
2026-06-01T03:45:00Z,96.1,96.1,96.1,96.1,3.0,96.1,1
2026-06-01T04:00:00Z,96.1,96.1,96.1,96.1,3.0,96.1,2
2026-06-01T04:15:00Z,96.1,96.1,96.1,96.1,0.0,96.1,0
2026-06-01T04:30:00Z,96.1,96.1,96.1,96.1,0.0,96.1,0
2026-06-01T04:45:00Z,96.1,96.1,96.1,96.1,0.0,96.1,0
2026-06-01T05:00:00Z,96.1,96.1,96.1,96.1,0.0,96.1,0
2026-06-01T05:15:00Z,96.1,96.1,96.1,96.1,1.0,96.1,1
2026-06-01T05:30:00Z,96.1,96.1,96.1,96.1,1.0,96.1,1
2026-06-01T05:45:00Z,96.1,96.1,96.1,96.1,0.0,96.1,0
2026-06-01T06:00:00Z,96.1,96.1,96.1,96.1,0.0,96.1,0
2026-06-01T06:15:00Z,96.1,96.1,96.1,96.1,4.0,96.1,2
2026-06-01T06:30:00Z,96.1,96.1,96.1,96.1,0.0,96.1,0
2026-06-01T06:45:00Z,96.1,96.1,96.095,96.095,9.0,96.0955,3
2026-06-01T07:00:00Z,96.1,96.1,96.1,96.1,8.0,96.1,2
2026-06-01T07:15:00Z,96.1,96.1,96.1,96.1,0.0,96.1,0
2026-06-01T07:30:00Z,96.1,96.1,96.1,96.1,0.0,96.1,0
2026-06-01T07:45:00Z,96.1,96.1,96.1,96.1,0.0,96.1,0
2026-06-01T08:00:00Z,96.1,96.1,96.1,96.1,0.0,96.1,0
2026-06-01T08:15:00Z,96.1,96.1,96.1,96.1,0.0,96.1,0
2026-06-01T08:30:00Z,96.1,96.1,96.1,96.1,0.0,96.1,0
2026-06-01T08:45:00Z,96.095,96.095,96.09,96.095,136.0,96.0945,23
2026-06-01T09:00:00Z,96.095,96.095,96.095,96.095,11.0,96.095,4
2026-06-01T09:15:00Z,96.095,96.095,96.095,96.095,0.0,96.095,0
2026-06-01T09:30:00Z,96.095,96.095,96.095,96.095,0.0,96.095,0
2026-06-01T09:45:00Z,96.095,96.095,96.095,96.095,0.0,96.095,0
2026-06-01T10:00:00Z,96.095,96.095,96.095,96.095,1.0,96.095,1
2026-06-01T10:15:00Z,96.095,96.095,96.095,96.095,0.0,96.095,0
2026-06-01T10:30:00Z,96.095,96.095,96.095,96.095,0.0,96.095,0
2026-06-01T10:45:00Z,96.095,96.095,96.095,96.095,7.0,96.095,2
2026-06-01T11:00:00Z,96.095,96.095,96.095,96.095,0.0,96.095,0
2026-06-01T11:15:00Z,96.1,96.1,96.1,96.1,8.0,96.1,1
2026-06-01T11:30:00Z,96.095,96.1,96.095,96.1,6.0,96.0965,4
2026-06-01T11:45:00Z,96.1,96.1,96.1,96.1,0.0,96.1,0
2026-06-01T12:00:00Z,96.1,96.1,96.1,96.1,0.0,96.1,0
2026-06-01T12:15:00Z,96.1,96.105,96.1,96.1,11.0,96.1005,4
2026-06-01T12:30:00Z,96.105,96.11,96.105,96.11,35.0,96.105,6
2026-06-01T12:45:00Z,96.105,96.105,96.105,96.105,5.0,96.105,4
2026-06-01T13:00:00Z,96.105,96.105,96.085,96.085,10.0,96.0925,4
2026-06-01T13:15:00Z,96.075,96.075,96.055,96.055,6.0,96.065,6
2026-06-01T13:30:00Z,96.05,96.055,96.05,96.05,11.0,96.051,4
2026-06-01T13:45:00Z,96.05,96.05,96.05,96.05,3.0,96.05,1
2026-06-01T14:00:00Z,96.03,96.03,96.01,96.03,34.0,96.0265,16
2026-06-01T14:15:00Z,96.045,96.045,96.03,96.03,17.0,96.0405,10
2026-06-01T14:30:00Z,96.03,96.03,96.03,96.03,1.0,96.03,1
2026-06-01T14:45:00Z,96.03,96.03,96.03,96.03,0.0,96.03,0
2026-06-01T15:00:00Z,96.025,96.025,96.025,96.025,4.0,96.025,2
2026-06-01T15:15:00Z,96.04,96.04,96.035,96.035,2.0,96.0375,2
2026-06-01T15:30:00Z,96.045,96.05,96.04,96.04,30.0,96.0465,14
2026-06-01T15:45:00Z,96.04,96.04,96.04,96.04,2.0,96.04,1
2026-06-01T16:00:00Z,96.04,96.04,96.04,96.04,0.0,96.04,0
2026-06-01T16:15:00Z,96.04,96.04,96.04,96.04,0.0,96.04,0
2026-06-01T16:30:00Z,96.035,96.035,96.035,96.035,4.0,96.035,2
2026-06-01T16:45:00Z,96.06,96.06,96.06,96.06,11.0,96.06,3
2026-06-01T17:00:00Z,96.06,96.06,96.06,96.06,0.0,96.06,0
2026-06-01T17:15:00Z,96.065,96.065,96.065,96.065,31.0,96.065,6
2026-06-01T17:30:00Z,96.07,96.085,96.07,96.085,41.0,96.071,11
2026-06-01T17:45:00Z,96.085,96.085,96.085,96.085,0.0,96.085,0
2026-06-01T18:00:00Z,96.085,96.085,96.085,96.085,0.0,96.085,0
2026-06-01T18:15:00Z,96.085,96.085,96.085,96.085,0.0,96.085,0
2026-06-01T18:30:00Z,96.085,96.085,96.085,96.085,0.0,96.085,0
2026-06-01T18:45:00Z,96.085,96.085,96.085,96.085,0.0,96.085,0
2026-06-01T19:00:00Z,96.085,96.085,96.085,96.085,0.0,96.085,0
2026-06-01T19:15:00Z,96.085,96.085,96.085,96.085,0.0,96.085,0
2026-06-01T19:30:00Z,96.085,96.085,96.085,96.085,0.0,96.085,0
2026-06-01T19:45:00Z,96.085,96.085,96.085,96.085,0.0,96.085,0
2026-06-01T20:00:00Z,96.095,96.095,96.095,96.095,2.0,96.095,1
2026-06-01T20:15:00Z,96.095,96.095,96.095,96.095,0.0,96.095,0
2026-06-01T20:30:00Z,96.095,96.095,96.095,96.095,0.0,96.095,0
2026-06-01T20:45:00Z,96.095,96.095,96.09,96.09,2.0,96.0925,2
2026-06-01T22:45:00Z,96.08,96.085,96.08,96.085,255.0,96.08,2
2026-06-01T23:00:00Z,96.09,96.095,96.09,96.095,296.0,96.095,2
2026-06-01T23:15:00Z,96.095,96.095,96.095,96.095,0.0,96.095,0
2026-06-01T23:30:00Z,96.095,96.095,96.095,96.095,0.0,96.095,0
2026-06-01T23:45:00Z,96.095,96.095,96.095,96.095,0.0,96.095,0
2026-06-02T00:00:00Z,96.095,96.095,96.095,96.095,0.0,96.095,0
2026-06-02T00:15:00Z,96.095,96.095,96.095,96.095,0.0,96.095,0
2026-06-02T00:30:00Z,96.095,96.095,96.095,96.095,0.0,96.095,0
2026-06-02T00:45:00Z,96.095,96.095,96.095,96.095,0.0,96.095,0
2026-06-02T01:00:00Z,96.095,96.095,96.095,96.095,0.0,96.095,0
2026-06-02T01:15:00Z,96.09,96.09,96.09,96.09,1.0,96.09,1
2026-06-02T01:30:00Z,96.09,96.09,96.09,96.09,0.0,96.09,0
2026-06-02T01:45:00Z,96.09,96.09,96.09,96.09,0.0,96.09,0
2026-06-02T02:00:00Z,96.09,96.09,96.09,96.09,0.0,96.09,0
2026-06-02T02:15:00Z,96.09,96.09,96.09,96.09,1.0,96.09,1
2026-06-02T02:30:00Z,96.09,96.09,96.09,96.09,0.0,96.09,0
2026-06-02T02:45:00Z,96.09,96.09,96.09,96.09,0.0,96.09,0
2026-06-02T03:00:00Z,96.09,96.09,96.09,96.09,0.0,96.09,0
2026-06-02T03:15:00Z,96.095,96.095,96.095,96.095,1.0,96.095,1
2026-06-02T03:30:00Z,96.095,96.095,96.095,96.095,2.0,96.095,1
2026-06-02T03:45:00Z,96.095,96.095,96.095,96.095,0.0,96.095,0
2026-06-02T04:00:00Z,96.095,96.095,96.095,96.095,0.0,96.095,0
2026-06-02T04:15:00Z,96.095,96.095,96.095,96.095,0.0,96.095,0
2026-06-02T04:30:00Z,96.095,96.095,96.095,96.095,0.0,96.095,0
2026-06-02T04:45:00Z,96.095,96.095,96.095,96.095,0.0,96.095,0
2026-06-02T05:00:00Z,96.095,96.095,96.095,96.095,0.0,96.095,0
2026-06-02T05:15:00Z,96.095,96.095,96.095,96.095,0.0,96.095,0
2026-06-02T05:30:00Z,96.095,96.095,96.095,96.095,0.0,96.095,0
2026-06-02T05:45:00Z,96.105,96.105,96.105,96.105,1.0,96.105,1
2026-06-02T06:00:00Z,96.105,96.105,96.105,96.105,0.0,96.105,0
2026-06-02T06:15:00Z,96.11,96.11,96.11,96.11,141.0,96.11,16
2026-06-02T06:30:00Z,96.11,96.11,96.11,96.11,0.0,96.11,0
2026-06-02T06:45:00Z,96.11,96.11,96.11,96.11,0.0,96.11,0
2026-06-02T07:00:00Z,96.11,96.11,96.11,96.11,0.0,96.11,0
2026-06-02T07:15:00Z,96.11,96.11,96.11,96.11,0.0,96.11,0
2026-06-02T07:30:00Z,96.115,96.115,96.115,96.115,3.0,96.115,1
2026-06-02T07:45:00Z,96.115,96.115,96.115,96.115,0.0,96.115,0
2026-06-02T08:00:00Z,96.115,96.115,96.115,96.115,0.0,96.115,0
2026-06-02T08:15:00Z,96.11,96.11,96.11,96.11,15.0,96.11,1
2026-06-02T08:30:00Z,96.11,96.11,96.11,96.11,0.0,96.11,0
2026-06-02T08:45:00Z,96.115,96.115,96.11,96.11,5.0,96.114,2
2026-06-02T09:00:00Z,96.11,96.11,96.11,96.11,0.0,96.11,0
2026-06-02T09:15:00Z,96.11,96.11,96.11,96.11,0.0,96.11,0
2026-06-02T09:30:00Z,96.11,96.11,96.11,96.11,0.0,96.11,0
2026-06-02T09:45:00Z,96.11,96.11,96.11,96.11,0.0,96.11,0
2026-06-02T10:00:00Z,96.11,96.11,96.11,96.11,0.0,96.11,0
2026-06-02T10:15:00Z,96.11,96.11,96.11,96.11,0.0,96.11,0
2026-06-02T10:30:00Z,96.115,96.115,96.115,96.115,2.0,96.115,1
2026-06-02T10:45:00Z,96.12,96.12,96.12,96.12,13.0,96.12,2
2026-06-02T11:00:00Z,96.12,96.12,96.12,96.12,0.0,96.12,0
2026-06-02T11:15:00Z,96.12,96.12,96.12,96.12,14.0,96.12,5
2026-06-02T11:30:00Z,96.12,96.12,96.12,96.12,0.0,96.12,0
2026-06-02T11:45:00Z,96.11,96.11,96.11,96.11,39.0,96.11,8
2026-06-02T12:00:00Z,96.115,96.115,96.115,96.115,1.0,96.115,1
2026-06-02T12:15:00Z,96.11,96.11,96.11,96.11,8.0,96.11,5
2026-06-02T12:30:00Z,96.11,96.11,96.105,96.105,79.0,96.1095,10
2026-06-02T12:45:00Z,96.1,96.1,96.1,96.1,9.0,96.1,3
2026-06-02T13:00:00Z,96.1,96.1,96.1,96.1,0.0,96.1,0
2026-06-02T13:15:00Z,96.09,96.09,96.09,96.09,2.0,96.09,1
2026-06-02T13:30:00Z,96.085,96.085,96.085,96.085,1.0,96.085,1
2026-06-02T13:45:00Z,96.085,96.085,96.085,96.085,0.0,96.085,0
2026-06-02T14:00:00Z,96.08,96.08,96.075,96.075,9.0,96.0795,4
2026-06-02T14:15:00Z,96.075,96.075,96.075,96.075,1.0,96.075,1
2026-06-02T14:30:00Z,96.08,96.08,96.08,96.08,1.0,96.08,1
2026-06-02T14:45:00Z,96.08,96.08,96.075,96.075,3.0,96.0765,2
2026-06-02T15:00:00Z,96.075,96.075,96.075,96.075,3.0,96.075,2
2026-06-02T15:15:00Z,96.075,96.075,96.075,96.075,0.0,96.075,0
2026-06-02T15:30:00Z,96.075,96.075,96.075,96.075,0.0,96.075,0
2026-06-02T15:45:00Z,96.075,96.075,96.075,96.075,1.0,96.075,1
2026-06-02T16:00:00Z,96.08,96.08,96.08,96.08,1.0,96.08,1
2026-06-02T16:15:00Z,96.07,96.07,96.07,96.07,5.0,96.07,1
2026-06-02T16:30:00Z,96.065,96.065,96.065,96.065,2.0,96.065,1
2026-06-02T16:45:00Z,96.065,96.065,96.065,96.065,0.0,96.065,0
2026-06-02T17:00:00Z,96.075,96.075,96.075,96.075,3.0,96.075,2
2026-06-02T17:15:00Z,96.07,96.07,96.07,96.07,2.0,96.07,2
2026-06-02T17:30:00Z,96.07,96.07,96.07,96.07,0.0,96.07,0
2026-06-02T17:45:00Z,96.07,96.07,96.07,96.07,0.0,96.07,0
2026-06-02T18:00:00Z,96.075,96.075,96.075,96.075,1.0,96.075,1
2026-06-02T18:15:00Z,96.075,96.075,96.075,96.075,0.0,96.075,0
2026-06-02T18:30:00Z,96.075,96.075,96.075,96.075,0.0,96.075,0
2026-06-02T18:45:00Z,96.075,96.075,96.075,96.075,0.0,96.075,0
2026-06-02T19:00:00Z,96.075,96.075,96.075,96.075,0.0,96.075,0
2026-06-02T19:15:00Z,96.075,96.075,96.075,96.075,0.0,96.075,0
2026-06-02T19:30:00Z,96.075,96.075,96.075,96.075,3.0,96.075,2
2026-06-02T19:45:00Z,96.075,96.075,96.075,96.075,0.0,96.075,0
2026-06-02T20:00:00Z,96.075,96.075,96.075,96.075,1.0,96.075,1
2026-06-02T20:15:00Z,96.075,96.075,96.075,96.075,0.0,96.075,0
2026-06-02T20:30:00Z,96.075,96.075,96.075,96.075,0.0,96.075,0
2026-06-02T20:45:00Z,96.075,96.075,96.075,96.075,0.0,96.075,0
2026-06-03T00:15:00Z,96.055,96.055,96.055,96.055,257.0,96.055,1
2026-06-03T00:30:00Z,96.055,96.055,96.055,96.055,0.0,96.055,0
2026-06-03T00:45:00Z,96.055,96.055,96.055,96.055,0.0,96.055,0
2026-06-03T01:00:00Z,96.055,96.055,96.055,96.055,0.0,96.055,0
2026-06-03T01:15:00Z,96.06,96.065,96.06,96.065,279.0,96.065,2
2026-06-03T01:30:00Z,96.065,96.065,96.065,96.065,0.0,96.065,0
2026-06-03T01:45:00Z,96.065,96.065,96.065,96.065,0.0,96.065,0
2026-06-03T02:00:00Z,96.065,96.065,96.065,96.065,0.0,96.065,0
2026-06-03T02:15:00Z,96.065,96.065,96.065,96.065,0.0,96.065,0
2026-06-03T02:30:00Z,96.065,96.065,96.065,96.065,0.0,96.065,0
2026-06-03T02:45:00Z,96.065,96.065,96.065,96.065,0.0,96.065,0
2026-06-03T03:00:00Z,96.065,96.065,96.065,96.065,0.0,96.065,0
2026-06-03T03:15:00Z,96.065,96.065,96.065,96.065,0.0,96.065,0
2026-06-03T03:30:00Z,96.065,96.065,96.065,96.065,0.0,96.065,0
2026-06-03T03:45:00Z,96.065,96.065,96.065,96.065,0.0,96.065,0
2026-06-03T04:00:00Z,96.055,96.055,96.055,96.055,10.0,96.055,1
2026-06-03T04:15:00Z,96.055,96.055,96.055,96.055,0.0,96.055,0
2026-06-03T04:30:00Z,96.055,96.055,96.055,96.055,0.0,96.055,0
2026-06-03T04:45:00Z,96.055,96.055,96.055,96.055,0.0,96.055,0
2026-06-03T05:00:00Z,96.055,96.055,96.055,96.055,0.0,96.055,0
2026-06-03T05:15:00Z,96.05,96.05,96.05,96.05,2.0,96.05,1
2026-06-03T05:30:00Z,96.05,96.05,96.05,96.05,2.0,96.05,2
2026-06-03T05:45:00Z,96.05,96.05,96.05,96.05,0.0,96.05,0
2026-06-03T06:00:00Z,96.04,96.04,96.04,96.04,2.0,96.04,2
2026-06-03T06:15:00Z,96.04,96.04,96.04,96.04,0.0,96.04,0
2026-06-03T06:30:00Z,96.04,96.04,96.04,96.04,0.0,96.04,0
2026-06-03T06:45:00Z,96.04,96.04,96.04,96.04,0.0,96.04,0
2026-06-03T07:00:00Z,96.04,96.04,96.04,96.04,0.0,96.04,0
2026-06-03T07:15:00Z,96.04,96.04,96.04,96.04,0.0,96.04,0
2026-06-03T07:30:00Z,96.035,96.04,96.035,96.04,7.0,96.038,3
2026-06-03T07:45:00Z,96.04,96.04,96.04,96.04,105.0,96.04,5
2026-06-03T08:00:00Z,96.04,96.04,96.04,96.04,100.0,96.04,10
2026-06-03T08:15:00Z,96.04,96.04,96.035,96.035,52.0,96.0395,3
2026-06-03T08:30:00Z,96.035,96.035,96.035,96.035,2.0,96.035,2
2026-06-03T08:45:00Z,96.03,96.03,96.03,96.03,4.0,96.03,1
2026-06-03T09:00:00Z,96.03,96.03,96.03,96.03,1.0,96.03,1
2026-06-03T09:15:00Z,96.03,96.03,96.03,96.03,0.0,96.03,0
2026-06-03T09:30:00Z,96.03,96.03,96.03,96.03,0.0,96.03,0
2026-06-03T09:45:00Z,96.03,96.03,96.03,96.03,0.0,96.03,0
2026-06-03T10:00:00Z,96.04,96.04,96.04,96.04,1.0,96.04,1
2026-06-03T10:15:00Z,96.03,96.035,96.03,96.035,266.0,96.0325,5
2026-06-03T10:30:00Z,96.035,96.035,96.035,96.035,1.0,96.035,1
2026-06-03T10:45:00Z,96.035,96.035,96.035,96.035,0.0,96.035,0
2026-06-03T11:00:00Z,96.035,96.035,96.035,96.035,0.0,96.035,0
2026-06-03T11:15:00Z,96.035,96.035,96.035,96.035,2.0,96.035,1
2026-06-03T11:30:00Z,96.035,96.035,96.035,96.035,0.0,96.035,0
2026-06-03T11:45:00Z,96.035,96.035,96.035,96.035,0.0,96.035,0
2026-06-03T12:00:00Z,96.035,96.035,96.035,96.035,0.0,96.035,0
2026-06-03T12:15:00Z,96.035,96.035,96.03,96.03,8.0,96.033,3
2026-06-03T12:30:00Z,96.025,96.025,96.025,96.025,3.0,96.025,1
2026-06-03T12:45:00Z,96.025,96.025,96.025,96.025,1.0,96.025,1
2026-06-03T13:00:00Z,96.03,96.03,96.03,96.03,2.0,96.03,2
2026-06-03T13:15:00Z,96.03,96.03,96.03,96.03,0.0,96.03,0
2026-06-03T13:30:00Z,96.03,96.03,96.03,96.03,0.0,96.03,0
2026-06-03T13:45:00Z,96.025,96.025,96.025,96.025,6.0,96.025,3
2026-06-03T14:00:00Z,96.025,96.04,96.025,96.04,4.0,96.0335,3
2026-06-03T14:15:00Z,96.045,96.05,96.04,96.04,311.0,96.048,20
2026-06-03T14:30:00Z,96.035,96.035,96.035,96.035,4.0,96.035,2
2026-06-03T14:45:00Z,96.03,96.03,96.03,96.03,1.0,96.03,1
2026-06-03T15:00:00Z,96.025,96.025,96.025,96.025,10.0,96.025,5
2026-06-03T15:15:00Z,96.02,96.02,96.02,96.02,9.0,96.02,2
2026-06-03T15:30:00Z,96.02,96.02,96.02,96.02,0.0,96.02,0
2026-06-03T15:45:00Z,96.02,96.02,96.02,96.02,12.0,96.02,5
2026-06-03T16:00:00Z,96.015,96.015,96.015,96.015,9.0,96.015,5
2026-06-03T16:15:00Z,96.015,96.015,96.015,96.015,0.0,96.015,0
2026-06-03T16:30:00Z,96.015,96.015,96.015,96.015,0.0,96.015,0
2026-06-03T16:45:00Z,96.015,96.015,96.015,96.015,0.0,96.015,0
2026-06-03T17:00:00Z,96.025,96.025,96.025,96.025,32.0,96.025,8
2026-06-03T17:15:00Z,96.02,96.02,96.02,96.02,3.0,96.02,1
2026-06-03T17:30:00Z,96.02,96.02,96.02,96.02,0.0,96.02,0
2026-06-03T17:45:00Z,96.02,96.02,96.02,96.02,0.0,96.02,0
2026-06-03T18:00:00Z,96.025,96.025,96.025,96.025,4.0,96.025,2
2026-06-03T18:15:00Z,96.025,96.025,96.025,96.025,0.0,96.025,0
2026-06-03T18:30:00Z,96.025,96.025,96.025,96.025,0.0,96.025,0
2026-06-03T18:45:00Z,96.025,96.025,96.025,96.025,1.0,96.025,1
2026-06-03T19:00:00Z,96.025,96.025,96.025,96.025,1.0,96.025,1
2026-06-03T19:15:00Z,96.03,96.03,96.025,96.025,16.0,96.0295,8
2026-06-03T19:30:00Z,96.025,96.025,96.025,96.025,1.0,96.025,1
2026-06-03T19:45:00Z,96.03,96.03,96.03,96.03,18.0,96.03,6
2026-06-03T20:00:00Z,96.03,96.03,96.03,96.03,10.0,96.03,3
2026-06-03T20:15:00Z,96.03,96.03,96.03,96.03,0.0,96.03,0
2026-06-03T20:30:00Z,96.03,96.03,96.03,96.03,2.0,96.03,2
2026-06-03T20:45:00Z,96.03,96.03,96.03,96.03,0.0,96.03,0
2026-06-03T22:45:00Z,96.035,96.035,96.035,96.035,246.0,96.035,2
2026-06-03T23:00:00Z,96.035,96.035,96.03,96.03,283.0,96.03,2
2026-06-03T23:15:00Z,96.03,96.03,96.03,96.03,0.0,96.03,0
2026-06-03T23:30:00Z,96.03,96.03,96.03,96.03,0.0,96.03,0
2026-06-03T23:45:00Z,96.04,96.04,96.04,96.04,6.0,96.04,2
2026-06-04T00:00:00Z,96.04,96.04,96.04,96.04,0.0,96.04,0
2026-06-04T00:15:00Z,96.04,96.04,96.04,96.04,4.0,96.04,1
2026-06-04T00:30:00Z,96.045,96.045,96.045,96.045,2.0,96.045,1
2026-06-04T00:45:00Z,96.045,96.045,96.045,96.045,0.0,96.045,0
2026-06-04T01:00:00Z,96.045,96.045,96.045,96.045,0.0,96.045,0
2026-06-04T01:15:00Z,96.045,96.045,96.045,96.045,0.0,96.045,0
2026-06-04T01:30:00Z,96.045,96.045,96.045,96.045,0.0,96.045,0
2026-06-04T01:45:00Z,96.045,96.045,96.045,96.045,0.0,96.045,0
2026-06-04T02:00:00Z,96.045,96.045,96.045,96.045,0.0,96.045,0
2026-06-04T02:15:00Z,96.045,96.045,96.045,96.045,0.0,96.045,0
2026-06-04T02:30:00Z,96.045,96.045,96.045,96.045,0.0,96.045,0
2026-06-04T02:45:00Z,96.045,96.045,96.045,96.045,0.0,96.045,0
2026-06-04T03:00:00Z,96.045,96.045,96.045,96.045,0.0,96.045,0
2026-06-04T03:15:00Z,96.045,96.045,96.045,96.045,0.0,96.045,0
2026-06-04T03:30:00Z,96.045,96.045,96.045,96.045,0.0,96.045,0
2026-06-04T03:45:00Z,96.045,96.045,96.045,96.045,0.0,96.045,0
2026-06-04T04:00:00Z,96.04,96.04,96.04,96.04,1.0,96.04,1
2026-06-04T04:15:00Z,96.04,96.04,96.04,96.04,0.0,96.04,0
2026-06-04T04:30:00Z,96.04,96.04,96.04,96.04,0.0,96.04,0
2026-06-04T04:45:00Z,96.04,96.04,96.04,96.04,0.0,96.04,0
2026-06-04T05:00:00Z,96.04,96.04,96.04,96.04,6.0,96.04,1
2026-06-04T05:15:00Z,96.04,96.04,96.04,96.04,0.0,96.04,0
2026-06-04T05:30:00Z,96.04,96.04,96.04,96.04,0.0,96.04,0
2026-06-04T05:45:00Z,96.04,96.04,96.04,96.04,0.0,96.04,0
2026-06-04T06:00:00Z,96.04,96.04,96.04,96.04,0.0,96.04,0
2026-06-04T06:15:00Z,96.04,96.04,96.04,96.04,0.0,96.04,0
2026-06-04T06:30:00Z,96.04,96.04,96.04,96.04,0.0,96.04,0
2026-06-04T06:45:00Z,96.04,96.04,96.04,96.04,0.0,96.04,0
2026-06-04T07:00:00Z,96.04,96.04,96.04,96.04,0.0,96.04,0
2026-06-04T07:15:00Z,96.05,96.05,96.045,96.045,262.0,96.05,3
2026-06-04T07:30:00Z,96.035,96.035,96.035,96.035,18.0,96.035,5
2026-06-04T07:45:00Z,96.04,96.04,96.04,96.04,2.0,96.04,1
2026-06-04T08:00:00Z,96.045,96.045,96.045,96.045,3.0,96.045,2
2026-06-04T08:15:00Z,96.045,96.045,96.045,96.045,1.0,96.045,1
2026-06-04T08:30:00Z,96.045,96.045,96.04,96.045,328.0,96.041,10
2026-06-04T08:45:00Z,96.045,96.045,96.045,96.045,0.0,96.045,0
2026-06-04T09:00:00Z,96.045,96.045,96.045,96.045,0.0,96.045,0
2026-06-04T09:15:00Z,96.05,96.05,96.05,96.05,3.0,96.05,1
2026-06-04T09:30:00Z,96.055,96.055,96.055,96.055,4.0,96.055,2
2026-06-04T09:45:00Z,96.065,96.065,96.065,96.065,4.0,96.065,2
2026-06-04T10:00:00Z,96.06,96.06,96.06,96.06,20.0,96.06,5
2026-06-04T10:15:00Z,96.065,96.065,96.065,96.065,26.0,96.065,5
2026-06-04T10:30:00Z,96.065,96.065,96.065,96.065,28.0,96.065,8
2026-06-04T10:45:00Z,96.065,96.065,96.065,96.065,3.0,96.065,2
2026-06-04T11:00:00Z,96.065,96.075,96.065,96.075,80.0,96.073,12
2026-06-04T11:15:00Z,96.075,96.075,96.075,96.075,182.0,96.075,10
2026-06-04T11:30:00Z,96.085,96.085,96.08,96.08,20.0,96.082,3
2026-06-04T11:45:00Z,96.08,96.08,96.08,96.08,0.0,96.08,0
2026-06-04T12:00:00Z,96.08,96.08,96.07,96.07,19.0,96.0735,11
2026-06-04T12:15:00Z,96.075,96.085,96.075,96.085,3.0,96.08,3
2026-06-04T12:30:00Z,96.085,96.085,96.08,96.085,14.0,96.0845,4
2026-06-04T12:45:00Z,96.085,96.085,96.085,96.085,0.0,96.085,0
2026-06-04T13:00:00Z,96.085,96.085,96.085,96.085,13.0,96.085,2
2026-06-04T13:15:00Z,96.085,96.085,96.085,96.085,0.0,96.085,0
2026-06-04T13:30:00Z,96.085,96.085,96.085,96.085,44.0,96.085,5
2026-06-04T13:45:00Z,96.085,96.085,96.085,96.085,0.0,96.085,0
2026-06-04T14:00:00Z,96.09,96.09,96.09,96.09,1.0,96.09,1
2026-06-04T14:15:00Z,96.09,96.09,96.09,96.09,280.0,96.09,2
2026-06-04T14:30:00Z,96.075,96.08,96.075,96.08,19.0,96.0785,8
2026-06-04T14:45:00Z,96.08,96.08,96.08,96.08,0.0,96.08,0
2026-06-04T15:00:00Z,96.08,96.08,96.08,96.08,0.0,96.08,0
2026-06-04T15:15:00Z,96.08,96.08,96.08,96.08,0.0,96.08,0
2026-06-04T15:30:00Z,96.08,96.08,96.08,96.08,0.0,96.08,0
2026-06-04T15:45:00Z,96.08,96.08,96.08,96.08,0.0,96.08,0
2026-06-04T16:00:00Z,96.08,96.085,96.08,96.085,10.0,96.084,2
2026-06-04T16:15:00Z,96.085,96.085,96.085,96.085,0.0,96.085,0
2026-06-04T16:30:00Z,96.085,96.085,96.085,96.085,0.0,96.085,0
2026-06-04T16:45:00Z,96.085,96.085,96.085,96.085,0.0,96.085,0
2026-06-04T17:00:00Z,96.085,96.085,96.085,96.085,0.0,96.085,0
2026-06-04T17:15:00Z,96.085,96.085,96.085,96.085,0.0,96.085,0
2026-06-04T17:30:00Z,96.08,96.08,96.08,96.08,13.0,96.08,4
2026-06-04T17:45:00Z,96.08,96.08,96.08,96.08,0.0,96.08,0
2026-06-04T18:00:00Z,96.075,96.075,96.075,96.075,4.0,96.075,1
2026-06-04T18:15:00Z,96.075,96.075,96.075,96.075,0.0,96.075,0
2026-06-04T18:30:00Z,96.075,96.075,96.075,96.075,0.0,96.075,0
2026-06-04T18:45:00Z,96.08,96.08,96.08,96.08,3.0,96.08,1
2026-06-04T19:00:00Z,96.08,96.08,96.08,96.08,0.0,96.08,0
2026-06-04T19:15:00Z,96.08,96.08,96.08,96.08,1.0,96.08,1
2026-06-04T19:30:00Z,96.08,96.08,96.08,96.08,1.0,96.08,1
2026-06-04T19:45:00Z,96.08,96.08,96.08,96.08,1.0,96.08,1
2026-06-04T20:00:00Z,96.08,96.08,96.08,96.08,1.0,96.08,1
2026-06-04T20:15:00Z,96.08,96.08,96.08,96.08,0.0,96.08,0
2026-06-04T20:30:00Z,96.085,96.085,96.085,96.085,3.0,96.085,1
2026-06-04T20:45:00Z,96.085,96.085,96.08,96.08,15.0,96.0825,5
2026-06-04T22:00:00Z,96.075,96.08,96.075,96.08,183.0,96.075,2
2026-06-04T22:15:00Z,96.08,96.08,96.08,96.08,0.0,96.08,0
2026-06-04T22:30:00Z,96.08,96.08,96.08,96.08,0.0,96.08,0
2026-06-04T22:45:00Z,96.085,96.085,96.085,96.085,181.0,96.085,1
2026-06-04T23:00:00Z,96.08,96.08,96.07,96.08,4.0,96.0765,4
2026-06-04T23:15:00Z,96.08,96.08,96.08,96.08,0.0,96.08,0
2026-06-04T23:30:00Z,96.08,96.085,96.08,96.085,13.0,96.0845,2
2026-06-04T23:45:00Z,96.085,96.085,96.085,96.085,0.0,96.085,0
2026-06-05T00:00:00Z,96.075,96.075,96.075,96.075,2.0,96.075,1
2026-06-05T00:15:00Z,96.075,96.075,96.075,96.075,0.0,96.075,0
2026-06-05T00:30:00Z,96.075,96.075,96.075,96.075,0.0,96.075,0
2026-06-05T00:45:00Z,96.075,96.075,96.075,96.075,0.0,96.075,0
2026-06-05T01:00:00Z,96.075,96.075,96.075,96.075,0.0,96.075,0
2026-06-05T01:15:00Z,96.085,96.085,96.085,96.085,192.0,96.085,1
2026-06-05T01:30:00Z,96.085,96.085,96.085,96.085,0.0,96.085,0
2026-06-05T01:45:00Z,96.085,96.085,96.085,96.085,2.0,96.085,2
2026-06-05T02:00:00Z,96.085,96.085,96.085,96.085,0.0,96.085,0
2026-06-05T02:15:00Z,96.085,96.085,96.085,96.085,0.0,96.085,0
2026-06-05T02:30:00Z,96.085,96.085,96.085,96.085,0.0,96.085,0
2026-06-05T02:45:00Z,96.085,96.085,96.085,96.085,0.0,96.085,0
2026-06-05T03:00:00Z,96.085,96.085,96.085,96.085,0.0,96.085,0
2026-06-05T03:15:00Z,96.085,96.085,96.085,96.085,0.0,96.085,0
2026-06-05T03:30:00Z,96.085,96.085,96.085,96.085,0.0,96.085,0
2026-06-05T03:45:00Z,96.085,96.085,96.085,96.085,0.0,96.085,0
2026-06-05T04:00:00Z,96.085,96.085,96.085,96.085,0.0,96.085,0
2026-06-05T04:15:00Z,96.085,96.085,96.085,96.085,6.0,96.085,3
2026-06-05T04:30:00Z,96.085,96.085,96.085,96.085,0.0,96.085,0
2026-06-05T04:45:00Z,96.085,96.085,96.085,96.085,0.0,96.085,0
2026-06-05T05:00:00Z,96.085,96.085,96.085,96.085,0.0,96.085,0
2026-06-05T05:15:00Z,96.085,96.085,96.085,96.085,0.0,96.085,0
2026-06-05T05:30:00Z,96.085,96.085,96.085,96.085,0.0,96.085,0
2026-06-05T05:45:00Z,96.085,96.085,96.085,96.085,0.0,96.085,0
2026-06-05T06:00:00Z,96.085,96.085,96.085,96.085,0.0,96.085,0
2026-06-05T06:15:00Z,96.085,96.085,96.085,96.085,0.0,96.085,0
2026-06-05T06:30:00Z,96.095,96.095,96.095,96.095,116.0,96.095,1
2026-06-05T06:45:00Z,96.09,96.09,96.09,96.09,1.0,96.09,1
2026-06-05T07:00:00Z,96.09,96.09,96.09,96.09,7.0,96.09,4
2026-06-05T07:15:00Z,96.095,96.095,96.095,96.095,240.0,96.095,20
2026-06-05T07:30:00Z,96.1,96.1,96.095,96.095,4.0,96.0975,3
2026-06-05T07:45:00Z,96.095,96.095,96.095,96.095,43.0,96.095,23
2026-06-05T08:00:00Z,96.095,96.095,96.095,96.095,0.0,96.095,0
2026-06-05T08:15:00Z,96.095,96.095,96.095,96.095,3.0,96.095,3
2026-06-05T08:30:00Z,96.095,96.095,96.095,96.095,0.0,96.095,0
2026-06-05T08:45:00Z,96.095,96.095,96.095,96.095,2.0,96.095,1
2026-06-05T09:00:00Z,96.1,96.1,96.1,96.1,121.0,96.1,7
2026-06-05T09:15:00Z,96.095,96.1,96.095,96.095,24.0,96.095,6
2026-06-05T09:30:00Z,96.095,96.095,96.095,96.095,27.0,96.095,14
2026-06-05T09:45:00Z,96.095,96.095,96.095,96.095,0.0,96.095,0
2026-06-05T10:00:00Z,96.09,96.09,96.085,96.085,18.0,96.087,8
2026-06-05T10:15:00Z,96.085,96.09,96.085,96.085,21.0,96.0865,4
2026-06-05T10:30:00Z,96.085,96.085,96.08,96.08,12.0,96.0835,6
2026-06-05T10:45:00Z,96.085,96.085,96.085,96.085,2.0,96.085,2
2026-06-05T11:00:00Z,96.09,96.09,96.09,96.09,1.0,96.09,1
2026-06-05T11:15:00Z,96.09,96.09,96.085,96.09,17.0,96.086,7
2026-06-05T11:30:00Z,96.085,96.085,96.085,96.085,1.0,96.085,1
2026-06-05T11:45:00Z,96.08,96.08,96.08,96.08,1.0,96.08,1
2026-06-05T12:00:00Z,96.09,96.09,96.09,96.09,41.0,96.09,17
2026-06-05T12:15:00Z,96.09,96.095,96.09,96.095,9.0,96.0945,6
2026-06-05T12:30:00Z,96.0,96.0,95.965,95.965,135.0,95.978,42
2026-06-05T12:45:00Z,95.965,95.965,95.935,95.94,103.0,95.959,34
2026-06-05T13:00:00Z,95.94,95.96,95.94,95.96,43.0,95.9535,13
2026-06-05T13:15:00Z,95.96,95.965,95.96,95.96,34.0,95.961,12
2026-06-05T13:30:00Z,95.955,95.96,95.955,95.96,218.0,95.955,4
2026-06-05T13:45:00Z,95.955,95.97,95.95,95.95,219.0,95.9685,7
2026-06-05T14:00:00Z,95.95,95.965,95.95,95.965,59.0,95.9635,12
2026-06-05T14:15:00Z,95.95,95.95,95.94,95.945,27.0,95.948,9
2026-06-05T14:30:00Z,95.945,95.945,95.945,95.945,1.0,95.945,1
2026-06-05T14:45:00Z,95.94,95.945,95.935,95.935,550.0,95.936,76
2026-06-05T15:00:00Z,95.935,95.935,95.93,95.935,228.0,95.932,23
2026-06-05T15:15:00Z,95.93,95.935,95.93,95.935,95.0,95.9305,26
2026-06-05T15:30:00Z,95.935,95.935,95.93,95.93,9.0,95.9345,4
2026-06-05T15:45:00Z,95.93,95.93,95.93,95.93,4.0,95.93,2
2026-06-05T16:00:00Z,95.925,95.925,95.925,95.925,3.0,95.925,1
2026-06-05T16:15:00Z,95.905,95.915,95.905,95.915,44.0,95.91,13
2026-06-05T16:30:00Z,95.92,95.925,95.92,95.925,18.0,95.9205,4
2026-06-05T16:45:00Z,95.935,95.94,95.935,95.94,37.0,95.9375,12
2026-06-05T17:00:00Z,95.94,95.94,95.935,95.935,11.0,95.9385,4
2026-06-05T17:15:00Z,95.925,95.925,95.925,95.925,1.0,95.925,1
2026-06-05T17:30:00Z,95.925,95.925,95.925,95.925,0.0,95.925,0
2026-06-05T17:45:00Z,95.91,95.91,95.91,95.91,10.0,95.91,4
2026-06-05T18:00:00Z,95.91,95.91,95.91,95.91,5.0,95.91,2
2026-06-05T18:15:00Z,95.91,95.91,95.91,95.91,0.0,95.91,0
2026-06-05T18:30:00Z,95.925,95.925,95.925,95.925,22.0,95.925,3
2026-06-05T18:45:00Z,95.93,95.935,95.93,95.93,485.0,95.933,34
2026-06-05T19:00:00Z,95.93,95.93,95.925,95.925,79.0,95.926,23
2026-06-05T19:15:00Z,95.925,95.93,95.925,95.93,6.0,95.9265,4
2026-06-05T19:30:00Z,95.93,95.93,95.93,95.93,1.0,95.93,1
2026-06-05T19:45:00Z,95.925,95.925,95.925,95.925,5.0,95.925,1
2026-06-05T20:00:00Z,95.925,95.93,95.925,95.93,7.0,95.9285,2
2026-06-05T20:15:00Z,95.93,95.93,95.93,95.93,0.0,95.93,0
2026-06-05T20:30:00Z,95.93,95.93,95.93,95.93,0.0,95.93,0
2026-06-05T20:45:00Z,95.95,95.95,95.945,95.95,18.0,95.948,8
2026-06-07T22:00:00Z,95.905,95.905,95.905,95.905,1.0,95.905,1
2026-06-07T22:15:00Z,95.91,95.915,95.91,95.91,5.0,95.912,3
2026-06-07T22:30:00Z,95.91,95.91,95.91,95.91,0.0,95.91,0
2026-06-07T22:45:00Z,95.905,95.905,95.905,95.905,3.0,95.905,1
2026-06-07T23:00:00Z,95.905,95.905,95.905,95.905,4.0,95.905,1
2026-06-07T23:15:00Z,95.905,95.905,95.905,95.905,0.0,95.905,0
2026-06-07T23:30:00Z,95.91,95.91,95.905,95.905,250.0,95.905,4
2026-06-07T23:45:00Z,95.915,95.915,95.915,95.915,149.0,95.915,6
2026-06-08T00:00:00Z,95.915,95.915,95.915,95.915,103.0,95.915,8
2026-06-08T00:15:00Z,95.92,95.92,95.92,95.92,4.0,95.92,2
2026-06-08T00:30:00Z,95.91,95.91,95.905,95.905,193.0,95.908,15
2026-06-08T00:45:00Z,95.905,95.905,95.905,95.905,1.0,95.905,1
2026-06-08T01:00:00Z,95.905,95.905,95.895,95.9,16.0,95.8985,3
2026-06-08T01:15:00Z,95.895,95.895,95.895,95.895,7.0,95.895,2
2026-06-08T01:30:00Z,95.89,95.89,95.89,95.89,1.0,95.89,1
2026-06-08T01:45:00Z,95.895,95.895,95.895,95.895,2.0,95.895,1
2026-06-08T02:00:00Z,95.895,95.895,95.895,95.895,1.0,95.895,1
2026-06-08T02:15:00Z,95.895,95.9,95.89,95.89,19.0,95.898,3
2026-06-08T02:30:00Z,95.89,95.89,95.89,95.89,1.0,95.89,1
2026-06-08T02:45:00Z,95.89,95.89,95.89,95.89,1.0,95.89,1
2026-06-08T03:00:00Z,95.89,95.89,95.89,95.89,0.0,95.89,0
2026-06-08T03:15:00Z,95.89,95.89,95.89,95.89,0.0,95.89,0
2026-06-08T03:30:00Z,95.89,95.89,95.89,95.89,0.0,95.89,0
2026-06-08T03:45:00Z,95.89,95.89,95.89,95.89,0.0,95.89,0
2026-06-08T04:00:00Z,95.89,95.89,95.89,95.89,0.0,95.89,0
2026-06-08T04:15:00Z,95.89,95.89,95.89,95.89,0.0,95.89,0
2026-06-08T04:30:00Z,95.89,95.89,95.89,95.89,0.0,95.89,0
2026-06-08T04:45:00Z,95.89,95.89,95.89,95.89,0.0,95.89,0
2026-06-08T05:00:00Z,95.89,95.89,95.89,95.89,0.0,95.89,0
2026-06-08T05:15:00Z,95.9,95.9,95.895,95.895,4.0,95.8975,2
2026-06-08T05:30:00Z,95.895,95.895,95.895,95.895,0.0,95.895,0
2026-06-08T05:45:00Z,95.895,95.895,95.895,95.895,0.0,95.895,0
2026-06-08T06:00:00Z,95.89,95.89,95.885,95.885,31.0,95.89,18
2026-06-08T06:15:00Z,95.885,95.885,95.885,95.885,1.0,95.885,1
2026-06-08T06:30:00Z,95.885,95.885,95.885,95.885,0.0,95.885,0
2026-06-08T06:45:00Z,95.885,95.885,95.885,95.885,1.0,95.885,1
2026-06-08T07:00:00Z,95.885,95.89,95.885,95.89,5.0,95.887,3
2026-06-08T07:15:00Z,95.895,95.905,95.895,95.905,24.0,95.904,8
2026-06-08T07:30:00Z,95.905,95.905,95.905,95.905,4.0,95.905,2
2026-06-08T07:45:00Z,95.905,95.905,95.905,95.905,0.0,95.905,0
2026-06-08T08:00:00Z,95.9,95.905,95.9,95.9,94.0,95.9,16
2026-06-08T08:15:00Z,95.895,95.895,95.895,95.895,24.0,95.895,4
2026-06-08T08:30:00Z,95.895,95.895,95.89,95.89,4.0,95.8925,4
2026-06-08T08:45:00Z,95.89,95.89,95.89,95.89,0.0,95.89,0
2026-06-08T09:00:00Z,95.895,95.895,95.895,95.895,1.0,95.895,1
2026-06-08T09:15:00Z,95.895,95.895,95.895,95.895,1.0,95.895,1
2026-06-08T09:30:00Z,95.905,95.915,95.905,95.91,5.0,95.912,5
2026-06-08T09:45:00Z,95.91,95.91,95.91,95.91,0.0,95.91,0
2026-06-08T10:00:00Z,95.905,95.905,95.905,95.905,2.0,95.905,1
2026-06-08T10:15:00Z,95.905,95.905,95.905,95.905,0.0,95.905,0
2026-06-08T10:30:00Z,95.92,95.935,95.92,95.93,3.0,95.9285,3
2026-06-08T10:45:00Z,95.93,95.93,95.93,95.93,0.0,95.93,0
2026-06-08T11:00:00Z,95.925,95.925,95.925,95.925,1.0,95.925,1
2026-06-08T11:15:00Z,95.925,95.925,95.925,95.925,0.0,95.925,0
2026-06-08T11:30:00Z,95.935,95.935,95.93,95.93,6.0,95.9315,2
2026-06-08T11:45:00Z,95.94,95.945,95.94,95.94,10.0,95.9405,5
2026-06-08T12:00:00Z,95.94,95.94,95.94,95.94,7.0,95.94,4
2026-06-08T12:15:00Z,95.94,95.95,95.94,95.95,44.0,95.9485,19
2026-06-08T12:30:00Z,95.96,95.97,95.955,95.965,48.0,95.962,17
2026-06-08T12:45:00Z,95.955,95.96,95.955,95.96,4.0,95.956,4
2026-06-08T13:00:00Z,95.96,95.96,95.955,95.955,9.0,95.959,9
2026-06-08T13:15:00Z,95.955,95.98,95.955,95.975,10.0,95.964,6
2026-06-08T13:30:00Z,95.975,95.975,95.97,95.97,34.0,95.973,11
2026-06-08T13:45:00Z,95.965,95.965,95.965,95.965,5.0,95.965,3
2026-06-08T14:00:00Z,95.96,95.96,95.955,95.955,122.0,95.955,26
2026-06-08T14:15:00Z,95.95,95.95,95.95,95.95,25.0,95.95,8
2026-06-08T14:30:00Z,95.945,95.945,95.935,95.935,21.0,95.941,12
2026-06-08T14:45:00Z,95.94,95.94,95.935,95.935,7.0,95.938,6
2026-06-08T15:00:00Z,95.95,95.95,95.945,95.945,8.0,95.9465,8
2026-06-08T15:15:00Z,95.945,95.945,95.945,95.945,25.0,95.945,7
2026-06-08T15:30:00Z,95.935,95.935,95.935,95.935,4.0,95.935,4
2026-06-08T15:45:00Z,95.935,95.935,95.935,95.935,0.0,95.935,0
2026-06-08T16:00:00Z,95.935,95.935,95.935,95.935,0.0,95.935,0
2026-06-08T16:15:00Z,95.935,95.935,95.935,95.935,3.0,95.935,2
2026-06-08T16:30:00Z,95.935,95.935,95.935,95.935,2.0,95.935,1
2026-06-08T16:45:00Z,95.94,95.94,95.94,95.94,1.0,95.94,1
2026-06-08T17:00:00Z,95.935,95.935,95.935,95.935,30.0,95.935,4
2026-06-08T17:15:00Z,95.94,95.94,95.94,95.94,1.0,95.94,1
2026-06-08T17:30:00Z,95.94,95.94,95.94,95.94,0.0,95.94,0
2026-06-08T17:45:00Z,95.94,95.94,95.94,95.94,0.0,95.94,0
2026-06-08T18:00:00Z,95.945,95.945,95.945,95.945,21.0,95.945,7
2026-06-08T18:15:00Z,95.945,95.95,95.945,95.95,10.0,95.949,5
2026-06-08T18:30:00Z,95.95,95.95,95.95,95.95,0.0,95.95,0
2026-06-08T18:45:00Z,95.95,95.95,95.95,95.95,0.0,95.95,0
2026-06-08T19:00:00Z,95.94,95.94,95.94,95.94,8.0,95.94,4
2026-06-08T19:15:00Z,95.94,95.94,95.94,95.94,0.0,95.94,0
2026-06-08T19:30:00Z,95.94,95.94,95.94,95.94,0.0,95.94,0
2026-06-08T19:45:00Z,95.94,95.94,95.94,95.94,0.0,95.94,0
2026-06-08T20:00:00Z,95.94,95.94,95.935,95.935,35.0,95.9385,10
2026-06-08T20:15:00Z,95.935,95.935,95.935,95.935,0.0,95.935,0
2026-06-08T20:30:00Z,95.935,95.935,95.935,95.935,1.0,95.935,1
2026-06-08T20:45:00Z,95.935,95.935,95.935,95.935,2.0,95.935,2
2026-06-08T22:45:00Z,95.93,95.93,95.93,95.93,287.0,95.93,1
2026-06-08T23:00:00Z,95.93,95.93,95.93,95.93,0.0,95.93,0
2026-06-08T23:15:00Z,95.93,95.93,95.93,95.93,0.0,95.93,0
2026-06-08T23:30:00Z,95.94,95.945,95.93,95.935,287.0,95.939,6
2026-06-08T23:45:00Z,95.935,95.935,95.935,95.935,4.0,95.935,2
2026-06-09T00:00:00Z,95.935,95.935,95.935,95.935,0.0,95.935,0
2026-06-09T00:15:00Z,95.93,95.93,95.93,95.93,1.0,95.93,1
2026-06-09T00:30:00Z,95.925,95.925,95.925,95.925,112.0,95.925,4
2026-06-09T00:45:00Z,95.925,95.925,95.925,95.925,0.0,95.925,0
2026-06-09T01:00:00Z,95.93,95.93,95.93,95.93,15.0,95.93,2
2026-06-09T01:15:00Z,95.93,95.93,95.93,95.93,0.0,95.93,0
2026-06-09T01:30:00Z,95.93,95.93,95.93,95.93,0.0,95.93,0
2026-06-09T01:45:00Z,95.93,95.93,95.93,95.93,0.0,95.93,0
2026-06-09T02:00:00Z,95.93,95.93,95.93,95.93,0.0,95.93,0
2026-06-09T02:15:00Z,95.935,95.935,95.935,95.935,2.0,95.935,1
2026-06-09T02:30:00Z,95.935,95.935,95.935,95.935,0.0,95.935,0
2026-06-09T02:45:00Z,95.935,95.94,95.935,95.94,236.0,95.94,4
2026-06-09T03:00:00Z,95.94,95.94,95.94,95.94,5.0,95.94,3
2026-06-09T03:15:00Z,95.94,95.94,95.94,95.94,4.0,95.94,2
2026-06-09T03:30:00Z,95.94,95.94,95.94,95.94,6.0,95.94,2
2026-06-09T03:45:00Z,95.94,95.94,95.94,95.94,0.0,95.94,0
2026-06-09T04:00:00Z,95.94,95.94,95.94,95.94,0.0,95.94,0
2026-06-09T04:15:00Z,95.94,95.94,95.94,95.94,0.0,95.94,0
2026-06-09T04:30:00Z,95.94,95.94,95.94,95.94,0.0,95.94,0
2026-06-09T04:45:00Z,95.94,95.94,95.94,95.94,0.0,95.94,0
2026-06-09T05:00:00Z,95.95,95.95,95.95,95.95,10.0,95.95,1
2026-06-09T05:15:00Z,95.95,95.95,95.95,95.95,0.0,95.95,0
2026-06-09T05:30:00Z,95.945,95.95,95.945,95.95,31.0,95.946,2
2026-06-09T05:45:00Z,95.95,95.95,95.95,95.95,0.0,95.95,0
2026-06-09T06:00:00Z,95.95,95.95,95.95,95.95,0.0,95.95,0
2026-06-09T06:15:00Z,95.95,95.95,95.95,95.95,0.0,95.95,0
2026-06-09T06:30:00Z,95.95,95.95,95.95,95.95,0.0,95.95,0
2026-06-09T06:45:00Z,95.95,95.95,95.95,95.95,0.0,95.95,0
2026-06-09T07:00:00Z,95.955,95.955,95.955,95.955,10.0,95.955,3
2026-06-09T07:15:00Z,95.955,95.955,95.955,95.955,250.0,95.955,1
2026-06-09T07:30:00Z,95.955,95.955,95.955,95.955,0.0,95.955,0
2026-06-09T07:45:00Z,95.955,95.955,95.955,95.955,0.0,95.955,0
2026-06-09T08:00:00Z,95.955,95.955,95.955,95.955,2.0,95.955,2
2026-06-09T08:15:00Z,95.955,95.955,95.955,95.955,1.0,95.955,1
2026-06-09T08:30:00Z,95.96,95.96,95.96,95.96,152.0,95.96,6
2026-06-09T08:45:00Z,95.96,95.96,95.96,95.96,0.0,95.96,0
2026-06-09T09:00:00Z,95.96,95.96,95.96,95.96,0.0,95.96,0
2026-06-09T09:15:00Z,95.96,95.96,95.96,95.96,0.0,95.96,0
2026-06-09T09:30:00Z,95.96,95.96,95.96,95.96,0.0,95.96,0
2026-06-09T09:45:00Z,95.96,95.96,95.96,95.96,0.0,95.96,0
2026-06-09T10:00:00Z,95.96,95.96,95.96,95.96,0.0,95.96,0
2026-06-09T10:15:00Z,95.96,95.96,95.96,95.96,0.0,95.96,0
2026-06-09T10:30:00Z,95.96,95.96,95.96,95.96,0.0,95.96,0
2026-06-09T10:45:00Z,95.96,95.965,95.96,95.965,89.0,95.96,10
2026-06-09T11:00:00Z,95.965,95.965,95.965,95.965,0.0,95.965,0
2026-06-09T11:15:00Z,95.965,95.965,95.965,95.965,0.0,95.965,0
2026-06-09T11:30:00Z,95.965,95.965,95.965,95.965,0.0,95.965,0
2026-06-09T11:45:00Z,95.965,95.965,95.965,95.965,3.0,95.965,1
2026-06-09T12:00:00Z,95.965,95.965,95.965,95.965,10.0,95.965,6
2026-06-09T12:15:00Z,95.965,95.965,95.965,95.965,9.0,95.965,3
2026-06-09T12:30:00Z,95.965,95.97,95.965,95.965,34.0,95.9695,7
2026-06-09T12:45:00Z,95.965,95.965,95.96,95.965,20.0,95.965,11
2026-06-09T13:00:00Z,95.965,95.97,95.965,95.965,29.0,95.9655,9
2026-06-09T13:15:00Z,95.97,95.97,95.965,95.97,18.0,95.9695,13
2026-06-09T13:30:00Z,95.97,95.975,95.97,95.97,24.0,95.9715,9
2026-06-09T13:45:00Z,95.97,95.97,95.97,95.97,36.0,95.97,4
2026-06-09T14:00:00Z,95.975,95.975,95.97,95.97,40.0,95.975,2
2026-06-09T14:15:00Z,95.97,95.97,95.97,95.97,1.0,95.97,1
2026-06-09T14:30:00Z,95.97,95.97,95.97,95.97,6.0,95.97,2
2026-06-09T14:45:00Z,95.96,95.96,95.96,95.96,12.0,95.96,4
2026-06-09T15:00:00Z,95.96,95.96,95.96,95.96,0.0,95.96,0
2026-06-09T15:15:00Z,95.965,95.965,95.96,95.96,30.0,95.9615,10
2026-06-09T15:30:00Z,95.96,95.96,95.96,95.96,11.0,95.96,5
2026-06-09T15:45:00Z,95.97,95.98,95.97,95.98,15.0,95.9765,7
2026-06-09T16:00:00Z,95.98,95.985,95.98,95.98,51.0,95.98,15
2026-06-09T16:15:00Z,95.985,95.995,95.985,95.985,64.0,95.9875,22
2026-06-09T16:30:00Z,95.985,95.985,95.95,95.96,162.0,95.9695,46
2026-06-09T16:45:00Z,95.97,95.97,95.97,95.97,5.0,95.97,2
2026-06-09T17:00:00Z,95.98,95.98,95.975,95.975,60.0,95.975,22
2026-06-09T17:15:00Z,95.99,95.99,95.985,95.985,28.0,95.9885,15
2026-06-09T17:30:00Z,95.985,95.985,95.985,95.985,0.0,95.985,0
2026-06-09T17:45:00Z,95.985,95.985,95.985,95.985,0.0,95.985,0
2026-06-09T18:00:00Z,95.98,95.98,95.975,95.975,11.0,95.9775,3
2026-06-09T18:15:00Z,95.98,95.98,95.98,95.98,1.0,95.98,1
2026-06-09T18:30:00Z,95.98,95.98,95.98,95.98,0.0,95.98,0
2026-06-09T18:45:00Z,95.98,95.98,95.98,95.98,0.0,95.98,0
2026-06-09T19:00:00Z,95.985,95.985,95.985,95.985,5.0,95.985,2
2026-06-09T19:15:00Z,95.985,95.985,95.985,95.985,0.0,95.985,0
2026-06-09T19:30:00Z,95.985,95.985,95.985,95.985,0.0,95.985,0
2026-06-09T19:45:00Z,95.98,95.98,95.98,95.98,24.0,95.98,11
2026-06-09T20:00:00Z,95.985,95.985,95.985,95.985,3.0,95.985,2
2026-06-09T20:15:00Z,95.985,95.985,95.985,95.985,0.0,95.985,0
2026-06-09T20:30:00Z,95.985,95.985,95.985,95.985,0.0,95.985,0
2026-06-09T20:45:00Z,95.985,95.985,95.985,95.985,0.0,95.985,0
2026-06-09T22:45:00Z,95.98,95.98,95.98,95.98,2.0,95.98,1
2026-06-09T23:00:00Z,95.98,95.98,95.98,95.98,0.0,95.98,0
2026-06-09T23:15:00Z,95.98,95.98,95.98,95.98,0.0,95.98,0
2026-06-09T23:30:00Z,95.98,95.98,95.98,95.98,0.0,95.98,0
2026-06-09T23:45:00Z,95.965,95.965,95.965,95.965,26.0,95.965,1
2026-06-10T00:00:00Z,95.965,95.965,95.965,95.965,0.0,95.965,0
2026-06-10T00:15:00Z,95.965,95.965,95.965,95.965,1.0,95.965,1
2026-06-10T00:30:00Z,95.965,95.965,95.965,95.965,0.0,95.965,0
2026-06-10T00:45:00Z,95.965,95.965,95.965,95.965,27.0,95.965,1
2026-06-10T01:00:00Z,95.965,95.965,95.965,95.965,0.0,95.965,0
2026-06-10T01:15:00Z,95.965,95.965,95.965,95.965,1.0,95.965,1
2026-06-10T01:30:00Z,95.965,95.965,95.965,95.965,1.0,95.965,1
2026-06-10T01:45:00Z,95.965,95.965,95.965,95.965,3.0,95.965,1
2026-06-10T02:00:00Z,95.965,95.965,95.965,95.965,0.0,95.965,0
2026-06-10T02:15:00Z,95.965,95.965,95.965,95.965,0.0,95.965,0
2026-06-10T02:30:00Z,95.965,95.97,95.965,95.97,249.0,95.97,2
2026-06-10T02:45:00Z,95.97,95.97,95.97,95.97,0.0,95.97,0
2026-06-10T03:00:00Z,95.965,95.965,95.965,95.965,2.0,95.965,2
2026-06-10T03:15:00Z,95.965,95.965,95.965,95.965,240.0,95.965,1
2026-06-10T03:30:00Z,95.965,95.965,95.965,95.965,0.0,95.965,0
2026-06-10T03:45:00Z,95.965,95.97,95.965,95.97,299.0,95.97,2
2026-06-10T04:00:00Z,95.97,95.97,95.97,95.97,0.0,95.97,0
2026-06-10T04:15:00Z,95.97,95.97,95.97,95.97,0.0,95.97,0
2026-06-10T04:30:00Z,95.97,95.97,95.97,95.97,0.0,95.97,0
2026-06-10T04:45:00Z,95.96,95.96,95.955,95.955,342.0,95.955,2
2026-06-10T05:00:00Z,95.955,95.955,95.955,95.955,0.0,95.955,0
2026-06-10T05:15:00Z,95.955,95.955,95.955,95.955,0.0,95.955,0
2026-06-10T05:30:00Z,95.955,95.955,95.955,95.955,0.0,95.955,0
2026-06-10T05:45:00Z,95.955,95.955,95.955,95.955,0.0,95.955,0
2026-06-10T06:00:00Z,95.955,95.955,95.955,95.955,0.0,95.955,0
2026-06-10T06:15:00Z,95.955,95.955,95.955,95.955,0.0,95.955,0
2026-06-10T06:30:00Z,95.955,95.955,95.955,95.955,0.0,95.955,0
2026-06-10T06:45:00Z,95.975,95.975,95.975,95.975,24.0,95.975,1
2026-06-10T07:00:00Z,95.97,95.97,95.97,95.97,85.0,95.97,5
2026-06-10T07:15:00Z,95.98,95.98,95.98,95.98,1.0,95.98,1
2026-06-10T07:30:00Z,95.97,95.975,95.97,95.975,17.0,95.9705,3
2026-06-10T07:45:00Z,95.975,95.975,95.975,95.975,10.0,95.975,3
2026-06-10T08:00:00Z,95.97,95.975,95.97,95.975,46.0,95.973,7
2026-06-10T08:15:00Z,95.97,95.97,95.97,95.97,37.0,95.97,13
2026-06-10T08:30:00Z,95.975,95.975,95.975,95.975,41.0,95.975,6
2026-06-10T08:45:00Z,95.975,95.975,95.975,95.975,27.0,95.975,2
2026-06-10T09:00:00Z,95.975,95.975,95.975,95.975,2.0,95.975,2
2026-06-10T09:15:00Z,95.975,95.975,95.975,95.975,0.0,95.975,0
2026-06-10T09:30:00Z,95.975,95.975,95.975,95.975,0.0,95.975,0
2026-06-10T09:45:00Z,95.975,95.98,95.975,95.98,24.0,95.9775,5
2026-06-10T10:00:00Z,95.98,95.98,95.98,95.98,0.0,95.98,0
2026-06-10T10:15:00Z,95.98,95.98,95.98,95.98,3.0,95.98,1
2026-06-10T10:30:00Z,95.985,95.985,95.985,95.985,12.0,95.985,2
2026-06-10T10:45:00Z,95.985,95.985,95.985,95.985,5.0,95.985,2
2026-06-10T11:00:00Z,95.98,95.98,95.975,95.975,14.0,95.977,5
2026-06-10T11:15:00Z,95.975,95.975,95.975,95.975,0.0,95.975,0
2026-06-10T11:30:00Z,95.975,95.975,95.975,95.975,0.0,95.975,0
2026-06-10T11:45:00Z,95.97,95.97,95.97,95.97,1.0,95.97,1
2026-06-10T12:00:00Z,95.975,95.975,95.975,95.975,1.0,95.975,1
2026-06-10T12:15:00Z,95.97,95.985,95.97,95.985,4.0,95.9765,3
2026-06-10T12:30:00Z,96.03,96.03,95.98,95.99,120.0,96.0025,27
2026-06-10T12:45:00Z,95.995,96.005,95.995,95.995,57.0,95.999,14
2026-06-10T13:00:00Z,95.995,95.995,95.985,95.99,16.0,95.9895,5
2026-06-10T13:15:00Z,95.99,95.99,95.99,95.99,0.0,95.99,0
2026-06-10T13:30:00Z,95.995,95.995,95.995,95.995,13.0,95.995,6
2026-06-10T13:45:00Z,95.985,95.985,95.985,95.985,26.0,95.985,11
2026-06-10T14:00:00Z,95.985,95.985,95.985,95.985,296.0,95.985,12
2026-06-10T14:15:00Z,95.99,95.99,95.985,95.985,17.0,95.9885,5
2026-06-10T14:30:00Z,95.985,95.99,95.985,95.985,271.0,95.99,4
2026-06-10T14:45:00Z,95.985,95.985,95.985,95.985,0.0,95.985,0
2026-06-10T15:00:00Z,95.985,95.985,95.985,95.985,3.0,95.985,2
2026-06-10T15:15:00Z,95.985,95.985,95.985,95.985,3.0,95.985,2
2026-06-10T15:30:00Z,95.985,95.985,95.985,95.985,1.0,95.985,1
2026-06-10T15:45:00Z,95.985,95.985,95.975,95.98,9.0,95.9795,5
2026-06-10T16:00:00Z,95.98,95.98,95.98,95.98,3.0,95.98,1
2026-06-10T16:15:00Z,95.98,95.98,95.98,95.98,0.0,95.98,0
2026-06-10T16:30:00Z,95.98,95.98,95.98,95.98,0.0,95.98,0
2026-06-10T16:45:00Z,95.975,95.975,95.975,95.975,5.0,95.975,3
2026-06-10T17:00:00Z,95.975,95.975,95.975,95.975,25.0,95.975,5
2026-06-10T17:15:00Z,95.975,95.975,95.975,95.975,23.0,95.975,8
2026-06-10T17:30:00Z,95.975,95.975,95.975,95.975,0.0,95.975,0
2026-06-10T17:45:00Z,95.965,95.97,95.96,95.97,49.0,95.9655,13
2026-06-10T18:00:00Z,95.97,95.97,95.97,95.97,0.0,95.97,0
2026-06-10T18:15:00Z,95.97,95.97,95.97,95.97,0.0,95.97,0
2026-06-10T18:30:00Z,95.98,95.98,95.98,95.98,40.0,95.98,5
2026-06-10T18:45:00Z,95.985,95.985,95.98,95.98,12.0,95.9845,6
2026-06-10T19:00:00Z,95.98,95.98,95.98,95.98,0.0,95.98,0
2026-06-10T19:15:00Z,95.98,95.98,95.98,95.98,0.0,95.98,0
2026-06-10T19:30:00Z,95.98,95.98,95.98,95.98,0.0,95.98,0
2026-06-10T19:45:00Z,95.98,95.98,95.98,95.98,0.0,95.98,0
2026-06-10T20:00:00Z,95.97,95.97,95.97,95.97,6.0,95.97,2
2026-06-10T20:15:00Z,95.97,95.97,95.97,95.97,2.0,95.97,2
2026-06-10T20:30:00Z,95.96,95.96,95.96,95.96,7.0,95.96,2
2026-06-10T20:45:00Z,95.96,95.96,95.95,95.955,16.0,95.9535,4
2026-06-10T22:30:00Z,95.94,95.945,95.94,95.945,2.0,95.9425,2
2026-06-10T22:45:00Z,95.94,95.94,95.935,95.935,10.0,95.939,2
2026-06-10T23:00:00Z,95.93,95.93,95.93,95.93,177.0,95.93,17
2026-06-10T23:15:00Z,95.935,95.94,95.935,95.94,429.0,95.94,35
2026-06-10T23:30:00Z,95.945,95.945,95.945,95.945,179.0,95.945,4
2026-06-10T23:45:00Z,95.945,95.945,95.945,95.945,6.0,95.945,2
2026-06-11T00:00:00Z,95.945,95.955,95.945,95.955,20.0,95.9535,3
2026-06-11T00:15:00Z,95.95,95.95,95.95,95.95,10.0,95.95,7
2026-06-11T00:30:00Z,95.95,95.95,95.95,95.95,6.0,95.95,2
2026-06-11T00:45:00Z,95.95,95.95,95.95,95.95,0.0,95.95,0
2026-06-11T01:00:00Z,95.95,95.955,95.95,95.955,5.0,95.952,2
2026-06-11T01:15:00Z,95.955,95.955,95.955,95.955,0.0,95.955,0
2026-06-11T01:30:00Z,95.955,95.955,95.955,95.955,0.0,95.955,0
2026-06-11T01:45:00Z,95.955,95.955,95.955,95.955,0.0,95.955,0
2026-06-11T02:00:00Z,95.955,95.955,95.955,95.955,0.0,95.955,0
2026-06-11T02:15:00Z,95.965,95.965,95.965,95.965,1.0,95.965,1
2026-06-11T02:30:00Z,95.965,95.965,95.965,95.965,0.0,95.965,0
2026-06-11T02:45:00Z,95.965,95.965,95.965,95.965,0.0,95.965,0
2026-06-11T03:00:00Z,95.965,95.965,95.965,95.965,0.0,95.965,0
2026-06-11T03:15:00Z,95.965,95.965,95.965,95.965,0.0,95.965,0
2026-06-11T03:30:00Z,95.965,95.965,95.965,95.965,0.0,95.965,0
2026-06-11T03:45:00Z,95.965,95.965,95.965,95.965,0.0,95.965,0
2026-06-11T04:00:00Z,95.965,95.965,95.965,95.965,0.0,95.965,0
2026-06-11T04:15:00Z,95.965,95.965,95.965,95.965,0.0,95.965,0
2026-06-11T04:30:00Z,95.965,95.965,95.965,95.965,0.0,95.965,0
2026-06-11T04:45:00Z,95.965,95.965,95.965,95.965,0.0,95.965,0
2026-06-11T05:00:00Z,95.965,95.965,95.965,95.965,0.0,95.965,0
2026-06-11T05:15:00Z,95.965,95.965,95.965,95.965,0.0,95.965,0
2026-06-11T05:30:00Z,95.97,95.97,95.97,95.97,17.0,95.97,1
2026-06-11T05:45:00Z,95.97,95.97,95.97,95.97,3.0,95.97,1
2026-06-11T06:00:00Z,95.97,95.97,95.97,95.97,0.0,95.97,0
2026-06-11T06:15:00Z,95.97,95.97,95.97,95.97,0.0,95.97,0
2026-06-11T06:30:00Z,95.97,95.97,95.97,95.97,0.0,95.97,0
2026-06-11T06:45:00Z,95.97,95.97,95.97,95.97,1.0,95.97,1
2026-06-11T07:00:00Z,95.97,95.97,95.97,95.97,0.0,95.97,0
2026-06-11T07:15:00Z,95.98,95.98,95.98,95.98,12.0,95.98,7
2026-06-11T07:30:00Z,95.98,95.98,95.98,95.98,0.0,95.98,0
2026-06-11T07:45:00Z,95.98,95.98,95.98,95.98,0.0,95.98,0
2026-06-11T08:00:00Z,95.98,95.98,95.98,95.98,0.0,95.98,0
2026-06-11T08:15:00Z,95.98,95.98,95.98,95.98,9.0,95.98,1
2026-06-11T08:30:00Z,95.98,95.98,95.98,95.98,4.0,95.98,1
2026-06-11T08:45:00Z,95.98,95.98,95.98,95.98,0.0,95.98,0
2026-06-11T09:00:00Z,95.98,95.98,95.98,95.98,0.0,95.98,0
2026-06-11T09:15:00Z,95.98,95.98,95.98,95.98,0.0,95.98,0
2026-06-11T09:30:00Z,95.98,95.98,95.98,95.98,0.0,95.98,0
2026-06-11T09:45:00Z,95.985,95.985,95.985,95.985,23.0,95.985,4
2026-06-11T10:00:00Z,95.985,95.985,95.985,95.985,0.0,95.985,0
2026-06-11T10:15:00Z,95.985,95.985,95.985,95.985,0.0,95.985,0
2026-06-11T10:30:00Z,95.985,95.985,95.985,95.985,2.0,95.985,2
2026-06-11T10:45:00Z,95.985,95.985,95.985,95.985,0.0,95.985,0
2026-06-11T11:00:00Z,95.98,95.98,95.98,95.98,11.0,95.98,2
2026-06-11T11:15:00Z,95.98,95.985,95.98,95.985,56.0,95.9805,12
2026-06-11T11:30:00Z,95.985,95.99,95.985,95.985,101.0,95.986,18
2026-06-11T11:45:00Z,95.985,95.985,95.98,95.985,48.0,95.9815,7
2026-06-11T12:00:00Z,95.985,95.99,95.985,95.99,5.0,95.986,4
2026-06-11T12:15:00Z,95.98,95.98,95.96,95.975,252.0,95.9745,29
2026-06-11T12:30:00Z,95.98,95.98,95.935,95.95,52.0,95.9505,15
2026-06-11T12:45:00Z,95.955,95.97,95.955,95.97,103.0,95.9665,19
2026-06-11T13:00:00Z,95.965,95.97,95.96,95.97,24.0,95.9655,15
2026-06-11T13:15:00Z,95.965,95.965,95.965,95.965,1.0,95.965,1
2026-06-11T13:30:00Z,95.97,95.985,95.97,95.98,445.0,95.983,38
2026-06-11T13:45:00Z,95.98,95.99,95.98,95.985,95.0,95.9855,19
2026-06-11T14:00:00Z,95.985,95.985,95.985,95.985,9.0,95.985,4
2026-06-11T14:15:00Z,95.98,95.98,95.98,95.98,14.0,95.98,5
2026-06-11T14:30:00Z,95.98,95.98,95.98,95.98,5.0,95.98,1
2026-06-11T14:45:00Z,95.98,95.98,95.98,95.98,0.0,95.98,0
2026-06-11T15:00:00Z,95.985,95.985,95.985,95.985,13.0,95.985,8
2026-06-11T15:15:00Z,95.985,95.985,95.985,95.985,4.0,95.985,1
2026-06-11T15:30:00Z,95.975,95.975,95.975,95.975,7.0,95.975,4
2026-06-11T15:45:00Z,95.975,95.975,95.975,95.975,12.0,95.975,6
2026-06-11T16:00:00Z,95.97,95.97,95.97,95.97,6.0,95.97,1
2026-06-11T16:15:00Z,95.96,95.965,95.96,95.96,15.0,95.9625,7
2026-06-11T16:30:00Z,95.96,95.96,95.96,95.96,0.0,95.96,0
2026-06-11T16:45:00Z,95.965,95.965,95.965,95.965,1.0,95.965,1
2026-06-11T17:00:00Z,95.96,95.97,95.96,95.97,22.0,95.9605,12
2026-06-11T17:15:00Z,95.97,96.01,95.97,96.005,156.0,95.9955,56
2026-06-11T17:30:00Z,96.005,96.05,96.005,96.05,31.0,96.031,16
2026-06-11T17:45:00Z,96.045,96.05,96.04,96.045,63.0,96.046,17
2026-06-11T18:00:00Z,96.05,96.05,96.03,96.03,22.0,96.042,9
2026-06-11T18:15:00Z,96.055,96.06,96.045,96.05,71.0,96.0495,26
2026-06-11T18:30:00Z,96.05,96.05,96.05,96.05,9.0,96.05,5
2026-06-11T18:45:00Z,96.055,96.055,96.05,96.05,9.0,96.053,2
2026-06-11T19:00:00Z,96.055,96.07,96.055,96.065,14.0,96.064,7
2026-06-11T19:15:00Z,96.065,96.075,96.065,96.075,28.0,96.073,6
2026-06-11T19:30:00Z,96.075,96.09,96.075,96.08,61.0,96.0805,22
2026-06-11T19:45:00Z,96.075,96.075,96.075,96.075,45.0,96.075,8
2026-06-11T20:00:00Z,96.07,96.07,96.07,96.07,25.0,96.07,5
2026-06-11T20:15:00Z,96.07,96.07,96.07,96.07,24.0,96.07,7
2026-06-11T20:30:00Z,96.06,96.065,96.06,96.065,13.0,96.0625,5
2026-06-11T20:45:00Z,96.055,96.055,96.055,96.055,21.0,96.055,8
2026-06-11T22:00:00Z,96.06,96.06,96.06,96.06,1.0,96.06,1
2026-06-11T22:15:00Z,96.06,96.06,96.06,96.06,0.0,96.06,0
2026-06-11T22:30:00Z,96.06,96.06,96.06,96.06,0.0,96.06,0
2026-06-11T22:45:00Z,96.065,96.065,96.065,96.065,1.0,96.065,1
2026-06-11T23:00:00Z,96.065,96.065,96.065,96.065,0.0,96.065,0
2026-06-11T23:15:00Z,96.06,96.06,96.06,96.06,4.0,96.06,3
2026-06-11T23:30:00Z,96.06,96.06,96.06,96.06,4.0,96.06,3
2026-06-11T23:45:00Z,96.06,96.06,96.06,96.06,48.0,96.06,38
2026-06-12T00:00:00Z,96.06,96.06,96.055,96.055,139.0,96.0555,14
2026-06-12T00:15:00Z,96.055,96.055,96.055,96.055,3.0,96.055,3
2026-06-12T00:30:00Z,96.045,96.045,96.045,96.045,2.0,96.045,1
2026-06-12T00:45:00Z,96.045,96.045,96.045,96.045,0.0,96.045,0
2026-06-12T01:00:00Z,96.045,96.045,96.045,96.045,0.0,96.045,0
2026-06-12T01:15:00Z,96.045,96.045,96.045,96.045,0.0,96.045,0
2026-06-12T01:30:00Z,96.045,96.045,96.045,96.045,0.0,96.045,0
2026-06-12T01:45:00Z,96.04,96.04,96.035,96.035,256.0,96.04,2
2026-06-12T02:00:00Z,96.04,96.04,96.04,96.04,1.0,96.04,1
2026-06-12T02:15:00Z,96.04,96.04,96.04,96.04,0.0,96.04,0
2026-06-12T02:30:00Z,96.045,96.045,96.04,96.04,257.0,96.0445,2
2026-06-12T02:45:00Z,96.04,96.04,96.04,96.04,0.0,96.04,0
2026-06-12T03:00:00Z,96.04,96.04,96.04,96.04,0.0,96.04,0
2026-06-12T03:15:00Z,96.045,96.045,96.045,96.045,1.0,96.045,1
2026-06-12T03:30:00Z,96.05,96.05,96.05,96.05,75.0,96.05,11
2026-06-12T03:45:00Z,96.05,96.05,96.05,96.05,0.0,96.05,0
2026-06-12T04:00:00Z,96.05,96.05,96.05,96.05,0.0,96.05,0
2026-06-12T04:15:00Z,96.05,96.05,96.05,96.05,0.0,96.05,0
2026-06-12T04:30:00Z,96.05,96.05,96.05,96.05,0.0,96.05,0
2026-06-12T04:45:00Z,96.05,96.05,96.05,96.05,0.0,96.05,0
2026-06-12T05:00:00Z,96.05,96.05,96.05,96.05,13.0,96.05,2
2026-06-12T05:15:00Z,96.05,96.05,96.05,96.05,0.0,96.05,0
2026-06-12T05:30:00Z,96.05,96.05,96.05,96.05,0.0,96.05,0
2026-06-12T05:45:00Z,96.05,96.05,96.05,96.05,0.0,96.05,0
2026-06-12T06:00:00Z,96.05,96.05,96.05,96.05,0.0,96.05,0
2026-06-12T06:15:00Z,96.05,96.05,96.05,96.05,0.0,96.05,0
2026-06-12T06:30:00Z,96.05,96.05,96.05,96.05,0.0,96.05,0
2026-06-12T06:45:00Z,96.045,96.045,96.045,96.045,1.0,96.045,1
2026-06-12T07:00:00Z,96.045,96.045,96.045,96.045,0.0,96.045,0
2026-06-12T07:15:00Z,96.045,96.045,96.045,96.045,1.0,96.045,1
2026-06-12T07:30:00Z,96.045,96.045,96.045,96.045,2.0,96.045,2
2026-06-12T07:45:00Z,96.055,96.075,96.05,96.065,100.0,96.062,34
2026-06-12T08:00:00Z,96.07,96.075,96.07,96.075,17.0,96.073,6
2026-06-12T08:15:00Z,96.08,96.09,96.08,96.08,21.0,96.0815,11
2026-06-12T08:30:00Z,96.08,96.085,96.075,96.075,22.0,96.0785,13
2026-06-12T08:45:00Z,96.07,96.07,96.07,96.07,6.0,96.07,2
2026-06-12T09:00:00Z,96.07,96.07,96.07,96.07,8.0,96.07,4
2026-06-12T09:15:00Z,96.075,96.08,96.075,96.075,46.0,96.0755,9
2026-06-12T09:30:00Z,96.075,96.08,96.075,96.08,12.0,96.076,4
2026-06-12T09:45:00Z,96.075,96.075,96.07,96.07,3.0,96.0715,2
2026-06-12T10:00:00Z,96.07,96.08,96.07,96.07,42.0,96.0745,10
2026-06-12T10:15:00Z,96.065,96.07,96.05,96.05,80.0,96.0615,17
2026-06-12T10:30:00Z,96.055,96.055,96.055,96.055,1.0,96.055,1
2026-06-12T10:45:00Z,96.06,96.065,96.06,96.065,273.0,96.06,3
2026-06-12T11:00:00Z,96.06,96.06,96.06,96.06,22.0,96.06,1
2026-06-12T11:15:00Z,96.06,96.06,96.06,96.06,11.0,96.06,4
2026-06-12T11:30:00Z,96.06,96.06,96.06,96.06,2.0,96.06,1
2026-06-12T11:45:00Z,96.06,96.06,96.06,96.06,0.0,96.06,0
2026-06-12T12:00:00Z,96.055,96.055,96.05,96.05,275.0,96.055,41
2026-06-12T12:15:00Z,96.05,96.05,96.05,96.05,0.0,96.05,0
2026-06-12T12:30:00Z,96.045,96.045,96.035,96.035,77.0,96.04,19
2026-06-12T12:45:00Z,96.035,96.04,96.035,96.035,63.0,96.0375,12
2026-06-12T13:00:00Z,96.035,96.035,96.035,96.035,1.0,96.035,1
2026-06-12T13:15:00Z,96.035,96.035,96.035,96.035,0.0,96.035,0
2026-06-12T13:30:00Z,96.04,96.04,96.02,96.02,31.0,96.021,12
2026-06-12T13:45:00Z,96.025,96.025,96.02,96.02,13.0,96.0245,4
2026-06-12T14:00:00Z,96.02,96.025,96.02,96.025,17.0,96.023,8
2026-06-12T14:15:00Z,96.025,96.03,96.02,96.02,13.0,96.022,4
2026-06-12T14:30:00Z,96.02,96.02,96.02,96.02,4.0,96.02,3
2026-06-12T14:45:00Z,96.02,96.035,96.02,96.035,3.0,96.0265,3
2026-06-12T15:00:00Z,96.04,96.045,96.04,96.045,2.0,96.0425,2
2026-06-12T15:15:00Z,96.045,96.045,96.045,96.045,9.0,96.045,7
2026-06-12T15:30:00Z,96.045,96.055,96.045,96.045,19.0,96.046,8
2026-06-12T15:45:00Z,96.045,96.045,96.045,96.045,0.0,96.045,0
2026-06-12T16:00:00Z,96.035,96.045,96.03,96.045,63.0,96.0415,16
2026-06-12T16:15:00Z,96.045,96.045,96.045,96.045,3.0,96.045,3
2026-06-12T16:30:00Z,96.04,96.045,96.03,96.035,83.0,96.035,21
2026-06-12T16:45:00Z,96.035,96.035,96.035,96.035,0.0,96.035,0
2026-06-12T17:00:00Z,96.04,96.04,96.04,96.04,38.0,96.04,16
2026-06-12T17:15:00Z,96.045,96.045,96.045,96.045,2.0,96.045,2
2026-06-12T17:30:00Z,96.045,96.045,96.045,96.045,1.0,96.045,1
2026-06-12T17:45:00Z,96.045,96.045,96.045,96.045,0.0,96.045,0
2026-06-12T18:00:00Z,96.04,96.045,96.04,96.045,19.0,96.0445,3
2026-06-12T18:15:00Z,96.045,96.045,96.045,96.045,0.0,96.045,0
2026-06-12T18:30:00Z,96.045,96.045,96.045,96.045,10.0,96.045,3
2026-06-12T18:45:00Z,96.045,96.045,96.045,96.045,0.0,96.045,0
2026-06-12T19:00:00Z,96.035,96.035,96.035,96.035,9.0,96.035,3
2026-06-12T19:15:00Z,96.035,96.035,96.035,96.035,0.0,96.035,0
2026-06-12T19:30:00Z,96.035,96.035,96.035,96.035,0.0,96.035,0
2026-06-12T19:45:00Z,96.04,96.04,96.04,96.04,3.0,96.04,2
2026-06-12T20:00:00Z,96.04,96.04,96.04,96.04,0.0,96.04,0
2026-06-12T20:15:00Z,96.04,96.04,96.04,96.04,0.0,96.04,0
2026-06-12T20:30:00Z,96.04,96.04,96.04,96.04,0.0,96.04,0
2026-06-12T20:45:00Z,96.04,96.045,96.04,96.04,43.0,96.042,12
2026-06-14T22:00:00Z,96.055,96.105,96.055,96.105,251.0,96.071,21
2026-06-14T22:15:00Z,96.1,96.1,96.1,96.1,2.0,96.1,1
2026-06-14T22:30:00Z,96.105,96.11,96.105,96.11,12.0,96.1055,2
2026-06-14T22:45:00Z,96.11,96.11,96.11,96.11,0.0,96.11,0
2026-06-14T23:00:00Z,96.11,96.11,96.11,96.11,0.0,96.11,0
2026-06-14T23:15:00Z,96.11,96.115,96.11,96.115,249.0,96.11,2
2026-06-14T23:30:00Z,96.105,96.105,96.105,96.105,335.0,96.105,2
2026-06-14T23:45:00Z,96.105,96.115,96.105,96.115,16.0,96.113,2
2026-06-15T00:00:00Z,96.11,96.125,96.105,96.125,38.0,96.1095,8
2026-06-15T00:15:00Z,96.12,96.125,96.12,96.12,46.0,96.12,11
2026-06-15T00:30:00Z,96.12,96.12,96.12,96.12,0.0,96.12,0
2026-06-15T00:45:00Z,96.12,96.12,96.12,96.12,1.0,96.12,1
2026-06-15T01:00:00Z,96.125,96.125,96.12,96.12,23.0,96.1235,4
2026-06-15T01:15:00Z,96.12,96.12,96.12,96.12,0.0,96.12,0
2026-06-15T01:30:00Z,96.12,96.12,96.12,96.12,3.0,96.12,1
2026-06-15T01:45:00Z,96.12,96.12,96.12,96.12,0.0,96.12,0
2026-06-15T02:00:00Z,96.11,96.11,96.11,96.11,1.0,96.11,1
2026-06-15T02:15:00Z,96.11,96.11,96.11,96.11,0.0,96.11,0
2026-06-15T02:30:00Z,96.11,96.11,96.11,96.11,0.0,96.11,0
2026-06-15T02:45:00Z,96.11,96.11,96.11,96.11,0.0,96.11,0
2026-06-15T03:00:00Z,96.11,96.11,96.11,96.11,0.0,96.11,0
2026-06-15T03:15:00Z,96.11,96.11,96.11,96.11,0.0,96.11,0
2026-06-15T03:30:00Z,96.115,96.115,96.115,96.115,9.0,96.115,3
2026-06-15T03:45:00Z,96.115,96.115,96.115,96.115,1.0,96.115,1
2026-06-15T04:00:00Z,96.115,96.115,96.115,96.115,3.0,96.115,1
2026-06-15T04:15:00Z,96.115,96.115,96.115,96.115,0.0,96.115,0
2026-06-15T04:30:00Z,96.115,96.115,96.115,96.115,0.0,96.115,0
2026-06-15T04:45:00Z,96.115,96.115,96.115,96.115,0.0,96.115,0
2026-06-15T05:00:00Z,96.115,96.115,96.115,96.115,0.0,96.115,0
2026-06-15T05:15:00Z,96.115,96.115,96.115,96.115,0.0,96.115,0
2026-06-15T05:30:00Z,96.115,96.115,96.115,96.115,0.0,96.115,0
2026-06-15T05:45:00Z,96.11,96.11,96.11,96.11,3.0,96.11,1
2026-06-15T06:00:00Z,96.11,96.11,96.11,96.11,0.0,96.11,0
2026-06-15T06:15:00Z,96.11,96.11,96.11,96.11,0.0,96.11,0
2026-06-15T06:30:00Z,96.11,96.11,96.11,96.11,0.0,96.11,0
2026-06-15T06:45:00Z,96.11,96.11,96.11,96.11,0.0,96.11,0
2026-06-15T07:00:00Z,96.11,96.11,96.11,96.11,0.0,96.11,0
2026-06-15T07:15:00Z,96.105,96.105,96.105,96.105,9.0,96.105,3
2026-06-15T07:30:00Z,96.105,96.105,96.105,96.105,17.0,96.105,3
2026-06-15T07:45:00Z,96.105,96.11,96.105,96.11,45.0,96.1095,2
2026-06-15T08:00:00Z,96.1,96.1,96.1,96.1,18.0,96.1,4
2026-06-15T08:15:00Z,96.1,96.1,96.1,96.1,0.0,96.1,0
2026-06-15T08:30:00Z,96.1,96.1,96.1,96.1,0.0,96.1,0
2026-06-15T08:45:00Z,96.1,96.1,96.1,96.1,9.0,96.1,2
2026-06-15T09:00:00Z,96.1,96.1,96.1,96.1,1.0,96.1,1
2026-06-15T09:15:00Z,96.095,96.095,96.095,96.095,1.0,96.095,1
2026-06-15T09:30:00Z,96.095,96.095,96.095,96.095,0.0,96.095,0
2026-06-15T09:45:00Z,96.095,96.095,96.095,96.095,0.0,96.095,0
2026-06-15T10:00:00Z,96.09,96.09,96.09,96.09,16.0,96.09,4
2026-06-15T10:15:00Z,96.09,96.09,96.09,96.09,0.0,96.09,0
2026-06-15T10:30:00Z,96.09,96.09,96.09,96.09,0.0,96.09,0
2026-06-15T10:45:00Z,96.1,96.1,96.1,96.1,1.0,96.1,1
2026-06-15T11:00:00Z,96.1,96.1,96.1,96.1,3.0,96.1,1
2026-06-15T11:15:00Z,96.095,96.095,96.09,96.09,25.0,96.091,10
2026-06-15T11:30:00Z,96.09,96.09,96.08,96.08,18.0,96.086,8
2026-06-15T11:45:00Z,96.085,96.085,96.08,96.08,15.0,96.0825,2
2026-06-15T12:00:00Z,96.08,96.09,96.08,96.09,12.0,96.089,4
2026-06-15T12:15:00Z,96.085,96.09,96.085,96.09,22.0,96.0855,6
2026-06-15T12:30:00Z,96.09,96.09,96.09,96.09,3.0,96.09,1
2026-06-15T12:45:00Z,96.095,96.095,96.095,96.095,10.0,96.095,2
2026-06-15T13:00:00Z,96.095,96.095,96.095,96.095,2.0,96.095,1
2026-06-15T13:15:00Z,96.1,96.1,96.095,96.1,18.0,96.098,6
2026-06-15T13:30:00Z,96.1,96.105,96.1,96.105,8.0,96.1045,2
2026-06-15T13:45:00Z,96.105,96.105,96.105,96.105,15.0,96.105,2
2026-06-15T14:00:00Z,96.105,96.105,96.105,96.105,0.0,96.105,0
2026-06-15T14:15:00Z,96.105,96.105,96.105,96.105,0.0,96.105,0
2026-06-15T14:30:00Z,96.105,96.105,96.105,96.105,7.0,96.105,3
2026-06-15T14:45:00Z,96.105,96.105,96.1,96.1,10.0,96.104,2
2026-06-15T15:00:00Z,96.095,96.095,96.09,96.095,9.0,96.0945,5
2026-06-15T15:15:00Z,96.095,96.095,96.095,96.095,1.0,96.095,1
2026-06-15T15:30:00Z,96.095,96.1,96.095,96.1,28.0,96.0985,3
2026-06-15T15:45:00Z,96.1,96.1,96.1,96.1,0.0,96.1,0
2026-06-15T16:00:00Z,96.1,96.1,96.1,96.1,5.0,96.1,2
2026-06-15T16:15:00Z,96.095,96.095,96.095,96.095,25.0,96.095,3
2026-06-15T16:30:00Z,96.09,96.09,96.09,96.09,9.0,96.09,2
2026-06-15T16:45:00Z,96.085,96.085,96.085,96.085,8.0,96.085,1
2026-06-15T17:00:00Z,96.08,96.08,96.08,96.08,4.0,96.08,2
2026-06-15T17:15:00Z,96.08,96.08,96.08,96.08,0.0,96.08,0
2026-06-15T17:30:00Z,96.08,96.08,96.08,96.08,12.0,96.08,3
2026-06-15T17:45:00Z,96.08,96.08,96.08,96.08,0.0,96.08,0
2026-06-15T18:00:00Z,96.08,96.08,96.08,96.08,0.0,96.08,0
2026-06-15T18:15:00Z,96.08,96.08,96.08,96.08,0.0,96.08,0
2026-06-15T18:30:00Z,96.075,96.075,96.075,96.075,3.0,96.075,1
2026-06-15T18:45:00Z,96.075,96.075,96.075,96.075,0.0,96.075,0
2026-06-15T19:00:00Z,96.075,96.075,96.075,96.075,4.0,96.075,1
2026-06-15T19:15:00Z,96.075,96.075,96.075,96.075,0.0,96.075,0
2026-06-15T19:30:00Z,96.075,96.075,96.075,96.075,0.0,96.075,0
2026-06-15T19:45:00Z,96.075,96.075,96.075,96.075,0.0,96.075,0
2026-06-15T20:00:00Z,96.075,96.075,96.065,96.065,39.0,96.0665,9
2026-06-15T20:15:00Z,96.065,96.065,96.065,96.065,0.0,96.065,0
2026-06-15T20:30:00Z,96.07,96.07,96.07,96.07,6.0,96.07,2
2026-06-15T20:45:00Z,96.07,96.07,96.07,96.07,0.0,96.07,0
2026-06-15T22:00:00Z,96.07,96.07,96.07,96.07,49.0,96.07,9
2026-06-15T22:15:00Z,96.07,96.07,96.07,96.07,0.0,96.07,0
2026-06-15T22:30:00Z,96.065,96.065,96.065,96.065,8.0,96.065,2
2026-06-15T22:45:00Z,96.065,96.065,96.065,96.065,0.0,96.065,0
2026-06-15T23:00:00Z,96.06,96.06,96.06,96.06,266.0,96.06,1
2026-06-15T23:15:00Z,96.065,96.065,96.065,96.065,1.0,96.065,1
2026-06-15T23:30:00Z,96.07,96.075,96.07,96.07,293.0,96.0745,8
2026-06-15T23:45:00Z,96.075,96.075,96.065,96.065,42.0,96.0695,4
2026-06-16T00:00:00Z,96.065,96.065,96.065,96.065,0.0,96.065,0
2026-06-16T00:15:00Z,96.065,96.065,96.065,96.065,0.0,96.065,0
2026-06-16T00:30:00Z,96.07,96.07,96.07,96.07,1.0,96.07,1
2026-06-16T00:45:00Z,96.07,96.07,96.07,96.07,0.0,96.07,0
2026-06-16T01:00:00Z,96.07,96.07,96.07,96.07,4.0,96.07,4
2026-06-16T01:15:00Z,96.07,96.07,96.07,96.07,0.0,96.07,0
2026-06-16T01:30:00Z,96.07,96.07,96.07,96.07,0.0,96.07,0
2026-06-16T01:45:00Z,96.075,96.075,96.075,96.075,4.0,96.075,2
2026-06-16T02:00:00Z,96.075,96.075,96.075,96.075,0.0,96.075,0
2026-06-16T02:15:00Z,96.075,96.075,96.075,96.075,0.0,96.075,0
2026-06-16T02:30:00Z,96.075,96.075,96.075,96.075,6.0,96.075,2
2026-06-16T02:45:00Z,96.075,96.075,96.075,96.075,6.0,96.075,2
2026-06-16T03:00:00Z,96.075,96.075,96.075,96.075,0.0,96.075,0
2026-06-16T03:15:00Z,96.075,96.075,96.075,96.075,3.0,96.075,1
2026-06-16T03:30:00Z,96.07,96.075,96.07,96.075,243.0,96.07,2
2026-06-16T03:45:00Z,96.075,96.075,96.075,96.075,1.0,96.075,1
2026-06-16T04:00:00Z,96.075,96.075,96.075,96.075,0.0,96.075,0
2026-06-16T04:15:00Z,96.075,96.075,96.075,96.075,0.0,96.075,0
2026-06-16T04:30:00Z,96.07,96.075,96.07,96.075,289.0,96.075,3
2026-06-16T04:45:00Z,96.075,96.075,96.075,96.075,0.0,96.075,0
2026-06-16T05:00:00Z,96.075,96.075,96.075,96.075,0.0,96.075,0
2026-06-16T05:15:00Z,96.075,96.075,96.075,96.075,1.0,96.075,1
2026-06-16T05:30:00Z,96.075,96.075,96.075,96.075,0.0,96.075,0
2026-06-16T05:45:00Z,96.075,96.075,96.075,96.075,0.0,96.075,0
2026-06-16T06:00:00Z,96.08,96.08,96.075,96.075,3.0,96.0785,2
2026-06-16T06:15:00Z,96.075,96.075,96.075,96.075,0.0,96.075,0
2026-06-16T06:30:00Z,96.075,96.075,96.075,96.075,0.0,96.075,0
2026-06-16T06:45:00Z,96.075,96.075,96.075,96.075,6.0,96.075,3
2026-06-16T07:00:00Z,96.075,96.075,96.075,96.075,7.0,96.075,3
2026-06-16T07:15:00Z,96.08,96.08,96.075,96.075,20.0,96.076,11
2026-06-16T07:30:00Z,96.08,96.08,96.08,96.08,6.0,96.08,2
2026-06-16T07:45:00Z,96.085,96.085,96.085,96.085,240.0,96.085,27
2026-06-16T08:00:00Z,96.085,96.09,96.075,96.09,551.0,96.0795,28
2026-06-16T08:15:00Z,96.09,96.09,96.085,96.09,95.0,96.089,20
2026-06-16T08:30:00Z,96.095,96.095,96.095,96.095,15.0,96.095,1
2026-06-16T08:45:00Z,96.095,96.095,96.095,96.095,3.0,96.095,1
2026-06-16T09:00:00Z,96.09,96.09,96.085,96.085,9.0,96.0855,3
2026-06-16T09:15:00Z,96.085,96.085,96.085,96.085,0.0,96.085,0
2026-06-16T09:30:00Z,96.09,96.09,96.085,96.085,19.0,96.0865,6
2026-06-16T09:45:00Z,96.085,96.085,96.085,96.085,0.0,96.085,0
2026-06-16T10:00:00Z,96.08,96.09,96.08,96.09,175.0,96.0805,4
2026-06-16T10:15:00Z,96.09,96.09,96.09,96.09,2.0,96.09,1
2026-06-16T10:30:00Z,96.09,96.095,96.09,96.09,3.0,96.0915,3
2026-06-16T10:45:00Z,96.09,96.09,96.09,96.09,5.0,96.09,1
2026-06-16T11:00:00Z,96.09,96.09,96.09,96.09,17.0,96.09,7
2026-06-16T11:15:00Z,96.085,96.09,96.085,96.09,80.0,96.09,9
2026-06-16T11:30:00Z,96.08,96.08,96.08,96.08,28.0,96.08,1
2026-06-16T11:45:00Z,96.09,96.09,96.09,96.09,7.0,96.09,1
2026-06-16T12:00:00Z,96.085,96.085,96.085,96.085,25.0,96.085,11
2026-06-16T12:15:00Z,96.085,96.085,96.08,96.085,75.0,96.0815,25
2026-06-16T12:30:00Z,96.085,96.09,96.085,96.09,32.0,96.0895,7
2026-06-16T12:45:00Z,96.09,96.09,96.085,96.085,27.0,96.09,14
2026-06-16T13:00:00Z,96.085,96.085,96.075,96.075,18.0,96.076,5
2026-06-16T13:15:00Z,96.07,96.07,96.06,96.06,13.0,96.065,9
2026-06-16T13:30:00Z,96.06,96.065,96.06,96.06,3.0,96.0615,3
2026-06-16T13:45:00Z,96.06,96.06,96.06,96.06,2.0,96.06,2
2026-06-16T14:00:00Z,96.06,96.06,96.06,96.06,0.0,96.06,0
2026-06-16T14:15:00Z,96.06,96.065,96.06,96.065,19.0,96.064,6
2026-06-16T14:30:00Z,96.065,96.065,96.065,96.065,0.0,96.065,0
2026-06-16T14:45:00Z,96.065,96.075,96.065,96.075,43.0,96.0715,10
2026-06-16T15:00:00Z,96.07,96.07,96.07,96.07,7.0,96.07,3
2026-06-16T15:15:00Z,96.07,96.07,96.07,96.07,0.0,96.07,0
2026-06-16T15:30:00Z,96.075,96.075,96.075,96.075,5.0,96.075,3
2026-06-16T15:45:00Z,96.075,96.085,96.075,96.085,35.0,96.0795,7
2026-06-16T16:00:00Z,96.085,96.085,96.085,96.085,0.0,96.085,0
2026-06-16T16:15:00Z,96.095,96.1,96.095,96.1,8.0,96.0955,2
2026-06-16T16:30:00Z,96.1,96.1,96.1,96.1,0.0,96.1,0
2026-06-16T16:45:00Z,96.1,96.1,96.1,96.1,18.0,96.1,4
2026-06-16T17:00:00Z,96.1,96.1,96.1,96.1,0.0,96.1,0
2026-06-16T17:15:00Z,96.1,96.1,96.1,96.1,2.0,96.1,2
2026-06-16T17:30:00Z,96.1,96.1,96.1,96.1,23.0,96.1,8
2026-06-16T17:45:00Z,96.1,96.1,96.1,96.1,0.0,96.1,0
2026-06-16T18:00:00Z,96.095,96.095,96.095,96.095,8.0,96.095,2
2026-06-16T18:15:00Z,96.095,96.095,96.095,96.095,18.0,96.095,5
2026-06-16T18:30:00Z,96.095,96.095,96.095,96.095,0.0,96.095,0
2026-06-16T18:45:00Z,96.095,96.095,96.095,96.095,26.0,96.095,7
2026-06-16T19:00:00Z,96.095,96.095,96.095,96.095,7.0,96.095,1
2026-06-16T19:15:00Z,96.095,96.095,96.095,96.095,1.0,96.095,1
2026-06-16T19:30:00Z,96.095,96.1,96.095,96.095,17.0,96.0955,7
2026-06-16T19:45:00Z,96.095,96.095,96.095,96.095,3.0,96.095,1
2026-06-16T20:00:00Z,96.085,96.085,96.085,96.085,9.0,96.085,4
2026-06-16T20:15:00Z,96.085,96.085,96.085,96.085,0.0,96.085,0
2026-06-16T20:30:00Z,96.09,96.09,96.09,96.09,1.0,96.09,1
2026-06-16T20:45:00Z,96.085,96.085,96.085,96.085,12.0,96.085,4
2026-06-16T22:00:00Z,96.09,96.09,96.09,96.09,63.0,96.09,9
2026-06-16T22:15:00Z,96.09,96.09,96.09,96.09,0.0,96.09,0
2026-06-16T22:30:00Z,96.09,96.09,96.09,96.09,0.0,96.09,0
2026-06-16T22:45:00Z,96.09,96.09,96.085,96.085,5.0,96.088,2
2026-06-16T23:00:00Z,96.085,96.085,96.085,96.085,0.0,96.085,0
2026-06-16T23:15:00Z,96.085,96.085,96.085,96.085,248.0,96.085,1
2026-06-16T23:30:00Z,96.09,96.09,96.09,96.09,247.0,96.09,1
2026-06-16T23:45:00Z,96.09,96.09,96.09,96.09,0.0,96.09,0
2026-06-17T00:00:00Z,96.09,96.09,96.09,96.09,11.0,96.09,1
2026-06-17T00:15:00Z,96.09,96.09,96.09,96.09,3.0,96.09,1
2026-06-17T00:30:00Z,96.09,96.09,96.09,96.09,0.0,96.09,0
2026-06-17T00:45:00Z,96.09,96.09,96.09,96.09,3.0,96.09,1
2026-06-17T01:00:00Z,96.09,96.09,96.09,96.09,0.0,96.09,0
2026-06-17T01:15:00Z,96.09,96.09,96.09,96.09,0.0,96.09,0
2026-06-17T01:30:00Z,96.09,96.09,96.09,96.09,0.0,96.09,0
2026-06-17T01:45:00Z,96.09,96.09,96.09,96.09,343.0,96.09,2
2026-06-17T02:00:00Z,96.09,96.09,96.09,96.09,0.0,96.09,0
2026-06-17T02:15:00Z,96.09,96.09,96.09,96.09,0.0,96.09,0
2026-06-17T02:30:00Z,96.09,96.09,96.09,96.09,0.0,96.09,0
2026-06-17T02:45:00Z,96.085,96.085,96.085,96.085,8.0,96.085,1
2026-06-17T03:00:00Z,96.085,96.085,96.085,96.085,1.0,96.085,1
2026-06-17T03:15:00Z,96.085,96.085,96.085,96.085,0.0,96.085,0
2026-06-17T03:30:00Z,96.085,96.085,96.085,96.085,0.0,96.085,0
2026-06-17T03:45:00Z,96.09,96.09,96.09,96.09,26.0,96.09,3
2026-06-17T04:00:00Z,96.09,96.09,96.09,96.09,1.0,96.09,1
2026-06-17T04:15:00Z,96.09,96.09,96.09,96.09,3.0,96.09,3
2026-06-17T04:30:00Z,96.09,96.09,96.09,96.09,0.0,96.09,0
2026-06-17T04:45:00Z,96.09,96.09,96.09,96.09,0.0,96.09,0
2026-06-17T05:00:00Z,96.09,96.09,96.09,96.09,0.0,96.09,0
2026-06-17T05:15:00Z,96.09,96.09,96.09,96.09,0.0,96.09,0
2026-06-17T05:30:00Z,96.095,96.095,96.095,96.095,15.0,96.095,3
2026-06-17T05:45:00Z,96.095,96.095,96.095,96.095,0.0,96.095,0
2026-06-17T06:00:00Z,96.095,96.095,96.095,96.095,0.0,96.095,0
2026-06-17T06:15:00Z,96.095,96.095,96.095,96.095,0.0,96.095,0
2026-06-17T06:30:00Z,96.095,96.095,96.095,96.095,181.0,96.095,5
2026-06-17T06:45:00Z,96.095,96.1,96.095,96.095,156.0,96.095,10
2026-06-17T07:00:00Z,96.095,96.1,96.095,96.1,10.0,96.097,4
2026-06-17T07:15:00Z,96.095,96.095,96.095,96.095,10.0,96.095,3
2026-06-17T07:30:00Z,96.095,96.095,96.095,96.095,13.0,96.095,2
2026-06-17T07:45:00Z,96.095,96.095,96.095,96.095,1.0,96.095,1
2026-06-17T08:00:00Z,96.095,96.095,96.09,96.09,242.0,96.09,12
2026-06-17T08:15:00Z,96.09,96.09,96.09,96.09,0.0,96.09,0
2026-06-17T08:30:00Z,96.085,96.085,96.085,96.085,9.0,96.085,1
2026-06-17T08:45:00Z,96.095,96.095,96.09,96.09,25.0,96.093,4
2026-06-17T09:00:00Z,96.1,96.1,96.095,96.095,433.0,96.0995,28
2026-06-17T09:15:00Z,96.095,96.095,96.095,96.095,8.0,96.095,4
2026-06-17T09:30:00Z,96.095,96.095,96.095,96.095,2.0,96.095,1
2026-06-17T09:45:00Z,96.095,96.095,96.095,96.095,0.0,96.095,0
2026-06-17T10:00:00Z,96.095,96.095,96.095,96.095,0.0,96.095,0
2026-06-17T10:15:00Z,96.1,96.1,96.095,96.095,48.0,96.098,9
2026-06-17T10:30:00Z,96.095,96.095,96.095,96.095,0.0,96.095,0
2026-06-17T10:45:00Z,96.095,96.095,96.095,96.095,0.0,96.095,0
2026-06-17T11:00:00Z,96.095,96.095,96.095,96.095,0.0,96.095,0
2026-06-17T11:15:00Z,96.09,96.09,96.09,96.09,2.0,96.09,2
2026-06-17T11:30:00Z,96.085,96.085,96.075,96.075,11.0,96.08,7
2026-06-17T11:45:00Z,96.08,96.08,96.075,96.075,39.0,96.075,22
2026-06-17T12:00:00Z,96.075,96.075,96.075,96.075,18.0,96.075,6
2026-06-17T12:15:00Z,96.075,96.08,96.07,96.07,49.0,96.0785,14
2026-06-17T12:30:00Z,96.075,96.085,96.075,96.085,37.0,96.082,4
2026-06-17T12:45:00Z,96.085,96.085,96.085,96.085,2.0,96.085,2
2026-06-17T13:00:00Z,96.08,96.08,96.08,96.08,7.0,96.08,3
2026-06-17T13:15:00Z,96.08,96.08,96.08,96.08,12.0,96.08,2
2026-06-17T13:30:00Z,96.075,96.075,96.075,96.075,8.0,96.075,3
2026-06-17T13:45:00Z,96.08,96.085,96.08,96.085,38.0,96.08,10
2026-06-17T14:00:00Z,96.08,96.08,96.08,96.08,2.0,96.08,2
2026-06-17T14:15:00Z,96.08,96.08,96.08,96.08,10.0,96.08,3
2026-06-17T14:30:00Z,96.08,96.08,96.075,96.075,10.0,96.0785,6
2026-06-17T14:45:00Z,96.08,96.08,96.06,96.07,28.0,96.072,15
2026-06-17T15:00:00Z,96.07,96.07,96.07,96.07,3.0,96.07,3
2026-06-17T15:15:00Z,96.075,96.085,96.075,96.08,48.0,96.08,11
2026-06-17T15:30:00Z,96.08,96.08,96.08,96.08,0.0,96.08,0
2026-06-17T15:45:00Z,96.075,96.075,96.075,96.075,9.0,96.075,1
2026-06-17T16:00:00Z,96.075,96.075,96.075,96.075,1.0,96.075,1
2026-06-17T16:15:00Z,96.075,96.075,96.075,96.075,6.0,96.075,3
2026-06-17T16:30:00Z,96.075,96.075,96.075,96.075,5.0,96.075,3
2026-06-17T16:45:00Z,96.075,96.075,96.075,96.075,8.0,96.075,1
2026-06-17T17:00:00Z,96.07,96.07,96.06,96.07,62.0,96.068,17
2026-06-17T17:15:00Z,96.07,96.075,96.07,96.075,21.0,96.074,6
2026-06-17T17:30:00Z,96.075,96.075,96.075,96.075,20.0,96.075,4
2026-06-17T17:45:00Z,96.075,96.075,96.075,96.075,0.0,96.075,0
2026-06-17T18:00:00Z,96.04,96.04,95.945,95.99,170.0,95.9775,56
2026-06-17T18:15:00Z,95.99,95.99,95.98,95.98,33.0,95.9885,16
2026-06-17T18:30:00Z,95.98,96.015,95.955,95.995,182.0,95.9885,72
2026-06-17T18:45:00Z,95.995,95.995,95.955,95.955,48.0,95.9835,30
2026-06-17T19:00:00Z,95.95,95.95,95.915,95.935,157.0,95.9375,67
2026-06-17T19:15:00Z,95.945,95.945,95.905,95.91,41.0,95.9225,18
2026-06-17T19:30:00Z,95.915,95.915,95.905,95.915,30.0,95.91,21
2026-06-17T19:45:00Z,95.905,95.905,95.895,95.9,14.0,95.9,13
2026-06-17T20:00:00Z,95.895,95.905,95.89,95.9,33.0,95.897,14
2026-06-17T20:15:00Z,95.905,95.91,95.905,95.91,32.0,95.908,15
2026-06-17T20:30:00Z,95.91,95.925,95.91,95.925,19.0,95.917,7
2026-06-17T20:45:00Z,95.925,95.925,95.925,95.925,6.0,95.925,6
2026-06-17T22:15:00Z,95.92,95.92,95.92,95.92,6.0,95.92,1
2026-06-17T22:30:00Z,95.92,95.92,95.92,95.92,0.0,95.92,0
2026-06-17T22:45:00Z,95.92,95.92,95.92,95.92,2.0,95.92,1
2026-06-17T23:00:00Z,95.92,95.92,95.92,95.92,5.0,95.92,2
2026-06-17T23:15:00Z,95.925,95.925,95.925,95.925,2.0,95.925,1
2026-06-17T23:30:00Z,95.925,95.925,95.925,95.925,7.0,95.925,1
2026-06-17T23:45:00Z,95.935,95.935,95.935,95.935,3.0,95.935,1
2026-06-18T00:00:00Z,95.935,95.935,95.935,95.935,0.0,95.935,0
2026-06-18T00:15:00Z,95.94,95.94,95.94,95.94,1.0,95.94,1
2026-06-18T00:30:00Z,95.94,95.94,95.94,95.94,3.0,95.94,2
2026-06-18T00:45:00Z,95.94,95.94,95.94,95.94,0.0,95.94,0
2026-06-18T01:00:00Z,95.94,95.94,95.94,95.94,0.0,95.94,0
2026-06-18T01:15:00Z,95.945,95.95,95.945,95.95,20.0,95.945,8
2026-06-18T01:30:00Z,95.95,95.95,95.945,95.945,313.0,95.945,4
2026-06-18T01:45:00Z,95.945,95.945,95.945,95.945,18.0,95.945,6
2026-06-18T02:00:00Z,95.945,95.945,95.945,95.945,4.0,95.945,2
2026-06-18T02:15:00Z,95.945,95.945,95.945,95.945,4.0,95.945,2
2026-06-18T02:30:00Z,95.945,95.945,95.945,95.945,0.0,95.945,0
2026-06-18T02:45:00Z,95.94,95.94,95.94,95.94,1.0,95.94,1
2026-06-18T03:00:00Z,95.94,95.94,95.94,95.94,0.0,95.94,0
2026-06-18T03:15:00Z,95.94,95.94,95.94,95.94,0.0,95.94,0
2026-06-18T03:30:00Z,95.94,95.94,95.94,95.94,0.0,95.94,0
2026-06-18T03:45:00Z,95.945,95.945,95.945,95.945,1.0,95.945,1
2026-06-18T04:00:00Z,95.945,95.945,95.945,95.945,19.0,95.945,1
2026-06-18T04:15:00Z,95.945,95.945,95.945,95.945,1.0,95.945,1
2026-06-18T04:30:00Z,95.95,95.95,95.95,95.95,1.0,95.95,1
2026-06-18T04:45:00Z,95.95,95.95,95.95,95.95,7.0,95.95,1
2026-06-18T05:00:00Z,95.95,95.95,95.95,95.95,0.0,95.95,0
2026-06-18T05:15:00Z,95.95,95.95,95.95,95.95,1.0,95.95,1
2026-06-18T05:30:00Z,95.95,95.95,95.95,95.95,0.0,95.95,0
2026-06-18T05:45:00Z,95.95,95.95,95.94,95.94,2.0,95.945,2
2026-06-18T06:00:00Z,95.945,95.945,95.94,95.94,27.0,95.941,3
2026-06-18T06:15:00Z,95.95,95.95,95.945,95.945,274.0,95.95,2
2026-06-18T06:30:00Z,95.945,95.945,95.945,95.945,0.0,95.945,0
2026-06-18T06:45:00Z,95.94,95.94,95.94,95.94,1.0,95.94,1
2026-06-18T07:00:00Z,95.95,95.95,95.95,95.95,9.0,95.95,2
2026-06-18T07:15:00Z,95.955,95.955,95.95,95.95,26.0,95.9535,10
2026-06-18T07:30:00Z,95.955,95.955,95.95,95.95,12.0,95.9505,4
2026-06-18T07:45:00Z,95.95,95.95,95.95,95.95,0.0,95.95,0
2026-06-18T08:00:00Z,95.945,95.945,95.945,95.945,1.0,95.945,1
2026-06-18T08:15:00Z,95.945,95.945,95.945,95.945,0.0,95.945,0
2026-06-18T08:30:00Z,95.95,95.95,95.95,95.95,3.0,95.95,1
2026-06-18T08:45:00Z,95.945,95.945,95.94,95.94,4.0,95.941,2
2026-06-18T09:00:00Z,95.94,95.94,95.94,95.94,0.0,95.94,0
2026-06-18T09:15:00Z,95.945,95.945,95.945,95.945,34.0,95.945,7
2026-06-18T09:30:00Z,95.945,95.945,95.945,95.945,0.0,95.945,0
2026-06-18T09:45:00Z,95.945,95.945,95.945,95.945,0.0,95.945,0
2026-06-18T10:00:00Z,95.925,95.925,95.92,95.925,36.0,95.9245,13
2026-06-18T10:15:00Z,95.925,95.925,95.915,95.915,70.0,95.9175,24
2026-06-18T10:30:00Z,95.915,95.915,95.905,95.91,65.0,95.9135,12
2026-06-18T10:45:00Z,95.91,95.91,95.905,95.905,13.0,95.906,3
2026-06-18T11:00:00Z,95.905,95.905,95.885,95.885,71.0,95.892,27
2026-06-18T11:15:00Z,95.885,95.9,95.885,95.9,72.0,95.8975,15
2026-06-18T11:30:00Z,95.905,95.915,95.905,95.905,323.0,95.9055,11
2026-06-18T11:45:00Z,95.91,95.915,95.91,95.915,14.0,95.9105,8
2026-06-18T12:00:00Z,95.9,95.915,95.9,95.915,21.0,95.9085,10
2026-06-18T12:15:00Z,95.915,95.93,95.915,95.925,372.0,95.9255,19
2026-06-18T12:30:00Z,95.925,95.935,95.92,95.92,129.0,95.9295,50
2026-06-18T12:45:00Z,95.92,95.93,95.92,95.92,147.0,95.923,41
2026-06-18T13:00:00Z,95.925,95.925,95.925,95.925,3.0,95.925,1
2026-06-18T13:15:00Z,95.93,95.935,95.93,95.935,10.0,95.9345,3
2026-06-18T13:30:00Z,95.94,95.955,95.94,95.955,41.0,95.946,15
2026-06-18T13:45:00Z,95.955,95.955,95.955,95.955,62.0,95.955,6
2026-06-18T14:00:00Z,95.95,95.95,95.945,95.95,31.0,95.948,10
2026-06-18T14:15:00Z,95.95,95.96,95.95,95.96,28.0,95.9565,7
2026-06-18T14:30:00Z,95.96,95.96,95.96,95.96,0.0,95.96,0
2026-06-18T14:45:00Z,95.96,95.96,95.96,95.96,0.0,95.96,0
2026-06-18T15:00:00Z,95.965,95.965,95.965,95.965,7.0,95.965,3
2026-06-18T15:15:00Z,95.96,95.96,95.95,95.95,44.0,95.9555,12
2026-06-18T15:30:00Z,95.95,95.95,95.95,95.95,5.0,95.95,2
2026-06-18T15:45:00Z,95.945,95.95,95.945,95.945,24.0,95.9475,11
2026-06-18T16:00:00Z,95.94,95.945,95.94,95.945,12.0,95.944,5
2026-06-18T16:15:00Z,95.955,95.955,95.955,95.955,11.0,95.955,3
2026-06-18T16:30:00Z,95.95,95.95,95.95,95.95,2.0,95.95,2
2026-06-18T16:45:00Z,95.95,95.95,95.95,95.95,8.0,95.95,4
2026-06-18T17:00:00Z,95.945,95.95,95.945,95.95,27.0,95.9465,4
2026-06-18T17:15:00Z,95.945,95.955,95.945,95.955,32.0,95.952,7
2026-06-18T17:30:00Z,95.95,95.95,95.95,95.95,3.0,95.95,3
2026-06-18T17:45:00Z,95.95,95.95,95.95,95.95,7.0,95.95,3
2026-06-18T18:00:00Z,95.95,95.95,95.95,95.95,0.0,95.95,0
2026-06-18T18:15:00Z,95.95,95.95,95.95,95.95,0.0,95.95,0
2026-06-18T18:30:00Z,95.95,95.95,95.95,95.95,0.0,95.95,0
2026-06-18T18:45:00Z,95.94,95.94,95.925,95.925,52.0,95.9295,12
2026-06-18T19:00:00Z,95.925,95.925,95.925,95.925,3.0,95.925,3
2026-06-18T19:15:00Z,95.925,95.925,95.925,95.925,17.0,95.925,8
2026-06-18T19:30:00Z,95.92,95.925,95.92,95.925,19.0,95.9245,8
2026-06-18T19:45:00Z,95.925,95.925,95.925,95.925,6.0,95.925,2
2026-06-18T20:00:00Z,95.925,95.93,95.925,95.93,18.0,95.9265,3
2026-06-18T20:15:00Z,95.93,95.93,95.93,95.93,8.0,95.93,3
2026-06-18T20:30:00Z,95.93,95.93,95.93,95.93,0.0,95.93,0
2026-06-18T20:45:00Z,95.925,95.925,95.925,95.925,3.0,95.925,1
2026-06-18T22:00:00Z,95.925,95.925,95.925,95.925,18.0,95.925,4
2026-06-18T22:15:00Z,95.925,95.925,95.925,95.925,0.0,95.925,0
2026-06-18T22:30:00Z,95.925,95.925,95.925,95.925,0.0,95.925,0
2026-06-18T22:45:00Z,95.925,95.925,95.925,95.925,0.0,95.925,0
2026-06-18T23:00:00Z,95.93,95.93,95.93,95.93,3.0,95.93,1
2026-06-18T23:15:00Z,95.93,95.93,95.93,95.93,0.0,95.93,0
2026-06-18T23:30:00Z,95.93,95.93,95.93,95.93,0.0,95.93,0
2026-06-18T23:45:00Z,95.935,95.935,95.935,95.935,3.0,95.935,1
2026-06-19T00:00:00Z,95.935,95.935,95.935,95.935,0.0,95.935,0
2026-06-19T00:15:00Z,95.935,95.935,95.935,95.935,0.0,95.935,0
2026-06-19T00:30:00Z,95.935,95.935,95.935,95.935,0.0,95.935,0
2026-06-19T00:45:00Z,95.935,95.935,95.935,95.935,0.0,95.935,0
2026-06-19T01:00:00Z,95.935,95.935,95.935,95.935,0.0,95.935,0
2026-06-19T01:15:00Z,95.935,95.935,95.935,95.935,0.0,95.935,0
2026-06-19T01:30:00Z,95.935,95.935,95.935,95.935,0.0,95.935,0
2026-06-19T01:45:00Z,95.935,95.935,95.935,95.935,0.0,95.935,0
2026-06-19T02:00:00Z,95.92,95.92,95.92,95.92,288.0,95.92,1
2026-06-19T02:15:00Z,95.92,95.92,95.92,95.92,0.0,95.92,0
2026-06-19T02:30:00Z,95.925,95.925,95.925,95.925,353.0,95.925,1
2026-06-19T02:45:00Z,95.925,95.925,95.925,95.925,0.0,95.925,0
2026-06-19T03:00:00Z,95.925,95.925,95.925,95.925,0.0,95.925,0
2026-06-19T03:15:00Z,95.925,95.925,95.925,95.925,0.0,95.925,0
2026-06-19T03:30:00Z,95.925,95.925,95.925,95.925,0.0,95.925,0
2026-06-19T03:45:00Z,95.925,95.925,95.925,95.925,0.0,95.925,0
2026-06-19T04:00:00Z,95.925,95.925,95.925,95.925,0.0,95.925,0
2026-06-19T04:15:00Z,95.925,95.925,95.925,95.925,0.0,95.925,0
2026-06-19T04:30:00Z,95.925,95.925,95.925,95.925,0.0,95.925,0
2026-06-19T04:45:00Z,95.92,95.92,95.92,95.92,1.0,95.92,1
2026-06-19T05:00:00Z,95.91,95.91,95.91,95.91,1.0,95.91,1
2026-06-19T05:15:00Z,95.895,95.895,95.895,95.895,1.0,95.895,1
2026-06-19T05:30:00Z,95.9,95.9,95.9,95.9,6.0,95.9,1
2026-06-19T05:45:00Z,95.9,95.9,95.9,95.9,0.0,95.9,0
2026-06-19T06:00:00Z,95.9,95.9,95.9,95.9,0.0,95.9,0
2026-06-19T06:15:00Z,95.9,95.9,95.9,95.9,0.0,95.9,0
2026-06-19T06:30:00Z,95.9,95.9,95.9,95.9,0.0,95.9,0
2026-06-19T06:45:00Z,95.9,95.9,95.9,95.9,0.0,95.9,0
2026-06-19T07:00:00Z,95.9,95.9,95.9,95.9,0.0,95.9,0
2026-06-19T07:15:00Z,95.9,95.9,95.9,95.9,0.0,95.9,0
2026-06-19T07:30:00Z,95.9,95.9,95.9,95.9,0.0,95.9,0
2026-06-19T07:45:00Z,95.9,95.9,95.9,95.9,0.0,95.9,0
2026-06-19T08:00:00Z,95.9,95.9,95.9,95.9,0.0,95.9,0
2026-06-19T08:15:00Z,95.9,95.9,95.9,95.9,0.0,95.9,0
2026-06-19T08:30:00Z,95.9,95.9,95.9,95.9,0.0,95.9,0
2026-06-19T08:45:00Z,95.9,95.9,95.9,95.9,0.0,95.9,0
2026-06-19T09:00:00Z,95.925,95.925,95.92,95.92,56.0,95.924,2
2026-06-19T09:15:00Z,95.91,95.91,95.905,95.905,256.0,95.91,2
2026-06-19T09:30:00Z,95.915,95.915,95.915,95.915,4.0,95.915,1
2026-06-19T09:45:00Z,95.915,95.915,95.915,95.915,0.0,95.915,0
2026-06-19T10:00:00Z,95.91,95.91,95.91,95.91,2.0,95.91,1
2026-06-19T10:15:00Z,95.915,95.92,95.91,95.91,391.0,95.919,4
2026-06-19T10:30:00Z,95.91,95.91,95.91,95.91,0.0,95.91,0
2026-06-19T10:45:00Z,95.91,95.91,95.91,95.91,0.0,95.91,0
2026-06-19T11:00:00Z,95.91,95.91,95.91,95.91,7.0,95.91,2
2026-06-19T11:15:00Z,95.91,95.91,95.91,95.91,6.0,95.91,2
2026-06-19T11:30:00Z,95.91,95.91,95.91,95.91,0.0,95.91,0
2026-06-19T11:45:00Z,95.91,95.91,95.91,95.91,0.0,95.91,0
2026-06-19T12:00:00Z,95.91,95.91,95.91,95.91,0.0,95.91,0
2026-06-19T12:15:00Z,95.91,95.91,95.905,95.91,46.0,95.9085,5
2026-06-19T12:30:00Z,95.905,95.905,95.905,95.905,8.0,95.905,2
2026-06-19T12:45:00Z,95.905,95.905,95.905,95.905,0.0,95.905,0
2026-06-19T13:00:00Z,95.905,95.905,95.905,95.905,0.0,95.905,0
2026-06-19T13:15:00Z,95.905,95.905,95.905,95.905,0.0,95.905,0
2026-06-19T13:30:00Z,95.905,95.905,95.905,95.905,0.0,95.905,0
2026-06-19T13:45:00Z,95.9,95.905,95.9,95.905,2.0,95.9025,2
2026-06-19T14:00:00Z,95.905,95.905,95.905,95.905,0.0,95.905,0
2026-06-19T14:15:00Z,95.905,95.905,95.905,95.905,0.0,95.905,0
2026-06-19T14:30:00Z,95.895,95.895,95.895,95.895,1.0,95.895,1
2026-06-19T14:45:00Z,95.89,95.89,95.885,95.885,2.0,95.8875,2
2026-06-19T15:00:00Z,95.895,95.895,95.895,95.895,2.0,95.895,1
2026-06-19T15:15:00Z,95.895,95.895,95.895,95.895,0.0,95.895,0
2026-06-19T15:30:00Z,95.895,95.895,95.895,95.895,2.0,95.895,1
2026-06-19T15:45:00Z,95.895,95.895,95.895,95.895,0.0,95.895,0
2026-06-19T16:00:00Z,95.895,95.895,95.895,95.895,0.0,95.895,0
2026-06-19T16:15:00Z,95.895,95.895,95.895,95.895,1.0,95.895,1
2026-06-19T16:30:00Z,95.89,95.89,95.89,95.89,2.0,95.89,2
2026-06-19T16:45:00Z,95.89,95.89,95.89,95.89,0.0,95.89,0
2026-06-21T22:00:00Z,95.885,95.885,95.88,95.88,11.0,95.8805,6
2026-06-21T22:15:00Z,95.87,95.87,95.87,95.87,5.0,95.87,1
2026-06-21T22:30:00Z,95.87,95.87,95.87,95.87,0.0,95.87,0
2026-06-21T22:45:00Z,95.87,95.87,95.87,95.87,0.0,95.87,0
2026-06-21T23:00:00Z,95.87,95.87,95.87,95.87,0.0,95.87,0
2026-06-21T23:15:00Z,95.875,95.875,95.875,95.875,21.0,95.875,1
2026-06-21T23:30:00Z,95.875,95.875,95.875,95.875,0.0,95.875,0
2026-06-21T23:45:00Z,95.875,95.875,95.875,95.875,0.0,95.875,0
2026-06-22T00:00:00Z,95.875,95.875,95.875,95.875,0.0,95.875,0
2026-06-22T00:15:00Z,95.875,95.875,95.875,95.875,0.0,95.875,0
2026-06-22T00:30:00Z,95.875,95.875,95.875,95.875,0.0,95.875,0
2026-06-22T00:45:00Z,95.875,95.875,95.875,95.875,0.0,95.875,0
2026-06-22T01:00:00Z,95.885,95.885,95.885,95.885,1.0,95.885,1
2026-06-22T01:15:00Z,95.885,95.885,95.885,95.885,0.0,95.885,0
2026-06-22T01:30:00Z,95.89,95.89,95.89,95.89,6.0,95.89,2
2026-06-22T01:45:00Z,95.89,95.89,95.89,95.89,0.0,95.89,0
2026-06-22T02:00:00Z,95.89,95.89,95.89,95.89,0.0,95.89,0
2026-06-22T02:15:00Z,95.89,95.89,95.89,95.89,0.0,95.89,0
2026-06-22T02:30:00Z,95.89,95.89,95.89,95.89,0.0,95.89,0
2026-06-22T02:45:00Z,95.89,95.89,95.89,95.89,0.0,95.89,0
2026-06-22T03:00:00Z,95.885,95.885,95.88,95.88,9.0,95.884,6
2026-06-22T03:15:00Z,95.88,95.88,95.88,95.88,10.0,95.88,4
2026-06-22T03:30:00Z,95.88,95.88,95.88,95.88,0.0,95.88,0
2026-06-22T03:45:00Z,95.88,95.88,95.88,95.88,0.0,95.88,0
2026-06-22T04:00:00Z,95.88,95.88,95.88,95.88,0.0,95.88,0
2026-06-22T04:15:00Z,95.88,95.88,95.88,95.88,0.0,95.88,0
2026-06-22T04:30:00Z,95.88,95.88,95.88,95.88,0.0,95.88,0
2026-06-22T04:45:00Z,95.88,95.88,95.88,95.88,0.0,95.88,0
2026-06-22T05:00:00Z,95.88,95.88,95.88,95.88,0.0,95.88,0
2026-06-22T05:15:00Z,95.88,95.88,95.88,95.88,0.0,95.88,0
2026-06-22T05:30:00Z,95.88,95.88,95.88,95.88,0.0,95.88,0
2026-06-22T05:45:00Z,95.88,95.88,95.88,95.88,0.0,95.88,0
2026-06-22T06:00:00Z,95.88,95.88,95.88,95.88,3.0,95.88,1
2026-06-22T06:15:00Z,95.88,95.88,95.88,95.88,0.0,95.88,0
2026-06-22T06:30:00Z,95.885,95.885,95.885,95.885,3.0,95.885,1
2026-06-22T06:45:00Z,95.895,95.895,95.895,95.895,15.0,95.895,3
2026-06-22T07:00:00Z,95.895,95.895,95.895,95.895,0.0,95.895,0
2026-06-22T07:15:00Z,95.89,95.89,95.89,95.89,13.0,95.89,4
2026-06-22T07:30:00Z,95.89,95.89,95.89,95.89,4.0,95.89,2
2026-06-22T07:45:00Z,95.89,95.89,95.89,95.89,3.0,95.89,2
2026-06-22T08:00:00Z,95.88,95.88,95.88,95.88,3.0,95.88,1
2026-06-22T08:15:00Z,95.88,95.88,95.88,95.88,9.0,95.88,2
2026-06-22T08:30:00Z,95.88,95.88,95.88,95.88,0.0,95.88,0
2026-06-22T08:45:00Z,95.88,95.88,95.88,95.88,0.0,95.88,0
2026-06-22T09:00:00Z,95.88,95.885,95.88,95.885,4.0,95.8825,2
2026-06-22T09:15:00Z,95.885,95.885,95.885,95.885,0.0,95.885,0
2026-06-22T09:30:00Z,95.885,95.885,95.885,95.885,0.0,95.885,0
2026-06-22T09:45:00Z,95.885,95.885,95.885,95.885,0.0,95.885,0
2026-06-22T10:00:00Z,95.885,95.885,95.885,95.885,0.0,95.885,0
2026-06-22T10:15:00Z,95.885,95.885,95.885,95.885,0.0,95.885,0
2026-06-22T10:30:00Z,95.88,95.88,95.88,95.88,1.0,95.88,1
2026-06-22T10:45:00Z,95.875,95.875,95.875,95.875,3.0,95.875,3
2026-06-22T11:00:00Z,95.88,95.88,95.88,95.88,4.0,95.88,2
2026-06-22T11:15:00Z,95.88,95.88,95.88,95.88,0.0,95.88,0
2026-06-22T11:30:00Z,95.88,95.88,95.88,95.88,2.0,95.88,2
2026-06-22T11:45:00Z,95.88,95.88,95.88,95.88,0.0,95.88,0
2026-06-22T12:00:00Z,95.88,95.88,95.88,95.88,0.0,95.88,0
2026-06-22T12:15:00Z,95.88,95.88,95.88,95.88,1.0,95.88,1
2026-06-22T12:30:00Z,95.88,95.88,95.875,95.875,2.0,95.8775,2
2026-06-22T12:45:00Z,95.875,95.875,95.875,95.875,9.0,95.875,3
2026-06-22T13:00:00Z,95.88,95.89,95.87,95.88,61.0,95.882,27
2026-06-22T13:15:00Z,95.87,95.875,95.87,95.875,134.0,95.8735,26
2026-06-22T13:30:00Z,95.88,95.88,95.875,95.875,40.0,95.8755,9
2026-06-22T13:45:00Z,95.87,95.87,95.86,95.86,50.0,95.8685,14
2026-06-22T14:00:00Z,95.855,95.875,95.855,95.875,90.0,95.8685,23
2026-06-22T14:15:00Z,95.88,95.88,95.88,95.88,20.0,95.88,7
2026-06-22T14:30:00Z,95.875,95.875,95.875,95.875,26.0,95.875,11
2026-06-22T14:45:00Z,95.88,95.885,95.88,95.885,24.0,95.8815,10
2026-06-22T15:00:00Z,95.875,95.885,95.875,95.885,25.0,95.8815,6
2026-06-22T15:15:00Z,95.885,95.885,95.885,95.885,0.0,95.885,0
2026-06-22T15:30:00Z,95.875,95.88,95.875,95.88,12.0,95.8785,3
2026-06-22T15:45:00Z,95.875,95.875,95.87,95.87,26.0,95.873,7
2026-06-22T16:00:00Z,95.865,95.865,95.865,95.865,14.0,95.865,5
2026-06-22T16:15:00Z,95.87,95.88,95.87,95.87,31.0,95.8755,12
2026-06-22T16:30:00Z,95.87,95.87,95.87,95.87,7.0,95.87,3
2026-06-22T16:45:00Z,95.87,95.87,95.87,95.87,14.0,95.87,6
2026-06-22T17:00:00Z,95.87,95.87,95.87,95.87,0.0,95.87,0
2026-06-22T17:15:00Z,95.875,95.875,95.875,95.875,4.0,95.875,2
2026-06-22T17:30:00Z,95.87,95.87,95.87,95.87,17.0,95.87,5
2026-06-22T17:45:00Z,95.87,95.87,95.865,95.87,38.0,95.868,10
2026-06-22T18:00:00Z,95.87,95.87,95.87,95.87,0.0,95.87,0
2026-06-22T18:15:00Z,95.87,95.87,95.87,95.87,6.0,95.87,1
2026-06-22T18:30:00Z,95.87,95.87,95.87,95.87,1.0,95.87,1
2026-06-22T18:45:00Z,95.875,95.875,95.87,95.87,8.0,95.8715,7
2026-06-22T19:00:00Z,95.87,95.87,95.87,95.87,0.0,95.87,0
2026-06-22T19:15:00Z,95.865,95.865,95.865,95.865,15.0,95.865,6
2026-06-22T19:30:00Z,95.865,95.87,95.865,95.87,6.0,95.866,3
2026-06-22T19:45:00Z,95.87,95.875,95.87,95.875,21.0,95.871,11
2026-06-22T20:00:00Z,95.87,95.87,95.87,95.87,17.0,95.87,4
2026-06-22T20:15:00Z,95.87,95.87,95.87,95.87,1.0,95.87,1
2026-06-22T20:30:00Z,95.87,95.87,95.87,95.87,1.0,95.87,1
2026-06-22T20:45:00Z,95.87,95.875,95.87,95.875,3.0,95.8715,2
2026-06-22T23:30:00Z,95.885,95.885,95.885,95.885,9.0,95.885,1
2026-06-22T23:45:00Z,95.885,95.885,95.885,95.885,0.0,95.885,0
2026-06-23T00:00:00Z,95.885,95.885,95.885,95.885,0.0,95.885,0
2026-06-23T00:15:00Z,95.89,95.89,95.89,95.89,1.0,95.89,1
2026-06-23T00:30:00Z,95.89,95.89,95.89,95.89,0.0,95.89,0
2026-06-23T00:45:00Z,95.885,95.885,95.885,95.885,3.0,95.885,2
2026-06-23T01:00:00Z,95.885,95.885,95.885,95.885,4.0,95.885,1
2026-06-23T01:15:00Z,95.89,95.89,95.89,95.89,1.0,95.89,1
2026-06-23T01:30:00Z,95.89,95.89,95.89,95.89,0.0,95.89,0
2026-06-23T01:45:00Z,95.895,95.895,95.895,95.895,4.0,95.895,2
2026-06-23T02:00:00Z,95.9,95.9,95.9,95.9,6.0,95.9,4
2026-06-23T02:15:00Z,95.9,95.9,95.9,95.9,0.0,95.9,0
2026-06-23T02:30:00Z,95.9,95.9,95.9,95.9,0.0,95.9,0
2026-06-23T02:45:00Z,95.9,95.9,95.9,95.9,1.0,95.9,1
2026-06-23T03:00:00Z,95.905,95.905,95.905,95.905,28.0,95.905,1
2026-06-23T03:15:00Z,95.905,95.905,95.905,95.905,0.0,95.905,0
2026-06-23T03:30:00Z,95.895,95.9,95.895,95.9,274.0,95.895,2
2026-06-23T03:45:00Z,95.905,95.905,95.905,95.905,4.0,95.905,2
2026-06-23T04:00:00Z,95.905,95.905,95.905,95.905,0.0,95.905,0
2026-06-23T04:15:00Z,95.905,95.905,95.905,95.905,0.0,95.905,0
2026-06-23T04:30:00Z,95.905,95.905,95.905,95.905,0.0,95.905,0
2026-06-23T04:45:00Z,95.905,95.905,95.905,95.905,0.0,95.905,0
2026-06-23T05:00:00Z,95.905,95.905,95.905,95.905,0.0,95.905,0
2026-06-23T05:15:00Z,95.905,95.905,95.905,95.905,20.0,95.905,1
2026-06-23T05:30:00Z,95.905,95.905,95.905,95.905,0.0,95.905,0
2026-06-23T05:45:00Z,95.905,95.905,95.905,95.905,0.0,95.905,0
2026-06-23T06:00:00Z,95.905,95.905,95.905,95.905,2.0,95.905,1
2026-06-23T06:15:00Z,95.91,95.915,95.91,95.915,243.0,95.91,16
2026-06-23T06:30:00Z,95.915,95.92,95.915,95.92,2.0,95.9175,2
2026-06-23T06:45:00Z,95.92,95.92,95.92,95.92,0.0,95.92,0
2026-06-23T07:00:00Z,95.92,95.92,95.915,95.915,18.0,95.9155,5
2026-06-23T07:15:00Z,95.915,95.915,95.915,95.915,3.0,95.915,2
2026-06-23T07:30:00Z,95.92,95.92,95.92,95.92,4.0,95.92,3
2026-06-23T07:45:00Z,95.92,95.92,95.92,95.92,0.0,95.92,0
2026-06-23T08:00:00Z,95.915,95.92,95.915,95.92,3.0,95.9165,3
2026-06-23T08:15:00Z,95.925,95.925,95.92,95.92,19.0,95.9235,2
2026-06-23T08:30:00Z,95.92,95.92,95.92,95.92,3.0,95.92,3
2026-06-23T08:45:00Z,95.92,95.92,95.92,95.92,0.0,95.92,0
2026-06-23T09:00:00Z,95.92,95.92,95.92,95.92,0.0,95.92,0
2026-06-23T09:15:00Z,95.92,95.92,95.92,95.92,0.0,95.92,0
2026-06-23T09:30:00Z,95.92,95.92,95.92,95.92,0.0,95.92,0
2026-06-23T09:45:00Z,95.925,95.93,95.925,95.925,11.0,95.927,3
2026-06-23T10:00:00Z,95.925,95.925,95.925,95.925,0.0,95.925,0
2026-06-23T10:15:00Z,95.925,95.925,95.925,95.925,25.0,95.925,7
2026-06-23T10:30:00Z,95.925,95.925,95.925,95.925,0.0,95.925,0
2026-06-23T10:45:00Z,95.925,95.925,95.925,95.925,0.0,95.925,0
2026-06-23T11:00:00Z,95.925,95.925,95.925,95.925,0.0,95.925,0
2026-06-23T11:15:00Z,95.93,95.935,95.92,95.92,10.0,95.928,7
2026-06-23T11:30:00Z,95.92,95.92,95.92,95.92,0.0,95.92,0
2026-06-23T11:45:00Z,95.92,95.92,95.92,95.92,11.0,95.92,4
2026-06-23T12:00:00Z,95.91,95.915,95.91,95.915,4.0,95.911,2
2026-06-23T12:15:00Z,95.91,95.915,95.91,95.915,27.0,95.9135,5
2026-06-23T12:30:00Z,95.915,95.925,95.915,95.925,31.0,95.924,21
2026-06-23T12:45:00Z,95.925,95.925,95.925,95.925,0.0,95.925,0
2026-06-23T13:00:00Z,95.92,95.92,95.92,95.92,6.0,95.92,6
2026-06-23T13:15:00Z,95.92,95.92,95.92,95.92,9.0,95.92,2
2026-06-23T13:30:00Z,95.925,95.93,95.925,95.925,18.0,95.927,8
2026-06-23T13:45:00Z,95.925,95.925,95.925,95.925,13.0,95.925,3
2026-06-23T14:00:00Z,95.925,95.925,95.925,95.925,5.0,95.925,4
2026-06-23T14:15:00Z,95.925,95.925,95.925,95.925,1.0,95.925,1
2026-06-23T14:30:00Z,95.92,95.92,95.92,95.92,30.0,95.92,5
2026-06-23T14:45:00Z,95.92,95.92,95.92,95.92,12.0,95.92,3
2026-06-23T15:00:00Z,95.92,95.92,95.92,95.92,1.0,95.92,1
2026-06-23T15:15:00Z,95.925,95.925,95.925,95.925,1.0,95.925,1
2026-06-23T15:30:00Z,95.93,95.93,95.93,95.93,7.0,95.93,2
2026-06-23T15:45:00Z,95.93,95.93,95.93,95.93,0.0,95.93,0
2026-06-23T16:00:00Z,95.93,95.93,95.93,95.93,0.0,95.93,0
2026-06-23T16:15:00Z,95.93,95.93,95.93,95.93,6.0,95.93,2
2026-06-23T16:30:00Z,95.935,95.935,95.935,95.935,4.0,95.935,2
2026-06-23T16:45:00Z,95.935,95.935,95.935,95.935,3.0,95.935,1
2026-06-23T17:00:00Z,95.93,95.93,95.93,95.93,4.0,95.93,3
2026-06-23T17:15:00Z,95.93,95.93,95.925,95.925,7.0,95.928,2
2026-06-23T17:30:00Z,95.925,95.925,95.925,95.925,0.0,95.925,0
2026-06-23T17:45:00Z,95.925,95.925,95.925,95.925,0.0,95.925,0
2026-06-23T18:00:00Z,95.925,95.925,95.925,95.925,0.0,95.925,0
2026-06-23T18:15:00Z,95.925,95.925,95.925,95.925,0.0,95.925,0
2026-06-23T18:30:00Z,95.92,95.92,95.92,95.92,2.0,95.92,1
2026-06-23T18:45:00Z,95.92,95.92,95.92,95.92,4.0,95.92,1
2026-06-23T19:00:00Z,95.92,95.92,95.92,95.92,2.0,95.92,1
2026-06-23T19:15:00Z,95.92,95.92,95.92,95.92,6.0,95.92,1
2026-06-23T19:30:00Z,95.92,95.92,95.92,95.92,86.0,95.92,23
2026-06-23T19:45:00Z,95.92,95.92,95.92,95.92,8.0,95.92,2
2026-06-23T20:00:00Z,95.92,95.92,95.92,95.92,0.0,95.92,0
2026-06-23T20:15:00Z,95.92,95.92,95.92,95.92,0.0,95.92,0
2026-06-23T20:30:00Z,95.92,95.92,95.92,95.92,0.0,95.92,0
2026-06-23T20:45:00Z,95.92,95.92,95.92,95.92,0.0,95.92,0
2026-06-23T22:45:00Z,95.92,95.92,95.92,95.92,7.0,95.92,1
2026-06-23T23:00:00Z,95.92,95.92,95.92,95.92,0.0,95.92,0
2026-06-23T23:15:00Z,95.92,95.92,95.92,95.92,0.0,95.92,0
2026-06-23T23:30:00Z,95.92,95.92,95.92,95.92,0.0,95.92,0
2026-06-23T23:45:00Z,95.92,95.92,95.92,95.92,0.0,95.92,0
2026-06-24T00:00:00Z,95.92,95.92,95.92,95.92,0.0,95.92,0
2026-06-24T00:15:00Z,95.92,95.92,95.92,95.92,0.0,95.92,0
2026-06-24T00:30:00Z,95.92,95.92,95.92,95.92,0.0,95.92,0
2026-06-24T00:45:00Z,95.92,95.92,95.92,95.92,0.0,95.92,0
2026-06-24T01:00:00Z,95.92,95.92,95.92,95.92,0.0,95.92,0
2026-06-24T01:15:00Z,95.92,95.92,95.92,95.92,0.0,95.92,0
2026-06-24T01:30:00Z,95.92,95.92,95.92,95.92,1.0,95.92,1
2026-06-24T01:45:00Z,95.92,95.92,95.92,95.92,0.0,95.92,0
2026-06-24T02:00:00Z,95.915,95.915,95.915,95.915,2.0,95.915,1
2026-06-24T02:15:00Z,95.915,95.915,95.915,95.915,0.0,95.915,0
2026-06-24T02:30:00Z,95.915,95.915,95.915,95.915,0.0,95.915,0
2026-06-24T02:45:00Z,95.915,95.915,95.915,95.915,0.0,95.915,0
2026-06-24T03:00:00Z,95.915,95.915,95.915,95.915,0.0,95.915,0
2026-06-24T03:15:00Z,95.915,95.915,95.915,95.915,0.0,95.915,0
2026-06-24T03:30:00Z,95.915,95.915,95.915,95.915,0.0,95.915,0
2026-06-24T03:45:00Z,95.915,95.915,95.915,95.915,0.0,95.915,0
2026-06-24T04:00:00Z,95.915,95.915,95.915,95.915,0.0,95.915,0
2026-06-24T04:15:00Z,95.915,95.915,95.915,95.915,0.0,95.915,0
2026-06-24T04:30:00Z,95.915,95.915,95.915,95.915,0.0,95.915,0
2026-06-24T04:45:00Z,95.915,95.915,95.915,95.915,0.0,95.915,0
2026-06-24T05:00:00Z,95.915,95.915,95.915,95.915,0.0,95.915,0
2026-06-24T05:15:00Z,95.915,95.915,95.915,95.915,0.0,95.915,0
2026-06-24T05:30:00Z,95.915,95.915,95.915,95.915,0.0,95.915,0
2026-06-24T05:45:00Z,95.91,95.915,95.91,95.915,2.0,95.9125,2
2026-06-24T06:00:00Z,95.915,95.915,95.915,95.915,0.0,95.915,0
2026-06-24T06:15:00Z,95.915,95.915,95.915,95.915,0.0,95.915,0
2026-06-24T06:30:00Z,95.92,95.92,95.92,95.92,2.0,95.92,1
2026-06-24T06:45:00Z,95.92,95.92,95.92,95.92,0.0,95.92,0
2026-06-24T07:00:00Z,95.93,95.93,95.925,95.925,24.0,95.927,6
2026-06-24T07:15:00Z,95.925,95.925,95.925,95.925,0.0,95.925,0
2026-06-24T07:30:00Z,95.925,95.925,95.925,95.925,0.0,95.925,0
2026-06-24T07:45:00Z,95.925,95.925,95.925,95.925,0.0,95.925,0
2026-06-24T08:00:00Z,95.925,95.925,95.925,95.925,0.0,95.925,0
2026-06-24T08:15:00Z,95.925,95.925,95.925,95.925,5.0,95.925,1
2026-06-24T08:30:00Z,95.925,95.925,95.925,95.925,0.0,95.925,0
2026-06-24T08:45:00Z,95.925,95.925,95.925,95.925,6.0,95.925,1
2026-06-24T09:00:00Z,95.925,95.925,95.925,95.925,1.0,95.925,1
2026-06-24T09:15:00Z,95.925,95.925,95.925,95.925,3.0,95.925,3
2026-06-24T09:30:00Z,95.925,95.925,95.925,95.925,0.0,95.925,0
2026-06-24T09:45:00Z,95.92,95.92,95.92,95.92,7.0,95.92,3
2026-06-24T10:00:00Z,95.92,95.92,95.92,95.92,0.0,95.92,0
2026-06-24T10:15:00Z,95.92,95.925,95.92,95.925,15.0,95.9245,2
2026-06-24T10:30:00Z,95.92,95.92,95.92,95.92,1.0,95.92,1
2026-06-24T10:45:00Z,95.92,95.92,95.92,95.92,0.0,95.92,0
2026-06-24T11:00:00Z,95.92,95.92,95.92,95.92,9.0,95.92,2
2026-06-24T11:15:00Z,95.915,95.915,95.915,95.915,9.0,95.915,1
2026-06-24T11:30:00Z,95.925,95.925,95.925,95.925,13.0,95.925,2
2026-06-24T11:45:00Z,95.93,95.94,95.93,95.94,26.0,95.9355,14
2026-06-24T12:00:00Z,95.945,95.945,95.945,95.945,6.0,95.945,3
2026-06-24T12:15:00Z,95.945,95.95,95.945,95.95,27.0,95.9465,12
2026-06-24T12:30:00Z,95.95,95.955,95.95,95.955,76.0,95.9545,32
2026-06-24T12:45:00Z,95.96,95.96,95.96,95.96,126.0,95.96,26
2026-06-24T13:00:00Z,95.965,95.965,95.96,95.96,228.0,95.963,42
2026-06-24T13:15:00Z,95.965,95.965,95.965,95.965,1.0,95.965,1
2026-06-24T13:30:00Z,95.97,95.98,95.965,95.98,54.0,95.9705,29
2026-06-24T13:45:00Z,95.97,95.975,95.97,95.97,6.0,95.9725,6
2026-06-24T14:00:00Z,95.975,95.975,95.97,95.975,11.0,95.9745,7
2026-06-24T14:15:00Z,95.975,95.975,95.975,95.975,25.0,95.975,3
2026-06-24T14:30:00Z,95.98,95.98,95.98,95.98,19.0,95.98,5
2026-06-24T14:45:00Z,95.98,95.98,95.98,95.98,0.0,95.98,0
2026-06-24T15:00:00Z,95.975,95.98,95.97,95.97,108.0,95.973,39
2026-06-24T15:15:00Z,95.975,95.975,95.97,95.975,35.0,95.9745,15
2026-06-24T15:30:00Z,95.975,95.975,95.975,95.975,10.0,95.975,6
2026-06-24T15:45:00Z,95.98,95.985,95.975,95.98,44.0,95.9805,19
2026-06-24T16:00:00Z,95.98,95.98,95.98,95.98,1.0,95.98,1
2026-06-24T16:15:00Z,95.975,95.975,95.975,95.975,4.0,95.975,4
2026-06-24T16:30:00Z,95.97,95.97,95.97,95.97,4.0,95.97,1
2026-06-24T16:45:00Z,95.975,95.975,95.975,95.975,3.0,95.975,3
2026-06-24T17:00:00Z,95.975,95.975,95.975,95.975,41.0,95.975,12
2026-06-24T17:15:00Z,95.98,95.98,95.98,95.98,1.0,95.98,1
2026-06-24T17:30:00Z,95.99,95.99,95.985,95.985,14.0,95.9895,8
2026-06-24T17:45:00Z,95.985,95.985,95.985,95.985,0.0,95.985,0
2026-06-24T18:00:00Z,95.985,95.985,95.985,95.985,0.0,95.985,0
2026-06-24T18:15:00Z,95.985,95.985,95.985,95.985,0.0,95.985,0
2026-06-24T18:30:00Z,95.985,95.985,95.985,95.985,10.0,95.985,4
2026-06-24T18:45:00Z,95.99,95.99,95.99,95.99,15.0,95.99,6
2026-06-24T19:00:00Z,95.99,95.99,95.99,95.99,4.0,95.99,2
2026-06-24T19:15:00Z,95.985,95.985,95.985,95.985,27.0,95.985,11
2026-06-24T19:30:00Z,95.985,95.985,95.985,95.985,50.0,95.985,5
2026-06-24T19:45:00Z,95.985,95.985,95.985,95.985,5.0,95.985,5
2026-06-24T20:00:00Z,95.98,95.98,95.98,95.98,1.0,95.98,1
2026-06-24T20:15:00Z,95.975,95.975,95.975,95.975,16.0,95.975,5
2026-06-24T20:30:00Z,95.975,95.975,95.975,95.975,0.0,95.975,0
2026-06-24T20:45:00Z,95.975,95.975,95.975,95.975,7.0,95.975,1
2026-06-25T00:30:00Z,95.965,95.965,95.96,95.96,23.0,95.9635,3
2026-06-25T00:45:00Z,95.965,95.965,95.965,95.965,5.0,95.965,1
2026-06-25T01:00:00Z,95.965,95.965,95.965,95.965,0.0,95.965,0
2026-06-25T01:15:00Z,95.965,95.965,95.965,95.965,0.0,95.965,0
2026-06-25T01:30:00Z,95.97,95.97,95.97,95.97,2.0,95.97,2
2026-06-25T01:45:00Z,95.97,95.97,95.97,95.97,0.0,95.97,0
2026-06-25T02:00:00Z,95.97,95.97,95.97,95.97,0.0,95.97,0
2026-06-25T02:15:00Z,95.97,95.97,95.97,95.97,0.0,95.97,0
2026-06-25T02:30:00Z,95.97,95.97,95.97,95.97,0.0,95.97,0
2026-06-25T02:45:00Z,95.97,95.97,95.97,95.97,0.0,95.97,0
2026-06-25T03:00:00Z,95.97,95.97,95.97,95.97,0.0,95.97,0
2026-06-25T03:15:00Z,95.975,95.975,95.975,95.975,1.0,95.975,1
2026-06-25T03:30:00Z,95.975,95.975,95.975,95.975,0.0,95.975,0
2026-06-25T03:45:00Z,95.975,95.975,95.975,95.975,0.0,95.975,0
2026-06-25T04:00:00Z,95.98,95.98,95.98,95.98,321.0,95.98,2
2026-06-25T04:15:00Z,95.98,95.98,95.98,95.98,0.0,95.98,0
2026-06-25T04:30:00Z,95.98,95.98,95.98,95.98,0.0,95.98,0
2026-06-25T04:45:00Z,95.98,95.98,95.98,95.98,0.0,95.98,0
2026-06-25T05:00:00Z,95.98,95.98,95.98,95.98,0.0,95.98,0
2026-06-25T05:15:00Z,95.98,95.98,95.98,95.98,0.0,95.98,0
2026-06-25T05:30:00Z,95.98,95.98,95.98,95.98,0.0,95.98,0
2026-06-25T05:45:00Z,95.98,95.98,95.98,95.98,0.0,95.98,0
2026-06-25T06:00:00Z,95.98,95.98,95.98,95.98,0.0,95.98,0
2026-06-25T06:15:00Z,95.97,95.97,95.97,95.97,2.0,95.97,2
2026-06-25T06:30:00Z,95.965,95.97,95.96,95.97,315.0,95.9605,11
2026-06-25T06:45:00Z,95.97,95.97,95.97,95.97,0.0,95.97,0
2026-06-25T07:00:00Z,95.97,95.97,95.965,95.965,29.0,95.9655,7
2026-06-25T07:15:00Z,95.96,95.96,95.96,95.96,5.0,95.96,2
2026-06-25T07:30:00Z,95.965,95.965,95.96,95.96,43.0,95.9615,11
2026-06-25T07:45:00Z,95.96,95.96,95.96,95.96,21.0,95.96,2
2026-06-25T08:00:00Z,95.96,95.96,95.96,95.96,12.0,95.96,4
2026-06-25T08:15:00Z,95.965,95.965,95.965,95.965,9.0,95.965,1
2026-06-25T08:30:00Z,95.97,95.97,95.97,95.97,7.0,95.97,1
2026-06-25T08:45:00Z,95.975,95.975,95.975,95.975,16.0,95.975,2
2026-06-25T09:00:00Z,95.97,95.97,95.97,95.97,9.0,95.97,1
2026-06-25T09:15:00Z,95.97,95.97,95.97,95.97,2.0,95.97,2
2026-06-25T09:30:00Z,95.97,95.97,95.97,95.97,0.0,95.97,0
2026-06-25T09:45:00Z,95.97,95.97,95.97,95.97,0.0,95.97,0
2026-06-25T10:00:00Z,95.97,95.97,95.97,95.97,0.0,95.97,0
2026-06-25T10:15:00Z,95.97,95.97,95.97,95.97,0.0,95.97,0
2026-06-25T10:30:00Z,95.975,95.975,95.975,95.975,8.0,95.975,2
2026-06-25T10:45:00Z,95.975,95.975,95.975,95.975,0.0,95.975,0
2026-06-25T11:00:00Z,95.97,95.975,95.97,95.975,3.0,95.9715,3
2026-06-25T11:15:00Z,95.975,95.975,95.975,95.975,0.0,95.975,0
2026-06-25T11:30:00Z,95.965,95.965,95.965,95.965,25.0,95.965,5
2026-06-25T11:45:00Z,95.96,95.96,95.96,95.96,9.0,95.96,1
2026-06-25T12:00:00Z,95.96,95.96,95.96,95.96,151.0,95.96,15
2026-06-25T12:15:00Z,95.965,95.965,95.96,95.96,14.0,95.9635,7
2026-06-25T12:30:00Z,95.96,96.035,95.96,96.03,77.0,96.0085,39
2026-06-25T12:45:00Z,96.03,96.035,96.015,96.015,78.0,96.021,16
2026-06-25T13:00:00Z,96.02,96.02,96.01,96.01,38.0,96.0165,11
2026-06-25T13:15:00Z,96.01,96.015,96.005,96.015,16.0,96.009,6
2026-06-25T13:30:00Z,96.02,96.025,96.02,96.025,9.0,96.0245,3
2026-06-25T13:45:00Z,96.04,96.04,96.035,96.035,18.0,96.038,3
2026-06-25T14:00:00Z,96.03,96.035,96.03,96.035,14.0,96.0305,5
2026-06-25T14:15:00Z,96.03,96.03,96.03,96.03,5.0,96.03,3
2026-06-25T14:30:00Z,96.03,96.03,96.03,96.03,2.0,96.03,2
2026-06-25T14:45:00Z,96.03,96.03,96.03,96.03,1.0,96.03,1
2026-06-25T15:00:00Z,96.025,96.025,96.02,96.025,10.0,96.0215,4
2026-06-25T15:15:00Z,96.025,96.025,96.025,96.025,0.0,96.025,0
2026-06-25T15:30:00Z,96.025,96.025,96.025,96.025,0.0,96.025,0
2026-06-25T15:45:00Z,96.035,96.035,96.035,96.035,18.0,96.035,4
2026-06-25T16:00:00Z,96.03,96.03,96.03,96.03,7.0,96.03,6
2026-06-25T16:15:00Z,96.035,96.035,96.035,96.035,1.0,96.035,1
2026-06-25T16:30:00Z,96.035,96.035,96.035,96.035,7.0,96.035,1
2026-06-25T16:45:00Z,96.035,96.035,96.035,96.035,8.0,96.035,7
2026-06-25T17:00:00Z,96.035,96.035,96.03,96.03,5.0,96.031,5
2026-06-25T17:15:00Z,96.03,96.03,96.03,96.03,1.0,96.03,1
2026-06-25T17:30:00Z,96.03,96.03,96.03,96.03,0.0,96.03,0
2026-06-25T17:45:00Z,96.03,96.03,96.03,96.03,0.0,96.03,0
2026-06-25T18:00:00Z,96.015,96.02,96.015,96.02,16.0,96.0155,2
2026-06-25T18:15:00Z,96.02,96.02,96.02,96.02,0.0,96.02,0
2026-06-25T18:30:00Z,96.02,96.02,96.02,96.02,0.0,96.02,0
2026-06-25T18:45:00Z,96.02,96.02,96.02,96.02,2.0,96.02,2
2026-06-25T19:00:00Z,96.015,96.015,96.015,96.015,4.0,96.015,2
2026-06-25T19:15:00Z,96.015,96.015,96.015,96.015,5.0,96.015,3
2026-06-25T19:30:00Z,96.02,96.02,96.01,96.01,10.0,96.017,8
2026-06-25T19:45:00Z,96.01,96.01,96.01,96.01,0.0,96.01,0
2026-06-25T20:00:00Z,96.01,96.015,96.01,96.015,9.0,96.014,2
2026-06-25T20:15:00Z,96.01,96.01,96.01,96.01,9.0,96.01,1
2026-06-25T20:30:00Z,96.01,96.01,96.01,96.01,0.0,96.01,0
2026-06-25T20:45:00Z,96.01,96.015,96.01,96.015,12.0,96.012,5
2026-06-25T23:15:00Z,96.005,96.005,96.005,96.005,4.0,96.005,1
2026-06-25T23:30:00Z,96.005,96.005,96.005,96.005,0.0,96.005,0
2026-06-25T23:45:00Z,96.005,96.005,96.005,96.005,0.0,96.005,0
2026-06-26T00:00:00Z,96.005,96.01,96.005,96.01,6.0,96.006,2
2026-06-26T00:15:00Z,96.01,96.01,96.01,96.01,0.0,96.01,0
2026-06-26T00:30:00Z,96.01,96.01,96.01,96.01,0.0,96.01,0
2026-06-26T00:45:00Z,96.01,96.01,96.01,96.01,0.0,96.01,0
2026-06-26T01:00:00Z,96.01,96.01,96.01,96.01,1.0,96.01,1
2026-06-26T01:15:00Z,96.01,96.01,96.01,96.01,0.0,96.01,0
2026-06-26T01:30:00Z,96.01,96.01,96.01,96.01,0.0,96.01,0
2026-06-26T01:45:00Z,96.01,96.01,96.01,96.01,0.0,96.01,0
2026-06-26T02:00:00Z,96.01,96.01,96.01,96.01,0.0,96.01,0
2026-06-26T02:15:00Z,96.02,96.02,96.02,96.02,1.0,96.02,1
2026-06-26T02:30:00Z,96.02,96.02,96.02,96.02,0.0,96.02,0
2026-06-26T02:45:00Z,96.02,96.02,96.02,96.02,0.0,96.02,0
2026-06-26T03:00:00Z,96.02,96.02,96.02,96.02,0.0,96.02,0
2026-06-26T03:15:00Z,96.02,96.02,96.02,96.02,0.0,96.02,0
2026-06-26T03:30:00Z,96.02,96.02,96.02,96.02,0.0,96.02,0
2026-06-26T03:45:00Z,96.04,96.04,96.04,96.04,2.0,96.04,1
2026-06-26T04:00:00Z,96.04,96.04,96.04,96.04,0.0,96.04,0
2026-06-26T04:15:00Z,96.04,96.04,96.04,96.04,0.0,96.04,0
2026-06-26T04:30:00Z,96.05,96.05,96.05,96.05,3.0,96.05,1
2026-06-26T04:45:00Z,96.05,96.05,96.05,96.05,0.0,96.05,0
2026-06-26T05:00:00Z,96.055,96.055,96.055,96.055,7.0,96.055,2
2026-06-26T05:15:00Z,96.055,96.055,96.055,96.055,0.0,96.055,0
2026-06-26T05:30:00Z,96.05,96.05,96.05,96.05,3.0,96.05,2
2026-06-26T05:45:00Z,96.05,96.05,96.05,96.05,0.0,96.05,0
2026-06-26T06:00:00Z,96.05,96.05,96.05,96.05,0.0,96.05,0
2026-06-26T06:15:00Z,96.05,96.05,96.05,96.05,0.0,96.05,0
2026-06-26T06:30:00Z,96.05,96.05,96.05,96.05,0.0,96.05,0
2026-06-26T06:45:00Z,96.05,96.05,96.05,96.05,0.0,96.05,0
2026-06-26T07:00:00Z,96.05,96.05,96.05,96.05,0.0,96.05,0
2026-06-26T07:15:00Z,96.045,96.045,96.045,96.045,7.0,96.045,1
2026-06-26T07:30:00Z,96.045,96.045,96.045,96.045,0.0,96.045,0
2026-06-26T07:45:00Z,96.045,96.045,96.045,96.045,0.0,96.045,0
2026-06-26T08:00:00Z,96.05,96.07,96.05,96.07,54.0,96.061,19
2026-06-26T08:15:00Z,96.065,96.07,96.065,96.07,6.0,96.0675,4
2026-06-26T08:30:00Z,96.07,96.07,96.06,96.06,3.0,96.065,3
2026-06-26T08:45:00Z,96.06,96.06,96.06,96.06,3.0,96.06,3
2026-06-26T09:00:00Z,96.06,96.06,96.06,96.06,0.0,96.06,0
2026-06-26T09:15:00Z,96.06,96.06,96.06,96.06,2.0,96.06,2
2026-06-26T09:30:00Z,96.06,96.06,96.06,96.06,0.0,96.06,0
2026-06-26T09:45:00Z,96.055,96.055,96.055,96.055,1.0,96.055,1
2026-06-26T10:00:00Z,96.06,96.06,96.06,96.06,1.0,96.06,1
2026-06-26T10:15:00Z,96.055,96.055,96.055,96.055,1.0,96.055,1
2026-06-26T10:30:00Z,96.055,96.055,96.055,96.055,0.0,96.055,0
2026-06-26T10:45:00Z,96.06,96.06,96.06,96.06,3.0,96.06,2
2026-06-26T11:00:00Z,96.06,96.06,96.06,96.06,0.0,96.06,0
2026-06-26T11:15:00Z,96.06,96.06,96.06,96.06,15.0,96.06,9
2026-06-26T11:30:00Z,96.055,96.055,96.055,96.055,1.0,96.055,1
2026-06-26T11:45:00Z,96.055,96.055,96.055,96.055,0.0,96.055,0
2026-06-26T12:00:00Z,96.05,96.05,96.045,96.05,31.0,96.0475,8
2026-06-26T12:15:00Z,96.045,96.045,96.045,96.045,330.0,96.045,7
2026-06-26T12:30:00Z,96.045,96.045,96.045,96.045,36.0,96.045,4
2026-06-26T12:45:00Z,96.045,96.045,96.045,96.045,5.0,96.045,1
2026-06-26T13:00:00Z,96.045,96.045,96.045,96.045,9.0,96.045,1
2026-06-26T13:15:00Z,96.045,96.045,96.045,96.045,0.0,96.045,0
2026-06-26T13:30:00Z,96.05,96.055,96.05,96.055,261.0,96.055,4
2026-06-26T13:45:00Z,96.06,96.06,96.06,96.06,21.0,96.06,6
2026-06-26T14:00:00Z,96.06,96.06,96.06,96.06,0.0,96.06,0
2026-06-26T14:15:00Z,96.065,96.065,96.065,96.065,1.0,96.065,1
2026-06-26T14:30:00Z,96.065,96.07,96.065,96.07,10.0,96.0685,5
2026-06-26T14:45:00Z,96.07,96.08,96.065,96.07,29.0,96.0695,8
2026-06-26T15:00:00Z,96.07,96.07,96.07,96.07,210.0,96.07,13
2026-06-26T15:15:00Z,96.075,96.075,96.07,96.07,80.0,96.0705,9
2026-06-26T15:30:00Z,96.075,96.075,96.075,96.075,1.0,96.075,1
2026-06-26T15:45:00Z,96.07,96.07,96.06,96.06,73.0,96.064,21
2026-06-26T16:00:00Z,96.06,96.06,96.06,96.06,0.0,96.06,0
2026-06-26T16:15:00Z,96.055,96.055,96.055,96.055,9.0,96.055,8
2026-06-26T16:30:00Z,96.055,96.055,96.055,96.055,9.0,96.055,1
2026-06-26T16:45:00Z,96.06,96.06,96.06,96.06,1.0,96.06,1
2026-06-26T17:00:00Z,96.055,96.055,96.055,96.055,1.0,96.055,1
2026-06-26T17:15:00Z,96.055,96.055,96.055,96.055,0.0,96.055,0
2026-06-26T17:30:00Z,96.05,96.05,96.05,96.05,23.0,96.05,11
2026-06-26T17:45:00Z,96.05,96.05,96.05,96.05,4.0,96.05,1
2026-06-26T18:00:00Z,96.05,96.05,96.05,96.05,0.0,96.05,0
2026-06-26T18:15:00Z,96.05,96.05,96.05,96.05,0.0,96.05,0
2026-06-26T18:30:00Z,96.055,96.055,96.055,96.055,2.0,96.055,2
2026-06-26T18:45:00Z,96.055,96.055,96.055,96.055,7.0,96.055,1
2026-06-26T19:00:00Z,96.055,96.06,96.055,96.06,31.0,96.0575,4
2026-06-26T19:15:00Z,96.06,96.06,96.06,96.06,0.0,96.06,0
2026-06-26T19:30:00Z,96.06,96.06,96.06,96.06,0.0,96.06,0
2026-06-26T19:45:00Z,96.06,96.06,96.06,96.06,0.0,96.06,0
2026-06-26T20:00:00Z,96.06,96.06,96.06,96.06,0.0,96.06,0
2026-06-26T20:15:00Z,96.06,96.06,96.06,96.06,0.0,96.06,0
2026-06-26T20:30:00Z,96.05,96.05,96.045,96.045,110.0,96.0485,30
2026-06-26T20:45:00Z,96.045,96.045,96.045,96.045,5.0,96.045,1
2026-06-28T22:30:00Z,96.035,96.035,96.035,96.035,2.0,96.035,1
2026-06-28T22:45:00Z,96.035,96.035,96.035,96.035,0.0,96.035,0
2026-06-28T23:00:00Z,96.035,96.035,96.035,96.035,0.0,96.035,0
2026-06-28T23:15:00Z,96.035,96.035,96.035,96.035,0.0,96.035,0
2026-06-28T23:30:00Z,96.035,96.035,96.035,96.035,0.0,96.035,0
2026-06-28T23:45:00Z,96.035,96.035,96.035,96.035,0.0,96.035,0
2026-06-29T00:00:00Z,96.035,96.035,96.035,96.035,0.0,96.035,0
2026-06-29T00:15:00Z,96.035,96.035,96.035,96.035,0.0,96.035,0
2026-06-29T00:30:00Z,96.035,96.035,96.035,96.035,2.0,96.035,1
2026-06-29T00:45:00Z,96.035,96.035,96.035,96.035,0.0,96.035,0
2026-06-29T01:00:00Z,96.03,96.03,96.03,96.03,2.0,96.03,2
2026-06-29T01:15:00Z,96.03,96.03,96.03,96.03,0.0,96.03,0
2026-06-29T01:30:00Z,96.03,96.03,96.03,96.03,0.0,96.03,0
2026-06-29T01:45:00Z,96.025,96.025,96.025,96.025,1.0,96.025,1
2026-06-29T02:00:00Z,96.025,96.025,96.025,96.025,0.0,96.025,0
2026-06-29T02:15:00Z,96.025,96.025,96.025,96.025,0.0,96.025,0
2026-06-29T02:30:00Z,96.025,96.025,96.025,96.025,0.0,96.025,0
2026-06-29T02:45:00Z,96.025,96.025,96.025,96.025,0.0,96.025,0
2026-06-29T03:00:00Z,96.025,96.025,96.025,96.025,0.0,96.025,0
2026-06-29T03:15:00Z,96.025,96.025,96.025,96.025,0.0,96.025,0
2026-06-29T03:30:00Z,96.025,96.025,96.025,96.025,0.0,96.025,0
2026-06-29T03:45:00Z,96.025,96.025,96.025,96.025,0.0,96.025,0
2026-06-29T04:00:00Z,96.025,96.025,96.025,96.025,0.0,96.025,0
2026-06-29T04:15:00Z,96.025,96.025,96.025,96.025,0.0,96.025,0
2026-06-29T04:30:00Z,96.025,96.025,96.025,96.025,0.0,96.025,0
2026-06-29T04:45:00Z,96.025,96.025,96.025,96.025,0.0,96.025,0
2026-06-29T05:00:00Z,96.025,96.025,96.025,96.025,0.0,96.025,0
2026-06-29T05:15:00Z,96.025,96.025,96.025,96.025,0.0,96.025,0
2026-06-29T05:30:00Z,96.025,96.025,96.025,96.025,0.0,96.025,0
2026-06-29T05:45:00Z,96.03,96.03,96.03,96.03,4.0,96.03,1
2026-06-29T06:00:00Z,96.03,96.03,96.025,96.025,20.0,96.0295,10
2026-06-29T06:15:00Z,96.025,96.025,96.025,96.025,0.0,96.025,0
2026-06-29T06:30:00Z,96.025,96.025,96.025,96.025,0.0,96.025,0
2026-06-29T06:45:00Z,96.025,96.025,96.025,96.025,0.0,96.025,0
2026-06-29T07:00:00Z,96.035,96.035,96.035,96.035,7.0,96.035,1
2026-06-29T07:15:00Z,96.03,96.03,96.03,96.03,273.0,96.03,1
2026-06-29T07:30:00Z,96.035,96.035,96.035,96.035,1.0,96.035,1
2026-06-29T07:45:00Z,96.035,96.035,96.035,96.035,0.0,96.035,0
2026-06-29T08:00:00Z,96.035,96.035,96.035,96.035,11.0,96.035,3
2026-06-29T08:15:00Z,96.035,96.035,96.035,96.035,0.0,96.035,0
2026-06-29T08:30:00Z,96.035,96.035,96.035,96.035,0.0,96.035,0
2026-06-29T08:45:00Z,96.035,96.035,96.035,96.035,0.0,96.035,0
2026-06-29T09:00:00Z,96.035,96.035,96.035,96.035,17.0,96.035,3
2026-06-29T09:15:00Z,96.03,96.03,96.03,96.03,12.0,96.03,5
2026-06-29T09:30:00Z,96.03,96.03,96.03,96.03,0.0,96.03,0
2026-06-29T09:45:00Z,96.025,96.025,96.025,96.025,9.0,96.025,5
2026-06-29T10:00:00Z,96.025,96.025,96.025,96.025,0.0,96.025,0
2026-06-29T10:15:00Z,96.025,96.025,96.025,96.025,0.0,96.025,0
2026-06-29T10:30:00Z,96.025,96.025,96.025,96.025,0.0,96.025,0
2026-06-29T10:45:00Z,96.04,96.04,96.04,96.04,19.0,96.04,3
2026-06-29T11:00:00Z,96.04,96.04,96.04,96.04,16.0,96.04,3
2026-06-29T11:15:00Z,96.04,96.04,96.04,96.04,1.0,96.04,1
2026-06-29T11:30:00Z,96.045,96.05,96.045,96.05,271.0,96.045,37
2026-06-29T11:45:00Z,96.05,96.05,96.05,96.05,31.0,96.05,6
2026-06-29T12:00:00Z,96.04,96.04,96.04,96.04,9.0,96.04,2
2026-06-29T12:15:00Z,96.035,96.035,96.02,96.02,70.0,96.033,12
2026-06-29T12:30:00Z,96.025,96.03,96.025,96.03,15.0,96.0265,4
2026-06-29T12:45:00Z,96.03,96.03,96.03,96.03,9.0,96.03,7
2026-06-29T13:00:00Z,96.03,96.03,96.03,96.03,12.0,96.03,3
2026-06-29T13:15:00Z,96.03,96.035,96.03,96.035,22.0,96.0325,6
2026-06-29T13:30:00Z,96.035,96.035,96.035,96.035,10.0,96.035,4
2026-06-29T13:45:00Z,96.03,96.035,96.03,96.035,22.0,96.032,4
2026-06-29T14:00:00Z,96.035,96.035,96.035,96.035,20.0,96.035,4
2026-06-29T14:15:00Z,96.03,96.03,96.03,96.03,32.0,96.03,11
2026-06-29T14:30:00Z,96.03,96.03,96.03,96.03,10.0,96.03,4
2026-06-29T14:45:00Z,96.03,96.03,96.03,96.03,20.0,96.03,14
2026-06-29T15:00:00Z,96.03,96.03,96.03,96.03,5.0,96.03,5
2026-06-29T15:15:00Z,96.03,96.03,96.025,96.025,10.0,96.0255,5
2026-06-29T15:30:00Z,96.025,96.025,96.01,96.02,26.0,96.015,14
2026-06-29T15:45:00Z,96.02,96.02,96.02,96.02,2.0,96.02,1
2026-06-29T16:00:00Z,96.02,96.025,96.02,96.025,3.0,96.0215,3
2026-06-29T16:15:00Z,96.025,96.025,96.025,96.025,263.0,96.025,28
2026-06-29T16:30:00Z,96.025,96.025,96.025,96.025,13.0,96.025,6
2026-06-29T16:45:00Z,96.025,96.025,96.025,96.025,6.0,96.025,1
2026-06-29T17:00:00Z,96.025,96.025,96.025,96.025,78.0,96.025,8
2026-06-29T17:15:00Z,96.025,96.025,96.025,96.025,7.0,96.025,2
2026-06-29T17:30:00Z,96.025,96.03,96.025,96.03,3.0,96.0265,3
2026-06-29T17:45:00Z,96.03,96.03,96.03,96.03,0.0,96.03,0
2026-06-29T18:00:00Z,96.03,96.03,96.03,96.03,0.0,96.03,0
2026-06-29T18:15:00Z,96.03,96.03,96.025,96.025,4.0,96.0265,4
2026-06-29T18:30:00Z,96.025,96.025,96.025,96.025,0.0,96.025,0
2026-06-29T18:45:00Z,96.03,96.03,96.03,96.03,14.0,96.03,3
2026-06-29T19:00:00Z,96.03,96.03,96.03,96.03,0.0,96.03,0
2026-06-29T19:15:00Z,96.03,96.03,96.03,96.03,0.0,96.03,0
2026-06-29T19:30:00Z,96.03,96.03,96.03,96.03,0.0,96.03,0
2026-06-29T19:45:00Z,96.04,96.04,96.04,96.04,2.0,96.04,2
2026-06-29T20:00:00Z,96.035,96.035,96.035,96.035,12.0,96.035,2
2026-06-29T20:15:00Z,96.035,96.035,96.035,96.035,0.0,96.035,0
2026-06-29T20:30:00Z,96.035,96.035,96.03,96.03,2.0,96.0325,2
2026-06-29T20:45:00Z,96.03,96.03,96.03,96.03,0.0,96.03,0
2026-06-29T22:00:00Z,96.03,96.03,96.03,96.03,1.0,96.03,1
2026-06-29T22:15:00Z,96.03,96.03,96.03,96.03,0.0,96.03,0
2026-06-29T22:30:00Z,96.03,96.03,96.03,96.03,0.0,96.03,0
2026-06-29T22:45:00Z,96.03,96.03,96.03,96.03,0.0,96.03,0
2026-06-29T23:00:00Z,96.03,96.03,96.03,96.03,0.0,96.03,0
2026-06-29T23:15:00Z,96.03,96.03,96.03,96.03,0.0,96.03,0
2026-06-29T23:30:00Z,96.03,96.03,96.03,96.03,0.0,96.03,0
2026-06-29T23:45:00Z,96.03,96.03,96.03,96.03,0.0,96.03,0
2026-06-30T00:00:00Z,96.03,96.03,96.03,96.03,0.0,96.03,0
2026-06-30T00:15:00Z,96.03,96.03,96.03,96.03,0.0,96.03,0
2026-06-30T00:30:00Z,96.03,96.03,96.03,96.03,0.0,96.03,0
2026-06-30T00:45:00Z,96.03,96.03,96.03,96.03,0.0,96.03,0
2026-06-30T01:00:00Z,96.03,96.03,96.03,96.03,0.0,96.03,0
2026-06-30T01:15:00Z,96.03,96.03,96.03,96.03,0.0,96.03,0
2026-06-30T01:30:00Z,96.03,96.03,96.03,96.03,0.0,96.03,0
2026-06-30T01:45:00Z,96.03,96.03,96.03,96.03,0.0,96.03,0
2026-06-30T02:00:00Z,96.03,96.03,96.03,96.03,0.0,96.03,0
2026-06-30T02:15:00Z,96.03,96.03,96.03,96.03,0.0,96.03,0
2026-06-30T02:30:00Z,96.03,96.03,96.03,96.03,0.0,96.03,0
2026-06-30T02:45:00Z,96.03,96.03,96.03,96.03,0.0,96.03,0
2026-06-30T03:00:00Z,96.03,96.03,96.03,96.03,0.0,96.03,0
2026-06-30T03:15:00Z,96.03,96.03,96.03,96.03,0.0,96.03,0
2026-06-30T03:30:00Z,96.03,96.03,96.03,96.03,0.0,96.03,0
2026-06-30T03:45:00Z,96.03,96.03,96.03,96.03,0.0,96.03,0
2026-06-30T04:00:00Z,96.03,96.03,96.03,96.03,0.0,96.03,0
2026-06-30T04:15:00Z,96.03,96.03,96.03,96.03,0.0,96.03,0
2026-06-30T04:30:00Z,96.03,96.03,96.03,96.03,0.0,96.03,0
2026-06-30T04:45:00Z,96.03,96.03,96.03,96.03,0.0,96.03,0
2026-06-30T05:00:00Z,96.03,96.03,96.03,96.03,0.0,96.03,0
2026-06-30T05:15:00Z,96.035,96.035,96.035,96.035,1.0,96.035,1
2026-06-30T05:30:00Z,96.035,96.035,96.035,96.035,0.0,96.035,0
2026-06-30T05:45:00Z,96.035,96.035,96.035,96.035,0.0,96.035,0
2026-06-30T06:00:00Z,96.035,96.035,96.035,96.035,0.0,96.035,0
2026-06-30T06:15:00Z,96.035,96.035,96.035,96.035,0.0,96.035,0
2026-06-30T06:30:00Z,96.035,96.035,96.035,96.035,0.0,96.035,0
2026-06-30T06:45:00Z,96.035,96.035,96.035,96.035,0.0,96.035,0
2026-06-30T07:00:00Z,96.035,96.035,96.035,96.035,0.0,96.035,0
2026-06-30T07:15:00Z,96.035,96.035,96.035,96.035,0.0,96.035,0
2026-06-30T07:30:00Z,96.035,96.035,96.035,96.035,0.0,96.035,0
2026-06-30T07:45:00Z,96.035,96.035,96.035,96.035,2.0,96.035,1
2026-06-30T08:00:00Z,96.035,96.04,96.035,96.035,39.0,96.038,9
2026-06-30T08:15:00Z,96.035,96.035,96.035,96.035,0.0,96.035,0
2026-06-30T08:30:00Z,96.03,96.03,96.03,96.03,3.0,96.03,3
2026-06-30T08:45:00Z,96.03,96.03,96.03,96.03,0.0,96.03,0
2026-06-30T09:00:00Z,96.03,96.03,96.03,96.03,0.0,96.03,0
2026-06-30T09:15:00Z,96.03,96.03,96.03,96.03,0.0,96.03,0
2026-06-30T09:30:00Z,96.03,96.03,96.03,96.03,0.0,96.03,0
2026-06-30T09:45:00Z,96.03,96.03,96.03,96.03,0.0,96.03,0
2026-06-30T10:00:00Z,96.03,96.03,96.03,96.03,10.0,96.03,1
2026-06-30T10:15:00Z,96.03,96.03,96.03,96.03,0.0,96.03,0
2026-06-30T10:30:00Z,96.03,96.03,96.03,96.03,0.0,96.03,0
2026-06-30T10:45:00Z,96.035,96.035,96.03,96.03,13.0,96.0345,4
2026-06-30T11:00:00Z,96.03,96.03,96.03,96.03,14.0,96.03,6
2026-06-30T11:15:00Z,96.025,96.025,96.02,96.02,6.0,96.021,2
2026-06-30T11:30:00Z,96.015,96.015,96.01,96.01,127.0,96.01,22
2026-06-30T11:45:00Z,96.01,96.01,96.01,96.01,1.0,96.01,1
2026-06-30T12:00:00Z,96.01,96.01,96.01,96.01,57.0,96.01,10
2026-06-30T12:15:00Z,96.01,96.01,96.01,96.01,69.0,96.01,24
2026-06-30T12:30:00Z,96.01,96.01,96.01,96.01,1.0,96.01,1
2026-06-30T12:45:00Z,96.01,96.01,96.01,96.01,2.0,96.01,2
2026-06-30T13:00:00Z,96.01,96.01,96.01,96.01,13.0,96.01,3
2026-06-30T13:15:00Z,96.01,96.01,96.01,96.01,0.0,96.01,0
2026-06-30T13:30:00Z,96.01,96.01,96.005,96.005,16.0,96.006,6
2026-06-30T13:45:00Z,96.005,96.005,96.005,96.005,37.0,96.005,8
2026-06-30T14:00:00Z,95.995,96.0,95.99,95.995,29.0,95.997,8
2026-06-30T14:15:00Z,96.005,96.005,96.005,96.005,1.0,96.005,1
2026-06-30T14:30:00Z,96.0,96.0,96.0,96.0,16.0,96.0,6
2026-06-30T14:45:00Z,96.0,96.0,96.0,96.0,2.0,96.0,1
2026-06-30T15:00:00Z,96.0,96.0,96.0,96.0,2.0,96.0,2
2026-06-30T15:15:00Z,96.0,96.0,96.0,96.0,0.0,96.0,0
2026-06-30T15:30:00Z,96.0,96.0,96.0,96.0,1.0,96.0,1
2026-06-30T15:45:00Z,96.005,96.005,96.005,96.005,2.0,96.005,2
2026-06-30T16:00:00Z,96.005,96.005,96.005,96.005,0.0,96.005,0
2026-06-30T16:15:00Z,96.005,96.005,96.005,96.005,25.0,96.005,2
2026-06-30T16:30:00Z,96.005,96.005,96.005,96.005,0.0,96.005,0
2026-06-30T16:45:00Z,96.005,96.005,96.005,96.005,1.0,96.005,1
2026-06-30T17:00:00Z,96.005,96.005,96.005,96.005,0.0,96.005,0
2026-06-30T17:15:00Z,96.005,96.005,96.005,96.005,0.0,96.005,0
2026-06-30T17:30:00Z,96.005,96.005,96.005,96.005,0.0,96.005,0
2026-06-30T17:45:00Z,96.005,96.005,96.005,96.005,0.0,96.005,0
2026-06-30T18:00:00Z,96.005,96.005,96.005,96.005,0.0,96.005,0
2026-06-30T18:15:00Z,96.005,96.005,96.005,96.005,0.0,96.005,0
2026-06-30T18:30:00Z,96.005,96.005,96.005,96.005,11.0,96.005,1
2026-06-30T18:45:00Z,96.005,96.005,96.005,96.005,0.0,96.005,0
2026-06-30T19:00:00Z,96.005,96.005,96.005,96.005,0.0,96.005,0
2026-06-30T19:15:00Z,95.995,95.995,95.995,95.995,6.0,95.995,2
2026-06-30T19:30:00Z,95.995,95.995,95.995,95.995,0.0,95.995,0
2026-06-30T19:45:00Z,95.98,95.98,95.98,95.98,13.0,95.98,2
2026-06-30T20:00:00Z,95.98,95.98,95.97,95.97,17.0,95.9775,3
2026-06-30T20:15:00Z,95.97,95.97,95.97,95.97,5.0,95.97,1
2026-06-30T20:30:00Z,95.97,95.97,95.965,95.965,2.0,95.9675,2
2026-06-30T20:45:00Z,95.96,95.96,95.955,95.955,8.0,95.9575,4
2026-06-30T22:00:00Z,95.955,95.955,95.955,95.955,1.0,95.955,1
2026-06-30T22:15:00Z,95.955,95.955,95.955,95.955,0.0,95.955,0
2026-06-30T22:30:00Z,95.955,95.955,95.955,95.955,0.0,95.955,0
2026-06-30T22:45:00Z,95.955,95.955,95.955,95.955,0.0,95.955,0
2026-06-30T23:00:00Z,95.955,95.955,95.955,95.955,0.0,95.955,0
2026-06-30T23:15:00Z,95.955,95.955,95.955,95.955,0.0,95.955,0
2026-06-30T23:30:00Z,95.96,95.96,95.96,95.96,1.0,95.96,1
2026-06-30T23:45:00Z,95.96,95.96,95.96,95.96,0.0,95.96,0
2026-07-01T00:00:00Z,95.96,95.96,95.96,95.96,0.0,95.96,0
2026-07-01T00:15:00Z,95.96,95.96,95.96,95.96,0.0,95.96,0
2026-07-01T00:30:00Z,95.96,95.96,95.96,95.96,0.0,95.96,0
2026-07-01T00:45:00Z,95.96,95.96,95.96,95.96,0.0,95.96,0
2026-07-01T01:00:00Z,95.96,95.96,95.96,95.96,34.0,95.96,4
2026-07-01T01:15:00Z,95.955,95.955,95.955,95.955,1.0,95.955,1
2026-07-01T01:30:00Z,95.96,95.96,95.96,95.96,15.0,95.96,1
2026-07-01T01:45:00Z,95.96,95.96,95.96,95.96,0.0,95.96,0
2026-07-01T02:00:00Z,95.96,95.96,95.96,95.96,0.0,95.96,0
2026-07-01T02:15:00Z,95.96,95.96,95.96,95.96,0.0,95.96,0
2026-07-01T02:30:00Z,95.96,95.96,95.96,95.96,0.0,95.96,0
2026-07-01T02:45:00Z,95.96,95.96,95.96,95.96,0.0,95.96,0
2026-07-01T03:00:00Z,95.96,95.96,95.96,95.96,0.0,95.96,0
2026-07-01T03:15:00Z,95.96,95.96,95.96,95.96,0.0,95.96,0
2026-07-01T03:30:00Z,95.95,95.955,95.95,95.95,245.0,95.9505,3
2026-07-01T03:45:00Z,95.95,95.95,95.95,95.95,0.0,95.95,0
2026-07-01T04:00:00Z,95.95,95.95,95.95,95.95,0.0,95.95,0
2026-07-01T04:15:00Z,95.95,95.95,95.95,95.95,0.0,95.95,0
2026-07-01T04:30:00Z,95.95,95.95,95.95,95.95,0.0,95.95,0
2026-07-01T04:45:00Z,95.95,95.95,95.95,95.95,1.0,95.95,1
2026-07-01T05:00:00Z,95.95,95.95,95.95,95.95,1.0,95.95,1
2026-07-01T05:15:00Z,95.95,95.95,95.95,95.95,0.0,95.95,0
2026-07-01T05:30:00Z,95.95,95.95,95.95,95.95,0.0,95.95,0
2026-07-01T05:45:00Z,95.95,95.95,95.95,95.95,0.0,95.95,0
2026-07-01T06:00:00Z,95.95,95.95,95.95,95.95,0.0,95.95,0
2026-07-01T06:15:00Z,95.95,95.95,95.95,95.95,0.0,95.95,0
2026-07-01T06:30:00Z,95.95,95.95,95.95,95.95,3.0,95.95,3
2026-07-01T06:45:00Z,95.95,95.95,95.95,95.95,3.0,95.95,1
2026-07-01T07:00:00Z,95.95,95.95,95.95,95.95,0.0,95.95,0
2026-07-01T07:15:00Z,95.95,95.95,95.95,95.95,0.0,95.95,0
2026-07-01T07:30:00Z,95.945,95.955,95.945,95.955,26.0,95.9535,6
2026-07-01T07:45:00Z,95.955,95.955,95.955,95.955,3.0,95.955,3
2026-07-01T08:00:00Z,95.955,95.955,95.955,95.955,0.0,95.955,0
2026-07-01T08:15:00Z,95.955,95.955,95.955,95.955,0.0,95.955,0
2026-07-01T08:30:00Z,95.96,95.96,95.96,95.96,240.0,95.96,24
2026-07-01T08:45:00Z,95.96,95.96,95.96,95.96,6.0,95.96,3
2026-07-01T09:00:00Z,95.965,95.965,95.965,95.965,5.0,95.965,3
2026-07-01T09:15:00Z,95.965,95.965,95.965,95.965,35.0,95.965,11
2026-07-01T09:30:00Z,95.96,95.96,95.96,95.96,16.0,95.96,1
2026-07-01T09:45:00Z,95.965,95.965,95.96,95.96,59.0,95.962,12
2026-07-01T10:00:00Z,95.96,95.96,95.955,95.955,2.0,95.9575,2
2026-07-01T10:15:00Z,95.955,95.955,95.955,95.955,1.0,95.955,1
2026-07-01T10:30:00Z,95.955,95.955,95.955,95.955,0.0,95.955,0
2026-07-01T10:45:00Z,95.955,95.96,95.955,95.96,8.0,95.9595,4
2026-07-01T11:00:00Z,95.96,95.96,95.955,95.955,32.0,95.958,13
2026-07-01T11:15:00Z,95.955,95.955,95.955,95.955,5.0,95.955,4
2026-07-01T11:30:00Z,95.955,95.955,95.945,95.945,76.0,95.9485,21
2026-07-01T11:45:00Z,95.945,95.95,95.945,95.95,45.0,95.95,14
2026-07-01T12:00:00Z,95.95,95.95,95.94,95.94,75.0,95.9445,29
2026-07-01T12:15:00Z,95.94,95.945,95.94,95.945,15.0,95.944,7
2026-07-01T12:30:00Z,95.94,95.94,95.935,95.935,63.0,95.9365,23
2026-07-01T12:45:00Z,95.935,95.94,95.935,95.94,29.0,95.9395,8
2026-07-01T13:00:00Z,95.94,95.94,95.94,95.94,2.0,95.94,2
2026-07-01T13:15:00Z,95.935,95.98,95.935,95.98,103.0,95.9585,23
2026-07-01T13:30:00Z,95.99,95.99,95.97,95.985,75.0,95.983,14
2026-07-01T13:45:00Z,95.985,95.99,95.985,95.99,16.0,95.989,6
2026-07-01T14:00:00Z,95.99,96.0,95.99,96.0,43.0,95.995,15
2026-07-01T14:15:00Z,95.99,95.99,95.985,95.985,4.0,95.9885,2
2026-07-01T14:30:00Z,95.99,95.99,95.99,95.99,26.0,95.99,1
2026-07-01T14:45:00Z,95.98,95.985,95.98,95.985,13.0,95.9805,5
2026-07-01T15:00:00Z,95.98,95.98,95.98,95.98,74.0,95.98,1
2026-07-01T15:15:00Z,95.98,95.98,95.98,95.98,0.0,95.98,0
2026-07-01T15:30:00Z,95.975,95.975,95.975,95.975,7.0,95.975,2
2026-07-01T15:45:00Z,95.975,95.98,95.975,95.98,38.0,95.9755,16
2026-07-01T16:00:00Z,95.98,95.98,95.98,95.98,0.0,95.98,0
2026-07-01T16:15:00Z,95.975,95.975,95.975,95.975,16.0,95.975,2
2026-07-01T16:30:00Z,95.975,95.975,95.975,95.975,24.0,95.975,5
2026-07-01T16:45:00Z,95.975,95.975,95.975,95.975,2.0,95.975,1
2026-07-01T17:00:00Z,95.97,95.97,95.97,95.97,9.0,95.97,4
2026-07-01T17:15:00Z,95.97,95.97,95.97,95.97,4.0,95.97,1
2026-07-01T17:30:00Z,95.97,95.97,95.97,95.97,0.0,95.97,0
2026-07-01T17:45:00Z,95.97,95.97,95.97,95.97,0.0,95.97,0
2026-07-01T18:00:00Z,95.97,95.97,95.97,95.97,0.0,95.97,0
2026-07-01T18:15:00Z,95.97,95.97,95.97,95.97,0.0,95.97,0
2026-07-01T18:30:00Z,95.96,95.96,95.96,95.96,2.0,95.96,2
2026-07-01T18:45:00Z,95.96,95.96,95.96,95.96,0.0,95.96,0
2026-07-01T19:00:00Z,95.955,95.955,95.955,95.955,71.0,95.955,8
2026-07-01T19:15:00Z,95.95,95.95,95.945,95.945,19.0,95.949,4
2026-07-01T19:30:00Z,95.95,95.95,95.95,95.95,17.0,95.95,7
2026-07-01T19:45:00Z,95.955,95.955,95.955,95.955,150.0,95.955,3
2026-07-01T20:00:00Z,95.95,95.95,95.95,95.95,4.0,95.95,1
2026-07-01T20:15:00Z,95.95,95.95,95.95,95.95,0.0,95.95,0
2026-07-01T20:30:00Z,95.94,95.94,95.94,95.94,6.0,95.94,4
2026-07-01T20:45:00Z,95.94,95.94,95.94,95.94,6.0,95.94,3
2026-07-01T23:15:00Z,95.95,95.95,95.95,95.95,1.0,95.95,1
2026-07-01T23:30:00Z,95.95,95.95,95.95,95.95,0.0,95.95,0
2026-07-01T23:45:00Z,95.95,95.95,95.95,95.95,2.0,95.95,1
2026-07-02T00:00:00Z,95.95,95.95,95.95,95.95,0.0,95.95,0
2026-07-02T00:15:00Z,95.95,95.95,95.95,95.95,0.0,95.95,0
2026-07-02T00:30:00Z,95.95,95.95,95.95,95.95,0.0,95.95,0
2026-07-02T00:45:00Z,95.95,95.95,95.95,95.95,0.0,95.95,0
2026-07-02T01:00:00Z,95.95,95.95,95.95,95.95,0.0,95.95,0
2026-07-02T01:15:00Z,95.95,95.95,95.95,95.95,0.0,95.95,0
2026-07-02T01:30:00Z,95.95,95.95,95.95,95.95,0.0,95.95,0
2026-07-02T01:45:00Z,95.95,95.95,95.95,95.95,0.0,95.95,0
2026-07-02T02:00:00Z,95.95,95.95,95.95,95.95,0.0,95.95,0
2026-07-02T02:15:00Z,95.95,95.95,95.95,95.95,0.0,95.95,0
2026-07-02T02:30:00Z,95.95,95.95,95.95,95.95,0.0,95.95,0
2026-07-02T02:45:00Z,95.945,95.945,95.945,95.945,100.0,95.945,99
2026-07-02T03:00:00Z,95.945,95.945,95.945,95.945,0.0,95.945,0
2026-07-02T03:15:00Z,95.945,95.945,95.945,95.945,0.0,95.945,0
2026-07-02T03:30:00Z,95.945,95.945,95.945,95.945,0.0,95.945,0
2026-07-02T03:45:00Z,95.945,95.945,95.945,95.945,0.0,95.945,0
2026-07-02T04:00:00Z,95.945,95.945,95.945,95.945,0.0,95.945,0
2026-07-02T04:15:00Z,95.945,95.945,95.945,95.945,0.0,95.945,0
2026-07-02T04:30:00Z,95.945,95.945,95.945,95.945,0.0,95.945,0
2026-07-02T04:45:00Z,95.945,95.945,95.945,95.945,0.0,95.945,0
2026-07-02T05:00:00Z,95.945,95.945,95.945,95.945,0.0,95.945,0
2026-07-02T05:15:00Z,95.945,95.945,95.945,95.945,0.0,95.945,0
2026-07-02T05:30:00Z,95.945,95.945,95.945,95.945,2.0,95.945,2
2026-07-02T05:45:00Z,95.945,95.945,95.945,95.945,0.0,95.945,0
2026-07-02T06:00:00Z,95.945,95.945,95.945,95.945,0.0,95.945,0
2026-07-02T06:15:00Z,95.945,95.945,95.945,95.945,0.0,95.945,0
2026-07-02T06:30:00Z,95.945,95.945,95.945,95.945,1.0,95.945,1
2026-07-02T06:45:00Z,95.95,95.95,95.95,95.95,3.0,95.95,2
2026-07-02T07:00:00Z,95.95,95.95,95.95,95.95,0.0,95.95,0
2026-07-02T07:15:00Z,95.95,95.95,95.95,95.95,0.0,95.95,0
2026-07-02T07:30:00Z,95.95,95.95,95.95,95.95,0.0,95.95,0
2026-07-02T07:45:00Z,95.95,95.95,95.95,95.95,0.0,95.95,0
2026-07-02T08:00:00Z,95.95,95.95,95.95,95.95,0.0,95.95,0
2026-07-02T08:15:00Z,95.95,95.95,95.95,95.95,0.0,95.95,0
2026-07-02T08:30:00Z,95.95,95.95,95.95,95.95,0.0,95.95,0
2026-07-02T08:45:00Z,95.95,95.95,95.95,95.95,15.0,95.95,1
2026-07-02T09:00:00Z,95.95,95.95,95.95,95.95,2.0,95.95,2
2026-07-02T09:15:00Z,95.95,95.95,95.95,95.95,0.0,95.95,0
2026-07-02T09:30:00Z,95.95,95.95,95.95,95.95,11.0,95.95,1
2026-07-02T09:45:00Z,95.95,95.95,95.95,95.95,15.0,95.95,2
2026-07-02T10:00:00Z,95.95,95.95,95.95,95.95,0.0,95.95,0
2026-07-02T10:15:00Z,95.95,95.95,95.95,95.95,0.0,95.95,0
2026-07-02T10:30:00Z,95.95,95.95,95.95,95.95,2.0,95.95,2
2026-07-02T10:45:00Z,95.95,95.95,95.95,95.95,4.0,95.95,1
2026-07-02T11:00:00Z,95.95,95.95,95.95,95.95,0.0,95.95,0
2026-07-02T11:15:00Z,95.945,95.945,95.945,95.945,2.0,95.945,2
2026-07-02T11:30:00Z,95.945,95.945,95.945,95.945,6.0,95.945,3
2026-07-02T11:45:00Z,95.945,95.95,95.945,95.95,25.0,95.9455,3
2026-07-02T12:00:00Z,95.94,95.94,95.94,95.94,3.0,95.94,1
2026-07-02T12:15:00Z,95.935,95.935,95.925,95.93,7.0,95.9305,4
2026-07-02T12:30:00Z,95.95,96.045,95.95,96.03,89.0,96.0205,32
2026-07-02T12:45:00Z,96.01,96.015,96.005,96.01,42.0,96.01,13
2026-07-02T13:00:00Z,96.005,96.015,96.0,96.015,25.0,96.0065,9
2026-07-02T13:15:00Z,96.0,96.0,95.995,96.0,8.0,95.999,6
2026-07-02T13:30:00Z,96.015,96.02,96.015,96.015,25.0,96.018,7
2026-07-02T13:45:00Z,96.015,96.015,95.995,95.995,24.0,96.0005,7
2026-07-02T14:00:00Z,95.995,95.995,95.995,95.995,0.0,95.995,0
2026-07-02T14:15:00Z,95.99,95.99,95.99,95.99,48.0,95.99,8
2026-07-02T14:30:00Z,96.0,96.0,96.0,96.0,6.0,96.0,3
2026-07-02T14:45:00Z,96.0,96.0,96.0,96.0,0.0,96.0,0
2026-07-02T15:00:00Z,96.0,96.0,96.0,96.0,0.0,96.0,0
2026-07-02T15:15:00Z,96.02,96.02,96.02,96.02,16.0,96.02,4
2026-07-02T15:30:00Z,96.015,96.015,96.015,96.015,3.0,96.015,3
2026-07-02T15:45:00Z,96.015,96.015,96.015,96.015,0.0,96.015,0
2026-07-02T16:00:00Z,96.015,96.015,96.015,96.015,0.0,96.015,0
2026-07-02T16:15:00Z,96.015,96.015,96.015,96.015,0.0,96.015,0
2026-07-02T16:30:00Z,96.005,96.005,96.005,96.005,3.0,96.005,1
2026-07-02T16:45:00Z,96.005,96.005,96.005,96.005,16.0,96.005,10
2026-07-02T17:00:00Z,96.005,96.005,96.005,96.005,1.0,96.005,1
2026-07-02T17:15:00Z,96.0,96.0,96.0,96.0,7.0,96.0,2
2026-07-02T17:30:00Z,96.0,96.0,96.0,96.0,0.0,96.0,0
2026-07-02T17:45:00Z,96.0,96.0,96.0,96.0,1.0,96.0,1
2026-07-02T18:00:00Z,96.0,96.0,96.0,96.0,0.0,96.0,0
2026-07-02T18:15:00Z,96.0,96.0,96.0,96.0,0.0,96.0,0
2026-07-02T18:30:00Z,96.0,96.0,96.0,96.0,0.0,96.0,0
2026-07-02T18:45:00Z,96.0,96.0,96.0,96.0,0.0,96.0,0
2026-07-02T19:00:00Z,96.0,96.0,96.0,96.0,0.0,96.0,0
2026-07-02T19:15:00Z,96.01,96.01,96.01,96.01,1.0,96.01,1
2026-07-02T19:30:00Z,96.01,96.01,96.01,96.01,6.0,96.01,1
2026-07-02T19:45:00Z,96.01,96.01,96.01,96.01,0.0,96.01,0
2026-07-02T20:00:00Z,96.01,96.01,96.01,96.01,4.0,96.01,1
2026-07-02T20:15:00Z,96.01,96.01,96.01,96.01,0.0,96.01,0
2026-07-02T20:30:00Z,96.01,96.01,96.01,96.01,0.0,96.01,0
2026-07-02T20:45:00Z,96.01,96.01,96.01,96.01,0.0,96.01,0
2026-07-02T22:30:00Z,96.01,96.01,96.01,96.01,7.0,96.01,1
2026-07-02T22:45:00Z,96.01,96.01,96.01,96.01,0.0,96.01,0
2026-07-02T23:00:00Z,96.01,96.01,96.01,96.01,0.0,96.01,0
2026-07-02T23:15:00Z,96.01,96.01,96.01,96.01,0.0,96.01,0
2026-07-02T23:30:00Z,96.01,96.01,96.01,96.01,0.0,96.01,0
2026-07-02T23:45:00Z,96.01,96.01,96.01,96.01,1.0,96.01,1
2026-07-03T00:00:00Z,96.01,96.01,96.01,96.01,1.0,96.01,1
2026-07-03T00:15:00Z,96.015,96.015,96.015,96.015,1.0,96.015,1
2026-07-03T00:30:00Z,96.015,96.015,96.015,96.015,0.0,96.015,0
2026-07-03T00:45:00Z,96.015,96.015,96.015,96.015,251.0,96.015,1
2026-07-03T01:00:00Z,96.015,96.015,96.015,96.015,0.0,96.015,0
2026-07-03T01:15:00Z,96.025,96.025,96.025,96.025,240.0,96.025,1
2026-07-03T01:30:00Z,96.025,96.025,96.025,96.025,0.0,96.025,0
2026-07-03T01:45:00Z,96.025,96.025,96.025,96.025,0.0,96.025,0
2026-07-03T02:00:00Z,96.025,96.025,96.025,96.025,0.0,96.025,0
2026-07-03T02:15:00Z,96.025,96.025,96.025,96.025,0.0,96.025,0
2026-07-03T02:30:00Z,96.025,96.025,96.025,96.025,0.0,96.025,0
2026-07-03T02:45:00Z,96.025,96.025,96.025,96.025,0.0,96.025,0
2026-07-03T03:00:00Z,96.025,96.025,96.025,96.025,0.0,96.025,0
2026-07-03T03:15:00Z,96.025,96.025,96.025,96.025,0.0,96.025,0
2026-07-03T03:30:00Z,96.025,96.025,96.025,96.025,0.0,96.025,0
2026-07-03T03:45:00Z,96.025,96.025,96.025,96.025,0.0,96.025,0
2026-07-03T04:00:00Z,96.025,96.025,96.025,96.025,0.0,96.025,0
2026-07-03T04:15:00Z,96.025,96.025,96.025,96.025,0.0,96.025,0
2026-07-03T04:30:00Z,96.015,96.015,96.015,96.015,2.0,96.015,2
2026-07-03T04:45:00Z,96.015,96.015,96.015,96.015,0.0,96.015,0
2026-07-03T05:00:00Z,96.015,96.015,96.015,96.015,0.0,96.015,0
2026-07-03T05:15:00Z,96.015,96.015,96.015,96.015,0.0,96.015,0
2026-07-03T05:30:00Z,96.015,96.015,96.015,96.015,0.0,96.015,0
2026-07-03T05:45:00Z,96.015,96.015,96.015,96.015,0.0,96.015,0
2026-07-03T06:00:00Z,96.015,96.015,96.015,96.015,0.0,96.015,0
2026-07-03T06:15:00Z,96.015,96.015,96.015,96.015,1.0,96.015,1
2026-07-03T06:30:00Z,96.015,96.015,96.015,96.015,0.0,96.015,0
2026-07-03T06:45:00Z,96.015,96.015,96.015,96.015,0.0,96.015,0
2026-07-03T07:00:00Z,96.015,96.015,96.015,96.015,0.0,96.015,0
2026-07-03T07:15:00Z,96.015,96.015,96.015,96.015,0.0,96.015,0
2026-07-03T07:30:00Z,96.015,96.015,96.015,96.015,0.0,96.015,0
2026-07-03T07:45:00Z,96.02,96.02,96.02,96.02,1.0,96.02,1
2026-07-03T08:00:00Z,96.02,96.02,96.02,96.02,0.0,96.02,0
2026-07-03T08:15:00Z,96.02,96.02,96.02,96.02,0.0,96.02,0
2026-07-03T08:30:00Z,96.02,96.02,96.02,96.02,0.0,96.02,0
2026-07-03T08:45:00Z,96.02,96.02,96.02,96.02,0.0,96.02,0
2026-07-03T09:00:00Z,96.02,96.02,96.02,96.02,0.0,96.02,0
2026-07-03T09:15:00Z,96.02,96.02,96.02,96.02,0.0,96.02,0
2026-07-03T09:30:00Z,96.02,96.02,96.02,96.02,0.0,96.02,0
2026-07-03T09:45:00Z,96.02,96.02,96.02,96.02,0.0,96.02,0
2026-07-03T10:00:00Z,96.02,96.02,96.02,96.02,0.0,96.02,0
2026-07-03T10:15:00Z,96.02,96.02,96.02,96.02,0.0,96.02,0
2026-07-03T10:30:00Z,96.02,96.02,96.02,96.02,0.0,96.02,0
2026-07-03T10:45:00Z,96.02,96.02,96.02,96.02,0.0,96.02,0
2026-07-03T11:00:00Z,96.02,96.02,96.02,96.02,0.0,96.02,0
2026-07-03T11:15:00Z,96.02,96.02,96.02,96.02,0.0,96.02,0
2026-07-03T11:30:00Z,96.02,96.02,96.02,96.02,0.0,96.02,0
2026-07-03T11:45:00Z,96.02,96.02,96.02,96.02,0.0,96.02,0
2026-07-03T12:00:00Z,96.02,96.02,96.02,96.02,0.0,96.02,0
2026-07-03T12:15:00Z,96.02,96.02,96.02,96.02,0.0,96.02,0
2026-07-03T12:30:00Z,96.01,96.01,96.01,96.01,1.0,96.01,1
2026-07-03T12:45:00Z,96.01,96.01,96.01,96.01,0.0,96.01,0
2026-07-03T13:00:00Z,96.005,96.005,96.005,96.005,240.0,96.005,16
2026-07-03T13:15:00Z,96.005,96.005,96.005,96.005,0.0,96.005,0
2026-07-03T13:30:00Z,96.01,96.01,96.01,96.01,381.0,96.01,1
2026-07-03T13:45:00Z,96.01,96.01,96.01,96.01,0.0,96.01,0
2026-07-03T14:00:00Z,96.01,96.01,96.01,96.01,0.0,96.01,0
2026-07-03T14:15:00Z,96.01,96.01,96.01,96.01,0.0,96.01,0
2026-07-03T14:30:00Z,96.01,96.01,96.01,96.01,0.0,96.01,0
2026-07-03T14:45:00Z,96.005,96.005,96.005,96.005,1.0,96.005,1
2026-07-03T15:00:00Z,96.005,96.005,96.005,96.005,0.0,96.005,0
2026-07-03T15:15:00Z,96.01,96.01,96.01,96.01,4.0,96.01,1
2026-07-03T15:30:00Z,96.01,96.01,96.01,96.01,0.0,96.01,0
2026-07-03T15:45:00Z,96.01,96.01,96.01,96.01,0.0,96.01,0
2026-07-03T16:00:00Z,96.005,96.005,96.005,96.005,5.0,96.005,3
2026-07-03T16:15:00Z,96.005,96.005,96.005,96.005,0.0,96.005,0
2026-07-03T16:30:00Z,96.005,96.005,96.005,96.005,0.0,96.005,0
2026-07-03T16:45:00Z,96.005,96.005,96.005,96.005,0.0,96.005,0
2026-07-05T22:00:00Z,96.005,96.005,96.005,96.005,0.0,96.005,0
2026-07-05T22:15:00Z,96.005,96.005,96.005,96.005,1.0,96.005,1
2026-07-05T22:30:00Z,96.005,96.005,96.005,96.005,0.0,96.005,0
2026-07-05T22:45:00Z,96.005,96.005,96.005,96.005,0.0,96.005,0
2026-07-05T23:00:00Z,96.005,96.005,96.005,96.005,5.0,96.005,1
2026-07-05T23:15:00Z,96.005,96.005,96.005,96.005,0.0,96.005,0
2026-07-05T23:30:00Z,96.005,96.005,96.005,96.005,0.0,96.005,0
2026-07-05T23:45:00Z,96.005,96.005,96.005,96.005,0.0,96.005,0
2026-07-06T00:00:00Z,96.005,96.005,96.005,96.005,25.0,96.005,1
2026-07-06T00:15:00Z,96.005,96.01,96.005,96.01,2.0,96.0075,2
2026-07-06T00:30:00Z,96.01,96.01,96.01,96.01,0.0,96.01,0
2026-07-06T00:45:00Z,96.01,96.01,96.01,96.01,0.0,96.01,0
2026-07-06T01:00:00Z,96.01,96.01,96.01,96.01,0.0,96.01,0
2026-07-06T01:15:00Z,96.01,96.01,96.01,96.01,0.0,96.01,0
2026-07-06T01:30:00Z,96.015,96.015,96.015,96.015,1.0,96.015,1
2026-07-06T01:45:00Z,96.015,96.015,96.015,96.015,0.0,96.015,0
2026-07-06T02:00:00Z,96.01,96.01,96.01,96.01,1.0,96.01,1
2026-07-06T02:15:00Z,96.01,96.01,96.01,96.01,0.0,96.01,0
2026-07-06T02:30:00Z,96.01,96.01,96.01,96.01,111.0,96.01,1
2026-07-06T02:45:00Z,96.02,96.02,96.02,96.02,2.0,96.02,1
2026-07-06T03:00:00Z,96.02,96.02,96.02,96.02,0.0,96.02,0
2026-07-06T03:15:00Z,96.02,96.02,96.02,96.02,0.0,96.02,0
2026-07-06T03:30:00Z,96.02,96.02,96.02,96.02,0.0,96.02,0
2026-07-06T03:45:00Z,96.02,96.02,96.02,96.02,0.0,96.02,0
2026-07-06T04:00:00Z,96.02,96.02,96.02,96.02,0.0,96.02,0
2026-07-06T04:15:00Z,96.015,96.015,96.015,96.015,1.0,96.015,1
2026-07-06T04:30:00Z,96.015,96.015,96.015,96.015,0.0,96.015,0
2026-07-06T04:45:00Z,96.015,96.015,96.015,96.015,0.0,96.015,0
2026-07-06T05:00:00Z,96.01,96.01,96.01,96.01,1.0,96.01,1
2026-07-06T05:15:00Z,96.01,96.01,96.01,96.01,0.0,96.01,0
2026-07-06T05:30:00Z,96.01,96.01,96.01,96.01,0.0,96.01,0
2026-07-06T05:45:00Z,96.01,96.01,96.01,96.01,1.0,96.01,1
2026-07-06T06:00:00Z,96.01,96.01,96.01,96.01,0.0,96.01,0
2026-07-06T06:15:00Z,96.01,96.01,96.01,96.01,0.0,96.01,0
2026-07-06T06:30:00Z,96.015,96.015,96.015,96.015,1.0,96.015,1
2026-07-06T06:45:00Z,96.015,96.015,96.015,96.015,0.0,96.015,0
2026-07-06T07:00:00Z,96.015,96.015,96.015,96.015,0.0,96.015,0
2026-07-06T07:15:00Z,96.02,96.02,96.02,96.02,39.0,96.02,5
2026-07-06T07:30:00Z,96.025,96.025,96.025,96.025,5.0,96.025,1
2026-07-06T07:45:00Z,96.025,96.025,96.025,96.025,0.0,96.025,0
2026-07-06T08:00:00Z,96.03,96.03,96.03,96.03,5.0,96.03,1
2026-07-06T08:15:00Z,96.025,96.025,96.025,96.025,31.0,96.025,2
2026-07-06T08:30:00Z,96.025,96.025,96.025,96.025,3.0,96.025,1
2026-07-06T08:45:00Z,96.025,96.025,96.025,96.025,0.0,96.025,0
2026-07-06T09:00:00Z,96.025,96.025,96.025,96.025,0.0,96.025,0
2026-07-06T09:15:00Z,96.025,96.025,96.025,96.025,0.0,96.025,0
2026-07-06T09:30:00Z,96.025,96.025,96.025,96.025,0.0,96.025,0
2026-07-06T09:45:00Z,96.025,96.025,96.025,96.025,0.0,96.025,0
2026-07-06T10:00:00Z,96.03,96.035,96.03,96.035,3.0,96.0315,2
2026-07-06T10:15:00Z,96.035,96.035,96.035,96.035,0.0,96.035,0
2026-07-06T10:30:00Z,96.035,96.035,96.035,96.035,0.0,96.035,0
2026-07-06T10:45:00Z,96.035,96.035,96.035,96.035,0.0,96.035,0
2026-07-06T11:00:00Z,96.04,96.04,96.04,96.04,4.0,96.04,2
2026-07-06T11:15:00Z,96.04,96.04,96.04,96.04,4.0,96.04,1
2026-07-06T11:30:00Z,96.04,96.04,96.04,96.04,0.0,96.04,0
2026-07-06T11:45:00Z,96.035,96.035,96.035,96.035,11.0,96.035,5
2026-07-06T12:00:00Z,96.035,96.04,96.035,96.04,32.0,96.037,5
2026-07-06T12:15:00Z,96.035,96.035,96.035,96.035,15.0,96.035,2
2026-07-06T12:30:00Z,96.035,96.035,96.035,96.035,7.0,96.035,3
2026-07-06T12:45:00Z,96.03,96.03,96.03,96.03,2.0,96.03,2
2026-07-06T13:00:00Z,96.03,96.03,96.03,96.03,1.0,96.03,1
2026-07-06T13:15:00Z,96.03,96.03,96.03,96.03,0.0,96.03,0
2026-07-06T13:30:00Z,96.02,96.02,96.02,96.02,8.0,96.02,2
2026-07-06T13:45:00Z,96.02,96.02,96.02,96.02,0.0,96.02,0
2026-07-06T14:00:00Z,96.02,96.02,96.02,96.02,2.0,96.02,1
2026-07-06T14:15:00Z,96.02,96.02,96.02,96.02,0.0,96.02,0
2026-07-06T14:30:00Z,96.01,96.01,96.01,96.01,1.0,96.01,1
2026-07-06T14:45:00Z,96.01,96.01,96.01,96.01,3.0,96.01,1
2026-07-06T15:00:00Z,96.015,96.015,96.01,96.01,11.0,96.0145,2
2026-07-06T15:15:00Z,96.01,96.01,96.01,96.01,0.0,96.01,0
2026-07-06T15:30:00Z,96.01,96.01,96.01,96.01,0.0,96.01,0
2026-07-06T15:45:00Z,96.01,96.01,96.01,96.01,0.0,96.01,0
2026-07-06T16:00:00Z,96.01,96.01,96.01,96.01,0.0,96.01,0
2026-07-06T16:15:00Z,96.01,96.01,96.01,96.01,0.0,96.01,0
2026-07-06T16:30:00Z,96.01,96.01,96.01,96.01,0.0,96.01,0
2026-07-06T16:45:00Z,96.01,96.015,96.01,96.015,16.0,96.0105,5
2026-07-06T17:00:00Z,96.02,96.02,96.02,96.02,2.0,96.02,1
2026-07-06T17:15:00Z,96.02,96.02,96.02,96.02,0.0,96.02,0
2026-07-06T17:30:00Z,96.02,96.02,96.02,96.02,0.0,96.02,0
2026-07-06T17:45:00Z,96.02,96.02,96.02,96.02,0.0,96.02,0
2026-07-06T18:00:00Z,96.02,96.02,96.02,96.02,0.0,96.02,0
2026-07-06T18:15:00Z,96.02,96.02,96.02,96.02,0.0,96.02,0
2026-07-06T18:30:00Z,96.025,96.025,96.025,96.025,35.0,96.025,4
2026-07-06T18:45:00Z,96.025,96.025,96.025,96.025,0.0,96.025,0
2026-07-06T19:00:00Z,96.025,96.025,96.025,96.025,2.0,96.025,1
2026-07-06T19:15:00Z,96.025,96.025,96.025,96.025,0.0,96.025,0
2026-07-06T19:30:00Z,96.025,96.025,96.025,96.025,0.0,96.025,0
2026-07-06T19:45:00Z,96.025,96.025,96.025,96.025,0.0,96.025,0
2026-07-06T20:00:00Z,96.035,96.035,96.035,96.035,11.0,96.035,1
2026-07-06T20:15:00Z,96.035,96.035,96.035,96.035,0.0,96.035,0
2026-07-06T20:30:00Z,96.035,96.035,96.035,96.035,1.0,96.035,1
2026-07-06T20:45:00Z,96.035,96.035,96.035,96.035,1.0,96.035,1
2026-07-06T22:00:00Z,96.035,96.035,96.035,96.035,1.0,96.035,1
2026-07-06T22:15:00Z,96.035,96.035,96.035,96.035,0.0,96.035,0
2026-07-06T22:30:00Z,96.035,96.035,96.035,96.035,0.0,96.035,0
2026-07-06T22:45:00Z,96.035,96.035,96.035,96.035,0.0,96.035,0
2026-07-06T23:00:00Z,96.035,96.035,96.035,96.035,0.0,96.035,0
2026-07-06T23:15:00Z,96.035,96.035,96.035,96.035,0.0,96.035,0
2026-07-06T23:30:00Z,96.035,96.035,96.035,96.035,0.0,96.035,0
2026-07-06T23:45:00Z,96.035,96.035,96.035,96.035,0.0,96.035,0
2026-07-07T00:00:00Z,96.035,96.035,96.035,96.035,0.0,96.035,0
2026-07-07T00:15:00Z,96.035,96.035,96.035,96.035,0.0,96.035,0
2026-07-07T00:30:00Z,96.035,96.035,96.035,96.035,0.0,96.035,0
2026-07-07T00:45:00Z,96.035,96.035,96.035,96.035,0.0,96.035,0
2026-07-07T01:00:00Z,96.035,96.035,96.035,96.035,0.0,96.035,0
2026-07-07T01:15:00Z,96.035,96.035,96.035,96.035,0.0,96.035,0
2026-07-07T01:30:00Z,96.035,96.035,96.035,96.035,0.0,96.035,0
2026-07-07T01:45:00Z,96.025,96.025,96.025,96.025,307.0,96.025,2
2026-07-07T02:00:00Z,96.025,96.025,96.025,96.025,0.0,96.025,0
2026-07-07T02:15:00Z,96.025,96.025,96.025,96.025,0.0,96.025,0
2026-07-07T02:30:00Z,96.025,96.025,96.025,96.025,5.0,96.025,1
2026-07-07T02:45:00Z,96.025,96.025,96.025,96.025,0.0,96.025,0
2026-07-07T03:00:00Z,96.025,96.03,96.025,96.03,389.0,96.03,2
2026-07-07T03:15:00Z,96.03,96.03,96.03,96.03,0.0,96.03,0
2026-07-07T03:30:00Z,96.03,96.03,96.03,96.03,0.0,96.03,0
2026-07-07T03:45:00Z,96.03,96.03,96.03,96.03,0.0,96.03,0
2026-07-07T04:00:00Z,96.03,96.03,96.03,96.03,0.0,96.03,0
2026-07-07T04:15:00Z,96.03,96.03,96.03,96.03,1.0,96.03,1
2026-07-07T04:30:00Z,96.03,96.03,96.03,96.03,0.0,96.03,0
2026-07-07T04:45:00Z,96.03,96.03,96.03,96.03,0.0,96.03,0
2026-07-07T05:00:00Z,96.03,96.03,96.03,96.03,0.0,96.03,0
2026-07-07T05:15:00Z,96.03,96.03,96.03,96.03,0.0,96.03,0
2026-07-07T05:30:00Z,96.02,96.02,96.02,96.02,3.0,96.02,1
2026-07-07T05:45:00Z,96.02,96.025,96.02,96.02,29.0,96.0215,8
2026-07-07T06:00:00Z,96.015,96.015,96.015,96.015,1.0,96.015,1
2026-07-07T06:15:00Z,96.015,96.015,96.015,96.015,0.0,96.015,0
2026-07-07T06:30:00Z,96.015,96.015,96.015,96.015,0.0,96.015,0
2026-07-07T06:45:00Z,96.015,96.015,96.015,96.015,0.0,96.015,0
2026-07-07T07:00:00Z,96.015,96.015,96.015,96.015,21.0,96.015,7
2026-07-07T07:15:00Z,96.015,96.015,96.015,96.015,0.0,96.015,0
2026-07-07T07:30:00Z,96.01,96.01,96.01,96.01,3.0,96.01,1
2026-07-07T07:45:00Z,96.01,96.01,96.01,96.01,1.0,96.01,1
2026-07-07T08:00:00Z,96.005,96.01,96.005,96.01,3.0,96.0085,3
2026-07-07T08:15:00Z,96.01,96.01,96.01,96.01,1.0,96.01,1
2026-07-07T08:30:00Z,96.01,96.01,96.01,96.01,0.0,96.01,0
2026-07-07T08:45:00Z,96.01,96.01,96.01,96.01,0.0,96.01,0
2026-07-07T09:00:00Z,96.01,96.01,96.01,96.01,0.0,96.01,0
2026-07-07T09:15:00Z,96.01,96.01,96.01,96.01,0.0,96.01,0
2026-07-07T09:30:00Z,96.01,96.01,96.01,96.01,13.0,96.01,2
2026-07-07T09:45:00Z,96.01,96.01,96.01,96.01,9.0,96.01,2
2026-07-07T10:00:00Z,96.01,96.01,96.01,96.01,1.0,96.01,1
2026-07-07T10:15:00Z,96.01,96.01,96.01,96.01,0.0,96.01,0
2026-07-07T10:30:00Z,96.01,96.01,96.01,96.01,0.0,96.01,0
2026-07-07T10:45:00Z,96.005,96.005,96.005,96.005,2.0,96.005,2
2026-07-07T11:00:00Z,96.005,96.005,96.005,96.005,0.0,96.005,0
2026-07-07T11:15:00Z,96.01,96.01,96.01,96.01,4.0,96.01,2
2026-07-07T11:30:00Z,96.01,96.01,96.01,96.01,0.0,96.01,0
2026-07-07T11:45:00Z,96.005,96.005,96.005,96.005,14.0,96.005,3
2026-07-07T12:00:00Z,96.005,96.005,96.005,96.005,2.0,96.005,2
2026-07-07T12:15:00Z,96.01,96.02,96.01,96.02,3.0,96.015,3
2026-07-07T12:30:00Z,96.02,96.025,96.015,96.015,9.0,96.019,6
2026-07-07T12:45:00Z,96.015,96.015,96.015,96.015,0.0,96.015,0
2026-07-07T13:00:00Z,96.015,96.015,96.015,96.015,0.0,96.015,0
2026-07-07T13:15:00Z,96.015,96.015,96.015,96.015,0.0,96.015,0
2026-07-07T13:30:00Z,96.015,96.015,96.015,96.015,0.0,96.015,0
2026-07-07T13:45:00Z,96.0,96.005,96.0,96.0,7.0,96.0005,6
2026-07-07T14:00:00Z,95.99,95.99,95.99,95.99,9.0,95.99,2
2026-07-07T14:15:00Z,96.0,96.0,96.0,96.0,8.0,96.0,2
2026-07-07T14:30:00Z,96.0,96.005,96.0,96.005,7.0,96.0045,2
2026-07-07T14:45:00Z,96.005,96.005,96.005,96.005,70.0,96.005,23
2026-07-07T15:00:00Z,96.005,96.005,96.005,96.005,15.0,96.005,3
2026-07-07T15:15:00Z,96.005,96.005,96.005,96.005,25.0,96.005,10
2026-07-07T15:30:00Z,96.0,96.005,96.0,96.005,27.0,96.0005,14
2026-07-07T15:45:00Z,96.0,96.0,96.0,96.0,23.0,96.0,6
2026-07-07T16:00:00Z,96.0,96.0,96.0,96.0,0.0,96.0,0
2026-07-07T16:15:00Z,95.995,95.995,95.995,95.995,2.0,95.995,1
2026-07-07T16:30:00Z,95.995,95.995,95.995,95.995,0.0,95.995,0
2026-07-07T16:45:00Z,95.995,95.995,95.995,95.995,0.0,95.995,0
2026-07-07T17:00:00Z,95.995,95.995,95.995,95.995,0.0,95.995,0
2026-07-07T17:15:00Z,95.995,95.995,95.995,95.995,0.0,95.995,0
2026-07-07T17:30:00Z,95.995,95.995,95.995,95.995,0.0,95.995,0
2026-07-07T17:45:00Z,95.995,95.995,95.995,95.995,0.0,95.995,0
2026-07-07T18:00:00Z,95.995,95.995,95.995,95.995,0.0,95.995,0
2026-07-07T18:15:00Z,95.985,95.985,95.985,95.985,13.0,95.985,1
2026-07-07T18:30:00Z,95.985,95.985,95.985,95.985,0.0,95.985,0
2026-07-07T18:45:00Z,95.975,95.975,95.975,95.975,2.0,95.975,2
2026-07-07T19:00:00Z,95.975,95.975,95.975,95.975,0.0,95.975,0
2026-07-07T19:15:00Z,95.95,95.95,95.945,95.945,5.0,95.949,3
2026-07-07T19:30:00Z,95.955,95.955,95.955,95.955,3.0,95.955,2
2026-07-07T19:45:00Z,95.955,95.955,95.955,95.955,3.0,95.955,1
2026-07-07T20:00:00Z,95.955,95.955,95.955,95.955,3.0,95.955,1
2026-07-07T20:15:00Z,95.955,95.955,95.955,95.955,13.0,95.955,1
2026-07-07T20:30:00Z,95.95,95.95,95.95,95.95,3.0,95.95,1
2026-07-07T20:45:00Z,95.95,95.95,95.95,95.95,9.0,95.95,3
2026-07-07T22:00:00Z,95.945,95.945,95.94,95.94,8.0,95.943,7
2026-07-07T22:15:00Z,95.94,95.94,95.94,95.94,0.0,95.94,0
2026-07-07T22:30:00Z,95.94,95.94,95.94,95.94,0.0,95.94,0
2026-07-07T22:45:00Z,95.94,95.94,95.94,95.94,0.0,95.94,0
2026-07-07T23:00:00Z,95.94,95.94,95.94,95.94,0.0,95.94,0
2026-07-07T23:15:00Z,95.955,95.955,95.955,95.955,1.0,95.955,1
2026-07-07T23:30:00Z,95.945,95.945,95.945,95.945,1.0,95.945,1
2026-07-07T23:45:00Z,95.945,95.945,95.945,95.945,0.0,95.945,0
2026-07-08T00:00:00Z,95.945,95.945,95.945,95.945,0.0,95.945,0
2026-07-08T00:15:00Z,95.945,95.945,95.945,95.945,3.0,95.945,1
2026-07-08T00:30:00Z,95.945,95.945,95.945,95.945,0.0,95.945,0
2026-07-08T00:45:00Z,95.945,95.945,95.945,95.945,0.0,95.945,0
2026-07-08T01:00:00Z,95.945,95.945,95.945,95.945,0.0,95.945,0
2026-07-08T01:15:00Z,95.945,95.945,95.945,95.945,0.0,95.945,0
2026-07-08T01:30:00Z,95.95,95.95,95.95,95.95,3.0,95.95,1
2026-07-08T01:45:00Z,95.95,95.95,95.95,95.95,0.0,95.95,0
2026-07-08T02:00:00Z,95.95,95.95,95.95,95.95,0.0,95.95,0
2026-07-08T02:15:00Z,95.95,95.95,95.95,95.95,3.0,95.95,1
2026-07-08T02:30:00Z,95.95,95.95,95.95,95.95,0.0,95.95,0
2026-07-08T02:45:00Z,95.95,95.95,95.95,95.95,0.0,95.95,0
2026-07-08T03:00:00Z,95.95,95.95,95.95,95.95,0.0,95.95,0
2026-07-08T03:15:00Z,95.95,95.95,95.95,95.95,0.0,95.95,0
2026-07-08T03:30:00Z,95.95,95.95,95.95,95.95,0.0,95.95,0
2026-07-08T03:45:00Z,95.95,95.95,95.95,95.95,0.0,95.95,0
2026-07-08T04:00:00Z,95.95,95.95,95.95,95.95,0.0,95.95,0
2026-07-08T04:15:00Z,95.95,95.95,95.95,95.95,0.0,95.95,0
2026-07-08T04:30:00Z,95.955,95.955,95.955,95.955,24.0,95.955,1
2026-07-08T04:45:00Z,95.955,95.955,95.955,95.955,0.0,95.955,0
2026-07-08T05:00:00Z,95.955,95.955,95.955,95.955,0.0,95.955,0
2026-07-08T05:15:00Z,95.955,95.955,95.955,95.955,0.0,95.955,0
2026-07-08T05:30:00Z,95.955,95.955,95.955,95.955,0.0,95.955,0
2026-07-08T05:45:00Z,95.955,95.955,95.955,95.955,0.0,95.955,0
2026-07-08T06:00:00Z,95.955,95.955,95.955,95.955,4.0,95.955,1
2026-07-08T06:15:00Z,95.955,95.955,95.955,95.955,0.0,95.955,0
2026-07-08T06:30:00Z,95.955,95.955,95.955,95.955,0.0,95.955,0
2026-07-08T06:45:00Z,95.96,95.96,95.96,95.96,2.0,95.96,1
2026-07-08T07:00:00Z,95.95,95.95,95.95,95.95,11.0,95.95,1
2026-07-08T07:15:00Z,95.955,95.955,95.955,95.955,11.0,95.955,1
2026-07-08T07:30:00Z,95.96,95.96,95.96,95.96,1.0,95.96,1
2026-07-08T07:45:00Z,95.965,95.965,95.965,95.965,17.0,95.965,1
2026-07-08T08:00:00Z,95.965,95.965,95.965,95.965,0.0,95.965,0
2026-07-08T08:15:00Z,95.96,95.96,95.925,95.935,46.0,95.9415,11
2026-07-08T08:30:00Z,95.935,95.935,95.93,95.93,7.0,95.9345,3
2026-07-08T08:45:00Z,95.92,95.92,95.92,95.92,3.0,95.92,1
2026-07-08T09:00:00Z,95.92,95.92,95.92,95.92,7.0,95.92,3
2026-07-08T09:15:00Z,95.92,95.92,95.92,95.92,1.0,95.92,1
2026-07-08T09:30:00Z,95.92,95.92,95.92,95.92,2.0,95.92,1
2026-07-08T09:45:00Z,95.92,95.92,95.92,95.92,0.0,95.92,0
2026-07-08T10:00:00Z,95.91,95.91,95.91,95.91,20.0,95.91,5
2026-07-08T10:15:00Z,95.91,95.915,95.91,95.915,45.0,95.9125,12
2026-07-08T10:30:00Z,95.92,95.92,95.92,95.92,3.0,95.92,3
2026-07-08T10:45:00Z,95.925,95.925,95.92,95.92,21.0,95.9215,5
2026-07-08T11:00:00Z,95.92,95.92,95.92,95.92,0.0,95.92,0
2026-07-08T11:15:00Z,95.92,95.92,95.92,95.92,0.0,95.92,0
2026-07-08T11:30:00Z,95.93,95.93,95.93,95.93,2.0,95.93,2
2026-07-08T11:45:00Z,95.93,95.93,95.93,95.93,2.0,95.93,2
2026-07-08T12:00:00Z,95.925,95.94,95.925,95.94,27.0,95.9335,7
2026-07-08T12:15:00Z,95.94,95.94,95.94,95.94,10.0,95.94,5
2026-07-08T12:30:00Z,95.94,95.94,95.94,95.94,0.0,95.94,0
2026-07-08T12:45:00Z,95.945,95.945,95.94,95.94,63.0,95.945,8
2026-07-08T13:00:00Z,95.93,95.935,95.93,95.935,22.0,95.9345,4
2026-07-08T13:15:00Z,95.93,95.94,95.93,95.935,27.0,95.937,4
2026-07-08T13:30:00Z,95.935,95.935,95.935,95.935,0.0,95.935,0
2026-07-08T13:45:00Z,95.92,95.92,95.92,95.92,3.0,95.92,2
2026-07-08T14:00:00Z,95.92,95.92,95.92,95.92,23.0,95.92,2
2026-07-08T14:15:00Z,95.915,95.92,95.915,95.915,18.0,95.919,8
2026-07-08T14:30:00Z,95.915,95.92,95.915,95.92,5.0,95.916,5
2026-07-08T14:45:00Z,95.92,95.92,95.92,95.92,0.0,95.92,0
2026-07-08T15:00:00Z,95.915,95.915,95.915,95.915,8.0,95.915,2
2026-07-08T15:15:00Z,95.91,95.91,95.905,95.905,18.0,95.9085,4
2026-07-08T15:30:00Z,95.895,95.9,95.895,95.895,45.0,95.895,7
2026-07-08T15:45:00Z,95.895,95.895,95.895,95.895,5.0,95.895,4
2026-07-08T16:00:00Z,95.895,95.895,95.895,95.895,0.0,95.895,0
2026-07-08T16:15:00Z,95.895,95.895,95.895,95.895,2.0,95.895,1
2026-07-08T16:30:00Z,95.91,95.91,95.9,95.905,30.0,95.9025,9
2026-07-08T16:45:00Z,95.905,95.905,95.905,95.905,0.0,95.905,0
2026-07-08T17:00:00Z,95.905,95.905,95.905,95.905,0.0,95.905,0
2026-07-08T17:15:00Z,95.905,95.905,95.905,95.905,0.0,95.905,0
2026-07-08T17:30:00Z,95.905,95.905,95.905,95.905,0.0,95.905,0
2026-07-08T17:45:00Z,95.91,95.91,95.91,95.91,1.0,95.91,1
2026-07-08T18:00:00Z,95.905,95.915,95.905,95.915,2.0,95.91,2
2026-07-08T18:15:00Z,95.915,95.915,95.915,95.915,0.0,95.915,0
2026-07-08T18:30:00Z,95.915,95.915,95.915,95.915,0.0,95.915,0
2026-07-08T18:45:00Z,95.915,95.915,95.915,95.915,0.0,95.915,0
2026-07-08T19:00:00Z,95.915,95.915,95.915,95.915,0.0,95.915,0
2026-07-08T19:15:00Z,95.915,95.915,95.915,95.915,0.0,95.915,0
2026-07-08T19:30:00Z,95.915,95.915,95.915,95.915,0.0,95.915,0
2026-07-08T19:45:00Z,95.93,95.93,95.93,95.93,1.0,95.93,1
2026-07-08T20:00:00Z,95.93,95.93,95.93,95.93,0.0,95.93,0
2026-07-08T20:15:00Z,95.93,95.93,95.93,95.93,0.0,95.93,0
2026-07-08T20:30:00Z,95.93,95.93,95.93,95.93,0.0,95.93,0
2026-07-08T20:45:00Z,95.93,95.93,95.93,95.93,0.0,95.93,0
2026-07-08T22:00:00Z,95.91,95.91,95.91,95.91,1.0,95.91,1
2026-07-08T22:15:00Z,95.91,95.91,95.91,95.91,0.0,95.91,0
2026-07-08T22:30:00Z,95.91,95.91,95.91,95.91,0.0,95.91,0
2026-07-08T22:45:00Z,95.91,95.91,95.91,95.91,0.0,95.91,0
2026-07-08T23:00:00Z,95.91,95.91,95.91,95.91,0.0,95.91,0
2026-07-08T23:15:00Z,95.91,95.91,95.91,95.91,0.0,95.91,0
2026-07-08T23:30:00Z,95.91,95.91,95.91,95.91,0.0,95.91,0
2026-07-08T23:45:00Z,95.91,95.91,95.91,95.91,0.0,95.91,0
2026-07-09T00:00:00Z,95.91,95.91,95.91,95.91,0.0,95.91,0
2026-07-09T00:15:00Z,95.91,95.91,95.91,95.91,0.0,95.91,0
2026-07-09T00:30:00Z,95.91,95.91,95.91,95.91,0.0,95.91,0
2026-07-09T00:45:00Z,95.91,95.91,95.91,95.91,0.0,95.91,0
2026-07-09T01:00:00Z,95.91,95.91,95.91,95.91,0.0,95.91,0
2026-07-09T01:15:00Z,95.91,95.91,95.91,95.91,0.0,95.91,0
2026-07-09T01:30:00Z,95.91,95.91,95.91,95.91,0.0,95.91,0
2026-07-09T01:45:00Z,95.91,95.91,95.91,95.91,0.0,95.91,0
2026-07-09T02:00:00Z,95.91,95.91,95.91,95.91,0.0,95.91,0
2026-07-09T02:15:00Z,95.91,95.91,95.91,95.91,0.0,95.91,0
2026-07-09T02:30:00Z,95.91,95.91,95.91,95.91,0.0,95.91,0
2026-07-09T02:45:00Z,95.91,95.91,95.91,95.91,0.0,95.91,0
2026-07-09T03:00:00Z,95.92,95.92,95.92,95.92,1.0,95.92,1
2026-07-09T03:15:00Z,95.92,95.92,95.92,95.92,0.0,95.92,0
2026-07-09T03:30:00Z,95.92,95.92,95.92,95.92,0.0,95.92,0
2026-07-09T03:45:00Z,95.92,95.92,95.92,95.92,0.0,95.92,0
2026-07-09T04:00:00Z,95.92,95.92,95.92,95.92,0.0,95.92,0
2026-07-09T04:15:00Z,95.92,95.92,95.92,95.92,0.0,95.92,0
2026-07-09T04:30:00Z,95.92,95.92,95.92,95.92,0.0,95.92,0
2026-07-09T04:45:00Z,95.92,95.92,95.92,95.92,0.0,95.92,0
2026-07-09T05:00:00Z,95.925,95.93,95.925,95.93,4.0,95.926,2
2026-07-09T05:15:00Z,95.93,95.93,95.93,95.93,1.0,95.93,1
2026-07-09T05:30:00Z,95.93,95.93,95.93,95.93,0.0,95.93,0
2026-07-09T05:45:00Z,95.93,95.93,95.93,95.93,0.0,95.93,0
2026-07-09T06:00:00Z,95.93,95.93,95.93,95.93,0.0,95.93,0
2026-07-09T06:15:00Z,95.93,95.93,95.93,95.93,0.0,95.93,0
2026-07-09T06:30:00Z,95.945,95.945,95.945,95.945,290.0,95.945,5
2026-07-09T06:45:00Z,95.945,95.945,95.945,95.945,0.0,95.945,0
2026-07-09T07:00:00Z,95.945,95.945,95.945,95.945,0.0,95.945,0
2026-07-09T07:15:00Z,95.945,95.945,95.945,95.945,0.0,95.945,0
2026-07-09T07:30:00Z,95.945,95.945,95.945,95.945,0.0,95.945,0
2026-07-09T07:45:00Z,95.945,95.945,95.945,95.945,0.0,95.945,0
2026-07-09T08:00:00Z,95.945,95.945,95.945,95.945,12.0,95.945,1
2026-07-09T08:15:00Z,95.945,95.945,95.945,95.945,0.0,95.945,0
2026-07-09T08:30:00Z,95.94,95.94,95.94,95.94,40.0,95.94,3
2026-07-09T08:45:00Z,95.94,95.94,95.94,95.94,0.0,95.94,0
2026-07-09T09:00:00Z,95.94,95.94,95.94,95.94,0.0,95.94,0
2026-07-09T09:15:00Z,95.94,95.94,95.94,95.94,0.0,95.94,0
2026-07-09T09:30:00Z,95.94,95.94,95.94,95.94,0.0,95.94,0
2026-07-09T09:45:00Z,95.935,95.935,95.935,95.935,12.0,95.935,1
2026-07-09T10:00:00Z,95.935,95.935,95.935,95.935,0.0,95.935,0
2026-07-09T10:15:00Z,95.935,95.935,95.935,95.935,0.0,95.935,0
2026-07-09T10:30:00Z,95.935,95.935,95.935,95.935,0.0,95.935,0
2026-07-09T10:45:00Z,95.93,95.93,95.925,95.925,20.0,95.927,6
2026-07-09T11:00:00Z,95.925,95.925,95.925,95.925,0.0,95.925,0
2026-07-09T11:15:00Z,95.925,95.925,95.925,95.925,2.0,95.925,1
2026-07-09T11:30:00Z,95.92,95.92,95.92,95.92,13.0,95.92,4
2026-07-09T11:45:00Z,95.92,95.92,95.92,95.92,0.0,95.92,0
2026-07-09T12:00:00Z,95.935,95.945,95.935,95.945,70.0,95.943,7
2026-07-09T12:15:00Z,95.945,95.945,95.945,95.945,73.0,95.945,6
2026-07-09T12:30:00Z,95.95,95.95,95.95,95.95,331.0,95.95,6
2026-07-09T12:45:00Z,95.94,95.94,95.94,95.94,1.0,95.94,1
2026-07-09T13:00:00Z,95.95,95.95,95.95,95.95,28.0,95.95,1
2026-07-09T13:15:00Z,95.95,95.95,95.95,95.95,14.0,95.95,1
2026-07-09T13:30:00Z,95.945,95.945,95.945,95.945,1.0,95.945,1
2026-07-09T13:45:00Z,95.95,95.95,95.95,95.95,44.0,95.95,4
2026-07-09T14:00:00Z,95.95,95.95,95.95,95.95,1.0,95.95,1
2026-07-09T14:15:00Z,95.945,95.945,95.945,95.945,6.0,95.945,1
2026-07-09T14:30:00Z,95.945,95.945,95.945,95.945,0.0,95.945,0
2026-07-09T14:45:00Z,95.945,95.945,95.945,95.945,0.0,95.945,0
2026-07-09T15:00:00Z,95.945,95.945,95.945,95.945,0.0,95.945,0
2026-07-09T15:15:00Z,95.945,95.945,95.945,95.945,10.0,95.945,1
2026-07-09T15:30:00Z,95.945,95.945,95.945,95.945,0.0,95.945,0
2026-07-09T15:45:00Z,95.96,95.96,95.96,95.96,114.0,95.96,8
2026-07-09T16:00:00Z,95.955,95.955,95.955,95.955,3.0,95.955,1
2026-07-09T16:15:00Z,95.955,95.955,95.955,95.955,0.0,95.955,0
2026-07-09T16:30:00Z,95.96,95.96,95.96,95.96,1.0,95.96,1
2026-07-09T16:45:00Z,95.96,95.96,95.96,95.96,0.0,95.96,0
2026-07-09T17:00:00Z,95.96,95.96,95.96,95.96,0.0,95.96,0
2026-07-09T17:15:00Z,95.97,95.97,95.97,95.97,1.0,95.97,1
2026-07-09T17:30:00Z,95.97,95.97,95.97,95.97,0.0,95.97,0
2026-07-09T17:45:00Z,95.975,95.975,95.975,95.975,25.0,95.975,3
2026-07-09T18:00:00Z,95.975,95.975,95.975,95.975,0.0,95.975,0
2026-07-09T18:15:00Z,95.965,95.965,95.965,95.965,10.0,95.965,4
2026-07-09T18:30:00Z,95.965,95.965,95.965,95.965,0.0,95.965,0
2026-07-09T18:45:00Z,95.965,95.965,95.965,95.965,0.0,95.965,0
2026-07-09T19:00:00Z,95.965,95.965,95.965,95.965,0.0,95.965,0
2026-07-09T19:15:00Z,95.97,95.97,95.97,95.97,7.0,95.97,1
2026-07-09T19:30:00Z,95.965,95.965,95.965,95.965,17.0,95.965,9
2026-07-09T19:45:00Z,95.965,95.965,95.955,95.955,57.0,95.957,6
2026-07-09T20:00:00Z,95.955,95.955,95.955,95.955,0.0,95.955,0
2026-07-09T20:15:00Z,95.955,95.955,95.955,95.955,0.0,95.955,0
2026-07-09T20:30:00Z,95.955,95.955,95.955,95.955,0.0,95.955,0
2026-07-09T20:45:00Z,95.95,95.95,95.95,95.95,20.0,95.95,4
2026-07-09T22:00:00Z,95.95,95.96,95.95,95.96,3.0,95.9535,2
2026-07-09T22:15:00Z,95.96,95.96,95.96,95.96,0.0,95.96,0
2026-07-09T22:30:00Z,95.96,95.96,95.96,95.96,0.0,95.96,0
2026-07-09T22:45:00Z,95.96,95.96,95.96,95.96,0.0,95.96,0
2026-07-09T23:00:00Z,95.96,95.96,95.96,95.96,0.0,95.96,0
2026-07-09T23:15:00Z,95.96,95.96,95.96,95.96,0.0,95.96,0
2026-07-09T23:30:00Z,95.96,95.96,95.96,95.96,0.0,95.96,0
2026-07-09T23:45:00Z,95.96,95.96,95.96,95.96,0.0,95.96,0
2026-07-10T00:00:00Z,95.96,95.96,95.96,95.96,0.0,95.96,0
2026-07-10T00:15:00Z,95.96,95.96,95.96,95.96,0.0,95.96,0
2026-07-10T00:30:00Z,95.96,95.96,95.96,95.96,0.0,95.96,0
2026-07-10T00:45:00Z,95.96,95.96,95.955,95.955,2.0,95.9575,2
2026-07-10T01:00:00Z,95.96,95.96,95.96,95.96,1.0,95.96,1
2026-07-10T01:15:00Z,95.96,95.96,95.96,95.96,0.0,95.96,0
2026-07-10T01:30:00Z,95.96,95.96,95.96,95.96,0.0,95.96,0
2026-07-10T01:45:00Z,95.97,95.97,95.97,95.97,1.0,95.97,1
2026-07-10T02:00:00Z,95.97,95.97,95.97,95.97,0.0,95.97,0
2026-07-10T02:15:00Z,95.97,95.97,95.97,95.97,0.0,95.97,0
2026-07-10T02:30:00Z,95.97,95.97,95.97,95.97,0.0,95.97,0
2026-07-10T02:45:00Z,95.97,95.97,95.97,95.97,0.0,95.97,0
2026-07-10T03:00:00Z,95.97,95.97,95.97,95.97,0.0,95.97,0
2026-07-10T03:15:00Z,95.97,95.97,95.97,95.97,0.0,95.97,0
2026-07-10T03:30:00Z,95.97,95.97,95.97,95.97,0.0,95.97,0
2026-07-10T03:45:00Z,95.97,95.97,95.97,95.97,0.0,95.97,0
2026-07-10T04:00:00Z,95.97,95.97,95.97,95.97,0.0,95.97,0
2026-07-10T04:15:00Z,95.97,95.97,95.97,95.97,0.0,95.97,0
2026-07-10T04:30:00Z,95.97,95.97,95.97,95.97,0.0,95.97,0
2026-07-10T04:45:00Z,95.97,95.97,95.97,95.97,0.0,95.97,0
2026-07-10T05:00:00Z,95.97,95.97,95.97,95.97,0.0,95.97,0
2026-07-10T05:15:00Z,95.97,95.97,95.97,95.97,0.0,95.97,0
2026-07-10T05:30:00Z,95.97,95.97,95.97,95.97,0.0,95.97,0
2026-07-10T05:45:00Z,95.97,95.97,95.97,95.97,0.0,95.97,0
2026-07-10T06:00:00Z,95.97,95.97,95.97,95.97,0.0,95.97,0
2026-07-10T06:15:00Z,95.98,95.98,95.975,95.975,8.0,95.978,2
2026-07-10T06:30:00Z,95.98,95.98,95.98,95.98,253.0,95.98,4
2026-07-10T06:45:00Z,95.975,95.975,95.975,95.975,1.0,95.975,1
2026-07-10T07:00:00Z,95.975,95.975,95.975,95.975,6.0,95.975,1
2026-07-10T07:15:00Z,95.975,95.975,95.975,95.975,0.0,95.975,0
2026-07-10T07:30:00Z,95.975,95.975,95.975,95.975,1.0,95.975,1
2026-07-10T07:45:00Z,95.975,95.975,95.975,95.975,0.0,95.975,0
2026-07-10T08:00:00Z,95.98,95.98,95.975,95.975,144.0,95.975,6
2026-07-10T08:15:00Z,95.965,95.965,95.965,95.965,21.0,95.965,2
2026-07-10T08:30:00Z,95.965,95.965,95.965,95.965,0.0,95.965,0
2026-07-10T08:45:00Z,95.965,95.965,95.965,95.965,0.0,95.965,0
2026-07-10T09:00:00Z,95.965,95.965,95.965,95.965,0.0,95.965,0
2026-07-10T09:15:00Z,95.97,95.97,95.97,95.97,3.0,95.97,3
2026-07-10T09:30:00Z,95.97,95.97,95.97,95.97,0.0,95.97,0
2026-07-10T09:45:00Z,95.97,95.97,95.97,95.97,0.0,95.97,0
2026-07-10T10:00:00Z,95.97,95.97,95.97,95.97,0.0,95.97,0
2026-07-10T10:15:00Z,95.97,95.97,95.97,95.97,0.0,95.97,0
2026-07-10T10:30:00Z,95.97,95.97,95.97,95.97,0.0,95.97,0
2026-07-10T10:45:00Z,95.97,95.97,95.97,95.97,0.0,95.97,0
2026-07-10T11:00:00Z,95.965,95.965,95.965,95.965,1.0,95.965,1
2026-07-10T11:15:00Z,95.965,95.965,95.965,95.965,0.0,95.965,0
2026-07-10T11:30:00Z,95.95,95.95,95.95,95.95,2.0,95.95,1
2026-07-10T11:45:00Z,95.95,95.95,95.95,95.95,0.0,95.95,0
2026-07-10T12:00:00Z,95.955,95.965,95.955,95.965,59.0,95.962,20
2026-07-10T12:15:00Z,95.965,95.965,95.955,95.955,7.0,95.9605,6
2026-07-10T12:30:00Z,95.955,95.955,95.955,95.955,6.0,95.955,3
2026-07-10T12:45:00Z,95.955,95.955,95.955,95.955,0.0,95.955,0
2026-07-10T13:00:00Z,95.95,95.95,95.945,95.945,11.0,95.9495,2
2026-07-10T13:15:00Z,95.945,95.945,95.945,95.945,0.0,95.945,0
2026-07-10T13:30:00Z,95.945,95.945,95.945,95.945,0.0,95.945,0
2026-07-10T13:45:00Z,95.95,95.95,95.95,95.95,20.0,95.95,8
2026-07-10T14:00:00Z,95.95,95.95,95.95,95.95,0.0,95.95,0
2026-07-10T14:15:00Z,95.95,95.95,95.95,95.95,50.0,95.95,4
2026-07-10T14:30:00Z,95.95,95.95,95.93,95.93,19.0,95.9475,5
2026-07-10T14:45:00Z,95.93,95.93,95.93,95.93,0.0,95.93,0
2026-07-10T15:00:00Z,95.94,95.945,95.94,95.945,9.0,95.941,3
2026-07-10T15:15:00Z,95.95,95.95,95.95,95.95,1.0,95.95,1
2026-07-10T15:30:00Z,95.95,95.95,95.95,95.95,0.0,95.95,0
2026-07-10T15:45:00Z,95.95,95.95,95.95,95.95,0.0,95.95,0
2026-07-10T16:00:00Z,95.945,95.945,95.945,95.945,13.0,95.945,1
2026-07-10T16:15:00Z,95.945,95.945,95.945,95.945,0.0,95.945,0
2026-07-10T16:30:00Z,95.945,95.945,95.945,95.945,0.0,95.945,0
2026-07-10T16:45:00Z,95.93,95.93,95.93,95.93,11.0,95.93,2
2026-07-10T17:00:00Z,95.925,95.925,95.925,95.925,6.0,95.925,3
2026-07-10T17:15:00Z,95.925,95.925,95.925,95.925,3.0,95.925,2
2026-07-10T17:30:00Z,95.925,95.925,95.925,95.925,6.0,95.925,1
2026-07-10T17:45:00Z,95.925,95.925,95.925,95.925,0.0,95.925,0
2026-07-10T18:00:00Z,95.925,95.925,95.925,95.925,7.0,95.925,3
2026-07-10T18:15:00Z,95.925,95.925,95.92,95.92,3.0,95.9235,3
2026-07-10T18:30:00Z,95.92,95.92,95.92,95.92,5.0,95.92,2
2026-07-10T18:45:00Z,95.925,95.925,95.925,95.925,1.0,95.925,1
2026-07-10T19:00:00Z,95.925,95.925,95.925,95.925,0.0,95.925,0
2026-07-10T19:15:00Z,95.93,95.93,95.93,95.93,50.0,95.93,5
2026-07-10T19:30:00Z,95.93,95.93,95.93,95.93,0.0,95.93,0
2026-07-10T19:45:00Z,95.93,95.93,95.93,95.93,0.0,95.93,0
2026-07-10T20:00:00Z,95.93,95.93,95.93,95.93,0.0,95.93,0
2026-07-10T20:15:00Z,95.93,95.93,95.93,95.93,0.0,95.93,0
2026-07-10T20:30:00Z,95.93,95.93,95.93,95.93,0.0,95.93,0
2026-07-10T20:45:00Z,95.93,95.93,95.93,95.93,0.0,95.93,0
2026-07-12T23:15:00Z,95.895,95.895,95.895,95.895,1.0,95.895,1
2026-07-12T23:30:00Z,95.895,95.895,95.895,95.895,0.0,95.895,0
2026-07-12T23:45:00Z,95.895,95.895,95.895,95.895,0.0,95.895,0
2026-07-13T00:00:00Z,95.895,95.895,95.895,95.895,0.0,95.895,0
2026-07-13T00:15:00Z,95.895,95.895,95.895,95.895,0.0,95.895,0
2026-07-13T00:30:00Z,95.895,95.895,95.895,95.895,0.0,95.895,0
2026-07-13T00:45:00Z,95.895,95.895,95.895,95.895,0.0,95.895,0
2026-07-13T01:00:00Z,95.895,95.895,95.895,95.895,0.0,95.895,0
2026-07-13T01:15:00Z,95.895,95.895,95.895,95.895,0.0,95.895,0
2026-07-13T01:30:00Z,95.9,95.9,95.9,95.9,1.0,95.9,1
2026-07-13T01:45:00Z,95.9,95.9,95.9,95.9,0.0,95.9,0
2026-07-13T02:00:00Z,95.9,95.9,95.9,95.9,0.0,95.9,0
2026-07-13T02:15:00Z,95.9,95.9,95.9,95.9,0.0,95.9,0
2026-07-13T02:30:00Z,95.9,95.9,95.9,95.9,0.0,95.9,0
2026-07-13T02:45:00Z,95.9,95.9,95.9,95.9,0.0,95.9,0
2026-07-13T03:00:00Z,95.9,95.9,95.9,95.9,0.0,95.9,0
2026-07-13T03:15:00Z,95.9,95.9,95.9,95.9,0.0,95.9,0
2026-07-13T03:30:00Z,95.9,95.9,95.9,95.9,0.0,95.9,0
2026-07-13T03:45:00Z,95.9,95.9,95.9,95.9,0.0,95.9,0
2026-07-13T04:00:00Z,95.9,95.9,95.9,95.9,0.0,95.9,0
2026-07-13T04:15:00Z,95.9,95.9,95.9,95.9,0.0,95.9,0
2026-07-13T04:30:00Z,95.9,95.9,95.9,95.9,0.0,95.9,0
2026-07-13T04:45:00Z,95.9,95.9,95.9,95.9,0.0,95.9,0
2026-07-13T05:00:00Z,95.9,95.9,95.9,95.9,0.0,95.9,0
2026-07-13T05:15:00Z,95.905,95.905,95.905,95.905,9.0,95.905,1
2026-07-13T05:30:00Z,95.905,95.905,95.905,95.905,0.0,95.905,0
2026-07-13T05:45:00Z,95.905,95.905,95.905,95.905,0.0,95.905,0
2026-07-13T06:00:00Z,95.905,95.905,95.905,95.905,0.0,95.905,0
2026-07-13T06:15:00Z,95.905,95.905,95.905,95.905,0.0,95.905,0
2026-07-13T06:30:00Z,95.905,95.905,95.905,95.905,0.0,95.905,0
2026-07-13T06:45:00Z,95.905,95.905,95.905,95.905,0.0,95.905,0
2026-07-13T07:00:00Z,95.915,95.915,95.915,95.915,2.0,95.915,2
2026-07-13T07:15:00Z,95.915,95.915,95.915,95.915,0.0,95.915,0
2026-07-13T07:30:00Z,95.915,95.915,95.915,95.915,0.0,95.915,0
2026-07-13T07:45:00Z,95.915,95.915,95.915,95.915,0.0,95.915,0
2026-07-13T08:00:00Z,95.915,95.915,95.915,95.915,0.0,95.915,0
2026-07-13T08:15:00Z,95.915,95.915,95.915,95.915,0.0,95.915,0
2026-07-13T08:30:00Z,95.915,95.915,95.915,95.915,1.0,95.915,1
2026-07-13T08:45:00Z,95.915,95.915,95.915,95.915,0.0,95.915,0
2026-07-13T09:00:00Z,95.92,95.92,95.92,95.92,8.0,95.92,1
2026-07-13T09:15:00Z,95.92,95.92,95.92,95.92,0.0,95.92,0
2026-07-13T09:30:00Z,95.92,95.92,95.92,95.92,0.0,95.92,0
2026-07-13T09:45:00Z,95.92,95.92,95.92,95.92,0.0,95.92,0
2026-07-13T10:00:00Z,95.92,95.92,95.92,95.92,0.0,95.92,0
2026-07-13T10:15:00Z,95.92,95.92,95.92,95.92,0.0,95.92,0
2026-07-13T10:30:00Z,95.92,95.92,95.92,95.92,0.0,95.92,0
2026-07-13T10:45:00Z,95.92,95.92,95.92,95.92,0.0,95.92,0
2026-07-13T11:00:00Z,95.915,95.915,95.91,95.91,5.0,95.911,2
2026-07-13T11:15:00Z,95.905,95.905,95.905,95.905,12.0,95.905,1
2026-07-13T11:30:00Z,95.905,95.905,95.905,95.905,0.0,95.905,0
2026-07-13T11:45:00Z,95.905,95.905,95.905,95.905,0.0,95.905,0
2026-07-13T12:00:00Z,95.91,95.91,95.91,95.91,50.0,95.91,6
2026-07-13T12:15:00Z,95.9,95.905,95.9,95.905,13.0,95.9025,9
2026-07-13T12:30:00Z,95.905,95.905,95.905,95.905,0.0,95.905,0
2026-07-13T12:45:00Z,95.905,95.905,95.905,95.905,0.0,95.905,0
2026-07-13T13:00:00Z,95.91,95.91,95.91,95.91,54.0,95.91,5
2026-07-13T13:15:00Z,95.905,95.91,95.905,95.91,14.0,95.9055,2
2026-07-13T13:30:00Z,95.91,95.91,95.91,95.91,0.0,95.91,0
2026-07-13T13:45:00Z,95.91,95.91,95.91,95.91,0.0,95.91,0
2026-07-13T14:00:00Z,95.895,95.895,95.895,95.895,19.0,95.895,3
2026-07-13T14:15:00Z,95.895,95.895,95.88,95.89,44.0,95.8875,11
2026-07-13T14:30:00Z,95.89,95.89,95.885,95.885,15.0,95.8895,3
2026-07-13T14:45:00Z,95.88,95.88,95.88,95.88,19.0,95.88,3
2026-07-13T15:00:00Z,95.885,95.885,95.885,95.885,13.0,95.885,10
2026-07-13T15:15:00Z,95.88,95.885,95.88,95.885,45.0,95.8825,4
2026-07-13T15:30:00Z,95.885,95.885,95.885,95.885,0.0,95.885,0
2026-07-13T15:45:00Z,95.885,95.885,95.885,95.885,0.0,95.885,0
2026-07-13T16:00:00Z,95.885,95.885,95.885,95.885,0.0,95.885,0
2026-07-13T16:15:00Z,95.87,95.87,95.855,95.855,8.0,95.8605,4
2026-07-13T16:30:00Z,95.86,95.865,95.86,95.865,18.0,95.8615,3
2026-07-13T16:45:00Z,95.865,95.865,95.855,95.855,2.0,95.86,2
2026-07-13T17:00:00Z,95.855,95.855,95.855,95.855,0.0,95.855,0
2026-07-13T17:15:00Z,95.86,95.86,95.86,95.86,4.0,95.86,4
2026-07-13T17:30:00Z,95.86,95.86,95.86,95.86,0.0,95.86,0
2026-07-13T17:45:00Z,95.86,95.86,95.86,95.86,0.0,95.86,0
2026-07-13T18:00:00Z,95.86,95.86,95.86,95.86,0.0,95.86,0
2026-07-13T18:15:00Z,95.85,95.85,95.85,95.85,13.0,95.85,2
2026-07-13T18:30:00Z,95.855,95.855,95.855,95.855,54.0,95.855,5
2026-07-13T18:45:00Z,95.86,95.86,95.86,95.86,8.0,95.86,1
2026-07-13T19:00:00Z,95.86,95.86,95.86,95.86,2.0,95.86,1
2026-07-13T19:15:00Z,95.86,95.86,95.86,95.86,0.0,95.86,0
2026-07-13T19:30:00Z,95.86,95.86,95.86,95.86,0.0,95.86,0
2026-07-13T19:45:00Z,95.86,95.86,95.86,95.86,0.0,95.86,0
2026-07-13T20:00:00Z,95.855,95.855,95.85,95.85,22.0,95.855,4
2026-07-13T20:15:00Z,95.845,95.845,95.845,95.845,2.0,95.845,2
2026-07-13T20:30:00Z,95.845,95.845,95.845,95.845,0.0,95.845,0
2026-07-13T20:45:00Z,95.845,95.845,95.845,95.845,1.0,95.845,1
2026-07-13T22:15:00Z,95.85,95.85,95.85,95.85,8.0,95.85,5
2026-07-13T22:30:00Z,95.85,95.85,95.85,95.85,0.0,95.85,0
2026-07-13T22:45:00Z,95.855,95.855,95.855,95.855,1.0,95.855,1
2026-07-13T23:00:00Z,95.85,95.85,95.85,95.85,1.0,95.85,1
2026-07-13T23:15:00Z,95.85,95.85,95.85,95.85,0.0,95.85,0
2026-07-13T23:30:00Z,95.85,95.85,95.85,95.85,0.0,95.85,0
2026-07-13T23:45:00Z,95.845,95.845,95.845,95.845,4.0,95.845,1
2026-07-14T00:00:00Z,95.845,95.845,95.845,95.845,0.0,95.845,0
2026-07-14T00:15:00Z,95.845,95.845,95.845,95.845,0.0,95.845,0
2026-07-14T00:30:00Z,95.845,95.845,95.845,95.845,0.0,95.845,0
2026-07-14T00:45:00Z,95.845,95.845,95.845,95.845,0.0,95.845,0
2026-07-14T01:00:00Z,95.845,95.845,95.845,95.845,0.0,95.845,0
2026-07-14T01:15:00Z,95.845,95.845,95.845,95.845,0.0,95.845,0
2026-07-14T01:30:00Z,95.845,95.845,95.845,95.845,0.0,95.845,0
2026-07-14T01:45:00Z,95.845,95.845,95.845,95.845,0.0,95.845,0
2026-07-14T02:00:00Z,95.845,95.845,95.845,95.845,0.0,95.845,0
2026-07-14T02:15:00Z,95.845,95.845,95.845,95.845,0.0,95.845,0
2026-07-14T02:30:00Z,95.85,95.85,95.85,95.85,5.0,95.85,2
2026-07-14T02:45:00Z,95.85,95.85,95.85,95.85,0.0,95.85,0
2026-07-14T03:00:00Z,95.85,95.85,95.85,95.85,0.0,95.85,0
2026-07-14T03:15:00Z,95.85,95.85,95.85,95.85,0.0,95.85,0
2026-07-14T03:30:00Z,95.85,95.85,95.85,95.85,0.0,95.85,0
2026-07-14T03:45:00Z,95.85,95.85,95.85,95.85,0.0,95.85,0
2026-07-14T04:00:00Z,95.85,95.85,95.85,95.85,0.0,95.85,0
2026-07-14T04:15:00Z,95.85,95.85,95.85,95.85,0.0,95.85,0
2026-07-14T04:30:00Z,95.85,95.85,95.85,95.85,0.0,95.85,0
2026-07-14T04:45:00Z,95.85,95.85,95.85,95.85,0.0,95.85,0
2026-07-14T05:00:00Z,95.845,95.845,95.845,95.845,1.0,95.845,1
2026-07-14T05:15:00Z,95.845,95.845,95.845,95.845,1.0,95.845,1
2026-07-14T05:30:00Z,95.845,95.845,95.845,95.845,1.0,95.845,1
2026-07-14T05:45:00Z,95.845,95.845,95.845,95.845,0.0,95.845,0
2026-07-14T06:00:00Z,95.845,95.845,95.845,95.845,0.0,95.845,0
2026-07-14T06:15:00Z,95.835,95.835,95.835,95.835,3.0,95.835,2
2026-07-14T06:30:00Z,95.835,95.835,95.835,95.835,0.0,95.835,0
2026-07-14T06:45:00Z,95.83,95.83,95.83,95.83,1.0,95.83,1
2026-07-14T07:00:00Z,95.835,95.835,95.835,95.835,1.0,95.835,1
2026-07-14T07:15:00Z,95.83,95.835,95.83,95.835,280.0,95.8315,18
2026-07-14T07:30:00Z,95.835,95.835,95.835,95.835,0.0,95.835,0
2026-07-14T07:45:00Z,95.835,95.835,95.835,95.835,0.0,95.835,0
2026-07-14T08:00:00Z,95.835,95.835,95.835,95.835,0.0,95.835,0
2026-07-14T08:15:00Z,95.835,95.835,95.835,95.835,0.0,95.835,0
2026-07-14T08:30:00Z,95.845,95.845,95.845,95.845,2.0,95.845,1
2026-07-14T08:45:00Z,95.845,95.845,95.835,95.835,259.0,95.84,5
2026-07-14T09:00:00Z,95.845,95.845,95.845,95.845,1.0,95.845,1
2026-07-14T09:15:00Z,95.845,95.845,95.845,95.845,0.0,95.845,0
2026-07-14T09:30:00Z,95.845,95.845,95.845,95.845,25.0,95.845,4
2026-07-14T09:45:00Z,95.85,95.85,95.85,95.85,2.0,95.85,2
2026-07-14T10:00:00Z,95.85,95.85,95.85,95.85,0.0,95.85,0
2026-07-14T10:15:00Z,95.85,95.85,95.85,95.85,0.0,95.85,0
2026-07-14T10:30:00Z,95.85,95.85,95.85,95.85,0.0,95.85,0
2026-07-14T10:45:00Z,95.84,95.84,95.84,95.84,15.0,95.84,6
2026-07-14T11:00:00Z,95.84,95.85,95.84,95.85,49.0,95.846,12
2026-07-14T11:15:00Z,95.85,95.86,95.85,95.855,26.0,95.857,11
2026-07-14T11:30:00Z,95.86,95.86,95.86,95.86,9.0,95.86,6
2026-07-14T11:45:00Z,95.855,95.865,95.855,95.865,14.0,95.863,3
2026-07-14T12:00:00Z,95.865,95.865,95.865,95.865,12.0,95.865,4
2026-07-14T12:15:00Z,95.87,95.875,95.87,95.875,15.0,95.8705,2
2026-07-14T12:30:00Z,95.885,96.005,95.885,95.955,118.0,95.963,32
2026-07-14T12:45:00Z,95.95,95.955,95.94,95.94,19.0,95.946,10
2026-07-14T13:00:00Z,95.95,95.95,95.93,95.93,9.0,95.9445,5
2026-07-14T13:15:00Z,95.935,95.94,95.93,95.94,15.0,95.9365,9
2026-07-14T13:30:00Z,95.935,95.945,95.925,95.945,16.0,95.937,7
2026-07-14T13:45:00Z,95.945,95.945,95.94,95.94,20.0,95.9405,3
2026-07-14T14:00:00Z,95.94,95.94,95.94,95.94,0.0,95.94,0
2026-07-14T14:15:00Z,95.945,95.945,95.94,95.94,18.0,95.941,7
2026-07-14T14:30:00Z,95.94,95.965,95.94,95.94,179.0,95.948,53
2026-07-14T14:45:00Z,95.945,95.945,95.945,95.945,10.0,95.945,1
2026-07-14T15:00:00Z,95.94,95.955,95.94,95.95,28.0,95.951,9
2026-07-14T15:15:00Z,95.955,95.955,95.955,95.955,1.0,95.955,1
2026-07-14T15:30:00Z,95.955,95.955,95.92,95.92,18.0,95.9395,10
2026-07-14T15:45:00Z,95.935,95.935,95.92,95.92,9.0,95.93,7
2026-07-14T16:00:00Z,95.92,95.92,95.915,95.92,26.0,95.919,7
2026-07-14T16:15:00Z,95.925,95.925,95.92,95.92,17.0,95.9225,2
2026-07-14T16:30:00Z,95.92,95.92,95.92,95.92,0.0,95.92,0
2026-07-14T16:45:00Z,95.92,95.92,95.92,95.92,16.0,95.92,3
2026-07-14T17:00:00Z,95.925,95.925,95.925,95.925,4.0,95.925,3
2026-07-14T17:15:00Z,95.925,95.925,95.925,95.925,8.0,95.925,5
2026-07-14T17:30:00Z,95.925,95.925,95.925,95.925,0.0,95.925,0
2026-07-14T17:45:00Z,95.93,95.93,95.925,95.93,29.0,95.9295,7
2026-07-14T18:00:00Z,95.925,95.93,95.925,95.93,14.0,95.9265,4
2026-07-14T18:15:00Z,95.93,95.93,95.925,95.925,17.0,95.9255,4
2026-07-14T18:30:00Z,95.925,95.925,95.92,95.92,12.0,95.924,4
2026-07-14T18:45:00Z,95.925,95.945,95.925,95.945,85.0,95.9385,28
2026-07-14T19:00:00Z,95.95,95.955,95.95,95.955,7.0,95.9505,4
2026-07-14T19:15:00Z,95.955,95.955,95.955,95.955,8.0,95.955,3
2026-07-14T19:30:00Z,95.955,95.955,95.95,95.955,7.0,95.9535,6
2026-07-14T19:45:00Z,95.955,95.955,95.95,95.95,3.0,95.9535,3
2026-07-14T20:00:00Z,95.95,95.95,95.95,95.95,7.0,95.95,2
2026-07-14T20:15:00Z,95.945,95.945,95.945,95.945,2.0,95.945,1
2026-07-14T20:30:00Z,95.945,95.945,95.945,95.945,16.0,95.945,7
2026-07-14T20:45:00Z,95.945,95.945,95.945,95.945,0.0,95.945,0
2026-07-14T22:30:00Z,95.95,95.95,95.95,95.95,2.0,95.95,2
2026-07-14T22:45:00Z,95.95,95.95,95.95,95.95,0.0,95.95,0
2026-07-14T23:00:00Z,95.95,95.95,95.95,95.95,0.0,95.95,0
2026-07-14T23:15:00Z,95.95,95.95,95.95,95.95,0.0,95.95,0
2026-07-14T23:30:00Z,95.95,95.95,95.95,95.95,0.0,95.95,0
2026-07-14T23:45:00Z,95.95,95.95,95.95,95.95,0.0,95.95,0
2026-07-15T00:00:00Z,95.95,95.95,95.95,95.95,0.0,95.95,0
2026-07-15T00:15:00Z,95.95,95.95,95.95,95.95,1.0,95.95,1
2026-07-15T00:30:00Z,95.95,95.95,95.95,95.95,1.0,95.95,1
2026-07-15T00:45:00Z,95.95,95.95,95.95,95.95,0.0,95.95,0
2026-07-15T01:00:00Z,95.95,95.95,95.95,95.95,0.0,95.95,0
2026-07-15T01:15:00Z,95.95,95.95,95.95,95.95,0.0,95.95,0
2026-07-15T01:30:00Z,95.95,95.95,95.95,95.95,0.0,95.95,0
2026-07-15T01:45:00Z,95.95,95.95,95.95,95.95,0.0,95.95,0
2026-07-15T02:00:00Z,95.94,95.94,95.94,95.94,2.0,95.94,2
2026-07-15T02:15:00Z,95.94,95.94,95.94,95.94,0.0,95.94,0
2026-07-15T02:30:00Z,95.94,95.94,95.94,95.94,1.0,95.94,1
2026-07-15T02:45:00Z,95.94,95.94,95.94,95.94,0.0,95.94,0
2026-07-15T03:00:00Z,95.94,95.94,95.94,95.94,0.0,95.94,0
2026-07-15T03:15:00Z,95.94,95.94,95.94,95.94,0.0,95.94,0
2026-07-15T03:30:00Z,95.93,95.93,95.93,95.93,12.0,95.93,2
2026-07-15T03:45:00Z,95.93,95.93,95.93,95.93,0.0,95.93,0
2026-07-15T04:00:00Z,95.93,95.93,95.93,95.93,6.0,95.93,1
2026-07-15T04:15:00Z,95.93,95.93,95.93,95.93,3.0,95.93,2
2026-07-15T04:30:00Z,95.93,95.93,95.93,95.93,0.0,95.93,0
2026-07-15T04:45:00Z,95.93,95.93,95.93,95.93,0.0,95.93,0
2026-07-15T05:00:00Z,95.93,95.93,95.93,95.93,12.0,95.93,4
2026-07-15T05:15:00Z,95.93,95.93,95.93,95.93,0.0,95.93,0
2026-07-15T05:30:00Z,95.93,95.93,95.93,95.93,0.0,95.93,0
2026-07-15T05:45:00Z,95.93,95.93,95.93,95.93,0.0,95.93,0
2026-07-15T06:00:00Z,95.93,95.93,95.93,95.93,0.0,95.93,0
2026-07-15T06:15:00Z,95.93,95.93,95.93,95.93,0.0,95.93,0
2026-07-15T06:30:00Z,95.93,95.93,95.93,95.93,0.0,95.93,0
2026-07-15T06:45:00Z,95.93,95.93,95.93,95.93,0.0,95.93,0
2026-07-15T07:00:00Z,95.925,95.925,95.925,95.925,6.0,95.925,1
2026-07-15T07:15:00Z,95.925,95.925,95.925,95.925,0.0,95.925,0
2026-07-15T07:30:00Z,95.925,95.925,95.925,95.925,0.0,95.925,0
2026-07-15T07:45:00Z,95.925,95.925,95.925,95.925,0.0,95.925,0
2026-07-15T08:00:00Z,95.925,95.925,95.925,95.925,24.0,95.925,8
2026-07-15T08:15:00Z,95.93,95.93,95.93,95.93,2.0,95.93,2
2026-07-15T08:30:00Z,95.93,95.93,95.93,95.93,0.0,95.93,0
2026-07-15T08:45:00Z,95.93,95.93,95.93,95.93,0.0,95.93,0
2026-07-15T09:00:00Z,95.93,95.93,95.93,95.93,0.0,95.93,0
2026-07-15T09:15:00Z,95.93,95.93,95.93,95.93,0.0,95.93,0
2026-07-15T09:30:00Z,95.93,95.93,95.93,95.93,0.0,95.93,0
2026-07-15T09:45:00Z,95.93,95.93,95.93,95.93,0.0,95.93,0
2026-07-15T10:00:00Z,95.93,95.93,95.93,95.93,0.0,95.93,0
2026-07-15T10:15:00Z,95.91,95.91,95.91,95.91,1.0,95.91,1
2026-07-15T10:30:00Z,95.91,95.91,95.91,95.91,0.0,95.91,0
2026-07-15T10:45:00Z,95.91,95.91,95.91,95.91,0.0,95.91,0
2026-07-15T11:00:00Z,95.91,95.91,95.91,95.91,0.0,95.91,0
2026-07-15T11:15:00Z,95.91,95.91,95.91,95.91,0.0,95.91,0
2026-07-15T11:30:00Z,95.91,95.91,95.91,95.91,0.0,95.91,0
2026-07-15T11:45:00Z,95.915,95.915,95.915,95.915,1.0,95.915,1
2026-07-15T12:00:00Z,95.915,95.915,95.915,95.915,6.0,95.915,2
2026-07-15T12:15:00Z,95.92,95.925,95.92,95.92,39.0,95.9205,7
2026-07-15T12:30:00Z,95.925,95.975,95.925,95.975,99.0,95.946,41
2026-07-15T12:45:00Z,95.975,95.98,95.975,95.98,32.0,95.9795,11
2026-07-15T13:00:00Z,95.98,95.985,95.975,95.975,48.0,95.9805,5
2026-07-15T13:15:00Z,95.975,95.975,95.975,95.975,0.0,95.975,0
2026-07-15T13:30:00Z,95.97,95.97,95.97,95.97,2.0,95.97,1
2026-07-15T13:45:00Z,95.975,95.99,95.975,95.99,59.0,95.9785,12
2026-07-15T14:00:00Z,95.99,95.99,95.99,95.99,0.0,95.99,0
2026-07-15T14:15:00Z,95.985,95.99,95.985,95.99,13.0,95.9855,2
2026-07-15T14:30:00Z,95.995,95.995,95.99,95.99,11.0,95.9905,2
2026-07-15T14:45:00Z,95.99,95.99,95.99,95.99,0.0,95.99,0
2026-07-15T15:00:00Z,95.995,95.995,95.99,95.99,20.0,95.993,5
2026-07-15T15:15:00Z,95.99,95.995,95.99,95.995,21.0,95.991,8
2026-07-15T15:30:00Z,95.995,95.995,95.995,95.995,3.0,95.995,3
2026-07-15T15:45:00Z,95.995,95.995,95.995,95.995,0.0,95.995,0
2026-07-15T16:00:00Z,95.995,95.995,95.995,95.995,0.0,95.995,0
2026-07-15T16:15:00Z,95.995,95.995,95.995,95.995,6.0,95.995,4
2026-07-15T16:30:00Z,95.995,95.995,95.995,95.995,3.0,95.995,1
2026-07-15T16:45:00Z,96.0,96.015,95.995,96.0,131.0,96.004,30
2026-07-15T17:00:00Z,96.0,96.005,96.0,96.005,24.0,96.0015,2
2026-07-15T17:15:00Z,96.005,96.005,96.005,96.005,11.0,96.005,1
2026-07-15T17:30:00Z,96.005,96.005,96.005,96.005,0.0,96.005,0
2026-07-15T17:45:00Z,96.02,96.02,96.02,96.02,34.0,96.02,2
2026-07-15T18:00:00Z,96.02,96.02,96.02,96.02,0.0,96.02,0
2026-07-15T18:15:00Z,96.02,96.02,96.02,96.02,7.0,96.02,3
2026-07-15T18:30:00Z,96.02,96.025,96.02,96.025,39.0,96.0235,13
2026-07-15T18:45:00Z,96.02,96.02,96.02,96.02,5.0,96.02,1
2026-07-15T19:00:00Z,96.02,96.025,96.02,96.025,12.0,96.0215,3
2026-07-15T19:15:00Z,96.025,96.025,96.02,96.02,2.0,96.0225,2
2026-07-15T19:30:00Z,96.005,96.005,96.005,96.005,3.0,96.005,2
2026-07-15T19:45:00Z,96.005,96.005,96.005,96.005,0.0,96.005,0
2026-07-15T20:00:00Z,96.005,96.005,96.005,96.005,0.0,96.005,0
2026-07-15T20:15:00Z,96.005,96.005,96.005,96.005,0.0,96.005,0
2026-07-15T20:30:00Z,96.005,96.005,96.005,96.005,0.0,96.005,0
2026-07-15T20:45:00Z,96.005,96.005,96.005,96.005,0.0,96.005,0
2026-07-15T22:45:00Z,96.01,96.01,96.01,96.01,1.0,96.01,1
2026-07-15T23:00:00Z,96.01,96.01,96.01,96.01,0.0,96.01,0
2026-07-15T23:15:00Z,96.01,96.01,96.01,96.01,6.0,96.01,2
2026-07-15T23:30:00Z,96.01,96.01,96.01,96.01,0.0,96.01,0
2026-07-15T23:45:00Z,96.01,96.01,96.01,96.01,2.0,96.01,2
2026-07-16T00:00:00Z,96.01,96.01,96.01,96.01,0.0,96.01,0
2026-07-16T00:15:00Z,96.01,96.01,96.01,96.01,0.0,96.01,0
2026-07-16T00:30:00Z,96.01,96.01,96.01,96.01,0.0,96.01,0
2026-07-16T00:45:00Z,96.01,96.01,96.01,96.01,0.0,96.01,0
2026-07-16T01:00:00Z,96.01,96.01,96.01,96.01,0.0,96.01,0
2026-07-16T01:15:00Z,95.995,95.995,95.995,95.995,1.0,95.995,1
2026-07-16T01:30:00Z,95.995,95.995,95.995,95.995,1.0,95.995,1
2026-07-16T01:45:00Z,95.995,95.995,95.995,95.995,3.0,95.995,1
2026-07-16T02:00:00Z,95.995,95.995,95.995,95.995,0.0,95.995,0
2026-07-16T02:15:00Z,95.995,95.995,95.995,95.995,0.0,95.995,0
2026-07-16T02:30:00Z,95.995,95.995,95.995,95.995,0.0,95.995,0
2026-07-16T02:45:00Z,95.995,95.995,95.995,95.995,0.0,95.995,0
2026-07-16T03:00:00Z,96.0,96.0,96.0,96.0,2.0,96.0,2
2026-07-16T03:15:00Z,96.0,96.0,96.0,96.0,0.0,96.0,0
2026-07-16T03:30:00Z,96.0,96.0,96.0,96.0,0.0,96.0,0
2026-07-16T03:45:00Z,96.0,96.0,96.0,96.0,0.0,96.0,0
2026-07-16T04:00:00Z,96.0,96.0,96.0,96.0,0.0,96.0,0
2026-07-16T04:15:00Z,96.0,96.0,96.0,96.0,0.0,96.0,0
2026-07-16T04:30:00Z,96.0,96.0,96.0,96.0,0.0,96.0,0
2026-07-16T04:45:00Z,96.0,96.0,96.0,96.0,0.0,96.0,0
2026-07-16T05:00:00Z,96.0,96.0,96.0,96.0,0.0,96.0,0
2026-07-16T05:15:00Z,96.0,96.0,96.0,96.0,0.0,96.0,0
2026-07-16T05:30:00Z,96.0,96.0,96.0,96.0,0.0,96.0,0
2026-07-16T05:45:00Z,96.0,96.0,96.0,96.0,0.0,96.0,0
2026-07-16T06:00:00Z,96.0,96.0,96.0,96.0,0.0,96.0,0
2026-07-16T06:15:00Z,96.0,96.0,96.0,96.0,0.0,96.0,0
2026-07-16T06:30:00Z,96.0,96.0,96.0,96.0,0.0,96.0,0
2026-07-16T06:45:00Z,95.99,95.99,95.99,95.99,1.0,95.99,1
2026-07-16T07:00:00Z,95.99,95.99,95.99,95.99,0.0,95.99,0
2026-07-16T07:15:00Z,95.99,95.99,95.99,95.99,0.0,95.99,0
2026-07-16T07:30:00Z,95.99,95.99,95.99,95.99,0.0,95.99,0
2026-07-16T07:45:00Z,95.995,95.995,95.99,95.99,8.0,95.992,2
2026-07-16T08:00:00Z,95.995,95.995,95.995,95.995,7.0,95.995,2
2026-07-16T08:15:00Z,95.995,95.995,95.995,95.995,0.0,95.995,0
2026-07-16T08:30:00Z,95.995,95.995,95.995,95.995,0.0,95.995,0
2026-07-16T08:45:00Z,95.985,95.985,95.985,95.985,4.0,95.985,3
2026-07-16T09:00:00Z,95.985,95.985,95.985,95.985,0.0,95.985,0
2026-07-16T09:15:00Z,95.985,95.985,95.985,95.985,0.0,95.985,0
2026-07-16T09:30:00Z,95.985,95.985,95.985,95.985,0.0,95.985,0
2026-07-16T09:45:00Z,95.985,95.985,95.985,95.985,0.0,95.985,0
2026-07-16T10:00:00Z,95.985,95.985,95.985,95.985,0.0,95.985,0
2026-07-16T10:15:00Z,95.985,95.985,95.985,95.985,0.0,95.985,0
2026-07-16T10:30:00Z,95.99,95.99,95.99,95.99,1.0,95.99,1
2026-07-16T10:45:00Z,95.99,95.99,95.99,95.99,0.0,95.99,0
2026-07-16T11:00:00Z,95.985,95.985,95.985,95.985,8.0,95.985,5
2026-07-16T11:15:00Z,95.985,95.985,95.985,95.985,4.0,95.985,2
2026-07-16T11:30:00Z,95.985,95.985,95.985,95.985,0.0,95.985,0
2026-07-16T11:45:00Z,95.98,95.98,95.975,95.975,18.0,95.977,4
2026-07-16T12:00:00Z,95.975,95.975,95.975,95.975,0.0,95.975,0
2026-07-16T12:15:00Z,95.97,95.975,95.97,95.975,14.0,95.9725,10
2026-07-16T12:30:00Z,95.985,95.985,95.985,95.985,2.0,95.985,1
2026-07-16T12:45:00Z,95.97,95.97,95.97,95.97,1.0,95.97,1
2026-07-16T13:00:00Z,95.97,95.97,95.97,95.97,0.0,95.97,0
2026-07-16T13:15:00Z,95.97,95.97,95.97,95.97,0.0,95.97,0
2026-07-16T13:30:00Z,95.97,95.97,95.97,95.97,0.0,95.97,0
2026-07-16T13:45:00Z,95.975,95.975,95.975,95.975,4.0,95.975,1
2026-07-16T14:00:00Z,95.98,95.98,95.98,95.98,1.0,95.98,1
2026-07-16T14:15:00Z,95.98,95.98,95.98,95.98,36.0,95.98,2
2026-07-16T14:30:00Z,95.97,95.97,95.97,95.97,17.0,95.97,7
2026-07-16T14:45:00Z,95.975,95.975,95.975,95.975,13.0,95.975,5
2026-07-16T15:00:00Z,95.975,95.975,95.975,95.975,0.0,95.975,0
2026-07-16T15:15:00Z,95.975,95.975,95.975,95.975,0.0,95.975,0
2026-07-16T15:30:00Z,95.98,95.98,95.98,95.98,24.0,95.98,3
2026-07-16T15:45:00Z,95.98,95.98,95.98,95.98,1.0,95.98,1
2026-07-16T16:00:00Z,95.98,95.98,95.98,95.98,0.0,95.98,0
2026-07-16T16:15:00Z,95.97,95.97,95.97,95.97,3.0,95.97,3
2026-07-16T16:30:00Z,95.975,95.975,95.975,95.975,1.0,95.975,1
2026-07-16T16:45:00Z,95.975,95.975,95.975,95.975,39.0,95.975,15
2026-07-16T17:00:00Z,95.975,95.975,95.975,95.975,0.0,95.975,0
2026-07-16T17:15:00Z,95.975,95.975,95.975,95.975,0.0,95.975,0
2026-07-16T17:30:00Z,95.975,95.975,95.975,95.975,0.0,95.975,0
2026-07-16T17:45:00Z,95.975,95.975,95.975,95.975,74.0,95.975,20
2026-07-16T18:00:00Z,95.98,95.98,95.98,95.98,25.0,95.98,3
2026-07-16T18:15:00Z,95.98,95.98,95.98,95.98,0.0,95.98,0
2026-07-16T18:30:00Z,95.98,95.98,95.98,95.98,0.0,95.98,0
2026-07-16T18:45:00Z,95.98,95.98,95.98,95.98,0.0,95.98,0
2026-07-16T19:00:00Z,95.98,95.98,95.98,95.98,0.0,95.98,0
2026-07-16T19:15:00Z,95.98,95.98,95.98,95.98,0.0,95.98,0
2026-07-16T19:30:00Z,95.98,95.98,95.98,95.98,0.0,95.98,0
2026-07-16T19:45:00Z,95.98,95.98,95.98,95.98,0.0,95.98,0
2026-07-16T20:00:00Z,95.98,95.98,95.98,95.98,0.0,95.98,0
2026-07-16T20:15:00Z,95.98,95.98,95.98,95.98,0.0,95.98,0
2026-07-16T20:30:00Z,95.995,95.995,95.995,95.995,2.0,95.995,2
2026-07-16T20:45:00Z,95.995,95.995,95.995,95.995,0.0,95.995,0
2026-07-16T22:00:00Z,96.0,96.0,96.0,96.0,5.0,96.0,5
2026-07-16T22:15:00Z,96.0,96.0,96.0,96.0,0.0,96.0,0
2026-07-16T22:30:00Z,96.0,96.0,96.0,96.0,0.0,96.0,0
2026-07-16T22:45:00Z,96.0,96.0,96.0,96.0,0.0,96.0,0
2026-07-16T23:00:00Z,96.0,96.0,96.0,96.0,0.0,96.0,0
2026-07-16T23:15:00Z,96.0,96.0,96.0,96.0,0.0,96.0,0
2026-07-16T23:30:00Z,96.0,96.0,96.0,96.0,0.0,96.0,0
2026-07-16T23:45:00Z,96.0,96.0,96.0,96.0,0.0,96.0,0
2026-07-17T00:00:00Z,96.0,96.0,96.0,96.0,0.0,96.0,0
2026-07-17T00:15:00Z,96.0,96.0,96.0,96.0,0.0,96.0,0
2026-07-17T00:30:00Z,96.0,96.0,96.0,96.0,0.0,96.0,0
2026-07-17T00:45:00Z,96.0,96.0,96.0,96.0,0.0,96.0,0
2026-07-17T01:00:00Z,96.0,96.0,96.0,96.0,1.0,96.0,1
2026-07-17T01:15:00Z,96.0,96.0,96.0,96.0,0.0,96.0,0
2026-07-17T01:30:00Z,96.0,96.0,96.0,96.0,0.0,96.0,0
2026-07-17T01:45:00Z,96.0,96.0,96.0,96.0,0.0,96.0,0
2026-07-17T02:00:00Z,96.0,96.0,96.0,96.0,3.0,96.0,1
2026-07-17T02:15:00Z,96.0,96.0,96.0,96.0,0.0,96.0,0
2026-07-17T02:30:00Z,96.0,96.0,96.0,96.0,3.0,96.0,1
2026-07-17T02:45:00Z,96.005,96.005,96.005,96.005,26.0,96.005,6
2026-07-17T03:00:00Z,96.005,96.005,96.005,96.005,67.0,96.005,11
2026-07-17T03:15:00Z,96.005,96.005,96.005,96.005,0.0,96.005,0
2026-07-17T03:30:00Z,96.005,96.005,96.005,96.005,0.0,96.005,0
2026-07-17T03:45:00Z,96.005,96.005,96.005,96.005,0.0,96.005,0
2026-07-17T04:00:00Z,96.005,96.005,96.005,96.005,0.0,96.005,0
2026-07-17T04:15:00Z,96.005,96.005,96.005,96.005,0.0,96.005,0
2026-07-17T04:30:00Z,96.01,96.01,96.01,96.01,85.0,96.01,5
2026-07-17T04:45:00Z,96.01,96.01,96.01,96.01,0.0,96.01,0
2026-07-17T05:00:00Z,96.01,96.01,96.01,96.01,0.0,96.01,0
2026-07-17T05:15:00Z,96.01,96.01,96.01,96.01,0.0,96.01,0
2026-07-17T05:30:00Z,96.01,96.01,96.01,96.01,2.0,96.01,1
2026-07-17T05:45:00Z,96.01,96.01,96.01,96.01,0.0,96.01,0
2026-07-17T06:00:00Z,96.01,96.01,96.01,96.01,0.0,96.01,0
2026-07-17T06:15:00Z,96.01,96.01,96.01,96.01,0.0,96.01,0
2026-07-17T06:30:00Z,96.01,96.01,96.01,96.01,0.0,96.01,0
2026-07-17T06:45:00Z,96.01,96.01,96.01,96.01,0.0,96.01,0
2026-07-17T07:00:00Z,96.01,96.01,96.01,96.01,0.0,96.01,0
2026-07-17T07:15:00Z,96.01,96.01,96.01,96.01,0.0,96.01,0
2026-07-17T07:30:00Z,96.01,96.01,96.01,96.01,0.0,96.01,0
2026-07-17T07:45:00Z,96.01,96.01,96.01,96.01,0.0,96.01,0
2026-07-17T08:00:00Z,96.025,96.025,96.025,96.025,2.0,96.025,1
2026-07-17T08:15:00Z,96.03,96.03,96.03,96.03,1.0,96.03,1
2026-07-17T08:30:00Z,96.03,96.03,96.03,96.03,0.0,96.03,0
2026-07-17T08:45:00Z,96.035,96.035,96.03,96.03,2.0,96.0325,2
2026-07-17T09:00:00Z,96.03,96.03,96.03,96.03,0.0,96.03,0
2026-07-17T09:15:00Z,96.03,96.03,96.03,96.03,0.0,96.03,0
2026-07-17T09:30:00Z,96.03,96.03,96.03,96.03,0.0,96.03,0
2026-07-17T09:45:00Z,96.03,96.03,96.03,96.03,0.0,96.03,0
2026-07-17T10:00:00Z,96.03,96.03,96.03,96.03,0.0,96.03,0
2026-07-17T10:15:00Z,96.03,96.03,96.03,96.03,0.0,96.03,0
2026-07-17T10:30:00Z,96.03,96.03,96.03,96.03,0.0,96.03,0
2026-07-17T10:45:00Z,96.03,96.03,96.03,96.03,0.0,96.03,0
2026-07-17T11:00:00Z,96.03,96.03,96.03,96.03,0.0,96.03,0
2026-07-17T11:15:00Z,96.03,96.03,96.03,96.03,3.0,96.03,1
2026-07-17T11:30:00Z,96.03,96.03,96.03,96.03,0.0,96.03,0
2026-07-17T11:45:00Z,96.03,96.03,96.03,96.03,0.0,96.03,0
2026-07-17T12:00:00Z,96.03,96.03,96.03,96.03,0.0,96.03,0
2026-07-17T12:15:00Z,96.03,96.03,96.03,96.03,0.0,96.03,0
2026-07-17T12:30:00Z,96.005,96.005,96.005,96.005,7.0,96.005,2
2026-07-17T12:45:00Z,96.005,96.005,96.005,96.005,0.0,96.005,0
2026-07-17T13:00:00Z,96.0,96.0,95.995,96.0,41.0,95.9985,11
2026-07-17T13:15:00Z,96.0,96.0,96.0,96.0,0.0,96.0,0
2026-07-17T13:30:00Z,96.025,96.025,96.025,96.025,5.0,96.025,3
2026-07-17T13:45:00Z,96.025,96.025,96.015,96.015,4.0,96.0175,4
2026-07-17T14:00:00Z,96.015,96.015,96.015,96.015,0.0,96.015,0
2026-07-17T14:15:00Z,96.015,96.015,96.015,96.015,0.0,96.015,0
2026-07-17T14:30:00Z,96.01,96.01,96.01,96.01,3.0,96.01,1
2026-07-17T14:45:00Z,96.01,96.01,96.01,96.01,0.0,96.01,0
2026-07-17T15:00:00Z,96.01,96.01,96.01,96.01,1.0,96.01,1
2026-07-17T15:15:00Z,96.005,96.005,96.005,96.005,2.0,96.005,2
2026-07-17T15:30:00Z,95.995,95.995,95.995,95.995,3.0,95.995,1
2026-07-17T15:45:00Z,95.985,95.985,95.985,95.985,7.0,95.985,7
2026-07-17T16:00:00Z,95.98,95.98,95.975,95.98,34.0,95.9795,6
2026-07-17T16:15:00Z,95.975,95.975,95.975,95.975,18.0,95.975,4
2026-07-17T16:30:00Z,95.975,95.975,95.975,95.975,0.0,95.975,0
2026-07-17T16:45:00Z,95.97,95.97,95.97,95.97,6.0,95.97,1
2026-07-17T17:00:00Z,95.965,95.965,95.965,95.965,14.0,95.965,6
2026-07-17T17:15:00Z,95.965,95.965,95.965,95.965,0.0,95.965,0
2026-07-17T17:30:00Z,95.965,95.965,95.965,95.965,0.0,95.965,0
2026-07-17T17:45:00Z,95.965,95.965,95.965,95.965,0.0,95.965,0
2026-07-17T18:00:00Z,95.97,95.97,95.97,95.97,2.0,95.97,1
2026-07-17T18:15:00Z,95.975,95.975,95.975,95.975,23.0,95.975,4
2026-07-17T18:30:00Z,95.975,95.975,95.975,95.975,0.0,95.975,0
2026-07-17T18:45:00Z,95.97,95.97,95.97,95.97,1.0,95.97,1
2026-07-17T19:00:00Z,95.97,95.97,95.97,95.97,0.0,95.97,0
2026-07-17T19:15:00Z,95.965,95.965,95.965,95.965,2.0,95.965,1
2026-07-17T19:30:00Z,95.965,95.965,95.965,95.965,14.0,95.965,2
2026-07-17T19:45:00Z,95.96,95.965,95.96,95.965,34.0,95.96,7
2026-07-17T20:00:00Z,95.965,95.965,95.96,95.96,7.0,95.9635,5
2026-07-17T20:15:00Z,95.96,95.96,95.96,95.96,4.0,95.96,1
2026-07-17T20:30:00Z,95.96,95.96,95.96,95.96,2.0,95.96,2
2026-07-17T20:45:00Z,95.96,95.96,95.96,95.96,6.0,95.96,3
2026-07-20T07:30:00Z,95.955,95.955,95.955,95.955,2.0,95.955,2
2026-07-20T07:45:00Z,95.955,95.955,95.955,95.955,0.0,95.955,0
2026-07-20T08:00:00Z,95.955,95.955,95.955,95.955,0.0,95.955,0
2026-07-20T08:15:00Z,95.955,95.955,95.955,95.955,0.0,95.955,0
2026-07-20T08:30:00Z,95.96,95.96,95.96,95.96,1.0,95.96,1
2026-07-20T08:45:00Z,95.96,95.96,95.96,95.96,0.0,95.96,0
2026-07-20T09:00:00Z,95.96,95.96,95.96,95.96,0.0,95.96,0
2026-07-20T09:15:00Z,95.96,95.96,95.96,95.96,0.0,95.96,0
2026-07-20T09:30:00Z,95.96,95.96,95.96,95.96,0.0,95.96,0
2026-07-20T09:45:00Z,95.96,95.96,95.96,95.96,0.0,95.96,0
2026-07-20T10:00:00Z,95.96,95.96,95.96,95.96,0.0,95.96,0
2026-07-20T10:15:00Z,95.96,95.96,95.96,95.96,0.0,95.96,0
2026-07-20T10:30:00Z,95.96,95.96,95.96,95.96,0.0,95.96,0
2026-07-20T10:45:00Z,95.96,95.96,95.96,95.96,0.0,95.96,0
2026-07-20T11:00:00Z,95.96,95.96,95.96,95.96,0.0,95.96,0
2026-07-20T11:15:00Z,95.96,95.96,95.96,95.96,0.0,95.96,0
2026-07-20T11:30:00Z,95.955,95.97,95.955,95.97,7.0,95.965,7
2026-07-20T11:45:00Z,95.965,95.965,95.965,95.965,4.0,95.965,2
2026-07-20T12:00:00Z,95.965,95.965,95.965,95.965,0.0,95.965,0
2026-07-20T12:15:00Z,95.965,95.965,95.965,95.965,0.0,95.965,0
2026-07-20T12:30:00Z,95.95,95.95,95.945,95.95,16.0,95.948,3
2026-07-20T12:45:00Z,95.95,95.95,95.95,95.95,0.0,95.95,0
2026-07-20T13:00:00Z,95.95,95.95,95.95,95.95,0.0,95.95,0
2026-07-20T13:15:00Z,95.945,95.945,95.94,95.94,18.0,95.9445,2
2026-07-20T13:30:00Z,95.935,95.94,95.93,95.93,60.0,95.935,10
2026-07-20T13:45:00Z,95.93,95.93,95.93,95.93,0.0,95.93,0
2026-07-20T14:00:00Z,95.925,95.925,95.925,95.925,22.0,95.925,1
2026-07-20T14:15:00Z,95.92,95.925,95.92,95.925,9.0,95.921,3
2026-07-20T14:30:00Z,95.925,95.925,95.925,95.925,24.0,95.925,1
2026-07-20T14:45:00Z,95.925,95.925,95.925,95.925,0.0,95.925,0
2026-07-20T15:00:00Z,95.925,95.925,95.925,95.925,126.0,95.925,21
2026-07-20T15:15:00Z,95.92,95.92,95.92,95.92,1.0,95.92,1
2026-07-20T15:30:00Z,95.915,95.915,95.915,95.915,1.0,95.915,1
2026-07-20T15:45:00Z,95.915,95.915,95.915,95.915,0.0,95.915,0
2026-07-20T16:00:00Z,95.915,95.915,95.915,95.915,3.0,95.915,1
2026-07-20T16:15:00Z,95.91,95.91,95.91,95.91,6.0,95.91,1
2026-07-20T16:30:00Z,95.91,95.91,95.9,95.905,86.0,95.9025,16
2026-07-20T16:45:00Z,95.905,95.905,95.905,95.905,5.0,95.905,1
2026-07-20T17:00:00Z,95.905,95.905,95.905,95.905,0.0,95.905,0
2026-07-20T17:15:00Z,95.91,95.915,95.91,95.915,17.0,95.9145,6
2026-07-20T17:30:00Z,95.915,95.915,95.91,95.91,7.0,95.912,4
2026-07-20T17:45:00Z,95.915,95.915,95.915,95.915,1.0,95.915,1
2026-07-20T18:00:00Z,95.915,95.915,95.915,95.915,0.0,95.915,0
2026-07-20T18:15:00Z,95.915,95.915,95.915,95.915,0.0,95.915,0
2026-07-20T18:30:00Z,95.925,95.925,95.925,95.925,13.0,95.925,3
2026-07-20T18:45:00Z,95.925,95.925,95.925,95.925,0.0,95.925,0
2026-07-20T19:00:00Z,95.93,95.93,95.93,95.93,4.0,95.93,4
2026-07-20T19:15:00Z,95.93,95.93,95.93,95.93,0.0,95.93,0
2026-07-20T19:30:00Z,95.93,95.93,95.93,95.93,0.0,95.93,0
2026-07-20T19:45:00Z,95.93,95.93,95.93,95.93,0.0,95.93,0
2026-07-20T20:00:00Z,95.93,95.93,95.93,95.93,0.0,95.93,0
2026-07-20T20:15:00Z,95.93,95.93,95.93,95.93,0.0,95.93,0
2026-07-20T20:30:00Z,95.93,95.93,95.93,95.93,0.0,95.93,0
2026-07-20T20:45:00Z,95.93,95.93,95.93,95.93,1.0,95.93,1
2026-07-20T22:00:00Z,95.93,95.93,95.93,95.93,1.0,95.93,1
2026-07-20T22:15:00Z,95.93,95.93,95.93,95.93,0.0,95.93,0
2026-07-20T22:30:00Z,95.93,95.93,95.93,95.93,0.0,95.93,0
2026-07-20T22:45:00Z,95.93,95.93,95.93,95.93,0.0,95.93,0
2026-07-20T23:00:00Z,95.93,95.93,95.93,95.93,0.0,95.93,0
2026-07-20T23:15:00Z,95.93,95.93,95.93,95.93,0.0,95.93,0
2026-07-20T23:30:00Z,95.93,95.93,95.93,95.93,0.0,95.93,0
2026-07-20T23:45:00Z,95.93,95.93,95.93,95.93,0.0,95.93,0
2026-07-21T00:00:00Z,95.93,95.93,95.93,95.93,0.0,95.93,0
2026-07-21T00:15:00Z,95.93,95.93,95.93,95.93,0.0,95.93,0
2026-07-21T00:30:00Z,95.93,95.93,95.93,95.93,0.0,95.93,0
2026-07-21T00:45:00Z,95.93,95.93,95.93,95.93,0.0,95.93,0
2026-07-21T01:00:00Z,95.93,95.93,95.93,95.93,0.0,95.93,0
2026-07-21T01:15:00Z,95.93,95.93,95.93,95.93,0.0,95.93,0
2026-07-21T01:30:00Z,95.93,95.93,95.93,95.93,0.0,95.93,0
2026-07-21T01:45:00Z,95.93,95.93,95.93,95.93,0.0,95.93,0
2026-07-21T02:00:00Z,95.93,95.93,95.93,95.93,0.0,95.93,0
2026-07-21T02:15:00Z,95.93,95.93,95.93,95.93,0.0,95.93,0
2026-07-21T02:30:00Z,95.93,95.93,95.93,95.93,0.0,95.93,0
2026-07-21T02:45:00Z,95.93,95.93,95.93,95.93,0.0,95.93,0
2026-07-21T03:00:00Z,95.93,95.93,95.93,95.93,0.0,95.93,0
2026-07-21T03:15:00Z,95.93,95.93,95.93,95.93,0.0,95.93,0
2026-07-21T03:30:00Z,95.93,95.93,95.93,95.93,0.0,95.93,0
2026-07-21T03:45:00Z,95.93,95.93,95.93,95.93,0.0,95.93,0
2026-07-21T04:00:00Z,95.93,95.93,95.93,95.93,0.0,95.93,0
2026-07-21T04:15:00Z,95.93,95.93,95.93,95.93,0.0,95.93,0
2026-07-21T04:30:00Z,95.93,95.93,95.93,95.93,0.0,95.93,0
2026-07-21T04:45:00Z,95.93,95.93,95.93,95.93,0.0,95.93,0
2026-07-21T05:00:00Z,95.93,95.93,95.93,95.93,0.0,95.93,0
2026-07-21T05:15:00Z,95.93,95.93,95.93,95.93,0.0,95.93,0
2026-07-21T05:30:00Z,95.93,95.93,95.93,95.93,0.0,95.93,0
2026-07-21T05:45:00Z,95.93,95.93,95.93,95.93,0.0,95.93,0
2026-07-21T06:00:00Z,95.93,95.93,95.93,95.93,0.0,95.93,0
2026-07-21T06:15:00Z,95.93,95.93,95.93,95.93,0.0,95.93,0
2026-07-21T06:30:00Z,95.93,95.93,95.93,95.93,0.0,95.93,0
2026-07-21T06:45:00Z,95.93,95.93,95.93,95.93,0.0,95.93,0
2026-07-21T07:00:00Z,95.93,95.93,95.93,95.93,0.0,95.93,0
2026-07-21T07:15:00Z,95.945,95.945,95.945,95.945,5.0,95.945,1
2026-07-21T07:30:00Z,95.94,95.94,95.94,95.94,5.0,95.94,1
2026-07-21T07:45:00Z,95.94,95.94,95.94,95.94,0.0,95.94,0
2026-07-21T08:00:00Z,95.95,95.95,95.95,95.95,1.0,95.95,1
2026-07-21T08:15:00Z,95.95,95.95,95.95,95.95,0.0,95.95,0
2026-07-21T08:30:00Z,95.945,95.945,95.945,95.945,2.0,95.945,2
2026-07-21T08:45:00Z,95.945,95.945,95.945,95.945,0.0,95.945,0
2026-07-21T09:00:00Z,95.945,95.945,95.945,95.945,0.0,95.945,0
2026-07-21T09:15:00Z,95.945,95.945,95.945,95.945,0.0,95.945,0
2026-07-21T09:30:00Z,95.945,95.945,95.945,95.945,0.0,95.945,0
2026-07-21T09:45:00Z,95.945,95.945,95.945,95.945,0.0,95.945,0
2026-07-21T10:00:00Z,95.945,95.945,95.945,95.945,2.0,95.945,2
2026-07-21T10:15:00Z,95.95,95.95,95.95,95.95,189.0,95.95,7
2026-07-21T10:30:00Z,95.945,95.945,95.945,95.945,5.0,95.945,2
2026-07-21T10:45:00Z,95.94,95.94,95.94,95.94,9.0,95.94,1
2026-07-21T11:00:00Z,95.94,95.94,95.94,95.94,1.0,95.94,1
2026-07-21T11:15:00Z,95.94,95.94,95.94,95.94,0.0,95.94,0
2026-07-21T11:30:00Z,95.94,95.94,95.94,95.94,0.0,95.94,0
2026-07-21T11:45:00Z,95.935,95.935,95.935,95.935,1.0,95.935,1
2026-07-21T12:00:00Z,95.935,95.935,95.935,95.935,0.0,95.935,0
2026-07-21T12:15:00Z,95.93,95.93,95.93,95.93,13.0,95.93,3
2026-07-21T12:30:00Z,95.93,95.93,95.925,95.925,12.0,95.9265,4
2026-07-21T12:45:00Z,95.925,95.925,95.925,95.925,3.0,95.925,1
2026-07-21T13:00:00Z,95.925,95.925,95.925,95.925,0.0,95.925,0
2026-07-21T13:15:00Z,95.915,95.915,95.9,95.9,55.0,95.912,9
2026-07-21T13:30:00Z,95.9,95.9,95.895,95.895,10.0,95.8965,6
2026-07-21T13:45:00Z,95.89,95.89,95.89,95.89,5.0,95.89,3
2026-07-21T14:00:00Z,95.895,95.895,95.895,95.895,13.0,95.895,2
2026-07-21T14:15:00Z,95.89,95.89,95.885,95.885,3.0,95.8865,3
2026-07-21T14:30:00Z,95.88,95.885,95.88,95.885,61.0,95.883,6
2026-07-21T14:45:00Z,95.89,95.89,95.885,95.885,33.0,95.8895,10
2026-07-21T15:00:00Z,95.885,95.885,95.885,95.885,5.0,95.885,1
2026-07-21T15:15:00Z,95.885,95.895,95.885,95.895,13.0,95.894,2
2026-07-21T15:30:00Z,95.89,95.89,95.885,95.885,17.0,95.8865,3
2026-07-21T15:45:00Z,95.885,95.885,95.885,95.885,0.0,95.885,0
2026-07-21T16:00:00Z,95.885,95.885,95.885,95.885,0.0,95.885,0
2026-07-21T16:15:00Z,95.88,95.88,95.88,95.88,1.0,95.88,1
2026-07-21T16:30:00Z,95.88,95.88,95.88,95.88,0.0,95.88,0
2026-07-21T16:45:00Z,95.88,95.88,95.88,95.88,18.0,95.88,1
2026-07-21T17:00:00Z,95.88,95.88,95.88,95.88,0.0,95.88,0
2026-07-21T17:15:00Z,95.88,95.88,95.88,95.88,0.0,95.88,0
2026-07-21T17:30:00Z,95.88,95.88,95.88,95.88,5.0,95.88,1
2026-07-21T17:45:00Z,95.88,95.88,95.88,95.88,0.0,95.88,0
2026-07-21T18:00:00Z,95.87,95.87,95.87,95.87,15.0,95.87,1
2026-07-21T18:15:00Z,95.875,95.875,95.875,95.875,7.0,95.875,2
2026-07-21T18:30:00Z,95.87,95.87,95.87,95.87,12.0,95.87,1
2026-07-21T18:45:00Z,95.875,95.875,95.875,95.875,28.0,95.875,3
2026-07-21T19:00:00Z,95.87,95.87,95.865,95.865,75.0,95.869,8
2026-07-21T19:15:00Z,95.87,95.87,95.87,95.87,24.0,95.87,2
2026-07-21T19:30:00Z,95.87,95.87,95.87,95.87,6.0,95.87,3
2026-07-21T19:45:00Z,95.87,95.87,95.87,95.87,0.0,95.87,0
2026-07-21T20:00:00Z,95.87,95.87,95.87,95.87,0.0,95.87,0
2026-07-21T20:15:00Z,95.87,95.87,95.87,95.87,47.0,95.87,2
2026-07-21T20:30:00Z,95.87,95.87,95.87,95.87,0.0,95.87,0
2026-07-21T20:45:00Z,95.87,95.87,95.87,95.87,5.0,95.87,1
2026-07-21T23:15:00Z,95.875,95.875,95.875,95.875,1.0,95.875,1
2026-07-21T23:30:00Z,95.875,95.875,95.875,95.875,0.0,95.875,0
2026-07-21T23:45:00Z,95.875,95.875,95.875,95.875,0.0,95.875,0
2026-07-22T00:00:00Z,95.875,95.875,95.875,95.875,0.0,95.875,0
2026-07-22T00:15:00Z,95.875,95.875,95.875,95.875,0.0,95.875,0
2026-07-22T00:30:00Z,95.875,95.875,95.875,95.875,0.0,95.875,0
2026-07-22T00:45:00Z,95.875,95.875,95.875,95.875,0.0,95.875,0
2026-07-22T01:00:00Z,95.87,95.87,95.87,95.87,2.0,95.87,1
2026-07-22T01:15:00Z,95.87,95.87,95.87,95.87,0.0,95.87,0
2026-07-22T01:30:00Z,95.87,95.87,95.87,95.87,0.0,95.87,0
2026-07-22T01:45:00Z,95.88,95.88,95.88,95.88,1.0,95.88,1
2026-07-22T02:00:00Z,95.88,95.88,95.88,95.88,0.0,95.88,0
2026-07-22T02:15:00Z,95.88,95.88,95.88,95.88,0.0,95.88,0
2026-07-22T02:30:00Z,95.88,95.88,95.88,95.88,0.0,95.88,0
2026-07-22T02:45:00Z,95.88,95.88,95.88,95.88,0.0,95.88,0
2026-07-22T03:00:00Z,95.88,95.88,95.88,95.88,0.0,95.88,0
2026-07-22T03:15:00Z,95.88,95.88,95.88,95.88,0.0,95.88,0
2026-07-22T03:30:00Z,95.88,95.88,95.88,95.88,0.0,95.88,0
2026-07-22T03:45:00Z,95.88,95.88,95.88,95.88,0.0,95.88,0
2026-07-22T04:00:00Z,95.88,95.88,95.88,95.88,0.0,95.88,0
2026-07-22T04:15:00Z,95.88,95.88,95.88,95.88,0.0,95.88,0
2026-07-22T04:30:00Z,95.88,95.88,95.88,95.88,0.0,95.88,0
2026-07-22T04:45:00Z,95.88,95.88,95.88,95.88,0.0,95.88,0
2026-07-22T05:00:00Z,95.885,95.885,95.885,95.885,1.0,95.885,1
2026-07-22T05:15:00Z,95.885,95.885,95.885,95.885,0.0,95.885,0
2026-07-22T05:30:00Z,95.885,95.885,95.885,95.885,0.0,95.885,0
2026-07-22T05:45:00Z,95.885,95.885,95.885,95.885,0.0,95.885,0
2026-07-22T06:00:00Z,95.885,95.885,95.885,95.885,0.0,95.885,0
2026-07-22T06:15:00Z,95.885,95.885,95.885,95.885,0.0,95.885,0
2026-07-22T06:30:00Z,95.885,95.885,95.885,95.885,0.0,95.885,0
2026-07-22T06:45:00Z,95.885,95.885,95.885,95.885,0.0,95.885,0
2026-07-22T07:00:00Z,95.885,95.885,95.885,95.885,0.0,95.885,0
2026-07-22T07:15:00Z,95.885,95.885,95.885,95.885,0.0,95.885,0
2026-07-22T07:30:00Z,95.87,95.87,95.87,95.87,3.0,95.87,1
2026-07-22T07:45:00Z,95.875,95.875,95.875,95.875,6.0,95.875,4
2026-07-22T08:00:00Z,95.88,95.88,95.88,95.88,1.0,95.88,1
2026-07-22T08:15:00Z,95.89,95.89,95.89,95.89,3.0,95.89,1
2026-07-22T08:30:00Z,95.89,95.89,95.89,95.89,3.0,95.89,1
2026-07-22T08:45:00Z,95.89,95.89,95.89,95.89,0.0,95.89,0
2026-07-22T09:00:00Z,95.89,95.89,95.89,95.89,0.0,95.89,0
2026-07-22T09:15:00Z,95.89,95.89,95.89,95.89,0.0,95.89,0
2026-07-22T09:30:00Z,95.88,95.88,95.88,95.88,5.0,95.88,4
2026-07-22T09:45:00Z,95.88,95.88,95.88,95.88,3.0,95.88,2
2026-07-22T10:00:00Z,95.88,95.88,95.88,95.88,0.0,95.88,0
2026-07-22T10:15:00Z,95.88,95.88,95.88,95.88,27.0,95.88,7
2026-07-22T10:30:00Z,95.885,95.885,95.885,95.885,6.0,95.885,1
2026-07-22T10:45:00Z,95.88,95.88,95.88,95.88,22.0,95.88,6
2026-07-22T11:00:00Z,95.88,95.88,95.88,95.88,0.0,95.88,0
2026-07-22T11:15:00Z,95.875,95.875,95.875,95.875,32.0,95.875,4
2026-07-22T11:30:00Z,95.875,95.875,95.865,95.865,15.0,95.87,6
2026-07-22T11:45:00Z,95.87,95.87,95.865,95.865,9.0,95.8685,3
2026-07-22T12:00:00Z,95.865,95.865,95.865,95.865,0.0,95.865,0
2026-07-22T12:15:00Z,95.865,95.865,95.86,95.86,10.0,95.8605,2
2026-07-22T12:30:00Z,95.865,95.865,95.865,95.865,6.0,95.865,1
2026-07-22T12:45:00Z,95.865,95.865,95.845,95.85,52.0,95.8495,14
2026-07-22T13:00:00Z,95.855,95.855,95.855,95.855,6.0,95.855,1
2026-07-22T13:15:00Z,95.86,95.86,95.86,95.86,2.0,95.86,2
2026-07-22T13:30:00Z,95.86,95.86,95.86,95.86,0.0,95.86,0
2026-07-22T13:45:00Z,95.85,95.85,95.84,95.845,32.0,95.8425,10
2026-07-22T14:00:00Z,95.84,95.84,95.825,95.825,134.0,95.8315,28
2026-07-22T14:15:00Z,95.825,95.83,95.82,95.82,34.0,95.8255,7
2026-07-22T14:30:00Z,95.815,95.825,95.815,95.825,61.0,95.82,20
2026-07-22T14:45:00Z,95.825,95.825,95.825,95.825,24.0,95.825,8
2026-07-22T15:00:00Z,95.825,95.825,95.825,95.825,0.0,95.825,0
2026-07-22T15:15:00Z,95.825,95.825,95.825,95.825,0.0,95.825,0
2026-07-22T15:30:00Z,95.825,95.825,95.825,95.825,32.0,95.825,2
2026-07-22T15:45:00Z,95.83,95.835,95.83,95.835,8.0,95.8305,3
2026-07-22T16:00:00Z,95.835,95.835,95.835,95.835,0.0,95.835,0
2026-07-22T16:15:00Z,95.825,95.825,95.825,95.825,6.0,95.825,3
2026-07-22T16:30:00Z,95.825,95.825,95.825,95.825,0.0,95.825,0
2026-07-22T16:45:00Z,95.825,95.825,95.825,95.825,0.0,95.825,0
2026-07-22T17:00:00Z,95.825,95.825,95.825,95.825,0.0,95.825,0
2026-07-22T17:15:00Z,95.825,95.825,95.825,95.825,0.0,95.825,0
2026-07-22T17:30:00Z,95.825,95.825,95.825,95.825,3.0,95.825,2
2026-07-22T17:45:00Z,95.83,95.83,95.83,95.83,7.0,95.83,1
2026-07-22T18:00:00Z,95.83,95.83,95.83,95.83,0.0,95.83,0
2026-07-22T18:15:00Z,95.83,95.83,95.83,95.83,14.0,95.83,4
2026-07-22T18:30:00Z,95.83,95.83,95.83,95.83,0.0,95.83,0
2026-07-22T18:45:00Z,95.83,95.83,95.83,95.83,2.0,95.83,2
2026-07-22T19:00:00Z,95.825,95.825,95.825,95.825,1.0,95.825,1
2026-07-22T19:15:00Z,95.825,95.825,95.825,95.825,1.0,95.825,1
2026-07-22T19:30:00Z,95.825,95.825,95.825,95.825,0.0,95.825,0
2026-07-22T19:45:00Z,95.82,95.82,95.82,95.82,1.0,95.82,1
2026-07-22T20:00:00Z,95.825,95.825,95.825,95.825,1.0,95.825,1
2026-07-22T20:15:00Z,95.825,95.825,95.825,95.825,0.0,95.825,0
2026-07-22T20:30:00Z,95.825,95.825,95.825,95.825,8.0,95.825,1
2026-07-22T20:45:00Z,95.825,95.825,95.825,95.825,0.0,95.825,0
2026-07-22T22:00:00Z,95.825,95.825,95.82,95.82,2.0,95.8225,2
2026-07-22T22:15:00Z,95.82,95.82,95.82,95.82,0.0,95.82,0
2026-07-22T22:30:00Z,95.82,95.82,95.82,95.82,0.0,95.82,0
2026-07-22T22:45:00Z,95.82,95.82,95.82,95.82,0.0,95.82,0
2026-07-22T23:00:00Z,95.82,95.82,95.82,95.82,0.0,95.82,0
2026-07-22T23:15:00Z,95.82,95.82,95.82,95.82,0.0,95.82,0
2026-07-22T23:30:00Z,95.82,95.82,95.82,95.82,0.0,95.82,0
2026-07-22T23:45:00Z,95.82,95.82,95.82,95.82,0.0,95.82,0
2026-07-23T00:00:00Z,95.82,95.82,95.82,95.82,0.0,95.82,0
2026-07-23T00:15:00Z,95.82,95.82,95.82,95.82,0.0,95.82,0
2026-07-23T00:30:00Z,95.82,95.82,95.82,95.82,0.0,95.82,0
2026-07-23T00:45:00Z,95.82,95.82,95.82,95.82,0.0,95.82,0
2026-07-23T01:00:00Z,95.82,95.82,95.82,95.82,0.0,95.82,0
2026-07-23T01:15:00Z,95.82,95.82,95.82,95.82,0.0,95.82,0
2026-07-23T01:30:00Z,95.82,95.82,95.82,95.82,0.0,95.82,0
2026-07-23T01:45:00Z,95.82,95.82,95.82,95.82,0.0,95.82,0
2026-07-23T02:00:00Z,95.82,95.82,95.82,95.82,0.0,95.82,0
2026-07-23T02:15:00Z,95.82,95.82,95.82,95.82,0.0,95.82,0
2026-07-23T02:30:00Z,95.82,95.82,95.82,95.82,0.0,95.82,0
2026-07-23T02:45:00Z,95.82,95.82,95.82,95.82,0.0,95.82,0
2026-07-23T03:00:00Z,95.82,95.82,95.82,95.82,0.0,95.82,0
2026-07-23T03:15:00Z,95.82,95.82,95.82,95.82,0.0,95.82,0
2026-07-23T03:30:00Z,95.82,95.82,95.82,95.82,0.0,95.82,0
2026-07-23T03:45:00Z,95.82,95.82,95.82,95.82,0.0,95.82,0
2026-07-23T04:00:00Z,95.825,95.825,95.825,95.825,1.0,95.825,1
2026-07-23T04:15:00Z,95.825,95.825,95.825,95.825,0.0,95.825,0
2026-07-23T04:30:00Z,95.825,95.825,95.825,95.825,0.0,95.825,0
2026-07-23T04:45:00Z,95.825,95.825,95.825,95.825,0.0,95.825,0
2026-07-23T05:00:00Z,95.825,95.825,95.825,95.825,0.0,95.825,0
2026-07-23T05:15:00Z,95.825,95.825,95.825,95.825,0.0,95.825,0
2026-07-23T05:30:00Z,95.825,95.825,95.825,95.825,0.0,95.825,0
2026-07-23T05:45:00Z,95.825,95.825,95.825,95.825,0.0,95.825,0
2026-07-23T06:00:00Z,95.825,95.825,95.825,95.825,0.0,95.825,0
2026-07-23T06:15:00Z,95.825,95.825,95.825,95.825,0.0,95.825,0
2026-07-23T06:30:00Z,95.825,95.825,95.825,95.825,0.0,95.825,0
2026-07-23T06:45:00Z,95.825,95.825,95.825,95.825,0.0,95.825,0
2026-07-23T07:00:00Z,95.815,95.815,95.815,95.815,6.0,95.815,1
2026-07-23T07:15:00Z,95.815,95.815,95.815,95.815,0.0,95.815,0
2026-07-23T07:30:00Z,95.81,95.81,95.81,95.81,13.0,95.81,4
2026-07-23T07:45:00Z,95.805,95.81,95.805,95.81,6.0,95.8065,5
2026-07-23T08:00:00Z,95.81,95.81,95.81,95.81,10.0,95.81,2
2026-07-23T08:15:00Z,95.81,95.81,95.81,95.81,0.0,95.81,0
2026-07-23T08:30:00Z,95.81,95.81,95.81,95.81,0.0,95.81,0
2026-07-23T08:45:00Z,95.81,95.81,95.81,95.81,0.0,95.81,0
2026-07-23T09:00:00Z,95.81,95.81,95.81,95.81,0.0,95.81,0
2026-07-23T09:15:00Z,95.81,95.81,95.81,95.81,0.0,95.81,0
2026-07-23T09:30:00Z,95.81,95.81,95.81,95.81,9.0,95.81,2
2026-07-23T09:45:00Z,95.81,95.81,95.81,95.81,0.0,95.81,0
2026-07-23T10:00:00Z,95.81,95.81,95.81,95.81,0.0,95.81,0
2026-07-23T10:15:00Z,95.805,95.805,95.805,95.805,4.0,95.805,1
2026-07-23T10:30:00Z,95.805,95.805,95.805,95.805,0.0,95.805,0
2026-07-23T10:45:00Z,95.805,95.805,95.805,95.805,0.0,95.805,0
2026-07-23T11:00:00Z,95.805,95.805,95.805,95.805,0.0,95.805,0
2026-07-23T11:15:00Z,95.81,95.81,95.805,95.805,12.0,95.809,4
2026-07-23T11:30:00Z,95.805,95.805,95.805,95.805,4.0,95.805,1
2026-07-23T11:45:00Z,95.79,95.795,95.79,95.795,62.0,95.79,16
2026-07-23T12:00:00Z,95.79,95.79,95.785,95.785,11.0,95.789,4
2026-07-23T12:15:00Z,95.79,95.79,95.785,95.785,29.0,95.788,12
2026-07-23T12:30:00Z,95.785,95.785,95.775,95.775,99.0,95.7805,24
2026-07-23T12:45:00Z,95.77,95.775,95.77,95.775,53.0,95.771,10
2026-07-23T13:00:00Z,95.765,95.775,95.765,95.77,78.0,95.772,13
2026-07-23T13:15:00Z,95.77,95.77,95.765,95.765,19.0,95.766,4
2026-07-23T13:30:00Z,95.77,95.77,95.77,95.77,3.0,95.77,2
2026-07-23T13:45:00Z,95.77,95.77,95.755,95.755,29.0,95.765,8
2026-07-23T14:00:00Z,95.755,95.765,95.755,95.765,41.0,95.7595,11
2026-07-23T14:15:00Z,95.765,95.765,95.765,95.765,2.0,95.765,1
2026-07-23T14:30:00Z,95.765,95.765,95.765,95.765,0.0,95.765,0
2026-07-23T14:45:00Z,95.76,95.765,95.76,95.765,10.0,95.7645,4
2026-07-23T15:00:00Z,95.77,95.77,95.77,95.77,11.0,95.77,2
2026-07-23T15:15:00Z,95.77,95.77,95.77,95.77,76.0,95.77,19
2026-07-23T15:30:00Z,95.765,95.77,95.765,95.77,99.0,95.7685,33
2026-07-23T15:45:00Z,95.77,95.77,95.77,95.77,1.0,95.77,1
2026-07-23T16:00:00Z,95.77,95.77,95.77,95.77,4.0,95.77,1
2026-07-23T16:15:00Z,95.77,95.77,95.77,95.77,1.0,95.77,1
2026-07-23T16:30:00Z,95.775,95.775,95.775,95.775,3.0,95.775,1
2026-07-23T16:45:00Z,95.775,95.775,95.775,95.775,3.0,95.775,1
2026-07-23T17:00:00Z,95.77,95.77,95.77,95.77,46.0,95.77,11
2026-07-23T17:15:00Z,95.77,95.77,95.77,95.77,1.0,95.77,1
2026-07-23T17:30:00Z,95.765,95.765,95.765,95.765,11.0,95.765,1
2026-07-23T17:45:00Z,95.765,95.765,95.765,95.765,0.0,95.765,0
2026-07-23T18:00:00Z,95.765,95.765,95.765,95.765,0.0,95.765,0
2026-07-23T18:15:00Z,95.765,95.765,95.765,95.765,0.0,95.765,0
2026-07-23T18:30:00Z,95.765,95.765,95.765,95.765,8.0,95.765,1
2026-07-23T18:45:00Z,95.765,95.765,95.765,95.765,0.0,95.765,0
2026-07-23T19:00:00Z,95.765,95.765,95.765,95.765,0.0,95.765,0
2026-07-23T19:15:00Z,95.765,95.765,95.765,95.765,0.0,95.765,0
2026-07-23T19:30:00Z,95.765,95.765,95.765,95.765,0.0,95.765,0
2026-07-23T19:45:00Z,95.77,95.77,95.77,95.77,1.0,95.77,1
2026-07-23T20:00:00Z,95.77,95.77,95.77,95.77,0.0,95.77,0
2026-07-23T20:15:00Z,95.775,95.775,95.775,95.775,9.0,95.775,1
2026-07-23T20:30:00Z,95.775,95.775,95.775,95.775,25.0,95.775,5
2026-07-23T20:45:00Z,95.775,95.775,95.775,95.775,20.0,95.775,9
2026-07-24T01:00:00Z,95.775,95.775,95.775,95.775,2.0,95.775,2
2026-07-24T01:15:00Z,95.775,95.775,95.775,95.775,0.0,95.775,0
2026-07-24T01:30:00Z,95.77,95.77,95.77,95.77,4.0,95.77,2
2026-07-24T01:45:00Z,95.77,95.77,95.77,95.77,0.0,95.77,0
2026-07-24T02:00:00Z,95.77,95.77,95.77,95.77,0.0,95.77,0
2026-07-24T02:15:00Z,95.77,95.77,95.77,95.77,0.0,95.77,0
2026-07-24T02:30:00Z,95.77,95.77,95.77,95.77,0.0,95.77,0
2026-07-24T02:45:00Z,95.77,95.77,95.77,95.77,0.0,95.77,0
2026-07-24T03:00:00Z,95.77,95.77,95.77,95.77,0.0,95.77,0
2026-07-24T03:15:00Z,95.77,95.77,95.77,95.77,0.0,95.77,0
2026-07-24T03:30:00Z,95.77,95.77,95.77,95.77,0.0,95.77,0
2026-07-24T03:45:00Z,95.77,95.77,95.77,95.77,0.0,95.77,0
2026-07-24T04:00:00Z,95.77,95.77,95.77,95.77,0.0,95.77,0
2026-07-24T04:15:00Z,95.77,95.77,95.77,95.77,0.0,95.77,0
2026-07-24T04:30:00Z,95.77,95.77,95.77,95.77,0.0,95.77,0
2026-07-24T04:45:00Z,95.77,95.77,95.77,95.77,0.0,95.77,0
2026-07-24T05:00:00Z,95.765,95.765,95.765,95.765,1.0,95.765,1
2026-07-24T05:15:00Z,95.765,95.765,95.765,95.765,0.0,95.765,0
2026-07-24T05:30:00Z,95.765,95.765,95.765,95.765,0.0,95.765,0
2026-07-24T05:45:00Z,95.765,95.765,95.765,95.765,0.0,95.765,0
2026-07-24T06:00:00Z,95.77,95.77,95.77,95.77,3.0,95.77,1
2026-07-24T06:15:00Z,95.77,95.77,95.77,95.77,1.0,95.77,1
2026-07-24T06:30:00Z,95.77,95.77,95.77,95.77,0.0,95.77,0
2026-07-24T06:45:00Z,95.775,95.775,95.775,95.775,17.0,95.775,7
2026-07-24T07:00:00Z,95.775,95.775,95.775,95.775,0.0,95.775,0
2026-07-24T07:15:00Z,95.78,95.78,95.78,95.78,24.0,95.78,5
2026-07-24T07:30:00Z,95.785,95.785,95.785,95.785,6.0,95.785,2
2026-07-24T07:45:00Z,95.785,95.785,95.785,95.785,3.0,95.785,1
2026-07-24T08:00:00Z,95.785,95.785,95.785,95.785,0.0,95.785,0
2026-07-24T08:15:00Z,95.79,95.795,95.79,95.795,13.0,95.794,3
2026-07-24T08:30:00Z,95.795,95.795,95.795,95.795,1.0,95.795,1
2026-07-24T08:45:00Z,95.795,95.795,95.795,95.795,4.0,95.795,2
2026-07-24T09:00:00Z,95.8,95.8,95.8,95.8,21.0,95.8,3
2026-07-24T09:15:00Z,95.8,95.8,95.8,95.8,0.0,95.8,0
2026-07-24T09:30:00Z,95.8,95.8,95.8,95.8,0.0,95.8,0
2026-07-24T09:45:00Z,95.805,95.805,95.805,95.805,6.0,95.805,3
2026-07-24T10:00:00Z,95.8,95.8,95.8,95.8,6.0,95.8,3
2026-07-24T10:15:00Z,95.8,95.805,95.8,95.805,9.0,95.8035,6
2026-07-24T10:30:00Z,95.805,95.805,95.8,95.8,37.0,95.805,10
2026-07-24T10:45:00Z,95.795,95.795,95.795,95.795,3.0,95.795,1
2026-07-24T11:00:00Z,95.795,95.795,95.795,95.795,0.0,95.795,0
2026-07-24T11:15:00Z,95.795,95.795,95.795,95.795,0.0,95.795,0
2026-07-24T11:30:00Z,95.795,95.795,95.795,95.795,1.0,95.795,1
2026-07-24T11:45:00Z,95.795,95.805,95.795,95.805,2.0,95.8,2
2026-07-24T12:00:00Z,95.795,95.795,95.795,95.795,1.0,95.795,1
2026-07-24T12:15:00Z,95.8,95.805,95.79,95.79,27.0,95.792,4
2026-07-24T12:30:00Z,95.795,95.795,95.795,95.795,18.0,95.795,9
2026-07-24T12:45:00Z,95.795,95.795,95.795,95.795,0.0,95.795,0
2026-07-24T13:00:00Z,95.795,95.795,95.795,95.795,0.0,95.795,0
2026-07-24T13:15:00Z,95.78,95.78,95.78,95.78,3.0,95.78,3
2026-07-24T13:30:00Z,95.78,95.78,95.78,95.78,0.0,95.78,0
2026-07-24T13:45:00Z,95.78,95.78,95.78,95.78,8.0,95.78,4
2026-07-24T14:00:00Z,95.805,95.805,95.8,95.8,7.0,95.802,5
2026-07-24T14:15:00Z,95.8,95.8,95.8,95.8,5.0,95.8,1
2026-07-24T14:30:00Z,95.8,95.8,95.8,95.8,0.0,95.8,0
2026-07-24T14:45:00Z,95.795,95.795,95.795,95.795,17.0,95.795,1
2026-07-24T15:00:00Z,95.795,95.815,95.795,95.815,15.0,95.801,4
2026-07-24T15:15:00Z,95.82,95.825,95.815,95.82,20.0,95.82,8
2026-07-24T15:30:00Z,95.82,95.82,95.82,95.82,0.0,95.82,0
2026-07-24T15:45:00Z,95.82,95.82,95.82,95.82,0.0,95.82,0
2026-07-24T16:00:00Z,95.82,95.82,95.82,95.82,0.0,95.82,0
2026-07-24T16:15:00Z,95.82,95.82,95.82,95.82,0.0,95.82,0
2026-07-24T16:30:00Z,95.815,95.815,95.815,95.815,1.0,95.815,1
2026-07-24T16:45:00Z,95.815,95.815,95.815,95.815,1.0,95.815,1
2026-07-24T17:00:00Z,95.81,95.81,95.81,95.81,1.0,95.81,1
2026-07-24T17:15:00Z,95.81,95.81,95.81,95.81,0.0,95.81,0
2026-07-24T17:30:00Z,95.805,95.805,95.805,95.805,11.0,95.805,6
2026-07-24T17:45:00Z,95.805,95.805,95.805,95.805,2.0,95.805,1
2026-07-24T18:00:00Z,95.805,95.805,95.805,95.805,3.0,95.805,3
2026-07-24T18:15:00Z,95.805,95.805,95.805,95.805,1.0,95.805,1
2026-07-24T18:30:00Z,95.805,95.805,95.805,95.805,0.0,95.805,0
2026-07-24T18:45:00Z,95.795,95.795,95.795,95.795,2.0,95.795,2
2026-07-24T19:00:00Z,95.8,95.8,95.8,95.8,1.0,95.8,1
2026-07-24T19:15:00Z,95.8,95.8,95.8,95.8,0.0,95.8,0
2026-07-24T19:30:00Z,95.8,95.8,95.8,95.8,0.0,95.8,0
2026-07-24T19:45:00Z,95.8,95.8,95.8,95.8,0.0,95.8,0
2026-07-24T20:00:00Z,95.8,95.8,95.8,95.8,0.0,95.8,0
2026-07-24T20:15:00Z,95.8,95.8,95.8,95.8,0.0,95.8,0
2026-07-24T20:30:00Z,95.795,95.795,95.795,95.795,1.0,95.795,1
2026-07-24T20:45:00Z,95.805,95.805,95.805,95.805,2.0,95.805,2
2026-07-26T22:00:00Z,95.81,95.86,95.81,95.86,7.0,95.8345,3
2026-07-26T22:15:00Z,95.86,95.86,95.86,95.86,0.0,95.86,0
2026-07-26T22:30:00Z,95.85,95.85,95.85,95.85,4.0,95.85,4
2026-07-26T22:45:00Z,95.85,95.85,95.85,95.85,0.0,95.85,0
2026-07-26T23:00:00Z,95.85,95.85,95.85,95.85,0.0,95.85,0
2026-07-26T23:15:00Z,95.85,95.85,95.85,95.85,0.0,95.85,0
2026-07-26T23:30:00Z,95.85,95.85,95.85,95.85,0.0,95.85,0
2026-07-26T23:45:00Z,95.85,95.85,95.85,95.85,0.0,95.85,0
2026-07-27T00:00:00Z,95.85,95.85,95.85,95.85,0.0,95.85,0
2026-07-27T00:15:00Z,95.85,95.85,95.85,95.85,0.0,95.85,0
2026-07-27T00:30:00Z,95.85,95.85,95.85,95.85,0.0,95.85,0
2026-07-27T00:45:00Z,95.84,95.84,95.84,95.84,1.0,95.84,1
2026-07-27T01:00:00Z,95.84,95.84,95.84,95.84,0.0,95.84,0
2026-07-27T01:15:00Z,95.835,95.835,95.835,95.835,4.0,95.835,2
2026-07-27T01:30:00Z,95.835,95.835,95.835,95.835,0.0,95.835,0
2026-07-27T01:45:00Z,95.835,95.835,95.835,95.835,0.0,95.835,0
2026-07-27T02:00:00Z,95.835,95.835,95.835,95.835,0.0,95.835,0
2026-07-27T02:15:00Z,95.835,95.835,95.835,95.835,0.0,95.835,0
2026-07-27T02:30:00Z,95.835,95.835,95.835,95.835,0.0,95.835,0
2026-07-27T02:45:00Z,95.835,95.835,95.835,95.835,0.0,95.835,0
2026-07-27T03:00:00Z,95.835,95.835,95.835,95.835,0.0,95.835,0
2026-07-27T03:15:00Z,95.835,95.835,95.835,95.835,0.0,95.835,0
2026-07-27T03:30:00Z,95.835,95.835,95.835,95.835,0.0,95.835,0
2026-07-27T03:45:00Z,95.835,95.835,95.835,95.835,0.0,95.835,0
2026-07-27T04:00:00Z,95.835,95.835,95.835,95.835,0.0,95.835,0
2026-07-27T04:15:00Z,95.835,95.835,95.835,95.835,0.0,95.835,0
2026-07-27T04:30:00Z,95.835,95.835,95.835,95.835,0.0,95.835,0
2026-07-27T04:45:00Z,95.845,95.845,95.845,95.845,6.0,95.845,2
2026-07-27T05:00:00Z,95.845,95.845,95.845,95.845,0.0,95.845,0
2026-07-27T05:15:00Z,95.845,95.845,95.845,95.845,0.0,95.845,0
2026-07-27T05:30:00Z,95.845,95.845,95.845,95.845,0.0,95.845,0
2026-07-27T05:45:00Z,95.845,95.845,95.845,95.845,0.0,95.845,0
2026-07-27T06:00:00Z,95.845,95.845,95.845,95.845,0.0,95.845,0
2026-07-27T06:15:00Z,95.845,95.845,95.845,95.845,0.0,95.845,0
2026-07-27T06:30:00Z,95.845,95.845,95.845,95.845,0.0,95.845,0
2026-07-27T06:45:00Z,95.845,95.85,95.845,95.85,12.0,95.846,2
2026-07-27T07:00:00Z,95.85,95.85,95.845,95.845,14.0,95.8455,4
2026-07-27T07:15:00Z,95.845,95.845,95.845,95.845,0.0,95.845,0
2026-07-27T07:30:00Z,95.84,95.84,95.84,95.84,3.0,95.84,1
2026-07-27T07:45:00Z,95.84,95.84,95.84,95.84,0.0,95.84,0
2026-07-27T08:00:00Z,95.84,95.84,95.84,95.84,0.0,95.84,0
2026-07-27T08:15:00Z,95.84,95.84,95.84,95.84,0.0,95.84,0
2026-07-27T08:30:00Z,95.835,95.835,95.83,95.835,46.0,95.835,6
2026-07-27T08:45:00Z,95.835,95.835,95.835,95.835,0.0,95.835,0
2026-07-27T09:00:00Z,95.835,95.835,95.835,95.835,2.0,95.835,2
2026-07-27T09:15:00Z,95.835,95.835,95.835,95.835,1.0,95.835,1
2026-07-27T09:30:00Z,95.835,95.835,95.835,95.835,0.0,95.835,0
2026-07-27T09:45:00Z,95.835,95.835,95.835,95.835,11.0,95.835,5
2026-07-27T10:00:00Z,95.825,95.825,95.825,95.825,2.0,95.825,2
2026-07-27T10:15:00Z,95.83,95.83,95.83,95.83,3.0,95.83,2
2026-07-27T10:30:00Z,95.83,95.83,95.83,95.83,1.0,95.83,1
2026-07-27T10:45:00Z,95.83,95.83,95.83,95.83,0.0,95.83,0
2026-07-27T11:00:00Z,95.83,95.83,95.83,95.83,0.0,95.83,0
2026-07-27T11:15:00Z,95.825,95.825,95.825,95.825,3.0,95.825,3
2026-07-27T11:30:00Z,95.825,95.825,95.825,95.825,0.0,95.825,0
2026-07-27T11:45:00Z,95.825,95.825,95.825,95.825,0.0,95.825,0
2026-07-27T12:00:00Z,95.83,95.83,95.815,95.815,22.0,95.8235,5
2026-07-27T12:15:00Z,95.82,95.82,95.82,95.82,11.0,95.82,3
2026-07-27T12:30:00Z,95.815,95.815,95.815,95.815,14.0,95.815,2
2026-07-27T12:45:00Z,95.815,95.815,95.815,95.815,0.0,95.815,0
2026-07-27T13:00:00Z,95.815,95.815,95.815,95.815,0.0,95.815,0
2026-07-27T13:15:00Z,95.815,95.815,95.815,95.815,0.0,95.815,0
2026-07-27T13:30:00Z,95.805,95.805,95.805,95.805,1.0,95.805,1
2026-07-27T13:45:00Z,95.815,95.815,95.805,95.805,51.0,95.813,7
2026-07-27T14:00:00Z,95.805,95.805,95.805,95.805,2.0,95.805,2
2026-07-27T14:15:00Z,95.805,95.805,95.805,95.805,0.0,95.805,0
2026-07-27T14:30:00Z,95.81,95.81,95.81,95.81,12.0,95.81,4
2026-07-27T14:45:00Z,95.81,95.81,95.805,95.805,7.0,95.8065,2
2026-07-27T15:00:00Z,95.805,95.805,95.805,95.805,0.0,95.805,0
2026-07-27T15:15:00Z,95.815,95.815,95.815,95.815,43.0,95.815,13
2026-07-27T15:30:00Z,95.82,95.82,95.82,95.82,1.0,95.82,1
2026-07-27T15:45:00Z,95.82,95.82,95.82,95.82,5.0,95.82,3
2026-07-27T16:00:00Z,95.815,95.815,95.815,95.815,1.0,95.815,1
2026-07-27T16:15:00Z,95.82,95.835,95.82,95.835,62.0,95.8245,19
2026-07-27T16:30:00Z,95.83,95.83,95.83,95.83,2.0,95.83,2
2026-07-27T16:45:00Z,95.825,95.825,95.825,95.825,17.0,95.825,3
2026-07-27T17:00:00Z,95.82,95.82,95.82,95.82,5.0,95.82,3
2026-07-27T17:15:00Z,95.82,95.82,95.82,95.82,27.0,95.82,12
2026-07-27T17:30:00Z,95.82,95.82,95.82,95.82,0.0,95.82,0
2026-07-27T17:45:00Z,95.82,95.82,95.82,95.82,0.0,95.82,0
2026-07-27T18:00:00Z,95.82,95.82,95.82,95.82,0.0,95.82,0
2026-07-27T18:15:00Z,95.82,95.82,95.82,95.82,0.0,95.82,0
2026-07-27T18:30:00Z,95.815,95.82,95.815,95.82,32.0,95.8195,12
2026-07-27T18:45:00Z,95.82,95.82,95.82,95.82,0.0,95.82,0
2026-07-27T19:00:00Z,95.82,95.82,95.82,95.82,0.0,95.82,0
2026-07-27T19:15:00Z,95.81,95.81,95.81,95.81,1.0,95.81,1
2026-07-27T19:30:00Z,95.81,95.81,95.81,95.81,0.0,95.81,0
2026-07-27T19:45:00Z,95.81,95.81,95.81,95.81,1.0,95.81,1
2026-07-27T20:00:00Z,95.815,95.815,95.815,95.815,1.0,95.815,1
2026-07-27T20:15:00Z,95.815,95.815,95.815,95.815,0.0,95.815,0
2026-07-27T20:30:00Z,95.815,95.815,95.815,95.815,0.0,95.815,0
2026-07-27T20:45:00Z,95.81,95.81,95.81,95.81,6.0,95.81,5
2026-07-27T23:00:00Z,95.82,95.82,95.82,95.82,1.0,95.82,1
2026-07-27T23:15:00Z,95.82,95.82,95.82,95.82,0.0,95.82,0
2026-07-27T23:30:00Z,95.82,95.82,95.82,95.82,0.0,95.82,0
2026-07-27T23:45:00Z,95.82,95.82,95.82,95.82,0.0,95.82,0
2026-07-28T00:00:00Z,95.82,95.82,95.82,95.82,0.0,95.82,0
2026-07-28T00:15:00Z,95.82,95.82,95.82,95.82,0.0,95.82,0
2026-07-28T00:30:00Z,95.82,95.82,95.82,95.82,0.0,95.82,0
2026-07-28T00:45:00Z,95.82,95.82,95.82,95.82,0.0,95.82,0
2026-07-28T01:00:00Z,95.825,95.825,95.825,95.825,1.0,95.825,1
2026-07-28T01:15:00Z,95.825,95.825,95.825,95.825,0.0,95.825,0
2026-07-28T01:30:00Z,95.825,95.825,95.825,95.825,0.0,95.825,0
2026-07-28T01:45:00Z,95.825,95.825,95.825,95.825,0.0,95.825,0
2026-07-28T02:00:00Z,95.825,95.825,95.825,95.825,0.0,95.825,0
2026-07-28T02:15:00Z,95.825,95.825,95.825,95.825,0.0,95.825,0
2026-07-28T02:30:00Z,95.825,95.825,95.825,95.825,0.0,95.825,0
2026-07-28T02:45:00Z,95.825,95.825,95.825,95.825,0.0,95.825,0
2026-07-28T03:00:00Z,95.825,95.825,95.825,95.825,0.0,95.825,0
2026-07-28T03:15:00Z,95.825,95.825,95.825,95.825,0.0,95.825,0
2026-07-28T03:30:00Z,95.83,95.83,95.83,95.83,3.0,95.83,1
2026-07-28T03:45:00Z,95.83,95.83,95.83,95.83,0.0,95.83,0
2026-07-28T04:00:00Z,95.83,95.83,95.83,95.83,0.0,95.83,0
2026-07-28T04:15:00Z,95.83,95.83,95.83,95.83,0.0,95.83,0
2026-07-28T04:30:00Z,95.83,95.83,95.83,95.83,0.0,95.83,0
2026-07-28T04:45:00Z,95.83,95.83,95.83,95.83,0.0,95.83,0
2026-07-28T05:00:00Z,95.83,95.83,95.83,95.83,0.0,95.83,0
2026-07-28T05:15:00Z,95.83,95.83,95.83,95.83,0.0,95.83,0
2026-07-28T05:30:00Z,95.83,95.83,95.83,95.83,0.0,95.83,0
2026-07-28T05:45:00Z,95.83,95.83,95.83,95.83,0.0,95.83,0
2026-07-28T06:00:00Z,95.83,95.83,95.83,95.83,0.0,95.83,0
2026-07-28T06:15:00Z,95.83,95.83,95.83,95.83,0.0,95.83,0
2026-07-28T06:30:00Z,95.845,95.845,95.845,95.845,1.0,95.845,1
2026-07-28T06:45:00Z,95.845,95.845,95.845,95.845,0.0,95.845,0
2026-07-28T07:00:00Z,95.845,95.845,95.845,95.845,0.0,95.845,0
2026-07-28T07:15:00Z,95.845,95.845,95.845,95.845,0.0,95.845,0
2026-07-28T07:30:00Z,95.845,95.845,95.845,95.845,1.0,95.845,1
2026-07-28T07:45:00Z,95.845,95.845,95.845,95.845,0.0,95.845,0
2026-07-28T08:00:00Z,95.845,95.845,95.845,95.845,0.0,95.845,0
2026-07-28T08:15:00Z,95.845,95.845,95.845,95.845,3.0,95.845,2
2026-07-28T08:30:00Z,95.845,95.845,95.845,95.845,6.0,95.845,2
2026-07-28T08:45:00Z,95.845,95.845,95.845,95.845,0.0,95.845,0
2026-07-28T09:00:00Z,95.84,95.84,95.84,95.84,30.0,95.84,2
2026-07-28T09:15:00Z,95.845,95.845,95.845,95.845,2.0,95.845,2
2026-07-28T09:30:00Z,95.845,95.845,95.845,95.845,2.0,95.845,1
2026-07-28T09:45:00Z,95.84,95.84,95.84,95.84,4.0,95.84,1
2026-07-28T10:00:00Z,95.84,95.84,95.84,95.84,3.0,95.84,2
2026-07-28T10:15:00Z,95.84,95.84,95.84,95.84,0.0,95.84,0
2026-07-28T10:30:00Z,95.835,95.835,95.835,95.835,6.0,95.835,1
2026-07-28T10:45:00Z,95.835,95.835,95.835,95.835,0.0,95.835,0
2026-07-28T11:00:00Z,95.835,95.835,95.835,95.835,1.0,95.835,1
2026-07-28T11:15:00Z,95.84,95.84,95.835,95.835,4.0,95.839,4
2026-07-28T11:30:00Z,95.83,95.83,95.83,95.83,3.0,95.83,1
2026-07-28T11:45:00Z,95.83,95.83,95.83,95.83,0.0,95.83,0
2026-07-28T12:00:00Z,95.83,95.84,95.83,95.84,17.0,95.833,7
2026-07-28T12:15:00Z,95.835,95.84,95.835,95.84,12.0,95.838,5
2026-07-28T12:30:00Z,95.84,95.845,95.84,95.845,62.0,95.8425,13
2026-07-28T12:45:00Z,95.845,95.845,95.845,95.845,0.0,95.845,0
2026-07-28T13:00:00Z,95.845,95.845,95.845,95.845,0.0,95.845,0
2026-07-28T13:15:00Z,95.845,95.845,95.84,95.84,8.0,95.8445,2
2026-07-28T13:30:00Z,95.84,95.84,95.84,95.84,3.0,95.84,2
2026-07-28T13:45:00Z,95.855,95.855,95.855,95.855,2.0,95.855,1
2026-07-28T14:00:00Z,95.855,95.855,95.855,95.855,0.0,95.855,0
2026-07-28T14:15:00Z,95.855,95.855,95.855,95.855,0.0,95.855,0
2026-07-28T14:30:00Z,95.855,95.855,95.855,95.855,10.0,95.855,2
2026-07-28T14:45:00Z,95.85,95.85,95.85,95.85,2.0,95.85,1
2026-07-28T15:00:00Z,95.855,95.865,95.855,95.865,13.0,95.859,8
2026-07-28T15:15:00Z,95.865,95.865,95.865,95.865,0.0,95.865,0
2026-07-28T15:30:00Z,95.875,95.875,95.875,95.875,5.0,95.875,5
2026-07-28T15:45:00Z,95.88,95.88,95.88,95.88,1.0,95.88,1
2026-07-28T16:00:00Z,95.885,95.885,95.885,95.885,35.0,95.885,5
2026-07-28T16:15:00Z,95.885,95.885,95.885,95.885,18.0,95.885,1
2026-07-28T16:30:00Z,95.885,95.885,95.88,95.88,10.0,95.8825,4
2026-07-28T16:45:00Z,95.875,95.875,95.875,95.875,6.0,95.875,3
2026-07-28T17:00:00Z,95.88,95.88,95.875,95.875,4.0,95.8785,2
2026-07-28T17:15:00Z,95.875,95.88,95.87,95.87,7.0,95.8765,4
2026-07-28T17:30:00Z,95.87,95.87,95.87,95.87,3.0,95.87,1
2026-07-28T17:45:00Z,95.87,95.87,95.87,95.87,4.0,95.87,2
2026-07-28T18:00:00Z,95.87,95.87,95.87,95.87,15.0,95.87,7
2026-07-28T18:15:00Z,95.87,95.87,95.865,95.865,3.0,95.8665,3
2026-07-28T18:30:00Z,95.865,95.865,95.865,95.865,0.0,95.865,0
2026-07-28T18:45:00Z,95.865,95.865,95.865,95.865,0.0,95.865,0
2026-07-28T19:00:00Z,95.865,95.865,95.865,95.865,0.0,95.865,0
2026-07-28T19:15:00Z,95.865,95.865,95.865,95.865,0.0,95.865,0
2026-07-28T19:30:00Z,95.865,95.865,95.865,95.865,42.0,95.865,2
2026-07-28T19:45:00Z,95.865,95.865,95.865,95.865,0.0,95.865,0
2026-07-28T20:00:00Z,95.865,95.865,95.865,95.865,1.0,95.865,1
2026-07-28T20:15:00Z,95.865,95.865,95.865,95.865,0.0,95.865,0
2026-07-28T20:30:00Z,95.865,95.865,95.865,95.865,54.0,95.865,5
2026-07-28T20:45:00Z,95.86,95.86,95.86,95.86,9.0,95.86,4
2026-07-28T22:00:00Z,95.855,95.855,95.855,95.855,34.0,95.855,15
2026-07-28T22:15:00Z,95.85,95.85,95.85,95.85,1.0,95.85,1
2026-07-28T22:30:00Z,95.85,95.85,95.85,95.85,0.0,95.85,0
2026-07-28T22:45:00Z,95.85,95.85,95.85,95.85,0.0,95.85,0
2026-07-28T23:00:00Z,95.85,95.85,95.85,95.85,0.0,95.85,0
2026-07-28T23:15:00Z,95.85,95.85,95.85,95.85,0.0,95.85,0
2026-07-28T23:30:00Z,95.85,95.85,95.85,95.85,0.0,95.85,0
2026-07-28T23:45:00Z,95.85,95.85,95.85,95.85,0.0,95.85,0
2026-07-29T00:00:00Z,95.845,95.845,95.845,95.845,1.0,95.845,1
2026-07-29T00:15:00Z,95.85,95.85,95.85,95.85,1.0,95.85,1
2026-07-29T00:30:00Z,95.85,95.85,95.85,95.85,0.0,95.85,0
2026-07-29T00:45:00Z,95.85,95.85,95.85,95.85,0.0,95.85,0
2026-07-29T01:00:00Z,95.85,95.85,95.85,95.85,1.0,95.85,1
2026-07-29T01:15:00Z,95.85,95.85,95.85,95.85,0.0,95.85,0
2026-07-29T01:30:00Z,95.85,95.85,95.85,95.85,0.0,95.85,0
2026-07-29T01:45:00Z,95.85,95.85,95.85,95.85,0.0,95.85,0
2026-07-29T02:00:00Z,95.85,95.85,95.85,95.85,0.0,95.85,0
2026-07-29T02:15:00Z,95.85,95.85,95.85,95.85,0.0,95.85,0
2026-07-29T02:30:00Z,95.85,95.85,95.85,95.85,0.0,95.85,0
2026-07-29T02:45:00Z,95.85,95.85,95.85,95.85,0.0,95.85,0
2026-07-29T03:00:00Z,95.85,95.85,95.85,95.85,0.0,95.85,0
2026-07-29T03:15:00Z,95.85,95.85,95.85,95.85,0.0,95.85,0
2026-07-29T03:30:00Z,95.85,95.85,95.85,95.85,2.0,95.85,1
2026-07-29T03:45:00Z,95.85,95.85,95.85,95.85,0.0,95.85,0
2026-07-29T04:00:00Z,95.85,95.85,95.85,95.85,0.0,95.85,0
2026-07-29T04:15:00Z,95.85,95.85,95.85,95.85,0.0,95.85,0
2026-07-29T04:30:00Z,95.85,95.85,95.85,95.85,0.0,95.85,0
2026-07-29T04:45:00Z,95.85,95.85,95.85,95.85,0.0,95.85,0
2026-07-29T05:00:00Z,95.85,95.85,95.85,95.85,0.0,95.85,0
2026-07-29T05:15:00Z,95.85,95.85,95.85,95.85,0.0,95.85,0
2026-07-29T05:30:00Z,95.855,95.855,95.855,95.855,3.0,95.855,1
2026-07-29T05:45:00Z,95.855,95.855,95.855,95.855,0.0,95.855,0
2026-07-29T06:00:00Z,95.855,95.855,95.855,95.855,0.0,95.855,0
2026-07-29T06:15:00Z,95.855,95.855,95.855,95.855,0.0,95.855,0
2026-07-29T06:30:00Z,95.855,95.855,95.855,95.855,0.0,95.855,0
2026-07-29T06:45:00Z,95.855,95.855,95.855,95.855,0.0,95.855,0
2026-07-29T07:00:00Z,95.855,95.855,95.855,95.855,0.0,95.855,0
2026-07-29T07:15:00Z,95.855,95.855,95.855,95.855,0.0,95.855,0
2026-07-29T07:30:00Z,95.85,95.85,95.85,95.85,2.0,95.85,1
2026-07-29T07:45:00Z,95.85,95.85,95.85,95.85,1.0,95.85,1
2026-07-29T08:00:00Z,95.845,95.845,95.845,95.845,2.0,95.845,1
2026-07-29T08:15:00Z,95.845,95.845,95.845,95.845,0.0,95.845,0
2026-07-29T08:30:00Z,95.845,95.845,95.845,95.845,0.0,95.845,0
2026-07-29T08:45:00Z,95.845,95.845,95.845,95.845,16.0,95.845,3
2026-07-29T09:00:00Z,95.845,95.845,95.845,95.845,0.0,95.845,0
2026-07-29T09:15:00Z,95.845,95.845,95.845,95.845,0.0,95.845,0
2026-07-29T09:30:00Z,95.845,95.845,95.845,95.845,0.0,95.845,0
2026-07-29T09:45:00Z,95.84,95.84,95.84,95.84,6.0,95.84,2
2026-07-29T10:00:00Z,95.84,95.84,95.84,95.84,0.0,95.84,0
2026-07-29T10:15:00Z,95.84,95.84,95.84,95.84,0.0,95.84,0
2026-07-29T10:30:00Z,95.825,95.825,95.82,95.82,13.0,95.824,3
2026-07-29T10:45:00Z,95.82,95.82,95.82,95.82,0.0,95.82,0
2026-07-29T11:00:00Z,95.82,95.82,95.82,95.82,0.0,95.82,0
2026-07-29T11:15:00Z,95.825,95.825,95.825,95.825,2.0,95.825,2
2026-07-29T11:30:00Z,95.825,95.825,95.825,95.825,0.0,95.825,0
2026-07-29T11:45:00Z,95.825,95.825,95.825,95.825,0.0,95.825,0
2026-07-29T12:00:00Z,95.83,95.83,95.83,95.83,1.0,95.83,1
2026-07-29T12:15:00Z,95.83,95.83,95.82,95.825,34.0,95.8245,13
2026-07-29T12:30:00Z,95.82,95.83,95.82,95.83,2.0,95.825,2
2026-07-29T12:45:00Z,95.83,95.83,95.83,95.83,10.0,95.83,2
2026-07-29T13:00:00Z,95.83,95.83,95.83,95.83,4.0,95.83,2
2026-07-29T13:15:00Z,95.83,95.83,95.83,95.83,82.0,95.83,15
2026-07-29T13:30:00Z,95.83,95.83,95.83,95.83,4.0,95.83,3
2026-07-29T13:45:00Z,95.835,95.835,95.835,95.835,16.0,95.835,3
2026-07-29T14:00:00Z,95.835,95.835,95.835,95.835,15.0,95.835,4
2026-07-29T14:15:00Z,95.83,95.83,95.83,95.83,3.0,95.83,1
2026-07-29T14:30:00Z,95.82,95.82,95.82,95.82,1.0,95.82,1
2026-07-29T14:45:00Z,95.815,95.815,95.81,95.81,10.0,95.813,6
2026-07-29T15:00:00Z,95.81,95.815,95.81,95.815,11.0,95.8135,5
2026-07-29T15:15:00Z,95.81,95.81,95.81,95.81,11.0,95.81,2
2026-07-29T15:30:00Z,95.81,95.81,95.81,95.81,0.0,95.81,0
2026-07-29T15:45:00Z,95.81,95.81,95.81,95.81,0.0,95.81,0
2026-07-29T16:00:00Z,95.795,95.795,95.795,95.795,38.0,95.795,8
2026-07-29T16:15:00Z,95.795,95.795,95.795,95.795,11.0,95.795,3
2026-07-29T16:30:00Z,95.79,95.79,95.79,95.79,26.0,95.79,3
2026-07-29T16:45:00Z,95.79,95.79,95.79,95.79,10.0,95.79,5
2026-07-29T17:00:00Z,95.785,95.8,95.785,95.795,115.0,95.793,12
2026-07-29T17:15:00Z,95.8,95.8,95.8,95.8,1.0,95.8,1
2026-07-29T17:30:00Z,95.8,95.815,95.79,95.815,55.0,95.801,18
2026-07-29T17:45:00Z,95.81,95.81,95.81,95.81,2.0,95.81,2
2026-07-29T18:00:00Z,95.885,95.89,95.855,95.86,59.0,95.866,20
2026-07-29T18:15:00Z,95.875,95.875,95.85,95.855,39.0,95.8625,16
2026-07-29T18:30:00Z,95.86,95.87,95.83,95.87,79.0,95.851,25
2026-07-29T18:45:00Z,95.875,95.89,95.875,95.89,6.0,95.884,4
2026-07-29T19:00:00Z,95.905,95.905,95.89,95.9,86.0,95.8995,30
2026-07-29T19:15:00Z,95.905,95.92,95.895,95.895,127.0,95.9115,34
2026-07-29T19:30:00Z,95.895,95.91,95.89,95.89,74.0,95.906,18
2026-07-29T19:45:00Z,95.905,95.905,95.895,95.895,3.0,95.8985,3
2026-07-29T20:00:00Z,95.89,95.895,95.89,95.89,47.0,95.8915,10
2026-07-29T20:15:00Z,95.885,95.885,95.86,95.875,38.0,95.8705,12
2026-07-29T20:30:00Z,95.875,95.875,95.865,95.87,21.0,95.867,12
2026-07-29T20:45:00Z,95.865,95.865,95.86,95.86,9.0,95.8645,3
2026-07-29T22:15:00Z,95.86,95.86,95.86,95.86,2.0,95.86,2
2026-07-29T22:30:00Z,95.86,95.86,95.86,95.86,0.0,95.86,0
2026-07-29T22:45:00Z,95.86,95.86,95.86,95.86,1.0,95.86,1
2026-07-29T23:00:00Z,95.865,95.865,95.865,95.865,2.0,95.865,2
2026-07-29T23:15:00Z,95.865,95.865,95.865,95.865,0.0,95.865,0
2026-07-29T23:30:00Z,95.865,95.865,95.865,95.865,0.0,95.865,0
2026-07-29T23:45:00Z,95.865,95.865,95.865,95.865,0.0,95.865,0
2026-07-30T00:00:00Z,95.865,95.865,95.865,95.865,0.0,95.865,0
2026-07-30T00:15:00Z,95.865,95.865,95.865,95.865,0.0,95.865,0
2026-07-30T00:30:00Z,95.865,95.865,95.865,95.865,0.0,95.865,0
2026-07-30T00:45:00Z,95.865,95.865,95.865,95.865,0.0,95.865,0
2026-07-30T01:00:00Z,95.865,95.865,95.865,95.865,0.0,95.865,0
2026-07-30T01:15:00Z,95.86,95.86,95.855,95.855,8.0,95.859,3
2026-07-30T01:30:00Z,95.855,95.855,95.855,95.855,0.0,95.855,0
2026-07-30T01:45:00Z,95.855,95.855,95.855,95.855,0.0,95.855,0
2026-07-30T02:00:00Z,95.855,95.855,95.855,95.855,0.0,95.855,0
2026-07-30T02:15:00Z,95.855,95.855,95.855,95.855,0.0,95.855,0
2026-07-30T02:30:00Z,95.855,95.855,95.855,95.855,0.0,95.855,0
2026-07-30T02:45:00Z,95.855,95.855,95.855,95.855,0.0,95.855,0
2026-07-30T03:00:00Z,95.845,95.845,95.845,95.845,1.0,95.845,1
2026-07-30T03:15:00Z,95.85,95.85,95.85,95.85,5.0,95.85,1
2026-07-30T03:30:00Z,95.845,95.845,95.845,95.845,9.0,95.845,2
2026-07-30T03:45:00Z,95.845,95.845,95.845,95.845,0.0,95.845,0
2026-07-30T04:00:00Z,95.845,95.845,95.845,95.845,0.0,95.845,0
2026-07-30T04:15:00Z,95.845,95.845,95.845,95.845,0.0,95.845,0
2026-07-30T04:30:00Z,95.845,95.845,95.845,95.845,0.0,95.845,0
2026-07-30T04:45:00Z,95.845,95.845,95.845,95.845,0.0,95.845,0
2026-07-30T05:00:00Z,95.845,95.845,95.845,95.845,0.0,95.845,0
2026-07-30T05:15:00Z,95.845,95.845,95.845,95.845,0.0,95.845,0
2026-07-30T05:30:00Z,95.845,95.845,95.845,95.845,0.0,95.845,0
2026-07-30T05:45:00Z,95.845,95.845,95.845,95.845,3.0,95.845,1
2026-07-30T06:00:00Z,95.83,95.83,95.825,95.825,2.0,95.8275,2
2026-07-30T06:15:00Z,95.825,95.825,95.825,95.825,2.0,95.825,2
2026-07-30T06:30:00Z,95.825,95.825,95.825,95.825,0.0,95.825,0
2026-07-30T06:45:00Z,95.825,95.825,95.825,95.825,0.0,95.825,0
2026-07-30T07:00:00Z,95.85,95.855,95.85,95.855,20.0,95.8505,4
2026-07-30T07:15:00Z,95.855,95.855,95.855,95.855,1.0,95.855,1
2026-07-30T07:30:00Z,95.855,95.855,95.855,95.855,0.0,95.855,0
2026-07-30T07:45:00Z,95.845,95.845,95.845,95.845,1.0,95.845,1
2026-07-30T08:00:00Z,95.85,95.855,95.85,95.855,6.0,95.854,4
2026-07-30T08:15:00Z,95.855,95.855,95.855,95.855,2.0,95.855,1
2026-07-30T08:30:00Z,95.855,95.855,95.855,95.855,1.0,95.855,1
2026-07-30T08:45:00Z,95.855,95.855,95.855,95.855,5.0,95.855,2
2026-07-30T09:00:00Z,95.855,95.855,95.855,95.855,0.0,95.855,0
2026-07-30T09:15:00Z,95.855,95.855,95.855,95.855,0.0,95.855,0
2026-07-30T09:30:00Z,95.855,95.855,95.855,95.855,0.0,95.855,0
2026-07-30T09:45:00Z,95.86,95.86,95.86,95.86,1.0,95.86,1
2026-07-30T10:00:00Z,95.86,95.86,95.86,95.86,1.0,95.86,1
2026-07-30T10:15:00Z,95.865,95.865,95.865,95.865,5.0,95.865,1
2026-07-30T10:30:00Z,95.865,95.865,95.865,95.865,0.0,95.865,0
2026-07-30T10:45:00Z,95.87,95.87,95.87,95.87,1.0,95.87,1
2026-07-30T11:00:00Z,95.875,95.875,95.875,95.875,22.0,95.875,4
2026-07-30T11:15:00Z,95.88,95.88,95.88,95.88,1.0,95.88,1
2026-07-30T11:30:00Z,95.88,95.88,95.88,95.88,1.0,95.88,1
2026-07-30T11:45:00Z,95.875,95.88,95.875,95.88,13.0,95.879,6
2026-07-30T12:00:00Z,95.885,95.895,95.885,95.89,81.0,95.89,18
2026-07-30T12:15:00Z,95.89,95.89,95.89,95.89,30.0,95.89,7
2026-07-30T12:30:00Z,95.895,95.895,95.88,95.885,8.0,95.8875,8
2026-07-30T12:45:00Z,95.885,95.89,95.88,95.885,26.0,95.8855,6
2026-07-30T13:00:00Z,95.89,95.895,95.89,95.895,83.0,95.89,14
2026-07-30T13:15:00Z,95.905,95.92,95.9,95.915,59.0,95.907,18
2026-07-30T13:30:00Z,95.92,95.93,95.92,95.925,41.0,95.9265,23
2026-07-30T13:45:00Z,95.92,95.92,95.91,95.915,91.0,95.9125,25
2026-07-30T14:00:00Z,95.91,95.91,95.91,95.91,13.0,95.91,3
2026-07-30T14:15:00Z,95.915,95.915,95.915,95.915,6.0,95.915,3
2026-07-30T14:30:00Z,95.91,95.91,95.91,95.91,1.0,95.91,1
2026-07-30T14:45:00Z,95.91,95.91,95.91,95.91,8.0,95.91,3
2026-07-30T15:00:00Z,95.9,95.9,95.895,95.895,5.0,95.899,2
2026-07-30T15:15:00Z,95.895,95.895,95.895,95.895,6.0,95.895,2
2026-07-30T15:30:00Z,95.895,95.895,95.895,95.895,0.0,95.895,0
2026-07-30T15:45:00Z,95.895,95.895,95.895,95.895,0.0,95.895,0
2026-07-30T16:00:00Z,95.895,95.895,95.895,95.895,0.0,95.895,0
2026-07-30T16:15:00Z,95.895,95.895,95.895,95.895,0.0,95.895,0
2026-07-30T16:30:00Z,95.915,95.915,95.915,95.915,24.0,95.915,10
2026-07-30T16:45:00Z,95.915,95.915,95.915,95.915,0.0,95.915,0
2026-07-30T17:00:00Z,95.91,95.91,95.91,95.91,7.0,95.91,3
2026-07-30T17:15:00Z,95.91,95.91,95.91,95.91,0.0,95.91,0
2026-07-30T17:30:00Z,95.91,95.91,95.9,95.9,10.0,95.906,2
2026-07-30T17:45:00Z,95.895,95.9,95.895,95.9,30.0,95.8985,9
2026-07-30T18:00:00Z,95.905,95.905,95.905,95.905,4.0,95.905,4
2026-07-30T18:15:00Z,95.9,95.9,95.9,95.9,66.0,95.9,4
2026-07-30T18:30:00Z,95.9,95.9,95.9,95.9,0.0,95.9,0
2026-07-30T18:45:00Z,95.9,95.9,95.9,95.9,0.0,95.9,0
2026-07-30T19:00:00Z,95.905,95.905,95.895,95.895,34.0,95.898,8
2026-07-30T19:15:00Z,95.895,95.895,95.895,95.895,3.0,95.895,1
2026-07-30T19:30:00Z,95.895,95.895,95.895,95.895,0.0,95.895,0
2026-07-30T19:45:00Z,95.895,95.895,95.895,95.895,0.0,95.895,0
2026-07-30T20:00:00Z,95.895,95.895,95.895,95.895,0.0,95.895,0
2026-07-30T20:15:00Z,95.895,95.895,95.895,95.895,0.0,95.895,0
2026-07-30T20:30:00Z,95.895,95.895,95.895,95.895,0.0,95.895,0
2026-07-30T20:45:00Z,95.895,95.895,95.895,95.895,0.0,95.895,0
2026-07-30T23:15:00Z,95.885,95.885,95.885,95.885,1.0,95.885,1
2026-07-30T23:30:00Z,95.885,95.885,95.885,95.885,0.0,95.885,0
2026-07-30T23:45:00Z,95.885,95.885,95.885,95.885,0.0,95.885,0
2026-07-31T00:00:00Z,95.885,95.885,95.885,95.885,1.0,95.885,1
2026-07-31T00:15:00Z,95.885,95.885,95.885,95.885,0.0,95.885,0
2026-07-31T00:30:00Z,95.885,95.885,95.885,95.885,0.0,95.885,0
2026-07-31T00:45:00Z,95.885,95.885,95.885,95.885,0.0,95.885,0
2026-07-31T01:00:00Z,95.895,95.9,95.895,95.9,8.0,95.8975,3
2026-07-31T01:15:00Z,95.9,95.9,95.9,95.9,0.0,95.9,0
2026-07-31T01:30:00Z,95.9,95.9,95.9,95.9,0.0,95.9,0
2026-07-31T01:45:00Z,95.9,95.9,95.9,95.9,0.0,95.9,0
2026-07-31T02:00:00Z,95.905,95.91,95.905,95.91,15.0,95.907,5
2026-07-31T02:15:00Z,95.91,95.91,95.91,95.91,0.0,95.91,0
2026-07-31T02:30:00Z,95.905,95.905,95.905,95.905,1.0,95.905,1
2026-07-31T02:45:00Z,95.905,95.905,95.905,95.905,0.0,95.905,0
2026-07-31T03:00:00Z,95.905,95.905,95.905,95.905,0.0,95.905,0
2026-07-31T03:15:00Z,95.905,95.905,95.905,95.905,0.0,95.905,0
2026-07-31T03:30:00Z,95.9,95.9,95.9,95.9,2.0,95.9,2
2026-07-31T03:45:00Z,95.9,95.9,95.9,95.9,0.0,95.9,0
2026-07-31T04:00:00Z,95.9,95.9,95.9,95.9,0.0,95.9,0
2026-07-31T04:15:00Z,95.9,95.9,95.9,95.9,0.0,95.9,0
2026-07-31T04:30:00Z,95.9,95.9,95.9,95.9,1.0,95.9,1
2026-07-31T04:45:00Z,95.9,95.9,95.9,95.9,0.0,95.9,0
2026-07-31T05:00:00Z,95.9,95.9,95.9,95.9,0.0,95.9,0
2026-07-31T05:15:00Z,95.9,95.9,95.9,95.9,0.0,95.9,0
2026-07-31T05:30:00Z,95.9,95.9,95.9,95.9,0.0,95.9,0
2026-07-31T05:45:00Z,95.9,95.9,95.9,95.9,0.0,95.9,0
2026-07-31T06:00:00Z,95.905,95.905,95.905,95.905,2.0,95.905,1
2026-07-31T06:15:00Z,95.905,95.905,95.905,95.905,0.0,95.905,0
2026-07-31T06:30:00Z,95.9,95.9,95.9,95.9,7.0,95.9,4
2026-07-31T06:45:00Z,95.9,95.9,95.9,95.9,1.0,95.9,1
2026-07-31T07:00:00Z,95.9,95.9,95.9,95.9,0.0,95.9,0
2026-07-31T07:15:00Z,95.9,95.9,95.9,95.9,0.0,95.9,0
2026-07-31T07:30:00Z,95.89,95.89,95.89,95.89,30.0,95.89,5
2026-07-31T07:45:00Z,95.89,95.89,95.89,95.89,2.0,95.89,1
2026-07-31T08:00:00Z,95.89,95.89,95.89,95.89,4.0,95.89,2
2026-07-31T08:15:00Z,95.895,95.895,95.895,95.895,5.0,95.895,1
2026-07-31T08:30:00Z,95.895,95.895,95.895,95.895,0.0,95.895,0
2026-07-31T08:45:00Z,95.895,95.895,95.895,95.895,0.0,95.895,0
2026-07-31T09:00:00Z,95.895,95.895,95.895,95.895,2.0,95.895,1
2026-07-31T09:15:00Z,95.89,95.89,95.89,95.89,7.0,95.89,3
2026-07-31T09:30:00Z,95.88,95.88,95.88,95.88,2.0,95.88,1
2026-07-31T09:45:00Z,95.88,95.88,95.88,95.88,0.0,95.88,0
2026-07-31T10:00:00Z,95.88,95.88,95.88,95.88,0.0,95.88,0
2026-07-31T10:15:00Z,95.88,95.88,95.88,95.88,2.0,95.88,1
2026-07-31T10:30:00Z,95.875,95.875,95.875,95.875,31.0,95.875,7
2026-07-31T10:45:00Z,95.875,95.875,95.875,95.875,0.0,95.875,0
2026-07-31T11:00:00Z,95.875,95.875,95.875,95.875,12.0,95.875,2
2026-07-31T11:15:00Z,95.875,95.875,95.875,95.875,0.0,95.875,0
2026-07-31T11:30:00Z,95.875,95.875,95.865,95.87,30.0,95.87,7
2026-07-31T11:45:00Z,95.87,95.87,95.87,95.87,6.0,95.87,1
2026-07-31T12:00:00Z,95.87,95.87,95.865,95.865,33.0,95.869,11
2026-07-31T12:15:00Z,95.865,95.865,95.85,95.85,6.0,95.859,3
2026-07-31T12:30:00Z,95.85,95.85,95.845,95.85,55.0,95.8455,10
2026-07-31T12:45:00Z,95.845,95.845,95.84,95.84,84.0,95.8435,15
2026-07-31T13:00:00Z,95.84,95.84,95.835,95.835,41.0,95.8375,7
2026-07-31T13:15:00Z,95.825,95.83,95.825,95.83,59.0,95.828,18
2026-07-31T13:30:00Z,95.83,95.83,95.815,95.815,46.0,95.8255,14
2026-07-31T13:45:00Z,95.82,95.825,95.82,95.825,47.0,95.8235,9
2026-07-31T14:00:00Z,95.825,95.83,95.825,95.83,27.0,95.8255,9
2026-07-31T14:15:00Z,95.835,95.835,95.835,95.835,18.0,95.835,7
2026-07-31T14:30:00Z,95.835,95.835,95.83,95.83,117.0,95.83,10
2026-07-31T14:45:00Z,95.825,95.825,95.825,95.825,7.0,95.825,5
2026-07-31T15:00:00Z,95.825,95.83,95.825,95.83,43.0,95.826,10
2026-07-31T15:15:00Z,95.83,95.83,95.825,95.825,92.0,95.826,12
2026-07-31T15:30:00Z,95.825,95.825,95.82,95.82,83.0,95.822,13
2026-07-31T15:45:00Z,95.82,95.82,95.82,95.82,26.0,95.82,7
2026-07-31T16:00:00Z,95.82,95.825,95.82,95.825,9.0,95.824,3
2026-07-31T16:15:00Z,95.82,95.82,95.815,95.815,9.0,95.8185,4
2026-07-31T16:30:00Z,95.82,95.82,95.82,95.82,1.0,95.82,1
2026-07-31T16:45:00Z,95.82,95.825,95.82,95.825,4.0,95.8225,4
2026-07-31T17:00:00Z,95.825,95.825,95.825,95.825,54.0,95.825,11
2026-07-31T17:15:00Z,95.825,95.825,95.825,95.825,11.0,95.825,5
2026-07-31T17:30:00Z,95.825,95.825,95.825,95.825,7.0,95.825,4
2026-07-31T17:45:00Z,95.825,95.825,95.825,95.825,3.0,95.825,1
2026-07-31T18:00:00Z,95.825,95.825,95.825,95.825,6.0,95.825,2
2026-07-31T18:15:00Z,95.82,95.825,95.82,95.825,15.0,95.821,3
2026-07-31T18:30:00Z,95.825,95.825,95.825,95.825,7.0,95.825,3
2026-07-31T18:45:00Z,95.825,95.825,95.82,95.82,7.0,95.8245,3
2026-07-31T19:00:00Z,95.825,95.825,95.825,95.825,7.0,95.825,3
2026-07-31T19:15:00Z,95.83,95.83,95.83,95.83,3.0,95.83,1
2026-07-31T19:30:00Z,95.83,95.84,95.83,95.84,30.0,95.839,5
2026-07-31T19:45:00Z,95.845,95.845,95.845,95.845,18.0,95.845,6
2026-07-31T20:00:00Z,95.845,95.845,95.835,95.845,24.0,95.8405,11
2026-07-31T20:15:00Z,95.845,95.845,95.845,95.845,48.0,95.845,9
2026-07-31T20:30:00Z,95.845,95.86,95.845,95.855,109.0,95.852,25
2026-07-31T20:45:00Z,95.855,95.855,95.82,95.82,92.0,95.8375,36
2026-08-02T22:00:00Z,95.885,95.885,95.875,95.875,3.0,95.88,3
2026-08-02T22:15:00Z,95.88,95.88,95.88,95.88,4.0,95.88,2
2026-08-02T22:30:00Z,95.88,95.88,95.88,95.88,0.0,95.88,0
2026-08-02T22:45:00Z,95.88,95.88,95.88,95.88,0.0,95.88,0
2026-08-02T23:00:00Z,95.88,95.88,95.88,95.88,0.0,95.88,0
2026-08-02T23:15:00Z,95.88,95.88,95.88,95.88,0.0,95.88,0
2026-08-02T23:30:00Z,95.875,95.875,95.875,95.875,1.0,95.875,1
2026-08-02T23:45:00Z,95.87,95.87,95.87,95.87,4.0,95.87,2
2026-08-03T00:00:00Z,95.875,95.875,95.875,95.875,1.0,95.875,1
2026-08-03T00:15:00Z,95.88,95.88,95.88,95.88,1.0,95.88,1
2026-08-03T00:30:00Z,95.88,95.88,95.88,95.88,1.0,95.88,1
2026-08-03T00:45:00Z,95.88,95.88,95.88,95.88,0.0,95.88,0
2026-08-03T01:00:00Z,95.88,95.88,95.88,95.88,0.0,95.88,0
2026-08-03T01:15:00Z,95.87,95.87,95.87,95.87,9.0,95.87,4
2026-08-03T01:30:00Z,95.87,95.87,95.87,95.87,4.0,95.87,3
2026-08-03T01:45:00Z,95.87,95.87,95.87,95.87,2.0,95.87,2
2026-08-03T02:00:00Z,95.87,95.87,95.87,95.87,0.0,95.87,0
2026-08-03T02:15:00Z,95.87,95.87,95.87,95.87,3.0,95.87,2
2026-08-03T02:30:00Z,95.87,95.87,95.87,95.87,0.0,95.87,0
2026-08-03T02:45:00Z,95.87,95.87,95.87,95.87,0.0,95.87,0
2026-08-03T03:00:00Z,95.87,95.87,95.87,95.87,0.0,95.87,0
2026-08-03T03:15:00Z,95.875,95.875,95.875,95.875,6.0,95.875,1
2026-08-03T03:30:00Z,95.87,95.87,95.87,95.87,5.0,95.87,1
2026-08-03T03:45:00Z,95.87,95.87,95.87,95.87,0.0,95.87,0
2026-08-03T04:00:00Z,95.87,95.87,95.87,95.87,0.0,95.87,0
2026-08-03T04:15:00Z,95.87,95.87,95.87,95.87,0.0,95.87,0
2026-08-03T04:30:00Z,95.87,95.87,95.87,95.87,0.0,95.87,0
2026-08-03T04:45:00Z,95.87,95.87,95.87,95.87,26.0,95.87,12
2026-08-03T05:00:00Z,95.87,95.87,95.87,95.87,0.0,95.87,0
2026-08-03T05:15:00Z,95.87,95.87,95.87,95.87,0.0,95.87,0
2026-08-03T05:30:00Z,95.87,95.87,95.87,95.87,0.0,95.87,0
2026-08-03T05:45:00Z,95.87,95.87,95.87,95.87,0.0,95.87,0
2026-08-03T06:00:00Z,95.88,95.88,95.88,95.88,17.0,95.88,1
2026-08-03T06:15:00Z,95.87,95.87,95.87,95.87,2.0,95.87,2
2026-08-03T06:30:00Z,95.87,95.87,95.87,95.87,0.0,95.87,0
2026-08-03T06:45:00Z,95.87,95.87,95.87,95.87,0.0,95.87,0
2026-08-03T07:00:00Z,95.87,95.87,95.87,95.87,0.0,95.87,0
2026-08-03T07:15:00Z,95.87,95.87,95.86,95.865,20.0,95.865,6
2026-08-03T07:30:00Z,95.865,95.865,95.865,95.865,0.0,95.865,0
2026-08-03T07:45:00Z,95.865,95.865,95.865,95.865,0.0,95.865,0
2026-08-03T08:00:00Z,95.865,95.865,95.865,95.865,0.0,95.865,0
2026-08-03T08:15:00Z,95.865,95.865,95.865,95.865,0.0,95.865,0
2026-08-03T08:30:00Z,95.865,95.865,95.865,95.865,2.0,95.865,1
2026-08-03T08:45:00Z,95.865,95.865,95.865,95.865,2.0,95.865,1
2026-08-03T09:00:00Z,95.87,95.87,95.87,95.87,2.0,95.87,1
2026-08-03T09:15:00Z,95.87,95.87,95.87,95.87,2.0,95.87,1
2026-08-03T09:30:00Z,95.87,95.87,95.87,95.87,3.0,95.87,3
2026-08-03T09:45:00Z,95.87,95.87,95.87,95.87,47.0,95.87,8
2026-08-03T10:00:00Z,95.875,95.875,95.875,95.875,3.0,95.875,2
2026-08-03T10:15:00Z,95.875,95.875,95.875,95.875,0.0,95.875,0
2026-08-03T10:30:00Z,95.875,95.875,95.875,95.875,14.0,95.875,2
2026-08-03T10:45:00Z,95.88,95.885,95.88,95.885,7.0,95.8845,4
2026-08-03T11:00:00Z,95.885,95.885,95.885,95.885,1.0,95.885,1
2026-08-03T11:15:00Z,95.885,95.885,95.885,95.885,0.0,95.885,0
2026-08-03T11:30:00Z,95.88,95.88,95.88,95.88,28.0,95.88,3
2026-08-03T11:45:00Z,95.88,95.88,95.88,95.88,4.0,95.88,2
2026-08-03T12:00:00Z,95.885,95.895,95.885,95.89,94.0,95.8885,13
2026-08-03T12:15:00Z,95.885,95.885,95.88,95.88,75.0,95.8815,10
2026-08-03T12:30:00Z,95.88,95.88,95.88,95.88,60.0,95.88,15
2026-08-03T12:45:00Z,95.88,95.88,95.875,95.875,38.0,95.876,12
2026-08-03T13:00:00Z,95.875,95.875,95.87,95.87,39.0,95.874,6
2026-08-03T13:15:00Z,95.87,95.87,95.87,95.87,124.0,95.87,16
2026-08-03T13:30:00Z,95.87,95.87,95.87,95.87,18.0,95.87,11
2026-08-03T13:45:00Z,95.87,95.875,95.87,95.875,54.0,95.8745,11
2026-08-03T14:00:00Z,95.86,95.87,95.86,95.87,118.0,95.867,21
2026-08-03T14:15:00Z,95.87,95.87,95.87,95.87,9.0,95.87,3
2026-08-03T14:30:00Z,95.87,95.87,95.865,95.865,14.0,95.8655,6
2026-08-03T14:45:00Z,95.865,95.865,95.865,95.865,31.0,95.865,10
2026-08-03T15:00:00Z,95.865,95.87,95.855,95.865,104.0,95.8635,20
2026-08-03T15:15:00Z,95.87,95.87,95.86,95.865,58.0,95.8655,16
2026-08-03T15:30:00Z,95.86,95.87,95.86,95.865,240.0,95.865,36
2026-08-03T15:45:00Z,95.865,95.865,95.86,95.86,10.0,95.863,3
2026-08-03T16:00:00Z,95.855,95.855,95.855,95.855,34.0,95.855,9
2026-08-03T16:15:00Z,95.855,95.855,95.855,95.855,0.0,95.855,0
2026-08-03T16:30:00Z,95.855,95.855,95.855,95.855,0.0,95.855,0
2026-08-03T16:45:00Z,95.86,95.86,95.86,95.86,11.0,95.86,2
2026-08-03T17:00:00Z,95.86,95.86,95.86,95.86,0.0,95.86,0
2026-08-03T17:15:00Z,95.86,95.86,95.86,95.86,27.0,95.86,7
2026-08-03T17:30:00Z,95.865,95.865,95.865,95.865,41.0,95.865,7
2026-08-03T17:45:00Z,95.86,95.86,95.86,95.86,19.0,95.86,4
2026-08-03T18:00:00Z,95.86,95.86,95.86,95.86,30.0,95.86,10
2026-08-03T18:15:00Z,95.86,95.86,95.86,95.86,79.0,95.86,6
2026-08-03T18:30:00Z,95.86,95.86,95.86,95.86,32.0,95.86,4
2026-08-03T18:45:00Z,95.865,95.865,95.865,95.865,39.0,95.865,12
2026-08-03T19:00:00Z,95.865,95.865,95.865,95.865,24.0,95.865,7
2026-08-03T19:15:00Z,95.865,95.865,95.865,95.865,20.0,95.865,4
2026-08-03T19:30:00Z,95.865,95.87,95.865,95.87,5.0,95.868,3
2026-08-03T19:45:00Z,95.865,95.865,95.865,95.865,19.0,95.865,4
2026-08-03T20:00:00Z,95.865,95.865,95.865,95.865,1.0,95.865,1
2026-08-03T20:15:00Z,95.875,95.875,95.875,95.875,10.0,95.875,2
2026-08-03T20:30:00Z,95.88,95.88,95.88,95.88,54.0,95.88,14
2026-08-03T20:45:00Z,95.88,95.88,95.88,95.88,0.0,95.88,0
2026-08-03T23:30:00Z,95.875,95.875,95.875,95.875,11.0,95.875,1
2026-08-03T23:45:00Z,95.875,95.875,95.875,95.875,0.0,95.875,0
2026-08-04T00:00:00Z,95.875,95.875,95.875,95.875,0.0,95.875,0
2026-08-04T00:15:00Z,95.875,95.875,95.875,95.875,0.0,95.875,0
2026-08-04T00:30:00Z,95.875,95.875,95.875,95.875,0.0,95.875,0
2026-08-04T00:45:00Z,95.875,95.875,95.875,95.875,0.0,95.875,0
2026-08-04T01:00:00Z,95.87,95.87,95.87,95.87,45.0,95.87,4
2026-08-04T01:15:00Z,95.87,95.87,95.87,95.87,7.0,95.87,2
2026-08-04T01:30:00Z,95.87,95.87,95.87,95.87,3.0,95.87,1
2026-08-04T01:45:00Z,95.87,95.87,95.87,95.87,0.0,95.87,0
2026-08-04T02:00:00Z,95.875,95.875,95.875,95.875,4.0,95.875,1
2026-08-04T02:15:00Z,95.875,95.875,95.875,95.875,3.0,95.875,1
2026-08-04T02:30:00Z,95.875,95.875,95.875,95.875,0.0,95.875,0
2026-08-04T02:45:00Z,95.875,95.875,95.875,95.875,0.0,95.875,0
2026-08-04T03:00:00Z,95.875,95.875,95.875,95.875,0.0,95.875,0
2026-08-04T03:15:00Z,95.875,95.875,95.875,95.875,0.0,95.875,0
2026-08-04T03:30:00Z,95.875,95.875,95.87,95.87,18.0,95.8725,6
2026-08-04T03:45:00Z,95.87,95.87,95.87,95.87,0.0,95.87,0
2026-08-04T04:00:00Z,95.87,95.87,95.87,95.87,0.0,95.87,0
2026-08-04T04:15:00Z,95.87,95.87,95.87,95.87,0.0,95.87,0
2026-08-04T04:30:00Z,95.87,95.87,95.87,95.87,3.0,95.87,1
2026-08-04T04:45:00Z,95.87,95.87,95.87,95.87,0.0,95.87,0
2026-08-04T05:00:00Z,95.87,95.87,95.87,95.87,0.0,95.87,0
2026-08-04T05:15:00Z,95.87,95.87,95.87,95.87,0.0,95.87,0
2026-08-04T05:30:00Z,95.87,95.87,95.87,95.87,0.0,95.87,0
2026-08-04T05:45:00Z,95.865,95.865,95.865,95.865,5.0,95.865,2
2026-08-04T06:00:00Z,95.87,95.87,95.865,95.865,7.0,95.867,2
2026-08-04T06:15:00Z,95.865,95.865,95.865,95.865,0.0,95.865,0
2026-08-04T06:30:00Z,95.865,95.865,95.865,95.865,0.0,95.865,0
2026-08-04T06:45:00Z,95.865,95.865,95.865,95.865,0.0,95.865,0
2026-08-04T07:00:00Z,95.865,95.865,95.865,95.865,0.0,95.865,0
2026-08-04T07:15:00Z,95.865,95.865,95.865,95.865,0.0,95.865,0
2026-08-04T07:30:00Z,95.87,95.87,95.87,95.87,25.0,95.87,7
2026-08-04T07:45:00Z,95.87,95.87,95.87,95.87,14.0,95.87,4
2026-08-04T08:00:00Z,95.87,95.87,95.87,95.87,26.0,95.87,3
2026-08-04T08:15:00Z,95.87,95.87,95.87,95.87,1.0,95.87,1
2026-08-04T08:30:00Z,95.865,95.865,95.865,95.865,3.0,95.865,2
2026-08-04T08:45:00Z,95.865,95.865,95.865,95.865,0.0,95.865,0
2026-08-04T09:00:00Z,95.86,95.86,95.86,95.86,8.0,95.86,4
2026-08-04T09:15:00Z,95.86,95.86,95.86,95.86,0.0,95.86,0
2026-08-04T09:30:00Z,95.86,95.86,95.86,95.86,5.0,95.86,2
2026-08-04T09:45:00Z,95.855,95.86,95.855,95.86,6.0,95.8585,3
2026-08-04T10:00:00Z,95.86,95.86,95.855,95.86,9.0,95.859,5
2026-08-04T10:15:00Z,95.86,95.86,95.86,95.86,0.0,95.86,0
2026-08-04T10:30:00Z,95.86,95.865,95.86,95.865,60.0,95.8635,6
2026-08-04T10:45:00Z,95.865,95.875,95.865,95.875,26.0,95.871,6
2026-08-04T11:00:00Z,95.865,95.865,95.865,95.865,4.0,95.865,2
2026-08-04T11:15:00Z,95.87,95.87,95.87,95.87,9.0,95.87,2
2026-08-04T11:30:00Z,95.88,95.89,95.88,95.89,21.0,95.888,6
2026-08-04T11:45:00Z,95.895,95.9,95.89,95.9,59.0,95.896,25
2026-08-04T12:00:00Z,95.9,95.9,95.895,95.895,28.0,95.8985,10
2026-08-04T12:15:00Z,95.895,95.905,95.895,95.905,116.0,95.901,18
2026-08-04T12:30:00Z,95.91,95.92,95.91,95.92,101.0,95.916,18
2026-08-04T12:45:00Z,95.92,95.92,95.915,95.915,8.0,95.918,3
2026-08-04T13:00:00Z,95.91,95.915,95.91,95.915,27.0,95.9105,10
2026-08-04T13:15:00Z,95.92,95.935,95.92,95.935,34.0,95.927,15
2026-08-04T13:30:00Z,95.94,95.94,95.94,95.94,25.0,95.94,13
2026-08-04T13:45:00Z,95.94,95.94,95.935,95.94,44.0,95.94,11
2026-08-04T14:00:00Z,95.94,95.94,95.935,95.935,55.0,95.9355,15
2026-08-04T14:15:00Z,95.935,95.935,95.93,95.935,14.0,95.9345,10
2026-08-04T14:30:00Z,95.93,95.935,95.93,95.935,115.0,95.9325,39
2026-08-04T14:45:00Z,95.93,95.93,95.93,95.93,29.0,95.93,7
2026-08-04T15:00:00Z,95.925,95.925,95.925,95.925,4.0,95.925,2
2026-08-04T15:15:00Z,95.925,95.925,95.925,95.925,26.0,95.925,8
2026-08-04T15:30:00Z,95.925,95.93,95.925,95.93,51.0,95.927,24
2026-08-04T15:45:00Z,95.93,95.935,95.93,95.935,9.0,95.932,5
2026-08-04T16:00:00Z,95.93,95.93,95.93,95.93,2.0,95.93,2
2026-08-04T16:15:00Z,95.935,95.935,95.935,95.935,10.0,95.935,5
2026-08-04T16:30:00Z,95.935,95.935,95.93,95.93,31.0,95.9305,9
2026-08-04T16:45:00Z,95.93,95.935,95.93,95.935,105.0,95.93,8
2026-08-04T17:00:00Z,95.93,95.935,95.93,95.935,25.0,95.9335,7
2026-08-04T17:15:00Z,95.93,95.93,95.93,95.93,38.0,95.93,12
2026-08-04T17:30:00Z,95.93,95.935,95.93,95.935,21.0,95.93,11
2026-08-04T17:45:00Z,95.935,95.935,95.935,95.935,0.0,95.935,0
2026-08-04T18:00:00Z,95.93,95.93,95.93,95.93,3.0,95.93,3
2026-08-04T18:15:00Z,95.93,95.93,95.93,95.93,6.0,95.93,4
2026-08-04T18:30:00Z,95.93,95.93,95.93,95.93,0.0,95.93,0
2026-08-04T18:45:00Z,95.935,95.935,95.935,95.935,45.0,95.935,13
2026-08-04T19:00:00Z,95.935,95.935,95.935,95.935,2.0,95.935,1
2026-08-04T19:15:00Z,95.935,95.935,95.93,95.93,18.0,95.9315,8
2026-08-04T19:30:00Z,95.93,95.93,95.93,95.93,4.0,95.93,2
2026-08-04T19:45:00Z,95.93,95.93,95.93,95.93,45.0,95.93,19
2026-08-04T20:00:00Z,95.935,95.935,95.93,95.93,51.0,95.9325,7
2026-08-04T20:15:00Z,95.93,95.93,95.93,95.93,0.0,95.93,0
2026-08-04T20:30:00Z,95.93,95.93,95.93,95.93,0.0,95.93,0
2026-08-04T20:45:00Z,95.935,95.935,95.935,95.935,9.0,95.935,3
2026-08-04T22:30:00Z,95.935,95.935,95.935,95.935,1.0,95.935,1
2026-08-04T22:45:00Z,95.935,95.935,95.935,95.935,0.0,95.935,0
2026-08-04T23:00:00Z,95.935,95.935,95.935,95.935,0.0,95.935,0
2026-08-04T23:15:00Z,95.935,95.935,95.935,95.935,0.0,95.935,0
2026-08-04T23:30:00Z,95.935,95.935,95.935,95.935,0.0,95.935,0
2026-08-04T23:45:00Z,95.935,95.935,95.935,95.935,0.0,95.935,0
2026-08-05T00:00:00Z,95.93,95.935,95.93,95.93,10.0,95.9335,5
2026-08-05T00:15:00Z,95.93,95.93,95.93,95.93,0.0,95.93,0
2026-08-05T00:30:00Z,95.93,95.93,95.93,95.93,0.0,95.93,0
2026-08-05T00:45:00Z,95.93,95.93,95.93,95.93,0.0,95.93,0
2026-08-05T01:00:00Z,95.925,95.925,95.92,95.92,16.0,95.923,5
2026-08-05T01:15:00Z,95.92,95.92,95.92,95.92,1.0,95.92,1
2026-08-05T01:30:00Z,95.92,95.92,95.92,95.92,11.0,95.92,3
2026-08-05T01:45:00Z,95.92,95.92,95.92,95.92,4.0,95.92,1
2026-08-05T02:00:00Z,95.925,95.925,95.925,95.925,5.0,95.925,3
2026-08-05T02:15:00Z,95.93,95.935,95.93,95.935,9.0,95.934,5
2026-08-05T02:30:00Z,95.94,95.94,95.94,95.94,5.0,95.94,3
2026-08-05T02:45:00Z,95.94,95.94,95.94,95.94,0.0,95.94,0
2026-08-05T03:00:00Z,95.94,95.94,95.94,95.94,0.0,95.94,0
2026-08-05T03:15:00Z,95.94,95.94,95.94,95.94,1.0,95.94,1
2026-08-05T03:30:00Z,95.94,95.94,95.94,95.94,0.0,95.94,0
2026-08-05T03:45:00Z,95.94,95.94,95.94,95.94,0.0,95.94,0
2026-08-05T04:00:00Z,95.94,95.94,95.94,95.94,0.0,95.94,0
2026-08-05T04:15:00Z,95.935,95.935,95.935,95.935,3.0,95.935,2
2026-08-05T04:30:00Z,95.935,95.935,95.935,95.935,0.0,95.935,0
2026-08-05T04:45:00Z,95.935,95.935,95.935,95.935,0.0,95.935,0
2026-08-05T05:00:00Z,95.935,95.935,95.935,95.935,0.0,95.935,0
2026-08-05T05:15:00Z,95.935,95.935,95.935,95.935,2.0,95.935,1
2026-08-05T05:30:00Z,95.935,95.935,95.935,95.935,0.0,95.935,0
2026-08-05T05:45:00Z,95.94,95.94,95.94,95.94,2.0,95.94,1
2026-08-05T06:00:00Z,95.94,95.94,95.94,95.94,5.0,95.94,2
2026-08-05T06:15:00Z,95.94,95.94,95.94,95.94,0.0,95.94,0
2026-08-05T06:30:00Z,95.935,95.935,95.935,95.935,10.0,95.935,6
2026-08-05T06:45:00Z,95.935,95.935,95.935,95.935,0.0,95.935,0
2026-08-05T07:00:00Z,95.935,95.935,95.925,95.925,6.0,95.9315,3
2026-08-05T07:15:00Z,95.925,95.925,95.925,95.925,4.0,95.925,2
2026-08-05T07:30:00Z,95.925,95.925,95.925,95.925,5.0,95.925,3
2026-08-05T07:45:00Z,95.925,95.925,95.925,95.925,0.0,95.925,0
2026-08-05T08:00:00Z,95.93,95.93,95.925,95.925,13.0,95.929,7
2026-08-05T08:15:00Z,95.925,95.925,95.925,95.925,9.0,95.925,3
2026-08-05T08:30:00Z,95.925,95.925,95.925,95.925,25.0,95.925,10
2026-08-05T08:45:00Z,95.92,95.92,95.915,95.915,30.0,95.916,4
2026-08-05T09:00:00Z,95.92,95.92,95.92,95.92,4.0,95.92,1
2026-08-05T09:15:00Z,95.92,95.92,95.92,95.92,3.0,95.92,1
2026-08-05T09:30:00Z,95.92,95.92,95.92,95.92,5.0,95.92,1
2026-08-05T09:45:00Z,95.925,95.925,95.925,95.925,25.0,95.925,5
2026-08-05T10:00:00Z,95.925,95.925,95.925,95.925,5.0,95.925,2
2026-08-05T10:15:00Z,95.925,95.925,95.925,95.925,3.0,95.925,1
2026-08-05T10:30:00Z,95.92,95.92,95.92,95.92,11.0,95.92,6
2026-08-05T10:45:00Z,95.92,95.92,95.92,95.92,11.0,95.92,4
2026-08-05T11:00:00Z,95.92,95.92,95.92,95.92,0.0,95.92,0
2026-08-05T11:15:00Z,95.92,95.92,95.92,95.92,0.0,95.92,0
2026-08-05T11:30:00Z,95.925,95.925,95.925,95.925,18.0,95.925,4
2026-08-05T11:45:00Z,95.92,95.92,95.92,95.92,8.0,95.92,3
2026-08-05T12:00:00Z,95.915,95.915,95.91,95.91,56.0,95.9145,11
2026-08-05T12:15:00Z,95.915,95.92,95.915,95.92,126.0,95.918,18
2026-08-05T12:30:00Z,95.915,95.92,95.915,95.915,24.0,95.916,13
2026-08-05T12:45:00Z,95.915,95.915,95.91,95.91,56.0,95.9125,13
2026-08-05T13:00:00Z,95.91,95.915,95.91,95.915,46.0,95.9135,10
2026-08-05T13:15:00Z,95.915,95.915,95.91,95.91,26.0,95.9115,8
2026-08-05T13:30:00Z,95.91,95.92,95.91,95.915,100.0,95.9135,33
2026-08-05T13:45:00Z,95.915,95.915,95.905,95.905,22.0,95.91,5
2026-08-05T14:00:00Z,95.905,95.93,95.905,95.925,113.0,95.922,25
2026-08-05T14:15:00Z,95.925,95.925,95.92,95.92,58.0,95.921,20
2026-08-05T14:30:00Z,95.92,95.92,95.92,95.92,9.0,95.92,6
2026-08-05T14:45:00Z,95.92,95.92,95.915,95.915,35.0,95.9155,11
2026-08-05T15:00:00Z,95.92,95.925,95.92,95.92,46.0,95.9205,10
2026-08-05T15:15:00Z,95.915,95.92,95.915,95.92,18.0,95.9195,8
2026-08-05T15:30:00Z,95.92,95.92,95.92,95.92,6.0,95.92,1
2026-08-05T15:45:00Z,95.915,95.915,95.915,95.915,32.0,95.915,7
2026-08-05T16:00:00Z,95.915,95.915,95.915,95.915,7.0,95.915,4
2026-08-05T16:15:00Z,95.92,95.92,95.92,95.92,2.0,95.92,1
2026-08-05T16:30:00Z,95.92,95.92,95.92,95.92,17.0,95.92,7
2026-08-05T16:45:00Z,95.925,95.925,95.925,95.925,24.0,95.925,7
2026-08-05T17:00:00Z,95.925,95.925,95.925,95.925,3.0,95.925,3
2026-08-05T17:15:00Z,95.93,95.94,95.93,95.94,52.0,95.933,10
2026-08-05T17:30:00Z,95.94,95.945,95.94,95.945,25.0,95.9415,6
2026-08-05T17:45:00Z,95.945,95.945,95.945,95.945,57.0,95.945,8
2026-08-05T18:00:00Z,95.945,95.945,95.945,95.945,18.0,95.945,9
2026-08-05T18:15:00Z,95.945,95.945,95.945,95.945,0.0,95.945,0
2026-08-05T18:30:00Z,95.945,95.945,95.945,95.945,0.0,95.945,0
2026-08-05T18:45:00Z,95.95,95.96,95.95,95.96,32.0,95.955,8
2026-08-05T19:00:00Z,95.96,95.96,95.96,95.96,0.0,95.96,0
2026-08-05T19:15:00Z,95.95,95.95,95.95,95.95,8.0,95.95,3
2026-08-05T19:30:00Z,95.95,95.95,95.95,95.95,0.0,95.95,0
2026-08-05T19:45:00Z,95.95,95.955,95.95,95.955,6.0,95.9515,3
2026-08-05T20:00:00Z,95.96,95.96,95.955,95.955,5.0,95.959,2
2026-08-05T20:15:00Z,95.95,95.95,95.95,95.95,19.0,95.95,5
2026-08-05T20:30:00Z,95.95,95.95,95.95,95.95,2.0,95.95,1
2026-08-05T20:45:00Z,95.955,95.955,95.955,95.955,2.0,95.955,1
2026-08-05T22:30:00Z,95.95,95.95,95.95,95.95,10.0,95.95,5
2026-08-05T22:45:00Z,95.95,95.95,95.95,95.95,9.0,95.95,1
2026-08-05T23:00:00Z,95.955,95.955,95.955,95.955,1.0,95.955,1
2026-08-05T23:15:00Z,95.955,95.955,95.955,95.955,0.0,95.955,0
2026-08-05T23:30:00Z,95.955,95.955,95.955,95.955,0.0,95.955,0
2026-08-05T23:45:00Z,95.955,95.955,95.955,95.955,0.0,95.955,0
2026-08-06T00:00:00Z,95.955,95.955,95.955,95.955,0.0,95.955,0
2026-08-06T00:15:00Z,95.955,95.955,95.955,95.955,0.0,95.955,0
2026-08-06T00:30:00Z,95.955,95.955,95.955,95.955,1.0,95.955,1
2026-08-06T00:45:00Z,95.955,95.955,95.955,95.955,0.0,95.955,0
2026-08-06T01:00:00Z,95.955,95.955,95.955,95.955,0.0,95.955,0
2026-08-06T01:15:00Z,95.955,95.955,95.955,95.955,0.0,95.955,0
2026-08-06T01:30:00Z,95.955,95.955,95.955,95.955,0.0,95.955,0
2026-08-06T01:45:00Z,95.95,95.95,95.95,95.95,1.0,95.95,1
2026-08-06T02:00:00Z,95.95,95.95,95.95,95.95,0.0,95.95,0
2026-08-06T02:15:00Z,95.95,95.95,95.95,95.95,0.0,95.95,0
2026-08-06T02:30:00Z,95.95,95.95,95.95,95.95,0.0,95.95,0
2026-08-06T02:45:00Z,95.95,95.95,95.95,95.95,0.0,95.95,0
2026-08-06T03:00:00Z,95.95,95.95,95.95,95.95,0.0,95.95,0
2026-08-06T03:15:00Z,95.95,95.95,95.95,95.95,21.0,95.95,4
2026-08-06T03:30:00Z,95.95,95.95,95.95,95.95,0.0,95.95,0
2026-08-06T03:45:00Z,95.95,95.95,95.95,95.95,0.0,95.95,0
2026-08-06T04:00:00Z,95.95,95.95,95.95,95.95,4.0,95.95,2
2026-08-06T04:15:00Z,95.95,95.95,95.95,95.95,0.0,95.95,0
2026-08-06T04:30:00Z,95.95,95.95,95.95,95.95,0.0,95.95,0
2026-08-06T04:45:00Z,95.95,95.95,95.95,95.95,0.0,95.95,0
2026-08-06T05:00:00Z,95.945,95.945,95.945,95.945,46.0,95.945,11
2026-08-06T05:15:00Z,95.945,95.945,95.945,95.945,0.0,95.945,0
2026-08-06T05:30:00Z,95.945,95.945,95.945,95.945,6.0,95.945,4
2026-08-06T05:45:00Z,95.945,95.945,95.945,95.945,0.0,95.945,0
2026-08-06T06:00:00Z,95.945,95.945,95.945,95.945,4.0,95.945,2
2026-08-06T06:15:00Z,95.945,95.945,95.945,95.945,0.0,95.945,0
2026-08-06T06:30:00Z,95.935,95.935,95.935,95.935,1.0,95.935,1
2026-08-06T06:45:00Z,95.935,95.935,95.935,95.935,6.0,95.935,1
2026-08-06T07:00:00Z,95.935,95.935,95.935,95.935,0.0,95.935,0
2026-08-06T07:15:00Z,95.94,95.94,95.94,95.94,5.0,95.94,3
2026-08-06T07:30:00Z,95.94,95.94,95.94,95.94,9.0,95.94,2
2026-08-06T07:45:00Z,95.94,95.94,95.94,95.94,0.0,95.94,0
2026-08-06T08:00:00Z,95.935,95.935,95.935,95.935,5.0,95.935,1
2026-08-06T08:15:00Z,95.935,95.935,95.935,95.935,20.0,95.935,6
2026-08-06T08:30:00Z,95.935,95.935,95.935,95.935,3.0,95.935,1
2026-08-06T08:45:00Z,95.94,95.94,95.94,95.94,24.0,95.94,4
2026-08-06T09:00:00Z,95.94,95.94,95.94,95.94,0.0,95.94,0
2026-08-06T09:15:00Z,95.94,95.94,95.94,95.94,4.0,95.94,3
2026-08-06T09:30:00Z,95.94,95.94,95.94,95.94,3.0,95.94,1
2026-08-06T09:45:00Z,95.94,95.94,95.94,95.94,0.0,95.94,0
2026-08-06T10:00:00Z,95.94,95.94,95.94,95.94,0.0,95.94,0
2026-08-06T10:15:00Z,95.935,95.935,95.935,95.935,7.0,95.935,4
2026-08-06T10:30:00Z,95.935,95.935,95.935,95.935,14.0,95.935,3
2026-08-06T10:45:00Z,95.935,95.935,95.935,95.935,0.0,95.935,0
2026-08-06T11:00:00Z,95.935,95.935,95.935,95.935,8.0,95.935,3
2026-08-06T11:15:00Z,95.93,95.93,95.93,95.93,3.0,95.93,2
2026-08-06T11:30:00Z,95.93,95.93,95.92,95.92,23.0,95.9265,6
2026-08-06T11:45:00Z,95.92,95.92,95.92,95.92,48.0,95.92,16
2026-08-06T12:00:00Z,95.925,95.93,95.925,95.93,23.0,95.9255,5
2026-08-06T12:15:00Z,95.93,95.93,95.925,95.925,13.0,95.9255,6
2026-08-06T12:30:00Z,95.925,95.925,95.92,95.92,18.0,95.9205,5
2026-08-06T12:45:00Z,95.915,95.915,95.915,95.915,39.0,95.915,10
2026-08-06T13:00:00Z,95.915,95.915,95.915,95.915,0.0,95.915,0
2026-08-06T13:15:00Z,95.915,95.915,95.915,95.915,2.0,95.915,1
2026-08-06T13:30:00Z,95.92,95.92,95.92,95.92,23.0,95.92,8
2026-08-06T13:45:00Z,95.915,95.915,95.915,95.915,11.0,95.915,3
2026-08-06T14:00:00Z,95.915,95.915,95.915,95.915,0.0,95.915,0
2026-08-06T14:15:00Z,95.915,95.915,95.915,95.915,0.0,95.915,0
2026-08-06T14:30:00Z,95.91,95.91,95.91,95.91,3.0,95.91,1
2026-08-06T14:45:00Z,95.91,95.91,95.905,95.905,31.0,95.9065,8
2026-08-06T15:00:00Z,95.91,95.91,95.905,95.905,73.0,95.9065,15
2026-08-06T15:15:00Z,95.9,95.9,95.885,95.895,65.0,95.896,16
2026-08-06T15:30:00Z,95.895,95.895,95.895,95.895,6.0,95.895,3
2026-08-06T15:45:00Z,95.895,95.895,95.885,95.885,12.0,95.8885,4
2026-08-06T16:00:00Z,95.885,95.885,95.885,95.885,4.0,95.885,4
2026-08-06T16:15:00Z,95.885,95.89,95.885,95.89,48.0,95.8895,6
2026-08-06T16:30:00Z,95.89,95.89,95.89,95.89,49.0,95.89,14
2026-08-06T16:45:00Z,95.89,95.89,95.89,95.89,25.0,95.89,9
2026-08-06T17:00:00Z,95.89,95.89,95.89,95.89,48.0,95.89,13
2026-08-06T17:15:00Z,95.89,95.89,95.89,95.89,18.0,95.89,9
2026-08-06T17:30:00Z,95.885,95.885,95.885,95.885,5.0,95.885,3
2026-08-06T17:45:00Z,95.885,95.89,95.885,95.89,22.0,95.8865,5
2026-08-06T18:00:00Z,95.89,95.89,95.885,95.885,3.0,95.8885,2
2026-08-06T18:15:00Z,95.88,95.88,95.88,95.88,11.0,95.88,2
2026-08-06T18:30:00Z,95.88,95.88,95.88,95.88,21.0,95.88,5
2026-08-06T18:45:00Z,95.88,95.88,95.88,95.88,22.0,95.88,6
2026-08-06T19:00:00Z,95.885,95.89,95.885,95.89,26.0,95.886,9
2026-08-06T19:15:00Z,95.885,95.885,95.88,95.88,16.0,95.881,3
2026-08-06T19:30:00Z,95.88,95.88,95.88,95.88,7.0,95.88,2
2026-08-06T19:45:00Z,95.88,95.885,95.88,95.885,91.0,95.882,18
2026-08-06T20:00:00Z,95.885,95.885,95.885,95.885,32.0,95.885,13
2026-08-06T20:15:00Z,95.885,95.89,95.885,95.89,38.0,95.8885,4
2026-08-06T20:30:00Z,95.885,95.885,95.885,95.885,8.0,95.885,2
2026-08-06T20:45:00Z,95.88,95.88,95.88,95.88,2.0,95.88,2
2026-08-06T22:00:00Z,95.88,95.885,95.88,95.88,8.0,95.883,3
2026-08-06T22:15:00Z,95.88,95.88,95.88,95.88,0.0,95.88,0
2026-08-06T22:30:00Z,95.88,95.88,95.88,95.88,0.0,95.88,0
2026-08-06T22:45:00Z,95.88,95.88,95.88,95.88,0.0,95.88,0
2026-08-06T23:00:00Z,95.885,95.885,95.885,95.885,3.0,95.885,2
2026-08-06T23:15:00Z,95.885,95.885,95.885,95.885,0.0,95.885,0
2026-08-06T23:30:00Z,95.885,95.885,95.885,95.885,0.0,95.885,0
2026-08-06T23:45:00Z,95.885,95.885,95.885,95.885,0.0,95.885,0
2026-08-07T00:00:00Z,95.885,95.885,95.885,95.885,0.0,95.885,0
2026-08-07T00:15:00Z,95.88,95.88,95.88,95.88,4.0,95.88,1
2026-08-07T00:30:00Z,95.88,95.88,95.88,95.88,0.0,95.88,0
2026-08-07T00:45:00Z,95.885,95.885,95.885,95.885,2.0,95.885,1
2026-08-07T01:00:00Z,95.885,95.885,95.885,95.885,5.0,95.885,2
2026-08-07T01:15:00Z,95.885,95.885,95.885,95.885,0.0,95.885,0
2026-08-07T01:30:00Z,95.885,95.885,95.885,95.885,3.0,95.885,1
2026-08-07T01:45:00Z,95.885,95.885,95.885,95.885,12.0,95.885,1
2026-08-07T02:00:00Z,95.885,95.885,95.885,95.885,4.0,95.885,1
2026-08-07T02:15:00Z,95.885,95.885,95.885,95.885,0.0,95.885,0
2026-08-07T02:30:00Z,95.885,95.885,95.885,95.885,0.0,95.885,0
2026-08-07T02:45:00Z,95.885,95.885,95.885,95.885,0.0,95.885,0
2026-08-07T03:00:00Z,95.885,95.885,95.885,95.885,0.0,95.885,0
2026-08-07T03:15:00Z,95.885,95.885,95.885,95.885,0.0,95.885,0
2026-08-07T03:30:00Z,95.885,95.885,95.885,95.885,4.0,95.885,2
2026-08-07T03:45:00Z,95.885,95.885,95.885,95.885,0.0,95.885,0
2026-08-07T04:00:00Z,95.885,95.885,95.885,95.885,0.0,95.885,0
2026-08-07T04:15:00Z,95.88,95.88,95.88,95.88,6.0,95.88,2
2026-08-07T04:30:00Z,95.88,95.88,95.88,95.88,0.0,95.88,0
2026-08-07T04:45:00Z,95.88,95.88,95.88,95.88,0.0,95.88,0
2026-08-07T05:00:00Z,95.88,95.88,95.88,95.88,0.0,95.88,0
2026-08-07T05:15:00Z,95.88,95.88,95.88,95.88,0.0,95.88,0
2026-08-07T05:30:00Z,95.88,95.88,95.88,95.88,0.0,95.88,0
2026-08-07T05:45:00Z,95.88,95.88,95.88,95.88,0.0,95.88,0
2026-08-07T06:00:00Z,95.89,95.89,95.89,95.89,7.0,95.89,2
2026-08-07T06:15:00Z,95.895,95.895,95.895,95.895,5.0,95.895,3
2026-08-07T06:30:00Z,95.895,95.895,95.895,95.895,0.0,95.895,0
2026-08-07T06:45:00Z,95.895,95.895,95.895,95.895,0.0,95.895,0
2026-08-07T07:00:00Z,95.895,95.895,95.895,95.895,2.0,95.895,1
2026-08-07T07:15:00Z,95.895,95.895,95.895,95.895,0.0,95.895,0
2026-08-07T07:30:00Z,95.895,95.895,95.895,95.895,4.0,95.895,2
2026-08-07T07:45:00Z,95.895,95.895,95.895,95.895,15.0,95.895,5
2026-08-07T08:00:00Z,95.895,95.895,95.895,95.895,6.0,95.895,3
2026-08-07T08:15:00Z,95.895,95.895,95.895,95.895,0.0,95.895,0
2026-08-07T08:30:00Z,95.895,95.895,95.895,95.895,0.0,95.895,0
2026-08-07T08:45:00Z,95.895,95.895,95.895,95.895,6.0,95.895,3
2026-08-07T09:00:00Z,95.895,95.895,95.895,95.895,0.0,95.895,0
2026-08-07T09:15:00Z,95.895,95.895,95.895,95.895,2.0,95.895,1
2026-08-07T09:30:00Z,95.9,95.9,95.9,95.9,3.0,95.9,2
2026-08-07T09:45:00Z,95.9,95.9,95.9,95.9,0.0,95.9,0
2026-08-07T10:00:00Z,95.905,95.905,95.905,95.905,4.0,95.905,2
2026-08-07T10:15:00Z,95.905,95.905,95.905,95.905,2.0,95.905,1
2026-08-07T10:30:00Z,95.905,95.905,95.905,95.905,0.0,95.905,0
2026-08-07T10:45:00Z,95.905,95.905,95.905,95.905,0.0,95.905,0
2026-08-07T11:00:00Z,95.905,95.905,95.905,95.905,10.0,95.905,5
2026-08-07T11:15:00Z,95.9,95.905,95.9,95.905,8.0,95.9015,4
2026-08-07T11:30:00Z,95.905,95.91,95.905,95.91,3.0,95.9085,3
2026-08-07T11:45:00Z,95.91,95.91,95.91,95.91,7.0,95.91,1
2026-08-07T12:00:00Z,95.91,95.915,95.91,95.91,71.0,95.9135,23
2026-08-07T12:15:00Z,95.91,95.915,95.91,95.91,41.0,95.9135,15
2026-08-07T12:30:00Z,95.985,95.995,95.975,95.99,125.0,95.987,55
2026-08-07T12:45:00Z,95.99,95.99,95.975,95.975,112.0,95.9785,38
2026-08-07T13:00:00Z,95.975,95.975,95.97,95.97,12.0,95.9705,8
2026-08-07T13:15:00Z,95.97,95.97,95.965,95.965,32.0,95.9655,8
2026-08-07T13:30:00Z,95.965,95.97,95.965,95.97,19.0,95.9665,7
2026-08-07T13:45:00Z,95.965,95.965,95.955,95.955,11.0,95.963,6
2026-08-07T14:00:00Z,95.95,95.95,95.945,95.945,9.0,95.947,5
2026-08-07T14:15:00Z,95.945,95.955,95.945,95.95,9.0,95.9505,7
2026-08-07T14:30:00Z,95.95,95.95,95.95,95.95,4.0,95.95,3
2026-08-07T14:45:00Z,95.945,95.945,95.94,95.94,12.0,95.9415,2
2026-08-07T15:00:00Z,95.94,95.94,95.94,95.94,28.0,95.94,14
2026-08-07T15:15:00Z,95.945,95.945,95.94,95.94,9.0,95.9405,4
2026-08-07T15:30:00Z,95.94,95.94,95.94,95.94,3.0,95.94,2
2026-08-07T15:45:00Z,95.935,95.935,95.935,95.935,11.0,95.935,2
2026-08-07T16:00:00Z,95.935,95.935,95.935,95.935,0.0,95.935,0
2026-08-07T16:15:00Z,95.94,95.94,95.935,95.935,82.0,95.938,11
2026-08-07T16:30:00Z,95.935,95.94,95.935,95.94,10.0,95.9355,4
2026-08-07T16:45:00Z,95.94,95.94,95.94,95.94,55.0,95.94,16
2026-08-07T17:00:00Z,95.94,95.94,95.94,95.94,0.0,95.94,0
2026-08-07T17:15:00Z,95.94,95.94,95.94,95.94,3.0,95.94,3
2026-08-07T17:30:00Z,95.945,95.945,95.945,95.945,47.0,95.945,6
2026-08-07T17:45:00Z,95.94,95.945,95.94,95.945,43.0,95.944,7
2026-08-07T18:00:00Z,95.94,95.94,95.94,95.94,3.0,95.94,1
2026-08-07T18:15:00Z,95.94,95.94,95.94,95.94,0.0,95.94,0
2026-08-07T18:30:00Z,95.94,95.94,95.94,95.94,3.0,95.94,2
2026-08-07T18:45:00Z,95.94,95.94,95.94,95.94,3.0,95.94,2
2026-08-07T19:00:00Z,95.94,95.94,95.94,95.94,21.0,95.94,7
2026-08-07T19:15:00Z,95.94,95.955,95.94,95.955,32.0,95.95,13
2026-08-07T19:30:00Z,95.955,95.955,95.95,95.95,11.0,95.953,4
2026-08-07T19:45:00Z,95.945,95.945,95.945,95.945,3.0,95.945,1
2026-08-07T20:00:00Z,95.945,95.945,95.945,95.945,0.0,95.945,0
2026-08-07T20:15:00Z,95.945,95.945,95.945,95.945,9.0,95.945,3
2026-08-07T20:30:00Z,95.95,95.95,95.95,95.95,204.0,95.95,30
2026-08-07T20:45:00Z,95.945,95.945,95.945,95.945,3.0,95.945,3
2026-08-09T22:00:00Z,95.94,95.94,95.94,95.94,8.0,95.94,3
2026-08-09T22:15:00Z,95.94,95.94,95.94,95.94,0.0,95.94,0
2026-08-09T22:30:00Z,95.94,95.94,95.94,95.94,3.0,95.94,1
2026-08-09T22:45:00Z,95.94,95.94,95.94,95.94,0.0,95.94,0
2026-08-09T23:00:00Z,95.945,95.945,95.945,95.945,3.0,95.945,1
2026-08-09T23:15:00Z,95.945,95.945,95.945,95.945,0.0,95.945,0
2026-08-09T23:30:00Z,95.945,95.945,95.945,95.945,3.0,95.945,1
2026-08-09T23:45:00Z,95.945,95.945,95.945,95.945,2.0,95.945,1
2026-08-10T00:00:00Z,95.945,95.945,95.945,95.945,0.0,95.945,0
2026-08-10T00:15:00Z,95.94,95.94,95.94,95.94,2.0,95.94,1
2026-08-10T00:30:00Z,95.935,95.935,95.935,95.935,6.0,95.935,3
2026-08-10T00:45:00Z,95.935,95.935,95.935,95.935,7.0,95.935,7
2026-08-10T01:00:00Z,95.935,95.935,95.935,95.935,6.0,95.935,4
2026-08-10T01:15:00Z,95.935,95.935,95.935,95.935,2.0,95.935,2
2026-08-10T01:30:00Z,95.935,95.935,95.935,95.935,0.0,95.935,0
2026-08-10T01:45:00Z,95.935,95.935,95.935,95.935,0.0,95.935,0
2026-08-10T02:00:00Z,95.935,95.935,95.935,95.935,0.0,95.935,0
2026-08-10T02:15:00Z,95.935,95.935,95.935,95.935,0.0,95.935,0
2026-08-10T02:30:00Z,95.935,95.935,95.935,95.935,0.0,95.935,0
2026-08-10T02:45:00Z,95.935,95.935,95.935,95.935,0.0,95.935,0
2026-08-10T03:00:00Z,95.935,95.935,95.935,95.935,0.0,95.935,0
2026-08-10T03:15:00Z,95.935,95.935,95.935,95.935,6.0,95.935,3
2026-08-10T03:30:00Z,95.935,95.935,95.935,95.935,0.0,95.935,0
2026-08-10T03:45:00Z,95.935,95.935,95.935,95.935,0.0,95.935,0
2026-08-10T04:00:00Z,95.935,95.935,95.935,95.935,0.0,95.935,0
2026-08-10T04:15:00Z,95.935,95.935,95.935,95.935,4.0,95.935,2
2026-08-10T04:30:00Z,95.935,95.935,95.935,95.935,0.0,95.935,0
2026-08-10T04:45:00Z,95.935,95.935,95.935,95.935,3.0,95.935,1
2026-08-10T05:00:00Z,95.935,95.935,95.935,95.935,0.0,95.935,0
2026-08-10T05:15:00Z,95.935,95.935,95.935,95.935,0.0,95.935,0
2026-08-10T05:30:00Z,95.935,95.935,95.935,95.935,0.0,95.935,0
2026-08-10T05:45:00Z,95.935,95.935,95.935,95.935,0.0,95.935,0
2026-08-10T06:00:00Z,95.935,95.935,95.935,95.935,0.0,95.935,0
2026-08-10T06:15:00Z,95.94,95.94,95.94,95.94,2.0,95.94,1
2026-08-10T06:30:00Z,95.94,95.94,95.94,95.94,0.0,95.94,0
2026-08-10T06:45:00Z,95.94,95.94,95.94,95.94,0.0,95.94,0
2026-08-10T07:00:00Z,95.94,95.94,95.94,95.94,7.0,95.94,3
2026-08-10T07:15:00Z,95.935,95.94,95.935,95.94,13.0,95.9365,5
2026-08-10T07:30:00Z,95.945,95.945,95.945,95.945,9.0,95.945,1
2026-08-10T07:45:00Z,95.945,95.945,95.945,95.945,13.0,95.945,6
2026-08-10T08:00:00Z,95.94,95.94,95.94,95.94,11.0,95.94,4
2026-08-10T08:15:00Z,95.94,95.94,95.94,95.94,0.0,95.94,0
2026-08-10T08:30:00Z,95.935,95.935,95.93,95.935,54.0,95.935,5
2026-08-10T08:45:00Z,95.935,95.935,95.935,95.935,43.0,95.935,5
2026-08-10T09:00:00Z,95.935,95.935,95.935,95.935,6.0,95.935,2
2026-08-10T09:15:00Z,95.935,95.935,95.935,95.935,0.0,95.935,0
2026-08-10T09:30:00Z,95.935,95.935,95.935,95.935,3.0,95.935,1
2026-08-10T09:45:00Z,95.935,95.935,95.935,95.935,18.0,95.935,4
2026-08-10T10:00:00Z,95.935,95.935,95.935,95.935,0.0,95.935,0
2026-08-10T10:15:00Z,95.935,95.935,95.935,95.935,15.0,95.935,5
2026-08-10T10:30:00Z,95.935,95.935,95.93,95.93,18.0,95.931,7
2026-08-10T10:45:00Z,95.925,95.925,95.925,95.925,28.0,95.925,12
2026-08-10T11:00:00Z,95.925,95.925,95.925,95.925,15.0,95.925,4
2026-08-10T11:15:00Z,95.925,95.925,95.925,95.925,17.0,95.925,9
2026-08-10T11:30:00Z,95.925,95.925,95.925,95.925,6.0,95.925,2
2026-08-10T11:45:00Z,95.92,95.92,95.92,95.92,2.0,95.92,1
2026-08-10T12:00:00Z,95.92,95.92,95.92,95.92,8.0,95.92,6
2026-08-10T12:15:00Z,95.92,95.92,95.91,95.915,12.0,95.914,5
2026-08-10T12:30:00Z,95.915,95.915,95.915,95.915,40.0,95.915,6
2026-08-10T12:45:00Z,95.915,95.915,95.915,95.915,9.0,95.915,1
2026-08-10T13:00:00Z,95.915,95.915,95.915,95.915,1.0,95.915,1
2026-08-10T13:15:00Z,95.91,95.91,95.91,95.91,15.0,95.91,2
2026-08-10T13:30:00Z,95.915,95.915,95.91,95.91,51.0,95.913,18
2026-08-10T13:45:00Z,95.905,95.905,95.905,95.905,21.0,95.905,8
2026-08-10T14:00:00Z,95.91,95.91,95.91,95.91,14.0,95.91,4
2026-08-10T14:15:00Z,95.91,95.91,95.91,95.91,7.0,95.91,3
2026-08-10T14:30:00Z,95.915,95.915,95.915,95.915,6.0,95.915,3
2026-08-10T14:45:00Z,95.915,95.915,95.915,95.915,0.0,95.915,0
2026-08-10T15:00:00Z,95.91,95.91,95.91,95.91,4.0,95.91,2
2026-08-10T15:15:00Z,95.91,95.91,95.91,95.91,0.0,95.91,0
2026-08-10T15:30:00Z,95.905,95.905,95.905,95.905,7.0,95.905,4
2026-08-10T15:45:00Z,95.905,95.905,95.905,95.905,10.0,95.905,5
2026-08-10T16:00:00Z,95.905,95.905,95.905,95.905,15.0,95.905,6
2026-08-10T16:15:00Z,95.905,95.905,95.905,95.905,4.0,95.905,2
2026-08-10T16:30:00Z,95.905,95.905,95.895,95.9,60.0,95.9,17
2026-08-10T16:45:00Z,95.9,95.9,95.9,95.9,56.0,95.9,18
2026-08-10T17:00:00Z,95.9,95.9,95.9,95.9,0.0,95.9,0
2026-08-10T17:15:00Z,95.9,95.9,95.9,95.9,46.0,95.9,10
2026-08-10T17:30:00Z,95.905,95.905,95.905,95.905,48.0,95.905,3
2026-08-10T17:45:00Z,95.9,95.9,95.9,95.9,24.0,95.9,6
2026-08-10T18:00:00Z,95.9,95.9,95.9,95.9,38.0,95.9,5
2026-08-10T18:15:00Z,95.9,95.9,95.9,95.9,0.0,95.9,0
2026-08-10T18:30:00Z,95.9,95.9,95.9,95.9,0.0,95.9,0
2026-08-10T18:45:00Z,95.9,95.9,95.9,95.9,0.0,95.9,0
2026-08-10T19:00:00Z,95.9,95.9,95.9,95.9,0.0,95.9,0
2026-08-10T19:15:00Z,95.9,95.9,95.9,95.9,6.0,95.9,3
2026-08-10T19:30:00Z,95.9,95.9,95.9,95.9,4.0,95.9,2
2026-08-10T19:45:00Z,95.9,95.9,95.9,95.9,0.0,95.9,0
2026-08-10T20:00:00Z,95.9,95.9,95.9,95.9,61.0,95.9,13
2026-08-10T20:15:00Z,95.9,95.9,95.9,95.9,12.0,95.9,6
2026-08-10T20:30:00Z,95.9,95.9,95.9,95.9,5.0,95.9,1
2026-08-10T20:45:00Z,95.895,95.895,95.895,95.895,100.0,95.895,10
2026-08-10T22:00:00Z,95.895,95.9,95.895,95.9,37.0,95.8995,5
2026-08-10T22:15:00Z,95.9,95.9,95.9,95.9,0.0,95.9,0
2026-08-10T22:30:00Z,95.9,95.9,95.9,95.9,0.0,95.9,0
2026-08-10T22:45:00Z,95.9,95.9,95.9,95.9,0.0,95.9,0
2026-08-10T23:00:00Z,95.9,95.9,95.9,95.9,0.0,95.9,0
2026-08-10T23:15:00Z,95.9,95.9,95.9,95.9,0.0,95.9,0
2026-08-10T23:30:00Z,95.9,95.9,95.9,95.9,16.0,95.9,1
2026-08-10T23:45:00Z,95.9,95.9,95.9,95.9,0.0,95.9,0
2026-08-11T00:00:00Z,95.9,95.9,95.9,95.9,0.0,95.9,0
2026-08-11T00:15:00Z,95.9,95.9,95.9,95.9,0.0,95.9,0
2026-08-11T00:30:00Z,95.9,95.9,95.9,95.9,0.0,95.9,0
2026-08-11T00:45:00Z,95.9,95.9,95.9,95.9,2.0,95.9,1
2026-08-11T01:00:00Z,95.9,95.9,95.9,95.9,2.0,95.9,1
2026-08-11T01:15:00Z,95.9,95.9,95.9,95.9,4.0,95.9,1
2026-08-11T01:30:00Z,95.9,95.9,95.9,95.9,0.0,95.9,0
2026-08-11T01:45:00Z,95.9,95.9,95.9,95.9,0.0,95.9,0
2026-08-11T02:00:00Z,95.9,95.9,95.9,95.9,1.0,95.9,1
2026-08-11T02:15:00Z,95.895,95.895,95.895,95.895,2.0,95.895,1
2026-08-11T02:30:00Z,95.895,95.895,95.895,95.895,0.0,95.895,0
2026-08-11T02:45:00Z,95.895,95.895,95.895,95.895,0.0,95.895,0
2026-08-11T03:00:00Z,95.895,95.895,95.895,95.895,0.0,95.895,0
2026-08-11T03:15:00Z,95.9,95.9,95.9,95.9,1.0,95.9,1
2026-08-11T03:30:00Z,95.9,95.9,95.9,95.9,4.0,95.9,2
2026-08-11T03:45:00Z,95.9,95.9,95.9,95.9,2.0,95.9,1
2026-08-11T04:00:00Z,95.9,95.9,95.9,95.9,0.0,95.9,0
2026-08-11T04:15:00Z,95.9,95.9,95.9,95.9,0.0,95.9,0
2026-08-11T04:30:00Z,95.9,95.9,95.9,95.9,0.0,95.9,0
2026-08-11T04:45:00Z,95.9,95.9,95.9,95.9,0.0,95.9,0
2026-08-11T05:00:00Z,95.9,95.9,95.9,95.9,7.0,95.9,5
2026-08-11T05:15:00Z,95.9,95.9,95.9,95.9,0.0,95.9,0
2026-08-11T05:30:00Z,95.9,95.9,95.9,95.9,0.0,95.9,0
2026-08-11T05:45:00Z,95.9,95.9,95.9,95.9,2.0,95.9,1
2026-08-11T06:00:00Z,95.9,95.9,95.895,95.895,3.0,95.8965,2
2026-08-11T06:15:00Z,95.89,95.89,95.89,95.89,16.0,95.89,3
2026-08-11T06:30:00Z,95.89,95.89,95.89,95.89,0.0,95.89,0
2026-08-11T06:45:00Z,95.885,95.885,95.885,95.885,12.0,95.885,6
2026-08-11T07:00:00Z,95.885,95.885,95.885,95.885,8.0,95.885,4
2026-08-11T07:15:00Z,95.885,95.885,95.885,95.885,2.0,95.885,1
2026-08-11T07:30:00Z,95.885,95.885,95.885,95.885,3.0,95.885,2
2026-08-11T07:45:00Z,95.88,95.88,95.88,95.88,2.0,95.88,1
2026-08-11T08:00:00Z,95.88,95.88,95.88,95.88,0.0,95.88,0
2026-08-11T08:15:00Z,95.885,95.885,95.885,95.885,2.0,95.885,1
2026-08-11T08:30:00Z,95.885,95.885,95.885,95.885,2.0,95.885,1
2026-08-11T08:45:00Z,95.885,95.885,95.885,95.885,0.0,95.885,0
2026-08-11T09:00:00Z,95.885,95.885,95.885,95.885,0.0,95.885,0
2026-08-11T09:15:00Z,95.885,95.885,95.885,95.885,0.0,95.885,0
2026-08-11T09:30:00Z,95.885,95.885,95.885,95.885,4.0,95.885,2
2026-08-11T09:45:00Z,95.885,95.885,95.885,95.885,2.0,95.885,1
2026-08-11T10:00:00Z,95.885,95.885,95.885,95.885,8.0,95.885,1
2026-08-11T10:15:00Z,95.89,95.895,95.89,95.895,20.0,95.8905,10
2026-08-11T10:30:00Z,95.895,95.895,95.895,95.895,0.0,95.895,0
2026-08-11T10:45:00Z,95.89,95.89,95.89,95.89,47.0,95.89,12
2026-08-11T11:00:00Z,95.895,95.91,95.895,95.91,73.0,95.907,16
2026-08-11T11:15:00Z,95.905,95.905,95.905,95.905,68.0,95.905,13
2026-08-11T11:30:00Z,95.905,95.91,95.905,95.91,20.0,95.909,4
2026-08-11T11:45:00Z,95.91,95.91,95.91,95.91,3.0,95.91,1
2026-08-11T12:00:00Z,95.915,95.92,95.915,95.92,4.0,95.9165,2
2026-08-11T12:15:00Z,95.92,95.92,95.91,95.91,71.0,95.918,21
2026-08-11T12:30:00Z,95.915,95.915,95.915,95.915,3.0,95.915,1
2026-08-11T12:45:00Z,95.915,95.915,95.915,95.915,15.0,95.915,4
2026-08-11T13:00:00Z,95.92,95.92,95.92,95.92,14.0,95.92,6
2026-08-11T13:15:00Z,95.925,95.925,95.925,95.925,1.0,95.925,1
2026-08-11T13:30:00Z,95.925,95.925,95.925,95.925,7.0,95.925,4
2026-08-11T13:45:00Z,95.93,95.935,95.925,95.925,52.0,95.9305,15
2026-08-11T14:00:00Z,95.925,95.925,95.925,95.925,23.0,95.925,7
2026-08-11T14:15:00Z,95.925,95.925,95.92,95.92,12.0,95.922,7
2026-08-11T14:30:00Z,95.92,95.92,95.92,95.92,4.0,95.92,2
2026-08-11T14:45:00Z,95.92,95.92,95.92,95.92,43.0,95.92,14
2026-08-11T15:00:00Z,95.92,95.92,95.92,95.92,16.0,95.92,4
2026-08-11T15:15:00Z,95.92,95.92,95.915,95.915,271.0,95.92,23
2026-08-11T15:30:00Z,95.915,95.915,95.91,95.915,43.0,95.9105,14
2026-08-11T15:45:00Z,95.92,95.92,95.92,95.92,2.0,95.92,1
2026-08-11T16:00:00Z,95.92,95.92,95.92,95.92,0.0,95.92,0
2026-08-11T16:15:00Z,95.92,95.92,95.92,95.92,5.0,95.92,2
2026-08-11T16:30:00Z,95.92,95.92,95.92,95.92,0.0,95.92,0
2026-08-11T16:45:00Z,95.92,95.92,95.92,95.92,20.0,95.92,3
2026-08-11T17:00:00Z,95.92,95.92,95.92,95.92,14.0,95.92,6
2026-08-11T17:15:00Z,95.92,95.92,95.92,95.92,11.0,95.92,5
2026-08-11T17:30:00Z,95.92,95.92,95.92,95.92,10.0,95.92,10
2026-08-11T17:45:00Z,95.92,95.92,95.92,95.92,70.0,95.92,10
2026-08-11T18:00:00Z,95.92,95.92,95.92,95.92,0.0,95.92,0
2026-08-11T18:15:00Z,95.92,95.92,95.92,95.92,0.0,95.92,0
2026-08-11T18:30:00Z,95.925,95.925,95.925,95.925,3.0,95.925,2
2026-08-11T18:45:00Z,95.93,95.93,95.93,95.93,2.0,95.93,1
2026-08-11T19:00:00Z,95.93,95.93,95.93,95.93,0.0,95.93,0
2026-08-11T19:15:00Z,95.925,95.925,95.925,95.925,9.0,95.925,6
2026-08-11T19:30:00Z,95.925,95.925,95.925,95.925,29.0,95.925,13
2026-08-11T19:45:00Z,95.925,95.925,95.92,95.92,97.0,95.92,11
2026-08-11T20:00:00Z,95.92,95.92,95.92,95.92,30.0,95.92,9
2026-08-11T20:15:00Z,95.925,95.925,95.925,95.925,12.0,95.925,1
2026-08-11T20:30:00Z,95.925,95.925,95.925,95.925,0.0,95.925,0
2026-08-11T20:45:00Z,95.93,95.93,95.93,95.93,2.0,95.93,2
2026-08-11T22:00:00Z,95.93,95.93,95.93,95.93,2.0,95.93,2
2026-08-11T22:15:00Z,95.93,95.93,95.93,95.93,0.0,95.93,0
2026-08-11T22:30:00Z,95.93,95.93,95.93,95.93,0.0,95.93,0
2026-08-11T22:45:00Z,95.93,95.93,95.93,95.93,0.0,95.93,0
2026-08-11T23:00:00Z,95.93,95.93,95.93,95.93,0.0,95.93,0
2026-08-11T23:15:00Z,95.93,95.93,95.93,95.93,0.0,95.93,0
2026-08-11T23:30:00Z,95.93,95.93,95.93,95.93,0.0,95.93,0
2026-08-11T23:45:00Z,95.93,95.93,95.93,95.93,0.0,95.93,0
2026-08-12T00:00:00Z,95.93,95.93,95.93,95.93,0.0,95.93,0
2026-08-12T00:15:00Z,95.93,95.93,95.93,95.93,7.0,95.93,3
2026-08-12T00:30:00Z,95.93,95.93,95.93,95.93,0.0,95.93,0
2026-08-12T00:45:00Z,95.925,95.925,95.925,95.925,4.0,95.925,2
2026-08-12T01:00:00Z,95.925,95.925,95.925,95.925,0.0,95.925,0
2026-08-12T01:15:00Z,95.925,95.925,95.925,95.925,0.0,95.925,0
2026-08-12T01:30:00Z,95.925,95.925,95.925,95.925,0.0,95.925,0
2026-08-12T01:45:00Z,95.925,95.925,95.925,95.925,0.0,95.925,0
2026-08-12T02:00:00Z,95.925,95.925,95.925,95.925,0.0,95.925,0
2026-08-12T02:15:00Z,95.93,95.93,95.93,95.93,2.0,95.93,1
2026-08-12T02:30:00Z,95.93,95.93,95.93,95.93,2.0,95.93,1
2026-08-12T02:45:00Z,95.93,95.93,95.93,95.93,0.0,95.93,0
2026-08-12T03:00:00Z,95.93,95.93,95.93,95.93,0.0,95.93,0
2026-08-12T03:15:00Z,95.93,95.93,95.93,95.93,0.0,95.93,0
2026-08-12T03:30:00Z,95.93,95.93,95.93,95.93,0.0,95.93,0
2026-08-12T03:45:00Z,95.93,95.93,95.93,95.93,0.0,95.93,0
2026-08-12T04:00:00Z,95.93,95.93,95.93,95.93,0.0,95.93,0
2026-08-12T04:15:00Z,95.93,95.93,95.93,95.93,0.0,95.93,0
2026-08-12T04:30:00Z,95.93,95.93,95.93,95.93,0.0,95.93,0
2026-08-12T04:45:00Z,95.93,95.93,95.93,95.93,0.0,95.93,0
2026-08-12T05:00:00Z,95.93,95.93,95.93,95.93,0.0,95.93,0
2026-08-12T05:15:00Z,95.93,95.93,95.93,95.93,2.0,95.93,1
2026-08-12T05:30:00Z,95.935,95.935,95.935,95.935,3.0,95.935,2
2026-08-12T05:45:00Z,95.93,95.93,95.93,95.93,2.0,95.93,1
2026-08-12T06:00:00Z,95.93,95.93,95.93,95.93,0.0,95.93,0
2026-08-12T06:15:00Z,95.93,95.93,95.93,95.93,0.0,95.93,0
2026-08-12T06:30:00Z,95.93,95.93,95.93,95.93,0.0,95.93,0
2026-08-12T06:45:00Z,95.93,95.93,95.93,95.93,0.0,95.93,0
2026-08-12T07:00:00Z,95.93,95.93,95.93,95.93,0.0,95.93,0
2026-08-12T07:15:00Z,95.935,95.935,95.935,95.935,4.0,95.935,1
2026-08-12T07:30:00Z,95.935,95.935,95.935,95.935,8.0,95.935,8
2026-08-12T07:45:00Z,95.935,95.935,95.935,95.935,2.0,95.935,1
2026-08-12T08:00:00Z,95.935,95.935,95.935,95.935,22.0,95.935,11
2026-08-12T08:15:00Z,95.94,95.94,95.94,95.94,10.0,95.94,5
2026-08-12T08:30:00Z,95.935,95.935,95.935,95.935,29.0,95.935,5
2026-08-12T08:45:00Z,95.935,95.935,95.935,95.935,0.0,95.935,0
2026-08-12T09:00:00Z,95.94,95.94,95.94,95.94,4.0,95.94,2
2026-08-12T09:15:00Z,95.94,95.96,95.94,95.955,93.0,95.9535,32
2026-08-12T09:30:00Z,95.955,95.955,95.95,95.95,26.0,95.9545,12
2026-08-12T09:45:00Z,95.95,95.95,95.945,95.945,15.0,95.9485,7
2026-08-12T10:00:00Z,95.95,95.95,95.95,95.95,3.0,95.95,1
2026-08-12T10:15:00Z,95.95,95.95,95.95,95.95,0.0,95.95,0
2026-08-12T10:30:00Z,95.95,95.95,95.95,95.95,7.0,95.95,3
2026-08-12T10:45:00Z,95.945,95.945,95.94,95.945,43.0,95.9435,21
2026-08-12T11:00:00Z,95.95,95.95,95.95,95.95,11.0,95.95,4
2026-08-12T11:15:00Z,95.955,95.96,95.955,95.96,46.0,95.9555,10
2026-08-12T11:30:00Z,95.955,95.955,95.955,95.955,28.0,95.955,4
2026-08-12T11:45:00Z,95.955,95.955,95.955,95.955,0.0,95.955,0
2026-08-12T12:00:00Z,95.955,95.955,95.95,95.955,52.0,95.954,17
2026-08-12T12:15:00Z,95.955,95.965,95.955,95.96,18.0,95.9575,11
2026-08-12T12:30:00Z,95.985,95.985,95.93,95.98,292.0,95.962,106
2026-08-12T12:45:00Z,95.98,95.98,95.965,95.975,48.0,95.974,22
2026-08-12T13:00:00Z,95.98,95.995,95.975,95.975,170.0,95.983,51
2026-08-12T13:15:00Z,95.975,95.98,95.975,95.98,17.0,95.977,10
2026-08-12T13:30:00Z,95.98,95.98,95.965,95.965,151.0,95.969,40
2026-08-12T13:45:00Z,95.965,95.97,95.965,95.965,57.0,95.966,21
2026-08-12T14:00:00Z,95.97,95.97,95.96,95.96,140.0,95.9615,27
2026-08-12T14:15:00Z,95.96,95.965,95.96,95.965,21.0,95.962,11
2026-08-12T14:30:00Z,95.965,95.965,95.955,95.965,92.0,95.9615,24
2026-08-12T14:45:00Z,95.96,95.96,95.96,95.96,32.0,95.96,14
2026-08-12T15:00:00Z,95.955,95.955,95.955,95.955,38.0,95.955,16
2026-08-12T15:15:00Z,95.96,95.96,95.96,95.96,18.0,95.96,6
2026-08-12T15:30:00Z,95.96,95.96,95.96,95.96,0.0,95.96,0
2026-08-12T15:45:00Z,95.96,95.96,95.96,95.96,9.0,95.96,4
2026-08-12T16:00:00Z,95.96,95.96,95.96,95.96,2.0,95.96,2
2026-08-12T16:15:00Z,95.96,95.96,95.96,95.96,5.0,95.96,3
2026-08-12T16:30:00Z,95.96,95.96,95.96,95.96,4.0,95.96,1
2026-08-12T16:45:00Z,95.96,95.96,95.96,95.96,0.0,95.96,0
2026-08-12T17:00:00Z,95.96,95.96,95.96,95.96,9.0,95.96,4
2026-08-12T17:15:00Z,95.965,95.965,95.965,95.965,45.0,95.965,17
2026-08-12T17:30:00Z,95.96,95.96,95.96,95.96,20.0,95.96,9
2026-08-12T17:45:00Z,95.955,95.955,95.95,95.95,47.0,95.954,8
2026-08-12T18:00:00Z,95.95,95.95,95.95,95.95,8.0,95.95,4
2026-08-12T18:15:00Z,95.95,95.95,95.95,95.95,2.0,95.95,1
2026-08-12T18:30:00Z,95.95,95.95,95.95,95.95,2.0,95.95,1
2026-08-12T18:45:00Z,95.95,95.95,95.95,95.95,0.0,95.95,0
2026-08-12T19:00:00Z,95.95,95.95,95.95,95.95,0.0,95.95,0
2026-08-12T19:15:00Z,95.95,95.95,95.95,95.95,0.0,95.95,0
2026-08-12T19:30:00Z,95.95,95.95,95.95,95.95,0.0,95.95,0
2026-08-12T19:45:00Z,95.95,95.95,95.95,95.95,0.0,95.95,0
2026-08-12T20:00:00Z,95.945,95.945,95.945,95.945,14.0,95.945,3
2026-08-12T20:15:00Z,95.94,95.94,95.94,95.94,1.0,95.94,1
2026-08-12T20:30:00Z,95.94,95.94,95.94,95.94,0.0,95.94,0
2026-08-12T20:45:00Z,95.94,95.94,95.94,95.94,7.0,95.94,3
2026-08-13T00:00:00Z,95.945,95.945,95.945,95.945,3.0,95.945,3
2026-08-13T00:15:00Z,95.95,95.95,95.95,95.95,15.0,95.95,1
2026-08-13T00:30:00Z,95.95,95.95,95.95,95.95,0.0,95.95,0
2026-08-13T00:45:00Z,95.95,95.95,95.95,95.95,0.0,95.95,0
2026-08-13T01:00:00Z,95.955,95.955,95.955,95.955,21.0,95.955,3
2026-08-13T01:15:00Z,95.955,95.955,95.955,95.955,2.0,95.955,1
2026-08-13T01:30:00Z,95.96,95.96,95.96,95.96,1.0,95.96,1
2026-08-13T01:45:00Z,95.96,95.96,95.96,95.96,0.0,95.96,0
2026-08-13T02:00:00Z,95.96,95.96,95.96,95.96,0.0,95.96,0
2026-08-13T02:15:00Z,95.96,95.96,95.96,95.96,0.0,95.96,0
2026-08-13T02:30:00Z,95.96,95.96,95.96,95.96,2.0,95.96,1
2026-08-13T02:45:00Z,95.96,95.96,95.96,95.96,0.0,95.96,0
2026-08-13T03:00:00Z,95.96,95.96,95.96,95.96,105.0,95.96,102
2026-08-13T03:15:00Z,95.96,95.96,95.96,95.96,5.0,95.96,2
2026-08-13T03:30:00Z,95.96,95.96,95.96,95.96,0.0,95.96,0
2026-08-13T03:45:00Z,95.96,95.96,95.96,95.96,14.0,95.96,2
2026-08-13T04:00:00Z,95.96,95.96,95.96,95.96,0.0,95.96,0
2026-08-13T04:15:00Z,95.96,95.96,95.96,95.96,0.0,95.96,0
2026-08-13T04:30:00Z,95.96,95.96,95.96,95.96,0.0,95.96,0
2026-08-13T04:45:00Z,95.955,95.955,95.955,95.955,5.0,95.955,2
2026-08-13T05:00:00Z,95.96,95.96,95.96,95.96,2.0,95.96,1
2026-08-13T05:15:00Z,95.96,95.96,95.96,95.96,3.0,95.96,1
2026-08-13T05:30:00Z,95.96,95.96,95.96,95.96,0.0,95.96,0
2026-08-13T05:45:00Z,95.96,95.96,95.96,95.96,12.0,95.96,5
2026-08-13T06:00:00Z,95.96,95.96,95.96,95.96,92.0,95.96,28
2026-08-13T06:15:00Z,95.96,95.96,95.96,95.96,0.0,95.96,0
2026-08-13T06:30:00Z,95.955,95.955,95.955,95.955,5.0,95.955,5
2026-08-13T06:45:00Z,95.96,95.96,95.96,95.96,1.0,95.96,1
2026-08-13T07:00:00Z,95.96,95.96,95.96,95.96,0.0,95.96,0
2026-08-13T07:15:00Z,95.96,95.96,95.96,95.96,0.0,95.96,0
2026-08-13T07:30:00Z,95.965,95.965,95.965,95.965,2.0,95.965,1
2026-08-13T07:45:00Z,95.965,95.97,95.965,95.97,8.0,95.969,3
2026-08-13T08:00:00Z,95.97,95.97,95.97,95.97,24.0,95.97,12
2026-08-13T08:15:00Z,95.97,95.97,95.97,95.97,6.0,95.97,5
2026-08-13T08:30:00Z,95.97,95.97,95.97,95.97,2.0,95.97,1
2026-08-13T08:45:00Z,95.975,95.975,95.975,95.975,1.0,95.975,1
2026-08-13T09:00:00Z,95.975,95.975,95.975,95.975,2.0,95.975,1
2026-08-13T09:15:00Z,95.975,95.975,95.975,95.975,0.0,95.975,0
2026-08-13T09:30:00Z,95.975,95.975,95.975,95.975,2.0,95.975,1
2026-08-13T09:45:00Z,95.975,95.975,95.975,95.975,0.0,95.975,0
2026-08-13T10:00:00Z,95.97,95.97,95.97,95.97,6.0,95.97,3
2026-08-13T10:15:00Z,95.97,95.97,95.97,95.97,0.0,95.97,0
2026-08-13T10:30:00Z,95.97,95.97,95.97,95.97,0.0,95.97,0
2026-08-13T10:45:00Z,95.97,95.97,95.97,95.97,1.0,95.97,1
2026-08-13T11:00:00Z,95.97,95.97,95.965,95.965,4.0,95.9675,2
2026-08-13T11:15:00Z,95.965,95.965,95.965,95.965,8.0,95.965,7
2026-08-13T11:30:00Z,95.965,95.965,95.965,95.965,5.0,95.965,2
2026-08-13T11:45:00Z,95.965,95.965,95.965,95.965,0.0,95.965,0
2026-08-13T12:00:00Z,95.965,95.965,95.96,95.96,25.0,95.9645,12
2026-08-13T12:15:00Z,95.96,95.965,95.96,95.965,50.0,95.9645,9
2026-08-13T12:30:00Z,95.96,95.985,95.96,95.98,185.0,95.973,73
2026-08-13T12:45:00Z,95.98,95.99,95.98,95.99,53.0,95.9885,19
2026-08-13T13:00:00Z,95.995,96.0,95.995,96.0,286.0,95.9975,60
2026-08-13T13:15:00Z,96.0,96.0,96.0,96.0,29.0,96.0,10
2026-08-13T13:30:00Z,96.0,96.01,95.995,96.01,196.0,96.0015,42
2026-08-13T13:45:00Z,96.01,96.02,96.01,96.02,48.0,96.017,26
2026-08-13T14:00:00Z,96.025,96.03,96.025,96.03,65.0,96.0265,19
2026-08-13T14:15:00Z,96.035,96.035,96.025,96.025,66.0,96.031,21
2026-08-13T14:30:00Z,96.025,96.025,96.02,96.02,55.0,96.024,13
2026-08-13T14:45:00Z,96.02,96.02,96.02,96.02,22.0,96.02,6
2026-08-13T15:00:00Z,96.02,96.025,96.02,96.02,82.0,96.021,21
2026-08-13T15:15:00Z,96.02,96.02,96.015,96.015,34.0,96.019,16
2026-08-13T15:30:00Z,96.015,96.015,96.015,96.015,22.0,96.015,8
2026-08-13T15:45:00Z,96.01,96.01,96.01,96.01,6.0,96.01,3
2026-08-13T16:00:00Z,96.01,96.01,96.01,96.01,26.0,96.01,7
2026-08-13T16:15:00Z,96.01,96.01,96.01,96.01,23.0,96.01,7
2026-08-13T16:30:00Z,96.015,96.015,96.015,96.015,3.0,96.015,3
2026-08-13T16:45:00Z,96.01,96.01,96.01,96.01,13.0,96.01,2
2026-08-13T17:00:00Z,96.01,96.01,96.01,96.01,3.0,96.01,2
2026-08-13T17:15:00Z,96.01,96.01,96.01,96.01,0.0,96.01,0
2026-08-13T17:30:00Z,96.01,96.01,96.01,96.01,0.0,96.01,0
2026-08-13T17:45:00Z,96.01,96.01,96.01,96.01,1.0,96.01,1
2026-08-13T18:00:00Z,96.015,96.015,96.015,96.015,14.0,96.015,3
2026-08-13T18:15:00Z,96.015,96.015,96.015,96.015,3.0,96.015,1
2026-08-13T18:30:00Z,96.02,96.02,96.02,96.02,12.0,96.02,2
2026-08-13T18:45:00Z,96.02,96.02,96.02,96.02,4.0,96.02,2
2026-08-13T19:00:00Z,96.02,96.02,96.02,96.02,23.0,96.02,6
2026-08-13T19:15:00Z,96.02,96.02,96.02,96.02,0.0,96.02,0
2026-08-13T19:30:00Z,96.02,96.02,96.015,96.015,11.0,96.017,3
2026-08-13T19:45:00Z,96.015,96.015,96.015,96.015,17.0,96.015,8
2026-08-13T20:00:00Z,96.015,96.015,96.015,96.015,10.0,96.015,4
2026-08-13T20:15:00Z,96.01,96.01,96.01,96.01,1.0,96.01,1
2026-08-13T20:30:00Z,96.015,96.015,96.015,96.015,20.0,96.015,1
2026-08-13T20:45:00Z,96.015,96.015,96.015,96.015,0.0,96.015,0
2026-08-13T22:15:00Z,96.015,96.015,96.015,96.015,3.0,96.015,1
2026-08-13T22:30:00Z,96.015,96.015,96.015,96.015,0.0,96.015,0
2026-08-13T22:45:00Z,96.015,96.015,96.015,96.015,0.0,96.015,0
2026-08-13T23:00:00Z,96.015,96.015,96.015,96.015,0.0,96.015,0
2026-08-13T23:15:00Z,96.015,96.015,96.015,96.015,3.0,96.015,1
2026-08-13T23:30:00Z,96.015,96.015,96.015,96.015,0.0,96.015,0
2026-08-13T23:45:00Z,96.015,96.015,96.015,96.015,5.0,96.015,1
2026-08-14T00:00:00Z,96.015,96.015,96.015,96.015,3.0,96.015,2
2026-08-14T00:15:00Z,96.015,96.015,96.015,96.015,0.0,96.015,0
2026-08-14T00:30:00Z,96.015,96.015,96.015,96.015,0.0,96.015,0
2026-08-14T00:45:00Z,96.015,96.015,96.015,96.015,0.0,96.015,0
2026-08-14T01:00:00Z,96.01,96.01,96.01,96.01,4.0,96.01,2
2026-08-14T01:15:00Z,96.01,96.01,96.01,96.01,0.0,96.01,0
2026-08-14T01:30:00Z,96.01,96.01,96.01,96.01,0.0,96.01,0
2026-08-14T01:45:00Z,96.01,96.01,96.01,96.01,5.0,96.01,1
2026-08-14T02:00:00Z,96.015,96.015,96.015,96.015,32.0,96.015,11
2026-08-14T02:15:00Z,96.015,96.015,96.015,96.015,3.0,96.015,3
2026-08-14T02:30:00Z,96.01,96.01,96.01,96.01,2.0,96.01,1
2026-08-14T02:45:00Z,96.01,96.01,96.01,96.01,1.0,96.01,1
2026-08-14T03:00:00Z,96.01,96.01,96.01,96.01,6.0,96.01,5
2026-08-14T03:15:00Z,96.01,96.01,96.01,96.01,2.0,96.01,2
2026-08-14T03:30:00Z,96.01,96.01,96.01,96.01,2.0,96.01,1
2026-08-14T03:45:00Z,96.01,96.01,96.01,96.01,0.0,96.01,0
2026-08-14T04:00:00Z,96.01,96.01,96.01,96.01,0.0,96.01,0
2026-08-14T04:15:00Z,96.01,96.01,96.01,96.01,0.0,96.01,0
2026-08-14T04:30:00Z,96.01,96.01,96.01,96.01,0.0,96.01,0
2026-08-14T04:45:00Z,96.01,96.01,96.01,96.01,0.0,96.01,0
2026-08-14T05:00:00Z,96.01,96.01,96.01,96.01,2.0,96.01,1
2026-08-14T05:15:00Z,96.01,96.01,96.01,96.01,0.0,96.01,0
2026-08-14T05:30:00Z,96.01,96.01,96.01,96.01,0.0,96.01,0
2026-08-14T05:45:00Z,96.01,96.01,96.01,96.01,2.0,96.01,1
2026-08-14T06:00:00Z,96.01,96.01,96.01,96.01,0.0,96.01,0
2026-08-14T06:15:00Z,96.01,96.01,96.01,96.01,0.0,96.01,0
2026-08-14T06:30:00Z,96.01,96.01,96.01,96.01,0.0,96.01,0
2026-08-14T06:45:00Z,96.01,96.01,96.01,96.01,4.0,96.01,1
2026-08-14T07:00:00Z,96.01,96.01,96.01,96.01,0.0,96.01,0
2026-08-14T07:15:00Z,96.01,96.01,96.01,96.01,0.0,96.01,0
2026-08-14T07:30:00Z,96.005,96.005,96.005,96.005,2.0,96.005,1
2026-08-14T07:45:00Z,96.005,96.005,96.005,96.005,0.0,96.005,0
2026-08-14T08:00:00Z,96.005,96.005,96.005,96.005,0.0,96.005,0
2026-08-14T08:15:00Z,96.01,96.01,96.01,96.01,2.0,96.01,1
2026-08-14T08:30:00Z,96.01,96.01,96.01,96.01,0.0,96.01,0
2026-08-14T08:45:00Z,96.01,96.01,96.01,96.01,0.0,96.01,0
2026-08-14T09:00:00Z,96.01,96.01,96.01,96.01,11.0,96.01,2
2026-08-14T09:15:00Z,96.015,96.015,96.015,96.015,10.0,96.015,1
2026-08-14T09:30:00Z,96.015,96.015,96.015,96.015,0.0,96.015,0
2026-08-14T09:45:00Z,96.015,96.015,96.015,96.015,0.0,96.015,0
2026-08-14T10:00:00Z,96.015,96.015,96.015,96.015,11.0,96.015,1
2026-08-14T10:15:00Z,96.02,96.02,96.02,96.02,1.0,96.02,1
2026-08-14T10:30:00Z,96.02,96.02,96.02,96.02,2.0,96.02,1
2026-08-14T10:45:00Z,96.02,96.02,96.02,96.02,2.0,96.02,1
2026-08-14T11:00:00Z,96.02,96.025,96.02,96.025,4.0,96.0225,3
2026-08-14T11:15:00Z,96.025,96.025,96.025,96.025,0.0,96.025,0
2026-08-14T11:30:00Z,96.035,96.035,96.035,96.035,10.0,96.035,4
2026-08-14T11:45:00Z,96.04,96.04,96.04,96.04,2.0,96.04,1
2026-08-14T12:00:00Z,96.045,96.055,96.045,96.045,115.0,96.051,36
2026-08-14T12:15:00Z,96.05,96.06,96.05,96.06,58.0,96.0515,17
2026-08-14T12:30:00Z,96.065,96.08,96.055,96.06,110.0,96.069,29
2026-08-14T12:45:00Z,96.06,96.06,96.05,96.05,62.0,96.054,11
2026-08-14T13:00:00Z,96.05,96.05,96.04,96.04,32.0,96.046,7
2026-08-14T13:15:00Z,96.035,96.045,96.035,96.045,23.0,96.0395,9
2026-08-14T13:30:00Z,96.04,96.04,96.04,96.04,18.0,96.04,7
2026-08-14T13:45:00Z,96.045,96.045,96.04,96.04,23.0,96.0425,4
2026-08-14T14:00:00Z,96.045,96.045,96.035,96.035,43.0,96.0425,9
2026-08-14T14:15:00Z,96.035,96.035,96.03,96.035,20.0,96.0335,9
2026-08-14T14:30:00Z,96.03,96.03,96.03,96.03,13.0,96.03,7
2026-08-14T14:45:00Z,96.03,96.03,96.03,96.03,2.0,96.03,1
2026-08-14T15:00:00Z,96.03,96.03,96.02,96.02,59.0,96.0225,10
2026-08-14T15:15:00Z,96.02,96.02,96.015,96.015,12.0,96.019,6
2026-08-14T15:30:00Z,96.01,96.015,96.01,96.015,118.0,96.01,10
2026-08-14T15:45:00Z,96.02,96.02,96.015,96.015,6.0,96.019,2
2026-08-14T16:00:00Z,96.015,96.015,96.01,96.015,22.0,96.011,12
2026-08-14T16:15:00Z,96.015,96.015,96.015,96.015,3.0,96.015,2
2026-08-14T16:30:00Z,96.015,96.015,96.01,96.01,13.0,96.0145,7
2026-08-14T16:45:00Z,96.01,96.01,96.01,96.01,9.0,96.01,2
2026-08-14T17:00:00Z,96.005,96.005,96.0,96.0,10.0,96.002,6
2026-08-14T17:15:00Z,96.0,96.0,96.0,96.0,7.0,96.0,4
2026-08-14T17:30:00Z,95.995,95.995,95.995,95.995,8.0,95.995,7
2026-08-14T17:45:00Z,95.995,95.995,95.995,95.995,20.0,95.995,16
2026-08-14T18:00:00Z,95.995,96.0,95.99,95.99,20.0,95.994,10
2026-08-14T18:15:00Z,95.99,95.99,95.99,95.99,12.0,95.99,7
2026-08-14T18:30:00Z,95.99,95.99,95.99,95.99,4.0,95.99,2
2026-08-14T18:45:00Z,95.99,95.99,95.99,95.99,1.0,95.99,1
2026-08-14T19:00:00Z,95.995,95.995,95.995,95.995,45.0,95.995,10
2026-08-14T19:15:00Z,95.995,95.995,95.995,95.995,0.0,95.995,0
2026-08-14T19:30:00Z,95.995,95.995,95.995,95.995,0.0,95.995,0
2026-08-14T19:45:00Z,95.995,95.995,95.995,95.995,0.0,95.995,0
2026-08-14T20:00:00Z,95.995,96.0,95.995,96.0,24.0,95.9975,12
2026-08-14T20:15:00Z,96.0,96.0,96.0,96.0,1.0,96.0,1
2026-08-14T20:30:00Z,95.995,95.995,95.995,95.995,4.0,95.995,1
2026-08-14T20:45:00Z,95.99,95.99,95.99,95.99,5.0,95.99,3
2026-08-16T22:00:00Z,95.99,95.99,95.99,95.99,1.0,95.99,1
2026-08-16T22:15:00Z,95.99,95.99,95.99,95.99,0.0,95.99,0
2026-08-16T22:30:00Z,95.99,95.99,95.99,95.99,0.0,95.99,0
2026-08-16T22:45:00Z,95.99,95.99,95.99,95.99,0.0,95.99,0
2026-08-16T23:00:00Z,95.99,95.99,95.99,95.99,0.0,95.99,0
2026-08-16T23:15:00Z,95.99,95.99,95.99,95.99,0.0,95.99,0
2026-08-16T23:30:00Z,96.0,96.0,96.0,96.0,4.0,96.0,3
2026-08-16T23:45:00Z,96.0,96.0,96.0,96.0,0.0,96.0,0
2026-08-17T00:00:00Z,96.0,96.0,96.0,96.0,0.0,96.0,0
2026-08-17T00:15:00Z,96.0,96.0,96.0,96.0,0.0,96.0,0
2026-08-17T00:30:00Z,96.005,96.01,96.005,96.01,6.0,96.0065,2
2026-08-17T00:45:00Z,96.01,96.01,96.01,96.01,0.0,96.01,0
2026-08-17T01:00:00Z,96.01,96.01,96.005,96.005,7.0,96.0065,3
2026-08-17T01:15:00Z,96.005,96.005,96.005,96.005,0.0,96.005,0
2026-08-17T01:30:00Z,96.005,96.005,96.005,96.005,5.0,96.005,2
2026-08-17T01:45:00Z,96.005,96.005,96.005,96.005,0.0,96.005,0
2026-08-17T02:00:00Z,96.005,96.005,96.005,96.005,0.0,96.005,0
2026-08-17T02:15:00Z,96.005,96.005,96.005,96.005,0.0,96.005,0
2026-08-17T02:30:00Z,96.005,96.005,96.005,96.005,0.0,96.005,0
2026-08-17T02:45:00Z,96.005,96.005,96.005,96.005,0.0,96.005,0
2026-08-17T03:00:00Z,96.005,96.005,96.005,96.005,0.0,96.005,0
2026-08-17T03:15:00Z,96.005,96.005,96.005,96.005,0.0,96.005,0
2026-08-17T03:30:00Z,96.005,96.005,96.005,96.005,2.0,96.005,1
2026-08-17T03:45:00Z,96.01,96.01,96.01,96.01,4.0,96.01,1
2026-08-17T04:00:00Z,96.01,96.01,96.01,96.01,0.0,96.01,0
2026-08-17T04:15:00Z,96.01,96.01,96.01,96.01,0.0,96.01,0
2026-08-17T04:30:00Z,96.015,96.015,96.015,96.015,3.0,96.015,2
2026-08-17T04:45:00Z,96.015,96.015,96.015,96.015,0.0,96.015,0
2026-08-17T05:00:00Z,96.015,96.015,96.015,96.015,4.0,96.015,2
2026-08-17T05:15:00Z,96.015,96.015,96.015,96.015,0.0,96.015,0
2026-08-17T05:30:00Z,96.01,96.01,96.01,96.01,2.0,96.01,1
2026-08-17T05:45:00Z,96.01,96.01,96.01,96.01,0.0,96.01,0
2026-08-17T06:00:00Z,96.01,96.01,96.01,96.01,39.0,96.01,3
2026-08-17T06:15:00Z,96.01,96.01,96.01,96.01,4.0,96.01,2
2026-08-17T06:30:00Z,96.01,96.01,96.01,96.01,0.0,96.01,0
2026-08-17T06:45:00Z,96.015,96.015,96.015,96.015,9.0,96.015,4
2026-08-17T07:00:00Z,96.015,96.015,96.015,96.015,0.0,96.015,0
2026-08-17T07:15:00Z,96.02,96.02,96.02,96.02,15.0,96.02,6
2026-08-17T07:30:00Z,96.02,96.02,96.02,96.02,0.0,96.02,0
2026-08-17T07:45:00Z,96.01,96.01,96.01,96.01,3.0,96.01,1
2026-08-17T08:00:00Z,96.01,96.01,96.01,96.01,8.0,96.01,7
2026-08-17T08:15:00Z,96.01,96.01,96.01,96.01,0.0,96.01,0
2026-08-17T08:30:00Z,96.015,96.015,96.01,96.01,54.0,96.013,43
2026-08-17T08:45:00Z,96.01,96.01,96.01,96.01,64.0,96.01,61
2026-08-17T09:00:00Z,96.01,96.01,96.01,96.01,14.0,96.01,9
2026-08-17T09:15:00Z,96.01,96.01,96.01,96.01,0.0,96.01,0
2026-08-17T09:30:00Z,96.01,96.01,96.01,96.01,8.0,96.01,4
2026-08-17T09:45:00Z,96.01,96.01,96.01,96.01,2.0,96.01,1
2026-08-17T10:00:00Z,96.005,96.005,96.005,96.005,6.0,96.005,3
2026-08-17T10:15:00Z,96.01,96.02,96.01,96.02,39.0,96.0185,9
2026-08-17T10:30:00Z,96.02,96.02,96.01,96.01,23.0,96.015,6
2026-08-17T10:45:00Z,96.01,96.01,96.01,96.01,0.0,96.01,0
2026-08-17T11:00:00Z,96.005,96.005,96.005,96.005,6.0,96.005,2
2026-08-17T11:15:00Z,96.005,96.005,96.005,96.005,0.0,96.005,0
2026-08-17T11:30:00Z,96.005,96.005,96.005,96.005,18.0,96.005,8
2026-08-17T11:45:00Z,96.0,96.0,96.0,96.0,6.0,96.0,2
2026-08-17T12:00:00Z,96.0,96.005,96.0,96.0,23.0,96.003,7
2026-08-17T12:15:00Z,96.005,96.005,95.99,95.99,66.0,95.993,18
2026-08-17T12:30:00Z,95.99,95.99,95.985,95.985,49.0,95.987,19
2026-08-17T12:45:00Z,95.985,95.985,95.985,95.985,134.0,95.985,17
2026-08-17T13:00:00Z,95.99,95.99,95.99,95.99,65.0,95.99,14
2026-08-17T13:15:00Z,95.99,95.99,95.99,95.99,129.0,95.99,13
2026-08-17T13:30:00Z,95.99,95.99,95.99,95.99,44.0,95.99,19
2026-08-17T13:45:00Z,95.99,95.995,95.99,95.995,29.0,95.9905,10
2026-08-17T14:00:00Z,95.995,96.0,95.995,96.0,32.0,95.9995,4
2026-08-17T14:15:00Z,96.0,96.005,96.0,96.0,31.0,96.001,12
2026-08-17T14:30:00Z,96.0,96.005,96.0,96.0,72.0,96.0005,14
2026-08-17T14:45:00Z,96.0,96.0,96.0,96.0,0.0,96.0,0
2026-08-17T15:00:00Z,96.0,96.0,95.995,95.995,102.0,95.9975,27
2026-08-17T15:15:00Z,95.995,95.995,95.995,95.995,26.0,95.995,10
2026-08-17T15:30:00Z,95.995,95.995,95.99,95.99,42.0,95.991,14
2026-08-17T15:45:00Z,95.99,95.99,95.99,95.99,14.0,95.99,5
2026-08-17T16:00:00Z,95.995,95.995,95.995,95.995,9.0,95.995,5
2026-08-17T16:15:00Z,95.995,95.995,95.995,95.995,5.0,95.995,3
2026-08-17T16:30:00Z,95.995,95.995,95.995,95.995,0.0,95.995,0
2026-08-17T16:45:00Z,95.995,95.995,95.995,95.995,17.0,95.995,5
2026-08-17T17:00:00Z,95.99,95.99,95.99,95.99,22.0,95.99,6
2026-08-17T17:15:00Z,95.99,95.99,95.99,95.99,10.0,95.99,6
2026-08-17T17:30:00Z,95.99,95.99,95.99,95.99,8.0,95.99,5
2026-08-17T17:45:00Z,95.99,95.99,95.985,95.985,23.0,95.9875,10
2026-08-17T18:00:00Z,95.985,95.985,95.98,95.98,28.0,95.9815,9
2026-08-17T18:15:00Z,95.98,95.98,95.98,95.98,41.0,95.98,11
2026-08-17T18:30:00Z,95.98,95.98,95.98,95.98,0.0,95.98,0
2026-08-17T18:45:00Z,95.98,95.98,95.98,95.98,8.0,95.98,3
2026-08-17T19:00:00Z,95.98,95.98,95.98,95.98,8.0,95.98,4
2026-08-17T19:15:00Z,95.98,95.98,95.98,95.98,13.0,95.98,6
2026-08-17T19:30:00Z,95.98,95.98,95.98,95.98,23.0,95.98,5
2026-08-17T19:45:00Z,95.98,95.98,95.98,95.98,7.0,95.98,4
2026-08-17T20:00:00Z,95.975,95.975,95.975,95.975,3.0,95.975,1
2026-08-17T20:15:00Z,95.975,95.975,95.975,95.975,0.0,95.975,0
2026-08-17T20:30:00Z,95.98,95.98,95.98,95.98,34.0,95.98,14
2026-08-17T20:45:00Z,95.98,95.98,95.98,95.98,0.0,95.98,0
2026-08-17T22:00:00Z,95.985,95.985,95.985,95.985,1.0,95.985,1
2026-08-17T22:15:00Z,95.985,95.985,95.985,95.985,0.0,95.985,0
2026-08-17T22:30:00Z,95.985,95.985,95.985,95.985,0.0,95.985,0
2026-08-17T22:45:00Z,95.985,95.985,95.985,95.985,0.0,95.985,0
2026-08-17T23:00:00Z,95.985,95.985,95.985,95.985,0.0,95.985,0
2026-08-17T23:15:00Z,95.985,95.985,95.985,95.985,0.0,95.985,0
2026-08-17T23:30:00Z,95.985,95.985,95.985,95.985,0.0,95.985,0
2026-08-17T23:45:00Z,95.985,95.985,95.985,95.985,0.0,95.985,0
2026-08-18T00:00:00Z,95.98,95.98,95.98,95.98,3.0,95.98,3
2026-08-18T00:15:00Z,95.975,95.975,95.975,95.975,3.0,95.975,2
2026-08-18T00:30:00Z,95.975,95.98,95.975,95.98,4.0,95.9775,2
2026-08-18T00:45:00Z,95.98,95.98,95.98,95.98,0.0,95.98,0
2026-08-18T01:00:00Z,95.98,95.98,95.98,95.98,1.0,95.98,1
2026-08-18T01:15:00Z,95.98,95.98,95.98,95.98,2.0,95.98,1
2026-08-18T01:30:00Z,95.98,95.98,95.98,95.98,0.0,95.98,0
2026-08-18T01:45:00Z,95.98,95.98,95.98,95.98,0.0,95.98,0
2026-08-18T02:00:00Z,95.98,95.98,95.98,95.98,4.0,95.98,4
2026-08-18T02:15:00Z,95.98,95.98,95.98,95.98,0.0,95.98,0
2026-08-18T02:30:00Z,95.98,95.98,95.98,95.98,0.0,95.98,0
2026-08-18T02:45:00Z,95.975,95.975,95.975,95.975,2.0,95.975,1
2026-08-18T03:00:00Z,95.975,95.975,95.975,95.975,0.0,95.975,0
2026-08-18T03:15:00Z,95.975,95.975,95.975,95.975,0.0,95.975,0
2026-08-18T03:30:00Z,95.98,95.98,95.97,95.97,2.0,95.975,2
2026-08-18T03:45:00Z,95.965,95.965,95.965,95.965,2.0,95.965,2
2026-08-18T04:00:00Z,95.965,95.965,95.965,95.965,2.0,95.965,1
2026-08-18T04:15:00Z,95.965,95.965,95.965,95.965,2.0,95.965,1
2026-08-18T04:30:00Z,95.965,95.965,95.965,95.965,0.0,95.965,0
2026-08-18T04:45:00Z,95.965,95.965,95.965,95.965,0.0,95.965,0
2026-08-18T05:00:00Z,95.965,95.965,95.965,95.965,2.0,95.965,1
2026-08-18T05:15:00Z,95.965,95.965,95.965,95.965,2.0,95.965,1
2026-08-18T05:30:00Z,95.965,95.965,95.965,95.965,0.0,95.965,0
2026-08-18T05:45:00Z,95.965,95.965,95.965,95.965,0.0,95.965,0
2026-08-18T06:00:00Z,95.965,95.965,95.965,95.965,4.0,95.965,2
2026-08-18T06:15:00Z,95.97,95.97,95.97,95.97,2.0,95.97,1
2026-08-18T06:30:00Z,95.97,95.97,95.97,95.97,10.0,95.97,3
2026-08-18T06:45:00Z,95.97,95.97,95.97,95.97,2.0,95.97,1
2026-08-18T07:00:00Z,95.975,95.975,95.975,95.975,9.0,95.975,4
2026-08-18T07:15:00Z,95.975,95.975,95.975,95.975,0.0,95.975,0
2026-08-18T07:30:00Z,95.97,95.97,95.97,95.97,3.0,95.97,3
2026-08-18T07:45:00Z,95.97,95.97,95.97,95.97,0.0,95.97,0
2026-08-18T08:00:00Z,95.97,95.97,95.97,95.97,8.0,95.97,4
2026-08-18T08:15:00Z,95.97,95.97,95.97,95.97,0.0,95.97,0
2026-08-18T08:30:00Z,95.97,95.97,95.97,95.97,1.0,95.97,1
2026-08-18T08:45:00Z,95.97,95.97,95.97,95.97,2.0,95.97,2
2026-08-18T09:00:00Z,95.97,95.97,95.97,95.97,34.0,95.97,8
2026-08-18T09:15:00Z,95.97,95.97,95.97,95.97,7.0,95.97,3
2026-08-18T09:30:00Z,95.975,95.975,95.975,95.975,2.0,95.975,1
2026-08-18T09:45:00Z,95.975,95.975,95.975,95.975,2.0,95.975,1
2026-08-18T10:00:00Z,95.975,95.975,95.975,95.975,4.0,95.975,2
2026-08-18T10:15:00Z,95.975,95.975,95.975,95.975,2.0,95.975,1
2026-08-18T10:30:00Z,95.975,95.975,95.975,95.975,2.0,95.975,1
2026-08-18T10:45:00Z,95.98,95.98,95.98,95.98,2.0,95.98,1
2026-08-18T11:00:00Z,95.975,95.975,95.975,95.975,29.0,95.975,4
2026-08-18T11:15:00Z,95.97,95.97,95.97,95.97,2.0,95.97,2
2026-08-18T11:30:00Z,95.97,95.97,95.965,95.965,6.0,95.9675,5
2026-08-18T11:45:00Z,95.965,95.97,95.965,95.97,8.0,95.9665,4
2026-08-18T12:00:00Z,95.97,95.975,95.97,95.975,42.0,95.9745,11
2026-08-18T12:15:00Z,95.975,95.975,95.97,95.97,77.0,95.9745,14
2026-08-18T12:30:00Z,95.97,95.97,95.965,95.965,64.0,95.9655,16
2026-08-18T12:45:00Z,95.965,95.965,95.965,95.965,0.0,95.965,0
2026-08-18T13:00:00Z,95.97,95.97,95.97,95.97,1.0,95.97,1
2026-08-18T13:15:00Z,95.965,95.965,95.965,95.965,4.0,95.965,2
2026-08-18T13:30:00Z,95.965,95.985,95.96,95.985,170.0,95.975,44
2026-08-18T13:45:00Z,95.98,95.985,95.98,95.98,112.0,95.984,28
2026-08-18T14:00:00Z,95.98,95.99,95.98,95.99,90.0,95.985,28
2026-08-18T14:15:00Z,95.99,95.99,95.99,95.99,33.0,95.99,7
2026-08-18T14:30:00Z,95.985,95.985,95.985,95.985,2.0,95.985,1
2026-08-18T14:45:00Z,95.99,95.99,95.985,95.985,32.0,95.9875,9
2026-08-18T15:00:00Z,95.985,95.985,95.985,95.985,3.0,95.985,2
2026-08-18T15:15:00Z,95.985,95.99,95.985,95.99,13.0,95.9895,5
2026-08-18T15:30:00Z,95.985,95.985,95.985,95.985,13.0,95.985,5
2026-08-18T15:45:00Z,95.99,95.99,95.99,95.99,6.0,95.99,3
2026-08-18T16:00:00Z,95.99,95.99,95.99,95.99,7.0,95.99,3
2026-08-18T16:15:00Z,95.995,95.995,95.99,95.99,11.0,95.994,6
2026-08-18T16:30:00Z,95.99,95.99,95.99,95.99,0.0,95.99,0
2026-08-18T16:45:00Z,95.99,95.99,95.99,95.99,0.0,95.99,0
2026-08-18T17:00:00Z,95.985,95.985,95.985,95.985,9.0,95.985,4
2026-08-18T17:15:00Z,95.985,95.985,95.985,95.985,1.0,95.985,1
2026-08-18T17:30:00Z,95.985,95.985,95.985,95.985,0.0,95.985,0
2026-08-18T17:45:00Z,95.985,95.985,95.985,95.985,11.0,95.985,5
2026-08-18T18:00:00Z,95.99,95.99,95.99,95.99,11.0,95.99,8
2026-08-18T18:15:00Z,95.99,95.99,95.99,95.99,9.0,95.99,5
2026-08-18T18:30:00Z,95.99,95.99,95.99,95.99,8.0,95.99,7
2026-08-18T18:45:00Z,95.985,95.985,95.985,95.985,4.0,95.985,1
2026-08-18T19:00:00Z,95.985,95.985,95.985,95.985,0.0,95.985,0
2026-08-18T19:15:00Z,95.985,95.985,95.985,95.985,7.0,95.985,6
2026-08-18T19:30:00Z,95.985,95.985,95.985,95.985,26.0,95.985,8
2026-08-18T19:45:00Z,95.985,95.985,95.985,95.985,5.0,95.985,5
2026-08-18T20:00:00Z,95.99,95.99,95.99,95.99,4.0,95.99,2
2026-08-18T20:15:00Z,95.99,95.99,95.99,95.99,3.0,95.99,2
2026-08-18T20:30:00Z,95.99,95.99,95.99,95.99,2.0,95.99,1
2026-08-18T20:45:00Z,95.985,95.985,95.985,95.985,2.0,95.985,1
2026-08-18T22:00:00Z,95.99,95.99,95.99,95.99,8.0,95.99,3
2026-08-18T22:15:00Z,95.99,95.99,95.99,95.99,0.0,95.99,0
2026-08-18T22:30:00Z,95.99,95.99,95.99,95.99,0.0,95.99,0
2026-08-18T22:45:00Z,95.99,95.99,95.99,95.99,0.0,95.99,0
2026-08-18T23:00:00Z,95.99,95.99,95.99,95.99,6.0,95.99,1
2026-08-18T23:15:00Z,95.99,95.99,95.99,95.99,2.0,95.99,1
2026-08-18T23:30:00Z,95.99,95.99,95.99,95.99,0.0,95.99,0
2026-08-18T23:45:00Z,95.99,95.99,95.99,95.99,0.0,95.99,0
2026-08-19T00:00:00Z,95.99,96.0,95.99,96.0,34.0,95.999,7
2026-08-19T00:15:00Z,96.0,96.0,96.0,96.0,0.0,96.0,0
2026-08-19T00:30:00Z,95.995,96.0,95.995,96.0,4.0,95.9965,2
2026-08-19T00:45:00Z,96.0,96.0,96.0,96.0,0.0,96.0,0
2026-08-19T01:00:00Z,95.99,95.99,95.99,95.99,4.0,95.99,1
2026-08-19T01:15:00Z,95.99,95.99,95.99,95.99,0.0,95.99,0
2026-08-19T01:30:00Z,95.99,95.99,95.99,95.99,4.0,95.99,2
2026-08-19T01:45:00Z,95.99,95.99,95.99,95.99,0.0,95.99,0
2026-08-19T02:00:00Z,95.99,95.99,95.99,95.99,0.0,95.99,0
2026-08-19T02:15:00Z,95.995,96.005,95.995,96.005,9.0,96.001,7
2026-08-19T02:30:00Z,96.005,96.005,96.005,96.005,2.0,96.005,1
2026-08-19T02:45:00Z,96.005,96.005,96.005,96.005,3.0,96.005,1
2026-08-19T03:00:00Z,96.005,96.005,96.005,96.005,0.0,96.005,0
2026-08-19T03:15:00Z,96.005,96.005,96.005,96.005,6.0,96.005,2
2026-08-19T03:30:00Z,96.005,96.005,96.005,96.005,0.0,96.005,0
2026-08-19T03:45:00Z,96.005,96.005,96.005,96.005,0.0,96.005,0
2026-08-19T04:00:00Z,96.005,96.005,96.005,96.005,3.0,96.005,1
2026-08-19T04:15:00Z,96.005,96.005,96.005,96.005,0.0,96.005,0
2026-08-19T04:30:00Z,96.005,96.005,96.005,96.005,0.0,96.005,0
2026-08-19T04:45:00Z,96.005,96.005,96.005,96.005,4.0,96.005,3
2026-08-19T05:00:00Z,96.005,96.005,96.005,96.005,0.0,96.005,0
2026-08-19T05:15:00Z,96.005,96.005,96.005,96.005,0.0,96.005,0
2026-08-19T05:30:00Z,96.005,96.005,96.005,96.005,0.0,96.005,0
2026-08-19T05:45:00Z,96.005,96.005,96.005,96.005,15.0,96.005,8
2026-08-19T06:00:00Z,96.01,96.01,96.01,96.01,3.0,96.01,1
2026-08-19T06:15:00Z,96.01,96.01,96.01,96.01,0.0,96.01,0
2026-08-19T06:30:00Z,96.01,96.01,96.01,96.01,2.0,96.01,2
2026-08-19T06:45:00Z,96.01,96.01,96.01,96.01,100.0,96.01,12
2026-08-19T07:00:00Z,96.01,96.01,96.01,96.01,0.0,96.01,0
2026-08-19T07:15:00Z,96.01,96.01,96.01,96.01,0.0,96.01,0
2026-08-19T07:30:00Z,96.01,96.01,96.01,96.01,4.0,96.01,1
2026-08-19T07:45:00Z,96.005,96.005,96.005,96.005,2.0,96.005,1
2026-08-19T08:00:00Z,96.005,96.01,96.005,96.01,6.0,96.0085,2
2026-08-19T08:15:00Z,96.01,96.01,96.01,96.01,0.0,96.01,0
2026-08-19T08:30:00Z,96.01,96.01,96.01,96.01,3.0,96.01,1
2026-08-19T08:45:00Z,96.005,96.005,96.005,96.005,1.0,96.005,1
2026-08-19T09:00:00Z,96.005,96.005,96.005,96.005,0.0,96.005,0
2026-08-19T09:15:00Z,96.005,96.005,96.005,96.005,0.0,96.005,0
2026-08-19T09:30:00Z,96.005,96.005,96.005,96.005,0.0,96.005,0
2026-08-19T09:45:00Z,96.005,96.005,96.005,96.005,39.0,96.005,7
2026-08-19T10:00:00Z,96.005,96.005,96.005,96.005,0.0,96.005,0
2026-08-19T10:15:00Z,96.005,96.005,96.005,96.005,2.0,96.005,1
2026-08-19T10:30:00Z,96.005,96.005,96.005,96.005,0.0,96.005,0
2026-08-19T10:45:00Z,96.005,96.005,96.005,96.005,0.0,96.005,0
2026-08-19T11:00:00Z,96.005,96.005,96.005,96.005,6.0,96.005,3
2026-08-19T11:15:00Z,96.005,96.01,96.005,96.01,38.0,96.009,9
2026-08-19T11:30:00Z,96.005,96.005,96.0,96.0,9.0,96.002,4
2026-08-19T11:45:00Z,96.005,96.005,96.005,96.005,4.0,96.005,2
2026-08-19T12:00:00Z,96.005,96.005,96.005,96.005,18.0,96.005,4
2026-08-19T12:15:00Z,96.0,96.01,96.0,96.01,65.0,96.007,11
2026-08-19T12:30:00Z,96.01,96.015,96.005,96.005,98.0,96.014,21
2026-08-19T12:45:00Z,95.995,95.995,95.99,95.99,25.0,95.9905,12
2026-08-19T13:00:00Z,95.995,95.995,95.995,95.995,16.0,95.995,5
2026-08-19T13:15:00Z,95.995,95.995,95.985,95.99,26.0,95.991,10
2026-08-19T13:30:00Z,95.99,95.99,95.98,95.98,39.0,95.9855,13
2026-08-19T13:45:00Z,95.975,95.975,95.97,95.975,51.0,95.9745,14
2026-08-19T14:00:00Z,95.975,95.98,95.975,95.98,33.0,95.979,8
2026-08-19T14:15:00Z,95.98,95.98,95.975,95.975,16.0,95.978,9
2026-08-19T14:30:00Z,95.975,95.975,95.975,95.975,11.0,95.975,4
2026-08-19T14:45:00Z,95.975,95.975,95.97,95.97,65.0,95.97,16
2026-08-19T15:00:00Z,95.975,95.975,95.97,95.97,46.0,95.97,14
2026-08-19T15:15:00Z,95.97,95.97,95.965,95.97,24.0,95.9695,9
2026-08-19T15:30:00Z,95.975,95.98,95.975,95.98,79.0,95.9795,6
2026-08-19T15:45:00Z,95.98,95.98,95.98,95.98,10.0,95.98,3
2026-08-19T16:00:00Z,95.975,95.975,95.975,95.975,2.0,95.975,1
2026-08-19T16:15:00Z,95.97,95.97,95.97,95.97,12.0,95.97,3
2026-08-19T16:30:00Z,95.97,95.97,95.97,95.97,0.0,95.97,0
2026-08-19T16:45:00Z,95.97,95.97,95.965,95.97,102.0,95.9655,17
2026-08-19T17:00:00Z,95.965,95.965,95.955,95.96,75.0,95.96,12
2026-08-19T17:15:00Z,95.96,95.96,95.96,95.96,27.0,95.96,6
2026-08-19T17:30:00Z,95.96,95.96,95.96,95.96,14.0,95.96,6
2026-08-19T17:45:00Z,95.96,95.96,95.955,95.955,15.0,95.9555,2
2026-08-19T18:00:00Z,95.96,95.98,95.96,95.98,138.0,95.9765,31
2026-08-19T18:15:00Z,95.98,95.98,95.975,95.975,40.0,95.9755,9
2026-08-19T18:30:00Z,95.98,95.98,95.98,95.98,54.0,95.98,2
2026-08-19T18:45:00Z,95.98,95.98,95.98,95.98,6.0,95.98,3
2026-08-19T19:00:00Z,95.98,95.98,95.98,95.98,9.0,95.98,4
2026-08-19T19:15:00Z,95.98,95.985,95.98,95.985,27.0,95.982,11
2026-08-19T19:30:00Z,95.985,95.99,95.985,95.99,3.0,95.9885,3
2026-08-19T19:45:00Z,95.99,95.995,95.99,95.995,32.0,95.9945,4
2026-08-19T20:00:00Z,96.0,96.0,96.0,96.0,20.0,96.0,15
2026-08-19T20:15:00Z,96.0,96.0,96.0,96.0,0.0,96.0,0
2026-08-19T20:30:00Z,96.0,96.0,96.0,96.0,5.0,96.0,3
2026-08-19T20:45:00Z,96.0,96.0,96.0,96.0,4.0,96.0,2
2026-08-19T22:00:00Z,96.005,96.005,96.005,96.005,2.0,96.005,2
2026-08-19T22:15:00Z,96.005,96.005,96.005,96.005,0.0,96.005,0
2026-08-19T22:30:00Z,96.0,96.0,96.0,96.0,5.0,96.0,2
2026-08-19T22:45:00Z,95.995,95.995,95.995,95.995,8.0,95.995,5
2026-08-19T23:00:00Z,96.0,96.0,96.0,96.0,1.0,96.0,1
2026-08-19T23:15:00Z,96.0,96.0,96.0,96.0,0.0,96.0,0
2026-08-19T23:30:00Z,96.0,96.0,96.0,96.0,4.0,96.0,2
2026-08-19T23:45:00Z,96.0,96.0,96.0,96.0,0.0,96.0,0
2026-08-20T00:00:00Z,96.0,96.0,96.0,96.0,0.0,96.0,0
2026-08-20T00:15:00Z,96.0,96.0,96.0,96.0,0.0,96.0,0
2026-08-20T00:30:00Z,96.0,96.0,96.0,96.0,0.0,96.0,0
2026-08-20T00:45:00Z,96.0,96.0,96.0,96.0,0.0,96.0,0
2026-08-20T01:00:00Z,95.995,95.995,95.995,95.995,4.0,95.995,1
2026-08-20T01:15:00Z,96.0,96.0,96.0,96.0,13.0,96.0,3
2026-08-20T01:30:00Z,96.005,96.005,96.005,96.005,1.0,96.005,1
2026-08-20T01:45:00Z,96.005,96.005,96.005,96.005,0.0,96.005,0
2026-08-20T02:00:00Z,96.005,96.005,96.005,96.005,1.0,96.005,1
2026-08-20T02:15:00Z,96.005,96.005,96.005,96.005,1.0,96.005,1
2026-08-20T02:30:00Z,96.005,96.005,96.005,96.005,0.0,96.005,0
2026-08-20T02:45:00Z,96.005,96.005,96.005,96.005,5.0,96.005,2
2026-08-20T03:00:00Z,96.005,96.005,96.005,96.005,0.0,96.005,0
2026-08-20T03:15:00Z,96.005,96.005,96.005,96.005,0.0,96.005,0
2026-08-20T03:30:00Z,96.005,96.005,96.005,96.005,2.0,96.005,2
2026-08-20T03:45:00Z,96.005,96.005,96.005,96.005,3.0,96.005,2
2026-08-20T04:00:00Z,96.005,96.005,96.005,96.005,2.0,96.005,1
2026-08-20T04:15:00Z,96.005,96.005,96.005,96.005,0.0,96.005,0
2026-08-20T04:30:00Z,96.005,96.005,96.005,96.005,0.0,96.005,0
2026-08-20T04:45:00Z,96.005,96.005,96.005,96.005,0.0,96.005,0
2026-08-20T05:00:00Z,96.005,96.005,96.005,96.005,0.0,96.005,0
2026-08-20T05:15:00Z,96.0,96.0,96.0,96.0,3.0,96.0,1
2026-08-20T05:30:00Z,96.0,96.0,96.0,96.0,0.0,96.0,0
2026-08-20T05:45:00Z,96.0,96.0,96.0,96.0,8.0,96.0,8
2026-08-20T06:00:00Z,96.0,96.0,96.0,96.0,1.0,96.0,1
2026-08-20T06:15:00Z,96.0,96.0,96.0,96.0,0.0,96.0,0
2026-08-20T06:30:00Z,96.0,96.0,96.0,96.0,0.0,96.0,0
2026-08-20T06:45:00Z,96.0,96.0,96.0,96.0,7.0,96.0,6
2026-08-20T07:00:00Z,96.005,96.005,96.0,96.0,11.0,96.0045,3
2026-08-20T07:15:00Z,96.0,96.0,96.0,96.0,2.0,96.0,2
2026-08-20T07:30:00Z,95.995,95.995,95.995,95.995,32.0,95.995,4
2026-08-20T07:45:00Z,95.995,95.995,95.995,95.995,33.0,95.995,10
2026-08-20T08:00:00Z,95.995,95.995,95.995,95.995,15.0,95.995,5
2026-08-20T08:15:00Z,95.995,95.995,95.99,95.99,47.0,95.9905,15
2026-08-20T08:30:00Z,95.99,95.99,95.99,95.99,16.0,95.99,4
2026-08-20T08:45:00Z,95.99,95.99,95.99,95.99,0.0,95.99,0
2026-08-20T09:00:00Z,95.99,95.99,95.99,95.99,52.0,95.99,4
2026-08-20T09:15:00Z,95.99,95.99,95.99,95.99,0.0,95.99,0
2026-08-20T09:30:00Z,95.99,95.99,95.99,95.99,4.0,95.99,1
2026-08-20T09:45:00Z,95.99,95.99,95.99,95.99,0.0,95.99,0
2026-08-20T10:00:00Z,95.99,95.99,95.99,95.99,0.0,95.99,0
2026-08-20T10:15:00Z,95.99,95.995,95.99,95.995,10.0,95.9925,5
2026-08-20T10:30:00Z,95.995,95.995,95.995,95.995,0.0,95.995,0
2026-08-20T10:45:00Z,95.99,95.99,95.985,95.985,6.0,95.9865,4
2026-08-20T11:00:00Z,95.975,95.975,95.975,95.975,8.0,95.975,5
2026-08-20T11:15:00Z,95.97,95.97,95.97,95.97,32.0,95.97,11
2026-08-20T11:30:00Z,95.975,95.975,95.975,95.975,13.0,95.975,5
2026-08-20T11:45:00Z,95.97,95.97,95.97,95.97,12.0,95.97,5
2026-08-20T12:00:00Z,95.975,95.975,95.975,95.975,90.0,95.975,20
2026-08-20T12:15:00Z,95.98,95.98,95.98,95.98,60.0,95.98,8
2026-08-20T12:30:00Z,95.975,95.98,95.975,95.98,84.0,95.9765,25
2026-08-20T12:45:00Z,95.98,95.985,95.98,95.985,72.0,95.9845,26
2026-08-20T13:00:00Z,95.985,95.985,95.975,95.975,32.0,95.983,9
2026-08-20T13:15:00Z,95.975,95.975,95.975,95.975,17.0,95.975,8
2026-08-20T13:30:00Z,95.97,95.98,95.97,95.98,181.0,95.975,26
2026-08-20T13:45:00Z,95.975,95.975,95.97,95.97,24.0,95.971,15
2026-08-20T14:00:00Z,95.975,95.975,95.965,95.975,88.0,95.973,18
2026-08-20T14:15:00Z,95.98,95.98,95.98,95.98,18.0,95.98,9
2026-08-20T14:30:00Z,95.98,95.985,95.98,95.985,34.0,95.984,11
2026-08-20T14:45:00Z,95.985,95.985,95.985,95.985,8.0,95.985,4
2026-08-20T15:00:00Z,95.985,95.99,95.98,95.98,118.0,95.9815,41
2026-08-20T15:15:00Z,95.985,95.985,95.985,95.985,52.0,95.985,8
2026-08-20T15:30:00Z,95.98,95.98,95.975,95.975,24.0,95.9795,10
2026-08-20T15:45:00Z,95.975,95.975,95.97,95.97,17.0,95.974,9
2026-08-20T16:00:00Z,95.975,95.975,95.975,95.975,32.0,95.975,9
2026-08-20T16:15:00Z,95.975,95.975,95.975,95.975,2.0,95.975,1
2026-08-20T16:30:00Z,95.975,95.975,95.975,95.975,13.0,95.975,4
2026-08-20T16:45:00Z,95.98,95.98,95.98,95.98,7.0,95.98,3
2026-08-20T17:00:00Z,95.985,95.985,95.985,95.985,38.0,95.985,34
2026-08-20T17:15:00Z,95.985,95.985,95.985,95.985,32.0,95.985,8
2026-08-20T17:30:00Z,95.98,95.98,95.975,95.975,13.0,95.978,6
2026-08-20T17:45:00Z,95.98,95.98,95.98,95.98,8.0,95.98,2
2026-08-20T18:00:00Z,95.985,95.985,95.985,95.985,22.0,95.985,7
2026-08-20T18:15:00Z,95.985,95.985,95.985,95.985,15.0,95.985,6
2026-08-20T18:30:00Z,95.985,95.985,95.985,95.985,6.0,95.985,2
2026-08-20T18:45:00Z,95.985,95.985,95.985,95.985,5.0,95.985,3
2026-08-20T19:00:00Z,95.985,95.99,95.985,95.99,7.0,95.9895,2
2026-08-20T19:15:00Z,95.99,95.99,95.99,95.99,34.0,95.99,5
2026-08-20T19:30:00Z,95.99,95.99,95.99,95.99,5.0,95.99,3
2026-08-20T19:45:00Z,95.99,95.99,95.99,95.99,0.0,95.99,0
2026-08-20T20:00:00Z,95.99,95.99,95.99,95.99,0.0,95.99,0
2026-08-20T20:15:00Z,95.985,95.985,95.985,95.985,6.0,95.985,4
2026-08-20T20:30:00Z,95.985,95.985,95.98,95.98,25.0,95.9835,6
2026-08-20T20:45:00Z,95.98,95.98,95.98,95.98,4.0,95.98,3
2026-08-20T22:30:00Z,95.985,95.985,95.985,95.985,7.0,95.985,2
2026-08-20T22:45:00Z,95.985,95.985,95.985,95.985,0.0,95.985,0
2026-08-20T23:00:00Z,95.985,95.985,95.985,95.985,0.0,95.985,0
2026-08-20T23:15:00Z,95.985,95.985,95.985,95.985,8.0,95.985,3
2026-08-20T23:30:00Z,95.985,95.985,95.985,95.985,13.0,95.985,3
2026-08-20T23:45:00Z,95.985,95.985,95.985,95.985,0.0,95.985,0
2026-08-21T00:00:00Z,95.985,95.985,95.985,95.985,0.0,95.985,0
2026-08-21T00:15:00Z,95.99,95.99,95.99,95.99,5.0,95.99,5
2026-08-21T00:30:00Z,95.99,95.99,95.99,95.99,0.0,95.99,0
2026-08-21T00:45:00Z,95.99,95.99,95.99,95.99,0.0,95.99,0
2026-08-21T01:00:00Z,95.99,95.99,95.99,95.99,1.0,95.99,1
2026-08-21T01:15:00Z,95.985,95.985,95.985,95.985,4.0,95.985,3
2026-08-21T01:30:00Z,95.985,95.985,95.985,95.985,0.0,95.985,0
2026-08-21T01:45:00Z,95.985,95.985,95.985,95.985,0.0,95.985,0
2026-08-21T02:00:00Z,95.985,95.985,95.985,95.985,1.0,95.985,1
2026-08-21T02:15:00Z,95.985,95.985,95.985,95.985,0.0,95.985,0
2026-08-21T02:30:00Z,95.985,95.985,95.985,95.985,0.0,95.985,0
2026-08-21T02:45:00Z,95.985,95.985,95.985,95.985,0.0,95.985,0
2026-08-21T03:00:00Z,95.985,95.985,95.985,95.985,0.0,95.985,0
2026-08-21T03:15:00Z,95.985,95.985,95.985,95.985,0.0,95.985,0
2026-08-21T03:30:00Z,95.985,95.985,95.985,95.985,0.0,95.985,0
2026-08-21T03:45:00Z,95.985,95.985,95.985,95.985,0.0,95.985,0
2026-08-21T04:00:00Z,95.985,95.985,95.985,95.985,0.0,95.985,0
2026-08-21T04:15:00Z,95.985,95.985,95.985,95.985,0.0,95.985,0
2026-08-21T04:30:00Z,95.985,95.985,95.985,95.985,0.0,95.985,0
2026-08-21T04:45:00Z,95.985,95.985,95.985,95.985,0.0,95.985,0
2026-08-21T05:00:00Z,95.985,95.985,95.985,95.985,0.0,95.985,0
2026-08-21T05:15:00Z,95.985,95.985,95.985,95.985,0.0,95.985,0
2026-08-21T05:30:00Z,95.985,95.985,95.985,95.985,0.0,95.985,0
2026-08-21T05:45:00Z,95.985,95.985,95.985,95.985,2.0,95.985,1
2026-08-21T06:00:00Z,95.985,95.985,95.985,95.985,0.0,95.985,0
2026-08-21T06:15:00Z,95.985,95.985,95.985,95.985,0.0,95.985,0
2026-08-21T06:30:00Z,95.985,95.985,95.985,95.985,2.0,95.985,2
2026-08-21T06:45:00Z,95.985,95.985,95.985,95.985,3.0,95.985,3
2026-08-21T07:00:00Z,95.985,95.985,95.985,95.985,0.0,95.985,0
2026-08-21T07:15:00Z,95.99,95.99,95.99,95.99,8.0,95.99,3
2026-08-21T07:30:00Z,95.985,95.995,95.985,95.995,18.0,95.9905,7
2026-08-21T07:45:00Z,95.995,95.995,95.99,95.99,12.0,95.9935,11
2026-08-21T08:00:00Z,95.985,95.985,95.985,95.985,4.0,95.985,3
2026-08-21T08:15:00Z,95.99,95.995,95.99,95.995,5.0,95.993,5
2026-08-21T08:30:00Z,95.995,95.995,95.995,95.995,14.0,95.995,7
2026-08-21T08:45:00Z,95.995,95.995,95.995,95.995,7.0,95.995,6
2026-08-21T09:00:00Z,95.995,95.995,95.995,95.995,40.0,95.995,18
2026-08-21T09:15:00Z,95.99,95.99,95.99,95.99,2.0,95.99,2
2026-08-21T09:30:00Z,95.99,95.99,95.99,95.99,3.0,95.99,3
2026-08-21T09:45:00Z,95.99,95.99,95.99,95.99,0.0,95.99,0
2026-08-21T10:00:00Z,95.985,95.985,95.985,95.985,5.0,95.985,2
2026-08-21T10:15:00Z,95.985,95.985,95.985,95.985,0.0,95.985,0
2026-08-21T10:30:00Z,95.985,95.985,95.985,95.985,0.0,95.985,0
2026-08-21T10:45:00Z,95.98,95.98,95.98,95.98,6.0,95.98,3
2026-08-21T11:00:00Z,95.975,95.975,95.975,95.975,11.0,95.975,7
2026-08-21T11:15:00Z,95.975,95.99,95.975,95.99,70.0,95.9835,36
2026-08-21T11:30:00Z,95.99,95.99,95.985,95.985,28.0,95.9875,11
2026-08-21T11:45:00Z,95.985,95.985,95.985,95.985,2.0,95.985,1
2026-08-21T12:00:00Z,95.985,95.985,95.985,95.985,0.0,95.985,0
2026-08-21T12:15:00Z,95.99,95.99,95.99,95.99,15.0,95.99,6
2026-08-21T12:30:00Z,95.99,95.99,95.985,95.99,38.0,95.9895,6
2026-08-21T12:45:00Z,95.99,95.99,95.985,95.985,12.0,95.987,7
2026-08-21T13:00:00Z,95.985,95.985,95.975,95.975,103.0,95.982,24
2026-08-21T13:15:00Z,95.975,95.975,95.96,95.96,105.0,95.963,20
2026-08-21T13:30:00Z,95.96,95.96,95.955,95.955,300.0,95.9575,44
2026-08-21T13:45:00Z,95.95,95.955,95.95,95.955,119.0,95.952,24
2026-08-21T14:00:00Z,95.955,95.955,95.95,95.95,16.0,95.953,9
2026-08-21T14:15:00Z,95.945,95.945,95.94,95.94,27.0,95.941,10
2026-08-21T14:30:00Z,95.94,95.94,95.93,95.935,53.0,95.9335,21
2026-08-21T14:45:00Z,95.93,95.93,95.93,95.93,5.0,95.93,3
2026-08-21T15:00:00Z,95.93,95.935,95.925,95.925,39.0,95.93,13
2026-08-21T15:15:00Z,95.925,95.925,95.92,95.92,17.0,95.921,8
2026-08-21T15:30:00Z,95.92,95.93,95.92,95.93,51.0,95.9265,16
2026-08-21T15:45:00Z,95.93,95.93,95.93,95.93,2.0,95.93,1
2026-08-21T16:00:00Z,95.925,95.925,95.92,95.925,15.0,95.9245,7
2026-08-21T16:15:00Z,95.93,95.935,95.93,95.93,13.0,95.931,8
2026-08-21T16:30:00Z,95.93,95.93,95.93,95.93,10.0,95.93,2
2026-08-21T16:45:00Z,95.93,95.93,95.93,95.93,0.0,95.93,0
2026-08-21T17:00:00Z,95.935,95.935,95.935,95.935,43.0,95.935,9
2026-08-21T17:15:00Z,95.935,95.935,95.935,95.935,8.0,95.935,6
2026-08-21T17:30:00Z,95.935,95.935,95.935,95.935,0.0,95.935,0
2026-08-21T17:45:00Z,95.93,95.93,95.925,95.925,3.0,95.9285,3
2026-08-21T18:00:00Z,95.93,95.93,95.93,95.93,2.0,95.93,2
2026-08-21T18:15:00Z,95.93,95.93,95.93,95.93,58.0,95.93,11
2026-08-21T18:30:00Z,95.93,95.93,95.93,95.93,12.0,95.93,5
2026-08-21T18:45:00Z,95.93,95.93,95.93,95.93,0.0,95.93,0
2026-08-21T19:00:00Z,95.935,95.935,95.935,95.935,53.0,95.935,8
2026-08-21T19:15:00Z,95.935,95.935,95.935,95.935,0.0,95.935,0
2026-08-21T19:30:00Z,95.935,95.935,95.935,95.935,12.0,95.935,1
2026-08-21T19:45:00Z,95.935,95.935,95.935,95.935,38.0,95.935,11
2026-08-21T20:00:00Z,95.935,95.935,95.935,95.935,34.0,95.935,5
2026-08-21T20:15:00Z,95.93,95.935,95.93,95.93,136.0,95.93,17
2026-08-21T20:30:00Z,95.93,95.93,95.93,95.93,0.0,95.93,0
2026-08-21T20:45:00Z,95.925,95.925,95.925,95.925,10.0,95.925,2
2026-08-23T22:15:00Z,95.93,95.93,95.93,95.93,6.0,95.93,1
2026-08-23T22:30:00Z,95.93,95.93,95.93,95.93,0.0,95.93,0
2026-08-23T22:45:00Z,95.93,95.93,95.93,95.93,0.0,95.93,0
2026-08-23T23:00:00Z,95.93,95.93,95.93,95.93,3.0,95.93,1
2026-08-23T23:15:00Z,95.93,95.93,95.93,95.93,0.0,95.93,0
2026-08-23T23:30:00Z,95.93,95.93,95.93,95.93,0.0,95.93,0
2026-08-23T23:45:00Z,95.93,95.93,95.93,95.93,0.0,95.93,0
2026-08-24T00:00:00Z,95.93,95.93,95.93,95.93,0.0,95.93,0
2026-08-24T00:15:00Z,95.945,95.945,95.945,95.945,1.0,95.945,1
2026-08-24T00:30:00Z,95.945,95.945,95.945,95.945,0.0,95.945,0
2026-08-24T00:45:00Z,95.945,95.945,95.945,95.945,0.0,95.945,0
2026-08-24T01:00:00Z,95.945,95.945,95.945,95.945,0.0,95.945,0
2026-08-24T01:15:00Z,95.945,95.945,95.945,95.945,0.0,95.945,0
2026-08-24T01:30:00Z,95.945,95.945,95.945,95.945,0.0,95.945,0
2026-08-24T01:45:00Z,95.945,95.945,95.945,95.945,0.0,95.945,0
2026-08-24T02:00:00Z,95.945,95.945,95.945,95.945,0.0,95.945,0
2026-08-24T02:15:00Z,95.945,95.945,95.945,95.945,0.0,95.945,0
2026-08-24T02:30:00Z,95.945,95.945,95.945,95.945,0.0,95.945,0
2026-08-24T02:45:00Z,95.94,95.94,95.94,95.94,2.0,95.94,2
2026-08-24T03:00:00Z,95.94,95.94,95.94,95.94,19.0,95.94,6
2026-08-24T03:15:00Z,95.94,95.94,95.94,95.94,0.0,95.94,0
2026-08-24T03:30:00Z,95.94,95.94,95.94,95.94,0.0,95.94,0
2026-08-24T03:45:00Z,95.945,95.945,95.945,95.945,16.0,95.945,1
2026-08-24T04:00:00Z,95.945,95.945,95.945,95.945,0.0,95.945,0
2026-08-24T04:15:00Z,95.945,95.945,95.945,95.945,0.0,95.945,0
2026-08-24T04:30:00Z,95.945,95.945,95.945,95.945,0.0,95.945,0
2026-08-24T04:45:00Z,95.945,95.945,95.945,95.945,0.0,95.945,0
2026-08-24T05:00:00Z,95.945,95.945,95.945,95.945,0.0,95.945,0
2026-08-24T05:15:00Z,95.945,95.945,95.945,95.945,0.0,95.945,0
2026-08-24T05:30:00Z,95.94,95.94,95.94,95.94,4.0,95.94,1
2026-08-24T05:45:00Z,95.94,95.94,95.94,95.94,3.0,95.94,1
2026-08-24T06:00:00Z,95.945,95.945,95.945,95.945,7.0,95.945,4
2026-08-24T06:15:00Z,95.945,95.945,95.945,95.945,0.0,95.945,0
2026-08-24T06:30:00Z,95.945,95.945,95.945,95.945,0.0,95.945,0
2026-08-24T06:45:00Z,95.94,95.94,95.94,95.94,17.0,95.94,1
2026-08-24T07:00:00Z,95.945,95.945,95.94,95.94,27.0,95.9405,5
2026-08-24T07:15:00Z,95.94,95.94,95.94,95.94,2.0,95.94,1
2026-08-24T07:30:00Z,95.94,95.94,95.94,95.94,0.0,95.94,0
2026-08-24T07:45:00Z,95.94,95.94,95.94,95.94,0.0,95.94,0
2026-08-24T08:00:00Z,95.945,95.945,95.945,95.945,26.0,95.945,6
2026-08-24T08:15:00Z,95.945,95.945,95.945,95.945,4.0,95.945,1
2026-08-24T08:30:00Z,95.945,95.945,95.945,95.945,0.0,95.945,0
2026-08-24T08:45:00Z,95.945,95.945,95.945,95.945,0.0,95.945,0
2026-08-24T09:00:00Z,95.945,95.945,95.945,95.945,2.0,95.945,1
2026-08-24T09:15:00Z,95.945,95.945,95.945,95.945,0.0,95.945,0
2026-08-24T09:30:00Z,95.945,95.945,95.945,95.945,0.0,95.945,0
2026-08-24T09:45:00Z,95.945,95.945,95.945,95.945,2.0,95.945,2
2026-08-24T10:00:00Z,95.945,95.945,95.945,95.945,14.0,95.945,5
2026-08-24T10:15:00Z,95.945,95.945,95.945,95.945,0.0,95.945,0
2026-08-24T10:30:00Z,95.94,95.94,95.94,95.94,13.0,95.94,5
2026-08-24T10:45:00Z,95.94,95.94,95.94,95.94,0.0,95.94,0
2026-08-24T11:00:00Z,95.93,95.93,95.93,95.93,1.0,95.93,1
2026-08-24T11:15:00Z,95.925,95.925,95.925,95.925,11.0,95.925,4
2026-08-24T11:30:00Z,95.93,95.935,95.93,95.93,30.0,95.9325,15
2026-08-24T11:45:00Z,95.93,95.93,95.93,95.93,0.0,95.93,0
2026-08-24T12:00:00Z,95.925,95.925,95.915,95.925,43.0,95.9235,16
2026-08-24T12:15:00Z,95.92,95.925,95.92,95.925,65.0,95.9205,7
2026-08-24T12:30:00Z,95.925,95.935,95.92,95.925,143.0,95.9255,45
2026-08-24T12:45:00Z,95.925,95.925,95.925,95.925,0.0,95.925,0
2026-08-24T13:00:00Z,95.915,95.915,95.915,95.915,8.0,95.915,3
2026-08-24T13:15:00Z,95.915,95.915,95.915,95.915,65.0,95.915,13
2026-08-24T13:30:00Z,95.925,95.93,95.925,95.93,121.0,95.925,22
2026-08-24T13:45:00Z,95.935,95.935,95.93,95.93,33.0,95.9315,8
2026-08-24T14:00:00Z,95.935,95.935,95.93,95.93,139.0,95.932,19
2026-08-24T14:15:00Z,95.93,95.93,95.93,95.93,10.0,95.93,2
2026-08-24T14:30:00Z,95.93,95.93,95.93,95.93,15.0,95.93,8
2026-08-24T14:45:00Z,95.93,95.93,95.93,95.93,19.0,95.93,11
2026-08-24T15:00:00Z,95.93,95.93,95.93,95.93,49.0,95.93,22
2026-08-24T15:15:00Z,95.93,95.935,95.93,95.935,125.0,95.9345,17
2026-08-24T15:30:00Z,95.935,95.935,95.925,95.925,47.0,95.9285,9
2026-08-24T15:45:00Z,95.925,95.925,95.92,95.92,4.0,95.9215,2
2026-08-24T16:00:00Z,95.92,95.925,95.92,95.925,27.0,95.924,14
2026-08-24T16:15:00Z,95.925,95.925,95.925,95.925,12.0,95.925,8
2026-08-24T16:30:00Z,95.92,95.92,95.92,95.92,8.0,95.92,3
2026-08-24T16:45:00Z,95.92,95.92,95.92,95.92,4.0,95.92,2
2026-08-24T17:00:00Z,95.92,95.925,95.92,95.925,47.0,95.9245,17
2026-08-24T17:15:00Z,95.925,95.925,95.925,95.925,48.0,95.925,14
2026-08-24T17:30:00Z,95.925,95.925,95.925,95.925,4.0,95.925,2
2026-08-24T17:45:00Z,95.925,95.93,95.925,95.93,25.0,95.9275,10
2026-08-24T18:00:00Z,95.93,95.93,95.93,95.93,0.0,95.93,0
2026-08-24T18:15:00Z,95.93,95.93,95.93,95.93,0.0,95.93,0
2026-08-24T18:30:00Z,95.925,95.925,95.925,95.925,44.0,95.925,7
2026-08-24T18:45:00Z,95.925,95.925,95.925,95.925,40.0,95.925,10
2026-08-24T19:00:00Z,95.925,95.925,95.925,95.925,0.0,95.925,0
2026-08-24T19:15:00Z,95.925,95.925,95.925,95.925,0.0,95.925,0
2026-08-24T19:30:00Z,95.92,95.92,95.92,95.92,4.0,95.92,3
2026-08-24T19:45:00Z,95.92,95.92,95.92,95.92,5.0,95.92,2
2026-08-24T20:00:00Z,95.92,95.925,95.92,95.925,12.0,95.924,3
2026-08-24T20:15:00Z,95.925,95.925,95.925,95.925,1.0,95.925,1
2026-08-24T20:30:00Z,95.925,95.925,95.925,95.925,8.0,95.925,1
2026-08-24T20:45:00Z,95.925,95.925,95.925,95.925,7.0,95.925,4
2026-08-25T00:00:00Z,95.915,95.915,95.915,95.915,6.0,95.915,4
2026-08-25T00:15:00Z,95.915,95.915,95.915,95.915,0.0,95.915,0
2026-08-25T00:30:00Z,95.915,95.915,95.915,95.915,0.0,95.915,0
2026-08-25T00:45:00Z,95.915,95.915,95.915,95.915,0.0,95.915,0
2026-08-25T01:00:00Z,95.915,95.915,95.915,95.915,2.0,95.915,2
2026-08-25T01:15:00Z,95.915,95.915,95.915,95.915,0.0,95.915,0
2026-08-25T01:30:00Z,95.925,95.925,95.925,95.925,1.0,95.925,1
2026-08-25T01:45:00Z,95.92,95.92,95.92,95.92,1.0,95.92,1
2026-08-25T02:00:00Z,95.915,95.915,95.915,95.915,2.0,95.915,2
2026-08-25T02:15:00Z,95.915,95.915,95.915,95.915,1.0,95.915,1
2026-08-25T02:30:00Z,95.915,95.915,95.915,95.915,2.0,95.915,2
2026-08-25T02:45:00Z,95.915,95.915,95.915,95.915,0.0,95.915,0
2026-08-25T03:00:00Z,95.915,95.915,95.915,95.915,2.0,95.915,2
2026-08-25T03:15:00Z,95.915,95.915,95.915,95.915,2.0,95.915,1
2026-08-25T03:30:00Z,95.915,95.915,95.915,95.915,0.0,95.915,0
2026-08-25T03:45:00Z,95.915,95.915,95.915,95.915,0.0,95.915,0
2026-08-25T04:00:00Z,95.915,95.915,95.915,95.915,0.0,95.915,0
2026-08-25T04:15:00Z,95.915,95.915,95.915,95.915,1.0,95.915,1
2026-08-25T04:30:00Z,95.915,95.915,95.915,95.915,0.0,95.915,0
2026-08-25T04:45:00Z,95.915,95.915,95.915,95.915,0.0,95.915,0
2026-08-25T05:00:00Z,95.915,95.915,95.915,95.915,0.0,95.915,0
2026-08-25T05:15:00Z,95.915,95.915,95.915,95.915,1.0,95.915,1
2026-08-25T05:30:00Z,95.915,95.915,95.915,95.915,2.0,95.915,1
2026-08-25T05:45:00Z,95.92,95.92,95.92,95.92,3.0,95.92,2
2026-08-25T06:00:00Z,95.92,95.92,95.92,95.92,1.0,95.92,1
2026-08-25T06:15:00Z,95.92,95.92,95.92,95.92,1.0,95.92,1
2026-08-25T06:30:00Z,95.925,95.925,95.925,95.925,3.0,95.925,3
2026-08-25T06:45:00Z,95.925,95.925,95.925,95.925,0.0,95.925,0
2026-08-25T07:00:00Z,95.925,95.925,95.925,95.925,0.0,95.925,0
2026-08-25T07:15:00Z,95.925,95.925,95.925,95.925,3.0,95.925,1
2026-08-25T07:30:00Z,95.92,95.92,95.92,95.92,1.0,95.92,1
2026-08-25T07:45:00Z,95.92,95.92,95.92,95.92,1.0,95.92,1
2026-08-25T08:00:00Z,95.92,95.92,95.92,95.92,5.0,95.92,3
2026-08-25T08:15:00Z,95.92,95.93,95.92,95.925,22.0,95.926,14
2026-08-25T08:30:00Z,95.925,95.925,95.925,95.925,9.0,95.925,3
2026-08-25T08:45:00Z,95.925,95.93,95.925,95.93,3.0,95.9285,2
2026-08-25T09:00:00Z,95.935,95.935,95.935,95.935,7.0,95.935,4
2026-08-25T09:15:00Z,95.935,95.935,95.935,95.935,4.0,95.935,3
2026-08-25T09:30:00Z,95.935,95.935,95.935,95.935,5.0,95.935,2
2026-08-25T09:45:00Z,95.94,95.945,95.94,95.945,59.0,95.944,12
2026-08-25T10:00:00Z,95.945,95.945,95.945,95.945,1.0,95.945,1
2026-08-25T10:15:00Z,95.94,95.94,95.94,95.94,1.0,95.94,1
2026-08-25T10:30:00Z,95.94,95.94,95.94,95.94,0.0,95.94,0
2026-08-25T10:45:00Z,95.94,95.94,95.94,95.94,0.0,95.94,0
2026-08-25T11:00:00Z,95.94,95.94,95.935,95.94,13.0,95.9385,10
2026-08-25T11:15:00Z,95.94,95.94,95.94,95.94,5.0,95.94,4
2026-08-25T11:30:00Z,95.945,95.945,95.945,95.945,4.0,95.945,3
2026-08-25T11:45:00Z,95.95,95.95,95.95,95.95,3.0,95.95,1
2026-08-25T12:00:00Z,95.945,95.945,95.945,95.945,1.0,95.945,1
2026-08-25T12:15:00Z,95.945,95.945,95.945,95.945,0.0,95.945,0
2026-08-25T12:30:00Z,95.945,95.945,95.945,95.945,26.0,95.945,9
2026-08-25T12:45:00Z,95.945,95.955,95.945,95.955,73.0,95.95,11
2026-08-25T13:00:00Z,95.95,95.96,95.95,95.96,48.0,95.9545,25
2026-08-25T13:15:00Z,95.96,95.96,95.955,95.955,105.0,95.956,17
2026-08-25T13:30:00Z,95.955,95.955,95.955,95.955,22.0,95.955,6
2026-08-25T13:45:00Z,95.955,95.955,95.955,95.955,1.0,95.955,1
2026-08-25T14:00:00Z,95.955,95.96,95.955,95.96,103.0,95.9565,14
2026-08-25T14:15:00Z,95.96,95.96,95.96,95.96,81.0,95.96,19
2026-08-25T14:30:00Z,95.96,95.96,95.955,95.96,416.0,95.9595,77
2026-08-25T14:45:00Z,95.965,95.965,95.965,95.965,79.0,95.965,17
2026-08-25T15:00:00Z,95.96,95.965,95.96,95.965,64.0,95.964,2
2026-08-25T15:15:00Z,95.965,95.965,95.965,95.965,6.0,95.965,3
2026-08-25T15:30:00Z,95.965,95.975,95.965,95.97,113.0,95.9705,25
2026-08-25T15:45:00Z,95.965,95.965,95.965,95.965,43.0,95.965,15
2026-08-25T16:00:00Z,95.965,95.965,95.965,95.965,0.0,95.965,0
2026-08-25T16:15:00Z,95.965,95.965,95.965,95.965,0.0,95.965,0
2026-08-25T16:30:00Z,95.96,95.96,95.96,95.96,2.0,95.96,1
2026-08-25T16:45:00Z,95.96,95.96,95.96,95.96,16.0,95.96,3
2026-08-25T17:00:00Z,95.96,95.96,95.955,95.955,77.0,95.957,21
2026-08-25T17:15:00Z,95.955,95.955,95.955,95.955,20.0,95.955,7
2026-08-25T17:30:00Z,95.96,95.96,95.96,95.96,5.0,95.96,3
2026-08-25T17:45:00Z,95.96,95.96,95.96,95.96,7.0,95.96,2
2026-08-25T18:00:00Z,95.96,95.96,95.96,95.96,0.0,95.96,0
2026-08-25T18:15:00Z,95.96,95.96,95.96,95.96,82.0,95.96,2
2026-08-25T18:30:00Z,95.96,95.96,95.96,95.96,0.0,95.96,0
2026-08-25T18:45:00Z,95.96,95.96,95.96,95.96,0.0,95.96,0
2026-08-25T19:00:00Z,95.96,95.96,95.96,95.96,0.0,95.96,0
2026-08-25T19:15:00Z,95.96,95.96,95.96,95.96,0.0,95.96,0
2026-08-25T19:30:00Z,95.965,95.97,95.965,95.97,55.0,95.9655,6
2026-08-25T19:45:00Z,95.975,95.985,95.975,95.985,43.0,95.979,16
2026-08-25T20:00:00Z,95.98,95.99,95.98,95.99,120.0,95.9805,10
2026-08-25T20:15:00Z,95.99,95.99,95.99,95.99,3.0,95.99,2
2026-08-25T20:30:00Z,95.99,95.995,95.985,95.985,31.0,95.9915,5
2026-08-25T20:45:00Z,95.985,95.985,95.985,95.985,2.0,95.985,1
2026-08-25T23:00:00Z,95.98,95.98,95.98,95.98,2.0,95.98,1
2026-08-25T23:15:00Z,95.98,95.98,95.98,95.98,0.0,95.98,0
2026-08-25T23:30:00Z,95.98,95.98,95.98,95.98,0.0,95.98,0
2026-08-25T23:45:00Z,95.975,95.975,95.975,95.975,1.0,95.975,1
2026-08-26T00:00:00Z,95.975,95.975,95.975,95.975,0.0,95.975,0
2026-08-26T00:15:00Z,95.975,95.975,95.975,95.975,2.0,95.975,1
2026-08-26T00:30:00Z,95.975,95.975,95.975,95.975,0.0,95.975,0
2026-08-26T00:45:00Z,95.975,95.975,95.975,95.975,1.0,95.975,1
2026-08-26T01:00:00Z,95.98,95.98,95.98,95.98,2.0,95.98,1
2026-08-26T01:15:00Z,95.98,95.98,95.98,95.98,0.0,95.98,0
2026-08-26T01:30:00Z,95.975,95.975,95.975,95.975,2.0,95.975,1
2026-08-26T01:45:00Z,95.975,95.975,95.975,95.975,7.0,95.975,1
2026-08-26T02:00:00Z,95.975,95.975,95.975,95.975,1.0,95.975,1
2026-08-26T02:15:00Z,95.97,95.97,95.97,95.97,6.0,95.97,6
2026-08-26T02:30:00Z,95.97,95.97,95.97,95.97,0.0,95.97,0
2026-08-26T02:45:00Z,95.97,95.97,95.97,95.97,0.0,95.97,0
2026-08-26T03:00:00Z,95.97,95.97,95.97,95.97,0.0,95.97,0
2026-08-26T03:15:00Z,95.97,95.97,95.97,95.97,1.0,95.97,1
2026-08-26T03:30:00Z,95.97,95.97,95.97,95.97,5.0,95.97,2
2026-08-26T03:45:00Z,95.97,95.97,95.97,95.97,3.0,95.97,2
2026-08-26T04:00:00Z,95.97,95.97,95.97,95.97,1.0,95.97,1
2026-08-26T04:15:00Z,95.97,95.97,95.97,95.97,0.0,95.97,0
2026-08-26T04:30:00Z,95.97,95.97,95.97,95.97,0.0,95.97,0
2026-08-26T04:45:00Z,95.97,95.97,95.97,95.97,0.0,95.97,0
2026-08-26T05:00:00Z,95.97,95.97,95.97,95.97,0.0,95.97,0
2026-08-26T05:15:00Z,95.97,95.97,95.97,95.97,0.0,95.97,0
2026-08-26T05:30:00Z,95.97,95.97,95.97,95.97,0.0,95.97,0
2026-08-26T05:45:00Z,95.97,95.97,95.97,95.97,0.0,95.97,0
2026-08-26T06:00:00Z,95.97,95.97,95.97,95.97,0.0,95.97,0
2026-08-26T06:15:00Z,95.965,95.965,95.965,95.965,19.0,95.965,12
2026-08-26T06:30:00Z,95.965,95.965,95.965,95.965,1.0,95.965,1
2026-08-26T06:45:00Z,95.965,95.965,95.965,95.965,0.0,95.965,0
2026-08-26T07:00:00Z,95.97,95.97,95.97,95.97,1.0,95.97,1
2026-08-26T07:15:00Z,95.965,95.965,95.965,95.965,9.0,95.965,1
2026-08-26T07:30:00Z,95.965,95.965,95.965,95.965,0.0,95.965,0
2026-08-26T07:45:00Z,95.965,95.965,95.965,95.965,0.0,95.965,0
2026-08-26T08:00:00Z,95.965,95.965,95.965,95.965,1.0,95.965,1
2026-08-26T08:15:00Z,95.965,95.965,95.965,95.965,1.0,95.965,1
2026-08-26T08:30:00Z,95.965,95.965,95.965,95.965,0.0,95.965,0
2026-08-26T08:45:00Z,95.965,95.965,95.965,95.965,3.0,95.965,3
2026-08-26T09:00:00Z,95.965,95.965,95.965,95.965,1.0,95.965,1
2026-08-26T09:15:00Z,95.965,95.965,95.965,95.965,0.0,95.965,0
2026-08-26T09:30:00Z,95.96,95.96,95.96,95.96,22.0,95.96,6
2026-08-26T09:45:00Z,95.96,95.96,95.96,95.96,2.0,95.96,2
2026-08-26T10:00:00Z,95.96,95.96,95.96,95.96,3.0,95.96,2
2026-08-26T10:15:00Z,95.96,95.96,95.96,95.96,1.0,95.96,1
2026-08-26T10:30:00Z,95.96,95.96,95.96,95.96,0.0,95.96,0
2026-08-26T10:45:00Z,95.96,95.96,95.96,95.96,3.0,95.96,2
2026-08-26T11:00:00Z,95.96,95.96,95.96,95.96,21.0,95.96,7
2026-08-26T11:15:00Z,95.96,95.96,95.96,95.96,0.0,95.96,0
2026-08-26T11:30:00Z,95.965,95.965,95.965,95.965,3.0,95.965,2
2026-08-26T11:45:00Z,95.965,95.965,95.965,95.965,0.0,95.965,0
2026-08-26T12:00:00Z,95.975,95.98,95.975,95.975,41.0,95.9775,13
2026-08-26T12:15:00Z,95.985,95.99,95.985,95.99,24.0,95.9875,13
2026-08-26T12:30:00Z,95.99,95.99,95.94,95.95,224.0,95.9575,50
2026-08-26T12:45:00Z,95.95,95.95,95.94,95.94,26.0,95.9435,13
2026-08-26T13:00:00Z,95.94,95.945,95.94,95.94,49.0,95.941,9
2026-08-26T13:15:00Z,95.94,95.94,95.94,95.94,35.0,95.94,21
2026-08-26T13:30:00Z,95.94,95.94,95.94,95.94,22.0,95.94,10
2026-08-26T13:45:00Z,95.93,95.935,95.93,95.935,72.0,95.933,15
2026-08-26T14:00:00Z,95.935,95.935,95.935,95.935,94.0,95.935,11
2026-08-26T14:15:00Z,95.94,95.94,95.935,95.935,4.0,95.9375,2
2026-08-26T14:30:00Z,95.94,95.94,95.94,95.94,16.0,95.94,9
2026-08-26T14:45:00Z,95.94,95.94,95.94,95.94,54.0,95.94,6
2026-08-26T15:00:00Z,95.945,95.945,95.945,95.945,8.0,95.945,3
2026-08-26T15:15:00Z,95.945,95.945,95.94,95.94,88.0,95.9415,15
2026-08-26T15:30:00Z,95.94,95.94,95.94,95.94,2.0,95.94,2
2026-08-26T15:45:00Z,95.94,95.94,95.935,95.935,11.0,95.9355,8
2026-08-26T16:00:00Z,95.935,95.935,95.935,95.935,93.0,95.935,7
2026-08-26T16:15:00Z,95.93,95.93,95.93,95.93,31.0,95.93,5
2026-08-26T16:30:00Z,95.93,95.93,95.93,95.93,73.0,95.93,15
2026-08-26T16:45:00Z,95.93,95.93,95.93,95.93,49.0,95.93,7
2026-08-26T17:00:00Z,95.93,95.93,95.93,95.93,0.0,95.93,0
2026-08-26T17:15:00Z,95.935,95.935,95.935,95.935,19.0,95.935,8
2026-08-26T17:30:00Z,95.935,95.935,95.935,95.935,0.0,95.935,0
2026-08-26T17:45:00Z,95.93,95.93,95.93,95.93,3.0,95.93,2
2026-08-26T18:00:00Z,95.93,95.935,95.93,95.935,125.0,95.9345,14
2026-08-26T18:15:00Z,95.935,95.935,95.935,95.935,4.0,95.935,2
2026-08-26T18:30:00Z,95.935,95.935,95.935,95.935,0.0,95.935,0
2026-08-26T18:45:00Z,95.935,95.935,95.935,95.935,5.0,95.935,2
2026-08-26T19:00:00Z,95.935,95.935,95.935,95.935,0.0,95.935,0
2026-08-26T19:15:00Z,95.935,95.935,95.935,95.935,2.0,95.935,1
2026-08-26T19:30:00Z,95.935,95.935,95.935,95.935,0.0,95.935,0
2026-08-26T19:45:00Z,95.94,95.94,95.94,95.94,14.0,95.94,6
2026-08-26T20:00:00Z,95.945,95.945,95.945,95.945,12.0,95.945,5
2026-08-26T20:15:00Z,95.945,95.945,95.945,95.945,56.0,95.945,12
2026-08-26T20:30:00Z,95.945,95.945,95.945,95.945,0.0,95.945,0
2026-08-26T20:45:00Z,95.945,95.945,95.945,95.945,3.0,95.945,3
2026-08-26T23:00:00Z,95.95,95.95,95.95,95.95,3.0,95.95,3
2026-08-26T23:15:00Z,95.95,95.95,95.95,95.95,0.0,95.95,0
2026-08-26T23:30:00Z,95.95,95.95,95.95,95.95,0.0,95.95,0
2026-08-26T23:45:00Z,95.95,95.95,95.95,95.95,0.0,95.95,0
2026-08-27T00:00:00Z,95.95,95.95,95.95,95.95,0.0,95.95,0
2026-08-27T00:15:00Z,95.945,95.945,95.945,95.945,3.0,95.945,3
2026-08-27T00:30:00Z,95.945,95.945,95.945,95.945,2.0,95.945,1
2026-08-27T00:45:00Z,95.94,95.94,95.94,95.94,4.0,95.94,4
2026-08-27T01:00:00Z,95.94,95.94,95.94,95.94,0.0,95.94,0
2026-08-27T01:15:00Z,95.94,95.94,95.94,95.94,0.0,95.94,0
2026-08-27T01:30:00Z,95.94,95.94,95.94,95.94,0.0,95.94,0
2026-08-27T01:45:00Z,95.94,95.94,95.94,95.94,0.0,95.94,0
2026-08-27T02:00:00Z,95.94,95.94,95.94,95.94,0.0,95.94,0
2026-08-27T02:15:00Z,95.94,95.94,95.94,95.94,0.0,95.94,0
2026-08-27T02:30:00Z,95.94,95.94,95.94,95.94,0.0,95.94,0
2026-08-27T02:45:00Z,95.94,95.94,95.94,95.94,0.0,95.94,0
2026-08-27T03:00:00Z,95.94,95.94,95.94,95.94,0.0,95.94,0
2026-08-27T03:15:00Z,95.94,95.94,95.94,95.94,0.0,95.94,0
2026-08-27T03:30:00Z,95.94,95.94,95.94,95.94,0.0,95.94,0
2026-08-27T03:45:00Z,95.94,95.94,95.94,95.94,0.0,95.94,0
2026-08-27T04:00:00Z,95.94,95.94,95.94,95.94,0.0,95.94,0
2026-08-27T04:15:00Z,95.94,95.94,95.94,95.94,0.0,95.94,0
2026-08-27T04:30:00Z,95.94,95.94,95.94,95.94,0.0,95.94,0
2026-08-27T04:45:00Z,95.94,95.94,95.94,95.94,3.0,95.94,1
2026-08-27T05:00:00Z,95.935,95.935,95.935,95.935,1.0,95.935,1
2026-08-27T05:15:00Z,95.94,95.94,95.94,95.94,2.0,95.94,1
2026-08-27T05:30:00Z,95.94,95.94,95.94,95.94,0.0,95.94,0
2026-08-27T05:45:00Z,95.94,95.94,95.94,95.94,0.0,95.94,0
2026-08-27T06:00:00Z,95.945,95.945,95.945,95.945,3.0,95.945,2
2026-08-27T06:15:00Z,95.945,95.945,95.945,95.945,0.0,95.945,0
2026-08-27T06:30:00Z,95.945,95.945,95.945,95.945,0.0,95.945,0
2026-08-27T06:45:00Z,95.945,95.945,95.945,95.945,2.0,95.945,2
2026-08-27T07:00:00Z,95.95,95.95,95.95,95.95,7.0,95.95,5
2026-08-27T07:15:00Z,95.95,95.95,95.95,95.95,0.0,95.95,0
2026-08-27T07:30:00Z,95.95,95.95,95.95,95.95,8.0,95.95,3
2026-08-27T07:45:00Z,95.945,95.945,95.945,95.945,2.0,95.945,1
2026-08-27T08:00:00Z,95.945,95.945,95.945,95.945,0.0,95.945,0
2026-08-27T08:15:00Z,95.935,95.94,95.935,95.94,102.0,95.94,2
2026-08-27T08:30:00Z,95.94,95.94,95.94,95.94,7.0,95.94,5
2026-08-27T08:45:00Z,95.94,95.94,95.94,95.94,4.0,95.94,1
2026-08-27T09:00:00Z,95.94,95.94,95.94,95.94,0.0,95.94,0
2026-08-27T09:15:00Z,95.935,95.935,95.935,95.935,2.0,95.935,1
2026-08-27T09:30:00Z,95.93,95.93,95.93,95.93,19.0,95.93,3
2026-08-27T09:45:00Z,95.93,95.93,95.93,95.93,0.0,95.93,0
2026-08-27T10:00:00Z,95.93,95.93,95.93,95.93,2.0,95.93,2
2026-08-27T10:15:00Z,95.935,95.935,95.93,95.93,63.0,95.9345,16
2026-08-27T10:30:00Z,95.93,95.93,95.93,95.93,1.0,95.93,1
2026-08-27T10:45:00Z,95.93,95.93,95.93,95.93,1.0,95.93,1
2026-08-27T11:00:00Z,95.925,95.925,95.925,95.925,3.0,95.925,2
2026-08-27T11:15:00Z,95.925,95.925,95.925,95.925,0.0,95.925,0
2026-08-27T11:30:00Z,95.93,95.93,95.93,95.93,4.0,95.93,1
2026-08-27T11:45:00Z,95.935,95.935,95.935,95.935,48.0,95.935,8
2026-08-27T12:00:00Z,95.935,95.935,95.935,95.935,2.0,95.935,1
2026-08-27T12:15:00Z,95.94,95.94,95.94,95.94,7.0,95.94,4
2026-08-27T12:30:00Z,95.94,95.94,95.93,95.935,65.0,95.936,17
2026-08-27T12:45:00Z,95.93,95.93,95.93,95.93,36.0,95.93,10
2026-08-27T13:00:00Z,95.935,95.94,95.935,95.935,13.0,95.936,3
2026-08-27T13:15:00Z,95.94,95.945,95.94,95.945,14.0,95.9415,5
2026-08-27T13:30:00Z,95.945,95.945,95.945,95.945,5.0,95.945,3
2026-08-27T13:45:00Z,95.94,95.945,95.94,95.945,17.0,95.942,5
2026-08-27T14:00:00Z,95.94,95.94,95.94,95.94,20.0,95.94,10
2026-08-27T14:15:00Z,95.935,95.935,95.935,95.935,2.0,95.935,2
2026-08-27T14:30:00Z,95.935,95.94,95.935,95.94,5.0,95.937,2
2026-08-27T14:45:00Z,95.945,95.945,95.945,95.945,38.0,95.945,7
2026-08-27T15:00:00Z,95.945,95.945,95.94,95.94,5.0,95.942,2
2026-08-27T15:15:00Z,95.94,95.94,95.94,95.94,4.0,95.94,3
2026-08-27T15:30:00Z,95.94,95.94,95.94,95.94,4.0,95.94,3
2026-08-27T15:45:00Z,95.94,95.945,95.94,95.945,14.0,95.9445,7
2026-08-27T16:00:00Z,95.945,95.945,95.945,95.945,94.0,95.945,11
2026-08-27T16:15:00Z,95.945,95.945,95.945,95.945,3.0,95.945,3
2026-08-27T16:30:00Z,95.945,95.945,95.94,95.94,21.0,95.9425,5
2026-08-27T16:45:00Z,95.94,95.94,95.94,95.94,3.0,95.94,2
2026-08-27T17:00:00Z,95.935,95.935,95.935,95.935,6.0,95.935,2
2026-08-27T17:15:00Z,95.935,95.935,95.93,95.93,16.0,95.9345,6
2026-08-27T17:30:00Z,95.93,95.93,95.93,95.93,2.0,95.93,1
2026-08-27T17:45:00Z,95.925,95.925,95.925,95.925,4.0,95.925,2
2026-08-27T18:00:00Z,95.92,95.92,95.92,95.92,8.0,95.92,8
2026-08-27T18:15:00Z,95.925,95.925,95.925,95.925,1.0,95.925,1
2026-08-27T18:30:00Z,95.925,95.925,95.925,95.925,0.0,95.925,0
2026-08-27T18:45:00Z,95.925,95.925,95.925,95.925,2.0,95.925,2
2026-08-27T19:00:00Z,95.925,95.925,95.925,95.925,1.0,95.925,1
2026-08-27T19:15:00Z,95.925,95.925,95.925,95.925,0.0,95.925,0
2026-08-27T19:30:00Z,95.925,95.925,95.925,95.925,0.0,95.925,0
2026-08-27T19:45:00Z,95.925,95.925,95.925,95.925,0.0,95.925,0
2026-08-27T20:00:00Z,95.925,95.925,95.925,95.925,0.0,95.925,0
2026-08-27T20:15:00Z,95.92,95.92,95.92,95.92,11.0,95.92,1
2026-08-27T20:30:00Z,95.92,95.92,95.92,95.92,0.0,95.92,0
2026-08-27T20:45:00Z,95.92,95.92,95.92,95.92,1.0,95.92,1
2026-08-27T22:15:00Z,95.925,95.925,95.925,95.925,3.0,95.925,1
2026-08-27T22:30:00Z,95.93,95.93,95.93,95.93,2.0,95.93,2
2026-08-27T22:45:00Z,95.93,95.93,95.93,95.93,0.0,95.93,0
2026-08-27T23:00:00Z,95.93,95.93,95.93,95.93,0.0,95.93,0
2026-08-27T23:15:00Z,95.93,95.93,95.93,95.93,0.0,95.93,0
2026-08-27T23:30:00Z,95.93,95.93,95.93,95.93,0.0,95.93,0
2026-08-27T23:45:00Z,95.93,95.93,95.93,95.93,0.0,95.93,0
2026-08-28T00:00:00Z,95.93,95.93,95.93,95.93,0.0,95.93,0
2026-08-28T00:15:00Z,95.93,95.93,95.93,95.93,0.0,95.93,0
2026-08-28T00:30:00Z,95.93,95.93,95.925,95.925,42.0,95.9295,4
2026-08-28T00:45:00Z,95.925,95.925,95.925,95.925,0.0,95.925,0
2026-08-28T01:00:00Z,95.93,95.93,95.93,95.93,1.0,95.93,1
2026-08-28T01:15:00Z,95.93,95.93,95.93,95.93,1.0,95.93,1
2026-08-28T01:30:00Z,95.93,95.93,95.93,95.93,0.0,95.93,0
2026-08-28T01:45:00Z,95.93,95.93,95.93,95.93,5.0,95.93,2
2026-08-28T02:00:00Z,95.93,95.93,95.93,95.93,12.0,95.93,7
2026-08-28T02:15:00Z,95.93,95.93,95.93,95.93,3.0,95.93,3
2026-08-28T02:30:00Z,95.93,95.93,95.93,95.93,0.0,95.93,0
2026-08-28T02:45:00Z,95.93,95.93,95.93,95.93,0.0,95.93,0
2026-08-28T03:00:00Z,95.93,95.93,95.93,95.93,0.0,95.93,0
2026-08-28T03:15:00Z,95.93,95.93,95.93,95.93,0.0,95.93,0
2026-08-28T03:30:00Z,95.925,95.925,95.925,95.925,5.0,95.925,4
2026-08-28T03:45:00Z,95.925,95.925,95.925,95.925,9.0,95.925,5
2026-08-28T04:00:00Z,95.925,95.925,95.925,95.925,0.0,95.925,0
2026-08-28T04:15:00Z,95.925,95.925,95.925,95.925,0.0,95.925,0
2026-08-28T04:30:00Z,95.925,95.925,95.925,95.925,0.0,95.925,0
2026-08-28T04:45:00Z,95.925,95.925,95.925,95.925,0.0,95.925,0
2026-08-28T05:00:00Z,95.925,95.925,95.925,95.925,0.0,95.925,0
2026-08-28T05:15:00Z,95.925,95.925,95.925,95.925,0.0,95.925,0
2026-08-28T05:30:00Z,95.925,95.925,95.925,95.925,1.0,95.925,1
2026-08-28T05:45:00Z,95.925,95.925,95.925,95.925,0.0,95.925,0
2026-08-28T06:00:00Z,95.925,95.925,95.925,95.925,1.0,95.925,1
2026-08-28T06:15:00Z,95.925,95.925,95.925,95.925,2.0,95.925,2
2026-08-28T06:30:00Z,95.925,95.925,95.925,95.925,0.0,95.925,0
2026-08-28T06:45:00Z,95.93,95.93,95.93,95.93,2.0,95.93,2
2026-08-28T07:00:00Z,95.925,95.925,95.925,95.925,1.0,95.925,1
2026-08-28T07:15:00Z,95.925,95.925,95.925,95.925,0.0,95.925,0
2026-08-28T07:30:00Z,95.925,95.925,95.925,95.925,1.0,95.925,1
2026-08-28T07:45:00Z,95.925,95.925,95.925,95.925,21.0,95.925,4
2026-08-28T08:00:00Z,95.925,95.925,95.925,95.925,2.0,95.925,1
2026-08-28T08:15:00Z,95.925,95.925,95.925,95.925,0.0,95.925,0
2026-08-28T08:30:00Z,95.925,95.925,95.925,95.925,8.0,95.925,3
2026-08-28T08:45:00Z,95.925,95.925,95.925,95.925,32.0,95.925,1
2026-08-28T09:00:00Z,95.92,95.92,95.92,95.92,5.0,95.92,3
2026-08-28T09:15:00Z,95.92,95.92,95.92,95.92,0.0,95.92,0
2026-08-28T09:30:00Z,95.92,95.92,95.92,95.92,1.0,95.92,1
2026-08-28T09:45:00Z,95.92,95.92,95.92,95.92,3.0,95.92,2
2026-08-28T10:00:00Z,95.92,95.92,95.92,95.92,7.0,95.92,1
2026-08-28T10:15:00Z,95.92,95.92,95.92,95.92,0.0,95.92,0
2026-08-28T10:30:00Z,95.925,95.925,95.925,95.925,2.0,95.925,1
2026-08-28T10:45:00Z,95.925,95.925,95.925,95.925,0.0,95.925,0
2026-08-28T11:00:00Z,95.925,95.925,95.925,95.925,0.0,95.925,0
2026-08-28T11:15:00Z,95.92,95.92,95.92,95.92,20.0,95.92,3
2026-08-28T11:30:00Z,95.92,95.92,95.92,95.92,2.0,95.92,2
2026-08-28T11:45:00Z,95.92,95.925,95.92,95.92,47.0,95.9215,12
2026-08-28T12:00:00Z,95.925,95.925,95.925,95.925,9.0,95.925,1
2026-08-28T12:15:00Z,95.925,95.925,95.92,95.92,12.0,95.924,7
2026-08-28T12:30:00Z,95.91,95.91,95.905,95.905,111.0,95.9075,41
2026-08-28T12:45:00Z,95.91,95.915,95.91,95.915,7.0,95.913,4
2026-08-28T13:00:00Z,95.915,95.915,95.915,95.915,3.0,95.915,2
2026-08-28T13:15:00Z,95.915,95.915,95.915,95.915,19.0,95.915,9
2026-08-28T13:30:00Z,95.915,95.915,95.915,95.915,21.0,95.915,11
2026-08-28T13:45:00Z,95.915,95.93,95.905,95.905,79.0,95.9155,20
2026-08-28T14:00:00Z,95.9,95.945,95.845,95.845,411.0,95.873,125
2026-08-28T14:15:00Z,95.85,95.85,95.805,95.815,263.0,95.825,65
2026-08-28T14:30:00Z,95.82,95.845,95.815,95.84,163.0,95.8365,39
2026-08-28T14:45:00Z,95.835,95.84,95.825,95.835,65.0,95.832,34
2026-08-28T15:00:00Z,95.835,95.835,95.805,95.805,58.0,95.814,19
2026-08-28T15:15:00Z,95.805,95.81,95.8,95.8,115.0,95.8035,21
2026-08-28T15:30:00Z,95.8,95.8,95.785,95.79,39.0,95.7955,17
2026-08-28T15:45:00Z,95.795,95.805,95.795,95.8,44.0,95.799,17
2026-08-28T16:00:00Z,95.805,95.805,95.795,95.795,34.0,95.8005,14
2026-08-28T16:15:00Z,95.795,95.795,95.785,95.785,140.0,95.791,30
2026-08-28T16:30:00Z,95.79,95.79,95.785,95.785,39.0,95.7895,15
2026-08-28T16:45:00Z,95.78,95.785,95.78,95.785,12.0,95.7805,5
2026-08-28T17:00:00Z,95.785,95.785,95.78,95.78,50.0,95.783,18
2026-08-28T17:15:00Z,95.78,95.78,95.775,95.775,7.0,95.7765,4
2026-08-28T17:30:00Z,95.775,95.775,95.77,95.775,10.0,95.7725,6
2026-08-28T17:45:00Z,95.77,95.77,95.77,95.77,4.0,95.77,3
2026-08-28T18:00:00Z,95.77,95.77,95.77,95.77,57.0,95.77,17
2026-08-28T18:15:00Z,95.765,95.775,95.765,95.775,85.0,95.774,8
2026-08-28T18:30:00Z,95.77,95.77,95.77,95.77,33.0,95.77,12
2026-08-28T18:45:00Z,95.775,95.775,95.765,95.77,49.0,95.7685,22
2026-08-28T19:00:00Z,95.77,95.775,95.77,95.775,280.0,95.7745,25
2026-08-28T19:15:00Z,95.77,95.77,95.77,95.77,67.0,95.77,6
2026-08-28T19:30:00Z,95.77,95.77,95.77,95.77,5.0,95.77,1
2026-08-28T19:45:00Z,95.77,95.77,95.77,95.77,1.0,95.77,1
2026-08-28T20:00:00Z,95.765,95.765,95.765,95.765,30.0,95.765,11
2026-08-28T20:15:00Z,95.76,95.765,95.76,95.765,15.0,95.7605,3
2026-08-28T20:30:00Z,95.76,95.76,95.76,95.76,5.0,95.76,1
2026-08-28T20:45:00Z,95.76,95.77,95.76,95.77,15.0,95.7645,2
2026-08-30T22:30:00Z,95.765,95.765,95.765,95.765,17.0,95.765,4
2026-08-30T22:45:00Z,95.765,95.765,95.765,95.765,12.0,95.765,2
2026-08-30T23:00:00Z,95.765,95.765,95.765,95.765,0.0,95.765,0
2026-08-30T23:15:00Z,95.77,95.77,95.77,95.77,5.0,95.77,2
2026-08-30T23:30:00Z,95.775,95.775,95.775,95.775,1.0,95.775,1
2026-08-30T23:45:00Z,95.775,95.775,95.775,95.775,4.0,95.775,3
2026-08-31T00:00:00Z,95.78,95.78,95.78,95.78,1.0,95.78,1
2026-08-31T00:15:00Z,95.78,95.78,95.78,95.78,0.0,95.78,0
2026-08-31T00:30:00Z,95.785,95.785,95.785,95.785,1.0,95.785,1
2026-08-31T00:45:00Z,95.79,95.79,95.79,95.79,2.0,95.79,1
2026-08-31T01:00:00Z,95.785,95.785,95.785,95.785,42.0,95.785,11
2026-08-31T01:15:00Z,95.785,95.785,95.785,95.785,0.0,95.785,0
2026-08-31T01:30:00Z,95.785,95.785,95.785,95.785,0.0,95.785,0
2026-08-31T01:45:00Z,95.785,95.785,95.785,95.785,0.0,95.785,0
2026-08-31T02:00:00Z,95.785,95.785,95.785,95.785,0.0,95.785,0
2026-08-31T02:15:00Z,95.795,95.795,95.795,95.795,17.0,95.795,14
2026-08-31T02:30:00Z,95.795,95.795,95.795,95.795,1.0,95.795,1
2026-08-31T02:45:00Z,95.795,95.795,95.795,95.795,0.0,95.795,0
2026-08-31T03:00:00Z,95.795,95.795,95.795,95.795,0.0,95.795,0
2026-08-31T03:15:00Z,95.795,95.795,95.795,95.795,0.0,95.795,0
2026-08-31T03:30:00Z,95.795,95.795,95.795,95.795,0.0,95.795,0
2026-08-31T03:45:00Z,95.8,95.8,95.8,95.8,2.0,95.8,2
2026-08-31T04:00:00Z,95.8,95.8,95.8,95.8,0.0,95.8,0
2026-08-31T04:15:00Z,95.8,95.8,95.8,95.8,0.0,95.8,0
2026-08-31T04:30:00Z,95.8,95.8,95.8,95.8,0.0,95.8,0
2026-08-31T04:45:00Z,95.8,95.8,95.8,95.8,0.0,95.8,0
2026-08-31T05:00:00Z,95.8,95.8,95.8,95.8,0.0,95.8,0
2026-08-31T05:15:00Z,95.795,95.795,95.795,95.795,3.0,95.795,2
2026-08-31T05:30:00Z,95.795,95.795,95.795,95.795,0.0,95.795,0
2026-08-31T05:45:00Z,95.795,95.795,95.795,95.795,0.0,95.795,0
2026-08-31T06:00:00Z,95.8,95.8,95.8,95.8,23.0,95.8,4
2026-08-31T06:15:00Z,95.8,95.8,95.8,95.8,0.0,95.8,0
2026-08-31T06:30:00Z,95.81,95.81,95.81,95.81,12.0,95.81,7
2026-08-31T06:45:00Z,95.81,95.81,95.805,95.805,15.0,95.8095,6
2026-08-31T07:00:00Z,95.81,95.81,95.81,95.81,3.0,95.81,1
2026-08-31T07:15:00Z,95.81,95.81,95.81,95.81,0.0,95.81,0
2026-08-31T07:30:00Z,95.81,95.81,95.81,95.81,0.0,95.81,0
2026-08-31T07:45:00Z,95.81,95.81,95.81,95.81,2.0,95.81,2
2026-08-31T08:00:00Z,95.815,95.815,95.815,95.815,7.0,95.815,4
2026-08-31T08:15:00Z,95.815,95.815,95.815,95.815,0.0,95.815,0
2026-08-31T08:30:00Z,95.815,95.815,95.815,95.815,0.0,95.815,0
2026-08-31T08:45:00Z,95.805,95.805,95.805,95.805,4.0,95.805,3
2026-08-31T09:00:00Z,95.805,95.805,95.805,95.805,0.0,95.805,0
2026-08-31T09:15:00Z,95.805,95.805,95.805,95.805,0.0,95.805,0
2026-08-31T09:30:00Z,95.8,95.8,95.8,95.8,2.0,95.8,2
2026-08-31T09:45:00Z,95.8,95.8,95.8,95.8,6.0,95.8,3
2026-08-31T10:00:00Z,95.805,95.805,95.8,95.8,58.0,95.803,12
2026-08-31T10:15:00Z,95.8,95.8,95.8,95.8,3.0,95.8,2
2026-08-31T10:30:00Z,95.8,95.8,95.8,95.8,0.0,95.8,0
2026-08-31T10:45:00Z,95.8,95.8,95.8,95.8,0.0,95.8,0
2026-08-31T11:00:00Z,95.8,95.8,95.8,95.8,0.0,95.8,0
2026-08-31T11:15:00Z,95.8,95.805,95.8,95.805,33.0,95.8,12
2026-08-31T11:30:00Z,95.805,95.805,95.8,95.8,33.0,95.8005,6
2026-08-31T11:45:00Z,95.8,95.8,95.795,95.795,92.0,95.7995,25
2026-08-31T12:00:00Z,95.795,95.8,95.79,95.8,83.0,95.7955,25
2026-08-31T12:15:00Z,95.8,95.8,95.79,95.79,18.0,95.7955,11
2026-08-31T12:30:00Z,95.785,95.785,95.78,95.78,71.0,95.7825,19
2026-08-31T12:45:00Z,95.78,95.785,95.78,95.78,125.0,95.7815,16
2026-08-31T13:00:00Z,95.785,95.785,95.785,95.785,13.0,95.785,7
2026-08-31T13:15:00Z,95.785,95.79,95.785,95.79,15.0,95.788,9
2026-08-31T13:30:00Z,95.785,95.785,95.785,95.785,10.0,95.785,3
2026-08-31T13:45:00Z,95.785,95.785,95.775,95.78,118.0,95.781,32
2026-08-31T14:00:00Z,95.775,95.785,95.775,95.785,52.0,95.7825,11
2026-08-31T14:15:00Z,95.785,95.785,95.785,95.785,6.0,95.785,4
2026-08-31T14:30:00Z,95.785,95.785,95.785,95.785,84.0,95.785,21
2026-08-31T14:45:00Z,95.785,95.785,95.785,95.785,17.0,95.785,6
2026-08-31T15:00:00Z,95.79,95.79,95.785,95.785,79.0,95.788,38
2026-08-31T15:15:00Z,95.785,95.785,95.785,95.785,32.0,95.785,7
2026-08-31T15:30:00Z,95.785,95.785,95.78,95.78,67.0,95.7805,15
2026-08-31T15:45:00Z,95.775,95.775,95.77,95.77,180.0,95.773,31
2026-08-31T16:00:00Z,95.77,95.77,95.765,95.77,12.0,95.7695,7
2026-08-31T16:15:00Z,95.775,95.775,95.775,95.775,10.0,95.775,5
2026-08-31T16:30:00Z,95.775,95.775,95.775,95.775,1.0,95.775,1
2026-08-31T16:45:00Z,95.775,95.775,95.775,95.775,26.0,95.775,5
2026-08-31T17:00:00Z,95.775,95.775,95.775,95.775,16.0,95.775,6
2026-08-31T17:15:00Z,95.775,95.775,95.775,95.775,0.0,95.775,0
2026-08-31T17:30:00Z,95.78,95.78,95.78,95.78,9.0,95.78,4
2026-08-31T17:45:00Z,95.78,95.78,95.78,95.78,5.0,95.78,2
2026-08-31T18:00:00Z,95.78,95.78,95.78,95.78,4.0,95.78,2
2026-08-31T18:15:00Z,95.775,95.775,95.775,95.775,28.0,95.775,6
2026-08-31T18:30:00Z,95.77,95.77,95.77,95.77,15.0,95.77,6
2026-08-31T18:45:00Z,95.77,95.77,95.77,95.77,31.0,95.77,11
2026-08-31T19:00:00Z,95.775,95.775,95.775,95.775,23.0,95.775,11
2026-08-31T19:15:00Z,95.775,95.78,95.775,95.78,57.0,95.778,11
2026-08-31T19:30:00Z,95.78,95.78,95.775,95.775,73.0,95.7795,20
2026-08-31T19:45:00Z,95.78,95.78,95.775,95.78,565.0,95.7795,127
2026-08-31T20:00:00Z,95.78,95.78,95.775,95.775,195.0,95.776,18
2026-08-31T20:15:00Z,95.78,95.78,95.775,95.775,31.0,95.7755,5
2026-08-31T20:30:00Z,95.775,95.775,95.775,95.775,14.0,95.775,3
2026-08-31T20:45:00Z,95.775,95.775,95.775,95.775,0.0,95.775,0
2026-08-31T22:00:00Z,95.775,95.775,95.775,95.775,54.0,95.775,8
2026-08-31T22:15:00Z,95.775,95.775,95.775,95.775,0.0,95.775,0
2026-08-31T22:30:00Z,95.775,95.775,95.775,95.775,0.0,95.775,0
2026-08-31T22:45:00Z,95.775,95.775,95.775,95.775,0.0,95.775,0
2026-08-31T23:00:00Z,95.775,95.775,95.775,95.775,0.0,95.775,0
2026-08-31T23:15:00Z,95.77,95.77,95.77,95.77,2.0,95.77,1
2026-08-31T23:30:00Z,95.77,95.77,95.77,95.77,1.0,95.77,1
2026-08-31T23:45:00Z,95.77,95.77,95.77,95.77,0.0,95.77,0
2026-09-01T00:00:00Z,95.77,95.77,95.77,95.77,0.0,95.77,0
2026-09-01T00:15:00Z,95.765,95.765,95.765,95.765,3.0,95.765,1
2026-09-01T00:30:00Z,95.765,95.765,95.765,95.765,0.0,95.765,0
2026-09-01T00:45:00Z,95.765,95.765,95.765,95.765,0.0,95.765,0
2026-09-01T01:00:00Z,95.765,95.765,95.765,95.765,0.0,95.765,0
2026-09-01T01:15:00Z,95.765,95.765,95.765,95.765,4.0,95.765,1
2026-09-01T01:30:00Z,95.765,95.765,95.765,95.765,7.0,95.765,1
2026-09-01T01:45:00Z,95.77,95.77,95.77,95.77,23.0,95.77,5
2026-09-01T02:00:00Z,95.77,95.77,95.77,95.77,0.0,95.77,0
2026-09-01T02:15:00Z,95.77,95.77,95.77,95.77,0.0,95.77,0
2026-09-01T02:30:00Z,95.77,95.77,95.77,95.77,0.0,95.77,0
2026-09-01T02:45:00Z,95.77,95.77,95.77,95.77,2.0,95.77,1
2026-09-01T03:00:00Z,95.77,95.77,95.77,95.77,0.0,95.77,0
2026-09-01T03:15:00Z,95.77,95.77,95.77,95.77,0.0,95.77,0
2026-09-01T03:30:00Z,95.77,95.77,95.77,95.77,19.0,95.77,3
2026-09-01T03:45:00Z,95.77,95.77,95.77,95.77,0.0,95.77,0
2026-09-01T04:00:00Z,95.765,95.765,95.765,95.765,6.0,95.765,1
2026-09-01T04:15:00Z,95.765,95.765,95.765,95.765,6.0,95.765,1
2026-09-01T04:30:00Z,95.765,95.765,95.765,95.765,0.0,95.765,0
2026-09-01T04:45:00Z,95.765,95.765,95.765,95.765,0.0,95.765,0
2026-09-01T05:00:00Z,95.765,95.765,95.765,95.765,0.0,95.765,0
2026-09-01T05:15:00Z,95.765,95.765,95.765,95.765,0.0,95.765,0
2026-09-01T05:30:00Z,95.765,95.765,95.765,95.765,4.0,95.765,2
2026-09-01T05:45:00Z,95.77,95.77,95.77,95.77,1.0,95.77,1
2026-09-01T06:00:00Z,95.77,95.77,95.77,95.77,2.0,95.77,1
2026-09-01T06:15:00Z,95.77,95.77,95.77,95.77,0.0,95.77,0
2026-09-01T06:30:00Z,95.77,95.77,95.77,95.77,0.0,95.77,0
2026-09-01T06:45:00Z,95.77,95.77,95.77,95.77,0.0,95.77,0
2026-09-01T07:00:00Z,95.77,95.77,95.77,95.77,4.0,95.77,2
2026-09-01T07:15:00Z,95.77,95.77,95.77,95.77,0.0,95.77,0
2026-09-01T07:30:00Z,95.765,95.765,95.765,95.765,19.0,95.765,5
2026-09-01T07:45:00Z,95.765,95.765,95.765,95.765,0.0,95.765,0
2026-09-01T08:00:00Z,95.77,95.77,95.765,95.765,28.0,95.7655,8
2026-09-01T08:15:00Z,95.765,95.765,95.765,95.765,0.0,95.765,0
2026-09-01T08:30:00Z,95.765,95.765,95.765,95.765,0.0,95.765,0
2026-09-01T08:45:00Z,95.765,95.765,95.765,95.765,75.0,95.765,12
2026-09-01T09:00:00Z,95.765,95.765,95.765,95.765,0.0,95.765,0
2026-09-01T09:15:00Z,95.765,95.765,95.765,95.765,0.0,95.765,0
2026-09-01T09:30:00Z,95.765,95.765,95.765,95.765,7.0,95.765,2
2026-09-01T09:45:00Z,95.765,95.765,95.765,95.765,7.0,95.765,1
2026-09-01T10:00:00Z,95.765,95.765,95.765,95.765,0.0,95.765,0
2026-09-01T10:15:00Z,95.775,95.775,95.775,95.775,5.0,95.775,1
2026-09-01T10:30:00Z,95.775,95.775,95.775,95.775,0.0,95.775,0
2026-09-01T10:45:00Z,95.775,95.775,95.775,95.775,11.0,95.775,3
2026-09-01T11:00:00Z,95.775,95.775,95.775,95.775,2.0,95.775,2
2026-09-01T11:15:00Z,95.775,95.775,95.775,95.775,16.0,95.775,2
2026-09-01T11:30:00Z,95.775,95.775,95.775,95.775,0.0,95.775,0
2026-09-01T11:45:00Z,95.78,95.78,95.765,95.765,167.0,95.774,22
2026-09-01T12:00:00Z,95.765,95.765,95.76,95.76,60.0,95.7605,15
2026-09-01T12:15:00Z,95.76,95.765,95.76,95.765,246.0,95.7645,62
2026-09-01T12:30:00Z,95.765,95.77,95.765,95.765,215.0,95.7655,48
2026-09-01T12:45:00Z,95.765,95.77,95.765,95.77,170.0,95.766,40
2026-09-01T13:00:00Z,95.77,95.77,95.765,95.765,33.0,95.77,4
2026-09-01T13:15:00Z,95.75,95.75,95.75,95.75,3.0,95.75,3
2026-09-01T13:30:00Z,95.755,95.76,95.755,95.76,46.0,95.7555,5
2026-09-01T13:45:00Z,95.76,95.76,95.76,95.76,15.0,95.76,8
2026-09-01T14:00:00Z,95.76,95.765,95.76,95.765,14.0,95.7625,7
2026-09-01T14:15:00Z,95.76,95.76,95.76,95.76,28.0,95.76,7
2026-09-01T14:30:00Z,95.76,95.76,95.755,95.755,23.0,95.7585,8
2026-09-01T14:45:00Z,95.755,95.755,95.755,95.755,4.0,95.755,1
2026-09-01T15:00:00Z,95.755,95.755,95.755,95.755,9.0,95.755,3
2026-09-01T15:15:00Z,95.755,95.755,95.75,95.75,40.0,95.7545,7
2026-09-01T15:30:00Z,95.755,95.755,95.755,95.755,2.0,95.755,2
2026-09-01T15:45:00Z,95.755,95.755,95.755,95.755,10.0,95.755,4
2026-09-01T16:00:00Z,95.755,95.755,95.75,95.75,57.0,95.754,14
2026-09-01T16:15:00Z,95.75,95.75,95.74,95.74,48.0,95.746,22
2026-09-01T16:30:00Z,95.74,95.745,95.74,95.74,84.0,95.741,23
2026-09-01T16:45:00Z,95.74,95.74,95.74,95.74,4.0,95.74,2
2026-09-01T17:00:00Z,95.74,95.74,95.74,95.74,34.0,95.74,4
2026-09-01T17:15:00Z,95.74,95.74,95.735,95.735,77.0,95.7375,26
2026-09-01T17:30:00Z,95.745,95.745,95.74,95.74,60.0,95.744,6
2026-09-01T17:45:00Z,95.74,95.74,95.74,95.74,5.0,95.74,4
2026-09-01T18:00:00Z,95.74,95.74,95.74,95.74,0.0,95.74,0
2026-09-01T18:15:00Z,95.74,95.74,95.74,95.74,0.0,95.74,0
2026-09-01T18:30:00Z,95.735,95.735,95.735,95.735,5.0,95.735,3
2026-09-01T18:45:00Z,95.735,95.735,95.735,95.735,0.0,95.735,0
2026-09-01T19:00:00Z,95.735,95.735,95.735,95.735,2.0,95.735,2
2026-09-01T19:15:00Z,95.735,95.735,95.73,95.73,7.0,95.7335,4
2026-09-01T19:30:00Z,95.73,95.73,95.73,95.73,0.0,95.73,0
2026-09-01T19:45:00Z,95.73,95.73,95.73,95.73,1.0,95.73,1
2026-09-01T20:00:00Z,95.73,95.735,95.73,95.735,96.0,95.7345,29
2026-09-01T20:15:00Z,95.73,95.73,95.73,95.73,17.0,95.73,2
2026-09-01T20:30:00Z,95.73,95.73,95.725,95.725,16.0,95.728,5
2026-09-01T20:45:00Z,95.725,95.725,95.725,95.725,2.0,95.725,1
2026-09-01T22:00:00Z,95.725,95.725,95.725,95.725,1.0,95.725,1
2026-09-01T22:15:00Z,95.725,95.725,95.725,95.725,2.0,95.725,1
2026-09-01T22:30:00Z,95.725,95.725,95.725,95.725,0.0,95.725,0
2026-09-01T22:45:00Z,95.725,95.725,95.725,95.725,0.0,95.725,0
2026-09-01T23:00:00Z,95.725,95.725,95.725,95.725,0.0,95.725,0
2026-09-01T23:15:00Z,95.725,95.725,95.725,95.725,0.0,95.725,0
2026-09-01T23:30:00Z,95.725,95.725,95.725,95.725,0.0,95.725,0
2026-09-01T23:45:00Z,95.725,95.725,95.725,95.725,0.0,95.725,0
2026-09-02T00:00:00Z,95.725,95.725,95.725,95.725,0.0,95.725,0
2026-09-02T00:15:00Z,95.73,95.73,95.73,95.73,10.0,95.73,3
2026-09-02T00:30:00Z,95.73,95.73,95.73,95.73,1.0,95.73,1
2026-09-02T00:45:00Z,95.73,95.73,95.725,95.725,11.0,95.7275,5
2026-09-02T01:00:00Z,95.725,95.725,95.725,95.725,15.0,95.725,6
2026-09-02T01:15:00Z,95.725,95.725,95.725,95.725,0.0,95.725,0
2026-09-02T01:30:00Z,95.725,95.725,95.725,95.725,3.0,95.725,1
2026-09-02T01:45:00Z,95.725,95.725,95.725,95.725,6.0,95.725,2
2026-09-02T02:00:00Z,95.725,95.725,95.725,95.725,2.0,95.725,1
2026-09-02T02:15:00Z,95.725,95.725,95.725,95.725,0.0,95.725,0
2026-09-02T02:30:00Z,95.725,95.725,95.725,95.725,0.0,95.725,0
2026-09-02T02:45:00Z,95.725,95.725,95.725,95.725,0.0,95.725,0
2026-09-02T03:00:00Z,95.725,95.725,95.725,95.725,0.0,95.725,0
2026-09-02T03:15:00Z,95.725,95.725,95.725,95.725,0.0,95.725,0
2026-09-02T03:30:00Z,95.725,95.725,95.725,95.725,0.0,95.725,0
2026-09-02T03:45:00Z,95.725,95.725,95.725,95.725,0.0,95.725,0
2026-09-02T04:00:00Z,95.725,95.725,95.725,95.725,0.0,95.725,0
2026-09-02T04:15:00Z,95.725,95.725,95.725,95.725,0.0,95.725,0
2026-09-02T04:30:00Z,95.725,95.725,95.725,95.725,0.0,95.725,0
2026-09-02T04:45:00Z,95.725,95.725,95.725,95.725,0.0,95.725,0
2026-09-02T05:00:00Z,95.725,95.725,95.725,95.725,0.0,95.725,0
2026-09-02T05:15:00Z,95.725,95.725,95.725,95.725,0.0,95.725,0
2026-09-02T05:30:00Z,95.725,95.725,95.725,95.725,0.0,95.725,0
2026-09-02T05:45:00Z,95.725,95.725,95.725,95.725,0.0,95.725,0
2026-09-02T06:00:00Z,95.73,95.73,95.73,95.73,8.0,95.73,2
2026-09-02T06:15:00Z,95.73,95.73,95.725,95.725,5.0,95.728,4
2026-09-02T06:30:00Z,95.725,95.725,95.725,95.725,2.0,95.725,2
2026-09-02T06:45:00Z,95.725,95.725,95.725,95.725,4.0,95.725,3
2026-09-02T07:00:00Z,95.73,95.735,95.73,95.735,67.0,95.7345,66
2026-09-02T07:15:00Z,95.735,95.735,95.735,95.735,5.0,95.735,4
2026-09-02T07:30:00Z,95.74,95.74,95.74,95.74,6.0,95.74,3
2026-09-02T07:45:00Z,95.735,95.735,95.735,95.735,8.0,95.735,2
2026-09-02T08:00:00Z,95.735,95.735,95.735,95.735,7.0,95.735,3
2026-09-02T08:15:00Z,95.735,95.735,95.735,95.735,3.0,95.735,1
2026-09-02T08:30:00Z,95.735,95.735,95.735,95.735,1.0,95.735,1
2026-09-02T08:45:00Z,95.73,95.73,95.73,95.73,14.0,95.73,6
2026-09-02T09:00:00Z,95.73,95.73,95.73,95.73,25.0,95.73,9
2026-09-02T09:15:00Z,95.73,95.73,95.73,95.73,14.0,95.73,4
2026-09-02T09:30:00Z,95.73,95.73,95.73,95.73,62.0,95.73,12
2026-09-02T09:45:00Z,95.73,95.73,95.73,95.73,0.0,95.73,0
2026-09-02T10:00:00Z,95.725,95.725,95.725,95.725,12.0,95.725,1
2026-09-02T10:15:00Z,95.725,95.725,95.725,95.725,0.0,95.725,0
2026-09-02T10:30:00Z,95.725,95.725,95.725,95.725,3.0,95.725,1
2026-09-02T10:45:00Z,95.725,95.725,95.725,95.725,11.0,95.725,3
2026-09-02T11:00:00Z,95.72,95.73,95.72,95.73,6.0,95.7265,2
2026-09-02T11:15:00Z,95.735,95.735,95.735,95.735,17.0,95.735,5
2026-09-02T11:30:00Z,95.74,95.745,95.74,95.745,20.0,95.744,5
2026-09-02T11:45:00Z,95.75,95.75,95.75,95.75,4.0,95.75,2
2026-09-02T12:00:00Z,95.76,95.76,95.76,95.76,220.0,95.76,29
2026-09-02T12:15:00Z,95.76,95.775,95.755,95.76,180.0,95.7635,46
2026-09-02T12:30:00Z,95.755,95.755,95.755,95.755,14.0,95.755,2
2026-09-02T12:45:00Z,95.755,95.755,95.75,95.75,23.0,95.753,8
2026-09-02T13:00:00Z,95.75,95.75,95.745,95.745,191.0,95.745,30
2026-09-02T13:15:00Z,95.75,95.755,95.75,95.755,46.0,95.754,10
2026-09-02T13:30:00Z,95.745,95.745,95.745,95.745,10.0,95.745,5
2026-09-02T13:45:00Z,95.745,95.75,95.745,95.75,55.0,95.7465,14
2026-09-02T14:00:00Z,95.75,95.75,95.745,95.75,10.0,95.7475,4
2026-09-02T14:15:00Z,95.745,95.745,95.745,95.745,13.0,95.745,7
2026-09-02T14:30:00Z,95.74,95.74,95.74,95.74,64.0,95.74,14
2026-09-02T14:45:00Z,95.74,95.745,95.74,95.745,10.0,95.7425,4
2026-09-02T15:00:00Z,95.745,95.745,95.745,95.745,10.0,95.745,6
2026-09-02T15:15:00Z,95.75,95.75,95.74,95.74,106.0,95.746,22
2026-09-02T15:30:00Z,95.745,95.745,95.745,95.745,3.0,95.745,3
2026-09-02T15:45:00Z,95.745,95.745,95.745,95.745,7.0,95.745,4
2026-09-02T16:00:00Z,95.745,95.745,95.745,95.745,43.0,95.745,14
2026-09-02T16:15:00Z,95.745,95.745,95.745,95.745,36.0,95.745,7
2026-09-02T16:30:00Z,95.745,95.745,95.745,95.745,8.0,95.745,2
2026-09-02T16:45:00Z,95.75,95.75,95.75,95.75,11.0,95.75,4
2026-09-02T17:00:00Z,95.75,95.75,95.75,95.75,2.0,95.75,1
2026-09-02T17:15:00Z,95.75,95.75,95.75,95.75,0.0,95.75,0
2026-09-02T17:30:00Z,95.75,95.75,95.75,95.75,0.0,95.75,0
2026-09-02T17:45:00Z,95.75,95.75,95.75,95.75,18.0,95.75,7
2026-09-02T18:00:00Z,95.75,95.75,95.75,95.75,0.0,95.75,0
2026-09-02T18:15:00Z,95.75,95.75,95.745,95.745,94.0,95.746,26
2026-09-02T18:30:00Z,95.745,95.745,95.745,95.745,5.0,95.745,3
2026-09-02T18:45:00Z,95.745,95.745,95.745,95.745,10.0,95.745,6
2026-09-02T19:00:00Z,95.745,95.745,95.745,95.745,47.0,95.745,17
2026-09-02T19:15:00Z,95.75,95.75,95.75,95.75,2.0,95.75,1
2026-09-02T19:30:00Z,95.75,95.755,95.75,95.755,54.0,95.755,13
2026-09-02T19:45:00Z,95.755,95.755,95.755,95.755,14.0,95.755,6
2026-09-02T20:00:00Z,95.76,95.76,95.76,95.76,10.0,95.76,3
2026-09-02T20:15:00Z,95.76,95.76,95.76,95.76,22.0,95.76,13
2026-09-02T20:30:00Z,95.76,95.76,95.76,95.76,19.0,95.76,8
2026-09-02T20:45:00Z,95.76,95.76,95.76,95.76,10.0,95.76,4
2026-09-02T23:45:00Z,95.76,95.76,95.76,95.76,26.0,95.76,6
2026-09-03T00:00:00Z,95.76,95.76,95.76,95.76,0.0,95.76,0
2026-09-03T00:15:00Z,95.76,95.76,95.76,95.76,29.0,95.76,10
2026-09-03T00:30:00Z,95.76,95.76,95.76,95.76,0.0,95.76,0
2026-09-03T00:45:00Z,95.76,95.76,95.76,95.76,0.0,95.76,0
2026-09-03T01:00:00Z,95.76,95.76,95.76,95.76,0.0,95.76,0
2026-09-03T01:15:00Z,95.76,95.76,95.76,95.76,0.0,95.76,0
2026-09-03T01:30:00Z,95.76,95.76,95.76,95.76,0.0,95.76,0
2026-09-03T01:45:00Z,95.76,95.76,95.76,95.76,0.0,95.76,0
2026-09-03T02:00:00Z,95.76,95.76,95.76,95.76,0.0,95.76,0
2026-09-03T02:15:00Z,95.76,95.76,95.76,95.76,0.0,95.76,0
2026-09-03T02:30:00Z,95.76,95.76,95.76,95.76,0.0,95.76,0
2026-09-03T02:45:00Z,95.76,95.76,95.76,95.76,0.0,95.76,0
2026-09-03T03:00:00Z,95.76,95.76,95.76,95.76,0.0,95.76,0
2026-09-03T03:15:00Z,95.76,95.76,95.76,95.76,0.0,95.76,0
2026-09-03T03:30:00Z,95.76,95.76,95.76,95.76,0.0,95.76,0
2026-09-03T03:45:00Z,95.76,95.76,95.76,95.76,0.0,95.76,0
2026-09-03T04:00:00Z,95.76,95.76,95.76,95.76,0.0,95.76,0
2026-09-03T04:15:00Z,95.76,95.76,95.76,95.76,0.0,95.76,0
2026-09-03T04:30:00Z,95.76,95.76,95.76,95.76,150.0,95.76,6
2026-09-03T04:45:00Z,95.76,95.76,95.76,95.76,0.0,95.76,0
2026-09-03T05:00:00Z,95.76,95.76,95.76,95.76,0.0,95.76,0
2026-09-03T05:15:00Z,95.765,95.765,95.765,95.765,18.0,95.765,1
2026-09-03T05:30:00Z,95.77,95.77,95.77,95.77,47.0,95.77,6
2026-09-03T05:45:00Z,95.77,95.77,95.77,95.77,0.0,95.77,0
2026-09-03T06:00:00Z,95.77,95.77,95.77,95.77,0.0,95.77,0
2026-09-03T06:15:00Z,95.765,95.765,95.765,95.765,1.0,95.765,1
2026-09-03T06:30:00Z,95.765,95.765,95.765,95.765,0.0,95.765,0
2026-09-03T06:45:00Z,95.77,95.77,95.77,95.77,14.0,95.77,4
2026-09-03T07:00:00Z,95.77,95.77,95.77,95.77,39.0,95.77,9
2026-09-03T07:15:00Z,95.765,95.765,95.765,95.765,2.0,95.765,2
2026-09-03T07:30:00Z,95.765,95.765,95.765,95.765,0.0,95.765,0
2026-09-03T07:45:00Z,95.765,95.765,95.765,95.765,0.0,95.765,0
2026-09-03T08:00:00Z,95.765,95.77,95.765,95.77,13.0,95.7695,6
2026-09-03T08:15:00Z,95.77,95.77,95.77,95.77,0.0,95.77,0
2026-09-03T08:30:00Z,95.77,95.77,95.77,95.77,0.0,95.77,0
2026-09-03T08:45:00Z,95.765,95.765,95.765,95.765,1.0,95.765,1
2026-09-03T09:00:00Z,95.76,95.76,95.76,95.76,13.0,95.76,5
2026-09-03T09:15:00Z,95.76,95.76,95.76,95.76,0.0,95.76,0
2026-09-03T09:30:00Z,95.76,95.76,95.76,95.76,3.0,95.76,1
2026-09-03T09:45:00Z,95.76,95.76,95.76,95.76,8.0,95.76,3
2026-09-03T10:00:00Z,95.76,95.76,95.76,95.76,4.0,95.76,3
2026-09-03T10:15:00Z,95.76,95.76,95.76,95.76,0.0,95.76,0
2026-09-03T10:30:00Z,95.76,95.76,95.76,95.76,2.0,95.76,2
2026-09-03T10:45:00Z,95.76,95.76,95.76,95.76,1.0,95.76,1
2026-09-03T11:00:00Z,95.76,95.765,95.76,95.765,9.0,95.7635,6
2026-09-03T11:15:00Z,95.77,95.775,95.765,95.765,157.0,95.7655,21
2026-09-03T11:30:00Z,95.76,95.76,95.76,95.76,26.0,95.76,8
2026-09-03T11:45:00Z,95.765,95.765,95.765,95.765,35.0,95.765,14
2026-09-03T12:00:00Z,95.77,95.775,95.77,95.775,7.0,95.7715,5
2026-09-03T12:15:00Z,95.775,95.775,95.77,95.77,16.0,95.771,4
2026-09-03T12:30:00Z,95.77,95.82,95.77,95.805,281.0,95.8015,52
2026-09-03T12:45:00Z,95.805,95.835,95.805,95.825,72.0,95.8255,22
2026-09-03T13:00:00Z,95.825,95.83,95.82,95.83,118.0,95.8235,13
2026-09-03T13:15:00Z,95.835,95.835,95.825,95.825,26.0,95.8275,12
2026-09-03T13:30:00Z,95.815,95.815,95.815,95.815,24.0,95.815,10
2026-09-03T13:45:00Z,95.815,95.815,95.81,95.81,14.0,95.813,8
2026-09-03T14:00:00Z,95.81,95.81,95.8,95.805,5.0,95.806,4
2026-09-03T14:15:00Z,95.805,95.805,95.805,95.805,60.0,95.805,12
2026-09-03T14:30:00Z,95.795,95.8,95.795,95.8,15.0,95.799,6
2026-09-03T14:45:00Z,95.8,95.805,95.795,95.8,94.0,95.8,24
2026-09-03T15:00:00Z,95.805,95.81,95.805,95.81,34.0,95.806,14
2026-09-03T15:15:00Z,95.81,95.81,95.81,95.81,4.0,95.81,2
2026-09-03T15:30:00Z,95.815,95.815,95.815,95.815,13.0,95.815,8
2026-09-03T15:45:00Z,95.81,95.815,95.81,95.815,86.0,95.814,7
2026-09-03T16:00:00Z,95.815,95.815,95.81,95.81,90.0,95.8135,12
2026-09-03T16:15:00Z,95.815,95.815,95.815,95.815,4.0,95.815,3
2026-09-03T16:30:00Z,95.81,95.81,95.81,95.81,9.0,95.81,1
2026-09-03T16:45:00Z,95.805,95.805,95.805,95.805,29.0,95.805,1
2026-09-03T17:00:00Z,95.805,95.805,95.805,95.805,4.0,95.805,2
2026-09-03T17:15:00Z,95.805,95.805,95.805,95.805,6.0,95.805,3
2026-09-03T17:30:00Z,95.805,95.805,95.805,95.805,0.0,95.805,0
2026-09-03T17:45:00Z,95.805,95.805,95.805,95.805,42.0,95.805,1
2026-09-03T18:00:00Z,95.81,95.81,95.81,95.81,34.0,95.81,13
2026-09-03T18:15:00Z,95.81,95.81,95.81,95.81,4.0,95.81,3
2026-09-03T18:30:00Z,95.81,95.81,95.81,95.81,0.0,95.81,0
2026-09-03T18:45:00Z,95.81,95.81,95.81,95.81,0.0,95.81,0
2026-09-03T19:00:00Z,95.805,95.805,95.805,95.805,19.0,95.805,6
2026-09-03T19:15:00Z,95.805,95.805,95.805,95.805,0.0,95.805,0
2026-09-03T19:30:00Z,95.805,95.805,95.805,95.805,61.0,95.805,10
2026-09-03T19:45:00Z,95.8,95.8,95.8,95.8,48.0,95.8,23
2026-09-03T20:00:00Z,95.8,95.8,95.8,95.8,37.0,95.8,5
2026-09-03T20:15:00Z,95.8,95.8,95.8,95.8,45.0,95.8,27
2026-09-03T20:30:00Z,95.8,95.8,95.8,95.8,0.0,95.8,0
2026-09-03T20:45:00Z,95.8,95.8,95.8,95.8,58.0,95.8,10
2026-09-03T22:30:00Z,95.8,95.8,95.8,95.8,2.0,95.8,1
2026-09-03T22:45:00Z,95.8,95.8,95.8,95.8,0.0,95.8,0
2026-09-03T23:00:00Z,95.8,95.8,95.8,95.8,0.0,95.8,0
2026-09-03T23:15:00Z,95.8,95.8,95.8,95.8,0.0,95.8,0
2026-09-03T23:30:00Z,95.8,95.8,95.8,95.8,0.0,95.8,0
2026-09-03T23:45:00Z,95.805,95.805,95.805,95.805,2.0,95.805,2
2026-09-04T00:00:00Z,95.805,95.805,95.805,95.805,2.0,95.805,1
2026-09-04T00:15:00Z,95.805,95.805,95.805,95.805,0.0,95.805,0
2026-09-04T00:30:00Z,95.805,95.805,95.805,95.805,3.0,95.805,1
2026-09-04T00:45:00Z,95.805,95.805,95.805,95.805,2.0,95.805,1
2026-09-04T01:00:00Z,95.805,95.805,95.805,95.805,5.0,95.805,2
2026-09-04T01:15:00Z,95.805,95.805,95.805,95.805,7.0,95.805,3
2026-09-04T01:30:00Z,95.805,95.805,95.805,95.805,0.0,95.805,0
2026-09-04T01:45:00Z,95.8,95.8,95.8,95.8,4.0,95.8,1
2026-09-04T02:00:00Z,95.8,95.8,95.8,95.8,0.0,95.8,0
2026-09-04T02:15:00Z,95.8,95.8,95.8,95.8,0.0,95.8,0
2026-09-04T02:30:00Z,95.8,95.8,95.8,95.8,0.0,95.8,0
2026-09-04T02:45:00Z,95.8,95.8,95.8,95.8,0.0,95.8,0
2026-09-04T03:00:00Z,95.8,95.8,95.8,95.8,23.0,95.8,9
2026-09-04T03:15:00Z,95.8,95.8,95.8,95.8,0.0,95.8,0
2026-09-04T03:30:00Z,95.8,95.8,95.8,95.8,0.0,95.8,0
2026-09-04T03:45:00Z,95.8,95.8,95.8,95.8,3.0,95.8,1
2026-09-04T04:00:00Z,95.8,95.8,95.8,95.8,0.0,95.8,0
2026-09-04T04:15:00Z,95.8,95.8,95.8,95.8,1.0,95.8,1
2026-09-04T04:30:00Z,95.805,95.805,95.805,95.805,5.0,95.805,2
2026-09-04T04:45:00Z,95.805,95.805,95.805,95.805,8.0,95.805,3
2026-09-04T05:00:00Z,95.81,95.81,95.81,95.81,7.0,95.81,2
2026-09-04T05:15:00Z,95.81,95.81,95.81,95.81,1.0,95.81,1
2026-09-04T05:30:00Z,95.81,95.81,95.81,95.81,0.0,95.81,0
2026-09-04T05:45:00Z,95.81,95.81,95.81,95.81,0.0,95.81,0
2026-09-04T06:00:00Z,95.815,95.815,95.815,95.815,6.0,95.815,3
2026-09-04T06:15:00Z,95.815,95.815,95.815,95.815,12.0,95.815,5
2026-09-04T06:30:00Z,95.815,95.815,95.815,95.815,6.0,95.815,3
2026-09-04T06:45:00Z,95.815,95.815,95.815,95.815,0.0,95.815,0
2026-09-04T07:00:00Z,95.81,95.81,95.81,95.81,8.0,95.81,3
2026-09-04T07:15:00Z,95.81,95.81,95.81,95.81,0.0,95.81,0
2026-09-04T07:30:00Z,95.81,95.81,95.81,95.81,13.0,95.81,6
2026-09-04T07:45:00Z,95.81,95.81,95.81,95.81,1.0,95.81,1
2026-09-04T08:00:00Z,95.81,95.81,95.81,95.81,2.0,95.81,1
2026-09-04T08:15:00Z,95.81,95.81,95.81,95.81,0.0,95.81,0
2026-09-04T08:30:00Z,95.805,95.805,95.805,95.805,2.0,95.805,1
2026-09-04T08:45:00Z,95.8,95.8,95.8,95.8,2.0,95.8,2
2026-09-04T09:00:00Z,95.8,95.8,95.8,95.8,0.0,95.8,0
2026-09-04T09:15:00Z,95.805,95.805,95.8,95.805,31.0,95.804,12
2026-09-04T09:30:00Z,95.805,95.805,95.805,95.805,4.0,95.805,2
2026-09-04T09:45:00Z,95.8,95.8,95.795,95.795,9.0,95.799,4
2026-09-04T10:00:00Z,95.795,95.795,95.795,95.795,0.0,95.795,0
2026-09-04T10:15:00Z,95.795,95.795,95.795,95.795,0.0,95.795,0
2026-09-04T10:30:00Z,95.795,95.795,95.795,95.795,3.0,95.795,1
2026-09-04T10:45:00Z,95.8,95.8,95.8,95.8,17.0,95.8,9
2026-09-04T11:00:00Z,95.795,95.795,95.795,95.795,2.0,95.795,1
2026-09-04T11:15:00Z,95.795,95.795,95.795,95.795,16.0,95.795,4
2026-09-04T11:30:00Z,95.795,95.795,95.795,95.795,142.0,95.795,13
2026-09-04T11:45:00Z,95.795,95.8,95.79,95.79,447.0,95.7955,10
2026-09-04T12:00:00Z,95.79,95.795,95.79,95.795,32.0,95.793,10
2026-09-04T12:15:00Z,95.795,95.815,95.795,95.815,61.0,95.8095,13
2026-09-04T12:30:00Z,95.715,95.745,95.705,95.735,287.0,95.7335,119
2026-09-04T12:45:00Z,95.73,95.755,95.73,95.755,37.0,95.7405,14
2026-09-04T13:00:00Z,95.75,95.755,95.75,95.75,40.0,95.7505,18
2026-09-04T13:15:00Z,95.75,95.765,95.75,95.765,25.0,95.76,6
2026-09-04T13:30:00Z,95.765,95.765,95.765,95.765,1241.0,95.765,63
2026-09-04T13:45:00Z,95.77,95.775,95.77,95.77,646.0,95.775,57
2026-09-04T14:00:00Z,95.765,95.77,95.765,95.77,230.0,95.7695,33
2026-09-04T14:15:00Z,95.775,95.78,95.775,95.78,326.0,95.776,27
2026-09-04T14:30:00Z,95.775,95.78,95.775,95.775,46.0,95.7775,12
2026-09-04T14:45:00Z,95.775,95.775,95.77,95.77,96.0,95.7745,17
2026-09-04T15:00:00Z,95.765,95.77,95.765,95.77,83.0,95.7655,17
2026-09-04T15:15:00Z,95.775,95.78,95.775,95.78,73.0,95.7795,8
2026-09-04T15:30:00Z,95.78,95.79,95.78,95.79,91.0,95.7855,13
2026-09-04T15:45:00Z,95.785,95.785,95.785,95.785,65.0,95.785,11
2026-09-04T16:00:00Z,95.785,95.785,95.78,95.785,76.0,95.783,15
2026-09-04T16:15:00Z,95.785,95.785,95.785,95.785,324.0,95.785,22
2026-09-04T16:30:00Z,95.785,95.785,95.785,95.785,129.0,95.785,13
2026-09-04T16:45:00Z,95.79,95.79,95.79,95.79,8.0,95.79,5
2026-09-04T17:00:00Z,95.785,95.785,95.78,95.785,251.0,95.7845,31
2026-09-04T17:15:00Z,95.78,95.785,95.78,95.785,143.0,95.7805,24
2026-09-04T17:30:00Z,95.785,95.785,95.785,95.785,1.0,95.785,1
2026-09-04T17:45:00Z,95.785,95.785,95.785,95.785,0.0,95.785,0
2026-09-04T18:00:00Z,95.78,95.78,95.78,95.78,3.0,95.78,1
2026-09-04T18:15:00Z,95.78,95.78,95.78,95.78,0.0,95.78,0
2026-09-04T18:30:00Z,95.78,95.78,95.78,95.78,241.0,95.78,17
2026-09-04T18:45:00Z,95.78,95.78,95.78,95.78,0.0,95.78,0
2026-09-04T19:00:00Z,95.78,95.78,95.78,95.78,0.0,95.78,0
2026-09-04T19:15:00Z,95.78,95.78,95.78,95.78,12.0,95.78,6
2026-09-04T19:30:00Z,95.785,95.785,95.785,95.785,31.0,95.785,7
2026-09-04T19:45:00Z,95.785,95.785,95.785,95.785,3.0,95.785,1
2026-09-04T20:00:00Z,95.78,95.78,95.78,95.78,15.0,95.78,6
2026-09-04T20:15:00Z,95.785,95.785,95.785,95.785,16.0,95.785,7
2026-09-04T20:30:00Z,95.78,95.78,95.78,95.78,14.0,95.78,1
2026-09-04T20:45:00Z,95.785,95.79,95.785,95.79,36.0,95.7895,5
2026-09-06T22:00:00Z,95.785,95.785,95.785,95.785,1.0,95.785,1
2026-09-06T22:15:00Z,95.785,95.785,95.785,95.785,0.0,95.785,0
2026-09-06T22:30:00Z,95.785,95.785,95.785,95.785,0.0,95.785,0
2026-09-06T22:45:00Z,95.785,95.785,95.785,95.785,0.0,95.785,0
2026-09-06T23:00:00Z,95.785,95.785,95.785,95.785,0.0,95.785,0
2026-09-06T23:15:00Z,95.785,95.785,95.785,95.785,11.0,95.785,5
2026-09-06T23:30:00Z,95.785,95.785,95.785,95.785,0.0,95.785,0
2026-09-06T23:45:00Z,95.785,95.785,95.785,95.785,0.0,95.785,0
2026-09-07T00:00:00Z,95.785,95.785,95.785,95.785,13.0,95.785,5
2026-09-07T00:15:00Z,95.795,95.795,95.795,95.795,1.0,95.795,1
2026-09-07T00:30:00Z,95.795,95.795,95.795,95.795,1.0,95.795,1
2026-09-07T00:45:00Z,95.795,95.795,95.795,95.795,0.0,95.795,0
2026-09-07T01:00:00Z,95.795,95.795,95.795,95.795,4.0,95.795,2
2026-09-07T01:15:00Z,95.795,95.795,95.795,95.795,0.0,95.795,0
2026-09-07T01:30:00Z,95.79,95.79,95.79,95.79,7.0,95.79,3
2026-09-07T01:45:00Z,95.79,95.79,95.79,95.79,0.0,95.79,0
2026-09-07T02:00:00Z,95.79,95.79,95.79,95.79,2.0,95.79,1
2026-09-07T02:15:00Z,95.79,95.79,95.79,95.79,0.0,95.79,0
2026-09-07T02:30:00Z,95.79,95.79,95.79,95.79,0.0,95.79,0
2026-09-07T02:45:00Z,95.79,95.79,95.79,95.79,0.0,95.79,0
2026-09-07T03:00:00Z,95.79,95.79,95.79,95.79,0.0,95.79,0
2026-09-07T03:15:00Z,95.79,95.79,95.79,95.79,5.0,95.79,3
2026-09-07T03:30:00Z,95.785,95.785,95.785,95.785,1.0,95.785,1
2026-09-07T03:45:00Z,95.785,95.785,95.785,95.785,0.0,95.785,0
2026-09-07T04:00:00Z,95.785,95.785,95.785,95.785,0.0,95.785,0
2026-09-07T04:15:00Z,95.785,95.785,95.785,95.785,0.0,95.785,0
2026-09-07T04:30:00Z,95.78,95.78,95.78,95.78,1.0,95.78,1
2026-09-07T04:45:00Z,95.78,95.78,95.78,95.78,0.0,95.78,0
2026-09-07T05:00:00Z,95.78,95.78,95.78,95.78,0.0,95.78,0
2026-09-07T05:15:00Z,95.78,95.78,95.78,95.78,10.0,95.78,3
2026-09-07T05:30:00Z,95.78,95.78,95.78,95.78,0.0,95.78,0
2026-09-07T05:45:00Z,95.78,95.78,95.78,95.78,0.0,95.78,0
2026-09-07T06:00:00Z,95.78,95.78,95.78,95.78,0.0,95.78,0
2026-09-07T06:15:00Z,95.78,95.78,95.78,95.78,0.0,95.78,0
2026-09-07T06:30:00Z,95.78,95.78,95.78,95.78,0.0,95.78,0
2026-09-07T06:45:00Z,95.78,95.78,95.78,95.78,0.0,95.78,0
2026-09-07T07:00:00Z,95.78,95.78,95.78,95.78,0.0,95.78,0
2026-09-07T07:15:00Z,95.78,95.78,95.78,95.78,0.0,95.78,0
2026-09-07T07:30:00Z,95.78,95.78,95.78,95.78,0.0,95.78,0
2026-09-07T07:45:00Z,95.78,95.78,95.78,95.78,4.0,95.78,2
2026-09-07T08:00:00Z,95.79,95.79,95.79,95.79,3.0,95.79,3
2026-09-07T08:15:00Z,95.79,95.79,95.79,95.79,0.0,95.79,0
2026-09-07T08:30:00Z,95.79,95.79,95.79,95.79,1.0,95.79,1
2026-09-07T08:45:00Z,95.79,95.79,95.79,95.79,3.0,95.79,2
2026-09-07T09:00:00Z,95.79,95.79,95.79,95.79,0.0,95.79,0
2026-09-07T09:15:00Z,95.79,95.79,95.79,95.79,0.0,95.79,0
2026-09-07T09:30:00Z,95.79,95.79,95.79,95.79,0.0,95.79,0
2026-09-07T09:45:00Z,95.79,95.79,95.79,95.79,5.0,95.79,1
2026-09-07T10:00:00Z,95.79,95.79,95.79,95.79,0.0,95.79,0
2026-09-07T10:15:00Z,95.79,95.79,95.79,95.79,9.0,95.79,1
2026-09-07T10:30:00Z,95.785,95.785,95.785,95.785,1.0,95.785,1
2026-09-07T10:45:00Z,95.785,95.785,95.785,95.785,0.0,95.785,0
2026-09-07T11:00:00Z,95.785,95.785,95.785,95.785,0.0,95.785,0
2026-09-07T11:15:00Z,95.785,95.785,95.785,95.785,0.0,95.785,0
2026-09-07T11:30:00Z,95.785,95.785,95.785,95.785,0.0,95.785,0
2026-09-07T11:45:00Z,95.785,95.785,95.785,95.785,0.0,95.785,0
2026-09-07T12:00:00Z,95.785,95.785,95.785,95.785,0.0,95.785,0
2026-09-07T12:15:00Z,95.785,95.785,95.785,95.785,0.0,95.785,0
2026-09-07T12:30:00Z,95.78,95.78,95.78,95.78,42.0,95.78,9
2026-09-07T12:45:00Z,95.78,95.78,95.78,95.78,15.0,95.78,7
2026-09-07T13:00:00Z,95.775,95.775,95.775,95.775,19.0,95.775,6
2026-09-07T13:15:00Z,95.775,95.775,95.775,95.775,0.0,95.775,0
2026-09-07T13:30:00Z,95.775,95.775,95.775,95.775,0.0,95.775,0
2026-09-07T13:45:00Z,95.78,95.78,95.78,95.78,41.0,95.78,10
2026-09-07T14:00:00Z,95.78,95.78,95.78,95.78,33.0,95.78,6
2026-09-07T14:15:00Z,95.78,95.78,95.78,95.78,0.0,95.78,0
2026-09-07T14:30:00Z,95.775,95.775,95.775,95.775,63.0,95.775,8
2026-09-07T14:45:00Z,95.775,95.775,95.775,95.775,0.0,95.775,0
2026-09-07T15:00:00Z,95.775,95.775,95.775,95.775,58.0,95.775,17
2026-09-07T15:15:00Z,95.775,95.775,95.775,95.775,0.0,95.775,0
2026-09-07T15:30:00Z,95.775,95.775,95.775,95.775,0.0,95.775,0
2026-09-07T15:45:00Z,95.77,95.77,95.77,95.77,2.0,95.77,2
2026-09-07T16:00:00Z,95.77,95.77,95.77,95.77,0.0,95.77,0
2026-09-07T16:15:00Z,95.77,95.77,95.77,95.77,0.0,95.77,0
2026-09-07T16:30:00Z,95.77,95.77,95.77,95.77,0.0,95.77,0
2026-09-07T16:45:00Z,95.77,95.77,95.77,95.77,0.0,95.77,0
2026-09-07T22:00:00Z,95.775,95.775,95.775,95.775,8.0,95.775,1
2026-09-07T22:15:00Z,95.775,95.775,95.775,95.775,1.0,95.775,1
2026-09-07T22:30:00Z,95.775,95.775,95.775,95.775,0.0,95.775,0
2026-09-07T22:45:00Z,95.775,95.775,95.775,95.775,0.0,95.775,0
2026-09-07T23:00:00Z,95.775,95.775,95.775,95.775,0.0,95.775,0
2026-09-07T23:15:00Z,95.775,95.775,95.775,95.775,0.0,95.775,0
2026-09-07T23:30:00Z,95.78,95.78,95.78,95.78,21.0,95.78,9
2026-09-07T23:45:00Z,95.78,95.78,95.78,95.78,0.0,95.78,0
2026-09-08T00:00:00Z,95.78,95.78,95.78,95.78,0.0,95.78,0
2026-09-08T00:15:00Z,95.785,95.785,95.785,95.785,11.0,95.785,8
2026-09-08T00:30:00Z,95.785,95.785,95.785,95.785,1.0,95.785,1
2026-09-08T00:45:00Z,95.785,95.785,95.785,95.785,0.0,95.785,0
2026-09-08T01:00:00Z,95.785,95.785,95.785,95.785,1.0,95.785,1
2026-09-08T01:15:00Z,95.785,95.785,95.785,95.785,0.0,95.785,0
2026-09-08T01:30:00Z,95.79,95.79,95.79,95.79,1.0,95.79,1
2026-09-08T01:45:00Z,95.79,95.79,95.79,95.79,3.0,95.79,3
2026-09-08T02:00:00Z,95.79,95.79,95.79,95.79,5.0,95.79,3
2026-09-08T02:15:00Z,95.79,95.79,95.79,95.79,0.0,95.79,0
2026-09-08T02:30:00Z,95.795,95.795,95.795,95.795,1.0,95.795,1
2026-09-08T02:45:00Z,95.795,95.795,95.795,95.795,0.0,95.795,0
2026-09-08T03:00:00Z,95.795,95.795,95.795,95.795,0.0,95.795,0
2026-09-08T03:15:00Z,95.795,95.795,95.795,95.795,3.0,95.795,1
2026-09-08T03:30:00Z,95.795,95.795,95.795,95.795,0.0,95.795,0
2026-09-08T03:45:00Z,95.795,95.795,95.795,95.795,1.0,95.795,1
2026-09-08T04:00:00Z,95.795,95.795,95.795,95.795,0.0,95.795,0
2026-09-08T04:15:00Z,95.795,95.795,95.795,95.795,0.0,95.795,0
2026-09-08T04:30:00Z,95.795,95.795,95.795,95.795,0.0,95.795,0
2026-09-08T04:45:00Z,95.795,95.795,95.795,95.795,0.0,95.795,0
2026-09-08T05:00:00Z,95.795,95.795,95.795,95.795,0.0,95.795,0
2026-09-08T05:15:00Z,95.79,95.79,95.79,95.79,2.0,95.79,2
2026-09-08T05:30:00Z,95.79,95.79,95.79,95.79,8.0,95.79,4
2026-09-08T05:45:00Z,95.79,95.79,95.79,95.79,0.0,95.79,0
2026-09-08T06:00:00Z,95.79,95.79,95.79,95.79,0.0,95.79,0
2026-09-08T06:15:00Z,95.785,95.785,95.78,95.78,5.0,95.781,3
2026-09-08T06:30:00Z,95.78,95.78,95.78,95.78,0.0,95.78,0
2026-09-08T06:45:00Z,95.78,95.78,95.78,95.78,0.0,95.78,0
2026-09-08T07:00:00Z,95.785,95.785,95.785,95.785,2.0,95.785,1
2026-09-08T07:15:00Z,95.785,95.785,95.785,95.785,18.0,95.785,10
2026-09-08T07:30:00Z,95.785,95.785,95.785,95.785,0.0,95.785,0
2026-09-08T07:45:00Z,95.785,95.785,95.785,95.785,0.0,95.785,0
2026-09-08T08:00:00Z,95.78,95.78,95.78,95.78,1.0,95.78,1
2026-09-08T08:15:00Z,95.78,95.78,95.78,95.78,0.0,95.78,0
2026-09-08T08:30:00Z,95.775,95.775,95.775,95.775,2.0,95.775,1
2026-09-08T08:45:00Z,95.78,95.78,95.775,95.775,18.0,95.7795,5
2026-09-08T09:00:00Z,95.78,95.78,95.78,95.78,11.0,95.78,1
2026-09-08T09:15:00Z,95.78,95.78,95.78,95.78,8.0,95.78,1
2026-09-08T09:30:00Z,95.78,95.785,95.78,95.785,13.0,95.784,7
2026-09-08T09:45:00Z,95.785,95.785,95.785,95.785,0.0,95.785,0
2026-09-08T10:00:00Z,95.78,95.78,95.78,95.78,3.0,95.78,3
2026-09-08T10:15:00Z,95.785,95.79,95.785,95.785,54.0,95.7885,18
2026-09-08T10:30:00Z,95.785,95.785,95.785,95.785,1.0,95.785,1
2026-09-08T10:45:00Z,95.78,95.78,95.78,95.78,9.0,95.78,3
2026-09-08T11:00:00Z,95.785,95.785,95.785,95.785,84.0,95.785,19
2026-09-08T11:15:00Z,95.78,95.78,95.78,95.78,13.0,95.78,2
2026-09-08T11:30:00Z,95.775,95.775,95.775,95.775,6.0,95.775,4
2026-09-08T11:45:00Z,95.775,95.775,95.775,95.775,22.0,95.775,7
2026-09-08T12:00:00Z,95.78,95.78,95.78,95.78,17.0,95.78,10
2026-09-08T12:15:00Z,95.785,95.785,95.785,95.785,9.0,95.785,5
2026-09-08T12:30:00Z,95.79,95.795,95.79,95.795,18.0,95.792,9
2026-09-08T12:45:00Z,95.795,95.795,95.795,95.795,67.0,95.795,12
2026-09-08T13:00:00Z,95.795,95.795,95.795,95.795,141.0,95.795,34
2026-09-08T13:15:00Z,95.79,95.79,95.785,95.785,78.0,95.79,16
2026-09-08T13:30:00Z,95.785,95.785,95.785,95.785,5.0,95.785,2
2026-09-08T13:45:00Z,95.78,95.78,95.78,95.78,15.0,95.78,2
2026-09-08T14:00:00Z,95.78,95.78,95.77,95.77,115.0,95.7715,29
2026-09-08T14:15:00Z,95.77,95.77,95.77,95.77,89.0,95.77,26
2026-09-08T14:30:00Z,95.775,95.775,95.775,95.775,3.0,95.775,3
2026-09-08T14:45:00Z,95.78,95.78,95.78,95.78,30.0,95.78,11
2026-09-08T15:00:00Z,95.78,95.78,95.78,95.78,92.0,95.78,42
2026-09-08T15:15:00Z,95.775,95.775,95.775,95.775,58.0,95.775,18
2026-09-08T15:30:00Z,95.775,95.775,95.77,95.77,40.0,95.7745,10
2026-09-08T15:45:00Z,95.765,95.765,95.765,95.765,1.0,95.765,1
2026-09-08T16:00:00Z,95.765,95.765,95.765,95.765,3.0,95.765,3
2026-09-08T16:15:00Z,95.77,95.77,95.77,95.77,10.0,95.77,5
2026-09-08T16:30:00Z,95.77,95.77,95.77,95.77,3.0,95.77,2
2026-09-08T16:45:00Z,95.77,95.775,95.77,95.77,16.0,95.7705,9
2026-09-08T17:00:00Z,95.775,95.775,95.775,95.775,14.0,95.775,2
2026-09-08T17:15:00Z,95.775,95.775,95.775,95.775,0.0,95.775,0
2026-09-08T17:30:00Z,95.775,95.775,95.775,95.775,265.0,95.775,23
2026-09-08T17:45:00Z,95.775,95.775,95.775,95.775,6.0,95.775,4
2026-09-08T18:00:00Z,95.775,95.775,95.775,95.775,0.0,95.775,0
2026-09-08T18:15:00Z,95.77,95.77,95.77,95.77,2.0,95.77,2
2026-09-08T18:30:00Z,95.77,95.77,95.77,95.77,4.0,95.77,1
2026-09-08T18:45:00Z,95.765,95.765,95.76,95.76,78.0,95.761,21
2026-09-08T19:00:00Z,95.765,95.765,95.765,95.765,4.0,95.765,1
2026-09-08T19:15:00Z,95.765,95.765,95.765,95.765,0.0,95.765,0
2026-09-08T19:30:00Z,95.765,95.765,95.765,95.765,0.0,95.765,0
2026-09-08T19:45:00Z,95.765,95.765,95.765,95.765,93.0,95.765,24
2026-09-08T20:00:00Z,95.765,95.765,95.765,95.765,27.0,95.765,8
2026-09-08T20:15:00Z,95.765,95.765,95.76,95.76,21.0,95.764,9
2026-09-08T20:30:00Z,95.76,95.76,95.76,95.76,24.0,95.76,4
2026-09-08T20:45:00Z,95.76,95.76,95.76,95.76,5.0,95.76,1
2026-09-08T23:00:00Z,95.765,95.765,95.765,95.765,1.0,95.765,1
2026-09-08T23:15:00Z,95.765,95.765,95.765,95.765,1.0,95.765,1
2026-09-08T23:30:00Z,95.765,95.765,95.765,95.765,0.0,95.765,0
2026-09-08T23:45:00Z,95.765,95.765,95.765,95.765,1.0,95.765,1
2026-09-09T00:00:00Z,95.765,95.765,95.765,95.765,0.0,95.765,0
2026-09-09T00:15:00Z,95.76,95.76,95.76,95.76,2.0,95.76,1
2026-09-09T00:30:00Z,95.76,95.76,95.76,95.76,0.0,95.76,0
2026-09-09T00:45:00Z,95.76,95.76,95.76,95.76,0.0,95.76,0
2026-09-09T01:00:00Z,95.76,95.76,95.76,95.76,3.0,95.76,2
2026-09-09T01:15:00Z,95.76,95.76,95.76,95.76,1.0,95.76,1
2026-09-09T01:30:00Z,95.76,95.76,95.76,95.76,0.0,95.76,0
2026-09-09T01:45:00Z,95.76,95.76,95.76,95.76,0.0,95.76,0
2026-09-09T02:00:00Z,95.76,95.76,95.76,95.76,0.0,95.76,0
2026-09-09T02:15:00Z,95.755,95.755,95.755,95.755,5.0,95.755,5
2026-09-09T02:30:00Z,95.755,95.755,95.755,95.755,0.0,95.755,0
2026-09-09T02:45:00Z,95.755,95.755,95.755,95.755,0.0,95.755,0
2026-09-09T03:00:00Z,95.755,95.755,95.755,95.755,0.0,95.755,0
2026-09-09T03:15:00Z,95.755,95.755,95.755,95.755,0.0,95.755,0
2026-09-09T03:30:00Z,95.755,95.755,95.755,95.755,0.0,95.755,0
2026-09-09T03:45:00Z,95.755,95.755,95.755,95.755,0.0,95.755,0
2026-09-09T04:00:00Z,95.755,95.755,95.755,95.755,0.0,95.755,0
2026-09-09T04:15:00Z,95.755,95.755,95.755,95.755,0.0,95.755,0
2026-09-09T04:30:00Z,95.755,95.755,95.755,95.755,0.0,95.755,0
2026-09-09T04:45:00Z,95.755,95.755,95.755,95.755,0.0,95.755,0
2026-09-09T05:00:00Z,95.76,95.76,95.76,95.76,1.0,95.76,1
2026-09-09T05:15:00Z,95.76,95.76,95.76,95.76,0.0,95.76,0
2026-09-09T05:30:00Z,95.76,95.76,95.76,95.76,8.0,95.76,2
2026-09-09T05:45:00Z,95.76,95.76,95.76,95.76,0.0,95.76,0
2026-09-09T06:00:00Z,95.765,95.765,95.765,95.765,3.0,95.765,1
2026-09-09T06:15:00Z,95.765,95.765,95.765,95.765,0.0,95.765,0
2026-09-09T06:30:00Z,95.765,95.765,95.765,95.765,0.0,95.765,0
2026-09-09T06:45:00Z,95.765,95.765,95.765,95.765,0.0,95.765,0
2026-09-09T07:00:00Z,95.76,95.76,95.76,95.76,10.0,95.76,10
2026-09-09T07:15:00Z,95.76,95.76,95.76,95.76,0.0,95.76,0
2026-09-09T07:30:00Z,95.76,95.76,95.76,95.76,0.0,95.76,0
2026-09-09T07:45:00Z,95.755,95.755,95.755,95.755,10.0,95.755,2
2026-09-09T08:00:00Z,95.755,95.755,95.755,95.755,14.0,95.755,6
2026-09-09T08:15:00Z,95.755,95.755,95.755,95.755,0.0,95.755,0
2026-09-09T08:30:00Z,95.75,95.75,95.75,95.75,6.0,95.75,2
2026-09-09T08:45:00Z,95.75,95.75,95.75,95.75,29.0,95.75,11
2026-09-09T09:00:00Z,95.75,95.75,95.75,95.75,0.0,95.75,0
2026-09-09T09:15:00Z,95.75,95.75,95.75,95.75,0.0,95.75,0
2026-09-09T09:30:00Z,95.745,95.745,95.745,95.745,3.0,95.745,1
2026-09-09T09:45:00Z,95.745,95.745,95.745,95.745,0.0,95.745,0
2026-09-09T10:00:00Z,95.74,95.74,95.74,95.74,7.0,95.74,4
2026-09-09T10:15:00Z,95.74,95.74,95.735,95.735,25.0,95.736,4
2026-09-09T10:30:00Z,95.74,95.74,95.74,95.74,27.0,95.74,6
2026-09-09T10:45:00Z,95.74,95.74,95.74,95.74,2.0,95.74,2
2026-09-09T11:00:00Z,95.74,95.74,95.74,95.74,0.0,95.74,0
2026-09-09T11:15:00Z,95.74,95.74,95.74,95.74,13.0,95.74,1
2026-09-09T11:30:00Z,95.735,95.735,95.735,95.735,6.0,95.735,3
2026-09-09T11:45:00Z,95.74,95.745,95.74,95.74,25.0,95.744,14
2026-09-09T12:00:00Z,95.735,95.735,95.735,95.735,5.0,95.735,2
2026-09-09T12:15:00Z,95.735,95.735,95.735,95.735,17.0,95.735,8
2026-09-09T12:30:00Z,95.735,95.735,95.735,95.735,12.0,95.735,12
2026-09-09T12:45:00Z,95.74,95.74,95.74,95.74,50.0,95.74,13
2026-09-09T13:00:00Z,95.745,95.745,95.745,95.745,9.0,95.745,4
2026-09-09T13:15:00Z,95.745,95.745,95.745,95.745,0.0,95.745,0
2026-09-09T13:30:00Z,95.75,95.75,95.745,95.75,20.0,95.7485,9
2026-09-09T13:45:00Z,95.75,95.755,95.75,95.755,94.0,95.752,13
2026-09-09T14:00:00Z,95.755,95.755,95.755,95.755,36.0,95.755,7
2026-09-09T14:15:00Z,95.755,95.755,95.75,95.75,85.0,95.7505,49
2026-09-09T14:30:00Z,95.75,95.75,95.75,95.75,13.0,95.75,7
2026-09-09T14:45:00Z,95.75,95.75,95.745,95.745,18.0,95.746,8
2026-09-09T15:00:00Z,95.745,95.75,95.74,95.74,146.0,95.7465,53
2026-09-09T15:15:00Z,95.74,95.74,95.735,95.735,81.0,95.7355,31
2026-09-09T15:30:00Z,95.74,95.74,95.74,95.74,5.0,95.74,4
2026-09-09T15:45:00Z,95.735,95.735,95.73,95.73,93.0,95.7335,30
2026-09-09T16:00:00Z,95.735,95.735,95.735,95.735,39.0,95.735,5
2026-09-09T16:15:00Z,95.735,95.735,95.735,95.735,0.0,95.735,0
2026-09-09T16:30:00Z,95.735,95.735,95.735,95.735,13.0,95.735,9
2026-09-09T16:45:00Z,95.735,95.735,95.735,95.735,23.0,95.735,9
2026-09-09T17:00:00Z,95.735,95.74,95.735,95.74,30.0,95.74,16
2026-09-09T17:15:00Z,95.74,95.74,95.74,95.74,0.0,95.74,0
2026-09-09T17:30:00Z,95.74,95.74,95.74,95.74,5.0,95.74,3
2026-09-09T17:45:00Z,95.745,95.745,95.745,95.745,31.0,95.745,8
2026-09-09T18:00:00Z,95.745,95.745,95.745,95.745,2.0,95.745,1
2026-09-09T18:15:00Z,95.74,95.74,95.74,95.74,17.0,95.74,7
2026-09-09T18:30:00Z,95.74,95.74,95.74,95.74,1.0,95.74,1
2026-09-09T18:45:00Z,95.735,95.735,95.735,95.735,15.0,95.735,6
2026-09-09T19:00:00Z,95.735,95.735,95.735,95.735,1.0,95.735,1
2026-09-09T19:15:00Z,95.735,95.735,95.735,95.735,0.0,95.735,0
2026-09-09T19:30:00Z,95.74,95.74,95.74,95.74,10.0,95.74,2
2026-09-09T19:45:00Z,95.74,95.74,95.74,95.74,0.0,95.74,0
2026-09-09T20:00:00Z,95.735,95.735,95.735,95.735,45.0,95.735,6
2026-09-09T20:15:00Z,95.735,95.735,95.735,95.735,3.0,95.735,1
2026-09-09T20:30:00Z,95.73,95.73,95.73,95.73,4.0,95.73,3
2026-09-09T20:45:00Z,95.73,95.73,95.73,95.73,26.0,95.73,13
2026-09-09T22:30:00Z,95.73,95.73,95.73,95.73,5.0,95.73,4
2026-09-09T22:45:00Z,95.73,95.73,95.73,95.73,0.0,95.73,0
2026-09-09T23:00:00Z,95.73,95.73,95.73,95.73,0.0,95.73,0
2026-09-09T23:15:00Z,95.73,95.73,95.73,95.73,0.0,95.73,0
2026-09-09T23:30:00Z,95.73,95.73,95.73,95.73,0.0,95.73,0
2026-09-09T23:45:00Z,95.73,95.73,95.73,95.73,1.0,95.73,1
2026-09-10T00:00:00Z,95.73,95.73,95.73,95.73,5.0,95.73,3
2026-09-10T00:15:00Z,95.73,95.73,95.73,95.73,0.0,95.73,0
2026-09-10T00:30:00Z,95.73,95.73,95.73,95.73,0.0,95.73,0
2026-09-10T00:45:00Z,95.73,95.73,95.73,95.73,0.0,95.73,0
2026-09-10T01:00:00Z,95.73,95.73,95.73,95.73,0.0,95.73,0
2026-09-10T01:15:00Z,95.73,95.73,95.73,95.73,1.0,95.73,1
2026-09-10T01:30:00Z,95.73,95.73,95.73,95.73,0.0,95.73,0
2026-09-10T01:45:00Z,95.73,95.73,95.73,95.73,0.0,95.73,0
2026-09-10T02:00:00Z,95.73,95.73,95.73,95.73,0.0,95.73,0
2026-09-10T02:15:00Z,95.735,95.735,95.735,95.735,5.0,95.735,1
2026-09-10T02:30:00Z,95.735,95.735,95.735,95.735,0.0,95.735,0
2026-09-10T02:45:00Z,95.735,95.735,95.735,95.735,0.0,95.735,0
2026-09-10T03:00:00Z,95.735,95.735,95.735,95.735,0.0,95.735,0
2026-09-10T03:15:00Z,95.735,95.735,95.735,95.735,4.0,95.735,3
2026-09-10T03:30:00Z,95.735,95.735,95.735,95.735,0.0,95.735,0
2026-09-10T03:45:00Z,95.735,95.735,95.735,95.735,0.0,95.735,0
2026-09-10T04:00:00Z,95.735,95.735,95.735,95.735,0.0,95.735,0
2026-09-10T04:15:00Z,95.735,95.735,95.735,95.735,0.0,95.735,0
2026-09-10T04:30:00Z,95.735,95.735,95.735,95.735,0.0,95.735,0
2026-09-10T04:45:00Z,95.735,95.735,95.735,95.735,0.0,95.735,0
2026-09-10T05:00:00Z,95.735,95.735,95.735,95.735,0.0,95.735,0
2026-09-10T05:15:00Z,95.74,95.74,95.74,95.74,24.0,95.74,8
2026-09-10T05:30:00Z,95.745,95.745,95.745,95.745,5.0,95.745,2
2026-09-10T05:45:00Z,95.745,95.745,95.745,95.745,0.0,95.745,0
2026-09-10T06:00:00Z,95.745,95.745,95.745,95.745,0.0,95.745,0
2026-09-10T06:15:00Z,95.745,95.745,95.745,95.745,0.0,95.745,0
2026-09-10T06:30:00Z,95.75,95.75,95.75,95.75,1.0,95.75,1
2026-09-10T06:45:00Z,95.745,95.745,95.745,95.745,38.0,95.745,3
2026-09-10T07:00:00Z,95.745,95.745,95.745,95.745,10.0,95.745,1
2026-09-10T07:15:00Z,95.745,95.745,95.745,95.745,1.0,95.745,1
2026-09-10T07:30:00Z,95.745,95.745,95.745,95.745,0.0,95.745,0
2026-09-10T07:45:00Z,95.745,95.745,95.745,95.745,0.0,95.745,0
2026-09-10T08:00:00Z,95.74,95.74,95.74,95.74,11.0,95.74,4
2026-09-10T08:15:00Z,95.74,95.74,95.74,95.74,0.0,95.74,0
2026-09-10T08:30:00Z,95.73,95.73,95.72,95.72,14.0,95.7255,5
2026-09-10T08:45:00Z,95.725,95.725,95.725,95.725,7.0,95.725,3
2026-09-10T09:00:00Z,95.725,95.725,95.725,95.725,0.0,95.725,0
2026-09-10T09:15:00Z,95.72,95.72,95.72,95.72,14.0,95.72,5
2026-09-10T09:30:00Z,95.715,95.715,95.715,95.715,4.0,95.715,2
2026-09-10T09:45:00Z,95.715,95.715,95.715,95.715,0.0,95.715,0
2026-09-10T10:00:00Z,95.72,95.72,95.72,95.72,3.0,95.72,2
2026-09-10T10:15:00Z,95.72,95.72,95.72,95.72,3.0,95.72,2
2026-09-10T10:30:00Z,95.725,95.725,95.725,95.725,1.0,95.725,1
2026-09-10T10:45:00Z,95.725,95.725,95.72,95.72,8.0,95.7205,5
2026-09-10T11:00:00Z,95.72,95.72,95.72,95.72,0.0,95.72,0
2026-09-10T11:15:00Z,95.71,95.715,95.71,95.715,8.0,95.714,5
2026-09-10T11:30:00Z,95.715,95.715,95.715,95.715,30.0,95.715,13
2026-09-10T11:45:00Z,95.71,95.71,95.71,95.71,13.0,95.71,10
2026-09-10T12:00:00Z,95.71,95.71,95.705,95.705,4.0,95.7075,4
2026-09-10T12:15:00Z,95.705,95.705,95.685,95.685,45.0,95.694,16
2026-09-10T12:30:00Z,95.69,95.7,95.645,95.65,95.0,95.6665,44
2026-09-10T12:45:00Z,95.65,95.655,95.635,95.635,93.0,95.642,35
2026-09-10T13:00:00Z,95.64,95.65,95.64,95.645,50.0,95.644,27
2026-09-10T13:15:00Z,95.64,95.64,95.63,95.63,108.0,95.636,15
2026-09-10T13:30:00Z,95.64,95.64,95.625,95.63,51.0,95.6335,19
2026-09-10T13:45:00Z,95.635,95.635,95.615,95.615,101.0,95.6265,20
2026-09-10T14:00:00Z,95.62,95.625,95.615,95.615,136.0,95.62,35
2026-09-10T14:15:00Z,95.615,95.625,95.61,95.62,145.0,95.618,28
2026-09-10T14:30:00Z,95.62,95.62,95.615,95.615,89.0,95.6175,23
2026-09-10T14:45:00Z,95.615,95.62,95.61,95.615,22.0,95.6175,6
2026-09-10T15:00:00Z,95.615,95.615,95.595,95.595,45.0,95.5985,19
2026-09-10T15:15:00Z,95.605,95.615,95.605,95.61,74.0,95.612,28
2026-09-10T15:30:00Z,95.61,95.615,95.61,95.61,25.0,95.61,15
2026-09-10T15:45:00Z,95.605,95.605,95.605,95.605,24.0,95.605,8
2026-09-10T16:00:00Z,95.605,95.605,95.59,95.59,292.0,95.595,59
2026-09-10T16:15:00Z,95.595,95.595,95.59,95.59,4.0,95.5925,3
2026-09-10T16:30:00Z,95.59,95.59,95.58,95.585,84.0,95.588,26
2026-09-10T16:45:00Z,95.585,95.59,95.585,95.59,10.0,95.586,4
2026-09-10T17:00:00Z,95.59,95.59,95.575,95.575,60.0,95.5815,19
2026-09-10T17:15:00Z,95.575,95.575,95.575,95.575,34.0,95.575,11
2026-09-10T17:30:00Z,95.58,95.58,95.575,95.575,49.0,95.5765,20
2026-09-10T17:45:00Z,95.575,95.575,95.57,95.57,33.0,95.5705,7
2026-09-10T18:00:00Z,95.57,95.575,95.565,95.565,26.0,95.57,12
2026-09-10T18:15:00Z,95.57,95.57,95.57,95.57,29.0,95.57,13
2026-09-10T18:30:00Z,95.565,95.565,95.56,95.565,204.0,95.5635,34
2026-09-10T18:45:00Z,95.575,95.58,95.575,95.575,21.0,95.578,6
2026-09-10T19:00:00Z,95.575,95.575,95.565,95.565,270.0,95.566,13
2026-09-10T19:15:00Z,95.565,95.565,95.565,95.565,7.0,95.565,7
2026-09-10T19:30:00Z,95.56,95.56,95.555,95.555,65.0,95.556,14
2026-09-10T19:45:00Z,95.555,95.56,95.555,95.56,28.0,95.559,12
2026-09-10T20:00:00Z,95.555,95.555,95.545,95.545,66.0,95.5495,18
2026-09-10T20:15:00Z,95.54,95.54,95.54,95.54,58.0,95.54,12
2026-09-10T20:30:00Z,95.54,95.54,95.535,95.535,28.0,95.536,13
2026-09-10T20:45:00Z,95.53,95.53,95.53,95.53,1.0,95.53,1
2026-09-10T22:00:00Z,95.53,95.53,95.53,95.53,1.0,95.53,1
2026-09-10T22:15:00Z,95.53,95.53,95.53,95.53,0.0,95.53,0
2026-09-10T22:30:00Z,95.53,95.53,95.53,95.53,0.0,95.53,0
2026-09-10T22:45:00Z,95.53,95.53,95.53,95.53,0.0,95.53,0
2026-09-10T23:00:00Z,95.53,95.53,95.53,95.53,0.0,95.53,0
2026-09-10T23:15:00Z,95.53,95.53,95.53,95.53,0.0,95.53,0
2026-09-10T23:30:00Z,95.53,95.53,95.53,95.53,0.0,95.53,0
2026-09-10T23:45:00Z,95.53,95.53,95.53,95.53,0.0,95.53,0
2026-09-11T00:00:00Z,95.535,95.535,95.535,95.535,10.0,95.535,2
2026-09-11T00:15:00Z,95.535,95.535,95.535,95.535,0.0,95.535,0
2026-09-11T00:30:00Z,95.535,95.535,95.535,95.535,0.0,95.535,0
2026-09-11T00:45:00Z,95.535,95.535,95.535,95.535,0.0,95.535,0
2026-09-11T01:00:00Z,95.545,95.545,95.545,95.545,18.0,95.545,3
2026-09-11T01:15:00Z,95.545,95.545,95.545,95.545,0.0,95.545,0
2026-09-11T01:30:00Z,95.545,95.545,95.545,95.545,0.0,95.545,0
2026-09-11T01:45:00Z,95.545,95.545,95.545,95.545,0.0,95.545,0
2026-09-11T02:00:00Z,95.545,95.545,95.545,95.545,0.0,95.545,0
2026-09-11T02:15:00Z,95.545,95.545,95.545,95.545,15.0,95.545,7
2026-09-11T02:30:00Z,95.545,95.545,95.545,95.545,12.0,95.545,6
2026-09-11T02:45:00Z,95.545,95.545,95.545,95.545,0.0,95.545,0
2026-09-11T03:00:00Z,95.54,95.54,95.54,95.54,7.0,95.54,2
2026-09-11T03:15:00Z,95.54,95.54,95.54,95.54,0.0,95.54,0
2026-09-11T03:30:00Z,95.535,95.535,95.535,95.535,27.0,95.535,8
2026-09-11T03:45:00Z,95.535,95.535,95.535,95.535,1.0,95.535,1
2026-09-11T04:00:00Z,95.535,95.545,95.535,95.545,3.0,95.5385,3
2026-09-11T04:15:00Z,95.545,95.545,95.545,95.545,0.0,95.545,0
2026-09-11T04:30:00Z,95.545,95.545,95.545,95.545,0.0,95.545,0
2026-09-11T04:45:00Z,95.545,95.545,95.545,95.545,0.0,95.545,0
2026-09-11T05:00:00Z,95.545,95.545,95.545,95.545,0.0,95.545,0
2026-09-11T05:15:00Z,95.545,95.545,95.545,95.545,0.0,95.545,0
2026-09-11T05:30:00Z,95.565,95.565,95.565,95.565,2.0,95.565,2
2026-09-11T05:45:00Z,95.565,95.565,95.565,95.565,7.0,95.565,6
2026-09-11T06:00:00Z,95.565,95.565,95.565,95.565,3.0,95.565,1
2026-09-11T06:15:00Z,95.565,95.565,95.565,95.565,7.0,95.565,2
2026-09-11T06:30:00Z,95.565,95.565,95.565,95.565,4.0,95.565,3
2026-09-11T06:45:00Z,95.57,95.575,95.565,95.575,333.0,95.5705,40
2026-09-11T07:00:00Z,95.575,95.575,95.575,95.575,5.0,95.575,3
2026-09-11T07:15:00Z,95.58,95.58,95.575,95.575,29.0,95.577,14
2026-09-11T07:30:00Z,95.575,95.575,95.575,95.575,9.0,95.575,4
2026-09-11T07:45:00Z,95.57,95.57,95.57,95.57,2.0,95.57,1
2026-09-11T08:00:00Z,95.575,95.575,95.565,95.565,67.0,95.568,11
2026-09-11T08:15:00Z,95.57,95.57,95.56,95.56,62.0,95.569,14
2026-09-11T08:30:00Z,95.565,95.565,95.565,95.565,3.0,95.565,1
2026-09-11T08:45:00Z,95.565,95.565,95.565,95.565,0.0,95.565,0
2026-09-11T09:00:00Z,95.57,95.575,95.565,95.565,66.0,95.571,14
2026-09-11T09:15:00Z,95.565,95.565,95.565,95.565,4.0,95.565,2
2026-09-11T09:30:00Z,95.57,95.57,95.57,95.57,100.0,95.57,4
2026-09-11T09:45:00Z,95.57,95.575,95.57,95.57,32.0,95.5705,10
2026-09-11T10:00:00Z,95.565,95.57,95.565,95.57,9.0,95.5665,4
2026-09-11T10:15:00Z,95.57,95.57,95.57,95.57,9.0,95.57,3
2026-09-11T10:30:00Z,95.57,95.57,95.57,95.57,23.0,95.57,11
2026-09-11T10:45:00Z,95.57,95.57,95.565,95.565,6.0,95.5675,2
2026-09-11T11:00:00Z,95.57,95.57,95.56,95.56,126.0,95.567,14
2026-09-11T11:15:00Z,95.555,95.555,95.55,95.555,187.0,95.555,35
2026-09-11T11:30:00Z,95.555,95.555,95.55,95.55,36.0,95.5515,14
2026-09-11T11:45:00Z,95.545,95.545,95.54,95.54,228.0,95.5445,22
2026-09-11T12:00:00Z,95.54,95.545,95.54,95.545,107.0,95.5415,28
2026-09-11T12:15:00Z,95.54,95.54,95.535,95.54,42.0,95.5395,25
2026-09-11T12:30:00Z,95.45,95.505,95.425,95.505,545.0,95.481,137
2026-09-11T12:45:00Z,95.505,95.545,95.505,95.545,158.0,95.526,57
2026-09-11T13:00:00Z,95.545,95.55,95.525,95.525,173.0,95.5375,35
2026-09-11T13:15:00Z,95.525,95.535,95.52,95.535,84.0,95.528,19
2026-09-11T13:30:00Z,95.53,95.545,95.53,95.54,116.0,95.5375,22
2026-09-11T13:45:00Z,95.535,95.54,95.53,95.54,64.0,95.5345,19
2026-09-11T14:00:00Z,95.54,95.54,95.525,95.53,35.0,95.5295,14
2026-09-11T14:15:00Z,95.53,95.535,95.525,95.525,20.0,95.5305,8
2026-09-11T14:30:00Z,95.52,95.525,95.515,95.52,208.0,95.518,45
2026-09-11T14:45:00Z,95.52,95.52,95.505,95.505,263.0,95.5175,38
2026-09-11T15:00:00Z,95.5,95.51,95.5,95.505,128.0,95.509,29
2026-09-11T15:15:00Z,95.51,95.515,95.51,95.51,36.0,95.514,10
2026-09-11T15:30:00Z,95.505,95.51,95.505,95.51,61.0,95.5075,11
2026-09-11T15:45:00Z,95.51,95.51,95.505,95.505,35.0,95.5055,9
2026-09-11T16:00:00Z,95.505,95.505,95.505,95.505,0.0,95.505,0
2026-09-11T16:15:00Z,95.505,95.51,95.505,95.505,22.0,95.5055,9
2026-09-11T16:30:00Z,95.505,95.515,95.5,95.515,120.0,95.5065,26
2026-09-11T16:45:00Z,95.515,95.515,95.505,95.505,93.0,95.508,22
2026-09-11T17:00:00Z,95.5,95.505,95.5,95.5,102.0,95.5005,22
2026-09-11T17:15:00Z,95.5,95.5,95.5,95.5,0.0,95.5,0
2026-09-11T17:30:00Z,95.5,95.5,95.495,95.495,13.0,95.4995,3
2026-09-11T17:45:00Z,95.49,95.49,95.485,95.49,10.0,95.489,6
2026-09-11T18:00:00Z,95.485,95.485,95.485,95.485,43.0,95.485,11
2026-09-11T18:15:00Z,95.485,95.485,95.48,95.485,56.0,95.4805,16
2026-09-11T18:30:00Z,95.48,95.48,95.475,95.475,37.0,95.4755,11
2026-09-11T18:45:00Z,95.475,95.475,95.475,95.475,3.0,95.475,1
2026-09-11T19:00:00Z,95.475,95.49,95.475,95.49,25.0,95.485,10
2026-09-11T19:15:00Z,95.495,95.495,95.49,95.49,34.0,95.4925,11
2026-09-11T19:30:00Z,95.49,95.49,95.49,95.49,22.0,95.49,9
2026-09-11T19:45:00Z,95.49,95.49,95.48,95.485,19.0,95.486,7
2026-09-11T20:00:00Z,95.485,95.485,95.485,95.485,16.0,95.485,10
2026-09-11T20:15:00Z,95.495,95.495,95.495,95.495,8.0,95.495,3
2026-09-11T20:30:00Z,95.49,95.49,95.49,95.49,10.0,95.49,7
2026-09-11T20:45:00Z,95.49,95.49,95.485,95.49,74.0,95.4895,60
2026-09-13T22:00:00Z,95.49,95.495,95.49,95.495,21.0,95.495,17
2026-09-13T22:15:00Z,95.49,95.49,95.49,95.49,27.0,95.49,5
2026-09-13T22:30:00Z,95.495,95.495,95.495,95.495,1.0,95.495,1
2026-09-13T22:45:00Z,95.495,95.495,95.495,95.495,0.0,95.495,0
2026-09-13T23:00:00Z,95.495,95.495,95.495,95.495,0.0,95.495,0
2026-09-13T23:15:00Z,95.495,95.495,95.495,95.495,0.0,95.495,0
2026-09-13T23:30:00Z,95.495,95.495,95.495,95.495,2.0,95.495,2
2026-09-13T23:45:00Z,95.505,95.505,95.505,95.505,10.0,95.505,2
2026-09-14T00:00:00Z,95.505,95.505,95.505,95.505,0.0,95.505,0
2026-09-14T00:15:00Z,95.5,95.5,95.5,95.5,5.0,95.5,3
2026-09-14T00:30:00Z,95.495,95.495,95.495,95.495,2.0,95.495,2
2026-09-14T00:45:00Z,95.495,95.495,95.495,95.495,0.0,95.495,0
2026-09-14T01:00:00Z,95.495,95.495,95.495,95.495,2.0,95.495,2
2026-09-14T01:15:00Z,95.495,95.495,95.495,95.495,0.0,95.495,0
2026-09-14T01:30:00Z,95.495,95.495,95.495,95.495,0.0,95.495,0
2026-09-14T01:45:00Z,95.495,95.495,95.495,95.495,0.0,95.495,0
2026-09-14T02:00:00Z,95.495,95.495,95.495,95.495,0.0,95.495,0
2026-09-14T02:15:00Z,95.495,95.495,95.495,95.495,0.0,95.495,0
2026-09-14T02:30:00Z,95.5,95.5,95.5,95.5,2.0,95.5,1
2026-09-14T02:45:00Z,95.5,95.5,95.5,95.5,0.0,95.5,0
2026-09-14T03:00:00Z,95.49,95.49,95.49,95.49,12.0,95.49,2
2026-09-14T03:15:00Z,95.49,95.49,95.49,95.49,0.0,95.49,0
2026-09-14T03:30:00Z,95.495,95.495,95.495,95.495,4.0,95.495,4
2026-09-14T03:45:00Z,95.495,95.495,95.495,95.495,0.0,95.495,0
2026-09-14T04:00:00Z,95.495,95.495,95.495,95.495,0.0,95.495,0
2026-09-14T04:15:00Z,95.495,95.495,95.495,95.495,0.0,95.495,0
2026-09-14T04:30:00Z,95.5,95.5,95.5,95.5,3.0,95.5,3
2026-09-14T04:45:00Z,95.505,95.505,95.505,95.505,8.0,95.505,1
2026-09-14T05:00:00Z,95.505,95.505,95.505,95.505,0.0,95.505,0
2026-09-14T05:15:00Z,95.505,95.505,95.505,95.505,0.0,95.505,0
2026-09-14T05:30:00Z,95.505,95.505,95.505,95.505,0.0,95.505,0
2026-09-14T05:45:00Z,95.51,95.51,95.51,95.51,3.0,95.51,1
2026-09-14T06:00:00Z,95.51,95.51,95.505,95.505,5.0,95.509,3
2026-09-14T06:15:00Z,95.505,95.505,95.505,95.505,2.0,95.505,2
2026-09-14T06:30:00Z,95.505,95.505,95.505,95.505,0.0,95.505,0
2026-09-14T06:45:00Z,95.505,95.505,95.505,95.505,0.0,95.505,0
2026-09-14T07:00:00Z,95.5,95.5,95.5,95.5,10.0,95.5,5
2026-09-14T07:15:00Z,95.5,95.5,95.5,95.5,10.0,95.5,1
2026-09-14T07:30:00Z,95.495,95.495,95.495,95.495,32.0,95.495,13
2026-09-14T07:45:00Z,95.495,95.495,95.495,95.495,1.0,95.495,1
2026-09-14T08:00:00Z,95.495,95.495,95.495,95.495,1.0,95.495,1
2026-09-14T08:15:00Z,95.49,95.49,95.49,95.49,7.0,95.49,2
2026-09-14T08:30:00Z,95.495,95.495,95.49,95.49,13.0,95.4905,4
2026-09-14T08:45:00Z,95.485,95.485,95.485,95.485,10.0,95.485,3
2026-09-14T09:00:00Z,95.485,95.485,95.485,95.485,17.0,95.485,13
2026-09-14T09:15:00Z,95.48,95.48,95.48,95.48,2.0,95.48,1
2026-09-14T09:30:00Z,95.48,95.485,95.48,95.485,16.0,95.4845,5
2026-09-14T09:45:00Z,95.485,95.485,95.485,95.485,13.0,95.485,4
2026-09-14T10:00:00Z,95.485,95.485,95.485,95.485,21.0,95.485,4
2026-09-14T10:15:00Z,95.49,95.49,95.485,95.485,34.0,95.4895,15
2026-09-14T10:30:00Z,95.485,95.485,95.485,95.485,18.0,95.485,4
2026-09-14T10:45:00Z,95.475,95.475,95.475,95.475,1.0,95.475,1
2026-09-14T11:00:00Z,95.475,95.475,95.475,95.475,8.0,95.475,3
2026-09-14T11:15:00Z,95.475,95.475,95.475,95.475,31.0,95.475,18
2026-09-14T11:30:00Z,95.475,95.475,95.475,95.475,42.0,95.475,13
2026-09-14T11:45:00Z,95.475,95.475,95.475,95.475,4.0,95.475,2
2026-09-14T12:00:00Z,95.48,95.48,95.48,95.48,37.0,95.48,6
2026-09-14T12:15:00Z,95.485,95.49,95.48,95.48,60.0,95.483,28
2026-09-14T12:30:00Z,95.48,95.485,95.465,95.47,135.0,95.47,38
2026-09-14T12:45:00Z,95.475,95.48,95.475,95.475,47.0,95.478,22
2026-09-14T13:00:00Z,95.475,95.475,95.465,95.465,39.0,95.472,20
2026-09-14T13:15:00Z,95.465,95.47,95.465,95.47,18.0,95.4685,5
2026-09-14T13:30:00Z,95.465,95.465,95.465,95.465,40.0,95.465,22
2026-09-14T13:45:00Z,95.465,95.465,95.455,95.455,43.0,95.4565,12
2026-09-14T14:00:00Z,95.455,95.455,95.45,95.45,52.0,95.45,17
2026-09-14T14:15:00Z,95.45,95.45,95.435,95.44,28.0,95.443,14
2026-09-14T14:30:00Z,95.44,95.455,95.44,95.455,27.0,95.448,12
2026-09-14T14:45:00Z,95.46,95.47,95.46,95.465,99.0,95.465,19
2026-09-14T15:00:00Z,95.47,95.48,95.47,95.48,167.0,95.4715,44
2026-09-14T15:15:00Z,95.475,95.49,95.475,95.49,17.0,95.484,9
2026-09-14T15:30:00Z,95.49,95.53,95.49,95.52,457.0,95.507,66
2026-09-14T15:45:00Z,95.52,95.52,95.515,95.52,39.0,95.5195,21
2026-09-14T16:00:00Z,95.515,95.525,95.515,95.52,34.0,95.517,10
2026-09-14T16:15:00Z,95.52,95.52,95.515,95.515,11.0,95.5155,6
2026-09-14T16:30:00Z,95.51,95.515,95.51,95.515,130.0,95.5105,92
2026-09-14T16:45:00Z,95.515,95.535,95.515,95.525,81.0,95.531,14
2026-09-14T17:00:00Z,95.52,95.52,95.52,95.52,10.0,95.52,5
2026-09-14T17:15:00Z,95.515,95.515,95.515,95.515,14.0,95.515,7
2026-09-14T17:30:00Z,95.515,95.515,95.51,95.51,10.0,95.514,6
2026-09-14T17:45:00Z,95.51,95.51,95.51,95.51,5.0,95.51,3
2026-09-14T18:00:00Z,95.515,95.515,95.505,95.505,15.0,95.5085,10
2026-09-14T18:15:00Z,95.505,95.505,95.495,95.495,207.0,95.498,33
2026-09-14T18:30:00Z,95.495,95.495,95.495,95.495,0.0,95.495,0
2026-09-14T18:45:00Z,95.495,95.495,95.49,95.495,44.0,95.4925,11
2026-09-14T19:00:00Z,95.49,95.495,95.49,95.495,15.0,95.4915,4
2026-09-14T19:15:00Z,95.485,95.485,95.485,95.485,103.0,95.485,10
2026-09-14T19:30:00Z,95.485,95.49,95.485,95.49,88.0,95.4895,13
2026-09-14T19:45:00Z,95.485,95.485,95.475,95.475,13.0,95.481,6
2026-09-14T20:00:00Z,95.47,95.47,95.47,95.47,46.0,95.47,15
2026-09-14T20:15:00Z,95.47,95.47,95.47,95.47,0.0,95.47,0
2026-09-14T20:30:00Z,95.46,95.46,95.46,95.46,40.0,95.46,12
2026-09-14T20:45:00Z,95.46,95.46,95.46,95.46,2.0,95.46,2
2026-09-14T22:30:00Z,95.475,95.475,95.475,95.475,3.0,95.475,1
2026-09-14T22:45:00Z,95.475,95.475,95.475,95.475,0.0,95.475,0
2026-09-14T23:00:00Z,95.475,95.475,95.475,95.475,0.0,95.475,0
2026-09-14T23:15:00Z,95.48,95.48,95.48,95.48,1.0,95.48,1
2026-09-14T23:30:00Z,95.48,95.48,95.48,95.48,0.0,95.48,0
2026-09-14T23:45:00Z,95.48,95.48,95.48,95.48,0.0,95.48,0
2026-09-15T00:00:00Z,95.48,95.48,95.48,95.48,1.0,95.48,1
2026-09-15T00:15:00Z,95.48,95.48,95.48,95.48,0.0,95.48,0
2026-09-15T00:30:00Z,95.48,95.48,95.48,95.48,0.0,95.48,0
2026-09-15T00:45:00Z,95.48,95.48,95.48,95.48,0.0,95.48,0
2026-09-15T01:00:00Z,95.48,95.48,95.48,95.48,0.0,95.48,0
2026-09-15T01:15:00Z,95.48,95.48,95.48,95.48,0.0,95.48,0
2026-09-15T01:30:00Z,95.47,95.47,95.47,95.47,1.0,95.47,1
2026-09-15T01:45:00Z,95.47,95.47,95.47,95.47,2.0,95.47,1
2026-09-15T02:00:00Z,95.465,95.465,95.465,95.465,1.0,95.465,1
2026-09-15T02:15:00Z,95.465,95.465,95.465,95.465,0.0,95.465,0
2026-09-15T02:30:00Z,95.465,95.465,95.465,95.465,0.0,95.465,0
2026-09-15T02:45:00Z,95.465,95.465,95.465,95.465,0.0,95.465,0
2026-09-15T03:00:00Z,95.465,95.465,95.465,95.465,0.0,95.465,0
2026-09-15T03:15:00Z,95.465,95.465,95.465,95.465,0.0,95.465,0
2026-09-15T03:30:00Z,95.465,95.465,95.465,95.465,0.0,95.465,0
2026-09-15T03:45:00Z,95.465,95.465,95.465,95.465,0.0,95.465,0
2026-09-15T04:00:00Z,95.465,95.465,95.465,95.465,0.0,95.465,0
2026-09-15T04:15:00Z,95.45,95.45,95.45,95.45,2.0,95.45,2
2026-09-15T04:30:00Z,95.45,95.45,95.45,95.45,1.0,95.45,1
2026-09-15T04:45:00Z,95.45,95.45,95.45,95.45,0.0,95.45,0
2026-09-15T05:00:00Z,95.45,95.45,95.45,95.45,0.0,95.45,0
2026-09-15T05:15:00Z,95.45,95.45,95.45,95.45,0.0,95.45,0
2026-09-15T05:30:00Z,95.455,95.455,95.455,95.455,10.0,95.455,1
2026-09-15T05:45:00Z,95.455,95.455,95.455,95.455,0.0,95.455,0
2026-09-15T06:00:00Z,95.455,95.455,95.455,95.455,18.0,95.455,7
2026-09-15T06:15:00Z,95.455,95.455,95.455,95.455,0.0,95.455,0
2026-09-15T06:30:00Z,95.45,95.45,95.45,95.45,1.0,95.45,1
2026-09-15T06:45:00Z,95.45,95.45,95.45,95.45,0.0,95.45,0
2026-09-15T07:00:00Z,95.45,95.45,95.45,95.45,0.0,95.45,0
2026-09-15T07:15:00Z,95.455,95.455,95.455,95.455,189.0,95.455,11
2026-09-15T07:30:00Z,95.455,95.455,95.455,95.455,17.0,95.455,6
2026-09-15T07:45:00Z,95.45,95.45,95.445,95.445,6.0,95.4485,3
2026-09-15T08:00:00Z,95.44,95.44,95.44,95.44,7.0,95.44,6
2026-09-15T08:15:00Z,95.45,95.455,95.45,95.455,6.0,95.4535,4
2026-09-15T08:30:00Z,95.455,95.455,95.45,95.45,4.0,95.4535,4
2026-09-15T08:45:00Z,95.45,95.45,95.45,95.45,12.0,95.45,7
2026-09-15T09:00:00Z,95.455,95.455,95.455,95.455,2.0,95.455,1
2026-09-15T09:15:00Z,95.45,95.45,95.45,95.45,27.0,95.45,14
2026-09-15T09:30:00Z,95.455,95.46,95.455,95.46,2.0,95.4575,2
2026-09-15T09:45:00Z,95.46,95.465,95.46,95.465,3.0,95.4635,3
2026-09-15T10:00:00Z,95.465,95.47,95.465,95.47,37.0,95.4655,12
2026-09-15T10:15:00Z,95.465,95.465,95.465,95.465,4.0,95.465,2
2026-09-15T10:30:00Z,95.47,95.47,95.465,95.465,37.0,95.4665,6
2026-09-15T10:45:00Z,95.47,95.47,95.465,95.47,25.0,95.469,7
2026-09-15T11:00:00Z,95.47,95.47,95.47,95.47,21.0,95.47,8
2026-09-15T11:15:00Z,95.475,95.475,95.475,95.475,11.0,95.475,4
2026-09-15T11:30:00Z,95.48,95.48,95.475,95.475,8.0,95.4795,4
2026-09-15T11:45:00Z,95.48,95.485,95.48,95.48,16.0,95.483,5
2026-09-15T12:00:00Z,95.475,95.475,95.475,95.475,121.0,95.475,14
2026-09-15T12:15:00Z,95.475,95.475,95.475,95.475,6.0,95.475,3
2026-09-15T12:30:00Z,95.48,95.49,95.48,95.485,57.0,95.486,21
2026-09-15T12:45:00Z,95.485,95.49,95.485,95.485,135.0,95.4855,31
2026-09-15T13:00:00Z,95.48,95.485,95.48,95.485,7.0,95.482,3
2026-09-15T13:15:00Z,95.485,95.485,95.475,95.475,32.0,95.4775,7
2026-09-15T13:30:00Z,95.47,95.47,95.47,95.47,11.0,95.47,5
2026-09-15T13:45:00Z,95.475,95.48,95.475,95.48,56.0,95.479,15
2026-09-15T14:00:00Z,95.475,95.475,95.475,95.475,48.0,95.475,7
2026-09-15T14:15:00Z,95.475,95.475,95.47,95.47,7.0,95.4705,4
2026-09-15T14:30:00Z,95.47,95.475,95.47,95.47,27.0,95.4725,14
2026-09-15T14:45:00Z,95.475,95.48,95.465,95.465,184.0,95.471,37
2026-09-15T15:00:00Z,95.47,95.475,95.47,95.475,6.0,95.4725,3
2026-09-15T15:15:00Z,95.475,95.475,95.475,95.475,4.0,95.475,1
2026-09-15T15:30:00Z,95.475,95.475,95.475,95.475,56.0,95.475,11
2026-09-15T15:45:00Z,95.475,95.48,95.475,95.475,41.0,95.478,22
2026-09-15T16:00:00Z,95.47,95.47,95.47,95.47,21.0,95.47,9
2026-09-15T16:15:00Z,95.47,95.47,95.47,95.47,18.0,95.47,8
2026-09-15T16:30:00Z,95.47,95.47,95.47,95.47,10.0,95.47,7
2026-09-15T16:45:00Z,95.475,95.475,95.475,95.475,14.0,95.475,3
2026-09-15T17:00:00Z,95.475,95.475,95.47,95.47,46.0,95.4715,20
2026-09-15T17:15:00Z,95.47,95.47,95.46,95.46,32.0,95.4625,14
2026-09-15T17:30:00Z,95.465,95.465,95.465,95.465,10.0,95.465,4
2026-09-15T17:45:00Z,95.465,95.465,95.465,95.465,1.0,95.465,1
2026-09-15T18:00:00Z,95.46,95.46,95.46,95.46,78.0,95.46,20
2026-09-15T18:15:00Z,95.46,95.47,95.46,95.47,35.0,95.4645,11
2026-09-15T18:30:00Z,95.47,95.47,95.47,95.47,0.0,95.47,0
2026-09-15T18:45:00Z,95.465,95.465,95.465,95.465,1.0,95.465,1
2026-09-15T19:00:00Z,95.465,95.465,95.465,95.465,10.0,95.465,4
2026-09-15T19:15:00Z,95.465,95.465,95.465,95.465,0.0,95.465,0
2026-09-15T19:30:00Z,95.465,95.47,95.465,95.47,22.0,95.467,3
2026-09-15T19:45:00Z,95.47,95.47,95.465,95.465,10.0,95.468,7
2026-09-15T20:00:00Z,95.46,95.46,95.455,95.455,133.0,95.4595,22
2026-09-15T20:15:00Z,95.45,95.45,95.45,95.45,136.0,95.45,19
2026-09-15T20:30:00Z,95.455,95.455,95.455,95.455,44.0,95.455,9
2026-09-15T20:45:00Z,95.46,95.46,95.46,95.46,32.0,95.46,5
2026-09-15T22:00:00Z,95.455,95.465,95.455,95.465,13.0,95.4595,9
2026-09-15T22:15:00Z,95.465,95.465,95.465,95.465,0.0,95.465,0
2026-09-15T22:30:00Z,95.47,95.475,95.47,95.475,15.0,95.472,3
2026-09-15T22:45:00Z,95.475,95.475,95.475,95.475,0.0,95.475,0
2026-09-15T23:00:00Z,95.475,95.475,95.475,95.475,0.0,95.475,0
2026-09-15T23:15:00Z,95.475,95.475,95.475,95.475,4.0,95.475,2
2026-09-15T23:30:00Z,95.475,95.475,95.475,95.475,0.0,95.475,0
2026-09-15T23:45:00Z,95.475,95.475,95.475,95.475,0.0,95.475,0
2026-09-16T00:00:00Z,95.48,95.48,95.48,95.48,2.0,95.48,2
2026-09-16T00:15:00Z,95.48,95.48,95.48,95.48,0.0,95.48,0
2026-09-16T00:30:00Z,95.48,95.48,95.48,95.48,6.0,95.48,2
2026-09-16T00:45:00Z,95.475,95.475,95.475,95.475,2.0,95.475,1
2026-09-16T01:00:00Z,95.475,95.475,95.475,95.475,1.0,95.475,1
2026-09-16T01:15:00Z,95.475,95.475,95.475,95.475,0.0,95.475,0
2026-09-16T01:30:00Z,95.475,95.475,95.475,95.475,0.0,95.475,0
2026-09-16T01:45:00Z,95.475,95.475,95.475,95.475,0.0,95.475,0
2026-09-16T02:00:00Z,95.475,95.48,95.475,95.48,4.0,95.4765,3
2026-09-16T02:15:00Z,95.48,95.48,95.48,95.48,0.0,95.48,0
2026-09-16T02:30:00Z,95.48,95.48,95.48,95.48,15.0,95.48,3
2026-09-16T02:45:00Z,95.48,95.48,95.48,95.48,0.0,95.48,0
2026-09-16T03:00:00Z,95.48,95.48,95.48,95.48,0.0,95.48,0
2026-09-16T03:15:00Z,95.48,95.48,95.48,95.48,0.0,95.48,0
2026-09-16T03:30:00Z,95.48,95.48,95.48,95.48,0.0,95.48,0
2026-09-16T03:45:00Z,95.48,95.48,95.48,95.48,0.0,95.48,0
2026-09-16T04:00:00Z,95.48,95.48,95.48,95.48,4.0,95.48,4
2026-09-16T04:15:00Z,95.48,95.48,95.48,95.48,2.0,95.48,1
2026-09-16T04:30:00Z,95.48,95.48,95.48,95.48,0.0,95.48,0
2026-09-16T04:45:00Z,95.475,95.475,95.475,95.475,1.0,95.475,1
2026-09-16T05:00:00Z,95.475,95.475,95.475,95.475,3.0,95.475,2
2026-09-16T05:15:00Z,95.475,95.475,95.475,95.475,1.0,95.475,1
2026-09-16T05:30:00Z,95.475,95.475,95.475,95.475,0.0,95.475,0
2026-09-16T05:45:00Z,95.475,95.475,95.475,95.475,0.0,95.475,0
2026-09-16T06:00:00Z,95.48,95.48,95.48,95.48,3.0,95.48,2
2026-09-16T06:15:00Z,95.48,95.48,95.48,95.48,0.0,95.48,0
2026-09-16T06:30:00Z,95.48,95.48,95.48,95.48,10.0,95.48,6
2026-09-16T06:45:00Z,95.48,95.48,95.48,95.48,0.0,95.48,0
2026-09-16T07:00:00Z,95.485,95.485,95.48,95.48,3.0,95.4835,3
2026-09-16T07:15:00Z,95.475,95.475,95.475,95.475,1.0,95.475,1
2026-09-16T07:30:00Z,95.475,95.475,95.475,95.475,12.0,95.475,3
2026-09-16T07:45:00Z,95.47,95.47,95.47,95.47,5.0,95.47,5
2026-09-16T08:00:00Z,95.47,95.47,95.47,95.47,3.0,95.47,2
2026-09-16T08:15:00Z,95.47,95.47,95.47,95.47,24.0,95.47,14
2026-09-16T08:30:00Z,95.47,95.47,95.47,95.47,4.0,95.47,2
2026-09-16T08:45:00Z,95.47,95.475,95.47,95.475,10.0,95.472,7
2026-09-16T09:00:00Z,95.475,95.475,95.475,95.475,2.0,95.475,2
2026-09-16T09:15:00Z,95.475,95.475,95.475,95.475,1.0,95.475,1
2026-09-16T09:30:00Z,95.48,95.48,95.48,95.48,31.0,95.48,4
2026-09-16T09:45:00Z,95.48,95.485,95.48,95.485,26.0,95.4825,14
2026-09-16T10:00:00Z,95.485,95.485,95.48,95.48,16.0,95.4805,6
2026-09-16T10:15:00Z,95.48,95.48,95.48,95.48,0.0,95.48,0
2026-09-16T10:30:00Z,95.48,95.48,95.48,95.48,2.0,95.48,2
2026-09-16T10:45:00Z,95.475,95.475,95.475,95.475,26.0,95.475,4
2026-09-16T11:00:00Z,95.485,95.485,95.485,95.485,16.0,95.485,4
2026-09-16T11:15:00Z,95.485,95.5,95.485,95.5,42.0,95.494,11
2026-09-16T11:30:00Z,95.5,95.505,95.5,95.5,76.0,95.501,16
2026-09-16T11:45:00Z,95.5,95.505,95.5,95.505,25.0,95.5045,7
2026-09-16T12:00:00Z,95.505,95.505,95.5,95.5,11.0,95.5045,4
2026-09-16T12:15:00Z,95.5,95.5,95.495,95.495,52.0,95.4985,11
2026-09-16T12:30:00Z,95.495,95.505,95.49,95.505,42.0,95.5015,16
2026-09-16T12:45:00Z,95.505,95.505,95.5,95.5,28.0,95.5015,12
2026-09-16T13:00:00Z,95.495,95.5,95.49,95.5,7.0,95.4945,4
2026-09-16T13:15:00Z,95.495,95.495,95.49,95.495,12.0,95.4935,7
2026-09-16T13:30:00Z,95.5,95.505,95.5,95.505,124.0,95.5035,21
2026-09-16T13:45:00Z,95.5,95.5,95.5,95.5,11.0,95.5,3
2026-09-16T14:00:00Z,95.5,95.5,95.495,95.495,66.0,95.4975,14
2026-09-16T14:15:00Z,95.5,95.5,95.5,95.5,152.0,95.5,32
2026-09-16T14:30:00Z,95.5,95.51,95.5,95.51,44.0,95.5075,13
2026-09-16T14:45:00Z,95.51,95.515,95.51,95.515,1088.0,95.51,174
2026-09-16T15:00:00Z,95.515,95.52,95.515,95.515,1220.0,95.516,177
2026-09-16T15:15:00Z,95.515,95.515,95.505,95.505,19.0,95.513,8
2026-09-16T15:30:00Z,95.51,95.51,95.51,95.51,2019.0,95.51,409
2026-09-16T15:45:00Z,95.515,95.52,95.51,95.515,112.0,95.5145,35
2026-09-16T16:00:00Z,95.515,95.515,95.515,95.515,167.0,95.515,38
2026-09-16T16:15:00Z,95.515,95.52,95.515,95.52,17.0,95.5195,9
2026-09-16T16:30:00Z,95.52,95.52,95.52,95.52,388.0,95.52,35
2026-09-16T16:45:00Z,95.525,95.525,95.525,95.525,20.0,95.525,6
2026-09-16T17:00:00Z,95.525,95.525,95.525,95.525,6.0,95.525,3
2026-09-16T17:15:00Z,95.525,95.53,95.525,95.53,73.0,95.528,22
2026-09-16T17:30:00Z,95.53,95.53,95.525,95.53,721.0,95.53,71
2026-09-16T17:45:00Z,95.53,95.535,95.53,95.53,297.0,95.5315,73
2026-09-16T18:00:00Z,95.515,95.525,95.46,95.465,185.0,95.482,62
2026-09-16T18:15:00Z,95.465,95.465,95.45,95.45,183.0,95.4575,90
2026-09-16T18:30:00Z,95.45,95.45,95.375,95.4,5491.0,95.391,1238
2026-09-16T18:45:00Z,95.4,95.405,95.36,95.36,144.0,95.39,56
2026-09-16T19:00:00Z,95.36,95.38,95.355,95.36,97.0,95.371,49
2026-09-16T19:15:00Z,95.365,95.365,95.355,95.355,30.0,95.3615,20
2026-09-16T19:30:00Z,95.36,95.37,95.36,95.365,68.0,95.365,27
2026-09-16T19:45:00Z,95.36,95.365,95.355,95.355,86.0,95.361,21
2026-09-16T20:00:00Z,95.36,95.36,95.345,95.35,181.0,95.3535,46
2026-09-16T20:15:00Z,95.345,95.355,95.345,95.355,56.0,95.351,18
2026-09-16T20:30:00Z,95.355,95.355,95.355,95.355,0.0,95.355,0
2026-09-16T20:45:00Z,95.355,95.355,95.35,95.355,37.0,95.353,10
2026-09-16T22:00:00Z,95.34,95.34,95.33,95.335,21.0,95.335,8
2026-09-16T22:15:00Z,95.335,95.335,95.335,95.335,0.0,95.335,0
2026-09-16T22:30:00Z,95.335,95.335,95.335,95.335,2.0,95.335,2
2026-09-16T22:45:00Z,95.335,95.335,95.335,95.335,0.0,95.335,0
2026-09-16T23:00:00Z,95.335,95.335,95.335,95.335,0.0,95.335,0
2026-09-16T23:15:00Z,95.335,95.335,95.335,95.335,0.0,95.335,0
2026-09-16T23:30:00Z,95.335,95.335,95.335,95.335,0.0,95.335,0
2026-09-16T23:45:00Z,95.335,95.335,95.335,95.335,0.0,95.335,0
2026-09-17T00:00:00Z,95.36,95.365,95.36,95.365,7.0,95.3605,4
2026-09-17T00:15:00Z,95.365,95.365,95.365,95.365,10.0,95.365,8
2026-09-17T00:30:00Z,95.365,95.365,95.365,95.365,0.0,95.365,0
2026-09-17T00:45:00Z,95.36,95.36,95.36,95.36,18.0,95.36,3
2026-09-17T01:00:00Z,95.36,95.36,95.36,95.36,1.0,95.36,1
2026-09-17T01:15:00Z,95.36,95.36,95.36,95.36,7.0,95.36,1
2026-09-17T01:30:00Z,95.36,95.36,95.36,95.36,1.0,95.36,1
2026-09-17T01:45:00Z,95.36,95.36,95.36,95.36,0.0,95.36,0
2026-09-17T02:00:00Z,95.36,95.36,95.36,95.36,0.0,95.36,0
2026-09-17T02:15:00Z,95.36,95.36,95.36,95.36,0.0,95.36,0
2026-09-17T02:30:00Z,95.36,95.36,95.36,95.36,0.0,95.36,0
2026-09-17T02:45:00Z,95.36,95.36,95.36,95.36,0.0,95.36,0
2026-09-17T03:00:00Z,95.35,95.35,95.35,95.35,2.0,95.35,2
2026-09-17T03:15:00Z,95.35,95.35,95.35,95.35,0.0,95.35,0
2026-09-17T03:30:00Z,95.35,95.35,95.35,95.35,0.0,95.35,0
2026-09-17T03:45:00Z,95.365,95.365,95.365,95.365,19.0,95.365,1
2026-09-17T04:00:00Z,95.365,95.365,95.365,95.365,0.0,95.365,0
2026-09-17T04:15:00Z,95.365,95.365,95.365,95.365,0.0,95.365,0
2026-09-17T04:30:00Z,95.365,95.365,95.365,95.365,0.0,95.365,0
2026-09-17T04:45:00Z,95.365,95.365,95.365,95.365,0.0,95.365,0
2026-09-17T05:00:00Z,95.365,95.365,95.365,95.365,0.0,95.365,0
2026-09-17T05:15:00Z,95.365,95.365,95.365,95.365,0.0,95.365,0
2026-09-17T05:30:00Z,95.365,95.365,95.365,95.365,0.0,95.365,0
2026-09-17T05:45:00Z,95.365,95.365,95.365,95.365,0.0,95.365,0
2026-09-17T06:00:00Z,95.375,95.375,95.375,95.375,2.0,95.375,1
2026-09-17T06:15:00Z,95.375,95.375,95.375,95.375,1.0,95.375,1
2026-09-17T06:30:00Z,95.375,95.375,95.375,95.375,0.0,95.375,0
2026-09-17T06:45:00Z,95.39,95.39,95.39,95.39,12.0,95.39,2
2026-09-17T07:00:00Z,95.395,95.395,95.395,95.395,13.0,95.395,1
2026-09-17T07:15:00Z,95.395,95.395,95.395,95.395,11.0,95.395,2
2026-09-17T07:30:00Z,95.39,95.39,95.39,95.39,14.0,95.39,1
2026-09-17T07:45:00Z,95.38,95.38,95.38,95.38,50.0,95.38,6
2026-09-17T08:00:00Z,95.38,95.38,95.375,95.375,9.0,95.378,4
2026-09-17T08:15:00Z,95.375,95.375,95.375,95.375,0.0,95.375,0
2026-09-17T08:30:00Z,95.375,95.375,95.375,95.375,79.0,95.375,3
2026-09-17T08:45:00Z,95.375,95.375,95.375,95.375,0.0,95.375,0
2026-09-17T09:00:00Z,95.375,95.375,95.375,95.375,52.0,95.375,8
2026-09-17T09:15:00Z,95.375,95.375,95.37,95.37,39.0,95.3725,6
2026-09-17T09:30:00Z,95.37,95.37,95.37,95.37,1.0,95.37,1
2026-09-17T09:45:00Z,95.365,95.365,95.365,95.365,1.0,95.365,1
2026-09-17T10:00:00Z,95.36,95.37,95.36,95.37,6.0,95.364,4
2026-09-17T10:15:00Z,95.365,95.365,95.36,95.36,22.0,95.3625,4
2026-09-17T10:30:00Z,95.365,95.365,95.365,95.365,4.0,95.365,1
2026-09-17T10:45:00Z,95.365,95.365,95.36,95.36,33.0,95.361,13
2026-09-17T11:00:00Z,95.37,95.375,95.37,95.375,59.0,95.3725,19
2026-09-17T11:15:00Z,95.375,95.375,95.37,95.37,8.0,95.3725,3
2026-09-17T11:30:00Z,95.36,95.36,95.36,95.36,94.0,95.36,6
2026-09-17T11:45:00Z,95.365,95.375,95.365,95.375,8.0,95.37,4
2026-09-17T12:00:00Z,95.375,95.4,95.375,95.4,78.0,95.391,23
2026-09-17T12:15:00Z,95.4,95.41,95.4,95.41,153.0,95.404,34
2026-09-17T12:30:00Z,95.405,95.405,95.4,95.4,18.0,95.4035,8
2026-09-17T12:45:00Z,95.4,95.41,95.4,95.41,16.0,95.4075,7
2026-09-17T13:00:00Z,95.41,95.415,95.41,95.41,67.0,95.4115,16
2026-09-17T13:15:00Z,95.415,95.415,95.415,95.415,15.0,95.415,4
2026-09-17T13:30:00Z,95.415,95.415,95.41,95.41,14.0,95.4145,6
2026-09-17T13:45:00Z,95.405,95.415,95.405,95.41,27.0,95.4085,10
2026-09-17T14:00:00Z,95.41,95.41,95.41,95.41,23.0,95.41,5
2026-09-17T14:15:00Z,95.41,95.41,95.405,95.405,21.0,95.407,6
2026-09-17T14:30:00Z,95.405,95.405,95.4,95.405,31.0,95.4035,12
2026-09-17T14:45:00Z,95.405,95.405,95.395,95.395,41.0,95.403,14
2026-09-17T15:00:00Z,95.395,95.4,95.395,95.4,48.0,95.397,13
2026-09-17T15:15:00Z,95.405,95.405,95.405,95.405,107.0,95.405,72
2026-09-17T15:30:00Z,95.41,95.41,95.41,95.41,33.0,95.41,10
2026-09-17T15:45:00Z,95.405,95.41,95.405,95.41,9.0,95.406,4
2026-09-17T16:00:00Z,95.41,95.41,95.41,95.41,5.0,95.41,3
2026-09-17T16:15:00Z,95.41,95.41,95.41,95.41,12.0,95.41,6
2026-09-17T16:30:00Z,95.405,95.405,95.405,95.405,1.0,95.405,1
2026-09-17T16:45:00Z,95.405,95.405,95.4,95.4,7.0,95.4005,5
2026-09-17T17:00:00Z,95.4,95.405,95.4,95.4,70.0,95.402,16
2026-09-17T17:15:00Z,95.4,95.4,95.4,95.4,2.0,95.4,1
2026-09-17T17:30:00Z,95.4,95.4,95.4,95.4,6.0,95.4,2
2026-09-17T17:45:00Z,95.405,95.41,95.405,95.405,165.0,95.4065,22
2026-09-17T18:00:00Z,95.405,95.41,95.405,95.41,49.0,95.4095,11
2026-09-17T18:15:00Z,95.41,95.41,95.405,95.405,15.0,95.4055,6
2026-09-17T18:30:00Z,95.405,95.405,95.405,95.405,1.0,95.405,1
2026-09-17T18:45:00Z,95.4,95.4,95.4,95.4,5.0,95.4,1
2026-09-17T19:00:00Z,95.405,95.41,95.405,95.41,118.0,95.4065,13
2026-09-17T19:15:00Z,95.415,95.415,95.415,95.415,100.0,95.415,25
2026-09-17T19:30:00Z,95.415,95.42,95.415,95.42,128.0,95.4175,34
2026-09-17T19:45:00Z,95.42,95.42,95.42,95.42,59.0,95.42,23
2026-09-17T20:00:00Z,95.42,95.42,95.42,95.42,8.0,95.42,7
2026-09-17T20:15:00Z,95.415,95.42,95.415,95.42,26.0,95.4175,21
2026-09-17T20:30:00Z,95.42,95.42,95.42,95.42,56.0,95.42,52
2026-09-17T20:45:00Z,95.42,95.42,95.42,95.42,12.0,95.42,5
2026-09-17T22:00:00Z,95.42,95.42,95.42,95.42,1.0,95.42,1
2026-09-17T22:15:00Z,95.42,95.42,95.42,95.42,0.0,95.42,0
2026-09-17T22:30:00Z,95.42,95.42,95.42,95.42,18.0,95.42,2
2026-09-17T22:45:00Z,95.42,95.42,95.42,95.42,0.0,95.42,0
2026-09-17T23:00:00Z,95.42,95.42,95.42,95.42,2.0,95.42,2
2026-09-17T23:15:00Z,95.42,95.42,95.42,95.42,4.0,95.42,3
2026-09-17T23:30:00Z,95.42,95.42,95.42,95.42,2.0,95.42,2
2026-09-17T23:45:00Z,95.42,95.42,95.42,95.42,0.0,95.42,0
2026-09-18T00:00:00Z,95.42,95.42,95.42,95.42,6.0,95.42,3
2026-09-18T00:15:00Z,95.42,95.42,95.42,95.42,0.0,95.42,0
2026-09-18T00:30:00Z,95.42,95.42,95.42,95.42,0.0,95.42,0
2026-09-18T00:45:00Z,95.415,95.415,95.415,95.415,30.0,95.415,3
2026-09-18T01:00:00Z,95.415,95.415,95.415,95.415,0.0,95.415,0
2026-09-18T01:15:00Z,95.415,95.415,95.415,95.415,0.0,95.415,0
2026-09-18T01:30:00Z,95.41,95.41,95.41,95.41,3.0,95.41,1
2026-09-18T01:45:00Z,95.41,95.41,95.41,95.41,6.0,95.41,1
2026-09-18T02:00:00Z,95.41,95.41,95.41,95.41,0.0,95.41,0
2026-09-18T02:15:00Z,95.41,95.41,95.41,95.41,0.0,95.41,0
2026-09-18T02:30:00Z,95.415,95.415,95.415,95.415,8.0,95.415,3
2026-09-18T02:45:00Z,95.415,95.415,95.415,95.415,4.0,95.415,2
2026-09-18T03:00:00Z,95.415,95.415,95.415,95.415,0.0,95.415,0
2026-09-18T03:15:00Z,95.415,95.415,95.415,95.415,0.0,95.415,0
2026-09-18T03:30:00Z,95.415,95.415,95.415,95.415,0.0,95.415,0
2026-09-18T03:45:00Z,95.41,95.41,95.41,95.41,1.0,95.41,1
2026-09-18T04:00:00Z,95.41,95.41,95.41,95.41,0.0,95.41,0
2026-09-18T04:15:00Z,95.41,95.41,95.41,95.41,2.0,95.41,2
2026-09-18T04:30:00Z,95.41,95.41,95.41,95.41,2.0,95.41,1
2026-09-18T04:45:00Z,95.41,95.41,95.41,95.41,0.0,95.41,0
2026-09-18T05:00:00Z,95.41,95.41,95.41,95.41,0.0,95.41,0
2026-09-18T05:15:00Z,95.41,95.41,95.41,95.41,0.0,95.41,0
2026-09-18T05:30:00Z,95.41,95.41,95.41,95.41,5.0,95.41,3
2026-09-18T05:45:00Z,95.41,95.41,95.41,95.41,2.0,95.41,2
2026-09-18T06:00:00Z,95.41,95.41,95.41,95.41,0.0,95.41,0
2026-09-18T06:15:00Z,95.405,95.415,95.405,95.415,18.0,95.411,5
2026-09-18T06:30:00Z,95.415,95.415,95.415,95.415,0.0,95.415,0
2026-09-18T06:45:00Z,95.42,95.42,95.42,95.42,7.0,95.42,3
2026-09-18T07:00:00Z,95.415,95.415,95.41,95.41,4.0,95.411,3
2026-09-18T07:15:00Z,95.41,95.41,95.41,95.41,3.0,95.41,2
2026-09-18T07:30:00Z,95.41,95.41,95.405,95.405,5.0,95.406,2
2026-09-18T07:45:00Z,95.405,95.405,95.4,95.4,22.0,95.4005,5
2026-09-18T08:00:00Z,95.4,95.4,95.4,95.4,0.0,95.4,0
2026-09-18T08:15:00Z,95.395,95.395,95.39,95.39,41.0,95.3915,12
2026-09-18T08:30:00Z,95.39,95.39,95.39,95.39,3.0,95.39,3
2026-09-18T08:45:00Z,95.39,95.39,95.39,95.39,3.0,95.39,2
2026-09-18T09:00:00Z,95.39,95.39,95.39,95.39,2.0,95.39,1
2026-09-18T09:15:00Z,95.39,95.395,95.39,95.395,10.0,95.3925,2
2026-09-18T09:30:00Z,95.385,95.385,95.385,95.385,16.0,95.385,4
2026-09-18T09:45:00Z,95.38,95.38,95.38,95.38,7.0,95.38,4
2026-09-18T10:00:00Z,95.38,95.38,95.38,95.38,9.0,95.38,3
2026-09-18T10:15:00Z,95.38,95.38,95.38,95.38,31.0,95.38,4
2026-09-18T10:30:00Z,95.38,95.38,95.38,95.38,0.0,95.38,0
2026-09-18T10:45:00Z,95.38,95.38,95.38,95.38,0.0,95.38,0
2026-09-18T11:00:00Z,95.39,95.39,95.38,95.385,36.0,95.3865,16
2026-09-18T11:15:00Z,95.375,95.375,95.375,95.375,16.0,95.375,3
2026-09-18T11:30:00Z,95.375,95.375,95.375,95.375,25.0,95.375,8
2026-09-18T11:45:00Z,95.37,95.38,95.37,95.38,39.0,95.3755,12
2026-09-18T12:00:00Z,95.38,95.385,95.37,95.37,80.0,95.377,21
2026-09-18T12:15:00Z,95.37,95.37,95.365,95.365,31.0,95.368,12
2026-09-18T12:30:00Z,95.365,95.37,95.365,95.37,11.0,95.3695,6
2026-09-18T12:45:00Z,95.37,95.37,95.365,95.365,64.0,95.37,13
2026-09-18T13:00:00Z,95.365,95.365,95.365,95.365,8.0,95.365,5
2026-09-18T13:15:00Z,95.36,95.36,95.36,95.36,19.0,95.36,9
2026-09-18T13:30:00Z,95.36,95.36,95.36,95.36,7.0,95.36,2
2026-09-18T13:45:00Z,95.355,95.355,95.35,95.35,18.0,95.3515,8
2026-09-18T14:00:00Z,95.35,95.355,95.35,95.355,8.0,95.354,6
2026-09-18T14:15:00Z,95.35,95.35,95.35,95.35,12.0,95.35,9
2026-09-18T14:30:00Z,95.35,95.355,95.35,95.355,244.0,95.3525,31
2026-09-18T14:45:00Z,95.36,95.36,95.355,95.355,270.0,95.3555,29
2026-09-18T15:00:00Z,95.355,95.355,95.35,95.355,405.0,95.355,26
2026-09-18T15:15:00Z,95.355,95.355,95.355,95.355,6.0,95.355,5
2026-09-18T15:30:00Z,95.355,95.355,95.355,95.355,4.0,95.355,1
2026-09-18T15:45:00Z,95.35,95.355,95.35,95.355,61.0,95.3535,8
2026-09-18T16:00:00Z,95.355,95.355,95.355,95.355,0.0,95.355,0
2026-09-18T16:15:00Z,95.355,95.355,95.355,95.355,2.0,95.355,1
2026-09-18T16:30:00Z,95.36,95.36,95.355,95.355,22.0,95.355,3
2026-09-18T16:45:00Z,95.355,95.355,95.355,95.355,0.0,95.355,0
2026-09-18T17:00:00Z,95.355,95.355,95.355,95.355,8.0,95.355,5
2026-09-18T17:15:00Z,95.355,95.355,95.355,95.355,1.0,95.355,1
2026-09-18T17:30:00Z,95.35,95.36,95.35,95.36,181.0,95.3565,16
2026-09-18T17:45:00Z,95.365,95.365,95.365,95.365,3.0,95.365,1
2026-09-18T18:00:00Z,95.365,95.365,95.365,95.365,3.0,95.365,2
2026-09-18T18:15:00Z,95.365,95.365,95.365,95.365,4.0,95.365,2
2026-09-18T18:30:00Z,95.36,95.36,95.36,95.36,142.0,95.36,11
2026-09-18T18:45:00Z,95.355,95.355,95.355,95.355,36.0,95.355,12
2026-09-18T19:00:00Z,95.355,95.355,95.355,95.355,21.0,95.355,7
2026-09-18T19:15:00Z,95.355,95.355,95.345,95.345,88.0,95.3515,10
2026-09-18T19:30:00Z,95.345,95.345,95.345,95.345,30.0,95.345,14
2026-09-18T19:45:00Z,95.34,95.34,95.335,95.335,134.0,95.34,8
2026-09-18T20:00:00Z,95.335,95.345,95.335,95.345,36.0,95.3405,11
2026-09-18T20:15:00Z,95.345,95.345,95.345,95.345,6.0,95.345,1
2026-09-18T20:30:00Z,95.345,95.345,95.345,95.345,0.0,95.345,0
2026-09-18T20:45:00Z,95.345,95.35,95.345,95.35,28.0,95.3475,7
2026-09-20T22:00:00Z,95.345,95.355,95.345,95.355,51.0,95.3505,7
2026-09-20T22:15:00Z,95.355,95.355,95.355,95.355,2.0,95.355,2
2026-09-20T22:30:00Z,95.355,95.355,95.355,95.355,0.0,95.355,0
2026-09-20T22:45:00Z,95.355,95.355,95.355,95.355,0.0,95.355,0
2026-09-20T23:00:00Z,95.355,95.355,95.355,95.355,10.0,95.355,5
2026-09-20T23:15:00Z,95.355,95.355,95.355,95.355,0.0,95.355,0
2026-09-20T23:30:00Z,95.355,95.355,95.355,95.355,0.0,95.355,0
2026-09-20T23:45:00Z,95.355,95.355,95.355,95.355,0.0,95.355,0
2026-09-21T00:00:00Z,95.355,95.355,95.355,95.355,0.0,95.355,0
2026-09-21T00:15:00Z,95.365,95.365,95.365,95.365,6.0,95.365,1
2026-09-21T00:30:00Z,95.365,95.37,95.365,95.365,27.0,95.3685,9
2026-09-21T00:45:00Z,95.365,95.365,95.365,95.365,0.0,95.365,0
2026-09-21T01:00:00Z,95.365,95.365,95.365,95.365,12.0,95.365,2
2026-09-21T01:15:00Z,95.365,95.365,95.365,95.365,0.0,95.365,0
2026-09-21T01:30:00Z,95.37,95.37,95.37,95.37,10.0,95.37,2
2026-09-21T01:45:00Z,95.37,95.37,95.37,95.37,0.0,95.37,0
2026-09-21T02:00:00Z,95.37,95.37,95.37,95.37,17.0,95.37,4
2026-09-21T02:15:00Z,95.37,95.37,95.37,95.37,0.0,95.37,0
2026-09-21T02:30:00Z,95.37,95.37,95.37,95.37,3.0,95.37,1
2026-09-21T02:45:00Z,95.37,95.37,95.37,95.37,0.0,95.37,0
2026-09-21T03:00:00Z,95.37,95.37,95.37,95.37,0.0,95.37,0
2026-09-21T03:15:00Z,95.37,95.37,95.37,95.37,0.0,95.37,0
2026-09-21T03:30:00Z,95.37,95.37,95.37,95.37,0.0,95.37,0
2026-09-21T03:45:00Z,95.37,95.37,95.37,95.37,0.0,95.37,0
2026-09-21T04:00:00Z,95.37,95.37,95.37,95.37,0.0,95.37,0
2026-09-21T04:15:00Z,95.37,95.37,95.37,95.37,0.0,95.37,0
2026-09-21T04:30:00Z,95.37,95.37,95.37,95.37,0.0,95.37,0
2026-09-21T04:45:00Z,95.37,95.37,95.37,95.37,47.0,95.37,6
2026-09-21T05:00:00Z,95.37,95.37,95.37,95.37,0.0,95.37,0
2026-09-21T05:15:00Z,95.37,95.37,95.37,95.37,0.0,95.37,0
2026-09-21T05:30:00Z,95.37,95.37,95.37,95.37,0.0,95.37,0
2026-09-21T05:45:00Z,95.365,95.365,95.365,95.365,8.0,95.365,2
2026-09-21T06:00:00Z,95.365,95.365,95.365,95.365,97.0,95.365,2
2026-09-21T06:15:00Z,95.37,95.37,95.37,95.37,9.0,95.37,6
2026-09-21T06:30:00Z,95.37,95.37,95.37,95.37,4.0,95.37,2
2026-09-21T06:45:00Z,95.375,95.375,95.375,95.375,5.0,95.375,1
2026-09-21T07:00:00Z,95.375,95.375,95.375,95.375,5.0,95.375,4
2026-09-21T07:15:00Z,95.37,95.375,95.37,95.375,50.0,95.3725,7
2026-09-21T07:30:00Z,95.375,95.375,95.375,95.375,151.0,95.375,17
2026-09-21T07:45:00Z,95.37,95.37,95.37,95.37,37.0,95.37,6
2026-09-21T08:00:00Z,95.37,95.375,95.37,95.375,55.0,95.3735,15
2026-09-21T08:15:00Z,95.375,95.375,95.375,95.375,0.0,95.375,0
2026-09-21T08:30:00Z,95.375,95.375,95.375,95.375,190.0,95.375,42
2026-09-21T08:45:00Z,95.375,95.375,95.375,95.375,18.0,95.375,6
2026-09-21T09:00:00Z,95.375,95.375,95.375,95.375,63.0,95.375,24
2026-09-21T09:15:00Z,95.375,95.375,95.375,95.375,1.0,95.375,1
2026-09-21T09:30:00Z,95.375,95.375,95.375,95.375,0.0,95.375,0
2026-09-21T09:45:00Z,95.375,95.375,95.375,95.375,75.0,95.375,36
2026-09-21T10:00:00Z,95.375,95.375,95.375,95.375,0.0,95.375,0
2026-09-21T10:15:00Z,95.38,95.38,95.38,95.38,4.0,95.38,2
2026-09-21T10:30:00Z,95.38,95.38,95.38,95.38,3.0,95.38,1
2026-09-21T10:45:00Z,95.38,95.38,95.38,95.38,0.0,95.38,0
2026-09-21T11:00:00Z,95.38,95.38,95.38,95.38,25.0,95.38,9
2026-09-21T11:15:00Z,95.38,95.38,95.38,95.38,1.0,95.38,1
2026-09-21T11:30:00Z,95.39,95.415,95.39,95.41,205.0,95.4015,34
2026-09-21T11:45:00Z,95.405,95.41,95.405,95.405,215.0,95.4075,12
2026-09-21T12:00:00Z,95.41,95.41,95.405,95.405,35.0,95.405,10
2026-09-21T12:15:00Z,95.395,95.395,95.39,95.39,61.0,95.395,35
2026-09-21T12:30:00Z,95.385,95.385,95.385,95.385,29.0,95.385,11
2026-09-21T12:45:00Z,95.385,95.385,95.375,95.375,279.0,95.3755,41
2026-09-21T13:00:00Z,95.375,95.375,95.37,95.37,11.0,95.3725,4
2026-09-21T13:15:00Z,95.38,95.38,95.38,95.38,25.0,95.38,3
2026-09-21T13:30:00Z,95.38,95.38,95.375,95.375,3.0,95.3765,2
2026-09-21T13:45:00Z,95.37,95.37,95.37,95.37,10.0,95.37,5
2026-09-21T14:00:00Z,95.37,95.37,95.37,95.37,26.0,95.37,11
2026-09-21T14:15:00Z,95.375,95.375,95.375,95.375,25.0,95.375,8
2026-09-21T14:30:00Z,95.38,95.385,95.38,95.38,9.0,95.382,7
2026-09-21T14:45:00Z,95.38,95.38,95.38,95.38,18.0,95.38,6
2026-09-21T15:00:00Z,95.375,95.375,95.375,95.375,30.0,95.375,8
2026-09-21T15:15:00Z,95.375,95.375,95.37,95.37,5.0,95.372,3
2026-09-21T15:30:00Z,95.37,95.37,95.37,95.37,19.0,95.37,14
2026-09-21T15:45:00Z,95.37,95.375,95.365,95.365,33.0,95.371,17
2026-09-21T16:00:00Z,95.36,95.37,95.36,95.37,17.0,95.3675,11
2026-09-21T16:15:00Z,95.375,95.375,95.37,95.37,46.0,95.373,14
2026-09-21T16:30:00Z,95.37,95.375,95.37,95.375,7.0,95.3735,4
2026-09-21T16:45:00Z,95.375,95.375,95.37,95.37,29.0,95.3705,12
2026-09-21T17:00:00Z,95.37,95.37,95.37,95.37,5.0,95.37,4
2026-09-21T17:15:00Z,95.365,95.365,95.365,95.365,23.0,95.365,5
2026-09-21T17:30:00Z,95.365,95.365,95.355,95.355,65.0,95.3555,17
2026-09-21T17:45:00Z,95.355,95.355,95.355,95.355,17.0,95.355,6
2026-09-21T18:00:00Z,95.355,95.355,95.355,95.355,0.0,95.355,0
2026-09-21T18:15:00Z,95.355,95.355,95.355,95.355,2.0,95.355,1
2026-09-21T18:30:00Z,95.355,95.355,95.355,95.355,2.0,95.355,2
2026-09-21T18:45:00Z,95.355,95.355,95.355,95.355,0.0,95.355,0
2026-09-21T19:00:00Z,95.35,95.35,95.35,95.35,94.0,95.35,19
2026-09-21T19:15:00Z,95.35,95.35,95.35,95.35,1.0,95.35,1
2026-09-21T19:30:00Z,95.35,95.35,95.35,95.35,0.0,95.35,0
2026-09-21T19:45:00Z,95.35,95.35,95.35,95.35,33.0,95.35,5
2026-09-21T20:00:00Z,95.35,95.35,95.35,95.35,15.0,95.35,6
2026-09-21T20:15:00Z,95.35,95.35,95.35,95.35,0.0,95.35,0
2026-09-21T20:30:00Z,95.35,95.35,95.35,95.35,22.0,95.35,5
2026-09-21T20:45:00Z,95.35,95.35,95.35,95.35,0.0,95.35,0
2026-09-21T22:00:00Z,95.355,95.355,95.355,95.355,8.0,95.355,3
2026-09-21T22:15:00Z,95.36,95.36,95.36,95.36,13.0,95.36,3
2026-09-21T22:30:00Z,95.36,95.36,95.36,95.36,2.0,95.36,1
2026-09-21T22:45:00Z,95.36,95.36,95.36,95.36,0.0,95.36,0
2026-09-21T23:00:00Z,95.36,95.36,95.36,95.36,0.0,95.36,0
2026-09-21T23:15:00Z,95.36,95.36,95.36,95.36,0.0,95.36,0
2026-09-21T23:30:00Z,95.36,95.36,95.36,95.36,0.0,95.36,0
2026-09-21T23:45:00Z,95.36,95.36,95.36,95.36,0.0,95.36,0
2026-09-22T00:00:00Z,95.36,95.36,95.36,95.36,0.0,95.36,0
2026-09-22T00:15:00Z,95.36,95.36,95.36,95.36,1.0,95.36,1
2026-09-22T00:30:00Z,95.36,95.36,95.36,95.36,0.0,95.36,0
2026-09-22T00:45:00Z,95.36,95.36,95.36,95.36,0.0,95.36,0
2026-09-22T01:00:00Z,95.36,95.36,95.36,95.36,0.0,95.36,0
2026-09-22T01:15:00Z,95.36,95.36,95.36,95.36,4.0,95.36,2
2026-09-22T01:30:00Z,95.355,95.355,95.355,95.355,3.0,95.355,1
2026-09-22T01:45:00Z,95.355,95.355,95.355,95.355,9.0,95.355,2
2026-09-22T02:00:00Z,95.355,95.355,95.355,95.355,4.0,95.355,2
2026-09-22T02:15:00Z,95.355,95.355,95.355,95.355,0.0,95.355,0
2026-09-22T02:30:00Z,95.355,95.355,95.355,95.355,0.0,95.355,0
2026-09-22T02:45:00Z,95.355,95.355,95.355,95.355,5.0,95.355,1
2026-09-22T03:00:00Z,95.355,95.355,95.355,95.355,0.0,95.355,0
2026-09-22T03:15:00Z,95.355,95.355,95.355,95.355,0.0,95.355,0
2026-09-22T03:30:00Z,95.355,95.355,95.355,95.355,0.0,95.355,0
2026-09-22T03:45:00Z,95.355,95.355,95.355,95.355,0.0,95.355,0
2026-09-22T04:00:00Z,95.35,95.35,95.35,95.35,13.0,95.35,7
2026-09-22T04:15:00Z,95.35,95.35,95.345,95.345,19.0,95.3455,6
2026-09-22T04:30:00Z,95.345,95.345,95.345,95.345,0.0,95.345,0
2026-09-22T04:45:00Z,95.35,95.35,95.35,95.35,4.0,95.35,1
2026-09-22T05:00:00Z,95.35,95.35,95.35,95.35,0.0,95.35,0
2026-09-22T05:15:00Z,95.345,95.345,95.345,95.345,20.0,95.345,3
2026-09-22T05:30:00Z,95.345,95.345,95.345,95.345,3.0,95.345,1
2026-09-22T05:45:00Z,95.345,95.345,95.345,95.345,0.0,95.345,0
2026-09-22T06:00:00Z,95.34,95.34,95.335,95.335,9.0,95.3365,3
2026-09-22T06:15:00Z,95.335,95.335,95.335,95.335,79.0,95.335,36
2026-09-22T06:30:00Z,95.335,95.335,95.335,95.335,13.0,95.335,8
2026-09-22T06:45:00Z,95.335,95.335,95.335,95.335,4.0,95.335,2
2026-09-22T07:00:00Z,95.335,95.34,95.335,95.34,10.0,95.336,5
2026-09-22T07:15:00Z,95.34,95.34,95.335,95.335,10.0,95.3385,4
2026-09-22T07:30:00Z,95.335,95.335,95.335,95.335,0.0,95.335,0
2026-09-22T07:45:00Z,95.325,95.325,95.325,95.325,6.0,95.325,4
2026-09-22T08:00:00Z,95.325,95.325,95.325,95.325,5.0,95.325,3
2026-09-22T08:15:00Z,95.32,95.32,95.315,95.32,13.0,95.319,6
2026-09-22T08:30:00Z,95.33,95.35,95.33,95.35,20.0,95.3315,9
2026-09-22T08:45:00Z,95.355,95.385,95.355,95.385,73.0,95.3635,22
2026-09-22T09:00:00Z,95.375,95.375,95.365,95.37,42.0,95.3745,10
2026-09-22T09:15:00Z,95.37,95.37,95.365,95.365,21.0,95.3695,7
2026-09-22T09:30:00Z,95.365,95.37,95.365,95.37,35.0,95.3695,4
2026-09-22T09:45:00Z,95.38,95.395,95.38,95.395,136.0,95.386,21
2026-09-22T10:00:00Z,95.395,95.395,95.39,95.39,44.0,95.395,13
2026-09-22T10:15:00Z,95.39,95.39,95.39,95.39,21.0,95.39,6
2026-09-22T10:30:00Z,95.39,95.39,95.39,95.39,19.0,95.39,7
2026-09-22T10:45:00Z,95.39,95.39,95.39,95.39,73.0,95.39,15
2026-09-22T11:00:00Z,95.385,95.385,95.375,95.375,48.0,95.3795,20
2026-09-22T11:15:00Z,95.37,95.375,95.37,95.37,31.0,95.3705,7
2026-09-22T11:30:00Z,95.375,95.375,95.375,95.375,57.0,95.375,15
2026-09-22T11:45:00Z,95.38,95.385,95.38,95.38,88.0,95.381,22
2026-09-22T12:00:00Z,95.38,95.38,95.375,95.375,214.0,95.379,48
2026-09-22T12:15:00Z,95.375,95.375,95.375,95.375,22.0,95.375,14
2026-09-22T12:30:00Z,95.375,95.38,95.37,95.37,55.0,95.3785,17
2026-09-22T12:45:00Z,95.365,95.365,95.36,95.36,56.0,95.363,13
2026-09-22T13:00:00Z,95.365,95.375,95.365,95.375,32.0,95.372,12
2026-09-22T13:15:00Z,95.375,95.375,95.37,95.37,15.0,95.371,6
2026-09-22T13:30:00Z,95.37,95.38,95.365,95.38,30.0,95.371,7
2026-09-22T13:45:00Z,95.375,95.375,95.37,95.37,10.0,95.372,3
2026-09-22T14:00:00Z,95.37,95.37,95.365,95.365,8.0,95.369,5
2026-09-22T14:15:00Z,95.37,95.37,95.37,95.37,13.0,95.37,7
2026-09-22T14:30:00Z,95.37,95.38,95.36,95.36,49.0,95.368,19
2026-09-22T14:45:00Z,95.36,95.365,95.36,95.365,187.0,95.361,22
2026-09-22T15:00:00Z,95.365,95.37,95.365,95.37,25.0,95.3655,12
2026-09-22T15:15:00Z,95.37,95.37,95.36,95.36,10.0,95.365,7
2026-09-22T15:30:00Z,95.355,95.355,95.345,95.345,14.0,95.35,6
2026-09-22T15:45:00Z,95.34,95.345,95.34,95.345,76.0,95.341,17
2026-09-22T16:00:00Z,95.345,95.345,95.345,95.345,6.0,95.345,6
2026-09-22T16:15:00Z,95.345,95.345,95.34,95.34,183.0,95.34,24
2026-09-22T16:30:00Z,95.34,95.34,95.34,95.34,85.0,95.34,3
2026-09-22T16:45:00Z,95.345,95.355,95.345,95.345,182.0,95.35,38
2026-09-22T17:00:00Z,95.345,95.345,95.345,95.345,4.0,95.345,3
2026-09-22T17:15:00Z,95.34,95.35,95.34,95.35,34.0,95.3435,13
2026-09-22T17:30:00Z,95.35,95.35,95.35,95.35,38.0,95.35,6
2026-09-22T17:45:00Z,95.35,95.365,95.35,95.365,37.0,95.3575,16
2026-09-22T18:00:00Z,95.365,95.37,95.365,95.37,33.0,95.3695,6
2026-09-22T18:15:00Z,95.365,95.365,95.355,95.355,11.0,95.3615,5
2026-09-22T18:30:00Z,95.35,95.35,95.35,95.35,15.0,95.35,2
2026-09-22T18:45:00Z,95.35,95.35,95.35,95.35,126.0,95.35,7
2026-09-22T19:00:00Z,95.355,95.355,95.355,95.355,249.0,95.355,19
2026-09-22T19:15:00Z,95.355,95.36,95.355,95.36,307.0,95.3595,34
2026-09-22T19:30:00Z,95.365,95.38,95.365,95.375,28.0,95.37,10
2026-09-22T19:45:00Z,95.37,95.37,95.365,95.365,43.0,95.365,14
2026-09-22T20:00:00Z,95.365,95.365,95.365,95.365,0.0,95.365,0
2026-09-22T20:15:00Z,95.365,95.365,95.365,95.365,0.0,95.365,0
2026-09-22T20:30:00Z,95.365,95.365,95.365,95.365,1.0,95.365,1
2026-09-22T20:45:00Z,95.355,95.355,95.355,95.355,65.0,95.355,15
2026-09-22T22:00:00Z,95.365,95.365,95.365,95.365,3.0,95.365,1
2026-09-22T22:15:00Z,95.365,95.365,95.365,95.365,0.0,95.365,0
2026-09-22T22:30:00Z,95.365,95.365,95.365,95.365,0.0,95.365,0
2026-09-22T22:45:00Z,95.365,95.365,95.365,95.365,0.0,95.365,0
2026-09-22T23:00:00Z,95.365,95.365,95.365,95.365,0.0,95.365,0
2026-09-22T23:15:00Z,95.365,95.365,95.365,95.365,0.0,95.365,0
2026-09-22T23:30:00Z,95.365,95.365,95.365,95.365,0.0,95.365,0
2026-09-22T23:45:00Z,95.365,95.365,95.365,95.365,0.0,95.365,0
2026-09-23T00:00:00Z,95.37,95.37,95.37,95.37,2.0,95.37,2
2026-09-23T00:15:00Z,95.37,95.37,95.37,95.37,0.0,95.37,0
2026-09-23T00:30:00Z,95.37,95.37,95.37,95.37,0.0,95.37,0
2026-09-23T00:45:00Z,95.365,95.365,95.365,95.365,1.0,95.365,1
2026-09-23T01:00:00Z,95.365,95.365,95.365,95.365,24.0,95.365,3
2026-09-23T01:15:00Z,95.365,95.365,95.365,95.365,28.0,95.365,7
2026-09-23T01:30:00Z,95.37,95.37,95.37,95.37,2.0,95.37,2
2026-09-23T01:45:00Z,95.37,95.37,95.37,95.37,3.0,95.37,2
2026-09-23T02:00:00Z,95.37,95.37,95.37,95.37,0.0,95.37,0
2026-09-23T02:15:00Z,95.37,95.37,95.37,95.37,0.0,95.37,0
2026-09-23T02:30:00Z,95.375,95.375,95.375,95.375,1.0,95.375,1
2026-09-23T02:45:00Z,95.375,95.375,95.375,95.375,1.0,95.375,1
2026-09-23T03:00:00Z,95.375,95.375,95.375,95.375,0.0,95.375,0
2026-09-23T03:15:00Z,95.375,95.375,95.375,95.375,7.0,95.375,3
2026-09-23T03:30:00Z,95.38,95.38,95.38,95.38,1.0,95.38,1
2026-09-23T03:45:00Z,95.385,95.385,95.385,95.385,5.0,95.385,3
2026-09-23T04:00:00Z,95.385,95.385,95.385,95.385,0.0,95.385,0
2026-09-23T04:15:00Z,95.38,95.38,95.38,95.38,1.0,95.38,1
2026-09-23T04:30:00Z,95.38,95.38,95.38,95.38,0.0,95.38,0
2026-09-23T04:45:00Z,95.38,95.38,95.38,95.38,0.0,95.38,0
2026-09-23T05:00:00Z,95.38,95.38,95.38,95.38,0.0,95.38,0
2026-09-23T05:15:00Z,95.38,95.38,95.38,95.38,0.0,95.38,0
2026-09-23T05:30:00Z,95.38,95.38,95.38,95.38,23.0,95.38,4
2026-09-23T05:45:00Z,95.375,95.375,95.375,95.375,100.0,95.375,2
2026-09-23T06:00:00Z,95.375,95.375,95.375,95.375,1.0,95.375,1
2026-09-23T06:15:00Z,95.37,95.37,95.37,95.37,2.0,95.37,2
2026-09-23T06:30:00Z,95.37,95.37,95.37,95.37,0.0,95.37,0
2026-09-23T06:45:00Z,95.375,95.375,95.37,95.37,5.0,95.374,3
2026-09-23T07:00:00Z,95.37,95.37,95.37,95.37,0.0,95.37,0
2026-09-23T07:15:00Z,95.365,95.365,95.365,95.365,41.0,95.365,6
2026-09-23T07:30:00Z,95.36,95.36,95.36,95.36,85.0,95.36,1
2026-09-23T07:45:00Z,95.36,95.36,95.36,95.36,8.0,95.36,4
2026-09-23T08:00:00Z,95.36,95.36,95.36,95.36,30.0,95.36,3
2026-09-23T08:15:00Z,95.36,95.36,95.36,95.36,6.0,95.36,4
2026-09-23T08:30:00Z,95.365,95.365,95.365,95.365,1.0,95.365,1
2026-09-23T08:45:00Z,95.365,95.365,95.365,95.365,1.0,95.365,1
2026-09-23T09:00:00Z,95.36,95.36,95.36,95.36,5.0,95.36,2
2026-09-23T09:15:00Z,95.36,95.36,95.36,95.36,0.0,95.36,0
2026-09-23T09:30:00Z,95.36,95.36,95.36,95.36,1.0,95.36,1
2026-09-23T09:45:00Z,95.36,95.36,95.36,95.36,0.0,95.36,0
2026-09-23T10:00:00Z,95.36,95.36,95.36,95.36,0.0,95.36,0
2026-09-23T10:15:00Z,95.36,95.36,95.36,95.36,2.0,95.36,1
2026-09-23T10:30:00Z,95.36,95.36,95.36,95.36,0.0,95.36,0
2026-09-23T10:45:00Z,95.36,95.36,95.36,95.36,5.0,95.36,2
2026-09-23T11:00:00Z,95.355,95.36,95.35,95.355,58.0,95.355,27
2026-09-23T11:15:00Z,95.355,95.355,95.355,95.355,8.0,95.355,4
2026-09-23T11:30:00Z,95.345,95.345,95.345,95.345,33.0,95.345,8
2026-09-23T11:45:00Z,95.35,95.35,95.35,95.35,10.0,95.35,1
2026-09-23T12:00:00Z,95.35,95.35,95.35,95.35,6.0,95.35,2
2026-09-23T12:15:00Z,95.35,95.35,95.35,95.35,83.0,95.35,14
2026-09-23T12:30:00Z,95.35,95.35,95.345,95.345,17.0,95.349,5
2026-09-23T12:45:00Z,95.34,95.34,95.34,95.34,93.0,95.34,32
2026-09-23T13:00:00Z,95.34,95.34,95.34,95.34,3.0,95.34,1
2026-09-23T13:15:00Z,95.34,95.34,95.34,95.34,94.0,95.34,21
2026-09-23T13:30:00Z,95.335,95.335,95.33,95.33,21.0,95.332,10
2026-09-23T13:45:00Z,95.325,95.325,95.28,95.28,135.0,95.3035,38
2026-09-23T14:00:00Z,95.285,95.285,95.265,95.27,59.0,95.2725,23
2026-09-23T14:15:00Z,95.27,95.27,95.255,95.26,371.0,95.2605,32
2026-09-23T14:30:00Z,95.265,95.265,95.26,95.26,42.0,95.263,13
2026-09-23T14:45:00Z,95.26,95.28,95.26,95.27,130.0,95.2725,38
2026-09-23T15:00:00Z,95.27,95.275,95.27,95.275,32.0,95.2715,9
2026-09-23T15:15:00Z,95.27,95.27,95.26,95.26,30.0,95.261,6
2026-09-23T15:30:00Z,95.255,95.255,95.255,95.255,58.0,95.255,8
2026-09-23T15:45:00Z,95.255,95.255,95.25,95.25,38.0,95.25,13
2026-09-23T16:00:00Z,95.255,95.255,95.25,95.255,43.0,95.2515,18
2026-09-23T16:15:00Z,95.245,95.25,95.245,95.245,40.0,95.2455,19
2026-09-23T16:30:00Z,95.245,95.245,95.245,95.245,41.0,95.245,10
2026-09-23T16:45:00Z,95.24,95.24,95.23,95.23,72.0,95.2355,9
2026-09-23T17:00:00Z,95.235,95.235,95.21,95.23,102.0,95.224,32
2026-09-23T17:15:00Z,95.23,95.26,95.23,95.255,211.0,95.2505,57
2026-09-23T17:30:00Z,95.26,95.265,95.245,95.26,96.0,95.2525,28
2026-09-23T17:45:00Z,95.26,95.265,95.26,95.26,41.0,95.262,14
2026-09-23T18:00:00Z,95.255,95.26,95.25,95.25,29.0,95.255,11
2026-09-23T18:15:00Z,95.255,95.255,95.245,95.245,11.0,95.2515,7
2026-09-23T18:30:00Z,95.25,95.25,95.245,95.245,28.0,95.245,12
2026-09-23T18:45:00Z,95.245,95.25,95.245,95.25,35.0,95.2495,8
2026-09-23T19:00:00Z,95.255,95.255,95.25,95.25,30.0,95.2545,10
2026-09-23T19:15:00Z,95.25,95.25,95.245,95.25,74.0,95.2495,16
2026-09-23T19:30:00Z,95.25,95.25,95.25,95.25,47.0,95.25,13
2026-09-23T19:45:00Z,95.25,95.255,95.25,95.255,18.0,95.251,12
2026-09-23T20:00:00Z,95.25,95.25,95.25,95.25,36.0,95.25,9
2026-09-23T20:15:00Z,95.245,95.245,95.24,95.245,52.0,95.245,17
2026-09-23T20:30:00Z,95.245,95.245,95.245,95.245,9.0,95.245,3
2026-09-23T20:45:00Z,95.24,95.24,95.24,95.24,3.0,95.24,3
2026-09-23T22:45:00Z,95.25,95.25,95.25,95.25,2.0,95.25,1
2026-09-23T23:00:00Z,95.25,95.25,95.25,95.25,1.0,95.25,1
2026-09-23T23:15:00Z,95.245,95.245,95.245,95.245,5.0,95.245,4
2026-09-23T23:30:00Z,95.24,95.24,95.24,95.24,1.0,95.24,1
2026-09-23T23:45:00Z,95.245,95.245,95.245,95.245,3.0,95.245,2
2026-09-24T00:00:00Z,95.245,95.245,95.245,95.245,0.0,95.245,0
2026-09-24T00:15:00Z,95.245,95.245,95.24,95.24,11.0,95.2425,6
2026-09-24T00:30:00Z,95.24,95.24,95.24,95.24,0.0,95.24,0
2026-09-24T00:45:00Z,95.235,95.24,95.235,95.24,29.0,95.2395,4
2026-09-24T01:00:00Z,95.24,95.24,95.24,95.24,3.0,95.24,1
2026-09-24T01:15:00Z,95.25,95.25,95.25,95.25,2.0,95.25,1
2026-09-24T01:30:00Z,95.25,95.25,95.25,95.25,0.0,95.25,0
2026-09-24T01:45:00Z,95.245,95.245,95.245,95.245,2.0,95.245,1
2026-09-24T02:00:00Z,95.245,95.245,95.245,95.245,0.0,95.245,0
2026-09-24T02:15:00Z,95.25,95.255,95.25,95.255,2.0,95.2525,2
2026-09-24T02:30:00Z,95.255,95.255,95.255,95.255,0.0,95.255,0
2026-09-24T02:45:00Z,95.26,95.26,95.26,95.26,2.0,95.26,2
2026-09-24T03:00:00Z,95.26,95.26,95.26,95.26,0.0,95.26,0
2026-09-24T03:15:00Z,95.26,95.26,95.26,95.26,0.0,95.26,0
2026-09-24T03:30:00Z,95.255,95.255,95.255,95.255,1.0,95.255,1
2026-09-24T03:45:00Z,95.255,95.255,95.255,95.255,0.0,95.255,0
2026-09-24T04:00:00Z,95.25,95.25,95.25,95.25,12.0,95.25,3
2026-09-24T04:15:00Z,95.25,95.25,95.25,95.25,0.0,95.25,0
2026-09-24T04:30:00Z,95.25,95.25,95.25,95.25,0.0,95.25,0
2026-09-24T04:45:00Z,95.255,95.255,95.255,95.255,1.0,95.255,1
2026-09-24T05:00:00Z,95.255,95.255,95.255,95.255,0.0,95.255,0
2026-09-24T05:15:00Z,95.255,95.255,95.255,95.255,0.0,95.255,0
2026-09-24T05:30:00Z,95.255,95.255,95.255,95.255,0.0,95.255,0
2026-09-24T05:45:00Z,95.245,95.245,95.245,95.245,8.0,95.245,4
2026-09-24T06:00:00Z,95.245,95.255,95.245,95.255,14.0,95.2495,3
2026-09-24T06:15:00Z,95.255,95.255,95.255,95.255,1.0,95.255,1
2026-09-24T06:30:00Z,95.255,95.255,95.255,95.255,1.0,95.255,1
2026-09-24T06:45:00Z,95.255,95.255,95.255,95.255,0.0,95.255,0
2026-09-24T07:00:00Z,95.255,95.255,95.255,95.255,0.0,95.255,0
2026-09-24T07:15:00Z,95.255,95.255,95.255,95.255,0.0,95.255,0
2026-09-24T07:30:00Z,95.27,95.27,95.27,95.27,25.0,95.27,4
2026-09-24T07:45:00Z,95.265,95.265,95.255,95.255,13.0,95.2565,2
2026-09-24T08:00:00Z,95.255,95.255,95.25,95.25,18.0,95.251,7
2026-09-24T08:15:00Z,95.25,95.25,95.235,95.24,48.0,95.2395,13
2026-09-24T08:30:00Z,95.245,95.245,95.24,95.245,4.0,95.2425,3
2026-09-24T08:45:00Z,95.245,95.245,95.245,95.245,2.0,95.245,1
2026-09-24T09:00:00Z,95.25,95.25,95.245,95.245,22.0,95.2495,7
2026-09-24T09:15:00Z,95.245,95.245,95.245,95.245,4.0,95.245,2
2026-09-24T09:30:00Z,95.245,95.245,95.245,95.245,10.0,95.245,5
2026-09-24T09:45:00Z,95.25,95.25,95.25,95.25,1.0,95.25,1
2026-09-24T10:00:00Z,95.255,95.255,95.25,95.255,36.0,95.2535,8
2026-09-24T10:15:00Z,95.26,95.265,95.26,95.265,18.0,95.261,9
2026-09-24T10:30:00Z,95.26,95.275,95.26,95.275,54.0,95.267,16
2026-09-24T10:45:00Z,95.275,95.285,95.275,95.285,48.0,95.277,17
2026-09-24T11:00:00Z,95.285,95.285,95.285,95.285,29.0,95.285,8
2026-09-24T11:15:00Z,95.29,95.295,95.29,95.29,55.0,95.2935,17
2026-09-24T11:30:00Z,95.29,95.29,95.28,95.28,19.0,95.286,9
2026-09-24T11:45:00Z,95.28,95.28,95.275,95.28,38.0,95.2765,13
2026-09-24T12:00:00Z,95.285,95.285,95.28,95.285,46.0,95.284,24
2026-09-24T12:15:00Z,95.285,95.295,95.285,95.295,37.0,95.2875,11
2026-09-24T12:30:00Z,95.29,95.295,95.285,95.295,52.0,95.2895,18
2026-09-24T12:45:00Z,95.295,95.305,95.29,95.305,25.0,95.3035,9
2026-09-24T13:00:00Z,95.305,95.31,95.305,95.305,41.0,95.307,15
2026-09-24T13:15:00Z,95.305,95.305,95.3,95.3,53.0,95.3035,20
2026-09-24T13:30:00Z,95.305,95.305,95.3,95.3,70.0,95.305,11
2026-09-24T13:45:00Z,95.3,95.3,95.295,95.295,11.0,95.2955,3
2026-09-24T14:00:00Z,95.295,95.295,95.29,95.29,13.0,95.292,8
2026-09-24T14:15:00Z,95.29,95.29,95.29,95.29,9.0,95.29,4
2026-09-24T14:30:00Z,95.285,95.285,95.27,95.27,66.0,95.2765,15
2026-09-24T14:45:00Z,95.265,95.265,95.265,95.265,10.0,95.265,5
2026-09-24T15:00:00Z,95.255,95.26,95.245,95.245,19.0,95.2495,10
2026-09-24T15:15:00Z,95.25,95.25,95.24,95.24,47.0,95.2485,18
2026-09-24T15:30:00Z,95.235,95.235,95.23,95.235,17.0,95.2345,8
2026-09-24T15:45:00Z,95.24,95.24,95.24,95.24,36.0,95.24,13
2026-09-24T16:00:00Z,95.235,95.24,95.235,95.24,6.0,95.239,3
2026-09-24T16:15:00Z,95.25,95.285,95.245,95.26,113.0,95.2695,46
2026-09-24T16:30:00Z,95.26,95.27,95.26,95.27,16.0,95.2685,9
2026-09-24T16:45:00Z,95.265,95.265,95.25,95.25,39.0,95.2595,16
2026-09-24T17:00:00Z,95.255,95.265,95.25,95.25,37.0,95.254,26
2026-09-24T17:15:00Z,95.25,95.25,95.235,95.235,77.0,95.2425,19
2026-09-24T17:30:00Z,95.245,95.245,95.235,95.235,53.0,95.2375,18
2026-09-24T17:45:00Z,95.235,95.235,95.235,95.235,3.0,95.235,3
2026-09-24T18:00:00Z,95.235,95.245,95.23,95.245,165.0,95.24,61
2026-09-24T18:15:00Z,95.25,95.255,95.245,95.255,35.0,95.248,17
2026-09-24T18:30:00Z,95.245,95.255,95.245,95.25,63.0,95.2525,23
2026-09-24T18:45:00Z,95.25,95.25,95.25,95.25,14.0,95.25,10
2026-09-24T19:00:00Z,95.245,95.245,95.225,95.225,45.0,95.2285,13
2026-09-24T19:15:00Z,95.23,95.23,95.225,95.23,4.0,95.229,3
2026-09-24T19:30:00Z,95.23,95.235,95.23,95.235,34.0,95.2325,9
2026-09-24T19:45:00Z,95.23,95.23,95.23,95.23,13.0,95.23,6
2026-09-24T20:00:00Z,95.225,95.225,95.22,95.22,225.0,95.2245,20
2026-09-24T20:15:00Z,95.215,95.215,95.21,95.215,44.0,95.2135,19
2026-09-24T20:30:00Z,95.22,95.22,95.22,95.22,11.0,95.22,7
2026-09-24T20:45:00Z,95.22,95.225,95.22,95.225,17.0,95.222,6
2026-09-24T22:00:00Z,95.225,95.225,95.225,95.225,2.0,95.225,2
2026-09-24T22:15:00Z,95.22,95.22,95.22,95.22,1.0,95.22,1
2026-09-24T22:30:00Z,95.23,95.23,95.23,95.23,4.0,95.23,2
2026-09-24T22:45:00Z,95.23,95.23,95.23,95.23,0.0,95.23,0
2026-09-24T23:00:00Z,95.23,95.23,95.23,95.23,0.0,95.23,0
2026-09-24T23:15:00Z,95.235,95.235,95.235,95.235,7.0,95.235,2
2026-09-24T23:30:00Z,95.235,95.235,95.235,95.235,92.0,95.235,8
2026-09-24T23:45:00Z,95.235,95.235,95.235,95.235,0.0,95.235,0
2026-09-25T00:00:00Z,95.235,95.235,95.235,95.235,5.0,95.235,4
2026-09-25T00:15:00Z,95.24,95.24,95.24,95.24,5.0,95.24,4
2026-09-25T00:30:00Z,95.24,95.24,95.24,95.24,5.0,95.24,2
2026-09-25T00:45:00Z,95.24,95.24,95.24,95.24,5.0,95.24,3
2026-09-25T01:00:00Z,95.24,95.24,95.24,95.24,3.0,95.24,2
2026-09-25T01:15:00Z,95.24,95.24,95.24,95.24,0.0,95.24,0
2026-09-25T01:30:00Z,95.24,95.24,95.24,95.24,0.0,95.24,0
2026-09-25T01:45:00Z,95.24,95.24,95.24,95.24,1.0,95.24,1
2026-09-25T02:00:00Z,95.24,95.24,95.24,95.24,0.0,95.24,0
2026-09-25T02:15:00Z,95.235,95.235,95.235,95.235,8.0,95.235,2
2026-09-25T02:30:00Z,95.235,95.235,95.235,95.235,0.0,95.235,0
2026-09-25T02:45:00Z,95.235,95.235,95.235,95.235,2.0,95.235,1
2026-09-25T03:00:00Z,95.24,95.245,95.24,95.245,25.0,95.2445,4
2026-09-25T03:15:00Z,95.245,95.245,95.245,95.245,2.0,95.245,1
2026-09-25T03:30:00Z,95.245,95.245,95.245,95.245,0.0,95.245,0
2026-09-25T03:45:00Z,95.245,95.245,95.245,95.245,0.0,95.245,0
2026-09-25T04:00:00Z,95.245,95.245,95.245,95.245,0.0,95.245,0
2026-09-25T04:15:00Z,95.245,95.245,95.245,95.245,0.0,95.245,0
2026-09-25T04:30:00Z,95.245,95.245,95.245,95.245,0.0,95.245,0
2026-09-25T04:45:00Z,95.235,95.235,95.235,95.235,48.0,95.235,1
2026-09-25T05:00:00Z,95.235,95.235,95.235,95.235,0.0,95.235,0
2026-09-25T05:15:00Z,95.235,95.235,95.235,95.235,0.0,95.235,0
2026-09-25T05:30:00Z,95.245,95.245,95.245,95.245,2.0,95.245,2
2026-09-25T05:45:00Z,95.245,95.245,95.245,95.245,0.0,95.245,0
2026-09-25T06:00:00Z,95.245,95.245,95.245,95.245,0.0,95.245,0
2026-09-25T06:15:00Z,95.25,95.25,95.25,95.25,76.0,95.25,29
2026-09-25T06:30:00Z,95.25,95.25,95.25,95.25,0.0,95.25,0
2026-09-25T06:45:00Z,95.25,95.25,95.25,95.25,4.0,95.25,3
2026-09-25T07:00:00Z,95.25,95.25,95.25,95.25,5.0,95.25,1
2026-09-25T07:15:00Z,95.25,95.25,95.25,95.25,10.0,95.25,4
2026-09-25T07:30:00Z,95.25,95.25,95.25,95.25,0.0,95.25,0
2026-09-25T07:45:00Z,95.245,95.245,95.245,95.245,2.0,95.245,1
2026-09-25T08:00:00Z,95.245,95.245,95.245,95.245,4.0,95.245,1
2026-09-25T08:15:00Z,95.245,95.245,95.245,95.245,4.0,95.245,1
2026-09-25T08:30:00Z,95.245,95.245,95.245,95.245,0.0,95.245,0
2026-09-25T08:45:00Z,95.245,95.245,95.245,95.245,0.0,95.245,0
2026-09-25T09:00:00Z,95.245,95.245,95.245,95.245,0.0,95.245,0
2026-09-25T09:15:00Z,95.26,95.26,95.255,95.255,19.0,95.2575,6
2026-09-25T09:30:00Z,95.26,95.26,95.26,95.26,7.0,95.26,2
2026-09-25T09:45:00Z,95.255,95.255,95.255,95.255,9.0,95.255,2
2026-09-25T10:00:00Z,95.255,95.255,95.255,95.255,32.0,95.255,7
2026-09-25T10:15:00Z,95.255,95.255,95.255,95.255,3.0,95.255,1
2026-09-25T10:30:00Z,95.26,95.26,95.255,95.26,12.0,95.2565,3
2026-09-25T10:45:00Z,95.255,95.255,95.255,95.255,4.0,95.255,3
2026-09-25T11:00:00Z,95.27,95.27,95.27,95.27,2.0,95.27,1
2026-09-25T11:15:00Z,95.265,95.265,95.255,95.255,6.0,95.2585,3
2026-09-25T11:30:00Z,95.26,95.26,95.26,95.26,2.0,95.26,1
2026-09-25T11:45:00Z,95.26,95.26,95.26,95.26,2.0,95.26,1
2026-09-25T12:00:00Z,95.255,95.255,95.255,95.255,6.0,95.255,6
2026-09-25T12:15:00Z,95.25,95.255,95.25,95.25,20.0,95.252,10
2026-09-25T12:30:00Z,95.25,95.255,95.25,95.255,33.0,95.252,17
2026-09-25T12:45:00Z,95.255,95.255,95.255,95.255,6.0,95.255,3
2026-09-25T13:00:00Z,95.255,95.26,95.255,95.26,9.0,95.2585,4
2026-09-25T13:15:00Z,95.27,95.27,95.255,95.255,87.0,95.2695,12
2026-09-25T13:30:00Z,95.26,95.265,95.26,95.26,16.0,95.263,8
2026-09-25T13:45:00Z,95.26,95.265,95.26,95.26,63.0,95.2615,21
2026-09-25T14:00:00Z,95.255,95.255,95.25,95.255,65.0,95.255,17
2026-09-25T14:15:00Z,95.255,95.255,95.25,95.25,49.0,95.2505,17
2026-09-25T14:30:00Z,95.25,95.25,95.245,95.245,62.0,95.2495,12
2026-09-25T14:45:00Z,95.25,95.255,95.25,95.255,39.0,95.253,16
2026-09-25T15:00:00Z,95.26,95.26,95.255,95.255,15.0,95.2595,7
2026-09-25T15:15:00Z,95.255,95.26,95.25,95.26,222.0,95.2595,24
2026-09-25T15:30:00Z,95.265,95.27,95.265,95.265,66.0,95.266,19
2026-09-25T15:45:00Z,95.26,95.285,95.26,95.285,59.0,95.2695,17
2026-09-25T16:00:00Z,95.29,95.305,95.29,95.295,288.0,95.299,69
2026-09-25T16:15:00Z,95.295,95.295,95.275,95.275,61.0,95.28,20
2026-09-25T16:30:00Z,95.28,95.28,95.27,95.275,67.0,95.275,26
2026-09-25T16:45:00Z,95.27,95.27,95.27,95.27,31.0,95.27,13
2026-09-25T17:00:00Z,95.27,95.27,95.27,95.27,1.0,95.27,1
2026-09-25T17:15:00Z,95.27,95.27,95.27,95.27,0.0,95.27,0
2026-09-25T17:30:00Z,95.26,95.26,95.26,95.26,16.0,95.26,7
2026-09-25T17:45:00Z,95.26,95.26,95.26,95.26,5.0,95.26,4
2026-09-25T18:00:00Z,95.26,95.26,95.26,95.26,40.0,95.26,13
2026-09-25T18:15:00Z,95.26,95.265,95.26,95.26,47.0,95.2615,17
2026-09-25T18:30:00Z,95.27,95.27,95.27,95.27,3.0,95.27,2
2026-09-25T18:45:00Z,95.275,95.285,95.275,95.285,38.0,95.281,8
2026-09-25T19:00:00Z,95.285,95.295,95.285,95.295,24.0,95.2885,13
2026-09-25T19:15:00Z,95.295,95.295,95.29,95.29,121.0,95.2925,28
2026-09-25T19:30:00Z,95.285,95.295,95.285,95.295,81.0,95.2885,25
2026-09-25T19:45:00Z,95.295,95.295,95.295,95.295,25.0,95.295,11
2026-09-25T20:00:00Z,95.295,95.295,95.29,95.29,11.0,95.2915,9
2026-09-25T20:15:00Z,95.285,95.285,95.285,95.285,33.0,95.285,9
2026-09-25T20:30:00Z,95.285,95.285,95.285,95.285,4.0,95.285,4
2026-09-25T20:45:00Z,95.285,95.29,95.285,95.29,18.0,95.2865,4
2026-09-27T22:00:00Z,95.26,95.26,95.26,95.26,48.0,95.26,13
2026-09-27T22:15:00Z,95.26,95.26,95.26,95.26,21.0,95.26,8
2026-09-27T22:30:00Z,95.26,95.26,95.26,95.26,0.0,95.26,0
2026-09-27T22:45:00Z,95.26,95.26,95.26,95.26,0.0,95.26,0
2026-09-27T23:00:00Z,95.26,95.26,95.26,95.26,4.0,95.26,3
2026-09-27T23:15:00Z,95.26,95.26,95.26,95.26,0.0,95.26,0
2026-09-27T23:30:00Z,95.255,95.255,95.255,95.255,1.0,95.255,1
2026-09-27T23:45:00Z,95.255,95.255,95.255,95.255,1.0,95.255,1
2026-09-28T00:00:00Z,95.255,95.255,95.255,95.255,1.0,95.255,1
2026-09-28T00:15:00Z,95.25,95.25,95.25,95.25,7.0,95.25,4
2026-09-28T00:30:00Z,95.25,95.25,95.25,95.25,0.0,95.25,0
2026-09-28T00:45:00Z,95.25,95.25,95.25,95.25,2.0,95.25,2
2026-09-28T01:00:00Z,95.25,95.25,95.25,95.25,2.0,95.25,2
2026-09-28T01:15:00Z,95.25,95.25,95.25,95.25,1.0,95.25,1
2026-09-28T01:30:00Z,95.245,95.245,95.245,95.245,4.0,95.245,1
2026-09-28T01:45:00Z,95.25,95.25,95.25,95.25,1.0,95.25,1
2026-09-28T02:00:00Z,95.245,95.25,95.245,95.25,101.0,95.25,5
2026-09-28T02:15:00Z,95.245,95.245,95.245,95.245,10.0,95.245,5
2026-09-28T02:30:00Z,95.245,95.245,95.245,95.245,6.0,95.245,2
2026-09-28T02:45:00Z,95.245,95.245,95.245,95.245,0.0,95.245,0
2026-09-28T03:00:00Z,95.245,95.245,95.245,95.245,0.0,95.245,0
2026-09-28T03:15:00Z,95.245,95.245,95.245,95.245,12.0,95.245,8
2026-09-28T03:30:00Z,95.24,95.24,95.24,95.24,1.0,95.24,1
2026-09-28T03:45:00Z,95.24,95.24,95.24,95.24,0.0,95.24,0
2026-09-28T04:00:00Z,95.24,95.24,95.24,95.24,0.0,95.24,0
2026-09-28T04:15:00Z,95.24,95.24,95.24,95.24,0.0,95.24,0
2026-09-28T04:30:00Z,95.24,95.24,95.24,95.24,0.0,95.24,0
2026-09-28T04:45:00Z,95.245,95.245,95.245,95.245,3.0,95.245,1
2026-09-28T05:00:00Z,95.245,95.245,95.245,95.245,0.0,95.245,0
2026-09-28T05:15:00Z,95.24,95.24,95.24,95.24,4.0,95.24,3
2026-09-28T05:30:00Z,95.235,95.235,95.235,95.235,1.0,95.235,1
2026-09-28T05:45:00Z,95.235,95.235,95.235,95.235,0.0,95.235,0
2026-09-28T06:00:00Z,95.24,95.24,95.24,95.24,2.0,95.24,2
2026-09-28T06:15:00Z,95.24,95.24,95.235,95.235,5.0,95.239,4
2026-09-28T06:30:00Z,95.235,95.235,95.235,95.235,0.0,95.235,0
2026-09-28T06:45:00Z,95.24,95.24,95.24,95.24,1.0,95.24,1
2026-09-28T07:00:00Z,95.24,95.24,95.24,95.24,2.0,95.24,1
2026-09-28T07:15:00Z,95.235,95.235,95.23,95.235,83.0,95.234,18
2026-09-28T07:30:00Z,95.235,95.235,95.235,95.235,18.0,95.235,5
2026-09-28T07:45:00Z,95.23,95.24,95.23,95.24,13.0,95.2335,6
2026-09-28T08:00:00Z,95.235,95.235,95.235,95.235,6.0,95.235,5
2026-09-28T08:15:00Z,95.24,95.245,95.24,95.245,6.0,95.2415,6
2026-09-28T08:30:00Z,95.245,95.245,95.235,95.235,6.0,95.2385,4
2026-09-28T08:45:00Z,95.23,95.235,95.23,95.23,205.0,95.2305,44
2026-09-28T09:00:00Z,95.23,95.23,95.23,95.23,8.0,95.23,3
2026-09-28T09:15:00Z,95.23,95.23,95.23,95.23,18.0,95.23,5
2026-09-28T09:30:00Z,95.23,95.23,95.23,95.23,1.0,95.23,1
2026-09-28T09:45:00Z,95.235,95.235,95.235,95.235,3.0,95.235,2
2026-09-28T10:00:00Z,95.23,95.235,95.23,95.23,21.0,95.2325,8
2026-09-28T10:15:00Z,95.23,95.235,95.23,95.235,29.0,95.2315,8
2026-09-28T10:30:00Z,95.235,95.235,95.235,95.235,0.0,95.235,0
2026-09-28T10:45:00Z,95.235,95.235,95.235,95.235,19.0,95.235,8
2026-09-28T11:00:00Z,95.24,95.24,95.23,95.23,20.0,95.237,8
2026-09-28T11:15:00Z,95.235,95.24,95.235,95.24,35.0,95.238,12
2026-09-28T11:30:00Z,95.24,95.24,95.24,95.24,33.0,95.24,14
2026-09-28T11:45:00Z,95.24,95.24,95.24,95.24,7.0,95.24,4
2026-09-28T12:00:00Z,95.235,95.245,95.235,95.24,29.0,95.2415,13
2026-09-28T12:15:00Z,95.24,95.24,95.24,95.24,19.0,95.24,8
2026-09-28T12:30:00Z,95.24,95.245,95.235,95.235,11.0,95.239,5
2026-09-28T12:45:00Z,95.23,95.245,95.23,95.245,19.0,95.237,9
2026-09-28T13:00:00Z,95.245,95.245,95.23,95.235,15.0,95.2345,8
2026-09-28T13:15:00Z,95.235,95.235,95.23,95.23,21.0,95.231,10
2026-09-28T13:30:00Z,95.235,95.235,95.235,95.235,16.0,95.235,8
2026-09-28T13:45:00Z,95.235,95.24,95.235,95.24,3.0,95.2365,3
2026-09-28T14:00:00Z,95.23,95.23,95.23,95.23,7.0,95.23,4
2026-09-28T14:15:00Z,95.225,95.225,95.225,95.225,2.0,95.225,1
2026-09-28T14:30:00Z,95.23,95.23,95.21,95.21,34.0,95.218,17
2026-09-28T14:45:00Z,95.205,95.205,95.19,95.19,72.0,95.196,28
2026-09-28T15:00:00Z,95.195,95.2,95.195,95.2,108.0,95.1985,28
2026-09-28T15:15:00Z,95.2,95.205,95.2,95.205,83.0,95.205,28
2026-09-28T15:30:00Z,95.205,95.205,95.195,95.195,34.0,95.198,15
2026-09-28T15:45:00Z,95.195,95.205,95.195,95.205,38.0,95.203,6
2026-09-28T16:00:00Z,95.205,95.205,95.205,95.205,44.0,95.205,8
2026-09-28T16:15:00Z,95.205,95.25,95.205,95.24,287.0,95.2345,62
2026-09-28T16:30:00Z,95.235,95.235,95.215,95.215,112.0,95.222,27
2026-09-28T16:45:00Z,95.22,95.22,95.215,95.22,57.0,95.216,14
2026-09-28T17:00:00Z,95.215,95.235,95.215,95.235,131.0,95.2275,51
2026-09-28T17:15:00Z,95.235,95.24,95.23,95.235,44.0,95.238,13
2026-09-28T17:30:00Z,95.23,95.23,95.23,95.23,2.0,95.23,1
2026-09-28T17:45:00Z,95.23,95.23,95.225,95.23,3.0,95.2285,3
2026-09-28T18:00:00Z,95.23,95.235,95.23,95.23,17.0,95.231,7
2026-09-28T18:15:00Z,95.225,95.225,95.225,95.225,10.0,95.225,5
2026-09-28T18:30:00Z,95.22,95.22,95.22,95.22,8.0,95.22,3
2026-09-28T18:45:00Z,95.22,95.22,95.22,95.22,15.0,95.22,5
2026-09-28T19:00:00Z,95.215,95.215,95.205,95.205,50.0,95.2085,9
2026-09-28T19:15:00Z,95.21,95.21,95.21,95.21,13.0,95.21,4
2026-09-28T19:30:00Z,95.215,95.215,95.21,95.21,40.0,95.2145,10
2026-09-28T19:45:00Z,95.215,95.215,95.215,95.215,32.0,95.215,5
2026-09-28T20:00:00Z,95.21,95.21,95.205,95.205,4.0,95.2085,3
2026-09-28T20:15:00Z,95.21,95.21,95.21,95.21,1.0,95.21,1
2026-09-28T20:30:00Z,95.21,95.21,95.21,95.21,47.0,95.21,11
2026-09-28T20:45:00Z,95.21,95.21,95.21,95.21,15.0,95.21,8
2026-09-28T22:30:00Z,95.215,95.215,95.215,95.215,1.0,95.215,1
2026-09-28T22:45:00Z,95.215,95.215,95.215,95.215,0.0,95.215,0
2026-09-28T23:00:00Z,95.215,95.215,95.215,95.215,2.0,95.215,1
2026-09-28T23:15:00Z,95.215,95.215,95.215,95.215,0.0,95.215,0
2026-09-28T23:30:00Z,95.215,95.215,95.215,95.215,0.0,95.215,0
2026-09-28T23:45:00Z,95.215,95.215,95.215,95.215,0.0,95.215,0
2026-09-29T00:00:00Z,95.215,95.215,95.215,95.215,0.0,95.215,0
2026-09-29T00:15:00Z,95.215,95.215,95.21,95.21,4.0,95.2115,3
2026-09-29T00:30:00Z,95.215,95.215,95.215,95.215,2.0,95.215,1
2026-09-29T00:45:00Z,95.215,95.215,95.215,95.215,0.0,95.215,0
2026-09-29T01:00:00Z,95.215,95.215,95.215,95.215,0.0,95.215,0
2026-09-29T01:15:00Z,95.22,95.22,95.22,95.22,1.0,95.22,1
2026-09-29T01:30:00Z,95.215,95.215,95.215,95.215,6.0,95.215,2
2026-09-29T01:45:00Z,95.21,95.21,95.21,95.21,15.0,95.21,2
2026-09-29T02:00:00Z,95.21,95.21,95.21,95.21,39.0,95.21,4
2026-09-29T02:15:00Z,95.21,95.21,95.21,95.21,0.0,95.21,0
2026-09-29T02:30:00Z,95.21,95.21,95.21,95.21,0.0,95.21,0
2026-09-29T02:45:00Z,95.21,95.21,95.21,95.21,25.0,95.21,5
2026-09-29T03:00:00Z,95.205,95.205,95.205,95.205,5.0,95.205,3
2026-09-29T03:15:00Z,95.205,95.205,95.205,95.205,4.0,95.205,1
2026-09-29T03:30:00Z,95.205,95.205,95.2,95.2,14.0,95.2025,3
2026-09-29T03:45:00Z,95.2,95.2,95.195,95.195,30.0,95.2,9
2026-09-29T04:00:00Z,95.195,95.195,95.195,95.195,9.0,95.195,3
2026-09-29T04:15:00Z,95.195,95.195,95.195,95.195,0.0,95.195,0
2026-09-29T04:30:00Z,95.19,95.19,95.19,95.19,55.0,95.19,23
2026-09-29T04:45:00Z,95.19,95.19,95.19,95.19,5.0,95.19,4
2026-09-29T05:00:00Z,95.19,95.19,95.19,95.19,2.0,95.19,2
2026-09-29T05:15:00Z,95.19,95.19,95.19,95.19,0.0,95.19,0
2026-09-29T05:30:00Z,95.19,95.19,95.19,95.19,0.0,95.19,0
2026-09-29T05:45:00Z,95.19,95.19,95.19,95.19,0.0,95.19,0
2026-09-29T06:00:00Z,95.19,95.19,95.19,95.19,0.0,95.19,0
2026-09-29T06:15:00Z,95.205,95.205,95.205,95.205,4.0,95.205,1
2026-09-29T06:30:00Z,95.205,95.205,95.205,95.205,0.0,95.205,0
2026-09-29T06:45:00Z,95.2,95.2,95.2,95.2,1.0,95.2,1
2026-09-29T07:00:00Z,95.2,95.205,95.2,95.205,4.0,95.2035,3
2026-09-29T07:15:00Z,95.21,95.21,95.21,95.21,6.0,95.21,2
2026-09-29T07:30:00Z,95.215,95.215,95.215,95.215,3.0,95.215,1
2026-09-29T07:45:00Z,95.21,95.21,95.21,95.21,5.0,95.21,2
2026-09-29T08:00:00Z,95.21,95.21,95.21,95.21,0.0,95.21,0
2026-09-29T08:15:00Z,95.21,95.21,95.205,95.205,11.0,95.2075,2
2026-09-29T08:30:00Z,95.205,95.205,95.205,95.205,0.0,95.205,0
2026-09-29T08:45:00Z,95.19,95.19,95.19,95.19,15.0,95.19,4
2026-09-29T09:00:00Z,95.19,95.19,95.19,95.19,0.0,95.19,0
2026-09-29T09:15:00Z,95.19,95.195,95.19,95.195,9.0,95.1935,3
2026-09-29T09:30:00Z,95.195,95.2,95.195,95.2,32.0,95.198,10
2026-09-29T09:45:00Z,95.205,95.205,95.2,95.2,26.0,95.2035,10
2026-09-29T10:00:00Z,95.2,95.205,95.2,95.205,17.0,95.203,8
2026-09-29T10:15:00Z,95.205,95.21,95.205,95.21,13.0,95.2075,4
2026-09-29T10:30:00Z,95.215,95.215,95.21,95.21,35.0,95.213,11
2026-09-29T10:45:00Z,95.215,95.215,95.215,95.215,2.0,95.215,1
2026-09-29T11:00:00Z,95.23,95.23,95.23,95.23,9.0,95.23,4
2026-09-29T11:15:00Z,95.23,95.235,95.23,95.235,6.0,95.234,3
2026-09-29T11:30:00Z,95.235,95.235,95.23,95.23,47.0,95.231,8
2026-09-29T11:45:00Z,95.23,95.235,95.23,95.23,15.0,95.233,7
2026-09-29T12:00:00Z,95.23,95.235,95.23,95.23,17.0,95.232,9
2026-09-29T12:15:00Z,95.23,95.23,95.225,95.225,37.0,95.2255,13
2026-09-29T12:30:00Z,95.23,95.23,95.225,95.225,11.0,95.2275,7
2026-09-29T12:45:00Z,95.225,95.225,95.22,95.22,11.0,95.223,5
2026-09-29T13:00:00Z,95.22,95.22,95.22,95.22,275.0,95.22,20
2026-09-29T13:15:00Z,95.215,95.215,95.21,95.21,11.0,95.211,6
2026-09-29T13:30:00Z,95.205,95.205,95.195,95.195,50.0,95.1995,15
2026-09-29T13:45:00Z,95.195,95.21,95.195,95.21,159.0,95.2,21
2026-09-29T14:00:00Z,95.21,95.22,95.21,95.215,49.0,95.2145,18
2026-09-29T14:15:00Z,95.215,95.22,95.215,95.22,33.0,95.2165,17
2026-09-29T14:30:00Z,95.22,95.22,95.215,95.215,29.0,95.218,9
2026-09-29T14:45:00Z,95.215,95.215,95.21,95.215,22.0,95.2135,11
2026-09-29T15:00:00Z,95.215,95.215,95.21,95.21,28.0,95.2145,9
2026-09-29T15:15:00Z,95.21,95.21,95.195,95.2,30.0,95.202,18
2026-09-29T15:30:00Z,95.205,95.205,95.205,95.205,7.0,95.205,3
2026-09-29T15:45:00Z,95.205,95.21,95.2,95.2,135.0,95.207,23
2026-09-29T16:00:00Z,95.205,95.205,95.205,95.205,7.0,95.205,4
2026-09-29T16:15:00Z,95.205,95.21,95.205,95.21,21.0,95.2065,8
2026-09-29T16:30:00Z,95.21,95.21,95.2,95.2,14.0,95.2075,10
2026-09-29T16:45:00Z,95.2,95.205,95.2,95.205,7.0,95.202,5
2026-09-29T17:00:00Z,95.205,95.205,95.205,95.205,16.0,95.205,8
2026-09-29T17:15:00Z,95.205,95.205,95.2,95.205,34.0,95.203,9
2026-09-29T17:30:00Z,95.205,95.205,95.2,95.205,39.0,95.204,10
2026-09-29T17:45:00Z,95.205,95.205,95.2,95.2,26.0,95.2025,6
2026-09-29T18:00:00Z,95.205,95.26,95.205,95.24,238.0,95.2285,58
2026-09-29T18:15:00Z,95.245,95.255,95.245,95.25,99.0,95.2495,16
2026-09-29T18:30:00Z,95.255,95.26,95.25,95.25,168.0,95.252,54
2026-09-29T18:45:00Z,95.25,95.25,95.245,95.25,51.0,95.2465,17
2026-09-29T19:00:00Z,95.25,95.25,95.25,95.25,5.0,95.25,2
2026-09-29T19:15:00Z,95.25,95.255,95.25,95.25,50.0,95.254,22
2026-09-29T19:30:00Z,95.25,95.25,95.25,95.25,6.0,95.25,1
2026-09-29T19:45:00Z,95.25,95.26,95.25,95.255,52.0,95.253,16
2026-09-29T20:00:00Z,95.25,95.255,95.25,95.255,81.0,95.255,12
2026-09-29T20:15:00Z,95.255,95.265,95.255,95.265,83.0,95.2625,17
2026-09-29T20:30:00Z,95.26,95.265,95.26,95.265,5.0,95.264,3
2026-09-29T20:45:00Z,95.265,95.265,95.265,95.265,9.0,95.265,4
2026-09-29T22:30:00Z,95.26,95.26,95.26,95.26,3.0,95.26,1
2026-09-29T22:45:00Z,95.255,95.255,95.255,95.255,8.0,95.255,3
2026-09-29T23:00:00Z,95.255,95.255,95.255,95.255,0.0,95.255,0
2026-09-29T23:15:00Z,95.255,95.255,95.255,95.255,0.0,95.255,0
2026-09-29T23:30:00Z,95.25,95.25,95.25,95.25,3.0,95.25,2
2026-09-29T23:45:00Z,95.25,95.25,95.25,95.25,0.0,95.25,0
2026-09-30T00:00:00Z,95.25,95.25,95.25,95.25,0.0,95.25,0
2026-09-30T00:15:00Z,95.25,95.25,95.25,95.25,1.0,95.25,1
2026-09-30T00:30:00Z,95.25,95.25,95.25,95.25,0.0,95.25,0
2026-09-30T00:45:00Z,95.245,95.245,95.245,95.245,5.0,95.245,4
2026-09-30T01:00:00Z,95.245,95.245,95.245,95.245,0.0,95.245,0
2026-09-30T01:15:00Z,95.245,95.245,95.245,95.245,1.0,95.245,1
2026-09-30T01:30:00Z,95.25,95.255,95.25,95.255,22.0,95.2545,4
2026-09-30T01:45:00Z,95.255,95.255,95.255,95.255,1.0,95.255,1
2026-09-30T02:00:00Z,95.255,95.255,95.255,95.255,17.0,95.255,3
2026-09-30T02:15:00Z,95.255,95.255,95.255,95.255,1.0,95.255,1
2026-09-30T02:30:00Z,95.255,95.255,95.255,95.255,0.0,95.255,0
2026-09-30T02:45:00Z,95.255,95.255,95.255,95.255,0.0,95.255,0
2026-09-30T03:00:00Z,95.255,95.255,95.255,95.255,1.0,95.255,1
2026-09-30T03:15:00Z,95.255,95.255,95.255,95.255,0.0,95.255,0
2026-09-30T03:30:00Z,95.25,95.25,95.25,95.25,1.0,95.25,1
2026-09-30T03:45:00Z,95.25,95.25,95.25,95.25,0.0,95.25,0
2026-09-30T04:00:00Z,95.25,95.25,95.25,95.25,0.0,95.25,0
2026-09-30T04:15:00Z,95.25,95.25,95.25,95.25,0.0,95.25,0
2026-09-30T04:30:00Z,95.25,95.25,95.25,95.25,32.0,95.25,3
2026-09-30T04:45:00Z,95.25,95.25,95.25,95.25,0.0,95.25,0
2026-09-30T05:00:00Z,95.25,95.25,95.25,95.25,0.0,95.25,0
2026-09-30T05:15:00Z,95.25,95.25,95.25,95.25,0.0,95.25,0
2026-09-30T05:30:00Z,95.25,95.255,95.25,95.255,9.0,95.2505,3
2026-09-30T05:45:00Z,95.255,95.26,95.255,95.26,35.0,95.2575,15
2026-09-30T06:00:00Z,95.265,95.265,95.265,95.265,3.0,95.265,2
2026-09-30T06:15:00Z,95.26,95.26,95.26,95.26,2.0,95.26,1
2026-09-30T06:30:00Z,95.255,95.255,95.25,95.25,11.0,95.2535,5
2026-09-30T06:45:00Z,95.25,95.25,95.25,95.25,0.0,95.25,0
2026-09-30T07:00:00Z,95.255,95.265,95.255,95.265,14.0,95.264,4
2026-09-30T07:15:00Z,95.27,95.27,95.27,95.27,9.0,95.27,4
2026-09-30T07:30:00Z,95.265,95.265,95.265,95.265,4.0,95.265,1
2026-09-30T07:45:00Z,95.265,95.265,95.265,95.265,2.0,95.265,2
2026-09-30T08:00:00Z,95.27,95.27,95.27,95.27,20.0,95.27,6
2026-09-30T08:15:00Z,95.275,95.275,95.275,95.275,3.0,95.275,3
2026-09-30T08:30:00Z,95.27,95.275,95.27,95.275,38.0,95.2745,15
2026-09-30T08:45:00Z,95.275,95.275,95.275,95.275,24.0,95.275,6
2026-09-30T09:00:00Z,95.275,95.275,95.26,95.26,84.0,95.2725,12
2026-09-30T09:15:00Z,95.265,95.265,95.265,95.265,1.0,95.265,1
2026-09-30T09:30:00Z,95.265,95.265,95.265,95.265,2.0,95.265,1
2026-09-30T09:45:00Z,95.265,95.265,95.265,95.265,0.0,95.265,0
2026-09-30T10:00:00Z,95.265,95.265,95.265,95.265,0.0,95.265,0
2026-09-30T10:15:00Z,95.275,95.275,95.27,95.27,6.0,95.2725,4
2026-09-30T10:30:00Z,95.28,95.28,95.28,95.28,9.0,95.28,3
2026-09-30T10:45:00Z,95.275,95.275,95.27,95.27,21.0,95.271,10
2026-09-30T11:00:00Z,95.27,95.27,95.27,95.27,5.0,95.27,3
2026-09-30T11:15:00Z,95.275,95.275,95.275,95.275,9.0,95.275,3
2026-09-30T11:30:00Z,95.275,95.28,95.275,95.28,69.0,95.277,16
2026-09-30T11:45:00Z,95.28,95.28,95.27,95.275,19.0,95.274,9
2026-09-30T12:00:00Z,95.27,95.27,95.265,95.265,53.0,95.2675,20
2026-09-30T12:15:00Z,95.265,95.275,95.25,95.275,164.0,95.2565,42
2026-09-30T12:30:00Z,95.27,95.315,95.27,95.31,216.0,95.302,83
2026-09-30T12:45:00Z,95.305,95.31,95.295,95.305,106.0,95.305,36
2026-09-30T13:00:00Z,95.305,95.315,95.305,95.305,79.0,95.3095,24
2026-09-30T13:15:00Z,95.31,95.31,95.3,95.305,23.0,95.3025,11
2026-09-30T13:30:00Z,95.3,95.3,95.3,95.3,2.0,95.3,2
2026-09-30T13:45:00Z,95.3,95.31,95.3,95.305,101.0,95.305,8
2026-09-30T14:00:00Z,95.305,95.305,95.295,95.295,13.0,95.2975,12
2026-09-30T14:15:00Z,95.295,95.295,95.29,95.29,23.0,95.292,8
2026-09-30T14:30:00Z,95.285,95.3,95.285,95.3,138.0,95.294,30
2026-09-30T14:45:00Z,95.3,95.3,95.29,95.29,29.0,95.294,17
2026-09-30T15:00:00Z,95.29,95.29,95.28,95.28,60.0,95.281,15
2026-09-30T15:15:00Z,95.28,95.28,95.275,95.275,18.0,95.2785,11
2026-09-30T15:30:00Z,95.275,95.275,95.265,95.265,14.0,95.2685,7
2026-09-30T15:45:00Z,95.27,95.275,95.27,95.27,14.0,95.2725,8
2026-09-30T16:00:00Z,95.275,95.275,95.27,95.27,8.0,95.271,5
2026-09-30T16:15:00Z,95.265,95.265,95.26,95.265,66.0,95.261,12
2026-09-30T16:30:00Z,95.26,95.26,95.26,95.26,13.0,95.26,1
2026-09-30T16:45:00Z,95.26,95.26,95.26,95.26,25.0,95.26,14
2026-09-30T17:00:00Z,95.26,95.26,95.25,95.255,136.0,95.253,26
2026-09-30T17:15:00Z,95.255,95.255,95.255,95.255,114.0,95.255,21
2026-09-30T17:30:00Z,95.255,95.26,95.255,95.26,103.0,95.2565,47
2026-09-30T17:45:00Z,95.26,95.26,95.26,95.26,52.0,95.26,14
2026-09-30T18:00:00Z,95.26,95.26,95.26,95.26,9.0,95.26,5
2026-09-30T18:15:00Z,95.265,95.27,95.265,95.27,89.0,95.265,13
2026-09-30T18:30:00Z,95.27,95.27,95.265,95.265,11.0,95.267,9
2026-09-30T18:45:00Z,95.27,95.27,95.27,95.27,3.0,95.27,3
2026-09-30T19:00:00Z,95.265,95.27,95.265,95.27,24.0,95.2655,10
2026-09-30T19:15:00Z,95.27,95.28,95.265,95.27,113.0,95.271,21
2026-09-30T19:30:00Z,95.275,95.275,95.27,95.27,62.0,95.272,27
2026-09-30T19:45:00Z,95.27,95.28,95.27,95.28,88.0,95.2765,31
2026-09-30T20:00:00Z,95.275,95.275,95.26,95.265,44.0,95.2655,19
2026-09-30T20:15:00Z,95.26,95.265,95.26,95.265,15.0,95.2625,7
2026-09-30T20:30:00Z,95.265,95.265,95.265,95.265,18.0,95.265,4
2026-09-30T20:45:00Z,95.265,95.265,95.265,95.265,1.0,95.265,1
2026-09-30T22:45:00Z,95.27,95.27,95.27,95.27,2.0,95.27,1
2026-09-30T23:00:00Z,95.27,95.27,95.27,95.27,0.0,95.27,0
2026-09-30T23:15:00Z,95.27,95.27,95.27,95.27,0.0,95.27,0
2026-09-30T23:30:00Z,95.27,95.27,95.27,95.27,0.0,95.27,0
2026-09-30T23:45:00Z,95.27,95.27,95.27,95.27,0.0,95.27,0
2026-10-01T00:00:00Z,95.27,95.27,95.27,95.27,6.0,95.27,4
2026-10-01T00:15:00Z,95.27,95.27,95.27,95.27,3.0,95.27,1
2026-10-01T00:30:00Z,95.265,95.265,95.265,95.265,5.0,95.265,2
2026-10-01T00:45:00Z,95.265,95.265,95.26,95.26,3.0,95.2635,3
2026-10-01T01:00:00Z,95.265,95.27,95.265,95.27,7.0,95.2695,4
2026-10-01T01:15:00Z,95.27,95.27,95.27,95.27,0.0,95.27,0
2026-10-01T01:30:00Z,95.27,95.27,95.27,95.27,0.0,95.27,0
2026-10-01T01:45:00Z,95.265,95.265,95.265,95.265,2.0,95.265,1
2026-10-01T02:00:00Z,95.265,95.265,95.265,95.265,0.0,95.265,0
2026-10-01T02:15:00Z,95.265,95.27,95.265,95.27,6.0,95.2675,3
2026-10-01T02:30:00Z,95.275,95.275,95.275,95.275,4.0,95.275,2
2026-10-01T02:45:00Z,95.275,95.275,95.275,95.275,0.0,95.275,0
2026-10-01T03:00:00Z,95.275,95.275,95.275,95.275,3.0,95.275,1
2026-10-01T03:15:00Z,95.275,95.275,95.275,95.275,2.0,95.275,1
2026-10-01T03:30:00Z,95.275,95.275,95.275,95.275,0.0,95.275,0
2026-10-01T03:45:00Z,95.28,95.28,95.28,95.28,3.0,95.28,3
2026-10-01T04:00:00Z,95.28,95.28,95.28,95.28,0.0,95.28,0
2026-10-01T04:15:00Z,95.28,95.28,95.28,95.28,0.0,95.28,0
2026-10-01T04:30:00Z,95.28,95.28,95.28,95.28,0.0,95.28,0
2026-10-01T04:45:00Z,95.28,95.28,95.28,95.28,0.0,95.28,0
2026-10-01T05:00:00Z,95.285,95.285,95.285,95.285,14.0,95.285,3
2026-10-01T05:15:00Z,95.285,95.285,95.285,95.285,0.0,95.285,0
2026-10-01T05:30:00Z,95.28,95.28,95.28,95.28,4.0,95.28,2
2026-10-01T05:45:00Z,95.28,95.28,95.28,95.28,0.0,95.28,0
2026-10-01T06:00:00Z,95.275,95.275,95.275,95.275,2.0,95.275,2
2026-10-01T06:15:00Z,95.27,95.27,95.27,95.27,1.0,95.27,1
2026-10-01T06:30:00Z,95.27,95.27,95.26,95.26,3.0,95.2665,3
2026-10-01T06:45:00Z,95.26,95.265,95.26,95.265,2.0,95.2625,2
2026-10-01T07:00:00Z,95.26,95.26,95.245,95.245,32.0,95.2565,13
2026-10-01T07:15:00Z,95.25,95.25,95.245,95.245,4.0,95.249,3
2026-10-01T07:30:00Z,95.245,95.255,95.245,95.255,32.0,95.2535,15
2026-10-01T07:45:00Z,95.255,95.255,95.255,95.255,13.0,95.255,5
2026-10-01T08:00:00Z,95.255,95.26,95.255,95.255,16.0,95.258,8
2026-10-01T08:15:00Z,95.26,95.26,95.255,95.255,120.0,95.26,13
2026-10-01T08:30:00Z,95.255,95.26,95.255,95.26,20.0,95.2565,11
2026-10-01T08:45:00Z,95.255,95.26,95.255,95.255,18.0,95.256,10
2026-10-01T09:00:00Z,95.26,95.26,95.26,95.26,12.0,95.26,5
2026-10-01T09:15:00Z,95.265,95.265,95.265,95.265,10.0,95.265,5
2026-10-01T09:30:00Z,95.265,95.265,95.265,95.265,12.0,95.265,4
2026-10-01T09:45:00Z,95.265,95.265,95.265,95.265,9.0,95.265,3
2026-10-01T10:00:00Z,95.265,95.265,95.265,95.265,5.0,95.265,5
2026-10-01T10:15:00Z,95.27,95.27,95.27,95.27,25.0,95.27,13
2026-10-01T10:30:00Z,95.28,95.28,95.28,95.28,6.0,95.28,5
2026-10-01T10:45:00Z,95.28,95.28,95.28,95.28,7.0,95.28,5
2026-10-01T11:00:00Z,95.28,95.28,95.28,95.28,37.0,95.28,5
2026-10-01T11:15:00Z,95.275,95.275,95.275,95.275,5.0,95.275,3
2026-10-01T11:30:00Z,95.275,95.305,95.275,95.3,64.0,95.29,32
2026-10-01T11:45:00Z,95.305,95.305,95.305,95.305,39.0,95.305,18
2026-10-01T12:00:00Z,95.3,95.3,95.295,95.3,28.0,95.2995,12
2026-10-01T12:15:00Z,95.3,95.3,95.295,95.295,49.0,95.295,12
2026-10-01T12:30:00Z,95.295,95.305,95.295,95.3,35.0,95.3,17
2026-10-01T12:45:00Z,95.3,95.305,95.3,95.3,80.0,95.304,39
2026-10-01T13:00:00Z,95.3,95.3,95.295,95.295,100.0,95.2985,26
2026-10-01T13:15:00Z,95.29,95.295,95.29,95.295,163.0,95.295,23
2026-10-01T13:30:00Z,95.295,95.305,95.295,95.305,162.0,95.3045,37
2026-10-01T13:45:00Z,95.31,95.325,95.31,95.315,93.0,95.317,41
2026-10-01T14:00:00Z,95.32,95.32,95.29,95.305,75.0,95.3025,30
2026-10-01T14:15:00Z,95.305,95.325,95.305,95.325,125.0,95.3195,24
2026-10-01T14:30:00Z,95.325,95.34,95.325,95.34,66.0,95.3365,37
2026-10-01T14:45:00Z,95.34,95.36,95.34,95.35,368.0,95.3495,83
2026-10-01T15:00:00Z,95.35,95.36,95.34,95.36,221.0,95.346,72
2026-10-01T15:15:00Z,95.36,95.38,95.36,95.38,283.0,95.376,74
2026-10-01T15:30:00Z,95.38,95.415,95.38,95.415,561.0,95.3945,156
2026-10-01T15:45:00Z,95.415,95.425,95.405,95.415,490.0,95.4145,130
2026-10-01T16:00:00Z,95.415,95.425,95.415,95.425,254.0,95.419,75
2026-10-01T16:15:00Z,95.425,95.43,95.41,95.41,261.0,95.4115,54
2026-10-01T16:30:00Z,95.415,95.415,95.405,95.415,132.0,95.412,44
2026-10-01T16:45:00Z,95.41,95.41,95.405,95.41,29.0,95.4095,8
2026-10-01T17:00:00Z,95.41,95.435,95.41,95.425,189.0,95.422,56
2026-10-01T17:15:00Z,95.43,95.44,95.43,95.43,221.0,95.433,39
2026-10-01T17:30:00Z,95.43,95.465,95.43,95.43,315.0,95.45,104
2026-10-01T17:45:00Z,95.43,95.43,95.4,95.4,89.0,95.4115,34
2026-10-01T18:00:00Z,95.395,95.4,95.395,95.4,143.0,95.3975,44
2026-10-01T18:15:00Z,95.4,95.405,95.4,95.405,18.0,95.4025,10
2026-10-01T18:30:00Z,95.405,95.41,95.405,95.405,3.0,95.4065,3
2026-10-01T18:45:00Z,95.41,95.415,95.41,95.415,71.0,95.414,16
2026-10-01T19:00:00Z,95.41,95.415,95.405,95.405,26.0,95.413,10
2026-10-01T19:15:00Z,95.405,95.41,95.4,95.41,36.0,95.404,14
2026-10-01T19:30:00Z,95.415,95.415,95.405,95.405,65.0,95.407,6
2026-10-01T19:45:00Z,95.405,95.415,95.405,95.41,165.0,95.4085,41
2026-10-01T20:00:00Z,95.41,95.41,95.405,95.405,36.0,95.4055,10
2026-10-01T20:15:00Z,95.405,95.405,95.4,95.4,2.0,95.4025,2
2026-10-01T20:30:00Z,95.395,95.395,95.395,95.395,2.0,95.395,1
2026-10-01T20:45:00Z,95.395,95.395,95.39,95.39,6.0,95.3915,3
2026-10-01T22:30:00Z,95.385,95.385,95.385,95.385,1.0,95.385,1
2026-10-01T22:45:00Z,95.385,95.385,95.385,95.385,0.0,95.385,0
2026-10-01T23:00:00Z,95.385,95.385,95.385,95.385,0.0,95.385,0
2026-10-01T23:15:00Z,95.385,95.385,95.385,95.385,0.0,95.385,0
2026-10-01T23:30:00Z,95.39,95.39,95.385,95.385,21.0,95.3855,3
2026-10-01T23:45:00Z,95.385,95.385,95.385,95.385,2.0,95.385,1
2026-10-02T00:00:00Z,95.395,95.395,95.395,95.395,2.0,95.395,1
2026-10-02T00:15:00Z,95.395,95.395,95.395,95.395,2.0,95.395,2
2026-10-02T00:30:00Z,95.395,95.395,95.395,95.395,6.0,95.395,2
2026-10-02T00:45:00Z,95.395,95.395,95.395,95.395,0.0,95.395,0
2026-10-02T01:00:00Z,95.395,95.395,95.395,95.395,0.0,95.395,0
2026-10-02T01:15:00Z,95.385,95.385,95.385,95.385,1.0,95.385,1
2026-10-02T01:30:00Z,95.385,95.39,95.385,95.39,23.0,95.389,5
2026-10-02T01:45:00Z,95.39,95.39,95.39,95.39,0.0,95.39,0
2026-10-02T02:00:00Z,95.39,95.39,95.39,95.39,4.0,95.39,2
2026-10-02T02:15:00Z,95.39,95.39,95.39,95.39,0.0,95.39,0
2026-10-02T02:30:00Z,95.39,95.39,95.385,95.385,9.0,95.3895,3
2026-10-02T02:45:00Z,95.385,95.385,95.385,95.385,0.0,95.385,0
2026-10-02T03:00:00Z,95.4,95.4,95.4,95.4,2.0,95.4,2
2026-10-02T03:15:00Z,95.4,95.4,95.4,95.4,6.0,95.4,2
2026-10-02T03:30:00Z,95.4,95.4,95.4,95.4,5.0,95.4,2
2026-10-02T03:45:00Z,95.4,95.4,95.4,95.4,7.0,95.4,4
2026-10-02T04:00:00Z,95.4,95.4,95.4,95.4,0.0,95.4,0
2026-10-02T04:15:00Z,95.4,95.4,95.4,95.4,0.0,95.4,0
2026-10-02T04:30:00Z,95.4,95.4,95.4,95.4,6.0,95.4,2
2026-10-02T04:45:00Z,95.4,95.4,95.4,95.4,2.0,95.4,2
2026-10-02T05:00:00Z,95.4,95.4,95.4,95.4,0.0,95.4,0
2026-10-02T05:15:00Z,95.4,95.4,95.4,95.4,0.0,95.4,0
2026-10-02T05:30:00Z,95.4,95.4,95.395,95.395,8.0,95.399,3
2026-10-02T05:45:00Z,95.39,95.39,95.39,95.39,2.0,95.39,1
2026-10-02T06:00:00Z,95.405,95.42,95.405,95.42,62.0,95.413,14
2026-10-02T06:15:00Z,95.415,95.415,95.415,95.415,7.0,95.415,6
2026-10-02T06:30:00Z,95.41,95.41,95.4,95.4,53.0,95.4005,6
2026-10-02T06:45:00Z,95.4,95.4,95.4,95.4,21.0,95.4,2
2026-10-02T07:00:00Z,95.4,95.4,95.395,95.395,12.0,95.398,6
2026-10-02T07:15:00Z,95.39,95.39,95.38,95.38,55.0,95.3805,6
2026-10-02T07:30:00Z,95.395,95.395,95.395,95.395,3.0,95.395,3
2026-10-02T07:45:00Z,95.395,95.425,95.395,95.41,18.0,95.4055,10
2026-10-02T08:00:00Z,95.415,95.415,95.405,95.41,12.0,95.411,7
2026-10-02T08:15:00Z,95.4,95.4,95.4,95.4,10.0,95.4,3
2026-10-02T08:30:00Z,95.4,95.4,95.39,95.39,13.0,95.393,3
2026-10-02T08:45:00Z,95.395,95.395,95.395,95.395,15.0,95.395,8
2026-10-02T09:00:00Z,95.395,95.42,95.395,95.415,14.0,95.4135,5
2026-10-02T09:15:00Z,95.415,95.415,95.41,95.41,81.0,95.413,10
2026-10-02T09:30:00Z,95.405,95.41,95.4,95.41,9.0,95.404,4
2026-10-02T09:45:00Z,95.405,95.415,95.405,95.415,21.0,95.41,10
2026-10-02T10:00:00Z,95.41,95.415,95.405,95.405,13.0,95.411,8
2026-10-02T10:15:00Z,95.405,95.41,95.405,95.41,4.0,95.4075,2
2026-10-02T10:30:00Z,95.4,95.4,95.4,95.4,2.0,95.4,1
2026-10-02T10:45:00Z,95.4,95.4,95.395,95.395,12.0,95.396,6
2026-10-02T11:00:00Z,95.4,95.42,95.4,95.42,160.0,95.4105,52
2026-10-02T11:15:00Z,95.42,95.42,95.415,95.42,37.0,95.4185,11
2026-10-02T11:30:00Z,95.42,95.435,95.42,95.435,112.0,95.4245,11
2026-10-02T11:45:00Z,95.435,95.44,95.435,95.44,12.0,95.4355,8
2026-10-02T12:00:00Z,95.435,95.435,95.42,95.425,14.0,95.4265,13
2026-10-02T12:15:00Z,95.42,95.43,95.415,95.425,77.0,95.421,16
2026-10-02T12:30:00Z,95.48,95.51,95.445,95.475,220.0,95.486,106
2026-10-02T12:45:00Z,95.475,95.485,95.47,95.47,88.0,95.4765,41
2026-10-02T13:00:00Z,95.465,95.48,95.45,95.45,63.0,95.4635,38
2026-10-02T13:15:00Z,95.45,95.45,95.44,95.44,51.0,95.443,27
2026-10-02T13:30:00Z,95.44,95.44,95.43,95.435,228.0,95.437,46
2026-10-02T13:45:00Z,95.43,95.435,95.42,95.425,61.0,95.429,36
2026-10-02T14:00:00Z,95.425,95.43,95.41,95.415,72.0,95.423,23
2026-10-02T14:15:00Z,95.415,95.425,95.415,95.415,44.0,95.4205,22
2026-10-02T14:30:00Z,95.41,95.41,95.4,95.405,37.0,95.4055,14
2026-10-02T14:45:00Z,95.4,95.4,95.37,95.37,175.0,95.377,37
2026-10-02T15:00:00Z,95.37,95.38,95.37,95.38,45.0,95.375,22
2026-10-02T15:15:00Z,95.38,95.385,95.38,95.38,29.0,95.3805,14
2026-10-02T15:30:00Z,95.385,95.385,95.37,95.37,75.0,95.3795,16
2026-10-02T15:45:00Z,95.365,95.365,95.355,95.355,8.0,95.36,7
2026-10-02T16:00:00Z,95.36,95.365,95.36,95.365,164.0,95.3615,27
2026-10-02T16:15:00Z,95.365,95.365,95.355,95.355,26.0,95.3625,11
2026-10-02T16:30:00Z,95.355,95.355,95.345,95.345,32.0,95.351,11
2026-10-02T16:45:00Z,95.34,95.345,95.34,95.345,42.0,95.3405,10
2026-10-02T17:00:00Z,95.345,95.345,95.345,95.345,15.0,95.345,12
2026-10-02T17:15:00Z,95.34,95.34,95.33,95.33,7.0,95.3345,4
2026-10-02T17:30:00Z,95.34,95.345,95.34,95.34,14.0,95.343,8
2026-10-02T17:45:00Z,95.345,95.355,95.34,95.355,163.0,95.3485,42
2026-10-02T18:00:00Z,95.355,95.36,95.35,95.36,46.0,95.3565,14
2026-10-02T18:15:00Z,95.36,95.36,95.355,95.36,24.0,95.36,12
2026-10-02T18:30:00Z,95.36,95.36,95.36,95.36,14.0,95.36,5
2026-10-02T18:45:00Z,95.36,95.365,95.36,95.365,16.0,95.3635,8
2026-10-02T19:00:00Z,95.365,95.365,95.36,95.36,50.0,95.36,8
2026-10-02T19:15:00Z,95.355,95.355,95.355,95.355,71.0,95.355,15
2026-10-02T19:30:00Z,95.355,95.355,95.355,95.355,45.0,95.355,7
2026-10-02T19:45:00Z,95.35,95.35,95.35,95.35,64.0,95.35,13
2026-10-02T20:00:00Z,95.35,95.35,95.35,95.35,7.0,95.35,5
2026-10-02T20:15:00Z,95.355,95.355,95.355,95.355,4.0,95.355,2
2026-10-02T20:30:00Z,95.365,95.365,95.365,95.365,8.0,95.365,4
2026-10-02T20:45:00Z,95.36,95.36,95.36,95.36,7.0,95.36,2
2026-10-04T22:00:00Z,95.355,95.36,95.355,95.355,14.0,95.358,4
2026-10-04T22:15:00Z,95.375,95.375,95.375,95.375,1.0,95.375,1
2026-10-04T22:30:00Z,95.375,95.375,95.375,95.375,0.0,95.375,0
2026-10-04T22:45:00Z,95.375,95.375,95.375,95.375,3.0,95.375,3
2026-10-04T23:00:00Z,95.375,95.375,95.375,95.375,2.0,95.375,2
2026-10-04T23:15:00Z,95.375,95.375,95.375,95.375,1.0,95.375,1
2026-10-04T23:30:00Z,95.375,95.375,95.375,95.375,12.0,95.375,3
2026-10-04T23:45:00Z,95.375,95.375,95.375,95.375,2.0,95.375,2
2026-10-05T00:00:00Z,95.38,95.38,95.375,95.375,6.0,95.3775,3
2026-10-05T00:15:00Z,95.375,95.375,95.375,95.375,1.0,95.375,1
2026-10-05T00:30:00Z,95.375,95.375,95.375,95.375,0.0,95.375,0
2026-10-05T00:45:00Z,95.38,95.38,95.38,95.38,1.0,95.38,1
2026-10-05T01:00:00Z,95.375,95.375,95.37,95.375,26.0,95.371,9
2026-10-05T01:15:00Z,95.375,95.375,95.375,95.375,6.0,95.375,4
2026-10-05T01:30:00Z,95.375,95.375,95.375,95.375,0.0,95.375,0
2026-10-05T01:45:00Z,95.38,95.38,95.38,95.38,12.0,95.38,3
2026-10-05T02:00:00Z,95.38,95.38,95.38,95.38,10.0,95.38,5
2026-10-05T02:15:00Z,95.38,95.38,95.38,95.38,40.0,95.38,5
2026-10-05T02:30:00Z,95.38,95.38,95.38,95.38,0.0,95.38,0
2026-10-05T02:45:00Z,95.38,95.38,95.38,95.38,5.0,95.38,3
2026-10-05T03:00:00Z,95.385,95.385,95.385,95.385,4.0,95.385,3
2026-10-05T03:15:00Z,95.385,95.385,95.385,95.385,1.0,95.385,1
2026-10-05T03:30:00Z,95.385,95.385,95.385,95.385,0.0,95.385,0
2026-10-05T03:45:00Z,95.38,95.38,95.38,95.38,16.0,95.38,6
2026-10-05T04:00:00Z,95.38,95.38,95.38,95.38,2.0,95.38,2
2026-10-05T04:15:00Z,95.385,95.385,95.385,95.385,25.0,95.385,4
2026-10-05T04:30:00Z,95.385,95.385,95.385,95.385,0.0,95.385,0
2026-10-05T04:45:00Z,95.38,95.38,95.38,95.38,2.0,95.38,2
2026-10-05T05:00:00Z,95.39,95.39,95.39,95.39,1.0,95.39,1
2026-10-05T05:15:00Z,95.39,95.39,95.39,95.39,4.0,95.39,2
2026-10-05T05:30:00Z,95.39,95.39,95.39,95.39,13.0,95.39,4
2026-10-05T05:45:00Z,95.395,95.395,95.395,95.395,1.0,95.395,1
2026-10-05T06:00:00Z,95.395,95.395,95.395,95.395,0.0,95.395,0
2026-10-05T06:15:00Z,95.395,95.395,95.395,95.395,0.0,95.395,0
2026-10-05T06:30:00Z,95.395,95.4,95.395,95.4,8.0,95.3975,7
2026-10-05T06:45:00Z,95.4,95.4,95.395,95.4,7.0,95.3985,4
2026-10-05T07:00:00Z,95.395,95.395,95.395,95.395,14.0,95.395,7
2026-10-05T07:15:00Z,95.395,95.4,95.395,95.4,29.0,95.399,11
2026-10-05T07:30:00Z,95.4,95.4,95.395,95.395,5.0,95.396,4
2026-10-05T07:45:00Z,95.395,95.4,95.395,95.4,6.0,95.399,6
2026-10-05T08:00:00Z,95.405,95.41,95.405,95.405,26.0,95.4085,16
2026-10-05T08:15:00Z,95.405,95.405,95.4,95.4,10.0,95.404,9
2026-10-05T08:30:00Z,95.395,95.395,95.39,95.39,20.0,95.3945,14
2026-10-05T08:45:00Z,95.385,95.39,95.385,95.39,17.0,95.388,9
2026-10-05T09:00:00Z,95.39,95.39,95.39,95.39,204.0,95.39,18
2026-10-05T09:15:00Z,95.385,95.385,95.385,95.385,30.0,95.385,9
2026-10-05T09:30:00Z,95.38,95.38,95.38,95.38,1.0,95.38,1
2026-10-05T09:45:00Z,95.38,95.38,95.38,95.38,6.0,95.38,3
2026-10-05T10:00:00Z,95.375,95.375,95.375,95.375,17.0,95.375,2
2026-10-05T10:15:00Z,95.37,95.37,95.365,95.37,15.0,95.3695,10
2026-10-05T10:30:00Z,95.37,95.37,95.365,95.365,6.0,95.369,3
2026-10-05T10:45:00Z,95.37,95.385,95.37,95.385,21.0,95.372,6
2026-10-05T11:00:00Z,95.38,95.38,95.38,95.38,3.0,95.38,3
2026-10-05T11:15:00Z,95.385,95.385,95.385,95.385,34.0,95.385,12
2026-10-05T11:30:00Z,95.385,95.385,95.375,95.375,16.0,95.383,6
2026-10-05T11:45:00Z,95.375,95.375,95.375,95.375,0.0,95.375,0
2026-10-05T12:00:00Z,95.37,95.37,95.365,95.365,40.0,95.366,23
2026-10-05T12:15:00Z,95.365,95.37,95.36,95.37,49.0,95.364,26
2026-10-05T12:30:00Z,95.365,95.365,95.355,95.355,55.0,95.3635,26
2026-10-05T12:45:00Z,95.355,95.36,95.355,95.36,23.0,95.3565,14
2026-10-05T13:00:00Z,95.355,95.355,95.35,95.35,5.0,95.353,5
2026-10-05T13:15:00Z,95.355,95.36,95.355,95.36,36.0,95.359,14
2026-10-05T13:30:00Z,95.36,95.36,95.36,95.36,31.0,95.36,14
2026-10-05T13:45:00Z,95.365,95.37,95.36,95.36,84.0,95.367,16
2026-10-05T14:00:00Z,95.37,95.375,95.365,95.365,23.0,95.371,11
2026-10-05T14:15:00Z,95.37,95.37,95.365,95.365,20.0,95.3675,9
2026-10-05T14:30:00Z,95.36,95.36,95.35,95.35,31.0,95.3545,15
2026-10-05T14:45:00Z,95.35,95.35,95.345,95.35,23.0,95.3495,12
2026-10-05T15:00:00Z,95.35,95.35,95.345,95.345,37.0,95.348,16
2026-10-05T15:15:00Z,95.34,95.34,95.335,95.335,88.0,95.336,10
2026-10-05T15:30:00Z,95.335,95.335,95.33,95.335,67.0,95.3345,15
2026-10-05T15:45:00Z,95.33,95.34,95.33,95.34,31.0,95.3395,14
2026-10-05T16:00:00Z,95.335,95.335,95.335,95.335,1.0,95.335,1
2026-10-05T16:15:00Z,95.34,95.34,95.34,95.34,7.0,95.34,3
2026-10-05T16:30:00Z,95.34,95.34,95.34,95.34,39.0,95.34,11
2026-10-05T16:45:00Z,95.34,95.34,95.335,95.335,28.0,95.3375,10
2026-10-05T17:00:00Z,95.335,95.335,95.335,95.335,65.0,95.335,29
2026-10-05T17:15:00Z,95.335,95.335,95.335,95.335,34.0,95.335,14
2026-10-05T17:30:00Z,95.335,95.34,95.335,95.34,32.0,95.338,18
2026-10-05T17:45:00Z,95.34,95.34,95.34,95.34,13.0,95.34,10
2026-10-05T18:00:00Z,95.345,95.345,95.34,95.34,5.0,95.344,5
2026-10-05T18:15:00Z,95.335,95.335,95.335,95.335,11.0,95.335,4
2026-10-05T18:30:00Z,95.34,95.34,95.34,95.34,6.0,95.34,4
2026-10-05T18:45:00Z,95.34,95.355,95.34,95.355,18.0,95.3505,6
2026-10-05T19:00:00Z,95.355,95.355,95.355,95.355,15.0,95.355,13
2026-10-05T19:15:00Z,95.36,95.36,95.355,95.355,30.0,95.3565,17
2026-10-05T19:30:00Z,95.355,95.365,95.355,95.365,14.0,95.3605,5
2026-10-05T19:45:00Z,95.365,95.365,95.365,95.365,39.0,95.365,18
2026-10-05T20:00:00Z,95.365,95.365,95.365,95.365,22.0,95.365,8
2026-10-05T20:15:00Z,95.37,95.37,95.37,95.37,116.0,95.37,20
2026-10-05T20:30:00Z,95.37,95.37,95.365,95.365,50.0,95.3675,7
2026-10-05T20:45:00Z,95.37,95.37,95.37,95.37,31.0,95.37,13
2026-10-05T22:15:00Z,95.37,95.37,95.37,95.37,1.0,95.37,1
2026-10-05T22:30:00Z,95.37,95.37,95.37,95.37,0.0,95.37,0
2026-10-05T22:45:00Z,95.37,95.37,95.37,95.37,0.0,95.37,0
2026-10-05T23:00:00Z,95.37,95.37,95.37,95.37,0.0,95.37,0
2026-10-05T23:15:00Z,95.37,95.37,95.37,95.37,0.0,95.37,0
2026-10-05T23:30:00Z,95.37,95.37,95.37,95.37,0.0,95.37,0
2026-10-05T23:45:00Z,95.365,95.365,95.365,95.365,1.0,95.365,1
2026-10-06T00:00:00Z,95.36,95.36,95.36,95.36,13.0,95.36,8
2026-10-06T00:15:00Z,95.36,95.36,95.36,95.36,6.0,95.36,1
2026-10-06T00:30:00Z,95.36,95.36,95.36,95.36,6.0,95.36,2
2026-10-06T00:45:00Z,95.36,95.36,95.36,95.36,19.0,95.36,7
2026-10-06T01:00:00Z,95.36,95.36,95.355,95.36,54.0,95.3585,10
2026-10-06T01:15:00Z,95.36,95.36,95.36,95.36,0.0,95.36,0
2026-10-06T01:30:00Z,95.36,95.36,95.36,95.36,0.0,95.36,0
2026-10-06T01:45:00Z,95.355,95.355,95.355,95.355,2.0,95.355,2
2026-10-06T02:00:00Z,95.355,95.355,95.355,95.355,0.0,95.355,0
2026-10-06T02:15:00Z,95.36,95.36,95.36,95.36,1.0,95.36,1
2026-10-06T02:30:00Z,95.36,95.36,95.36,95.36,0.0,95.36,0
2026-10-06T02:45:00Z,95.36,95.36,95.36,95.36,0.0,95.36,0
2026-10-06T03:00:00Z,95.36,95.36,95.36,95.36,0.0,95.36,0
2026-10-06T03:15:00Z,95.36,95.36,95.36,95.36,0.0,95.36,0
2026-10-06T03:30:00Z,95.36,95.36,95.36,95.36,0.0,95.36,0
2026-10-06T03:45:00Z,95.36,95.36,95.36,95.36,0.0,95.36,0
2026-10-06T04:00:00Z,95.36,95.36,95.36,95.36,5.0,95.36,2
2026-10-06T04:15:00Z,95.36,95.36,95.36,95.36,0.0,95.36,0
2026-10-06T04:30:00Z,95.355,95.355,95.355,95.355,1.0,95.355,1
2026-10-06T04:45:00Z,95.35,95.35,95.35,95.35,1.0,95.35,1
2026-10-06T05:00:00Z,95.35,95.35,95.35,95.35,0.0,95.35,0
2026-10-06T05:15:00Z,95.35,95.35,95.35,95.35,0.0,95.35,0
2026-10-06T05:30:00Z,95.35,95.35,95.35,95.35,0.0,95.35,0
2026-10-06T05:45:00Z,95.35,95.35,95.35,95.35,0.0,95.35,0
2026-10-06T06:00:00Z,95.365,95.365,95.36,95.36,4.0,95.361,4
2026-10-06T06:15:00Z,95.365,95.365,95.365,95.365,20.0,95.365,13
2026-10-06T06:30:00Z,95.365,95.365,95.365,95.365,3.0,95.365,3
2026-10-06T06:45:00Z,95.365,95.365,95.365,95.365,5.0,95.365,2
2026-10-06T07:00:00Z,95.36,95.37,95.36,95.37,14.0,95.3645,7
2026-10-06T07:15:00Z,95.37,95.37,95.37,95.37,33.0,95.37,9
2026-10-06T07:30:00Z,95.365,95.365,95.365,95.365,15.0,95.365,5
2026-10-06T07:45:00Z,95.365,95.365,95.365,95.365,21.0,95.365,7
2026-10-06T08:00:00Z,95.365,95.365,95.365,95.365,14.0,95.365,6
2026-10-06T08:15:00Z,95.365,95.365,95.365,95.365,15.0,95.365,7
2026-10-06T08:30:00Z,95.365,95.37,95.365,95.365,23.0,95.3685,11
2026-10-06T08:45:00Z,95.365,95.365,95.365,95.365,59.0,95.365,14
2026-10-06T09:00:00Z,95.365,95.37,95.365,95.37,115.0,95.3655,12
2026-10-06T09:15:00Z,95.37,95.37,95.37,95.37,14.0,95.37,5
2026-10-06T09:30:00Z,95.37,95.37,95.37,95.37,4.0,95.37,3
2026-10-06T09:45:00Z,95.37,95.37,95.37,95.37,7.0,95.37,3
2026-10-06T10:00:00Z,95.37,95.37,95.37,95.37,0.0,95.37,0
2026-10-06T10:15:00Z,95.365,95.365,95.365,95.365,4.0,95.365,3
2026-10-06T10:30:00Z,95.37,95.37,95.37,95.37,12.0,95.37,3
2026-10-06T10:45:00Z,95.375,95.375,95.375,95.375,9.0,95.375,6
2026-10-06T11:00:00Z,95.38,95.38,95.38,95.38,25.0,95.38,4
2026-10-06T11:15:00Z,95.38,95.385,95.38,95.385,37.0,95.3815,16
2026-10-06T11:30:00Z,95.39,95.4,95.39,95.4,49.0,95.3915,7
2026-10-06T11:45:00Z,95.4,95.4,95.395,95.395,10.0,95.3985,6
2026-10-06T12:00:00Z,95.4,95.4,95.39,95.39,39.0,95.3955,13
2026-10-06T12:15:00Z,95.39,95.395,95.385,95.385,48.0,95.394,11
2026-10-06T12:30:00Z,95.385,95.4,95.385,95.395,29.0,95.395,12
2026-10-06T12:45:00Z,95.395,95.4,95.395,95.395,20.0,95.3985,12
2026-10-06T13:00:00Z,95.39,95.395,95.39,95.39,112.0,95.3905,16
2026-10-06T13:15:00Z,95.38,95.38,95.38,95.38,10.0,95.38,5
2026-10-06T13:30:00Z,95.38,95.38,95.38,95.38,26.0,95.38,6
2026-10-06T13:45:00Z,95.38,95.38,95.37,95.37,66.0,95.3705,24
2026-10-06T14:00:00Z,95.37,95.375,95.37,95.375,102.0,95.3745,31
2026-10-06T14:15:00Z,95.375,95.375,95.37,95.37,14.0,95.3725,6
2026-10-06T14:30:00Z,95.37,95.38,95.37,95.38,13.0,95.3775,7
2026-10-06T14:45:00Z,95.385,95.4,95.385,95.4,40.0,95.395,14
2026-10-06T15:00:00Z,95.4,95.4,95.395,95.395,57.0,95.399,18
2026-10-06T15:15:00Z,95.4,95.4,95.4,95.4,35.0,95.4,12
2026-10-06T15:30:00Z,95.395,95.4,95.395,95.395,30.0,95.398,13
2026-10-06T15:45:00Z,95.395,95.395,95.395,95.395,4.0,95.395,3
2026-10-06T16:00:00Z,95.39,95.39,95.38,95.385,22.0,95.3845,11
2026-10-06T16:15:00Z,95.385,95.39,95.385,95.39,14.0,95.389,7
2026-10-06T16:30:00Z,95.39,95.39,95.385,95.385,21.0,95.3865,8
2026-10-06T16:45:00Z,95.385,95.385,95.385,95.385,3.0,95.385,2
2026-10-06T17:00:00Z,95.385,95.385,95.385,95.385,11.0,95.385,7
2026-10-06T17:15:00Z,95.38,95.38,95.38,95.38,20.0,95.38,8
2026-10-06T17:30:00Z,95.38,95.38,95.38,95.38,6.0,95.38,3
2026-10-06T17:45:00Z,95.385,95.385,95.385,95.385,19.0,95.385,8
2026-10-06T18:00:00Z,95.385,95.39,95.385,95.39,7.0,95.3885,3
2026-10-06T18:15:00Z,95.385,95.385,95.385,95.385,1.0,95.385,1
2026-10-06T18:30:00Z,95.385,95.385,95.385,95.385,2.0,95.385,2
2026-10-06T18:45:00Z,95.385,95.385,95.385,95.385,3.0,95.385,2
2026-10-06T19:00:00Z,95.385,95.385,95.385,95.385,0.0,95.385,0
2026-10-06T19:15:00Z,95.39,95.39,95.39,95.39,14.0,95.39,7
2026-10-06T19:30:00Z,95.385,95.385,95.385,95.385,2.0,95.385,1
2026-10-06T19:45:00Z,95.385,95.385,95.38,95.38,58.0,95.3805,9
2026-10-06T20:00:00Z,95.385,95.385,95.385,95.385,12.0,95.385,1
2026-10-06T20:15:00Z,95.385,95.385,95.385,95.385,40.0,95.385,9
2026-10-06T20:30:00Z,95.385,95.385,95.385,95.385,8.0,95.385,6
2026-10-06T20:45:00Z,95.38,95.38,95.38,95.38,2.0,95.38,1
2026-10-06T22:00:00Z,95.38,95.38,95.38,95.38,1.0,95.38,1
2026-10-06T22:15:00Z,95.38,95.38,95.38,95.38,0.0,95.38,0
2026-10-06T22:30:00Z,95.38,95.38,95.38,95.38,0.0,95.38,0
2026-10-06T22:45:00Z,95.38,95.38,95.38,95.38,0.0,95.38,0
2026-10-06T23:00:00Z,95.38,95.38,95.38,95.38,1.0,95.38,1
2026-10-06T23:15:00Z,95.38,95.38,95.38,95.38,0.0,95.38,0
2026-10-06T23:30:00Z,95.38,95.38,95.38,95.38,3.0,95.38,3
2026-10-06T23:45:00Z,95.375,95.375,95.375,95.375,3.0,95.375,2
2026-10-07T00:00:00Z,95.375,95.375,95.37,95.37,6.0,95.3735,3
2026-10-07T00:15:00Z,95.37,95.37,95.37,95.37,1.0,95.37,1
2026-10-07T00:30:00Z,95.37,95.37,95.37,95.37,0.0,95.37,0
2026-10-07T00:45:00Z,95.37,95.37,95.37,95.37,0.0,95.37,0
2026-10-07T01:00:00Z,95.37,95.37,95.37,95.37,0.0,95.37,0
2026-10-07T01:15:00Z,95.365,95.365,95.365,95.365,16.0,95.365,4
2026-10-07T01:30:00Z,95.365,95.365,95.365,95.365,0.0,95.365,0
2026-10-07T01:45:00Z,95.365,95.365,95.365,95.365,4.0,95.365,2
2026-10-07T02:00:00Z,95.365,95.365,95.365,95.365,0.0,95.365,0
2026-10-07T02:15:00Z,95.365,95.365,95.365,95.365,3.0,95.365,1
2026-10-07T02:30:00Z,95.365,95.365,95.365,95.365,7.0,95.365,4
2026-10-07T02:45:00Z,95.365,95.365,95.365,95.365,6.0,95.365,1
2026-10-07T03:00:00Z,95.365,95.365,95.365,95.365,0.0,95.365,0
2026-10-07T03:15:00Z,95.365,95.365,95.365,95.365,2.0,95.365,1
2026-10-07T03:30:00Z,95.365,95.365,95.365,95.365,0.0,95.365,0
2026-10-07T03:45:00Z,95.365,95.365,95.365,95.365,0.0,95.365,0
2026-10-07T04:00:00Z,95.365,95.365,95.365,95.365,1.0,95.365,1
2026-10-07T04:15:00Z,95.365,95.365,95.365,95.365,0.0,95.365,0
2026-10-07T04:30:00Z,95.365,95.365,95.365,95.365,0.0,95.365,0
2026-10-07T04:45:00Z,95.365,95.365,95.365,95.365,4.0,95.365,2
2026-10-07T05:00:00Z,95.365,95.365,95.365,95.365,0.0,95.365,0
2026-10-07T05:15:00Z,95.365,95.365,95.365,95.365,0.0,95.365,0
2026-10-07T05:30:00Z,95.365,95.365,95.365,95.365,0.0,95.365,0
2026-10-07T05:45:00Z,95.365,95.365,95.365,95.365,4.0,95.365,1
2026-10-07T06:00:00Z,95.365,95.365,95.365,95.365,0.0,95.365,0
2026-10-07T06:15:00Z,95.365,95.365,95.365,95.365,0.0,95.365,0
2026-10-07T06:30:00Z,95.37,95.37,95.37,95.37,4.0,95.37,1
2026-10-07T06:45:00Z,95.37,95.37,95.37,95.37,0.0,95.37,0
2026-10-07T07:00:00Z,95.37,95.37,95.365,95.365,3.0,95.3685,2
2026-10-07T07:15:00Z,95.37,95.37,95.37,95.37,2.0,95.37,1
2026-10-07T07:30:00Z,95.375,95.375,95.375,95.375,3.0,95.375,1
2026-10-07T07:45:00Z,95.375,95.375,95.375,95.375,3.0,95.375,1
2026-10-07T08:00:00Z,95.38,95.385,95.38,95.385,7.0,95.3845,5
2026-10-07T08:15:00Z,95.385,95.385,95.385,95.385,0.0,95.385,0
2026-10-07T08:30:00Z,95.38,95.38,95.38,95.38,7.0,95.38,2
2026-10-07T08:45:00Z,95.38,95.38,95.38,95.38,0.0,95.38,0
2026-10-07T09:00:00Z,95.375,95.375,95.375,95.375,4.0,95.375,2
2026-10-07T09:15:00Z,95.375,95.375,95.375,95.375,2.0,95.375,1
2026-10-07T09:30:00Z,95.375,95.375,95.375,95.375,16.0,95.375,4
2026-10-07T09:45:00Z,95.375,95.375,95.375,95.375,7.0,95.375,2
2026-10-07T10:00:00Z,95.38,95.38,95.38,95.38,16.0,95.38,7
2026-10-07T10:15:00Z,95.375,95.375,95.375,95.375,1.0,95.375,1
2026-10-07T10:30:00Z,95.375,95.375,95.375,95.375,3.0,95.375,2
2026-10-07T10:45:00Z,95.375,95.375,95.375,95.375,9.0,95.375,3
2026-10-07T11:00:00Z,95.375,95.375,95.375,95.375,7.0,95.375,4
2026-10-07T11:15:00Z,95.375,95.375,95.375,95.375,11.0,95.375,5
2026-10-07T11:30:00Z,95.375,95.375,95.375,95.375,22.0,95.375,4
2026-10-07T11:45:00Z,95.37,95.38,95.37,95.38,10.0,95.373,3
2026-10-07T12:00:00Z,95.38,95.38,95.38,95.38,11.0,95.38,7
2026-10-07T12:15:00Z,95.38,95.38,95.37,95.37,14.0,95.375,6
2026-10-07T12:30:00Z,95.37,95.37,95.37,95.37,6.0,95.37,3
2026-10-07T12:45:00Z,95.37,95.37,95.37,95.37,107.0,95.37,7
2026-10-07T13:00:00Z,95.37,95.37,95.36,95.36,18.0,95.366,10
2026-10-07T13:15:00Z,95.36,95.36,95.35,95.35,10.0,95.353,3
2026-10-07T13:30:00Z,95.35,95.365,95.35,95.365,70.0,95.3525,10
2026-10-07T13:45:00Z,95.365,95.4,95.365,95.4,55.0,95.384,32
2026-10-07T14:00:00Z,95.4,95.4,95.395,95.395,71.0,95.399,34
2026-10-07T14:15:00Z,95.4,95.405,95.4,95.405,48.0,95.404,19
2026-10-07T14:30:00Z,95.405,95.41,95.405,95.405,12.0,95.4065,6
2026-10-07T14:45:00Z,95.405,95.405,95.405,95.405,46.0,95.405,25
2026-10-07T15:00:00Z,95.405,95.405,95.395,95.405,114.0,95.4005,45
2026-10-07T15:15:00Z,95.4,95.4,95.395,95.395,11.0,95.3985,9
2026-10-07T15:30:00Z,95.405,95.405,95.4,95.4,13.0,95.4025,7
2026-10-07T15:45:00Z,95.4,95.4,95.395,95.395,12.0,95.399,5
2026-10-07T16:00:00Z,95.395,95.405,95.395,95.4,127.0,95.4005,15
2026-10-07T16:15:00Z,95.4,95.405,95.4,95.4,47.0,95.4005,18
2026-10-07T16:30:00Z,95.4,95.4,95.4,95.4,36.0,95.4,21
2026-10-07T16:45:00Z,95.4,95.405,95.4,95.405,54.0,95.4005,15
2026-10-07T17:00:00Z,95.405,95.41,95.405,95.41,58.0,95.4095,29
2026-10-07T17:15:00Z,95.41,95.41,95.41,95.41,2.0,95.41,1
2026-10-07T17:30:00Z,95.41,95.415,95.41,95.415,19.0,95.4145,4
2026-10-07T17:45:00Z,95.42,95.42,95.415,95.415,18.0,95.4165,6
2026-10-07T18:00:00Z,95.425,95.425,95.425,95.425,11.0,95.425,5
2026-10-07T18:15:00Z,95.42,95.42,95.42,95.42,10.0,95.42,5
2026-10-07T18:30:00Z,95.425,95.445,95.425,95.445,118.0,95.436,30
2026-10-07T18:45:00Z,95.445,95.445,95.44,95.44,94.0,95.4415,20
2026-10-07T19:00:00Z,95.435,95.435,95.43,95.43,59.0,95.4325,16
2026-10-07T19:15:00Z,95.435,95.435,95.43,95.43,20.0,95.431,3
2026-10-07T19:30:00Z,95.43,95.435,95.43,95.435,13.0,95.431,3
2026-10-07T19:45:00Z,95.43,95.43,95.43,95.43,83.0,95.43,6
2026-10-07T20:00:00Z,95.425,95.425,95.425,95.425,40.0,95.425,10
2026-10-07T20:15:00Z,95.42,95.42,95.42,95.42,7.0,95.42,2
2026-10-07T20:30:00Z,95.425,95.425,95.42,95.42,14.0,95.4235,7
2026-10-07T20:45:00Z,95.42,95.425,95.42,95.425,24.0,95.4205,3
2026-10-07T22:00:00Z,95.425,95.425,95.425,95.425,1.0,95.425,1
2026-10-07T22:15:00Z,95.43,95.43,95.43,95.43,2.0,95.43,1
2026-10-07T22:30:00Z,95.425,95.425,95.425,95.425,2.0,95.425,1
2026-10-07T22:45:00Z,95.425,95.425,95.425,95.425,0.0,95.425,0
2026-10-07T23:00:00Z,95.425,95.425,95.425,95.425,6.0,95.425,2
2026-10-07T23:15:00Z,95.425,95.425,95.425,95.425,0.0,95.425,0
2026-10-07T23:30:00Z,95.425,95.425,95.425,95.425,0.0,95.425,0
2026-10-07T23:45:00Z,95.425,95.425,95.425,95.425,13.0,95.425,5
2026-10-08T00:00:00Z,95.425,95.425,95.425,95.425,9.0,95.425,6
2026-10-08T00:15:00Z,95.42,95.42,95.42,95.42,2.0,95.42,2
2026-10-08T00:30:00Z,95.42,95.42,95.42,95.42,0.0,95.42,0
2026-10-08T00:45:00Z,95.42,95.42,95.415,95.415,3.0,95.4185,3
2026-10-08T01:00:00Z,95.415,95.415,95.415,95.415,20.0,95.415,13
2026-10-08T01:15:00Z,95.415,95.415,95.415,95.415,0.0,95.415,0
2026-10-08T01:30:00Z,95.42,95.42,95.42,95.42,54.0,95.42,7
2026-10-08T01:45:00Z,95.42,95.42,95.42,95.42,53.0,95.42,50
2026-10-08T02:00:00Z,95.42,95.42,95.42,95.42,13.0,95.42,5
2026-10-08T02:15:00Z,95.42,95.42,95.42,95.42,0.0,95.42,0
2026-10-08T02:30:00Z,95.42,95.42,95.42,95.42,0.0,95.42,0
2026-10-08T02:45:00Z,95.42,95.42,95.42,95.42,0.0,95.42,0
2026-10-08T03:00:00Z,95.42,95.42,95.42,95.42,0.0,95.42,0
2026-10-08T03:15:00Z,95.41,95.41,95.41,95.41,2.0,95.41,1
2026-10-08T03:30:00Z,95.415,95.415,95.415,95.415,1.0,95.415,1
2026-10-08T03:45:00Z,95.415,95.415,95.415,95.415,19.0,95.415,4
2026-10-08T04:00:00Z,95.415,95.415,95.415,95.415,0.0,95.415,0
2026-10-08T04:15:00Z,95.415,95.415,95.415,95.415,0.0,95.415,0
2026-10-08T04:30:00Z,95.415,95.415,95.415,95.415,3.0,95.415,2
2026-10-08T04:45:00Z,95.415,95.415,95.415,95.415,0.0,95.415,0
2026-10-08T05:00:00Z,95.415,95.415,95.415,95.415,0.0,95.415,0
2026-10-08T05:15:00Z,95.415,95.415,95.415,95.415,6.0,95.415,3
2026-10-08T05:30:00Z,95.415,95.415,95.415,95.415,0.0,95.415,0
2026-10-08T05:45:00Z,95.41,95.41,95.41,95.41,1.0,95.41,1
2026-10-08T06:00:00Z,95.41,95.41,95.41,95.41,0.0,95.41,0
2026-10-08T06:15:00Z,95.41,95.41,95.41,95.41,0.0,95.41,0
2026-10-08T06:30:00Z,95.41,95.41,95.41,95.41,0.0,95.41,0
2026-10-08T06:45:00Z,95.41,95.41,95.41,95.41,0.0,95.41,0
2026-10-08T07:00:00Z,95.41,95.41,95.41,95.41,1.0,95.41,1
2026-10-08T07:15:00Z,95.41,95.41,95.41,95.41,0.0,95.41,0
2026-10-08T07:30:00Z,95.4,95.4,95.4,95.4,4.0,95.4,3
2026-10-08T07:45:00Z,95.395,95.395,95.395,95.395,5.0,95.395,3
2026-10-08T08:00:00Z,95.4,95.405,95.4,95.405,12.0,95.4045,6
2026-10-08T08:15:00Z,95.405,95.405,95.405,95.405,6.0,95.405,3
2026-10-08T08:30:00Z,95.41,95.41,95.39,95.39,8.0,95.4015,5
2026-10-08T08:45:00Z,95.385,95.385,95.385,95.385,3.0,95.385,3
2026-10-08T09:00:00Z,95.39,95.39,95.39,95.39,1.0,95.39,1
2026-10-08T09:15:00Z,95.385,95.39,95.385,95.39,18.0,95.3885,3
2026-10-08T09:30:00Z,95.39,95.39,95.385,95.385,9.0,95.388,3
2026-10-08T09:45:00Z,95.385,95.385,95.385,95.385,0.0,95.385,0
2026-10-08T10:00:00Z,95.38,95.38,95.38,95.38,4.0,95.38,2
2026-10-08T10:15:00Z,95.38,95.38,95.375,95.375,35.0,95.3765,8
2026-10-08T10:30:00Z,95.38,95.38,95.38,95.38,3.0,95.38,3
2026-10-08T10:45:00Z,95.38,95.38,95.38,95.38,5.0,95.38,2
2026-10-08T11:00:00Z,95.375,95.375,95.375,95.375,19.0,95.375,6
2026-10-08T11:15:00Z,95.38,95.38,95.38,95.38,46.0,95.38,10
2026-10-08T11:30:00Z,95.38,95.385,95.38,95.385,91.0,95.3815,33
2026-10-08T11:45:00Z,95.385,95.385,95.385,95.385,15.0,95.385,5
2026-10-08T12:00:00Z,95.385,95.385,95.385,95.385,35.0,95.385,15
2026-10-08T12:15:00Z,95.38,95.39,95.38,95.39,66.0,95.3845,19
2026-10-08T12:30:00Z,95.39,95.39,95.38,95.38,36.0,95.3825,15
2026-10-08T12:45:00Z,95.38,95.38,95.375,95.38,11.0,95.379,6
2026-10-08T13:00:00Z,95.38,95.385,95.38,95.385,282.0,95.385,17
2026-10-08T13:15:00Z,95.39,95.395,95.39,95.39,35.0,95.393,19
2026-10-08T13:30:00Z,95.395,95.395,95.39,95.395,15.0,95.3935,12
2026-10-08T13:45:00Z,95.395,95.395,95.395,95.395,18.0,95.395,15
2026-10-08T14:00:00Z,95.395,95.395,95.39,95.39,22.0,95.3935,14
2026-10-08T14:15:00Z,95.39,95.395,95.39,95.395,6.0,95.3935,6
2026-10-08T14:30:00Z,95.395,95.395,95.38,95.38,9.0,95.3855,6
2026-10-08T14:45:00Z,95.38,95.38,95.38,95.38,19.0,95.38,8
2026-10-08T15:00:00Z,95.375,95.385,95.375,95.38,50.0,95.383,18
2026-10-08T15:15:00Z,95.38,95.38,95.375,95.38,14.0,95.378,7
2026-10-08T15:30:00Z,95.38,95.39,95.38,95.39,24.0,95.388,7
2026-10-08T15:45:00Z,95.39,95.39,95.39,95.39,40.0,95.39,17
2026-10-08T16:00:00Z,95.385,95.39,95.385,95.39,38.0,95.3865,18
2026-10-08T16:15:00Z,95.395,95.415,95.395,95.405,329.0,95.4075,116
2026-10-08T16:30:00Z,95.405,95.405,95.405,95.405,17.0,95.405,7
2026-10-08T16:45:00Z,95.405,95.42,95.4,95.42,83.0,95.411,28
2026-10-08T17:00:00Z,95.42,95.445,95.415,95.44,238.0,95.4285,42
2026-10-08T17:15:00Z,95.44,95.445,95.44,95.445,19.0,95.444,8
2026-10-08T17:30:00Z,95.45,95.455,95.45,95.455,154.0,95.45,22
2026-10-08T17:45:00Z,95.45,95.45,95.44,95.445,80.0,95.445,5
2026-10-08T18:00:00Z,95.445,95.445,95.43,95.43,52.0,95.4415,13
2026-10-08T18:15:00Z,95.43,95.43,95.425,95.425,52.0,95.427,12
2026-10-08T18:30:00Z,95.43,95.43,95.43,95.43,8.0,95.43,3
2026-10-08T18:45:00Z,95.43,95.435,95.43,95.435,15.0,95.4335,6
2026-10-08T19:00:00Z,95.435,95.435,95.435,95.435,20.0,95.435,12
2026-10-08T19:15:00Z,95.43,95.435,95.43,95.43,20.0,95.4305,8
2026-10-08T19:30:00Z,95.43,95.435,95.43,95.43,114.0,95.43,8
2026-10-08T19:45:00Z,95.43,95.43,95.43,95.43,0.0,95.43,0
2026-10-08T20:00:00Z,95.435,95.435,95.435,95.435,9.0,95.435,2
2026-10-08T20:15:00Z,95.435,95.435,95.435,95.435,20.0,95.435,7
2026-10-08T20:30:00Z,95.425,95.425,95.425,95.425,2.0,95.425,1
2026-10-08T20:45:00Z,95.425,95.425,95.425,95.425,1.0,95.425,1
