time,open,high,low,close,volume,average,barCount
2026-04-12T22:00:00Z,96.335,96.335,96.31,96.325,5941.0,96.3245,282
2026-04-12T22:15:00Z,96.32,96.32,96.315,96.315,1293.0,96.3165,57
2026-04-12T22:30:00Z,96.31,96.315,96.3,96.31,7507.0,96.3065,104
2026-04-12T22:45:00Z,96.31,96.31,96.31,96.31,1528.0,96.31,16
2026-04-12T23:00:00Z,96.31,96.31,96.31,96.31,550.0,96.31,18
2026-04-12T23:15:00Z,96.31,96.31,96.31,96.31,386.0,96.31,8
2026-04-12T23:30:00Z,96.305,96.31,96.3,96.31,1858.0,96.305,34
2026-04-12T23:45:00Z,96.31,96.315,96.31,96.315,99.0,96.311,15
2026-04-13T00:00:00Z,96.31,96.315,96.31,96.315,415.0,96.3145,61
2026-04-13T00:15:00Z,96.315,96.315,96.315,96.315,1942.0,96.315,99
2026-04-13T00:30:00Z,96.315,96.32,96.315,96.32,1231.0,96.3185,30
2026-04-13T00:45:00Z,96.32,96.325,96.32,96.325,1875.0,96.322,17
2026-04-13T01:00:00Z,96.325,96.325,96.325,96.325,2384.0,96.325,58
2026-04-13T01:15:00Z,96.325,96.325,96.325,96.325,1300.0,96.325,3
2026-04-13T01:30:00Z,96.325,96.33,96.325,96.325,2052.0,96.326,45
2026-04-13T01:45:00Z,96.325,96.33,96.325,96.33,202.0,96.325,7
2026-04-13T02:00:00Z,96.325,96.325,96.325,96.325,272.0,96.325,3
2026-04-13T02:15:00Z,96.325,96.325,96.325,96.325,1541.0,96.325,13
2026-04-13T02:30:00Z,96.325,96.33,96.325,96.33,483.0,96.329,8
2026-04-13T02:45:00Z,96.33,96.33,96.325,96.325,23.0,96.325,23
2026-04-13T03:00:00Z,96.325,96.325,96.325,96.325,75.0,96.325,15
2026-04-13T03:15:00Z,96.33,96.33,96.33,96.33,1934.0,96.33,77
2026-04-13T03:30:00Z,96.33,96.33,96.325,96.33,897.0,96.33,42
2026-04-13T03:45:00Z,96.33,96.33,96.33,96.33,0.0,96.33,0
2026-04-13T04:00:00Z,96.33,96.33,96.33,96.33,61.0,96.33,12
2026-04-13T04:15:00Z,96.33,96.335,96.33,96.335,130.0,96.33,2
2026-04-13T04:30:00Z,96.33,96.33,96.325,96.33,1464.0,96.33,40
2026-04-13T04:45:00Z,96.33,96.33,96.33,96.33,11.0,96.33,1
2026-04-13T05:00:00Z,96.33,96.335,96.33,96.335,1086.0,96.3305,24
2026-04-13T05:15:00Z,96.335,96.335,96.33,96.33,536.0,96.3305,26
2026-04-13T05:30:00Z,96.33,96.33,96.33,96.33,626.0,96.33,39
2026-04-13T05:45:00Z,96.33,96.33,96.33,96.33,121.0,96.33,4
2026-04-13T06:00:00Z,96.33,96.33,96.33,96.33,677.0,96.33,28
2026-04-13T06:15:00Z,96.33,96.335,96.33,96.335,1929.0,96.335,75
2026-04-13T06:30:00Z,96.335,96.335,96.335,96.335,407.0,96.335,31
2026-04-13T06:45:00Z,96.335,96.335,96.33,96.335,628.0,96.3345,37
2026-04-13T07:00:00Z,96.335,96.34,96.335,96.34,1072.0,96.335,55
2026-04-13T07:15:00Z,96.335,96.345,96.335,96.345,1854.0,96.34,31
2026-04-13T07:30:00Z,96.34,96.345,96.34,96.34,94.0,96.3435,7
2026-04-13T07:45:00Z,96.345,96.35,96.345,96.35,1605.0,96.345,52
2026-04-13T08:00:00Z,96.35,96.35,96.34,96.345,2041.0,96.347,130
2026-04-13T08:15:00Z,96.34,96.35,96.34,96.345,699.0,96.3445,56
2026-04-13T08:30:00Z,96.345,96.345,96.34,96.34,2072.0,96.342,104
2026-04-13T08:45:00Z,96.34,96.35,96.34,96.345,904.0,96.3445,53
2026-04-13T09:00:00Z,96.345,96.345,96.34,96.34,1152.0,96.344,67
2026-04-13T09:15:00Z,96.34,96.345,96.34,96.345,404.0,96.3445,29
2026-04-13T09:30:00Z,96.34,96.345,96.34,96.345,1053.0,96.342,47
2026-04-13T09:45:00Z,96.345,96.345,96.34,96.34,208.0,96.341,4
2026-04-13T10:00:00Z,96.345,96.345,96.34,96.345,1720.0,96.345,34
2026-04-13T10:15:00Z,96.345,96.35,96.34,96.345,647.0,96.345,38
2026-04-13T10:30:00Z,96.35,96.35,96.35,96.35,1588.0,96.35,74
2026-04-13T10:45:00Z,96.345,96.355,96.345,96.345,1062.0,96.351,62
2026-04-13T11:00:00Z,96.35,96.355,96.345,96.345,920.0,96.35,21
2026-04-13T11:15:00Z,96.345,96.345,96.34,96.345,1445.0,96.344,51
2026-04-13T11:30:00Z,96.345,96.345,96.335,96.335,2285.0,96.3425,53
2026-04-13T11:45:00Z,96.34,96.34,96.33,96.33,2415.0,96.3335,131
2026-04-13T12:00:00Z,96.33,96.34,96.33,96.335,2866.0,96.3315,133
2026-04-13T12:15:00Z,96.34,96.34,96.335,96.34,685.0,96.335,57
2026-04-13T12:30:00Z,96.34,96.355,96.34,96.355,2686.0,96.351,88
2026-04-13T12:45:00Z,96.36,96.365,96.36,96.36,3292.0,96.3615,168
2026-04-13T13:00:00Z,96.365,96.37,96.36,96.365,3533.0,96.365,228
2026-04-13T13:15:00Z,96.365,96.37,96.36,96.365,2187.0,96.365,108
2026-04-13T13:30:00Z,96.365,96.37,96.36,96.37,3375.0,96.3675,179
2026-04-13T13:45:00Z,96.37,96.39,96.37,96.38,8524.0,96.379,300
2026-04-13T14:00:00Z,96.375,96.375,96.37,96.375,2388.0,96.3715,130
2026-04-13T14:15:00Z,96.375,96.375,96.365,96.37,3490.0,96.369,196
2026-04-13T14:30:00Z,96.37,96.375,96.365,96.365,3903.0,96.37,135
2026-04-13T14:45:00Z,96.37,96.37,96.36,96.365,2156.0,96.3655,128
2026-04-13T15:00:00Z,96.365,96.365,96.36,96.365,3024.0,96.364,96
2026-04-13T15:15:00Z,96.36,96.36,96.35,96.36,5550.0,96.3555,184
2026-04-13T15:30:00Z,96.355,96.36,96.35,96.355,1301.0,96.3565,58
2026-04-13T15:45:00Z,96.355,96.36,96.35,96.35,3227.0,96.3545,88
2026-04-13T16:00:00Z,96.355,96.36,96.35,96.36,2034.0,96.355,72
2026-04-13T16:15:00Z,96.36,96.37,96.355,96.37,3427.0,96.361,88
2026-04-13T16:30:00Z,96.37,96.38,96.37,96.375,7889.0,96.377,276
2026-04-13T16:45:00Z,96.375,96.385,96.375,96.385,6547.0,96.3805,232
2026-04-13T17:00:00Z,96.385,96.39,96.385,96.385,1397.0,96.385,86
2026-04-13T17:15:00Z,96.39,96.39,96.38,96.38,417.0,96.387,13
2026-04-13T17:30:00Z,96.385,96.39,96.385,96.385,1656.0,96.385,87
2026-04-13T17:45:00Z,96.385,96.385,96.385,96.385,487.0,96.385,7
2026-04-13T18:00:00Z,96.385,96.395,96.385,96.395,1287.0,96.3895,45
2026-04-13T18:15:00Z,96.39,96.39,96.385,96.39,2215.0,96.39,42
2026-04-13T18:30:00Z,96.39,96.39,96.385,96.39,313.0,96.3855,18
2026-04-13T18:45:00Z,96.39,96.395,96.39,96.395,3674.0,96.391,191
2026-04-13T19:00:00Z,96.395,96.395,96.39,96.39,1247.0,96.39,79
2026-04-13T19:15:00Z,96.39,96.395,96.385,96.395,1144.0,96.3895,30
2026-04-13T19:30:00Z,96.39,96.395,96.39,96.395,399.0,96.391,25
2026-04-13T19:45:00Z,96.395,96.395,96.39,96.395,3806.0,96.395,143
2026-04-13T20:00:00Z,96.395,96.4,96.39,96.395,4444.0,96.395,110
2026-04-13T20:15:00Z,96.395,96.395,96.39,96.39,876.0,96.39,35
2026-04-13T20:30:00Z,96.39,96.395,96.385,96.39,1065.0,96.39,23
2026-04-13T20:45:00Z,96.39,96.395,96.39,96.39,1230.0,96.39,48
2026-04-13T22:00:00Z,96.39,96.4,96.39,96.395,870.0,96.3945,21
2026-04-13T22:15:00Z,96.395,96.395,96.395,96.395,314.0,96.395,9
2026-04-13T22:30:00Z,96.395,96.395,96.395,96.395,40.0,96.395,7
2026-04-13T22:45:00Z,96.395,96.395,96.395,96.395,72.0,96.395,4
2026-04-13T23:00:00Z,96.395,96.395,96.395,96.395,83.0,96.395,6
2026-04-13T23:15:00Z,96.4,96.4,96.4,96.4,58.0,96.4,3
2026-04-13T23:30:00Z,96.4,96.4,96.4,96.4,923.0,96.4,16
2026-04-13T23:45:00Z,96.4,96.4,96.4,96.4,30.0,96.4,5
2026-04-14T00:00:00Z,96.395,96.395,96.395,96.395,1055.0,96.395,23
2026-04-14T00:15:00Z,96.4,96.4,96.395,96.395,631.0,96.3995,14
2026-04-14T00:30:00Z,96.395,96.395,96.395,96.395,43.0,96.395,4
2026-04-14T00:45:00Z,96.395,96.4,96.395,96.4,1205.0,96.4,43
2026-04-14T01:00:00Z,96.395,96.395,96.395,96.395,1203.0,96.395,46
2026-04-14T01:15:00Z,96.395,96.395,96.39,96.395,440.0,96.395,35
2026-04-14T01:30:00Z,96.395,96.395,96.395,96.395,28.0,96.395,2
2026-04-14T01:45:00Z,96.395,96.395,96.39,96.39,756.0,96.3935,13
2026-04-14T02:00:00Z,96.395,96.395,96.395,96.395,358.0,96.395,10
2026-04-14T02:15:00Z,96.395,96.395,96.395,96.395,341.0,96.395,15
2026-04-14T02:30:00Z,96.395,96.395,96.395,96.395,0.0,96.395,0
2026-04-14T02:45:00Z,96.395,96.395,96.395,96.395,39.0,96.395,3
2026-04-14T03:00:00Z,96.395,96.395,96.395,96.395,300.0,96.395,1
2026-04-14T03:15:00Z,96.39,96.39,96.39,96.39,1764.0,96.39,28
2026-04-14T03:30:00Z,96.39,96.39,96.39,96.39,46.0,96.39,1
2026-04-14T03:45:00Z,96.395,96.395,96.395,96.395,1454.0,96.395,36
2026-04-14T04:00:00Z,96.395,96.395,96.395,96.395,328.0,96.395,4
2026-04-14T04:15:00Z,96.395,96.395,96.395,96.395,75.0,96.395,1
2026-04-14T04:30:00Z,96.395,96.395,96.395,96.395,481.0,96.395,15
2026-04-14T04:45:00Z,96.395,96.395,96.395,96.395,353.0,96.395,7
2026-04-14T05:00:00Z,96.4,96.4,96.4,96.4,149.0,96.4,3
2026-04-14T05:15:00Z,96.4,96.4,96.4,96.4,144.0,96.4,3
2026-04-14T05:30:00Z,96.395,96.395,96.395,96.395,10.0,96.395,1
2026-04-14T05:45:00Z,96.4,96.4,96.4,96.4,151.0,96.4,2
2026-04-14T06:00:00Z,96.395,96.395,96.395,96.395,631.0,96.395,10
2026-04-14T06:15:00Z,96.395,96.395,96.395,96.395,243.0,96.395,16
2026-04-14T06:30:00Z,96.395,96.4,96.395,96.395,668.0,96.3965,32
2026-04-14T06:45:00Z,96.395,96.395,96.395,96.395,0.0,96.395,0
2026-04-14T07:00:00Z,96.395,96.42,96.395,96.415,3882.0,96.4105,178
2026-04-14T07:15:00Z,96.41,96.41,96.405,96.41,1844.0,96.4095,66
2026-04-14T07:30:00Z,96.41,96.415,96.41,96.41,524.0,96.4105,39
2026-04-14T07:45:00Z,96.41,96.415,96.405,96.41,2285.0,96.4105,61
2026-04-14T08:00:00Z,96.41,96.41,96.405,96.41,1052.0,96.41,35
2026-04-14T08:15:00Z,96.41,96.41,96.405,96.405,486.0,96.4075,11
2026-04-14T08:30:00Z,96.41,96.41,96.405,96.41,652.0,96.41,44
2026-04-14T08:45:00Z,96.41,96.415,96.41,96.41,993.0,96.41,52
2026-04-14T09:00:00Z,96.41,96.41,96.41,96.41,772.0,96.41,30
2026-04-14T09:15:00Z,96.41,96.41,96.405,96.405,1116.0,96.4085,45
2026-04-14T09:30:00Z,96.405,96.405,96.405,96.405,567.0,96.405,22
2026-04-14T09:45:00Z,96.405,96.41,96.405,96.41,970.0,96.405,29
2026-04-14T10:00:00Z,96.405,96.41,96.405,96.41,440.0,96.408,17
2026-04-14T10:15:00Z,96.405,96.41,96.405,96.405,1632.0,96.406,10
2026-04-14T10:30:00Z,96.405,96.41,96.4,96.4,1475.0,96.4045,39
2026-04-14T10:45:00Z,96.4,96.405,96.4,96.405,222.0,96.4005,23
2026-04-14T11:00:00Z,96.4,96.405,96.4,96.4,691.0,96.4,48
2026-04-14T11:15:00Z,96.395,96.4,96.395,96.4,1798.0,96.4,115
2026-04-14T11:30:00Z,96.4,96.4,96.395,96.395,1846.0,96.3985,52
2026-04-14T11:45:00Z,96.395,96.41,96.395,96.405,7023.0,96.401,162
2026-04-14T12:00:00Z,96.405,96.405,96.395,96.395,4105.0,96.399,102
2026-04-14T12:15:00Z,96.39,96.395,96.385,96.39,7335.0,96.388,189
2026-04-14T12:30:00Z,96.385,96.415,96.385,96.385,14447.0,96.394,401
2026-04-14T12:45:00Z,96.385,96.385,96.38,96.38,5901.0,96.385,170
2026-04-14T13:00:00Z,96.38,96.385,96.38,96.385,6982.0,96.381,275
2026-04-14T13:15:00Z,96.385,96.385,96.365,96.37,3619.0,96.3755,178
2026-04-14T13:30:00Z,96.37,96.375,96.365,96.375,8241.0,96.3705,193
2026-04-14T13:45:00Z,96.375,96.38,96.375,96.375,7082.0,96.375,172
2026-04-14T14:00:00Z,96.38,96.4,96.38,96.395,11360.0,96.391,272
2026-04-14T14:15:00Z,96.395,96.4,96.385,96.385,4026.0,96.3895,174
2026-04-14T14:30:00Z,96.385,96.39,96.38,96.385,4493.0,96.3875,225
2026-04-14T14:45:00Z,96.39,96.39,96.38,96.385,6817.0,96.386,202
2026-04-14T15:00:00Z,96.385,96.395,96.38,96.395,4372.0,96.3875,132
2026-04-14T15:15:00Z,96.39,96.395,96.39,96.39,9321.0,96.39,194
2026-04-14T15:30:00Z,96.39,96.39,96.385,96.39,14582.0,96.388,195
2026-04-14T15:45:00Z,96.39,96.395,96.385,96.39,1881.0,96.3895,44
2026-04-14T16:00:00Z,96.39,96.39,96.385,96.39,4673.0,96.389,164
2026-04-14T16:15:00Z,96.39,96.395,96.385,96.395,2775.0,96.39,59
2026-04-14T16:30:00Z,96.395,96.395,96.39,96.39,1724.0,96.3915,76
2026-04-14T16:45:00Z,96.39,96.4,96.39,96.4,1954.0,96.395,50
2026-04-14T17:00:00Z,96.4,96.4,96.395,96.4,3616.0,96.395,71
2026-04-14T17:15:00Z,96.4,96.41,96.4,96.41,3480.0,96.404,52
2026-04-14T17:30:00Z,96.405,96.41,96.405,96.41,1008.0,96.4055,42
2026-04-14T17:45:00Z,96.41,96.41,96.405,96.41,4749.0,96.406,90
2026-04-14T18:00:00Z,96.41,96.415,96.405,96.41,1607.0,96.41,98
2026-04-14T18:15:00Z,96.415,96.415,96.41,96.41,3936.0,96.41,57
2026-04-14T18:30:00Z,96.405,96.415,96.405,96.405,3895.0,96.41,80
2026-04-14T18:45:00Z,96.405,96.41,96.405,96.41,1849.0,96.4065,285
2026-04-14T19:00:00Z,96.405,96.415,96.405,96.41,1866.0,96.41,127
2026-04-14T19:15:00Z,96.415,96.415,96.41,96.41,120.0,96.4115,20
2026-04-14T19:30:00Z,96.415,96.42,96.41,96.415,3453.0,96.415,63
2026-04-14T19:45:00Z,96.415,96.42,96.41,96.415,1635.0,96.415,78
2026-04-14T20:00:00Z,96.415,96.42,96.41,96.42,2120.0,96.4145,61
2026-04-14T20:15:00Z,96.415,96.42,96.415,96.415,669.0,96.4155,41
2026-04-14T20:30:00Z,96.415,96.42,96.415,96.415,1121.0,96.4155,31
2026-04-14T20:45:00Z,96.415,96.42,96.415,96.415,1461.0,96.4155,48
2026-04-14T22:00:00Z,96.415,96.425,96.41,96.42,554.0,96.422,20
2026-04-14T22:15:00Z,96.425,96.425,96.425,96.425,64.0,96.425,4
2026-04-14T22:30:00Z,96.42,96.42,96.42,96.42,327.0,96.42,5
2026-04-14T22:45:00Z,96.42,96.42,96.415,96.415,460.0,96.4195,3
2026-04-14T23:00:00Z,96.415,96.415,96.415,96.415,0.0,96.415,0
2026-04-14T23:15:00Z,96.42,96.42,96.415,96.42,444.0,96.42,24
2026-04-14T23:30:00Z,96.42,96.425,96.42,96.42,521.0,96.42,17
2026-04-14T23:45:00Z,96.42,96.42,96.42,96.42,209.0,96.42,13
2026-04-15T00:00:00Z,96.42,96.42,96.42,96.42,0.0,96.42,0
2026-04-15T00:15:00Z,96.42,96.42,96.42,96.42,611.0,96.42,11
2026-04-15T00:30:00Z,96.42,96.42,96.41,96.415,1815.0,96.4155,29
2026-04-15T00:45:00Z,96.415,96.42,96.415,96.42,395.0,96.4175,21
2026-04-15T01:00:00Z,96.42,96.42,96.42,96.42,445.0,96.42,13
2026-04-15T01:15:00Z,96.42,96.42,96.42,96.42,447.0,96.42,41
2026-04-15T01:30:00Z,96.42,96.42,96.42,96.42,125.0,96.42,17
2026-04-15T01:45:00Z,96.415,96.415,96.415,96.415,522.0,96.415,24
2026-04-15T02:00:00Z,96.415,96.415,96.41,96.41,1262.0,96.4125,21
2026-04-15T02:15:00Z,96.41,96.415,96.41,96.41,1023.0,96.4145,12
2026-04-15T02:30:00Z,96.41,96.415,96.41,96.41,678.0,96.4105,15
2026-04-15T02:45:00Z,96.41,96.41,96.41,96.41,1.0,96.41,1
2026-04-15T03:00:00Z,96.415,96.415,96.415,96.415,236.0,96.415,3
2026-04-15T03:15:00Z,96.415,96.415,96.41,96.41,1295.0,96.414,24
2026-04-15T03:30:00Z,96.41,96.41,96.41,96.41,0.0,96.41,0
2026-04-15T03:45:00Z,96.41,96.41,96.41,96.41,0.0,96.41,0
2026-04-15T04:00:00Z,96.41,96.41,96.41,96.41,676.0,96.41,5
2026-04-15T04:15:00Z,96.41,96.41,96.41,96.41,112.0,96.41,2
2026-04-15T04:30:00Z,96.41,96.41,96.41,96.41,107.0,96.41,1
2026-04-15T04:45:00Z,96.405,96.41,96.405,96.41,395.0,96.4095,14
2026-04-15T05:00:00Z,96.415,96.415,96.41,96.415,85.0,96.4115,6
2026-04-15T05:15:00Z,96.415,96.415,96.415,96.415,223.0,96.415,10
2026-04-15T05:30:00Z,96.415,96.415,96.415,96.415,528.0,96.415,21
2026-04-15T05:45:00Z,96.415,96.415,96.415,96.415,1238.0,96.415,22
2026-04-15T06:00:00Z,96.415,96.415,96.415,96.415,192.0,96.415,17
2026-04-15T06:15:00Z,96.415,96.42,96.415,96.415,1022.0,96.4155,33
2026-04-15T06:30:00Z,96.415,96.415,96.41,96.41,709.0,96.411,17
2026-04-15T06:45:00Z,96.41,96.415,96.41,96.41,3662.0,96.415,36
2026-04-15T07:00:00Z,96.41,96.41,96.41,96.41,1070.0,96.41,43
2026-04-15T07:15:00Z,96.41,96.41,96.4,96.41,1833.0,96.406,56
2026-04-15T07:30:00Z,96.41,96.41,96.4,96.405,1732.0,96.405,39
2026-04-15T07:45:00Z,96.4,96.4,96.4,96.4,630.0,96.4,28
2026-04-15T08:00:00Z,96.4,96.405,96.4,96.405,363.0,96.401,21
2026-04-15T08:15:00Z,96.405,96.405,96.4,96.405,169.0,96.404,5
2026-04-15T08:30:00Z,96.405,96.405,96.4,96.405,1320.0,96.405,32
2026-04-15T08:45:00Z,96.405,96.41,96.405,96.405,423.0,96.4055,9
2026-04-15T09:00:00Z,96.405,96.405,96.39,96.39,2791.0,96.3975,84
2026-04-15T09:15:00Z,96.39,96.4,96.39,96.395,2139.0,96.3955,39
2026-04-15T09:30:00Z,96.395,96.4,96.395,96.395,200.0,96.3975,12
2026-04-15T09:45:00Z,96.395,96.4,96.395,96.4,196.0,96.396,12
2026-04-15T10:00:00Z,96.4,96.405,96.4,96.4,1606.0,96.403,48
2026-04-15T10:15:00Z,96.4,96.4,96.395,96.395,1244.0,96.396,31
2026-04-15T10:30:00Z,96.395,96.4,96.395,96.4,1192.0,96.3955,66
2026-04-15T10:45:00Z,96.405,96.405,96.4,96.4,712.0,96.4035,26
2026-04-15T11:00:00Z,96.405,96.405,96.4,96.4,2151.0,96.405,31
2026-04-15T11:15:00Z,96.405,96.405,96.4,96.4,1547.0,96.4005,125
2026-04-15T11:30:00Z,96.4,96.405,96.395,96.4,331.0,96.4,21
2026-04-15T11:45:00Z,96.4,96.405,96.4,96.4,4305.0,96.403,176
2026-04-15T12:00:00Z,96.405,96.405,96.4,96.4,2720.0,96.4,112
2026-04-15T12:15:00Z,96.395,96.4,96.395,96.395,2326.0,96.398,139
2026-04-15T12:30:00Z,96.395,96.4,96.395,96.4,854.0,96.3995,63
2026-04-15T12:45:00Z,96.4,96.405,96.4,96.405,1553.0,96.404,80
2026-04-15T13:00:00Z,96.405,96.405,96.4,96.4,3413.0,96.405,118
2026-04-15T13:15:00Z,96.4,96.41,96.4,96.41,1095.0,96.4055,71
2026-04-15T13:30:00Z,96.41,96.41,96.405,96.405,4487.0,96.409,122
2026-04-15T13:45:00Z,96.405,96.41,96.4,96.4,3070.0,96.405,117
2026-04-15T14:00:00Z,96.405,96.405,96.4,96.4,1772.0,96.4005,212
2026-04-15T14:15:00Z,96.4,96.405,96.4,96.405,2624.0,96.4045,56
2026-04-15T14:30:00Z,96.405,96.405,96.395,96.4,3681.0,96.401,150
2026-04-15T14:45:00Z,96.4,96.4,96.395,96.395,5312.0,96.397,228
2026-04-15T15:00:00Z,96.395,96.395,96.39,96.395,5203.0,96.393,168
2026-04-15T15:15:00Z,96.395,96.395,96.385,96.385,2624.0,96.3935,102
2026-04-15T15:30:00Z,96.385,96.39,96.385,96.39,2156.0,96.3885,94
2026-04-15T15:45:00Z,96.39,96.39,96.39,96.39,2110.0,96.39,87
2026-04-15T16:00:00Z,96.39,96.39,96.385,96.39,704.0,96.39,43
2026-04-15T16:15:00Z,96.39,96.395,96.385,96.395,1410.0,96.39,56
2026-04-15T16:30:00Z,96.395,96.395,96.39,96.395,3974.0,96.395,134
2026-04-15T16:45:00Z,96.395,96.395,96.395,96.395,1359.0,96.395,127
2026-04-15T17:00:00Z,96.395,96.4,96.395,96.395,2128.0,96.396,49
2026-04-15T17:15:00Z,96.4,96.4,96.395,96.4,867.0,96.3995,68
2026-04-15T17:30:00Z,96.4,96.4,96.4,96.4,1425.0,96.4,31
2026-04-15T17:45:00Z,96.4,96.4,96.4,96.4,797.0,96.4,32
2026-04-15T18:00:00Z,96.4,96.405,96.395,96.405,3348.0,96.399,137
2026-04-15T18:15:00Z,96.405,96.405,96.4,96.4,3914.0,96.4015,34
2026-04-15T18:30:00Z,96.4,96.405,96.4,96.405,5499.0,96.401,114
2026-04-15T18:45:00Z,96.405,96.41,96.4,96.405,3523.0,96.4045,439
2026-04-15T19:00:00Z,96.405,96.405,96.4,96.405,3558.0,96.4,182
2026-04-15T19:15:00Z,96.405,96.405,96.405,96.405,130.0,96.405,10
2026-04-15T19:30:00Z,96.4,96.405,96.4,96.405,443.0,96.4015,19
2026-04-15T19:45:00Z,96.405,96.405,96.4,96.405,7406.0,96.405,278
2026-04-15T20:00:00Z,96.4,96.405,96.4,96.4,1606.0,96.4035,61
2026-04-15T20:15:00Z,96.405,96.405,96.4,96.405,1748.0,96.405,90
2026-04-15T20:30:00Z,96.4,96.405,96.4,96.405,1018.0,96.4045,85
2026-04-15T20:45:00Z,96.405,96.405,96.4,96.4,555.0,96.4035,49
2026-04-15T22:00:00Z,96.4,96.41,96.4,96.41,940.0,96.4075,75
2026-04-15T22:15:00Z,96.41,96.41,96.41,96.41,1097.0,96.41,14
2026-04-15T22:30:00Z,96.41,96.41,96.41,96.41,80.0,96.41,2
2026-04-15T22:45:00Z,96.415,96.415,96.415,96.415,280.0,96.415,9
2026-04-15T23:00:00Z,96.415,96.415,96.415,96.415,360.0,96.415,12
2026-04-15T23:15:00Z,96.415,96.415,96.415,96.415,3.0,96.415,1
2026-04-15T23:30:00Z,96.415,96.415,96.415,96.415,464.0,96.415,18
2026-04-15T23:45:00Z,96.415,96.415,96.415,96.415,105.0,96.415,2
2026-04-16T00:00:00Z,96.415,96.415,96.415,96.415,0.0,96.415,0
2026-04-16T00:15:00Z,96.415,96.415,96.415,96.415,103.0,96.415,6
2026-04-16T00:30:00Z,96.415,96.42,96.415,96.42,1003.0,96.415,12
2026-04-16T00:45:00Z,96.415,96.415,96.415,96.415,297.0,96.415,16
2026-04-16T01:00:00Z,96.415,96.415,96.415,96.415,100.0,96.415,1
2026-04-16T01:15:00Z,96.415,96.42,96.415,96.415,838.0,96.415,10
2026-04-16T01:30:00Z,96.415,96.415,96.415,96.415,405.0,96.415,6
2026-04-16T01:45:00Z,96.415,96.415,96.41,96.41,186.0,96.415,12
2026-04-16T02:00:00Z,96.415,96.415,96.415,96.415,204.0,96.415,15
2026-04-16T02:15:00Z,96.415,96.42,96.415,96.415,424.0,96.415,22
2026-04-16T02:30:00Z,96.415,96.415,96.415,96.415,667.0,96.415,19
2026-04-16T02:45:00Z,96.42,96.42,96.42,96.42,40.0,96.42,2
2026-04-16T03:00:00Z,96.42,96.425,96.42,96.42,1408.0,96.422,35
2026-04-16T03:15:00Z,96.42,96.42,96.42,96.42,582.0,96.42,16
2026-04-16T03:30:00Z,96.42,96.42,96.42,96.42,1009.0,96.42,7
2026-04-16T03:45:00Z,96.42,96.42,96.42,96.42,277.0,96.42,21
2026-04-16T04:00:00Z,96.42,96.42,96.42,96.42,6.0,96.42,1
2026-04-16T04:15:00Z,96.42,96.42,96.42,96.42,20.0,96.42,1
2026-04-16T04:30:00Z,96.415,96.415,96.415,96.415,131.0,96.415,2
2026-04-16T04:45:00Z,96.415,96.415,96.415,96.415,0.0,96.415,0
2026-04-16T05:00:00Z,96.415,96.42,96.415,96.42,190.0,96.42,2
2026-04-16T05:15:00Z,96.415,96.415,96.415,96.415,1044.0,96.415,3
2026-04-16T05:30:00Z,96.415,96.42,96.415,96.415,553.0,96.4175,18
2026-04-16T05:45:00Z,96.415,96.415,96.415,96.415,34.0,96.415,2
2026-04-16T06:00:00Z,96.42,96.42,96.415,96.415,256.0,96.415,5
2026-04-16T06:15:00Z,96.415,96.415,96.415,96.415,0.0,96.415,0
2026-04-16T06:30:00Z,96.42,96.42,96.42,96.42,2372.0,96.42,96
2026-04-16T06:45:00Z,96.425,96.425,96.42,96.42,888.0,96.424,23
2026-04-16T07:00:00Z,96.42,96.42,96.415,96.415,456.0,96.419,12
2026-04-16T07:15:00Z,96.415,96.42,96.41,96.42,1434.0,96.4155,95
2026-04-16T07:30:00Z,96.415,96.42,96.415,96.42,786.0,96.416,42
2026-04-16T07:45:00Z,96.415,96.42,96.415,96.415,1322.0,96.415,30
2026-04-16T08:00:00Z,96.415,96.415,96.41,96.41,603.0,96.414,16
2026-04-16T08:15:00Z,96.415,96.415,96.41,96.41,321.0,96.4105,12
2026-04-16T08:30:00Z,96.41,96.41,96.41,96.41,981.0,96.41,33
2026-04-16T08:45:00Z,96.41,96.415,96.41,96.41,1033.0,96.41,43
2026-04-16T09:00:00Z,96.405,96.41,96.405,96.41,165.0,96.41,6
2026-04-16T09:15:00Z,96.405,96.41,96.405,96.405,127.0,96.409,7
2026-04-16T09:30:00Z,96.405,96.41,96.405,96.41,1010.0,96.4095,53
2026-04-16T09:45:00Z,96.41,96.415,96.41,96.41,793.0,96.41,26
2026-04-16T10:00:00Z,96.415,96.415,96.41,96.415,849.0,96.415,42
2026-04-16T10:15:00Z,96.415,96.415,96.41,96.41,599.0,96.4105,34
2026-04-16T10:30:00Z,96.41,96.41,96.41,96.41,174.0,96.41,3
2026-04-16T10:45:00Z,96.415,96.415,96.41,96.41,112.0,96.4145,11
2026-04-16T11:00:00Z,96.415,96.42,96.41,96.415,4094.0,96.415,77
2026-04-16T11:15:00Z,96.415,96.415,96.415,96.415,511.0,96.415,21
2026-04-16T11:30:00Z,96.415,96.42,96.415,96.415,1502.0,96.4165,16
2026-04-16T11:45:00Z,96.415,96.42,96.41,96.415,3330.0,96.415,74
2026-04-16T12:00:00Z,96.42,96.42,96.405,96.405,1578.0,96.4125,44
2026-04-16T12:15:00Z,96.405,96.41,96.405,96.405,4042.0,96.405,125
2026-04-16T12:30:00Z,96.405,96.41,96.405,96.405,4073.0,96.405,158
2026-04-16T12:45:00Z,96.405,96.415,96.405,96.405,2383.0,96.41,88
2026-04-16T13:00:00Z,96.41,96.41,96.405,96.41,2713.0,96.408,74
2026-04-16T13:15:00Z,96.405,96.415,96.405,96.405,4065.0,96.41,128
2026-04-16T13:30:00Z,96.405,96.41,96.405,96.405,412.0,96.4055,36
2026-04-16T13:45:00Z,96.405,96.405,96.39,96.395,6323.0,96.399,177
2026-04-16T14:00:00Z,96.4,96.41,96.4,96.405,5956.0,96.402,147
2026-04-16T14:15:00Z,96.405,96.405,96.395,96.395,1854.0,96.4015,144
2026-04-16T14:30:00Z,96.395,96.4,96.395,96.395,1370.0,96.4,86
2026-04-16T14:45:00Z,96.395,96.4,96.39,96.395,5559.0,96.395,208
2026-04-16T15:00:00Z,96.395,96.405,96.395,96.4,2896.0,96.3985,189
2026-04-16T15:15:00Z,96.4,96.405,96.395,96.4,1942.0,96.4015,67
2026-04-16T15:30:00Z,96.4,96.405,96.39,96.39,8372.0,96.3965,354
2026-04-16T15:45:00Z,96.39,96.4,96.39,96.395,1049.0,96.395,68
2026-04-16T16:00:00Z,96.395,96.4,96.39,96.395,861.0,96.3965,63
2026-04-16T16:15:00Z,96.395,96.4,96.395,96.395,1810.0,96.3995,95
2026-04-16T16:30:00Z,96.395,96.4,96.39,96.395,5028.0,96.3925,288
2026-04-16T16:45:00Z,96.395,96.405,96.395,96.4,2204.0,96.3995,74
2026-04-16T17:00:00Z,96.4,96.405,96.395,96.395,1792.0,96.3995,67
2026-04-16T17:15:00Z,96.4,96.4,96.395,96.395,205.0,96.395,29
2026-04-16T17:30:00Z,96.395,96.4,96.39,96.395,3999.0,96.395,110
2026-04-16T17:45:00Z,96.395,96.4,96.39,96.395,2821.0,96.395,88
2026-04-16T18:00:00Z,96.4,96.405,96.395,96.4,4445.0,96.4,123
2026-04-16T18:15:00Z,96.395,96.4,96.395,96.4,39.0,96.396,17
2026-04-16T18:30:00Z,96.4,96.4,96.395,96.395,159.0,96.3955,29
2026-04-16T18:45:00Z,96.395,96.4,96.39,96.395,4432.0,96.395,181
2026-04-16T19:00:00Z,96.395,96.4,96.395,96.395,2392.0,96.395,79
2026-04-16T19:15:00Z,96.395,96.4,96.395,96.4,644.0,96.3955,39
2026-04-16T19:30:00Z,96.395,96.4,96.395,96.395,220.0,96.3955,44
2026-04-16T19:45:00Z,96.395,96.4,96.39,96.395,4255.0,96.395,166
2026-04-16T20:00:00Z,96.395,96.395,96.39,96.395,1330.0,96.395,51
2026-04-16T20:15:00Z,96.395,96.395,96.395,96.395,920.0,96.395,78
2026-04-16T20:30:00Z,96.395,96.395,96.395,96.395,595.0,96.395,75
2026-04-16T20:45:00Z,96.395,96.4,96.39,96.395,2060.0,96.395,118
2026-04-16T22:00:00Z,96.39,96.395,96.39,96.395,404.0,96.3935,42
2026-04-16T22:15:00Z,96.395,96.395,96.395,96.395,294.0,96.395,7
2026-04-16T22:30:00Z,96.395,96.4,96.39,96.39,86.0,96.3955,12
2026-04-16T22:45:00Z,96.395,96.395,96.395,96.395,63.0,96.395,6
2026-04-16T23:00:00Z,96.395,96.395,96.395,96.395,1.0,96.395,1
2026-04-16T23:15:00Z,96.395,96.4,96.395,96.4,12.0,96.3975,3
2026-04-16T23:30:00Z,96.395,96.395,96.395,96.395,189.0,96.395,12
2026-04-16T23:45:00Z,96.4,96.4,96.395,96.4,41.0,96.4,3
2026-04-17T00:00:00Z,96.4,96.4,96.4,96.4,541.0,96.4,13
2026-04-17T00:15:00Z,96.4,96.4,96.4,96.4,842.0,96.4,10
2026-04-17T00:30:00Z,96.4,96.4,96.4,96.4,157.0,96.4,12
2026-04-17T00:45:00Z,96.4,96.4,96.4,96.4,9.0,96.4,1
2026-04-17T01:00:00Z,96.4,96.4,96.395,96.4,622.0,96.4,11
2026-04-17T01:15:00Z,96.395,96.4,96.395,96.4,52.0,96.395,2
2026-04-17T01:30:00Z,96.4,96.4,96.395,96.4,1051.0,96.4,16
2026-04-17T01:45:00Z,96.4,96.4,96.395,96.4,150.0,96.4,7
2026-04-17T02:00:00Z,96.395,96.395,96.395,96.395,101.0,96.395,2
2026-04-17T02:15:00Z,96.395,96.4,96.395,96.395,104.0,96.395,4
2026-04-17T02:30:00Z,96.395,96.4,96.395,96.4,4.0,96.3975,2
2026-04-17T02:45:00Z,96.395,96.395,96.395,96.395,2.0,96.395,2
2026-04-17T03:00:00Z,96.395,96.395,96.395,96.395,123.0,96.395,6
2026-04-17T03:15:00Z,96.395,96.395,96.395,96.395,375.0,96.395,24
2026-04-17T03:30:00Z,96.39,96.39,96.39,96.39,1.0,96.39,1
2026-04-17T03:45:00Z,96.395,96.395,96.395,96.395,1.0,96.395,1
2026-04-17T04:00:00Z,96.39,96.39,96.39,96.39,1.0,96.39,1
2026-04-17T04:15:00Z,96.39,96.39,96.39,96.39,998.0,96.39,16
2026-04-17T04:30:00Z,96.39,96.39,96.39,96.39,53.0,96.39,3
2026-04-17T04:45:00Z,96.39,96.39,96.39,96.39,0.0,96.39,0
2026-04-17T05:00:00Z,96.39,96.39,96.39,96.39,445.0,96.39,36
2026-04-17T05:15:00Z,96.39,96.39,96.39,96.39,247.0,96.39,12
2026-04-17T05:30:00Z,96.39,96.39,96.39,96.39,50.0,96.39,1
2026-04-17T05:45:00Z,96.39,96.39,96.39,96.39,283.0,96.39,10
2026-04-17T06:00:00Z,96.39,96.39,96.39,96.39,448.0,96.39,22
2026-04-17T06:15:00Z,96.39,96.39,96.39,96.39,478.0,96.39,25
2026-04-17T06:30:00Z,96.395,96.395,96.39,96.39,344.0,96.39,14
2026-04-17T06:45:00Z,96.39,96.39,96.39,96.39,1.0,96.39,1
2026-04-17T07:00:00Z,96.39,96.395,96.39,96.39,1430.0,96.395,53
2026-04-17T07:15:00Z,96.395,96.4,96.395,96.395,869.0,96.396,40
2026-04-17T07:30:00Z,96.395,96.395,96.395,96.395,858.0,96.395,14
2026-04-17T07:45:00Z,96.395,96.4,96.395,96.395,31.0,96.399,4
2026-04-17T08:00:00Z,96.395,96.4,96.395,96.4,117.0,96.397,3
2026-04-17T08:15:00Z,96.4,96.4,96.395,96.395,580.0,96.3985,9
2026-04-17T08:30:00Z,96.4,96.4,96.4,96.4,1605.0,96.4,6
2026-04-17T08:45:00Z,96.4,96.405,96.395,96.405,3115.0,96.4005,56
2026-04-17T09:00:00Z,96.405,96.405,96.405,96.405,1205.0,96.405,24
2026-04-17T09:15:00Z,96.405,96.405,96.4,96.405,775.0,96.405,31
2026-04-17T09:30:00Z,96.405,96.41,96.405,96.405,224.0,96.407,12
2026-04-17T09:45:00Z,96.405,96.41,96.405,96.405,199.0,96.4075,5
2026-04-17T10:00:00Z,96.405,96.41,96.405,96.41,265.0,96.41,18
2026-04-17T10:15:00Z,96.41,96.41,96.41,96.41,428.0,96.41,8
2026-04-17T10:30:00Z,96.41,96.41,96.405,96.41,91.0,96.41,5
2026-04-17T10:45:00Z,96.405,96.41,96.405,96.405,1252.0,96.405,7
2026-04-17T11:00:00Z,96.41,96.41,96.4,96.4,1038.0,96.405,22
2026-04-17T11:15:00Z,96.405,96.405,96.4,96.4,1224.0,96.4,29
2026-04-17T11:30:00Z,96.405,96.405,96.4,96.405,1319.0,96.4035,27
2026-04-17T11:45:00Z,96.405,96.405,96.405,96.405,414.0,96.405,15
2026-04-17T12:00:00Z,96.405,96.41,96.405,96.41,2392.0,96.405,54
2026-04-17T12:15:00Z,96.41,96.415,96.405,96.415,4363.0,96.413,134
2026-04-17T12:30:00Z,96.42,96.43,96.42,96.43,4016.0,96.4235,250
2026-04-17T12:45:00Z,96.425,96.48,96.425,96.465,40345.0,96.459,1018
2026-04-17T13:00:00Z,96.465,96.475,96.455,96.46,17420.0,96.464,606
2026-04-17T13:15:00Z,96.465,96.465,96.45,96.45,17547.0,96.4565,479
2026-04-17T13:30:00Z,96.455,96.46,96.45,96.45,11807.0,96.4525,265
2026-04-17T13:45:00Z,96.45,96.465,96.445,96.465,7211.0,96.4535,272
2026-04-17T14:00:00Z,96.46,96.475,96.46,96.47,6776.0,96.467,232
2026-04-17T14:15:00Z,96.47,96.475,96.46,96.47,8219.0,96.4695,346
2026-04-17T14:30:00Z,96.47,96.495,96.465,96.485,9161.0,96.4775,409
2026-04-17T14:45:00Z,96.49,96.49,96.485,96.485,8532.0,96.486,126
2026-04-17T15:00:00Z,96.485,96.49,96.475,96.485,10236.0,96.482,204
2026-04-17T15:15:00Z,96.48,96.485,96.47,96.475,10157.0,96.4785,251
2026-04-17T15:30:00Z,96.475,96.485,96.475,96.48,3683.0,96.4795,145
2026-04-17T15:45:00Z,96.485,96.49,96.48,96.48,3117.0,96.485,83
2026-04-17T16:00:00Z,96.485,96.5,96.48,96.5,4975.0,96.4905,193
2026-04-17T16:15:00Z,96.495,96.505,96.495,96.5,7174.0,96.499,151
2026-04-17T16:30:00Z,96.495,96.5,96.49,96.49,9797.0,96.493,153
2026-04-17T16:45:00Z,96.49,96.49,96.48,96.485,5890.0,96.485,75
2026-04-17T17:00:00Z,96.485,96.485,96.475,96.48,6857.0,96.477,177
2026-04-17T17:15:00Z,96.48,96.48,96.465,96.475,8375.0,96.473,242
2026-04-17T17:30:00Z,96.475,96.475,96.465,96.475,2944.0,96.47,67
2026-04-17T17:45:00Z,96.475,96.48,96.47,96.475,3022.0,96.4775,75
2026-04-17T18:00:00Z,96.475,96.48,96.47,96.48,5024.0,96.4755,98
2026-04-17T18:15:00Z,96.48,96.485,96.48,96.48,4612.0,96.48,112
2026-04-17T18:30:00Z,96.475,96.485,96.475,96.48,3438.0,96.48,104
2026-04-17T18:45:00Z,96.48,96.48,96.475,96.48,4452.0,96.475,136
2026-04-17T19:00:00Z,96.475,96.48,96.475,96.48,1271.0,96.475,53
2026-04-17T19:15:00Z,96.48,96.48,96.47,96.47,2096.0,96.4745,62
2026-04-17T19:30:00Z,96.475,96.48,96.475,96.475,4883.0,96.475,108
2026-04-17T19:45:00Z,96.475,96.48,96.47,96.48,2605.0,96.475,184
2026-04-17T20:00:00Z,96.475,96.48,96.47,96.475,4746.0,96.4755,111
2026-04-17T20:15:00Z,96.475,96.48,96.47,96.47,2689.0,96.475,142
2026-04-17T20:30:00Z,96.475,96.475,96.465,96.47,4376.0,96.471,136
2026-04-17T20:45:00Z,96.47,96.475,96.465,96.47,2631.0,96.47,124
2026-04-19T22:00:00Z,96.425,96.435,96.415,96.435,7702.0,96.4255,374
2026-04-19T22:15:00Z,96.435,96.435,96.43,96.43,1551.0,96.431,10
2026-04-19T22:30:00Z,96.435,96.435,96.435,96.435,1022.0,96.435,32
2026-04-19T22:45:00Z,96.435,96.435,96.435,96.435,281.0,96.435,8
2026-04-19T23:00:00Z,96.435,96.435,96.43,96.435,735.0,96.435,7
2026-04-19T23:15:00Z,96.44,96.44,96.435,96.435,797.0,96.435,38
2026-04-19T23:30:00Z,96.435,96.435,96.43,96.435,868.0,96.4345,14
2026-04-19T23:45:00Z,96.435,96.435,96.435,96.435,537.0,96.435,14
2026-04-20T00:00:00Z,96.435,96.435,96.435,96.435,1043.0,96.435,28
2026-04-20T00:15:00Z,96.435,96.44,96.435,96.435,815.0,96.4355,18
2026-04-20T00:30:00Z,96.435,96.44,96.435,96.435,501.0,96.438,21
2026-04-20T00:45:00Z,96.44,96.44,96.44,96.44,462.0,96.44,10
2026-04-20T01:00:00Z,96.44,96.445,96.44,96.44,1292.0,96.44,33
2026-04-20T01:15:00Z,96.44,96.445,96.44,96.445,2761.0,96.4435,31
2026-04-20T01:30:00Z,96.445,96.445,96.445,96.445,1210.0,96.445,26
2026-04-20T01:45:00Z,96.445,96.445,96.445,96.445,0.0,96.445,0
2026-04-20T02:00:00Z,96.445,96.445,96.445,96.445,331.0,96.445,5
2026-04-20T02:15:00Z,96.445,96.445,96.44,96.44,2.0,96.4425,2
2026-04-20T02:30:00Z,96.44,96.44,96.44,96.44,0.0,96.44,0
2026-04-20T02:45:00Z,96.44,96.44,96.44,96.44,0.0,96.44,0
2026-04-20T03:00:00Z,96.44,96.44,96.44,96.44,30.0,96.44,6
2026-04-20T03:15:00Z,96.44,96.44,96.44,96.44,0.0,96.44,0
2026-04-20T03:30:00Z,96.44,96.44,96.44,96.44,0.0,96.44,0
2026-04-20T03:45:00Z,96.445,96.445,96.445,96.445,1.0,96.445,1
2026-04-20T04:00:00Z,96.44,96.44,96.44,96.44,1.0,96.44,1
2026-04-20T04:15:00Z,96.44,96.44,96.44,96.44,0.0,96.44,0
2026-04-20T04:30:00Z,96.44,96.445,96.44,96.445,435.0,96.4405,7
2026-04-20T04:45:00Z,96.44,96.445,96.44,96.445,21.0,96.44,3
2026-04-20T05:00:00Z,96.44,96.44,96.44,96.44,884.0,96.44,15
2026-04-20T05:15:00Z,96.44,96.44,96.44,96.44,456.0,96.44,10
2026-04-20T05:30:00Z,96.44,96.44,96.435,96.435,13.0,96.439,2
2026-04-20T05:45:00Z,96.435,96.435,96.435,96.435,1465.0,96.435,21
2026-04-20T06:00:00Z,96.44,96.44,96.435,96.435,817.0,96.439,19
2026-04-20T06:15:00Z,96.435,96.435,96.43,96.435,276.0,96.435,10
2026-04-20T06:30:00Z,96.43,96.435,96.43,96.435,1363.0,96.435,65
2026-04-20T06:45:00Z,96.435,96.435,96.43,96.43,2506.0,96.433,97
2026-04-20T07:00:00Z,96.435,96.435,96.43,96.435,2157.0,96.435,70
2026-04-20T07:15:00Z,96.435,96.435,96.435,96.435,1672.0,96.435,106
2026-04-20T07:30:00Z,96.43,96.43,96.43,96.43,2346.0,96.43,64
2026-04-20T07:45:00Z,96.425,96.43,96.425,96.43,315.0,96.428,15
2026-04-20T08:00:00Z,96.435,96.44,96.43,96.43,1722.0,96.432,70
2026-04-20T08:15:00Z,96.43,96.435,96.43,96.435,1319.0,96.431,40
2026-04-20T08:30:00Z,96.435,96.435,96.43,96.43,1847.0,96.4325,35
2026-04-20T08:45:00Z,96.435,96.435,96.435,96.435,1730.0,96.435,29
2026-04-20T09:00:00Z,96.44,96.445,96.44,96.44,2700.0,96.4415,107
2026-04-20T09:15:00Z,96.44,96.445,96.44,96.44,2002.0,96.4425,46
2026-04-20T09:30:00Z,96.44,96.445,96.44,96.445,170.0,96.442,5
2026-04-20T09:45:00Z,96.44,96.44,96.44,96.44,987.0,96.44,20
2026-04-20T10:00:00Z,96.44,96.445,96.435,96.445,1671.0,96.444,55
2026-04-20T10:15:00Z,96.44,96.445,96.44,96.44,652.0,96.4445,31
2026-04-20T10:30:00Z,96.445,96.445,96.445,96.445,5.0,96.445,2
2026-04-20T10:45:00Z,96.445,96.445,96.445,96.445,1440.0,96.445,31
2026-04-20T11:00:00Z,96.44,96.44,96.435,96.44,3092.0,96.44,117
2026-04-20T11:15:00Z,96.44,96.44,96.44,96.44,3504.0,96.44,87
2026-04-20T11:30:00Z,96.44,96.445,96.44,96.445,1553.0,96.4415,68
2026-04-20T11:45:00Z,96.45,96.45,96.445,96.445,2223.0,96.446,105
2026-04-20T12:00:00Z,96.45,96.45,96.445,96.445,7807.0,96.4475,280
2026-04-20T12:15:00Z,96.445,96.445,96.445,96.445,3569.0,96.445,88
2026-04-20T12:30:00Z,96.445,96.445,96.43,96.44,7281.0,96.4385,187
2026-04-20T12:45:00Z,96.44,96.45,96.435,96.435,5160.0,96.442,119
2026-04-20T13:00:00Z,96.435,96.455,96.435,96.455,18246.0,96.4445,305
2026-04-20T13:15:00Z,96.455,96.465,96.45,96.465,6558.0,96.4575,185
2026-04-20T13:30:00Z,96.465,96.465,96.45,96.455,6734.0,96.458,128
2026-04-20T13:45:00Z,96.455,96.46,96.45,96.45,3010.0,96.4545,107
2026-04-20T14:00:00Z,96.455,96.455,96.44,96.44,4132.0,96.4485,103
2026-04-20T14:15:00Z,96.44,96.45,96.44,96.445,6570.0,96.4485,173
2026-04-20T14:30:00Z,96.445,96.455,96.445,96.45,6239.0,96.45,117
2026-04-20T14:45:00Z,96.45,96.45,96.44,96.45,8499.0,96.4465,236
2026-04-20T15:00:00Z,96.45,96.455,96.445,96.455,2477.0,96.45,86
2026-04-20T15:15:00Z,96.45,96.465,96.45,96.46,7562.0,96.4575,151
2026-04-20T15:30:00Z,96.46,96.465,96.455,96.455,10302.0,96.46,146
2026-04-20T15:45:00Z,96.455,96.46,96.45,96.455,4666.0,96.4545,83
2026-04-20T16:00:00Z,96.455,96.455,96.45,96.455,457.0,96.454,27
2026-04-20T16:15:00Z,96.45,96.455,96.45,96.455,1969.0,96.4545,71
2026-04-20T16:30:00Z,96.455,96.46,96.45,96.455,2467.0,96.455,191
2026-04-20T16:45:00Z,96.455,96.46,96.455,96.46,1916.0,96.46,44
2026-04-20T17:00:00Z,96.46,96.465,96.46,96.46,2127.0,96.46,31
2026-04-20T17:15:00Z,96.46,96.46,96.46,96.46,1073.0,96.46,21
2026-04-20T17:30:00Z,96.46,96.46,96.455,96.46,3716.0,96.46,81
2026-04-20T17:45:00Z,96.46,96.465,96.46,96.465,174.0,96.4605,24
2026-04-20T18:00:00Z,96.465,96.47,96.46,96.465,10397.0,96.4625,176
2026-04-20T18:15:00Z,96.465,96.47,96.46,96.465,8381.0,96.4655,75
2026-04-20T18:30:00Z,96.465,96.465,96.46,96.46,8929.0,96.4625,139
2026-04-20T18:45:00Z,96.46,96.465,96.46,96.465,4627.0,96.4635,342
2026-04-20T19:00:00Z,96.465,96.47,96.46,96.465,2847.0,96.465,227
2026-04-20T19:15:00Z,96.465,96.465,96.46,96.46,5382.0,96.4605,97
2026-04-20T19:30:00Z,96.46,96.46,96.455,96.46,2065.0,96.4595,27
2026-04-20T19:45:00Z,96.46,96.46,96.455,96.455,632.0,96.457,37
2026-04-20T20:00:00Z,96.455,96.46,96.45,96.455,4623.0,96.4555,72
2026-04-20T20:15:00Z,96.455,96.46,96.45,96.455,3910.0,96.455,59
2026-04-20T20:30:00Z,96.455,96.455,96.45,96.45,797.0,96.455,42
2026-04-20T20:45:00Z,96.45,96.455,96.45,96.455,1616.0,96.4545,69
2026-04-20T22:00:00Z,96.455,96.46,96.45,96.455,290.0,96.457,32
2026-04-20T22:15:00Z,96.45,96.45,96.45,96.45,6.0,96.45,1
2026-04-20T22:30:00Z,96.455,96.455,96.455,96.455,1.0,96.455,1
2026-04-20T22:45:00Z,96.455,96.455,96.455,96.455,0.0,96.455,0
2026-04-20T23:00:00Z,96.45,96.45,96.45,96.45,100.0,96.45,1
2026-04-20T23:15:00Z,96.455,96.455,96.455,96.455,42.0,96.455,3
2026-04-20T23:30:00Z,96.455,96.455,96.455,96.455,512.0,96.455,6
2026-04-20T23:45:00Z,96.455,96.455,96.455,96.455,13.0,96.455,2
2026-04-21T00:00:00Z,96.455,96.455,96.455,96.455,302.0,96.455,11
2026-04-21T00:15:00Z,96.455,96.455,96.45,96.45,91.0,96.4515,7
2026-04-21T00:30:00Z,96.45,96.455,96.45,96.455,471.0,96.45,6
2026-04-21T00:45:00Z,96.455,96.455,96.45,96.45,677.0,96.4535,27
2026-04-21T01:00:00Z,96.45,96.45,96.45,96.45,2.0,96.45,1
2026-04-21T01:15:00Z,96.445,96.45,96.445,96.45,303.0,96.4465,8
2026-04-21T01:30:00Z,96.45,96.45,96.45,96.45,283.0,96.45,14
2026-04-21T01:45:00Z,96.45,96.45,96.45,96.45,312.0,96.45,3
2026-04-21T02:00:00Z,96.45,96.45,96.45,96.45,814.0,96.45,42
2026-04-21T02:15:00Z,96.45,96.45,96.45,96.45,59.0,96.45,3
2026-04-21T02:30:00Z,96.45,96.45,96.45,96.45,163.0,96.45,5
2026-04-21T02:45:00Z,96.455,96.455,96.455,96.455,2.0,96.455,1
2026-04-21T03:00:00Z,96.45,96.45,96.45,96.45,315.0,96.45,11
2026-04-21T03:15:00Z,96.45,96.45,96.45,96.45,191.0,96.45,18
2026-04-21T03:30:00Z,96.45,96.45,96.45,96.45,629.0,96.45,30
2026-04-21T03:45:00Z,96.45,96.45,96.45,96.45,488.0,96.45,16
2026-04-21T04:00:00Z,96.45,96.455,96.45,96.455,93.0,96.4505,8
2026-04-21T04:15:00Z,96.45,96.45,96.45,96.45,395.0,96.45,12
2026-04-21T04:30:00Z,96.45,96.45,96.45,96.45,303.0,96.45,33
2026-04-21T04:45:00Z,96.45,96.45,96.45,96.45,531.0,96.45,20
2026-04-21T05:00:00Z,96.45,96.455,96.45,96.455,1106.0,96.454,65
2026-04-21T05:15:00Z,96.455,96.455,96.455,96.455,773.0,96.455,37
2026-04-21T05:30:00Z,96.455,96.455,96.455,96.455,0.0,96.455,0
2026-04-21T05:45:00Z,96.45,96.45,96.45,96.45,703.0,96.45,20
2026-04-21T06:00:00Z,96.45,96.45,96.45,96.45,1671.0,96.45,52
2026-04-21T06:15:00Z,96.445,96.445,96.44,96.445,1562.0,96.445,49
2026-04-21T06:30:00Z,96.44,96.445,96.44,96.445,54.0,96.44,5
2026-04-21T06:45:00Z,96.44,96.445,96.44,96.445,1261.0,96.44,33
2026-04-21T07:00:00Z,96.44,96.44,96.435,96.435,1770.0,96.436,88
2026-04-21T07:15:00Z,96.435,96.44,96.435,96.44,1502.0,96.437,69
2026-04-21T07:30:00Z,96.44,96.445,96.44,96.44,866.0,96.44,27
2026-04-21T07:45:00Z,96.445,96.445,96.445,96.445,419.0,96.445,20
2026-04-21T08:00:00Z,96.44,96.445,96.435,96.44,1468.0,96.44,68
2026-04-21T08:15:00Z,96.44,96.445,96.44,96.445,172.0,96.44,10
2026-04-21T08:30:00Z,96.44,96.44,96.435,96.44,2186.0,96.4395,26
2026-04-21T08:45:00Z,96.435,96.435,96.435,96.435,2433.0,96.435,74
2026-04-21T09:00:00Z,96.435,96.435,96.435,96.435,527.0,96.435,37
2026-04-21T09:15:00Z,96.435,96.435,96.435,96.435,736.0,96.435,30
2026-04-21T09:30:00Z,96.435,96.435,96.43,96.43,489.0,96.4345,46
2026-04-21T09:45:00Z,96.43,96.435,96.43,96.43,708.0,96.432,43
2026-04-21T10:00:00Z,96.43,96.435,96.43,96.435,1448.0,96.431,40
2026-04-21T10:15:00Z,96.435,96.435,96.435,96.435,1020.0,96.435,73
2026-04-21T10:30:00Z,96.435,96.44,96.435,96.435,501.0,96.4355,51
2026-04-21T10:45:00Z,96.435,96.435,96.435,96.435,617.0,96.435,24
2026-04-21T11:00:00Z,96.435,96.44,96.425,96.43,4761.0,96.4295,118
2026-04-21T11:15:00Z,96.43,96.43,96.43,96.43,2925.0,96.43,104
2026-04-21T11:30:00Z,96.435,96.445,96.435,96.44,2947.0,96.4385,66
2026-04-21T11:45:00Z,96.435,96.44,96.435,96.435,430.0,96.4365,36
2026-04-21T12:00:00Z,96.44,96.44,96.425,96.43,11812.0,96.4315,258
2026-04-21T12:15:00Z,96.43,96.43,96.41,96.42,9596.0,96.419,178
2026-04-21T12:30:00Z,96.42,96.42,96.405,96.42,17117.0,96.417,616
2026-04-21T12:45:00Z,96.415,96.42,96.41,96.41,7234.0,96.413,141
2026-04-21T13:00:00Z,96.415,96.42,96.41,96.41,4378.0,96.414,145
2026-04-21T13:15:00Z,96.41,96.41,96.4,96.405,16494.0,96.4055,139
2026-04-21T13:30:00Z,96.41,96.415,96.405,96.41,9274.0,96.4085,157
2026-04-21T13:45:00Z,96.41,96.415,96.41,96.415,4122.0,96.4125,166
2026-04-21T14:00:00Z,96.41,96.415,96.405,96.41,4776.0,96.41,157
2026-04-21T14:15:00Z,96.41,96.415,96.405,96.405,1047.0,96.4085,79
2026-04-21T14:30:00Z,96.405,96.41,96.4,96.405,13495.0,96.405,221
2026-04-21T14:45:00Z,96.405,96.41,96.39,96.39,16469.0,96.3955,638
2026-04-21T15:00:00Z,96.39,96.4,96.385,96.4,7576.0,96.3935,262
2026-04-21T15:15:00Z,96.395,96.4,96.39,96.39,6850.0,96.396,240
2026-04-21T15:30:00Z,96.395,96.4,96.39,96.395,4808.0,96.3935,176
2026-04-21T15:45:00Z,96.395,96.4,96.39,96.395,4147.0,96.395,88
2026-04-21T16:00:00Z,96.4,96.4,96.395,96.4,3692.0,96.3965,94
2026-04-21T16:15:00Z,96.395,96.4,96.39,96.39,2523.0,96.3945,142
2026-04-21T16:30:00Z,96.395,96.4,96.39,96.395,5304.0,96.395,69
2026-04-21T16:45:00Z,96.4,96.4,96.39,96.4,3040.0,96.3955,154
2026-04-21T17:00:00Z,96.4,96.4,96.385,96.385,7783.0,96.392,300
2026-04-21T17:15:00Z,96.385,96.39,96.38,96.39,18533.0,96.3855,310
2026-04-21T17:30:00Z,96.385,96.4,96.385,96.4,6983.0,96.395,288
2026-04-21T17:45:00Z,96.4,96.4,96.39,96.395,4507.0,96.3955,142
2026-04-21T18:00:00Z,96.4,96.4,96.39,96.39,855.0,96.3945,34
2026-04-21T18:15:00Z,96.395,96.395,96.38,96.385,7469.0,96.387,209
2026-04-21T18:30:00Z,96.38,96.395,96.38,96.39,7599.0,96.3895,98
2026-04-21T18:45:00Z,96.39,96.395,96.385,96.395,11331.0,96.391,315
2026-04-21T19:00:00Z,96.39,96.4,96.39,96.39,8434.0,96.395,217
2026-04-21T19:15:00Z,96.395,96.4,96.39,96.395,3973.0,96.3945,77
2026-04-21T19:30:00Z,96.395,96.395,96.37,96.37,12849.0,96.3755,214
2026-04-21T19:45:00Z,96.375,96.375,96.365,96.365,6981.0,96.37,106
2026-04-21T20:00:00Z,96.365,96.4,96.365,96.395,26986.0,96.379,571
2026-04-21T20:15:00Z,96.395,96.4,96.39,96.395,2270.0,96.3955,51
2026-04-21T20:30:00Z,96.39,96.395,96.39,96.39,274.0,96.3905,13
2026-04-21T20:45:00Z,96.395,96.395,96.39,96.39,6912.0,96.39,139
2026-04-21T22:00:00Z,96.39,96.39,96.385,96.385,246.0,96.389,17
2026-04-21T22:15:00Z,96.385,96.385,96.385,96.385,0.0,96.385,0
2026-04-21T22:30:00Z,96.39,96.39,96.39,96.39,374.0,96.39,6
2026-04-21T22:45:00Z,96.39,96.39,96.39,96.39,95.0,96.39,3
2026-04-21T23:00:00Z,96.39,96.39,96.39,96.39,262.0,96.39,8
2026-04-21T23:15:00Z,96.385,96.385,96.385,96.385,56.0,96.385,2
2026-04-21T23:30:00Z,96.385,96.39,96.385,96.385,209.0,96.385,8
2026-04-21T23:45:00Z,96.39,96.39,96.39,96.39,206.0,96.39,3
2026-04-22T00:00:00Z,96.395,96.4,96.395,96.4,1429.0,96.395,14
2026-04-22T00:15:00Z,96.4,96.4,96.4,96.4,5.0,96.4,5
2026-04-22T00:30:00Z,96.4,96.405,96.4,96.4,1307.0,96.4,55
2026-04-22T00:45:00Z,96.4,96.4,96.4,96.4,936.0,96.4,37
2026-04-22T01:00:00Z,96.405,96.405,96.405,96.405,53.0,96.405,2
2026-04-22T01:15:00Z,96.4,96.4,96.4,96.4,1205.0,96.4,21
2026-04-22T01:30:00Z,96.405,96.405,96.4,96.4,328.0,96.4,21
2026-04-22T01:45:00Z,96.4,96.405,96.4,96.405,108.0,96.4,5
2026-04-22T02:00:00Z,96.4,96.405,96.4,96.405,782.0,96.4,13
2026-04-22T02:15:00Z,96.4,96.4,96.4,96.4,1.0,96.4,1
2026-04-22T02:30:00Z,96.4,96.405,96.4,96.405,135.0,96.4,12
2026-04-22T02:45:00Z,96.4,96.4,96.395,96.395,169.0,96.4,4
2026-04-22T03:00:00Z,96.395,96.395,96.395,96.395,80.0,96.395,2
2026-04-22T03:15:00Z,96.395,96.4,96.395,96.395,163.0,96.395,7
2026-04-22T03:30:00Z,96.4,96.4,96.4,96.4,1.0,96.4,1
2026-04-22T03:45:00Z,96.4,96.4,96.4,96.4,0.0,96.4,0
2026-04-22T04:00:00Z,96.395,96.4,96.395,96.4,89.0,96.396,2
2026-04-22T04:15:00Z,96.4,96.4,96.4,96.4,0.0,96.4,0
2026-04-22T04:30:00Z,96.4,96.4,96.4,96.4,1.0,96.4,1
2026-04-22T04:45:00Z,96.4,96.4,96.395,96.4,12.0,96.398,4
2026-04-22T05:00:00Z,96.4,96.4,96.4,96.4,1004.0,96.4,24
2026-04-22T05:15:00Z,96.4,96.41,96.4,96.41,968.0,96.407,30
2026-04-22T05:30:00Z,96.405,96.41,96.405,96.41,316.0,96.41,7
2026-04-22T05:45:00Z,96.41,96.41,96.405,96.405,525.0,96.405,12
2026-04-22T06:00:00Z,96.405,96.405,96.405,96.405,1352.0,96.405,33
2026-04-22T06:15:00Z,96.41,96.41,96.405,96.405,1021.0,96.405,25
2026-04-22T06:30:00Z,96.41,96.41,96.405,96.405,65.0,96.405,6
2026-04-22T06:45:00Z,96.41,96.41,96.41,96.41,45.0,96.41,9
2026-04-22T07:00:00Z,96.41,96.41,96.41,96.41,346.0,96.41,9
2026-04-22T07:15:00Z,96.405,96.41,96.405,96.41,1695.0,96.405,59
2026-04-22T07:30:00Z,96.405,96.405,96.4,96.4,1042.0,96.402,41
2026-04-22T07:45:00Z,96.405,96.405,96.405,96.405,201.0,96.405,8
2026-04-22T08:00:00Z,96.4,96.4,96.4,96.4,396.0,96.4,94
2026-04-22T08:15:00Z,96.395,96.395,96.39,96.39,1375.0,96.393,39
2026-04-22T08:30:00Z,96.39,96.395,96.39,96.395,2100.0,96.391,59
2026-04-22T08:45:00Z,96.395,96.4,96.395,96.4,1181.0,96.397,45
2026-04-22T09:00:00Z,96.4,96.4,96.395,96.4,4267.0,96.4,101
2026-04-22T09:15:00Z,96.4,96.405,96.4,96.405,426.0,96.4,69
2026-04-22T09:30:00Z,96.4,96.405,96.4,96.4,503.0,96.4015,14
2026-04-22T09:45:00Z,96.4,96.4,96.395,96.4,2713.0,96.398,77
2026-04-22T10:00:00Z,96.4,96.4,96.39,96.39,1338.0,96.3945,46
2026-04-22T10:15:00Z,96.395,96.4,96.395,96.395,1309.0,96.397,25
2026-04-22T10:30:00Z,96.4,96.405,96.4,96.4,1918.0,96.4,52
2026-04-22T10:45:00Z,96.4,96.405,96.4,96.405,223.0,96.402,11
2026-04-22T11:00:00Z,96.405,96.405,96.4,96.405,183.0,96.4025,12
2026-04-22T11:15:00Z,96.405,96.41,96.405,96.405,1514.0,96.405,49
2026-04-22T11:30:00Z,96.41,96.415,96.41,96.415,1895.0,96.4125,39
2026-04-22T11:45:00Z,96.415,96.42,96.415,96.415,3116.0,96.415,162
2026-04-22T12:00:00Z,96.415,96.425,96.415,96.42,3817.0,96.42,125
2026-04-22T12:15:00Z,96.42,96.42,96.415,96.415,4930.0,96.42,163
2026-04-22T12:30:00Z,96.415,96.415,96.4,96.4,6134.0,96.407,120
2026-04-22T12:45:00Z,96.405,96.405,96.39,96.395,6314.0,96.398,201
2026-04-22T13:00:00Z,96.395,96.4,96.39,96.395,7312.0,96.3965,302
2026-04-22T13:15:00Z,96.4,96.405,96.395,96.4,12688.0,96.4005,305
2026-04-22T13:30:00Z,96.395,96.405,96.395,96.405,7260.0,96.397,207
2026-04-22T13:45:00Z,96.4,96.405,96.395,96.395,2689.0,96.4,135
2026-04-22T14:00:00Z,96.395,96.4,96.39,96.395,3673.0,96.395,111
2026-04-22T14:15:00Z,96.395,96.4,96.39,96.395,3046.0,96.395,99
2026-04-22T14:30:00Z,96.39,96.395,96.385,96.385,7806.0,96.388,289
2026-04-22T14:45:00Z,96.39,96.39,96.38,96.38,3809.0,96.3825,99
2026-04-22T15:00:00Z,96.38,96.385,96.375,96.38,8746.0,96.38,233
2026-04-22T15:15:00Z,96.38,96.385,96.38,96.385,4257.0,96.3805,147
2026-04-22T15:30:00Z,96.38,96.385,96.37,96.37,7465.0,96.3785,198
2026-04-22T15:45:00Z,96.375,96.38,96.375,96.375,7425.0,96.3755,68
2026-04-22T16:00:00Z,96.38,96.38,96.375,96.375,3290.0,96.3755,46
2026-04-22T16:15:00Z,96.38,96.38,96.37,96.37,6306.0,96.372,183
2026-04-22T16:30:00Z,96.37,96.375,96.365,96.37,7793.0,96.37,294
2026-04-22T16:45:00Z,96.37,96.375,96.365,96.365,6468.0,96.37,118
2026-04-22T17:00:00Z,96.37,96.38,96.365,96.38,2681.0,96.3735,89
2026-04-22T17:15:00Z,96.38,96.38,96.375,96.375,615.0,96.3755,25
2026-04-22T17:30:00Z,96.375,96.38,96.375,96.375,1166.0,96.375,12
2026-04-22T17:45:00Z,96.375,96.385,96.375,96.38,3046.0,96.379,89
2026-04-22T18:00:00Z,96.38,96.39,96.38,96.39,4323.0,96.384,175
2026-04-22T18:15:00Z,96.385,96.385,96.38,96.385,2942.0,96.3835,55
2026-04-22T18:30:00Z,96.385,96.385,96.38,96.38,6681.0,96.38,183
2026-04-22T18:45:00Z,96.38,96.385,96.375,96.38,2011.0,96.38,138
2026-04-22T19:00:00Z,96.385,96.385,96.38,96.385,94.0,96.383,14
2026-04-22T19:15:00Z,96.385,96.385,96.38,96.38,2955.0,96.38,88
2026-04-22T19:30:00Z,96.38,96.385,96.375,96.38,2647.0,96.38,82
2026-04-22T19:45:00Z,96.38,96.38,96.375,96.38,1267.0,96.379,61
2026-04-22T20:00:00Z,96.375,96.38,96.375,96.38,5968.0,96.375,165
2026-04-22T20:15:00Z,96.375,96.38,96.375,96.38,1195.0,96.375,18
2026-04-22T20:30:00Z,96.375,96.38,96.37,96.375,12853.0,96.375,212
2026-04-22T20:45:00Z,96.375,96.375,96.375,96.375,2023.0,96.375,96
2026-04-22T22:00:00Z,96.38,96.38,96.375,96.38,370.0,96.38,18
2026-04-22T22:15:00Z,96.38,96.385,96.38,96.385,256.0,96.381,9
2026-04-22T22:30:00Z,96.38,96.38,96.38,96.38,485.0,96.38,6
2026-04-22T22:45:00Z,96.38,96.38,96.38,96.38,184.0,96.38,3
2026-04-22T23:00:00Z,96.38,96.38,96.38,96.38,0.0,96.38,0
2026-04-22T23:15:00Z,96.375,96.375,96.375,96.375,35.0,96.375,1
2026-04-22T23:30:00Z,96.375,96.375,96.375,96.375,0.0,96.375,0
2026-04-22T23:45:00Z,96.38,96.38,96.375,96.375,367.0,96.3765,9
2026-04-23T00:00:00Z,96.375,96.375,96.36,96.36,3085.0,96.367,110
2026-04-23T00:15:00Z,96.36,96.375,96.355,96.37,6270.0,96.365,204
2026-04-23T00:30:00Z,96.375,96.375,96.37,96.37,488.0,96.371,18
2026-04-23T00:45:00Z,96.37,96.375,96.37,96.375,391.0,96.3745,8
2026-04-23T01:00:00Z,96.375,96.375,96.37,96.37,975.0,96.37,16
2026-04-23T01:15:00Z,96.37,96.37,96.37,96.37,690.0,96.37,25
2026-04-23T01:30:00Z,96.37,96.37,96.37,96.37,2191.0,96.37,55
2026-04-23T01:45:00Z,96.37,96.37,96.37,96.37,129.0,96.37,8
2026-04-23T02:00:00Z,96.365,96.365,96.365,96.365,650.0,96.365,27
2026-04-23T02:15:00Z,96.365,96.37,96.365,96.37,334.0,96.3695,9
2026-04-23T02:30:00Z,96.365,96.365,96.365,96.365,2911.0,96.365,20
2026-04-23T02:45:00Z,96.365,96.365,96.36,96.36,15.0,96.3605,6
2026-04-23T03:00:00Z,96.36,96.36,96.36,96.36,23.0,96.36,2
2026-04-23T03:15:00Z,96.365,96.365,96.365,96.365,1.0,96.365,1
2026-04-23T03:30:00Z,96.365,96.365,96.365,96.365,0.0,96.365,0
2026-04-23T03:45:00Z,96.365,96.365,96.36,96.36,43.0,96.364,5
2026-04-23T04:00:00Z,96.36,96.36,96.36,96.36,0.0,96.36,0
2026-04-23T04:15:00Z,96.365,96.365,96.365,96.365,59.0,96.365,2
2026-04-23T04:30:00Z,96.365,96.365,96.365,96.365,2877.0,96.365,50
2026-04-23T04:45:00Z,96.365,96.365,96.365,96.365,18.0,96.365,5
2026-04-23T05:00:00Z,96.365,96.365,96.365,96.365,3.0,96.365,1
2026-04-23T05:15:00Z,96.36,96.36,96.36,96.36,72.0,96.36,1
2026-04-23T05:30:00Z,96.36,96.36,96.36,96.36,5545.0,96.36,37
2026-04-23T05:45:00Z,96.36,96.36,96.36,96.36,600.0,96.36,13
2026-04-23T06:00:00Z,96.365,96.365,96.36,96.36,59.0,96.3615,7
2026-04-23T06:15:00Z,96.36,96.36,96.36,96.36,730.0,96.36,7
2026-04-23T06:30:00Z,96.36,96.36,96.36,96.36,1007.0,96.36,49
2026-04-23T06:45:00Z,96.355,96.355,96.355,96.355,1388.0,96.355,54
2026-04-23T07:00:00Z,96.355,96.365,96.355,96.365,3126.0,96.3605,153
2026-04-23T07:15:00Z,96.365,96.37,96.365,96.365,900.0,96.365,54
2026-04-23T07:30:00Z,96.37,96.37,96.365,96.365,1186.0,96.369,32
2026-04-23T07:45:00Z,96.37,96.37,96.365,96.365,1366.0,96.37,51
2026-04-23T08:00:00Z,96.365,96.365,96.365,96.365,392.0,96.365,17
2026-04-23T08:15:00Z,96.365,96.365,96.36,96.365,980.0,96.365,36
2026-04-23T08:30:00Z,96.36,96.36,96.36,96.36,1767.0,96.36,91
2026-04-23T08:45:00Z,96.36,96.36,96.36,96.36,16.0,96.36,3
2026-04-23T09:00:00Z,96.355,96.36,96.35,96.35,5231.0,96.351,196
2026-04-23T09:15:00Z,96.355,96.355,96.355,96.355,2472.0,96.355,66
2026-04-23T09:30:00Z,96.355,96.36,96.355,96.355,2226.0,96.3555,76
2026-04-23T09:45:00Z,96.355,96.355,96.355,96.355,1008.0,96.355,45
2026-04-23T10:00:00Z,96.35,96.355,96.35,96.355,1552.0,96.3545,71
2026-04-23T10:15:00Z,96.355,96.36,96.355,96.36,601.0,96.36,25
2026-04-23T10:30:00Z,96.36,96.36,96.355,96.355,282.0,96.355,14
2026-04-23T10:45:00Z,96.35,96.36,96.35,96.355,2213.0,96.354,60
2026-04-23T11:00:00Z,96.355,96.36,96.355,96.355,4676.0,96.3555,86
2026-04-23T11:15:00Z,96.35,96.355,96.35,96.355,4251.0,96.3545,124
2026-04-23T11:30:00Z,96.355,96.365,96.355,96.365,3577.0,96.362,121
2026-04-23T11:45:00Z,96.37,96.38,96.37,96.38,7721.0,96.375,145
2026-04-23T12:00:00Z,96.38,96.39,96.38,96.385,5331.0,96.3845,110
2026-04-23T12:15:00Z,96.38,96.38,96.37,96.375,6268.0,96.374,447
2026-04-23T12:30:00Z,96.375,96.385,96.375,96.375,2320.0,96.381,112
2026-04-23T12:45:00Z,96.375,96.375,96.365,96.375,9858.0,96.373,277
2026-04-23T13:00:00Z,96.375,96.38,96.37,96.375,5858.0,96.374,156
2026-04-23T13:15:00Z,96.375,96.38,96.375,96.38,4492.0,96.375,130
2026-04-23T13:30:00Z,96.375,96.385,96.375,96.38,3907.0,96.38,103
2026-04-23T13:45:00Z,96.38,96.385,96.37,96.375,8663.0,96.3785,238
2026-04-23T14:00:00Z,96.375,96.38,96.37,96.38,3263.0,96.3745,111
2026-04-23T14:15:00Z,96.38,96.385,96.375,96.38,7166.0,96.38,116
2026-04-23T14:30:00Z,96.38,96.38,96.375,96.38,3774.0,96.3755,150
2026-04-23T14:45:00Z,96.38,96.39,96.38,96.385,6666.0,96.384,156
2026-04-23T15:00:00Z,96.385,96.385,96.375,96.38,2859.0,96.38,112
2026-04-23T15:15:00Z,96.375,96.38,96.375,96.38,2285.0,96.378,89
2026-04-23T15:30:00Z,96.375,96.38,96.375,96.375,2933.0,96.377,84
2026-04-23T15:45:00Z,96.375,96.38,96.37,96.375,5361.0,96.3735,165
2026-04-23T16:00:00Z,96.37,96.375,96.37,96.375,1628.0,96.3725,27
2026-04-23T16:15:00Z,96.37,96.375,96.37,96.375,5011.0,96.375,104
2026-04-23T16:30:00Z,96.375,96.38,96.375,96.38,1182.0,96.38,31
2026-04-23T16:45:00Z,96.38,96.38,96.37,96.375,3548.0,96.3795,95
2026-04-23T17:00:00Z,96.38,96.38,96.36,96.365,13791.0,96.3665,430
2026-04-23T17:15:00Z,96.36,96.365,96.345,96.355,19661.0,96.3545,577
2026-04-23T17:30:00Z,96.355,96.365,96.335,96.34,16107.0,96.349,405
2026-04-23T17:45:00Z,96.34,96.365,96.34,96.365,24501.0,96.3495,546
2026-04-23T18:00:00Z,96.365,96.37,96.36,96.365,8050.0,96.3655,292
2026-04-23T18:15:00Z,96.365,96.37,96.36,96.37,3826.0,96.365,151
2026-04-23T18:30:00Z,96.37,96.37,96.365,96.365,3640.0,96.3675,90
2026-04-23T18:45:00Z,96.365,96.365,96.355,96.36,5164.0,96.361,274
2026-04-23T19:00:00Z,96.355,96.365,96.35,96.355,9469.0,96.357,140
2026-04-23T19:15:00Z,96.355,96.36,96.355,96.355,3688.0,96.355,102
2026-04-23T19:30:00Z,96.355,96.36,96.35,96.355,3294.0,96.3545,67
2026-04-23T19:45:00Z,96.36,96.365,96.35,96.355,1983.0,96.3585,49
2026-04-23T20:00:00Z,96.35,96.355,96.35,96.35,2684.0,96.3515,119
2026-04-23T20:15:00Z,96.35,96.355,96.345,96.35,4992.0,96.35,126
2026-04-23T20:30:00Z,96.35,96.355,96.35,96.355,89.0,96.352,34
2026-04-23T20:45:00Z,96.35,96.35,96.345,96.345,3125.0,96.3465,47
2026-04-23T22:00:00Z,96.345,96.355,96.345,96.35,394.0,96.35,13
2026-04-23T22:15:00Z,96.35,96.35,96.35,96.35,117.0,96.35,1
2026-04-23T22:30:00Z,96.35,96.35,96.35,96.35,534.0,96.35,108
2026-04-23T22:45:00Z,96.35,96.35,96.35,96.35,1.0,96.35,1
2026-04-23T23:00:00Z,96.35,96.35,96.35,96.35,159.0,96.35,10
2026-04-23T23:15:00Z,96.35,96.35,96.35,96.35,0.0,96.35,0
2026-04-23T23:30:00Z,96.35,96.35,96.345,96.345,61.0,96.3475,3
2026-04-23T23:45:00Z,96.35,96.35,96.35,96.35,278.0,96.35,38
2026-04-24T00:00:00Z,96.35,96.35,96.35,96.35,580.0,96.35,23
2026-04-24T00:15:00Z,96.355,96.355,96.35,96.35,393.0,96.35,20
2026-04-24T00:30:00Z,96.35,96.35,96.35,96.35,824.0,96.35,57
2026-04-24T00:45:00Z,96.35,96.35,96.345,96.35,459.0,96.35,22
2026-04-24T01:00:00Z,96.35,96.355,96.35,96.355,201.0,96.351,11
2026-04-24T01:15:00Z,96.355,96.355,96.35,96.35,431.0,96.3525,7
2026-04-24T01:30:00Z,96.345,96.345,96.345,96.345,533.0,96.345,27
2026-04-24T01:45:00Z,96.35,96.35,96.35,96.35,100.0,96.35,1
2026-04-24T02:00:00Z,96.35,96.35,96.35,96.35,372.0,96.35,9
2026-04-24T02:15:00Z,96.345,96.345,96.345,96.345,208.0,96.345,5
2026-04-24T02:30:00Z,96.345,96.345,96.345,96.345,759.0,96.345,26
2026-04-24T02:45:00Z,96.34,96.34,96.34,96.34,1.0,96.34,1
2026-04-24T03:00:00Z,96.34,96.34,96.34,96.34,620.0,96.34,9
2026-04-24T03:15:00Z,96.345,96.345,96.345,96.345,2.0,96.345,2
2026-04-24T03:30:00Z,96.345,96.345,96.345,96.345,0.0,96.345,0
2026-04-24T03:45:00Z,96.345,96.345,96.345,96.345,0.0,96.345,0
2026-04-24T04:00:00Z,96.34,96.34,96.34,96.34,536.0,96.34,14
2026-04-24T04:15:00Z,96.34,96.34,96.34,96.34,0.0,96.34,0
2026-04-24T04:30:00Z,96.34,96.34,96.34,96.34,0.0,96.34,0
2026-04-24T04:45:00Z,96.34,96.34,96.34,96.34,0.0,96.34,0
2026-04-24T05:00:00Z,96.34,96.34,96.34,96.34,250.0,96.34,6
2026-04-24T05:15:00Z,96.34,96.34,96.34,96.34,228.0,96.34,12
2026-04-24T05:30:00Z,96.34,96.34,96.34,96.34,0.0,96.34,0
2026-04-24T05:45:00Z,96.34,96.34,96.34,96.34,859.0,96.34,29
2026-04-24T06:00:00Z,96.34,96.345,96.34,96.345,1025.0,96.3435,30
2026-04-24T06:15:00Z,96.34,96.34,96.34,96.34,103.0,96.34,2
2026-04-24T06:30:00Z,96.34,96.35,96.34,96.345,549.0,96.342,15
2026-04-24T06:45:00Z,96.345,96.345,96.345,96.345,1915.0,96.345,44
2026-04-24T07:00:00Z,96.345,96.35,96.345,96.35,3514.0,96.349,60
2026-04-24T07:15:00Z,96.35,96.35,96.35,96.35,1579.0,96.35,27
2026-04-24T07:30:00Z,96.35,96.35,96.35,96.35,3832.0,96.35,33
2026-04-24T07:45:00Z,96.35,96.35,96.345,96.345,286.0,96.3495,18
2026-04-24T08:00:00Z,96.345,96.345,96.34,96.345,2014.0,96.345,64
2026-04-24T08:15:00Z,96.345,96.345,96.34,96.34,2410.0,96.342,63
2026-04-24T08:30:00Z,96.34,96.34,96.335,96.335,2253.0,96.3375,49
2026-04-24T08:45:00Z,96.335,96.34,96.335,96.34,2753.0,96.337,71
2026-04-24T09:00:00Z,96.34,96.345,96.34,96.34,1776.0,96.34,34
2026-04-24T09:15:00Z,96.34,96.34,96.335,96.34,1784.0,96.339,56
2026-04-24T09:30:00Z,96.34,96.345,96.34,96.345,2253.0,96.3435,55
2026-04-24T09:45:00Z,96.345,96.345,96.345,96.345,377.0,96.345,10
2026-04-24T10:00:00Z,96.345,96.345,96.34,96.34,370.0,96.3425,9
2026-04-24T10:15:00Z,96.34,96.34,96.335,96.34,1807.0,96.339,32
2026-04-24T10:30:00Z,96.34,96.34,96.34,96.34,55.0,96.34,7
2026-04-24T10:45:00Z,96.345,96.345,96.34,96.345,1476.0,96.345,44
2026-04-24T11:00:00Z,96.345,96.36,96.345,96.355,5352.0,96.3535,206
2026-04-24T11:15:00Z,96.355,96.375,96.355,96.37,9068.0,96.3655,363
2026-04-24T11:30:00Z,96.375,96.375,96.36,96.365,1428.0,96.366,81
2026-04-24T11:45:00Z,96.36,96.37,96.36,96.365,3732.0,96.361,151
2026-04-24T12:00:00Z,96.365,96.37,96.365,96.37,372.0,96.3665,37
2026-04-24T12:15:00Z,96.37,96.37,96.36,96.365,2586.0,96.365,116
2026-04-24T12:30:00Z,96.365,96.365,96.36,96.36,1393.0,96.36,84
2026-04-24T12:45:00Z,96.355,96.36,96.35,96.355,3692.0,96.352,296
2026-04-24T13:00:00Z,96.36,96.36,96.35,96.355,2523.0,96.355,145
2026-04-24T13:15:00Z,96.355,96.36,96.345,96.345,5567.0,96.3515,602
2026-04-24T13:30:00Z,96.35,96.35,96.345,96.35,3528.0,96.3495,293
2026-04-24T13:45:00Z,96.35,96.355,96.35,96.355,7029.0,96.3515,166
2026-04-24T14:00:00Z,96.355,96.41,96.35,96.4,41655.0,96.383,944
2026-04-24T14:15:00Z,96.395,96.405,96.39,96.39,26012.0,96.397,423
2026-04-24T14:30:00Z,96.395,96.405,96.39,96.405,7064.0,96.3995,314
2026-04-24T14:45:00Z,96.405,96.405,96.395,96.395,3220.0,96.3995,190
2026-04-24T15:00:00Z,96.4,96.405,96.385,96.385,10274.0,96.393,186
2026-04-24T15:15:00Z,96.385,96.39,96.38,96.385,5235.0,96.385,228
2026-04-24T15:30:00Z,96.385,96.41,96.385,96.4,11428.0,96.394,351
2026-04-24T15:45:00Z,96.405,96.41,96.4,96.41,9055.0,96.406,297
2026-04-24T16:00:00Z,96.405,96.41,96.4,96.405,3221.0,96.403,103
2026-04-24T16:15:00Z,96.405,96.415,96.4,96.41,3968.0,96.4065,171
2026-04-24T16:30:00Z,96.41,96.41,96.4,96.405,6671.0,96.408,255
2026-04-24T16:45:00Z,96.41,96.415,96.405,96.41,4465.0,96.41,178
2026-04-24T17:00:00Z,96.41,96.415,96.405,96.405,1602.0,96.4125,117
2026-04-24T17:15:00Z,96.405,96.41,96.4,96.405,1749.0,96.405,48
2026-04-24T17:30:00Z,96.405,96.41,96.4,96.4,3010.0,96.4055,120
2026-04-24T17:45:00Z,96.405,96.41,96.4,96.405,1428.0,96.4055,104
2026-04-24T18:00:00Z,96.405,96.41,96.405,96.41,6295.0,96.4085,134
2026-04-24T18:15:00Z,96.41,96.41,96.405,96.41,8728.0,96.4095,163
2026-04-24T18:30:00Z,96.405,96.42,96.405,96.42,1353.0,96.411,56
2026-04-24T18:45:00Z,96.42,96.42,96.41,96.41,2814.0,96.414,296
2026-04-24T19:00:00Z,96.41,96.42,96.41,96.415,4318.0,96.4145,209
2026-04-24T19:15:00Z,96.415,96.415,96.41,96.41,2400.0,96.415,74
2026-04-24T19:30:00Z,96.415,96.415,96.41,96.41,157.0,96.4125,17
2026-04-24T19:45:00Z,96.41,96.415,96.405,96.41,2281.0,96.41,87
2026-04-24T20:00:00Z,96.41,96.41,96.405,96.41,3548.0,96.4095,94
2026-04-24T20:15:00Z,96.41,96.41,96.405,96.41,853.0,96.406,40
2026-04-24T20:30:00Z,96.405,96.41,96.4,96.405,2301.0,96.4055,79
2026-04-24T20:45:00Z,96.405,96.41,96.4,96.41,2094.0,96.407,74
2026-04-26T22:00:00Z,96.39,96.395,96.385,96.39,1582.0,96.3875,68
2026-04-26T22:15:00Z,96.39,96.39,96.39,96.39,359.0,96.39,12
2026-04-26T22:30:00Z,96.39,96.39,96.39,96.39,0.0,96.39,0
2026-04-26T22:45:00Z,96.385,96.39,96.385,96.39,230.0,96.3895,2
2026-04-26T23:00:00Z,96.39,96.39,96.39,96.39,0.0,96.39,0
2026-04-26T23:15:00Z,96.385,96.385,96.385,96.385,2616.0,96.385,44
2026-04-26T23:30:00Z,96.38,96.385,96.38,96.38,57.0,96.38,12
2026-04-26T23:45:00Z,96.385,96.385,96.385,96.385,5.0,96.385,5
2026-04-27T00:00:00Z,96.385,96.385,96.38,96.385,122.0,96.385,16
2026-04-27T00:15:00Z,96.385,96.385,96.385,96.385,172.0,96.385,5
2026-04-27T00:30:00Z,96.385,96.385,96.38,96.385,4.0,96.384,4
2026-04-27T00:45:00Z,96.38,96.385,96.38,96.385,552.0,96.385,28
2026-04-27T01:00:00Z,96.385,96.395,96.385,96.385,1569.0,96.39,75
2026-04-27T01:15:00Z,96.39,96.39,96.385,96.39,130.0,96.385,7
2026-04-27T01:30:00Z,96.39,96.39,96.39,96.39,360.0,96.39,19
2026-04-27T01:45:00Z,96.39,96.39,96.39,96.39,0.0,96.39,0
2026-04-27T02:00:00Z,96.395,96.395,96.395,96.395,39.0,96.395,1
2026-04-27T02:15:00Z,96.395,96.395,96.395,96.395,0.0,96.395,0
2026-04-27T02:30:00Z,96.39,96.395,96.39,96.39,1226.0,96.39,33
2026-04-27T02:45:00Z,96.39,96.39,96.39,96.39,20.0,96.39,5
2026-04-27T03:00:00Z,96.395,96.395,96.385,96.385,10926.0,96.392,23
2026-04-27T03:15:00Z,96.39,96.39,96.39,96.39,3.0,96.39,3
2026-04-27T03:30:00Z,96.39,96.39,96.39,96.39,191.0,96.39,16
2026-04-27T03:45:00Z,96.39,96.39,96.385,96.39,52.0,96.388,8
2026-04-27T04:00:00Z,96.385,96.39,96.385,96.39,14.0,96.3855,14
2026-04-27T04:15:00Z,96.39,96.39,96.39,96.39,1.0,96.39,1
2026-04-27T04:30:00Z,96.385,96.385,96.385,96.385,7.0,96.385,2
2026-04-27T04:45:00Z,96.39,96.39,96.39,96.39,51.0,96.39,2
2026-04-27T05:00:00Z,96.39,96.39,96.39,96.39,25.0,96.39,1
2026-04-27T05:15:00Z,96.385,96.385,96.385,96.385,54.0,96.385,3
2026-04-27T05:30:00Z,96.385,96.385,96.385,96.385,1247.0,96.385,28
2026-04-27T05:45:00Z,96.39,96.39,96.385,96.385,335.0,96.385,8
2026-04-27T06:00:00Z,96.385,96.385,96.385,96.385,523.0,96.385,67
2026-04-27T06:15:00Z,96.385,96.39,96.385,96.39,267.0,96.385,29
2026-04-27T06:30:00Z,96.39,96.39,96.385,96.385,615.0,96.385,38
2026-04-27T06:45:00Z,96.385,96.39,96.385,96.39,807.0,96.385,35
2026-04-27T07:00:00Z,96.39,96.39,96.385,96.39,1699.0,96.39,51
2026-04-27T07:15:00Z,96.39,96.39,96.39,96.39,2091.0,96.39,87
2026-04-27T07:30:00Z,96.395,96.395,96.39,96.395,70.0,96.3945,9
2026-04-27T07:45:00Z,96.395,96.395,96.39,96.39,1401.0,96.3945,25
2026-04-27T08:00:00Z,96.39,96.395,96.39,96.395,385.0,96.3905,10
2026-04-27T08:15:00Z,96.395,96.395,96.39,96.395,2840.0,96.395,60
2026-04-27T08:30:00Z,96.395,96.395,96.395,96.395,1428.0,96.395,50
2026-04-27T08:45:00Z,96.395,96.4,96.395,96.4,56.0,96.3995,19
2026-04-27T09:00:00Z,96.395,96.4,96.395,96.4,196.0,96.4,24
2026-04-27T09:15:00Z,96.4,96.4,96.395,96.395,33.0,96.3975,5
2026-04-27T09:30:00Z,96.395,96.4,96.395,96.4,567.0,96.3955,16
2026-04-27T09:45:00Z,96.4,96.4,96.395,96.395,648.0,96.3955,12
2026-04-27T10:00:00Z,96.395,96.395,96.39,96.395,364.0,96.392,7
2026-04-27T10:15:00Z,96.395,96.4,96.395,96.395,811.0,96.395,17
2026-04-27T10:30:00Z,96.4,96.4,96.395,96.4,4391.0,96.4,53
2026-04-27T10:45:00Z,96.4,96.4,96.395,96.395,2407.0,96.3965,61
2026-04-27T11:00:00Z,96.395,96.395,96.39,96.39,1782.0,96.3935,55
2026-04-27T11:15:00Z,96.39,96.405,96.39,96.405,18083.0,96.3965,142
2026-04-27T11:30:00Z,96.405,96.405,96.4,96.4,1123.0,96.4005,54
2026-04-27T11:45:00Z,96.4,96.4,96.385,96.39,3795.0,96.392,56
2026-04-27T12:00:00Z,96.39,96.395,96.385,96.39,2257.0,96.39,96
2026-04-27T12:15:00Z,96.39,96.395,96.385,96.385,5597.0,96.3915,105
2026-04-27T12:30:00Z,96.39,96.395,96.385,96.39,5609.0,96.3895,120
2026-04-27T12:45:00Z,96.39,96.39,96.38,96.38,8837.0,96.3855,185
2026-04-27T13:00:00Z,96.38,96.4,96.38,96.395,28248.0,96.3905,212
2026-04-27T13:15:00Z,96.395,96.395,96.39,96.39,8837.0,96.39,320
2026-04-27T13:30:00Z,96.39,96.395,96.39,96.395,1150.0,96.391,76
2026-04-27T13:45:00Z,96.39,96.395,96.39,96.395,6732.0,96.3945,205
2026-04-27T14:00:00Z,96.395,96.4,96.39,96.395,5288.0,96.395,109
2026-04-27T14:15:00Z,96.395,96.395,96.39,96.395,878.0,96.3945,50
2026-04-27T14:30:00Z,96.395,96.4,96.385,96.39,6400.0,96.392,234
2026-04-27T14:45:00Z,96.395,96.395,96.39,96.39,2144.0,96.39,130
2026-04-27T15:00:00Z,96.39,96.395,96.385,96.385,18911.0,96.3895,603
2026-04-27T15:15:00Z,96.39,96.39,96.38,96.385,3903.0,96.383,116
2026-04-27T15:30:00Z,96.385,96.39,96.38,96.385,5431.0,96.3825,170
2026-04-27T15:45:00Z,96.385,96.385,96.38,96.385,3481.0,96.384,179
2026-04-27T16:00:00Z,96.385,96.385,96.38,96.385,828.0,96.385,38
2026-04-27T16:15:00Z,96.385,96.385,96.38,96.385,5159.0,96.3835,125
2026-04-27T16:30:00Z,96.385,96.385,96.38,96.385,650.0,96.381,34
2026-04-27T16:45:00Z,96.38,96.385,96.375,96.38,4294.0,96.38,245
2026-04-27T17:00:00Z,96.38,96.38,96.37,96.375,7139.0,96.375,90
2026-04-27T17:15:00Z,96.375,96.375,96.37,96.375,5952.0,96.373,229
2026-04-27T17:30:00Z,96.375,96.385,96.375,96.38,1367.0,96.379,85
2026-04-27T17:45:00Z,96.38,96.385,96.375,96.385,727.0,96.38,54
2026-04-27T18:00:00Z,96.38,96.385,96.375,96.375,1601.0,96.3795,88
2026-04-27T18:15:00Z,96.38,96.38,96.38,96.38,2605.0,96.38,54
2026-04-27T18:30:00Z,96.385,96.385,96.38,96.38,54.0,96.3815,16
2026-04-27T18:45:00Z,96.38,96.385,96.38,96.38,291.0,96.381,117
2026-04-27T19:00:00Z,96.38,96.385,96.38,96.385,699.0,96.3845,59
2026-04-27T19:15:00Z,96.385,96.39,96.385,96.385,2151.0,96.385,104
2026-04-27T19:30:00Z,96.385,96.39,96.385,96.39,829.0,96.385,25
2026-04-27T19:45:00Z,96.39,96.39,96.385,96.385,223.0,96.388,26
2026-04-27T20:00:00Z,96.385,96.39,96.385,96.385,824.0,96.3885,37
2026-04-27T20:15:00Z,96.385,96.39,96.385,96.385,657.0,96.385,104
2026-04-27T20:30:00Z,96.385,96.39,96.385,96.385,1690.0,96.3855,70
2026-04-27T20:45:00Z,96.385,96.39,96.385,96.385,1936.0,96.3855,154
2026-04-27T22:00:00Z,96.385,96.39,96.385,96.39,632.0,96.3875,33
2026-04-27T22:15:00Z,96.39,96.395,96.39,96.395,217.0,96.391,15
2026-04-27T22:30:00Z,96.39,96.39,96.39,96.39,254.0,96.39,20
2026-04-27T22:45:00Z,96.39,96.39,96.39,96.39,29.0,96.39,4
2026-04-27T23:00:00Z,96.39,96.39,96.39,96.39,205.0,96.39,4
2026-04-27T23:15:00Z,96.39,96.39,96.39,96.39,10.0,96.39,1
2026-04-27T23:30:00Z,96.39,96.39,96.39,96.39,0.0,96.39,0
2026-04-27T23:45:00Z,96.39,96.39,96.39,96.39,5.0,96.39,1
2026-04-28T00:00:00Z,96.39,96.39,96.39,96.39,0.0,96.39,0
2026-04-28T00:15:00Z,96.39,96.39,96.385,96.385,2165.0,96.39,28
2026-04-28T00:30:00Z,96.385,96.385,96.385,96.385,577.0,96.385,6
2026-04-28T00:45:00Z,96.385,96.385,96.385,96.385,717.0,96.385,28
2026-04-28T01:00:00Z,96.385,96.385,96.385,96.385,0.0,96.385,0
2026-04-28T01:15:00Z,96.385,96.385,96.385,96.385,8.0,96.385,3
2026-04-28T01:30:00Z,96.385,96.385,96.38,96.385,575.0,96.3845,47
2026-04-28T01:45:00Z,96.38,96.38,96.38,96.38,592.0,96.38,26
2026-04-28T02:00:00Z,96.375,96.38,96.375,96.375,1085.0,96.38,8
2026-04-28T02:15:00Z,96.375,96.375,96.375,96.375,0.0,96.375,0
2026-04-28T02:30:00Z,96.375,96.375,96.375,96.375,5.0,96.375,1
2026-04-28T02:45:00Z,96.375,96.375,96.375,96.375,492.0,96.375,18
2026-04-28T03:00:00Z,96.375,96.375,96.375,96.375,634.0,96.375,9
2026-04-28T03:15:00Z,96.375,96.375,96.375,96.375,3.0,96.375,3
2026-04-28T03:30:00Z,96.375,96.38,96.375,96.38,102.0,96.38,3
2026-04-28T03:45:00Z,96.375,96.375,96.375,96.375,1.0,96.375,1
2026-04-28T04:00:00Z,96.375,96.375,96.375,96.375,4.0,96.375,1
2026-04-28T04:15:00Z,96.375,96.375,96.375,96.375,0.0,96.375,0
2026-04-28T04:30:00Z,96.375,96.375,96.375,96.375,349.0,96.375,19
2026-04-28T04:45:00Z,96.375,96.375,96.375,96.375,0.0,96.375,0
2026-04-28T05:00:00Z,96.375,96.375,96.375,96.375,1017.0,96.375,28
2026-04-28T05:15:00Z,96.375,96.375,96.375,96.375,0.0,96.375,0
2026-04-28T05:30:00Z,96.375,96.375,96.37,96.37,357.0,96.371,6
2026-04-28T05:45:00Z,96.375,96.375,96.37,96.37,554.0,96.37,18
2026-04-28T06:00:00Z,96.37,96.37,96.37,96.37,287.0,96.37,25
2026-04-28T06:15:00Z,96.37,96.37,96.37,96.37,1127.0,96.37,52
2026-04-28T06:30:00Z,96.375,96.375,96.37,96.37,226.0,96.37,28
2026-04-28T06:45:00Z,96.37,96.37,96.365,96.365,254.0,96.37,16
2026-04-28T07:00:00Z,96.37,96.37,96.365,96.37,1193.0,96.37,44
2026-04-28T07:15:00Z,96.37,96.37,96.365,96.37,187.0,96.3665,14
2026-04-28T07:30:00Z,96.37,96.37,96.365,96.37,1447.0,96.37,27
2026-04-28T07:45:00Z,96.37,96.37,96.365,96.365,442.0,96.3675,18
2026-04-28T08:00:00Z,96.365,96.365,96.35,96.35,6501.0,96.3585,297
2026-04-28T08:15:00Z,96.355,96.365,96.355,96.365,2028.0,96.36,105
2026-04-28T08:30:00Z,96.365,96.365,96.365,96.365,672.0,96.365,32
2026-04-28T08:45:00Z,96.36,96.365,96.36,96.36,1478.0,96.36,62
2026-04-28T09:00:00Z,96.36,96.36,96.36,96.36,387.0,96.36,14
2026-04-28T09:15:00Z,96.36,96.365,96.36,96.36,692.0,96.3605,21
2026-04-28T09:30:00Z,96.365,96.365,96.36,96.365,1176.0,96.365,23
2026-04-28T09:45:00Z,96.365,96.365,96.365,96.365,2151.0,96.365,12
2026-04-28T10:00:00Z,96.365,96.365,96.36,96.36,1478.0,96.365,29
2026-04-28T10:15:00Z,96.36,96.365,96.355,96.365,1211.0,96.361,34
2026-04-28T10:30:00Z,96.365,96.365,96.36,96.36,2550.0,96.36,38
2026-04-28T10:45:00Z,96.36,96.36,96.36,96.36,91.0,96.36,16
2026-04-28T11:00:00Z,96.36,96.36,96.36,96.36,3548.0,96.36,86
2026-04-28T11:15:00Z,96.355,96.355,96.355,96.355,1317.0,96.355,75
2026-04-28T11:30:00Z,96.355,96.355,96.345,96.345,7796.0,96.353,276
2026-04-28T11:45:00Z,96.345,96.35,96.33,96.335,30033.0,96.3395,481
2026-04-28T12:00:00Z,96.335,96.35,96.335,96.345,6713.0,96.342,188
2026-04-28T12:15:00Z,96.345,96.355,96.335,96.345,8156.0,96.348,300
2026-04-28T12:30:00Z,96.345,96.35,96.34,96.345,8043.0,96.3455,269
2026-04-28T12:45:00Z,96.35,96.36,96.345,96.355,3922.0,96.3505,273
2026-04-28T13:00:00Z,96.355,96.355,96.345,96.35,4429.0,96.3505,152
2026-04-28T13:15:00Z,96.345,96.355,96.345,96.355,9414.0,96.351,255
2026-04-28T13:30:00Z,96.355,96.355,96.345,96.355,6727.0,96.3515,156
2026-04-28T13:45:00Z,96.355,96.36,96.35,96.35,4817.0,96.355,184
2026-04-28T14:00:00Z,96.35,96.35,96.335,96.34,5498.0,96.3425,122
2026-04-28T14:15:00Z,96.34,96.345,96.34,96.345,6572.0,96.344,110
2026-04-28T14:30:00Z,96.345,96.345,96.335,96.34,5426.0,96.3405,155
2026-04-28T14:45:00Z,96.34,96.35,96.34,96.35,4467.0,96.3445,151
2026-04-28T15:00:00Z,96.35,96.355,96.345,96.345,2898.0,96.35,107
2026-04-28T15:15:00Z,96.35,96.355,96.345,96.35,2857.0,96.35,140
2026-04-28T15:30:00Z,96.345,96.35,96.345,96.345,1054.0,96.3465,45
2026-04-28T15:45:00Z,96.345,96.35,96.34,96.345,1531.0,96.344,52
2026-04-28T16:00:00Z,96.345,96.345,96.34,96.345,3130.0,96.345,61
2026-04-28T16:15:00Z,96.345,96.345,96.34,96.34,1030.0,96.3415,53
2026-04-28T16:30:00Z,96.34,96.345,96.34,96.345,55.0,96.344,21
2026-04-28T16:45:00Z,96.34,96.35,96.34,96.345,2161.0,96.345,90
2026-04-28T17:00:00Z,96.345,96.345,96.34,96.345,5015.0,96.345,82
2026-04-28T17:15:00Z,96.34,96.345,96.335,96.34,4212.0,96.34,145
2026-04-28T17:30:00Z,96.34,96.345,96.335,96.34,2481.0,96.3405,22
2026-04-28T17:45:00Z,96.345,96.35,96.345,96.345,980.0,96.3465,22
2026-04-28T18:00:00Z,96.345,96.345,96.345,96.345,2845.0,96.345,39
2026-04-28T18:15:00Z,96.345,96.35,96.34,96.345,2010.0,96.345,66
2026-04-28T18:30:00Z,96.345,96.35,96.345,96.35,2388.0,96.3495,106
2026-04-28T18:45:00Z,96.35,96.35,96.345,96.345,3361.0,96.3495,293
2026-04-28T19:00:00Z,96.345,96.35,96.345,96.35,678.0,96.346,38
2026-04-28T19:15:00Z,96.345,96.35,96.345,96.345,1139.0,96.345,33
2026-04-28T19:30:00Z,96.345,96.35,96.34,96.345,3219.0,96.345,76
2026-04-28T19:45:00Z,96.345,96.35,96.34,96.35,2428.0,96.3455,96
2026-04-28T20:00:00Z,96.35,96.355,96.35,96.355,1963.0,96.3525,86
2026-04-28T20:15:00Z,96.355,96.36,96.35,96.35,1416.0,96.355,43
2026-04-28T20:30:00Z,96.35,96.355,96.35,96.35,137.0,96.354,19
2026-04-28T20:45:00Z,96.35,96.355,96.35,96.35,395.0,96.3545,51
2026-04-28T22:00:00Z,96.35,96.35,96.345,96.345,638.0,96.3495,49
2026-04-28T22:15:00Z,96.345,96.355,96.345,96.355,318.0,96.3505,19
2026-04-28T22:30:00Z,96.35,96.35,96.35,96.35,19.0,96.35,19
2026-04-28T22:45:00Z,96.35,96.35,96.35,96.35,14.0,96.35,14
2026-04-28T23:00:00Z,96.35,96.35,96.35,96.35,8.0,96.35,8
2026-04-28T23:15:00Z,96.35,96.35,96.35,96.35,57.0,96.35,14
2026-04-28T23:30:00Z,96.35,96.35,96.345,96.35,683.0,96.35,31
2026-04-28T23:45:00Z,96.35,96.355,96.35,96.355,258.0,96.3545,27
2026-04-29T00:00:00Z,96.355,96.355,96.35,96.35,884.0,96.355,31
2026-04-29T00:15:00Z,96.355,96.355,96.35,96.35,88.0,96.3505,36
2026-04-29T00:30:00Z,96.35,96.35,96.35,96.35,34.0,96.35,20
2026-04-29T00:45:00Z,96.35,96.35,96.35,96.35,4260.0,96.35,95
2026-04-29T01:00:00Z,96.35,96.35,96.34,96.34,1030.0,96.345,64
2026-04-29T01:15:00Z,96.34,96.34,96.34,96.34,270.0,96.34,14
2026-04-29T01:30:00Z,96.34,96.345,96.34,96.34,133.0,96.341,10
2026-04-29T01:45:00Z,96.34,96.34,96.34,96.34,14.0,96.34,14
2026-04-29T02:00:00Z,96.345,96.35,96.345,96.35,647.0,96.346,23
2026-04-29T02:15:00Z,96.35,96.35,96.345,96.35,211.0,96.35,10
2026-04-29T02:30:00Z,96.35,96.35,96.345,96.35,509.0,96.35,24
2026-04-29T02:45:00Z,96.35,96.35,96.35,96.35,863.0,96.35,17
2026-04-29T03:00:00Z,96.35,96.35,96.35,96.35,191.0,96.35,6
2026-04-29T03:15:00Z,96.35,96.355,96.35,96.35,82.0,96.3545,19
2026-04-29T03:30:00Z,96.35,96.35,96.35,96.35,7.0,96.35,7
2026-04-29T03:45:00Z,96.35,96.355,96.35,96.355,1030.0,96.355,28
2026-04-29T04:00:00Z,96.355,96.355,96.35,96.355,333.0,96.355,12
2026-04-29T04:15:00Z,96.355,96.355,96.355,96.355,72.0,96.355,8
2026-04-29T04:30:00Z,96.355,96.355,96.355,96.355,5.0,96.355,5
2026-04-29T04:45:00Z,96.355,96.355,96.355,96.355,18.0,96.355,9
2026-04-29T05:00:00Z,96.355,96.355,96.35,96.35,308.0,96.355,15
2026-04-29T05:15:00Z,96.35,96.355,96.35,96.35,508.0,96.355,9
2026-04-29T05:30:00Z,96.35,96.35,96.345,96.35,395.0,96.35,14
2026-04-29T05:45:00Z,96.35,96.35,96.35,96.35,181.0,96.35,10
2026-04-29T06:00:00Z,96.35,96.355,96.35,96.35,316.0,96.35,11
2026-04-29T06:15:00Z,96.35,96.355,96.35,96.355,831.0,96.355,14
2026-04-29T06:30:00Z,96.35,96.35,96.345,96.35,962.0,96.35,31
2026-04-29T06:45:00Z,96.355,96.355,96.35,96.35,28.0,96.352,19
2026-04-29T07:00:00Z,96.355,96.355,96.35,96.35,2257.0,96.352,94
2026-04-29T07:15:00Z,96.35,96.35,96.34,96.34,16377.0,96.3445,101
2026-04-29T07:30:00Z,96.345,96.345,96.335,96.335,1301.0,96.3425,52
2026-04-29T07:45:00Z,96.335,96.34,96.335,96.335,2051.0,96.335,47
2026-04-29T08:00:00Z,96.34,96.34,96.335,96.34,2335.0,96.34,57
2026-04-29T08:15:00Z,96.34,96.34,96.335,96.34,1640.0,96.34,103
2026-04-29T08:30:00Z,96.34,96.34,96.335,96.335,1836.0,96.336,56
2026-04-29T08:45:00Z,96.335,96.335,96.335,96.335,112.0,96.335,14
2026-04-29T09:00:00Z,96.34,96.34,96.335,96.335,5.0,96.338,3
2026-04-29T09:15:00Z,96.34,96.34,96.335,96.34,384.0,96.336,9
2026-04-29T09:30:00Z,96.335,96.34,96.335,96.335,1601.0,96.335,31
2026-04-29T09:45:00Z,96.33,96.33,96.32,96.32,2279.0,96.328,92
2026-04-29T10:00:00Z,96.325,96.33,96.325,96.325,2214.0,96.325,80
2026-04-29T10:15:00Z,96.325,96.33,96.325,96.325,1087.0,96.325,54
2026-04-29T10:30:00Z,96.33,96.33,96.325,96.33,1712.0,96.33,58
2026-04-29T10:45:00Z,96.33,96.335,96.33,96.335,2304.0,96.33,105
2026-04-29T11:00:00Z,96.335,96.335,96.33,96.33,1337.0,96.33,57
2026-04-29T11:15:00Z,96.33,96.335,96.33,96.33,2821.0,96.33,84
2026-04-29T11:30:00Z,96.33,96.335,96.325,96.33,3234.0,96.3335,74
2026-04-29T11:45:00Z,96.33,96.335,96.325,96.325,3856.0,96.328,260
2026-04-29T12:00:00Z,96.325,96.325,96.32,96.32,7217.0,96.325,153
2026-04-29T12:15:00Z,96.325,96.33,96.325,96.33,8945.0,96.326,329
2026-04-29T12:30:00Z,96.325,96.325,96.32,96.32,20016.0,96.321,442
2026-04-29T12:45:00Z,96.32,96.32,96.31,96.32,18244.0,96.316,92
2026-04-29T13:00:00Z,96.32,96.325,96.315,96.325,4649.0,96.32,138
2026-04-29T13:15:00Z,96.32,96.325,96.305,96.31,13101.0,96.3135,263
2026-04-29T13:30:00Z,96.31,96.315,96.305,96.31,8089.0,96.31,244
2026-04-29T13:45:00Z,96.31,96.315,96.305,96.305,9713.0,96.3095,252
2026-04-29T14:00:00Z,96.305,96.31,96.3,96.31,6990.0,96.307,163
2026-04-29T14:15:00Z,96.31,96.315,96.31,96.31,12015.0,96.3145,277
2026-04-29T14:30:00Z,96.31,96.31,96.305,96.31,7460.0,96.31,231
2026-04-29T14:45:00Z,96.31,96.31,96.305,96.305,2051.0,96.3055,92
2026-04-29T15:00:00Z,96.305,96.305,96.305,96.305,5989.0,96.305,256
2026-04-29T15:15:00Z,96.305,96.31,96.3,96.305,5019.0,96.305,222
2026-04-29T15:30:00Z,96.305,96.305,96.295,96.3,5636.0,96.3,336
2026-04-29T15:45:00Z,96.3,96.31,96.29,96.295,18573.0,96.296,637
2026-04-29T16:00:00Z,96.295,96.31,96.295,96.3,8971.0,96.302,251
2026-04-29T16:15:00Z,96.3,96.305,96.295,96.295,7522.0,96.2985,373
2026-04-29T16:30:00Z,96.295,96.295,96.28,96.28,7730.0,96.2865,309
2026-04-29T16:45:00Z,96.285,96.29,96.28,96.29,7534.0,96.285,204
2026-04-29T17:00:00Z,96.285,96.29,96.28,96.285,6599.0,96.285,219
2026-04-29T17:15:00Z,96.285,96.295,96.285,96.29,7595.0,96.2905,238
2026-04-29T17:30:00Z,96.29,96.3,96.29,96.3,6937.0,96.295,150
2026-04-29T17:45:00Z,96.295,96.305,96.295,96.3,11234.0,96.2985,316
2026-04-29T18:00:00Z,96.3,96.305,96.25,96.25,39165.0,96.2755,1044
2026-04-29T18:15:00Z,96.25,96.275,96.25,96.275,14646.0,96.2655,431
2026-04-29T18:30:00Z,96.275,96.29,96.255,96.255,30224.0,96.27,875
2026-04-29T18:45:00Z,96.255,96.26,96.245,96.255,21095.0,96.2505,979
2026-04-29T19:00:00Z,96.255,96.27,96.255,96.27,20343.0,96.265,325
2026-04-29T19:15:00Z,96.275,96.275,96.255,96.265,10176.0,96.2655,123
2026-04-29T19:30:00Z,96.26,96.26,96.255,96.26,2965.0,96.257,152
2026-04-29T19:45:00Z,96.26,96.265,96.255,96.26,4313.0,96.2605,112
2026-04-29T20:00:00Z,96.26,96.265,96.255,96.26,2595.0,96.26,129
2026-04-29T20:15:00Z,96.26,96.265,96.255,96.26,2506.0,96.258,110
2026-04-29T20:30:00Z,96.255,96.255,96.25,96.25,5203.0,96.255,194
2026-04-29T20:45:00Z,96.25,96.255,96.245,96.245,2593.0,96.2465,283
2026-04-29T22:00:00Z,96.245,96.25,96.24,96.245,2215.0,96.2405,65
2026-04-29T22:15:00Z,96.245,96.245,96.245,96.245,2.0,96.245,1
2026-04-29T22:30:00Z,96.245,96.25,96.245,96.25,303.0,96.2465,8
2026-04-29T22:45:00Z,96.25,96.25,96.25,96.25,1516.0,96.25,17
2026-04-29T23:00:00Z,96.25,96.25,96.25,96.25,816.0,96.25,25
2026-04-29T23:15:00Z,96.25,96.255,96.25,96.255,1104.0,96.254,8
2026-04-29T23:30:00Z,96.25,96.255,96.25,96.255,605.0,96.254,35
2026-04-29T23:45:00Z,96.255,96.255,96.255,96.255,522.0,96.255,31
2026-04-30T00:00:00Z,96.255,96.26,96.25,96.26,2095.0,96.256,127
2026-04-30T00:15:00Z,96.26,96.26,96.26,96.26,830.0,96.26,93
2026-04-30T00:30:00Z,96.26,96.265,96.26,96.26,501.0,96.261,30
2026-04-30T00:45:00Z,96.26,96.26,96.26,96.26,622.0,96.26,29
2026-04-30T01:00:00Z,96.26,96.26,96.26,96.26,240.0,96.26,30
2026-04-30T01:15:00Z,96.26,96.26,96.26,96.26,14.0,96.26,7
2026-04-30T01:30:00Z,96.265,96.265,96.255,96.26,4926.0,96.26,78
2026-04-30T01:45:00Z,96.26,96.26,96.26,96.26,45.0,96.26,4
2026-04-30T02:00:00Z,96.26,96.26,96.26,96.26,90.0,96.26,8
2026-04-30T02:15:00Z,96.26,96.265,96.26,96.26,403.0,96.26,17
2026-04-30T02:30:00Z,96.26,96.265,96.26,96.26,1937.0,96.2625,78
2026-04-30T02:45:00Z,96.26,96.265,96.26,96.265,1398.0,96.261,96
2026-04-30T03:00:00Z,96.265,96.265,96.26,96.26,156.0,96.264,6
2026-04-30T03:15:00Z,96.26,96.26,96.26,96.26,1607.0,96.26,20
2026-04-30T03:30:00Z,96.26,96.26,96.255,96.26,2756.0,96.26,84
2026-04-30T03:45:00Z,96.26,96.26,96.26,96.26,432.0,96.26,8
2026-04-30T04:00:00Z,96.26,96.26,96.25,96.25,10098.0,96.255,59
2026-04-30T04:15:00Z,96.25,96.25,96.245,96.245,1581.0,96.2495,38
2026-04-30T04:30:00Z,96.245,96.245,96.245,96.245,1450.0,96.245,31
2026-04-30T04:45:00Z,96.25,96.25,96.25,96.25,200.0,96.25,1
2026-04-30T05:00:00Z,96.25,96.25,96.25,96.25,4960.0,96.25,12
2026-04-30T05:15:00Z,96.25,96.25,96.245,96.25,2041.0,96.25,19
2026-04-30T05:30:00Z,96.25,96.25,96.25,96.25,490.0,96.25,25
2026-04-30T05:45:00Z,96.245,96.245,96.24,96.245,4935.0,96.245,39
2026-04-30T06:00:00Z,96.245,96.25,96.245,96.245,912.0,96.245,36
2026-04-30T06:15:00Z,96.245,96.25,96.24,96.25,1355.0,96.2455,70
2026-04-30T06:30:00Z,96.25,96.265,96.25,96.25,1971.0,96.256,70
2026-04-30T06:45:00Z,96.25,96.26,96.25,96.26,1266.0,96.2575,47
2026-04-30T07:00:00Z,96.26,96.265,96.26,96.265,1456.0,96.265,24
2026-04-30T07:15:00Z,96.27,96.27,96.265,96.265,2680.0,96.265,83
2026-04-30T07:30:00Z,96.265,96.265,96.26,96.265,4013.0,96.2645,113
2026-04-30T07:45:00Z,96.265,96.275,96.265,96.27,1761.0,96.271,41
2026-04-30T08:00:00Z,96.27,96.275,96.27,96.275,1548.0,96.2735,71
2026-04-30T08:15:00Z,96.275,96.275,96.27,96.275,869.0,96.275,47
2026-04-30T08:30:00Z,96.275,96.28,96.27,96.27,3287.0,96.2725,77
2026-04-30T08:45:00Z,96.27,96.275,96.265,96.27,1066.0,96.2695,12
2026-04-30T09:00:00Z,96.27,96.275,96.27,96.275,1406.0,96.273,24
2026-04-30T09:15:00Z,96.27,96.275,96.27,96.275,3570.0,96.275,92
2026-04-30T09:30:00Z,96.275,96.28,96.275,96.28,17522.0,96.2765,289
2026-04-30T09:45:00Z,96.28,96.285,96.28,96.285,2702.0,96.284,68
2026-04-30T10:00:00Z,96.285,96.29,96.285,96.29,6111.0,96.2895,195
2026-04-30T10:15:00Z,96.29,96.295,96.29,96.295,4584.0,96.293,95
2026-04-30T10:30:00Z,96.295,96.295,96.29,96.295,1766.0,96.2945,106
2026-04-30T10:45:00Z,96.29,96.3,96.29,96.29,2330.0,96.2935,50
2026-04-30T11:00:00Z,96.295,96.3,96.295,96.295,3505.0,96.2965,129
2026-04-30T11:15:00Z,96.295,96.3,96.29,96.3,1830.0,96.293,56
2026-04-30T11:30:00Z,96.295,96.3,96.29,96.29,3273.0,96.295,108
2026-04-30T11:45:00Z,96.295,96.295,96.29,96.295,3895.0,96.2935,95
2026-04-30T12:00:00Z,96.295,96.295,96.29,96.29,3238.0,96.295,126
2026-04-30T12:15:00Z,96.295,96.3,96.285,96.29,8894.0,96.293,286
2026-04-30T12:30:00Z,96.29,96.295,96.28,96.285,8144.0,96.2875,220
2026-04-30T12:45:00Z,96.285,96.3,96.285,96.295,7608.0,96.292,221
2026-04-30T13:00:00Z,96.295,96.305,96.295,96.305,8784.0,96.302,253
2026-04-30T13:15:00Z,96.305,96.305,96.3,96.305,4779.0,96.305,133
2026-04-30T13:30:00Z,96.305,96.305,96.29,96.295,11713.0,96.2995,277
2026-04-30T13:45:00Z,96.295,96.3,96.29,96.29,3450.0,96.295,157
2026-04-30T14:00:00Z,96.29,96.295,96.29,96.295,6015.0,96.295,381
2026-04-30T14:15:00Z,96.295,96.305,96.29,96.305,3395.0,96.297,143
2026-04-30T14:30:00Z,96.3,96.305,96.29,96.295,7399.0,96.296,427
2026-04-30T14:45:00Z,96.295,96.3,96.29,96.3,6357.0,96.297,244
2026-04-30T15:00:00Z,96.3,96.3,96.29,96.3,5472.0,96.297,185
2026-04-30T15:15:00Z,96.295,96.305,96.295,96.3,3279.0,96.299,87
2026-04-30T15:30:00Z,96.305,96.305,96.295,96.3,984.0,96.3005,106
2026-04-30T15:45:00Z,96.295,96.3,96.29,96.3,2112.0,96.2955,149
2026-04-30T16:00:00Z,96.3,96.305,96.295,96.305,3231.0,96.303,113
2026-04-30T16:15:00Z,96.305,96.31,96.3,96.3,2580.0,96.3075,50
2026-04-30T16:30:00Z,96.3,96.305,96.3,96.305,3600.0,96.303,77
2026-04-30T16:45:00Z,96.305,96.305,96.3,96.3,3258.0,96.305,75
2026-04-30T17:00:00Z,96.3,96.305,96.3,96.305,175.0,96.301,19
2026-04-30T17:15:00Z,96.3,96.305,96.3,96.3,885.0,96.301,53
2026-04-30T17:30:00Z,96.305,96.31,96.305,96.305,5443.0,96.305,129
2026-04-30T17:45:00Z,96.305,96.31,96.305,96.305,2147.0,96.305,54
2026-04-30T18:00:00Z,96.305,96.31,96.305,96.31,5612.0,96.31,236
2026-04-30T18:15:00Z,96.305,96.315,96.305,96.31,2476.0,96.31,97
2026-04-30T18:30:00Z,96.305,96.31,96.305,96.305,1463.0,96.305,53
2026-04-30T18:45:00Z,96.31,96.31,96.305,96.305,1767.0,96.306,179
2026-04-30T19:00:00Z,96.305,96.32,96.305,96.315,7601.0,96.311,154
2026-04-30T19:15:00Z,96.315,96.32,96.31,96.31,3172.0,96.3155,77
2026-04-30T19:30:00Z,96.31,96.315,96.31,96.31,7328.0,96.31,189
2026-04-30T19:45:00Z,96.31,96.31,96.3,96.305,12352.0,96.305,344
2026-04-30T20:00:00Z,96.31,96.315,96.305,96.315,11966.0,96.31,236
2026-04-30T20:15:00Z,96.315,96.315,96.31,96.315,4185.0,96.312,114
2026-04-30T20:30:00Z,96.315,96.32,96.315,96.315,7827.0,96.3155,647
2026-04-30T20:45:00Z,96.315,96.315,96.31,96.31,2345.0,96.3115,213
2026-04-30T22:00:00Z,96.31,96.31,96.31,96.31,1136.0,96.31,17
2026-04-30T22:15:00Z,96.305,96.305,96.305,96.305,200.0,96.305,10
2026-04-30T22:30:00Z,96.3,96.3,96.3,96.3,6.0,96.3,1
2026-04-30T22:45:00Z,96.3,96.3,96.3,96.3,1232.0,96.3,4
2026-04-30T23:00:00Z,96.3,96.3,96.3,96.3,25.0,96.3,1
2026-04-30T23:15:00Z,96.3,96.3,96.3,96.3,57.0,96.3,1
2026-04-30T23:30:00Z,96.3,96.3,96.295,96.3,1042.0,96.3,18
2026-04-30T23:45:00Z,96.3,96.3,96.3,96.3,70.0,96.3,2
2026-05-01T00:00:00Z,96.295,96.295,96.295,96.295,106.0,96.295,2
2026-05-01T00:15:00Z,96.295,96.295,96.295,96.295,1463.0,96.295,26
2026-05-01T00:30:00Z,96.295,96.295,96.295,96.295,2.0,96.295,1
2026-05-01T00:45:00Z,96.3,96.3,96.3,96.3,2453.0,96.3,5
2026-05-01T01:00:00Z,96.3,96.3,96.3,96.3,52.0,96.3,3
2026-05-01T01:15:00Z,96.3,96.3,96.3,96.3,96.0,96.3,2
2026-05-01T01:30:00Z,96.3,96.305,96.3,96.3,569.0,96.3,28
2026-05-01T01:45:00Z,96.3,96.305,96.3,96.305,198.0,96.3,3
2026-05-01T02:00:00Z,96.305,96.305,96.305,96.305,0.0,96.305,0
2026-05-01T02:15:00Z,96.3,96.3,96.3,96.3,400.0,96.3,1
2026-05-01T02:30:00Z,96.305,96.305,96.305,96.305,10.0,96.305,1
2026-05-01T02:45:00Z,96.305,96.305,96.305,96.305,0.0,96.305,0
2026-05-01T03:00:00Z,96.305,96.305,96.305,96.305,0.0,96.305,0
2026-05-01T03:15:00Z,96.305,96.305,96.305,96.305,0.0,96.305,0
2026-05-01T03:30:00Z,96.3,96.3,96.3,96.3,41.0,96.3,2
2026-05-01T03:45:00Z,96.3,96.3,96.3,96.3,1220.0,96.3,15
2026-05-01T04:00:00Z,96.3,96.3,96.3,96.3,155.0,96.3,8
2026-05-01T04:15:00Z,96.3,96.3,96.3,96.3,713.0,96.3,54
2026-05-01T04:30:00Z,96.3,96.3,96.3,96.3,23.0,96.3,3
2026-05-01T04:45:00Z,96.3,96.3,96.3,96.3,0.0,96.3,0
2026-05-01T05:00:00Z,96.3,96.3,96.3,96.3,133.0,96.3,10
2026-05-01T05:15:00Z,96.3,96.3,96.3,96.3,168.0,96.3,11
2026-05-01T05:30:00Z,96.3,96.3,96.3,96.3,47.0,96.3,5
2026-05-01T05:45:00Z,96.3,96.3,96.3,96.3,27.0,96.3,2
2026-05-01T06:00:00Z,96.3,96.3,96.3,96.3,223.0,96.3,9
2026-05-01T06:15:00Z,96.3,96.3,96.3,96.3,514.0,96.3,17
2026-05-01T06:30:00Z,96.3,96.305,96.3,96.3,561.0,96.302,8
2026-05-01T06:45:00Z,96.305,96.305,96.305,96.305,997.0,96.305,17
2026-05-01T07:00:00Z,96.3,96.3,96.3,96.3,976.0,96.3,35
2026-05-01T07:15:00Z,96.3,96.3,96.3,96.3,1438.0,96.3,42
2026-05-01T07:30:00Z,96.3,96.3,96.295,96.295,905.0,96.295,28
2026-05-01T07:45:00Z,96.295,96.295,96.295,96.295,291.0,96.295,4
2026-05-01T08:00:00Z,96.295,96.295,96.295,96.295,0.0,96.295,0
2026-05-01T08:15:00Z,96.29,96.3,96.29,96.3,1191.0,96.295,18
2026-05-01T08:30:00Z,96.295,96.295,96.295,96.295,93.0,96.295,3
2026-05-01T08:45:00Z,96.3,96.3,96.3,96.3,10.0,96.3,3
2026-05-01T09:00:00Z,96.3,96.3,96.295,96.295,51.0,96.2995,6
2026-05-01T09:15:00Z,96.295,96.3,96.295,96.295,254.0,96.2985,21
2026-05-01T09:30:00Z,96.3,96.3,96.295,96.3,779.0,96.3,10
2026-05-01T09:45:00Z,96.3,96.3,96.3,96.3,2140.0,96.3,71
2026-05-01T10:00:00Z,96.3,96.3,96.3,96.3,269.0,96.3,24
2026-05-01T10:15:00Z,96.3,96.3,96.3,96.3,246.0,96.3,4
2026-05-01T10:30:00Z,96.3,96.3,96.3,96.3,1985.0,96.3,23
2026-05-01T10:45:00Z,96.3,96.3,96.3,96.3,194.0,96.3,17
2026-05-01T11:00:00Z,96.3,96.3,96.295,96.3,299.0,96.3,12
2026-05-01T11:15:00Z,96.3,96.305,96.3,96.3,533.0,96.3,22
2026-05-01T11:30:00Z,96.3,96.3,96.295,96.295,890.0,96.2985,16
2026-05-01T11:45:00Z,96.3,96.3,96.295,96.295,2030.0,96.295,87
2026-05-01T12:00:00Z,96.295,96.315,96.295,96.31,7151.0,96.3025,303
2026-05-01T12:15:00Z,96.31,96.315,96.305,96.31,5598.0,96.309,252
2026-05-01T12:30:00Z,96.31,96.315,96.305,96.305,5856.0,96.3085,284
2026-05-01T12:45:00Z,96.305,96.305,96.295,96.295,4854.0,96.299,115
2026-05-01T13:00:00Z,96.29,96.295,96.29,96.29,5179.0,96.293,97
2026-05-01T13:15:00Z,96.29,96.29,96.29,96.29,4344.0,96.29,59
2026-05-01T13:30:00Z,96.285,96.295,96.285,96.285,5151.0,96.2875,129
2026-05-01T13:45:00Z,96.29,96.305,96.28,96.305,13351.0,96.294,402
2026-05-01T14:00:00Z,96.305,96.33,96.305,96.325,14861.0,96.315,455
2026-05-01T14:15:00Z,96.33,96.335,96.32,96.325,14373.0,96.3275,429
2026-05-01T14:30:00Z,96.325,96.325,96.315,96.315,6367.0,96.318,282
2026-05-01T14:45:00Z,96.315,96.315,96.3,96.305,10591.0,96.31,210
2026-05-01T15:00:00Z,96.305,96.305,96.285,96.295,11806.0,96.2945,231
2026-05-01T15:15:00Z,96.295,96.305,96.295,96.3,5751.0,96.3,204
2026-05-01T15:30:00Z,96.305,96.305,96.295,96.295,3021.0,96.3,75
2026-05-01T15:45:00Z,96.295,96.3,96.295,96.295,6858.0,96.298,224
2026-05-01T16:00:00Z,96.3,96.31,96.295,96.31,2883.0,96.3015,98
2026-05-01T16:15:00Z,96.305,96.31,96.3,96.3,3374.0,96.3035,127
2026-05-01T16:30:00Z,96.3,96.31,96.3,96.305,3908.0,96.302,76
2026-05-01T16:45:00Z,96.31,96.31,96.3,96.3,1194.0,96.3055,63
2026-05-01T17:00:00Z,96.3,96.3,96.295,96.295,1000.0,96.3,48
2026-05-01T17:15:00Z,96.295,96.3,96.295,96.3,10377.0,96.299,240
2026-05-01T17:30:00Z,96.3,96.3,96.295,96.3,1665.0,96.3,96
2026-05-01T17:45:00Z,96.3,96.305,96.295,96.3,3187.0,96.303,48
2026-05-01T18:00:00Z,96.305,96.305,96.3,96.3,1481.0,96.3005,75
2026-05-01T18:15:00Z,96.295,96.305,96.295,96.305,3879.0,96.3,111
2026-05-01T18:30:00Z,96.3,96.305,96.3,96.3,2640.0,96.3,71
2026-05-01T18:45:00Z,96.3,96.305,96.295,96.295,6802.0,96.3,232
2026-05-01T19:00:00Z,96.295,96.3,96.295,96.3,613.0,96.298,28
2026-05-01T19:15:00Z,96.3,96.3,96.295,96.295,665.0,96.3,22
2026-05-01T19:30:00Z,96.295,96.3,96.29,96.295,1927.0,96.295,63
2026-05-01T19:45:00Z,96.29,96.295,96.29,96.295,3483.0,96.295,124
2026-05-01T20:00:00Z,96.3,96.3,96.295,96.295,792.0,96.297,22
2026-05-01T20:15:00Z,96.295,96.305,96.295,96.3,2254.0,96.3,36
2026-05-01T20:30:00Z,96.305,96.31,96.305,96.305,3965.0,96.305,63
2026-05-01T20:45:00Z,96.305,96.31,96.3,96.305,497.0,96.305,39
2026-05-03T22:00:00Z,96.31,96.325,96.31,96.315,3581.0,96.322,97
2026-05-03T22:15:00Z,96.315,96.315,96.315,96.315,1330.0,96.315,47
2026-05-03T22:30:00Z,96.315,96.32,96.315,96.32,555.0,96.315,11
2026-05-03T22:45:00Z,96.32,96.32,96.32,96.32,0.0,96.32,0
2026-05-03T23:00:00Z,96.32,96.32,96.32,96.32,0.0,96.32,0
2026-05-03T23:15:00Z,96.32,96.32,96.315,96.315,18.0,96.316,7
2026-05-03T23:30:00Z,96.315,96.315,96.305,96.305,112.0,96.313,5
2026-05-03T23:45:00Z,96.305,96.305,96.305,96.305,1.0,96.305,1
2026-05-04T00:00:00Z,96.305,96.305,96.3,96.3,938.0,96.305,11
2026-05-04T00:15:00Z,96.305,96.305,96.3,96.3,887.0,96.3005,26
2026-05-04T00:30:00Z,96.3,96.3,96.3,96.3,2.0,96.3,2
2026-05-04T00:45:00Z,96.3,96.3,96.3,96.3,1466.0,96.3,48
2026-05-04T01:00:00Z,96.3,96.3,96.295,96.295,512.0,96.2985,21
2026-05-04T01:15:00Z,96.3,96.3,96.29,96.29,802.0,96.297,34
2026-05-04T01:30:00Z,96.29,96.29,96.29,96.29,0.0,96.29,0
2026-05-04T01:45:00Z,96.295,96.295,96.29,96.29,2.0,96.2925,2
2026-05-04T02:00:00Z,96.29,96.29,96.29,96.29,0.0,96.29,0
2026-05-04T02:15:00Z,96.29,96.29,96.29,96.29,603.0,96.29,14
2026-05-04T02:30:00Z,96.29,96.29,96.29,96.29,180.0,96.29,4
2026-05-04T02:45:00Z,96.29,96.29,96.29,96.29,0.0,96.29,0
2026-05-04T03:00:00Z,96.29,96.29,96.29,96.29,0.0,96.29,0
2026-05-04T03:15:00Z,96.29,96.29,96.29,96.29,80.0,96.29,1
2026-05-04T03:30:00Z,96.29,96.29,96.29,96.29,529.0,96.29,14
2026-05-04T03:45:00Z,96.29,96.29,96.29,96.29,871.0,96.29,38
2026-05-04T04:00:00Z,96.29,96.29,96.29,96.29,0.0,96.29,0
2026-05-04T04:15:00Z,96.29,96.29,96.29,96.29,0.0,96.29,0
2026-05-04T04:30:00Z,96.29,96.29,96.29,96.29,300.0,96.29,1
2026-05-04T04:45:00Z,96.29,96.29,96.29,96.29,101.0,96.29,2
2026-05-04T05:00:00Z,96.29,96.29,96.29,96.29,0.0,96.29,0
2026-05-04T05:15:00Z,96.295,96.3,96.295,96.295,432.0,96.295,15
2026-05-04T05:30:00Z,96.29,96.29,96.29,96.29,28.0,96.29,4
2026-05-04T05:45:00Z,96.29,96.29,96.29,96.29,0.0,96.29,0
2026-05-04T06:00:00Z,96.295,96.295,96.29,96.29,595.0,96.29,24
2026-05-04T06:15:00Z,96.29,96.29,96.29,96.29,634.0,96.29,20
2026-05-04T06:30:00Z,96.29,96.29,96.28,96.28,2905.0,96.283,128
2026-05-04T06:45:00Z,96.28,96.28,96.275,96.28,565.0,96.28,16
2026-05-04T07:00:00Z,96.28,96.28,96.28,96.28,342.0,96.28,9
2026-05-04T07:15:00Z,96.28,96.285,96.28,96.28,229.0,96.285,7
2026-05-04T07:30:00Z,96.285,96.29,96.285,96.29,525.0,96.285,9
2026-05-04T07:45:00Z,96.29,96.29,96.285,96.285,109.0,96.285,4
2026-05-04T08:00:00Z,96.285,96.285,96.28,96.28,341.0,96.2845,33
2026-05-04T08:15:00Z,96.28,96.285,96.28,96.28,890.0,96.285,10
2026-05-04T08:30:00Z,96.28,96.285,96.28,96.28,12.0,96.2805,5
2026-05-04T08:45:00Z,96.28,96.28,96.28,96.28,1772.0,96.28,64
2026-05-04T09:00:00Z,96.275,96.28,96.275,96.28,476.0,96.2795,18
2026-05-04T09:15:00Z,96.28,96.28,96.275,96.275,337.0,96.275,20
2026-05-04T09:30:00Z,96.27,96.275,96.27,96.275,714.0,96.275,6
2026-05-04T09:45:00Z,96.28,96.28,96.275,96.275,614.0,96.275,16
2026-05-04T10:00:00Z,96.27,96.27,96.25,96.25,10982.0,96.259,390
2026-05-04T10:15:00Z,96.25,96.255,96.25,96.255,3739.0,96.2535,172
2026-05-04T10:30:00Z,96.255,96.265,96.255,96.26,5555.0,96.261,188
2026-05-04T10:45:00Z,96.26,96.265,96.26,96.265,313.0,96.265,97
2026-05-04T11:00:00Z,96.265,96.27,96.265,96.27,3556.0,96.269,98
2026-05-04T11:15:00Z,96.27,96.27,96.265,96.265,2015.0,96.266,33
2026-05-04T11:30:00Z,96.265,96.27,96.265,96.27,1224.0,96.269,17
2026-05-04T11:45:00Z,96.27,96.27,96.265,96.265,2463.0,96.265,164
2026-05-04T12:00:00Z,96.27,96.27,96.265,96.265,2121.0,96.267,125
2026-05-04T12:15:00Z,96.265,96.28,96.265,96.275,5964.0,96.2735,169
2026-05-04T12:30:00Z,96.28,96.28,96.27,96.275,4017.0,96.2755,157
2026-05-04T12:45:00Z,96.275,96.275,96.265,96.265,2514.0,96.273,162
2026-05-04T13:00:00Z,96.265,96.275,96.26,96.27,7213.0,96.2685,318
2026-05-04T13:15:00Z,96.27,96.27,96.26,96.265,3830.0,96.2645,203
2026-05-04T13:30:00Z,96.265,96.265,96.255,96.26,4934.0,96.261,173
2026-05-04T13:45:00Z,96.26,96.26,96.255,96.255,3357.0,96.2595,122
2026-05-04T14:00:00Z,96.255,96.27,96.255,96.265,4108.0,96.2605,127
2026-05-04T14:15:00Z,96.265,96.27,96.26,96.265,1351.0,96.266,76
2026-05-04T14:30:00Z,96.265,96.27,96.255,96.255,2681.0,96.262,127
2026-05-04T14:45:00Z,96.26,96.26,96.255,96.255,3755.0,96.2585,112
2026-05-04T15:00:00Z,96.255,96.26,96.245,96.245,3852.0,96.252,259
2026-05-04T15:15:00Z,96.25,96.255,96.235,96.245,10272.0,96.24,307
2026-05-04T15:30:00Z,96.24,96.24,96.23,96.235,5990.0,96.236,271
2026-05-04T15:45:00Z,96.235,96.235,96.21,96.21,28224.0,96.221,781
2026-05-04T16:00:00Z,96.215,96.215,96.165,96.17,30286.0,96.191,951
2026-05-04T16:15:00Z,96.17,96.195,96.165,96.185,21579.0,96.179,522
2026-05-04T16:30:00Z,96.185,96.19,96.18,96.19,9149.0,96.186,271
2026-05-04T16:45:00Z,96.19,96.195,96.185,96.195,7155.0,96.19,199
2026-05-04T17:00:00Z,96.195,96.195,96.19,96.195,6126.0,96.194,329
2026-05-04T17:15:00Z,96.195,96.205,96.19,96.205,7313.0,96.198,237
2026-05-04T17:30:00Z,96.205,96.205,96.195,96.2,1224.0,96.2,84
2026-05-04T17:45:00Z,96.2,96.2,96.195,96.195,6429.0,96.196,102
2026-05-04T18:00:00Z,96.195,96.205,96.195,96.2,4413.0,96.2,197
2026-05-04T18:15:00Z,96.2,96.2,96.195,96.2,941.0,96.1995,110
2026-05-04T18:30:00Z,96.2,96.205,96.2,96.2,4786.0,96.202,114
2026-05-04T18:45:00Z,96.2,96.21,96.195,96.205,6318.0,96.202,240
2026-05-04T19:00:00Z,96.205,96.215,96.205,96.21,8898.0,96.209,336
2026-05-04T19:15:00Z,96.21,96.215,96.21,96.21,2297.0,96.2105,156
2026-05-04T19:30:00Z,96.21,96.215,96.21,96.215,5049.0,96.215,155
2026-05-04T19:45:00Z,96.21,96.215,96.21,96.21,1121.0,96.2125,67
2026-05-04T20:00:00Z,96.21,96.215,96.21,96.21,4892.0,96.2115,90
2026-05-04T20:15:00Z,96.215,96.215,96.205,96.215,4424.0,96.212,122
2026-05-04T20:30:00Z,96.215,96.215,96.21,96.21,5569.0,96.215,202
2026-05-04T20:45:00Z,96.215,96.215,96.205,96.205,4481.0,96.2105,110
2026-05-04T22:00:00Z,96.21,96.21,96.205,96.205,2520.0,96.2055,49
2026-05-04T22:15:00Z,96.205,96.21,96.205,96.205,778.0,96.2055,10
2026-05-04T22:30:00Z,96.205,96.205,96.205,96.205,0.0,96.205,0
2026-05-04T22:45:00Z,96.205,96.21,96.205,96.21,18.0,96.2095,2
2026-05-04T23:00:00Z,96.205,96.205,96.205,96.205,25.0,96.205,3
2026-05-04T23:15:00Z,96.205,96.205,96.205,96.205,41.0,96.205,4
2026-05-04T23:30:00Z,96.205,96.205,96.205,96.205,1.0,96.205,1
2026-05-04T23:45:00Z,96.205,96.21,96.205,96.21,217.0,96.2095,6
2026-05-05T00:00:00Z,96.21,96.21,96.21,96.21,2.0,96.21,1
2026-05-05T00:15:00Z,96.205,96.205,96.205,96.205,95.0,96.205,3
2026-05-05T00:30:00Z,96.205,96.205,96.205,96.205,502.0,96.205,3
2026-05-05T00:45:00Z,96.205,96.205,96.2,96.2,886.0,96.205,5
2026-05-05T01:00:00Z,96.2,96.2,96.2,96.2,122.0,96.2,8
2026-05-05T01:15:00Z,96.2,96.205,96.2,96.205,202.0,96.2,2
2026-05-05T01:30:00Z,96.205,96.205,96.205,96.205,1199.0,96.205,70
2026-05-05T01:45:00Z,96.205,96.205,96.205,96.205,148.0,96.205,7
2026-05-05T02:00:00Z,96.205,96.205,96.205,96.205,0.0,96.205,0
2026-05-05T02:15:00Z,96.21,96.21,96.21,96.21,50.0,96.21,1
2026-05-05T02:30:00Z,96.21,96.21,96.21,96.21,312.0,96.21,5
2026-05-05T02:45:00Z,96.205,96.205,96.205,96.205,30.0,96.205,6
2026-05-05T03:00:00Z,96.205,96.205,96.205,96.205,0.0,96.205,0
2026-05-05T03:15:00Z,96.205,96.205,96.205,96.205,0.0,96.205,0
2026-05-05T03:30:00Z,96.205,96.205,96.205,96.205,0.0,96.205,0
2026-05-05T03:45:00Z,96.205,96.205,96.205,96.205,0.0,96.205,0
2026-05-05T04:00:00Z,96.205,96.21,96.205,96.205,8.0,96.207,3
2026-05-05T04:15:00Z,96.205,96.205,96.205,96.205,0.0,96.205,0
2026-05-05T04:30:00Z,96.205,96.205,96.205,96.205,203.0,96.205,3
2026-05-05T04:45:00Z,96.21,96.21,96.21,96.21,4.0,96.21,2
2026-05-05T05:00:00Z,96.21,96.21,96.21,96.21,90.0,96.21,2
2026-05-05T05:15:00Z,96.21,96.215,96.21,96.21,1568.0,96.21,26
2026-05-05T05:30:00Z,96.21,96.215,96.21,96.215,917.0,96.2115,33
2026-05-05T05:45:00Z,96.215,96.215,96.215,96.215,502.0,96.215,10
2026-05-05T06:00:00Z,96.215,96.215,96.205,96.205,1584.0,96.2125,39
2026-05-05T06:15:00Z,96.205,96.205,96.205,96.205,2197.0,96.205,35
2026-05-05T06:30:00Z,96.205,96.215,96.205,96.215,575.0,96.21,31
2026-05-05T06:45:00Z,96.215,96.22,96.215,96.22,1573.0,96.219,47
2026-05-05T07:00:00Z,96.22,96.22,96.22,96.22,1489.0,96.22,77
2026-05-05T07:15:00Z,96.22,96.225,96.22,96.22,1623.0,96.2235,109
2026-05-05T07:30:00Z,96.225,96.235,96.225,96.23,3592.0,96.233,97
2026-05-05T07:45:00Z,96.23,96.23,96.22,96.22,892.0,96.227,39
2026-05-05T08:00:00Z,96.225,96.23,96.225,96.23,2459.0,96.226,65
2026-05-05T08:15:00Z,96.23,96.23,96.225,96.225,500.0,96.23,25
2026-05-05T08:30:00Z,96.23,96.23,96.225,96.23,836.0,96.23,62
2026-05-05T08:45:00Z,96.23,96.235,96.23,96.23,699.0,96.2345,40
2026-05-05T09:00:00Z,96.23,96.235,96.23,96.23,1975.0,96.2305,75
2026-05-05T09:15:00Z,96.23,96.23,96.23,96.23,1121.0,96.23,45
2026-05-05T09:30:00Z,96.23,96.235,96.23,96.235,1617.0,96.235,48
2026-05-05T09:45:00Z,96.23,96.235,96.225,96.235,2160.0,96.23,72
2026-05-05T10:00:00Z,96.23,96.23,96.23,96.23,510.0,96.23,51
2026-05-05T10:15:00Z,96.23,96.235,96.23,96.235,1217.0,96.2315,64
2026-05-05T10:30:00Z,96.235,96.24,96.23,96.23,3476.0,96.234,144
2026-05-05T10:45:00Z,96.225,96.225,96.225,96.225,1409.0,96.225,108
2026-05-05T11:00:00Z,96.225,96.225,96.22,96.225,799.0,96.221,95
2026-05-05T11:15:00Z,96.225,96.23,96.22,96.225,3436.0,96.221,208
2026-05-05T11:30:00Z,96.225,96.225,96.22,96.22,2134.0,96.224,83
2026-05-05T11:45:00Z,96.22,96.22,96.22,96.22,2744.0,96.22,90
2026-05-05T12:00:00Z,96.22,96.23,96.215,96.225,2077.0,96.224,132
2026-05-05T12:15:00Z,96.23,96.25,96.23,96.25,14817.0,96.239,488
2026-05-05T12:30:00Z,96.245,96.25,96.235,96.24,6688.0,96.2405,161
2026-05-05T12:45:00Z,96.24,96.24,96.235,96.235,6424.0,96.2385,154
2026-05-05T13:00:00Z,96.23,96.24,96.23,96.23,3252.0,96.2335,205
2026-05-05T13:15:00Z,96.23,96.235,96.225,96.225,6096.0,96.23,260
2026-05-05T13:30:00Z,96.23,96.235,96.225,96.225,5309.0,96.229,230
2026-05-05T13:45:00Z,96.225,96.235,96.225,96.225,4296.0,96.2295,125
2026-05-05T14:00:00Z,96.23,96.25,96.22,96.23,18920.0,96.235,821
2026-05-05T14:15:00Z,96.23,96.23,96.22,96.225,6726.0,96.2255,313
2026-05-05T14:30:00Z,96.22,96.225,96.22,96.22,5074.0,96.224,162
2026-05-05T14:45:00Z,96.22,96.23,96.22,96.225,2820.0,96.2255,164
2026-05-05T15:00:00Z,96.225,96.235,96.225,96.225,4621.0,96.23,428
2026-05-05T15:15:00Z,96.23,96.235,96.225,96.23,2307.0,96.2305,254
2026-05-05T15:30:00Z,96.23,96.24,96.23,96.24,4003.0,96.235,219
2026-05-05T15:45:00Z,96.235,96.24,96.235,96.235,1129.0,96.236,62
2026-05-05T16:00:00Z,96.235,96.24,96.235,96.235,1456.0,96.24,116
2026-05-05T16:15:00Z,96.235,96.24,96.23,96.235,2789.0,96.235,132
2026-05-05T16:30:00Z,96.235,96.235,96.225,96.23,3173.0,96.23,255
2026-05-05T16:45:00Z,96.23,96.23,96.225,96.225,1744.0,96.2295,112
2026-05-05T17:00:00Z,96.225,96.23,96.225,96.225,517.0,96.226,54
2026-05-05T17:15:00Z,96.225,96.23,96.225,96.23,1188.0,96.2295,50
2026-05-05T17:30:00Z,96.225,96.235,96.225,96.23,3549.0,96.23,163
2026-05-05T17:45:00Z,96.23,96.23,96.225,96.23,2193.0,96.23,118
2026-05-05T18:00:00Z,96.23,96.235,96.225,96.23,1702.0,96.2305,101
2026-05-05T18:15:00Z,96.23,96.23,96.225,96.225,543.0,96.23,93
2026-05-05T18:30:00Z,96.23,96.23,96.225,96.225,384.0,96.225,38
2026-05-05T18:45:00Z,96.225,96.23,96.225,96.23,3211.0,96.2285,115
2026-05-05T19:00:00Z,96.225,96.235,96.225,96.23,4928.0,96.23,31
2026-05-05T19:15:00Z,96.23,96.235,96.23,96.23,3993.0,96.23,121
2026-05-05T19:30:00Z,96.23,96.23,96.225,96.225,2258.0,96.23,72
2026-05-05T19:45:00Z,96.23,96.23,96.225,96.225,1458.0,96.23,54
2026-05-05T20:00:00Z,96.23,96.23,96.225,96.23,2420.0,96.2295,45
2026-05-05T20:15:00Z,96.23,96.23,96.225,96.23,1938.0,96.225,47
2026-05-05T20:30:00Z,96.225,96.23,96.22,96.225,1521.0,96.225,71
2026-05-05T20:45:00Z,96.225,96.225,96.22,96.22,368.0,96.2205,34
2026-05-05T22:00:00Z,96.22,96.225,96.22,96.225,265.0,96.224,19
2026-05-05T22:15:00Z,96.225,96.225,96.225,96.225,104.0,96.225,2
2026-05-05T22:30:00Z,96.22,96.225,96.22,96.22,354.0,96.2205,7
2026-05-05T22:45:00Z,96.225,96.245,96.225,96.24,3303.0,96.2335,83
2026-05-05T23:00:00Z,96.245,96.25,96.245,96.25,4466.0,96.249,89
2026-05-05T23:15:00Z,96.25,96.255,96.25,96.255,1899.0,96.2545,44
2026-05-05T23:30:00Z,96.25,96.25,96.245,96.245,1118.0,96.25,40
2026-05-05T23:45:00Z,96.25,96.25,96.25,96.25,248.0,96.25,6
2026-05-06T00:00:00Z,96.25,96.25,96.25,96.25,115.0,96.25,9
2026-05-06T00:15:00Z,96.245,96.245,96.24,96.24,925.0,96.244,25
2026-05-06T00:30:00Z,96.24,96.24,96.24,96.24,5.0,96.24,1
2026-05-06T00:45:00Z,96.24,96.24,96.24,96.24,609.0,96.24,21
2026-05-06T01:00:00Z,96.24,96.24,96.24,96.24,199.0,96.24,4
2026-05-06T01:15:00Z,96.24,96.24,96.24,96.24,777.0,96.24,22
2026-05-06T01:30:00Z,96.24,96.24,96.24,96.24,0.0,96.24,0
2026-05-06T01:45:00Z,96.24,96.245,96.24,96.245,920.0,96.244,5
2026-05-06T02:00:00Z,96.245,96.245,96.245,96.245,2.0,96.245,1
2026-05-06T02:15:00Z,96.24,96.24,96.24,96.24,875.0,96.24,13
2026-05-06T02:30:00Z,96.24,96.24,96.24,96.24,512.0,96.24,7
2026-05-06T02:45:00Z,96.24,96.24,96.24,96.24,0.0,96.24,0
2026-05-06T03:00:00Z,96.235,96.235,96.235,96.235,597.0,96.235,3
2026-05-06T03:15:00Z,96.235,96.235,96.235,96.235,1760.0,96.235,38
2026-05-06T03:30:00Z,96.24,96.25,96.24,96.25,372.0,96.245,21
2026-05-06T03:45:00Z,96.25,96.25,96.25,96.25,0.0,96.25,0
2026-05-06T04:00:00Z,96.245,96.245,96.245,96.245,84.0,96.245,4
2026-05-06T04:15:00Z,96.245,96.25,96.245,96.25,646.0,96.246,26
2026-05-06T04:30:00Z,96.245,96.245,96.245,96.245,5.0,96.245,1
2026-05-06T04:45:00Z,96.25,96.25,96.25,96.25,1503.0,96.25,29
2026-05-06T05:00:00Z,96.25,96.25,96.25,96.25,0.0,96.25,0
2026-05-06T05:15:00Z,96.245,96.245,96.245,96.245,433.0,96.245,43
2026-05-06T05:30:00Z,96.245,96.25,96.245,96.25,1240.0,96.25,33
2026-05-06T05:45:00Z,96.255,96.255,96.255,96.255,614.0,96.255,20
2026-05-06T06:00:00Z,96.26,96.26,96.25,96.25,320.0,96.255,10
2026-05-06T06:15:00Z,96.255,96.255,96.255,96.255,1282.0,96.255,32
2026-05-06T06:30:00Z,96.255,96.26,96.255,96.26,2856.0,96.2595,78
2026-05-06T06:45:00Z,96.26,96.26,96.255,96.26,2299.0,96.26,78
2026-05-06T07:00:00Z,96.26,96.265,96.255,96.26,3805.0,96.26,92
2026-05-06T07:15:00Z,96.26,96.265,96.26,96.265,945.0,96.2645,84
2026-05-06T07:30:00Z,96.265,96.265,96.26,96.265,878.0,96.265,52
2026-05-06T07:45:00Z,96.265,96.275,96.265,96.275,3610.0,96.2725,299
2026-05-06T08:00:00Z,96.275,96.28,96.27,96.275,1966.0,96.275,93
2026-05-06T08:15:00Z,96.275,96.275,96.27,96.27,1784.0,96.2705,99
2026-05-06T08:30:00Z,96.27,96.27,96.27,96.27,1784.0,96.27,73
2026-05-06T08:45:00Z,96.275,96.31,96.275,96.3,12768.0,96.2945,563
2026-05-06T09:00:00Z,96.3,96.3,96.29,96.29,6905.0,96.294,154
2026-05-06T09:15:00Z,96.295,96.295,96.29,96.29,2768.0,96.295,78
2026-05-06T09:30:00Z,96.295,96.305,96.295,96.3,4531.0,96.3005,101
2026-05-06T09:45:00Z,96.3,96.305,96.3,96.305,3685.0,96.3015,67
2026-05-06T10:00:00Z,96.305,96.315,96.305,96.31,6240.0,96.3075,125
2026-05-06T10:15:00Z,96.31,96.32,96.31,96.315,6131.0,96.3175,253
2026-05-06T10:30:00Z,96.315,96.32,96.31,96.32,10189.0,96.316,229
2026-05-06T10:45:00Z,96.315,96.35,96.315,96.345,39816.0,96.336,544
2026-05-06T11:00:00Z,96.345,96.345,96.325,96.325,14449.0,96.336,213
2026-05-06T11:15:00Z,96.325,96.33,96.315,96.315,11776.0,96.3205,319
2026-05-06T11:30:00Z,96.315,96.32,96.31,96.315,15466.0,96.315,244
2026-05-06T11:45:00Z,96.31,96.315,96.305,96.31,4348.0,96.312,121
2026-05-06T12:00:00Z,96.305,96.305,96.28,96.29,12268.0,96.2935,412
2026-05-06T12:15:00Z,96.29,96.295,96.28,96.295,11580.0,96.2885,328
2026-05-06T12:30:00Z,96.295,96.305,96.295,96.3,8307.0,96.2995,182
2026-05-06T12:45:00Z,96.295,96.3,96.29,96.29,7709.0,96.295,231
2026-05-06T13:00:00Z,96.295,96.3,96.285,96.29,12645.0,96.2915,541
2026-05-06T13:15:00Z,96.29,96.295,96.285,96.285,3331.0,96.2895,178
2026-05-06T13:30:00Z,96.29,96.295,96.285,96.285,5480.0,96.2895,161
2026-05-06T13:45:00Z,96.285,96.295,96.28,96.285,7465.0,96.286,294
2026-05-06T14:00:00Z,96.29,96.29,96.28,96.285,6609.0,96.2855,322
2026-05-06T14:15:00Z,96.285,96.295,96.285,96.285,6707.0,96.2885,372
2026-05-06T14:30:00Z,96.29,96.3,96.285,96.3,8194.0,96.2935,317
2026-05-06T14:45:00Z,96.305,96.305,96.295,96.295,2844.0,96.2985,88
2026-05-06T15:00:00Z,96.295,96.295,96.29,96.29,6613.0,96.2945,188
2026-05-06T15:15:00Z,96.295,96.3,96.29,96.3,5226.0,96.299,314
2026-05-06T15:30:00Z,96.3,96.3,96.29,96.295,3767.0,96.2965,251
2026-05-06T15:45:00Z,96.295,96.295,96.295,96.295,2763.0,96.295,138
2026-05-06T16:00:00Z,96.295,96.295,96.29,96.295,3086.0,96.294,120
2026-05-06T16:15:00Z,96.295,96.3,96.29,96.3,6006.0,96.294,196
2026-05-06T16:30:00Z,96.295,96.3,96.295,96.295,200.0,96.2955,10
2026-05-06T16:45:00Z,96.3,96.3,96.29,96.29,3868.0,96.294,102
2026-05-06T17:00:00Z,96.295,96.295,96.295,96.295,3858.0,96.295,204
2026-05-06T17:15:00Z,96.295,96.295,96.295,96.295,2564.0,96.295,90
2026-05-06T17:30:00Z,96.295,96.3,96.295,96.3,487.0,96.3,17
2026-05-06T17:45:00Z,96.3,96.3,96.295,96.295,4953.0,96.297,106
2026-05-06T18:00:00Z,96.295,96.295,96.29,96.295,2452.0,96.295,145
2026-05-06T18:15:00Z,96.3,96.3,96.295,96.295,2349.0,96.2955,40
2026-05-06T18:30:00Z,96.3,96.3,96.295,96.3,1051.0,96.295,23
2026-05-06T18:45:00Z,96.3,96.305,96.295,96.295,4252.0,96.3,227
2026-05-06T19:00:00Z,96.295,96.31,96.295,96.31,2485.0,96.304,60
2026-05-06T19:15:00Z,96.305,96.31,96.3,96.3,4466.0,96.306,144
2026-05-06T19:30:00Z,96.305,96.305,96.3,96.305,1114.0,96.305,40
2026-05-06T19:45:00Z,96.305,96.305,96.295,96.295,1235.0,96.3005,65
2026-05-06T20:00:00Z,96.3,96.3,96.295,96.3,2150.0,96.3,74
2026-05-06T20:15:00Z,96.3,96.3,96.295,96.3,2382.0,96.3,55
2026-05-06T20:30:00Z,96.295,96.3,96.295,96.295,1137.0,96.295,11
2026-05-06T20:45:00Z,96.295,96.3,96.295,96.3,1833.0,96.297,37
2026-05-06T22:00:00Z,96.3,96.3,96.295,96.295,168.0,96.2995,13
2026-05-06T22:15:00Z,96.295,96.295,96.295,96.295,486.0,96.295,7
2026-05-06T22:30:00Z,96.295,96.295,96.295,96.295,990.0,96.295,104
2026-05-06T22:45:00Z,96.295,96.295,96.295,96.295,231.0,96.295,21
2026-05-06T23:00:00Z,96.295,96.295,96.295,96.295,0.0,96.295,0
2026-05-06T23:15:00Z,96.295,96.295,96.295,96.295,6.0,96.295,3
2026-05-06T23:30:00Z,96.295,96.295,96.295,96.295,0.0,96.295,0
2026-05-06T23:45:00Z,96.3,96.3,96.3,96.3,2.0,96.3,1
2026-05-07T00:00:00Z,96.295,96.305,96.295,96.305,1481.0,96.3035,79
2026-05-07T00:15:00Z,96.305,96.305,96.3,96.3,1221.0,96.304,24
2026-05-07T00:30:00Z,96.295,96.295,96.295,96.295,312.0,96.295,16
2026-05-07T00:45:00Z,96.295,96.295,96.295,96.295,142.0,96.295,24
2026-05-07T01:00:00Z,96.3,96.305,96.3,96.305,952.0,96.301,53
2026-05-07T01:15:00Z,96.305,96.305,96.305,96.305,228.0,96.305,18
2026-05-07T01:30:00Z,96.305,96.305,96.305,96.305,902.0,96.305,18
2026-05-07T01:45:00Z,96.305,96.305,96.305,96.305,92.0,96.305,3
2026-05-07T02:00:00Z,96.3,96.3,96.3,96.3,332.0,96.3,15
2026-05-07T02:15:00Z,96.3,96.3,96.295,96.295,275.0,96.3,13
2026-05-07T02:30:00Z,96.295,96.295,96.295,96.295,0.0,96.295,0
2026-05-07T02:45:00Z,96.3,96.3,96.3,96.3,1.0,96.3,1
2026-05-07T03:00:00Z,96.3,96.3,96.3,96.3,811.0,96.3,16
2026-05-07T03:15:00Z,96.295,96.295,96.295,96.295,4.0,96.295,1
2026-05-07T03:30:00Z,96.295,96.295,96.295,96.295,0.0,96.295,0
2026-05-07T03:45:00Z,96.295,96.295,96.29,96.295,1254.0,96.295,25
2026-05-07T04:00:00Z,96.295,96.295,96.295,96.295,368.0,96.295,12
2026-05-07T04:15:00Z,96.295,96.295,96.295,96.295,42.0,96.295,9
2026-05-07T04:30:00Z,96.295,96.295,96.295,96.295,0.0,96.295,0
2026-05-07T04:45:00Z,96.295,96.3,96.295,96.3,203.0,96.295,3
2026-05-07T05:00:00Z,96.295,96.295,96.295,96.295,3.0,96.295,2
2026-05-07T05:15:00Z,96.295,96.295,96.295,96.295,106.0,96.295,3
2026-05-07T05:30:00Z,96.295,96.3,96.295,96.3,286.0,96.299,10
2026-05-07T05:45:00Z,96.295,96.295,96.295,96.295,575.0,96.295,29
2026-05-07T06:00:00Z,96.295,96.295,96.295,96.295,0.0,96.295,0
2026-05-07T06:15:00Z,96.295,96.3,96.295,96.3,308.0,96.299,6
2026-05-07T06:30:00Z,96.3,96.325,96.3,96.32,2703.0,96.3105,154
2026-05-07T06:45:00Z,96.32,96.32,96.31,96.315,1169.0,96.3165,51
2026-05-07T07:00:00Z,96.31,96.33,96.31,96.33,2795.0,96.322,110
2026-05-07T07:15:00Z,96.33,96.33,96.32,96.325,2445.0,96.325,134
2026-05-07T07:30:00Z,96.32,96.325,96.32,96.32,2450.0,96.3205,50
2026-05-07T07:45:00Z,96.32,96.325,96.32,96.32,751.0,96.321,24
2026-05-07T08:00:00Z,96.32,96.325,96.32,96.32,66.0,96.3225,4
2026-05-07T08:15:00Z,96.32,96.325,96.32,96.32,5075.0,96.323,133
2026-05-07T08:30:00Z,96.325,96.325,96.32,96.325,1538.0,96.324,28
2026-05-07T08:45:00Z,96.325,96.325,96.32,96.32,1540.0,96.32,35
2026-05-07T09:00:00Z,96.315,96.32,96.315,96.32,1840.0,96.32,32
2026-05-07T09:15:00Z,96.32,96.325,96.32,96.325,1006.0,96.32,30
2026-05-07T09:30:00Z,96.325,96.33,96.325,96.33,275.0,96.3265,10
2026-05-07T09:45:00Z,96.325,96.325,96.32,96.325,2041.0,96.325,53
2026-05-07T10:00:00Z,96.325,96.325,96.32,96.32,641.0,96.325,16
2026-05-07T10:15:00Z,96.325,96.325,96.32,96.325,2345.0,96.325,98
2026-05-07T10:30:00Z,96.325,96.325,96.32,96.32,3420.0,96.32,92
2026-05-07T10:45:00Z,96.32,96.32,96.32,96.32,2542.0,96.32,62
2026-05-07T11:00:00Z,96.32,96.32,96.32,96.32,2360.0,96.32,123
2026-05-07T11:15:00Z,96.32,96.325,96.32,96.32,639.0,96.324,27
2026-05-07T11:30:00Z,96.325,96.325,96.32,96.325,2452.0,96.324,61
2026-05-07T11:45:00Z,96.325,96.325,96.315,96.325,4968.0,96.32,55
2026-05-07T12:00:00Z,96.325,96.33,96.32,96.32,5438.0,96.3205,199
2026-05-07T12:15:00Z,96.32,96.335,96.32,96.33,7014.0,96.3255,298
2026-05-07T12:30:00Z,96.325,96.34,96.325,96.34,4000.0,96.3335,111
2026-05-07T12:45:00Z,96.335,96.345,96.335,96.34,13195.0,96.339,249
2026-05-07T13:00:00Z,96.34,96.34,96.32,96.32,6729.0,96.3325,245
2026-05-07T13:15:00Z,96.32,96.33,96.32,96.325,3533.0,96.325,105
2026-05-07T13:30:00Z,96.325,96.325,96.315,96.32,15291.0,96.3215,399
2026-05-07T13:45:00Z,96.325,96.325,96.31,96.315,12093.0,96.316,359
2026-05-07T14:00:00Z,96.315,96.32,96.31,96.315,5353.0,96.315,201
2026-05-07T14:15:00Z,96.315,96.315,96.305,96.305,3670.0,96.311,144
2026-05-07T14:30:00Z,96.305,96.31,96.3,96.3,4335.0,96.305,154
2026-05-07T14:45:00Z,96.305,96.31,96.305,96.31,4287.0,96.3095,118
2026-05-07T15:00:00Z,96.31,96.31,96.295,96.3,7014.0,96.3035,218
2026-05-07T15:15:00Z,96.3,96.3,96.28,96.285,14007.0,96.291,545
2026-05-07T15:30:00Z,96.29,96.295,96.29,96.295,3143.0,96.2905,135
2026-05-07T15:45:00Z,96.29,96.29,96.28,96.285,12234.0,96.288,435
2026-05-07T16:00:00Z,96.285,96.29,96.28,96.285,4600.0,96.2845,82
2026-05-07T16:15:00Z,96.28,96.285,96.275,96.28,11434.0,96.2775,239
2026-05-07T16:30:00Z,96.28,96.285,96.275,96.275,4078.0,96.28,161
2026-05-07T16:45:00Z,96.275,96.28,96.27,96.275,2683.0,96.275,144
2026-05-07T17:00:00Z,96.275,96.275,96.27,96.27,1589.0,96.2725,157
2026-05-07T17:15:00Z,96.27,96.28,96.26,96.26,17124.0,96.2685,443
2026-05-07T17:30:00Z,96.26,96.265,96.26,96.26,3096.0,96.264,64
2026-05-07T17:45:00Z,96.26,96.265,96.255,96.265,4589.0,96.262,144
2026-05-07T18:00:00Z,96.27,96.27,96.265,96.27,3492.0,96.27,151
2026-05-07T18:15:00Z,96.265,96.27,96.265,96.265,3232.0,96.267,75
2026-05-07T18:30:00Z,96.265,96.265,96.255,96.255,4193.0,96.2595,122
2026-05-07T18:45:00Z,96.255,96.265,96.255,96.26,3961.0,96.26,167
2026-05-07T19:00:00Z,96.26,96.27,96.26,96.265,3069.0,96.265,109
2026-05-07T19:15:00Z,96.26,96.265,96.255,96.26,5676.0,96.26,162
2026-05-07T19:30:00Z,96.26,96.27,96.26,96.27,3217.0,96.266,143
2026-05-07T19:45:00Z,96.265,96.265,96.26,96.265,5808.0,96.2635,284
2026-05-07T20:00:00Z,96.265,96.28,96.265,96.27,3594.0,96.272,137
2026-05-07T20:15:00Z,96.27,96.28,96.27,96.275,3915.0,96.275,101
2026-05-07T20:30:00Z,96.275,96.275,96.265,96.265,3748.0,96.2705,174
2026-05-07T20:45:00Z,96.265,96.27,96.265,96.265,2788.0,96.2675,87
2026-05-07T22:00:00Z,96.26,96.265,96.25,96.265,1115.0,96.2575,38
2026-05-07T22:15:00Z,96.265,96.265,96.265,96.265,0.0,96.265,0
2026-05-07T22:30:00Z,96.265,96.265,96.265,96.265,0.0,96.265,0
2026-05-07T22:45:00Z,96.27,96.27,96.27,96.27,459.0,96.27,6
2026-05-07T23:00:00Z,96.27,96.27,96.27,96.27,0.0,96.27,0
2026-05-07T23:15:00Z,96.27,96.275,96.27,96.27,117.0,96.27,12
2026-05-07T23:30:00Z,96.27,96.27,96.27,96.27,630.0,96.27,17
2026-05-07T23:45:00Z,96.27,96.27,96.27,96.27,151.0,96.27,18
2026-05-08T00:00:00Z,96.27,96.27,96.265,96.265,108.0,96.2695,10
2026-05-08T00:15:00Z,96.265,96.265,96.265,96.265,1006.0,96.265,34
2026-05-08T00:30:00Z,96.27,96.27,96.27,96.27,502.0,96.27,2
2026-05-08T00:45:00Z,96.265,96.27,96.265,96.27,151.0,96.27,4
2026-05-08T01:00:00Z,96.275,96.275,96.275,96.275,1009.0,96.275,37
2026-05-08T01:15:00Z,96.275,96.275,96.275,96.275,412.0,96.275,17
2026-05-08T01:30:00Z,96.275,96.275,96.275,96.275,200.0,96.275,1
2026-05-08T01:45:00Z,96.275,96.275,96.275,96.275,0.0,96.275,0
2026-05-08T02:00:00Z,96.27,96.27,96.27,96.27,234.0,96.27,27
2026-05-08T02:15:00Z,96.27,96.27,96.27,96.27,0.0,96.27,0
2026-05-08T02:30:00Z,96.27,96.27,96.27,96.27,411.0,96.27,38
2026-05-08T02:45:00Z,96.275,96.275,96.275,96.275,1217.0,96.275,15
2026-05-08T03:00:00Z,96.27,96.27,96.27,96.27,66.0,96.27,5
2026-05-08T03:15:00Z,96.27,96.27,96.27,96.27,26.0,96.27,2
2026-05-08T03:30:00Z,96.275,96.275,96.275,96.275,1182.0,96.275,40
2026-05-08T03:45:00Z,96.27,96.275,96.27,96.275,556.0,96.275,15
2026-05-08T04:00:00Z,96.275,96.275,96.275,96.275,15.0,96.275,3
2026-05-08T04:15:00Z,96.275,96.275,96.275,96.275,0.0,96.275,0
2026-05-08T04:30:00Z,96.275,96.275,96.275,96.275,0.0,96.275,0
2026-05-08T04:45:00Z,96.275,96.275,96.275,96.275,429.0,96.275,20
2026-05-08T05:00:00Z,96.275,96.275,96.275,96.275,379.0,96.275,37
2026-05-08T05:15:00Z,96.275,96.28,96.275,96.275,79.0,96.276,9
2026-05-08T05:30:00Z,96.275,96.275,96.275,96.275,292.0,96.275,23
2026-05-08T05:45:00Z,96.28,96.28,96.28,96.28,4.0,96.28,1
2026-05-08T06:00:00Z,96.275,96.28,96.275,96.28,1106.0,96.2795,37
2026-05-08T06:15:00Z,96.28,96.285,96.28,96.28,1612.0,96.2805,48
2026-05-08T06:30:00Z,96.28,96.285,96.28,96.285,255.0,96.28,10
2026-05-08T06:45:00Z,96.28,96.28,96.28,96.28,1662.0,96.28,51
2026-05-08T07:00:00Z,96.28,96.28,96.275,96.275,576.0,96.28,34
2026-05-08T07:15:00Z,96.275,96.28,96.275,96.275,343.0,96.278,18
2026-05-08T07:30:00Z,96.275,96.28,96.275,96.28,1017.0,96.28,34
2026-05-08T07:45:00Z,96.28,96.285,96.28,96.285,16.0,96.2835,6
2026-05-08T08:00:00Z,96.285,96.285,96.28,96.285,1851.0,96.285,36
2026-05-08T08:15:00Z,96.285,96.295,96.285,96.29,2966.0,96.2865,100
2026-05-08T08:30:00Z,96.295,96.295,96.295,96.295,2276.0,96.295,86
2026-05-08T08:45:00Z,96.29,96.295,96.29,96.295,708.0,96.295,19
2026-05-08T09:00:00Z,96.295,96.295,96.295,96.295,946.0,96.295,54
2026-05-08T09:15:00Z,96.29,96.295,96.29,96.295,1794.0,96.295,26
2026-05-08T09:30:00Z,96.295,96.295,96.29,96.295,3416.0,96.295,14
2026-05-08T09:45:00Z,96.29,96.295,96.285,96.285,1108.0,96.289,44
2026-05-08T10:00:00Z,96.29,96.29,96.285,96.285,292.0,96.29,16
2026-05-08T10:15:00Z,96.285,96.29,96.285,96.285,2609.0,96.2895,11
2026-05-08T10:30:00Z,96.29,96.29,96.29,96.29,1278.0,96.29,9
2026-05-08T10:45:00Z,96.285,96.285,96.28,96.285,4052.0,96.285,54
2026-05-08T11:00:00Z,96.285,96.29,96.285,96.285,7379.0,96.285,106
2026-05-08T11:15:00Z,96.285,96.285,96.275,96.275,2220.0,96.281,64
2026-05-08T11:30:00Z,96.275,96.275,96.265,96.27,7777.0,96.2725,196
2026-05-08T11:45:00Z,96.265,96.275,96.265,96.275,3404.0,96.272,50
2026-05-08T12:00:00Z,96.275,96.28,96.27,96.275,5333.0,96.2775,108
2026-05-08T12:15:00Z,96.275,96.285,96.265,96.28,11917.0,96.273,199
2026-05-08T12:30:00Z,96.285,96.295,96.25,96.29,34545.0,96.283,1224
2026-05-08T12:45:00Z,96.295,96.305,96.285,96.295,19123.0,96.297,472
2026-05-08T13:00:00Z,96.295,96.295,96.29,96.295,5055.0,96.294,213
2026-05-08T13:15:00Z,96.3,96.31,96.3,96.305,6749.0,96.303,189
2026-05-08T13:30:00Z,96.305,96.31,96.3,96.305,5163.0,96.3075,161
2026-05-08T13:45:00Z,96.31,96.315,96.3,96.305,6457.0,96.3065,170
2026-05-08T14:00:00Z,96.305,96.31,96.295,96.3,3653.0,96.303,181
2026-05-08T14:15:00Z,96.295,96.305,96.295,96.295,5461.0,96.3,261
2026-05-08T14:30:00Z,96.3,96.305,96.295,96.3,4310.0,96.3,161
2026-05-08T14:45:00Z,96.295,96.3,96.295,96.295,3955.0,96.295,157
2026-05-08T15:00:00Z,96.295,96.3,96.29,96.295,6201.0,96.295,207
2026-05-08T15:15:00Z,96.3,96.3,96.29,96.295,3481.0,96.2955,104
2026-05-08T15:30:00Z,96.3,96.3,96.29,96.29,2512.0,96.296,122
2026-05-08T15:45:00Z,96.29,96.3,96.29,96.3,12628.0,96.2955,161
2026-05-08T16:00:00Z,96.295,96.3,96.295,96.295,2623.0,96.3,137
2026-05-08T16:15:00Z,96.295,96.3,96.295,96.295,841.0,96.3,33
2026-05-08T16:30:00Z,96.3,96.3,96.295,96.295,1001.0,96.2995,118
2026-05-08T16:45:00Z,96.295,96.3,96.295,96.295,2247.0,96.3,151
2026-05-08T17:00:00Z,96.295,96.295,96.295,96.295,121.0,96.295,42
2026-05-08T17:15:00Z,96.295,96.3,96.295,96.295,80.0,96.296,32
2026-05-08T17:30:00Z,96.295,96.3,96.295,96.295,286.0,96.296,45
2026-05-08T17:45:00Z,96.295,96.295,96.29,96.29,4806.0,96.2945,130
2026-05-08T18:00:00Z,96.29,96.3,96.29,96.3,2154.0,96.296,189
2026-05-08T18:15:00Z,96.3,96.3,96.295,96.295,767.0,96.2985,53
2026-05-08T18:30:00Z,96.295,96.3,96.295,96.295,377.0,96.2965,57
2026-05-08T18:45:00Z,96.295,96.3,96.295,96.3,647.0,96.2955,108
2026-05-08T19:00:00Z,96.295,96.295,96.29,96.29,2132.0,96.295,156
2026-05-08T19:15:00Z,96.29,96.295,96.29,96.29,399.0,96.2915,25
2026-05-08T19:30:00Z,96.295,96.3,96.29,96.3,1927.0,96.2955,64
2026-05-08T19:45:00Z,96.3,96.3,96.295,96.295,1443.0,96.2955,112
2026-05-08T20:00:00Z,96.295,96.295,96.29,96.295,3829.0,96.295,147
2026-05-08T20:15:00Z,96.295,96.295,96.295,96.295,241.0,96.295,57
2026-05-08T20:30:00Z,96.3,96.305,96.295,96.295,1542.0,96.3005,64
2026-05-08T20:45:00Z,96.295,96.305,96.295,96.3,1504.0,96.2975,88
2026-05-10T22:00:00Z,96.285,96.285,96.27,96.275,1359.0,96.275,69
2026-05-10T22:15:00Z,96.27,96.27,96.265,96.27,3358.0,96.267,34
2026-05-10T22:30:00Z,96.265,96.265,96.265,96.265,1.0,96.265,1
2026-05-10T22:45:00Z,96.265,96.265,96.265,96.265,520.0,96.265,23
2026-05-10T23:00:00Z,96.265,96.265,96.265,96.265,143.0,96.265,4
2026-05-10T23:15:00Z,96.265,96.265,96.265,96.265,340.0,96.265,14
2026-05-10T23:30:00Z,96.265,96.265,96.265,96.265,319.0,96.265,11
2026-05-10T23:45:00Z,96.265,96.265,96.265,96.265,0.0,96.265,0
2026-05-11T00:00:00Z,96.265,96.265,96.265,96.265,827.0,96.265,15
2026-05-11T00:15:00Z,96.265,96.265,96.265,96.265,0.0,96.265,0
2026-05-11T00:30:00Z,96.26,96.265,96.26,96.265,58.0,96.265,5
2026-05-11T00:45:00Z,96.265,96.265,96.255,96.26,1728.0,96.2595,55
2026-05-11T01:00:00Z,96.265,96.265,96.265,96.265,2.0,96.265,1
2026-05-11T01:15:00Z,96.265,96.265,96.265,96.265,806.0,96.265,8
2026-05-11T01:30:00Z,96.26,96.26,96.26,96.26,1.0,96.26,1
2026-05-11T01:45:00Z,96.265,96.265,96.265,96.265,1.0,96.265,1
2026-05-11T02:00:00Z,96.265,96.265,96.265,96.265,105.0,96.265,2
2026-05-11T02:15:00Z,96.265,96.265,96.265,96.265,303.0,96.265,10
2026-05-11T02:30:00Z,96.265,96.265,96.265,96.265,126.0,96.265,2
2026-05-11T02:45:00Z,96.265,96.265,96.26,96.265,1121.0,96.265,4
2026-05-11T03:00:00Z,96.265,96.265,96.265,96.265,0.0,96.265,0
2026-05-11T03:15:00Z,96.265,96.265,96.265,96.265,4.0,96.265,1
2026-05-11T03:30:00Z,96.265,96.265,96.265,96.265,100.0,96.265,1
2026-05-11T03:45:00Z,96.265,96.265,96.26,96.26,597.0,96.2635,2
2026-05-11T04:00:00Z,96.26,96.265,96.26,96.265,397.0,96.265,14
2026-05-11T04:15:00Z,96.265,96.265,96.265,96.265,114.0,96.265,5
2026-05-11T04:30:00Z,96.26,96.26,96.26,96.26,5.0,96.26,1
2026-05-11T04:45:00Z,96.26,96.26,96.26,96.26,1.0,96.26,1
2026-05-11T05:00:00Z,96.265,96.265,96.265,96.265,953.0,96.265,41
2026-05-11T05:15:00Z,96.26,96.265,96.26,96.26,301.0,96.2615,13
2026-05-11T05:30:00Z,96.26,96.265,96.26,96.26,2597.0,96.26,20
2026-05-11T05:45:00Z,96.26,96.26,96.26,96.26,400.0,96.26,14
2026-05-11T06:00:00Z,96.26,96.26,96.26,96.26,237.0,96.26,12
2026-05-11T06:15:00Z,96.26,96.26,96.255,96.26,2003.0,96.2595,54
2026-05-11T06:30:00Z,96.26,96.265,96.26,96.265,689.0,96.2645,13
2026-05-11T06:45:00Z,96.27,96.27,96.27,96.27,564.0,96.27,11
2026-05-11T07:00:00Z,96.27,96.27,96.265,96.265,1603.0,96.27,30
2026-05-11T07:15:00Z,96.265,96.27,96.265,96.265,2239.0,96.266,34
2026-05-11T07:30:00Z,96.265,96.27,96.265,96.27,425.0,96.269,25
2026-05-11T07:45:00Z,96.265,96.265,96.265,96.265,100.0,96.265,6
2026-05-11T08:00:00Z,96.265,96.27,96.265,96.27,595.0,96.27,24
2026-05-11T08:15:00Z,96.27,96.275,96.27,96.275,126.0,96.2725,10
2026-05-11T08:30:00Z,96.27,96.275,96.27,96.275,86.0,96.2735,8
2026-05-11T08:45:00Z,96.27,96.275,96.265,96.265,1331.0,96.27,106
2026-05-11T09:00:00Z,96.27,96.275,96.265,96.27,1651.0,96.2705,35
2026-05-11T09:15:00Z,96.27,96.275,96.27,96.27,1281.0,96.27,26
2026-05-11T09:30:00Z,96.27,96.275,96.27,96.27,414.0,96.2705,23
2026-05-11T09:45:00Z,96.27,96.27,96.26,96.265,1237.0,96.267,60
2026-05-11T10:00:00Z,96.265,96.265,96.26,96.265,1898.0,96.265,42
2026-05-11T10:15:00Z,96.265,96.265,96.265,96.265,39.0,96.265,7
2026-05-11T10:30:00Z,96.265,96.27,96.265,96.265,832.0,96.2665,36
2026-05-11T10:45:00Z,96.265,96.27,96.265,96.27,1127.0,96.27,16
2026-05-11T11:00:00Z,96.265,96.27,96.265,96.27,379.0,96.268,14
2026-05-11T11:15:00Z,96.265,96.265,96.265,96.265,830.0,96.265,27
2026-05-11T11:30:00Z,96.265,96.27,96.265,96.27,1438.0,96.2695,43
2026-05-11T11:45:00Z,96.27,96.275,96.265,96.27,2473.0,96.2705,112
2026-05-11T12:00:00Z,96.27,96.275,96.265,96.275,2558.0,96.27,93
2026-05-11T12:15:00Z,96.27,96.28,96.265,96.275,3557.0,96.272,123
2026-05-11T12:30:00Z,96.275,96.285,96.275,96.28,4308.0,96.28,158
2026-05-11T12:45:00Z,96.28,96.28,96.27,96.27,1749.0,96.2745,117
2026-05-11T13:00:00Z,96.275,96.28,96.275,96.275,2569.0,96.2795,92
2026-05-11T13:15:00Z,96.275,96.28,96.275,96.275,310.0,96.2785,42
2026-05-11T13:30:00Z,96.275,96.28,96.275,96.275,2205.0,96.275,94
2026-05-11T13:45:00Z,96.275,96.28,96.275,96.28,8084.0,96.28,253
2026-05-11T14:00:00Z,96.275,96.275,96.265,96.275,3698.0,96.2715,163
2026-05-11T14:15:00Z,96.275,96.28,96.265,96.27,6167.0,96.272,136
2026-05-11T14:30:00Z,96.27,96.275,96.26,96.27,6886.0,96.269,159
2026-05-11T14:45:00Z,96.265,96.27,96.265,96.265,477.0,96.2655,27
2026-05-11T15:00:00Z,96.265,96.27,96.265,96.27,4741.0,96.2695,82
2026-05-11T15:15:00Z,96.265,96.275,96.265,96.27,5107.0,96.27,170
2026-05-11T15:30:00Z,96.27,96.27,96.265,96.27,3177.0,96.27,66
2026-05-11T15:45:00Z,96.265,96.27,96.265,96.27,3398.0,96.27,138
2026-05-11T16:00:00Z,96.27,96.275,96.265,96.27,6189.0,96.27,123
2026-05-11T16:15:00Z,96.27,96.27,96.265,96.265,3179.0,96.2695,100
2026-05-11T16:30:00Z,96.265,96.27,96.26,96.26,1492.0,96.266,77
2026-05-11T16:45:00Z,96.26,96.27,96.26,96.26,5288.0,96.265,124
2026-05-11T17:00:00Z,96.265,96.265,96.26,96.26,5153.0,96.2635,321
2026-05-11T17:15:00Z,96.26,96.26,96.255,96.26,4725.0,96.26,173
2026-05-11T17:30:00Z,96.26,96.265,96.26,96.26,196.0,96.262,34
2026-05-11T17:45:00Z,96.26,96.26,96.255,96.255,2467.0,96.26,34
2026-05-11T18:00:00Z,96.255,96.265,96.255,96.26,3575.0,96.2595,152
2026-05-11T18:15:00Z,96.26,96.26,96.255,96.255,2577.0,96.26,112
2026-05-11T18:30:00Z,96.255,96.26,96.255,96.255,3769.0,96.2575,169
2026-05-11T18:45:00Z,96.255,96.255,96.245,96.245,3033.0,96.2515,270
2026-05-11T19:00:00Z,96.245,96.255,96.245,96.25,4529.0,96.2495,204
2026-05-11T19:15:00Z,96.25,96.25,96.245,96.245,764.0,96.2485,86
2026-05-11T19:30:00Z,96.245,96.25,96.245,96.245,3453.0,96.2455,127
2026-05-11T19:45:00Z,96.245,96.245,96.24,96.245,3179.0,96.245,83
2026-05-11T20:00:00Z,96.245,96.245,96.24,96.24,1999.0,96.245,75
2026-05-11T20:15:00Z,96.245,96.245,96.24,96.24,624.0,96.2445,25
2026-05-11T20:30:00Z,96.24,96.245,96.24,96.24,230.0,96.243,44
2026-05-11T20:45:00Z,96.24,96.25,96.24,96.245,1557.0,96.2445,110
2026-05-11T22:00:00Z,96.245,96.25,96.245,96.25,200.0,96.248,9
2026-05-11T22:15:00Z,96.25,96.25,96.25,96.25,2.0,96.25,1
2026-05-11T22:30:00Z,96.25,96.25,96.25,96.25,0.0,96.25,0
2026-05-11T22:45:00Z,96.25,96.25,96.25,96.25,0.0,96.25,0
2026-05-11T23:00:00Z,96.25,96.25,96.25,96.25,0.0,96.25,0
2026-05-11T23:15:00Z,96.245,96.245,96.245,96.245,48.0,96.245,12
2026-05-11T23:30:00Z,96.245,96.245,96.245,96.245,338.0,96.245,22
2026-05-11T23:45:00Z,96.245,96.245,96.24,96.24,629.0,96.243,19
2026-05-12T00:00:00Z,96.235,96.24,96.235,96.235,184.0,96.235,38
2026-05-12T00:15:00Z,96.235,96.235,96.235,96.235,1954.0,96.235,52
2026-05-12T00:30:00Z,96.235,96.235,96.23,96.235,154.0,96.235,8
2026-05-12T00:45:00Z,96.235,96.235,96.235,96.235,266.0,96.235,9
2026-05-12T01:00:00Z,96.235,96.235,96.235,96.235,434.0,96.235,6
2026-05-12T01:15:00Z,96.235,96.235,96.235,96.235,530.0,96.235,17
2026-05-12T01:30:00Z,96.235,96.235,96.235,96.235,2108.0,96.235,75
2026-05-12T01:45:00Z,96.235,96.235,96.235,96.235,57.0,96.235,5
2026-05-12T02:00:00Z,96.235,96.235,96.235,96.235,345.0,96.235,29
2026-05-12T02:15:00Z,96.235,96.235,96.235,96.235,84.0,96.235,2
2026-05-12T02:30:00Z,96.235,96.235,96.235,96.235,100.0,96.235,1
2026-05-12T02:45:00Z,96.235,96.235,96.23,96.235,441.0,96.235,22
2026-05-12T03:00:00Z,96.235,96.235,96.235,96.235,33.0,96.235,1
2026-05-12T03:15:00Z,96.235,96.235,96.235,96.235,885.0,96.235,32
2026-05-12T03:30:00Z,96.235,96.235,96.23,96.23,1281.0,96.231,24
2026-05-12T03:45:00Z,96.235,96.235,96.235,96.235,59.0,96.235,11
2026-05-12T04:00:00Z,96.235,96.235,96.235,96.235,129.0,96.235,10
2026-05-12T04:15:00Z,96.235,96.235,96.235,96.235,145.0,96.235,2
2026-05-12T04:30:00Z,96.235,96.235,96.235,96.235,0.0,96.235,0
2026-05-12T04:45:00Z,96.23,96.23,96.23,96.23,146.0,96.23,10
2026-05-12T05:00:00Z,96.23,96.235,96.23,96.23,49.0,96.2325,7
2026-05-12T05:15:00Z,96.23,96.23,96.23,96.23,0.0,96.23,0
2026-05-12T05:30:00Z,96.235,96.235,96.235,96.235,686.0,96.235,9
2026-05-12T05:45:00Z,96.235,96.235,96.235,96.235,1503.0,96.235,40
2026-05-12T06:00:00Z,96.235,96.235,96.235,96.235,1099.0,96.235,32
2026-05-12T06:15:00Z,96.235,96.235,96.23,96.23,1456.0,96.2305,55
2026-05-12T06:30:00Z,96.225,96.235,96.225,96.23,3857.0,96.2325,73
2026-05-12T06:45:00Z,96.23,96.23,96.22,96.22,7050.0,96.2255,152
2026-05-12T07:00:00Z,96.215,96.225,96.215,96.215,1646.0,96.2205,136
2026-05-12T07:15:00Z,96.215,96.225,96.215,96.22,4232.0,96.22,69
2026-05-12T07:30:00Z,96.22,96.225,96.22,96.225,3721.0,96.222,123
2026-05-12T07:45:00Z,96.225,96.23,96.225,96.225,882.0,96.23,22
2026-05-12T08:00:00Z,96.225,96.225,96.215,96.22,3055.0,96.223,84
2026-05-12T08:15:00Z,96.215,96.22,96.215,96.22,3066.0,96.218,111
2026-05-12T08:30:00Z,96.22,96.22,96.22,96.22,3184.0,96.22,75
2026-05-12T08:45:00Z,96.225,96.23,96.225,96.23,1856.0,96.228,88
2026-05-12T09:00:00Z,96.225,96.225,96.225,96.225,2309.0,96.225,54
2026-05-12T09:15:00Z,96.225,96.225,96.22,96.22,3830.0,96.2215,77
2026-05-12T09:30:00Z,96.225,96.23,96.225,96.225,1110.0,96.2255,39
2026-05-12T09:45:00Z,96.23,96.23,96.225,96.225,6193.0,96.226,59
2026-05-12T10:00:00Z,96.23,96.23,96.225,96.23,215.0,96.2275,7
2026-05-12T10:15:00Z,96.225,96.225,96.225,96.225,2283.0,96.225,48
2026-05-12T10:30:00Z,96.225,96.225,96.225,96.225,1127.0,96.225,39
2026-05-12T10:45:00Z,96.225,96.225,96.22,96.22,2941.0,96.22,394
2026-05-12T11:00:00Z,96.225,96.225,96.22,96.225,5694.0,96.2245,152
2026-05-12T11:15:00Z,96.225,96.225,96.22,96.22,2400.0,96.222,101
2026-05-12T11:30:00Z,96.22,96.225,96.22,96.22,4500.0,96.22,111
2026-05-12T11:45:00Z,96.22,96.22,96.21,96.22,4051.0,96.2145,187
2026-05-12T12:00:00Z,96.22,96.225,96.21,96.21,4732.0,96.2165,152
2026-05-12T12:15:00Z,96.21,96.21,96.2,96.21,14873.0,96.2055,372
2026-05-12T12:30:00Z,96.205,96.235,96.19,96.225,32587.0,96.216,699
2026-05-12T12:45:00Z,96.22,96.225,96.215,96.22,7360.0,96.22,225
2026-05-12T13:00:00Z,96.22,96.225,96.205,96.205,6341.0,96.214,226
2026-05-12T13:15:00Z,96.205,96.205,96.185,96.195,15271.0,96.196,712
2026-05-12T13:30:00Z,96.19,96.2,96.185,96.2,14120.0,96.1935,290
2026-05-12T13:45:00Z,96.195,96.205,96.195,96.195,16615.0,96.1985,139
2026-05-12T14:00:00Z,96.2,96.21,96.195,96.21,7746.0,96.202,199
2026-05-12T14:15:00Z,96.21,96.21,96.2,96.205,3600.0,96.205,197
2026-05-12T14:30:00Z,96.2,96.21,96.2,96.205,3592.0,96.205,165
2026-05-12T14:45:00Z,96.205,96.205,96.2,96.2,1440.0,96.201,110
2026-05-12T15:00:00Z,96.205,96.205,96.195,96.205,5058.0,96.2,208
2026-05-12T15:15:00Z,96.2,96.205,96.195,96.2,3713.0,96.2,183
2026-05-12T15:30:00Z,96.195,96.21,96.195,96.205,13170.0,96.203,310
2026-05-12T15:45:00Z,96.21,96.21,96.2,96.2,1905.0,96.203,78
2026-05-12T16:00:00Z,96.205,96.205,96.195,96.205,4627.0,96.2005,157
2026-05-12T16:15:00Z,96.2,96.2,96.195,96.195,1088.0,96.1995,59
2026-05-12T16:30:00Z,96.2,96.205,96.195,96.2,4298.0,96.1985,116
2026-05-12T16:45:00Z,96.2,96.205,96.195,96.195,2590.0,96.1995,109
2026-05-12T17:00:00Z,96.195,96.205,96.195,96.195,829.0,96.2,75
2026-05-12T17:15:00Z,96.2,96.2,96.195,96.2,510.0,96.1985,47
2026-05-12T17:30:00Z,96.195,96.2,96.19,96.195,3456.0,96.195,112
2026-05-12T17:45:00Z,96.195,96.2,96.195,96.2,2665.0,96.1965,154
2026-05-12T18:00:00Z,96.195,96.2,96.19,96.195,1863.0,96.1955,114
2026-05-12T18:15:00Z,96.195,96.2,96.195,96.2,1688.0,96.2,109
2026-05-12T18:30:00Z,96.2,96.2,96.195,96.195,592.0,96.1995,53
2026-05-12T18:45:00Z,96.195,96.205,96.195,96.2,2854.0,96.2,195
2026-05-12T19:00:00Z,96.2,96.2,96.195,96.2,1647.0,96.2,74
2026-05-12T19:15:00Z,96.205,96.205,96.2,96.2,884.0,96.2015,40
2026-05-12T19:30:00Z,96.2,96.205,96.2,96.2,856.0,96.204,90
2026-05-12T19:45:00Z,96.205,96.205,96.2,96.2,1159.0,96.2035,113
2026-05-12T20:00:00Z,96.2,96.205,96.2,96.205,2680.0,96.2015,84
2026-05-12T20:15:00Z,96.2,96.205,96.2,96.205,9830.0,96.205,200
2026-05-12T20:30:00Z,96.2,96.205,96.2,96.2,6575.0,96.202,495
2026-05-12T20:45:00Z,96.2,96.205,96.195,96.2,3765.0,96.2005,90
2026-05-12T22:00:00Z,96.2,96.2,96.195,96.195,191.0,96.1995,8
2026-05-12T22:15:00Z,96.195,96.195,96.195,96.195,0.0,96.195,0
2026-05-12T22:30:00Z,96.195,96.195,96.195,96.195,5.0,96.195,1
2026-05-12T22:45:00Z,96.195,96.195,96.195,96.195,0.0,96.195,0
2026-05-12T23:00:00Z,96.2,96.2,96.2,96.2,401.0,96.2,7
2026-05-12T23:15:00Z,96.2,96.2,96.2,96.2,0.0,96.2,0
2026-05-12T23:30:00Z,96.2,96.2,96.2,96.2,230.0,96.2,7
2026-05-12T23:45:00Z,96.2,96.2,96.195,96.195,289.0,96.2,15
2026-05-13T00:00:00Z,96.2,96.2,96.195,96.195,642.0,96.198,32
2026-05-13T00:15:00Z,96.195,96.2,96.195,96.2,458.0,96.197,24
2026-05-13T00:30:00Z,96.2,96.2,96.2,96.2,2.0,96.2,2
2026-05-13T00:45:00Z,96.2,96.2,96.2,96.2,0.0,96.2,0
2026-05-13T01:00:00Z,96.2,96.205,96.2,96.2,1379.0,96.2,16
2026-05-13T01:15:00Z,96.2,96.2,96.2,96.2,1425.0,96.2,33
2026-05-13T01:30:00Z,96.2,96.2,96.2,96.2,386.0,96.2,26
2026-05-13T01:45:00Z,96.2,96.2,96.2,96.2,236.0,96.2,9
2026-05-13T02:00:00Z,96.2,96.2,96.2,96.2,12.0,96.2,1
2026-05-13T02:15:00Z,96.2,96.2,96.2,96.2,255.0,96.2,13
2026-05-13T02:30:00Z,96.2,96.2,96.2,96.2,82.0,96.2,1
2026-05-13T02:45:00Z,96.2,96.2,96.2,96.2,2.0,96.2,1
2026-05-13T03:00:00Z,96.205,96.205,96.205,96.205,100.0,96.205,1
2026-05-13T03:15:00Z,96.205,96.205,96.205,96.205,0.0,96.205,0
2026-05-13T03:30:00Z,96.205,96.205,96.205,96.205,388.0,96.205,12
2026-05-13T03:45:00Z,96.205,96.205,96.205,96.205,79.0,96.205,2
2026-05-13T04:00:00Z,96.205,96.21,96.205,96.205,1736.0,96.205,20
2026-05-13T04:15:00Z,96.205,96.205,96.205,96.205,111.0,96.205,8
2026-05-13T04:30:00Z,96.205,96.205,96.205,96.205,87.0,96.205,4
2026-05-13T04:45:00Z,96.205,96.205,96.205,96.205,0.0,96.205,0
2026-05-13T05:00:00Z,96.205,96.205,96.205,96.205,632.0,96.205,4
2026-05-13T05:15:00Z,96.205,96.205,96.205,96.205,8.0,96.205,1
2026-05-13T05:30:00Z,96.21,96.21,96.205,96.205,1103.0,96.2095,16
2026-05-13T05:45:00Z,96.205,96.205,96.205,96.205,0.0,96.205,0
2026-05-13T06:00:00Z,96.205,96.205,96.205,96.205,25.0,96.205,1
2026-05-13T06:15:00Z,96.205,96.21,96.2,96.21,930.0,96.205,25
2026-05-13T06:30:00Z,96.21,96.21,96.21,96.21,1503.0,96.21,25
2026-05-13T06:45:00Z,96.21,96.21,96.205,96.21,2026.0,96.21,31
2026-05-13T07:00:00Z,96.21,96.21,96.21,96.21,141.0,96.21,3
2026-05-13T07:15:00Z,96.215,96.215,96.215,96.215,985.0,96.215,18
2026-05-13T07:30:00Z,96.215,96.22,96.215,96.215,952.0,96.216,30
2026-05-13T07:45:00Z,96.215,96.215,96.215,96.215,497.0,96.215,19
2026-05-13T08:00:00Z,96.215,96.215,96.21,96.21,496.0,96.213,12
2026-05-13T08:15:00Z,96.21,96.215,96.21,96.21,327.0,96.211,21
2026-05-13T08:30:00Z,96.21,96.215,96.21,96.21,1717.0,96.21,40
2026-05-13T08:45:00Z,96.21,96.21,96.21,96.21,1033.0,96.21,33
2026-05-13T09:00:00Z,96.205,96.21,96.205,96.21,1170.0,96.2095,14
2026-05-13T09:15:00Z,96.21,96.21,96.21,96.21,147.0,96.21,5
2026-05-13T09:30:00Z,96.21,96.21,96.21,96.21,1120.0,96.21,15
2026-05-13T09:45:00Z,96.21,96.215,96.21,96.21,873.0,96.2115,6
2026-05-13T10:00:00Z,96.21,96.22,96.21,96.21,2147.0,96.214,85
2026-05-13T10:15:00Z,96.21,96.21,96.21,96.21,2123.0,96.21,43
2026-05-13T10:30:00Z,96.21,96.21,96.21,96.21,754.0,96.21,31
2026-05-13T10:45:00Z,96.21,96.21,96.21,96.21,1544.0,96.21,38
2026-05-13T11:00:00Z,96.21,96.21,96.205,96.205,1359.0,96.2065,42
2026-05-13T11:15:00Z,96.2,96.21,96.2,96.205,1216.0,96.205,79
2026-05-13T11:30:00Z,96.21,96.215,96.21,96.21,1597.0,96.2105,52
2026-05-13T11:45:00Z,96.21,96.215,96.205,96.21,1717.0,96.21,108
2026-05-13T12:00:00Z,96.21,96.215,96.205,96.215,1733.0,96.212,115
2026-05-13T12:15:00Z,96.215,96.22,96.205,96.21,2061.0,96.2115,138
2026-05-13T12:30:00Z,96.215,96.215,96.185,96.195,30694.0,96.193,680
2026-05-13T12:45:00Z,96.195,96.205,96.19,96.205,6929.0,96.1995,205
2026-05-13T13:00:00Z,96.205,96.205,96.2,96.2,5576.0,96.2025,366
2026-05-13T13:15:00Z,96.2,96.205,96.2,96.2,4304.0,96.2035,224
2026-05-13T13:30:00Z,96.2,96.215,96.2,96.21,6204.0,96.2085,420
2026-05-13T13:45:00Z,96.21,96.215,96.21,96.21,3440.0,96.2145,166
2026-05-13T14:00:00Z,96.21,96.21,96.2,96.2,4708.0,96.2065,169
2026-05-13T14:15:00Z,96.2,96.205,96.195,96.2,4610.0,96.1995,130
2026-05-13T14:30:00Z,96.2,96.205,96.195,96.2,2982.0,96.2015,117
2026-05-13T14:45:00Z,96.195,96.2,96.19,96.19,5286.0,96.1945,154
2026-05-13T15:00:00Z,96.19,96.195,96.19,96.19,6171.0,96.1925,136
2026-05-13T15:15:00Z,96.19,96.195,96.185,96.19,3845.0,96.19,133
2026-05-13T15:30:00Z,96.19,96.2,96.18,96.195,11410.0,96.191,333
2026-05-13T15:45:00Z,96.19,96.195,96.19,96.195,2257.0,96.1945,117
2026-05-13T16:00:00Z,96.195,96.2,96.19,96.2,2572.0,96.198,131
2026-05-13T16:15:00Z,96.195,96.22,96.195,96.215,8483.0,96.2095,272
2026-05-13T16:30:00Z,96.215,96.215,96.205,96.205,6438.0,96.209,206
2026-05-13T16:45:00Z,96.205,96.205,96.2,96.205,1884.0,96.205,114
2026-05-13T17:00:00Z,96.205,96.21,96.2,96.205,1252.0,96.2055,109
2026-05-13T17:15:00Z,96.205,96.21,96.205,96.205,415.0,96.21,28
2026-05-13T17:30:00Z,96.21,96.21,96.205,96.205,1297.0,96.2055,61
2026-05-13T17:45:00Z,96.205,96.205,96.2,96.205,1985.0,96.205,99
2026-05-13T18:00:00Z,96.205,96.21,96.205,96.205,271.0,96.205,48
2026-05-13T18:15:00Z,96.205,96.205,96.205,96.205,848.0,96.205,27
2026-05-13T18:30:00Z,96.205,96.21,96.205,96.205,1855.0,96.205,68
2026-05-13T18:45:00Z,96.205,96.21,96.205,96.205,983.0,96.206,162
2026-05-13T19:00:00Z,96.205,96.215,96.205,96.215,10848.0,96.212,255
2026-05-13T19:15:00Z,96.215,96.22,96.21,96.215,1724.0,96.215,127
2026-05-13T19:30:00Z,96.215,96.22,96.21,96.21,3399.0,96.215,73
2026-05-13T19:45:00Z,96.215,96.22,96.21,96.215,7846.0,96.215,352
2026-05-13T20:00:00Z,96.215,96.215,96.21,96.215,2046.0,96.2135,68
2026-05-13T20:15:00Z,96.215,96.215,96.21,96.21,1283.0,96.2145,63
2026-05-13T20:30:00Z,96.215,96.215,96.215,96.215,2947.0,96.215,132
2026-05-13T20:45:00Z,96.215,96.215,96.21,96.21,2480.0,96.212,75
2026-05-13T22:00:00Z,96.215,96.22,96.21,96.22,219.0,96.217,24
2026-05-13T22:15:00Z,96.22,96.225,96.22,96.225,318.0,96.221,23
2026-05-13T22:30:00Z,96.22,96.22,96.22,96.22,564.0,96.22,13
2026-05-13T22:45:00Z,96.22,96.22,96.22,96.22,300.0,96.22,1
2026-05-13T23:00:00Z,96.22,96.22,96.22,96.22,0.0,96.22,0
2026-05-13T23:15:00Z,96.215,96.215,96.21,96.21,692.0,96.215,9
2026-05-13T23:30:00Z,96.21,96.21,96.21,96.21,0.0,96.21,0
2026-05-13T23:45:00Z,96.215,96.215,96.215,96.215,501.0,96.215,10
2026-05-14T00:00:00Z,96.21,96.21,96.21,96.21,115.0,96.21,2
2026-05-14T00:15:00Z,96.215,96.215,96.215,96.215,742.0,96.215,21
2026-05-14T00:30:00Z,96.215,96.215,96.215,96.215,1.0,96.215,1
2026-05-14T00:45:00Z,96.22,96.22,96.22,96.22,736.0,96.22,21
2026-05-14T01:00:00Z,96.22,96.22,96.215,96.22,945.0,96.219,33
2026-05-14T01:15:00Z,96.22,96.22,96.22,96.22,589.0,96.22,22
2026-05-14T01:30:00Z,96.22,96.22,96.22,96.22,265.0,96.22,17
2026-05-14T01:45:00Z,96.22,96.22,96.22,96.22,787.0,96.22,20
2026-05-14T02:00:00Z,96.22,96.22,96.22,96.22,1005.0,96.22,23
2026-05-14T02:15:00Z,96.22,96.22,96.22,96.22,402.0,96.22,13
2026-05-14T02:30:00Z,96.22,96.22,96.22,96.22,321.0,96.22,11
2026-05-14T02:45:00Z,96.22,96.22,96.22,96.22,10.0,96.22,2
2026-05-14T03:00:00Z,96.22,96.22,96.22,96.22,148.0,96.22,7
2026-05-14T03:15:00Z,96.22,96.22,96.215,96.22,168.0,96.22,13
2026-05-14T03:30:00Z,96.22,96.22,96.22,96.22,308.0,96.22,19
2026-05-14T03:45:00Z,96.22,96.22,96.22,96.22,369.0,96.22,14
2026-05-14T04:00:00Z,96.215,96.215,96.215,96.215,834.0,96.215,50
2026-05-14T04:15:00Z,96.215,96.215,96.215,96.215,0.0,96.215,0
2026-05-14T04:30:00Z,96.215,96.215,96.215,96.215,0.0,96.215,0
2026-05-14T04:45:00Z,96.215,96.215,96.215,96.215,0.0,96.215,0
2026-05-14T05:00:00Z,96.215,96.215,96.215,96.215,653.0,96.215,18
2026-05-14T05:15:00Z,96.215,96.215,96.215,96.215,22.0,96.215,6
2026-05-14T05:30:00Z,96.215,96.215,96.215,96.215,0.0,96.215,0
2026-05-14T05:45:00Z,96.215,96.215,96.215,96.215,0.0,96.215,0
2026-05-14T06:00:00Z,96.215,96.215,96.215,96.215,657.0,96.215,20
2026-05-14T06:15:00Z,96.215,96.22,96.215,96.215,2156.0,96.2195,9
2026-05-14T06:30:00Z,96.22,96.22,96.22,96.22,1628.0,96.22,21
2026-05-14T06:45:00Z,96.225,96.23,96.225,96.225,5045.0,96.2255,94
2026-05-14T07:00:00Z,96.22,96.22,96.22,96.22,1355.0,96.22,9
2026-05-14T07:15:00Z,96.22,96.22,96.22,96.22,1487.0,96.22,10
2026-05-14T07:30:00Z,96.22,96.225,96.22,96.225,3603.0,96.2235,95
2026-05-14T07:45:00Z,96.22,96.225,96.21,96.21,1039.0,96.218,38
2026-05-14T08:00:00Z,96.215,96.215,96.21,96.215,741.0,96.2145,91
2026-05-14T08:15:00Z,96.215,96.215,96.215,96.215,0.0,96.215,0
2026-05-14T08:30:00Z,96.22,96.22,96.215,96.215,1069.0,96.22,53
2026-05-14T08:45:00Z,96.22,96.22,96.22,96.22,371.0,96.22,29
2026-05-14T09:00:00Z,96.22,96.22,96.22,96.22,1232.0,96.22,61
2026-05-14T09:15:00Z,96.22,96.225,96.22,96.22,457.0,96.22,21
2026-05-14T09:30:00Z,96.22,96.22,96.22,96.22,1299.0,96.22,50
2026-05-14T09:45:00Z,96.22,96.225,96.22,96.22,2037.0,96.223,47
2026-05-14T10:00:00Z,96.22,96.225,96.22,96.225,533.0,96.2205,19
2026-05-14T10:15:00Z,96.225,96.225,96.22,96.225,1007.0,96.2225,25
2026-05-14T10:30:00Z,96.22,96.22,96.22,96.22,181.0,96.22,10
2026-05-14T10:45:00Z,96.215,96.22,96.215,96.22,2757.0,96.22,81
2026-05-14T11:00:00Z,96.22,96.225,96.215,96.225,2179.0,96.2205,84
2026-05-14T11:15:00Z,96.225,96.23,96.225,96.23,3794.0,96.23,131
2026-05-14T11:30:00Z,96.23,96.23,96.23,96.23,1600.0,96.23,103
2026-05-14T11:45:00Z,96.23,96.235,96.225,96.23,6114.0,96.23,312
2026-05-14T12:00:00Z,96.23,96.235,96.225,96.23,1796.0,96.2315,88
2026-05-14T12:15:00Z,96.23,96.235,96.23,96.235,3153.0,96.231,74
2026-05-14T12:30:00Z,96.23,96.23,96.215,96.22,11064.0,96.2235,502
2026-05-14T12:45:00Z,96.22,96.225,96.215,96.225,6232.0,96.22,152
2026-05-14T13:00:00Z,96.225,96.23,96.22,96.22,7451.0,96.221,137
2026-05-14T13:15:00Z,96.22,96.225,96.22,96.22,857.0,96.223,44
2026-05-14T13:30:00Z,96.22,96.225,96.215,96.22,6436.0,96.2185,347
2026-05-14T13:45:00Z,96.22,96.225,96.21,96.21,4342.0,96.22,161
2026-05-14T14:00:00Z,96.21,96.215,96.205,96.205,3111.0,96.209,161
2026-05-14T14:15:00Z,96.205,96.21,96.195,96.195,7140.0,96.198,258
2026-05-14T14:30:00Z,96.195,96.205,96.195,96.205,4181.0,96.2,106
2026-05-14T14:45:00Z,96.205,96.21,96.2,96.205,2232.0,96.207,81
2026-05-14T15:00:00Z,96.205,96.205,96.2,96.2,4070.0,96.204,156
2026-05-14T15:15:00Z,96.2,96.205,96.2,96.205,3712.0,96.204,152
2026-05-14T15:30:00Z,96.205,96.205,96.2,96.2,1117.0,96.2045,131
2026-05-14T15:45:00Z,96.2,96.205,96.2,96.205,3302.0,96.2045,138
2026-05-14T16:00:00Z,96.205,96.21,96.2,96.205,1311.0,96.205,82
2026-05-14T16:15:00Z,96.21,96.21,96.2,96.2,2444.0,96.205,118
2026-05-14T16:30:00Z,96.2,96.21,96.2,96.2,1803.0,96.205,146
2026-05-14T16:45:00Z,96.2,96.21,96.2,96.21,812.0,96.205,55
2026-05-14T17:00:00Z,96.205,96.21,96.2,96.205,737.0,96.205,78
2026-05-14T17:15:00Z,96.205,96.21,96.2,96.205,1933.0,96.205,77
2026-05-14T17:30:00Z,96.205,96.21,96.2,96.2,2336.0,96.205,136
2026-05-14T17:45:00Z,96.205,96.205,96.2,96.2,915.0,96.2045,98
2026-05-14T18:00:00Z,96.205,96.205,96.195,96.195,7345.0,96.2,165
2026-05-14T18:15:00Z,96.2,96.2,96.195,96.2,1675.0,96.2,43
2026-05-14T18:30:00Z,96.205,96.205,96.195,96.195,1495.0,96.2,57
2026-05-14T18:45:00Z,96.195,96.2,96.195,96.195,1568.0,96.1995,154
2026-05-14T19:00:00Z,96.195,96.2,96.195,96.195,925.0,96.199,49
2026-05-14T19:15:00Z,96.195,96.2,96.19,96.19,2771.0,96.1945,58
2026-05-14T19:30:00Z,96.19,96.19,96.185,96.185,2763.0,96.1895,99
2026-05-14T19:45:00Z,96.185,96.19,96.18,96.18,7323.0,96.181,206
2026-05-14T20:00:00Z,96.18,96.19,96.18,96.185,3919.0,96.185,171
2026-05-14T20:15:00Z,96.185,96.19,96.18,96.185,2743.0,96.185,56
2026-05-14T20:30:00Z,96.185,96.185,96.175,96.185,2639.0,96.1805,85
2026-05-14T20:45:00Z,96.185,96.185,96.175,96.18,3003.0,96.18,145
2026-05-14T22:00:00Z,96.18,96.18,96.17,96.17,1366.0,96.176,96
2026-05-14T22:15:00Z,96.175,96.175,96.175,96.175,1338.0,96.175,37
2026-05-14T22:30:00Z,96.18,96.18,96.18,96.18,527.0,96.18,15
2026-05-14T22:45:00Z,96.185,96.185,96.18,96.185,78.0,96.1845,3
2026-05-14T23:00:00Z,96.185,96.185,96.185,96.185,33.0,96.185,1
2026-05-14T23:15:00Z,96.18,96.185,96.18,96.185,127.0,96.18,7
2026-05-14T23:30:00Z,96.185,96.185,96.185,96.185,0.0,96.185,0
2026-05-14T23:45:00Z,96.18,96.18,96.175,96.175,1434.0,96.18,30
2026-05-15T00:00:00Z,96.18,96.18,96.175,96.175,949.0,96.1755,23
2026-05-15T00:15:00Z,96.175,96.175,96.175,96.175,753.0,96.175,25
2026-05-15T00:30:00Z,96.175,96.175,96.175,96.175,463.0,96.175,11
2026-05-15T00:45:00Z,96.175,96.175,96.175,96.175,502.0,96.175,14
2026-05-15T01:00:00Z,96.175,96.175,96.165,96.165,1492.0,96.1705,21
2026-05-15T01:15:00Z,96.165,96.165,96.155,96.155,7635.0,96.159,303
2026-05-15T01:30:00Z,96.155,96.16,96.15,96.155,1297.0,96.155,57
2026-05-15T01:45:00Z,96.155,96.155,96.15,96.155,1557.0,96.153,57
2026-05-15T02:00:00Z,96.155,96.155,96.155,96.155,544.0,96.155,11
2026-05-15T02:15:00Z,96.155,96.155,96.155,96.155,442.0,96.155,7
2026-05-15T02:30:00Z,96.155,96.155,96.155,96.155,2.0,96.155,1
2026-05-15T02:45:00Z,96.155,96.165,96.155,96.16,2515.0,96.1595,89
2026-05-15T03:00:00Z,96.16,96.16,96.16,96.16,1097.0,96.16,80
2026-05-15T03:15:00Z,96.16,96.165,96.16,96.165,77.0,96.165,4
2026-05-15T03:30:00Z,96.16,96.165,96.16,96.16,1065.0,96.16,77
2026-05-15T03:45:00Z,96.16,96.16,96.16,96.16,0.0,96.16,0
2026-05-15T04:00:00Z,96.16,96.16,96.16,96.16,1183.0,96.16,41
2026-05-15T04:15:00Z,96.16,96.16,96.155,96.155,451.0,96.156,23
2026-05-15T04:30:00Z,96.155,96.155,96.145,96.145,1458.0,96.153,50
2026-05-15T04:45:00Z,96.145,96.15,96.145,96.15,1016.0,96.1455,25
2026-05-15T05:00:00Z,96.145,96.145,96.145,96.145,564.0,96.145,24
2026-05-15T05:15:00Z,96.145,96.15,96.145,96.15,44.0,96.1495,6
2026-05-15T05:30:00Z,96.15,96.15,96.15,96.15,508.0,96.15,21
2026-05-15T05:45:00Z,96.145,96.15,96.145,96.145,770.0,96.1465,22
2026-05-15T06:00:00Z,96.145,96.145,96.145,96.145,1443.0,96.145,50
2026-05-15T06:15:00Z,96.145,96.145,96.14,96.14,1714.0,96.1445,57
2026-05-15T06:30:00Z,96.145,96.145,96.145,96.145,1479.0,96.145,98
2026-05-15T06:45:00Z,96.145,96.15,96.145,96.15,1970.0,96.146,39
2026-05-15T07:00:00Z,96.15,96.16,96.15,96.16,3270.0,96.1545,75
2026-05-15T07:15:00Z,96.16,96.16,96.16,96.16,2255.0,96.16,50
2026-05-15T07:30:00Z,96.16,96.16,96.15,96.15,511.0,96.1565,12
2026-05-15T07:45:00Z,96.15,96.15,96.15,96.15,2171.0,96.15,32
2026-05-15T08:00:00Z,96.15,96.15,96.145,96.145,1079.0,96.146,34
2026-05-15T08:15:00Z,96.145,96.145,96.135,96.14,2301.0,96.14,62
2026-05-15T08:30:00Z,96.135,96.14,96.135,96.14,3541.0,96.14,127
2026-05-15T08:45:00Z,96.14,96.145,96.14,96.145,146.0,96.1435,5
2026-05-15T09:00:00Z,96.145,96.145,96.14,96.14,2652.0,96.1415,78
2026-05-15T09:15:00Z,96.145,96.145,96.145,96.145,1999.0,96.145,76
2026-05-15T09:30:00Z,96.15,96.15,96.145,96.145,2555.0,96.145,121
2026-05-15T09:45:00Z,96.145,96.15,96.14,96.145,2703.0,96.145,93
2026-05-15T10:00:00Z,96.15,96.16,96.145,96.155,2231.0,96.1535,71
2026-05-15T10:15:00Z,96.16,96.165,96.155,96.155,8895.0,96.162,203
2026-05-15T10:30:00Z,96.155,96.16,96.155,96.16,1872.0,96.16,86
2026-05-15T10:45:00Z,96.165,96.175,96.165,96.17,5185.0,96.17,173
2026-05-15T11:00:00Z,96.17,96.17,96.16,96.16,2093.0,96.1635,64
2026-05-15T11:15:00Z,96.165,96.165,96.16,96.16,1688.0,96.161,68
2026-05-15T11:30:00Z,96.16,96.16,96.16,96.16,2069.0,96.16,103
2026-05-15T11:45:00Z,96.155,96.155,96.15,96.15,3310.0,96.151,105
2026-05-15T12:00:00Z,96.145,96.155,96.14,96.14,12034.0,96.1445,324
2026-05-15T12:15:00Z,96.145,96.15,96.145,96.145,5244.0,96.1465,220
2026-05-15T12:30:00Z,96.145,96.15,96.14,96.14,6585.0,96.1445,234
2026-05-15T12:45:00Z,96.14,96.145,96.14,96.145,8212.0,96.1415,247
2026-05-15T13:00:00Z,96.14,96.15,96.14,96.15,3950.0,96.1495,133
2026-05-15T13:15:00Z,96.15,96.15,96.14,96.15,3678.0,96.1475,192
2026-05-15T13:30:00Z,96.15,96.15,96.145,96.145,5490.0,96.15,262
2026-05-15T13:45:00Z,96.145,96.145,96.135,96.14,6332.0,96.142,293
2026-05-15T14:00:00Z,96.14,96.15,96.135,96.14,4677.0,96.1425,164
2026-05-15T14:15:00Z,96.145,96.155,96.14,96.15,7180.0,96.149,250
2026-05-15T14:30:00Z,96.15,96.155,96.145,96.15,2505.0,96.15,138
2026-05-15T14:45:00Z,96.145,96.15,96.145,96.15,4051.0,96.1475,132
2026-05-15T15:00:00Z,96.15,96.15,96.14,96.145,4752.0,96.144,120
2026-05-15T15:15:00Z,96.15,96.15,96.14,96.145,5841.0,96.145,179
2026-05-15T15:30:00Z,96.14,96.145,96.135,96.14,6367.0,96.141,241
2026-05-15T15:45:00Z,96.14,96.145,96.135,96.145,9008.0,96.1405,235
2026-05-15T16:00:00Z,96.145,96.15,96.14,96.145,8193.0,96.145,173
2026-05-15T16:15:00Z,96.145,96.145,96.14,96.145,987.0,96.144,83
2026-05-15T16:30:00Z,96.145,96.145,96.14,96.14,2283.0,96.1405,167
2026-05-15T16:45:00Z,96.14,96.145,96.14,96.14,415.0,96.1435,30
2026-05-15T17:00:00Z,96.14,96.145,96.14,96.14,759.0,96.14,141
2026-05-15T17:15:00Z,96.14,96.15,96.14,96.145,2298.0,96.145,61
2026-05-15T17:30:00Z,96.145,96.15,96.145,96.15,554.0,96.1485,29
2026-05-15T17:45:00Z,96.145,96.145,96.14,96.14,2937.0,96.145,51
2026-05-15T18:00:00Z,96.14,96.15,96.14,96.15,4006.0,96.141,120
2026-05-15T18:15:00Z,96.145,96.15,96.145,96.145,235.0,96.147,50
2026-05-15T18:30:00Z,96.145,96.145,96.14,96.145,3182.0,96.145,131
2026-05-15T18:45:00Z,96.145,96.145,96.135,96.14,4588.0,96.1415,246
2026-05-15T19:00:00Z,96.145,96.145,96.14,96.145,2252.0,96.145,79
2026-05-15T19:15:00Z,96.14,96.145,96.14,96.145,353.0,96.1415,24
2026-05-15T19:30:00Z,96.14,96.15,96.14,96.15,3128.0,96.1455,152
2026-05-15T19:45:00Z,96.15,96.15,96.145,96.145,1085.0,96.1455,133
2026-05-15T20:00:00Z,96.15,96.15,96.145,96.145,1568.0,96.145,38
2026-05-15T20:15:00Z,96.145,96.15,96.145,96.145,1322.0,96.145,22
2026-05-15T20:30:00Z,96.145,96.15,96.145,96.145,3509.0,96.1455,35
2026-05-15T20:45:00Z,96.145,96.15,96.145,96.15,6222.0,96.1475,145
2026-05-17T22:00:00Z,96.14,96.14,96.12,96.12,3795.0,96.1275,141
2026-05-17T22:15:00Z,96.12,96.125,96.12,96.125,2369.0,96.1205,32
2026-05-17T22:30:00Z,96.13,96.13,96.125,96.125,625.0,96.127,4
2026-05-17T22:45:00Z,96.125,96.125,96.125,96.125,0.0,96.125,0
2026-05-17T23:00:00Z,96.13,96.13,96.13,96.13,1427.0,96.13,22
2026-05-17T23:15:00Z,96.13,96.13,96.13,96.13,68.0,96.13,6
2026-05-17T23:30:00Z,96.13,96.13,96.125,96.125,231.0,96.129,10
2026-05-17T23:45:00Z,96.13,96.13,96.13,96.13,298.0,96.13,29
2026-05-18T00:00:00Z,96.135,96.145,96.135,96.14,1491.0,96.141,76
2026-05-18T00:15:00Z,96.14,96.145,96.14,96.145,381.0,96.1405,10
2026-05-18T00:30:00Z,96.145,96.145,96.14,96.14,708.0,96.14,16
2026-05-18T00:45:00Z,96.135,96.135,96.13,96.13,3626.0,96.1315,37
2026-05-18T01:00:00Z,96.13,96.13,96.13,96.13,1162.0,96.13,38
2026-05-18T01:15:00Z,96.13,96.13,96.125,96.125,987.0,96.1255,35
2026-05-18T01:30:00Z,96.125,96.13,96.125,96.125,506.0,96.1285,20
2026-05-18T01:45:00Z,96.13,96.13,96.13,96.13,1125.0,96.13,53
2026-05-18T02:00:00Z,96.13,96.13,96.13,96.13,698.0,96.13,22
2026-05-18T02:15:00Z,96.13,96.13,96.13,96.13,2387.0,96.13,42
2026-05-18T02:30:00Z,96.13,96.13,96.125,96.13,593.0,96.13,35
2026-05-18T02:45:00Z,96.13,96.13,96.13,96.13,156.0,96.13,11
2026-05-18T03:00:00Z,96.13,96.13,96.13,96.13,72.0,96.13,1
2026-05-18T03:15:00Z,96.13,96.13,96.13,96.13,0.0,96.13,0
2026-05-18T03:30:00Z,96.125,96.125,96.125,96.125,1135.0,96.125,55
2026-05-18T03:45:00Z,96.125,96.125,96.125,96.125,129.0,96.125,5
2026-05-18T04:00:00Z,96.125,96.125,96.125,96.125,244.0,96.125,23
2026-05-18T04:15:00Z,96.13,96.13,96.125,96.125,189.0,96.128,3
2026-05-18T04:30:00Z,96.13,96.13,96.125,96.125,125.0,96.125,24
2026-05-18T04:45:00Z,96.12,96.125,96.12,96.125,246.0,96.1245,9
2026-05-18T05:00:00Z,96.125,96.125,96.125,96.125,1075.0,96.125,21
2026-05-18T05:15:00Z,96.125,96.125,96.125,96.125,25.0,96.125,1
2026-05-18T05:30:00Z,96.125,96.125,96.125,96.125,657.0,96.125,13
2026-05-18T05:45:00Z,96.125,96.125,96.12,96.125,736.0,96.125,26
2026-05-18T06:00:00Z,96.125,96.13,96.125,96.125,208.0,96.1255,18
2026-05-18T06:15:00Z,96.125,96.125,96.125,96.125,2639.0,96.125,33
2026-05-18T06:30:00Z,96.125,96.125,96.125,96.125,1354.0,96.125,50
2026-05-18T06:45:00Z,96.125,96.125,96.125,96.125,880.0,96.125,29
2026-05-18T07:00:00Z,96.125,96.125,96.12,96.12,1600.0,96.12,51
2026-05-18T07:15:00Z,96.12,96.125,96.115,96.125,2736.0,96.122,72
2026-05-18T07:30:00Z,96.13,96.14,96.13,96.14,2315.0,96.135,36
2026-05-18T07:45:00Z,96.135,96.135,96.135,96.135,2478.0,96.135,53
2026-05-18T08:00:00Z,96.14,96.14,96.135,96.135,13.0,96.1395,3
2026-05-18T08:15:00Z,96.14,96.14,96.135,96.135,458.0,96.139,10
2026-05-18T08:30:00Z,96.14,96.145,96.14,96.14,1238.0,96.14,55
2026-05-18T08:45:00Z,96.145,96.145,96.14,96.14,1305.0,96.145,50
2026-05-18T09:00:00Z,96.14,96.14,96.135,96.135,1139.0,96.1385,28
2026-05-18T09:15:00Z,96.14,96.14,96.135,96.135,54.0,96.137,4
2026-05-18T09:30:00Z,96.135,96.14,96.135,96.135,633.0,96.136,10
2026-05-18T09:45:00Z,96.135,96.135,96.135,96.135,1301.0,96.135,44
2026-05-18T10:00:00Z,96.135,96.135,96.13,96.13,558.0,96.1325,9
2026-05-18T10:15:00Z,96.13,96.13,96.13,96.13,202.0,96.13,2
2026-05-18T10:30:00Z,96.13,96.135,96.13,96.135,931.0,96.135,14
2026-05-18T10:45:00Z,96.135,96.135,96.135,96.135,871.0,96.135,35
2026-05-18T11:00:00Z,96.135,96.135,96.13,96.13,2471.0,96.131,147
2026-05-18T11:15:00Z,96.13,96.13,96.125,96.13,3444.0,96.1285,75
2026-05-18T11:30:00Z,96.13,96.165,96.13,96.155,5933.0,96.15,248
2026-05-18T11:45:00Z,96.15,96.15,96.14,96.145,5339.0,96.1475,67
2026-05-18T12:00:00Z,96.145,96.155,96.14,96.145,5142.0,96.148,151
2026-05-18T12:15:00Z,96.145,96.15,96.14,96.145,5222.0,96.145,234
2026-05-18T12:30:00Z,96.145,96.175,96.14,96.175,10716.0,96.162,390
2026-05-18T12:45:00Z,96.175,96.185,96.17,96.175,11008.0,96.1775,315
2026-05-18T13:00:00Z,96.175,96.18,96.16,96.165,9330.0,96.1665,242
2026-05-18T13:15:00Z,96.16,96.175,96.16,96.17,6579.0,96.1655,210
2026-05-18T13:30:00Z,96.17,96.175,96.165,96.17,8314.0,96.171,512
2026-05-18T13:45:00Z,96.17,96.19,96.17,96.18,12348.0,96.1815,264
2026-05-18T14:00:00Z,96.175,96.18,96.165,96.17,8195.0,96.172,298
2026-05-18T14:15:00Z,96.165,96.17,96.16,96.165,5666.0,96.163,136
2026-05-18T14:30:00Z,96.165,96.165,96.15,96.155,5180.0,96.156,210
2026-05-18T14:45:00Z,96.155,96.16,96.15,96.16,1930.0,96.1565,52
2026-05-18T15:00:00Z,96.16,96.165,96.145,96.15,6095.0,96.152,220
2026-05-18T15:15:00Z,96.15,96.15,96.145,96.145,1666.0,96.147,67
2026-05-18T15:30:00Z,96.15,96.155,96.145,96.15,2972.0,96.15,110
2026-05-18T15:45:00Z,96.15,96.155,96.145,96.15,2875.0,96.1495,90
2026-05-18T16:00:00Z,96.15,96.155,96.145,96.15,6198.0,96.15,67
2026-05-18T16:15:00Z,96.15,96.155,96.14,96.145,2439.0,96.148,104
2026-05-18T16:30:00Z,96.145,96.155,96.145,96.15,2351.0,96.151,110
2026-05-18T16:45:00Z,96.155,96.155,96.15,96.155,323.0,96.1535,54
2026-05-18T17:00:00Z,96.15,96.155,96.145,96.155,4527.0,96.1475,128
2026-05-18T17:15:00Z,96.15,96.155,96.145,96.15,1635.0,96.15,94
2026-05-18T17:30:00Z,96.15,96.155,96.145,96.155,1346.0,96.15,58
2026-05-18T17:45:00Z,96.15,96.155,96.15,96.15,494.0,96.1505,35
2026-05-18T18:00:00Z,96.155,96.155,96.145,96.145,3086.0,96.148,133
2026-05-18T18:15:00Z,96.145,96.15,96.13,96.135,4184.0,96.138,135
2026-05-18T18:30:00Z,96.14,96.145,96.135,96.135,3249.0,96.1375,113
2026-05-18T18:45:00Z,96.14,96.145,96.13,96.13,3565.0,96.1375,350
2026-05-18T19:00:00Z,96.13,96.165,96.13,96.155,24932.0,96.1515,631
2026-05-18T19:15:00Z,96.155,96.155,96.145,96.15,3868.0,96.1505,118
2026-05-18T19:30:00Z,96.155,96.16,96.15,96.16,3486.0,96.1545,152
2026-05-18T19:45:00Z,96.155,96.16,96.15,96.155,3231.0,96.157,130
2026-05-18T20:00:00Z,96.155,96.165,96.155,96.165,3402.0,96.164,133
2026-05-18T20:15:00Z,96.17,96.175,96.165,96.17,2205.0,96.17,87
2026-05-18T20:30:00Z,96.175,96.175,96.17,96.175,186.0,96.171,32
2026-05-18T20:45:00Z,96.175,96.18,96.175,96.175,2165.0,96.175,68
2026-05-18T22:00:00Z,96.18,96.185,96.18,96.18,387.0,96.1815,61
2026-05-18T22:15:00Z,96.185,96.185,96.185,96.185,68.0,96.185,4
2026-05-18T22:30:00Z,96.185,96.185,96.18,96.18,384.0,96.18,27
2026-05-18T22:45:00Z,96.175,96.175,96.17,96.17,645.0,96.1725,22
2026-05-18T23:00:00Z,96.17,96.175,96.17,96.17,444.0,96.17,15
2026-05-18T23:15:00Z,96.17,96.17,96.17,96.17,77.0,96.17,4
2026-05-18T23:30:00Z,96.165,96.165,96.165,96.165,102.0,96.165,4
2026-05-18T23:45:00Z,96.165,96.165,96.165,96.165,1.0,96.165,1
2026-05-19T00:00:00Z,96.165,96.165,96.165,96.165,835.0,96.165,25
2026-05-19T00:15:00Z,96.165,96.165,96.165,96.165,957.0,96.165,23
2026-05-19T00:30:00Z,96.165,96.165,96.165,96.165,990.0,96.165,19
2026-05-19T00:45:00Z,96.165,96.165,96.165,96.165,99.0,96.165,2
2026-05-19T01:00:00Z,96.165,96.165,96.165,96.165,890.0,96.165,15
2026-05-19T01:15:00Z,96.165,96.165,96.165,96.165,65.0,96.165,3
2026-05-19T01:30:00Z,96.165,96.17,96.165,96.17,1301.0,96.168,11
2026-05-19T01:45:00Z,96.17,96.17,96.165,96.165,414.0,96.1695,18
2026-05-19T02:00:00Z,96.165,96.165,96.16,96.16,1219.0,96.1625,10
2026-05-19T02:15:00Z,96.16,96.16,96.16,96.16,5.0,96.16,2
2026-05-19T02:30:00Z,96.16,96.16,96.155,96.155,88.0,96.16,4
2026-05-19T02:45:00Z,96.155,96.16,96.155,96.16,391.0,96.16,20
2026-05-19T03:00:00Z,96.155,96.155,96.155,96.155,422.0,96.155,12
2026-05-19T03:15:00Z,96.155,96.155,96.155,96.155,0.0,96.155,0
2026-05-19T03:30:00Z,96.16,96.16,96.155,96.155,113.0,96.1595,9
2026-05-19T03:45:00Z,96.155,96.155,96.155,96.155,976.0,96.155,33
2026-05-19T04:00:00Z,96.155,96.155,96.155,96.155,98.0,96.155,3
2026-05-19T04:15:00Z,96.155,96.155,96.155,96.155,1.0,96.155,1
2026-05-19T04:30:00Z,96.155,96.155,96.155,96.155,310.0,96.155,10
2026-05-19T04:45:00Z,96.155,96.155,96.155,96.155,446.0,96.155,9
2026-05-19T05:00:00Z,96.155,96.155,96.155,96.155,187.0,96.155,10
2026-05-19T05:15:00Z,96.155,96.155,96.155,96.155,993.0,96.155,25
2026-05-19T05:30:00Z,96.15,96.15,96.15,96.15,861.0,96.15,52
2026-05-19T05:45:00Z,96.15,96.15,96.145,96.15,890.0,96.15,31
2026-05-19T06:00:00Z,96.15,96.155,96.15,96.155,756.0,96.153,38
2026-05-19T06:15:00Z,96.15,96.155,96.15,96.15,475.0,96.1515,11
2026-05-19T06:30:00Z,96.15,96.155,96.15,96.155,935.0,96.155,276
2026-05-19T06:45:00Z,96.155,96.155,96.155,96.155,2022.0,96.155,322
2026-05-19T07:00:00Z,96.155,96.155,96.15,96.155,12254.0,96.1515,123
2026-05-19T07:15:00Z,96.155,96.155,96.15,96.155,161.0,96.153,12
2026-05-19T07:30:00Z,96.155,96.16,96.155,96.16,1957.0,96.155,108
2026-05-19T07:45:00Z,96.16,96.165,96.16,96.16,994.0,96.1605,19
2026-05-19T08:00:00Z,96.16,96.16,96.16,96.16,1691.0,96.16,63
2026-05-19T08:15:00Z,96.16,96.16,96.155,96.155,717.0,96.158,21
2026-05-19T08:30:00Z,96.155,96.16,96.155,96.155,1413.0,96.155,40
2026-05-19T08:45:00Z,96.155,96.16,96.15,96.15,2465.0,96.1545,56
2026-05-19T09:00:00Z,96.155,96.155,96.15,96.15,1029.0,96.15,74
2026-05-19T09:15:00Z,96.15,96.15,96.15,96.15,526.0,96.15,29
2026-05-19T09:30:00Z,96.145,96.145,96.145,96.145,599.0,96.145,20
2026-05-19T09:45:00Z,96.145,96.15,96.145,96.145,675.0,96.1495,29
2026-05-19T10:00:00Z,96.145,96.155,96.145,96.155,1338.0,96.1505,39
2026-05-19T10:15:00Z,96.15,96.155,96.15,96.155,1053.0,96.151,34
2026-05-19T10:30:00Z,96.15,96.155,96.14,96.14,3546.0,96.1445,114
2026-05-19T10:45:00Z,96.14,96.15,96.14,96.15,997.0,96.145,68
2026-05-19T11:00:00Z,96.15,96.155,96.145,96.145,2152.0,96.1475,64
2026-05-19T11:15:00Z,96.145,96.15,96.145,96.145,2312.0,96.145,93
2026-05-19T11:30:00Z,96.145,96.15,96.145,96.15,2231.0,96.15,38
2026-05-19T11:45:00Z,96.15,96.15,96.14,96.14,6333.0,96.1455,220
2026-05-19T12:00:00Z,96.135,96.15,96.135,96.145,5699.0,96.146,122
2026-05-19T12:15:00Z,96.145,96.145,96.135,96.14,8746.0,96.14,162
2026-05-19T12:30:00Z,96.14,96.145,96.14,96.14,4822.0,96.142,291
2026-05-19T12:45:00Z,96.14,96.145,96.135,96.135,4772.0,96.138,115
2026-05-19T13:00:00Z,96.135,96.14,96.115,96.135,17725.0,96.1255,557
2026-05-19T13:15:00Z,96.135,96.135,96.115,96.115,18215.0,96.122,394
2026-05-19T13:30:00Z,96.12,96.125,96.115,96.12,3727.0,96.1185,164
2026-05-19T13:45:00Z,96.12,96.125,96.115,96.125,9338.0,96.122,317
2026-05-19T14:00:00Z,96.125,96.125,96.11,96.11,13737.0,96.12,648
2026-05-19T14:15:00Z,96.115,96.115,96.09,96.095,20825.0,96.0985,795
2026-05-19T14:30:00Z,96.095,96.105,96.09,96.095,19019.0,96.099,524
2026-05-19T14:45:00Z,96.095,96.095,96.085,96.095,13872.0,96.0935,188
2026-05-19T15:00:00Z,96.09,96.1,96.09,96.1,8802.0,96.0935,398
2026-05-19T15:15:00Z,96.1,96.1,96.09,96.09,9077.0,96.0955,314
2026-05-19T15:30:00Z,96.095,96.1,96.09,96.09,3636.0,96.095,178
2026-05-19T15:45:00Z,96.09,96.1,96.09,96.095,3838.0,96.095,123
2026-05-19T16:00:00Z,96.095,96.1,96.08,96.08,10107.0,96.089,184
2026-05-19T16:15:00Z,96.085,96.1,96.08,96.1,10883.0,96.091,285
2026-05-19T16:30:00Z,96.1,96.1,96.09,96.095,5684.0,96.095,351
2026-05-19T16:45:00Z,96.09,96.105,96.09,96.105,3686.0,96.1,124
2026-05-19T17:00:00Z,96.105,96.11,96.1,96.11,3670.0,96.105,200
2026-05-19T17:15:00Z,96.11,96.115,96.105,96.115,3198.0,96.11,170
2026-05-19T17:30:00Z,96.115,96.115,96.11,96.115,3575.0,96.112,177
2026-05-19T17:45:00Z,96.12,96.12,96.11,96.115,3881.0,96.115,159
2026-05-19T18:00:00Z,96.115,96.12,96.115,96.115,1644.0,96.116,133
2026-05-19T18:15:00Z,96.115,96.115,96.1,96.1,5575.0,96.109,270
2026-05-19T18:30:00Z,96.1,96.105,96.09,96.1,18725.0,96.098,300
2026-05-19T18:45:00Z,96.1,96.105,96.08,96.08,12689.0,96.088,447
2026-05-19T19:00:00Z,96.085,96.095,96.08,96.09,3502.0,96.089,115
2026-05-19T19:15:00Z,96.09,96.095,96.085,96.095,3626.0,96.09,108
2026-05-19T19:30:00Z,96.095,96.1,96.09,96.1,1264.0,96.0945,89
2026-05-19T19:45:00Z,96.1,96.1,96.09,96.1,1911.0,96.0955,81
2026-05-19T20:00:00Z,96.1,96.1,96.095,96.095,3731.0,96.1,85
2026-05-19T20:15:00Z,96.1,96.105,96.1,96.1,1159.0,96.101,64
2026-05-19T20:30:00Z,96.105,96.105,96.09,96.09,3066.0,96.095,104
2026-05-19T20:45:00Z,96.09,96.095,96.085,96.085,4860.0,96.09,66
2026-05-19T22:00:00Z,96.09,96.09,96.085,96.085,138.0,96.0895,15
2026-05-19T22:15:00Z,96.085,96.085,96.085,96.085,0.0,96.085,0
2026-05-19T22:30:00Z,96.09,96.095,96.09,96.095,749.0,96.0925,22
2026-05-19T22:45:00Z,96.095,96.1,96.095,96.1,301.0,96.096,12
2026-05-19T23:00:00Z,96.095,96.095,96.095,96.095,288.0,96.095,5
2026-05-19T23:15:00Z,96.095,96.095,96.095,96.095,0.0,96.095,0
2026-05-19T23:30:00Z,96.1,96.1,96.095,96.095,461.0,96.1,21
2026-05-19T23:45:00Z,96.095,96.095,96.095,96.095,578.0,96.095,23
2026-05-20T00:00:00Z,96.1,96.1,96.1,96.1,454.0,96.1,47
2026-05-20T00:15:00Z,96.1,96.1,96.1,96.1,1008.0,96.1,248
2026-05-20T00:30:00Z,96.105,96.105,96.1,96.1,158.0,96.1025,9
2026-05-20T00:45:00Z,96.095,96.095,96.095,96.095,1253.0,96.095,14
2026-05-20T01:00:00Z,96.095,96.095,96.09,96.09,1122.0,96.09,48
2026-05-20T01:15:00Z,96.09,96.095,96.09,96.09,375.0,96.09,19
2026-05-20T01:30:00Z,96.09,96.09,96.08,96.09,1269.0,96.087,26
2026-05-20T01:45:00Z,96.09,96.1,96.09,96.095,1954.0,96.0955,58
2026-05-20T02:00:00Z,96.095,96.095,96.095,96.095,1175.0,96.095,61
2026-05-20T02:15:00Z,96.095,96.095,96.095,96.095,468.0,96.095,9
2026-05-20T02:30:00Z,96.095,96.095,96.09,96.095,3578.0,96.0935,51
2026-05-20T02:45:00Z,96.095,96.1,96.095,96.095,246.0,96.1,15
2026-05-20T03:00:00Z,96.095,96.095,96.095,96.095,661.0,96.095,8
2026-05-20T03:15:00Z,96.095,96.095,96.095,96.095,1040.0,96.095,38
2026-05-20T03:30:00Z,96.1,96.105,96.1,96.105,2868.0,96.104,46
2026-05-20T03:45:00Z,96.105,96.105,96.105,96.105,424.0,96.105,15
2026-05-20T04:00:00Z,96.11,96.11,96.11,96.11,1170.0,96.11,45
2026-05-20T04:15:00Z,96.105,96.105,96.105,96.105,554.0,96.105,16
2026-05-20T04:30:00Z,96.105,96.105,96.105,96.105,760.0,96.105,21
2026-05-20T04:45:00Z,96.1,96.1,96.1,96.1,1.0,96.1,1
2026-05-20T05:00:00Z,96.105,96.105,96.105,96.105,506.0,96.105,11
2026-05-20T05:15:00Z,96.105,96.105,96.105,96.105,131.0,96.105,1
2026-05-20T05:30:00Z,96.105,96.105,96.095,96.1,389.0,96.1,15
2026-05-20T05:45:00Z,96.095,96.1,96.095,96.095,535.0,96.095,28
2026-05-20T06:00:00Z,96.1,96.105,96.1,96.105,1932.0,96.1045,35
2026-05-20T06:15:00Z,96.105,96.115,96.105,96.11,3750.0,96.1095,48
2026-05-20T06:30:00Z,96.11,96.115,96.11,96.11,2207.0,96.111,67
2026-05-20T06:45:00Z,96.11,96.115,96.11,96.11,2210.0,96.11,44
2026-05-20T07:00:00Z,96.105,96.115,96.105,96.11,1898.0,96.11,64
2026-05-20T07:15:00Z,96.11,96.115,96.11,96.115,1797.0,96.1135,49
2026-05-20T07:30:00Z,96.115,96.12,96.11,96.115,2396.0,96.115,119
2026-05-20T07:45:00Z,96.115,96.115,96.11,96.115,436.0,96.114,14
2026-05-20T08:00:00Z,96.115,96.115,96.115,96.115,5846.0,96.115,203
2026-05-20T08:15:00Z,96.115,96.115,96.11,96.11,1128.0,96.111,78
2026-05-20T08:30:00Z,96.115,96.115,96.11,96.11,7816.0,96.115,70
2026-05-20T08:45:00Z,96.115,96.12,96.115,96.12,2574.0,96.116,93
2026-05-20T09:00:00Z,96.12,96.12,96.115,96.12,3310.0,96.12,118
2026-05-20T09:15:00Z,96.115,96.12,96.115,96.115,1150.0,96.1155,64
2026-05-20T09:30:00Z,96.115,96.12,96.115,96.12,956.0,96.118,14
2026-05-20T09:45:00Z,96.12,96.12,96.12,96.12,391.0,96.12,8
2026-05-20T10:00:00Z,96.12,96.12,96.115,96.12,337.0,96.118,9
2026-05-20T10:15:00Z,96.12,96.12,96.115,96.115,1284.0,96.1155,8
2026-05-20T10:30:00Z,96.12,96.125,96.115,96.12,1809.0,96.12,27
2026-05-20T10:45:00Z,96.12,96.125,96.115,96.115,6776.0,96.1195,39
2026-05-20T11:00:00Z,96.12,96.12,96.115,96.115,1177.0,96.1155,56
2026-05-20T11:15:00Z,96.115,96.12,96.115,96.12,1645.0,96.115,124
2026-05-20T11:30:00Z,96.12,96.125,96.115,96.12,5886.0,96.1205,156
2026-05-20T11:45:00Z,96.115,96.12,96.11,96.11,3035.0,96.111,103
2026-05-20T12:00:00Z,96.115,96.12,96.11,96.12,826.0,96.1165,59
2026-05-20T12:15:00Z,96.115,96.12,96.11,96.115,5258.0,96.1125,132
2026-05-20T12:30:00Z,96.115,96.115,96.105,96.11,4807.0,96.1115,153
2026-05-20T12:45:00Z,96.105,96.11,96.1,96.1,5142.0,96.1035,155
2026-05-20T13:00:00Z,96.1,96.105,96.095,96.105,7568.0,96.103,274
2026-05-20T13:15:00Z,96.1,96.105,96.09,96.095,7605.0,96.1005,228
2026-05-20T13:30:00Z,96.095,96.105,96.095,96.1,5637.0,96.0975,176
2026-05-20T13:45:00Z,96.095,96.105,96.095,96.1,5321.0,96.1,152
2026-05-20T14:00:00Z,96.1,96.105,96.09,96.1,8272.0,96.0985,258
2026-05-20T14:15:00Z,96.1,96.14,96.1,96.125,33801.0,96.124,912
2026-05-20T14:30:00Z,96.125,96.14,96.125,96.13,16201.0,96.134,361
2026-05-20T14:45:00Z,96.135,96.145,96.13,96.14,10986.0,96.139,323
2026-05-20T15:00:00Z,96.14,96.15,96.14,96.145,14451.0,96.145,246
2026-05-20T15:15:00Z,96.145,96.2,96.145,96.16,57828.0,96.177,1278
2026-05-20T15:30:00Z,96.16,96.165,96.155,96.155,12190.0,96.162,339
2026-05-20T15:45:00Z,96.155,96.16,96.145,96.145,9151.0,96.155,238
2026-05-20T16:00:00Z,96.145,96.155,96.145,96.155,5754.0,96.1505,178
2026-05-20T16:15:00Z,96.15,96.155,96.135,96.135,9026.0,96.14,196
2026-05-20T16:30:00Z,96.135,96.15,96.135,96.15,7599.0,96.144,127
2026-05-20T16:45:00Z,96.15,96.15,96.145,96.145,6208.0,96.149,101
2026-05-20T17:00:00Z,96.145,96.16,96.145,96.15,12210.0,96.1495,264
2026-05-20T17:15:00Z,96.15,96.155,96.145,96.15,4455.0,96.1495,150
2026-05-20T17:30:00Z,96.15,96.16,96.145,96.145,9888.0,96.153,383
2026-05-20T17:45:00Z,96.145,96.15,96.145,96.145,3082.0,96.1475,92
2026-05-20T18:00:00Z,96.145,96.145,96.135,96.145,8553.0,96.141,244
2026-05-20T18:15:00Z,96.145,96.155,96.145,96.155,4918.0,96.153,129
2026-05-20T18:30:00Z,96.155,96.155,96.15,96.15,3194.0,96.1545,101
2026-05-20T18:45:00Z,96.15,96.165,96.15,96.155,10759.0,96.158,491
2026-05-20T19:00:00Z,96.155,96.165,96.155,96.155,3275.0,96.16,157
2026-05-20T19:15:00Z,96.155,96.16,96.155,96.155,6914.0,96.159,63
2026-05-20T19:30:00Z,96.155,96.165,96.155,96.155,6632.0,96.16,190
2026-05-20T19:45:00Z,96.155,96.16,96.15,96.15,2264.0,96.155,93
2026-05-20T20:00:00Z,96.15,96.155,96.15,96.15,108.0,96.151,34
2026-05-20T20:15:00Z,96.15,96.15,96.14,96.145,4437.0,96.1485,133
2026-05-20T20:30:00Z,96.145,96.145,96.135,96.135,3759.0,96.1415,94
2026-05-20T20:45:00Z,96.14,96.14,96.135,96.135,2156.0,96.14,67
2026-05-20T22:00:00Z,96.14,96.145,96.14,96.145,475.0,96.1425,10
2026-05-20T22:15:00Z,96.14,96.14,96.14,96.14,627.0,96.14,24
2026-05-20T22:30:00Z,96.14,96.14,96.14,96.14,26.0,96.14,1
2026-05-20T22:45:00Z,96.14,96.14,96.14,96.14,56.0,96.14,1
2026-05-20T23:00:00Z,96.145,96.145,96.14,96.14,311.0,96.141,16
2026-05-20T23:15:00Z,96.135,96.135,96.135,96.135,790.0,96.135,14
2026-05-20T23:30:00Z,96.135,96.135,96.135,96.135,276.0,96.135,12
2026-05-20T23:45:00Z,96.135,96.135,96.135,96.135,666.0,96.135,32
2026-05-21T00:00:00Z,96.135,96.135,96.13,96.135,38.0,96.135,4
2026-05-21T00:15:00Z,96.13,96.135,96.13,96.135,748.0,96.1305,24
2026-05-21T00:30:00Z,96.135,96.135,96.135,96.135,214.0,96.135,20
2026-05-21T00:45:00Z,96.135,96.135,96.135,96.135,88.0,96.135,6
2026-05-21T01:00:00Z,96.135,96.135,96.135,96.135,232.0,96.135,16
2026-05-21T01:15:00Z,96.135,96.135,96.135,96.135,0.0,96.135,0
2026-05-21T01:30:00Z,96.14,96.145,96.14,96.14,2116.0,96.1405,239
2026-05-21T01:45:00Z,96.14,96.145,96.14,96.145,1449.0,96.142,125
2026-05-21T02:00:00Z,96.145,96.145,96.145,96.145,608.0,96.145,44
2026-05-21T02:15:00Z,96.145,96.145,96.145,96.145,74.0,96.145,5
2026-05-21T02:30:00Z,96.14,96.14,96.14,96.14,134.0,96.14,1
2026-05-21T02:45:00Z,96.14,96.14,96.135,96.135,405.0,96.1355,42
2026-05-21T03:00:00Z,96.135,96.135,96.135,96.135,60.0,96.135,5
2026-05-21T03:15:00Z,96.135,96.14,96.135,96.14,218.0,96.136,11
2026-05-21T03:30:00Z,96.135,96.135,96.135,96.135,170.0,96.135,5
2026-05-21T03:45:00Z,96.135,96.135,96.135,96.135,275.0,96.135,50
2026-05-21T04:00:00Z,96.135,96.14,96.135,96.14,117.0,96.1365,45
2026-05-21T04:15:00Z,96.135,96.135,96.135,96.135,21.0,96.135,5
2026-05-21T04:30:00Z,96.135,96.135,96.135,96.135,212.0,96.135,37
2026-05-21T04:45:00Z,96.135,96.135,96.135,96.135,209.0,96.135,8
2026-05-21T05:00:00Z,96.135,96.135,96.135,96.135,14.0,96.135,8
2026-05-21T05:15:00Z,96.135,96.135,96.13,96.13,402.0,96.135,29
2026-05-21T05:30:00Z,96.13,96.13,96.13,96.13,643.0,96.13,33
2026-05-21T05:45:00Z,96.13,96.13,96.125,96.13,1530.0,96.126,23
2026-05-21T06:00:00Z,96.13,96.13,96.13,96.13,342.0,96.13,11
2026-05-21T06:15:00Z,96.125,96.13,96.125,96.125,2356.0,96.126,81
2026-05-21T06:30:00Z,96.125,96.125,96.125,96.125,698.0,96.125,44
2026-05-21T06:45:00Z,96.125,96.125,96.125,96.125,0.0,96.125,0
2026-05-21T07:00:00Z,96.125,96.13,96.125,96.13,3423.0,96.125,53
2026-05-21T07:15:00Z,96.13,96.135,96.13,96.13,1960.0,96.1315,95
2026-05-21T07:30:00Z,96.13,96.135,96.13,96.135,1593.0,96.133,66
2026-05-21T07:45:00Z,96.13,96.13,96.13,96.13,401.0,96.13,59
2026-05-21T08:00:00Z,96.13,96.145,96.13,96.14,3632.0,96.139,84
2026-05-21T08:15:00Z,96.145,96.145,96.135,96.14,6907.0,96.139,392
2026-05-21T08:30:00Z,96.14,96.145,96.14,96.14,5811.0,96.1405,473
2026-05-21T08:45:00Z,96.135,96.14,96.135,96.135,1913.0,96.14,70
2026-05-21T09:00:00Z,96.14,96.145,96.14,96.14,2084.0,96.14,54
2026-05-21T09:15:00Z,96.14,96.145,96.14,96.145,2670.0,96.1445,70
2026-05-21T09:30:00Z,96.145,96.15,96.14,96.14,1367.0,96.1445,63
2026-05-21T09:45:00Z,96.14,96.14,96.135,96.14,696.0,96.1395,47
2026-05-21T10:00:00Z,96.14,96.14,96.14,96.14,1206.0,96.14,29
2026-05-21T10:15:00Z,96.14,96.14,96.11,96.11,6766.0,96.123,227
2026-05-21T10:30:00Z,96.11,96.11,96.09,96.11,17157.0,96.103,288
2026-05-21T10:45:00Z,96.105,96.11,96.105,96.11,3794.0,96.108,171
2026-05-21T11:00:00Z,96.11,96.12,96.11,96.115,2678.0,96.114,82
2026-05-21T11:15:00Z,96.115,96.12,96.115,96.115,3269.0,96.1155,117
2026-05-21T11:30:00Z,96.115,96.115,96.1,96.105,4200.0,96.106,126
2026-05-21T11:45:00Z,96.1,96.1,96.09,96.1,11044.0,96.098,332
2026-05-21T12:00:00Z,96.1,96.1,96.095,96.095,6035.0,96.098,309
2026-05-21T12:15:00Z,96.1,96.1,96.085,96.085,11787.0,96.095,190
2026-05-21T12:30:00Z,96.085,96.1,96.085,96.1,16979.0,96.0955,316
2026-05-21T12:45:00Z,96.1,96.105,96.09,96.09,8414.0,96.097,165
2026-05-21T13:00:00Z,96.09,96.1,96.075,96.08,9033.0,96.0855,267
2026-05-21T13:15:00Z,96.08,96.09,96.075,96.09,8756.0,96.085,202
2026-05-21T13:30:00Z,96.09,96.095,96.07,96.075,10662.0,96.081,350
2026-05-21T13:45:00Z,96.07,96.1,96.07,96.09,19241.0,96.0815,753
2026-05-21T14:00:00Z,96.09,96.09,96.075,96.085,10243.0,96.0835,272
2026-05-21T14:15:00Z,96.085,96.09,96.075,96.085,5902.0,96.0785,231
2026-05-21T14:30:00Z,96.085,96.09,96.07,96.07,7255.0,96.0805,325
2026-05-21T14:45:00Z,96.07,96.085,96.07,96.08,8266.0,96.0795,274
2026-05-21T15:00:00Z,96.08,96.085,96.075,96.085,9357.0,96.0795,298
2026-05-21T15:15:00Z,96.085,96.085,96.075,96.075,9112.0,96.082,164
2026-05-21T15:30:00Z,96.075,96.08,96.07,96.07,2815.0,96.0755,156
2026-05-21T15:45:00Z,96.07,96.075,96.065,96.075,2433.0,96.072,100
2026-05-21T16:00:00Z,96.08,96.095,96.08,96.085,11643.0,96.084,298
2026-05-21T16:15:00Z,96.085,96.09,96.075,96.09,5319.0,96.083,243
2026-05-21T16:30:00Z,96.085,96.09,96.08,96.085,2076.0,96.087,132
2026-05-21T16:45:00Z,96.09,96.09,96.08,96.08,9554.0,96.088,532
2026-05-21T17:00:00Z,96.08,96.1,96.075,96.1,19748.0,96.0925,893
2026-05-21T17:15:00Z,96.1,96.13,96.1,96.13,29261.0,96.1175,580
2026-05-21T17:30:00Z,96.13,96.135,96.115,96.13,9492.0,96.1275,280
2026-05-21T17:45:00Z,96.135,96.14,96.13,96.13,11682.0,96.135,262
2026-05-21T18:00:00Z,96.13,96.14,96.12,96.13,17354.0,96.1245,337
2026-05-21T18:15:00Z,96.13,96.135,96.125,96.13,8166.0,96.1325,202
2026-05-21T18:30:00Z,96.135,96.135,96.125,96.135,3188.0,96.13,161
2026-05-21T18:45:00Z,96.13,96.13,96.095,96.105,20312.0,96.112,663
2026-05-21T19:00:00Z,96.105,96.11,96.095,96.105,3797.0,96.1035,156
2026-05-21T19:15:00Z,96.105,96.11,96.105,96.11,2168.0,96.107,77
2026-05-21T19:30:00Z,96.11,96.12,96.105,96.115,8893.0,96.114,278
2026-05-21T19:45:00Z,96.115,96.125,96.11,96.125,7006.0,96.118,170
2026-05-21T20:00:00Z,96.125,96.125,96.115,96.12,4403.0,96.124,103
2026-05-21T20:15:00Z,96.115,96.12,96.11,96.11,1844.0,96.1145,103
2026-05-21T20:30:00Z,96.11,96.115,96.105,96.105,5709.0,96.107,100
2026-05-21T20:45:00Z,96.105,96.105,96.095,96.095,10164.0,96.0995,103
2026-05-21T22:00:00Z,96.1,96.11,96.095,96.1,722.0,96.104,27
2026-05-21T22:15:00Z,96.1,96.1,96.1,96.1,293.0,96.1,4
2026-05-21T22:30:00Z,96.1,96.1,96.1,96.1,0.0,96.1,0
2026-05-21T22:45:00Z,96.105,96.105,96.105,96.105,64.0,96.105,6
2026-05-21T23:00:00Z,96.105,96.105,96.105,96.105,237.0,96.105,4
2026-05-21T23:15:00Z,96.105,96.105,96.105,96.105,157.0,96.105,3
2026-05-21T23:30:00Z,96.105,96.105,96.105,96.105,139.0,96.105,7
2026-05-21T23:45:00Z,96.105,96.105,96.105,96.105,0.0,96.105,0
2026-05-22T00:00:00Z,96.1,96.1,96.1,96.1,476.0,96.1,16
2026-05-22T00:15:00Z,96.1,96.1,96.1,96.1,262.0,96.1,6
2026-05-22T00:30:00Z,96.1,96.1,96.095,96.095,1516.0,96.095,18
2026-05-22T00:45:00Z,96.095,96.095,96.095,96.095,156.0,96.095,7
2026-05-22T01:00:00Z,96.095,96.095,96.095,96.095,120.0,96.095,8
2026-05-22T01:15:00Z,96.095,96.095,96.095,96.095,8.0,96.095,1
2026-05-22T01:30:00Z,96.095,96.095,96.095,96.095,257.0,96.095,4
2026-05-22T01:45:00Z,96.1,96.105,96.1,96.1,473.0,96.101,6
2026-05-22T02:00:00Z,96.1,96.1,96.1,96.1,474.0,96.1,2
2026-05-22T02:15:00Z,96.1,96.1,96.1,96.1,1126.0,96.1,12
2026-05-22T02:30:00Z,96.1,96.1,96.1,96.1,209.0,96.1,7
2026-05-22T02:45:00Z,96.1,96.1,96.1,96.1,306.0,96.1,8
2026-05-22T03:00:00Z,96.105,96.105,96.105,96.105,341.0,96.105,6
2026-05-22T03:15:00Z,96.1,96.1,96.1,96.1,28.0,96.1,6
2026-05-22T03:30:00Z,96.1,96.1,96.1,96.1,0.0,96.1,0
2026-05-22T03:45:00Z,96.1,96.1,96.1,96.1,0.0,96.1,0
2026-05-22T04:00:00Z,96.105,96.11,96.105,96.11,983.0,96.108,8
2026-05-22T04:15:00Z,96.11,96.11,96.11,96.11,102.0,96.11,3
2026-05-22T04:30:00Z,96.11,96.11,96.11,96.11,0.0,96.11,0
2026-05-22T04:45:00Z,96.105,96.11,96.105,96.11,254.0,96.1075,7
2026-05-22T05:00:00Z,96.11,96.11,96.11,96.11,224.0,96.11,5
2026-05-22T05:15:00Z,96.11,96.11,96.11,96.11,23.0,96.11,1
2026-05-22T05:30:00Z,96.11,96.11,96.11,96.11,2897.0,96.11,18
2026-05-22T05:45:00Z,96.105,96.105,96.1,96.1,2513.0,96.1025,47
2026-05-22T06:00:00Z,96.1,96.105,96.1,96.105,1551.0,96.1035,30
2026-05-22T06:15:00Z,96.11,96.11,96.105,96.105,1719.0,96.108,65
2026-05-22T06:30:00Z,96.105,96.11,96.105,96.105,558.0,96.105,13
2026-05-22T06:45:00Z,96.105,96.11,96.1,96.105,552.0,96.105,34
2026-05-22T07:00:00Z,96.105,96.11,96.1,96.1,2707.0,96.101,138
2026-05-22T07:15:00Z,96.1,96.105,96.1,96.1,274.0,96.1015,31
2026-05-22T07:30:00Z,96.1,96.1,96.095,96.1,1691.0,96.0975,88
2026-05-22T07:45:00Z,96.095,96.1,96.095,96.1,63.0,96.0955,13
2026-05-22T08:00:00Z,96.1,96.1,96.095,96.095,1850.0,96.1,72
2026-05-22T08:15:00Z,96.1,96.12,96.1,96.105,14955.0,96.1105,190
2026-05-22T08:30:00Z,96.105,96.11,96.1,96.105,4292.0,96.1035,116
2026-05-22T08:45:00Z,96.105,96.11,96.105,96.105,2535.0,96.1085,63
2026-05-22T09:00:00Z,96.105,96.11,96.105,96.11,1394.0,96.1055,48
2026-05-22T09:15:00Z,96.11,96.11,96.11,96.11,3657.0,96.11,86
2026-05-22T09:30:00Z,96.11,96.115,96.11,96.11,4508.0,96.111,67
2026-05-22T09:45:00Z,96.11,96.11,96.105,96.11,8158.0,96.1095,64
2026-05-22T10:00:00Z,96.11,96.115,96.11,96.11,2970.0,96.11,73
2026-05-22T10:15:00Z,96.105,96.11,96.105,96.11,417.0,96.109,24
2026-05-22T10:30:00Z,96.105,96.11,96.105,96.11,904.0,96.105,33
2026-05-22T10:45:00Z,96.11,96.11,96.1,96.1,2760.0,96.1065,53
2026-05-22T11:00:00Z,96.105,96.105,96.1,96.1,1218.0,96.1045,57
2026-05-22T11:15:00Z,96.1,96.105,96.1,96.105,1456.0,96.102,28
2026-05-22T11:30:00Z,96.1,96.11,96.1,96.105,8264.0,96.1045,166
2026-05-22T11:45:00Z,96.105,96.115,96.1,96.11,10826.0,96.1075,261
2026-05-22T12:00:00Z,96.11,96.12,96.095,96.11,22379.0,96.104,338
2026-05-22T12:15:00Z,96.115,96.115,96.1,96.105,4615.0,96.1095,177
2026-05-22T12:30:00Z,96.105,96.11,96.1,96.1,1974.0,96.105,65
2026-05-22T12:45:00Z,96.105,96.115,96.105,96.115,7534.0,96.1085,185
2026-05-22T13:00:00Z,96.115,96.125,96.11,96.125,10853.0,96.121,385
2026-05-22T13:15:00Z,96.125,96.13,96.115,96.12,11628.0,96.126,228
2026-05-22T13:30:00Z,96.12,96.125,96.105,96.11,13634.0,96.1135,271
2026-05-22T13:45:00Z,96.11,96.11,96.09,96.095,12372.0,96.0975,448
2026-05-22T14:00:00Z,96.09,96.09,96.04,96.05,68342.0,96.0565,974
2026-05-22T14:15:00Z,96.05,96.06,96.05,96.05,17484.0,96.055,338
2026-05-22T14:30:00Z,96.055,96.055,96.02,96.035,28134.0,96.0365,417
2026-05-22T14:45:00Z,96.035,96.045,96.03,96.035,11596.0,96.0375,363
2026-05-22T15:00:00Z,96.035,96.045,96.03,96.04,10542.0,96.0365,385
2026-05-22T15:15:00Z,96.04,96.05,96.035,96.04,5106.0,96.0445,183
2026-05-22T15:30:00Z,96.035,96.05,96.035,96.05,10339.0,96.0455,188
2026-05-22T15:45:00Z,96.05,96.05,96.04,96.045,7583.0,96.045,209
2026-05-22T16:00:00Z,96.045,96.045,96.025,96.04,16162.0,96.0335,375
2026-05-22T16:15:00Z,96.04,96.05,96.035,96.045,9566.0,96.041,220
2026-05-22T16:30:00Z,96.045,96.05,96.035,96.04,9374.0,96.041,228
2026-05-22T16:45:00Z,96.04,96.05,96.04,96.05,4882.0,96.045,325
2026-05-22T17:00:00Z,96.05,96.05,96.045,96.045,11530.0,96.048,368
2026-05-22T17:15:00Z,96.045,96.055,96.04,96.055,15302.0,96.048,354
2026-05-22T17:30:00Z,96.06,96.065,96.045,96.05,12323.0,96.0525,324
2026-05-22T17:45:00Z,96.045,96.05,96.04,96.045,4345.0,96.041,83
2026-05-22T18:00:00Z,96.045,96.045,96.03,96.035,4278.0,96.035,124
2026-05-22T18:15:00Z,96.035,96.045,96.035,96.045,1346.0,96.0385,48
2026-05-22T18:30:00Z,96.045,96.055,96.04,96.05,5078.0,96.0465,115
2026-05-22T18:45:00Z,96.05,96.055,96.05,96.055,1658.0,96.053,100
2026-05-22T19:00:00Z,96.05,96.05,96.04,96.04,2166.0,96.045,83
2026-05-22T19:15:00Z,96.045,96.05,96.04,96.045,1621.0,96.045,51
2026-05-22T19:30:00Z,96.045,96.05,96.045,96.05,781.0,96.048,71
2026-05-22T19:45:00Z,96.055,96.055,96.045,96.055,10165.0,96.051,183
2026-05-22T20:00:00Z,96.055,96.055,96.05,96.055,2782.0,96.0535,47
2026-05-22T20:15:00Z,96.055,96.055,96.055,96.055,995.0,96.055,32
2026-05-22T20:30:00Z,96.06,96.06,96.055,96.055,702.0,96.0575,49
2026-05-22T20:45:00Z,96.055,96.065,96.055,96.065,5359.0,96.059,125
2026-05-24T22:00:00Z,96.09,96.125,96.085,96.11,14948.0,96.1075,404
2026-05-24T22:15:00Z,96.105,96.115,96.105,96.11,1069.0,96.1115,113
2026-05-24T22:30:00Z,96.11,96.11,96.1,96.105,3866.0,96.1055,94
2026-05-24T22:45:00Z,96.105,96.11,96.095,96.1,1655.0,96.103,46
2026-05-24T23:00:00Z,96.1,96.105,96.1,96.1,535.0,96.1005,7
2026-05-24T23:15:00Z,96.105,96.105,96.1,96.105,1301.0,96.105,30
2026-05-24T23:30:00Z,96.105,96.105,96.1,96.105,984.0,96.101,17
2026-05-24T23:45:00Z,96.105,96.105,96.105,96.105,1505.0,96.105,29
2026-05-25T00:00:00Z,96.105,96.11,96.105,96.11,1551.0,96.1085,80
2026-05-25T00:15:00Z,96.11,96.11,96.11,96.11,2052.0,96.11,47
2026-05-25T00:30:00Z,96.11,96.11,96.105,96.105,353.0,96.11,11
2026-05-25T00:45:00Z,96.11,96.11,96.105,96.105,429.0,96.11,24
2026-05-25T01:00:00Z,96.105,96.11,96.105,96.11,3.0,96.1085,2
2026-05-25T01:15:00Z,96.11,96.115,96.11,96.11,998.0,96.1115,26
2026-05-25T01:30:00Z,96.115,96.115,96.11,96.11,1326.0,96.115,14
2026-05-25T01:45:00Z,96.115,96.115,96.115,96.115,505.0,96.115,4
2026-05-25T02:00:00Z,96.115,96.115,96.115,96.115,2.0,96.115,1
2026-05-25T02:15:00Z,96.11,96.115,96.11,96.115,9.0,96.113,5
2026-05-25T02:30:00Z,96.115,96.115,96.115,96.115,1.0,96.115,1
2026-05-25T02:45:00Z,96.115,96.115,96.115,96.115,3.0,96.115,2
2026-05-25T03:00:00Z,96.115,96.115,96.115,96.115,1.0,96.115,1
2026-05-25T03:15:00Z,96.115,96.12,96.115,96.115,4468.0,96.115,103
2026-05-25T03:30:00Z,96.115,96.12,96.115,96.12,277.0,96.1195,9
2026-05-25T03:45:00Z,96.12,96.12,96.115,96.12,609.0,96.1165,4
2026-05-25T04:00:00Z,96.115,96.115,96.115,96.115,1441.0,96.115,13
2026-05-25T04:15:00Z,96.115,96.115,96.115,96.115,1096.0,96.115,15
2026-05-25T04:30:00Z,96.12,96.12,96.115,96.115,201.0,96.115,2
2026-05-25T04:45:00Z,96.12,96.125,96.12,96.12,1806.0,96.12,9
2026-05-25T05:00:00Z,96.12,96.13,96.12,96.13,711.0,96.1255,24
2026-05-25T05:15:00Z,96.125,96.125,96.125,96.125,780.0,96.125,10
2026-05-25T05:30:00Z,96.13,96.13,96.125,96.125,552.0,96.1295,15
2026-05-25T05:45:00Z,96.125,96.13,96.125,96.125,41.0,96.1255,5
2026-05-25T06:00:00Z,96.125,96.125,96.12,96.125,914.0,96.125,93
2026-05-25T06:15:00Z,96.12,96.12,96.115,96.115,1525.0,96.12,55
2026-05-25T06:30:00Z,96.12,96.12,96.115,96.12,2957.0,96.116,20
2026-05-25T06:45:00Z,96.12,96.12,96.12,96.12,413.0,96.12,23
2026-05-25T07:00:00Z,96.12,96.12,96.12,96.12,323.0,96.12,11
2026-05-25T07:15:00Z,96.12,96.12,96.115,96.115,2550.0,96.1155,80
2026-05-25T07:30:00Z,96.12,96.125,96.12,96.125,475.0,96.1215,21
2026-05-25T07:45:00Z,96.125,96.125,96.12,96.12,184.0,96.12,17
2026-05-25T08:00:00Z,96.12,96.12,96.12,96.12,259.0,96.12,8
2026-05-25T08:15:00Z,96.12,96.12,96.12,96.12,335.0,96.12,7
2026-05-25T08:30:00Z,96.12,96.12,96.12,96.12,1953.0,96.12,18
2026-05-25T08:45:00Z,96.12,96.125,96.12,96.125,3209.0,96.1245,90
2026-05-25T09:00:00Z,96.125,96.125,96.125,96.125,450.0,96.125,32
2026-05-25T09:15:00Z,96.125,96.13,96.125,96.125,997.0,96.1265,29
2026-05-25T09:30:00Z,96.125,96.13,96.125,96.13,50.0,96.125,7
2026-05-25T09:45:00Z,96.13,96.13,96.13,96.13,2.0,96.13,2
2026-05-25T10:00:00Z,96.13,96.13,96.125,96.13,462.0,96.1295,8
2026-05-25T10:15:00Z,96.13,96.13,96.13,96.13,14.0,96.13,4
2026-05-25T10:30:00Z,96.13,96.13,96.13,96.13,20.0,96.13,4
2026-05-25T10:45:00Z,96.13,96.13,96.125,96.125,447.0,96.125,58
2026-05-25T11:00:00Z,96.125,96.125,96.12,96.12,591.0,96.12,17
2026-05-25T11:15:00Z,96.125,96.125,96.12,96.125,330.0,96.12,15
2026-05-25T11:30:00Z,96.125,96.13,96.125,96.13,1592.0,96.1265,92
2026-05-25T11:45:00Z,96.13,96.13,96.125,96.13,329.0,96.126,13
2026-05-25T12:00:00Z,96.13,96.13,96.125,96.13,2513.0,96.13,60
2026-05-25T12:15:00Z,96.125,96.13,96.125,96.125,293.0,96.125,21
2026-05-25T12:30:00Z,96.13,96.135,96.13,96.13,2212.0,96.1305,81
2026-05-25T12:45:00Z,96.135,96.135,96.13,96.13,181.0,96.1345,8
2026-05-25T13:00:00Z,96.13,96.135,96.13,96.135,1351.0,96.1305,88
2026-05-25T13:15:00Z,96.135,96.14,96.135,96.135,1373.0,96.1355,34
2026-05-25T13:30:00Z,96.13,96.13,96.13,96.13,2182.0,96.13,71
2026-05-25T13:45:00Z,96.13,96.13,96.125,96.125,1289.0,96.13,19
2026-05-25T14:00:00Z,96.13,96.13,96.13,96.13,127.0,96.13,5
2026-05-25T14:15:00Z,96.13,96.135,96.13,96.13,200.0,96.13,28
2026-05-25T14:30:00Z,96.13,96.135,96.13,96.135,282.0,96.1345,12
2026-05-25T14:45:00Z,96.135,96.135,96.13,96.13,596.0,96.135,24
2026-05-25T15:00:00Z,96.13,96.14,96.13,96.135,2684.0,96.137,136
2026-05-25T15:15:00Z,96.14,96.14,96.135,96.14,1345.0,96.14,95
2026-05-25T15:30:00Z,96.14,96.14,96.14,96.14,177.0,96.14,15
2026-05-25T15:45:00Z,96.14,96.145,96.14,96.145,1236.0,96.14,92
2026-05-25T16:00:00Z,96.145,96.145,96.14,96.14,428.0,96.1405,11
2026-05-25T16:15:00Z,96.14,96.14,96.14,96.14,0.0,96.14,0
2026-05-25T16:30:00Z,96.14,96.145,96.14,96.14,1944.0,96.14,57
2026-05-25T16:45:00Z,96.14,96.15,96.14,96.15,1610.0,96.1445,67
2026-05-25T22:00:00Z,96.145,96.145,96.135,96.14,697.0,96.1405,35
2026-05-25T22:15:00Z,96.135,96.14,96.13,96.13,583.0,96.135,6
2026-05-25T22:30:00Z,96.135,96.14,96.135,96.14,443.0,96.135,17
2026-05-25T22:45:00Z,96.14,96.14,96.135,96.135,32.0,96.136,2
2026-05-25T23:00:00Z,96.13,96.13,96.13,96.13,201.0,96.13,10
2026-05-25T23:15:00Z,96.13,96.13,96.13,96.13,127.0,96.13,5
2026-05-25T23:30:00Z,96.125,96.125,96.12,96.12,2820.0,96.121,354
2026-05-25T23:45:00Z,96.125,96.125,96.12,96.12,1693.0,96.12,39
2026-05-26T00:00:00Z,96.12,96.12,96.12,96.12,1550.0,96.12,51
2026-05-26T00:15:00Z,96.12,96.12,96.11,96.115,1378.0,96.113,47
2026-05-26T00:30:00Z,96.115,96.12,96.115,96.12,1080.0,96.119,17
2026-05-26T00:45:00Z,96.12,96.12,96.12,96.12,545.0,96.12,15
2026-05-26T01:00:00Z,96.12,96.12,96.12,96.12,1480.0,96.12,26
2026-05-26T01:15:00Z,96.12,96.12,96.12,96.12,290.0,96.12,8
2026-05-26T01:30:00Z,96.115,96.115,96.11,96.11,1587.0,96.111,25
2026-05-26T01:45:00Z,96.115,96.115,96.115,96.115,625.0,96.115,11
2026-05-26T02:00:00Z,96.115,96.12,96.115,96.12,722.0,96.119,7
2026-05-26T02:15:00Z,96.12,96.12,96.115,96.115,872.0,96.1155,20
2026-05-26T02:30:00Z,96.12,96.12,96.115,96.115,163.0,96.115,11
2026-05-26T02:45:00Z,96.115,96.115,96.115,96.115,537.0,96.115,16
2026-05-26T03:00:00Z,96.115,96.115,96.115,96.115,360.0,96.115,10
2026-05-26T03:15:00Z,96.115,96.115,96.115,96.115,652.0,96.115,5
2026-05-26T03:30:00Z,96.11,96.115,96.11,96.115,3619.0,96.11,25
2026-05-26T03:45:00Z,96.115,96.115,96.11,96.115,369.0,96.115,15
2026-05-26T04:00:00Z,96.115,96.115,96.11,96.115,511.0,96.1145,19
2026-05-26T04:15:00Z,96.115,96.115,96.115,96.115,214.0,96.115,24
2026-05-26T04:30:00Z,96.115,96.115,96.115,96.115,11.0,96.115,3
2026-05-26T04:45:00Z,96.115,96.115,96.115,96.115,550.0,96.115,37
2026-05-26T05:00:00Z,96.115,96.115,96.11,96.11,293.0,96.115,13
2026-05-26T05:15:00Z,96.11,96.115,96.11,96.11,1408.0,96.111,10
2026-05-26T05:30:00Z,96.11,96.11,96.11,96.11,458.0,96.11,44
2026-05-26T05:45:00Z,96.11,96.11,96.11,96.11,1236.0,96.11,41
2026-05-26T06:00:00Z,96.11,96.115,96.11,96.11,223.0,96.1135,7
2026-05-26T06:15:00Z,96.11,96.11,96.11,96.11,514.0,96.11,26
2026-05-26T06:30:00Z,96.11,96.11,96.105,96.105,990.0,96.108,20
2026-05-26T06:45:00Z,96.105,96.105,96.1,96.105,2881.0,96.1015,30
2026-05-26T07:00:00Z,96.1,96.105,96.09,96.1,4723.0,96.0985,116
2026-05-26T07:15:00Z,96.095,96.105,96.095,96.1,3972.0,96.0995,128
2026-05-26T07:30:00Z,96.105,96.105,96.1,96.1,6936.0,96.101,182
2026-05-26T07:45:00Z,96.1,96.11,96.1,96.105,2152.0,96.105,120
2026-05-26T08:00:00Z,96.105,96.11,96.105,96.11,1501.0,96.1075,79
2026-05-26T08:15:00Z,96.105,96.11,96.105,96.11,3175.0,96.11,75
2026-05-26T08:30:00Z,96.11,96.115,96.105,96.105,1934.0,96.109,101
2026-05-26T08:45:00Z,96.105,96.105,96.1,96.105,2915.0,96.105,71
2026-05-26T09:00:00Z,96.105,96.11,96.105,96.11,1994.0,96.11,102
2026-05-26T09:15:00Z,96.11,96.115,96.105,96.11,1776.0,96.11,42
2026-05-26T09:30:00Z,96.11,96.11,96.11,96.11,2311.0,96.11,91
2026-05-26T09:45:00Z,96.105,96.12,96.105,96.115,3087.0,96.114,261
2026-05-26T10:00:00Z,96.11,96.115,96.11,96.115,3502.0,96.111,121
2026-05-26T10:15:00Z,96.115,96.115,96.115,96.115,960.0,96.115,79
2026-05-26T10:30:00Z,96.115,96.125,96.115,96.12,3630.0,96.1235,158
2026-05-26T10:45:00Z,96.125,96.125,96.12,96.125,777.0,96.123,43
2026-05-26T11:00:00Z,96.125,96.13,96.125,96.125,4078.0,96.125,96
2026-05-26T11:15:00Z,96.125,96.125,96.12,96.125,4479.0,96.125,66
2026-05-26T11:30:00Z,96.125,96.13,96.11,96.12,6881.0,96.119,223
2026-05-26T11:45:00Z,96.12,96.125,96.115,96.12,4325.0,96.12,238
2026-05-26T12:00:00Z,96.12,96.125,96.115,96.12,9344.0,96.1175,460
2026-05-26T12:15:00Z,96.115,96.125,96.115,96.12,1545.0,96.1205,65
2026-05-26T12:30:00Z,96.12,96.13,96.12,96.125,4404.0,96.1265,161
2026-05-26T12:45:00Z,96.125,96.135,96.12,96.125,4182.0,96.126,176
2026-05-26T13:00:00Z,96.12,96.125,96.115,96.12,3512.0,96.1205,88
2026-05-26T13:15:00Z,96.125,96.13,96.12,96.125,6764.0,96.125,313
2026-05-26T13:30:00Z,96.125,96.13,96.125,96.13,6061.0,96.125,163
2026-05-26T13:45:00Z,96.13,96.13,96.105,96.12,9286.0,96.1175,244
2026-05-26T14:00:00Z,96.12,96.125,96.11,96.11,6860.0,96.1165,217
2026-05-26T14:15:00Z,96.115,96.12,96.11,96.115,5264.0,96.116,223
2026-05-26T14:30:00Z,96.12,96.125,96.11,96.115,2595.0,96.1175,78
2026-05-26T14:45:00Z,96.12,96.12,96.11,96.11,6215.0,96.1125,175
2026-05-26T15:00:00Z,96.11,96.11,96.1,96.11,4089.0,96.1075,138
2026-05-26T15:15:00Z,96.11,96.11,96.105,96.105,3443.0,96.105,122
2026-05-26T15:30:00Z,96.105,96.11,96.095,96.11,3136.0,96.1025,121
2026-05-26T15:45:00Z,96.11,96.115,96.105,96.11,4125.0,96.11,132
2026-05-26T16:00:00Z,96.11,96.115,96.11,96.11,2404.0,96.113,73
2026-05-26T16:15:00Z,96.115,96.115,96.11,96.115,4855.0,96.115,178
2026-05-26T16:30:00Z,96.115,96.12,96.11,96.11,4262.0,96.1175,134
2026-05-26T16:45:00Z,96.11,96.115,96.105,96.115,4002.0,96.11,109
2026-05-26T17:00:00Z,96.11,96.115,96.11,96.115,1514.0,96.1105,121
2026-05-26T17:15:00Z,96.115,96.115,96.11,96.11,3847.0,96.11,97
2026-05-26T17:30:00Z,96.11,96.115,96.11,96.11,991.0,96.11,52
2026-05-26T17:45:00Z,96.115,96.12,96.115,96.12,7506.0,96.1165,260
2026-05-26T18:00:00Z,96.12,96.125,96.115,96.125,1615.0,96.1205,194
2026-05-26T18:15:00Z,96.125,96.13,96.125,96.13,8254.0,96.1255,276
2026-05-26T18:30:00Z,96.13,96.135,96.13,96.13,4519.0,96.1305,138
2026-05-26T18:45:00Z,96.13,96.135,96.13,96.135,4055.0,96.1345,382
2026-05-26T19:00:00Z,96.13,96.135,96.125,96.13,4696.0,96.13,165
2026-05-26T19:15:00Z,96.135,96.135,96.13,96.13,4117.0,96.1305,51
2026-05-26T19:30:00Z,96.13,96.135,96.13,96.135,1130.0,96.1335,73
2026-05-26T19:45:00Z,96.13,96.14,96.13,96.14,3968.0,96.135,139
2026-05-26T20:00:00Z,96.135,96.14,96.13,96.135,7116.0,96.135,118
2026-05-26T20:15:00Z,96.14,96.14,96.135,96.14,445.0,96.14,129
2026-05-26T20:30:00Z,96.14,96.14,96.135,96.14,3713.0,96.14,124
2026-05-26T20:45:00Z,96.14,96.145,96.135,96.14,2695.0,96.14,126
2026-05-26T22:00:00Z,96.14,96.15,96.14,96.15,1377.0,96.149,15
2026-05-26T22:15:00Z,96.15,96.15,96.145,96.145,51.0,96.1465,5
2026-05-26T22:30:00Z,96.15,96.15,96.145,96.145,46.0,96.1495,4
2026-05-26T22:45:00Z,96.145,96.15,96.145,96.15,4.0,96.1475,3
2026-05-26T23:00:00Z,96.15,96.15,96.145,96.145,1095.0,96.146,74
2026-05-26T23:15:00Z,96.145,96.15,96.145,96.15,540.0,96.1465,32
2026-05-26T23:30:00Z,96.15,96.15,96.145,96.145,26.0,96.145,2
2026-05-26T23:45:00Z,96.145,96.145,96.145,96.145,15.0,96.145,1
2026-05-27T00:00:00Z,96.145,96.145,96.145,96.145,1538.0,96.145,24
2026-05-27T00:15:00Z,96.145,96.145,96.145,96.145,606.0,96.145,16
2026-05-27T00:30:00Z,96.14,96.14,96.14,96.14,3.0,96.14,2
2026-05-27T00:45:00Z,96.145,96.145,96.145,96.145,1192.0,96.145,8
2026-05-27T01:00:00Z,96.145,96.15,96.145,96.145,776.0,96.145,19
2026-05-27T01:15:00Z,96.145,96.145,96.145,96.145,979.0,96.145,53
2026-05-27T01:30:00Z,96.145,96.145,96.145,96.145,665.0,96.145,10
2026-05-27T01:45:00Z,96.145,96.15,96.145,96.15,1020.0,96.1495,40
2026-05-27T02:00:00Z,96.15,96.15,96.145,96.15,17.0,96.1495,10
2026-05-27T02:15:00Z,96.15,96.15,96.15,96.15,68.0,96.15,19
2026-05-27T02:30:00Z,96.15,96.15,96.15,96.15,20.0,96.15,4
2026-05-27T02:45:00Z,96.15,96.155,96.15,96.155,494.0,96.15,5
2026-05-27T03:00:00Z,96.155,96.16,96.155,96.16,208.0,96.1555,22
2026-05-27T03:15:00Z,96.16,96.16,96.155,96.155,215.0,96.16,11
2026-05-27T03:30:00Z,96.155,96.16,96.155,96.155,214.0,96.1555,8
2026-05-27T03:45:00Z,96.155,96.155,96.155,96.155,1599.0,96.155,34
2026-05-27T04:00:00Z,96.155,96.155,96.155,96.155,433.0,96.155,13
2026-05-27T04:15:00Z,96.155,96.16,96.155,96.16,781.0,96.16,9
2026-05-27T04:30:00Z,96.155,96.155,96.155,96.155,16.0,96.155,1
2026-05-27T04:45:00Z,96.155,96.155,96.155,96.155,1.0,96.155,1
2026-05-27T05:00:00Z,96.16,96.16,96.16,96.16,38.0,96.16,6
2026-05-27T05:15:00Z,96.16,96.16,96.155,96.155,813.0,96.1595,16
2026-05-27T05:30:00Z,96.155,96.16,96.155,96.16,412.0,96.155,33
2026-05-27T05:45:00Z,96.16,96.16,96.155,96.155,242.0,96.1555,18
2026-05-27T06:00:00Z,96.155,96.165,96.155,96.16,745.0,96.1595,15
2026-05-27T06:15:00Z,96.155,96.155,96.155,96.155,1051.0,96.155,17
2026-05-27T06:30:00Z,96.155,96.155,96.15,96.155,1586.0,96.15,21
2026-05-27T06:45:00Z,96.155,96.16,96.155,96.155,2527.0,96.155,27
2026-05-27T07:00:00Z,96.155,96.16,96.155,96.155,1618.0,96.158,38
2026-05-27T07:15:00Z,96.155,96.16,96.155,96.16,180.0,96.159,17
2026-05-27T07:30:00Z,96.155,96.16,96.155,96.16,749.0,96.16,19
2026-05-27T07:45:00Z,96.155,96.155,96.15,96.155,3947.0,96.155,66
2026-05-27T08:00:00Z,96.155,96.16,96.155,96.155,1066.0,96.1585,47
2026-05-27T08:15:00Z,96.155,96.155,96.155,96.155,1000.0,96.155,38
2026-05-27T08:30:00Z,96.155,96.16,96.155,96.155,1071.0,96.1555,37
2026-05-27T08:45:00Z,96.16,96.16,96.155,96.16,549.0,96.1595,9
2026-05-27T09:00:00Z,96.155,96.155,96.155,96.155,2.0,96.155,1
2026-05-27T09:15:00Z,96.155,96.165,96.155,96.16,2629.0,96.1605,42
2026-05-27T09:30:00Z,96.155,96.16,96.155,96.16,624.0,96.16,25
2026-05-27T09:45:00Z,96.155,96.16,96.155,96.16,4512.0,96.1595,172
2026-05-27T10:00:00Z,96.155,96.155,96.155,96.155,8.0,96.155,3
2026-05-27T10:15:00Z,96.155,96.16,96.155,96.155,2306.0,96.155,73
2026-05-27T10:30:00Z,96.155,96.155,96.15,96.155,1327.0,96.155,44
2026-05-27T10:45:00Z,96.155,96.155,96.15,96.155,1394.0,96.1545,54
2026-05-27T11:00:00Z,96.155,96.155,96.14,96.14,5796.0,96.1455,151
2026-05-27T11:15:00Z,96.14,96.145,96.135,96.14,3442.0,96.14,110
2026-05-27T11:30:00Z,96.14,96.14,96.135,96.135,3495.0,96.1365,143
2026-05-27T11:45:00Z,96.14,96.14,96.13,96.135,5984.0,96.1345,168
2026-05-27T12:00:00Z,96.135,96.14,96.13,96.14,2204.0,96.136,75
2026-05-27T12:15:00Z,96.135,96.17,96.135,96.155,22812.0,96.155,584
2026-05-27T12:30:00Z,96.16,96.16,96.15,96.155,12914.0,96.156,366
2026-05-27T12:45:00Z,96.15,96.155,96.145,96.145,2625.0,96.1485,79
2026-05-27T13:00:00Z,96.145,96.15,96.14,96.15,9435.0,96.145,188
2026-05-27T13:15:00Z,96.15,96.15,96.14,96.14,3851.0,96.144,163
2026-05-27T13:30:00Z,96.14,96.15,96.14,96.145,4818.0,96.1445,128
2026-05-27T13:45:00Z,96.15,96.16,96.145,96.15,7160.0,96.1535,173
2026-05-27T14:00:00Z,96.155,96.155,96.15,96.15,5535.0,96.1535,126
2026-05-27T14:15:00Z,96.155,96.16,96.145,96.15,5081.0,96.151,137
2026-05-27T14:30:00Z,96.15,96.15,96.135,96.15,10446.0,96.145,263
2026-05-27T14:45:00Z,96.15,96.15,96.145,96.15,10161.0,96.15,152
2026-05-27T15:00:00Z,96.15,96.155,96.15,96.155,2600.0,96.1505,119
2026-05-27T15:15:00Z,96.155,96.155,96.15,96.155,451.0,96.151,75
2026-05-27T15:30:00Z,96.155,96.165,96.15,96.15,11457.0,96.1565,205
2026-05-27T15:45:00Z,96.15,96.16,96.15,96.155,7623.0,96.153,143
2026-05-27T16:00:00Z,96.155,96.155,96.15,96.155,4694.0,96.1505,115
2026-05-27T16:15:00Z,96.155,96.16,96.155,96.16,2163.0,96.1555,71
2026-05-27T16:30:00Z,96.155,96.165,96.155,96.16,2633.0,96.16,66
2026-05-27T16:45:00Z,96.16,96.165,96.155,96.16,2503.0,96.1595,127
2026-05-27T17:00:00Z,96.16,96.16,96.15,96.155,2900.0,96.154,69
2026-05-27T17:15:00Z,96.15,96.16,96.15,96.155,2481.0,96.155,51
2026-05-27T17:30:00Z,96.155,96.16,96.15,96.16,3866.0,96.155,126
2026-05-27T17:45:00Z,96.16,96.16,96.155,96.16,922.0,96.1555,45
2026-05-27T18:00:00Z,96.155,96.16,96.155,96.155,727.0,96.156,149
2026-05-27T18:15:00Z,96.16,96.16,96.155,96.155,1681.0,96.1595,136
2026-05-27T18:30:00Z,96.16,96.16,96.155,96.16,720.0,96.157,83
2026-05-27T18:45:00Z,96.16,96.16,96.155,96.155,1072.0,96.156,172
2026-05-27T19:00:00Z,96.155,96.16,96.155,96.155,2253.0,96.16,82
2026-05-27T19:15:00Z,96.16,96.16,96.15,96.155,4987.0,96.155,95
2026-05-27T19:30:00Z,96.155,96.16,96.15,96.15,1021.0,96.1555,48
2026-05-27T19:45:00Z,96.155,96.155,96.145,96.15,2283.0,96.148,83
2026-05-27T20:00:00Z,96.15,96.155,96.145,96.15,2033.0,96.151,113
2026-05-27T20:15:00Z,96.155,96.155,96.15,96.15,405.0,96.153,77
2026-05-27T20:30:00Z,96.15,96.15,96.145,96.15,811.0,96.149,21
2026-05-27T20:45:00Z,96.145,96.15,96.14,96.15,3524.0,96.145,120
2026-05-27T22:00:00Z,96.15,96.155,96.15,96.15,1840.0,96.1535,29
2026-05-27T22:15:00Z,96.155,96.155,96.155,96.155,169.0,96.155,13
2026-05-27T22:30:00Z,96.15,96.15,96.15,96.15,588.0,96.15,16
2026-05-27T22:45:00Z,96.15,96.15,96.15,96.15,0.0,96.15,0
2026-05-27T23:00:00Z,96.15,96.15,96.15,96.15,477.0,96.15,4
2026-05-27T23:15:00Z,96.15,96.15,96.135,96.14,1058.0,96.141,39
2026-05-27T23:30:00Z,96.135,96.14,96.13,96.13,5059.0,96.1345,113
2026-05-27T23:45:00Z,96.13,96.135,96.13,96.135,266.0,96.13,22
2026-05-28T00:00:00Z,96.13,96.13,96.13,96.13,233.0,96.13,18
2026-05-28T00:15:00Z,96.13,96.13,96.13,96.13,633.0,96.13,31
2026-05-28T00:30:00Z,96.125,96.125,96.125,96.125,2804.0,96.125,37
2026-05-28T00:45:00Z,96.13,96.135,96.13,96.135,456.0,96.13,15
2026-05-28T01:00:00Z,96.135,96.135,96.135,96.135,111.0,96.135,6
2026-05-28T01:15:00Z,96.135,96.135,96.135,96.135,0.0,96.135,0
2026-05-28T01:30:00Z,96.13,96.135,96.13,96.13,369.0,96.13,29
2026-05-28T01:45:00Z,96.13,96.13,96.13,96.13,5.0,96.13,5
2026-05-28T02:00:00Z,96.13,96.13,96.13,96.13,106.0,96.13,12
2026-05-28T02:15:00Z,96.13,96.13,96.13,96.13,93.0,96.13,4
2026-05-28T02:30:00Z,96.13,96.13,96.125,96.125,1484.0,96.125,59
2026-05-28T02:45:00Z,96.125,96.125,96.12,96.125,1454.0,96.122,34
2026-05-28T03:00:00Z,96.125,96.125,96.12,96.12,634.0,96.12,37
2026-05-28T03:15:00Z,96.12,96.12,96.115,96.115,1545.0,96.115,47
2026-05-28T03:30:00Z,96.11,96.115,96.105,96.11,906.0,96.11,35
2026-05-28T03:45:00Z,96.105,96.105,96.105,96.105,557.0,96.105,20
2026-05-28T04:00:00Z,96.11,96.11,96.105,96.11,522.0,96.1075,36
2026-05-28T04:15:00Z,96.105,96.11,96.105,96.11,1828.0,96.11,45
2026-05-28T04:30:00Z,96.11,96.115,96.11,96.115,164.0,96.11,4
2026-05-28T04:45:00Z,96.11,96.115,96.11,96.115,420.0,96.11,17
2026-05-28T05:00:00Z,96.115,96.115,96.115,96.115,0.0,96.115,0
2026-05-28T05:15:00Z,96.11,96.115,96.11,96.11,218.0,96.11,6
2026-05-28T05:30:00Z,96.115,96.12,96.115,96.115,942.0,96.1155,39
2026-05-28T05:45:00Z,96.115,96.115,96.115,96.115,0.0,96.115,0
2026-05-28T06:00:00Z,96.115,96.115,96.115,96.115,100.0,96.115,1
2026-05-28T06:15:00Z,96.12,96.12,96.115,96.115,1801.0,96.118,3
2026-05-28T06:30:00Z,96.115,96.12,96.115,96.12,9.0,96.1185,3
2026-05-28T06:45:00Z,96.12,96.12,96.115,96.12,553.0,96.12,16
2026-05-28T07:00:00Z,96.12,96.12,96.115,96.12,3025.0,96.12,72
2026-05-28T07:15:00Z,96.115,96.12,96.115,96.115,2787.0,96.115,42
2026-05-28T07:30:00Z,96.115,96.115,96.115,96.115,867.0,96.115,30
2026-05-28T07:45:00Z,96.115,96.125,96.115,96.12,1387.0,96.121,42
2026-05-28T08:00:00Z,96.125,96.125,96.12,96.125,1042.0,96.1205,78
2026-05-28T08:15:00Z,96.125,96.125,96.12,96.125,1695.0,96.125,115
2026-05-28T08:30:00Z,96.125,96.125,96.125,96.125,1799.0,96.125,70
2026-05-28T08:45:00Z,96.125,96.13,96.125,96.13,446.0,96.1275,10
2026-05-28T09:00:00Z,96.13,96.13,96.13,96.13,1474.0,96.13,45
2026-05-28T09:15:00Z,96.13,96.13,96.125,96.13,100.0,96.1275,7
2026-05-28T09:30:00Z,96.13,96.13,96.12,96.125,2035.0,96.125,101
2026-05-28T09:45:00Z,96.125,96.13,96.125,96.125,2126.0,96.1255,103
2026-05-28T10:00:00Z,96.125,96.125,96.125,96.125,110.0,96.125,9
2026-05-28T10:15:00Z,96.125,96.125,96.125,96.125,1596.0,96.125,61
2026-05-28T10:30:00Z,96.125,96.125,96.125,96.125,1739.0,96.125,47
2026-05-28T10:45:00Z,96.125,96.125,96.115,96.115,4436.0,96.1185,81
2026-05-28T11:00:00Z,96.115,96.12,96.11,96.12,3144.0,96.1155,173
2026-05-28T11:15:00Z,96.12,96.125,96.12,96.12,2109.0,96.1215,46
2026-05-28T11:30:00Z,96.125,96.125,96.12,96.125,3382.0,96.125,184
2026-05-28T11:45:00Z,96.12,96.125,96.12,96.12,2578.0,96.12,116
2026-05-28T12:00:00Z,96.125,96.125,96.12,96.12,3006.0,96.12,81
2026-05-28T12:15:00Z,96.12,96.125,96.12,96.125,1958.0,96.1215,146
2026-05-28T12:30:00Z,96.125,96.145,96.12,96.135,13859.0,96.1355,327
2026-05-28T12:45:00Z,96.14,96.15,96.14,96.15,12059.0,96.143,109
2026-05-28T13:00:00Z,96.15,96.16,96.14,96.14,7213.0,96.152,134
2026-05-28T13:15:00Z,96.145,96.145,96.145,96.145,7987.0,96.145,182
2026-05-28T13:30:00Z,96.145,96.145,96.135,96.14,3618.0,96.142,123
2026-05-28T13:45:00Z,96.145,96.15,96.145,96.145,5648.0,96.145,146
2026-05-28T14:00:00Z,96.145,96.2,96.14,96.185,36274.0,96.176,1742
2026-05-28T14:15:00Z,96.185,96.19,96.16,96.175,15898.0,96.1735,663
2026-05-28T14:30:00Z,96.175,96.175,96.165,96.17,14866.0,96.169,711
2026-05-28T14:45:00Z,96.175,96.175,96.165,96.17,10801.0,96.17,337
2026-05-28T15:00:00Z,96.17,96.175,96.17,96.17,5595.0,96.172,132
2026-05-28T15:15:00Z,96.17,96.175,96.165,96.17,5817.0,96.168,201
2026-05-28T15:30:00Z,96.165,96.165,96.165,96.165,5429.0,96.165,102
2026-05-28T15:45:00Z,96.165,96.17,96.16,96.16,5610.0,96.165,78
2026-05-28T16:00:00Z,96.165,96.17,96.16,96.165,1356.0,96.1645,57
2026-05-28T16:15:00Z,96.17,96.18,96.17,96.175,4720.0,96.175,188
2026-05-28T16:30:00Z,96.175,96.18,96.175,96.175,4325.0,96.175,152
2026-05-28T16:45:00Z,96.175,96.185,96.175,96.18,2486.0,96.1795,75
2026-05-28T17:00:00Z,96.18,96.18,96.17,96.17,5240.0,96.1725,133
2026-05-28T17:15:00Z,96.17,96.17,96.16,96.165,1302.0,96.167,62
2026-05-28T17:30:00Z,96.165,96.175,96.165,96.175,7777.0,96.1695,141
2026-05-28T17:45:00Z,96.17,96.175,96.17,96.17,1090.0,96.17,41
2026-05-28T18:00:00Z,96.17,96.17,96.16,96.165,1785.0,96.1655,85
2026-05-28T18:15:00Z,96.165,96.17,96.165,96.165,3261.0,96.1655,98
2026-05-28T18:30:00Z,96.165,96.165,96.16,96.165,2713.0,96.1645,81
2026-05-28T18:45:00Z,96.165,96.165,96.16,96.165,2614.0,96.161,218
2026-05-28T19:00:00Z,96.16,96.165,96.16,96.16,1389.0,96.16,53
2026-05-28T19:15:00Z,96.16,96.165,96.16,96.16,400.0,96.1615,13
2026-05-28T19:30:00Z,96.16,96.17,96.16,96.165,3763.0,96.165,165
2026-05-28T19:45:00Z,96.165,96.165,96.16,96.16,2132.0,96.162,71
2026-05-28T20:00:00Z,96.165,96.165,96.155,96.16,4517.0,96.16,163
2026-05-28T20:15:00Z,96.165,96.165,96.16,96.16,1129.0,96.16,43
2026-05-28T20:30:00Z,96.165,96.165,96.16,96.16,1191.0,96.1605,48
2026-05-28T20:45:00Z,96.16,96.165,96.155,96.16,2384.0,96.16,142
2026-05-28T22:00:00Z,96.16,96.16,96.16,96.16,334.0,96.16,11
2026-05-28T22:15:00Z,96.16,96.16,96.16,96.16,98.0,96.16,7
2026-05-28T22:30:00Z,96.155,96.155,96.155,96.155,572.0,96.155,22
2026-05-28T22:45:00Z,96.155,96.155,96.155,96.155,356.0,96.155,7
2026-05-28T23:00:00Z,96.155,96.155,96.155,96.155,476.0,96.155,6
2026-05-28T23:15:00Z,96.155,96.155,96.155,96.155,0.0,96.155,0
2026-05-28T23:30:00Z,96.16,96.16,96.16,96.16,38.0,96.16,21
2026-05-28T23:45:00Z,96.16,96.16,96.16,96.16,489.0,96.16,14
2026-05-29T00:00:00Z,96.16,96.165,96.16,96.165,3.0,96.1615,3
2026-05-29T00:15:00Z,96.165,96.165,96.165,96.165,607.0,96.165,16
2026-05-29T00:30:00Z,96.165,96.165,96.165,96.165,393.0,96.165,40
2026-05-29T00:45:00Z,96.165,96.165,96.16,96.16,725.0,96.165,10
2026-05-29T01:00:00Z,96.165,96.175,96.165,96.175,1170.0,96.1735,28
2026-05-29T01:15:00Z,96.17,96.17,96.165,96.165,444.0,96.169,14
2026-05-29T01:30:00Z,96.17,96.17,96.17,96.17,155.0,96.17,2
2026-05-29T01:45:00Z,96.17,96.17,96.17,96.17,0.0,96.17,0
2026-05-29T02:00:00Z,96.17,96.17,96.17,96.17,334.0,96.17,6
2026-05-29T02:15:00Z,96.165,96.165,96.165,96.165,1.0,96.165,1
2026-05-29T02:30:00Z,96.17,96.17,96.17,96.17,48.0,96.17,2
2026-05-29T02:45:00Z,96.165,96.17,96.165,96.17,52.0,96.165,12
2026-05-29T03:00:00Z,96.17,96.175,96.17,96.17,859.0,96.17,28
2026-05-29T03:15:00Z,96.17,96.17,96.17,96.17,14.0,96.17,1
2026-05-29T03:30:00Z,96.17,96.17,96.17,96.17,88.0,96.17,3
2026-05-29T03:45:00Z,96.17,96.17,96.17,96.17,465.0,96.17,28
2026-05-29T04:00:00Z,96.17,96.17,96.17,96.17,0.0,96.17,0
2026-05-29T04:15:00Z,96.17,96.17,96.17,96.17,262.0,96.17,11
2026-05-29T04:30:00Z,96.165,96.165,96.165,96.165,1.0,96.165,1
2026-05-29T04:45:00Z,96.165,96.165,96.165,96.165,6.0,96.165,1
2026-05-29T05:00:00Z,96.165,96.17,96.165,96.165,1190.0,96.165,50
2026-05-29T05:15:00Z,96.165,96.165,96.165,96.165,441.0,96.165,14
2026-05-29T05:30:00Z,96.165,96.165,96.165,96.165,757.0,96.165,39
2026-05-29T05:45:00Z,96.165,96.165,96.16,96.16,262.0,96.164,8
2026-05-29T06:00:00Z,96.16,96.16,96.16,96.16,625.0,96.16,8
2026-05-29T06:15:00Z,96.16,96.16,96.16,96.16,549.0,96.16,19
2026-05-29T06:30:00Z,96.16,96.16,96.16,96.16,1319.0,96.16,27
2026-05-29T06:45:00Z,96.16,96.16,96.16,96.16,338.0,96.16,14
2026-05-29T07:00:00Z,96.165,96.165,96.16,96.16,307.0,96.1605,9
2026-05-29T07:15:00Z,96.155,96.155,96.155,96.155,128.0,96.155,21
2026-05-29T07:30:00Z,96.155,96.155,96.155,96.155,1080.0,96.155,36
2026-05-29T07:45:00Z,96.155,96.155,96.155,96.155,1361.0,96.155,27
2026-05-29T08:00:00Z,96.155,96.16,96.15,96.15,2845.0,96.1585,81
2026-05-29T08:15:00Z,96.15,96.15,96.15,96.15,2171.0,96.15,62
2026-05-29T08:30:00Z,96.15,96.155,96.15,96.155,1382.0,96.1545,72
2026-05-29T08:45:00Z,96.155,96.16,96.155,96.16,969.0,96.1555,49
2026-05-29T09:00:00Z,96.16,96.16,96.16,96.16,1803.0,96.16,41
2026-05-29T09:15:00Z,96.16,96.165,96.155,96.165,1644.0,96.16,37
2026-05-29T09:30:00Z,96.165,96.165,96.16,96.16,198.0,96.1625,6
2026-05-29T09:45:00Z,96.165,96.17,96.165,96.17,3071.0,96.165,112
2026-05-29T10:00:00Z,96.165,96.165,96.16,96.16,1224.0,96.165,9
2026-05-29T10:15:00Z,96.165,96.165,96.16,96.165,745.0,96.1635,31
2026-05-29T10:30:00Z,96.165,96.17,96.165,96.17,456.0,96.1655,46
2026-05-29T10:45:00Z,96.17,96.17,96.165,96.165,3680.0,96.167,136
2026-05-29T11:00:00Z,96.165,96.17,96.16,96.165,1109.0,96.165,62
2026-05-29T11:15:00Z,96.165,96.17,96.165,96.17,372.0,96.1665,12
2026-05-29T11:30:00Z,96.165,96.175,96.165,96.17,2655.0,96.1665,64
2026-05-29T11:45:00Z,96.17,96.17,96.16,96.17,7296.0,96.1695,152
2026-05-29T12:00:00Z,96.165,96.17,96.155,96.16,3737.0,96.165,75
2026-05-29T12:15:00Z,96.155,96.16,96.155,96.155,4137.0,96.16,140
2026-05-29T12:30:00Z,96.16,96.165,96.155,96.16,7301.0,96.16,218
2026-05-29T12:45:00Z,96.16,96.165,96.16,96.165,5035.0,96.1625,158
2026-05-29T13:00:00Z,96.165,96.175,96.165,96.165,4101.0,96.1695,373
2026-05-29T13:15:00Z,96.165,96.17,96.165,96.17,1795.0,96.167,69
2026-05-29T13:30:00Z,96.165,96.17,96.165,96.165,3242.0,96.165,107
2026-05-29T13:45:00Z,96.16,96.16,96.155,96.16,7285.0,96.16,191
2026-05-29T14:00:00Z,96.16,96.165,96.155,96.155,2124.0,96.1605,83
2026-05-29T14:15:00Z,96.155,96.16,96.155,96.16,1721.0,96.1585,90
2026-05-29T14:30:00Z,96.155,96.165,96.155,96.165,5905.0,96.16,177
2026-05-29T14:45:00Z,96.165,96.185,96.165,96.175,19271.0,96.175,453
2026-05-29T15:00:00Z,96.175,96.185,96.175,96.185,16317.0,96.1805,348
2026-05-29T15:15:00Z,96.185,96.185,96.18,96.18,5361.0,96.1835,130
2026-05-29T15:30:00Z,96.18,96.185,96.175,96.175,12951.0,96.1825,329
2026-05-29T15:45:00Z,96.18,96.18,96.175,96.18,2707.0,96.18,112
2026-05-29T16:00:00Z,96.18,96.18,96.175,96.18,1989.0,96.1755,73
2026-05-29T16:15:00Z,96.175,96.185,96.175,96.185,5474.0,96.18,37
2026-05-29T16:30:00Z,96.185,96.19,96.18,96.19,5970.0,96.188,187
2026-05-29T16:45:00Z,96.19,96.19,96.18,96.185,4483.0,96.186,85
2026-05-29T17:00:00Z,96.18,96.185,96.175,96.175,4908.0,96.18,78
2026-05-29T17:15:00Z,96.18,96.185,96.175,96.18,5955.0,96.18,166
2026-05-29T17:30:00Z,96.18,96.18,96.175,96.18,168.0,96.177,25
2026-05-29T17:45:00Z,96.175,96.18,96.175,96.175,1307.0,96.178,80
2026-05-29T18:00:00Z,96.175,96.185,96.175,96.185,6241.0,96.18,98
2026-05-29T18:15:00Z,96.185,96.185,96.18,96.185,1486.0,96.183,29
2026-05-29T18:30:00Z,96.18,96.185,96.18,96.18,3877.0,96.1805,105
2026-05-29T18:45:00Z,96.18,96.18,96.165,96.17,9252.0,96.1735,380
2026-05-29T19:00:00Z,96.165,96.175,96.165,96.17,4439.0,96.17,134
2026-05-29T19:15:00Z,96.17,96.175,96.17,96.175,1688.0,96.17,55
2026-05-29T19:30:00Z,96.17,96.17,96.165,96.165,8635.0,96.17,119
2026-05-29T19:45:00Z,96.17,96.18,96.165,96.18,17636.0,96.175,235
2026-05-29T20:00:00Z,96.18,96.185,96.175,96.175,7996.0,96.177,192
2026-05-29T20:15:00Z,96.175,96.18,96.175,96.18,417.0,96.178,13
2026-05-29T20:30:00Z,96.175,96.18,96.175,96.175,3134.0,96.1755,61
2026-05-29T20:45:00Z,96.175,96.175,96.17,96.17,4838.0,96.171,126
2026-05-31T22:00:00Z,96.165,96.17,96.145,96.145,2083.0,96.1515,60
2026-05-31T22:15:00Z,96.15,96.15,96.145,96.145,415.0,96.1455,45
2026-05-31T22:30:00Z,96.145,96.145,96.145,96.145,880.0,96.145,24
2026-05-31T22:45:00Z,96.145,96.145,96.145,96.145,1.0,96.145,1
2026-05-31T23:00:00Z,96.145,96.145,96.145,96.145,0.0,96.145,0
2026-05-31T23:15:00Z,96.15,96.15,96.145,96.145,420.0,96.145,2
2026-05-31T23:30:00Z,96.145,96.15,96.145,96.15,103.0,96.15,3
2026-05-31T23:45:00Z,96.145,96.145,96.145,96.145,127.0,96.145,6
2026-06-01T00:00:00Z,96.145,96.145,96.14,96.145,1588.0,96.144,83
2026-06-01T00:15:00Z,96.145,96.145,96.145,96.145,249.0,96.145,35
2026-06-01T00:30:00Z,96.145,96.145,96.145,96.145,70.0,96.145,5
2026-06-01T00:45:00Z,96.14,96.145,96.14,96.14,504.0,96.145,22
2026-06-01T01:00:00Z,96.145,96.145,96.14,96.14,1125.0,96.145,12
2026-06-01T01:15:00Z,96.14,96.145,96.14,96.145,6.0,96.141,4
2026-06-01T01:30:00Z,96.14,96.145,96.14,96.145,366.0,96.144,20
2026-06-01T01:45:00Z,96.145,96.145,96.145,96.145,89.0,96.145,4
2026-06-01T02:00:00Z,96.145,96.145,96.14,96.14,73.0,96.144,14
2026-06-01T02:15:00Z,96.14,96.14,96.14,96.14,0.0,96.14,0
2026-06-01T02:30:00Z,96.14,96.145,96.14,96.145,14.0,96.1435,7
2026-06-01T02:45:00Z,96.14,96.145,96.14,96.145,1012.0,96.14,7
2026-06-01T03:00:00Z,96.145,96.145,96.145,96.145,5.0,96.145,3
2026-06-01T03:15:00Z,96.14,96.14,96.14,96.14,1.0,96.14,1
2026-06-01T03:30:00Z,96.145,96.145,96.145,96.145,332.0,96.145,18
2026-06-01T03:45:00Z,96.14,96.14,96.14,96.14,72.0,96.14,6
2026-06-01T04:00:00Z,96.14,96.14,96.14,96.14,9.0,96.14,2
2026-06-01T04:15:00Z,96.145,96.145,96.145,96.145,320.0,96.145,6
2026-06-01T04:30:00Z,96.145,96.145,96.14,96.145,849.0,96.145,28
2026-06-01T04:45:00Z,96.145,96.145,96.145,96.145,343.0,96.145,13
2026-06-01T05:00:00Z,96.145,96.145,96.145,96.145,300.0,96.145,39
2026-06-01T05:15:00Z,96.145,96.145,96.145,96.145,180.0,96.145,14
2026-06-01T05:30:00Z,96.145,96.145,96.145,96.145,0.0,96.145,0
2026-06-01T05:45:00Z,96.145,96.145,96.145,96.145,210.0,96.145,9
2026-06-01T06:00:00Z,96.145,96.145,96.145,96.145,0.0,96.145,0
2026-06-01T06:15:00Z,96.14,96.14,96.14,96.14,1381.0,96.14,16
2026-06-01T06:30:00Z,96.145,96.145,96.14,96.14,3729.0,96.14,57
2026-06-01T06:45:00Z,96.14,96.14,96.135,96.14,1021.0,96.1385,30
2026-06-01T07:00:00Z,96.135,96.14,96.135,96.14,172.0,96.14,21
2026-06-01T07:15:00Z,96.145,96.145,96.145,96.145,796.0,96.145,22
2026-06-01T07:30:00Z,96.145,96.145,96.14,96.14,680.0,96.1445,32
2026-06-01T07:45:00Z,96.14,96.145,96.14,96.145,1057.0,96.145,21
2026-06-01T08:00:00Z,96.145,96.15,96.14,96.14,3932.0,96.1435,56
2026-06-01T08:15:00Z,96.14,96.145,96.14,96.14,3334.0,96.1405,21
2026-06-01T08:30:00Z,96.14,96.14,96.14,96.14,2751.0,96.14,40
2026-06-01T08:45:00Z,96.14,96.14,96.135,96.14,710.0,96.136,29
2026-06-01T09:00:00Z,96.14,96.14,96.14,96.14,169.0,96.14,10
2026-06-01T09:15:00Z,96.14,96.14,96.14,96.14,540.0,96.14,5
2026-06-01T09:30:00Z,96.14,96.14,96.14,96.14,4045.0,96.14,48
2026-06-01T09:45:00Z,96.14,96.14,96.14,96.14,630.0,96.14,34
2026-06-01T10:00:00Z,96.14,96.145,96.14,96.145,2710.0,96.1405,62
2026-06-01T10:15:00Z,96.14,96.145,96.14,96.14,133.0,96.14,6
2026-06-01T10:30:00Z,96.14,96.145,96.14,96.14,601.0,96.141,16
2026-06-01T10:45:00Z,96.145,96.145,96.14,96.145,5403.0,96.14,52
2026-06-01T11:00:00Z,96.14,96.14,96.14,96.14,2363.0,96.14,82
2026-06-01T11:15:00Z,96.14,96.145,96.14,96.145,631.0,96.1435,30
2026-06-01T11:30:00Z,96.145,96.145,96.14,96.14,365.0,96.145,21
2026-06-01T11:45:00Z,96.145,96.145,96.14,96.14,586.0,96.142,34
2026-06-01T12:00:00Z,96.145,96.145,96.14,96.145,2936.0,96.145,88
2026-06-01T12:15:00Z,96.145,96.145,96.145,96.145,4357.0,96.145,121
2026-06-01T12:30:00Z,96.145,96.155,96.145,96.155,3737.0,96.15,75
2026-06-01T12:45:00Z,96.155,96.155,96.15,96.15,4079.0,96.1525,86
2026-06-01T13:00:00Z,96.15,96.15,96.125,96.13,15415.0,96.1375,290
2026-06-01T13:15:00Z,96.13,96.135,96.11,96.115,20597.0,96.121,487
2026-06-01T13:30:00Z,96.115,96.12,96.11,96.11,10196.0,96.1145,237
2026-06-01T13:45:00Z,96.115,96.115,96.1,96.105,6215.0,96.111,231
2026-06-01T14:00:00Z,96.1,96.105,96.085,96.105,8542.0,96.0965,257
2026-06-01T14:15:00Z,96.105,96.11,96.095,96.1,11032.0,96.103,340
2026-06-01T14:30:00Z,96.105,96.105,96.1,96.1,4273.0,96.101,200
2026-06-01T14:45:00Z,96.1,96.1,96.1,96.1,1980.0,96.1,63
2026-06-01T15:00:00Z,96.1,96.105,96.095,96.105,4489.0,96.1005,122
2026-06-01T15:15:00Z,96.105,96.11,96.105,96.11,4641.0,96.108,156
2026-06-01T15:30:00Z,96.11,96.12,96.11,96.11,17424.0,96.1135,395
2026-06-01T15:45:00Z,96.11,96.11,96.105,96.11,572.0,96.11,26
2026-06-01T16:00:00Z,96.11,96.115,96.1,96.1,7601.0,96.1085,202
2026-06-01T16:15:00Z,96.1,96.105,96.095,96.1,4184.0,96.0995,114
2026-06-01T16:30:00Z,96.105,96.105,96.1,96.105,2787.0,96.105,113
2026-06-01T16:45:00Z,96.105,96.125,96.105,96.125,6721.0,96.1185,138
2026-06-01T17:00:00Z,96.12,96.125,96.12,96.125,2988.0,96.1205,88
2026-06-01T17:15:00Z,96.125,96.13,96.12,96.13,4503.0,96.1275,82
2026-06-01T17:30:00Z,96.13,96.145,96.125,96.135,10720.0,96.133,286
2026-06-01T17:45:00Z,96.135,96.14,96.135,96.135,1576.0,96.135,67
2026-06-01T18:00:00Z,96.135,96.135,96.13,96.135,2371.0,96.13,28
2026-06-01T18:15:00Z,96.135,96.135,96.125,96.13,3661.0,96.13,99
2026-06-01T18:30:00Z,96.13,96.135,96.13,96.13,748.0,96.13,41
2026-06-01T18:45:00Z,96.135,96.135,96.13,96.135,1268.0,96.1345,152
2026-06-01T19:00:00Z,96.13,96.135,96.13,96.135,2241.0,96.134,80
2026-06-01T19:15:00Z,96.135,96.14,96.135,96.135,793.0,96.135,12
2026-06-01T19:30:00Z,96.135,96.145,96.135,96.14,4073.0,96.14,104
2026-06-01T19:45:00Z,96.14,96.15,96.14,96.145,4152.0,96.145,101
2026-06-01T20:00:00Z,96.145,96.15,96.145,96.15,5012.0,96.149,83
2026-06-01T20:15:00Z,96.15,96.15,96.145,96.15,1787.0,96.1475,108
2026-06-01T20:30:00Z,96.15,96.15,96.145,96.15,914.0,96.145,77
2026-06-01T20:45:00Z,96.145,96.15,96.14,96.14,1069.0,96.145,83
2026-06-01T22:00:00Z,96.145,96.145,96.14,96.14,546.0,96.1445,42
2026-06-01T22:15:00Z,96.14,96.14,96.14,96.14,25.0,96.14,24
2026-06-01T22:30:00Z,96.14,96.145,96.135,96.145,1644.0,96.14,34
2026-06-01T22:45:00Z,96.14,96.14,96.14,96.14,28.0,96.14,4
2026-06-01T23:00:00Z,96.14,96.14,96.14,96.14,425.0,96.14,13
2026-06-01T23:15:00Z,96.14,96.14,96.14,96.14,16.0,96.14,1
2026-06-01T23:30:00Z,96.14,96.145,96.14,96.145,196.0,96.145,12
2026-06-01T23:45:00Z,96.145,96.145,96.14,96.14,1465.0,96.1445,8
2026-06-02T00:00:00Z,96.145,96.145,96.145,96.145,262.0,96.145,8
2026-06-02T00:15:00Z,96.145,96.145,96.14,96.14,1194.0,96.14,11
2026-06-02T00:30:00Z,96.14,96.14,96.14,96.14,148.0,96.14,4
2026-06-02T00:45:00Z,96.14,96.14,96.14,96.14,22.0,96.14,3
2026-06-02T01:00:00Z,96.14,96.14,96.14,96.14,1611.0,96.14,36
2026-06-02T01:15:00Z,96.14,96.14,96.14,96.14,452.0,96.14,10
2026-06-02T01:30:00Z,96.145,96.145,96.145,96.145,1156.0,96.145,28
2026-06-02T01:45:00Z,96.145,96.145,96.145,96.145,475.0,96.145,14
2026-06-02T02:00:00Z,96.145,96.15,96.145,96.15,486.0,96.1455,9
2026-06-02T02:15:00Z,96.145,96.145,96.145,96.145,296.0,96.145,8
2026-06-02T02:30:00Z,96.145,96.145,96.145,96.145,8.0,96.145,2
2026-06-02T02:45:00Z,96.145,96.145,96.145,96.145,757.0,96.145,19
2026-06-02T03:00:00Z,96.145,96.145,96.145,96.145,15.0,96.145,3
2026-06-02T03:15:00Z,96.145,96.145,96.145,96.145,9.0,96.145,2
2026-06-02T03:30:00Z,96.15,96.15,96.15,96.15,1949.0,96.15,20
2026-06-02T03:45:00Z,96.15,96.15,96.15,96.15,511.0,96.15,10
2026-06-02T04:00:00Z,96.15,96.15,96.15,96.15,113.0,96.15,4
2026-06-02T04:15:00Z,96.155,96.155,96.155,96.155,4.0,96.155,2
2026-06-02T04:30:00Z,96.155,96.155,96.155,96.155,0.0,96.155,0
2026-06-02T04:45:00Z,96.155,96.16,96.155,96.155,854.0,96.155,38
2026-06-02T05:00:00Z,96.16,96.16,96.155,96.155,23.0,96.1585,5
2026-06-02T05:15:00Z,96.16,96.16,96.16,96.16,168.0,96.16,2
2026-06-02T05:30:00Z,96.16,96.16,96.16,96.16,96.0,96.16,2
2026-06-02T05:45:00Z,96.155,96.16,96.155,96.16,65.0,96.158,2
2026-06-02T06:00:00Z,96.155,96.16,96.155,96.16,2564.0,96.1555,6
2026-06-02T06:15:00Z,96.16,96.16,96.16,96.16,1749.0,96.16,99
2026-06-02T06:30:00Z,96.16,96.165,96.16,96.16,676.0,96.16,48
2026-06-02T06:45:00Z,96.16,96.165,96.16,96.165,164.0,96.163,7
2026-06-02T07:00:00Z,96.165,96.165,96.165,96.165,6454.0,96.165,107
2026-06-02T07:15:00Z,96.16,96.16,96.16,96.16,2277.0,96.16,42
2026-06-02T07:30:00Z,96.16,96.16,96.16,96.16,1805.0,96.16,88
2026-06-02T07:45:00Z,96.16,96.16,96.155,96.16,2104.0,96.16,43
2026-06-02T08:00:00Z,96.16,96.16,96.16,96.16,279.0,96.16,10
2026-06-02T08:15:00Z,96.155,96.16,96.155,96.155,2054.0,96.159,53
2026-06-02T08:30:00Z,96.16,96.16,96.16,96.16,231.0,96.16,16
2026-06-02T08:45:00Z,96.16,96.16,96.16,96.16,470.0,96.16,38
2026-06-02T09:00:00Z,96.155,96.155,96.155,96.155,2498.0,96.155,13
2026-06-02T09:15:00Z,96.16,96.16,96.155,96.155,488.0,96.156,28
2026-06-02T09:30:00Z,96.155,96.16,96.155,96.155,3743.0,96.155,53
2026-06-02T09:45:00Z,96.155,96.155,96.155,96.155,880.0,96.155,29
2026-06-02T10:00:00Z,96.155,96.16,96.155,96.16,885.0,96.1555,30
2026-06-02T10:15:00Z,96.16,96.16,96.16,96.16,1625.0,96.16,52
2026-06-02T10:30:00Z,96.165,96.165,96.16,96.16,327.0,96.16,29
2026-06-02T10:45:00Z,96.16,96.165,96.16,96.165,1366.0,96.165,21
2026-06-02T11:00:00Z,96.17,96.17,96.165,96.17,599.0,96.169,12
2026-06-02T11:15:00Z,96.165,96.17,96.16,96.165,1737.0,96.165,67
2026-06-02T11:30:00Z,96.165,96.165,96.16,96.165,1646.0,96.1625,36
2026-06-02T11:45:00Z,96.16,96.16,96.155,96.155,2003.0,96.1595,49
2026-06-02T12:00:00Z,96.155,96.16,96.155,96.16,5605.0,96.16,187
2026-06-02T12:15:00Z,96.16,96.16,96.155,96.155,5449.0,96.16,48
2026-06-02T12:30:00Z,96.155,96.16,96.15,96.155,20313.0,96.1545,343
2026-06-02T12:45:00Z,96.15,96.155,96.15,96.15,3987.0,96.1505,70
2026-06-02T13:00:00Z,96.15,96.155,96.145,96.145,4240.0,96.147,82
2026-06-02T13:15:00Z,96.15,96.15,96.145,96.145,7012.0,96.145,112
2026-06-02T13:30:00Z,96.145,96.15,96.14,96.145,5666.0,96.145,158
2026-06-02T13:45:00Z,96.145,96.15,96.14,96.145,14133.0,96.1455,127
2026-06-02T14:00:00Z,96.145,96.145,96.125,96.135,35620.0,96.138,565
2026-06-02T14:15:00Z,96.135,96.145,96.135,96.14,2870.0,96.1395,117
2026-06-02T14:30:00Z,96.14,96.145,96.14,96.14,5677.0,96.143,182
2026-06-02T14:45:00Z,96.14,96.145,96.135,96.14,5587.0,96.14,110
2026-06-02T15:00:00Z,96.135,96.14,96.135,96.135,2834.0,96.139,89
2026-06-02T15:15:00Z,96.135,96.14,96.135,96.135,1138.0,96.137,46
2026-06-02T15:30:00Z,96.135,96.14,96.135,96.135,2028.0,96.1395,61
2026-06-02T15:45:00Z,96.14,96.14,96.135,96.135,4812.0,96.1395,103
2026-06-02T16:00:00Z,96.135,96.14,96.13,96.14,3771.0,96.136,148
2026-06-02T16:15:00Z,96.14,96.14,96.13,96.13,8915.0,96.1325,153
2026-06-02T16:30:00Z,96.13,96.135,96.13,96.13,5822.0,96.13,109
2026-06-02T16:45:00Z,96.13,96.14,96.13,96.135,2001.0,96.135,59
2026-06-02T17:00:00Z,96.14,96.14,96.135,96.135,418.0,96.138,27
2026-06-02T17:15:00Z,96.14,96.14,96.13,96.135,4452.0,96.135,82
2026-06-02T17:30:00Z,96.135,96.14,96.135,96.135,385.0,96.136,130
2026-06-02T17:45:00Z,96.135,96.14,96.135,96.135,1628.0,96.1355,76
2026-06-02T18:00:00Z,96.135,96.14,96.135,96.14,1507.0,96.138,137
2026-06-02T18:15:00Z,96.14,96.14,96.135,96.14,271.0,96.138,12
2026-06-02T18:30:00Z,96.14,96.14,96.135,96.135,1333.0,96.1355,45
2026-06-02T18:45:00Z,96.135,96.14,96.13,96.135,4514.0,96.135,235
2026-06-02T19:00:00Z,96.135,96.14,96.13,96.135,6348.0,96.135,86
2026-06-02T19:15:00Z,96.135,96.14,96.135,96.14,20.0,96.1375,4
2026-06-02T19:30:00Z,96.14,96.14,96.135,96.14,3246.0,96.14,73
2026-06-02T19:45:00Z,96.14,96.145,96.14,96.14,1786.0,96.14,46
2026-06-02T20:00:00Z,96.145,96.145,96.14,96.14,281.0,96.144,9
2026-06-02T20:15:00Z,96.14,96.145,96.14,96.14,197.0,96.1415,27
2026-06-02T20:30:00Z,96.14,96.145,96.14,96.14,275.0,96.143,35
2026-06-02T20:45:00Z,96.14,96.145,96.14,96.14,2172.0,96.1405,73
2026-06-02T22:00:00Z,96.14,96.14,96.13,96.13,5171.0,96.1385,37
2026-06-02T22:15:00Z,96.13,96.13,96.13,96.13,0.0,96.13,0
2026-06-02T22:30:00Z,96.13,96.13,96.13,96.13,0.0,96.13,0
2026-06-02T22:45:00Z,96.13,96.13,96.13,96.13,767.0,96.13,3
2026-06-02T23:00:00Z,96.13,96.13,96.13,96.13,0.0,96.13,0
2026-06-02T23:15:00Z,96.125,96.125,96.12,96.12,1300.0,96.125,23
2026-06-02T23:30:00Z,96.125,96.125,96.125,96.125,1426.0,96.125,33
2026-06-02T23:45:00Z,96.125,96.125,96.125,96.125,1017.0,96.125,18
2026-06-03T00:00:00Z,96.125,96.125,96.125,96.125,579.0,96.125,7
2026-06-03T00:15:00Z,96.13,96.13,96.13,96.13,262.0,96.13,2
2026-06-03T00:30:00Z,96.13,96.13,96.13,96.13,258.0,96.13,3
2026-06-03T00:45:00Z,96.13,96.13,96.13,96.13,0.0,96.13,0
2026-06-03T01:00:00Z,96.13,96.13,96.125,96.125,319.0,96.13,11
2026-06-03T01:15:00Z,96.13,96.13,96.125,96.125,70.0,96.1265,2
2026-06-03T01:30:00Z,96.13,96.13,96.13,96.13,730.0,96.13,15
2026-06-03T01:45:00Z,96.13,96.13,96.13,96.13,17.0,96.13,1
2026-06-03T02:00:00Z,96.135,96.135,96.135,96.135,3.0,96.135,1
2026-06-03T02:15:00Z,96.13,96.13,96.13,96.13,53.0,96.13,2
2026-06-03T02:30:00Z,96.13,96.13,96.13,96.13,0.0,96.13,0
2026-06-03T02:45:00Z,96.13,96.13,96.13,96.13,461.0,96.13,5
2026-06-03T03:00:00Z,96.13,96.13,96.13,96.13,0.0,96.13,0
2026-06-03T03:15:00Z,96.13,96.13,96.13,96.13,147.0,96.13,8
2026-06-03T03:30:00Z,96.13,96.13,96.13,96.13,280.0,96.13,1
2026-06-03T03:45:00Z,96.13,96.135,96.13,96.13,253.0,96.1305,18
2026-06-03T04:00:00Z,96.13,96.13,96.13,96.13,165.0,96.13,2
2026-06-03T04:15:00Z,96.13,96.13,96.13,96.13,0.0,96.13,0
2026-06-03T04:30:00Z,96.13,96.13,96.13,96.13,0.0,96.13,0
2026-06-03T04:45:00Z,96.125,96.13,96.125,96.13,181.0,96.1285,5
2026-06-03T05:00:00Z,96.13,96.13,96.13,96.13,50.0,96.13,1
2026-06-03T05:15:00Z,96.13,96.13,96.125,96.125,347.0,96.1255,14
2026-06-03T05:30:00Z,96.12,96.12,96.12,96.12,368.0,96.12,2
2026-06-03T05:45:00Z,96.12,96.12,96.115,96.12,1532.0,96.12,31
2026-06-03T06:00:00Z,96.115,96.115,96.11,96.11,12445.0,96.113,93
2026-06-03T06:15:00Z,96.11,96.11,96.11,96.11,994.0,96.11,25
2026-06-03T06:30:00Z,96.11,96.11,96.105,96.11,1709.0,96.11,50
2026-06-03T06:45:00Z,96.11,96.11,96.11,96.11,1447.0,96.11,89
2026-06-03T07:00:00Z,96.11,96.115,96.11,96.115,3215.0,96.115,165
2026-06-03T07:15:00Z,96.115,96.115,96.115,96.115,887.0,96.115,6
2026-06-03T07:30:00Z,96.115,96.115,96.115,96.115,1616.0,96.115,66
2026-06-03T07:45:00Z,96.115,96.115,96.115,96.115,908.0,96.115,59
2026-06-03T08:00:00Z,96.115,96.115,96.115,96.115,853.0,96.115,59
2026-06-03T08:15:00Z,96.115,96.115,96.11,96.11,1376.0,96.1135,44
2026-06-03T08:30:00Z,96.115,96.115,96.115,96.115,961.0,96.115,14
2026-06-03T08:45:00Z,96.11,96.11,96.11,96.11,3100.0,96.11,28
2026-06-03T09:00:00Z,96.11,96.11,96.11,96.11,629.0,96.11,25
2026-06-03T09:15:00Z,96.11,96.115,96.105,96.105,1282.0,96.1095,31
2026-06-03T09:30:00Z,96.11,96.115,96.11,96.11,1941.0,96.11,48
2026-06-03T09:45:00Z,96.105,96.11,96.105,96.105,1280.0,96.105,53
2026-06-03T10:00:00Z,96.105,96.12,96.105,96.11,9896.0,96.1135,183
2026-06-03T10:15:00Z,96.11,96.11,96.11,96.11,2482.0,96.11,72
2026-06-03T10:30:00Z,96.11,96.115,96.11,96.11,2299.0,96.112,17
2026-06-03T10:45:00Z,96.105,96.115,96.105,96.115,1128.0,96.11,21
2026-06-03T11:00:00Z,96.115,96.115,96.11,96.115,1352.0,96.115,41
2026-06-03T11:15:00Z,96.115,96.12,96.115,96.115,1106.0,96.115,71
2026-06-03T11:30:00Z,96.12,96.12,96.115,96.115,1126.0,96.1195,71
2026-06-03T11:45:00Z,96.115,96.12,96.115,96.12,1936.0,96.1195,103
2026-06-03T12:00:00Z,96.125,96.125,96.12,96.12,2079.0,96.12,95
2026-06-03T12:15:00Z,96.12,96.12,96.11,96.11,2689.0,96.117,120
2026-06-03T12:30:00Z,96.11,96.11,96.1,96.105,11008.0,96.1065,188
2026-06-03T12:45:00Z,96.105,96.11,96.1,96.105,3251.0,96.105,554
2026-06-03T13:00:00Z,96.105,96.11,96.105,96.11,5464.0,96.109,119
2026-06-03T13:15:00Z,96.11,96.11,96.105,96.11,6217.0,96.11,161
2026-06-03T13:30:00Z,96.11,96.115,96.105,96.11,3494.0,96.11,119
2026-06-03T13:45:00Z,96.11,96.115,96.105,96.11,2333.0,96.109,66
2026-06-03T14:00:00Z,96.11,96.13,96.1,96.125,18316.0,96.1185,202
2026-06-03T14:15:00Z,96.125,96.125,96.12,96.125,4920.0,96.125,84
2026-06-03T14:30:00Z,96.125,96.125,96.115,96.115,4027.0,96.1185,121
2026-06-03T14:45:00Z,96.115,96.12,96.11,96.115,4406.0,96.115,141
2026-06-03T15:00:00Z,96.115,96.115,96.11,96.11,5199.0,96.1115,170
2026-06-03T15:15:00Z,96.11,96.115,96.11,96.11,6364.0,96.111,172
2026-06-03T15:30:00Z,96.11,96.115,96.11,96.11,2535.0,96.11,116
2026-06-03T15:45:00Z,96.11,96.11,96.105,96.105,2350.0,96.11,36
2026-06-03T16:00:00Z,96.105,96.105,96.1,96.1,12497.0,96.104,169
2026-06-03T16:15:00Z,96.1,96.1,96.1,96.1,3144.0,96.1,92
2026-06-03T16:30:00Z,96.105,96.11,96.1,96.11,9645.0,96.1045,93
2026-06-03T16:45:00Z,96.11,96.11,96.105,96.11,5771.0,96.1095,101
2026-06-03T17:00:00Z,96.11,96.115,96.105,96.11,3460.0,96.11,97
2026-06-03T17:15:00Z,96.11,96.11,96.105,96.11,2449.0,96.11,43
2026-06-03T17:30:00Z,96.11,96.11,96.11,96.11,1032.0,96.11,44
2026-06-03T17:45:00Z,96.11,96.115,96.11,96.11,2329.0,96.11,41
2026-06-03T18:00:00Z,96.11,96.115,96.11,96.11,527.0,96.1105,25
2026-06-03T18:15:00Z,96.11,96.115,96.11,96.115,3098.0,96.1125,78
2026-06-03T18:30:00Z,96.11,96.12,96.11,96.11,2703.0,96.115,120
2026-06-03T18:45:00Z,96.115,96.115,96.11,96.11,1728.0,96.111,210
2026-06-03T19:00:00Z,96.11,96.115,96.11,96.11,3169.0,96.11,78
2026-06-03T19:15:00Z,96.115,96.115,96.11,96.11,2480.0,96.115,55
2026-06-03T19:30:00Z,96.115,96.115,96.11,96.11,750.0,96.1135,11
2026-06-03T19:45:00Z,96.115,96.12,96.11,96.12,5369.0,96.115,81
2026-06-03T20:00:00Z,96.115,96.12,96.11,96.11,1361.0,96.1145,56
2026-06-03T20:15:00Z,96.115,96.115,96.11,96.115,697.0,96.114,30
2026-06-03T20:30:00Z,96.115,96.115,96.11,96.11,290.0,96.1145,12
2026-06-03T20:45:00Z,96.11,96.115,96.11,96.115,1505.0,96.112,27
2026-06-03T22:00:00Z,96.115,96.115,96.105,96.105,957.0,96.1105,33
2026-06-03T22:15:00Z,96.11,96.11,96.105,96.11,1161.0,96.11,14
2026-06-03T22:30:00Z,96.115,96.115,96.115,96.115,662.0,96.115,16
2026-06-03T22:45:00Z,96.115,96.12,96.115,96.12,1766.0,96.1175,23
2026-06-03T23:00:00Z,96.12,96.12,96.12,96.12,395.0,96.12,10
2026-06-03T23:15:00Z,96.12,96.12,96.12,96.12,131.0,96.12,3
2026-06-03T23:30:00Z,96.12,96.12,96.115,96.12,356.0,96.12,17
2026-06-03T23:45:00Z,96.12,96.12,96.12,96.12,0.0,96.12,0
2026-06-04T00:00:00Z,96.12,96.125,96.115,96.125,681.0,96.1225,16
2026-06-04T00:15:00Z,96.12,96.12,96.12,96.12,574.0,96.12,16
2026-06-04T00:30:00Z,96.12,96.12,96.12,96.12,0.0,96.12,0
2026-06-04T00:45:00Z,96.12,96.125,96.115,96.125,1160.0,96.12,17
2026-06-04T01:00:00Z,96.12,96.125,96.12,96.125,1384.0,96.125,62
2026-06-04T01:15:00Z,96.125,96.125,96.12,96.125,299.0,96.125,30
2026-06-04T01:30:00Z,96.125,96.125,96.125,96.125,308.0,96.125,6
2026-06-04T01:45:00Z,96.13,96.13,96.13,96.13,24.0,96.13,3
2026-06-04T02:00:00Z,96.13,96.13,96.125,96.125,313.0,96.1255,9
2026-06-04T02:15:00Z,96.125,96.125,96.125,96.125,395.0,96.125,5
2026-06-04T02:30:00Z,96.125,96.125,96.125,96.125,0.0,96.125,0
2026-06-04T02:45:00Z,96.125,96.125,96.125,96.125,0.0,96.125,0
2026-06-04T03:00:00Z,96.125,96.125,96.125,96.125,0.0,96.125,0
2026-06-04T03:15:00Z,96.125,96.125,96.125,96.125,389.0,96.125,12
2026-06-04T03:30:00Z,96.125,96.125,96.125,96.125,105.0,96.125,3
2026-06-04T03:45:00Z,96.12,96.12,96.12,96.12,1.0,96.12,1
2026-06-04T04:00:00Z,96.12,96.12,96.12,96.12,5.0,96.12,1
2026-06-04T04:15:00Z,96.125,96.125,96.125,96.125,100.0,96.125,1
2026-06-04T04:30:00Z,96.125,96.125,96.125,96.125,2301.0,96.125,45
2026-06-04T04:45:00Z,96.125,96.125,96.12,96.12,264.0,96.125,8
2026-06-04T05:00:00Z,96.125,96.125,96.12,96.12,939.0,96.12,18
2026-06-04T05:15:00Z,96.12,96.12,96.115,96.115,911.0,96.1165,24
2026-06-04T05:30:00Z,96.115,96.115,96.115,96.115,101.0,96.115,2
2026-06-04T05:45:00Z,96.12,96.12,96.12,96.12,21.0,96.12,5
2026-06-04T06:00:00Z,96.12,96.12,96.12,96.12,911.0,96.12,52
2026-06-04T06:15:00Z,96.12,96.125,96.115,96.125,1252.0,96.12,25
2026-06-04T06:30:00Z,96.12,96.13,96.12,96.125,2118.0,96.126,60
2026-06-04T06:45:00Z,96.125,96.125,96.12,96.12,544.0,96.124,71
2026-06-04T07:00:00Z,96.12,96.125,96.115,96.12,1458.0,96.12,59
2026-06-04T07:15:00Z,96.125,96.125,96.12,96.12,407.0,96.125,12
2026-06-04T07:30:00Z,96.12,96.12,96.11,96.115,2415.0,96.117,82
2026-06-04T07:45:00Z,96.115,96.12,96.115,96.12,4033.0,96.1195,82
2026-06-04T08:00:00Z,96.12,96.125,96.115,96.115,1808.0,96.1205,65
2026-06-04T08:15:00Z,96.12,96.125,96.12,96.125,3019.0,96.1215,72
2026-06-04T08:30:00Z,96.125,96.125,96.12,96.125,929.0,96.125,21
2026-06-04T08:45:00Z,96.12,96.125,96.12,96.12,1716.0,96.1245,177
2026-06-04T09:00:00Z,96.12,96.13,96.12,96.13,1989.0,96.1295,105
2026-06-04T09:15:00Z,96.125,96.13,96.125,96.125,192.0,96.1285,20
2026-06-04T09:30:00Z,96.13,96.135,96.125,96.13,2485.0,96.13,81
2026-06-04T09:45:00Z,96.135,96.135,96.135,96.135,5357.0,96.135,136
2026-06-04T10:00:00Z,96.135,96.135,96.13,96.135,2686.0,96.1345,108
2026-06-04T10:15:00Z,96.135,96.14,96.13,96.135,2534.0,96.135,80
2026-06-04T10:30:00Z,96.135,96.135,96.13,96.135,1886.0,96.135,50
2026-06-04T10:45:00Z,96.135,96.135,96.135,96.135,771.0,96.135,14
2026-06-04T11:00:00Z,96.14,96.145,96.135,96.145,850.0,96.1405,38
2026-06-04T11:15:00Z,96.145,96.145,96.14,96.14,5378.0,96.145,90
2026-06-04T11:30:00Z,96.14,96.15,96.14,96.145,9652.0,96.146,136
2026-06-04T11:45:00Z,96.145,96.15,96.145,96.15,4218.0,96.149,90
2026-06-04T12:00:00Z,96.15,96.155,96.135,96.135,6441.0,96.145,146
2026-06-04T12:15:00Z,96.14,96.15,96.14,96.15,4411.0,96.1465,150
2026-06-04T12:30:00Z,96.15,96.155,96.145,96.155,5767.0,96.1495,252
2026-06-04T12:45:00Z,96.15,96.155,96.145,96.155,6542.0,96.152,204
2026-06-04T13:00:00Z,96.15,96.155,96.15,96.15,4061.0,96.15,204
2026-06-04T13:15:00Z,96.15,96.15,96.145,96.15,2563.0,96.1475,155
2026-06-04T13:30:00Z,96.15,96.15,96.145,96.145,1438.0,96.1465,87
2026-06-04T13:45:00Z,96.145,96.155,96.145,96.155,8022.0,96.1525,177
2026-06-04T14:00:00Z,96.155,96.16,96.15,96.155,5676.0,96.1565,254
2026-06-04T14:15:00Z,96.155,96.155,96.145,96.145,7852.0,96.15,200
2026-06-04T14:30:00Z,96.145,96.15,96.14,96.145,4535.0,96.145,193
2026-06-04T14:45:00Z,96.145,96.15,96.145,96.145,324.0,96.1495,31
2026-06-04T15:00:00Z,96.145,96.15,96.14,96.145,3605.0,96.145,126
2026-06-04T15:15:00Z,96.145,96.15,96.145,96.145,954.0,96.1455,99
2026-06-04T15:30:00Z,96.145,96.145,96.14,96.145,3681.0,96.145,149
2026-06-04T15:45:00Z,96.145,96.15,96.145,96.145,974.0,96.146,49
2026-06-04T16:00:00Z,96.145,96.155,96.145,96.15,4833.0,96.1495,166
2026-06-04T16:15:00Z,96.15,96.15,96.145,96.145,322.0,96.1485,34
2026-06-04T16:30:00Z,96.145,96.15,96.145,96.145,3171.0,96.149,55
2026-06-04T16:45:00Z,96.145,96.145,96.145,96.145,718.0,96.145,84
2026-06-04T17:00:00Z,96.145,96.15,96.14,96.145,4770.0,96.145,134
2026-06-04T17:15:00Z,96.145,96.145,96.145,96.145,241.0,96.145,34
2026-06-04T17:30:00Z,96.145,96.15,96.145,96.145,3151.0,96.15,158
2026-06-04T17:45:00Z,96.15,96.15,96.145,96.15,2721.0,96.15,153
2026-06-04T18:00:00Z,96.15,96.15,96.145,96.15,2868.0,96.15,123
2026-06-04T18:15:00Z,96.15,96.155,96.145,96.15,2743.0,96.15,92
2026-06-04T18:30:00Z,96.15,96.155,96.145,96.15,2082.0,96.15,98
2026-06-04T18:45:00Z,96.15,96.155,96.145,96.145,3593.0,96.15,192
2026-06-04T19:00:00Z,96.15,96.155,96.145,96.155,2213.0,96.15,71
2026-06-04T19:15:00Z,96.15,96.155,96.15,96.15,409.0,96.1505,34
2026-06-04T19:30:00Z,96.15,96.15,96.145,96.145,2357.0,96.15,76
2026-06-04T19:45:00Z,96.145,96.15,96.145,96.15,2898.0,96.149,105
2026-06-04T20:00:00Z,96.15,96.155,96.15,96.15,3495.0,96.15,122
2026-06-04T20:15:00Z,96.15,96.155,96.145,96.155,4121.0,96.15,138
2026-06-04T20:30:00Z,96.155,96.16,96.15,96.155,3183.0,96.1545,128
2026-06-04T20:45:00Z,96.155,96.16,96.15,96.15,7514.0,96.155,115
2026-06-04T22:00:00Z,96.155,96.155,96.15,96.15,82.0,96.1505,7
2026-06-04T22:15:00Z,96.155,96.155,96.155,96.155,50.0,96.155,25
2026-06-04T22:30:00Z,96.155,96.16,96.155,96.16,527.0,96.155,7
2026-06-04T22:45:00Z,96.155,96.16,96.155,96.16,159.0,96.155,3
2026-06-04T23:00:00Z,96.155,96.155,96.155,96.155,265.0,96.155,2
2026-06-04T23:15:00Z,96.155,96.155,96.155,96.155,0.0,96.155,0
2026-06-04T23:30:00Z,96.155,96.155,96.155,96.155,0.0,96.155,0
2026-06-04T23:45:00Z,96.155,96.155,96.155,96.155,100.0,96.155,1
2026-06-05T00:00:00Z,96.155,96.155,96.15,96.15,108.0,96.1545,7
2026-06-05T00:15:00Z,96.15,96.15,96.15,96.15,762.0,96.15,25
2026-06-05T00:30:00Z,96.155,96.155,96.15,96.155,2361.0,96.155,52
2026-06-05T00:45:00Z,96.155,96.16,96.155,96.16,286.0,96.1555,21
2026-06-05T01:00:00Z,96.16,96.16,96.16,96.16,0.0,96.16,0
2026-06-05T01:15:00Z,96.155,96.16,96.15,96.155,3336.0,96.155,100
2026-06-05T01:30:00Z,96.155,96.155,96.155,96.155,1791.0,96.155,103
2026-06-05T01:45:00Z,96.155,96.155,96.155,96.155,751.0,96.155,95
2026-06-05T02:00:00Z,96.155,96.155,96.155,96.155,1376.0,96.155,33
2026-06-05T02:15:00Z,96.155,96.155,96.155,96.155,700.0,96.155,13
2026-06-05T02:30:00Z,96.15,96.15,96.15,96.15,13.0,96.15,1
2026-06-05T02:45:00Z,96.15,96.15,96.15,96.15,200.0,96.15,1
2026-06-05T03:00:00Z,96.15,96.15,96.15,96.15,21.0,96.15,11
2026-06-05T03:15:00Z,96.155,96.155,96.15,96.15,934.0,96.1545,5
2026-06-05T03:30:00Z,96.15,96.15,96.15,96.15,0.0,96.15,0
2026-06-05T03:45:00Z,96.155,96.155,96.155,96.155,100.0,96.155,2
2026-06-05T04:00:00Z,96.155,96.155,96.155,96.155,909.0,96.155,19
2026-06-05T04:15:00Z,96.155,96.155,96.155,96.155,18.0,96.155,4
2026-06-05T04:30:00Z,96.155,96.155,96.155,96.155,1113.0,96.155,56
2026-06-05T04:45:00Z,96.155,96.155,96.155,96.155,1223.0,96.155,17
2026-06-05T05:00:00Z,96.155,96.155,96.155,96.155,457.0,96.155,6
2026-06-05T05:15:00Z,96.155,96.155,96.15,96.155,419.0,96.1545,8
2026-06-05T05:30:00Z,96.155,96.155,96.155,96.155,109.0,96.155,2
2026-06-05T05:45:00Z,96.16,96.16,96.16,96.16,355.0,96.16,2
2026-06-05T06:00:00Z,96.16,96.16,96.16,96.16,623.0,96.16,20
2026-06-05T06:15:00Z,96.16,96.16,96.155,96.155,72.0,96.155,4
2026-06-05T06:30:00Z,96.16,96.16,96.155,96.16,3121.0,96.16,32
2026-06-05T06:45:00Z,96.16,96.16,96.155,96.155,1833.0,96.16,52
2026-06-05T07:00:00Z,96.155,96.16,96.155,96.16,2187.0,96.16,99
2026-06-05T07:15:00Z,96.165,96.17,96.165,96.165,1348.0,96.165,57
2026-06-05T07:30:00Z,96.165,96.165,96.16,96.16,929.0,96.1635,65
2026-06-05T07:45:00Z,96.16,96.16,96.16,96.16,974.0,96.16,34
2026-06-05T08:00:00Z,96.16,96.165,96.16,96.16,169.0,96.16,5
2026-06-05T08:15:00Z,96.16,96.165,96.16,96.16,2543.0,96.16,93
2026-06-05T08:30:00Z,96.16,96.16,96.16,96.16,2292.0,96.16,15
2026-06-05T08:45:00Z,96.165,96.165,96.16,96.16,341.0,96.165,2
2026-06-05T09:00:00Z,96.16,96.17,96.16,96.165,8946.0,96.1635,338
2026-06-05T09:15:00Z,96.165,96.165,96.165,96.165,2798.0,96.165,93
2026-06-05T09:30:00Z,96.16,96.16,96.16,96.16,268.0,96.16,20
2026-06-05T09:45:00Z,96.16,96.16,96.16,96.16,17011.0,96.16,255
2026-06-05T10:00:00Z,96.16,96.16,96.155,96.155,7508.0,96.159,87
2026-06-05T10:15:00Z,96.155,96.155,96.155,96.155,1171.0,96.155,49
2026-06-05T10:30:00Z,96.155,96.16,96.155,96.155,1407.0,96.155,41
2026-06-05T10:45:00Z,96.155,96.16,96.155,96.16,2300.0,96.16,10
2026-06-05T11:00:00Z,96.155,96.165,96.155,96.16,1397.0,96.1605,26
2026-06-05T11:15:00Z,96.16,96.165,96.16,96.165,3000.0,96.16,80
2026-06-05T11:30:00Z,96.16,96.165,96.155,96.155,7357.0,96.1575,211
2026-06-05T11:45:00Z,96.155,96.16,96.155,96.155,4113.0,96.155,108
2026-06-05T12:00:00Z,96.16,96.165,96.155,96.16,6191.0,96.16,155
2026-06-05T12:15:00Z,96.16,96.165,96.155,96.155,12839.0,96.1595,484
2026-06-05T12:30:00Z,96.16,96.16,96.055,96.06,104465.0,96.078,1614
2026-06-05T12:45:00Z,96.06,96.06,96.03,96.035,43891.0,96.047,1335
2026-06-05T13:00:00Z,96.04,96.06,96.035,96.055,35067.0,96.05,726
2026-06-05T13:15:00Z,96.055,96.06,96.045,96.05,16677.0,96.0535,486
2026-06-05T13:30:00Z,96.05,96.06,96.05,96.055,12203.0,96.0535,203
2026-06-05T13:45:00Z,96.055,96.06,96.045,96.045,16621.0,96.054,336
2026-06-05T14:00:00Z,96.045,96.065,96.045,96.05,21459.0,96.0535,474
2026-06-05T14:15:00Z,96.05,96.055,96.04,96.05,20520.0,96.0475,1694
2026-06-05T14:30:00Z,96.05,96.055,96.035,96.04,12720.0,96.0455,183
2026-06-05T14:45:00Z,96.04,96.05,96.04,96.05,14108.0,96.046,238
2026-06-05T15:00:00Z,96.05,96.05,96.04,96.04,10076.0,96.0435,194
2026-06-05T15:15:00Z,96.045,96.045,96.035,96.04,10145.0,96.04,110
2026-06-05T15:30:00Z,96.04,96.045,96.035,96.04,10069.0,96.0415,177
2026-06-05T15:45:00Z,96.045,96.045,96.035,96.04,975.0,96.04,49
2026-06-05T16:00:00Z,96.04,96.04,96.025,96.03,11963.0,96.0315,217
2026-06-05T16:15:00Z,96.03,96.03,96.015,96.025,17907.0,96.021,383
2026-06-05T16:30:00Z,96.025,96.03,96.025,96.03,5306.0,96.0295,139
2026-06-05T16:45:00Z,96.03,96.045,96.03,96.04,18563.0,96.0395,292
2026-06-05T17:00:00Z,96.04,96.045,96.035,96.04,6559.0,96.04,145
2026-06-05T17:15:00Z,96.035,96.04,96.03,96.03,10338.0,96.0335,229
2026-06-05T17:30:00Z,96.03,96.035,96.025,96.03,3869.0,96.03,156
2026-06-05T17:45:00Z,96.025,96.03,96.02,96.02,11693.0,96.024,159
2026-06-05T18:00:00Z,96.025,96.025,96.015,96.025,6139.0,96.023,188
2026-06-05T18:15:00Z,96.025,96.035,96.025,96.035,1545.0,96.032,37
2026-06-05T18:30:00Z,96.035,96.035,96.03,96.03,4162.0,96.0345,86
2026-06-05T18:45:00Z,96.03,96.04,96.03,96.04,6463.0,96.036,272
2026-06-05T19:00:00Z,96.035,96.045,96.03,96.03,8688.0,96.0365,211
2026-06-05T19:15:00Z,96.035,96.04,96.035,96.035,6636.0,96.036,86
2026-06-05T19:30:00Z,96.035,96.04,96.03,96.035,2384.0,96.035,44
2026-06-05T19:45:00Z,96.035,96.04,96.03,96.04,2320.0,96.035,94
2026-06-05T20:00:00Z,96.035,96.04,96.035,96.035,1882.0,96.039,22
2026-06-05T20:15:00Z,96.04,96.045,96.04,96.04,5973.0,96.0425,66
2026-06-05T20:30:00Z,96.045,96.055,96.045,96.05,10027.0,96.051,158
2026-06-05T20:45:00Z,96.05,96.055,96.045,96.05,2352.0,96.0505,117
2026-06-07T22:00:00Z,96.02,96.025,96.005,96.01,10142.0,96.013,198
2026-06-07T22:15:00Z,96.005,96.015,96.005,96.01,1914.0,96.01,33
2026-06-07T22:30:00Z,96.01,96.015,96.01,96.01,1021.0,96.01,19
2026-06-07T22:45:00Z,96.01,96.015,96.005,96.005,3038.0,96.0115,35
2026-06-07T23:00:00Z,96.01,96.01,96.005,96.005,1424.0,96.0095,58
2026-06-07T23:15:00Z,96.01,96.01,96.005,96.01,153.0,96.0095,22
2026-06-07T23:30:00Z,96.015,96.015,96.01,96.015,194.0,96.0145,10
2026-06-07T23:45:00Z,96.015,96.02,96.015,96.015,1059.0,96.019,19
2026-06-08T00:00:00Z,96.02,96.02,96.02,96.02,1651.0,96.02,21
2026-06-08T00:15:00Z,96.02,96.02,96.015,96.015,540.0,96.0195,11
2026-06-08T00:30:00Z,96.015,96.015,96.01,96.015,674.0,96.012,16
2026-06-08T00:45:00Z,96.015,96.015,96.01,96.01,206.0,96.015,8
2026-06-08T01:00:00Z,96.015,96.015,96.005,96.005,938.0,96.012,23
2026-06-08T01:15:00Z,96.005,96.005,95.995,96.0,4709.0,96.001,133
2026-06-08T01:30:00Z,96.0,96.0,95.995,96.0,3451.0,96.0,40
2026-06-08T01:45:00Z,96.005,96.01,96.005,96.005,2360.0,96.0055,39
2026-06-08T02:00:00Z,96.005,96.005,96.0,96.0,544.0,96.0025,13
2026-06-08T02:15:00Z,96.0,96.0,95.995,95.995,592.0,96.0,24
2026-06-08T02:30:00Z,95.995,96.0,95.995,96.0,1128.0,95.9985,38
2026-06-08T02:45:00Z,96.0,96.005,96.0,96.0,1408.0,96.0005,14
2026-06-08T03:00:00Z,96.0,96.0,96.0,96.0,930.0,96.0,22
2026-06-08T03:15:00Z,96.0,96.0,96.0,96.0,151.0,96.0,8
2026-06-08T03:30:00Z,96.0,96.0,96.0,96.0,0.0,96.0,0
2026-06-08T03:45:00Z,96.0,96.0,96.0,96.0,0.0,96.0,0
2026-06-08T04:00:00Z,96.005,96.005,96.005,96.005,655.0,96.005,12
2026-06-08T04:15:00Z,96.005,96.01,96.005,96.01,262.0,96.008,3
2026-06-08T04:30:00Z,96.005,96.005,96.005,96.005,377.0,96.005,11
2026-06-08T04:45:00Z,96.0,96.005,96.0,96.005,366.0,96.001,11
2026-06-08T05:00:00Z,96.005,96.005,96.005,96.005,24.0,96.005,2
2026-06-08T05:15:00Z,96.005,96.005,96.005,96.005,772.0,96.005,16
2026-06-08T05:30:00Z,96.005,96.005,96.0,96.0,330.0,96.003,21
2026-06-08T05:45:00Z,96.0,96.0,96.0,96.0,570.0,96.0,19
2026-06-08T06:00:00Z,96.0,96.0,95.995,95.995,1691.0,95.9975,25
2026-06-08T06:15:00Z,95.995,96.0,95.995,96.0,2243.0,96.0,26
2026-06-08T06:30:00Z,96.0,96.0,95.995,95.995,4237.0,95.9985,63
2026-06-08T06:45:00Z,95.995,96.0,95.995,95.995,1766.0,95.9955,24
2026-06-08T07:00:00Z,96.0,96.01,96.0,96.01,6152.0,96.002,85
2026-06-08T07:15:00Z,96.005,96.015,96.005,96.015,4879.0,96.0095,62
2026-06-08T07:30:00Z,96.015,96.015,96.01,96.01,6356.0,96.012,167
2026-06-08T07:45:00Z,96.01,96.015,96.005,96.01,723.0,96.0105,21
2026-06-08T08:00:00Z,96.01,96.01,96.0,96.005,4202.0,96.006,379
2026-06-08T08:15:00Z,96.005,96.01,96.0,96.0,1668.0,96.005,61
2026-06-08T08:30:00Z,96.005,96.005,96.0,96.0,1119.0,96.0005,34
2026-06-08T08:45:00Z,96.0,96.005,95.995,96.005,866.0,95.9985,34
2026-06-08T09:00:00Z,96.0,96.005,96.0,96.0,2761.0,96.001,60
2026-06-08T09:15:00Z,96.0,96.005,96.0,96.005,2543.0,96.001,40
2026-06-08T09:30:00Z,96.005,96.015,96.005,96.015,4876.0,96.0125,152
2026-06-08T09:45:00Z,96.015,96.015,96.015,96.015,2414.0,96.015,55
2026-06-08T10:00:00Z,96.015,96.02,96.01,96.015,2560.0,96.0135,74
2026-06-08T10:15:00Z,96.015,96.015,96.015,96.015,1648.0,96.015,28
2026-06-08T10:30:00Z,96.015,96.035,96.015,96.025,10987.0,96.025,361
2026-06-08T10:45:00Z,96.025,96.025,96.02,96.025,3142.0,96.0205,37
2026-06-08T11:00:00Z,96.025,96.03,96.015,96.03,4464.0,96.0225,77
2026-06-08T11:15:00Z,96.035,96.035,96.025,96.03,9594.0,96.031,189
2026-06-08T11:30:00Z,96.035,96.035,96.03,96.03,4046.0,96.035,73
2026-06-08T11:45:00Z,96.03,96.04,96.03,96.035,3221.0,96.035,68
2026-06-08T12:00:00Z,96.04,96.04,96.03,96.035,5397.0,96.035,171
2026-06-08T12:15:00Z,96.035,96.055,96.03,96.055,26825.0,96.046,280
2026-06-08T12:30:00Z,96.055,96.06,96.045,96.055,12910.0,96.05,301
2026-06-08T12:45:00Z,96.055,96.055,96.045,96.045,7099.0,96.0485,89
2026-06-08T13:00:00Z,96.05,96.05,96.045,96.05,5945.0,96.0475,97
2026-06-08T13:15:00Z,96.045,96.06,96.045,96.055,14367.0,96.055,277
2026-06-08T13:30:00Z,96.06,96.06,96.05,96.05,1852.0,96.0545,80
2026-06-08T13:45:00Z,96.05,96.055,96.045,96.045,4264.0,96.05,75
2026-06-08T14:00:00Z,96.045,96.055,96.045,96.045,7018.0,96.0465,120
2026-06-08T14:15:00Z,96.045,96.045,96.04,96.045,4173.0,96.0435,156
2026-06-08T14:30:00Z,96.045,96.045,96.03,96.035,13042.0,96.0375,200
2026-06-08T14:45:00Z,96.035,96.04,96.035,96.04,5593.0,96.035,202
2026-06-08T15:00:00Z,96.04,96.045,96.04,96.04,7084.0,96.042,187
2026-06-08T15:15:00Z,96.04,96.045,96.035,96.04,2509.0,96.0415,136
2026-06-08T15:30:00Z,96.04,96.04,96.03,96.035,1936.0,96.0345,53
2026-06-08T15:45:00Z,96.03,96.035,96.03,96.035,1380.0,96.0335,91
2026-06-08T16:00:00Z,96.035,96.035,96.03,96.03,1257.0,96.03,98
2026-06-08T16:15:00Z,96.035,96.035,96.03,96.03,1603.0,96.0305,42
2026-06-08T16:30:00Z,96.035,96.035,96.025,96.03,3204.0,96.03,114
2026-06-08T16:45:00Z,96.03,96.04,96.03,96.03,2603.0,96.034,153
2026-06-08T17:00:00Z,96.035,96.035,96.03,96.035,2268.0,96.035,133
2026-06-08T17:15:00Z,96.035,96.035,96.03,96.035,2360.0,96.035,69
2026-06-08T17:30:00Z,96.03,96.035,96.03,96.035,180.0,96.0315,72
2026-06-08T17:45:00Z,96.035,96.04,96.035,96.035,2087.0,96.0355,65
2026-06-08T18:00:00Z,96.04,96.04,96.035,96.04,950.0,96.0385,106
2026-06-08T18:15:00Z,96.04,96.04,96.035,96.04,9358.0,96.04,184
2026-06-08T18:30:00Z,96.04,96.04,96.04,96.04,3260.0,96.04,87
2026-06-08T18:45:00Z,96.04,96.04,96.03,96.035,2106.0,96.035,168
2026-06-08T19:00:00Z,96.03,96.04,96.03,96.035,4850.0,96.035,83
2026-06-08T19:15:00Z,96.035,96.04,96.035,96.035,1329.0,96.035,29
2026-06-08T19:30:00Z,96.035,96.035,96.03,96.035,238.0,96.032,48
2026-06-08T19:45:00Z,96.035,96.04,96.03,96.03,5088.0,96.034,119
2026-06-08T20:00:00Z,96.03,96.035,96.03,96.03,2361.0,96.0315,66
2026-06-08T20:15:00Z,96.03,96.035,96.025,96.03,1222.0,96.03,73
2026-06-08T20:30:00Z,96.035,96.035,96.025,96.03,657.0,96.0295,48
2026-06-08T20:45:00Z,96.03,96.03,96.025,96.025,5513.0,96.025,84
2026-06-08T22:00:00Z,96.03,96.03,96.02,96.025,648.0,96.025,39
2026-06-08T22:15:00Z,96.025,96.025,96.025,96.025,0.0,96.025,0
2026-06-08T22:30:00Z,96.025,96.025,96.025,96.025,0.0,96.025,0
2026-06-08T22:45:00Z,96.025,96.025,96.025,96.025,0.0,96.025,0
2026-06-08T23:00:00Z,96.025,96.025,96.025,96.025,0.0,96.025,0
2026-06-08T23:15:00Z,96.025,96.025,96.025,96.025,0.0,96.025,0
2026-06-08T23:30:00Z,96.025,96.03,96.025,96.025,10.0,96.0275,6
2026-06-08T23:45:00Z,96.025,96.025,96.025,96.025,0.0,96.025,0
2026-06-09T00:00:00Z,96.025,96.025,96.025,96.025,957.0,96.025,22
2026-06-09T00:15:00Z,96.02,96.02,96.02,96.02,248.0,96.02,11
2026-06-09T00:30:00Z,96.015,96.02,96.015,96.02,209.0,96.02,17
2026-06-09T00:45:00Z,96.02,96.02,96.02,96.02,268.0,96.02,28
2026-06-09T01:00:00Z,96.02,96.02,96.02,96.02,443.0,96.02,13
2026-06-09T01:15:00Z,96.02,96.02,96.02,96.02,319.0,96.02,12
2026-06-09T01:30:00Z,96.02,96.02,96.02,96.02,0.0,96.02,0
2026-06-09T01:45:00Z,96.02,96.02,96.02,96.02,0.0,96.02,0
2026-06-09T02:00:00Z,96.025,96.025,96.025,96.025,10.0,96.025,1
2026-06-09T02:15:00Z,96.025,96.025,96.025,96.025,71.0,96.025,6
2026-06-09T02:30:00Z,96.025,96.03,96.025,96.03,2246.0,96.025,30
2026-06-09T02:45:00Z,96.03,96.03,96.03,96.03,4.0,96.03,2
2026-06-09T03:00:00Z,96.03,96.035,96.03,96.03,441.0,96.03,8
2026-06-09T03:15:00Z,96.03,96.03,96.03,96.03,413.0,96.03,7
2026-06-09T03:30:00Z,96.03,96.03,96.03,96.03,423.0,96.03,25
2026-06-09T03:45:00Z,96.03,96.03,96.03,96.03,2524.0,96.03,24
2026-06-09T04:00:00Z,96.03,96.03,96.03,96.03,0.0,96.03,0
2026-06-09T04:15:00Z,96.03,96.03,96.03,96.03,0.0,96.03,0
2026-06-09T04:30:00Z,96.03,96.035,96.03,96.035,279.0,96.032,4
2026-06-09T04:45:00Z,96.035,96.035,96.035,96.035,1470.0,96.035,15
2026-06-09T05:00:00Z,96.035,96.035,96.035,96.035,1088.0,96.035,52
2026-06-09T05:15:00Z,96.035,96.035,96.035,96.035,951.0,96.035,16
2026-06-09T05:30:00Z,96.035,96.035,96.035,96.035,275.0,96.035,22
2026-06-09T05:45:00Z,96.035,96.035,96.035,96.035,40.0,96.035,1
2026-06-09T06:00:00Z,96.04,96.04,96.04,96.04,2409.0,96.04,6
2026-06-09T06:15:00Z,96.045,96.045,96.04,96.04,367.0,96.044,9
2026-06-09T06:30:00Z,96.04,96.04,96.04,96.04,2437.0,96.04,30
2026-06-09T06:45:00Z,96.04,96.045,96.04,96.04,1462.0,96.04,22
2026-06-09T07:00:00Z,96.04,96.045,96.04,96.04,325.0,96.0415,14
2026-06-09T07:15:00Z,96.04,96.045,96.04,96.045,288.0,96.0415,22
2026-06-09T07:30:00Z,96.045,96.045,96.04,96.04,701.0,96.045,24
2026-06-09T07:45:00Z,96.045,96.045,96.04,96.04,369.0,96.044,20
2026-06-09T08:00:00Z,96.04,96.04,96.04,96.04,1554.0,96.04,29
2026-06-09T08:15:00Z,96.04,96.045,96.04,96.045,2042.0,96.04,29
2026-06-09T08:30:00Z,96.045,96.045,96.04,96.045,1465.0,96.045,32
2026-06-09T08:45:00Z,96.045,96.045,96.04,96.045,1074.0,96.0445,13
2026-06-09T09:00:00Z,96.04,96.045,96.04,96.045,823.0,96.045,14
2026-06-09T09:15:00Z,96.045,96.045,96.04,96.045,637.0,96.044,24
2026-06-09T09:30:00Z,96.04,96.045,96.04,96.045,156.0,96.043,10
2026-06-09T09:45:00Z,96.04,96.045,96.04,96.04,925.0,96.042,20
2026-06-09T10:00:00Z,96.04,96.04,96.04,96.04,1897.0,96.04,45
2026-06-09T10:15:00Z,96.04,96.04,96.04,96.04,74.0,96.04,4
2026-06-09T10:30:00Z,96.04,96.04,96.04,96.04,109.0,96.04,6
2026-06-09T10:45:00Z,96.045,96.05,96.045,96.05,4188.0,96.0455,61
2026-06-09T11:00:00Z,96.05,96.055,96.05,96.055,3763.0,96.05,56
2026-06-09T11:15:00Z,96.055,96.06,96.05,96.055,3896.0,96.055,122
2026-06-09T11:30:00Z,96.055,96.06,96.05,96.05,4041.0,96.055,134
2026-06-09T11:45:00Z,96.055,96.06,96.05,96.055,1297.0,96.0545,52
2026-06-09T12:00:00Z,96.05,96.055,96.05,96.055,4130.0,96.054,110
2026-06-09T12:15:00Z,96.055,96.06,96.05,96.055,6583.0,96.0545,162
2026-06-09T12:30:00Z,96.055,96.06,96.05,96.055,6913.0,96.0555,255
2026-06-09T12:45:00Z,96.05,96.055,96.05,96.05,4944.0,96.0505,189
2026-06-09T13:00:00Z,96.055,96.06,96.05,96.06,26164.0,96.0545,456
2026-06-09T13:15:00Z,96.055,96.06,96.05,96.055,17013.0,96.0525,260
2026-06-09T13:30:00Z,96.055,96.06,96.05,96.055,25072.0,96.0585,251
2026-06-09T13:45:00Z,96.055,96.06,96.05,96.055,7626.0,96.0555,225
2026-06-09T14:00:00Z,96.055,96.06,96.05,96.055,6047.0,96.0555,260
2026-06-09T14:15:00Z,96.055,96.06,96.05,96.06,3402.0,96.055,180
2026-06-09T14:30:00Z,96.06,96.06,96.05,96.05,3298.0,96.055,113
2026-06-09T14:45:00Z,96.055,96.055,96.045,96.045,11787.0,96.05,238
2026-06-09T15:00:00Z,96.05,96.055,96.05,96.05,7744.0,96.05,187
2026-06-09T15:15:00Z,96.055,96.055,96.045,96.05,1944.0,96.048,70
2026-06-09T15:30:00Z,96.05,96.05,96.04,96.05,20180.0,96.0455,274
2026-06-09T15:45:00Z,96.05,96.065,96.045,96.06,14645.0,96.0555,285
2026-06-09T16:00:00Z,96.06,96.065,96.055,96.065,26127.0,96.06,575
2026-06-09T16:15:00Z,96.065,96.07,96.06,96.065,17492.0,96.066,497
2026-06-09T16:30:00Z,96.065,96.07,96.04,96.05,27277.0,96.049,912
2026-06-09T16:45:00Z,96.05,96.06,96.05,96.06,8400.0,96.054,146
2026-06-09T17:00:00Z,96.055,96.06,96.05,96.055,4119.0,96.0555,204
2026-06-09T17:15:00Z,96.06,96.07,96.06,96.065,7590.0,96.0615,120
2026-06-09T17:30:00Z,96.065,96.065,96.06,96.065,939.0,96.0645,40
2026-06-09T17:45:00Z,96.065,96.07,96.065,96.07,5831.0,96.065,228
2026-06-09T18:00:00Z,96.065,96.065,96.06,96.06,1736.0,96.062,63
2026-06-09T18:15:00Z,96.06,96.065,96.06,96.065,1589.0,96.065,45
2026-06-09T18:30:00Z,96.065,96.065,96.06,96.065,920.0,96.064,89
2026-06-09T18:45:00Z,96.065,96.065,96.06,96.065,2494.0,96.061,202
2026-06-09T19:00:00Z,96.065,96.07,96.06,96.065,3488.0,96.065,148
2026-06-09T19:15:00Z,96.07,96.07,96.06,96.065,1641.0,96.065,159
2026-06-09T19:30:00Z,96.065,96.07,96.06,96.065,3575.0,96.065,188
2026-06-09T19:45:00Z,96.065,96.065,96.06,96.06,832.0,96.0615,114
2026-06-09T20:00:00Z,96.065,96.07,96.06,96.07,6119.0,96.065,166
2026-06-09T20:15:00Z,96.07,96.07,96.065,96.07,1025.0,96.067,136
2026-06-09T20:30:00Z,96.07,96.07,96.065,96.07,5658.0,96.065,362
2026-06-09T20:45:00Z,96.065,96.07,96.065,96.07,2491.0,96.069,151
2026-06-09T22:00:00Z,96.06,96.065,96.06,96.065,1540.0,96.0625,62
2026-06-09T22:15:00Z,96.065,96.065,96.065,96.065,0.0,96.065,0
2026-06-09T22:30:00Z,96.065,96.065,96.06,96.06,396.0,96.061,7
2026-06-09T22:45:00Z,96.06,96.06,96.055,96.055,838.0,96.055,10
2026-06-09T23:00:00Z,96.055,96.055,96.055,96.055,271.0,96.055,8
2026-06-09T23:15:00Z,96.055,96.055,96.05,96.05,405.0,96.0545,3
2026-06-09T23:30:00Z,96.05,96.05,96.05,96.05,2067.0,96.05,11
2026-06-09T23:45:00Z,96.05,96.055,96.05,96.05,52.0,96.0505,3
2026-06-10T00:00:00Z,96.05,96.055,96.05,96.055,769.0,96.05,28
2026-06-10T00:15:00Z,96.05,96.05,96.045,96.045,770.0,96.046,16
2026-06-10T00:30:00Z,96.045,96.05,96.045,96.045,1530.0,96.045,29
2026-06-10T00:45:00Z,96.04,96.045,96.04,96.04,2457.0,96.041,13
2026-06-10T01:00:00Z,96.04,96.045,96.04,96.045,150.0,96.0415,9
2026-06-10T01:15:00Z,96.045,96.05,96.045,96.045,957.0,96.045,19
2026-06-10T01:30:00Z,96.045,96.045,96.045,96.045,55.0,96.045,4
2026-06-10T01:45:00Z,96.045,96.045,96.045,96.045,523.0,96.045,22
2026-06-10T02:00:00Z,96.045,96.045,96.045,96.045,369.0,96.045,18
2026-06-10T02:15:00Z,96.045,96.045,96.045,96.045,0.0,96.045,0
2026-06-10T02:30:00Z,96.05,96.05,96.05,96.05,2913.0,96.05,26
2026-06-10T02:45:00Z,96.05,96.05,96.05,96.05,50.0,96.05,3
2026-06-10T03:00:00Z,96.05,96.05,96.045,96.045,277.0,96.05,3
2026-06-10T03:15:00Z,96.045,96.045,96.045,96.045,0.0,96.045,0
2026-06-10T03:30:00Z,96.045,96.045,96.045,96.045,589.0,96.045,26
2026-06-10T03:45:00Z,96.045,96.045,96.045,96.045,253.0,96.045,9
2026-06-10T04:00:00Z,96.045,96.045,96.045,96.045,300.0,96.045,6
2026-06-10T04:15:00Z,96.045,96.045,96.045,96.045,159.0,96.045,12
2026-06-10T04:30:00Z,96.045,96.045,96.045,96.045,392.0,96.045,43
2026-06-10T04:45:00Z,96.045,96.045,96.045,96.045,230.0,96.045,8
2026-06-10T05:00:00Z,96.045,96.045,96.045,96.045,84.0,96.045,4
2026-06-10T05:15:00Z,96.045,96.05,96.045,96.05,2625.0,96.049,28
2026-06-10T05:30:00Z,96.055,96.055,96.055,96.055,264.0,96.055,5
2026-06-10T05:45:00Z,96.05,96.055,96.05,96.055,1170.0,96.054,2
2026-06-10T06:00:00Z,96.05,96.05,96.05,96.05,301.0,96.05,8
2026-06-10T06:15:00Z,96.055,96.06,96.055,96.055,2931.0,96.0565,40
2026-06-10T06:30:00Z,96.06,96.06,96.055,96.055,724.0,96.055,14
2026-06-10T06:45:00Z,96.055,96.055,96.055,96.055,765.0,96.055,13
2026-06-10T07:00:00Z,96.055,96.06,96.055,96.06,3087.0,96.059,17
2026-06-10T07:15:00Z,96.06,96.065,96.055,96.055,1655.0,96.0625,33
2026-06-10T07:30:00Z,96.06,96.06,96.055,96.055,103.0,96.0575,28
2026-06-10T07:45:00Z,96.055,96.06,96.055,96.055,2672.0,96.0595,42
2026-06-10T08:00:00Z,96.055,96.055,96.05,96.05,5432.0,96.055,87
2026-06-10T08:15:00Z,96.05,96.055,96.045,96.05,1622.0,96.053,58
2026-06-10T08:30:00Z,96.05,96.055,96.05,96.055,1291.0,96.0545,42
2026-06-10T08:45:00Z,96.055,96.055,96.05,96.055,2380.0,96.055,77
2026-06-10T09:00:00Z,96.055,96.06,96.055,96.055,2614.0,96.06,79
2026-06-10T09:15:00Z,96.055,96.06,96.05,96.05,541.0,96.0565,82
2026-06-10T09:30:00Z,96.055,96.06,96.05,96.055,735.0,96.0555,62
2026-06-10T09:45:00Z,96.055,96.065,96.055,96.06,1165.0,96.06,57
2026-06-10T10:00:00Z,96.06,96.065,96.055,96.06,1054.0,96.06,42
2026-06-10T10:15:00Z,96.06,96.065,96.06,96.06,1848.0,96.065,36
2026-06-10T10:30:00Z,96.065,96.065,96.06,96.065,3310.0,96.065,91
2026-06-10T10:45:00Z,96.065,96.07,96.06,96.065,6290.0,96.067,140
2026-06-10T11:00:00Z,96.065,96.07,96.04,96.055,12310.0,96.0515,428
2026-06-10T11:15:00Z,96.055,96.06,96.045,96.05,4072.0,96.056,225
2026-06-10T11:30:00Z,96.05,96.055,96.04,96.04,7848.0,96.0485,311
2026-06-10T11:45:00Z,96.04,96.05,96.04,96.045,13270.0,96.0475,326
2026-06-10T12:00:00Z,96.045,96.06,96.045,96.055,6498.0,96.0535,215
2026-06-10T12:15:00Z,96.055,96.06,96.045,96.055,17999.0,96.0545,326
2026-06-10T12:30:00Z,96.05,96.085,96.04,96.065,73646.0,96.0635,1177
2026-06-10T12:45:00Z,96.07,96.075,96.07,96.07,15580.0,96.0705,307
2026-06-10T13:00:00Z,96.07,96.07,96.06,96.065,30002.0,96.065,186
2026-06-10T13:15:00Z,96.07,96.07,96.065,96.065,4685.0,96.065,65
2026-06-10T13:30:00Z,96.07,96.07,96.065,96.07,10670.0,96.0675,174
2026-06-10T13:45:00Z,96.07,96.075,96.06,96.065,5414.0,96.068,133
2026-06-10T14:00:00Z,96.07,96.07,96.065,96.07,4185.0,96.0675,92
2026-06-10T14:15:00Z,96.065,96.07,96.065,96.07,2779.0,96.069,92
2026-06-10T14:30:00Z,96.07,96.07,96.065,96.07,747.0,96.0655,36
2026-06-10T14:45:00Z,96.07,96.07,96.065,96.065,8999.0,96.07,190
2026-06-10T15:00:00Z,96.065,96.07,96.065,96.065,11514.0,96.065,166
2026-06-10T15:15:00Z,96.065,96.07,96.06,96.07,10831.0,96.065,157
2026-06-10T15:30:00Z,96.065,96.065,96.065,96.065,9650.0,96.065,84
2026-06-10T15:45:00Z,96.065,96.065,96.045,96.06,24020.0,96.056,307
2026-06-10T16:00:00Z,96.06,96.06,96.055,96.06,3293.0,96.0555,107
2026-06-10T16:15:00Z,96.055,96.06,96.055,96.06,6193.0,96.06,26
2026-06-10T16:30:00Z,96.065,96.065,96.06,96.06,4504.0,96.0605,97
2026-06-10T16:45:00Z,96.065,96.065,96.055,96.06,1339.0,96.059,28
2026-06-10T17:00:00Z,96.055,96.065,96.055,96.06,4376.0,96.06,69
2026-06-10T17:15:00Z,96.06,96.06,96.055,96.055,6748.0,96.0555,69
2026-06-10T17:30:00Z,96.055,96.055,96.05,96.05,1064.0,96.0535,41
2026-06-10T17:45:00Z,96.055,96.06,96.05,96.06,11597.0,96.0535,197
2026-06-10T18:00:00Z,96.06,96.065,96.06,96.06,1048.0,96.061,68
2026-06-10T18:15:00Z,96.06,96.065,96.06,96.06,1154.0,96.0605,18
2026-06-10T18:30:00Z,96.065,96.065,96.06,96.065,2890.0,96.064,20
2026-06-10T18:45:00Z,96.065,96.065,96.06,96.06,2727.0,96.064,228
2026-06-10T19:00:00Z,96.065,96.065,96.055,96.06,5243.0,96.06,122
2026-06-10T19:15:00Z,96.06,96.06,96.055,96.06,2026.0,96.0595,36
2026-06-10T19:30:00Z,96.055,96.06,96.055,96.06,802.0,96.0565,13
2026-06-10T19:45:00Z,96.06,96.06,96.055,96.06,4024.0,96.0555,91
2026-06-10T20:00:00Z,96.055,96.06,96.055,96.055,1778.0,96.0555,43
2026-06-10T20:15:00Z,96.055,96.055,96.05,96.05,2376.0,96.053,95
2026-06-10T20:30:00Z,96.05,96.055,96.045,96.045,5207.0,96.05,150
2026-06-10T20:45:00Z,96.045,96.045,96.035,96.045,6328.0,96.04,162
2026-06-10T22:00:00Z,96.035,96.035,96.025,96.03,1972.0,96.0305,76
2026-06-10T22:15:00Z,96.03,96.03,96.03,96.03,209.0,96.03,5
2026-06-10T22:30:00Z,96.03,96.035,96.03,96.035,1304.0,96.035,35
2026-06-10T22:45:00Z,96.03,96.03,96.02,96.025,1786.0,96.028,15
2026-06-10T23:00:00Z,96.02,96.025,96.02,96.02,1317.0,96.021,53
2026-06-10T23:15:00Z,96.025,96.035,96.02,96.035,3909.0,96.0275,84
2026-06-10T23:30:00Z,96.03,96.035,96.03,96.035,1638.0,96.035,33
2026-06-10T23:45:00Z,96.035,96.035,96.03,96.035,427.0,96.035,25
2026-06-11T00:00:00Z,96.035,96.035,96.035,96.035,605.0,96.035,20
2026-06-11T00:15:00Z,96.035,96.04,96.035,96.04,1293.0,96.0395,29
2026-06-11T00:30:00Z,96.04,96.045,96.04,96.04,118.0,96.04,14
2026-06-11T00:45:00Z,96.04,96.04,96.04,96.04,984.0,96.04,27
2026-06-11T01:00:00Z,96.04,96.05,96.04,96.05,2823.0,96.045,65
2026-06-11T01:15:00Z,96.045,96.05,96.045,96.05,19.0,96.0455,3
2026-06-11T01:30:00Z,96.05,96.05,96.05,96.05,1.0,96.05,1
2026-06-11T01:45:00Z,96.05,96.05,96.05,96.05,76.0,96.05,3
2026-06-11T02:00:00Z,96.05,96.05,96.05,96.05,947.0,96.05,3
2026-06-11T02:15:00Z,96.045,96.05,96.045,96.05,41.0,96.0455,3
2026-06-11T02:30:00Z,96.05,96.05,96.05,96.05,324.0,96.05,4
2026-06-11T02:45:00Z,96.05,96.05,96.05,96.05,100.0,96.05,1
2026-06-11T03:00:00Z,96.05,96.05,96.045,96.045,18.0,96.047,3
2026-06-11T03:15:00Z,96.045,96.045,96.045,96.045,200.0,96.045,3
2026-06-11T03:30:00Z,96.045,96.045,96.045,96.045,564.0,96.045,7
2026-06-11T03:45:00Z,96.045,96.045,96.045,96.045,2.0,96.045,1
2026-06-11T04:00:00Z,96.045,96.045,96.045,96.045,0.0,96.045,0
2026-06-11T04:15:00Z,96.05,96.05,96.05,96.05,592.0,96.05,11
2026-06-11T04:30:00Z,96.05,96.055,96.05,96.055,338.0,96.0545,44
2026-06-11T04:45:00Z,96.06,96.06,96.06,96.06,229.0,96.06,8
2026-06-11T05:00:00Z,96.06,96.06,96.06,96.06,0.0,96.06,0
2026-06-11T05:15:00Z,96.055,96.055,96.055,96.055,4.0,96.055,1
2026-06-11T05:30:00Z,96.055,96.055,96.055,96.055,1121.0,96.055,9
2026-06-11T05:45:00Z,96.055,96.055,96.055,96.055,2511.0,96.055,28
2026-06-11T06:00:00Z,96.05,96.05,96.05,96.05,61.0,96.05,3
2026-06-11T06:15:00Z,96.05,96.055,96.05,96.055,522.0,96.05,5
2026-06-11T06:30:00Z,96.055,96.055,96.055,96.055,2.0,96.055,1
2026-06-11T06:45:00Z,96.05,96.05,96.05,96.05,1.0,96.05,1
2026-06-11T07:00:00Z,96.055,96.055,96.055,96.055,3114.0,96.055,61
2026-06-11T07:15:00Z,96.06,96.065,96.055,96.065,2789.0,96.06,36
2026-06-11T07:30:00Z,96.065,96.065,96.065,96.065,856.0,96.065,5
2026-06-11T07:45:00Z,96.065,96.065,96.055,96.06,2732.0,96.0605,24
2026-06-11T08:00:00Z,96.065,96.065,96.065,96.065,3.0,96.065,2
2026-06-11T08:15:00Z,96.065,96.065,96.06,96.06,1969.0,96.061,23
2026-06-11T08:30:00Z,96.06,96.065,96.06,96.06,268.0,96.06,19
2026-06-11T08:45:00Z,96.06,96.065,96.06,96.065,1655.0,96.06,27
2026-06-11T09:00:00Z,96.065,96.065,96.065,96.065,6.0,96.065,3
2026-06-11T09:15:00Z,96.065,96.065,96.06,96.065,341.0,96.064,59
2026-06-11T09:30:00Z,96.065,96.065,96.06,96.065,364.0,96.062,20
2026-06-11T09:45:00Z,96.065,96.065,96.06,96.065,4917.0,96.065,101
2026-06-11T10:00:00Z,96.065,96.065,96.065,96.065,1049.0,96.065,11
2026-06-11T10:15:00Z,96.065,96.065,96.06,96.06,444.0,96.064,10
2026-06-11T10:30:00Z,96.065,96.065,96.065,96.065,3338.0,96.065,115
2026-06-11T10:45:00Z,96.065,96.065,96.065,96.065,169.0,96.065,10
2026-06-11T11:00:00Z,96.065,96.065,96.06,96.06,3564.0,96.06,72
2026-06-11T11:15:00Z,96.06,96.065,96.055,96.065,6024.0,96.061,207
2026-06-11T11:30:00Z,96.065,96.07,96.065,96.065,4664.0,96.067,99
2026-06-11T11:45:00Z,96.065,96.065,96.06,96.065,4919.0,96.065,120
2026-06-11T12:00:00Z,96.065,96.07,96.065,96.065,4908.0,96.0695,114
2026-06-11T12:15:00Z,96.065,96.07,96.045,96.055,23062.0,96.054,490
2026-06-11T12:30:00Z,96.055,96.065,96.02,96.04,42671.0,96.0345,549
2026-06-11T12:45:00Z,96.035,96.055,96.035,96.045,24913.0,96.045,323
2026-06-11T13:00:00Z,96.045,96.045,96.04,96.04,9031.0,96.042,203
2026-06-11T13:15:00Z,96.04,96.04,96.035,96.04,3874.0,96.039,152
2026-06-11T13:30:00Z,96.045,96.05,96.04,96.045,14660.0,96.046,268
2026-06-11T13:45:00Z,96.045,96.06,96.045,96.055,7944.0,96.0535,155
2026-06-11T14:00:00Z,96.05,96.055,96.045,96.05,5450.0,96.0505,128
2026-06-11T14:15:00Z,96.05,96.05,96.045,96.045,5237.0,96.05,143
2026-06-11T14:30:00Z,96.045,96.05,96.045,96.045,236.0,96.047,49
2026-06-11T14:45:00Z,96.045,96.055,96.045,96.05,9583.0,96.05,128
2026-06-11T15:00:00Z,96.05,96.06,96.045,96.05,9626.0,96.053,254
2026-06-11T15:15:00Z,96.05,96.055,96.05,96.05,3925.0,96.0525,57
2026-06-11T15:30:00Z,96.05,96.055,96.045,96.05,11908.0,96.0475,296
2026-06-11T15:45:00Z,96.045,96.045,96.04,96.04,4706.0,96.045,75
2026-06-11T16:00:00Z,96.04,96.045,96.035,96.035,2482.0,96.04,65
2026-06-11T16:15:00Z,96.035,96.04,96.035,96.035,8832.0,96.037,170
2026-06-11T16:30:00Z,96.035,96.04,96.03,96.035,1176.0,96.0365,49
2026-06-11T16:45:00Z,96.035,96.04,96.035,96.04,763.0,96.0385,31
2026-06-11T17:00:00Z,96.035,96.045,96.035,96.045,6482.0,96.0365,134
2026-06-11T17:15:00Z,96.04,96.07,96.04,96.06,19256.0,96.0555,515
2026-06-11T17:30:00Z,96.065,96.1,96.06,96.1,39293.0,96.0785,1192
2026-06-11T17:45:00Z,96.1,96.105,96.095,96.095,21568.0,96.0965,440
2026-06-11T18:00:00Z,96.1,96.105,96.085,96.095,20912.0,96.0965,467
2026-06-11T18:15:00Z,96.1,96.12,96.1,96.11,26069.0,96.109,419
2026-06-11T18:30:00Z,96.105,96.115,96.105,96.115,4387.0,96.1095,88
2026-06-11T18:45:00Z,96.115,96.12,96.105,96.105,8133.0,96.114,304
2026-06-11T19:00:00Z,96.105,96.13,96.105,96.125,18306.0,96.119,336
2026-06-11T19:15:00Z,96.125,96.135,96.125,96.13,7726.0,96.128,160
2026-06-11T19:30:00Z,96.13,96.145,96.13,96.135,18767.0,96.1385,366
2026-06-11T19:45:00Z,96.13,96.135,96.125,96.13,6905.0,96.13,196
2026-06-11T20:00:00Z,96.13,96.135,96.125,96.13,4422.0,96.1295,195
2026-06-11T20:15:00Z,96.125,96.13,96.125,96.13,2860.0,96.1255,82
2026-06-11T20:30:00Z,96.13,96.13,96.12,96.12,7867.0,96.125,131
2026-06-11T20:45:00Z,96.125,96.125,96.115,96.12,2878.0,96.1195,109
2026-06-11T22:00:00Z,96.12,96.13,96.12,96.125,1684.0,96.1275,104
2026-06-11T22:15:00Z,96.125,96.125,96.12,96.12,763.0,96.121,18
2026-06-11T22:30:00Z,96.12,96.125,96.12,96.125,396.0,96.1205,49
2026-06-11T22:45:00Z,96.125,96.125,96.125,96.125,227.0,96.125,24
2026-06-11T23:00:00Z,96.125,96.125,96.125,96.125,1176.0,96.125,18
2026-06-11T23:15:00Z,96.13,96.13,96.12,96.12,124.0,96.125,3
2026-06-11T23:30:00Z,96.125,96.125,96.12,96.12,1224.0,96.12,69
2026-06-11T23:45:00Z,96.125,96.125,96.12,96.125,1736.0,96.125,5
2026-06-12T00:00:00Z,96.12,96.125,96.11,96.115,889.0,96.1165,39
2026-06-12T00:15:00Z,96.115,96.115,96.115,96.115,52.0,96.115,3
2026-06-12T00:30:00Z,96.115,96.115,96.11,96.11,1488.0,96.113,45
2026-06-12T00:45:00Z,96.11,96.11,96.105,96.105,316.0,96.11,13
2026-06-12T01:00:00Z,96.11,96.11,96.11,96.11,423.0,96.11,14
2026-06-12T01:15:00Z,96.11,96.11,96.11,96.11,375.0,96.11,24
2026-06-12T01:30:00Z,96.11,96.11,96.11,96.11,19.0,96.11,1
2026-06-12T01:45:00Z,96.11,96.11,96.11,96.11,448.0,96.11,20
2026-06-12T02:00:00Z,96.11,96.11,96.11,96.11,225.0,96.11,11
2026-06-12T02:15:00Z,96.11,96.11,96.11,96.11,0.0,96.11,0
2026-06-12T02:30:00Z,96.11,96.11,96.11,96.11,1292.0,96.11,34
2026-06-12T02:45:00Z,96.11,96.11,96.11,96.11,29.0,96.11,5
2026-06-12T03:00:00Z,96.115,96.115,96.11,96.11,41.0,96.115,2
2026-06-12T03:15:00Z,96.115,96.115,96.115,96.115,1.0,96.115,1
2026-06-12T03:30:00Z,96.115,96.12,96.115,96.12,1783.0,96.117,25
2026-06-12T03:45:00Z,96.12,96.12,96.115,96.115,219.0,96.1195,40
2026-06-12T04:00:00Z,96.115,96.115,96.115,96.115,207.0,96.115,26
2026-06-12T04:15:00Z,96.115,96.115,96.115,96.115,0.0,96.115,0
2026-06-12T04:30:00Z,96.12,96.12,96.115,96.115,110.0,96.1155,2
2026-06-12T04:45:00Z,96.115,96.115,96.115,96.115,204.0,96.115,6
2026-06-12T05:00:00Z,96.115,96.115,96.11,96.11,255.0,96.1135,12
2026-06-12T05:15:00Z,96.11,96.11,96.11,96.11,342.0,96.11,21
2026-06-12T05:30:00Z,96.11,96.11,96.11,96.11,87.0,96.11,4
2026-06-12T05:45:00Z,96.11,96.115,96.11,96.11,317.0,96.11,5
2026-06-12T06:00:00Z,96.115,96.115,96.115,96.115,2165.0,96.115,86
2026-06-12T06:15:00Z,96.115,96.115,96.11,96.115,781.0,96.115,37
2026-06-12T06:30:00Z,96.12,96.12,96.11,96.11,3650.0,96.1115,36
2026-06-12T06:45:00Z,96.11,96.115,96.11,96.115,2968.0,96.11,35
2026-06-12T07:00:00Z,96.115,96.115,96.105,96.11,816.0,96.1085,42
2026-06-12T07:15:00Z,96.11,96.115,96.105,96.11,2840.0,96.1095,93
2026-06-12T07:30:00Z,96.11,96.115,96.11,96.115,3340.0,96.1125,100
2026-06-12T07:45:00Z,96.115,96.13,96.11,96.13,9067.0,96.12,249
2026-06-12T08:00:00Z,96.13,96.135,96.125,96.135,4416.0,96.13,256
2026-06-12T08:15:00Z,96.13,96.145,96.125,96.135,13547.0,96.137,381
2026-06-12T08:30:00Z,96.14,96.14,96.13,96.13,6979.0,96.135,58
2026-06-12T08:45:00Z,96.13,96.13,96.125,96.13,3469.0,96.1285,110
2026-06-12T09:00:00Z,96.13,96.13,96.125,96.13,3870.0,96.13,101
2026-06-12T09:15:00Z,96.13,96.135,96.13,96.13,6342.0,96.135,89
2026-06-12T09:30:00Z,96.135,96.135,96.13,96.13,5591.0,96.1305,82
2026-06-12T09:45:00Z,96.13,96.13,96.125,96.13,1916.0,96.13,47
2026-06-12T10:00:00Z,96.13,96.13,96.125,96.125,3490.0,96.1265,82
2026-06-12T10:15:00Z,96.125,96.125,96.11,96.11,5730.0,96.1175,163
2026-06-12T10:30:00Z,96.115,96.125,96.115,96.12,4474.0,96.12,64
2026-06-12T10:45:00Z,96.125,96.125,96.12,96.125,219.0,96.1205,7
2026-06-12T11:00:00Z,96.12,96.12,96.11,96.115,7170.0,96.1165,169
2026-06-12T11:15:00Z,96.115,96.12,96.115,96.115,207.0,96.119,18
2026-06-12T11:30:00Z,96.115,96.115,96.115,96.115,2162.0,96.115,90
2026-06-12T11:45:00Z,96.12,96.12,96.115,96.115,3206.0,96.1155,27
2026-06-12T12:00:00Z,96.12,96.12,96.105,96.11,2335.0,96.1105,101
2026-06-12T12:15:00Z,96.105,96.11,96.105,96.11,1418.0,96.11,46
2026-06-12T12:30:00Z,96.11,96.11,96.1,96.105,8284.0,96.105,297
2026-06-12T12:45:00Z,96.105,96.105,96.1,96.1,6827.0,96.1025,294
2026-06-12T13:00:00Z,96.105,96.105,96.1,96.1,10576.0,96.104,251
2026-06-12T13:15:00Z,96.105,96.11,96.105,96.105,2868.0,96.108,80
2026-06-12T13:30:00Z,96.11,96.11,96.085,96.1,11945.0,96.098,315
2026-06-12T13:45:00Z,96.1,96.105,96.09,96.095,8277.0,96.0985,184
2026-06-12T14:00:00Z,96.095,96.1,96.095,96.095,8857.0,96.0975,157
2026-06-12T14:15:00Z,96.1,96.1,96.09,96.09,14215.0,96.098,222
2026-06-12T14:30:00Z,96.09,96.095,96.09,96.095,5318.0,96.095,169
2026-06-12T14:45:00Z,96.095,96.115,96.09,96.11,16221.0,96.101,381
2026-06-12T15:00:00Z,96.11,96.115,96.105,96.115,9631.0,96.1115,245
2026-06-12T15:15:00Z,96.115,96.115,96.11,96.11,6192.0,96.114,117
2026-06-12T15:30:00Z,96.11,96.12,96.11,96.115,6629.0,96.1115,152
2026-06-12T15:45:00Z,96.115,96.115,96.105,96.11,3609.0,96.1095,168
2026-06-12T16:00:00Z,96.11,96.115,96.1,96.11,9330.0,96.1075,169
2026-06-12T16:15:00Z,96.115,96.115,96.11,96.115,2424.0,96.115,38
2026-06-12T16:30:00Z,96.11,96.115,96.1,96.1,33731.0,96.108,469
2026-06-12T16:45:00Z,96.1,96.11,96.1,96.11,2426.0,96.1075,66
2026-06-12T17:00:00Z,96.11,96.115,96.105,96.11,11860.0,96.1095,250
2026-06-12T17:15:00Z,96.105,96.115,96.105,96.11,4607.0,96.11,72
2026-06-12T17:30:00Z,96.11,96.11,96.105,96.105,2073.0,96.1095,63
2026-06-12T17:45:00Z,96.11,96.11,96.1,96.1,851.0,96.1055,31
2026-06-12T18:00:00Z,96.105,96.105,96.1,96.105,1229.0,96.105,42
2026-06-12T18:15:00Z,96.1,96.105,96.1,96.105,598.0,96.105,31
2026-06-12T18:30:00Z,96.11,96.11,96.105,96.105,730.0,96.105,16
2026-06-12T18:45:00Z,96.11,96.11,96.1,96.1,3989.0,96.104,309
2026-06-12T19:00:00Z,96.1,96.1,96.095,96.1,6198.0,96.0985,146
2026-06-12T19:15:00Z,96.1,96.105,96.1,96.1,1064.0,96.1,28
2026-06-12T19:30:00Z,96.1,96.105,96.1,96.1,1012.0,96.1035,34
2026-06-12T19:45:00Z,96.1,96.105,96.095,96.1,1943.0,96.1,79
2026-06-12T20:00:00Z,96.1,96.105,96.095,96.1,1615.0,96.1,44
2026-06-12T20:15:00Z,96.1,96.105,96.1,96.1,652.0,96.101,47
2026-06-12T20:30:00Z,96.1,96.105,96.1,96.1,153.0,96.102,33
2026-06-12T20:45:00Z,96.1,96.11,96.1,96.11,5776.0,96.1035,101
2026-06-14T22:00:00Z,96.155,96.165,96.14,96.145,7317.0,96.1515,321
2026-06-14T22:15:00Z,96.15,96.15,96.15,96.15,2346.0,96.15,19
2026-06-14T22:30:00Z,96.15,96.15,96.145,96.15,2189.0,96.15,17
2026-06-14T22:45:00Z,96.15,96.155,96.145,96.15,3637.0,96.1505,35
2026-06-14T23:00:00Z,96.15,96.15,96.15,96.15,94.0,96.15,12
2026-06-14T23:15:00Z,96.15,96.15,96.15,96.15,11.0,96.15,3
2026-06-14T23:30:00Z,96.15,96.15,96.145,96.15,1258.0,96.15,22
2026-06-14T23:45:00Z,96.15,96.155,96.15,96.155,2276.0,96.154,59
2026-06-15T00:00:00Z,96.155,96.16,96.155,96.16,1997.0,96.1565,97
2026-06-15T00:15:00Z,96.16,96.165,96.16,96.16,2391.0,96.16,41
2026-06-15T00:30:00Z,96.16,96.16,96.16,96.16,770.0,96.16,56
2026-06-15T00:45:00Z,96.16,96.16,96.155,96.155,363.0,96.1555,13
2026-06-15T01:00:00Z,96.155,96.155,96.155,96.155,4.0,96.155,1
2026-06-15T01:15:00Z,96.16,96.16,96.155,96.155,217.0,96.1585,6
2026-06-15T01:30:00Z,96.155,96.155,96.15,96.155,2389.0,96.155,24
2026-06-15T01:45:00Z,96.155,96.155,96.155,96.155,105.0,96.155,4
2026-06-15T02:00:00Z,96.155,96.155,96.15,96.155,589.0,96.155,5
2026-06-15T02:15:00Z,96.155,96.155,96.155,96.155,1.0,96.155,1
2026-06-15T02:30:00Z,96.155,96.155,96.155,96.155,24.0,96.155,5
2026-06-15T02:45:00Z,96.155,96.155,96.155,96.155,168.0,96.155,4
2026-06-15T03:00:00Z,96.155,96.155,96.155,96.155,21.0,96.155,1
2026-06-15T03:15:00Z,96.155,96.155,96.155,96.155,2567.0,96.155,23
2026-06-15T03:30:00Z,96.155,96.155,96.155,96.155,34.0,96.155,6
2026-06-15T03:45:00Z,96.155,96.155,96.155,96.155,116.0,96.155,6
2026-06-15T04:00:00Z,96.155,96.155,96.155,96.155,45.0,96.155,4
2026-06-15T04:15:00Z,96.155,96.155,96.155,96.155,106.0,96.155,5
2026-06-15T04:30:00Z,96.155,96.155,96.15,96.155,87.0,96.1545,4
2026-06-15T04:45:00Z,96.155,96.155,96.155,96.155,25.0,96.155,1
2026-06-15T05:00:00Z,96.155,96.155,96.15,96.15,197.0,96.1525,4
2026-06-15T05:15:00Z,96.15,96.155,96.15,96.155,1360.0,96.154,5
2026-06-15T05:30:00Z,96.155,96.155,96.15,96.15,5397.0,96.153,51
2026-06-15T05:45:00Z,96.15,96.15,96.145,96.145,1660.0,96.1455,5
2026-06-15T06:00:00Z,96.145,96.15,96.145,96.145,2434.0,96.145,63
2026-06-15T06:15:00Z,96.14,96.14,96.14,96.14,257.0,96.14,2
2026-06-15T06:30:00Z,96.14,96.145,96.14,96.145,2131.0,96.14,22
2026-06-15T06:45:00Z,96.14,96.145,96.14,96.145,1517.0,96.14,10
2026-06-15T07:00:00Z,96.14,96.145,96.14,96.14,7098.0,96.14,45
2026-06-15T07:15:00Z,96.14,96.15,96.14,96.14,1431.0,96.1445,45
2026-06-15T07:30:00Z,96.145,96.145,96.145,96.145,1745.0,96.145,39
2026-06-15T07:45:00Z,96.145,96.145,96.14,96.14,459.0,96.144,10
2026-06-15T08:00:00Z,96.14,96.14,96.14,96.14,5115.0,96.14,51
2026-06-15T08:15:00Z,96.135,96.14,96.135,96.14,524.0,96.1385,16
2026-06-15T08:30:00Z,96.14,96.145,96.135,96.145,2368.0,96.1405,44
2026-06-15T08:45:00Z,96.145,96.145,96.14,96.14,1642.0,96.14,301
2026-06-15T09:00:00Z,96.14,96.14,96.14,96.14,1395.0,96.14,26
2026-06-15T09:15:00Z,96.14,96.14,96.135,96.135,1187.0,96.135,8
2026-06-15T09:30:00Z,96.135,96.14,96.13,96.13,3096.0,96.135,57
2026-06-15T09:45:00Z,96.13,96.135,96.13,96.135,175.0,96.132,4
2026-06-15T10:00:00Z,96.13,96.135,96.13,96.13,1006.0,96.134,16
2026-06-15T10:15:00Z,96.13,96.135,96.13,96.135,2156.0,96.135,36
2026-06-15T10:30:00Z,96.135,96.14,96.135,96.135,932.0,96.136,20
2026-06-15T10:45:00Z,96.135,96.14,96.135,96.135,993.0,96.14,10
2026-06-15T11:00:00Z,96.135,96.14,96.135,96.135,209.0,96.138,17
2026-06-15T11:15:00Z,96.135,96.135,96.125,96.125,8895.0,96.133,152
2026-06-15T11:30:00Z,96.13,96.13,96.12,96.12,12978.0,96.1265,218
2026-06-15T11:45:00Z,96.12,96.125,96.12,96.125,5531.0,96.124,236
2026-06-15T12:00:00Z,96.125,96.13,96.12,96.125,7626.0,96.125,242
2026-06-15T12:15:00Z,96.125,96.135,96.125,96.13,5012.0,96.13,177
2026-06-15T12:30:00Z,96.13,96.135,96.125,96.13,5369.0,96.13,111
2026-06-15T12:45:00Z,96.125,96.135,96.125,96.13,5763.0,96.13,167
2026-06-15T13:00:00Z,96.13,96.135,96.125,96.13,5301.0,96.13,151
2026-06-15T13:15:00Z,96.13,96.135,96.13,96.135,957.0,96.134,30
2026-06-15T13:30:00Z,96.135,96.14,96.135,96.135,10386.0,96.135,140
2026-06-15T13:45:00Z,96.135,96.14,96.135,96.135,794.0,96.135,53
2026-06-15T14:00:00Z,96.135,96.145,96.135,96.14,6548.0,96.14,105
2026-06-15T14:15:00Z,96.145,96.145,96.14,96.14,937.0,96.1445,132
2026-06-15T14:30:00Z,96.145,96.145,96.13,96.13,18214.0,96.1375,222
2026-06-15T14:45:00Z,96.13,96.135,96.13,96.13,6615.0,96.132,120
2026-06-15T15:00:00Z,96.13,96.13,96.125,96.125,15870.0,96.1265,126
2026-06-15T15:15:00Z,96.125,96.13,96.125,96.13,790.0,96.1295,51
2026-06-15T15:30:00Z,96.13,96.13,96.125,96.125,3664.0,96.126,60
2026-06-15T15:45:00Z,96.13,96.13,96.125,96.125,5209.0,96.125,75
2026-06-15T16:00:00Z,96.125,96.13,96.125,96.125,652.0,96.1265,57
2026-06-15T16:15:00Z,96.125,96.125,96.12,96.12,13694.0,96.125,169
2026-06-15T16:30:00Z,96.125,96.125,96.12,96.12,204.0,96.1215,23
2026-06-15T16:45:00Z,96.12,96.125,96.115,96.115,8281.0,96.12,69
2026-06-15T17:00:00Z,96.115,96.12,96.115,96.115,591.0,96.115,63
2026-06-15T17:15:00Z,96.115,96.12,96.115,96.115,1176.0,96.118,39
2026-06-15T17:30:00Z,96.115,96.12,96.115,96.12,1957.0,96.1195,41
2026-06-15T17:45:00Z,96.115,96.12,96.115,96.12,522.0,96.116,45
2026-06-15T18:00:00Z,96.115,96.12,96.115,96.12,890.0,96.1155,58
2026-06-15T18:15:00Z,96.12,96.12,96.11,96.11,3269.0,96.1145,95
2026-06-15T18:30:00Z,96.11,96.115,96.11,96.115,1449.0,96.1145,88
2026-06-15T18:45:00Z,96.11,96.115,96.11,96.11,492.0,96.113,99
2026-06-15T19:00:00Z,96.11,96.12,96.11,96.115,6013.0,96.1145,75
2026-06-15T19:15:00Z,96.115,96.12,96.115,96.115,167.0,96.1175,16
2026-06-15T19:30:00Z,96.12,96.12,96.115,96.115,5502.0,96.115,153
2026-06-15T19:45:00Z,96.115,96.12,96.115,96.115,283.0,96.1155,56
2026-06-15T20:00:00Z,96.115,96.12,96.105,96.11,13774.0,96.112,243
2026-06-15T20:15:00Z,96.115,96.115,96.11,96.11,1262.0,96.1105,20
2026-06-15T20:30:00Z,96.11,96.115,96.11,96.115,2514.0,96.1125,25
2026-06-15T20:45:00Z,96.11,96.115,96.11,96.115,565.0,96.111,44
2026-06-15T22:00:00Z,96.115,96.115,96.11,96.115,739.0,96.11,23
2026-06-15T22:15:00Z,96.11,96.11,96.105,96.105,1573.0,96.107,40
2026-06-15T22:30:00Z,96.105,96.105,96.105,96.105,2904.0,96.105,16
2026-06-15T22:45:00Z,96.105,96.105,96.105,96.105,0.0,96.105,0
2026-06-15T23:00:00Z,96.105,96.105,96.105,96.105,17.0,96.105,2
2026-06-15T23:15:00Z,96.11,96.11,96.11,96.11,13.0,96.11,2
2026-06-15T23:30:00Z,96.11,96.115,96.11,96.11,1039.0,96.11,22
2026-06-15T23:45:00Z,96.105,96.11,96.105,96.11,456.0,96.11,13
2026-06-16T00:00:00Z,96.11,96.11,96.11,96.11,40.0,96.11,2
2026-06-16T00:15:00Z,96.11,96.11,96.11,96.11,224.0,96.11,9
2026-06-16T00:30:00Z,96.11,96.115,96.11,96.11,583.0,96.11,37
2026-06-16T00:45:00Z,96.11,96.11,96.11,96.11,707.0,96.11,39
2026-06-16T01:00:00Z,96.11,96.11,96.11,96.11,248.0,96.11,33
2026-06-16T01:15:00Z,96.11,96.11,96.11,96.11,67.0,96.11,3
2026-06-16T01:30:00Z,96.11,96.11,96.11,96.11,0.0,96.11,0
2026-06-16T01:45:00Z,96.115,96.115,96.115,96.115,97.0,96.115,11
2026-06-16T02:00:00Z,96.115,96.12,96.115,96.115,1104.0,96.115,18
2026-06-16T02:15:00Z,96.12,96.12,96.12,96.12,96.0,96.12,4
2026-06-16T02:30:00Z,96.115,96.115,96.115,96.115,1032.0,96.115,9
2026-06-16T02:45:00Z,96.115,96.12,96.115,96.115,126.0,96.115,7
2026-06-16T03:00:00Z,96.115,96.115,96.115,96.115,66.0,96.115,10
2026-06-16T03:15:00Z,96.115,96.115,96.115,96.115,364.0,96.115,14
2026-06-16T03:30:00Z,96.115,96.115,96.115,96.115,45.0,96.115,3
2026-06-16T03:45:00Z,96.115,96.115,96.115,96.115,594.0,96.115,27
2026-06-16T04:00:00Z,96.115,96.115,96.115,96.115,27.0,96.115,1
2026-06-16T04:15:00Z,96.115,96.115,96.11,96.11,8396.0,96.11,73
2026-06-16T04:30:00Z,96.115,96.115,96.115,96.115,334.0,96.115,16
2026-06-16T04:45:00Z,96.115,96.115,96.115,96.115,447.0,96.115,32
2026-06-16T05:00:00Z,96.115,96.115,96.115,96.115,407.0,96.115,21
2026-06-16T05:15:00Z,96.115,96.115,96.115,96.115,1926.0,96.115,6
2026-06-16T05:30:00Z,96.115,96.115,96.115,96.115,1644.0,96.115,17
2026-06-16T05:45:00Z,96.115,96.115,96.115,96.115,0.0,96.115,0
2026-06-16T06:00:00Z,96.115,96.115,96.11,96.115,690.0,96.1125,13
2026-06-16T06:15:00Z,96.115,96.115,96.115,96.115,1944.0,96.115,40
2026-06-16T06:30:00Z,96.12,96.12,96.115,96.115,853.0,96.1155,27
2026-06-16T06:45:00Z,96.115,96.115,96.115,96.115,1123.0,96.115,75
2026-06-16T07:00:00Z,96.115,96.115,96.115,96.115,1020.0,96.115,38
2026-06-16T07:15:00Z,96.115,96.115,96.11,96.115,2305.0,96.115,97
2026-06-16T07:30:00Z,96.115,96.12,96.115,96.12,339.0,96.1155,9
2026-06-16T07:45:00Z,96.12,96.12,96.115,96.12,7284.0,96.12,110
2026-06-16T08:00:00Z,96.12,96.125,96.12,96.125,3672.0,96.125,171
2026-06-16T08:15:00Z,96.125,96.125,96.125,96.125,2333.0,96.125,130
2026-06-16T08:30:00Z,96.125,96.125,96.125,96.125,71.0,96.125,8
2026-06-16T08:45:00Z,96.13,96.13,96.125,96.125,3454.0,96.1265,96
2026-06-16T09:00:00Z,96.125,96.125,96.115,96.12,11016.0,96.12,89
2026-06-16T09:15:00Z,96.12,96.12,96.12,96.12,400.0,96.12,2
2026-06-16T09:30:00Z,96.12,96.12,96.115,96.12,5315.0,96.12,68
2026-06-16T09:45:00Z,96.115,96.125,96.115,96.12,2567.0,96.12,45
2026-06-16T10:00:00Z,96.12,96.12,96.12,96.12,1011.0,96.12,43
2026-06-16T10:15:00Z,96.12,96.12,96.12,96.12,307.0,96.12,7
2026-06-16T10:30:00Z,96.12,96.125,96.12,96.125,2039.0,96.12,26
2026-06-16T10:45:00Z,96.125,96.125,96.12,96.125,279.0,96.1225,6
2026-06-16T11:00:00Z,96.12,96.125,96.12,96.12,3037.0,96.12,53
2026-06-16T11:15:00Z,96.12,96.12,96.115,96.12,4278.0,96.1175,119
2026-06-16T11:30:00Z,96.12,96.12,96.115,96.115,4378.0,96.116,95
2026-06-16T11:45:00Z,96.12,96.125,96.115,96.125,4576.0,96.12,112
2026-06-16T12:00:00Z,96.125,96.125,96.115,96.12,11112.0,96.12,181
2026-06-16T12:15:00Z,96.12,96.125,96.115,96.12,5739.0,96.12,72
2026-06-16T12:30:00Z,96.125,96.125,96.12,96.125,9677.0,96.123,77
2026-06-16T12:45:00Z,96.13,96.13,96.12,96.125,12756.0,96.1265,138
2026-06-16T13:00:00Z,96.12,96.12,96.11,96.11,18273.0,96.1165,201
2026-06-16T13:15:00Z,96.11,96.115,96.1,96.105,10954.0,96.106,180
2026-06-16T13:30:00Z,96.105,96.11,96.1,96.1,11125.0,96.1075,252
2026-06-16T13:45:00Z,96.105,96.11,96.105,96.105,14107.0,96.105,201
2026-06-16T14:00:00Z,96.105,96.11,96.1,96.1,4088.0,96.105,124
2026-06-16T14:15:00Z,96.1,96.11,96.1,96.105,17644.0,96.105,249
2026-06-16T14:30:00Z,96.105,96.105,96.1,96.1,4789.0,96.105,130
2026-06-16T14:45:00Z,96.105,96.115,96.1,96.11,12977.0,96.107,91
2026-06-16T15:00:00Z,96.11,96.11,96.105,96.11,7181.0,96.11,193
2026-06-16T15:15:00Z,96.105,96.11,96.105,96.11,12207.0,96.11,273
2026-06-16T15:30:00Z,96.105,96.115,96.105,96.115,3102.0,96.111,58
2026-06-16T15:45:00Z,96.11,96.13,96.11,96.12,16795.0,96.1215,455
2026-06-16T16:00:00Z,96.12,96.125,96.115,96.12,7328.0,96.12,172
2026-06-16T16:15:00Z,96.12,96.13,96.12,96.12,5310.0,96.125,229
2026-06-16T16:30:00Z,96.125,96.13,96.12,96.12,5603.0,96.125,200
2026-06-16T16:45:00Z,96.125,96.125,96.115,96.12,13647.0,96.122,298
2026-06-16T17:00:00Z,96.115,96.125,96.115,96.115,8306.0,96.12,166
2026-06-16T17:15:00Z,96.115,96.12,96.115,96.12,4726.0,96.1185,84
2026-06-16T17:30:00Z,96.115,96.115,96.11,96.11,7203.0,96.115,96
2026-06-16T17:45:00Z,96.115,96.115,96.11,96.11,691.0,96.113,39
2026-06-16T18:00:00Z,96.11,96.11,96.105,96.11,11569.0,96.11,168
2026-06-16T18:15:00Z,96.11,96.11,96.105,96.11,3388.0,96.11,32
2026-06-16T18:30:00Z,96.11,96.11,96.11,96.11,2685.0,96.11,144
2026-06-16T18:45:00Z,96.11,96.115,96.11,96.115,3443.0,96.1125,94
2026-06-16T19:00:00Z,96.115,96.115,96.11,96.11,1243.0,96.1145,57
2026-06-16T19:15:00Z,96.11,96.115,96.11,96.11,10804.0,96.11,94
2026-06-16T19:30:00Z,96.11,96.115,96.11,96.115,27487.0,96.114,181
2026-06-16T19:45:00Z,96.11,96.115,96.105,96.105,7730.0,96.11,123
2026-06-16T20:00:00Z,96.105,96.11,96.105,96.11,1475.0,96.106,83
2026-06-16T20:15:00Z,96.105,96.11,96.105,96.105,1278.0,96.105,54
2026-06-16T20:30:00Z,96.105,96.11,96.105,96.105,1459.0,96.1085,128
2026-06-16T20:45:00Z,96.105,96.11,96.105,96.11,2235.0,96.1085,79
2026-06-16T22:00:00Z,96.105,96.11,96.105,96.11,1807.0,96.11,64
2026-06-16T22:15:00Z,96.105,96.11,96.105,96.11,20.0,96.106,5
2026-06-16T22:30:00Z,96.11,96.11,96.105,96.11,184.0,96.11,31
2026-06-16T22:45:00Z,96.11,96.11,96.11,96.11,415.0,96.11,8
2026-06-16T23:00:00Z,96.11,96.11,96.105,96.105,31.0,96.11,7
2026-06-16T23:15:00Z,96.11,96.11,96.11,96.11,185.0,96.11,7
2026-06-16T23:30:00Z,96.11,96.115,96.11,96.11,322.0,96.11,10
2026-06-16T23:45:00Z,96.11,96.11,96.11,96.11,1.0,96.11,1
2026-06-17T00:00:00Z,96.11,96.11,96.11,96.11,146.0,96.11,4
2026-06-17T00:15:00Z,96.11,96.115,96.11,96.11,400.0,96.11,11
2026-06-17T00:30:00Z,96.11,96.11,96.11,96.11,85.0,96.11,2
2026-06-17T00:45:00Z,96.11,96.11,96.11,96.11,0.0,96.11,0
2026-06-17T01:00:00Z,96.115,96.115,96.115,96.115,1.0,96.115,1
2026-06-17T01:15:00Z,96.115,96.115,96.115,96.115,855.0,96.115,34
2026-06-17T01:30:00Z,96.115,96.115,96.115,96.115,604.0,96.115,7
2026-06-17T01:45:00Z,96.11,96.115,96.11,96.11,1813.0,96.11,22
2026-06-17T02:00:00Z,96.11,96.115,96.11,96.115,400.0,96.11,2
2026-06-17T02:15:00Z,96.11,96.11,96.11,96.11,1956.0,96.11,12
2026-06-17T02:30:00Z,96.11,96.115,96.11,96.11,815.0,96.11,16
2026-06-17T02:45:00Z,96.11,96.11,96.105,96.105,63.0,96.11,2
2026-06-17T03:00:00Z,96.11,96.11,96.105,96.105,26.0,96.105,25
2026-06-17T03:15:00Z,96.105,96.11,96.105,96.11,891.0,96.105,4
2026-06-17T03:30:00Z,96.105,96.11,96.105,96.11,180.0,96.1085,3
2026-06-17T03:45:00Z,96.11,96.115,96.105,96.11,1118.0,96.11,13
2026-06-17T04:00:00Z,96.11,96.115,96.11,96.11,1087.0,96.11,22
2026-06-17T04:15:00Z,96.11,96.11,96.11,96.11,456.0,96.11,11
2026-06-17T04:30:00Z,96.11,96.11,96.11,96.11,16.0,96.11,3
2026-06-17T04:45:00Z,96.11,96.11,96.11,96.11,10.0,96.11,3
2026-06-17T05:00:00Z,96.115,96.115,96.11,96.11,5.0,96.114,2
2026-06-17T05:15:00Z,96.115,96.115,96.11,96.11,572.0,96.11,3
2026-06-17T05:30:00Z,96.115,96.115,96.11,96.11,24.0,96.115,2
2026-06-17T05:45:00Z,96.115,96.115,96.115,96.115,238.0,96.115,2
2026-06-17T06:00:00Z,96.115,96.115,96.115,96.115,70.0,96.115,2
2026-06-17T06:15:00Z,96.115,96.115,96.11,96.11,129.0,96.113,10
2026-06-17T06:30:00Z,96.115,96.12,96.115,96.12,4890.0,96.115,48
2026-06-17T06:45:00Z,96.115,96.115,96.115,96.115,131.0,96.115,3
2026-06-17T07:00:00Z,96.115,96.115,96.11,96.115,4826.0,96.115,81
2026-06-17T07:15:00Z,96.115,96.12,96.115,96.12,1516.0,96.115,47
2026-06-17T07:30:00Z,96.115,96.115,96.11,96.115,2007.0,96.114,13
2026-06-17T07:45:00Z,96.11,96.11,96.11,96.11,110.0,96.11,5
2026-06-17T08:00:00Z,96.11,96.11,96.11,96.11,3007.0,96.11,22
2026-06-17T08:15:00Z,96.11,96.11,96.105,96.105,101.0,96.105,2
2026-06-17T08:30:00Z,96.105,96.115,96.105,96.11,5758.0,96.11,74
2026-06-17T08:45:00Z,96.11,96.12,96.11,96.115,16931.0,96.115,229
2026-06-17T09:00:00Z,96.115,96.115,96.115,96.115,4391.0,96.115,79
2026-06-17T09:15:00Z,96.115,96.12,96.115,96.115,2979.0,96.115,22
2026-06-17T09:30:00Z,96.115,96.115,96.115,96.115,1495.0,96.115,59
2026-06-17T09:45:00Z,96.115,96.12,96.115,96.115,1936.0,96.1195,34
2026-06-17T10:00:00Z,96.12,96.12,96.115,96.115,8348.0,96.115,177
2026-06-17T10:15:00Z,96.115,96.115,96.115,96.115,2028.0,96.115,109
2026-06-17T10:30:00Z,96.115,96.115,96.115,96.115,1054.0,96.115,45
2026-06-17T10:45:00Z,96.115,96.115,96.115,96.115,2369.0,96.115,69
2026-06-17T11:00:00Z,96.115,96.115,96.115,96.115,2306.0,96.115,37
2026-06-17T11:15:00Z,96.115,96.115,96.11,96.11,3433.0,96.1105,77
2026-06-17T11:30:00Z,96.11,96.11,96.105,96.105,4100.0,96.106,43
2026-06-17T11:45:00Z,96.105,96.11,96.1,96.105,14285.0,96.105,117
2026-06-17T12:00:00Z,96.11,96.11,96.105,96.105,1317.0,96.105,32
2026-06-17T12:15:00Z,96.105,96.11,96.1,96.1,10216.0,96.1045,123
2026-06-17T12:30:00Z,96.1,96.11,96.095,96.105,8963.0,96.103,248
2026-06-17T12:45:00Z,96.105,96.11,96.105,96.105,6237.0,96.107,46
2026-06-17T13:00:00Z,96.105,96.11,96.1,96.105,6071.0,96.105,112
2026-06-17T13:15:00Z,96.105,96.11,96.1,96.11,7844.0,96.1045,213
2026-06-17T13:30:00Z,96.105,96.11,96.1,96.105,14268.0,96.1045,299
2026-06-17T13:45:00Z,96.105,96.11,96.1,96.105,9343.0,96.105,239
2026-06-17T14:00:00Z,96.105,96.105,96.1,96.1,2035.0,96.1045,113
2026-06-17T14:15:00Z,96.105,96.105,96.1,96.105,4844.0,96.1045,37
2026-06-17T14:30:00Z,96.1,96.105,96.1,96.1,5985.0,96.1,57
2026-06-17T14:45:00Z,96.1,96.105,96.09,96.095,12739.0,96.097,317
2026-06-17T15:00:00Z,96.095,96.1,96.095,96.1,3184.0,96.1,49
2026-06-17T15:15:00Z,96.1,96.105,96.1,96.105,7765.0,96.104,165
2026-06-17T15:30:00Z,96.1,96.105,96.095,96.1,3418.0,96.1,80
2026-06-17T15:45:00Z,96.1,96.1,96.095,96.095,828.0,96.0995,46
2026-06-17T16:00:00Z,96.1,96.1,96.095,96.1,12347.0,96.1,181
2026-06-17T16:15:00Z,96.1,96.105,96.1,96.1,6908.0,96.1,166
2026-06-17T16:30:00Z,96.1,96.105,96.095,96.1,2650.0,96.099,58
2026-06-17T16:45:00Z,96.095,96.1,96.095,96.1,80.0,96.0975,11
2026-06-17T17:00:00Z,96.095,96.1,96.085,96.095,17305.0,96.094,409
2026-06-17T17:15:00Z,96.095,96.1,96.09,96.095,3122.0,96.0965,59
2026-06-17T17:30:00Z,96.1,96.105,96.095,96.105,7987.0,96.1,110
2026-06-17T17:45:00Z,96.105,96.11,96.1,96.105,11995.0,96.1055,251
2026-06-17T18:00:00Z,96.11,96.11,95.955,96.01,128355.0,96.002,2432
2026-06-17T18:15:00Z,96.01,96.02,95.985,95.995,78582.0,96.0015,890
2026-06-17T18:30:00Z,95.995,96.02,95.965,95.995,77805.0,95.9855,1570
2026-06-17T18:45:00Z,95.99,95.995,95.96,95.97,54200.0,95.982,1102
2026-06-17T19:00:00Z,95.965,95.97,95.905,95.93,81783.0,95.9355,1622
2026-06-17T19:15:00Z,95.93,95.94,95.905,95.905,27882.0,95.923,853
2026-06-17T19:30:00Z,95.905,95.91,95.895,95.91,42663.0,95.903,682
2026-06-17T19:45:00Z,95.905,95.905,95.89,95.895,27225.0,95.897,1196
2026-06-17T20:00:00Z,95.895,95.905,95.895,95.895,21602.0,95.899,968
2026-06-17T20:15:00Z,95.9,95.905,95.895,95.9,27481.0,95.897,656
2026-06-17T20:30:00Z,95.9,95.915,95.9,95.91,19057.0,95.9065,241
2026-06-17T20:45:00Z,95.91,95.915,95.905,95.91,10135.0,95.9115,145
2026-06-17T22:00:00Z,95.91,95.915,95.905,95.91,2038.0,95.91,38
2026-06-17T22:15:00Z,95.905,95.91,95.905,95.905,700.0,95.905,9
2026-06-17T22:30:00Z,95.905,95.91,95.905,95.905,1802.0,95.905,32
2026-06-17T22:45:00Z,95.905,95.905,95.905,95.905,321.0,95.905,15
2026-06-17T23:00:00Z,95.905,95.905,95.905,95.905,659.0,95.905,9
2026-06-17T23:15:00Z,95.905,95.91,95.905,95.905,1192.0,95.905,32
2026-06-17T23:30:00Z,95.905,95.91,95.905,95.91,876.0,95.9095,18
2026-06-17T23:45:00Z,95.91,95.91,95.91,95.91,2024.0,95.91,85
2026-06-18T00:00:00Z,95.91,95.915,95.91,95.915,2244.0,95.9145,53
2026-06-18T00:15:00Z,95.915,95.92,95.915,95.92,454.0,95.915,27
2026-06-18T00:30:00Z,95.92,95.92,95.915,95.915,2640.0,95.9185,115
2026-06-18T00:45:00Z,95.915,95.92,95.915,95.915,3002.0,95.915,41
2026-06-18T01:00:00Z,95.92,95.925,95.915,95.925,1341.0,95.9225,39
2026-06-18T01:15:00Z,95.925,95.93,95.925,95.93,928.0,95.9275,18
2026-06-18T01:30:00Z,95.93,95.94,95.93,95.935,3021.0,95.935,74
2026-06-18T01:45:00Z,95.935,95.935,95.93,95.935,450.0,95.935,33
2026-06-18T02:00:00Z,95.935,95.935,95.93,95.93,1215.0,95.934,117
2026-06-18T02:15:00Z,95.93,95.935,95.93,95.93,473.0,95.932,54
2026-06-18T02:30:00Z,95.93,95.93,95.93,95.93,982.0,95.93,11
2026-06-18T02:45:00Z,95.93,95.935,95.93,95.93,994.0,95.93,19
2026-06-18T03:00:00Z,95.93,95.935,95.93,95.935,385.0,95.93,16
2026-06-18T03:15:00Z,95.935,95.935,95.935,95.935,708.0,95.935,17
2026-06-18T03:30:00Z,95.935,95.94,95.93,95.93,1284.0,95.9345,28
2026-06-18T03:45:00Z,95.93,95.935,95.93,95.935,402.0,95.9345,9
2026-06-18T04:00:00Z,95.935,95.935,95.935,95.935,1005.0,95.935,34
2026-06-18T04:15:00Z,95.935,95.935,95.93,95.935,937.0,95.9345,80
2026-06-18T04:30:00Z,95.935,95.94,95.935,95.94,2782.0,95.94,24
2026-06-18T04:45:00Z,95.94,95.94,95.94,95.94,1819.0,95.94,40
2026-06-18T05:00:00Z,95.94,95.94,95.935,95.94,108.0,95.9395,8
2026-06-18T05:15:00Z,95.94,95.94,95.935,95.935,1802.0,95.9355,63
2026-06-18T05:30:00Z,95.935,95.94,95.935,95.94,5834.0,95.9365,48
2026-06-18T05:45:00Z,95.94,95.94,95.925,95.925,13317.0,95.9285,129
2026-06-18T06:00:00Z,95.925,95.93,95.925,95.93,13583.0,95.9285,199
2026-06-18T06:15:00Z,95.93,95.935,95.93,95.935,2466.0,95.93,152
2026-06-18T06:30:00Z,95.93,95.93,95.925,95.93,3128.0,95.926,118
2026-06-18T06:45:00Z,95.93,95.935,95.93,95.935,4905.0,95.9305,76
2026-06-18T07:00:00Z,95.935,95.94,95.935,95.935,11185.0,95.935,740
2026-06-18T07:15:00Z,95.935,95.94,95.935,95.935,3274.0,95.9355,58
2026-06-18T07:30:00Z,95.94,95.94,95.93,95.94,7410.0,95.938,116
2026-06-18T07:45:00Z,95.935,95.94,95.935,95.935,6644.0,95.9355,101
2026-06-18T08:00:00Z,95.935,95.935,95.93,95.935,5174.0,95.935,179
2026-06-18T08:15:00Z,95.935,95.94,95.935,95.935,7302.0,95.935,143
2026-06-18T08:30:00Z,95.935,95.94,95.93,95.935,2469.0,95.935,126
2026-06-18T08:45:00Z,95.935,95.935,95.935,95.935,1905.0,95.935,85
2026-06-18T09:00:00Z,95.935,95.935,95.93,95.935,3845.0,95.934,120
2026-06-18T09:15:00Z,95.935,95.935,95.93,95.935,2840.0,95.935,78
2026-06-18T09:30:00Z,95.93,95.93,95.925,95.925,2314.0,95.9285,70
2026-06-18T09:45:00Z,95.925,95.925,95.92,95.92,4637.0,95.922,119
2026-06-18T10:00:00Z,95.915,95.915,95.905,95.91,16219.0,95.9115,280
2026-06-18T10:15:00Z,95.91,95.91,95.895,95.9,41741.0,95.904,300
2026-06-18T10:30:00Z,95.9,95.9,95.895,95.895,4690.0,95.896,81
2026-06-18T10:45:00Z,95.895,95.9,95.885,95.89,8688.0,95.892,131
2026-06-18T11:00:00Z,95.89,95.895,95.875,95.88,12527.0,95.882,383
2026-06-18T11:15:00Z,95.88,95.89,95.88,95.89,25685.0,95.885,224
2026-06-18T11:30:00Z,95.895,95.9,95.895,95.895,10246.0,95.8985,182
2026-06-18T11:45:00Z,95.9,95.9,95.89,95.89,6679.0,95.8975,140
2026-06-18T12:00:00Z,95.895,95.91,95.89,95.91,10648.0,95.898,375
2026-06-18T12:15:00Z,95.905,95.92,95.905,95.915,9627.0,95.9145,272
2026-06-18T12:30:00Z,95.915,95.92,95.9,95.9,34291.0,95.9125,315
2026-06-18T12:45:00Z,95.9,95.91,95.895,95.9,27574.0,95.9045,257
2026-06-18T13:00:00Z,95.9,95.91,95.9,95.91,17072.0,95.902,395
2026-06-18T13:15:00Z,95.91,95.92,95.905,95.92,12335.0,95.9145,278
2026-06-18T13:30:00Z,95.925,95.935,95.92,95.93,22417.0,95.928,458
2026-06-18T13:45:00Z,95.93,95.935,95.93,95.93,14959.0,95.932,263
2026-06-18T14:00:00Z,95.93,95.93,95.915,95.925,17822.0,95.9215,173
2026-06-18T14:15:00Z,95.925,95.935,95.92,95.935,8515.0,95.9295,182
2026-06-18T14:30:00Z,95.935,95.94,95.93,95.935,14998.0,95.935,299
2026-06-18T14:45:00Z,95.935,95.935,95.93,95.935,7490.0,95.935,85
2026-06-18T15:00:00Z,95.935,95.94,95.93,95.94,6590.0,95.939,197
2026-06-18T15:15:00Z,95.935,95.94,95.925,95.925,10941.0,95.9305,142
2026-06-18T15:30:00Z,95.925,95.93,95.92,95.925,4159.0,95.925,153
2026-06-18T15:45:00Z,95.925,95.925,95.92,95.92,4975.0,95.9235,53
2026-06-18T16:00:00Z,95.92,95.925,95.915,95.92,5336.0,95.92,143
2026-06-18T16:15:00Z,95.92,95.93,95.92,95.93,14730.0,95.9255,91
2026-06-18T16:30:00Z,95.925,95.93,95.925,95.93,4976.0,95.925,103
2026-06-18T16:45:00Z,95.925,95.93,95.92,95.925,9408.0,95.925,295
2026-06-18T17:00:00Z,95.925,95.93,95.92,95.925,2604.0,95.925,166
2026-06-18T17:15:00Z,95.925,95.93,95.92,95.93,4522.0,95.925,95
2026-06-18T17:30:00Z,95.93,95.93,95.92,95.925,3100.0,95.9235,58
2026-06-18T17:45:00Z,95.925,95.93,95.92,95.93,4925.0,95.925,110
2026-06-18T18:00:00Z,95.93,95.93,95.925,95.925,3035.0,95.925,72
2026-06-18T18:15:00Z,95.925,95.925,95.915,95.915,585.0,95.92,43
2026-06-18T18:30:00Z,95.92,95.92,95.91,95.92,6331.0,95.9145,127
2026-06-18T18:45:00Z,95.915,95.92,95.9,95.9,14645.0,95.9105,254
2026-06-18T19:00:00Z,95.905,95.91,95.9,95.91,3579.0,95.905,96
2026-06-18T19:15:00Z,95.905,95.91,95.905,95.905,4374.0,95.9055,121
2026-06-18T19:30:00Z,95.9,95.91,95.9,95.91,5014.0,95.9035,50
2026-06-18T19:45:00Z,95.91,95.91,95.9,95.905,3205.0,95.9055,74
2026-06-18T20:00:00Z,95.905,95.91,95.905,95.91,1296.0,95.9055,85
2026-06-18T20:15:00Z,95.91,95.91,95.905,95.91,289.0,95.9095,37
2026-06-18T20:30:00Z,95.91,95.915,95.91,95.91,1695.0,95.91,98
2026-06-18T20:45:00Z,95.91,95.91,95.905,95.905,6949.0,95.909,48
2026-06-18T22:00:00Z,95.905,95.91,95.905,95.91,33.0,95.9085,11
2026-06-18T22:15:00Z,95.91,95.91,95.905,95.905,169.0,95.906,2
2026-06-18T22:30:00Z,95.905,95.905,95.905,95.905,88.0,95.905,3
2026-06-18T22:45:00Z,95.91,95.91,95.905,95.91,872.0,95.91,12
2026-06-18T23:00:00Z,95.91,95.91,95.905,95.905,7.0,95.9095,3
2026-06-18T23:15:00Z,95.91,95.91,95.91,95.91,265.0,95.91,5
2026-06-18T23:30:00Z,95.91,95.91,95.91,95.91,13.0,95.91,1
2026-06-18T23:45:00Z,95.91,95.91,95.91,95.91,145.0,95.91,8
2026-06-19T00:00:00Z,95.91,95.91,95.91,95.91,0.0,95.91,0
2026-06-19T00:15:00Z,95.91,95.91,95.91,95.91,0.0,95.91,0
2026-06-19T00:30:00Z,95.915,95.915,95.915,95.915,25.0,95.915,1
2026-06-19T00:45:00Z,95.915,95.915,95.915,95.915,363.0,95.915,12
2026-06-19T01:00:00Z,95.915,95.915,95.915,95.915,14.0,95.915,1
2026-06-19T01:15:00Z,95.91,95.91,95.91,95.91,131.0,95.91,5
2026-06-19T01:30:00Z,95.905,95.905,95.9,95.905,996.0,95.905,11
2026-06-19T01:45:00Z,95.905,95.905,95.905,95.905,113.0,95.905,1
2026-06-19T02:00:00Z,95.9,95.9,95.9,95.9,1201.0,95.9,19
2026-06-19T02:15:00Z,95.9,95.9,95.9,95.9,483.0,95.9,12
2026-06-19T02:30:00Z,95.9,95.9,95.9,95.9,2162.0,95.9,20
2026-06-19T02:45:00Z,95.9,95.9,95.9,95.9,323.0,95.9,13
2026-06-19T03:00:00Z,95.9,95.9,95.9,95.9,0.0,95.9,0
2026-06-19T03:15:00Z,95.895,95.895,95.89,95.89,527.0,95.895,9
2026-06-19T03:30:00Z,95.89,95.89,95.89,95.89,2512.0,95.89,32
2026-06-19T03:45:00Z,95.89,95.895,95.89,95.895,323.0,95.892,5
2026-06-19T04:00:00Z,95.895,95.895,95.895,95.895,16.0,95.895,2
2026-06-19T04:15:00Z,95.895,95.895,95.895,95.895,3.0,95.895,3
2026-06-19T04:30:00Z,95.895,95.895,95.895,95.895,0.0,95.895,0
2026-06-19T04:45:00Z,95.895,95.895,95.895,95.895,966.0,95.895,16
2026-06-19T05:00:00Z,95.895,95.895,95.885,95.885,1042.0,95.89,23
2026-06-19T05:15:00Z,95.88,95.88,95.875,95.88,1224.0,95.878,22
2026-06-19T05:30:00Z,95.88,95.885,95.88,95.885,1600.0,95.882,26
2026-06-19T05:45:00Z,95.885,95.885,95.885,95.885,492.0,95.885,21
2026-06-19T06:00:00Z,95.88,95.88,95.88,95.88,2.0,95.88,1
2026-06-19T06:15:00Z,95.885,95.885,95.885,95.885,126.0,95.885,5
2026-06-19T06:30:00Z,95.885,95.89,95.885,95.89,1202.0,95.8865,33
2026-06-19T06:45:00Z,95.89,95.895,95.89,95.89,103.0,95.891,6
2026-06-19T07:00:00Z,95.895,95.895,95.89,95.895,610.0,95.895,20
2026-06-19T07:15:00Z,95.895,95.895,95.89,95.895,518.0,95.894,9
2026-06-19T07:30:00Z,95.895,95.9,95.895,95.895,668.0,95.895,14
2026-06-19T07:45:00Z,95.895,95.895,95.895,95.895,949.0,95.895,32
2026-06-19T08:00:00Z,95.895,95.895,95.895,95.895,1528.0,95.895,65
2026-06-19T08:15:00Z,95.895,95.895,95.89,95.895,626.0,95.893,41
2026-06-19T08:30:00Z,95.895,95.9,95.895,95.9,889.0,95.896,11
2026-06-19T08:45:00Z,95.9,95.9,95.9,95.9,2353.0,95.9,17
2026-06-19T09:00:00Z,95.9,95.9,95.895,95.9,264.0,95.9,9
2026-06-19T09:15:00Z,95.9,95.9,95.895,95.895,848.0,95.895,33
2026-06-19T09:30:00Z,95.895,95.895,95.895,95.895,615.0,95.895,30
2026-06-19T09:45:00Z,95.89,95.895,95.89,95.895,1209.0,95.8945,68
2026-06-19T10:00:00Z,95.89,95.895,95.89,95.89,2602.0,95.89,60
2026-06-19T10:15:00Z,95.89,95.89,95.885,95.885,412.0,95.89,24
2026-06-19T10:30:00Z,95.89,95.895,95.885,95.89,1849.0,95.89,43
2026-06-19T10:45:00Z,95.89,95.895,95.89,95.895,1419.0,95.891,51
2026-06-19T11:00:00Z,95.895,95.895,95.89,95.89,4419.0,95.89,64
2026-06-19T11:15:00Z,95.89,95.89,95.885,95.885,2491.0,95.889,13
2026-06-19T11:30:00Z,95.885,95.885,95.885,95.885,2720.0,95.885,41
2026-06-19T11:45:00Z,95.885,95.89,95.885,95.885,1000.0,95.8855,36
2026-06-19T12:00:00Z,95.89,95.89,95.885,95.89,1483.0,95.89,39
2026-06-19T12:15:00Z,95.89,95.89,95.885,95.885,77.0,95.889,13
2026-06-19T12:30:00Z,95.885,95.89,95.885,95.885,2558.0,95.885,61
2026-06-19T12:45:00Z,95.885,95.895,95.885,95.89,7710.0,95.892,189
2026-06-19T13:00:00Z,95.89,95.895,95.885,95.885,4982.0,95.891,97
2026-06-19T13:15:00Z,95.885,95.885,95.885,95.885,1376.0,95.885,47
2026-06-19T13:30:00Z,95.885,95.885,95.88,95.88,6886.0,95.8845,125
2026-06-19T13:45:00Z,95.88,95.885,95.875,95.875,2154.0,95.882,79
2026-06-19T14:00:00Z,95.88,95.88,95.875,95.875,191.0,95.876,9
2026-06-19T14:15:00Z,95.88,95.88,95.88,95.88,271.0,95.88,6
2026-06-19T14:30:00Z,95.88,95.88,95.87,95.87,5693.0,95.878,47
2026-06-19T14:45:00Z,95.87,95.875,95.865,95.875,1947.0,95.87,50
2026-06-19T15:00:00Z,95.87,95.875,95.87,95.875,4079.0,95.8735,60
2026-06-19T15:15:00Z,95.875,95.88,95.875,95.875,2524.0,95.8755,74
2026-06-19T15:30:00Z,95.875,95.875,95.875,95.875,604.0,95.875,28
2026-06-19T15:45:00Z,95.875,95.875,95.87,95.87,3.0,95.8715,3
2026-06-19T16:00:00Z,95.875,95.875,95.875,95.875,77.0,95.875,3
2026-06-19T16:15:00Z,95.875,95.875,95.87,95.87,85.0,95.8735,5
2026-06-19T16:30:00Z,95.875,95.875,95.87,95.87,59.0,95.8705,4
2026-06-19T16:45:00Z,95.875,95.875,95.87,95.875,1459.0,95.8745,16
2026-06-21T22:00:00Z,95.87,95.87,95.85,95.85,6339.0,95.8595,162
2026-06-21T22:15:00Z,95.855,95.86,95.855,95.86,1026.0,95.8555,23
2026-06-21T22:30:00Z,95.855,95.86,95.855,95.855,912.0,95.855,22
2026-06-21T22:45:00Z,95.855,95.855,95.855,95.855,0.0,95.855,0
2026-06-21T23:00:00Z,95.855,95.855,95.855,95.855,720.0,95.855,20
2026-06-21T23:15:00Z,95.85,95.855,95.85,95.855,653.0,95.8545,7
2026-06-21T23:30:00Z,95.855,95.855,95.855,95.855,582.0,95.855,30
2026-06-21T23:45:00Z,95.855,95.855,95.855,95.855,734.0,95.855,32
2026-06-22T00:00:00Z,95.86,95.86,95.855,95.855,1799.0,95.855,73
2026-06-22T00:15:00Z,95.855,95.86,95.855,95.86,617.0,95.8595,43
2026-06-22T00:30:00Z,95.86,95.86,95.86,95.86,250.0,95.86,2
2026-06-22T00:45:00Z,95.855,95.86,95.855,95.86,1147.0,95.86,47
2026-06-22T01:00:00Z,95.86,95.865,95.86,95.865,1112.0,95.865,34
2026-06-22T01:15:00Z,95.865,95.865,95.86,95.865,254.0,95.865,5
2026-06-22T01:30:00Z,95.865,95.875,95.865,95.875,4225.0,95.8675,54
2026-06-22T01:45:00Z,95.875,95.875,95.87,95.875,1094.0,95.872,91
2026-06-22T02:00:00Z,95.87,95.87,95.87,95.87,582.0,95.87,9
2026-06-22T02:15:00Z,95.87,95.875,95.87,95.875,1074.0,95.871,18
2026-06-22T02:30:00Z,95.87,95.87,95.87,95.87,381.0,95.87,11
2026-06-22T02:45:00Z,95.87,95.87,95.87,95.87,46.0,95.87,3
2026-06-22T03:00:00Z,95.87,95.87,95.865,95.865,1861.0,95.8685,89
2026-06-22T03:15:00Z,95.865,95.865,95.86,95.86,1175.0,95.864,33
2026-06-22T03:30:00Z,95.86,95.86,95.86,95.86,1091.0,95.86,15
2026-06-22T03:45:00Z,95.86,95.86,95.855,95.855,489.0,95.858,13
2026-06-22T04:00:00Z,95.855,95.855,95.855,95.855,819.0,95.855,9
2026-06-22T04:15:00Z,95.855,95.855,95.85,95.855,3848.0,95.855,47
2026-06-22T04:30:00Z,95.855,95.855,95.855,95.855,347.0,95.855,5
2026-06-22T04:45:00Z,95.855,95.855,95.855,95.855,386.0,95.855,9
2026-06-22T05:00:00Z,95.855,95.86,95.855,95.86,106.0,95.8555,7
2026-06-22T05:15:00Z,95.86,95.86,95.86,95.86,336.0,95.86,27
2026-06-22T05:30:00Z,95.865,95.865,95.865,95.865,561.0,95.865,5
2026-06-22T05:45:00Z,95.865,95.865,95.86,95.86,102.0,95.865,2
2026-06-22T06:00:00Z,95.865,95.865,95.86,95.86,1691.0,95.865,32
2026-06-22T06:15:00Z,95.865,95.87,95.865,95.87,938.0,95.865,30
2026-06-22T06:30:00Z,95.865,95.875,95.865,95.87,2193.0,95.8705,57
2026-06-22T06:45:00Z,95.87,95.88,95.87,95.875,5371.0,95.8785,49
2026-06-22T07:00:00Z,95.88,95.88,95.875,95.875,976.0,95.875,47
2026-06-22T07:15:00Z,95.88,95.88,95.875,95.88,376.0,95.878,33
2026-06-22T07:30:00Z,95.875,95.875,95.875,95.875,4662.0,95.875,167
2026-06-22T07:45:00Z,95.875,95.875,95.875,95.875,1136.0,95.875,31
2026-06-22T08:00:00Z,95.875,95.875,95.865,95.87,4381.0,95.8685,108
2026-06-22T08:15:00Z,95.865,95.87,95.865,95.87,5862.0,95.8695,128
2026-06-22T08:30:00Z,95.87,95.87,95.87,95.87,2541.0,95.87,129
2026-06-22T08:45:00Z,95.87,95.87,95.865,95.865,3429.0,95.8655,18
2026-06-22T09:00:00Z,95.87,95.875,95.87,95.875,2568.0,95.87,103
2026-06-22T09:15:00Z,95.875,95.88,95.875,95.875,4288.0,95.875,78
2026-06-22T09:30:00Z,95.875,95.875,95.87,95.87,3228.0,95.873,76
2026-06-22T09:45:00Z,95.87,95.875,95.87,95.87,3301.0,95.8705,77
2026-06-22T10:00:00Z,95.87,95.87,95.87,95.87,3078.0,95.87,95
2026-06-22T10:15:00Z,95.87,95.87,95.87,95.87,1562.0,95.87,36
2026-06-22T10:30:00Z,95.87,95.87,95.865,95.865,3967.0,95.8685,72
2026-06-22T10:45:00Z,95.865,95.87,95.865,95.87,2387.0,95.87,51
2026-06-22T11:00:00Z,95.865,95.88,95.865,95.87,1588.0,95.8715,35
2026-06-22T11:15:00Z,95.875,95.875,95.87,95.87,3495.0,95.8725,37
2026-06-22T11:30:00Z,95.87,95.875,95.87,95.87,1985.0,95.87,45
2026-06-22T11:45:00Z,95.87,95.87,95.865,95.865,958.0,95.8695,27
2026-06-22T12:00:00Z,95.865,95.87,95.865,95.865,8876.0,95.865,134
2026-06-22T12:15:00Z,95.865,95.875,95.865,95.875,5963.0,95.868,208
2026-06-22T12:30:00Z,95.87,95.875,95.865,95.87,8831.0,95.8695,138
2026-06-22T12:45:00Z,95.87,95.87,95.865,95.87,7697.0,95.87,134
2026-06-22T13:00:00Z,95.87,95.885,95.865,95.87,17374.0,95.874,501
2026-06-22T13:15:00Z,95.87,95.875,95.86,95.875,17064.0,95.8675,238
2026-06-22T13:30:00Z,95.875,95.875,95.87,95.875,4649.0,95.8725,175
2026-06-22T13:45:00Z,95.875,95.88,95.86,95.86,14139.0,95.8695,325
2026-06-22T14:00:00Z,95.865,95.88,95.86,95.875,12704.0,95.869,385
2026-06-22T14:15:00Z,95.875,95.88,95.87,95.88,8816.0,95.8755,185
2026-06-22T14:30:00Z,95.875,95.88,95.87,95.88,8922.0,95.875,176
2026-06-22T14:45:00Z,95.88,95.885,95.875,95.875,3870.0,95.88,210
2026-06-22T15:00:00Z,95.875,95.88,95.875,95.88,6577.0,95.8785,286
2026-06-22T15:15:00Z,95.88,95.885,95.875,95.875,10681.0,95.8795,156
2026-06-22T15:30:00Z,95.875,95.88,95.87,95.875,4180.0,95.875,116
2026-06-22T15:45:00Z,95.875,95.875,95.86,95.86,8013.0,95.8675,194
2026-06-22T16:00:00Z,95.86,95.865,95.86,95.865,596.0,95.8635,43
2026-06-22T16:15:00Z,95.86,95.875,95.86,95.87,39977.0,95.8705,185
2026-06-22T16:30:00Z,95.87,95.875,95.87,95.87,852.0,95.873,23
2026-06-22T16:45:00Z,95.87,95.88,95.87,95.875,11282.0,95.8775,104
2026-06-22T17:00:00Z,95.88,95.88,95.875,95.875,3260.0,95.8795,44
2026-06-22T17:15:00Z,95.875,95.88,95.875,95.88,8319.0,95.88,117
2026-06-22T17:30:00Z,95.875,95.88,95.875,95.88,293.0,95.8775,20
2026-06-22T17:45:00Z,95.875,95.875,95.87,95.875,14725.0,95.875,124
2026-06-22T18:00:00Z,95.875,95.88,95.875,95.875,278.0,95.876,67
2026-06-22T18:15:00Z,95.875,95.88,95.87,95.875,5894.0,95.875,94
2026-06-22T18:30:00Z,95.875,95.88,95.875,95.875,234.0,95.879,10
2026-06-22T18:45:00Z,95.88,95.88,95.87,95.875,11812.0,95.873,433
2026-06-22T19:00:00Z,95.875,95.875,95.87,95.875,4479.0,95.875,154
2026-06-22T19:15:00Z,95.875,95.875,95.87,95.87,792.0,95.875,44
2026-06-22T19:30:00Z,95.87,95.88,95.87,95.875,3659.0,95.877,81
2026-06-22T19:45:00Z,95.88,95.88,95.875,95.88,8107.0,95.88,181
2026-06-22T20:00:00Z,95.88,95.885,95.875,95.88,4153.0,95.8795,128
2026-06-22T20:15:00Z,95.88,95.88,95.875,95.88,5192.0,95.88,73
2026-06-22T20:30:00Z,95.88,95.88,95.875,95.88,2173.0,95.88,29
2026-06-22T20:45:00Z,95.88,95.885,95.88,95.88,1592.0,95.8805,112
2026-06-22T22:00:00Z,95.88,95.88,95.88,95.88,298.0,95.88,16
2026-06-22T22:15:00Z,95.88,95.88,95.88,95.88,0.0,95.88,0
2026-06-22T22:30:00Z,95.885,95.885,95.885,95.885,34.0,95.885,1
2026-06-22T22:45:00Z,95.88,95.88,95.88,95.88,50.0,95.88,1
2026-06-22T23:00:00Z,95.885,95.885,95.885,95.885,963.0,95.885,15
2026-06-22T23:15:00Z,95.885,95.885,95.885,95.885,229.0,95.885,7
2026-06-22T23:30:00Z,95.885,95.885,95.885,95.885,192.0,95.885,3
2026-06-22T23:45:00Z,95.885,95.885,95.88,95.88,383.0,95.8845,18
2026-06-23T00:00:00Z,95.885,95.885,95.885,95.885,892.0,95.885,43
2026-06-23T00:15:00Z,95.89,95.89,95.89,95.89,1384.0,95.89,23
2026-06-23T00:30:00Z,95.89,95.89,95.89,95.89,58.0,95.89,3
2026-06-23T00:45:00Z,95.885,95.885,95.885,95.885,2.0,95.885,2
2026-06-23T01:00:00Z,95.89,95.89,95.89,95.89,1239.0,95.89,13
2026-06-23T01:15:00Z,95.89,95.89,95.89,95.89,1421.0,95.89,40
2026-06-23T01:30:00Z,95.89,95.89,95.89,95.89,12.0,95.89,3
2026-06-23T01:45:00Z,95.895,95.9,95.895,95.9,1425.0,95.8955,53
2026-06-23T02:00:00Z,95.9,95.905,95.9,95.905,1295.0,95.9015,61
2026-06-23T02:15:00Z,95.905,95.905,95.9,95.9,1007.0,95.9,20
2026-06-23T02:30:00Z,95.9,95.9,95.9,95.9,724.0,95.9,8
2026-06-23T02:45:00Z,95.9,95.905,95.9,95.905,169.0,95.905,6
2026-06-23T03:00:00Z,95.905,95.905,95.9,95.9,11.0,95.904,3
2026-06-23T03:15:00Z,95.905,95.905,95.9,95.905,1277.0,95.9045,9
2026-06-23T03:30:00Z,95.905,95.905,95.905,95.905,3556.0,95.905,69
2026-06-23T03:45:00Z,95.91,95.91,95.91,95.91,1423.0,95.91,77
2026-06-23T04:00:00Z,95.91,95.91,95.91,95.91,606.0,95.91,16
2026-06-23T04:15:00Z,95.905,95.905,95.905,95.905,112.0,95.905,1
2026-06-23T04:30:00Z,95.905,95.905,95.905,95.905,196.0,95.905,25
2026-06-23T04:45:00Z,95.905,95.905,95.9,95.9,414.0,95.904,13
2026-06-23T05:00:00Z,95.9,95.9,95.9,95.9,0.0,95.9,0
2026-06-23T05:15:00Z,95.9,95.9,95.9,95.9,500.0,95.9,1
2026-06-23T05:30:00Z,95.905,95.905,95.905,95.905,1091.0,95.905,7
2026-06-23T05:45:00Z,95.9,95.9,95.9,95.9,302.0,95.9,3
2026-06-23T06:00:00Z,95.905,95.905,95.905,95.905,2832.0,95.905,25
2026-06-23T06:15:00Z,95.91,95.92,95.91,95.92,3814.0,95.9155,64
2026-06-23T06:30:00Z,95.92,95.925,95.92,95.92,9627.0,95.9215,152
2026-06-23T06:45:00Z,95.92,95.925,95.92,95.92,2207.0,95.921,59
2026-06-23T07:00:00Z,95.92,95.925,95.915,95.92,4876.0,95.92,107
2026-06-23T07:15:00Z,95.92,95.925,95.915,95.92,4636.0,95.92,152
2026-06-23T07:30:00Z,95.925,95.925,95.92,95.92,3518.0,95.921,157
2026-06-23T07:45:00Z,95.92,95.925,95.92,95.92,4801.0,95.92,142
2026-06-23T08:00:00Z,95.925,95.925,95.915,95.92,4601.0,95.92,147
2026-06-23T08:15:00Z,95.92,95.925,95.92,95.92,2081.0,95.92,102
2026-06-23T08:30:00Z,95.92,95.925,95.92,95.92,1576.0,95.921,50
2026-06-23T08:45:00Z,95.92,95.925,95.92,95.92,509.0,95.923,19
2026-06-23T09:00:00Z,95.92,95.925,95.92,95.92,2312.0,95.92,38
2026-06-23T09:15:00Z,95.92,95.92,95.915,95.92,1749.0,95.92,56
2026-06-23T09:30:00Z,95.925,95.925,95.92,95.925,527.0,95.9215,9
2026-06-23T09:45:00Z,95.925,95.93,95.92,95.92,2905.0,95.9255,59
2026-06-23T10:00:00Z,95.925,95.925,95.925,95.925,814.0,95.925,49
2026-06-23T10:15:00Z,95.925,95.93,95.92,95.92,5575.0,95.9245,86
2026-06-23T10:30:00Z,95.925,95.925,95.915,95.915,2245.0,95.9185,99
2026-06-23T10:45:00Z,95.915,95.915,95.91,95.91,1578.0,95.9135,88
2026-06-23T11:00:00Z,95.91,95.915,95.91,95.915,1586.0,95.915,47
2026-06-23T11:15:00Z,95.915,95.925,95.915,95.92,5351.0,95.921,113
2026-06-23T11:30:00Z,95.92,95.92,95.915,95.92,6837.0,95.92,72
2026-06-23T11:45:00Z,95.92,95.92,95.915,95.915,10457.0,95.9195,276
2026-06-23T12:00:00Z,95.915,95.915,95.91,95.915,4615.0,95.9145,101
2026-06-23T12:15:00Z,95.91,95.915,95.91,95.915,7878.0,95.913,123
2026-06-23T12:30:00Z,95.915,95.93,95.915,95.925,24168.0,95.9225,408
2026-06-23T12:45:00Z,95.925,95.925,95.92,95.92,960.0,95.925,105
2026-06-23T13:00:00Z,95.92,95.925,95.915,95.92,3686.0,95.9215,162
2026-06-23T13:15:00Z,95.92,95.925,95.92,95.925,5882.0,95.9205,87
2026-06-23T13:30:00Z,95.925,95.93,95.92,95.925,7440.0,95.9255,119
2026-06-23T13:45:00Z,95.92,95.93,95.92,95.925,4921.0,95.925,186
2026-06-23T14:00:00Z,95.92,95.93,95.92,95.925,5533.0,95.926,198
2026-06-23T14:15:00Z,95.925,95.93,95.92,95.925,3675.0,95.925,97
2026-06-23T14:30:00Z,95.925,95.93,95.92,95.92,2527.0,95.9235,46
2026-06-23T14:45:00Z,95.925,95.925,95.92,95.92,2469.0,95.9205,71
2026-06-23T15:00:00Z,95.92,95.92,95.915,95.92,2595.0,95.92,131
2026-06-23T15:15:00Z,95.92,95.93,95.92,95.925,7436.0,95.9235,213
2026-06-23T15:30:00Z,95.925,95.93,95.925,95.93,2971.0,95.9295,93
2026-06-23T15:45:00Z,95.935,95.935,95.925,95.93,4522.0,95.93,188
2026-06-23T16:00:00Z,95.93,95.93,95.925,95.93,4760.0,95.93,85
2026-06-23T16:15:00Z,95.93,95.93,95.925,95.93,10195.0,95.9295,594
2026-06-23T16:30:00Z,95.93,95.935,95.925,95.935,2105.0,95.93,58
2026-06-23T16:45:00Z,95.93,95.935,95.93,95.93,1617.0,95.9305,37
2026-06-23T17:00:00Z,95.93,95.93,95.925,95.93,2873.0,95.93,91
2026-06-23T17:15:00Z,95.925,95.93,95.925,95.925,3195.0,95.926,57
2026-06-23T17:30:00Z,95.925,95.925,95.92,95.925,8888.0,95.922,236
2026-06-23T17:45:00Z,95.925,95.925,95.92,95.925,2296.0,95.925,98
2026-06-23T18:00:00Z,95.925,95.93,95.92,95.925,3057.0,95.925,207
2026-06-23T18:15:00Z,95.925,95.925,95.92,95.92,704.0,95.9235,35
2026-06-23T18:30:00Z,95.92,95.925,95.92,95.92,3624.0,95.92,90
2026-06-23T18:45:00Z,95.925,95.925,95.915,95.92,2100.0,95.9205,104
2026-06-23T19:00:00Z,95.92,95.925,95.915,95.92,10044.0,95.9175,107
2026-06-23T19:15:00Z,95.92,95.925,95.915,95.915,2613.0,95.92,165
2026-06-23T19:30:00Z,95.92,95.925,95.915,95.92,4346.0,95.92,114
2026-06-23T19:45:00Z,95.925,95.925,95.915,95.92,1405.0,95.9195,79
2026-06-23T20:00:00Z,95.92,95.92,95.915,95.915,959.0,95.9155,54
2026-06-23T20:15:00Z,95.915,95.92,95.915,95.915,931.0,95.917,80
2026-06-23T20:30:00Z,95.915,95.915,95.915,95.915,369.0,95.915,92
2026-06-23T20:45:00Z,95.915,95.92,95.91,95.915,3289.0,95.915,121
2026-06-23T22:00:00Z,95.915,95.92,95.915,95.915,4.0,95.9165,4
2026-06-23T22:15:00Z,95.915,95.915,95.91,95.915,386.0,95.915,23
2026-06-23T22:30:00Z,95.915,95.915,95.915,95.915,68.0,95.915,5
2026-06-23T22:45:00Z,95.92,95.92,95.92,95.92,173.0,95.92,9
2026-06-23T23:00:00Z,95.92,95.92,95.92,95.92,1022.0,95.92,25
2026-06-23T23:15:00Z,95.92,95.92,95.92,95.92,17.0,95.92,2
2026-06-23T23:30:00Z,95.92,95.925,95.92,95.925,2202.0,95.922,67
2026-06-23T23:45:00Z,95.925,95.925,95.925,95.925,167.0,95.925,8
2026-06-24T00:00:00Z,95.925,95.925,95.925,95.925,261.0,95.925,16
2026-06-24T00:15:00Z,95.92,95.925,95.92,95.925,253.0,95.92,6
2026-06-24T00:30:00Z,95.92,95.92,95.92,95.92,818.0,95.92,11
2026-06-24T00:45:00Z,95.92,95.92,95.92,95.92,316.0,95.92,30
2026-06-24T01:00:00Z,95.925,95.925,95.925,95.925,431.0,95.925,12
2026-06-24T01:15:00Z,95.925,95.925,95.925,95.925,279.0,95.925,30
2026-06-24T01:30:00Z,95.92,95.92,95.915,95.92,1767.0,95.9185,35
2026-06-24T01:45:00Z,95.92,95.92,95.92,95.92,481.0,95.92,11
2026-06-24T02:00:00Z,95.915,95.915,95.915,95.915,1254.0,95.915,14
2026-06-24T02:15:00Z,95.915,95.915,95.915,95.915,0.0,95.915,0
2026-06-24T02:30:00Z,95.92,95.92,95.915,95.92,945.0,95.92,25
2026-06-24T02:45:00Z,95.925,95.925,95.925,95.925,867.0,95.925,8
2026-06-24T03:00:00Z,95.925,95.925,95.92,95.92,513.0,95.9245,11
2026-06-24T03:15:00Z,95.92,95.92,95.92,95.92,529.0,95.92,9
2026-06-24T03:30:00Z,95.92,95.92,95.92,95.92,0.0,95.92,0
2026-06-24T03:45:00Z,95.925,95.925,95.92,95.925,795.0,95.925,45
2026-06-24T04:00:00Z,95.925,95.925,95.925,95.925,302.0,95.925,2
2026-06-24T04:15:00Z,95.92,95.925,95.92,95.925,127.0,95.925,2
2026-06-24T04:30:00Z,95.92,95.92,95.92,95.92,123.0,95.92,14
2026-06-24T04:45:00Z,95.92,95.92,95.92,95.92,745.0,95.92,11
2026-06-24T05:00:00Z,95.915,95.915,95.915,95.915,29.0,95.915,3
2026-06-24T05:15:00Z,95.915,95.915,95.915,95.915,711.0,95.915,24
2026-06-24T05:30:00Z,95.915,95.915,95.915,95.915,150.0,95.915,5
2026-06-24T05:45:00Z,95.915,95.915,95.915,95.915,263.0,95.915,5
2026-06-24T06:00:00Z,95.915,95.92,95.915,95.92,289.0,95.917,9
2026-06-24T06:15:00Z,95.92,95.92,95.92,95.92,1136.0,95.92,30
2026-06-24T06:30:00Z,95.92,95.92,95.92,95.92,792.0,95.92,37
2026-06-24T06:45:00Z,95.92,95.92,95.92,95.92,883.0,95.92,30
2026-06-24T07:00:00Z,95.925,95.925,95.92,95.92,2224.0,95.9245,79
2026-06-24T07:15:00Z,95.92,95.92,95.92,95.92,584.0,95.92,36
2026-06-24T07:30:00Z,95.92,95.92,95.915,95.92,1540.0,95.92,88
2026-06-24T07:45:00Z,95.92,95.92,95.92,95.92,750.0,95.92,71
2026-06-24T08:00:00Z,95.92,95.925,95.92,95.925,77.0,95.9205,5
2026-06-24T08:15:00Z,95.925,95.925,95.92,95.92,571.0,95.922,6
2026-06-24T08:30:00Z,95.92,95.92,95.92,95.92,992.0,95.92,29
2026-06-24T08:45:00Z,95.925,95.925,95.925,95.925,93.0,95.925,4
2026-06-24T09:00:00Z,95.925,95.925,95.92,95.925,2067.0,95.924,50
2026-06-24T09:15:00Z,95.925,95.925,95.92,95.92,657.0,95.924,21
2026-06-24T09:30:00Z,95.92,95.92,95.92,95.92,1071.0,95.92,22
2026-06-24T09:45:00Z,95.92,95.92,95.915,95.92,438.0,95.9195,13
2026-06-24T10:00:00Z,95.92,95.92,95.92,95.92,1491.0,95.92,73
2026-06-24T10:15:00Z,95.92,95.92,95.92,95.92,2025.0,95.92,90
2026-06-24T10:30:00Z,95.92,95.925,95.92,95.92,1260.0,95.92,36
2026-06-24T10:45:00Z,95.92,95.92,95.92,95.92,29.0,95.92,1
2026-06-24T11:00:00Z,95.925,95.925,95.915,95.915,1161.0,95.92,29
2026-06-24T11:15:00Z,95.915,95.92,95.91,95.92,8406.0,95.916,108
2026-06-24T11:30:00Z,95.92,95.925,95.92,95.925,3835.0,95.9225,196
2026-06-24T11:45:00Z,95.925,95.94,95.925,95.935,9895.0,95.932,217
2026-06-24T12:00:00Z,95.93,95.94,95.93,95.935,12015.0,95.935,288
2026-06-24T12:15:00Z,95.935,95.94,95.93,95.935,14511.0,95.935,489
2026-06-24T12:30:00Z,95.935,95.94,95.935,95.94,20884.0,95.9385,456
2026-06-24T12:45:00Z,95.94,95.945,95.935,95.94,9842.0,95.94,268
2026-06-24T13:00:00Z,95.94,95.945,95.935,95.94,14899.0,95.9405,337
2026-06-24T13:15:00Z,95.94,95.95,95.94,95.95,14505.0,95.943,357
2026-06-24T13:30:00Z,95.95,95.965,95.945,95.965,19195.0,95.9555,272
2026-06-24T13:45:00Z,95.96,95.96,95.95,95.955,11951.0,95.955,295
2026-06-24T14:00:00Z,95.955,95.96,95.95,95.955,16455.0,95.955,456
2026-06-24T14:15:00Z,95.955,95.96,95.95,95.955,18178.0,95.955,271
2026-06-24T14:30:00Z,95.955,95.96,95.95,95.955,4830.0,95.955,160
2026-06-24T14:45:00Z,95.955,95.955,95.95,95.955,769.0,95.9545,37
2026-06-24T15:00:00Z,95.95,95.955,95.95,95.95,12696.0,95.9525,251
2026-06-24T15:15:00Z,95.95,95.955,95.945,95.95,10312.0,95.947,253
2026-06-24T15:30:00Z,95.945,95.95,95.945,95.95,8565.0,95.95,174
2026-06-24T15:45:00Z,95.95,95.96,95.95,95.955,33521.0,95.9555,193
2026-06-24T16:00:00Z,95.955,95.96,95.955,95.955,4835.0,95.955,293
2026-06-24T16:15:00Z,95.955,95.955,95.945,95.95,9285.0,95.95,102
2026-06-24T16:30:00Z,95.955,95.955,95.945,95.95,4785.0,95.9495,32
2026-06-24T16:45:00Z,95.95,95.95,95.945,95.95,6303.0,95.9495,120
2026-06-24T17:00:00Z,95.95,95.955,95.945,95.955,3166.0,95.95,169
2026-06-24T17:15:00Z,95.955,95.96,95.95,95.96,4256.0,95.955,127
2026-06-24T17:30:00Z,95.96,95.965,95.96,95.96,9144.0,95.961,224
2026-06-24T17:45:00Z,95.965,95.965,95.955,95.965,12462.0,95.96,221
2026-06-24T18:00:00Z,95.96,95.965,95.96,95.96,1553.0,95.9605,225
2026-06-24T18:15:00Z,95.96,95.965,95.96,95.96,2613.0,95.96,199
2026-06-24T18:30:00Z,95.96,95.965,95.96,95.96,1806.0,95.96,153
2026-06-24T18:45:00Z,95.96,95.965,95.96,95.965,5054.0,95.965,394
2026-06-24T19:00:00Z,95.96,95.97,95.96,95.965,4749.0,95.965,389
2026-06-24T19:15:00Z,95.96,95.965,95.95,95.95,4376.0,95.957,141
2026-06-24T19:30:00Z,95.955,95.96,95.955,95.955,1935.0,95.955,71
2026-06-24T19:45:00Z,95.955,95.96,95.95,95.955,3912.0,95.9555,170
2026-06-24T20:00:00Z,95.955,95.955,95.95,95.955,1505.0,95.955,61
2026-06-24T20:15:00Z,95.95,95.95,95.945,95.95,5743.0,95.95,114
2026-06-24T20:30:00Z,95.955,95.955,95.945,95.95,5430.0,95.95,59
2026-06-24T20:45:00Z,95.95,95.955,95.945,95.95,2807.0,95.95,74
2026-06-24T22:00:00Z,95.95,95.955,95.95,95.95,230.0,95.95,22
2026-06-24T22:15:00Z,95.95,95.95,95.95,95.95,1.0,95.95,1
2026-06-24T22:30:00Z,95.95,95.95,95.95,95.95,19.0,95.95,3
2026-06-24T22:45:00Z,95.95,95.95,95.95,95.95,85.0,95.95,2
2026-06-24T23:00:00Z,95.945,95.945,95.945,95.945,559.0,95.945,47
2026-06-24T23:15:00Z,95.95,95.95,95.95,95.95,23.0,95.95,6
2026-06-24T23:30:00Z,95.95,95.95,95.95,95.95,507.0,95.95,11
2026-06-24T23:45:00Z,95.945,95.945,95.945,95.945,289.0,95.945,8
2026-06-25T00:00:00Z,95.945,95.945,95.945,95.945,652.0,95.945,31
2026-06-25T00:15:00Z,95.945,95.945,95.945,95.945,469.0,95.945,26
2026-06-25T00:30:00Z,95.945,95.945,95.945,95.945,40.0,95.945,5
2026-06-25T00:45:00Z,95.945,95.945,95.945,95.945,423.0,95.945,9
2026-06-25T01:00:00Z,95.95,95.95,95.945,95.945,2266.0,95.945,43
2026-06-25T01:15:00Z,95.945,95.945,95.945,95.945,225.0,95.945,28
2026-06-25T01:30:00Z,95.95,95.95,95.95,95.95,614.0,95.95,21
2026-06-25T01:45:00Z,95.95,95.95,95.95,95.95,0.0,95.95,0
2026-06-25T02:00:00Z,95.95,95.955,95.95,95.955,239.0,95.955,12
2026-06-25T02:15:00Z,95.96,95.96,95.96,95.96,574.0,95.96,29
2026-06-25T02:30:00Z,95.96,95.96,95.96,95.96,701.0,95.96,4
2026-06-25T02:45:00Z,95.955,95.96,95.955,95.96,728.0,95.959,15
2026-06-25T03:00:00Z,95.955,95.96,95.955,95.96,1404.0,95.96,48
2026-06-25T03:15:00Z,95.955,95.955,95.955,95.955,1581.0,95.955,29
2026-06-25T03:30:00Z,95.96,95.96,95.955,95.96,758.0,95.96,21
2026-06-25T03:45:00Z,95.96,95.96,95.955,95.955,112.0,95.96,4
2026-06-25T04:00:00Z,95.96,95.96,95.96,95.96,135.0,95.96,4
2026-06-25T04:15:00Z,95.96,95.96,95.96,95.96,682.0,95.96,15
2026-06-25T04:30:00Z,95.96,95.96,95.96,95.96,631.0,95.96,15
2026-06-25T04:45:00Z,95.96,95.96,95.96,95.96,912.0,95.96,3
2026-06-25T05:00:00Z,95.955,95.955,95.955,95.955,1220.0,95.955,11
2026-06-25T05:15:00Z,95.955,95.955,95.955,95.955,717.0,95.955,25
2026-06-25T05:30:00Z,95.955,95.955,95.955,95.955,380.0,95.955,14
2026-06-25T05:45:00Z,95.955,95.955,95.955,95.955,150.0,95.955,2
2026-06-25T06:00:00Z,95.955,95.955,95.95,95.95,656.0,95.9515,26
2026-06-25T06:15:00Z,95.95,95.95,95.95,95.95,2936.0,95.95,64
2026-06-25T06:30:00Z,95.95,95.95,95.95,95.95,2343.0,95.95,110
2026-06-25T06:45:00Z,95.955,95.955,95.95,95.955,856.0,95.954,19
2026-06-25T07:00:00Z,95.955,95.955,95.945,95.945,1933.0,95.947,82
2026-06-25T07:15:00Z,95.94,95.95,95.94,95.945,3226.0,95.9425,58
2026-06-25T07:30:00Z,95.945,95.945,95.935,95.935,19604.0,95.9395,64
2026-06-25T07:45:00Z,95.93,95.935,95.93,95.935,6189.0,95.935,107
2026-06-25T08:00:00Z,95.935,95.94,95.935,95.94,3037.0,95.94,62
2026-06-25T08:15:00Z,95.94,95.945,95.94,95.945,906.0,95.94,24
2026-06-25T08:30:00Z,95.94,95.945,95.94,95.94,1732.0,95.944,28
2026-06-25T08:45:00Z,95.945,95.95,95.945,95.945,2381.0,95.945,11
2026-06-25T09:00:00Z,95.945,95.945,95.945,95.945,4007.0,95.945,19
2026-06-25T09:15:00Z,95.945,95.945,95.94,95.945,495.0,95.945,21
2026-06-25T09:30:00Z,95.945,95.945,95.94,95.945,2701.0,95.945,77
2026-06-25T09:45:00Z,95.945,95.945,95.945,95.945,3636.0,95.945,38
2026-06-25T10:00:00Z,95.945,95.945,95.945,95.945,2135.0,95.945,75
2026-06-25T10:15:00Z,95.945,95.945,95.945,95.945,1536.0,95.945,35
2026-06-25T10:30:00Z,95.945,95.95,95.945,95.945,55.0,95.9465,6
2026-06-25T10:45:00Z,95.945,95.945,95.94,95.94,1655.0,95.9445,23
2026-06-25T11:00:00Z,95.94,95.95,95.94,95.945,2788.0,95.945,47
2026-06-25T11:15:00Z,95.945,95.95,95.945,95.95,1114.0,95.9465,23
2026-06-25T11:30:00Z,95.95,95.95,95.94,95.94,6133.0,95.941,177
2026-06-25T11:45:00Z,95.94,95.94,95.935,95.935,6445.0,95.9355,85
2026-06-25T12:00:00Z,95.935,95.935,95.935,95.935,7317.0,95.935,204
2026-06-25T12:15:00Z,95.935,95.94,95.925,95.935,15640.0,95.9305,371
2026-06-25T12:30:00Z,95.93,95.995,95.93,95.99,69937.0,95.9735,1174
2026-06-25T12:45:00Z,95.99,95.99,95.97,95.975,19984.0,95.981,392
2026-06-25T13:00:00Z,95.98,95.985,95.975,95.975,15541.0,95.9805,312
2026-06-25T13:15:00Z,95.975,95.98,95.97,95.975,13283.0,95.975,220
2026-06-25T13:30:00Z,95.98,95.985,95.975,95.985,7532.0,95.982,338
2026-06-25T13:45:00Z,95.98,95.99,95.98,95.99,16670.0,95.9885,349
2026-06-25T14:00:00Z,95.99,95.995,95.98,95.98,10733.0,95.988,265
2026-06-25T14:15:00Z,95.98,95.99,95.98,95.985,12322.0,95.984,144
2026-06-25T14:30:00Z,95.98,95.99,95.98,95.985,7413.0,95.985,190
2026-06-25T14:45:00Z,95.985,95.99,95.98,95.98,1712.0,95.985,76
2026-06-25T15:00:00Z,95.98,95.985,95.975,95.975,8122.0,95.98,188
2026-06-25T15:15:00Z,95.975,95.98,95.975,95.98,3921.0,95.9775,159
2026-06-25T15:30:00Z,95.975,95.99,95.975,95.985,5225.0,95.9835,178
2026-06-25T15:45:00Z,95.99,95.995,95.985,95.99,7433.0,95.99,148
2026-06-25T16:00:00Z,95.99,95.99,95.985,95.985,3474.0,95.9855,120
2026-06-25T16:15:00Z,95.99,95.995,95.985,95.99,4505.0,95.99,164
2026-06-25T16:30:00Z,95.99,95.99,95.985,95.99,630.0,95.989,22
2026-06-25T16:45:00Z,95.99,95.99,95.985,95.985,1643.0,95.9895,94
2026-06-25T17:00:00Z,95.99,95.99,95.985,95.99,848.0,95.99,89
2026-06-25T17:15:00Z,95.99,95.99,95.985,95.99,567.0,95.9885,22
2026-06-25T17:30:00Z,95.99,95.99,95.985,95.99,4092.0,95.99,280
2026-06-25T17:45:00Z,95.99,95.99,95.98,95.98,3962.0,95.988,173
2026-06-25T18:00:00Z,95.98,95.985,95.97,95.98,6352.0,95.977,349
2026-06-25T18:15:00Z,95.985,95.985,95.975,95.98,3199.0,95.98,52
2026-06-25T18:30:00Z,95.975,95.98,95.975,95.98,3762.0,95.98,133
2026-06-25T18:45:00Z,95.98,95.985,95.975,95.98,2127.0,95.9795,152
2026-06-25T19:00:00Z,95.98,95.98,95.975,95.975,4186.0,95.975,92
2026-06-25T19:15:00Z,95.975,95.98,95.975,95.975,5660.0,95.9755,175
2026-06-25T19:30:00Z,95.975,95.98,95.97,95.97,19201.0,95.974,297
2026-06-25T19:45:00Z,95.97,95.975,95.965,95.975,8914.0,95.971,132
2026-06-25T20:00:00Z,95.975,95.975,95.97,95.975,4165.0,95.972,82
2026-06-25T20:15:00Z,95.97,95.97,95.965,95.965,3343.0,95.969,96
2026-06-25T20:30:00Z,95.97,95.97,95.97,95.97,2869.0,95.97,67
2026-06-25T20:45:00Z,95.97,95.975,95.97,95.97,3587.0,95.9735,63
2026-06-25T22:00:00Z,95.975,95.975,95.97,95.975,318.0,95.971,14
2026-06-25T22:15:00Z,95.975,95.975,95.975,95.975,1074.0,95.975,31
2026-06-25T22:30:00Z,95.975,95.975,95.975,95.975,192.0,95.975,5
2026-06-25T22:45:00Z,95.975,95.975,95.975,95.975,193.0,95.975,7
2026-06-25T23:00:00Z,95.97,95.97,95.97,95.97,1115.0,95.97,21
2026-06-25T23:15:00Z,95.97,95.97,95.97,95.97,196.0,95.97,16
2026-06-25T23:30:00Z,95.97,95.97,95.97,95.97,13.0,95.97,1
2026-06-25T23:45:00Z,95.97,95.97,95.97,95.97,317.0,95.97,5
2026-06-26T00:00:00Z,95.97,95.975,95.97,95.975,489.0,95.975,10
2026-06-26T00:15:00Z,95.975,95.975,95.97,95.975,540.0,95.975,8
2026-06-26T00:30:00Z,95.975,95.975,95.975,95.975,250.0,95.975,1
2026-06-26T00:45:00Z,95.975,95.975,95.97,95.97,1823.0,95.97,24
2026-06-26T01:00:00Z,95.975,95.975,95.975,95.975,46.0,95.975,6
2026-06-26T01:15:00Z,95.975,95.975,95.975,95.975,207.0,95.975,2
2026-06-26T01:30:00Z,95.975,95.98,95.97,95.98,825.0,95.975,40
2026-06-26T01:45:00Z,95.98,95.98,95.98,95.98,2190.0,95.98,62
2026-06-26T02:00:00Z,95.98,95.985,95.98,95.98,3424.0,95.98,31
2026-06-26T02:15:00Z,95.98,95.98,95.98,95.98,40.0,95.98,3
2026-06-26T02:30:00Z,95.98,95.98,95.98,95.98,69.0,95.98,4
2026-06-26T02:45:00Z,95.98,95.98,95.975,95.98,1793.0,95.98,41
2026-06-26T03:00:00Z,95.98,95.99,95.98,95.985,2647.0,95.983,50
2026-06-26T03:15:00Z,95.985,95.99,95.98,95.99,4691.0,95.985,60
2026-06-26T03:30:00Z,95.99,95.995,95.99,95.995,2947.0,95.994,108
2026-06-26T03:45:00Z,96.0,96.0,95.995,96.0,5584.0,95.995,57
2026-06-26T04:00:00Z,95.995,96.0,95.995,96.0,1777.0,95.9955,102
2026-06-26T04:15:00Z,96.0,96.005,95.995,96.0,1201.0,96.0,64
2026-06-26T04:30:00Z,96.005,96.005,96.005,96.005,1839.0,96.005,27
2026-06-26T04:45:00Z,96.005,96.005,96.005,96.005,453.0,96.005,16
2026-06-26T05:00:00Z,96.01,96.01,96.01,96.01,185.0,96.01,26
2026-06-26T05:15:00Z,96.01,96.01,96.005,96.005,7468.0,96.0095,41
2026-06-26T05:30:00Z,96.005,96.005,96.005,96.005,2485.0,96.005,29
2026-06-26T05:45:00Z,96.005,96.005,96.005,96.005,3108.0,96.005,13
2026-06-26T06:00:00Z,96.005,96.005,96.005,96.005,1454.0,96.005,21
2026-06-26T06:15:00Z,96.005,96.005,96.005,96.005,1659.0,96.005,48
2026-06-26T06:30:00Z,96.005,96.005,96.005,96.005,1336.0,96.005,31
2026-06-26T06:45:00Z,96.005,96.01,96.0,96.0,912.0,96.0045,37
2026-06-26T07:00:00Z,96.0,96.0,96.0,96.0,2873.0,96.0,73
2026-06-26T07:15:00Z,96.0,96.0,96.0,96.0,880.0,96.0,16
2026-06-26T07:30:00Z,96.0,96.0,96.0,96.0,250.0,96.0,5
2026-06-26T07:45:00Z,96.0,96.0,96.0,96.0,2253.0,96.0,64
2026-06-26T08:00:00Z,96.005,96.025,96.005,96.02,36587.0,96.015,221
2026-06-26T08:15:00Z,96.02,96.025,96.015,96.025,9451.0,96.02,140
2026-06-26T08:30:00Z,96.02,96.02,96.01,96.015,3393.0,96.015,261
2026-06-26T08:45:00Z,96.01,96.015,96.005,96.01,3993.0,96.01,96
2026-06-26T09:00:00Z,96.01,96.015,96.01,96.01,2459.0,96.01,60
2026-06-26T09:15:00Z,96.015,96.02,96.01,96.01,2614.0,96.015,43
2026-06-26T09:30:00Z,96.01,96.015,96.01,96.01,518.0,96.0125,24
2026-06-26T09:45:00Z,96.01,96.015,96.01,96.01,5550.0,96.012,74
2026-06-26T10:00:00Z,96.01,96.015,96.01,96.01,748.0,96.012,14
2026-06-26T10:15:00Z,96.01,96.01,96.005,96.01,1687.0,96.0085,25
2026-06-26T10:30:00Z,96.01,96.015,96.01,96.015,3.0,96.0115,3
2026-06-26T10:45:00Z,96.015,96.015,96.01,96.01,32.0,96.011,7
2026-06-26T11:00:00Z,96.01,96.015,96.01,96.01,3372.0,96.011,91
2026-06-26T11:15:00Z,96.015,96.02,96.01,96.015,960.0,96.0145,42
2026-06-26T11:30:00Z,96.015,96.015,96.005,96.01,2746.0,96.0125,77
2026-06-26T11:45:00Z,96.005,96.01,96.0,96.005,3960.0,96.006,77
2026-06-26T12:00:00Z,96.0,96.01,96.0,96.005,3185.0,96.005,127
2026-06-26T12:15:00Z,96.005,96.01,96.0,96.0,1250.0,96.0055,47
2026-06-26T12:30:00Z,96.0,96.005,96.0,96.005,11800.0,96.005,128
2026-06-26T12:45:00Z,96.005,96.005,96.0,96.005,7423.0,96.005,82
2026-06-26T13:00:00Z,96.005,96.01,96.0,96.005,8432.0,96.0055,95
2026-06-26T13:15:00Z,96.005,96.01,95.995,96.01,10096.0,96.0025,286
2026-06-26T13:30:00Z,96.01,96.02,96.005,96.015,8170.0,96.012,220
2026-06-26T13:45:00Z,96.015,96.02,96.01,96.015,8045.0,96.015,273
2026-06-26T14:00:00Z,96.015,96.025,96.015,96.015,5439.0,96.02,154
2026-06-26T14:15:00Z,96.02,96.02,96.015,96.02,545.0,96.019,21
2026-06-26T14:30:00Z,96.02,96.025,96.015,96.025,10794.0,96.02,156
2026-06-26T14:45:00Z,96.025,96.03,96.015,96.02,11430.0,96.0235,221
2026-06-26T15:00:00Z,96.02,96.025,96.015,96.025,8681.0,96.02,192
2026-06-26T15:15:00Z,96.02,96.025,96.02,96.025,2779.0,96.0245,98
2026-06-26T15:30:00Z,96.02,96.025,96.02,96.025,6602.0,96.0235,128
2026-06-26T15:45:00Z,96.02,96.025,96.01,96.02,19434.0,96.0155,263
2026-06-26T16:00:00Z,96.015,96.02,96.01,96.015,4778.0,96.015,122
2026-06-26T16:15:00Z,96.015,96.015,96.01,96.015,169.0,96.0115,16
2026-06-26T16:30:00Z,96.015,96.015,96.01,96.015,6068.0,96.015,156
2026-06-26T16:45:00Z,96.015,96.015,96.01,96.015,1543.0,96.015,116
2026-06-26T17:00:00Z,96.015,96.02,96.01,96.01,1507.0,96.0145,69
2026-06-26T17:15:00Z,96.01,96.015,96.01,96.01,1445.0,96.0135,49
2026-06-26T17:30:00Z,96.01,96.01,96.01,96.01,3356.0,96.01,55
2026-06-26T17:45:00Z,96.01,96.01,96.005,96.01,3503.0,96.01,79
2026-06-26T18:00:00Z,96.01,96.015,96.005,96.015,666.0,96.01,41
2026-06-26T18:15:00Z,96.01,96.015,96.01,96.015,3595.0,96.015,60
2026-06-26T18:30:00Z,96.015,96.02,96.015,96.02,1117.0,96.0155,13
2026-06-26T18:45:00Z,96.02,96.02,96.015,96.02,697.0,96.0165,106
2026-06-26T19:00:00Z,96.015,96.02,96.01,96.01,11059.0,96.013,94
2026-06-26T19:15:00Z,96.015,96.015,96.01,96.01,321.0,96.01,14
2026-06-26T19:30:00Z,96.01,96.015,96.005,96.005,8963.0,96.01,126
2026-06-26T19:45:00Z,96.01,96.015,96.005,96.01,6094.0,96.009,159
2026-06-26T20:00:00Z,96.01,96.01,96.005,96.01,2669.0,96.01,93
2026-06-26T20:15:00Z,96.01,96.01,96.005,96.01,3152.0,96.01,90
2026-06-26T20:30:00Z,96.01,96.01,96.0,96.0,12954.0,96.002,192
2026-06-26T20:45:00Z,96.0,96.005,95.995,96.0,6269.0,95.9995,87
2026-06-28T22:00:00Z,96.0,96.0,95.985,95.99,7274.0,95.994,300
2026-06-28T22:15:00Z,95.99,95.99,95.99,95.99,294.0,95.99,27
2026-06-28T22:30:00Z,95.99,95.99,95.99,95.99,0.0,95.99,0
2026-06-28T22:45:00Z,95.99,95.99,95.99,95.99,0.0,95.99,0
2026-06-28T23:00:00Z,95.995,95.995,95.995,95.995,636.0,95.995,11
2026-06-28T23:15:00Z,95.995,95.995,95.995,95.995,1207.0,95.995,47
2026-06-28T23:30:00Z,95.995,95.995,95.995,95.995,278.0,95.995,8
2026-06-28T23:45:00Z,95.995,95.995,95.995,95.995,417.0,95.995,2
2026-06-29T00:00:00Z,96.0,96.0,95.995,96.0,565.0,96.0,11
2026-06-29T00:15:00Z,95.995,95.995,95.995,95.995,620.0,95.995,8
2026-06-29T00:30:00Z,95.995,95.995,95.99,95.99,42.0,95.995,3
2026-06-29T00:45:00Z,95.99,95.99,95.99,95.99,1350.0,95.99,33
2026-06-29T01:00:00Z,95.99,95.99,95.985,95.985,2464.0,95.986,139
2026-06-29T01:15:00Z,95.985,95.985,95.985,95.985,363.0,95.985,10
2026-06-29T01:30:00Z,95.985,95.985,95.985,95.985,414.0,95.985,15
2026-06-29T01:45:00Z,95.985,95.985,95.98,95.985,3264.0,95.985,38
2026-06-29T02:00:00Z,95.985,95.985,95.985,95.985,51.0,95.985,3
2026-06-29T02:15:00Z,95.985,95.985,95.985,95.985,134.0,95.985,7
2026-06-29T02:30:00Z,95.985,95.985,95.985,95.985,710.0,95.985,10
2026-06-29T02:45:00Z,95.985,95.985,95.985,95.985,242.0,95.985,4
2026-06-29T03:00:00Z,95.985,95.985,95.985,95.985,363.0,95.985,20
2026-06-29T03:15:00Z,95.985,95.985,95.985,95.985,98.0,95.985,3
2026-06-29T03:30:00Z,95.985,95.985,95.98,95.985,26.0,95.985,4
2026-06-29T03:45:00Z,95.985,95.985,95.985,95.985,100.0,95.985,2
2026-06-29T04:00:00Z,95.99,95.99,95.99,95.99,239.0,95.99,3
2026-06-29T04:15:00Z,95.99,95.99,95.99,95.99,3.0,95.99,1
2026-06-29T04:30:00Z,95.985,95.985,95.985,95.985,10.0,95.985,2
2026-06-29T04:45:00Z,95.985,95.985,95.985,95.985,300.0,95.985,1
2026-06-29T05:00:00Z,95.985,95.985,95.985,95.985,1596.0,95.985,25
2026-06-29T05:15:00Z,95.985,95.99,95.985,95.985,126.0,95.9875,5
2026-06-29T05:30:00Z,95.985,95.99,95.985,95.985,168.0,95.9895,12
2026-06-29T05:45:00Z,95.99,95.99,95.99,95.99,10.0,95.99,1
2026-06-29T06:00:00Z,95.99,95.99,95.98,95.98,3622.0,95.9815,125
2026-06-29T06:15:00Z,95.98,95.985,95.98,95.985,2646.0,95.985,14
2026-06-29T06:30:00Z,95.985,95.99,95.985,95.985,2109.0,95.985,32
2026-06-29T06:45:00Z,95.99,95.99,95.985,95.985,58.0,95.9895,9
2026-06-29T07:00:00Z,95.99,95.99,95.99,95.99,5119.0,95.99,100
2026-06-29T07:15:00Z,95.99,95.995,95.985,95.99,1019.0,95.99,49
2026-06-29T07:30:00Z,95.99,95.995,95.99,95.995,949.0,95.9905,17
2026-06-29T07:45:00Z,95.995,95.995,95.99,95.99,3106.0,95.99,69
2026-06-29T08:00:00Z,95.99,95.99,95.99,95.99,4500.0,95.99,79
2026-06-29T08:15:00Z,95.995,95.995,95.99,95.995,3875.0,95.9945,48
2026-06-29T08:30:00Z,95.99,95.99,95.99,95.99,185.0,95.99,4
2026-06-29T08:45:00Z,95.99,95.99,95.99,95.99,6879.0,95.99,91
2026-06-29T09:00:00Z,95.99,95.99,95.99,95.99,99.0,95.99,3
2026-06-29T09:15:00Z,95.99,95.99,95.985,95.985,1332.0,95.9895,47
2026-06-29T09:30:00Z,95.985,95.985,95.985,95.985,542.0,95.985,12
2026-06-29T09:45:00Z,95.985,95.99,95.985,95.985,4293.0,95.985,116
2026-06-29T10:00:00Z,95.985,95.99,95.985,95.99,3639.0,95.9885,51
2026-06-29T10:15:00Z,95.99,95.995,95.99,95.99,620.0,95.99,25
2026-06-29T10:30:00Z,95.99,95.995,95.99,95.995,101.0,95.994,29
2026-06-29T10:45:00Z,95.995,95.995,95.99,95.995,1656.0,95.995,66
2026-06-29T11:00:00Z,95.995,95.995,95.995,95.995,217.0,95.995,3
2026-06-29T11:15:00Z,96.0,96.0,95.995,96.0,341.0,95.997,21
2026-06-29T11:30:00Z,95.995,96.005,95.995,96.0,7432.0,95.9995,131
2026-06-29T11:45:00Z,96.0,96.005,96.0,96.0,333.0,96.0005,23
2026-06-29T12:00:00Z,96.0,96.005,95.995,95.995,4846.0,95.9995,137
2026-06-29T12:15:00Z,96.0,96.0,95.985,95.99,10618.0,95.9905,264
2026-06-29T12:30:00Z,95.99,95.995,95.985,95.985,4409.0,95.99,117
2026-06-29T12:45:00Z,95.985,95.995,95.985,95.995,3914.0,95.99,115
2026-06-29T13:00:00Z,95.99,95.995,95.99,95.995,3720.0,95.995,57
2026-06-29T13:15:00Z,95.995,95.995,95.99,95.99,3876.0,95.995,155
2026-06-29T13:30:00Z,95.99,95.995,95.99,95.995,2867.0,95.994,37
2026-06-29T13:45:00Z,95.99,95.995,95.99,95.99,6014.0,95.99,216
2026-06-29T14:00:00Z,95.995,95.995,95.99,95.99,9221.0,95.995,756
2026-06-29T14:15:00Z,95.99,95.995,95.985,95.99,4757.0,95.9905,206
2026-06-29T14:30:00Z,95.99,95.99,95.985,95.99,3005.0,95.99,169
2026-06-29T14:45:00Z,95.99,95.995,95.985,95.99,4918.0,95.99,139
2026-06-29T15:00:00Z,95.99,95.995,95.99,95.99,773.0,95.99,44
2026-06-29T15:15:00Z,95.995,95.995,95.985,95.985,5492.0,95.986,167
2026-06-29T15:30:00Z,95.985,95.985,95.97,95.975,39092.0,95.977,297
2026-06-29T15:45:00Z,95.975,95.985,95.975,95.98,4614.0,95.9795,158
2026-06-29T16:00:00Z,95.975,95.98,95.975,95.98,426.0,95.976,32
2026-06-29T16:15:00Z,95.98,95.98,95.975,95.98,2340.0,95.98,69
2026-06-29T16:30:00Z,95.98,95.98,95.975,95.98,3268.0,95.98,79
2026-06-29T16:45:00Z,95.98,95.98,95.98,95.98,612.0,95.98,43
2026-06-29T17:00:00Z,95.98,95.985,95.98,95.98,434.0,95.98,35
2026-06-29T17:15:00Z,95.98,95.985,95.98,95.98,3834.0,95.98,115
2026-06-29T17:30:00Z,95.98,95.985,95.98,95.98,401.0,95.98,25
2026-06-29T17:45:00Z,95.98,95.985,95.98,95.98,419.0,95.981,49
2026-06-29T18:00:00Z,95.985,95.985,95.98,95.98,310.0,95.9805,32
2026-06-29T18:15:00Z,95.985,95.985,95.985,95.985,4220.0,95.985,122
2026-06-29T18:30:00Z,95.985,95.985,95.985,95.985,3053.0,95.985,83
2026-06-29T18:45:00Z,95.985,95.99,95.985,95.99,1397.0,95.9875,168
2026-06-29T19:00:00Z,95.99,95.99,95.985,95.99,2198.0,95.985,14
2026-06-29T19:15:00Z,95.99,95.99,95.985,95.99,5963.0,95.9895,101
2026-06-29T19:30:00Z,95.995,95.995,95.99,95.995,293.0,95.9915,41
2026-06-29T19:45:00Z,95.99,95.995,95.99,95.99,1725.0,95.9905,62
2026-06-29T20:00:00Z,95.995,95.995,95.99,95.995,136.0,95.994,39
2026-06-29T20:15:00Z,95.99,95.995,95.99,95.99,385.0,95.9945,76
2026-06-29T20:30:00Z,95.995,95.995,95.985,95.99,2715.0,95.9895,34
2026-06-29T20:45:00Z,95.99,95.99,95.985,95.985,2371.0,95.987,60
2026-06-29T22:00:00Z,95.985,95.985,95.985,95.985,261.0,95.985,22
2026-06-29T22:15:00Z,95.99,95.99,95.99,95.99,127.0,95.99,6
2026-06-29T22:30:00Z,95.99,95.99,95.99,95.99,45.0,95.99,5
2026-06-29T22:45:00Z,95.99,95.99,95.99,95.99,94.0,95.99,5
2026-06-29T23:00:00Z,95.99,95.995,95.99,95.995,1438.0,95.9935,12
2026-06-29T23:15:00Z,95.995,95.995,95.995,95.995,0.0,95.995,0
2026-06-29T23:30:00Z,95.995,95.995,95.995,95.995,1.0,95.995,1
2026-06-29T23:45:00Z,95.995,95.995,95.99,95.99,847.0,95.9905,18
2026-06-30T00:00:00Z,95.99,95.99,95.99,95.99,342.0,95.99,13
2026-06-30T00:15:00Z,95.99,95.99,95.99,95.99,413.0,95.99,11
2026-06-30T00:30:00Z,95.99,95.99,95.99,95.99,0.0,95.99,0
2026-06-30T00:45:00Z,95.99,95.99,95.99,95.99,383.0,95.99,18
2026-06-30T01:00:00Z,95.99,95.99,95.99,95.99,1274.0,95.99,45
2026-06-30T01:15:00Z,95.99,95.99,95.99,95.99,414.0,95.99,25
2026-06-30T01:30:00Z,95.99,95.99,95.99,95.99,659.0,95.99,16
2026-06-30T01:45:00Z,95.99,95.99,95.99,95.99,560.0,95.99,22
2026-06-30T02:00:00Z,95.99,95.99,95.985,95.985,689.0,95.99,12
2026-06-30T02:15:00Z,95.985,95.985,95.985,95.985,0.0,95.985,0
2026-06-30T02:30:00Z,95.995,95.995,95.995,95.995,245.0,95.995,4
2026-06-30T02:45:00Z,95.99,95.99,95.99,95.99,55.0,95.99,2
2026-06-30T03:00:00Z,95.99,95.99,95.99,95.99,100.0,95.99,1
2026-06-30T03:15:00Z,95.99,95.99,95.99,95.99,20.0,95.99,2
2026-06-30T03:30:00Z,95.995,96.0,95.995,96.0,1798.0,95.995,22
2026-06-30T03:45:00Z,95.995,95.995,95.995,95.995,329.0,95.995,8
2026-06-30T04:00:00Z,95.995,95.995,95.995,95.995,113.0,95.995,3
2026-06-30T04:15:00Z,95.995,95.995,95.995,95.995,1277.0,95.995,27
2026-06-30T04:30:00Z,95.995,95.995,95.995,95.995,225.0,95.995,3
2026-06-30T04:45:00Z,95.995,95.995,95.995,95.995,315.0,95.995,11
2026-06-30T05:00:00Z,95.995,95.995,95.995,95.995,416.0,95.995,15
2026-06-30T05:15:00Z,95.995,95.995,95.99,95.995,504.0,95.995,4
2026-06-30T05:30:00Z,95.995,95.995,95.995,95.995,0.0,95.995,0
2026-06-30T05:45:00Z,95.99,95.995,95.99,95.995,170.0,95.9905,6
2026-06-30T06:00:00Z,95.99,95.99,95.99,95.99,100.0,95.99,1
2026-06-30T06:15:00Z,95.995,96.0,95.99,96.0,498.0,95.995,16
2026-06-30T06:30:00Z,96.0,96.0,95.995,96.0,95.0,95.9975,57
2026-06-30T06:45:00Z,96.0,96.0,95.995,96.0,866.0,95.9955,56
2026-06-30T07:00:00Z,96.0,96.0,95.99,95.99,1036.0,95.995,62
2026-06-30T07:15:00Z,95.995,96.0,95.995,95.995,1330.0,95.995,86
2026-06-30T07:30:00Z,95.995,96.0,95.995,96.0,709.0,95.995,96
2026-06-30T07:45:00Z,96.0,96.0,95.99,95.99,2449.0,95.9915,73
2026-06-30T08:00:00Z,95.995,96.0,95.995,95.995,1678.0,95.995,52
2026-06-30T08:15:00Z,95.99,95.995,95.99,95.995,1916.0,95.9945,25
2026-06-30T08:30:00Z,95.99,95.99,95.99,95.99,2531.0,95.99,47
2026-06-30T08:45:00Z,95.99,95.995,95.99,95.995,1830.0,95.99,83
2026-06-30T09:00:00Z,95.99,95.995,95.99,95.995,537.0,95.995,14
2026-06-30T09:15:00Z,95.995,95.995,95.995,95.995,495.0,95.995,18
2026-06-30T09:30:00Z,95.995,95.995,95.99,95.995,261.0,95.992,14
2026-06-30T09:45:00Z,95.995,95.995,95.99,95.99,316.0,95.991,7
2026-06-30T10:00:00Z,95.99,95.995,95.99,95.99,849.0,95.99,51
2026-06-30T10:15:00Z,95.99,95.995,95.985,95.99,585.0,95.99,41
2026-06-30T10:30:00Z,95.99,95.995,95.99,95.995,402.0,95.992,10
2026-06-30T10:45:00Z,95.995,95.995,95.985,95.985,4627.0,95.9895,144
2026-06-30T11:00:00Z,95.99,95.99,95.985,95.985,2162.0,95.9855,27
2026-06-30T11:15:00Z,95.985,95.99,95.98,95.98,1408.0,95.981,77
2026-06-30T11:30:00Z,95.98,95.98,95.965,95.97,5442.0,95.9735,191
2026-06-30T11:45:00Z,95.97,95.975,95.97,95.97,4012.0,95.97,89
2026-06-30T12:00:00Z,95.97,95.975,95.965,95.97,4712.0,95.9725,89
2026-06-30T12:15:00Z,95.975,95.975,95.965,95.97,7124.0,95.97,243
2026-06-30T12:30:00Z,95.97,95.975,95.965,95.97,5083.0,95.9705,317
2026-06-30T12:45:00Z,95.97,95.975,95.965,95.965,6977.0,95.97,291
2026-06-30T13:00:00Z,95.965,95.97,95.965,95.965,12124.0,95.969,182
2026-06-30T13:15:00Z,95.965,95.97,95.965,95.965,1856.0,95.968,92
2026-06-30T13:30:00Z,95.97,95.97,95.965,95.965,1321.0,95.9665,48
2026-06-30T13:45:00Z,95.965,95.97,95.96,95.965,10118.0,95.965,211
2026-06-30T14:00:00Z,95.965,95.965,95.955,95.96,16449.0,95.9575,346
2026-06-30T14:15:00Z,95.96,95.965,95.96,95.965,5948.0,95.965,164
2026-06-30T14:30:00Z,95.96,95.97,95.96,95.97,4083.0,95.965,94
2026-06-30T14:45:00Z,95.965,95.97,95.965,95.965,8187.0,95.9655,147
2026-06-30T15:00:00Z,95.965,95.97,95.965,95.965,4669.0,95.967,98
2026-06-30T15:15:00Z,95.965,95.965,95.96,95.96,1187.0,95.96,52
2026-06-30T15:30:00Z,95.96,95.97,95.96,95.97,3673.0,95.9645,88
2026-06-30T15:45:00Z,95.965,95.97,95.965,95.97,587.0,95.9695,31
2026-06-30T16:00:00Z,95.97,95.97,95.965,95.965,10113.0,95.965,208
2026-06-30T16:15:00Z,95.965,95.97,95.965,95.97,798.0,95.9685,17
2026-06-30T16:30:00Z,95.965,95.97,95.965,95.965,697.0,95.97,25
2026-06-30T16:45:00Z,95.97,95.97,95.965,95.965,2273.0,95.965,71
2026-06-30T17:00:00Z,95.965,95.97,95.965,95.97,3526.0,95.965,222
2026-06-30T17:15:00Z,95.965,95.97,95.965,95.965,3572.0,95.965,34
2026-06-30T17:30:00Z,95.965,95.97,95.965,95.965,1069.0,95.965,17
2026-06-30T17:45:00Z,95.965,95.97,95.965,95.965,198.0,95.965,15
2026-06-30T18:00:00Z,95.965,95.97,95.965,95.965,854.0,95.9685,50
2026-06-30T18:15:00Z,95.97,95.97,95.965,95.965,1208.0,95.97,23
2026-06-30T18:30:00Z,95.97,95.97,95.965,95.97,226.0,95.9655,29
2026-06-30T18:45:00Z,95.97,95.97,95.96,95.965,15719.0,95.9645,401
2026-06-30T19:00:00Z,95.96,95.965,95.96,95.96,637.0,95.961,85
2026-06-30T19:15:00Z,95.96,95.965,95.96,95.96,6548.0,95.96,187
2026-06-30T19:30:00Z,95.96,95.965,95.96,95.96,6517.0,95.96,187
2026-06-30T19:45:00Z,95.955,95.96,95.955,95.955,15691.0,95.955,458
2026-06-30T20:00:00Z,95.955,95.96,95.945,95.945,14503.0,95.9515,295
2026-06-30T20:15:00Z,95.95,95.95,95.945,95.945,1408.0,95.9475,89
2026-06-30T20:30:00Z,95.945,95.95,95.94,95.94,5444.0,95.9445,81
2026-06-30T20:45:00Z,95.94,95.94,95.93,95.93,5068.0,95.9365,220
2026-06-30T22:00:00Z,95.93,95.94,95.93,95.935,373.0,95.9345,16
2026-06-30T22:15:00Z,95.94,95.94,95.94,95.94,425.0,95.94,5
2026-06-30T22:30:00Z,95.94,95.945,95.94,95.94,144.0,95.9415,4
2026-06-30T22:45:00Z,95.94,95.94,95.94,95.94,5.0,95.94,1
2026-06-30T23:00:00Z,95.94,95.94,95.94,95.94,0.0,95.94,0
2026-06-30T23:15:00Z,95.945,95.945,95.945,95.945,45.0,95.945,2
2026-06-30T23:30:00Z,95.94,95.94,95.94,95.94,895.0,95.94,31
2026-06-30T23:45:00Z,95.94,95.94,95.94,95.94,594.0,95.94,11
2026-07-01T00:00:00Z,95.94,95.94,95.94,95.94,1115.0,95.94,25
2026-07-01T00:15:00Z,95.94,95.945,95.94,95.945,431.0,95.9435,19
2026-07-01T00:30:00Z,95.945,95.945,95.945,95.945,0.0,95.945,0
2026-07-01T00:45:00Z,95.945,95.945,95.945,95.945,15.0,95.945,1
2026-07-01T01:00:00Z,95.94,95.94,95.94,95.94,962.0,95.94,11
2026-07-01T01:15:00Z,95.935,95.935,95.935,95.935,334.0,95.935,7
2026-07-01T01:30:00Z,95.94,95.94,95.94,95.94,2.0,95.94,1
2026-07-01T01:45:00Z,95.935,95.935,95.935,95.935,202.0,95.935,7
2026-07-01T02:00:00Z,95.935,95.935,95.935,95.935,543.0,95.935,15
2026-07-01T02:15:00Z,95.935,95.935,95.935,95.935,25.0,95.935,5
2026-07-01T02:30:00Z,95.93,95.93,95.93,95.93,1760.0,95.93,44
2026-07-01T02:45:00Z,95.93,95.93,95.93,95.93,348.0,95.93,11
2026-07-01T03:00:00Z,95.93,95.93,95.93,95.93,50.0,95.93,1
2026-07-01T03:15:00Z,95.93,95.935,95.93,95.935,182.0,95.935,7
2026-07-01T03:30:00Z,95.93,95.93,95.93,95.93,708.0,95.93,54
2026-07-01T03:45:00Z,95.93,95.93,95.93,95.93,550.0,95.93,26
2026-07-01T04:00:00Z,95.93,95.93,95.93,95.93,15.0,95.93,1
2026-07-01T04:15:00Z,95.93,95.93,95.93,95.93,1928.0,95.93,101
2026-07-01T04:30:00Z,95.93,95.93,95.93,95.93,270.0,95.93,19
2026-07-01T04:45:00Z,95.93,95.93,95.93,95.93,0.0,95.93,0
2026-07-01T05:00:00Z,95.93,95.93,95.93,95.93,1.0,95.93,1
2026-07-01T05:15:00Z,95.93,95.935,95.93,95.935,177.0,95.9325,3
2026-07-01T05:30:00Z,95.93,95.935,95.93,95.935,939.0,95.935,20
2026-07-01T05:45:00Z,95.94,95.94,95.94,95.94,501.0,95.94,2
2026-07-01T06:00:00Z,95.935,95.935,95.93,95.935,2214.0,95.935,28
2026-07-01T06:15:00Z,95.93,95.935,95.93,95.93,792.0,95.931,11
2026-07-01T06:30:00Z,95.935,95.935,95.93,95.93,530.0,95.931,26
2026-07-01T06:45:00Z,95.935,95.935,95.935,95.935,1221.0,95.935,19
2026-07-01T07:00:00Z,95.935,95.94,95.93,95.935,4577.0,95.935,71
2026-07-01T07:15:00Z,95.935,95.935,95.935,95.935,2314.0,95.935,115
2026-07-01T07:30:00Z,95.935,95.935,95.935,95.935,1004.0,95.935,84
2026-07-01T07:45:00Z,95.94,95.94,95.935,95.935,3559.0,95.9395,51
2026-07-01T08:00:00Z,95.94,95.94,95.935,95.935,1619.0,95.935,50
2026-07-01T08:15:00Z,95.935,95.94,95.935,95.94,1757.0,95.94,46
2026-07-01T08:30:00Z,95.94,95.94,95.94,95.94,1118.0,95.94,7
2026-07-01T08:45:00Z,95.945,95.945,95.94,95.945,1686.0,95.9445,16
2026-07-01T09:00:00Z,95.945,95.95,95.945,95.945,7377.0,95.945,256
2026-07-01T09:15:00Z,95.945,95.95,95.945,95.95,3542.0,95.95,128
2026-07-01T09:30:00Z,95.945,95.945,95.945,95.945,1924.0,95.945,45
2026-07-01T09:45:00Z,95.945,95.955,95.945,95.95,19225.0,95.95,137
2026-07-01T10:00:00Z,95.945,95.945,95.94,95.94,1717.0,95.9435,50
2026-07-01T10:15:00Z,95.94,95.94,95.94,95.94,0.0,95.94,0
2026-07-01T10:30:00Z,95.945,95.945,95.94,95.94,745.0,95.942,29
2026-07-01T10:45:00Z,95.945,95.945,95.945,95.945,3245.0,95.945,19
2026-07-01T11:00:00Z,95.945,95.945,95.945,95.945,3257.0,95.945,215
2026-07-01T11:15:00Z,95.94,95.945,95.94,95.945,528.0,95.943,20
2026-07-01T11:30:00Z,95.94,95.94,95.93,95.935,3728.0,95.936,596
2026-07-01T11:45:00Z,95.935,95.94,95.935,95.94,2460.0,95.9365,111
2026-07-01T12:00:00Z,95.94,95.94,95.925,95.93,8643.0,95.932,319
2026-07-01T12:15:00Z,95.925,95.94,95.925,95.935,6968.0,95.934,297
2026-07-01T12:30:00Z,95.93,95.935,95.925,95.925,17139.0,95.928,454
2026-07-01T12:45:00Z,95.925,95.93,95.92,95.93,4075.0,95.926,111
2026-07-01T13:00:00Z,95.93,95.93,95.915,95.915,14902.0,95.9215,341
2026-07-01T13:15:00Z,95.915,95.955,95.915,95.955,37664.0,95.9395,880
2026-07-01T13:30:00Z,95.955,95.96,95.945,95.955,43017.0,95.955,699
2026-07-01T13:45:00Z,95.96,95.965,95.955,95.96,12488.0,95.9615,360
2026-07-01T14:00:00Z,95.965,95.98,95.965,95.97,10727.0,95.9715,311
2026-07-01T14:15:00Z,95.97,95.975,95.96,95.965,18710.0,95.966,246
2026-07-01T14:30:00Z,95.965,95.97,95.96,95.96,4514.0,95.967,110
2026-07-01T14:45:00Z,95.96,95.96,95.955,95.96,16829.0,95.96,180
2026-07-01T15:00:00Z,95.96,95.965,95.96,95.96,4721.0,95.96,92
2026-07-01T15:15:00Z,95.96,95.965,95.955,95.96,9242.0,95.9575,170
2026-07-01T15:30:00Z,95.96,95.96,95.955,95.955,6010.0,95.9555,172
2026-07-01T15:45:00Z,95.955,95.96,95.955,95.955,1905.0,95.958,37
2026-07-01T16:00:00Z,95.96,95.965,95.96,95.96,2321.0,95.96,56
2026-07-01T16:15:00Z,95.955,95.96,95.955,95.955,2456.0,95.957,101
2026-07-01T16:30:00Z,95.955,95.96,95.955,95.955,2257.0,95.9575,85
2026-07-01T16:45:00Z,95.955,95.96,95.95,95.955,10095.0,95.9555,244
2026-07-01T17:00:00Z,95.955,95.96,95.95,95.955,5612.0,95.955,127
2026-07-01T17:15:00Z,95.955,95.955,95.95,95.95,7239.0,95.95,125
2026-07-01T17:30:00Z,95.95,95.955,95.95,95.955,1834.0,95.955,68
2026-07-01T17:45:00Z,95.955,95.96,95.95,95.955,2310.0,95.955,115
2026-07-01T18:00:00Z,95.95,95.955,95.95,95.95,287.0,95.95,58
2026-07-01T18:15:00Z,95.95,95.95,95.945,95.95,2993.0,95.95,49
2026-07-01T18:30:00Z,95.95,95.95,95.94,95.945,4071.0,95.945,127
2026-07-01T18:45:00Z,95.945,95.95,95.94,95.95,2866.0,95.945,209
2026-07-01T19:00:00Z,95.945,95.945,95.94,95.94,2317.0,95.943,58
2026-07-01T19:15:00Z,95.94,95.94,95.935,95.94,13200.0,95.939,155
2026-07-01T19:30:00Z,95.94,95.945,95.935,95.945,2787.0,95.94,109
2026-07-01T19:45:00Z,95.94,95.95,95.94,95.945,4216.0,95.946,119
2026-07-01T20:00:00Z,95.945,95.95,95.94,95.94,3700.0,95.945,52
2026-07-01T20:15:00Z,95.94,95.94,95.935,95.935,3972.0,95.9395,95
2026-07-01T20:30:00Z,95.935,95.94,95.935,95.935,2228.0,95.9375,70
2026-07-01T20:45:00Z,95.935,95.94,95.935,95.935,4176.0,95.937,169
2026-07-01T22:00:00Z,95.935,95.94,95.935,95.935,1002.0,95.935,28
2026-07-01T22:15:00Z,95.935,95.935,95.935,95.935,415.0,95.935,4
2026-07-01T22:30:00Z,95.935,95.935,95.935,95.935,772.0,95.935,9
2026-07-01T22:45:00Z,95.94,95.94,95.94,95.94,1168.0,95.94,17
2026-07-01T23:00:00Z,95.94,95.94,95.94,95.94,243.0,95.94,7
2026-07-01T23:15:00Z,95.94,95.94,95.94,95.94,0.0,95.94,0
2026-07-01T23:30:00Z,95.94,95.945,95.94,95.945,10.0,95.9425,2
2026-07-01T23:45:00Z,95.94,95.94,95.94,95.94,82.0,95.94,5
2026-07-02T00:00:00Z,95.94,95.94,95.94,95.94,456.0,95.94,8
2026-07-02T00:15:00Z,95.94,95.94,95.94,95.94,180.0,95.94,3
2026-07-02T00:30:00Z,95.935,95.935,95.935,95.935,19.0,95.935,4
2026-07-02T00:45:00Z,95.935,95.935,95.935,95.935,0.0,95.935,0
2026-07-02T01:00:00Z,95.935,95.935,95.935,95.935,659.0,95.935,5
2026-07-02T01:15:00Z,95.935,95.935,95.935,95.935,169.0,95.935,3
2026-07-02T01:30:00Z,95.94,95.94,95.94,95.94,4428.0,95.94,34
2026-07-02T01:45:00Z,95.94,95.94,95.94,95.94,595.0,95.94,11
2026-07-02T02:00:00Z,95.94,95.94,95.935,95.94,649.0,95.94,6
2026-07-02T02:15:00Z,95.94,95.94,95.94,95.94,47.0,95.94,2
2026-07-02T02:30:00Z,95.94,95.94,95.94,95.94,1124.0,95.94,8
2026-07-02T02:45:00Z,95.94,95.94,95.935,95.935,108.0,95.9385,9
2026-07-02T03:00:00Z,95.935,95.935,95.935,95.935,59.0,95.935,25
2026-07-02T03:15:00Z,95.94,95.94,95.94,95.94,46.0,95.94,1
2026-07-02T03:30:00Z,95.935,95.935,95.935,95.935,25.0,95.935,3
2026-07-02T03:45:00Z,95.94,95.94,95.94,95.94,261.0,95.94,11
2026-07-02T04:00:00Z,95.94,95.94,95.94,95.94,150.0,95.94,2
2026-07-02T04:15:00Z,95.94,95.94,95.94,95.94,0.0,95.94,0
2026-07-02T04:30:00Z,95.94,95.94,95.94,95.94,0.0,95.94,0
2026-07-02T04:45:00Z,95.935,95.935,95.935,95.935,250.0,95.935,1
2026-07-02T05:00:00Z,95.935,95.935,95.935,95.935,250.0,95.935,1
2026-07-02T05:15:00Z,95.94,95.94,95.94,95.94,100.0,95.94,1
2026-07-02T05:30:00Z,95.94,95.94,95.94,95.94,219.0,95.94,2
2026-07-02T05:45:00Z,95.94,95.94,95.94,95.94,189.0,95.94,18
2026-07-02T06:00:00Z,95.94,95.945,95.94,95.945,3870.0,95.9405,70
2026-07-02T06:15:00Z,95.945,95.945,95.94,95.94,695.0,95.944,14
2026-07-02T06:30:00Z,95.94,95.94,95.94,95.94,1886.0,95.94,18
2026-07-02T06:45:00Z,95.935,95.945,95.935,95.945,3423.0,95.943,79
2026-07-02T07:00:00Z,95.945,95.945,95.945,95.945,83.0,95.945,5
2026-07-02T07:15:00Z,95.945,95.945,95.94,95.945,565.0,95.9405,10
2026-07-02T07:30:00Z,95.94,95.94,95.94,95.94,1184.0,95.94,5
2026-07-02T07:45:00Z,95.94,95.94,95.94,95.94,495.0,95.94,3
2026-07-02T08:00:00Z,95.94,95.95,95.94,95.945,3258.0,95.9445,43
2026-07-02T08:15:00Z,95.945,95.945,95.94,95.945,6102.0,95.945,112
2026-07-02T08:30:00Z,95.945,95.945,95.945,95.945,870.0,95.945,22
2026-07-02T08:45:00Z,95.945,95.95,95.945,95.95,3100.0,95.9455,38
2026-07-02T09:00:00Z,95.945,95.95,95.945,95.95,1293.0,95.9475,16
2026-07-02T09:15:00Z,95.95,95.95,95.945,95.945,4646.0,95.945,33
2026-07-02T09:30:00Z,95.945,95.95,95.945,95.95,8978.0,95.949,53
2026-07-02T09:45:00Z,95.95,95.95,95.945,95.95,2555.0,95.95,150
2026-07-02T10:00:00Z,95.95,95.955,95.95,95.955,237.0,95.953,9
2026-07-02T10:15:00Z,95.95,95.955,95.95,95.955,7422.0,95.9545,154
2026-07-02T10:30:00Z,95.955,95.955,95.955,95.955,2178.0,95.955,54
2026-07-02T10:45:00Z,95.955,95.955,95.955,95.955,4980.0,95.955,45
2026-07-02T11:00:00Z,95.955,95.96,95.95,95.955,6654.0,95.955,211
2026-07-02T11:15:00Z,95.95,95.955,95.945,95.95,5271.0,95.9505,126
2026-07-02T11:30:00Z,95.945,95.95,95.945,95.945,5704.0,95.945,55
2026-07-02T11:45:00Z,95.945,95.95,95.94,95.945,13936.0,95.945,292
2026-07-02T12:00:00Z,95.945,95.95,95.94,95.94,6756.0,95.9415,146
2026-07-02T12:15:00Z,95.94,95.94,95.92,95.935,29496.0,95.932,521
2026-07-02T12:30:00Z,95.925,96.03,95.925,96.02,94110.0,96.006,1862
2026-07-02T12:45:00Z,96.02,96.02,95.995,96.0,43385.0,96.003,783
2026-07-02T13:00:00Z,96.0,96.005,95.99,95.995,22824.0,95.999,406
2026-07-02T13:15:00Z,96.0,96.0,95.99,96.0,9192.0,95.997,117
2026-07-02T13:30:00Z,96.0,96.015,96.0,96.01,18542.0,96.0085,277
2026-07-02T13:45:00Z,96.005,96.01,95.995,96.005,25969.0,96.0,449
2026-07-02T14:00:00Z,96.0,96.0,95.99,95.99,4573.0,95.995,156
2026-07-02T14:15:00Z,95.995,95.995,95.99,95.995,8157.0,95.9915,220
2026-07-02T14:30:00Z,95.995,96.005,95.995,96.0,8348.0,96.0,169
2026-07-02T14:45:00Z,96.0,96.01,95.995,96.0,7038.0,96.004,163
2026-07-02T15:00:00Z,96.0,96.01,95.995,96.01,6948.0,96.0035,299
2026-07-02T15:15:00Z,96.01,96.015,96.005,96.005,4335.0,96.01,224
2026-07-02T15:30:00Z,96.01,96.01,96.0,96.005,6196.0,96.005,93
2026-07-02T15:45:00Z,96.005,96.005,95.995,96.0,10957.0,96.002,136
2026-07-02T16:00:00Z,96.005,96.005,95.995,96.0,8582.0,96.0,143
2026-07-02T16:15:00Z,96.0,96.0,95.995,96.0,913.0,96.0,29
2026-07-02T16:30:00Z,96.0,96.005,95.995,96.0,2327.0,96.0,34
2026-07-02T16:45:00Z,96.005,96.005,95.995,96.0,4867.0,96.0005,158
2026-07-02T17:00:00Z,95.995,96.0,95.995,96.0,1312.0,96.0,44
2026-07-02T17:15:00Z,95.995,96.0,95.99,95.995,1941.0,95.995,47
2026-07-02T17:30:00Z,95.995,96.0,95.995,95.995,1117.0,95.995,41
2026-07-02T17:45:00Z,95.995,95.995,95.995,95.995,2412.0,95.995,63
2026-07-02T18:00:00Z,95.995,96.0,95.995,95.995,1914.0,96.0,62
2026-07-02T18:15:00Z,96.0,96.0,95.995,95.995,642.0,95.997,9
2026-07-02T18:30:00Z,95.995,95.995,95.995,95.995,1134.0,95.995,32
2026-07-02T18:45:00Z,95.995,96.0,95.995,95.995,140.0,95.995,49
2026-07-02T19:00:00Z,95.995,96.005,95.995,96.005,1120.0,96.0,18
2026-07-02T19:15:00Z,96.0,96.005,96.0,96.0,223.0,96.0045,11
2026-07-02T19:30:00Z,96.005,96.005,96.0,96.005,761.0,96.002,61
2026-07-02T19:45:00Z,96.0,96.005,96.0,96.005,357.0,96.005,21
2026-07-02T20:00:00Z,96.005,96.005,96.0,96.0,162.0,96.0035,16
2026-07-02T20:15:00Z,96.0,96.005,96.0,96.0,360.0,96.001,29
2026-07-02T20:30:00Z,96.005,96.005,96.0,96.005,100.0,96.005,7
2026-07-02T20:45:00Z,96.005,96.005,96.0,96.0,308.0,96.005,8
2026-07-02T22:00:00Z,96.0,96.0,96.0,96.0,57.0,96.0,12
2026-07-02T22:15:00Z,96.005,96.005,96.0,96.0,106.0,96.0045,3
2026-07-02T22:30:00Z,96.0,96.0,96.0,96.0,486.0,96.0,11
2026-07-02T22:45:00Z,96.0,96.0,96.0,96.0,40.0,96.0,1
2026-07-02T23:00:00Z,96.0,96.0,96.0,96.0,332.0,96.0,14
2026-07-02T23:15:00Z,96.0,96.0,96.0,96.0,532.0,96.0,9
2026-07-02T23:30:00Z,96.0,96.0,96.0,96.0,103.0,96.0,17
2026-07-02T23:45:00Z,96.0,96.0,96.0,96.0,0.0,96.0,0
2026-07-03T00:00:00Z,96.0,96.0,96.0,96.0,10.0,96.0,1
2026-07-03T00:15:00Z,96.005,96.005,96.005,96.005,685.0,96.005,21
2026-07-03T00:30:00Z,96.01,96.01,96.01,96.01,291.0,96.01,8
2026-07-03T00:45:00Z,96.01,96.01,96.01,96.01,1242.0,96.01,35
2026-07-03T01:00:00Z,96.01,96.01,96.01,96.01,105.0,96.01,10
2026-07-03T01:15:00Z,96.015,96.015,96.015,96.015,219.0,96.015,40
2026-07-03T01:30:00Z,96.015,96.015,96.015,96.015,810.0,96.015,24
2026-07-03T01:45:00Z,96.015,96.015,96.01,96.01,398.0,96.01,16
2026-07-03T02:00:00Z,96.01,96.01,96.01,96.01,2.0,96.01,1
2026-07-03T02:15:00Z,96.01,96.01,96.01,96.01,150.0,96.01,2
2026-07-03T02:30:00Z,96.01,96.01,96.01,96.01,96.0,96.01,9
2026-07-03T02:45:00Z,96.01,96.01,96.01,96.01,178.0,96.01,8
2026-07-03T03:00:00Z,96.01,96.01,96.01,96.01,1038.0,96.01,5
2026-07-03T03:15:00Z,96.01,96.01,96.005,96.01,139.0,96.0065,8
2026-07-03T03:30:00Z,96.01,96.01,96.01,96.01,104.0,96.01,3
2026-07-03T03:45:00Z,96.01,96.01,96.01,96.01,0.0,96.01,0
2026-07-03T04:00:00Z,96.01,96.01,96.01,96.01,0.0,96.01,0
2026-07-03T04:15:00Z,96.005,96.005,96.005,96.005,100.0,96.005,1
2026-07-03T04:30:00Z,96.005,96.005,96.005,96.005,928.0,96.005,12
2026-07-03T04:45:00Z,96.005,96.005,96.005,96.005,0.0,96.005,0
2026-07-03T05:00:00Z,96.005,96.005,96.005,96.005,0.0,96.005,0
2026-07-03T05:15:00Z,96.005,96.005,96.005,96.005,2.0,96.005,1
2026-07-03T05:30:00Z,96.005,96.005,96.005,96.005,230.0,96.005,9
2026-07-03T05:45:00Z,96.005,96.005,96.005,96.005,1244.0,96.005,11
2026-07-03T06:00:00Z,96.0,96.0,96.0,96.0,2.0,96.0,1
2026-07-03T06:15:00Z,96.005,96.005,96.005,96.005,702.0,96.005,21
2026-07-03T06:30:00Z,96.0,96.005,96.0,96.005,1656.0,96.005,32
2026-07-03T06:45:00Z,96.005,96.005,96.005,96.005,425.0,96.005,25
2026-07-03T07:00:00Z,96.0,96.005,96.0,96.005,1494.0,96.005,25
2026-07-03T07:15:00Z,96.005,96.005,96.005,96.005,410.0,96.005,14
2026-07-03T07:30:00Z,96.005,96.005,96.005,96.005,1467.0,96.005,22
2026-07-03T07:45:00Z,96.005,96.01,96.005,96.005,332.0,96.0075,66
2026-07-03T08:00:00Z,96.005,96.005,96.005,96.005,504.0,96.005,30
2026-07-03T08:15:00Z,96.005,96.01,96.005,96.01,1067.0,96.005,16
2026-07-03T08:30:00Z,96.005,96.005,96.005,96.005,41.0,96.005,3
2026-07-03T08:45:00Z,96.0,96.0,96.0,96.0,100.0,96.0,1
2026-07-03T09:00:00Z,96.005,96.005,96.005,96.005,826.0,96.005,5
2026-07-03T09:15:00Z,96.0,96.005,96.0,96.005,24.0,96.002,4
2026-07-03T09:30:00Z,96.005,96.005,96.005,96.005,685.0,96.005,21
2026-07-03T09:45:00Z,96.005,96.005,96.005,96.005,1017.0,96.005,22
2026-07-03T10:00:00Z,96.005,96.005,96.005,96.005,120.0,96.005,3
2026-07-03T10:15:00Z,96.005,96.005,96.005,96.005,506.0,96.005,27
2026-07-03T10:30:00Z,96.005,96.005,96.0,96.0,8.0,96.0035,6
2026-07-03T10:45:00Z,96.005,96.005,96.005,96.005,640.0,96.005,25
2026-07-03T11:00:00Z,96.005,96.005,96.005,96.005,355.0,96.005,16
2026-07-03T11:15:00Z,96.005,96.01,96.005,96.005,479.0,96.0065,10
2026-07-03T11:30:00Z,96.005,96.005,96.0,96.005,778.0,96.005,24
2026-07-03T11:45:00Z,96.005,96.005,96.005,96.005,605.0,96.005,19
2026-07-03T12:00:00Z,96.005,96.005,96.005,96.005,651.0,96.005,31
2026-07-03T12:15:00Z,96.0,96.0,96.0,96.0,282.0,96.0,3
2026-07-03T12:30:00Z,96.005,96.005,96.005,96.005,614.0,96.005,3
2026-07-03T12:45:00Z,96.005,96.005,96.005,96.005,455.0,96.005,9
2026-07-03T13:00:00Z,96.0,96.0,96.0,96.0,3066.0,96.0,71
2026-07-03T13:15:00Z,96.0,96.0,96.0,96.0,1292.0,96.0,32
2026-07-03T13:30:00Z,96.0,96.0,96.0,96.0,259.0,96.0,12
2026-07-03T13:45:00Z,96.0,96.0,96.0,96.0,50.0,96.0,5
2026-07-03T14:00:00Z,96.005,96.005,96.0,96.0,70.0,96.0005,4
2026-07-03T14:15:00Z,96.005,96.005,96.005,96.005,2185.0,96.005,76
2026-07-03T14:30:00Z,96.005,96.005,96.005,96.005,39.0,96.005,3
2026-07-03T14:45:00Z,96.0,96.005,96.0,96.005,69.0,96.0,8
2026-07-03T15:00:00Z,96.0,96.0,96.0,96.0,90.0,96.0,10
2026-07-03T15:15:00Z,96.005,96.005,96.005,96.005,84.0,96.005,11
2026-07-03T15:30:00Z,96.005,96.005,96.0,96.005,234.0,96.005,58
2026-07-03T15:45:00Z,96.0,96.005,96.0,96.005,63.0,96.002,7
2026-07-03T16:00:00Z,96.0,96.0,95.995,96.0,5718.0,96.0,59
2026-07-03T16:15:00Z,96.0,96.0,96.0,96.0,259.0,96.0,20
2026-07-03T16:30:00Z,96.0,96.0,95.995,96.0,4612.0,95.9965,18
2026-07-03T16:45:00Z,95.995,95.995,95.995,95.995,2427.0,95.995,16
2026-07-05T22:00:00Z,96.0,96.005,96.0,96.005,1483.0,96.0005,37
2026-07-05T22:15:00Z,96.0,96.005,96.0,96.0,320.0,96.004,22
2026-07-05T22:30:00Z,96.0,96.005,96.0,96.005,506.0,96.0,16
2026-07-05T22:45:00Z,96.005,96.005,96.005,96.005,7.0,96.005,4
2026-07-05T23:00:00Z,96.005,96.005,96.005,96.005,0.0,96.005,0
2026-07-05T23:15:00Z,96.005,96.005,96.005,96.005,1233.0,96.005,9
2026-07-05T23:30:00Z,96.0,96.0,96.0,96.0,5.0,96.0,4
2026-07-05T23:45:00Z,96.0,96.005,96.0,96.005,2.0,96.0025,2
2026-07-06T00:00:00Z,96.0,96.0,96.0,96.0,203.0,96.0,14
2026-07-06T00:15:00Z,96.0,96.005,96.0,96.005,285.0,96.0035,11
2026-07-06T00:30:00Z,96.005,96.005,96.005,96.005,290.0,96.005,9
2026-07-06T00:45:00Z,96.005,96.005,96.0,96.005,437.0,96.005,42
2026-07-06T01:00:00Z,96.005,96.005,96.0,96.005,187.0,96.005,9
2026-07-06T01:15:00Z,96.005,96.005,96.005,96.005,85.0,96.005,3
2026-07-06T01:30:00Z,96.005,96.005,96.005,96.005,888.0,96.005,30
2026-07-06T01:45:00Z,96.005,96.005,96.005,96.005,0.0,96.005,0
2026-07-06T02:00:00Z,96.0,96.005,96.0,96.005,4.0,96.0025,4
2026-07-06T02:15:00Z,96.005,96.005,96.005,96.005,992.0,96.005,5
2026-07-06T02:30:00Z,96.005,96.005,96.0,96.0,986.0,96.005,9
2026-07-06T02:45:00Z,96.0,96.01,96.0,96.01,1530.0,96.0085,9
2026-07-06T03:00:00Z,96.01,96.01,96.005,96.005,7.0,96.0085,3
2026-07-06T03:15:00Z,96.005,96.01,96.005,96.01,3.0,96.0085,3
2026-07-06T03:30:00Z,96.005,96.005,96.005,96.005,7.0,96.005,1
2026-07-06T03:45:00Z,96.01,96.01,96.01,96.01,1.0,96.01,1
2026-07-06T04:00:00Z,96.01,96.01,96.01,96.01,100.0,96.01,1
2026-07-06T04:15:00Z,96.005,96.005,96.005,96.005,856.0,96.005,21
2026-07-06T04:30:00Z,96.005,96.005,96.005,96.005,183.0,96.005,6
2026-07-06T04:45:00Z,96.0,96.005,96.0,96.005,47.0,96.005,17
2026-07-06T05:00:00Z,96.005,96.005,96.005,96.005,2.0,96.005,1
2026-07-06T05:15:00Z,96.005,96.005,96.005,96.005,108.0,96.005,3
2026-07-06T05:30:00Z,96.005,96.005,96.005,96.005,2.0,96.005,2
2026-07-06T05:45:00Z,96.0,96.0,96.0,96.0,2252.0,96.0,50
2026-07-06T06:00:00Z,96.0,96.0,96.0,96.0,595.0,96.0,13
2026-07-06T06:15:00Z,96.0,96.005,95.995,96.005,730.0,96.0,22
2026-07-06T06:30:00Z,96.005,96.005,96.0,96.005,4134.0,96.005,25
2026-07-06T06:45:00Z,96.005,96.005,96.0,96.0,649.0,96.005,31
2026-07-06T07:00:00Z,96.0,96.005,96.0,96.005,869.0,96.005,48
2026-07-06T07:15:00Z,96.005,96.01,96.005,96.01,1098.0,96.0095,22
2026-07-06T07:30:00Z,96.01,96.01,96.01,96.01,663.0,96.01,23
2026-07-06T07:45:00Z,96.01,96.02,96.01,96.015,1681.0,96.015,41
2026-07-06T08:00:00Z,96.015,96.015,96.015,96.015,3286.0,96.015,54
2026-07-06T08:15:00Z,96.015,96.015,96.01,96.015,2466.0,96.015,25
2026-07-06T08:30:00Z,96.015,96.015,96.01,96.01,3008.0,96.0105,96
2026-07-06T08:45:00Z,96.01,96.01,96.005,96.01,2013.0,96.01,83
2026-07-06T09:00:00Z,96.01,96.01,96.01,96.01,823.0,96.01,9
2026-07-06T09:15:00Z,96.01,96.015,96.01,96.01,90.0,96.01,19
2026-07-06T09:30:00Z,96.015,96.015,96.01,96.01,242.0,96.012,4
2026-07-06T09:45:00Z,96.01,96.015,96.01,96.015,962.0,96.01,12
2026-07-06T10:00:00Z,96.01,96.02,96.01,96.015,2386.0,96.015,42
2026-07-06T10:15:00Z,96.015,96.02,96.01,96.015,2491.0,96.015,47
2026-07-06T10:30:00Z,96.01,96.015,96.01,96.015,871.0,96.015,36
2026-07-06T10:45:00Z,96.015,96.015,96.01,96.015,1899.0,96.015,38
2026-07-06T11:00:00Z,96.015,96.015,96.015,96.015,663.0,96.015,18
2026-07-06T11:15:00Z,96.02,96.02,96.015,96.02,2844.0,96.02,39
2026-07-06T11:30:00Z,96.02,96.02,96.015,96.02,2445.0,96.02,30
2026-07-06T11:45:00Z,96.02,96.02,96.01,96.015,3654.0,96.015,98
2026-07-06T12:00:00Z,96.015,96.02,96.01,96.02,4490.0,96.015,160
2026-07-06T12:15:00Z,96.02,96.02,96.015,96.015,2579.0,96.015,69
2026-07-06T12:30:00Z,96.015,96.02,96.01,96.01,3660.0,96.015,183
2026-07-06T12:45:00Z,96.01,96.015,96.01,96.01,659.0,96.014,37
2026-07-06T13:00:00Z,96.01,96.01,96.005,96.005,4493.0,96.01,139
2026-07-06T13:15:00Z,96.01,96.01,96.0,96.005,3114.0,96.005,116
2026-07-06T13:30:00Z,96.0,96.005,96.0,96.0,17079.0,96.0,280
2026-07-06T13:45:00Z,96.0,96.005,95.995,96.0,2648.0,96.001,64
2026-07-06T14:00:00Z,96.0,96.005,96.0,96.0,7564.0,96.0,177
2026-07-06T14:15:00Z,96.0,96.0,95.995,95.995,4123.0,95.9985,167
2026-07-06T14:30:00Z,95.995,95.995,95.99,95.995,6045.0,95.995,224
2026-07-06T14:45:00Z,95.995,96.0,95.995,95.995,4052.0,95.9955,100
2026-07-06T15:00:00Z,95.995,96.005,95.995,96.0,10828.0,95.9995,169
2026-07-06T15:15:00Z,95.995,96.0,95.995,95.995,677.0,95.9965,42
2026-07-06T15:30:00Z,95.995,96.0,95.995,96.0,125.0,95.996,36
2026-07-06T15:45:00Z,96.0,96.0,95.995,96.0,4277.0,95.995,52
2026-07-06T16:00:00Z,95.995,95.995,95.99,95.99,2097.0,95.9945,162
2026-07-06T16:15:00Z,95.995,96.0,95.995,95.995,7766.0,95.9995,88
2026-07-06T16:30:00Z,96.0,96.005,95.995,96.0,1293.0,96.0,59
2026-07-06T16:45:00Z,96.0,96.005,95.995,96.005,11718.0,95.9965,248
2026-07-06T17:00:00Z,96.0,96.005,96.0,96.005,565.0,96.0045,27
2026-07-06T17:15:00Z,96.005,96.005,96.005,96.005,1600.0,96.005,15
2026-07-06T17:30:00Z,96.005,96.005,96.0,96.005,170.0,96.005,19
2026-07-06T17:45:00Z,96.005,96.005,96.005,96.005,5711.0,96.005,115
2026-07-06T18:00:00Z,96.005,96.01,96.0,96.01,1573.0,96.005,65
2026-07-06T18:15:00Z,96.005,96.005,96.0,96.005,1573.0,96.005,79
2026-07-06T18:30:00Z,96.005,96.005,96.005,96.005,178.0,96.005,11
2026-07-06T18:45:00Z,96.01,96.01,96.005,96.01,318.0,96.006,90
2026-07-06T19:00:00Z,96.005,96.01,96.005,96.005,1262.0,96.006,59
2026-07-06T19:15:00Z,96.005,96.01,96.005,96.01,2467.0,96.01,76
2026-07-06T19:30:00Z,96.01,96.015,96.01,96.015,2298.0,96.0145,37
2026-07-06T19:45:00Z,96.015,96.02,96.01,96.015,3870.0,96.015,112
2026-07-06T20:00:00Z,96.015,96.02,96.015,96.015,347.0,96.0175,20
2026-07-06T20:15:00Z,96.015,96.015,96.01,96.015,2521.0,96.0145,79
2026-07-06T20:30:00Z,96.015,96.02,96.01,96.015,4168.0,96.015,87
2026-07-06T20:45:00Z,96.02,96.02,96.015,96.015,1675.0,96.0155,66
2026-07-06T22:00:00Z,96.015,96.015,96.015,96.015,105.0,96.015,17
2026-07-06T22:15:00Z,96.015,96.015,96.015,96.015,0.0,96.015,0
2026-07-06T22:30:00Z,96.015,96.015,96.015,96.015,0.0,96.015,0
2026-07-06T22:45:00Z,96.02,96.02,96.015,96.015,637.0,96.015,11
2026-07-06T23:00:00Z,96.015,96.02,96.015,96.015,1285.0,96.015,44
2026-07-06T23:15:00Z,96.015,96.015,96.015,96.015,1.0,96.015,1
2026-07-06T23:30:00Z,96.015,96.015,96.015,96.015,1.0,96.015,1
2026-07-06T23:45:00Z,96.015,96.015,96.015,96.015,1340.0,96.015,11
2026-07-07T00:00:00Z,96.015,96.015,96.01,96.01,575.0,96.01,18
2026-07-07T00:15:00Z,96.01,96.01,96.01,96.01,98.0,96.01,8
2026-07-07T00:30:00Z,96.01,96.01,96.005,96.005,369.0,96.0095,8
2026-07-07T00:45:00Z,96.01,96.01,96.01,96.01,64.0,96.01,4
2026-07-07T01:00:00Z,96.01,96.01,96.01,96.01,3.0,96.01,2
2026-07-07T01:15:00Z,96.01,96.01,96.01,96.01,5.0,96.01,2
2026-07-07T01:30:00Z,96.01,96.01,96.01,96.01,893.0,96.01,18
2026-07-07T01:45:00Z,96.01,96.01,96.01,96.01,44.0,96.01,2
2026-07-07T02:00:00Z,96.01,96.01,96.01,96.01,6.0,96.01,1
2026-07-07T02:15:00Z,96.005,96.01,96.005,96.005,15.0,96.0065,3
2026-07-07T02:30:00Z,96.005,96.005,96.005,96.005,14.0,96.005,2
2026-07-07T02:45:00Z,96.01,96.01,96.01,96.01,3.0,96.01,2
2026-07-07T03:00:00Z,96.01,96.01,96.01,96.01,6.0,96.01,1
2026-07-07T03:15:00Z,96.01,96.01,96.005,96.01,3277.0,96.01,33
2026-07-07T03:30:00Z,96.01,96.01,96.01,96.01,0.0,96.01,0
2026-07-07T03:45:00Z,96.01,96.01,96.01,96.01,0.0,96.01,0
2026-07-07T04:00:00Z,96.01,96.015,96.01,96.015,207.0,96.01,5
2026-07-07T04:15:00Z,96.015,96.015,96.015,96.015,5.0,96.015,1
2026-07-07T04:30:00Z,96.01,96.01,96.01,96.01,1183.0,96.01,40
2026-07-07T04:45:00Z,96.01,96.01,96.01,96.01,85.0,96.01,8
2026-07-07T05:00:00Z,96.01,96.01,96.01,96.01,11.0,96.01,2
2026-07-07T05:15:00Z,96.005,96.01,96.005,96.005,939.0,96.005,31
2026-07-07T05:30:00Z,96.005,96.005,96.005,96.005,296.0,96.005,12
2026-07-07T05:45:00Z,96.005,96.01,96.005,96.005,155.0,96.0055,10
2026-07-07T06:00:00Z,96.005,96.005,96.0,96.0,1125.0,96.0025,27
2026-07-07T06:15:00Z,96.0,96.0,96.0,96.0,606.0,96.0,4
2026-07-07T06:30:00Z,96.0,96.0,96.0,96.0,1.0,96.0,1
2026-07-07T06:45:00Z,96.005,96.005,96.0,96.0,1018.0,96.005,4
2026-07-07T07:00:00Z,96.0,96.0,96.0,96.0,1816.0,96.0,19
2026-07-07T07:15:00Z,96.0,96.005,96.0,96.0,1544.0,96.0,44
2026-07-07T07:30:00Z,96.0,96.005,95.995,96.0,1703.0,96.0,26
2026-07-07T07:45:00Z,96.0,96.0,95.99,95.995,7675.0,95.9955,97
2026-07-07T08:00:00Z,95.995,96.0,95.995,96.0,2013.0,95.995,157
2026-07-07T08:15:00Z,96.0,96.0,95.995,96.0,2820.0,96.0,40
2026-07-07T08:30:00Z,96.0,96.0,95.995,95.995,836.0,95.997,16
2026-07-07T08:45:00Z,95.995,96.0,95.995,96.0,706.0,95.995,7
2026-07-07T09:00:00Z,95.995,96.0,95.995,95.995,429.0,95.997,13
2026-07-07T09:15:00Z,95.995,96.0,95.995,96.0,376.0,95.998,9
2026-07-07T09:30:00Z,96.0,96.0,95.995,95.995,794.0,95.998,20
2026-07-07T09:45:00Z,95.995,96.0,95.995,95.995,2366.0,96.0,44
2026-07-07T10:00:00Z,96.0,96.005,95.995,96.0,3036.0,96.0005,96
2026-07-07T10:15:00Z,96.0,96.0,95.995,95.995,383.0,95.999,10
2026-07-07T10:30:00Z,95.995,96.0,95.995,95.995,411.0,95.9985,10
2026-07-07T10:45:00Z,96.0,96.0,95.995,95.995,562.0,95.997,12
2026-07-07T11:00:00Z,95.995,95.995,95.99,95.995,4573.0,95.995,122
2026-07-07T11:15:00Z,96.0,96.0,96.0,96.0,2729.0,96.0,87
2026-07-07T11:30:00Z,96.0,96.005,95.995,96.0,2231.0,96.0,51
2026-07-07T11:45:00Z,95.995,96.0,95.995,96.0,2133.0,95.997,77
2026-07-07T12:00:00Z,96.0,96.0,95.995,96.0,4013.0,95.9955,65
2026-07-07T12:15:00Z,96.0,96.01,95.995,96.005,5351.0,96.0035,89
2026-07-07T12:30:00Z,96.005,96.01,96.0,96.0,4547.0,96.0045,120
2026-07-07T12:45:00Z,96.0,96.005,96.0,96.0,6129.0,96.0,121
2026-07-07T13:00:00Z,96.0,96.0,95.995,95.995,4418.0,95.9965,107
2026-07-07T13:15:00Z,95.995,95.995,95.99,95.995,3172.0,95.995,94
2026-07-07T13:30:00Z,95.995,95.995,95.99,95.995,6334.0,95.9915,134
2026-07-07T13:45:00Z,95.995,95.995,95.985,95.99,8096.0,95.9905,122
2026-07-07T14:00:00Z,95.99,95.99,95.98,95.99,10707.0,95.984,402
2026-07-07T14:15:00Z,95.985,95.995,95.985,95.99,4554.0,95.9905,142
2026-07-07T14:30:00Z,95.99,95.995,95.99,95.99,2309.0,95.991,140
2026-07-07T14:45:00Z,95.995,95.995,95.99,95.995,5231.0,95.995,151
2026-07-07T15:00:00Z,95.99,95.995,95.99,95.995,3708.0,95.9945,120
2026-07-07T15:15:00Z,95.995,95.995,95.99,95.99,775.0,95.9915,42
2026-07-07T15:30:00Z,95.995,95.995,95.985,95.99,16152.0,95.9895,81
2026-07-07T15:45:00Z,95.99,95.99,95.985,95.99,3554.0,95.988,117
2026-07-07T16:00:00Z,95.99,95.995,95.99,95.99,2061.0,95.99,153
2026-07-07T16:15:00Z,95.99,95.99,95.985,95.99,876.0,95.9855,35
2026-07-07T16:30:00Z,95.985,95.99,95.98,95.985,1486.0,95.985,24
2026-07-07T16:45:00Z,95.985,95.985,95.98,95.985,3607.0,95.985,155
2026-07-07T17:00:00Z,95.985,95.99,95.985,95.99,995.0,95.9855,52
2026-07-07T17:15:00Z,95.985,95.99,95.98,95.98,1337.0,95.9845,66
2026-07-07T17:30:00Z,95.98,95.985,95.975,95.98,3061.0,95.98,124
2026-07-07T17:45:00Z,95.985,95.985,95.98,95.98,2711.0,95.9815,210
2026-07-07T18:00:00Z,95.98,95.98,95.975,95.975,1352.0,95.975,61
2026-07-07T18:15:00Z,95.975,95.98,95.975,95.98,7002.0,95.98,102
2026-07-07T18:30:00Z,95.98,95.985,95.98,95.98,1358.0,95.98,86
2026-07-07T18:45:00Z,95.98,95.98,95.965,95.975,6447.0,95.974,337
2026-07-07T19:00:00Z,95.97,95.97,95.955,95.955,9889.0,95.962,341
2026-07-07T19:15:00Z,95.95,95.955,95.945,95.95,12308.0,95.9515,324
2026-07-07T19:30:00Z,95.955,95.96,95.95,95.96,5021.0,95.958,92
2026-07-07T19:45:00Z,95.955,95.96,95.955,95.96,4061.0,95.955,131
2026-07-07T20:00:00Z,95.955,95.96,95.955,95.96,1021.0,95.957,86
2026-07-07T20:15:00Z,95.96,95.965,95.955,95.965,5300.0,95.957,83
2026-07-07T20:30:00Z,95.96,95.965,95.955,95.955,1512.0,95.9595,38
2026-07-07T20:45:00Z,95.955,95.96,95.955,95.955,1732.0,95.955,65
2026-07-07T22:00:00Z,95.955,95.955,95.945,95.955,2073.0,95.953,102
2026-07-07T22:15:00Z,95.955,95.955,95.955,95.955,815.0,95.955,10
2026-07-07T22:30:00Z,95.955,95.955,95.955,95.955,397.0,95.955,10
2026-07-07T22:45:00Z,95.955,95.955,95.955,95.955,247.0,95.955,6
2026-07-07T23:00:00Z,95.955,95.955,95.955,95.955,277.0,95.955,3
2026-07-07T23:15:00Z,95.955,95.96,95.955,95.955,1562.0,95.955,6
2026-07-07T23:30:00Z,95.955,95.955,95.95,95.95,2987.0,95.951,41
2026-07-07T23:45:00Z,95.95,95.955,95.95,95.955,504.0,95.95,15
2026-07-08T00:00:00Z,95.95,95.955,95.95,95.955,1878.0,95.95,22
2026-07-08T00:15:00Z,95.955,95.955,95.955,95.955,119.0,95.955,10
2026-07-08T00:30:00Z,95.955,95.96,95.955,95.96,263.0,95.957,7
2026-07-08T00:45:00Z,95.955,95.96,95.955,95.96,193.0,95.955,2
2026-07-08T01:00:00Z,95.955,95.955,95.955,95.955,601.0,95.955,15
2026-07-08T01:15:00Z,95.95,95.95,95.95,95.95,2149.0,95.95,13
2026-07-08T01:30:00Z,95.95,95.95,95.95,95.95,1944.0,95.95,25
2026-07-08T01:45:00Z,95.95,95.955,95.95,95.955,321.0,95.9505,2
2026-07-08T02:00:00Z,95.95,95.955,95.95,95.955,542.0,95.9505,2
2026-07-08T02:15:00Z,95.955,95.955,95.955,95.955,0.0,95.955,0
2026-07-08T02:30:00Z,95.955,95.955,95.955,95.955,0.0,95.955,0
2026-07-08T02:45:00Z,95.95,95.95,95.95,95.95,6.0,95.95,1
2026-07-08T03:00:00Z,95.95,95.95,95.95,95.95,4.0,95.95,2
2026-07-08T03:15:00Z,95.95,95.95,95.95,95.95,0.0,95.95,0
2026-07-08T03:30:00Z,95.955,95.955,95.955,95.955,1.0,95.955,1
2026-07-08T03:45:00Z,95.95,95.955,95.95,95.955,3.0,95.9515,2
2026-07-08T04:00:00Z,95.955,95.96,95.955,95.955,2228.0,95.955,50
2026-07-08T04:15:00Z,95.955,95.955,95.955,95.955,30.0,95.955,2
2026-07-08T04:30:00Z,95.96,95.96,95.96,95.96,20.0,95.96,1
2026-07-08T04:45:00Z,95.96,95.96,95.955,95.955,843.0,95.957,7
2026-07-08T05:00:00Z,95.955,95.955,95.955,95.955,917.0,95.955,22
2026-07-08T05:15:00Z,95.955,95.955,95.955,95.955,0.0,95.955,0
2026-07-08T05:30:00Z,95.955,95.955,95.955,95.955,1399.0,95.955,24
2026-07-08T05:45:00Z,95.955,95.955,95.95,95.95,721.0,95.954,15
2026-07-08T06:00:00Z,95.955,95.955,95.955,95.955,996.0,95.955,48
2026-07-08T06:15:00Z,95.96,95.96,95.955,95.96,2649.0,95.96,30
2026-07-08T06:30:00Z,95.955,95.96,95.955,95.955,127.0,95.955,4
2026-07-08T06:45:00Z,95.955,95.955,95.955,95.955,2580.0,95.955,21
2026-07-08T07:00:00Z,95.955,95.955,95.95,95.95,1758.0,95.955,32
2026-07-08T07:15:00Z,95.95,95.955,95.95,95.955,1551.0,95.953,37
2026-07-08T07:30:00Z,95.96,95.965,95.955,95.965,1491.0,95.96,48
2026-07-08T07:45:00Z,95.965,95.965,95.965,95.965,1588.0,95.965,49
2026-07-08T08:00:00Z,95.965,95.965,95.965,95.965,190.0,95.965,5
2026-07-08T08:15:00Z,95.96,95.96,95.93,95.94,22502.0,95.9445,480
2026-07-08T08:30:00Z,95.94,95.94,95.925,95.925,6014.0,95.9305,244
2026-07-08T08:45:00Z,95.93,95.93,95.92,95.925,13288.0,95.9245,162
2026-07-08T09:00:00Z,95.925,95.925,95.92,95.925,7256.0,95.925,270
2026-07-08T09:15:00Z,95.925,95.93,95.925,95.93,2486.0,95.93,85
2026-07-08T09:30:00Z,95.93,95.93,95.925,95.925,3789.0,95.926,124
2026-07-08T09:45:00Z,95.925,95.93,95.92,95.92,2114.0,95.9215,94
2026-07-08T10:00:00Z,95.92,95.925,95.92,95.925,2091.0,95.922,51
2026-07-08T10:15:00Z,95.92,95.93,95.92,95.93,4947.0,95.9265,81
2026-07-08T10:30:00Z,95.93,95.935,95.93,95.935,3447.0,95.9335,77
2026-07-08T10:45:00Z,95.935,95.935,95.93,95.935,2668.0,95.935,149
2026-07-08T11:00:00Z,95.935,95.935,95.93,95.935,2559.0,95.934,69
2026-07-08T11:15:00Z,95.935,95.935,95.93,95.935,1429.0,95.935,53
2026-07-08T11:30:00Z,95.935,95.945,95.93,95.94,7455.0,95.936,265
2026-07-08T11:45:00Z,95.935,95.94,95.93,95.93,4792.0,95.9365,171
2026-07-08T12:00:00Z,95.935,95.95,95.935,95.945,4124.0,95.9415,127
2026-07-08T12:15:00Z,95.945,95.945,95.94,95.945,5493.0,95.945,200
2026-07-08T12:30:00Z,95.945,95.95,95.94,95.945,3454.0,95.9445,58
2026-07-08T12:45:00Z,95.95,95.955,95.935,95.94,15208.0,95.945,301
2026-07-08T13:00:00Z,95.94,95.945,95.935,95.94,3613.0,95.94,161
2026-07-08T13:15:00Z,95.94,95.945,95.935,95.94,9973.0,95.941,134
2026-07-08T13:30:00Z,95.94,95.94,95.935,95.94,4293.0,95.94,98
2026-07-08T13:45:00Z,95.94,95.94,95.92,95.925,6223.0,95.931,121
2026-07-08T14:00:00Z,95.925,95.935,95.925,95.93,13531.0,95.9305,48
2026-07-08T14:15:00Z,95.93,95.935,95.93,95.93,12427.0,95.9315,209
2026-07-08T14:30:00Z,95.93,95.94,95.925,95.94,7321.0,95.9315,226
2026-07-08T14:45:00Z,95.935,95.935,95.925,95.93,2893.0,95.932,115
2026-07-08T15:00:00Z,95.925,95.93,95.915,95.92,8089.0,95.923,218
2026-07-08T15:15:00Z,95.92,95.925,95.915,95.915,6642.0,95.921,127
2026-07-08T15:30:00Z,95.915,95.915,95.9,95.905,30747.0,95.909,284
2026-07-08T15:45:00Z,95.905,95.91,95.905,95.91,3693.0,95.9095,43
2026-07-08T16:00:00Z,95.905,95.915,95.905,95.91,10275.0,95.9095,164
2026-07-08T16:15:00Z,95.905,95.91,95.905,95.91,7069.0,95.91,70
2026-07-08T16:30:00Z,95.91,95.92,95.91,95.92,14686.0,95.917,309
2026-07-08T16:45:00Z,95.92,95.925,95.92,95.92,7610.0,95.92,244
2026-07-08T17:00:00Z,95.92,95.925,95.92,95.92,3482.0,95.9215,91
2026-07-08T17:15:00Z,95.925,95.93,95.92,95.925,6646.0,95.925,137
2026-07-08T17:30:00Z,95.925,95.925,95.92,95.925,2676.0,95.925,126
2026-07-08T17:45:00Z,95.925,95.925,95.92,95.925,1741.0,95.925,109
2026-07-08T18:00:00Z,95.925,95.935,95.91,95.93,18979.0,95.9215,305
2026-07-08T18:15:00Z,95.93,95.94,95.925,95.935,3801.0,95.9325,70
2026-07-08T18:30:00Z,95.935,95.94,95.93,95.935,5182.0,95.935,130
2026-07-08T18:45:00Z,95.935,95.94,95.935,95.935,2798.0,95.94,157
2026-07-08T19:00:00Z,95.935,95.94,95.935,95.94,3662.0,95.94,128
2026-07-08T19:15:00Z,95.94,95.945,95.935,95.94,2472.0,95.9395,72
2026-07-08T19:30:00Z,95.94,95.94,95.935,95.935,240.0,95.9395,28
2026-07-08T19:45:00Z,95.935,95.94,95.93,95.935,5184.0,95.9325,141
2026-07-08T20:00:00Z,95.935,95.94,95.935,95.935,1720.0,95.9355,52
2026-07-08T20:15:00Z,95.93,95.935,95.925,95.93,3892.0,95.928,77
2026-07-08T20:30:00Z,95.93,95.93,95.92,95.925,5390.0,95.9205,80
2026-07-08T20:45:00Z,95.92,95.925,95.92,95.92,1016.0,95.9225,12
2026-07-08T22:00:00Z,95.92,95.925,95.91,95.92,959.0,95.918,78
2026-07-08T22:15:00Z,95.92,95.92,95.915,95.915,292.0,95.92,75
2026-07-08T22:30:00Z,95.915,95.925,95.915,95.925,693.0,95.9245,59
2026-07-08T22:45:00Z,95.925,95.93,95.925,95.925,144.0,95.9285,44
2026-07-08T23:00:00Z,95.925,95.925,95.92,95.925,455.0,95.925,23
2026-07-08T23:15:00Z,95.925,95.925,95.92,95.925,289.0,95.925,41
2026-07-08T23:30:00Z,95.92,95.925,95.92,95.925,336.0,95.925,19
2026-07-08T23:45:00Z,95.925,95.925,95.925,95.925,135.0,95.925,6
2026-07-09T00:00:00Z,95.925,95.93,95.925,95.93,140.0,95.9295,32
2026-07-09T00:15:00Z,95.935,95.935,95.93,95.93,28.0,95.93,9
2026-07-09T00:30:00Z,95.935,95.935,95.925,95.925,328.0,95.933,26
2026-07-09T00:45:00Z,95.925,95.93,95.925,95.93,1152.0,95.93,28
2026-07-09T01:00:00Z,95.93,95.93,95.925,95.925,421.0,95.93,34
2026-07-09T01:15:00Z,95.93,95.93,95.925,95.925,38.0,95.928,18
2026-07-09T01:30:00Z,95.925,95.93,95.925,95.93,13.0,95.9275,10
2026-07-09T01:45:00Z,95.93,95.93,95.925,95.925,29.0,95.9295,5
2026-07-09T02:00:00Z,95.925,95.93,95.925,95.925,105.0,95.93,5
2026-07-09T02:15:00Z,95.93,95.93,95.93,95.93,1019.0,95.93,19
2026-07-09T02:30:00Z,95.935,95.935,95.93,95.93,384.0,95.935,23
2026-07-09T02:45:00Z,95.93,95.93,95.93,95.93,16.0,95.93,16
2026-07-09T03:00:00Z,95.93,95.93,95.93,95.93,21.0,95.93,20
2026-07-09T03:15:00Z,95.93,95.93,95.93,95.93,5.0,95.93,5
2026-07-09T03:30:00Z,95.93,95.935,95.93,95.935,1134.0,95.935,28
2026-07-09T03:45:00Z,95.93,95.935,95.93,95.93,35.0,95.9335,16
2026-07-09T04:00:00Z,95.93,95.935,95.93,95.935,127.0,95.9345,13
2026-07-09T04:15:00Z,95.93,95.93,95.93,95.93,9.0,95.93,9
2026-07-09T04:30:00Z,95.93,95.93,95.93,95.93,12.0,95.93,12
2026-07-09T04:45:00Z,95.93,95.935,95.93,95.93,38.0,95.934,12
2026-07-09T05:00:00Z,95.93,95.94,95.93,95.94,2894.0,95.939,62
2026-07-09T05:15:00Z,95.94,95.94,95.935,95.94,446.0,95.94,17
2026-07-09T05:30:00Z,95.945,95.945,95.94,95.945,643.0,95.945,19
2026-07-09T05:45:00Z,95.94,95.95,95.94,95.945,2576.0,95.947,78
2026-07-09T06:00:00Z,95.945,95.95,95.945,95.945,4198.0,95.95,80
2026-07-09T06:15:00Z,95.945,95.955,95.945,95.955,3876.0,95.953,47
2026-07-09T06:30:00Z,95.95,95.955,95.945,95.95,2301.0,95.951,74
2026-07-09T06:45:00Z,95.95,95.95,95.945,95.945,90.0,95.95,29
2026-07-09T07:00:00Z,95.945,95.95,95.945,95.945,1903.0,95.947,51
2026-07-09T07:15:00Z,95.945,95.95,95.945,95.95,3054.0,95.95,71
2026-07-09T07:30:00Z,95.95,95.955,95.95,95.95,1049.0,95.95,86
2026-07-09T07:45:00Z,95.95,95.955,95.95,95.955,371.0,95.953,11
2026-07-09T08:00:00Z,95.955,95.955,95.955,95.955,2116.0,95.955,42
2026-07-09T08:15:00Z,95.96,95.96,95.955,95.955,1328.0,95.955,43
2026-07-09T08:30:00Z,95.955,95.955,95.95,95.95,1953.0,95.95,36
2026-07-09T08:45:00Z,95.955,95.955,95.95,95.95,255.0,95.955,3
2026-07-09T09:00:00Z,95.95,95.95,95.95,95.95,1315.0,95.95,10
2026-07-09T09:15:00Z,95.95,95.95,95.95,95.95,4676.0,95.95,112
2026-07-09T09:30:00Z,95.95,95.95,95.945,95.945,10.0,95.949,2
2026-07-09T09:45:00Z,95.95,95.95,95.95,95.95,491.0,95.95,12
2026-07-09T10:00:00Z,95.95,95.95,95.95,95.95,3594.0,95.95,97
2026-07-09T10:15:00Z,95.95,95.955,95.95,95.955,1548.0,95.9505,35
2026-07-09T10:30:00Z,95.955,95.955,95.95,95.95,1194.0,95.951,63
2026-07-09T10:45:00Z,95.95,95.95,95.94,95.95,9626.0,95.9455,253
2026-07-09T11:00:00Z,95.95,95.95,95.95,95.95,2466.0,95.95,54
2026-07-09T11:15:00Z,95.95,95.95,95.94,95.94,2044.0,95.945,11
2026-07-09T11:30:00Z,95.94,95.945,95.94,95.94,3562.0,95.94,75
2026-07-09T11:45:00Z,95.94,95.945,95.94,95.945,3237.0,95.945,74
2026-07-09T12:00:00Z,95.945,95.96,95.945,95.955,9879.0,95.954,231
2026-07-09T12:15:00Z,95.955,95.955,95.95,95.95,5141.0,95.9535,165
2026-07-09T12:30:00Z,95.955,95.96,95.955,95.955,3093.0,95.9585,106
2026-07-09T12:45:00Z,95.955,95.955,95.95,95.955,12846.0,95.955,214
2026-07-09T13:00:00Z,95.955,95.96,95.955,95.955,4004.0,95.9595,121
2026-07-09T13:15:00Z,95.96,95.965,95.955,95.955,9727.0,95.9585,150
2026-07-09T13:30:00Z,95.96,95.96,95.95,95.955,5982.0,95.9565,121
2026-07-09T13:45:00Z,95.96,95.96,95.955,95.96,2611.0,95.959,79
2026-07-09T14:00:00Z,95.96,95.96,95.955,95.96,16204.0,95.96,435
2026-07-09T14:15:00Z,95.96,95.965,95.96,95.96,6930.0,95.96,149
2026-07-09T14:30:00Z,95.965,95.97,95.96,95.965,4374.0,95.9645,100
2026-07-09T14:45:00Z,95.96,95.965,95.96,95.96,7433.0,95.964,98
2026-07-09T15:00:00Z,95.965,95.97,95.96,95.965,3957.0,95.965,189
2026-07-09T15:15:00Z,95.965,95.965,95.96,95.965,5505.0,95.964,206
2026-07-09T15:30:00Z,95.965,95.965,95.96,95.965,4885.0,95.9645,66
2026-07-09T15:45:00Z,95.965,95.975,95.965,95.97,8742.0,95.9715,62
2026-07-09T16:00:00Z,95.97,95.975,95.965,95.965,3897.0,95.97,108
2026-07-09T16:15:00Z,95.97,95.97,95.965,95.97,2746.0,95.97,73
2026-07-09T16:30:00Z,95.97,95.975,95.97,95.97,1027.0,95.9735,35
2026-07-09T16:45:00Z,95.97,95.975,95.97,95.97,6681.0,95.975,166
2026-07-09T17:00:00Z,95.97,95.98,95.97,95.975,3750.0,95.976,142
2026-07-09T17:15:00Z,95.975,95.985,95.975,95.985,6041.0,95.981,169
2026-07-09T17:30:00Z,95.98,95.985,95.975,95.985,8616.0,95.9805,97
2026-07-09T17:45:00Z,95.98,95.985,95.98,95.985,2378.0,95.985,60
2026-07-09T18:00:00Z,95.985,95.985,95.975,95.98,6026.0,95.981,154
2026-07-09T18:15:00Z,95.98,95.98,95.975,95.975,4508.0,95.977,81
2026-07-09T18:30:00Z,95.975,95.98,95.975,95.975,4003.0,95.9755,95
2026-07-09T18:45:00Z,95.98,95.98,95.975,95.98,1790.0,95.9795,140
2026-07-09T19:00:00Z,95.975,95.98,95.975,95.98,5999.0,95.98,115
2026-07-09T19:15:00Z,95.98,95.98,95.97,95.98,3453.0,95.9775,54
2026-07-09T19:30:00Z,95.975,95.98,95.97,95.975,8220.0,95.9755,172
2026-07-09T19:45:00Z,95.975,95.975,95.965,95.965,6001.0,95.971,119
2026-07-09T20:00:00Z,95.965,95.97,95.965,95.97,929.0,95.968,25
2026-07-09T20:15:00Z,95.965,95.97,95.965,95.97,348.0,95.9665,14
2026-07-09T20:30:00Z,95.965,95.97,95.96,95.965,4485.0,95.965,34
2026-07-09T20:45:00Z,95.965,95.965,95.96,95.96,2072.0,95.9605,45
2026-07-09T22:00:00Z,95.96,95.97,95.96,95.97,1863.0,95.9625,55
2026-07-09T22:15:00Z,95.97,95.97,95.97,95.97,56.0,95.97,2
2026-07-09T22:30:00Z,95.97,95.97,95.97,95.97,0.0,95.97,0
2026-07-09T22:45:00Z,95.97,95.97,95.97,95.97,0.0,95.97,0
2026-07-09T23:00:00Z,95.965,95.965,95.965,95.965,27.0,95.965,3
2026-07-09T23:15:00Z,95.965,95.965,95.96,95.965,1010.0,95.965,33
2026-07-09T23:30:00Z,95.965,95.965,95.965,95.965,0.0,95.965,0
2026-07-09T23:45:00Z,95.965,95.965,95.965,95.965,7.0,95.965,2
2026-07-10T00:00:00Z,95.965,95.965,95.965,95.965,40.0,95.965,4
2026-07-10T00:15:00Z,95.97,95.97,95.97,95.97,100.0,95.97,1
2026-07-10T00:30:00Z,95.965,95.97,95.965,95.97,2056.0,95.97,26
2026-07-10T00:45:00Z,95.975,95.975,95.97,95.975,1405.0,95.975,42
2026-07-10T01:00:00Z,95.97,95.97,95.965,95.97,1610.0,95.97,46
2026-07-10T01:15:00Z,95.975,95.975,95.975,95.975,21.0,95.975,2
2026-07-10T01:30:00Z,95.975,95.975,95.975,95.975,2980.0,95.975,28
2026-07-10T01:45:00Z,95.98,95.98,95.97,95.975,3487.0,95.977,79
2026-07-10T02:00:00Z,95.975,95.975,95.975,95.975,60.0,95.975,2
2026-07-10T02:15:00Z,95.975,95.975,95.975,95.975,46.0,95.975,3
2026-07-10T02:30:00Z,95.975,95.975,95.975,95.975,124.0,95.975,2
2026-07-10T02:45:00Z,95.975,95.975,95.975,95.975,732.0,95.975,18
2026-07-10T03:00:00Z,95.975,95.975,95.975,95.975,16.0,95.975,1
2026-07-10T03:15:00Z,95.975,95.975,95.975,95.975,0.0,95.975,0
2026-07-10T03:30:00Z,95.975,95.975,95.975,95.975,804.0,95.975,18
2026-07-10T03:45:00Z,95.975,95.975,95.975,95.975,417.0,95.975,3
2026-07-10T04:00:00Z,95.975,95.975,95.97,95.975,595.0,95.97,4
2026-07-10T04:15:00Z,95.975,95.975,95.975,95.975,50.0,95.975,1
2026-07-10T04:30:00Z,95.975,95.975,95.975,95.975,0.0,95.975,0
2026-07-10T04:45:00Z,95.975,95.975,95.975,95.975,303.0,95.975,18
2026-07-10T05:00:00Z,95.975,95.975,95.975,95.975,29.0,95.975,2
2026-07-10T05:15:00Z,95.975,95.975,95.975,95.975,8.0,95.975,1
2026-07-10T05:30:00Z,95.98,95.98,95.98,95.98,99.0,95.98,2
2026-07-10T05:45:00Z,95.98,95.985,95.98,95.985,1318.0,95.98,13
2026-07-10T06:00:00Z,95.985,95.985,95.985,95.985,1827.0,95.985,34
2026-07-10T06:15:00Z,95.985,95.985,95.985,95.985,2282.0,95.985,52
2026-07-10T06:30:00Z,95.985,95.985,95.985,95.985,603.0,95.985,20
2026-07-10T06:45:00Z,95.985,95.985,95.985,95.985,469.0,95.985,7
2026-07-10T07:00:00Z,95.985,95.985,95.985,95.985,154.0,95.985,4
2026-07-10T07:15:00Z,95.985,95.985,95.98,95.985,780.0,95.983,10
2026-07-10T07:30:00Z,95.985,95.985,95.985,95.985,1523.0,95.985,25
2026-07-10T07:45:00Z,95.985,95.99,95.985,95.99,1157.0,95.985,48
2026-07-10T08:00:00Z,95.99,95.99,95.985,95.985,1651.0,95.989,35
2026-07-10T08:15:00Z,95.985,95.985,95.98,95.98,3647.0,95.9805,98
2026-07-10T08:30:00Z,95.98,95.98,95.98,95.98,1278.0,95.98,89
2026-07-10T08:45:00Z,95.98,95.98,95.98,95.98,1676.0,95.98,52
2026-07-10T09:00:00Z,95.98,95.98,95.98,95.98,0.0,95.98,0
2026-07-10T09:15:00Z,95.985,95.985,95.98,95.985,1588.0,95.985,109
2026-07-10T09:30:00Z,95.98,95.985,95.98,95.98,52.0,95.9815,9
2026-07-10T09:45:00Z,95.985,95.985,95.985,95.985,97.0,95.985,26
2026-07-10T10:00:00Z,95.98,95.985,95.98,95.98,192.0,95.9805,11
2026-07-10T10:15:00Z,95.98,95.98,95.98,95.98,1665.0,95.98,21
2026-07-10T10:30:00Z,95.98,95.98,95.98,95.98,1759.0,95.98,59
2026-07-10T10:45:00Z,95.98,95.98,95.975,95.98,669.0,95.9795,23
2026-07-10T11:00:00Z,95.975,95.98,95.975,95.98,2036.0,95.98,70
2026-07-10T11:15:00Z,95.98,95.98,95.97,95.97,5596.0,95.9735,100
2026-07-10T11:30:00Z,95.965,95.965,95.96,95.965,5245.0,95.965,175
2026-07-10T11:45:00Z,95.965,95.97,95.965,95.965,302.0,95.965,15
2026-07-10T12:00:00Z,95.965,95.99,95.965,95.98,11664.0,95.9775,329
2026-07-10T12:15:00Z,95.98,95.98,95.97,95.97,8098.0,95.9715,195
2026-07-10T12:30:00Z,95.97,95.975,95.97,95.97,5780.0,95.97,185
2026-07-10T12:45:00Z,95.97,95.97,95.965,95.97,1797.0,95.965,37
2026-07-10T13:00:00Z,95.97,95.97,95.96,95.965,4475.0,95.9675,66
2026-07-10T13:15:00Z,95.965,95.965,95.965,95.965,4785.0,95.965,120
2026-07-10T13:30:00Z,95.97,95.975,95.965,95.975,1887.0,95.969,54
2026-07-10T13:45:00Z,95.975,95.975,95.965,95.97,1606.0,95.97,42
2026-07-10T14:00:00Z,95.97,95.97,95.965,95.97,1745.0,95.9685,63
2026-07-10T14:15:00Z,95.97,95.97,95.965,95.97,4507.0,95.9675,42
2026-07-10T14:30:00Z,95.97,95.97,95.95,95.96,12382.0,95.961,372
2026-07-10T14:45:00Z,95.96,95.965,95.96,95.96,3889.0,95.96,141
2026-07-10T15:00:00Z,95.96,95.97,95.96,95.965,3641.0,95.9665,58
2026-07-10T15:15:00Z,95.965,95.97,95.965,95.97,2466.0,95.968,97
2026-07-10T15:30:00Z,95.97,95.97,95.965,95.97,4034.0,95.97,84
2026-07-10T15:45:00Z,95.97,95.97,95.96,95.96,4113.0,95.966,88
2026-07-10T16:00:00Z,95.96,95.96,95.955,95.96,5743.0,95.9595,130
2026-07-10T16:15:00Z,95.955,95.955,95.95,95.95,6648.0,95.9535,126
2026-07-10T16:30:00Z,95.95,95.95,95.94,95.94,8623.0,95.9475,112
2026-07-10T16:45:00Z,95.94,95.945,95.935,95.935,3621.0,95.9405,81
2026-07-10T17:00:00Z,95.935,95.935,95.925,95.93,8307.0,95.934,166
2026-07-10T17:15:00Z,95.93,95.935,95.93,95.935,6178.0,95.9345,79
2026-07-10T17:30:00Z,95.935,95.935,95.93,95.93,4042.0,95.932,83
2026-07-10T17:45:00Z,95.93,95.93,95.93,95.93,126.0,95.93,5
2026-07-10T18:00:00Z,95.93,95.935,95.925,95.93,5051.0,95.93,101
2026-07-10T18:15:00Z,95.93,95.93,95.925,95.925,1825.0,95.93,50
2026-07-10T18:30:00Z,95.93,95.93,95.925,95.93,900.0,95.93,45
2026-07-10T18:45:00Z,95.93,95.935,95.925,95.935,2912.0,95.931,111
2026-07-10T19:00:00Z,95.935,95.94,95.93,95.935,5829.0,95.935,68
2026-07-10T19:15:00Z,95.935,95.94,95.935,95.935,889.0,95.938,22
2026-07-10T19:30:00Z,95.94,95.94,95.935,95.94,3101.0,95.94,63
2026-07-10T19:45:00Z,95.94,95.94,95.93,95.935,3540.0,95.935,178
2026-07-10T20:00:00Z,95.935,95.935,95.93,95.93,2228.0,95.9305,50
2026-07-10T20:15:00Z,95.93,95.935,95.93,95.93,134.0,95.933,30
2026-07-10T20:30:00Z,95.93,95.93,95.925,95.925,1733.0,95.9295,111
2026-07-10T20:45:00Z,95.93,95.93,95.925,95.93,2056.0,95.9255,67
2026-07-12T22:00:00Z,95.915,95.915,95.89,95.895,6204.0,95.9,251
2026-07-12T22:15:00Z,95.895,95.895,95.89,95.895,1893.0,95.895,47
2026-07-12T22:30:00Z,95.895,95.9,95.895,95.895,260.0,95.8955,22
2026-07-12T22:45:00Z,95.895,95.895,95.895,95.895,271.0,95.895,16
2026-07-12T23:00:00Z,95.9,95.9,95.895,95.9,440.0,95.8955,17
2026-07-12T23:15:00Z,95.9,95.905,95.9,95.905,1731.0,95.9,7
2026-07-12T23:30:00Z,95.9,95.905,95.9,95.905,1199.0,95.905,23
2026-07-12T23:45:00Z,95.91,95.91,95.905,95.91,1500.0,95.91,33
2026-07-13T00:00:00Z,95.905,95.91,95.905,95.91,713.0,95.91,25
2026-07-13T00:15:00Z,95.91,95.91,95.91,95.91,1321.0,95.91,39
2026-07-13T00:30:00Z,95.91,95.91,95.905,95.905,1787.0,95.905,30
2026-07-13T00:45:00Z,95.905,95.91,95.905,95.905,88.0,95.9065,7
2026-07-13T01:00:00Z,95.91,95.91,95.905,95.905,428.0,95.91,7
2026-07-13T01:15:00Z,95.905,95.905,95.905,95.905,78.0,95.905,5
2026-07-13T01:30:00Z,95.91,95.91,95.91,95.91,601.0,95.91,19
2026-07-13T01:45:00Z,95.91,95.91,95.91,95.91,786.0,95.91,16
2026-07-13T02:00:00Z,95.91,95.91,95.91,95.91,523.0,95.91,8
2026-07-13T02:15:00Z,95.91,95.91,95.91,95.91,172.0,95.91,12
2026-07-13T02:30:00Z,95.91,95.915,95.91,95.91,19.0,95.911,6
2026-07-13T02:45:00Z,95.91,95.915,95.91,95.915,720.0,95.91,16
2026-07-13T03:00:00Z,95.915,95.915,95.91,95.91,92.0,95.91,9
2026-07-13T03:15:00Z,95.905,95.91,95.905,95.91,35.0,95.91,3
2026-07-13T03:30:00Z,95.915,95.915,95.915,95.915,2.0,95.915,2
2026-07-13T03:45:00Z,95.915,95.915,95.915,95.915,2099.0,95.915,14
2026-07-13T04:00:00Z,95.915,95.915,95.915,95.915,267.0,95.915,8
2026-07-13T04:15:00Z,95.915,95.915,95.915,95.915,5.0,95.915,5
2026-07-13T04:30:00Z,95.915,95.915,95.915,95.915,1395.0,95.915,9
2026-07-13T04:45:00Z,95.915,95.915,95.91,95.91,324.0,95.915,8
2026-07-13T05:00:00Z,95.91,95.915,95.91,95.915,4.0,95.9125,3
2026-07-13T05:15:00Z,95.915,95.915,95.915,95.915,0.0,95.915,0
2026-07-13T05:30:00Z,95.915,95.915,95.915,95.915,516.0,95.915,4
2026-07-13T05:45:00Z,95.91,95.91,95.91,95.91,2742.0,95.91,87
2026-07-13T06:00:00Z,95.91,95.91,95.91,95.91,1252.0,95.91,30
2026-07-13T06:15:00Z,95.91,95.915,95.91,95.915,282.0,95.915,13
2026-07-13T06:30:00Z,95.92,95.92,95.92,95.92,2163.0,95.92,47
2026-07-13T06:45:00Z,95.925,95.925,95.915,95.92,1181.0,95.92,31
2026-07-13T07:00:00Z,95.92,95.92,95.92,95.92,249.0,95.92,11
2026-07-13T07:15:00Z,95.925,95.925,95.915,95.915,1175.0,95.9205,34
2026-07-13T07:30:00Z,95.915,95.92,95.915,95.92,3634.0,95.92,33
2026-07-13T07:45:00Z,95.92,95.92,95.915,95.915,198.0,95.9195,15
2026-07-13T08:00:00Z,95.92,95.92,95.915,95.92,2400.0,95.92,36
2026-07-13T08:15:00Z,95.925,95.925,95.92,95.925,1491.0,95.9245,12
2026-07-13T08:30:00Z,95.92,95.925,95.92,95.925,1359.0,95.925,18
2026-07-13T08:45:00Z,95.925,95.93,95.925,95.925,1636.0,95.93,14
2026-07-13T09:00:00Z,95.925,95.93,95.925,95.93,154.0,95.9295,12
2026-07-13T09:15:00Z,95.93,95.93,95.93,95.93,2133.0,95.93,28
2026-07-13T09:30:00Z,95.93,95.93,95.93,95.93,10.0,95.93,8
2026-07-13T09:45:00Z,95.935,95.935,95.935,95.935,2249.0,95.935,44
2026-07-13T10:00:00Z,95.93,95.93,95.925,95.93,3026.0,95.93,73
2026-07-13T10:15:00Z,95.925,95.93,95.925,95.925,62.0,95.929,16
2026-07-13T10:30:00Z,95.93,95.935,95.925,95.93,1019.0,95.93,44
2026-07-13T10:45:00Z,95.93,95.93,95.93,95.93,30.0,95.93,3
2026-07-13T11:00:00Z,95.93,95.93,95.925,95.925,4665.0,95.9265,124
2026-07-13T11:15:00Z,95.925,95.925,95.915,95.925,3821.0,95.922,127
2026-07-13T11:30:00Z,95.925,95.93,95.925,95.93,817.0,95.9285,24
2026-07-13T11:45:00Z,95.925,95.925,95.92,95.925,3873.0,95.925,49
2026-07-13T12:00:00Z,95.925,95.925,95.915,95.915,5074.0,95.92,104
2026-07-13T12:15:00Z,95.915,95.915,95.91,95.915,7385.0,95.914,113
2026-07-13T12:30:00Z,95.915,95.915,95.91,95.91,3280.0,95.9135,63
2026-07-13T12:45:00Z,95.915,95.92,95.91,95.92,1720.0,95.915,66
2026-07-13T13:00:00Z,95.92,95.925,95.92,95.92,6219.0,95.92,140
2026-07-13T13:15:00Z,95.92,95.925,95.915,95.92,2029.0,95.92,82
2026-07-13T13:30:00Z,95.92,95.92,95.915,95.915,3221.0,95.919,119
2026-07-13T13:45:00Z,95.915,95.92,95.91,95.915,2978.0,95.915,90
2026-07-13T14:00:00Z,95.915,95.915,95.91,95.91,6837.0,95.91,154
2026-07-13T14:15:00Z,95.91,95.91,95.895,95.905,20597.0,95.9,772
2026-07-13T14:30:00Z,95.905,95.905,95.895,95.9,10368.0,95.904,175
2026-07-13T14:45:00Z,95.9,95.9,95.89,95.895,14109.0,95.895,255
2026-07-13T15:00:00Z,95.9,95.9,95.895,95.895,3162.0,95.8965,88
2026-07-13T15:15:00Z,95.895,95.9,95.895,95.895,9216.0,95.897,115
2026-07-13T15:30:00Z,95.895,95.9,95.895,95.895,6484.0,95.895,140
2026-07-13T15:45:00Z,95.895,95.9,95.89,95.895,7690.0,95.8945,200
2026-07-13T16:00:00Z,95.895,95.895,95.89,95.895,6556.0,95.895,107
2026-07-13T16:15:00Z,95.89,95.895,95.865,95.875,24135.0,95.8825,603
2026-07-13T16:30:00Z,95.875,95.88,95.855,95.875,46617.0,95.864,758
2026-07-13T16:45:00Z,95.875,95.875,95.86,95.87,21239.0,95.869,498
2026-07-13T17:00:00Z,95.865,95.87,95.865,95.87,7781.0,95.8685,448
2026-07-13T17:15:00Z,95.87,95.88,95.87,95.88,10335.0,95.876,135
2026-07-13T17:30:00Z,95.88,95.88,95.87,95.88,3997.0,95.875,118
2026-07-13T17:45:00Z,95.875,95.875,95.865,95.865,7702.0,95.8705,133
2026-07-13T18:00:00Z,95.87,95.87,95.865,95.865,2875.0,95.87,72
2026-07-13T18:15:00Z,95.865,95.87,95.865,95.87,7940.0,95.8655,92
2026-07-13T18:30:00Z,95.87,95.875,95.865,95.875,2430.0,95.87,61
2026-07-13T18:45:00Z,95.87,95.875,95.87,95.875,9525.0,95.875,154
2026-07-13T19:00:00Z,95.875,95.875,95.87,95.87,5712.0,95.874,124
2026-07-13T19:15:00Z,95.87,95.88,95.87,95.87,4653.0,95.874,74
2026-07-13T19:30:00Z,95.875,95.875,95.87,95.87,807.0,95.8745,20
2026-07-13T19:45:00Z,95.875,95.875,95.87,95.875,235.0,95.8725,23
2026-07-13T20:00:00Z,95.87,95.875,95.865,95.865,7529.0,95.8725,146
2026-07-13T20:15:00Z,95.865,95.87,95.865,95.87,3548.0,95.8695,74
2026-07-13T20:30:00Z,95.87,95.87,95.865,95.865,587.0,95.868,52
2026-07-13T20:45:00Z,95.865,95.865,95.86,95.865,4506.0,95.8645,165
2026-07-13T22:00:00Z,95.865,95.865,95.865,95.865,249.0,95.865,11
2026-07-13T22:15:00Z,95.865,95.865,95.865,95.865,0.0,95.865,0
2026-07-13T22:30:00Z,95.865,95.865,95.865,95.865,0.0,95.865,0
2026-07-13T22:45:00Z,95.87,95.87,95.87,95.87,737.0,95.87,20
2026-07-13T23:00:00Z,95.87,95.87,95.87,95.87,0.0,95.87,0
2026-07-13T23:15:00Z,95.87,95.87,95.87,95.87,46.0,95.87,3
2026-07-13T23:30:00Z,95.865,95.865,95.865,95.865,1020.0,95.865,30
2026-07-13T23:45:00Z,95.865,95.865,95.865,95.865,574.0,95.865,32
2026-07-14T00:00:00Z,95.865,95.865,95.86,95.865,5687.0,95.865,20
2026-07-14T00:15:00Z,95.865,95.865,95.855,95.855,3069.0,95.8575,124
2026-07-14T00:30:00Z,95.855,95.855,95.85,95.855,716.0,95.855,46
2026-07-14T00:45:00Z,95.86,95.86,95.86,95.86,2711.0,95.86,60
2026-07-14T01:00:00Z,95.86,95.86,95.855,95.86,218.0,95.86,15
2026-07-14T01:15:00Z,95.855,95.86,95.855,95.86,522.0,95.86,6
2026-07-14T01:30:00Z,95.86,95.86,95.86,95.86,820.0,95.86,19
2026-07-14T01:45:00Z,95.86,95.865,95.86,95.865,560.0,95.8615,10
2026-07-14T02:00:00Z,95.865,95.865,95.86,95.865,698.0,95.865,14
2026-07-14T02:15:00Z,95.865,95.87,95.865,95.87,1032.0,95.87,14
2026-07-14T02:30:00Z,95.865,95.865,95.865,95.865,820.0,95.865,17
2026-07-14T02:45:00Z,95.86,95.865,95.86,95.86,1238.0,95.864,24
2026-07-14T03:00:00Z,95.86,95.86,95.855,95.86,1600.0,95.86,48
2026-07-14T03:15:00Z,95.86,95.86,95.855,95.855,409.0,95.86,28
2026-07-14T03:30:00Z,95.86,95.865,95.86,95.86,913.0,95.861,14
2026-07-14T03:45:00Z,95.865,95.865,95.86,95.865,157.0,95.865,3
2026-07-14T04:00:00Z,95.86,95.86,95.86,95.86,2.0,95.86,2
2026-07-14T04:15:00Z,95.865,95.865,95.86,95.865,1050.0,95.865,24
2026-07-14T04:30:00Z,95.865,95.865,95.865,95.865,165.0,95.865,1
2026-07-14T04:45:00Z,95.87,95.87,95.86,95.865,945.0,95.865,17
2026-07-14T05:00:00Z,95.865,95.865,95.86,95.86,16.0,95.8605,4
2026-07-14T05:15:00Z,95.86,95.86,95.86,95.86,2.0,95.86,2
2026-07-14T05:30:00Z,95.865,95.87,95.865,95.87,1776.0,95.8685,65
2026-07-14T05:45:00Z,95.87,95.87,95.865,95.865,1352.0,95.869,42
2026-07-14T06:00:00Z,95.865,95.87,95.86,95.865,1030.0,95.863,127
2026-07-14T06:15:00Z,95.86,95.865,95.855,95.855,1634.0,95.86,136
2026-07-14T06:30:00Z,95.855,95.86,95.85,95.855,4636.0,95.8545,194
2026-07-14T06:45:00Z,95.855,95.855,95.855,95.855,950.0,95.855,44
2026-07-14T07:00:00Z,95.855,95.86,95.85,95.86,5655.0,95.8565,73
2026-07-14T07:15:00Z,95.86,95.865,95.855,95.86,5787.0,95.8595,141
2026-07-14T07:30:00Z,95.86,95.86,95.855,95.855,1340.0,95.86,44
2026-07-14T07:45:00Z,95.855,95.87,95.855,95.86,2584.0,95.8615,59
2026-07-14T08:00:00Z,95.865,95.865,95.86,95.86,3521.0,95.861,90
2026-07-14T08:15:00Z,95.865,95.87,95.865,95.865,1195.0,95.865,40
2026-07-14T08:30:00Z,95.865,95.875,95.865,95.87,4127.0,95.871,36
2026-07-14T08:45:00Z,95.87,95.87,95.865,95.865,2962.0,95.87,94
2026-07-14T09:00:00Z,95.865,95.875,95.865,95.875,1679.0,95.872,61
2026-07-14T09:15:00Z,95.875,95.875,95.87,95.87,2379.0,95.872,112
2026-07-14T09:30:00Z,95.87,95.875,95.87,95.875,3500.0,95.874,83
2026-07-14T09:45:00Z,95.875,95.88,95.875,95.88,7432.0,95.88,131
2026-07-14T10:00:00Z,95.88,95.88,95.875,95.875,3741.0,95.8755,96
2026-07-14T10:15:00Z,95.875,95.885,95.875,95.875,6272.0,95.88,117
2026-07-14T10:30:00Z,95.875,95.875,95.87,95.87,8788.0,95.8715,185
2026-07-14T10:45:00Z,95.87,95.87,95.865,95.865,3581.0,95.87,70
2026-07-14T11:00:00Z,95.865,95.88,95.865,95.88,6375.0,95.874,41
2026-07-14T11:15:00Z,95.875,95.885,95.87,95.88,9462.0,95.88,277
2026-07-14T11:30:00Z,95.88,95.89,95.88,95.885,6236.0,95.8845,159
2026-07-14T11:45:00Z,95.885,95.89,95.88,95.89,4665.0,95.8855,216
2026-07-14T12:00:00Z,95.885,95.895,95.885,95.89,19580.0,95.8895,454
2026-07-14T12:15:00Z,95.89,95.9,95.885,95.9,15289.0,95.8945,273
2026-07-14T12:30:00Z,95.91,96.01,95.91,95.975,96859.0,95.978,2481
2026-07-14T12:45:00Z,95.975,95.98,95.96,95.97,30117.0,95.971,525
2026-07-14T13:00:00Z,95.97,95.98,95.96,95.97,28668.0,95.9725,443
2026-07-14T13:15:00Z,95.97,95.975,95.965,95.975,32777.0,95.971,408
2026-07-14T13:30:00Z,95.975,95.98,95.965,95.98,12981.0,95.972,184
2026-07-14T13:45:00Z,95.985,95.985,95.975,95.975,8595.0,95.9765,202
2026-07-14T14:00:00Z,95.975,95.985,95.97,95.98,17192.0,95.979,227
2026-07-14T14:15:00Z,95.98,95.98,95.97,95.97,36734.0,95.974,409
2026-07-14T14:30:00Z,95.97,95.99,95.965,95.975,34542.0,95.9815,660
2026-07-14T14:45:00Z,95.975,95.985,95.975,95.98,9731.0,95.9775,176
2026-07-14T15:00:00Z,95.975,95.99,95.975,95.99,11596.0,95.9835,197
2026-07-14T15:15:00Z,95.99,95.99,95.985,95.985,6480.0,95.9855,129
2026-07-14T15:30:00Z,95.985,95.985,95.955,95.97,27471.0,95.9675,340
2026-07-14T15:45:00Z,95.97,95.97,95.955,95.955,21551.0,95.962,208
2026-07-14T16:00:00Z,95.96,95.96,95.95,95.955,10513.0,95.954,280
2026-07-14T16:15:00Z,95.96,95.965,95.955,95.955,2295.0,95.96,77
2026-07-14T16:30:00Z,95.96,95.96,95.955,95.955,3249.0,95.96,118
2026-07-14T16:45:00Z,95.96,95.96,95.955,95.96,4100.0,95.957,79
2026-07-14T17:00:00Z,95.96,95.965,95.96,95.96,5800.0,95.9645,58
2026-07-14T17:15:00Z,95.96,95.965,95.955,95.965,4501.0,95.9625,108
2026-07-14T17:30:00Z,95.965,95.965,95.96,95.96,2368.0,95.965,63
2026-07-14T17:45:00Z,95.965,95.97,95.965,95.965,3253.0,95.967,78
2026-07-14T18:00:00Z,95.97,95.97,95.965,95.97,2928.0,95.97,81
2026-07-14T18:15:00Z,95.975,95.975,95.965,95.97,4078.0,95.97,80
2026-07-14T18:30:00Z,95.97,95.97,95.965,95.97,3817.0,95.9695,75
2026-07-14T18:45:00Z,95.965,95.995,95.965,95.985,49301.0,95.981,356
2026-07-14T19:00:00Z,95.985,95.995,95.985,95.995,12238.0,95.991,222
2026-07-14T19:15:00Z,95.995,96.0,95.99,95.995,2831.0,95.9955,89
2026-07-14T19:30:00Z,95.995,95.995,95.99,95.995,16479.0,95.9925,182
2026-07-14T19:45:00Z,95.995,95.995,95.99,95.99,3080.0,95.992,54
2026-07-14T20:00:00Z,95.99,95.995,95.99,95.99,2102.0,95.99,49
2026-07-14T20:15:00Z,95.99,95.995,95.985,95.99,4892.0,95.99,62
2026-07-14T20:30:00Z,95.99,95.99,95.985,95.99,4600.0,95.989,43
2026-07-14T20:45:00Z,95.99,95.99,95.985,95.985,296.0,95.9855,38
2026-07-14T22:00:00Z,95.985,95.99,95.985,95.985,1318.0,95.985,23
2026-07-14T22:15:00Z,95.99,95.995,95.985,95.985,578.0,95.99,49
2026-07-14T22:30:00Z,95.99,95.995,95.99,95.995,476.0,95.9905,28
2026-07-14T22:45:00Z,95.995,95.995,95.99,95.99,2338.0,95.99,24
2026-07-14T23:00:00Z,95.995,95.995,95.995,95.995,22.0,95.995,22
2026-07-14T23:15:00Z,95.995,95.995,95.995,95.995,623.0,95.995,22
2026-07-14T23:30:00Z,95.995,96.0,95.995,96.0,1075.0,95.995,16
2026-07-14T23:45:00Z,96.0,96.005,96.0,96.0,3763.0,96.0,25
2026-07-15T00:00:00Z,96.0,96.0,95.995,96.0,2286.0,96.0,97
2026-07-15T00:15:00Z,96.0,96.0,95.995,95.995,3095.0,95.995,15
2026-07-15T00:30:00Z,95.995,95.995,95.99,95.99,1735.0,95.992,36
2026-07-15T00:45:00Z,95.985,95.995,95.985,95.995,2034.0,95.99,32
2026-07-15T01:00:00Z,95.995,95.995,95.99,95.99,1921.0,95.9945,112
2026-07-15T01:15:00Z,95.99,95.99,95.99,95.99,877.0,95.99,12
2026-07-15T01:30:00Z,95.99,95.99,95.98,95.98,1263.0,95.9835,34
2026-07-15T01:45:00Z,95.98,95.98,95.98,95.98,175.0,95.98,1
2026-07-15T02:00:00Z,95.985,95.985,95.985,95.985,1236.0,95.985,18
2026-07-15T02:15:00Z,95.985,95.985,95.985,95.985,673.0,95.985,7
2026-07-15T02:30:00Z,95.985,95.985,95.985,95.985,245.0,95.985,9
2026-07-15T02:45:00Z,95.985,95.985,95.98,95.985,1848.0,95.985,161
2026-07-15T03:00:00Z,95.985,95.985,95.985,95.985,1320.0,95.985,20
2026-07-15T03:15:00Z,95.98,95.98,95.98,95.98,2750.0,95.98,25
2026-07-15T03:30:00Z,95.975,95.975,95.975,95.975,621.0,95.975,7
2026-07-15T03:45:00Z,95.975,95.98,95.975,95.98,754.0,95.9755,15
2026-07-15T04:00:00Z,95.975,95.975,95.975,95.975,1208.0,95.975,12
2026-07-15T04:15:00Z,95.975,95.975,95.975,95.975,54.0,95.975,3
2026-07-15T04:30:00Z,95.975,95.975,95.975,95.975,100.0,95.975,1
2026-07-15T04:45:00Z,95.975,95.975,95.975,95.975,840.0,95.975,15
2026-07-15T05:00:00Z,95.975,95.975,95.97,95.975,1249.0,95.971,23
2026-07-15T05:15:00Z,95.975,95.975,95.975,95.975,38.0,95.975,4
2026-07-15T05:30:00Z,95.975,95.975,95.975,95.975,787.0,95.975,9
2026-07-15T05:45:00Z,95.975,95.98,95.975,95.98,559.0,95.975,11
2026-07-15T06:00:00Z,95.98,95.98,95.98,95.98,75.0,95.98,3
2026-07-15T06:15:00Z,95.98,95.98,95.98,95.98,136.0,95.98,21
2026-07-15T06:30:00Z,95.98,95.98,95.975,95.975,4533.0,95.9755,115
2026-07-15T06:45:00Z,95.975,95.975,95.975,95.975,702.0,95.975,15
2026-07-15T07:00:00Z,95.975,95.98,95.97,95.97,3415.0,95.9725,66
2026-07-15T07:15:00Z,95.975,95.975,95.97,95.97,2150.0,95.97,55
2026-07-15T07:30:00Z,95.97,95.975,95.97,95.975,4869.0,95.9705,72
2026-07-15T07:45:00Z,95.975,95.975,95.975,95.975,2360.0,95.975,53
2026-07-15T08:00:00Z,95.97,95.975,95.97,95.97,1470.0,95.9705,17
2026-07-15T08:15:00Z,95.975,95.975,95.975,95.975,2656.0,95.975,61
2026-07-15T08:30:00Z,95.975,95.975,95.975,95.975,4312.0,95.975,89
2026-07-15T08:45:00Z,95.975,95.98,95.975,95.98,2049.0,95.9755,51
2026-07-15T09:00:00Z,95.98,95.985,95.975,95.98,10359.0,95.98,41
2026-07-15T09:15:00Z,95.98,95.98,95.975,95.98,8588.0,95.98,80
2026-07-15T09:30:00Z,95.98,95.98,95.975,95.975,139.0,95.979,3
2026-07-15T09:45:00Z,95.975,95.975,95.965,95.965,6242.0,95.9715,196
2026-07-15T10:00:00Z,95.965,95.965,95.965,95.965,1502.0,95.965,62
2026-07-15T10:15:00Z,95.965,95.965,95.96,95.965,2456.0,95.9615,44
2026-07-15T10:30:00Z,95.965,95.965,95.965,95.965,343.0,95.965,10
2026-07-15T10:45:00Z,95.97,95.97,95.965,95.965,2889.0,95.965,47
2026-07-15T11:00:00Z,95.97,95.97,95.965,95.965,939.0,95.965,63
2026-07-15T11:15:00Z,95.965,95.97,95.96,95.97,2611.0,95.965,79
2026-07-15T11:30:00Z,95.97,95.97,95.965,95.97,945.0,95.9655,23
2026-07-15T11:45:00Z,95.97,95.97,95.96,95.965,9915.0,95.965,157
2026-07-15T12:00:00Z,95.965,95.965,95.96,95.965,2729.0,95.961,55
2026-07-15T12:15:00Z,95.965,95.97,95.96,95.97,5832.0,95.967,165
2026-07-15T12:30:00Z,95.965,96.025,95.965,96.02,84688.0,96.0095,1049
2026-07-15T12:45:00Z,96.02,96.03,96.015,96.03,27694.0,96.025,310
2026-07-15T13:00:00Z,96.03,96.03,96.015,96.02,23328.0,96.0225,315
2026-07-15T13:15:00Z,96.015,96.02,96.01,96.015,7187.0,96.0175,69
2026-07-15T13:30:00Z,96.015,96.025,96.015,96.015,11261.0,96.019,173
2026-07-15T13:45:00Z,96.015,96.025,96.015,96.02,23786.0,96.0185,312
2026-07-15T14:00:00Z,96.02,96.025,96.02,96.02,9001.0,96.02,225
2026-07-15T14:15:00Z,96.02,96.03,96.02,96.03,6369.0,96.0245,159
2026-07-15T14:30:00Z,96.03,96.035,96.025,96.03,10746.0,96.03,186
2026-07-15T14:45:00Z,96.025,96.035,96.025,96.035,1769.0,96.029,71
2026-07-15T15:00:00Z,96.035,96.035,96.02,96.02,11867.0,96.029,123
2026-07-15T15:15:00Z,96.025,96.035,96.02,96.035,4212.0,96.0285,73
2026-07-15T15:30:00Z,96.035,96.035,96.025,96.03,3812.0,96.0295,97
2026-07-15T15:45:00Z,96.025,96.03,96.025,96.03,7629.0,96.029,54
2026-07-15T16:00:00Z,96.03,96.03,96.025,96.03,5605.0,96.03,180
2026-07-15T16:15:00Z,96.03,96.035,96.025,96.03,15833.0,96.0295,209
2026-07-15T16:30:00Z,96.03,96.03,96.025,96.03,1519.0,96.03,41
2026-07-15T16:45:00Z,96.03,96.04,96.025,96.03,31759.0,96.0315,464
2026-07-15T17:00:00Z,96.035,96.04,96.035,96.04,8461.0,96.039,159
2026-07-15T17:15:00Z,96.035,96.045,96.035,96.04,3791.0,96.04,139
2026-07-15T17:30:00Z,96.045,96.045,96.04,96.045,5737.0,96.045,585
2026-07-15T17:45:00Z,96.045,96.055,96.045,96.05,7859.0,96.05,104
2026-07-15T18:00:00Z,96.05,96.05,96.045,96.05,1923.0,96.0495,250
2026-07-15T18:15:00Z,96.05,96.05,96.045,96.05,4841.0,96.047,417
2026-07-15T18:30:00Z,96.05,96.055,96.05,96.055,9377.0,96.0515,184
2026-07-15T18:45:00Z,96.055,96.055,96.05,96.055,1786.0,96.053,135
2026-07-15T19:00:00Z,96.055,96.055,96.05,96.055,14489.0,96.0545,169
2026-07-15T19:15:00Z,96.055,96.055,96.045,96.045,4755.0,96.05,52
2026-07-15T19:30:00Z,96.045,96.05,96.035,96.035,7775.0,96.04,126
2026-07-15T19:45:00Z,96.035,96.04,96.03,96.03,5686.0,96.0365,86
2026-07-15T20:00:00Z,96.03,96.04,96.03,96.035,933.0,96.035,31
2026-07-15T20:15:00Z,96.04,96.04,96.03,96.035,6540.0,96.0345,188
2026-07-15T20:30:00Z,96.035,96.04,96.035,96.035,3702.0,96.0365,70
2026-07-15T20:45:00Z,96.035,96.04,96.035,96.04,1471.0,96.0365,25
2026-07-15T22:00:00Z,96.04,96.045,96.04,96.045,635.0,96.0435,30
2026-07-15T22:15:00Z,96.04,96.045,96.04,96.04,106.0,96.04,6
2026-07-15T22:30:00Z,96.04,96.04,96.04,96.04,38.0,96.04,2
2026-07-15T22:45:00Z,96.035,96.04,96.035,96.04,2361.0,96.037,33
2026-07-15T23:00:00Z,96.045,96.045,96.045,96.045,274.0,96.045,9
2026-07-15T23:15:00Z,96.045,96.045,96.045,96.045,354.0,96.045,10
2026-07-15T23:30:00Z,96.045,96.045,96.045,96.045,1317.0,96.045,8
2026-07-15T23:45:00Z,96.04,96.04,96.04,96.04,892.0,96.04,8
2026-07-16T00:00:00Z,96.04,96.04,96.03,96.03,1579.0,96.0355,102
2026-07-16T00:15:00Z,96.035,96.035,96.035,96.035,513.0,96.035,22
2026-07-16T00:30:00Z,96.03,96.03,96.025,96.03,1867.0,96.03,24
2026-07-16T00:45:00Z,96.03,96.03,96.03,96.03,0.0,96.03,0
2026-07-16T01:00:00Z,96.025,96.025,96.025,96.025,421.0,96.025,4
2026-07-16T01:15:00Z,96.025,96.025,96.025,96.025,0.0,96.025,0
2026-07-16T01:30:00Z,96.025,96.025,96.02,96.025,1608.0,96.025,16
2026-07-16T01:45:00Z,96.025,96.025,96.02,96.025,2261.0,96.025,23
2026-07-16T02:00:00Z,96.025,96.025,96.025,96.025,207.0,96.025,2
2026-07-16T02:15:00Z,96.025,96.025,96.025,96.025,0.0,96.025,0
2026-07-16T02:30:00Z,96.025,96.025,96.025,96.025,0.0,96.025,0
2026-07-16T02:45:00Z,96.03,96.03,96.03,96.03,282.0,96.03,4
2026-07-16T03:00:00Z,96.03,96.035,96.03,96.035,2042.0,96.03,12
2026-07-16T03:15:00Z,96.035,96.035,96.035,96.035,0.0,96.035,0
2026-07-16T03:30:00Z,96.03,96.035,96.03,96.03,815.0,96.03,3
2026-07-16T03:45:00Z,96.03,96.03,96.03,96.03,98.0,96.03,1
2026-07-16T04:00:00Z,96.03,96.03,96.03,96.03,648.0,96.03,17
2026-07-16T04:15:00Z,96.025,96.025,96.025,96.025,300.0,96.025,1
2026-07-16T04:30:00Z,96.025,96.025,96.025,96.025,0.0,96.025,0
2026-07-16T04:45:00Z,96.025,96.03,96.025,96.03,101.0,96.0275,3
2026-07-16T05:00:00Z,96.03,96.03,96.03,96.03,0.0,96.03,0
2026-07-16T05:15:00Z,96.03,96.03,96.025,96.03,1234.0,96.03,24
2026-07-16T05:30:00Z,96.03,96.03,96.03,96.03,8.0,96.03,1
2026-07-16T05:45:00Z,96.025,96.025,96.025,96.025,1616.0,96.025,18
2026-07-16T06:00:00Z,96.025,96.03,96.02,96.025,2123.0,96.025,67
2026-07-16T06:15:00Z,96.025,96.025,96.025,96.025,470.0,96.025,33
2026-07-16T06:30:00Z,96.025,96.025,96.02,96.02,1975.0,96.02,26
2026-07-16T06:45:00Z,96.02,96.025,96.02,96.025,2726.0,96.0235,130
2026-07-16T07:00:00Z,96.025,96.025,96.025,96.025,1576.0,96.025,41
2026-07-16T07:15:00Z,96.03,96.03,96.025,96.03,7873.0,96.03,122
2026-07-16T07:30:00Z,96.03,96.03,96.025,96.03,1228.0,96.026,12
2026-07-16T07:45:00Z,96.03,96.035,96.03,96.03,2633.0,96.03,122
2026-07-16T08:00:00Z,96.03,96.035,96.03,96.03,388.0,96.03,13
2026-07-16T08:15:00Z,96.03,96.035,96.03,96.03,3265.0,96.03,36
2026-07-16T08:30:00Z,96.03,96.03,96.03,96.03,1313.0,96.03,21
2026-07-16T08:45:00Z,96.03,96.03,96.025,96.025,1994.0,96.025,37
2026-07-16T09:00:00Z,96.025,96.03,96.025,96.03,518.0,96.025,22
2026-07-16T09:15:00Z,96.03,96.03,96.03,96.03,22.0,96.03,8
2026-07-16T09:30:00Z,96.025,96.03,96.025,96.025,348.0,96.027,14
2026-07-16T09:45:00Z,96.025,96.03,96.025,96.03,2066.0,96.03,25
2026-07-16T10:00:00Z,96.03,96.03,96.025,96.025,85.0,96.025,2
2026-07-16T10:15:00Z,96.025,96.025,96.025,96.025,963.0,96.025,26
2026-07-16T10:30:00Z,96.025,96.03,96.025,96.03,1375.0,96.029,68
2026-07-16T10:45:00Z,96.03,96.03,96.025,96.03,1195.0,96.03,46
2026-07-16T11:00:00Z,96.025,96.03,96.025,96.025,1272.0,96.026,25
2026-07-16T11:15:00Z,96.025,96.03,96.02,96.02,1136.0,96.025,69
2026-07-16T11:30:00Z,96.025,96.03,96.02,96.025,947.0,96.025,37
2026-07-16T11:45:00Z,96.025,96.025,96.015,96.025,7158.0,96.021,186
2026-07-16T12:00:00Z,96.03,96.03,96.015,96.015,7451.0,96.0235,492
2026-07-16T12:15:00Z,96.02,96.025,96.015,96.02,6833.0,96.0195,190
2026-07-16T12:30:00Z,96.02,96.03,96.005,96.015,13283.0,96.017,290
2026-07-16T12:45:00Z,96.015,96.02,96.01,96.015,4758.0,96.0155,211
2026-07-16T13:00:00Z,96.015,96.015,96.01,96.015,2357.0,96.015,93
2026-07-16T13:15:00Z,96.015,96.02,96.01,96.02,2349.0,96.015,87
2026-07-16T13:30:00Z,96.02,96.02,96.01,96.015,2747.0,96.0155,86
2026-07-16T13:45:00Z,96.015,96.02,96.015,96.015,2040.0,96.0175,92
2026-07-16T14:00:00Z,96.02,96.025,96.015,96.02,5720.0,96.02,206
2026-07-16T14:15:00Z,96.02,96.02,96.015,96.015,1921.0,96.0195,94
2026-07-16T14:30:00Z,96.02,96.02,96.01,96.01,7378.0,96.011,149
2026-07-16T14:45:00Z,96.015,96.02,96.01,96.015,1297.0,96.0155,72
2026-07-16T15:00:00Z,96.015,96.02,96.01,96.015,5495.0,96.0135,101
2026-07-16T15:15:00Z,96.015,96.02,96.015,96.02,1312.0,96.02,56
2026-07-16T15:30:00Z,96.02,96.02,96.015,96.02,5623.0,96.02,132
2026-07-16T15:45:00Z,96.02,96.025,96.02,96.02,1503.0,96.0205,47
2026-07-16T16:00:00Z,96.02,96.02,96.015,96.015,2069.0,96.018,31
2026-07-16T16:15:00Z,96.015,96.015,96.005,96.01,6945.0,96.01,171
2026-07-16T16:30:00Z,96.01,96.015,96.01,96.01,1946.0,96.012,51
2026-07-16T16:45:00Z,96.01,96.02,96.01,96.015,2433.0,96.015,87
2026-07-16T17:00:00Z,96.015,96.015,96.01,96.015,2559.0,96.015,63
2026-07-16T17:15:00Z,96.015,96.02,96.01,96.01,2872.0,96.015,63
2026-07-16T17:30:00Z,96.015,96.015,96.01,96.015,490.0,96.015,12
2026-07-16T17:45:00Z,96.015,96.02,96.015,96.02,1922.0,96.0165,40
2026-07-16T18:00:00Z,96.02,96.025,96.02,96.025,3242.0,96.0205,73
2026-07-16T18:15:00Z,96.025,96.025,96.015,96.015,1513.0,96.019,28
2026-07-16T18:30:00Z,96.02,96.02,96.02,96.02,835.0,96.02,20
2026-07-16T18:45:00Z,96.02,96.025,96.02,96.025,1928.0,96.0235,173
2026-07-16T19:00:00Z,96.025,96.025,96.02,96.025,2713.0,96.025,93
2026-07-16T19:15:00Z,96.025,96.025,96.02,96.025,2113.0,96.025,76
2026-07-16T19:30:00Z,96.025,96.025,96.02,96.025,822.0,96.025,27
2026-07-16T19:45:00Z,96.025,96.03,96.02,96.025,973.0,96.0245,80
2026-07-16T20:00:00Z,96.025,96.025,96.02,96.025,1438.0,96.025,86
2026-07-16T20:15:00Z,96.025,96.03,96.025,96.025,95.0,96.0295,17
2026-07-16T20:30:00Z,96.03,96.035,96.03,96.03,2512.0,96.03,74
2026-07-16T20:45:00Z,96.035,96.035,96.03,96.03,3779.0,96.03,67
2026-07-16T22:00:00Z,96.035,96.035,96.03,96.035,196.0,96.034,9
2026-07-16T22:15:00Z,96.035,96.035,96.035,96.035,0.0,96.035,0
2026-07-16T22:30:00Z,96.035,96.035,96.035,96.035,952.0,96.035,10
2026-07-16T22:45:00Z,96.035,96.035,96.03,96.03,601.0,96.03,2
2026-07-16T23:00:00Z,96.03,96.03,96.03,96.03,17.0,96.03,1
2026-07-16T23:15:00Z,96.035,96.035,96.035,96.035,629.0,96.035,5
2026-07-16T23:30:00Z,96.035,96.035,96.03,96.035,29.0,96.035,4
2026-07-16T23:45:00Z,96.03,96.035,96.03,96.035,153.0,96.03,4
2026-07-17T00:00:00Z,96.03,96.035,96.025,96.03,487.0,96.03,28
2026-07-17T00:15:00Z,96.035,96.04,96.035,96.035,875.0,96.035,27
2026-07-17T00:30:00Z,96.03,96.03,96.03,96.03,145.0,96.03,6
2026-07-17T00:45:00Z,96.03,96.03,96.03,96.03,117.0,96.03,13
2026-07-17T01:00:00Z,96.03,96.035,96.03,96.03,704.0,96.03,28
2026-07-17T01:15:00Z,96.03,96.03,96.025,96.03,259.0,96.03,9
2026-07-17T01:30:00Z,96.03,96.03,96.025,96.03,106.0,96.0295,6
2026-07-17T01:45:00Z,96.025,96.025,96.025,96.025,50.0,96.025,1
2026-07-17T02:00:00Z,96.03,96.035,96.025,96.035,743.0,96.03,24
2026-07-17T02:15:00Z,96.035,96.035,96.035,96.035,0.0,96.035,0
2026-07-17T02:30:00Z,96.035,96.035,96.03,96.035,3065.0,96.035,55
2026-07-17T02:45:00Z,96.035,96.035,96.035,96.035,2399.0,96.035,70
2026-07-17T03:00:00Z,96.035,96.035,96.035,96.035,5.0,96.035,5
2026-07-17T03:15:00Z,96.035,96.035,96.035,96.035,2.0,96.035,1
2026-07-17T03:30:00Z,96.035,96.035,96.035,96.035,0.0,96.035,0
2026-07-17T03:45:00Z,96.035,96.035,96.035,96.035,110.0,96.035,2
2026-07-17T04:00:00Z,96.035,96.035,96.035,96.035,29.0,96.035,1
2026-07-17T04:15:00Z,96.035,96.04,96.035,96.035,1358.0,96.035,92
2026-07-17T04:30:00Z,96.035,96.035,96.035,96.035,9846.0,96.035,59
2026-07-17T04:45:00Z,96.035,96.035,96.035,96.035,34.0,96.035,23
2026-07-17T05:00:00Z,96.03,96.03,96.03,96.03,34.0,96.03,1
2026-07-17T05:15:00Z,96.03,96.03,96.03,96.03,1038.0,96.03,57
2026-07-17T05:30:00Z,96.03,96.04,96.03,96.04,2766.0,96.0375,155
2026-07-17T05:45:00Z,96.04,96.04,96.035,96.04,491.0,96.039,19
2026-07-17T06:00:00Z,96.04,96.045,96.04,96.04,3200.0,96.04,75
2026-07-17T06:15:00Z,96.035,96.04,96.035,96.04,517.0,96.0395,10
2026-07-17T06:30:00Z,96.04,96.04,96.035,96.04,1138.0,96.0385,35
2026-07-17T06:45:00Z,96.04,96.04,96.04,96.04,2604.0,96.04,165
2026-07-17T07:00:00Z,96.045,96.045,96.04,96.045,3240.0,96.045,197
2026-07-17T07:15:00Z,96.045,96.045,96.04,96.04,646.0,96.0435,33
2026-07-17T07:30:00Z,96.04,96.045,96.04,96.045,20.0,96.042,6
2026-07-17T07:45:00Z,96.04,96.045,96.04,96.04,473.0,96.04,13
2026-07-17T08:00:00Z,96.045,96.045,96.045,96.045,495.0,96.045,13
2026-07-17T08:15:00Z,96.045,96.05,96.04,96.05,4484.0,96.0455,91
2026-07-17T08:30:00Z,96.045,96.055,96.045,96.055,2453.0,96.049,390
2026-07-17T08:45:00Z,96.055,96.055,96.05,96.05,3147.0,96.05,128
2026-07-17T09:00:00Z,96.045,96.045,96.045,96.045,5066.0,96.045,164
2026-07-17T09:15:00Z,96.045,96.045,96.04,96.045,2633.0,96.045,43
2026-07-17T09:30:00Z,96.045,96.045,96.04,96.045,102.0,96.045,20
2026-07-17T09:45:00Z,96.045,96.045,96.04,96.045,1664.0,96.04,14
2026-07-17T10:00:00Z,96.045,96.045,96.045,96.045,412.0,96.045,3
2026-07-17T10:15:00Z,96.045,96.045,96.04,96.04,149.0,96.043,3
2026-07-17T10:30:00Z,96.04,96.045,96.04,96.045,2085.0,96.04,6
2026-07-17T10:45:00Z,96.045,96.045,96.035,96.04,1754.0,96.0395,26
2026-07-17T11:00:00Z,96.04,96.04,96.035,96.04,8751.0,96.035,32
2026-07-17T11:15:00Z,96.04,96.045,96.035,96.035,3521.0,96.0385,143
2026-07-17T11:30:00Z,96.035,96.035,96.025,96.035,8229.0,96.0315,333
2026-07-17T11:45:00Z,96.035,96.035,96.03,96.035,943.0,96.034,86
2026-07-17T12:00:00Z,96.03,96.04,96.03,96.035,4346.0,96.035,356
2026-07-17T12:15:00Z,96.035,96.04,96.03,96.035,3791.0,96.0345,133
2026-07-17T12:30:00Z,96.035,96.035,96.025,96.025,8692.0,96.0265,328
2026-07-17T12:45:00Z,96.025,96.025,96.02,96.025,3802.0,96.025,103
2026-07-17T13:00:00Z,96.025,96.025,96.015,96.02,7288.0,96.02,440
2026-07-17T13:15:00Z,96.025,96.03,96.02,96.025,3551.0,96.025,126
2026-07-17T13:30:00Z,96.025,96.04,96.025,96.04,9699.0,96.036,202
2026-07-17T13:45:00Z,96.04,96.045,96.03,96.03,7020.0,96.0335,150
2026-07-17T14:00:00Z,96.03,96.035,96.02,96.03,18496.0,96.0255,332
2026-07-17T14:15:00Z,96.025,96.03,96.025,96.025,4580.0,96.025,106
2026-07-17T14:30:00Z,96.025,96.03,96.025,96.03,1168.0,96.0265,83
2026-07-17T14:45:00Z,96.03,96.03,96.02,96.03,1743.0,96.0255,129
2026-07-17T15:00:00Z,96.03,96.035,96.025,96.025,6149.0,96.029,919
2026-07-17T15:15:00Z,96.025,96.025,96.02,96.02,7466.0,96.021,171
2026-07-17T15:30:00Z,96.02,96.02,96.01,96.015,7968.0,96.017,174
2026-07-17T15:45:00Z,96.015,96.015,96.01,96.01,4904.0,96.01,198
2026-07-17T16:00:00Z,96.01,96.01,95.995,96.005,15757.0,96.0025,286
2026-07-17T16:15:00Z,96.005,96.005,96.0,96.005,3295.0,96.0025,84
2026-07-17T16:30:00Z,96.0,96.005,95.995,96.0,3974.0,96.0,133
2026-07-17T16:45:00Z,95.995,96.005,95.995,96.0,3882.0,95.998,644
2026-07-17T17:00:00Z,95.995,96.0,95.995,95.995,7620.0,95.9955,145
2026-07-17T17:15:00Z,95.995,96.0,95.99,95.995,1531.0,95.995,44
2026-07-17T17:30:00Z,95.995,96.0,95.995,95.995,6827.0,95.996,82
2026-07-17T17:45:00Z,95.995,96.0,95.99,96.0,2856.0,95.995,114
2026-07-17T18:00:00Z,95.995,96.0,95.99,95.99,6825.0,95.9965,61
2026-07-17T18:15:00Z,95.995,96.0,95.995,96.0,8615.0,95.9955,98
2026-07-17T18:30:00Z,96.0,96.0,95.995,95.995,379.0,95.9955,86
2026-07-17T18:45:00Z,95.995,96.0,95.99,95.995,4219.0,95.9945,179
2026-07-17T19:00:00Z,95.995,95.995,95.99,95.99,1290.0,95.992,135
2026-07-17T19:15:00Z,95.99,95.995,95.985,95.995,8468.0,95.99,264
2026-07-17T19:30:00Z,95.995,95.995,95.99,95.99,2018.0,95.9905,115
2026-07-17T19:45:00Z,95.99,95.995,95.985,95.99,4016.0,95.99,142
2026-07-17T20:00:00Z,95.995,95.995,95.985,95.985,1482.0,95.9895,55
2026-07-17T20:15:00Z,95.985,95.99,95.985,95.99,222.0,95.9885,5
2026-07-17T20:30:00Z,95.985,95.99,95.985,95.985,608.0,95.989,28
2026-07-17T20:45:00Z,95.99,95.99,95.985,95.99,3020.0,95.989,72
2026-07-19T22:00:00Z,95.98,95.985,95.96,95.965,3411.0,95.9675,127
2026-07-19T22:15:00Z,95.965,95.97,95.96,95.965,3148.0,95.965,82
2026-07-19T22:30:00Z,95.965,95.97,95.965,95.965,1766.0,95.965,35
2026-07-19T22:45:00Z,95.965,95.965,95.965,95.965,928.0,95.965,28
2026-07-19T23:00:00Z,95.965,95.965,95.965,95.965,510.0,95.965,13
2026-07-19T23:15:00Z,95.965,95.97,95.965,95.965,668.0,95.965,20
2026-07-19T23:30:00Z,95.965,95.965,95.965,95.965,13.0,95.965,13
2026-07-19T23:45:00Z,95.965,95.97,95.965,95.97,1059.0,95.97,13
2026-07-20T00:00:00Z,95.97,95.975,95.97,95.975,1569.0,95.97,49
2026-07-20T00:15:00Z,95.975,95.975,95.97,95.975,586.0,95.975,24
2026-07-20T00:30:00Z,95.98,95.98,95.98,95.98,125.0,95.98,4
2026-07-20T00:45:00Z,95.98,95.98,95.98,95.98,1010.0,95.98,27
2026-07-20T01:00:00Z,95.98,95.98,95.98,95.98,659.0,95.98,29
2026-07-20T01:15:00Z,95.98,95.98,95.975,95.975,60.0,95.976,2
2026-07-20T01:30:00Z,95.975,95.975,95.975,95.975,2827.0,95.975,21
2026-07-20T01:45:00Z,95.975,95.975,95.975,95.975,10.0,95.975,3
2026-07-20T02:00:00Z,95.975,95.975,95.975,95.975,0.0,95.975,0
2026-07-20T02:15:00Z,95.975,95.975,95.975,95.975,820.0,95.975,7
2026-07-20T02:30:00Z,95.975,95.975,95.975,95.975,2592.0,95.975,22
2026-07-20T02:45:00Z,95.975,95.975,95.975,95.975,0.0,95.975,0
2026-07-20T03:00:00Z,95.975,95.975,95.975,95.975,127.0,95.975,3
2026-07-20T03:15:00Z,95.975,95.98,95.975,95.98,1287.0,95.975,30
2026-07-20T03:30:00Z,95.98,95.98,95.98,95.98,1.0,95.98,1
2026-07-20T03:45:00Z,95.975,95.975,95.975,95.975,649.0,95.975,6
2026-07-20T04:00:00Z,95.975,95.975,95.975,95.975,121.0,95.975,7
2026-07-20T04:15:00Z,95.975,95.975,95.975,95.975,0.0,95.975,0
2026-07-20T04:30:00Z,95.975,95.975,95.975,95.975,10.0,95.975,1
2026-07-20T04:45:00Z,95.975,95.975,95.975,95.975,275.0,95.975,3
2026-07-20T05:00:00Z,95.975,95.975,95.975,95.975,77.0,95.975,7
2026-07-20T05:15:00Z,95.975,95.975,95.975,95.975,369.0,95.975,7
2026-07-20T05:30:00Z,95.98,95.98,95.975,95.975,196.0,95.98,3
2026-07-20T05:45:00Z,95.98,95.98,95.975,95.975,660.0,95.976,4
2026-07-20T06:00:00Z,95.98,95.98,95.975,95.98,131.0,95.9795,15
2026-07-20T06:15:00Z,95.975,95.975,95.975,95.975,523.0,95.975,21
2026-07-20T06:30:00Z,95.98,95.98,95.975,95.98,852.0,95.9765,42
2026-07-20T06:45:00Z,95.98,95.98,95.975,95.975,1949.0,95.978,30
2026-07-20T07:00:00Z,95.975,95.975,95.975,95.975,3008.0,95.975,36
2026-07-20T07:15:00Z,95.975,95.98,95.975,95.98,4423.0,95.9775,89
2026-07-20T07:30:00Z,95.98,95.99,95.98,95.99,3046.0,95.982,100
2026-07-20T07:45:00Z,95.99,95.99,95.985,95.985,5099.0,95.9855,44
2026-07-20T08:00:00Z,95.985,95.99,95.985,95.99,5940.0,95.988,167
2026-07-20T08:15:00Z,95.99,95.99,95.985,95.985,588.0,95.9895,22
2026-07-20T08:30:00Z,95.985,95.985,95.985,95.985,861.0,95.985,29
2026-07-20T08:45:00Z,95.985,95.985,95.985,95.985,2238.0,95.985,81
2026-07-20T09:00:00Z,95.985,95.985,95.98,95.985,588.0,95.985,63
2026-07-20T09:15:00Z,95.985,95.985,95.985,95.985,340.0,95.985,21
2026-07-20T09:30:00Z,95.985,95.99,95.985,95.985,1098.0,95.9875,40
2026-07-20T09:45:00Z,95.985,95.985,95.98,95.985,74.0,95.9815,3
2026-07-20T10:00:00Z,95.98,95.98,95.98,95.98,1860.0,95.98,97
2026-07-20T10:15:00Z,95.98,95.98,95.98,95.98,373.0,95.98,17
2026-07-20T10:30:00Z,95.98,95.98,95.98,95.98,337.0,95.98,5
2026-07-20T10:45:00Z,95.98,95.98,95.975,95.98,759.0,95.98,52
2026-07-20T11:00:00Z,95.98,95.98,95.975,95.975,4683.0,95.979,57
2026-07-20T11:15:00Z,95.975,95.975,95.975,95.975,2133.0,95.975,51
2026-07-20T11:30:00Z,95.98,95.995,95.98,95.99,9819.0,95.988,341
2026-07-20T11:45:00Z,95.99,95.99,95.98,95.985,5442.0,95.9845,98
2026-07-20T12:00:00Z,95.985,95.985,95.975,95.98,9555.0,95.976,229
2026-07-20T12:15:00Z,95.975,95.975,95.97,95.97,2740.0,95.9745,39
2026-07-20T12:30:00Z,95.975,95.975,95.965,95.97,6824.0,95.9715,57
2026-07-20T12:45:00Z,95.97,95.98,95.97,95.975,3598.0,95.9745,66
2026-07-20T13:00:00Z,95.97,95.975,95.965,95.965,3714.0,95.9695,72
2026-07-20T13:15:00Z,95.965,95.975,95.965,95.965,10516.0,95.967,140
2026-07-20T13:30:00Z,95.965,95.97,95.96,95.96,24562.0,95.9635,364
2026-07-20T13:45:00Z,95.96,95.965,95.95,95.95,7407.0,95.9585,156
2026-07-20T14:00:00Z,95.955,95.96,95.95,95.955,10648.0,95.955,281
2026-07-20T14:15:00Z,95.955,95.96,95.955,95.96,6459.0,95.9595,185
2026-07-20T14:30:00Z,95.96,95.965,95.955,95.96,4190.0,95.9605,173
2026-07-20T14:45:00Z,95.96,95.965,95.955,95.955,4588.0,95.96,436
2026-07-20T15:00:00Z,95.955,95.96,95.955,95.955,3778.0,95.9595,98
2026-07-20T15:15:00Z,95.96,95.96,95.955,95.955,4249.0,95.956,94
2026-07-20T15:30:00Z,95.955,95.955,95.945,95.945,7959.0,95.9475,201
2026-07-20T15:45:00Z,95.945,95.95,95.94,95.945,2633.0,95.946,50
2026-07-20T16:00:00Z,95.95,95.95,95.945,95.945,4233.0,95.95,69
2026-07-20T16:15:00Z,95.945,95.95,95.94,95.94,3889.0,95.945,134
2026-07-20T16:30:00Z,95.945,95.95,95.935,95.94,12945.0,95.94,403
2026-07-20T16:45:00Z,95.94,95.945,95.94,95.945,3289.0,95.94,48
2026-07-20T17:00:00Z,95.94,95.945,95.94,95.94,651.0,95.943,31
2026-07-20T17:15:00Z,95.945,95.95,95.94,95.95,9118.0,95.947,148
2026-07-20T17:30:00Z,95.945,95.95,95.945,95.95,1426.0,95.9455,24
2026-07-20T17:45:00Z,95.945,95.955,95.945,95.95,3021.0,95.95,130
2026-07-20T18:00:00Z,95.955,95.955,95.95,95.955,909.0,95.9545,116
2026-07-20T18:15:00Z,95.955,95.955,95.95,95.955,4180.0,95.955,122
2026-07-20T18:30:00Z,95.955,95.955,95.95,95.955,737.0,95.9545,30
2026-07-20T18:45:00Z,95.955,95.96,95.95,95.96,4163.0,95.955,189
2026-07-20T19:00:00Z,95.96,95.965,95.955,95.955,3093.0,95.96,71
2026-07-20T19:15:00Z,95.955,95.965,95.955,95.965,1828.0,95.9595,48
2026-07-20T19:30:00Z,95.965,95.965,95.955,95.96,3402.0,95.96,120
2026-07-20T19:45:00Z,95.96,95.965,95.96,95.965,975.0,95.96,100
2026-07-20T20:00:00Z,95.96,95.965,95.96,95.96,380.0,95.9605,51
2026-07-20T20:15:00Z,95.965,95.965,95.96,95.96,358.0,95.9625,19
2026-07-20T20:30:00Z,95.96,95.965,95.96,95.96,1926.0,95.9605,58
2026-07-20T20:45:00Z,95.96,95.965,95.96,95.96,1398.0,95.96,81
2026-07-20T22:00:00Z,95.965,95.965,95.96,95.96,46.0,95.9645,5
2026-07-20T22:15:00Z,95.965,95.965,95.965,95.965,18.0,95.965,1
2026-07-20T22:30:00Z,95.965,95.965,95.965,95.965,0.0,95.965,0
2026-07-20T22:45:00Z,95.965,95.965,95.965,95.965,0.0,95.965,0
2026-07-20T23:00:00Z,95.96,95.96,95.96,95.96,5.0,95.96,1
2026-07-20T23:15:00Z,95.96,95.96,95.96,95.96,0.0,95.96,0
2026-07-20T23:30:00Z,95.96,95.96,95.96,95.96,5.0,95.96,2
2026-07-20T23:45:00Z,95.965,95.965,95.965,95.965,2198.0,95.965,8
2026-07-21T00:00:00Z,95.965,95.965,95.965,95.965,549.0,95.965,27
2026-07-21T00:15:00Z,95.965,95.965,95.965,95.965,0.0,95.965,0
2026-07-21T00:30:00Z,95.96,95.96,95.96,95.96,50.0,95.96,1
2026-07-21T00:45:00Z,95.96,95.96,95.96,95.96,122.0,95.96,9
2026-07-21T01:00:00Z,95.96,95.965,95.96,95.965,2.0,95.9625,2
2026-07-21T01:15:00Z,95.965,95.965,95.965,95.965,1449.0,95.965,41
2026-07-21T01:30:00Z,95.965,95.965,95.96,95.96,1279.0,95.9605,21
2026-07-21T01:45:00Z,95.96,95.96,95.96,95.96,806.0,95.96,14
2026-07-21T02:00:00Z,95.96,95.96,95.96,95.96,390.0,95.96,5
2026-07-21T02:15:00Z,95.96,95.96,95.96,95.96,340.0,95.96,13
2026-07-21T02:30:00Z,95.96,95.96,95.96,95.96,816.0,95.96,20
2026-07-21T02:45:00Z,95.96,95.965,95.96,95.965,132.0,95.9605,7
2026-07-21T03:00:00Z,95.965,95.965,95.965,95.965,0.0,95.965,0
2026-07-21T03:15:00Z,95.965,95.965,95.965,95.965,1622.0,95.965,39
2026-07-21T03:30:00Z,95.965,95.965,95.965,95.965,1923.0,95.965,57
2026-07-21T03:45:00Z,95.965,95.965,95.965,95.965,1882.0,95.965,40
2026-07-21T04:00:00Z,95.965,95.965,95.965,95.965,0.0,95.965,0
2026-07-21T04:15:00Z,95.965,95.965,95.965,95.965,2.0,95.965,1
2026-07-21T04:30:00Z,95.965,95.965,95.965,95.965,194.0,95.965,6
2026-07-21T04:45:00Z,95.965,95.965,95.965,95.965,34.0,95.965,8
2026-07-21T05:00:00Z,95.965,95.965,95.965,95.965,358.0,95.965,12
2026-07-21T05:15:00Z,95.965,95.965,95.965,95.965,382.0,95.965,29
2026-07-21T05:30:00Z,95.965,95.97,95.965,95.97,414.0,95.97,19
2026-07-21T05:45:00Z,95.97,95.97,95.965,95.97,51.0,95.9685,6
2026-07-21T06:00:00Z,95.97,95.97,95.97,95.97,177.0,95.97,5
2026-07-21T06:15:00Z,95.97,95.97,95.97,95.97,50.0,95.97,1
2026-07-21T06:30:00Z,95.97,95.97,95.97,95.97,410.0,95.97,12
2026-07-21T06:45:00Z,95.97,95.97,95.97,95.97,330.0,95.97,15
2026-07-21T07:00:00Z,95.97,95.97,95.97,95.97,521.0,95.97,37
2026-07-21T07:15:00Z,95.97,95.97,95.97,95.97,179.0,95.97,9
2026-07-21T07:30:00Z,95.965,95.97,95.965,95.97,3031.0,95.9695,103
2026-07-21T07:45:00Z,95.97,95.97,95.97,95.97,304.0,95.97,2
2026-07-21T08:00:00Z,95.97,95.97,95.97,95.97,15.0,95.97,6
2026-07-21T08:15:00Z,95.975,95.975,95.97,95.97,442.0,95.9745,11
2026-07-21T08:30:00Z,95.97,95.97,95.97,95.97,948.0,95.97,6
2026-07-21T08:45:00Z,95.97,95.97,95.97,95.97,1598.0,95.97,47
2026-07-21T09:00:00Z,95.97,95.97,95.965,95.97,356.0,95.97,24
2026-07-21T09:15:00Z,95.97,95.975,95.965,95.965,1176.0,95.97,34
2026-07-21T09:30:00Z,95.965,95.97,95.965,95.965,126.0,95.965,13
2026-07-21T09:45:00Z,95.965,95.97,95.965,95.97,42.0,95.965,3
2026-07-21T10:00:00Z,95.97,95.975,95.97,95.97,1956.0,95.972,34
2026-07-21T10:15:00Z,95.97,95.97,95.97,95.97,140.0,95.97,1
2026-07-21T10:30:00Z,95.975,95.975,95.965,95.97,9798.0,95.97,100
2026-07-21T10:45:00Z,95.97,95.97,95.965,95.965,2278.0,95.965,18
2026-07-21T11:00:00Z,95.97,95.97,95.96,95.96,2885.0,95.963,92
2026-07-21T11:15:00Z,95.96,95.96,95.96,95.96,1689.0,95.96,35
2026-07-21T11:30:00Z,95.96,95.965,95.955,95.96,823.0,95.959,41
2026-07-21T11:45:00Z,95.96,95.96,95.96,95.96,1886.0,95.96,70
2026-07-21T12:00:00Z,95.96,95.965,95.96,95.96,3144.0,95.96,86
2026-07-21T12:15:00Z,95.96,95.965,95.96,95.96,4390.0,95.96,154
2026-07-21T12:30:00Z,95.96,95.96,95.945,95.945,7916.0,95.9525,185
2026-07-21T12:45:00Z,95.95,95.955,95.95,95.955,6795.0,95.9535,106
2026-07-21T13:00:00Z,95.955,95.955,95.945,95.95,3755.0,95.9515,132
2026-07-21T13:15:00Z,95.945,95.945,95.93,95.93,18081.0,95.94,311
2026-07-21T13:30:00Z,95.93,95.935,95.92,95.925,18015.0,95.93,424
2026-07-21T13:45:00Z,95.925,95.935,95.92,95.93,8565.0,95.927,194
2026-07-21T14:00:00Z,95.925,95.93,95.925,95.93,4617.0,95.93,105
2026-07-21T14:15:00Z,95.93,95.935,95.92,95.92,4725.0,95.9285,137
2026-07-21T14:30:00Z,95.92,95.92,95.915,95.915,12817.0,95.9185,235
2026-07-21T14:45:00Z,95.92,95.92,95.91,95.915,13353.0,95.9175,354
2026-07-21T15:00:00Z,95.915,95.92,95.915,95.92,6049.0,95.9155,133
2026-07-21T15:15:00Z,95.92,95.93,95.915,95.92,5712.0,95.9235,121
2026-07-21T15:30:00Z,95.92,95.925,95.915,95.915,5962.0,95.92,227
2026-07-21T15:45:00Z,95.915,95.92,95.915,95.92,2242.0,95.916,127
2026-07-21T16:00:00Z,95.915,95.92,95.915,95.92,2034.0,95.919,216
2026-07-21T16:15:00Z,95.92,95.92,95.915,95.92,611.0,95.916,44
2026-07-21T16:30:00Z,95.915,95.92,95.915,95.915,4404.0,95.916,146
2026-07-21T16:45:00Z,95.915,95.925,95.915,95.92,4549.0,95.92,218
2026-07-21T17:00:00Z,95.915,95.92,95.915,95.92,152.0,95.916,7
2026-07-21T17:15:00Z,95.92,95.92,95.915,95.92,1475.0,95.92,111
2026-07-21T17:30:00Z,95.92,95.92,95.915,95.915,3327.0,95.9155,82
2026-07-21T17:45:00Z,95.915,95.915,95.91,95.915,1281.0,95.913,39
2026-07-21T18:00:00Z,95.91,95.915,95.905,95.91,8957.0,95.9095,191
2026-07-21T18:15:00Z,95.91,95.915,95.91,95.915,3755.0,95.9105,68
2026-07-21T18:30:00Z,95.91,95.915,95.905,95.915,6877.0,95.9115,721
2026-07-21T18:45:00Z,95.915,95.92,95.91,95.915,5728.0,95.912,203
2026-07-21T19:00:00Z,95.915,95.915,95.9,95.905,15969.0,95.907,225
2026-07-21T19:15:00Z,95.905,95.91,95.9,95.905,30469.0,95.905,521
2026-07-21T19:30:00Z,95.9,95.91,95.9,95.91,7989.0,95.905,27
2026-07-21T19:45:00Z,95.905,95.91,95.9,95.9,5732.0,95.9055,149
2026-07-21T20:00:00Z,95.905,95.91,95.905,95.905,6533.0,95.906,96
2026-07-21T20:15:00Z,95.905,95.91,95.9,95.91,9360.0,95.9085,76
2026-07-21T20:30:00Z,95.91,95.91,95.905,95.905,1301.0,95.909,54
2026-07-21T20:45:00Z,95.91,95.91,95.905,95.905,2170.0,95.9085,66
2026-07-21T22:15:00Z,95.91,95.91,95.91,95.91,324.0,95.91,13
2026-07-21T22:30:00Z,95.91,95.91,95.91,95.91,0.0,95.91,0
2026-07-21T22:45:00Z,95.91,95.91,95.905,95.91,1121.0,95.9075,12
2026-07-21T23:00:00Z,95.91,95.91,95.91,95.91,0.0,95.91,0
2026-07-21T23:15:00Z,95.91,95.91,95.91,95.91,1821.0,95.91,9
2026-07-21T23:30:00Z,95.91,95.915,95.91,95.91,356.0,95.91,13
2026-07-21T23:45:00Z,95.91,95.915,95.91,95.91,203.0,95.91,24
2026-07-22T00:00:00Z,95.91,95.91,95.91,95.91,0.0,95.91,0
2026-07-22T00:15:00Z,95.91,95.91,95.91,95.91,0.0,95.91,0
2026-07-22T00:30:00Z,95.91,95.915,95.91,95.915,791.0,95.91,11
2026-07-22T00:45:00Z,95.91,95.915,95.91,95.91,490.0,95.91,14
2026-07-22T01:00:00Z,95.91,95.91,95.91,95.91,510.0,95.91,21
2026-07-22T01:15:00Z,95.91,95.91,95.91,95.91,886.0,95.91,14
2026-07-22T01:30:00Z,95.91,95.91,95.91,95.91,2.0,95.91,1
2026-07-22T01:45:00Z,95.915,95.915,95.915,95.915,979.0,95.915,24
2026-07-22T02:00:00Z,95.915,95.915,95.915,95.915,438.0,95.915,8
2026-07-22T02:15:00Z,95.92,95.92,95.915,95.92,843.0,95.92,10
2026-07-22T02:30:00Z,95.92,95.925,95.92,95.925,218.0,95.9205,10
2026-07-22T02:45:00Z,95.92,95.925,95.92,95.925,974.0,95.92,8
2026-07-22T03:00:00Z,95.925,95.925,95.925,95.925,1.0,95.925,1
2026-07-22T03:15:00Z,95.92,95.925,95.92,95.925,51.0,95.92,3
2026-07-22T03:30:00Z,95.925,95.925,95.925,95.925,0.0,95.925,0
2026-07-22T03:45:00Z,95.925,95.925,95.925,95.925,1.0,95.925,1
2026-07-22T04:00:00Z,95.92,95.925,95.92,95.92,1241.0,95.92,28
2026-07-22T04:15:00Z,95.92,95.925,95.92,95.92,233.0,95.92,13
2026-07-22T04:30:00Z,95.925,95.925,95.925,95.925,1.0,95.925,1
2026-07-22T04:45:00Z,95.92,95.925,95.92,95.92,1028.0,95.92,31
2026-07-22T05:00:00Z,95.92,95.925,95.92,95.92,3391.0,95.92,20
2026-07-22T05:15:00Z,95.925,95.925,95.92,95.92,2403.0,95.92,32
2026-07-22T05:30:00Z,95.92,95.92,95.92,95.92,0.0,95.92,0
2026-07-22T05:45:00Z,95.92,95.92,95.92,95.92,1059.0,95.92,24
2026-07-22T06:00:00Z,95.92,95.925,95.92,95.925,1168.0,95.92,56
2026-07-22T06:15:00Z,95.92,95.92,95.91,95.915,3804.0,95.916,40
2026-07-22T06:30:00Z,95.92,95.92,95.91,95.91,1739.0,95.915,92
2026-07-22T06:45:00Z,95.91,95.915,95.91,95.915,1068.0,95.9145,110
2026-07-22T07:00:00Z,95.915,95.92,95.915,95.915,580.0,95.915,61
2026-07-22T07:15:00Z,95.915,95.92,95.915,95.915,32.0,95.916,22
2026-07-22T07:30:00Z,95.915,95.915,95.91,95.91,2620.0,95.915,33
2026-07-22T07:45:00Z,95.91,95.915,95.91,95.915,4140.0,95.915,77
2026-07-22T08:00:00Z,95.92,95.925,95.92,95.925,599.0,95.9205,40
2026-07-22T08:15:00Z,95.925,95.93,95.925,95.93,7061.0,95.9295,82
2026-07-22T08:30:00Z,95.93,95.93,95.925,95.93,2094.0,95.9295,49
2026-07-22T08:45:00Z,95.93,95.93,95.925,95.93,702.0,95.925,53
2026-07-22T09:00:00Z,95.93,95.93,95.925,95.925,7.0,95.9255,3
2026-07-22T09:15:00Z,95.925,95.925,95.92,95.925,1563.0,95.925,24
2026-07-22T09:30:00Z,95.925,95.925,95.92,95.925,1820.0,95.9205,58
2026-07-22T09:45:00Z,95.925,95.925,95.92,95.92,2564.0,95.92,69
2026-07-22T10:00:00Z,95.92,95.92,95.92,95.92,476.0,95.92,9
2026-07-22T10:15:00Z,95.92,95.92,95.915,95.92,127.0,95.9195,11
2026-07-22T10:30:00Z,95.92,95.925,95.92,95.92,1835.0,95.92,20
2026-07-22T10:45:00Z,95.92,95.92,95.92,95.92,75.0,95.92,7
2026-07-22T11:00:00Z,95.915,95.92,95.915,95.915,1817.0,95.915,42
2026-07-22T11:15:00Z,95.915,95.915,95.91,95.915,2138.0,95.915,50
2026-07-22T11:30:00Z,95.91,95.915,95.905,95.905,5479.0,95.909,163
2026-07-22T11:45:00Z,95.905,95.91,95.905,95.91,2055.0,95.908,75
2026-07-22T12:00:00Z,95.91,95.915,95.91,95.915,4890.0,95.91,69
2026-07-22T12:15:00Z,95.915,95.915,95.9,95.905,20229.0,95.904,243
2026-07-22T12:30:00Z,95.9,95.905,95.9,95.905,14910.0,95.905,296
2026-07-22T12:45:00Z,95.905,95.905,95.885,95.89,10159.0,95.8925,233
2026-07-22T13:00:00Z,95.89,95.9,95.89,95.895,13256.0,95.895,180
2026-07-22T13:15:00Z,95.895,95.91,95.895,95.9,12542.0,95.9045,166
2026-07-22T13:30:00Z,95.9,95.9,95.885,95.89,8446.0,95.8955,143
2026-07-22T13:45:00Z,95.885,95.895,95.88,95.885,30642.0,95.885,283
2026-07-22T14:00:00Z,95.89,95.89,95.86,95.87,65365.0,95.873,851
2026-07-22T14:15:00Z,95.87,95.87,95.86,95.86,43421.0,95.8625,549
2026-07-22T14:30:00Z,95.86,95.875,95.86,95.875,20837.0,95.868,278
2026-07-22T14:45:00Z,95.87,95.875,95.865,95.87,7580.0,95.87,213
2026-07-22T15:00:00Z,95.865,95.87,95.865,95.87,6781.0,95.869,477
2026-07-22T15:15:00Z,95.865,95.87,95.865,95.865,3501.0,95.8655,87
2026-07-22T15:30:00Z,95.865,95.875,95.865,95.875,4692.0,95.87,75
2026-07-22T15:45:00Z,95.875,95.88,95.87,95.875,4664.0,95.875,93
2026-07-22T16:00:00Z,95.875,95.88,95.87,95.87,1920.0,95.8745,43
2026-07-22T16:15:00Z,95.87,95.875,95.87,95.87,4870.0,95.87,75
2026-07-22T16:30:00Z,95.87,95.875,95.87,95.875,1282.0,95.8705,55
2026-07-22T16:45:00Z,95.875,95.875,95.87,95.875,3386.0,95.875,48
2026-07-22T17:00:00Z,95.875,95.875,95.87,95.875,132.0,95.874,20
2026-07-22T17:15:00Z,95.875,95.875,95.87,95.875,1034.0,95.8745,50
2026-07-22T17:30:00Z,95.875,95.875,95.87,95.87,3140.0,95.8705,141
2026-07-22T17:45:00Z,95.875,95.875,95.87,95.87,273.0,95.874,21
2026-07-22T18:00:00Z,95.875,95.875,95.87,95.875,1333.0,95.8745,62
2026-07-22T18:15:00Z,95.875,95.88,95.87,95.875,4554.0,95.875,176
2026-07-22T18:30:00Z,95.87,95.875,95.87,95.87,252.0,95.8745,17
2026-07-22T18:45:00Z,95.87,95.875,95.87,95.87,5994.0,95.8705,178
2026-07-22T19:00:00Z,95.875,95.875,95.87,95.87,3510.0,95.8705,83
2026-07-22T19:15:00Z,95.87,95.875,95.865,95.865,5063.0,95.87,222
2026-07-22T19:30:00Z,95.87,95.875,95.865,95.87,1759.0,95.87,40
2026-07-22T19:45:00Z,95.865,95.865,95.86,95.86,7144.0,95.864,48
2026-07-22T20:00:00Z,95.865,95.87,95.86,95.865,9998.0,95.868,173
2026-07-22T20:15:00Z,95.865,95.87,95.865,95.87,890.0,95.8685,9
2026-07-22T20:30:00Z,95.87,95.87,95.865,95.865,470.0,95.8695,20
2026-07-22T20:45:00Z,95.865,95.87,95.865,95.865,1359.0,95.868,42
2026-07-22T22:00:00Z,95.865,95.865,95.86,95.86,3244.0,95.8605,64
2026-07-22T22:15:00Z,95.86,95.86,95.86,95.86,10.0,95.86,1
2026-07-22T22:30:00Z,95.86,95.865,95.86,95.865,86.0,95.86,8
2026-07-22T22:45:00Z,95.86,95.865,95.86,95.865,555.0,95.865,48
2026-07-22T23:00:00Z,95.865,95.87,95.865,95.865,2188.0,95.865,12
2026-07-22T23:15:00Z,95.865,95.87,95.865,95.87,46.0,95.8655,7
2026-07-22T23:30:00Z,95.87,95.87,95.87,95.87,2.0,95.87,2
2026-07-22T23:45:00Z,95.87,95.87,95.87,95.87,5.0,95.87,2
2026-07-23T00:00:00Z,95.865,95.87,95.865,95.865,884.0,95.865,23
2026-07-23T00:15:00Z,95.86,95.865,95.86,95.865,1174.0,95.865,35
2026-07-23T00:30:00Z,95.865,95.87,95.865,95.87,889.0,95.869,42
2026-07-23T00:45:00Z,95.87,95.87,95.87,95.87,127.0,95.87,3
2026-07-23T01:00:00Z,95.87,95.87,95.87,95.87,588.0,95.87,12
2026-07-23T01:15:00Z,95.87,95.87,95.865,95.87,1349.0,95.866,16
2026-07-23T01:30:00Z,95.865,95.865,95.86,95.865,1256.0,95.865,16
2026-07-23T01:45:00Z,95.865,95.865,95.865,95.865,501.0,95.865,15
2026-07-23T02:00:00Z,95.87,95.87,95.87,95.87,20.0,95.87,1
2026-07-23T02:15:00Z,95.87,95.87,95.87,95.87,0.0,95.87,0
2026-07-23T02:30:00Z,95.87,95.87,95.87,95.87,1824.0,95.87,34
2026-07-23T02:45:00Z,95.87,95.87,95.87,95.87,375.0,95.87,2
2026-07-23T03:00:00Z,95.87,95.87,95.87,95.87,918.0,95.87,12
2026-07-23T03:15:00Z,95.87,95.875,95.865,95.875,980.0,95.87,24
2026-07-23T03:30:00Z,95.87,95.87,95.87,95.87,212.0,95.87,9
2026-07-23T03:45:00Z,95.87,95.875,95.87,95.87,234.0,95.8705,8
2026-07-23T04:00:00Z,95.87,95.87,95.87,95.87,1952.0,95.87,18
2026-07-23T04:15:00Z,95.87,95.875,95.87,95.87,485.0,95.87,31
2026-07-23T04:30:00Z,95.87,95.875,95.87,95.87,2025.0,95.87,14
2026-07-23T04:45:00Z,95.87,95.87,95.87,95.87,114.0,95.87,6
2026-07-23T05:00:00Z,95.87,95.87,95.87,95.87,129.0,95.87,3
2026-07-23T05:15:00Z,95.865,95.865,95.865,95.865,1.0,95.865,1
2026-07-23T05:30:00Z,95.87,95.87,95.87,95.87,1395.0,95.87,23
2026-07-23T05:45:00Z,95.87,95.87,95.87,95.87,727.0,95.87,27
2026-07-23T06:00:00Z,95.87,95.875,95.87,95.875,169.0,95.873,16
2026-07-23T06:15:00Z,95.875,95.875,95.87,95.87,402.0,95.875,7
2026-07-23T06:30:00Z,95.87,95.87,95.87,95.87,0.0,95.87,0
2026-07-23T06:45:00Z,95.875,95.875,95.87,95.87,2383.0,95.872,33
2026-07-23T07:00:00Z,95.87,95.87,95.865,95.865,1997.0,95.866,42
2026-07-23T07:15:00Z,95.865,95.865,95.86,95.865,2127.0,95.863,35
2026-07-23T07:30:00Z,95.86,95.865,95.855,95.855,2545.0,95.86,43
2026-07-23T07:45:00Z,95.855,95.865,95.855,95.86,20494.0,95.8595,260
2026-07-23T08:00:00Z,95.855,95.86,95.855,95.86,640.0,95.8565,37
2026-07-23T08:15:00Z,95.86,95.86,95.86,95.86,800.0,95.86,2
2026-07-23T08:30:00Z,95.86,95.86,95.855,95.86,124.0,95.859,8
2026-07-23T08:45:00Z,95.86,95.86,95.855,95.86,2143.0,95.8555,18
2026-07-23T09:00:00Z,95.86,95.86,95.855,95.855,4734.0,95.86,102
2026-07-23T09:15:00Z,95.86,95.86,95.855,95.855,105.0,95.86,4
2026-07-23T09:30:00Z,95.86,95.86,95.855,95.86,975.0,95.8595,63
2026-07-23T09:45:00Z,95.86,95.86,95.86,95.86,1249.0,95.86,24
2026-07-23T10:00:00Z,95.86,95.865,95.86,95.86,1523.0,95.8605,32
2026-07-23T10:15:00Z,95.855,95.86,95.855,95.86,2181.0,95.86,36
2026-07-23T10:30:00Z,95.86,95.865,95.86,95.865,3243.0,95.8645,7
2026-07-23T10:45:00Z,95.865,95.865,95.865,95.865,3089.0,95.865,35
2026-07-23T11:00:00Z,95.865,95.865,95.865,95.865,756.0,95.865,28
2026-07-23T11:15:00Z,95.865,95.865,95.86,95.86,5912.0,95.8605,190
2026-07-23T11:30:00Z,95.86,95.865,95.85,95.85,5735.0,95.8565,149
2026-07-23T11:45:00Z,95.85,95.86,95.85,95.855,24402.0,95.8515,336
2026-07-23T12:00:00Z,95.85,95.86,95.85,95.85,8283.0,95.8545,210
2026-07-23T12:15:00Z,95.85,95.855,95.85,95.85,21247.0,95.85,632
2026-07-23T12:30:00Z,95.845,95.85,95.84,95.845,53318.0,95.844,1826
2026-07-23T12:45:00Z,95.84,95.845,95.84,95.845,12555.0,95.845,282
2026-07-23T13:00:00Z,95.845,95.85,95.84,95.845,22343.0,95.843,681
2026-07-23T13:15:00Z,95.845,95.85,95.84,95.84,7928.0,95.845,159
2026-07-23T13:30:00Z,95.845,95.85,95.84,95.845,7544.0,95.8455,273
2026-07-23T13:45:00Z,95.845,95.845,95.83,95.83,20930.0,95.84,405
2026-07-23T14:00:00Z,95.83,95.84,95.825,95.835,25977.0,95.8305,373
2026-07-23T14:15:00Z,95.835,95.84,95.835,95.835,6001.0,95.837,183
2026-07-23T14:30:00Z,95.835,95.84,95.83,95.83,7600.0,95.835,172
2026-07-23T14:45:00Z,95.835,95.84,95.825,95.84,13804.0,95.8315,184
2026-07-23T15:00:00Z,95.84,95.845,95.835,95.845,7036.0,95.84,125
2026-07-23T15:15:00Z,95.84,95.845,95.835,95.84,11536.0,95.84,471
2026-07-23T15:30:00Z,95.835,95.845,95.835,95.845,5501.0,95.8405,103
2026-07-23T15:45:00Z,95.845,95.845,95.84,95.84,1563.0,95.84,45
2026-07-23T16:00:00Z,95.84,95.845,95.84,95.84,315.0,95.843,29
2026-07-23T16:15:00Z,95.845,95.85,95.84,95.85,6109.0,95.8405,190
2026-07-23T16:30:00Z,95.845,95.85,95.84,95.845,3580.0,95.845,88
2026-07-23T16:45:00Z,95.845,95.845,95.84,95.845,2638.0,95.845,85
2026-07-23T17:00:00Z,95.845,95.845,95.84,95.84,2354.0,95.8405,173
2026-07-23T17:15:00Z,95.84,95.845,95.84,95.84,1270.0,95.8405,72
2026-07-23T17:30:00Z,95.84,95.84,95.835,95.835,4724.0,95.84,148
2026-07-23T17:45:00Z,95.835,95.84,95.835,95.835,5872.0,95.835,182
2026-07-23T18:00:00Z,95.835,95.84,95.835,95.835,1456.0,95.835,80
2026-07-23T18:15:00Z,95.835,95.845,95.835,95.84,5756.0,95.84,261
2026-07-23T18:30:00Z,95.84,95.845,95.84,95.84,6522.0,95.84,206
2026-07-23T18:45:00Z,95.84,95.84,95.835,95.835,939.0,95.8355,191
2026-07-23T19:00:00Z,95.84,95.845,95.835,95.84,6497.0,95.84,199
2026-07-23T19:15:00Z,95.84,95.845,95.835,95.845,4260.0,95.84,71
2026-07-23T19:30:00Z,95.84,95.85,95.84,95.845,6882.0,95.845,133
2026-07-23T19:45:00Z,95.845,95.85,95.84,95.845,2151.0,95.845,35
2026-07-23T20:00:00Z,95.85,95.85,95.845,95.85,1347.0,95.849,49
2026-07-23T20:15:00Z,95.85,95.85,95.845,95.85,1816.0,95.8455,57
2026-07-23T20:30:00Z,95.845,95.845,95.845,95.845,1803.0,95.845,29
2026-07-23T20:45:00Z,95.845,95.85,95.845,95.85,1080.0,95.8495,30
2026-07-23T22:00:00Z,95.85,95.855,95.845,95.845,1787.0,95.8475,59
2026-07-23T22:15:00Z,95.845,95.845,95.845,95.845,133.0,95.845,13
2026-07-23T22:30:00Z,95.845,95.845,95.845,95.845,658.0,95.845,18
2026-07-23T22:45:00Z,95.845,95.845,95.845,95.845,1166.0,95.845,3
2026-07-23T23:00:00Z,95.845,95.845,95.845,95.845,313.0,95.845,11
2026-07-23T23:15:00Z,95.845,95.845,95.845,95.845,380.0,95.845,11
2026-07-23T23:30:00Z,95.845,95.845,95.84,95.84,1112.0,95.845,18
2026-07-23T23:45:00Z,95.84,95.84,95.84,95.84,0.0,95.84,0
2026-07-24T00:00:00Z,95.845,95.845,95.845,95.845,375.0,95.845,16
2026-07-24T00:15:00Z,95.845,95.845,95.845,95.845,0.0,95.845,0
2026-07-24T00:30:00Z,95.845,95.845,95.845,95.845,2.0,95.845,1
2026-07-24T00:45:00Z,95.845,95.845,95.845,95.845,0.0,95.845,0
2026-07-24T01:00:00Z,95.845,95.85,95.845,95.845,2194.0,95.845,34
2026-07-24T01:15:00Z,95.845,95.845,95.845,95.845,667.0,95.845,28
2026-07-24T01:30:00Z,95.845,95.845,95.84,95.845,1053.0,95.845,17
2026-07-24T01:45:00Z,95.84,95.84,95.84,95.84,484.0,95.84,8
2026-07-24T02:00:00Z,95.845,95.845,95.845,95.845,240.0,95.845,3
2026-07-24T02:15:00Z,95.845,95.845,95.84,95.84,84.0,95.8445,3
2026-07-24T02:30:00Z,95.84,95.84,95.84,95.84,800.0,95.84,8
2026-07-24T02:45:00Z,95.84,95.84,95.84,95.84,2213.0,95.84,50
2026-07-24T03:00:00Z,95.835,95.835,95.835,95.835,1289.0,95.835,30
2026-07-24T03:15:00Z,95.835,95.835,95.835,95.835,685.0,95.835,13
2026-07-24T03:30:00Z,95.835,95.84,95.835,95.84,916.0,95.835,16
2026-07-24T03:45:00Z,95.84,95.84,95.84,95.84,22.0,95.84,3
2026-07-24T04:00:00Z,95.84,95.84,95.84,95.84,0.0,95.84,0
2026-07-24T04:15:00Z,95.84,95.84,95.84,95.84,0.0,95.84,0
2026-07-24T04:30:00Z,95.835,95.835,95.835,95.835,2.0,95.835,1
2026-07-24T04:45:00Z,95.835,95.835,95.835,95.835,0.0,95.835,0
2026-07-24T05:00:00Z,95.835,95.84,95.835,95.84,444.0,95.8355,3
2026-07-24T05:15:00Z,95.84,95.84,95.84,95.84,0.0,95.84,0
2026-07-24T05:30:00Z,95.84,95.845,95.84,95.845,1282.0,95.84,22
2026-07-24T05:45:00Z,95.845,95.845,95.84,95.84,2292.0,95.842,82
2026-07-24T06:00:00Z,95.84,95.84,95.84,95.84,154.0,95.84,5
2026-07-24T06:15:00Z,95.845,95.845,95.845,95.845,1148.0,95.845,37
2026-07-24T06:30:00Z,95.845,95.845,95.845,95.845,656.0,95.845,13
2026-07-24T06:45:00Z,95.845,95.85,95.845,95.85,1525.0,95.8485,20
2026-07-24T07:00:00Z,95.85,95.855,95.85,95.855,2640.0,95.8525,49
2026-07-24T07:15:00Z,95.855,95.865,95.855,95.865,3157.0,95.8625,70
2026-07-24T07:30:00Z,95.865,95.87,95.855,95.855,3019.0,95.864,126
2026-07-24T07:45:00Z,95.86,95.865,95.855,95.86,1077.0,95.8595,72
2026-07-24T08:00:00Z,95.86,95.86,95.86,95.86,1054.0,95.86,84
2026-07-24T08:15:00Z,95.86,95.87,95.86,95.87,2020.0,95.866,49
2026-07-24T08:30:00Z,95.865,95.87,95.865,95.865,3045.0,95.87,71
2026-07-24T08:45:00Z,95.87,95.87,95.87,95.87,2387.0,95.87,13
2026-07-24T09:00:00Z,95.87,95.875,95.87,95.875,257.0,95.875,11
2026-07-24T09:15:00Z,95.875,95.875,95.87,95.875,665.0,95.873,17
2026-07-24T09:30:00Z,95.87,95.875,95.87,95.875,1171.0,95.87,26
2026-07-24T09:45:00Z,95.875,95.875,95.87,95.875,3336.0,95.875,54
2026-07-24T10:00:00Z,95.875,95.875,95.865,95.87,4922.0,95.87,106
2026-07-24T10:15:00Z,95.87,95.875,95.87,95.875,4135.0,95.873,97
2026-07-24T10:30:00Z,95.875,95.875,95.865,95.865,2501.0,95.873,52
2026-07-24T10:45:00Z,95.865,95.87,95.86,95.86,11816.0,95.8625,192
2026-07-24T11:00:00Z,95.86,95.865,95.86,95.86,2092.0,95.863,44
2026-07-24T11:15:00Z,95.86,95.865,95.855,95.86,5429.0,95.86,125
2026-07-24T11:30:00Z,95.86,95.865,95.86,95.865,772.0,95.8625,57
2026-07-24T11:45:00Z,95.865,95.87,95.86,95.865,7221.0,95.8665,236
2026-07-24T12:00:00Z,95.865,95.87,95.86,95.865,6504.0,95.8635,149
2026-07-24T12:15:00Z,95.865,95.87,95.855,95.86,8503.0,95.8615,202
2026-07-24T12:30:00Z,95.86,95.865,95.855,95.86,9407.0,95.86,196
2026-07-24T12:45:00Z,95.86,95.86,95.855,95.86,1099.0,95.86,70
2026-07-24T13:00:00Z,95.86,95.86,95.855,95.855,6027.0,95.856,206
2026-07-24T13:15:00Z,95.855,95.855,95.845,95.845,7607.0,95.846,198
2026-07-24T13:30:00Z,95.845,95.855,95.845,95.85,5617.0,95.85,127
2026-07-24T13:45:00Z,95.845,95.865,95.84,95.865,7045.0,95.852,280
2026-07-24T14:00:00Z,95.865,95.865,95.855,95.86,5780.0,95.861,139
2026-07-24T14:15:00Z,95.86,95.865,95.86,95.865,4266.0,95.864,108
2026-07-24T14:30:00Z,95.865,95.87,95.855,95.855,3814.0,95.8655,89
2026-07-24T14:45:00Z,95.86,95.865,95.855,95.855,4903.0,95.86,53
2026-07-24T15:00:00Z,95.855,95.87,95.855,95.87,7253.0,95.863,219
2026-07-24T15:15:00Z,95.87,95.88,95.865,95.87,20260.0,95.874,313
2026-07-24T15:30:00Z,95.875,95.88,95.87,95.875,4305.0,95.875,123
2026-07-24T15:45:00Z,95.875,95.875,95.87,95.875,2969.0,95.875,65
2026-07-24T16:00:00Z,95.875,95.875,95.87,95.875,1151.0,95.8715,14
2026-07-24T16:15:00Z,95.875,95.875,95.87,95.87,6603.0,95.87,72
2026-07-24T16:30:00Z,95.87,95.87,95.865,95.865,4869.0,95.8685,61
2026-07-24T16:45:00Z,95.865,95.87,95.865,95.865,2565.0,95.866,88
2026-07-24T17:00:00Z,95.865,95.865,95.86,95.86,2643.0,95.862,81
2026-07-24T17:15:00Z,95.86,95.86,95.855,95.86,4978.0,95.86,59
2026-07-24T17:30:00Z,95.855,95.86,95.85,95.85,9800.0,95.855,116
2026-07-24T17:45:00Z,95.855,95.86,95.855,95.855,3124.0,95.855,37
2026-07-24T18:00:00Z,95.855,95.86,95.85,95.85,3402.0,95.855,132
2026-07-24T18:15:00Z,95.855,95.86,95.855,95.86,3566.0,95.857,48
2026-07-24T18:30:00Z,95.855,95.86,95.85,95.855,3126.0,95.857,69
2026-07-24T18:45:00Z,95.85,95.855,95.845,95.85,5341.0,95.85,136
2026-07-24T19:00:00Z,95.85,95.855,95.85,95.85,692.0,95.85,67
2026-07-24T19:15:00Z,95.85,95.85,95.845,95.845,1807.0,95.849,64
2026-07-24T19:30:00Z,95.845,95.855,95.845,95.85,3359.0,95.8495,95
2026-07-24T19:45:00Z,95.85,95.855,95.845,95.85,2812.0,95.85,120
2026-07-24T20:00:00Z,95.85,95.85,95.845,95.85,5009.0,95.85,83
2026-07-24T20:15:00Z,95.85,95.85,95.845,95.845,269.0,95.846,33
2026-07-24T20:30:00Z,95.85,95.85,95.84,95.85,2922.0,95.846,92
2026-07-24T20:45:00Z,95.845,95.855,95.845,95.855,1224.0,95.8495,86
2026-07-26T22:00:00Z,95.895,95.91,95.89,95.9,14635.0,95.901,394
2026-07-26T22:15:00Z,95.9,95.9,95.895,95.895,1603.0,95.9,12
2026-07-26T22:30:00Z,95.895,95.895,95.895,95.895,2581.0,95.895,30
2026-07-26T22:45:00Z,95.895,95.895,95.89,95.895,865.0,95.895,11
2026-07-26T23:00:00Z,95.895,95.895,95.89,95.89,556.0,95.89,13
2026-07-26T23:15:00Z,95.89,95.89,95.89,95.89,266.0,95.89,11
2026-07-26T23:30:00Z,95.89,95.89,95.89,95.89,380.0,95.89,25
2026-07-26T23:45:00Z,95.895,95.895,95.89,95.895,1368.0,95.895,26
2026-07-27T00:00:00Z,95.895,95.9,95.89,95.89,953.0,95.896,55
2026-07-27T00:15:00Z,95.89,95.895,95.89,95.89,737.0,95.89,9
2026-07-27T00:30:00Z,95.89,95.89,95.89,95.89,54.0,95.89,11
2026-07-27T00:45:00Z,95.89,95.89,95.885,95.885,857.0,95.885,49
2026-07-27T01:00:00Z,95.885,95.885,95.88,95.88,253.0,95.885,12
2026-07-27T01:15:00Z,95.88,95.88,95.875,95.875,17993.0,95.8795,117
2026-07-27T01:30:00Z,95.88,95.885,95.88,95.885,2129.0,95.88,15
2026-07-27T01:45:00Z,95.88,95.89,95.88,95.885,1417.0,95.8845,49
2026-07-27T02:00:00Z,95.885,95.885,95.885,95.885,8.0,95.885,4
2026-07-27T02:15:00Z,95.88,95.885,95.88,95.885,543.0,95.88,40
2026-07-27T02:30:00Z,95.88,95.88,95.88,95.88,734.0,95.88,24
2026-07-27T02:45:00Z,95.88,95.88,95.88,95.88,62.0,95.88,3
2026-07-27T03:00:00Z,95.88,95.88,95.88,95.88,0.0,95.88,0
2026-07-27T03:15:00Z,95.88,95.88,95.88,95.88,0.0,95.88,0
2026-07-27T03:30:00Z,95.885,95.885,95.885,95.885,117.0,95.885,1
2026-07-27T03:45:00Z,95.885,95.885,95.885,95.885,883.0,95.885,14
2026-07-27T04:00:00Z,95.885,95.885,95.885,95.885,621.0,95.885,16
2026-07-27T04:15:00Z,95.885,95.885,95.885,95.885,477.0,95.885,37
2026-07-27T04:30:00Z,95.885,95.89,95.885,95.89,1159.0,95.885,25
2026-07-27T04:45:00Z,95.885,95.89,95.885,95.89,403.0,95.89,3
2026-07-27T05:00:00Z,95.89,95.89,95.885,95.89,516.0,95.89,6
2026-07-27T05:15:00Z,95.89,95.89,95.89,95.89,257.0,95.89,5
2026-07-27T05:30:00Z,95.885,95.885,95.885,95.885,125.0,95.885,2
2026-07-27T05:45:00Z,95.885,95.885,95.885,95.885,785.0,95.885,11
2026-07-27T06:00:00Z,95.885,95.89,95.885,95.885,709.0,95.885,29
2026-07-27T06:15:00Z,95.89,95.895,95.89,95.895,4555.0,95.893,59
2026-07-27T06:30:00Z,95.895,95.895,95.89,95.895,2734.0,95.895,91
2026-07-27T06:45:00Z,95.895,95.9,95.895,95.9,1396.0,95.895,22
2026-07-27T07:00:00Z,95.895,95.9,95.89,95.89,3421.0,95.8915,105
2026-07-27T07:15:00Z,95.895,95.895,95.89,95.895,1137.0,95.895,47
2026-07-27T07:30:00Z,95.89,95.895,95.885,95.885,2584.0,95.8875,73
2026-07-27T07:45:00Z,95.885,95.89,95.885,95.885,1089.0,95.885,56
2026-07-27T08:00:00Z,95.885,95.885,95.88,95.88,1467.0,95.8815,25
2026-07-27T08:15:00Z,95.88,95.88,95.88,95.88,4650.0,95.88,98
2026-07-27T08:30:00Z,95.88,95.88,95.875,95.875,1016.0,95.876,49
2026-07-27T08:45:00Z,95.875,95.88,95.875,95.88,768.0,95.879,10
2026-07-27T09:00:00Z,95.88,95.88,95.875,95.875,508.0,95.878,14
2026-07-27T09:15:00Z,95.875,95.875,95.875,95.875,2847.0,95.875,29
2026-07-27T09:30:00Z,95.875,95.875,95.875,95.875,912.0,95.875,20
2026-07-27T09:45:00Z,95.875,95.875,95.875,95.875,2101.0,95.875,63
2026-07-27T10:00:00Z,95.875,95.875,95.865,95.87,3414.0,95.866,82
2026-07-27T10:15:00Z,95.87,95.87,95.87,95.87,5186.0,95.87,109
2026-07-27T10:30:00Z,95.87,95.87,95.87,95.87,499.0,95.87,62
2026-07-27T10:45:00Z,95.87,95.87,95.865,95.865,1280.0,95.8675,51
2026-07-27T11:00:00Z,95.87,95.87,95.865,95.865,1604.0,95.865,32
2026-07-27T11:15:00Z,95.865,95.865,95.86,95.865,3519.0,95.8645,64
2026-07-27T11:30:00Z,95.865,95.87,95.865,95.87,4318.0,95.869,116
2026-07-27T11:45:00Z,95.87,95.87,95.865,95.87,2277.0,95.87,35
2026-07-27T12:00:00Z,95.865,95.875,95.86,95.86,5858.0,95.866,169
2026-07-27T12:15:00Z,95.865,95.865,95.86,95.865,4869.0,95.865,143
2026-07-27T12:30:00Z,95.865,95.865,95.855,95.855,6535.0,95.8625,133
2026-07-27T12:45:00Z,95.86,95.86,95.855,95.855,4312.0,95.859,41
2026-07-27T13:00:00Z,95.86,95.865,95.855,95.86,2167.0,95.859,57
2026-07-27T13:15:00Z,95.86,95.865,95.855,95.855,4736.0,95.859,130
2026-07-27T13:30:00Z,95.855,95.86,95.85,95.855,6235.0,95.855,102
2026-07-27T13:45:00Z,95.86,95.86,95.845,95.845,9306.0,95.8525,234
2026-07-27T14:00:00Z,95.845,95.86,95.84,95.855,12295.0,95.8515,301
2026-07-27T14:15:00Z,95.855,95.855,95.85,95.85,3789.0,95.855,99
2026-07-27T14:30:00Z,95.85,95.86,95.85,95.855,4337.0,95.8545,91
2026-07-27T14:45:00Z,95.855,95.86,95.85,95.855,2662.0,95.853,120
2026-07-27T15:00:00Z,95.85,95.855,95.85,95.855,3689.0,95.855,87
2026-07-27T15:15:00Z,95.85,95.86,95.85,95.855,6971.0,95.8555,177
2026-07-27T15:30:00Z,95.855,95.86,95.85,95.86,2346.0,95.855,113
2026-07-27T15:45:00Z,95.855,95.86,95.855,95.86,3848.0,95.86,81
2026-07-27T16:00:00Z,95.855,95.86,95.855,95.855,4836.0,95.8555,115
2026-07-27T16:15:00Z,95.855,95.88,95.855,95.87,67815.0,95.8675,505
2026-07-27T16:30:00Z,95.87,95.875,95.87,95.875,3225.0,95.87,62
2026-07-27T16:45:00Z,95.87,95.87,95.865,95.87,2406.0,95.867,46
2026-07-27T17:00:00Z,95.87,95.87,95.86,95.86,684.0,95.864,45
2026-07-27T17:15:00Z,95.865,95.865,95.855,95.86,6860.0,95.86,89
2026-07-27T17:30:00Z,95.86,95.86,95.855,95.855,1347.0,95.8595,69
2026-07-27T17:45:00Z,95.855,95.855,95.85,95.855,3093.0,95.855,102
2026-07-27T18:00:00Z,95.855,95.855,95.855,95.855,623.0,95.855,27
2026-07-27T18:15:00Z,95.855,95.86,95.855,95.855,57.0,95.8555,28
2026-07-27T18:30:00Z,95.855,95.86,95.855,95.86,13877.0,95.858,201
2026-07-27T18:45:00Z,95.86,95.86,95.855,95.855,767.0,95.859,134
2026-07-27T19:00:00Z,95.86,95.86,95.855,95.855,5551.0,95.855,121
2026-07-27T19:15:00Z,95.855,95.855,95.85,95.85,2653.0,95.851,38
2026-07-27T19:30:00Z,95.855,95.855,95.85,95.855,5177.0,95.855,132
2026-07-27T19:45:00Z,95.855,95.855,95.85,95.855,693.0,95.855,51
2026-07-27T20:00:00Z,95.855,95.86,95.85,95.86,1284.0,95.8555,94
2026-07-27T20:15:00Z,95.86,95.86,95.855,95.86,3017.0,95.855,111
2026-07-27T20:30:00Z,95.86,95.86,95.85,95.855,2586.0,95.855,40
2026-07-27T20:45:00Z,95.855,95.855,95.85,95.85,128.0,95.854,19
2026-07-27T22:00:00Z,95.85,95.855,95.85,95.855,587.0,95.855,35
2026-07-27T22:15:00Z,95.855,95.855,95.855,95.855,0.0,95.855,0
2026-07-27T22:30:00Z,95.855,95.855,95.855,95.855,0.0,95.855,0
2026-07-27T22:45:00Z,95.855,95.855,95.855,95.855,0.0,95.855,0
2026-07-27T23:00:00Z,95.86,95.86,95.86,95.86,2602.0,95.86,21
2026-07-27T23:15:00Z,95.86,95.86,95.86,95.86,294.0,95.86,5
2026-07-27T23:30:00Z,95.86,95.86,95.86,95.86,26.0,95.86,3
2026-07-27T23:45:00Z,95.86,95.86,95.86,95.86,143.0,95.86,11
2026-07-28T00:00:00Z,95.86,95.86,95.86,95.86,747.0,95.86,28
2026-07-28T00:15:00Z,95.86,95.865,95.86,95.865,574.0,95.865,29
2026-07-28T00:30:00Z,95.86,95.86,95.86,95.86,2.0,95.86,1
2026-07-28T00:45:00Z,95.86,95.86,95.86,95.86,1.0,95.86,1
2026-07-28T01:00:00Z,95.86,95.86,95.86,95.86,6.0,95.86,3
2026-07-28T01:15:00Z,95.865,95.865,95.865,95.865,258.0,95.865,16
2026-07-28T01:30:00Z,95.865,95.865,95.865,95.865,0.0,95.865,0
2026-07-28T01:45:00Z,95.86,95.86,95.86,95.86,2.0,95.86,1
2026-07-28T02:00:00Z,95.86,95.86,95.86,95.86,0.0,95.86,0
2026-07-28T02:15:00Z,95.86,95.865,95.86,95.86,182.0,95.8605,14
2026-07-28T02:30:00Z,95.86,95.865,95.86,95.865,302.0,95.8605,30
2026-07-28T02:45:00Z,95.865,95.87,95.865,95.865,1981.0,95.865,57
2026-07-28T03:00:00Z,95.865,95.87,95.865,95.87,637.0,95.865,23
2026-07-28T03:15:00Z,95.865,95.865,95.865,95.865,110.0,95.865,10
2026-07-28T03:30:00Z,95.865,95.87,95.865,95.87,33.0,95.8695,11
2026-07-28T03:45:00Z,95.865,95.865,95.865,95.865,4.0,95.865,2
2026-07-28T04:00:00Z,95.865,95.865,95.86,95.865,944.0,95.8645,24
2026-07-28T04:15:00Z,95.865,95.865,95.865,95.865,448.0,95.865,7
2026-07-28T04:30:00Z,95.865,95.865,95.865,95.865,29.0,95.865,3
2026-07-28T04:45:00Z,95.865,95.865,95.865,95.865,357.0,95.865,4
2026-07-28T05:00:00Z,95.865,95.87,95.865,95.865,360.0,95.8655,6
2026-07-28T05:15:00Z,95.87,95.87,95.87,95.87,114.0,95.87,2
2026-07-28T05:30:00Z,95.87,95.87,95.87,95.87,50.0,95.87,1
2026-07-28T05:45:00Z,95.865,95.865,95.865,95.865,150.0,95.865,2
2026-07-28T06:00:00Z,95.87,95.87,95.865,95.87,1961.0,95.87,28
2026-07-28T06:15:00Z,95.87,95.88,95.87,95.88,2544.0,95.874,126
2026-07-28T06:30:00Z,95.88,95.88,95.875,95.875,5415.0,95.8795,84
2026-07-28T06:45:00Z,95.875,95.875,95.87,95.875,2239.0,95.875,84
2026-07-28T07:00:00Z,95.875,95.875,95.875,95.875,752.0,95.875,34
2026-07-28T07:15:00Z,95.875,95.88,95.875,95.88,267.0,95.8765,14
2026-07-28T07:30:00Z,95.88,95.88,95.875,95.88,2342.0,95.877,86
2026-07-28T07:45:00Z,95.875,95.88,95.875,95.88,2253.0,95.8765,61
2026-07-28T08:00:00Z,95.88,95.885,95.88,95.88,2838.0,95.88,66
2026-07-28T08:15:00Z,95.88,95.88,95.88,95.88,471.0,95.88,20
2026-07-28T08:30:00Z,95.88,95.88,95.875,95.875,3328.0,95.875,147
2026-07-28T08:45:00Z,95.875,95.88,95.875,95.88,223.0,95.8765,75
2026-07-28T09:00:00Z,95.88,95.88,95.875,95.875,1539.0,95.88,39
2026-07-28T09:15:00Z,95.88,95.88,95.875,95.88,2809.0,95.88,117
2026-07-28T09:30:00Z,95.88,95.88,95.88,95.88,303.0,95.88,17
2026-07-28T09:45:00Z,95.88,95.88,95.875,95.875,1650.0,95.8755,15
2026-07-28T10:00:00Z,95.875,95.875,95.87,95.87,343.0,95.8735,20
2026-07-28T10:15:00Z,95.87,95.875,95.87,95.87,2586.0,95.87,126
2026-07-28T10:30:00Z,95.87,95.87,95.87,95.87,0.0,95.87,0
2026-07-28T10:45:00Z,95.87,95.875,95.87,95.87,2903.0,95.87,43
2026-07-28T11:00:00Z,95.87,95.87,95.87,95.87,35.0,95.87,5
2026-07-28T11:15:00Z,95.87,95.875,95.87,95.87,1682.0,95.87,31
2026-07-28T11:30:00Z,95.865,95.87,95.865,95.865,230.0,95.8655,8
2026-07-28T11:45:00Z,95.87,95.87,95.865,95.865,4785.0,95.865,80
2026-07-28T12:00:00Z,95.865,95.875,95.865,95.875,5422.0,95.871,84
2026-07-28T12:15:00Z,95.875,95.875,95.87,95.875,6175.0,95.875,145
2026-07-28T12:30:00Z,95.875,95.885,95.875,95.88,7685.0,95.879,137
2026-07-28T12:45:00Z,95.885,95.885,95.88,95.88,8900.0,95.883,117
2026-07-28T13:00:00Z,95.88,95.885,95.88,95.88,5821.0,95.88,163
2026-07-28T13:15:00Z,95.88,95.885,95.875,95.88,3387.0,95.88,90
2026-07-28T13:30:00Z,95.88,95.88,95.87,95.88,7647.0,95.875,150
2026-07-28T13:45:00Z,95.88,95.895,95.88,95.89,12546.0,95.884,328
2026-07-28T14:00:00Z,95.89,95.89,95.885,95.89,803.0,95.888,103
2026-07-28T14:15:00Z,95.885,95.895,95.88,95.885,8206.0,95.8885,224
2026-07-28T14:30:00Z,95.89,95.895,95.885,95.89,4829.0,95.89,175
2026-07-28T14:45:00Z,95.885,95.89,95.88,95.885,3504.0,95.8845,113
2026-07-28T15:00:00Z,95.885,95.9,95.88,95.895,17168.0,95.8905,387
2026-07-28T15:15:00Z,95.9,95.91,95.895,95.905,13867.0,95.903,300
2026-07-28T15:30:00Z,95.91,95.91,95.9,95.905,6015.0,95.905,77
2026-07-28T15:45:00Z,95.905,95.91,95.905,95.91,9865.0,95.91,271
2026-07-28T16:00:00Z,95.91,95.915,95.905,95.915,5134.0,95.91,59
2026-07-28T16:15:00Z,95.915,95.915,95.91,95.91,1117.0,95.9135,54
2026-07-28T16:30:00Z,95.91,95.91,95.905,95.905,5727.0,95.91,91
2026-07-28T16:45:00Z,95.905,95.905,95.9,95.9,3783.0,95.905,72
2026-07-28T17:00:00Z,95.9,95.91,95.9,95.9,2466.0,95.903,53
2026-07-28T17:15:00Z,95.9,95.905,95.9,95.905,7945.0,95.903,155
2026-07-28T17:30:00Z,95.905,95.905,95.895,95.9,1589.0,95.9,73
2026-07-28T17:45:00Z,95.9,95.9,95.895,95.895,694.0,95.8975,58
2026-07-28T18:00:00Z,95.9,95.905,95.9,95.9,4208.0,95.9,85
2026-07-28T18:15:00Z,95.9,95.905,95.895,95.895,1673.0,95.897,82
2026-07-28T18:30:00Z,95.895,95.9,95.895,95.9,584.0,95.8955,38
2026-07-28T18:45:00Z,95.895,95.9,95.895,95.895,1429.0,95.8965,158
2026-07-28T19:00:00Z,95.9,95.9,95.895,95.9,479.0,95.8985,51
2026-07-28T19:15:00Z,95.9,95.905,95.9,95.9,5790.0,95.9,49
2026-07-28T19:30:00Z,95.9,95.9,95.89,95.895,12658.0,95.895,202
2026-07-28T19:45:00Z,95.895,95.9,95.89,95.895,3079.0,95.895,170
2026-07-28T20:00:00Z,95.895,95.895,95.89,95.895,648.0,95.895,49
2026-07-28T20:15:00Z,95.895,95.895,95.89,95.895,234.0,95.8925,12
2026-07-28T20:30:00Z,95.895,95.895,95.885,95.885,3102.0,95.8905,39
2026-07-28T20:45:00Z,95.885,95.89,95.885,95.89,154.0,95.8865,3
2026-07-28T22:00:00Z,95.88,95.885,95.875,95.885,1052.0,95.881,47
2026-07-28T22:15:00Z,95.885,95.885,95.875,95.875,576.0,95.878,34
2026-07-28T22:30:00Z,95.875,95.875,95.875,95.875,1588.0,95.875,17
2026-07-28T22:45:00Z,95.875,95.875,95.875,95.875,50.0,95.875,2
2026-07-28T23:00:00Z,95.875,95.875,95.87,95.87,2612.0,95.875,38
2026-07-28T23:15:00Z,95.87,95.87,95.87,95.87,661.0,95.87,17
2026-07-28T23:30:00Z,95.875,95.875,95.875,95.875,87.0,95.875,2
2026-07-28T23:45:00Z,95.875,95.875,95.875,95.875,340.0,95.875,6
2026-07-29T00:00:00Z,95.875,95.875,95.875,95.875,590.0,95.875,10
2026-07-29T00:15:00Z,95.88,95.88,95.875,95.875,946.0,95.88,12
2026-07-29T00:30:00Z,95.875,95.875,95.87,95.87,1347.0,95.872,19
2026-07-29T00:45:00Z,95.875,95.875,95.875,95.875,20.0,95.875,2
2026-07-29T01:00:00Z,95.875,95.88,95.875,95.875,336.0,95.875,15
2026-07-29T01:15:00Z,95.875,95.875,95.875,95.875,389.0,95.875,16
2026-07-29T01:30:00Z,95.88,95.88,95.875,95.875,32.0,95.8765,5
2026-07-29T01:45:00Z,95.875,95.875,95.87,95.875,608.0,95.875,17
2026-07-29T02:00:00Z,95.875,95.875,95.875,95.875,566.0,95.875,6
2026-07-29T02:15:00Z,95.875,95.875,95.875,95.875,271.0,95.875,7
2026-07-29T02:30:00Z,95.875,95.875,95.875,95.875,0.0,95.875,0
2026-07-29T02:45:00Z,95.875,95.875,95.875,95.875,11.0,95.875,1
2026-07-29T03:00:00Z,95.88,95.88,95.88,95.88,704.0,95.88,9
2026-07-29T03:15:00Z,95.88,95.88,95.875,95.88,134.0,95.879,4
2026-07-29T03:30:00Z,95.88,95.88,95.88,95.88,455.0,95.88,7
2026-07-29T03:45:00Z,95.88,95.88,95.88,95.88,627.0,95.88,10
2026-07-29T04:00:00Z,95.88,95.88,95.88,95.88,344.0,95.88,16
2026-07-29T04:15:00Z,95.88,95.88,95.88,95.88,256.0,95.88,8
2026-07-29T04:30:00Z,95.88,95.89,95.88,95.89,362.0,95.885,14
2026-07-29T04:45:00Z,95.89,95.89,95.885,95.885,387.0,95.8865,10
2026-07-29T05:00:00Z,95.885,95.885,95.88,95.885,181.0,95.885,20
2026-07-29T05:15:00Z,95.885,95.885,95.885,95.885,413.0,95.885,14
2026-07-29T05:30:00Z,95.885,95.885,95.885,95.885,777.0,95.885,32
2026-07-29T05:45:00Z,95.885,95.885,95.885,95.885,53.0,95.885,3
2026-07-29T06:00:00Z,95.885,95.89,95.885,95.885,753.0,95.885,17
2026-07-29T06:15:00Z,95.885,95.885,95.88,95.88,1774.0,95.883,32
2026-07-29T06:30:00Z,95.88,95.885,95.88,95.885,624.0,95.882,4
2026-07-29T06:45:00Z,95.88,95.88,95.88,95.88,2779.0,95.88,43
2026-07-29T07:00:00Z,95.88,95.885,95.88,95.885,30.0,95.882,5
2026-07-29T07:15:00Z,95.885,95.885,95.88,95.88,2340.0,95.88,55
2026-07-29T07:30:00Z,95.88,95.885,95.88,95.885,2066.0,95.8805,32
2026-07-29T07:45:00Z,95.885,95.885,95.88,95.885,2750.0,95.8805,48
2026-07-29T08:00:00Z,95.88,95.88,95.87,95.875,1590.0,95.8755,26
2026-07-29T08:15:00Z,95.88,95.88,95.875,95.875,419.0,95.876,7
2026-07-29T08:30:00Z,95.875,95.88,95.875,95.875,2504.0,95.875,47
2026-07-29T08:45:00Z,95.875,95.88,95.875,95.875,1747.0,95.8755,31
2026-07-29T09:00:00Z,95.88,95.88,95.875,95.88,176.0,95.878,9
2026-07-29T09:15:00Z,95.875,95.875,95.875,95.875,2557.0,95.875,21
2026-07-29T09:30:00Z,95.875,95.875,95.87,95.87,2168.0,95.871,19
2026-07-29T09:45:00Z,95.875,95.875,95.87,95.87,4280.0,95.87,65
2026-07-29T10:00:00Z,95.87,95.87,95.865,95.865,2747.0,95.8675,67
2026-07-29T10:15:00Z,95.865,95.865,95.86,95.86,2736.0,95.862,89
2026-07-29T10:30:00Z,95.86,95.86,95.85,95.855,3964.0,95.8565,88
2026-07-29T10:45:00Z,95.855,95.86,95.855,95.855,3941.0,95.8555,68
2026-07-29T11:00:00Z,95.86,95.86,95.855,95.86,9122.0,95.8565,42
2026-07-29T11:15:00Z,95.855,95.865,95.855,95.865,3966.0,95.8605,82
2026-07-29T11:30:00Z,95.865,95.865,95.86,95.865,287.0,95.862,7
2026-07-29T11:45:00Z,95.86,95.87,95.86,95.87,3672.0,95.865,73
2026-07-29T12:00:00Z,95.865,95.87,95.86,95.865,7788.0,95.8645,108
2026-07-29T12:15:00Z,95.865,95.865,95.855,95.855,15888.0,95.8575,295
2026-07-29T12:30:00Z,95.86,95.865,95.855,95.865,4134.0,95.8635,111
2026-07-29T12:45:00Z,95.865,95.865,95.86,95.865,4023.0,95.86,79
2026-07-29T13:00:00Z,95.865,95.865,95.86,95.865,4573.0,95.86,88
2026-07-29T13:15:00Z,95.865,95.87,95.86,95.865,4859.0,95.864,124
2026-07-29T13:30:00Z,95.865,95.87,95.86,95.865,6621.0,95.865,82
2026-07-29T13:45:00Z,95.865,95.875,95.865,95.87,24209.0,95.868,258
2026-07-29T14:00:00Z,95.87,95.87,95.86,95.865,9310.0,95.867,234
2026-07-29T14:15:00Z,95.865,95.87,95.865,95.865,4292.0,95.865,125
2026-07-29T14:30:00Z,95.865,95.87,95.85,95.855,12019.0,95.8615,377
2026-07-29T14:45:00Z,95.85,95.855,95.845,95.845,19273.0,95.85,443
2026-07-29T15:00:00Z,95.85,95.855,95.845,95.855,8676.0,95.851,326
2026-07-29T15:15:00Z,95.855,95.855,95.845,95.85,8006.0,95.85,311
2026-07-29T15:30:00Z,95.85,95.855,95.845,95.845,7432.0,95.8465,137
2026-07-29T15:45:00Z,95.845,95.85,95.84,95.84,3765.0,95.844,63
2026-07-29T16:00:00Z,95.845,95.845,95.835,95.84,14850.0,95.8405,227
2026-07-29T16:15:00Z,95.84,95.845,95.835,95.845,3727.0,95.8395,208
2026-07-29T16:30:00Z,95.84,95.84,95.835,95.835,16646.0,95.8355,227
2026-07-29T16:45:00Z,95.835,95.84,95.835,95.835,9720.0,95.835,150
2026-07-29T17:00:00Z,95.835,95.845,95.83,95.845,12029.0,95.8385,264
2026-07-29T17:15:00Z,95.84,95.85,95.84,95.845,12258.0,95.845,420
2026-07-29T17:30:00Z,95.845,95.86,95.835,95.86,19860.0,95.846,492
2026-07-29T17:45:00Z,95.86,95.86,95.85,95.855,10938.0,95.855,354
2026-07-29T18:00:00Z,95.85,95.94,95.78,95.94,66007.0,95.919,1521
2026-07-29T18:15:00Z,95.935,95.94,95.92,95.93,37316.0,95.9315,684
2026-07-29T18:30:00Z,95.935,95.95,95.9,95.945,52432.0,95.924,1365
2026-07-29T18:45:00Z,95.945,95.97,95.945,95.97,63197.0,95.957,1455
2026-07-29T19:00:00Z,95.97,95.975,95.96,95.97,47883.0,95.969,1371
2026-07-29T19:15:00Z,95.97,95.99,95.965,95.97,37706.0,95.976,765
2026-07-29T19:30:00Z,95.965,95.985,95.96,95.975,23847.0,95.9735,540
2026-07-29T19:45:00Z,95.975,95.99,95.97,95.975,11631.0,95.9785,337
2026-07-29T20:00:00Z,95.975,95.975,95.965,95.965,9945.0,95.971,187
2026-07-29T20:15:00Z,95.965,95.965,95.95,95.96,27035.0,95.958,447
2026-07-29T20:30:00Z,95.96,95.97,95.955,95.96,13802.0,95.9625,408
2026-07-29T20:45:00Z,95.96,95.96,95.95,95.955,6891.0,95.956,265
2026-07-29T22:00:00Z,95.955,95.96,95.955,95.955,3007.0,95.955,157
2026-07-29T22:15:00Z,95.955,95.955,95.95,95.95,203.0,95.9535,11
2026-07-29T22:30:00Z,95.95,95.95,95.95,95.95,2.0,95.95,1
2026-07-29T22:45:00Z,95.955,95.955,95.955,95.955,4498.0,95.955,9
2026-07-29T23:00:00Z,95.955,95.96,95.95,95.95,1309.0,95.955,19
2026-07-29T23:15:00Z,95.95,95.95,95.95,95.95,1908.0,95.95,21
2026-07-29T23:30:00Z,95.95,95.955,95.945,95.95,2348.0,95.95,32
2026-07-29T23:45:00Z,95.95,95.955,95.95,95.95,820.0,95.95,12
2026-07-30T00:00:00Z,95.95,95.95,95.945,95.95,976.0,95.95,20
2026-07-30T00:15:00Z,95.95,95.95,95.945,95.945,1880.0,95.948,54
2026-07-30T00:30:00Z,95.945,95.945,95.94,95.94,1739.0,95.941,58
2026-07-30T00:45:00Z,95.94,95.945,95.935,95.935,1070.0,95.9405,19
2026-07-30T01:00:00Z,95.94,95.94,95.935,95.94,504.0,95.94,9
2026-07-30T01:15:00Z,95.945,95.945,95.94,95.94,2405.0,95.944,22
2026-07-30T01:30:00Z,95.945,95.945,95.945,95.945,954.0,95.945,14
2026-07-30T01:45:00Z,95.945,95.945,95.94,95.945,116.0,95.9405,4
2026-07-30T02:00:00Z,95.945,95.945,95.945,95.945,1533.0,95.945,56
2026-07-30T02:15:00Z,95.945,95.945,95.94,95.94,1132.0,95.94,43
2026-07-30T02:30:00Z,95.94,95.945,95.935,95.94,2358.0,95.94,19
2026-07-30T02:45:00Z,95.94,95.94,95.94,95.94,24.0,95.94,1
2026-07-30T03:00:00Z,95.94,95.94,95.94,95.94,0.0,95.94,0
2026-07-30T03:15:00Z,95.94,95.94,95.94,95.94,14.0,95.94,2
2026-07-30T03:30:00Z,95.935,95.94,95.935,95.94,2262.0,95.939,11
2026-07-30T03:45:00Z,95.935,95.94,95.935,95.94,157.0,95.94,5
2026-07-30T04:00:00Z,95.94,95.94,95.94,95.94,10.0,95.94,1
2026-07-30T04:15:00Z,95.935,95.935,95.935,95.935,16.0,95.935,1
2026-07-30T04:30:00Z,95.935,95.935,95.935,95.935,1726.0,95.935,10
2026-07-30T04:45:00Z,95.93,95.935,95.93,95.93,2858.0,95.93,103
2026-07-30T05:00:00Z,95.93,95.93,95.93,95.93,413.0,95.93,4
2026-07-30T05:15:00Z,95.93,95.93,95.93,95.93,293.0,95.93,7
2026-07-30T05:30:00Z,95.935,95.935,95.935,95.935,2129.0,95.935,18
2026-07-30T05:45:00Z,95.935,95.935,95.93,95.93,1086.0,95.933,35
2026-07-30T06:00:00Z,95.93,95.93,95.92,95.92,2252.0,95.9245,30
2026-07-30T06:15:00Z,95.92,95.93,95.92,95.93,2717.0,95.9225,62
2026-07-30T06:30:00Z,95.93,95.93,95.925,95.925,4352.0,95.9295,56
2026-07-30T06:45:00Z,95.93,95.93,95.93,95.93,3113.0,95.93,87
2026-07-30T07:00:00Z,95.93,95.95,95.93,95.945,6879.0,95.9425,110
2026-07-30T07:15:00Z,95.945,95.945,95.94,95.94,2983.0,95.944,38
2026-07-30T07:30:00Z,95.94,95.94,95.93,95.935,2189.0,95.935,75
2026-07-30T07:45:00Z,95.935,95.935,95.93,95.935,3871.0,95.935,158
2026-07-30T08:00:00Z,95.935,95.94,95.935,95.94,2279.0,95.938,75
2026-07-30T08:15:00Z,95.94,95.94,95.94,95.94,6124.0,95.94,59
2026-07-30T08:30:00Z,95.94,95.945,95.94,95.94,10604.0,95.94,301
2026-07-30T08:45:00Z,95.94,95.94,95.935,95.94,793.0,95.94,24
2026-07-30T09:00:00Z,95.94,95.945,95.94,95.945,2560.0,95.941,157
2026-07-30T09:15:00Z,95.945,95.95,95.945,95.945,2542.0,95.9455,119
2026-07-30T09:30:00Z,95.945,95.945,95.945,95.945,1564.0,95.945,77
2026-07-30T09:45:00Z,95.95,95.95,95.945,95.945,1788.0,95.949,35
2026-07-30T10:00:00Z,95.945,95.95,95.945,95.945,1518.0,95.945,78
2026-07-30T10:15:00Z,95.945,95.95,95.945,95.95,2615.0,95.95,39
2026-07-30T10:30:00Z,95.95,95.955,95.945,95.95,6684.0,95.95,83
2026-07-30T10:45:00Z,95.95,95.95,95.95,95.95,3846.0,95.95,78
2026-07-30T11:00:00Z,95.95,95.955,95.945,95.955,2682.0,95.951,52
2026-07-30T11:15:00Z,95.955,95.955,95.955,95.955,3724.0,95.955,112
2026-07-30T11:30:00Z,95.955,95.955,95.95,95.95,7128.0,95.955,197
2026-07-30T11:45:00Z,95.955,95.965,95.955,95.965,7250.0,95.9575,80
2026-07-30T12:00:00Z,95.965,95.975,95.96,95.97,10221.0,95.9645,412
2026-07-30T12:15:00Z,95.97,95.97,95.96,95.965,8639.0,95.965,215
2026-07-30T12:30:00Z,95.96,95.97,95.96,95.97,18983.0,95.962,480
2026-07-30T12:45:00Z,95.965,95.97,95.96,95.965,7037.0,95.965,164
2026-07-30T13:00:00Z,95.965,95.98,95.965,95.98,17022.0,95.972,197
2026-07-30T13:15:00Z,95.975,95.985,95.97,95.985,18034.0,95.9795,412
2026-07-30T13:30:00Z,95.985,95.995,95.985,95.985,34580.0,95.989,583
2026-07-30T13:45:00Z,95.985,95.985,95.98,95.985,31517.0,95.98,336
2026-07-30T14:00:00Z,95.98,95.985,95.975,95.98,17413.0,95.98,494
2026-07-30T14:15:00Z,95.98,95.99,95.98,95.985,6527.0,95.9825,215
2026-07-30T14:30:00Z,95.98,95.985,95.975,95.975,7761.0,95.9795,350
2026-07-30T14:45:00Z,95.98,95.98,95.965,95.97,6988.0,95.973,248
2026-07-30T15:00:00Z,95.975,95.975,95.96,95.96,6749.0,95.965,150
2026-07-30T15:15:00Z,95.96,95.97,95.96,95.965,6496.0,95.965,102
2026-07-30T15:30:00Z,95.97,95.975,95.965,95.975,2335.0,95.9715,187
2026-07-30T15:45:00Z,95.975,95.985,95.97,95.985,5044.0,95.977,157
2026-07-30T16:00:00Z,95.985,95.985,95.975,95.98,2389.0,95.98,143
2026-07-30T16:15:00Z,95.98,95.985,95.975,95.985,3223.0,95.9805,149
2026-07-30T16:30:00Z,95.98,95.985,95.975,95.975,7657.0,95.9785,104
2026-07-30T16:45:00Z,95.975,95.98,95.975,95.98,2738.0,95.98,72
2026-07-30T17:00:00Z,95.98,95.98,95.975,95.975,2357.0,95.9765,52
2026-07-30T17:15:00Z,95.975,95.975,95.97,95.975,3760.0,95.975,108
2026-07-30T17:30:00Z,95.975,95.975,95.965,95.97,4188.0,95.9715,153
2026-07-30T17:45:00Z,95.965,95.975,95.965,95.97,5528.0,95.9705,59
2026-07-30T18:00:00Z,95.97,95.975,95.97,95.97,1914.0,95.97,56
2026-07-30T18:15:00Z,95.97,95.97,95.97,95.97,11685.0,95.97,152
2026-07-30T18:30:00Z,95.97,95.975,95.97,95.97,975.0,95.971,29
2026-07-30T18:45:00Z,95.975,95.975,95.97,95.975,1044.0,95.974,60
2026-07-30T19:00:00Z,95.97,95.975,95.96,95.965,6865.0,95.967,104
2026-07-30T19:15:00Z,95.965,95.965,95.96,95.965,1748.0,95.964,41
2026-07-30T19:30:00Z,95.96,95.97,95.96,95.97,2976.0,95.965,100
2026-07-30T19:45:00Z,95.97,95.97,95.96,95.97,4343.0,95.9675,100
2026-07-30T20:00:00Z,95.965,95.97,95.96,95.96,5247.0,95.962,131
2026-07-30T20:15:00Z,95.96,95.965,95.96,95.96,2560.0,95.96,76
2026-07-30T20:30:00Z,95.955,95.965,95.955,95.96,1929.0,95.96,59
2026-07-30T20:45:00Z,95.96,95.965,95.96,95.96,2505.0,95.96,79
2026-07-30T22:00:00Z,95.96,95.96,95.955,95.955,107.0,95.9555,2
2026-07-30T22:15:00Z,95.955,95.955,95.955,95.955,0.0,95.955,0
2026-07-30T22:30:00Z,95.955,95.955,95.955,95.955,3.0,95.955,1
2026-07-30T22:45:00Z,95.955,95.955,95.955,95.955,0.0,95.955,0
2026-07-30T23:00:00Z,95.955,95.955,95.955,95.955,0.0,95.955,0
2026-07-30T23:15:00Z,95.955,95.96,95.955,95.96,7.0,95.9555,2
2026-07-30T23:30:00Z,95.955,95.96,95.955,95.96,954.0,95.96,11
2026-07-30T23:45:00Z,95.96,95.96,95.96,95.96,151.0,95.96,10
2026-07-31T00:00:00Z,95.955,95.955,95.955,95.955,981.0,95.955,29
2026-07-31T00:15:00Z,95.96,95.96,95.96,95.96,1666.0,95.96,22
2026-07-31T00:30:00Z,95.96,95.96,95.96,95.96,259.0,95.96,11
2026-07-31T00:45:00Z,95.965,95.965,95.965,95.965,428.0,95.965,5
2026-07-31T01:00:00Z,95.965,95.97,95.965,95.965,1195.0,95.965,39
2026-07-31T01:15:00Z,95.965,95.965,95.965,95.965,474.0,95.965,9
2026-07-31T01:30:00Z,95.965,95.965,95.965,95.965,298.0,95.965,9
2026-07-31T01:45:00Z,95.965,95.965,95.965,95.965,225.0,95.965,7
2026-07-31T02:00:00Z,95.97,95.975,95.97,95.975,1157.0,95.9715,15
2026-07-31T02:15:00Z,95.975,95.975,95.97,95.97,396.0,95.97,15
2026-07-31T02:30:00Z,95.97,95.97,95.97,95.97,690.0,95.97,11
2026-07-31T02:45:00Z,95.97,95.97,95.97,95.97,95.0,95.97,4
2026-07-31T03:00:00Z,95.97,95.97,95.965,95.965,280.0,95.97,7
2026-07-31T03:15:00Z,95.965,95.965,95.965,95.965,275.0,95.965,2
2026-07-31T03:30:00Z,95.965,95.965,95.965,95.965,1649.0,95.965,11
2026-07-31T03:45:00Z,95.965,95.965,95.965,95.965,100.0,95.965,2
2026-07-31T04:00:00Z,95.965,95.965,95.965,95.965,0.0,95.965,0
2026-07-31T04:15:00Z,95.965,95.965,95.965,95.965,2.0,95.965,1
2026-07-31T04:30:00Z,95.965,95.965,95.965,95.965,0.0,95.965,0
2026-07-31T04:45:00Z,95.965,95.965,95.965,95.965,0.0,95.965,0
2026-07-31T05:00:00Z,95.965,95.965,95.965,95.965,0.0,95.965,0
2026-07-31T05:15:00Z,95.965,95.965,95.965,95.965,7.0,95.965,7
2026-07-31T05:30:00Z,95.965,95.965,95.965,95.965,1.0,95.965,1
2026-07-31T05:45:00Z,95.965,95.97,95.965,95.97,36.0,95.966,4
2026-07-31T06:00:00Z,95.97,95.97,95.97,95.97,1744.0,95.97,29
2026-07-31T06:15:00Z,95.97,95.97,95.97,95.97,273.0,95.97,6
2026-07-31T06:30:00Z,95.965,95.97,95.96,95.965,3892.0,95.965,46
2026-07-31T06:45:00Z,95.965,95.965,95.96,95.965,1617.0,95.9645,40
2026-07-31T07:00:00Z,95.965,95.965,95.96,95.965,283.0,95.965,6
2026-07-31T07:15:00Z,95.96,95.965,95.96,95.96,77.0,95.964,6
2026-07-31T07:30:00Z,95.96,95.96,95.955,95.96,3185.0,95.96,54
2026-07-31T07:45:00Z,95.96,95.96,95.955,95.96,3770.0,95.96,70
2026-07-31T08:00:00Z,95.96,95.96,95.955,95.955,79.0,95.9595,4
2026-07-31T08:15:00Z,95.96,95.96,95.96,95.96,2329.0,95.96,76
2026-07-31T08:30:00Z,95.96,95.96,95.96,95.96,2129.0,95.96,59
2026-07-31T08:45:00Z,95.96,95.965,95.96,95.965,2459.0,95.965,117
2026-07-31T09:00:00Z,95.965,95.965,95.965,95.965,1545.0,95.965,70
2026-07-31T09:15:00Z,95.965,95.965,95.96,95.96,1777.0,95.9605,46
2026-07-31T09:30:00Z,95.96,95.96,95.95,95.955,3097.0,95.9555,75
2026-07-31T09:45:00Z,95.955,95.955,95.955,95.955,4732.0,95.955,74
2026-07-31T10:00:00Z,95.955,95.96,95.955,95.955,1282.0,95.9555,14
2026-07-31T10:15:00Z,95.955,95.955,95.95,95.95,2455.0,95.9505,27
2026-07-31T10:30:00Z,95.95,95.95,95.95,95.95,4165.0,95.95,47
2026-07-31T10:45:00Z,95.95,95.95,95.95,95.95,70.0,95.95,3
2026-07-31T11:00:00Z,95.95,95.95,95.95,95.95,3759.0,95.95,45
2026-07-31T11:15:00Z,95.955,95.955,95.945,95.95,6153.0,95.95,145
2026-07-31T11:30:00Z,95.95,95.955,95.945,95.955,2177.0,95.9495,62
2026-07-31T11:45:00Z,95.95,95.95,95.945,95.95,2057.0,95.9485,29
2026-07-31T12:00:00Z,95.95,95.955,95.945,95.95,3898.0,95.948,72
2026-07-31T12:15:00Z,95.945,95.945,95.935,95.935,9318.0,95.9415,222
2026-07-31T12:30:00Z,95.935,95.94,95.93,95.935,10775.0,95.935,198
2026-07-31T12:45:00Z,95.93,95.935,95.925,95.925,13918.0,95.9315,395
2026-07-31T13:00:00Z,95.925,95.935,95.925,95.925,10820.0,95.9295,204
2026-07-31T13:15:00Z,95.925,95.935,95.92,95.93,10483.0,95.927,232
2026-07-31T13:30:00Z,95.93,95.93,95.915,95.925,13734.0,95.924,489
2026-07-31T13:45:00Z,95.925,95.93,95.92,95.925,5730.0,95.925,172
2026-07-31T14:00:00Z,95.92,95.93,95.92,95.93,7471.0,95.926,271
2026-07-31T14:15:00Z,95.93,95.935,95.925,95.93,9788.0,95.93,179
2026-07-31T14:30:00Z,95.93,95.93,95.92,95.93,23558.0,95.925,222
2026-07-31T14:45:00Z,95.925,95.93,95.92,95.925,3749.0,95.9245,121
2026-07-31T15:00:00Z,95.925,95.93,95.92,95.93,8697.0,95.9245,98
2026-07-31T15:15:00Z,95.925,95.93,95.92,95.925,7194.0,95.925,242
2026-07-31T15:30:00Z,95.925,95.925,95.91,95.915,35618.0,95.919,211
2026-07-31T15:45:00Z,95.915,95.92,95.915,95.915,427.0,95.918,43
2026-07-31T16:00:00Z,95.92,95.92,95.915,95.92,6306.0,95.92,95
2026-07-31T16:15:00Z,95.92,95.92,95.91,95.915,3018.0,95.9155,109
2026-07-31T16:30:00Z,95.915,95.92,95.91,95.92,1059.0,95.9155,53
2026-07-31T16:45:00Z,95.915,95.925,95.915,95.92,3113.0,95.92,88
2026-07-31T17:00:00Z,95.92,95.925,95.92,95.925,372.0,95.9235,43
2026-07-31T17:15:00Z,95.92,95.925,95.92,95.925,5539.0,95.9245,77
2026-07-31T17:30:00Z,95.92,95.925,95.92,95.92,5749.0,95.925,58
2026-07-31T17:45:00Z,95.925,95.93,95.92,95.93,5513.0,95.925,127
2026-07-31T18:00:00Z,95.93,95.93,95.92,95.925,2829.0,95.9245,151
2026-07-31T18:15:00Z,95.92,95.925,95.92,95.925,9492.0,95.92,101
2026-07-31T18:30:00Z,95.925,95.93,95.92,95.925,2743.0,95.925,114
2026-07-31T18:45:00Z,95.925,95.93,95.92,95.92,2234.0,95.9245,216
2026-07-31T19:00:00Z,95.92,95.925,95.92,95.925,4921.0,95.9245,92
2026-07-31T19:15:00Z,95.92,95.93,95.92,95.93,2380.0,95.927,79
2026-07-31T19:30:00Z,95.925,95.94,95.925,95.94,7659.0,95.932,129
2026-07-31T19:45:00Z,95.935,95.94,95.935,95.94,3707.0,95.9385,121
2026-07-31T20:00:00Z,95.94,95.94,95.925,95.93,9788.0,95.9345,272
2026-07-31T20:15:00Z,95.93,95.94,95.93,95.935,9746.0,95.935,282
2026-07-31T20:30:00Z,95.935,95.945,95.93,95.94,19896.0,95.9405,404
2026-07-31T20:45:00Z,95.94,95.94,95.915,95.915,19127.0,95.9305,450
2026-08-02T22:00:00Z,95.97,95.97,95.945,95.955,10078.0,95.9545,179
2026-08-02T22:15:00Z,95.955,95.96,95.955,95.96,4814.0,95.9575,80
2026-08-02T22:30:00Z,95.955,95.955,95.955,95.955,143.0,95.955,12
2026-08-02T22:45:00Z,95.95,95.955,95.945,95.945,531.0,95.951,12
2026-08-02T23:00:00Z,95.95,95.95,95.95,95.95,980.0,95.95,15
2026-08-02T23:15:00Z,95.95,95.95,95.95,95.95,0.0,95.95,0
2026-08-02T23:30:00Z,95.955,95.955,95.95,95.95,671.0,95.954,23
2026-08-02T23:45:00Z,95.95,95.95,95.95,95.95,596.0,95.95,31
2026-08-03T00:00:00Z,95.95,95.955,95.95,95.955,162.0,95.951,8
2026-08-03T00:15:00Z,95.955,95.955,95.955,95.955,1213.0,95.955,57
2026-08-03T00:30:00Z,95.955,95.955,95.955,95.955,1174.0,95.955,24
2026-08-03T00:45:00Z,95.955,95.955,95.95,95.95,417.0,95.951,32
2026-08-03T01:00:00Z,95.95,95.955,95.95,95.95,670.0,95.95,38
2026-08-03T01:15:00Z,95.95,95.95,95.95,95.95,205.0,95.95,6
2026-08-03T01:30:00Z,95.95,95.95,95.95,95.95,482.0,95.95,9
2026-08-03T01:45:00Z,95.95,95.95,95.95,95.95,568.0,95.95,19
2026-08-03T02:00:00Z,95.95,95.95,95.95,95.95,319.0,95.95,16
2026-08-03T02:15:00Z,95.95,95.955,95.95,95.95,546.0,95.9505,11
2026-08-03T02:30:00Z,95.95,95.95,95.95,95.95,0.0,95.95,0
2026-08-03T02:45:00Z,95.955,95.955,95.955,95.955,37.0,95.955,1
2026-08-03T03:00:00Z,95.955,95.955,95.955,95.955,0.0,95.955,0
2026-08-03T03:15:00Z,95.95,95.955,95.95,95.955,19.0,95.9525,2
2026-08-03T03:30:00Z,95.95,95.95,95.95,95.95,164.0,95.95,10
2026-08-03T03:45:00Z,95.945,95.945,95.945,95.945,30.0,95.945,1
2026-08-03T04:00:00Z,95.945,95.945,95.945,95.945,3.0,95.945,1
2026-08-03T04:15:00Z,95.945,95.945,95.945,95.945,478.0,95.945,44
2026-08-03T04:30:00Z,95.945,95.945,95.945,95.945,0.0,95.945,0
2026-08-03T04:45:00Z,95.95,95.95,95.95,95.95,150.0,95.95,6
2026-08-03T05:00:00Z,95.95,95.95,95.95,95.95,1470.0,95.95,62
2026-08-03T05:15:00Z,95.95,95.95,95.95,95.95,12.0,95.95,1
2026-08-03T05:30:00Z,95.955,95.955,95.955,95.955,90.0,95.955,8
2026-08-03T05:45:00Z,95.955,95.955,95.955,95.955,38.0,95.955,7
2026-08-03T06:00:00Z,95.955,95.955,95.95,95.95,6226.0,95.955,44
2026-08-03T06:15:00Z,95.95,95.95,95.945,95.95,1769.0,95.95,27
2026-08-03T06:30:00Z,95.95,95.955,95.95,95.955,140.0,95.95,16
2026-08-03T06:45:00Z,95.955,95.955,95.95,95.95,2196.0,95.952,45
2026-08-03T07:00:00Z,95.95,95.95,95.95,95.95,2255.0,95.95,77
2026-08-03T07:15:00Z,95.95,95.95,95.94,95.945,4514.0,95.9435,115
2026-08-03T07:30:00Z,95.945,95.945,95.945,95.945,2106.0,95.945,68
2026-08-03T07:45:00Z,95.945,95.945,95.94,95.945,1224.0,95.945,55
2026-08-03T08:00:00Z,95.95,95.95,95.945,95.95,1685.0,95.947,35
2026-08-03T08:15:00Z,95.95,95.95,95.945,95.95,346.0,95.95,9
2026-08-03T08:30:00Z,95.95,95.95,95.945,95.945,1970.0,95.9455,47
2026-08-03T08:45:00Z,95.945,95.95,95.945,95.945,1198.0,95.946,92
2026-08-03T09:00:00Z,95.95,95.95,95.95,95.95,1060.0,95.95,8
2026-08-03T09:15:00Z,95.95,95.95,95.95,95.95,1713.0,95.95,36
2026-08-03T09:30:00Z,95.945,95.955,95.945,95.95,1051.0,95.949,41
2026-08-03T09:45:00Z,95.95,95.955,95.95,95.95,1487.0,95.95,27
2026-08-03T10:00:00Z,95.95,95.955,95.95,95.955,3780.0,95.9535,70
2026-08-03T10:15:00Z,95.955,95.955,95.955,95.955,2623.0,95.955,103
2026-08-03T10:30:00Z,95.955,95.96,95.955,95.955,599.0,95.956,21
2026-08-03T10:45:00Z,95.96,95.96,95.955,95.96,3456.0,95.96,67
2026-08-03T11:00:00Z,95.96,95.965,95.96,95.96,3238.0,95.9605,65
2026-08-03T11:15:00Z,95.96,95.96,95.955,95.955,1067.0,95.96,30
2026-08-03T11:30:00Z,95.96,95.96,95.955,95.96,1480.0,95.96,43
2026-08-03T11:45:00Z,95.955,95.96,95.955,95.96,5228.0,95.957,226
2026-08-03T12:00:00Z,95.965,95.965,95.96,95.96,7257.0,95.9645,160
2026-08-03T12:15:00Z,95.965,95.965,95.95,95.95,4303.0,95.9575,125
2026-08-03T12:30:00Z,95.955,95.96,95.955,95.955,5128.0,95.956,117
2026-08-03T12:45:00Z,95.955,95.96,95.95,95.955,2645.0,95.954,59
2026-08-03T13:00:00Z,95.95,95.96,95.95,95.95,7012.0,95.9525,153
2026-08-03T13:15:00Z,95.95,95.95,95.945,95.95,5910.0,95.95,143
2026-08-03T13:30:00Z,95.95,95.955,95.945,95.95,9756.0,95.9505,225
2026-08-03T13:45:00Z,95.95,95.955,95.95,95.95,2406.0,95.9515,158
2026-08-03T14:00:00Z,95.95,95.95,95.94,95.945,6116.0,95.9485,283
2026-08-03T14:15:00Z,95.945,95.95,95.945,95.945,4630.0,95.9465,67
2026-08-03T14:30:00Z,95.945,95.95,95.94,95.94,3225.0,95.9435,115
2026-08-03T14:45:00Z,95.94,95.945,95.94,95.94,885.0,95.9425,40
2026-08-03T15:00:00Z,95.94,95.945,95.935,95.94,6935.0,95.94,156
2026-08-03T15:15:00Z,95.94,95.945,95.94,95.94,7183.0,95.942,224
2026-08-03T15:30:00Z,95.94,95.945,95.935,95.935,17992.0,95.9395,375
2026-08-03T15:45:00Z,95.935,95.94,95.93,95.93,6087.0,95.935,107
2026-08-03T16:00:00Z,95.93,95.935,95.925,95.93,4905.0,95.931,91
2026-08-03T16:15:00Z,95.93,95.935,95.93,95.93,403.0,95.9325,68
2026-08-03T16:30:00Z,95.935,95.935,95.93,95.935,3247.0,95.935,59
2026-08-03T16:45:00Z,95.935,95.935,95.93,95.935,2610.0,95.9345,68
2026-08-03T17:00:00Z,95.935,95.935,95.93,95.935,3016.0,95.935,151
2026-08-03T17:15:00Z,95.935,95.935,95.935,95.935,3991.0,95.935,97
2026-08-03T17:30:00Z,95.935,95.94,95.935,95.935,47.0,95.937,6
2026-08-03T17:45:00Z,95.935,95.94,95.93,95.935,7787.0,95.935,163
2026-08-03T18:00:00Z,95.935,95.94,95.935,95.935,4602.0,95.935,203
2026-08-03T18:15:00Z,95.935,95.94,95.935,95.935,5194.0,95.935,64
2026-08-03T18:30:00Z,95.935,95.935,95.935,95.935,2068.0,95.935,93
2026-08-03T18:45:00Z,95.94,95.945,95.935,95.945,2863.0,95.94,122
2026-08-03T19:00:00Z,95.94,95.94,95.935,95.935,802.0,95.9395,60
2026-08-03T19:15:00Z,95.935,95.94,95.935,95.935,1361.0,95.9395,131
2026-08-03T19:30:00Z,95.935,95.945,95.935,95.945,2863.0,95.94,74
2026-08-03T19:45:00Z,95.945,95.945,95.935,95.945,4456.0,95.94,131
2026-08-03T20:00:00Z,95.945,95.945,95.94,95.94,1020.0,95.941,16
2026-08-03T20:15:00Z,95.945,95.95,95.94,95.945,7486.0,95.945,179
2026-08-03T20:30:00Z,95.95,95.95,95.945,95.945,4248.0,95.95,141
2026-08-03T20:45:00Z,95.95,95.955,95.945,95.945,6369.0,95.95,148
2026-08-03T22:00:00Z,95.95,95.95,95.95,95.95,48.0,95.95,2
2026-08-03T22:15:00Z,95.945,95.945,95.945,95.945,18.0,95.945,2
2026-08-03T22:30:00Z,95.945,95.945,95.94,95.945,171.0,95.945,14
2026-08-03T22:45:00Z,95.945,95.945,95.945,95.945,7.0,95.945,1
2026-08-03T23:00:00Z,95.945,95.945,95.945,95.945,0.0,95.945,0
2026-08-03T23:15:00Z,95.945,95.945,95.945,95.945,10.0,95.945,1
2026-08-03T23:30:00Z,95.945,95.945,95.945,95.945,880.0,95.945,15
2026-08-03T23:45:00Z,95.945,95.945,95.945,95.945,12.0,95.945,1
2026-08-04T00:00:00Z,95.945,95.945,95.94,95.94,35.0,95.9435,2
2026-08-04T00:15:00Z,95.945,95.945,95.94,95.945,2169.0,95.945,22
2026-08-04T00:30:00Z,95.945,95.945,95.945,95.945,79.0,95.945,6
2026-08-04T00:45:00Z,95.945,95.945,95.945,95.945,460.0,95.945,17
2026-08-04T01:00:00Z,95.945,95.945,95.94,95.94,852.0,95.941,3
2026-08-04T01:15:00Z,95.94,95.945,95.94,95.945,103.0,95.942,3
2026-08-04T01:30:00Z,95.945,95.945,95.945,95.945,349.0,95.945,1
2026-08-04T01:45:00Z,95.945,95.945,95.94,95.94,123.0,95.945,2
2026-08-04T02:00:00Z,95.945,95.945,95.945,95.945,2204.0,95.945,61
2026-08-04T02:15:00Z,95.945,95.945,95.945,95.945,494.0,95.945,5
2026-08-04T02:30:00Z,95.95,95.95,95.945,95.95,202.0,95.945,3
2026-08-04T02:45:00Z,95.945,95.95,95.945,95.945,595.0,95.945,13
2026-08-04T03:00:00Z,95.945,95.945,95.945,95.945,638.0,95.945,25
2026-08-04T03:15:00Z,95.945,95.95,95.945,95.95,149.0,95.945,7
2026-08-04T03:30:00Z,95.95,95.95,95.945,95.945,123.0,95.947,11
2026-08-04T03:45:00Z,95.945,95.945,95.945,95.945,262.0,95.945,26
2026-08-04T04:00:00Z,95.945,95.945,95.945,95.945,1014.0,95.945,11
2026-08-04T04:15:00Z,95.945,95.945,95.945,95.945,556.0,95.945,4
2026-08-04T04:30:00Z,95.945,95.945,95.945,95.945,0.0,95.945,0
2026-08-04T04:45:00Z,95.94,95.94,95.94,95.94,67.0,95.94,11
2026-08-04T05:00:00Z,95.94,95.94,95.94,95.94,0.0,95.94,0
2026-08-04T05:15:00Z,95.94,95.94,95.94,95.94,1048.0,95.94,2
2026-08-04T05:30:00Z,95.94,95.94,95.94,95.94,50.0,95.94,1
2026-08-04T05:45:00Z,95.94,95.945,95.94,95.945,201.0,95.941,3
2026-08-04T06:00:00Z,95.945,95.945,95.945,95.945,2243.0,95.945,91
2026-08-04T06:15:00Z,95.945,95.945,95.945,95.945,924.0,95.945,13
2026-08-04T06:30:00Z,95.945,95.945,95.945,95.945,944.0,95.945,11
2026-08-04T06:45:00Z,95.945,95.945,95.945,95.945,545.0,95.945,7
2026-08-04T07:00:00Z,95.945,95.95,95.945,95.945,762.0,95.9455,19
2026-08-04T07:15:00Z,95.945,95.95,95.945,95.95,39.0,95.9465,2
2026-08-04T07:30:00Z,95.945,95.945,95.945,95.945,4344.0,95.945,142
2026-08-04T07:45:00Z,95.945,95.95,95.945,95.945,786.0,95.945,11
2026-08-04T08:00:00Z,95.945,95.95,95.945,95.945,103.0,95.947,12
2026-08-04T08:15:00Z,95.945,95.945,95.945,95.945,109.0,95.945,5
2026-08-04T08:30:00Z,95.945,95.945,95.94,95.94,2321.0,95.943,29
2026-08-04T08:45:00Z,95.94,95.94,95.94,95.94,1471.0,95.94,26
2026-08-04T09:00:00Z,95.94,95.94,95.935,95.935,822.0,95.938,50
2026-08-04T09:15:00Z,95.94,95.94,95.935,95.94,2110.0,95.94,145
2026-08-04T09:30:00Z,95.94,95.945,95.94,95.945,878.0,95.943,25
2026-08-04T09:45:00Z,95.94,95.945,95.94,95.945,186.0,95.9445,14
2026-08-04T10:00:00Z,95.945,95.945,95.94,95.94,45.0,95.945,7
2026-08-04T10:15:00Z,95.94,95.94,95.94,95.94,99.0,95.94,9
2026-08-04T10:30:00Z,95.94,95.945,95.94,95.945,2408.0,95.9445,72
2026-08-04T10:45:00Z,95.945,95.955,95.945,95.945,4454.0,95.95,139
2026-08-04T11:00:00Z,95.95,95.95,95.94,95.95,2279.0,95.9455,46
2026-08-04T11:15:00Z,95.95,95.955,95.945,95.95,4740.0,95.9505,79
2026-08-04T11:30:00Z,95.955,95.965,95.95,95.965,3778.0,95.9575,62
2026-08-04T11:45:00Z,95.965,95.975,95.965,95.97,4810.0,95.969,109
2026-08-04T12:00:00Z,95.97,95.975,95.965,95.97,4972.0,95.9695,81
2026-08-04T12:15:00Z,95.965,95.975,95.965,95.97,5765.0,95.967,92
2026-08-04T12:30:00Z,95.97,95.985,95.97,95.98,6953.0,95.979,131
2026-08-04T12:45:00Z,95.98,95.98,95.975,95.975,5416.0,95.9795,165
2026-08-04T13:00:00Z,95.975,95.98,95.97,95.975,4852.0,95.9755,125
2026-08-04T13:15:00Z,95.98,95.99,95.975,95.99,16739.0,95.987,508
2026-08-04T13:30:00Z,95.99,96.0,95.985,95.995,14253.0,95.995,298
2026-08-04T13:45:00Z,95.995,95.995,95.99,95.99,26978.0,95.9915,415
2026-08-04T14:00:00Z,95.985,95.995,95.98,95.985,17310.0,95.988,277
2026-08-04T14:15:00Z,95.985,95.99,95.98,95.985,6062.0,95.985,128
2026-08-04T14:30:00Z,95.985,95.99,95.98,95.985,7870.0,95.9835,273
2026-08-04T14:45:00Z,95.98,95.985,95.975,95.98,5212.0,95.98,168
2026-08-04T15:00:00Z,95.98,95.985,95.975,95.98,5699.0,95.98,165
2026-08-04T15:15:00Z,95.98,95.985,95.975,95.98,11556.0,95.98,232
2026-08-04T15:30:00Z,95.98,95.985,95.975,95.98,9992.0,95.9805,436
2026-08-04T15:45:00Z,95.98,95.985,95.98,95.98,2114.0,95.9825,55
2026-08-04T16:00:00Z,95.98,95.985,95.98,95.985,1268.0,95.981,32
2026-08-04T16:15:00Z,95.985,95.99,95.98,95.985,11763.0,95.985,189
2026-08-04T16:30:00Z,95.985,95.985,95.975,95.98,15455.0,95.98,114
2026-08-04T16:45:00Z,95.98,95.98,95.975,95.98,6488.0,95.98,105
2026-08-04T17:00:00Z,95.98,95.985,95.98,95.98,7800.0,95.98,256
2026-08-04T17:15:00Z,95.985,95.985,95.975,95.985,2482.0,95.98,52
2026-08-04T17:30:00Z,95.98,95.985,95.98,95.985,420.0,95.9825,28
2026-08-04T17:45:00Z,95.985,95.985,95.98,95.985,823.0,95.9835,37
2026-08-04T18:00:00Z,95.98,95.985,95.98,95.985,136.0,95.9805,21
2026-08-04T18:15:00Z,95.985,95.985,95.98,95.98,852.0,95.9815,19
2026-08-04T18:30:00Z,95.98,95.985,95.98,95.985,493.0,95.9845,13
2026-08-04T18:45:00Z,95.985,95.985,95.98,95.985,2966.0,95.985,130
2026-08-04T19:00:00Z,95.985,95.99,95.98,95.98,4472.0,95.985,117
2026-08-04T19:15:00Z,95.98,95.985,95.98,95.98,4589.0,95.98,87
2026-08-04T19:30:00Z,95.985,95.985,95.975,95.985,2252.0,95.98,132
2026-08-04T19:45:00Z,95.98,95.985,95.975,95.98,7803.0,95.9805,216
2026-08-04T20:00:00Z,95.98,95.985,95.98,95.98,641.0,95.981,75
2026-08-04T20:15:00Z,95.985,95.985,95.98,95.98,6743.0,95.985,90
2026-08-04T20:30:00Z,95.985,95.985,95.98,95.985,2121.0,95.985,109
2026-08-04T20:45:00Z,95.98,95.985,95.98,95.985,1032.0,95.9845,67
2026-08-04T22:00:00Z,95.98,95.98,95.98,95.98,2.0,95.98,1
2026-08-04T22:15:00Z,95.98,95.98,95.98,95.98,1.0,95.98,1
2026-08-04T22:30:00Z,95.98,95.98,95.98,95.98,2.0,95.98,1
2026-08-04T22:45:00Z,95.98,95.98,95.98,95.98,500.0,95.98,1
2026-08-04T23:00:00Z,95.98,95.98,95.98,95.98,662.0,95.98,9
2026-08-04T23:15:00Z,95.98,95.98,95.98,95.98,0.0,95.98,0
2026-08-04T23:30:00Z,95.98,95.98,95.98,95.98,25.0,95.98,3
2026-08-04T23:45:00Z,95.98,95.98,95.98,95.98,329.0,95.98,5
2026-08-05T00:00:00Z,95.98,95.98,95.98,95.98,959.0,95.98,27
2026-08-05T00:15:00Z,95.975,95.98,95.975,95.975,58.0,95.9795,6
2026-08-05T00:30:00Z,95.975,95.975,95.975,95.975,25.0,95.975,4
2026-08-05T00:45:00Z,95.975,95.975,95.975,95.975,192.0,95.975,4
2026-08-05T01:00:00Z,95.975,95.975,95.97,95.97,844.0,95.972,28
2026-08-05T01:15:00Z,95.97,95.97,95.97,95.97,144.0,95.97,8
2026-08-05T01:30:00Z,95.975,95.975,95.97,95.97,365.0,95.97,5
2026-08-05T01:45:00Z,95.97,95.97,95.97,95.97,886.0,95.97,10
2026-08-05T02:00:00Z,95.97,95.98,95.97,95.975,4883.0,95.972,74
2026-08-05T02:15:00Z,95.975,95.98,95.975,95.98,1225.0,95.9785,45
2026-08-05T02:30:00Z,95.985,95.985,95.985,95.985,721.0,95.985,22
2026-08-05T02:45:00Z,95.985,95.985,95.985,95.985,383.0,95.985,6
2026-08-05T03:00:00Z,95.985,95.985,95.985,95.985,294.0,95.985,2
2026-08-05T03:15:00Z,95.985,95.985,95.985,95.985,911.0,95.985,7
2026-08-05T03:30:00Z,95.985,95.985,95.985,95.985,1179.0,95.985,19
2026-08-05T03:45:00Z,95.985,95.985,95.985,95.985,0.0,95.985,0
2026-08-05T04:00:00Z,95.985,95.985,95.98,95.98,1469.0,95.985,13
2026-08-05T04:15:00Z,95.985,95.985,95.98,95.98,1385.0,95.98,9
2026-08-05T04:30:00Z,95.98,95.98,95.98,95.98,1057.0,95.98,14
2026-08-05T04:45:00Z,95.98,95.98,95.98,95.98,232.0,95.98,8
2026-08-05T05:00:00Z,95.98,95.98,95.98,95.98,153.0,95.98,10
2026-08-05T05:15:00Z,95.98,95.98,95.98,95.98,0.0,95.98,0
2026-08-05T05:30:00Z,95.985,95.985,95.985,95.985,102.0,95.985,2
2026-08-05T05:45:00Z,95.985,95.99,95.985,95.985,1049.0,95.985,17
2026-08-05T06:00:00Z,95.985,95.985,95.985,95.985,813.0,95.985,27
2026-08-05T06:15:00Z,95.985,95.985,95.98,95.98,471.0,95.982,7
2026-08-05T06:30:00Z,95.98,95.98,95.98,95.98,918.0,95.98,14
2026-08-05T06:45:00Z,95.98,95.985,95.98,95.985,3008.0,95.985,46
2026-08-05T07:00:00Z,95.98,95.985,95.975,95.975,2133.0,95.9775,67
2026-08-05T07:15:00Z,95.975,95.98,95.97,95.97,725.0,95.9735,25
2026-08-05T07:30:00Z,95.975,95.975,95.97,95.975,3093.0,95.975,54
2026-08-05T07:45:00Z,95.975,95.975,95.975,95.975,1013.0,95.975,65
2026-08-05T08:00:00Z,95.975,95.98,95.975,95.975,1229.0,95.975,38
2026-08-05T08:15:00Z,95.97,95.975,95.97,95.975,621.0,95.9745,26
2026-08-05T08:30:00Z,95.975,95.975,95.975,95.975,1473.0,95.975,80
2026-08-05T08:45:00Z,95.97,95.97,95.965,95.97,2931.0,95.97,45
2026-08-05T09:00:00Z,95.97,95.975,95.97,95.975,92.0,95.9735,6
2026-08-05T09:15:00Z,95.975,95.975,95.975,95.975,638.0,95.975,7
2026-08-05T09:30:00Z,95.97,95.975,95.97,95.975,520.0,95.9725,9
2026-08-05T09:45:00Z,95.975,95.98,95.975,95.975,2610.0,95.975,61
2026-08-05T10:00:00Z,95.98,95.98,95.975,95.975,542.0,95.975,7
2026-08-05T10:15:00Z,95.98,95.98,95.975,95.975,72.0,95.975,4
2026-08-05T10:30:00Z,95.98,95.98,95.975,95.975,2266.0,95.975,29
2026-08-05T10:45:00Z,95.975,95.975,95.975,95.975,2360.0,95.975,44
2026-08-05T11:00:00Z,95.975,95.975,95.975,95.975,2005.0,95.975,73
2026-08-05T11:15:00Z,95.975,95.98,95.97,95.975,1234.0,95.975,30
2026-08-05T11:30:00Z,95.975,95.98,95.975,95.975,999.0,95.977,41
2026-08-05T11:45:00Z,95.975,95.975,95.97,95.975,2178.0,95.975,52
2026-08-05T12:00:00Z,95.975,95.975,95.965,95.97,6027.0,95.97,215
2026-08-05T12:15:00Z,95.97,95.98,95.97,95.975,4933.0,95.9755,193
2026-08-05T12:30:00Z,95.975,95.98,95.97,95.975,5921.0,95.9745,136
2026-08-05T12:45:00Z,95.975,95.975,95.97,95.97,2502.0,95.9735,76
2026-08-05T13:00:00Z,95.975,95.975,95.97,95.97,6641.0,95.975,95
2026-08-05T13:15:00Z,95.97,95.975,95.965,95.97,5265.0,95.97,121
2026-08-05T13:30:00Z,95.97,95.98,95.97,95.975,10041.0,95.9735,224
2026-08-05T13:45:00Z,95.97,95.975,95.965,95.965,4761.0,95.97,117
2026-08-05T14:00:00Z,95.97,95.985,95.97,95.975,14559.0,95.9775,276
2026-08-05T14:15:00Z,95.975,95.98,95.97,95.975,4626.0,95.975,143
2026-08-05T14:30:00Z,95.975,95.98,95.97,95.97,3670.0,95.975,152
2026-08-05T14:45:00Z,95.975,95.975,95.97,95.975,1013.0,95.974,43
2026-08-05T15:00:00Z,95.975,95.98,95.97,95.975,4956.0,95.977,196
2026-08-05T15:15:00Z,95.97,95.98,95.97,95.975,2764.0,95.975,62
2026-08-05T15:30:00Z,95.975,95.98,95.975,95.975,4371.0,95.975,100
2026-08-05T15:45:00Z,95.975,95.975,95.97,95.975,1359.0,95.975,49
2026-08-05T16:00:00Z,95.975,95.975,95.975,95.975,2553.0,95.975,53
2026-08-05T16:15:00Z,95.975,95.98,95.975,95.98,4517.0,95.9775,51
2026-08-05T16:30:00Z,95.98,95.98,95.975,95.98,2862.0,95.9795,130
2026-08-05T16:45:00Z,95.98,95.98,95.975,95.98,3526.0,95.98,88
2026-08-05T17:00:00Z,95.98,95.985,95.98,95.98,1120.0,95.98,60
2026-08-05T17:15:00Z,95.985,95.995,95.985,95.995,4549.0,95.987,117
2026-08-05T17:30:00Z,95.99,95.995,95.99,95.99,4593.0,95.99,75
2026-08-05T17:45:00Z,95.995,96.0,95.99,95.99,10440.0,95.9955,91
2026-08-05T18:00:00Z,95.99,95.995,95.99,95.99,6902.0,95.992,77
2026-08-05T18:15:00Z,95.99,95.995,95.99,95.99,1157.0,95.99,31
2026-08-05T18:30:00Z,95.99,95.995,95.99,95.995,316.0,95.9935,26
2026-08-05T18:45:00Z,95.995,96.0,95.99,96.0,7661.0,95.997,284
2026-08-05T19:00:00Z,96.0,96.0,95.995,95.995,317.0,96.0,25
2026-08-05T19:15:00Z,96.0,96.0,95.995,95.995,5128.0,95.996,67
2026-08-05T19:30:00Z,95.995,96.0,95.995,96.0,618.0,95.9985,26
2026-08-05T19:45:00Z,96.0,96.0,95.995,96.0,3214.0,95.995,91
2026-08-05T20:00:00Z,96.0,96.005,95.995,95.995,9537.0,95.9995,248
2026-08-05T20:15:00Z,95.995,95.995,95.995,95.995,3589.0,95.995,68
2026-08-05T20:30:00Z,95.995,96.0,95.995,96.0,839.0,95.996,50
2026-08-05T20:45:00Z,95.995,96.0,95.995,95.995,568.0,95.9975,30
2026-08-05T22:00:00Z,95.995,96.0,95.995,95.995,153.0,95.997,19
2026-08-05T22:15:00Z,95.995,95.995,95.995,95.995,25.0,95.995,2
2026-08-05T22:30:00Z,95.995,95.995,95.995,95.995,1.0,95.995,1
2026-08-05T22:45:00Z,95.995,95.995,95.995,95.995,0.0,95.995,0
2026-08-05T23:00:00Z,95.995,96.0,95.995,96.0,1365.0,96.0,32
2026-08-05T23:15:00Z,96.0,96.0,96.0,96.0,251.0,96.0,7
2026-08-05T23:30:00Z,96.0,96.0,96.0,96.0,307.0,96.0,20
2026-08-05T23:45:00Z,96.0,96.0,96.0,96.0,55.0,96.0,4
2026-08-06T00:00:00Z,96.0,96.0,96.0,96.0,591.0,96.0,18
2026-08-06T00:15:00Z,96.0,96.0,96.0,96.0,464.0,96.0,17
2026-08-06T00:30:00Z,95.995,95.995,95.995,95.995,4.0,95.995,3
2026-08-06T00:45:00Z,95.995,96.0,95.995,95.995,205.0,95.995,5
2026-08-06T01:00:00Z,95.995,95.995,95.99,95.995,745.0,95.995,21
2026-08-06T01:15:00Z,95.995,95.995,95.995,95.995,34.0,95.995,1
2026-08-06T01:30:00Z,95.995,95.995,95.995,95.995,463.0,95.995,20
2026-08-06T01:45:00Z,95.995,95.995,95.99,95.995,977.0,95.995,29
2026-08-06T02:00:00Z,95.995,95.995,95.99,95.995,248.0,95.995,12
2026-08-06T02:15:00Z,95.995,95.995,95.995,95.995,102.0,95.995,8
2026-08-06T02:30:00Z,95.995,95.995,95.99,95.99,62.0,95.9905,4
2026-08-06T02:45:00Z,95.99,95.99,95.99,95.99,0.0,95.99,0
2026-08-06T03:00:00Z,95.99,95.995,95.99,95.995,256.0,95.994,16
2026-08-06T03:15:00Z,95.995,95.995,95.995,95.995,164.0,95.995,7
2026-08-06T03:30:00Z,95.995,95.995,95.99,95.995,3177.0,95.995,36
2026-08-06T03:45:00Z,95.995,95.995,95.995,95.995,0.0,95.995,0
2026-08-06T04:00:00Z,95.995,95.995,95.995,95.995,305.0,95.995,2
2026-08-06T04:15:00Z,95.995,95.995,95.995,95.995,143.0,95.995,1
2026-08-06T04:30:00Z,95.995,95.995,95.995,95.995,0.0,95.995,0
2026-08-06T04:45:00Z,95.995,95.995,95.995,95.995,0.0,95.995,0
2026-08-06T05:00:00Z,95.995,95.995,95.985,95.985,11076.0,95.99,11
2026-08-06T05:15:00Z,95.99,95.99,95.99,95.99,2603.0,95.99,16
2026-08-06T05:30:00Z,95.985,95.99,95.985,95.985,560.0,95.9855,3
2026-08-06T05:45:00Z,95.985,95.985,95.985,95.985,250.0,95.985,1
2026-08-06T06:00:00Z,95.985,95.99,95.985,95.985,1804.0,95.985,37
2026-08-06T06:15:00Z,95.985,95.985,95.98,95.98,770.0,95.982,28
2026-08-06T06:30:00Z,95.98,95.98,95.98,95.98,1403.0,95.98,73
2026-08-06T06:45:00Z,95.98,95.98,95.98,95.98,369.0,95.98,16
2026-08-06T07:00:00Z,95.98,95.98,95.98,95.98,21.0,95.98,2
2026-08-06T07:15:00Z,95.985,95.985,95.98,95.98,3029.0,95.9845,21
2026-08-06T07:30:00Z,95.985,95.985,95.98,95.985,1600.0,95.985,68
2026-08-06T07:45:00Z,95.98,95.98,95.98,95.98,1.0,95.98,1
2026-08-06T08:00:00Z,95.985,95.985,95.985,95.985,25.0,95.985,4
2026-08-06T08:15:00Z,95.98,95.985,95.98,95.98,49.0,95.982,6
2026-08-06T08:30:00Z,95.985,95.985,95.98,95.985,3860.0,95.985,118
2026-08-06T08:45:00Z,95.985,95.985,95.985,95.985,105.0,95.985,5
2026-08-06T09:00:00Z,95.985,95.99,95.985,95.985,563.0,95.985,10
2026-08-06T09:15:00Z,95.985,95.99,95.985,95.99,702.0,95.9895,21
2026-08-06T09:30:00Z,95.99,95.99,95.99,95.99,748.0,95.99,12
2026-08-06T09:45:00Z,95.99,95.99,95.985,95.985,872.0,95.987,18
2026-08-06T10:00:00Z,95.99,95.99,95.985,95.985,3654.0,95.9855,98
2026-08-06T10:15:00Z,95.985,95.99,95.985,95.99,4197.0,95.985,144
2026-08-06T10:30:00Z,95.99,95.99,95.985,95.99,3204.0,95.99,26
2026-08-06T10:45:00Z,95.99,95.99,95.99,95.99,3334.0,95.99,137
2026-08-06T11:00:00Z,95.99,95.99,95.99,95.99,1503.0,95.99,51
2026-08-06T11:15:00Z,95.985,95.985,95.98,95.98,4867.0,95.983,21
2026-08-06T11:30:00Z,95.98,95.985,95.975,95.975,5724.0,95.979,106
2026-08-06T11:45:00Z,95.975,95.98,95.97,95.975,8364.0,95.975,301
2026-08-06T12:00:00Z,95.975,95.98,95.975,95.98,6480.0,95.98,207
2026-08-06T12:15:00Z,95.98,95.98,95.975,95.98,4303.0,95.98,132
2026-08-06T12:30:00Z,95.975,95.98,95.975,95.975,6672.0,95.976,133
2026-08-06T12:45:00Z,95.975,95.975,95.965,95.97,12021.0,95.97,191
2026-08-06T13:00:00Z,95.97,95.975,95.97,95.97,4254.0,95.97,123
2026-08-06T13:15:00Z,95.97,95.975,95.97,95.97,769.0,95.9705,26
2026-08-06T13:30:00Z,95.97,95.975,95.965,95.97,6463.0,95.9705,140
2026-08-06T13:45:00Z,95.97,95.975,95.965,95.975,5209.0,95.9705,172
2026-08-06T14:00:00Z,95.97,95.97,95.965,95.965,2905.0,95.97,96
2026-08-06T14:15:00Z,95.97,95.97,95.965,95.965,917.0,95.969,47
2026-08-06T14:30:00Z,95.97,95.97,95.965,95.965,875.0,95.9655,77
2026-08-06T14:45:00Z,95.965,95.965,95.96,95.965,16480.0,95.965,203
2026-08-06T15:00:00Z,95.965,95.97,95.96,95.965,16991.0,95.9665,245
2026-08-06T15:15:00Z,95.965,95.965,95.955,95.965,9600.0,95.959,162
2026-08-06T15:30:00Z,95.96,95.965,95.96,95.96,5840.0,95.96,112
2026-08-06T15:45:00Z,95.96,95.965,95.955,95.955,7528.0,95.9575,259
2026-08-06T16:00:00Z,95.955,95.96,95.955,95.955,2037.0,95.955,72
2026-08-06T16:15:00Z,95.955,95.96,95.955,95.96,9795.0,95.9575,302
2026-08-06T16:30:00Z,95.96,95.96,95.955,95.96,6755.0,95.96,92
2026-08-06T16:45:00Z,95.955,95.96,95.955,95.96,292.0,95.958,17
2026-08-06T17:00:00Z,95.955,95.96,95.955,95.955,13954.0,95.96,145
2026-08-06T17:15:00Z,95.955,95.96,95.955,95.955,1677.0,95.9595,32
2026-08-06T17:30:00Z,95.955,95.96,95.95,95.955,7177.0,95.956,207
2026-08-06T17:45:00Z,95.955,95.96,95.955,95.955,5129.0,95.96,99
2026-08-06T18:00:00Z,95.96,95.96,95.955,95.955,1655.0,95.9595,65
2026-08-06T18:15:00Z,95.955,95.96,95.95,95.955,3727.0,95.955,116
2026-08-06T18:30:00Z,95.955,95.955,95.95,95.95,1938.0,95.955,52
2026-08-06T18:45:00Z,95.955,95.96,95.955,95.96,1406.0,95.956,141
2026-08-06T19:00:00Z,95.96,95.96,95.955,95.96,5309.0,95.96,103
2026-08-06T19:15:00Z,95.965,95.965,95.95,95.955,10702.0,95.9585,199
2026-08-06T19:30:00Z,95.955,95.96,95.95,95.955,2972.0,95.9555,78
2026-08-06T19:45:00Z,95.96,95.96,95.955,95.96,4259.0,95.96,129
2026-08-06T20:00:00Z,95.96,95.965,95.955,95.96,2083.0,95.9605,36
2026-08-06T20:15:00Z,95.96,95.965,95.96,95.96,3039.0,95.96,45
2026-08-06T20:30:00Z,95.96,95.965,95.955,95.955,847.0,95.9605,30
2026-08-06T20:45:00Z,95.96,95.96,95.955,95.96,3686.0,95.9595,38
2026-08-06T22:00:00Z,95.96,95.965,95.955,95.955,1617.0,95.959,153
2026-08-06T22:15:00Z,95.955,95.955,95.955,95.955,0.0,95.955,0
2026-08-06T22:30:00Z,95.96,95.96,95.955,95.96,201.0,95.9595,8
2026-08-06T22:45:00Z,95.96,95.96,95.96,95.96,0.0,95.96,0
2026-08-06T23:00:00Z,95.96,95.96,95.96,95.96,1050.0,95.96,6
2026-08-06T23:15:00Z,95.96,95.96,95.96,95.96,6.0,95.96,3
2026-08-06T23:30:00Z,95.96,95.96,95.96,95.96,397.0,95.96,4
2026-08-06T23:45:00Z,95.96,95.96,95.96,95.96,0.0,95.96,0
2026-08-07T00:00:00Z,95.96,95.96,95.955,95.96,554.0,95.96,11
2026-08-07T00:15:00Z,95.96,95.96,95.96,95.96,358.0,95.96,11
2026-08-07T00:30:00Z,95.96,95.965,95.955,95.955,374.0,95.96,14
2026-08-07T00:45:00Z,95.96,95.96,95.96,95.96,6.0,95.96,2
2026-08-07T01:00:00Z,95.96,95.965,95.96,95.96,70.0,95.96,3
2026-08-07T01:15:00Z,95.96,95.96,95.96,95.96,3.0,95.96,1
2026-08-07T01:30:00Z,95.96,95.96,95.96,95.96,1.0,95.96,1
2026-08-07T01:45:00Z,95.965,95.965,95.96,95.96,148.0,95.96,5
2026-08-07T02:00:00Z,95.965,95.965,95.965,95.965,130.0,95.965,2
2026-08-07T02:15:00Z,95.965,95.965,95.965,95.965,9.0,95.965,2
2026-08-07T02:30:00Z,95.96,95.96,95.96,95.96,500.0,95.96,1
2026-08-07T02:45:00Z,95.96,95.96,95.96,95.96,0.0,95.96,0
2026-08-07T03:00:00Z,95.96,95.965,95.96,95.965,229.0,95.9605,5
2026-08-07T03:15:00Z,95.96,95.965,95.96,95.965,121.0,95.9615,2
2026-08-07T03:30:00Z,95.96,95.96,95.96,95.96,2322.0,95.96,15
2026-08-07T03:45:00Z,95.96,95.965,95.96,95.96,1600.0,95.96,45
2026-08-07T04:00:00Z,95.96,95.96,95.96,95.96,213.0,95.96,4
2026-08-07T04:15:00Z,95.96,95.96,95.96,95.96,0.0,95.96,0
2026-08-07T04:30:00Z,95.955,95.96,95.955,95.96,212.0,95.9555,4
2026-08-07T04:45:00Z,95.96,95.96,95.96,95.96,2.0,95.96,1
2026-08-07T05:00:00Z,95.96,95.96,95.96,95.96,3.0,95.96,1
2026-08-07T05:15:00Z,95.96,95.96,95.96,95.96,176.0,95.96,2
2026-08-07T05:30:00Z,95.955,95.96,95.955,95.96,438.0,95.9555,3
2026-08-07T05:45:00Z,95.96,95.96,95.96,95.96,2.0,95.96,1
2026-08-07T06:00:00Z,95.96,95.96,95.96,95.96,740.0,95.96,7
2026-08-07T06:15:00Z,95.96,95.97,95.96,95.97,5663.0,95.965,72
2026-08-07T06:30:00Z,95.965,95.965,95.96,95.965,3141.0,95.965,65
2026-08-07T06:45:00Z,95.965,95.965,95.965,95.965,972.0,95.965,34
2026-08-07T07:00:00Z,95.965,95.97,95.965,95.97,340.0,95.9685,6
2026-08-07T07:15:00Z,95.97,95.97,95.965,95.965,547.0,95.9685,12
2026-08-07T07:30:00Z,95.965,95.965,95.965,95.965,125.0,95.965,4
2026-08-07T07:45:00Z,95.965,95.965,95.965,95.965,651.0,95.965,21
2026-08-07T08:00:00Z,95.965,95.97,95.965,95.97,73.0,95.965,11
2026-08-07T08:15:00Z,95.965,95.965,95.965,95.965,4013.0,95.965,84
2026-08-07T08:30:00Z,95.965,95.965,95.965,95.965,1077.0,95.965,31
2026-08-07T08:45:00Z,95.965,95.965,95.965,95.965,1048.0,95.965,19
2026-08-07T09:00:00Z,95.965,95.965,95.965,95.965,706.0,95.965,6
2026-08-07T09:15:00Z,95.965,95.97,95.965,95.97,1456.0,95.9685,7
2026-08-07T09:30:00Z,95.97,95.97,95.97,95.97,511.0,95.97,4
2026-08-07T09:45:00Z,95.97,95.97,95.97,95.97,9544.0,95.97,120
2026-08-07T10:00:00Z,95.97,95.975,95.97,95.975,362.0,95.973,10
2026-08-07T10:15:00Z,95.97,95.975,95.97,95.97,6207.0,95.97,81
2026-08-07T10:30:00Z,95.97,95.975,95.965,95.97,1104.0,95.97,48
2026-08-07T10:45:00Z,95.97,95.97,95.965,95.965,474.0,95.97,10
2026-08-07T11:00:00Z,95.97,95.975,95.97,95.97,1468.0,95.97,35
2026-08-07T11:15:00Z,95.97,95.97,95.965,95.97,2140.0,95.9695,50
2026-08-07T11:30:00Z,95.975,95.98,95.97,95.975,6579.0,95.975,138
2026-08-07T11:45:00Z,95.975,95.98,95.97,95.975,10212.0,95.975,220
2026-08-07T12:00:00Z,95.97,95.98,95.97,95.975,10065.0,95.9755,222
2026-08-07T12:15:00Z,95.975,95.985,95.97,95.98,15160.0,95.9775,574
2026-08-07T12:30:00Z,95.99,96.045,95.99,96.04,90505.0,96.0325,1353
2026-08-07T12:45:00Z,96.04,96.045,96.02,96.025,34413.0,96.0325,1003
2026-08-07T13:00:00Z,96.03,96.03,96.02,96.025,12022.0,96.025,265
2026-08-07T13:15:00Z,96.025,96.025,96.02,96.02,15377.0,96.0205,306
2026-08-07T13:30:00Z,96.02,96.025,96.02,96.025,10755.0,96.021,211
2026-08-07T13:45:00Z,96.025,96.03,96.015,96.015,16372.0,96.018,995
2026-08-07T14:00:00Z,96.015,96.015,96.01,96.01,9578.0,96.0115,414
2026-08-07T14:15:00Z,96.01,96.02,96.005,96.015,5760.0,96.014,192
2026-08-07T14:30:00Z,96.015,96.02,96.01,96.015,3105.0,96.015,147
2026-08-07T14:45:00Z,96.01,96.015,96.01,96.01,1854.0,96.0125,80
2026-08-07T15:00:00Z,96.01,96.015,96.005,96.01,10558.0,96.01,422
2026-08-07T15:15:00Z,96.01,96.015,96.01,96.015,1430.0,96.014,28
2026-08-07T15:30:00Z,96.015,96.015,96.01,96.01,2758.0,96.0115,64
2026-08-07T15:45:00Z,96.01,96.01,96.005,96.005,1361.0,96.01,61
2026-08-07T16:00:00Z,96.005,96.01,96.005,96.01,3043.0,96.0095,87
2026-08-07T16:15:00Z,96.015,96.015,96.01,96.01,6421.0,96.01,168
2026-08-07T16:30:00Z,96.005,96.015,96.005,96.015,1385.0,96.01,51
2026-08-07T16:45:00Z,96.01,96.015,96.01,96.01,264.0,96.013,16
2026-08-07T17:00:00Z,96.01,96.01,96.01,96.01,4161.0,96.01,88
2026-08-07T17:15:00Z,96.01,96.015,96.01,96.015,7388.0,96.015,35
2026-08-07T17:30:00Z,96.015,96.015,96.01,96.015,1444.0,96.015,25
2026-08-07T17:45:00Z,96.015,96.015,96.015,96.015,5170.0,96.015,46
2026-08-07T18:00:00Z,96.01,96.015,96.01,96.01,524.0,96.0145,35
2026-08-07T18:15:00Z,96.015,96.015,96.015,96.015,268.0,96.015,7
2026-08-07T18:30:00Z,96.015,96.015,96.01,96.01,3762.0,96.01,75
2026-08-07T18:45:00Z,96.01,96.015,96.005,96.015,5492.0,96.01,166
2026-08-07T19:00:00Z,96.01,96.015,96.01,96.015,1263.0,96.011,39
2026-08-07T19:15:00Z,96.015,96.025,96.015,96.025,6685.0,96.0185,139
2026-08-07T19:30:00Z,96.025,96.025,96.015,96.015,8032.0,96.019,151
2026-08-07T19:45:00Z,96.02,96.02,96.015,96.02,5066.0,96.0165,59
2026-08-07T20:00:00Z,96.02,96.02,96.015,96.02,2939.0,96.02,40
2026-08-07T20:15:00Z,96.015,96.02,96.015,96.02,420.0,96.017,22
2026-08-07T20:30:00Z,96.015,96.02,96.015,96.015,196.0,96.016,46
2026-08-07T20:45:00Z,96.015,96.02,96.015,96.015,1130.0,96.016,50
2026-08-09T22:00:00Z,96.015,96.015,96.01,96.015,1251.0,96.015,19
2026-08-09T22:15:00Z,96.015,96.015,96.015,96.015,0.0,96.015,0
2026-08-09T22:30:00Z,96.015,96.015,96.015,96.015,0.0,96.015,0
2026-08-09T22:45:00Z,96.015,96.015,96.015,96.015,24.0,96.015,2
2026-08-09T23:00:00Z,96.015,96.015,96.015,96.015,260.0,96.015,8
2026-08-09T23:15:00Z,96.015,96.02,96.015,96.02,125.0,96.016,2
2026-08-09T23:30:00Z,96.02,96.02,96.02,96.02,0.0,96.02,0
2026-08-09T23:45:00Z,96.015,96.015,96.01,96.01,1260.0,96.015,3
2026-08-10T00:00:00Z,96.01,96.01,96.01,96.01,1.0,96.01,1
2026-08-10T00:15:00Z,96.01,96.01,96.005,96.005,4178.0,96.01,35
2026-08-10T00:30:00Z,96.005,96.005,96.005,96.005,363.0,96.005,9
2026-08-10T00:45:00Z,96.005,96.01,96.005,96.01,61.0,96.009,8
2026-08-10T01:00:00Z,96.01,96.01,96.005,96.005,1243.0,96.01,32
2026-08-10T01:15:00Z,96.005,96.005,96.005,96.005,0.0,96.005,0
2026-08-10T01:30:00Z,96.005,96.005,96.005,96.005,0.0,96.005,0
2026-08-10T01:45:00Z,96.005,96.005,96.0,96.005,2599.0,96.005,27
2026-08-10T02:00:00Z,96.005,96.005,96.005,96.005,1029.0,96.005,20
2026-08-10T02:15:00Z,96.005,96.005,96.0,96.005,1703.0,96.0035,68
2026-08-10T02:30:00Z,96.005,96.005,96.005,96.005,765.0,96.005,10
2026-08-10T02:45:00Z,96.005,96.005,96.005,96.005,199.0,96.005,4
2026-08-10T03:00:00Z,96.005,96.005,96.005,96.005,34.0,96.005,1
2026-08-10T03:15:00Z,96.005,96.005,96.005,96.005,1561.0,96.005,13
2026-08-10T03:30:00Z,96.005,96.005,96.005,96.005,353.0,96.005,8
2026-08-10T03:45:00Z,96.005,96.005,96.005,96.005,0.0,96.005,0
2026-08-10T04:00:00Z,96.005,96.005,96.005,96.005,1435.0,96.005,14
2026-08-10T04:15:00Z,96.005,96.005,96.005,96.005,0.0,96.005,0
2026-08-10T04:30:00Z,96.005,96.005,96.005,96.005,168.0,96.005,2
2026-08-10T04:45:00Z,96.01,96.01,96.01,96.01,1.0,96.01,1
2026-08-10T05:00:00Z,96.005,96.01,96.005,96.01,7.0,96.0055,2
2026-08-10T05:15:00Z,96.01,96.01,96.01,96.01,0.0,96.01,0
2026-08-10T05:30:00Z,96.01,96.01,96.005,96.005,189.0,96.0075,4
2026-08-10T05:45:00Z,96.005,96.005,96.005,96.005,0.0,96.005,0
2026-08-10T06:00:00Z,96.01,96.01,96.01,96.01,1.0,96.01,1
2026-08-10T06:15:00Z,96.01,96.01,96.01,96.01,778.0,96.01,12
2026-08-10T06:30:00Z,96.01,96.015,96.01,96.01,2120.0,96.01,36
2026-08-10T06:45:00Z,96.01,96.01,96.01,96.01,326.0,96.01,19
2026-08-10T07:00:00Z,96.01,96.015,96.005,96.005,1216.0,96.01,31
2026-08-10T07:15:00Z,96.01,96.01,96.005,96.01,1842.0,96.009,51
2026-08-10T07:30:00Z,96.01,96.01,96.01,96.01,899.0,96.01,70
2026-08-10T07:45:00Z,96.01,96.015,96.01,96.01,760.0,96.015,18
2026-08-10T08:00:00Z,96.01,96.015,96.005,96.01,3277.0,96.01,144
2026-08-10T08:15:00Z,96.01,96.01,96.005,96.005,591.0,96.01,12
2026-08-10T08:30:00Z,96.005,96.01,96.005,96.005,36.0,96.0055,20
2026-08-10T08:45:00Z,96.005,96.01,96.005,96.005,474.0,96.01,7
2026-08-10T09:00:00Z,96.005,96.01,96.005,96.005,292.0,96.01,10
2026-08-10T09:15:00Z,96.005,96.01,96.005,96.005,250.0,96.008,9
2026-08-10T09:30:00Z,96.005,96.005,96.005,96.005,5433.0,96.005,85
2026-08-10T09:45:00Z,96.005,96.01,96.005,96.005,1476.0,96.0055,54
2026-08-10T10:00:00Z,96.005,96.005,96.0,96.005,495.0,96.005,13
2026-08-10T10:15:00Z,96.01,96.01,96.005,96.005,752.0,96.005,8
2026-08-10T10:30:00Z,96.005,96.005,96.0,96.0,601.0,96.005,42
2026-08-10T10:45:00Z,96.005,96.005,96.0,96.0,3736.0,96.0,147
2026-08-10T11:00:00Z,96.0,96.005,96.0,96.0,270.0,96.0,47
2026-08-10T11:15:00Z,96.0,96.005,96.0,96.0,127.0,96.0035,31
2026-08-10T11:30:00Z,96.0,96.005,96.0,96.0,153.0,96.0,17
2026-08-10T11:45:00Z,96.0,96.0,95.99,95.995,8892.0,95.9965,211
2026-08-10T12:00:00Z,95.995,96.0,95.995,95.995,1554.0,95.9955,59
2026-08-10T12:15:00Z,95.995,96.0,95.985,95.995,7461.0,95.9935,181
2026-08-10T12:30:00Z,95.995,96.0,95.99,95.99,9861.0,95.995,129
2026-08-10T12:45:00Z,95.995,95.995,95.99,95.995,7930.0,95.995,211
2026-08-10T13:00:00Z,95.995,96.0,95.99,95.995,1529.0,95.9955,62
2026-08-10T13:15:00Z,95.995,96.0,95.99,95.995,5183.0,95.995,115
2026-08-10T13:30:00Z,95.995,96.0,95.99,95.99,3749.0,95.995,106
2026-08-10T13:45:00Z,95.99,95.995,95.985,95.99,7366.0,95.99,126
2026-08-10T14:00:00Z,95.99,96.0,95.99,95.99,5355.0,95.995,84
2026-08-10T14:15:00Z,95.995,96.0,95.99,95.995,4454.0,95.995,142
2026-08-10T14:30:00Z,95.995,96.0,95.995,95.995,339.0,95.998,62
2026-08-10T14:45:00Z,95.995,96.0,95.995,96.0,1534.0,95.995,59
2026-08-10T15:00:00Z,95.995,96.0,95.99,95.99,3383.0,95.9945,120
2026-08-10T15:15:00Z,95.99,95.995,95.99,95.99,792.0,95.99,63
2026-08-10T15:30:00Z,95.99,95.995,95.98,95.98,8728.0,95.987,175
2026-08-10T15:45:00Z,95.98,95.99,95.98,95.985,8090.0,95.985,117
2026-08-10T16:00:00Z,95.985,95.99,95.985,95.985,5519.0,95.985,60
2026-08-10T16:15:00Z,95.985,95.99,95.98,95.985,3486.0,95.985,68
2026-08-10T16:30:00Z,95.985,95.985,95.98,95.985,3698.0,95.985,100
2026-08-10T16:45:00Z,95.98,95.985,95.98,95.98,900.0,95.9845,23
2026-08-10T17:00:00Z,95.98,95.985,95.98,95.98,227.0,95.984,27
2026-08-10T17:15:00Z,95.98,95.985,95.98,95.98,510.0,95.9835,26
2026-08-10T17:30:00Z,95.985,95.985,95.98,95.98,3027.0,95.9835,33
2026-08-10T17:45:00Z,95.98,95.985,95.98,95.985,1224.0,95.98,22
2026-08-10T18:00:00Z,95.98,95.985,95.98,95.98,2693.0,95.98,82
2026-08-10T18:15:00Z,95.98,95.985,95.98,95.98,1112.0,95.9815,55
2026-08-10T18:30:00Z,95.98,95.985,95.98,95.98,130.0,95.9825,36
2026-08-10T18:45:00Z,95.98,95.985,95.98,95.98,766.0,95.982,137
2026-08-10T19:00:00Z,95.98,95.985,95.98,95.98,513.0,95.9805,75
2026-08-10T19:15:00Z,95.98,95.985,95.98,95.98,2404.0,95.98,38
2026-08-10T19:30:00Z,95.98,95.98,95.975,95.98,7421.0,95.98,156
2026-08-10T19:45:00Z,95.975,95.98,95.975,95.975,1940.0,95.979,36
2026-08-10T20:00:00Z,95.98,95.985,95.975,95.98,2432.0,95.9805,45
2026-08-10T20:15:00Z,95.98,95.98,95.98,95.98,93.0,95.98,17
2026-08-10T20:30:00Z,95.98,95.985,95.98,95.98,2721.0,95.98,60
2026-08-10T20:45:00Z,95.98,95.985,95.98,95.98,2063.0,95.98,144
2026-08-10T22:00:00Z,95.98,95.985,95.98,95.985,384.0,95.985,3
2026-08-10T22:15:00Z,95.985,95.985,95.985,95.985,6.0,95.985,1
2026-08-10T22:30:00Z,95.985,95.985,95.985,95.985,0.0,95.985,0
2026-08-10T22:45:00Z,95.985,95.985,95.985,95.985,0.0,95.985,0
2026-08-10T23:00:00Z,95.985,95.985,95.985,95.985,0.0,95.985,0
2026-08-10T23:15:00Z,95.985,95.985,95.985,95.985,0.0,95.985,0
2026-08-10T23:30:00Z,95.985,95.985,95.985,95.985,0.0,95.985,0
2026-08-10T23:45:00Z,95.985,95.985,95.985,95.985,36.0,95.985,5
2026-08-11T00:00:00Z,95.985,95.985,95.985,95.985,50.0,95.985,1
2026-08-11T00:15:00Z,95.985,95.985,95.985,95.985,1.0,95.985,1
2026-08-11T00:30:00Z,95.985,95.985,95.985,95.985,200.0,95.985,1
2026-08-11T00:45:00Z,95.985,95.985,95.985,95.985,200.0,95.985,1
2026-08-11T01:00:00Z,95.985,95.985,95.985,95.985,0.0,95.985,0
2026-08-11T01:15:00Z,95.985,95.985,95.985,95.985,0.0,95.985,0
2026-08-11T01:30:00Z,95.985,95.985,95.985,95.985,362.0,95.985,2
2026-08-11T01:45:00Z,95.985,95.985,95.985,95.985,0.0,95.985,0
2026-08-11T02:00:00Z,95.985,95.985,95.985,95.985,20.0,95.985,1
2026-08-11T02:15:00Z,95.98,95.98,95.975,95.975,1024.0,95.98,16
2026-08-11T02:30:00Z,95.98,95.98,95.98,95.98,978.0,95.98,4
2026-08-11T02:45:00Z,95.98,95.98,95.98,95.98,583.0,95.98,2
2026-08-11T03:00:00Z,95.98,95.98,95.98,95.98,606.0,95.98,6
2026-08-11T03:15:00Z,95.98,95.98,95.98,95.98,100.0,95.98,1
2026-08-11T03:30:00Z,95.985,95.985,95.985,95.985,2.0,95.985,1
2026-08-11T03:45:00Z,95.985,95.985,95.985,95.985,0.0,95.985,0
2026-08-11T04:00:00Z,95.985,95.985,95.985,95.985,0.0,95.985,0
2026-08-11T04:15:00Z,95.985,95.985,95.985,95.985,0.0,95.985,0
2026-08-11T04:30:00Z,95.985,95.985,95.985,95.985,0.0,95.985,0
2026-08-11T04:45:00Z,95.985,95.985,95.985,95.985,71.0,95.985,2
2026-08-11T05:00:00Z,95.985,95.985,95.985,95.985,0.0,95.985,0
2026-08-11T05:15:00Z,95.985,95.985,95.985,95.985,105.0,95.985,1
2026-08-11T05:30:00Z,95.985,95.985,95.985,95.985,113.0,95.985,3
2026-08-11T05:45:00Z,95.985,95.985,95.985,95.985,8.0,95.985,2
2026-08-11T06:00:00Z,95.98,95.98,95.975,95.975,1470.0,95.98,66
2026-08-11T06:15:00Z,95.975,95.975,95.975,95.975,992.0,95.975,51
2026-08-11T06:30:00Z,95.975,95.975,95.975,95.975,2908.0,95.975,47
2026-08-11T06:45:00Z,95.975,95.975,95.975,95.975,179.0,95.975,7
2026-08-11T07:00:00Z,95.97,95.975,95.97,95.975,999.0,95.975,7
2026-08-11T07:15:00Z,95.975,95.975,95.97,95.97,226.0,95.9735,5
2026-08-11T07:30:00Z,95.97,95.975,95.97,95.97,621.0,95.97,30
2026-08-11T07:45:00Z,95.975,95.975,95.97,95.97,3595.0,95.97,75
2026-08-11T08:00:00Z,95.97,95.975,95.97,95.975,562.0,95.975,6
2026-08-11T08:15:00Z,95.975,95.98,95.975,95.98,3967.0,95.975,10
2026-08-11T08:30:00Z,95.975,95.975,95.975,95.975,579.0,95.975,4
2026-08-11T08:45:00Z,95.975,95.975,95.975,95.975,1851.0,95.975,100
2026-08-11T09:00:00Z,95.975,95.98,95.975,95.98,1246.0,95.9755,16
2026-08-11T09:15:00Z,95.98,95.98,95.98,95.98,83.0,95.98,3
2026-08-11T09:30:00Z,95.98,95.98,95.98,95.98,211.0,95.98,3
2026-08-11T09:45:00Z,95.975,95.98,95.975,95.98,1592.0,95.9795,18
2026-08-11T10:00:00Z,95.98,95.985,95.98,95.98,4375.0,95.98,92
2026-08-11T10:15:00Z,95.98,95.985,95.98,95.985,2513.0,95.985,54
2026-08-11T10:30:00Z,95.985,95.99,95.985,95.985,3488.0,95.985,108
2026-08-11T10:45:00Z,95.985,95.985,95.985,95.985,1357.0,95.985,18
2026-08-11T11:00:00Z,95.98,96.0,95.98,96.0,10726.0,95.996,297
2026-08-11T11:15:00Z,96.0,96.0,95.99,95.995,3123.0,95.995,34
2026-08-11T11:30:00Z,95.995,95.995,95.99,95.995,3778.0,95.995,21
2026-08-11T11:45:00Z,95.995,95.995,95.99,95.995,3862.0,95.995,75
2026-08-11T12:00:00Z,95.995,96.005,95.995,96.005,3769.0,96.0,104
2026-08-11T12:15:00Z,96.005,96.005,95.99,96.0,7087.0,95.9985,181
2026-08-11T12:30:00Z,95.995,96.0,95.995,95.995,426.0,95.9985,18
2026-08-11T12:45:00Z,95.995,96.005,95.995,95.995,4235.0,96.0,76
2026-08-11T13:00:00Z,96.0,96.005,96.0,96.0,3235.0,96.002,129
2026-08-11T13:15:00Z,96.0,96.01,96.0,96.005,8043.0,96.0045,146
2026-08-11T13:30:00Z,96.005,96.005,96.005,96.005,6173.0,96.005,85
2026-08-11T13:45:00Z,96.01,96.01,96.005,96.005,13104.0,96.0065,378
2026-08-11T14:00:00Z,96.005,96.005,96.0,96.0,2519.0,96.005,158
2026-08-11T14:15:00Z,96.0,96.0,95.995,96.0,6781.0,95.9995,267
2026-08-11T14:30:00Z,95.995,96.0,95.995,95.995,2527.0,95.995,80
2026-08-11T14:45:00Z,95.995,96.0,95.995,95.995,954.0,95.9965,41
2026-08-11T15:00:00Z,95.995,96.0,95.995,95.995,8533.0,95.995,125
2026-08-11T15:15:00Z,95.995,96.0,95.99,95.995,3340.0,95.995,171
2026-08-11T15:30:00Z,95.99,95.995,95.99,95.995,4372.0,95.992,95
2026-08-11T15:45:00Z,95.995,96.0,95.99,95.995,10552.0,95.9955,180
2026-08-11T16:00:00Z,95.995,96.0,95.995,95.995,5323.0,95.9995,104
2026-08-11T16:15:00Z,95.995,96.0,95.995,95.995,593.0,95.9985,23
2026-08-11T16:30:00Z,95.995,96.0,95.995,95.995,281.0,95.997,35
2026-08-11T16:45:00Z,95.995,96.0,95.995,95.995,4883.0,95.995,155
2026-08-11T17:00:00Z,96.0,96.0,95.995,95.995,904.0,95.996,102
2026-08-11T17:15:00Z,95.995,96.0,95.995,95.995,3355.0,95.9955,147
2026-08-11T17:30:00Z,95.995,95.995,95.995,95.995,150.0,95.995,30
2026-08-11T17:45:00Z,95.995,96.0,95.995,95.995,352.0,95.9955,25
2026-08-11T18:00:00Z,95.995,96.0,95.995,96.0,281.0,95.995,25
2026-08-11T18:15:00Z,96.0,96.0,95.995,95.995,4298.0,96.0,413
2026-08-11T18:30:00Z,96.0,96.005,95.995,96.0,3919.0,96.0,81
2026-08-11T18:45:00Z,96.0,96.005,96.0,96.0,475.0,96.0035,49
2026-08-11T19:00:00Z,96.005,96.005,96.0,96.005,365.0,96.0005,18
2026-08-11T19:15:00Z,96.005,96.005,95.995,96.005,11750.0,96.0,201
2026-08-11T19:30:00Z,96.0,96.005,95.995,96.0,6005.0,96.0005,67
2026-08-11T19:45:00Z,96.0,96.0,95.995,95.995,2167.0,96.0,73
2026-08-11T20:00:00Z,96.0,96.005,95.995,96.0,3675.0,96.0,64
2026-08-11T20:15:00Z,96.005,96.005,96.0,96.0,139.0,96.0005,26
2026-08-11T20:30:00Z,96.0,96.005,96.0,96.0,447.0,96.001,47
2026-08-11T20:45:00Z,96.0,96.005,96.0,96.005,3229.0,96.0045,44
2026-08-11T22:30:00Z,96.005,96.005,96.005,96.005,652.0,96.005,29
2026-08-11T22:45:00Z,96.005,96.005,96.005,96.005,0.0,96.005,0
2026-08-11T23:00:00Z,96.005,96.005,96.005,96.005,24.0,96.005,1
2026-08-11T23:15:00Z,96.005,96.005,96.005,96.005,142.0,96.005,12
2026-08-11T23:30:00Z,96.005,96.005,96.005,96.005,54.0,96.005,3
2026-08-11T23:45:00Z,96.005,96.005,96.005,96.005,984.0,96.005,7
2026-08-12T00:00:00Z,96.005,96.005,96.005,96.005,166.0,96.005,6
2026-08-12T00:15:00Z,96.005,96.01,96.005,96.005,105.0,96.005,3
2026-08-12T00:30:00Z,96.005,96.005,96.005,96.005,246.0,96.005,10
2026-08-12T00:45:00Z,96.005,96.005,96.005,96.005,121.0,96.005,3
2026-08-12T01:00:00Z,96.0,96.0,96.0,96.0,750.0,96.0,1
2026-08-12T01:15:00Z,96.0,96.0,96.0,96.0,7.0,96.0,2
2026-08-12T01:30:00Z,96.005,96.005,96.005,96.005,2.0,96.005,1
2026-08-12T01:45:00Z,96.005,96.005,96.005,96.005,488.0,96.005,6
2026-08-12T02:00:00Z,96.005,96.005,96.005,96.005,153.0,96.005,3
2026-08-12T02:15:00Z,96.005,96.005,96.005,96.005,3238.0,96.005,80
2026-08-12T02:30:00Z,96.005,96.005,96.005,96.005,102.0,96.005,3
2026-08-12T02:45:00Z,96.005,96.005,96.005,96.005,227.0,96.005,3
2026-08-12T03:00:00Z,96.005,96.005,96.005,96.005,1290.0,96.005,19
2026-08-12T03:15:00Z,96.005,96.005,96.005,96.005,69.0,96.005,7
2026-08-12T03:30:00Z,96.005,96.005,96.005,96.005,703.0,96.005,12
2026-08-12T03:45:00Z,96.005,96.005,96.005,96.005,204.0,96.005,4
2026-08-12T04:00:00Z,96.005,96.005,96.005,96.005,0.0,96.005,0
2026-08-12T04:15:00Z,96.005,96.005,96.005,96.005,0.0,96.005,0
2026-08-12T04:30:00Z,96.005,96.005,96.005,96.005,62.0,96.005,2
2026-08-12T04:45:00Z,96.005,96.005,96.005,96.005,1266.0,96.005,47
2026-08-12T05:00:00Z,96.005,96.005,96.005,96.005,710.0,96.005,10
2026-08-12T05:15:00Z,96.005,96.005,96.005,96.005,775.0,96.005,16
2026-08-12T05:30:00Z,96.005,96.005,96.005,96.005,0.0,96.005,0
2026-08-12T05:45:00Z,96.005,96.005,96.005,96.005,210.0,96.005,1
2026-08-12T06:00:00Z,96.005,96.005,96.0,96.005,706.0,96.0035,31
2026-08-12T06:15:00Z,96.005,96.005,96.005,96.005,1495.0,96.005,29
2026-08-12T06:30:00Z,96.005,96.01,96.005,96.005,2040.0,96.005,80
2026-08-12T06:45:00Z,96.005,96.01,96.005,96.01,1921.0,96.0085,31
2026-08-12T07:00:00Z,96.005,96.005,96.005,96.005,509.0,96.005,7
2026-08-12T07:15:00Z,96.005,96.005,96.005,96.005,205.0,96.005,2
2026-08-12T07:30:00Z,96.005,96.01,96.005,96.01,409.0,96.0065,8
2026-08-12T07:45:00Z,96.01,96.01,96.005,96.005,230.0,96.0085,4
2026-08-12T08:00:00Z,96.01,96.01,96.01,96.01,60.0,96.01,5
2026-08-12T08:15:00Z,96.01,96.015,96.01,96.01,7991.0,96.01,148
2026-08-12T08:30:00Z,96.01,96.01,96.01,96.01,236.0,96.01,8
2026-08-12T08:45:00Z,96.01,96.015,96.005,96.01,4242.0,96.01,71
2026-08-12T09:00:00Z,96.01,96.015,96.01,96.01,1230.0,96.01,42
2026-08-12T09:15:00Z,96.01,96.025,96.01,96.02,9076.0,96.018,343
2026-08-12T09:30:00Z,96.02,96.02,96.015,96.015,4208.0,96.0195,82
2026-08-12T09:45:00Z,96.015,96.02,96.01,96.015,1831.0,96.015,41
2026-08-12T10:00:00Z,96.01,96.015,96.01,96.015,594.0,96.015,23
2026-08-12T10:15:00Z,96.015,96.015,96.015,96.015,1160.0,96.015,42
2026-08-12T10:30:00Z,96.015,96.02,96.015,96.015,3110.0,96.015,38
2026-08-12T10:45:00Z,96.02,96.02,96.005,96.015,7828.0,96.012,95
2026-08-12T11:00:00Z,96.015,96.02,96.015,96.02,912.0,96.0195,16
2026-08-12T11:15:00Z,96.015,96.025,96.015,96.025,14445.0,96.02,45
2026-08-12T11:30:00Z,96.02,96.025,96.02,96.025,7818.0,96.0205,61
2026-08-12T11:45:00Z,96.025,96.025,96.02,96.025,1868.0,96.0245,27
2026-08-12T12:00:00Z,96.02,96.02,96.015,96.015,21911.0,96.018,207
2026-08-12T12:15:00Z,96.02,96.03,96.015,96.025,19537.0,96.0225,499
2026-08-12T12:30:00Z,96.03,96.08,95.995,96.045,102616.0,96.0315,1679
2026-08-12T12:45:00Z,96.045,96.045,96.03,96.045,23183.0,96.0405,358
2026-08-12T13:00:00Z,96.045,96.065,96.045,96.045,46243.0,96.055,823
2026-08-12T13:15:00Z,96.045,96.05,96.045,96.05,7453.0,96.049,156
2026-08-12T13:30:00Z,96.05,96.05,96.04,96.04,21529.0,96.0445,340
2026-08-12T13:45:00Z,96.04,96.05,96.04,96.045,7426.0,96.043,287
2026-08-12T14:00:00Z,96.045,96.045,96.035,96.035,10698.0,96.0395,116
2026-08-12T14:15:00Z,96.035,96.04,96.035,96.035,9247.0,96.04,60
2026-08-12T14:30:00Z,96.04,96.04,96.03,96.035,16769.0,96.038,292
2026-08-12T14:45:00Z,96.035,96.04,96.03,96.035,7852.0,96.035,74
2026-08-12T15:00:00Z,96.035,96.04,96.03,96.04,8038.0,96.035,104
2026-08-12T15:15:00Z,96.035,96.04,96.035,96.04,542.0,96.039,12
2026-08-12T15:30:00Z,96.04,96.04,96.035,96.035,5108.0,96.0355,45
2026-08-12T15:45:00Z,96.035,96.04,96.035,96.035,3402.0,96.035,56
2026-08-12T16:00:00Z,96.04,96.04,96.035,96.035,1021.0,96.0365,22
2026-08-12T16:15:00Z,96.04,96.04,96.035,96.035,902.0,96.0385,15
2026-08-12T16:30:00Z,96.04,96.04,96.035,96.04,1572.0,96.0385,182
2026-08-12T16:45:00Z,96.04,96.04,96.035,96.035,5279.0,96.036,109
2026-08-12T17:00:00Z,96.035,96.04,96.035,96.04,3741.0,96.0355,50
2026-08-12T17:15:00Z,96.035,96.04,96.035,96.04,282.0,96.0385,26
2026-08-12T17:30:00Z,96.04,96.04,96.035,96.035,3783.0,96.035,76
2026-08-12T17:45:00Z,96.035,96.035,96.025,96.03,4710.0,96.03,53
2026-08-12T18:00:00Z,96.025,96.035,96.025,96.03,2850.0,96.0295,84
2026-08-12T18:15:00Z,96.03,96.03,96.025,96.025,1143.0,96.029,31
2026-08-12T18:30:00Z,96.03,96.03,96.025,96.025,1635.0,96.026,26
2026-08-12T18:45:00Z,96.03,96.03,96.025,96.025,2808.0,96.026,107
2026-08-12T19:00:00Z,96.03,96.03,96.025,96.025,1857.0,96.028,27
2026-08-12T19:15:00Z,96.025,96.03,96.025,96.025,2719.0,96.025,74
2026-08-12T19:30:00Z,96.03,96.03,96.025,96.03,7031.0,96.025,157
2026-08-12T19:45:00Z,96.025,96.03,96.025,96.025,1149.0,96.025,37
2026-08-12T20:00:00Z,96.025,96.025,96.02,96.025,7216.0,96.025,86
2026-08-12T20:15:00Z,96.02,96.025,96.02,96.02,445.0,96.0245,18
2026-08-12T20:30:00Z,96.02,96.025,96.02,96.02,3366.0,96.023,74
2026-08-12T20:45:00Z,96.02,96.025,96.02,96.025,2155.0,96.0205,126
2026-08-12T22:00:00Z,96.025,96.025,96.025,96.025,2.0,96.025,1
2026-08-12T22:15:00Z,96.025,96.025,96.025,96.025,1069.0,96.025,16
2026-08-12T22:30:00Z,96.025,96.025,96.025,96.025,155.0,96.025,11
2026-08-12T22:45:00Z,96.025,96.025,96.025,96.025,29.0,96.025,1
2026-08-12T23:00:00Z,96.025,96.025,96.025,96.025,262.0,96.025,15
2026-08-12T23:15:00Z,96.025,96.025,96.025,96.025,0.0,96.025,0
2026-08-12T23:30:00Z,96.025,96.025,96.025,96.025,0.0,96.025,0
2026-08-12T23:45:00Z,96.03,96.03,96.03,96.03,1197.0,96.03,19
2026-08-13T00:00:00Z,96.03,96.03,96.03,96.03,417.0,96.03,13
2026-08-13T00:15:00Z,96.03,96.03,96.03,96.03,962.0,96.03,11
2026-08-13T00:30:00Z,96.035,96.035,96.03,96.035,201.0,96.0345,4
2026-08-13T00:45:00Z,96.035,96.035,96.035,96.035,276.0,96.035,15
2026-08-13T01:00:00Z,96.035,96.035,96.035,96.035,635.0,96.035,37
2026-08-13T01:15:00Z,96.035,96.04,96.035,96.04,657.0,96.035,21
2026-08-13T01:30:00Z,96.04,96.04,96.04,96.04,739.0,96.04,12
2026-08-13T01:45:00Z,96.04,96.04,96.04,96.04,2.0,96.04,2
2026-08-13T02:00:00Z,96.04,96.04,96.04,96.04,28.0,96.04,2
2026-08-13T02:15:00Z,96.04,96.04,96.035,96.035,196.0,96.035,13
2026-08-13T02:30:00Z,96.04,96.04,96.035,96.035,144.0,96.035,2
2026-08-13T02:45:00Z,96.035,96.04,96.035,96.035,205.0,96.0385,4
2026-08-13T03:00:00Z,96.035,96.04,96.035,96.04,29.0,96.0355,2
2026-08-13T03:15:00Z,96.035,96.04,96.035,96.04,221.0,96.0375,3
2026-08-13T03:30:00Z,96.04,96.04,96.04,96.04,0.0,96.04,0
2026-08-13T03:45:00Z,96.04,96.04,96.04,96.04,0.0,96.04,0
2026-08-13T04:00:00Z,96.035,96.035,96.035,96.035,206.0,96.035,2
2026-08-13T04:15:00Z,96.035,96.035,96.035,96.035,0.0,96.035,0
2026-08-13T04:30:00Z,96.035,96.035,96.035,96.035,0.0,96.035,0
2026-08-13T04:45:00Z,96.035,96.04,96.035,96.04,426.0,96.039,9
2026-08-13T05:00:00Z,96.04,96.04,96.04,96.04,1142.0,96.04,6
2026-08-13T05:15:00Z,96.04,96.04,96.04,96.04,613.0,96.04,15
2026-08-13T05:30:00Z,96.04,96.04,96.04,96.04,420.0,96.04,3
2026-08-13T05:45:00Z,96.04,96.04,96.04,96.04,1454.0,96.04,47
2026-08-13T06:00:00Z,96.04,96.04,96.04,96.04,474.0,96.04,34
2026-08-13T06:15:00Z,96.04,96.04,96.04,96.04,580.0,96.04,8
2026-08-13T06:30:00Z,96.04,96.04,96.035,96.035,146.0,96.0355,5
2026-08-13T06:45:00Z,96.04,96.04,96.04,96.04,5098.0,96.04,35
2026-08-13T07:00:00Z,96.04,96.04,96.04,96.04,2460.0,96.04,61
2026-08-13T07:15:00Z,96.04,96.04,96.035,96.04,339.0,96.04,9
2026-08-13T07:30:00Z,96.04,96.045,96.04,96.045,3979.0,96.044,82
2026-08-13T07:45:00Z,96.045,96.05,96.045,96.05,569.0,96.045,43
2026-08-13T08:00:00Z,96.045,96.045,96.045,96.045,1731.0,96.045,55
2026-08-13T08:15:00Z,96.045,96.045,96.045,96.045,3671.0,96.045,48
2026-08-13T08:30:00Z,96.045,96.05,96.04,96.05,498.0,96.045,9
2026-08-13T08:45:00Z,96.05,96.05,96.045,96.05,159.0,96.05,5
2026-08-13T09:00:00Z,96.05,96.05,96.05,96.05,4944.0,96.05,88
2026-08-13T09:15:00Z,96.05,96.05,96.045,96.05,263.0,96.05,7
2026-08-13T09:30:00Z,96.05,96.05,96.045,96.045,235.0,96.046,7
2026-08-13T09:45:00Z,96.045,96.05,96.045,96.05,8.0,96.0475,6
2026-08-13T10:00:00Z,96.05,96.05,96.045,96.045,3482.0,96.045,77
2026-08-13T10:15:00Z,96.045,96.045,96.045,96.045,515.0,96.045,24
2026-08-13T10:30:00Z,96.05,96.05,96.045,96.045,1281.0,96.045,29
2026-08-13T10:45:00Z,96.045,96.05,96.045,96.045,2889.0,96.045,79
2026-08-13T11:00:00Z,96.045,96.045,96.04,96.045,4872.0,96.0405,110
2026-08-13T11:15:00Z,96.04,96.045,96.04,96.04,4233.0,96.0405,169
2026-08-13T11:30:00Z,96.035,96.04,96.035,96.035,2986.0,96.04,83
2026-08-13T11:45:00Z,96.04,96.045,96.04,96.04,5247.0,96.04,65
2026-08-13T12:00:00Z,96.04,96.045,96.035,96.035,5613.0,96.039,142
2026-08-13T12:15:00Z,96.04,96.045,96.035,96.04,6970.0,96.04,131
2026-08-13T12:30:00Z,96.04,96.06,96.035,96.055,55820.0,96.049,655
2026-08-13T12:45:00Z,96.055,96.075,96.055,96.075,25474.0,96.0625,369
2026-08-13T13:00:00Z,96.07,96.075,96.06,96.07,41891.0,96.0675,437
2026-08-13T13:15:00Z,96.07,96.075,96.065,96.065,9079.0,96.069,321
2026-08-13T13:30:00Z,96.065,96.07,96.06,96.07,23223.0,96.065,328
2026-08-13T13:45:00Z,96.07,96.08,96.065,96.08,16206.0,96.0735,309
2026-08-13T14:00:00Z,96.075,96.09,96.075,96.09,16307.0,96.081,281
2026-08-13T14:15:00Z,96.085,96.09,96.075,96.08,14093.0,96.0805,303
2026-08-13T14:30:00Z,96.08,96.08,96.07,96.07,15175.0,96.075,432
2026-08-13T14:45:00Z,96.07,96.075,96.07,96.075,5481.0,96.0705,128
2026-08-13T15:00:00Z,96.07,96.08,96.07,96.075,5741.0,96.0745,143
2026-08-13T15:15:00Z,96.075,96.08,96.07,96.07,15733.0,96.073,275
2026-08-13T15:30:00Z,96.075,96.075,96.065,96.07,5058.0,96.07,187
2026-08-13T15:45:00Z,96.07,96.07,96.065,96.07,869.0,96.066,35
2026-08-13T16:00:00Z,96.065,96.07,96.06,96.06,9179.0,96.0665,140
2026-08-13T16:15:00Z,96.065,96.07,96.06,96.065,8613.0,96.065,177
2026-08-13T16:30:00Z,96.065,96.075,96.065,96.07,6592.0,96.07,178
2026-08-13T16:45:00Z,96.07,96.07,96.065,96.065,469.0,96.07,33
2026-08-13T17:00:00Z,96.07,96.07,96.065,96.07,233.0,96.07,20
2026-08-13T17:15:00Z,96.07,96.07,96.065,96.07,780.0,96.0675,31
2026-08-13T17:30:00Z,96.07,96.07,96.065,96.07,356.0,96.0695,24
2026-08-13T17:45:00Z,96.07,96.07,96.065,96.065,5932.0,96.065,108
2026-08-13T18:00:00Z,96.065,96.075,96.065,96.075,3161.0,96.07,50
2026-08-13T18:15:00Z,96.075,96.075,96.065,96.075,2677.0,96.0705,71
2026-08-13T18:30:00Z,96.07,96.08,96.07,96.075,2151.0,96.075,47
2026-08-13T18:45:00Z,96.08,96.08,96.07,96.08,5044.0,96.075,155
2026-08-13T19:00:00Z,96.08,96.08,96.075,96.075,3015.0,96.0755,134
2026-08-13T19:15:00Z,96.08,96.08,96.075,96.075,1467.0,96.0755,110
2026-08-13T19:30:00Z,96.075,96.08,96.075,96.075,5032.0,96.075,130
2026-08-13T19:45:00Z,96.075,96.075,96.07,96.075,4095.0,96.0745,128
2026-08-13T20:00:00Z,96.07,96.075,96.07,96.075,590.0,96.0705,58
2026-08-13T20:15:00Z,96.07,96.075,96.07,96.07,4377.0,96.07,187
2026-08-13T20:30:00Z,96.07,96.075,96.07,96.07,513.0,96.071,30
2026-08-13T20:45:00Z,96.075,96.08,96.07,96.075,3122.0,96.075,195
2026-08-13T22:00:00Z,96.075,96.075,96.075,96.075,44.0,96.075,2
2026-08-13T22:15:00Z,96.075,96.075,96.075,96.075,0.0,96.075,0
2026-08-13T22:30:00Z,96.075,96.075,96.075,96.075,0.0,96.075,0
2026-08-13T22:45:00Z,96.075,96.075,96.075,96.075,20.0,96.075,12
2026-08-13T23:00:00Z,96.075,96.08,96.07,96.07,3797.0,96.074,66
2026-08-13T23:15:00Z,96.07,96.075,96.07,96.075,188.0,96.0705,6
2026-08-13T23:30:00Z,96.075,96.075,96.075,96.075,0.0,96.075,0
2026-08-13T23:45:00Z,96.07,96.07,96.07,96.07,26.0,96.07,2
2026-08-14T00:00:00Z,96.07,96.07,96.07,96.07,0.0,96.07,0
2026-08-14T00:15:00Z,96.075,96.075,96.07,96.07,2243.0,96.0705,74
2026-08-14T00:30:00Z,96.07,96.07,96.07,96.07,29.0,96.07,4
2026-08-14T00:45:00Z,96.07,96.07,96.07,96.07,607.0,96.07,15
2026-08-14T01:00:00Z,96.07,96.07,96.065,96.065,126.0,96.069,7
2026-08-14T01:15:00Z,96.065,96.065,96.065,96.065,387.0,96.065,12
2026-08-14T01:30:00Z,96.07,96.07,96.07,96.07,926.0,96.07,51
2026-08-14T01:45:00Z,96.07,96.07,96.07,96.07,361.0,96.07,31
2026-08-14T02:00:00Z,96.07,96.075,96.07,96.075,3502.0,96.073,53
2026-08-14T02:15:00Z,96.075,96.075,96.075,96.075,883.0,96.075,15
2026-08-14T02:30:00Z,96.07,96.07,96.07,96.07,127.0,96.07,2
2026-08-14T02:45:00Z,96.07,96.07,96.07,96.07,981.0,96.07,18
2026-08-14T03:00:00Z,96.07,96.07,96.07,96.07,907.0,96.07,18
2026-08-14T03:15:00Z,96.07,96.07,96.07,96.07,577.0,96.07,10
2026-08-14T03:30:00Z,96.07,96.07,96.07,96.07,196.0,96.07,5
2026-08-14T03:45:00Z,96.07,96.07,96.07,96.07,41.0,96.07,11
2026-08-14T04:00:00Z,96.07,96.07,96.07,96.07,656.0,96.07,13
2026-08-14T04:15:00Z,96.07,96.07,96.07,96.07,605.0,96.07,13
2026-08-14T04:30:00Z,96.07,96.07,96.07,96.07,15.0,96.07,3
2026-08-14T04:45:00Z,96.07,96.07,96.07,96.07,536.0,96.07,11
2026-08-14T05:00:00Z,96.07,96.07,96.07,96.07,875.0,96.07,11
2026-08-14T05:15:00Z,96.07,96.07,96.07,96.07,1.0,96.07,1
2026-08-14T05:30:00Z,96.075,96.075,96.07,96.07,573.0,96.07,17
2026-08-14T05:45:00Z,96.07,96.075,96.07,96.07,816.0,96.07,18
2026-08-14T06:00:00Z,96.07,96.07,96.07,96.07,12.0,96.07,4
2026-08-14T06:15:00Z,96.07,96.07,96.07,96.07,2467.0,96.07,53
2026-08-14T06:30:00Z,96.07,96.07,96.07,96.07,2381.0,96.07,55
2026-08-14T06:45:00Z,96.07,96.07,96.07,96.07,1099.0,96.07,22
2026-08-14T07:00:00Z,96.07,96.07,96.065,96.065,1843.0,96.0655,49
2026-08-14T07:15:00Z,96.065,96.07,96.065,96.065,1153.0,96.0655,27
2026-08-14T07:30:00Z,96.065,96.07,96.065,96.07,1668.0,96.0695,40
2026-08-14T07:45:00Z,96.07,96.07,96.07,96.07,1811.0,96.07,98
2026-08-14T08:00:00Z,96.07,96.07,96.065,96.07,797.0,96.07,14
2026-08-14T08:15:00Z,96.07,96.075,96.07,96.075,2160.0,96.073,29
2026-08-14T08:30:00Z,96.075,96.075,96.075,96.075,1211.0,96.075,25
2026-08-14T08:45:00Z,96.075,96.075,96.07,96.075,253.0,96.0745,24
2026-08-14T09:00:00Z,96.07,96.075,96.07,96.075,1444.0,96.0705,11
2026-08-14T09:15:00Z,96.075,96.075,96.07,96.075,1301.0,96.075,50
2026-08-14T09:30:00Z,96.075,96.075,96.075,96.075,376.0,96.075,7
2026-08-14T09:45:00Z,96.075,96.075,96.075,96.075,1114.0,96.075,44
2026-08-14T10:00:00Z,96.075,96.08,96.075,96.08,2154.0,96.0785,48
2026-08-14T10:15:00Z,96.08,96.085,96.08,96.08,2014.0,96.08,115
2026-08-14T10:30:00Z,96.08,96.08,96.08,96.08,1015.0,96.08,56
2026-08-14T10:45:00Z,96.08,96.08,96.08,96.08,361.0,96.08,7
2026-08-14T11:00:00Z,96.085,96.09,96.08,96.085,2211.0,96.085,30
2026-08-14T11:15:00Z,96.09,96.09,96.085,96.085,6831.0,96.09,117
2026-08-14T11:30:00Z,96.085,96.095,96.085,96.095,3964.0,96.089,84
2026-08-14T11:45:00Z,96.095,96.095,96.09,96.095,8267.0,96.095,194
2026-08-14T12:00:00Z,96.1,96.105,96.095,96.095,20742.0,96.097,253
2026-08-14T12:15:00Z,96.095,96.105,96.095,96.105,6468.0,96.0975,184
2026-08-14T12:30:00Z,96.105,96.12,96.095,96.105,43651.0,96.1095,473
2026-08-14T12:45:00Z,96.1,96.105,96.095,96.1,6013.0,96.098,100
2026-08-14T13:00:00Z,96.095,96.095,96.09,96.09,6345.0,96.0905,166
2026-08-14T13:15:00Z,96.09,96.1,96.085,96.095,11879.0,96.0925,205
2026-08-14T13:30:00Z,96.095,96.1,96.095,96.1,2913.0,96.0955,103
2026-08-14T13:45:00Z,96.095,96.1,96.09,96.095,3187.0,96.0945,78
2026-08-14T14:00:00Z,96.095,96.1,96.09,96.095,6224.0,96.095,153
2026-08-14T14:15:00Z,96.095,96.1,96.085,96.09,17884.0,96.091,216
2026-08-14T14:30:00Z,96.095,96.095,96.085,96.085,2875.0,96.088,71
2026-08-14T14:45:00Z,96.085,96.09,96.085,96.09,429.0,96.0895,54
2026-08-14T15:00:00Z,96.09,96.095,96.08,96.08,11049.0,96.085,202
2026-08-14T15:15:00Z,96.08,96.085,96.08,96.085,5306.0,96.084,99
2026-08-14T15:30:00Z,96.085,96.085,96.075,96.085,12202.0,96.077,196
2026-08-14T15:45:00Z,96.085,96.085,96.08,96.08,3869.0,96.08,32
2026-08-14T16:00:00Z,96.08,96.08,96.075,96.08,11311.0,96.075,72
2026-08-14T16:15:00Z,96.08,96.08,96.075,96.08,2509.0,96.0755,75
2026-08-14T16:30:00Z,96.08,96.08,96.07,96.07,3600.0,96.0755,93
2026-08-14T16:45:00Z,96.075,96.075,96.07,96.07,2617.0,96.075,30
2026-08-14T17:00:00Z,96.07,96.075,96.065,96.07,8246.0,96.07,238
2026-08-14T17:15:00Z,96.07,96.075,96.065,96.07,7259.0,96.07,118
2026-08-14T17:30:00Z,96.07,96.07,96.065,96.07,2971.0,96.0695,87
2026-08-14T17:45:00Z,96.065,96.07,96.065,96.07,3001.0,96.065,110
2026-08-14T18:00:00Z,96.065,96.07,96.065,96.07,5406.0,96.07,188
2026-08-14T18:15:00Z,96.07,96.07,96.065,96.065,415.0,96.0665,63
2026-08-14T18:30:00Z,96.065,96.07,96.065,96.065,5584.0,96.065,101
2026-08-14T18:45:00Z,96.065,96.07,96.065,96.07,1469.0,96.0685,294
2026-08-14T19:00:00Z,96.07,96.07,96.065,96.065,442.0,96.0675,41
2026-08-14T19:15:00Z,96.07,96.07,96.06,96.07,7946.0,96.065,101
2026-08-14T19:30:00Z,96.065,96.07,96.065,96.065,3931.0,96.065,134
2026-08-14T19:45:00Z,96.07,96.07,96.065,96.07,116.0,96.07,24
2026-08-14T20:00:00Z,96.065,96.075,96.065,96.07,5511.0,96.07,66
2026-08-14T20:15:00Z,96.07,96.07,96.065,96.065,74.0,96.068,10
2026-08-14T20:30:00Z,96.065,96.07,96.065,96.065,751.0,96.067,50
2026-08-14T20:45:00Z,96.065,96.07,96.065,96.065,2510.0,96.065,97
2026-08-16T22:00:00Z,96.065,96.065,96.065,96.065,689.0,96.065,35
2026-08-16T22:15:00Z,96.07,96.075,96.07,96.075,1258.0,96.072,5
2026-08-16T22:30:00Z,96.075,96.075,96.075,96.075,0.0,96.075,0
2026-08-16T22:45:00Z,96.075,96.075,96.075,96.075,15.0,96.075,1
2026-08-16T23:00:00Z,96.07,96.07,96.07,96.07,126.0,96.07,2
2026-08-16T23:15:00Z,96.07,96.07,96.07,96.07,0.0,96.07,0
2026-08-16T23:30:00Z,96.075,96.075,96.075,96.075,1.0,96.075,1
2026-08-16T23:45:00Z,96.075,96.08,96.075,96.075,1137.0,96.075,14
2026-08-17T00:00:00Z,96.075,96.075,96.075,96.075,853.0,96.075,10
2026-08-17T00:15:00Z,96.08,96.08,96.075,96.075,504.0,96.08,2
2026-08-17T00:30:00Z,96.075,96.075,96.075,96.075,639.0,96.075,20
2026-08-17T00:45:00Z,96.075,96.075,96.075,96.075,0.0,96.075,0
2026-08-17T01:00:00Z,96.08,96.08,96.08,96.08,1480.0,96.08,13
2026-08-17T01:15:00Z,96.075,96.075,96.075,96.075,2.0,96.075,2
2026-08-17T01:30:00Z,96.075,96.075,96.075,96.075,342.0,96.075,13
2026-08-17T01:45:00Z,96.075,96.075,96.075,96.075,2474.0,96.075,30
2026-08-17T02:00:00Z,96.075,96.075,96.075,96.075,178.0,96.075,29
2026-08-17T02:15:00Z,96.075,96.075,96.075,96.075,967.0,96.075,23
2026-08-17T02:30:00Z,96.075,96.075,96.075,96.075,7.0,96.075,4
2026-08-17T02:45:00Z,96.075,96.08,96.075,96.075,650.0,96.075,16
2026-08-17T03:00:00Z,96.075,96.075,96.075,96.075,95.0,96.075,1
2026-08-17T03:15:00Z,96.075,96.075,96.075,96.075,1.0,96.075,1
2026-08-17T03:30:00Z,96.075,96.075,96.075,96.075,23.0,96.075,6
2026-08-17T03:45:00Z,96.08,96.08,96.08,96.08,1350.0,96.08,2
2026-08-17T04:00:00Z,96.08,96.08,96.08,96.08,3351.0,96.08,46
2026-08-17T04:15:00Z,96.08,96.08,96.08,96.08,100.0,96.08,1
2026-08-17T04:30:00Z,96.08,96.08,96.08,96.08,58.0,96.08,9
2026-08-17T04:45:00Z,96.08,96.08,96.08,96.08,0.0,96.08,0
2026-08-17T05:00:00Z,96.08,96.08,96.08,96.08,361.0,96.08,3
2026-08-17T05:15:00Z,96.08,96.08,96.08,96.08,263.0,96.08,18
2026-08-17T05:30:00Z,96.08,96.08,96.08,96.08,43.0,96.08,3
2026-08-17T05:45:00Z,96.08,96.08,96.08,96.08,87.0,96.08,2
2026-08-17T06:00:00Z,96.08,96.08,96.08,96.08,1519.0,96.08,55
2026-08-17T06:15:00Z,96.08,96.08,96.08,96.08,609.0,96.08,14
2026-08-17T06:30:00Z,96.08,96.08,96.08,96.08,38.0,96.08,1
2026-08-17T06:45:00Z,96.085,96.085,96.085,96.085,639.0,96.085,16
2026-08-17T07:00:00Z,96.085,96.09,96.085,96.085,746.0,96.09,9
2026-08-17T07:15:00Z,96.085,96.09,96.08,96.085,1958.0,96.085,39
2026-08-17T07:30:00Z,96.085,96.09,96.085,96.085,1704.0,96.0855,50
2026-08-17T07:45:00Z,96.085,96.085,96.08,96.08,742.0,96.081,22
2026-08-17T08:00:00Z,96.08,96.08,96.08,96.08,1255.0,96.08,39
2026-08-17T08:15:00Z,96.08,96.08,96.08,96.08,252.0,96.08,4
2026-08-17T08:30:00Z,96.085,96.085,96.08,96.08,2590.0,96.0825,34
2026-08-17T08:45:00Z,96.075,96.08,96.075,96.08,261.0,96.0785,16
2026-08-17T09:00:00Z,96.08,96.08,96.08,96.08,1586.0,96.08,65
2026-08-17T09:15:00Z,96.085,96.085,96.085,96.085,105.0,96.085,4
2026-08-17T09:30:00Z,96.08,96.08,96.08,96.08,1094.0,96.08,44
2026-08-17T09:45:00Z,96.08,96.085,96.08,96.08,924.0,96.0805,57
2026-08-17T10:00:00Z,96.08,96.08,96.08,96.08,2625.0,96.08,26
2026-08-17T10:15:00Z,96.075,96.09,96.075,96.09,4339.0,96.081,123
2026-08-17T10:30:00Z,96.09,96.09,96.08,96.08,2274.0,96.0825,74
2026-08-17T10:45:00Z,96.08,96.08,96.08,96.08,2976.0,96.08,80
2026-08-17T11:00:00Z,96.08,96.085,96.075,96.075,2463.0,96.08,60
2026-08-17T11:15:00Z,96.08,96.08,96.08,96.08,464.0,96.08,23
2026-08-17T11:30:00Z,96.08,96.08,96.075,96.08,3244.0,96.08,56
2026-08-17T11:45:00Z,96.075,96.08,96.075,96.075,607.0,96.0755,20
2026-08-17T12:00:00Z,96.08,96.08,96.075,96.08,3203.0,96.077,41
2026-08-17T12:15:00Z,96.08,96.08,96.065,96.07,6197.0,96.0735,198
2026-08-17T12:30:00Z,96.07,96.075,96.065,96.065,3942.0,96.07,80
2026-08-17T12:45:00Z,96.065,96.07,96.065,96.07,1839.0,96.07,23
2026-08-17T13:00:00Z,96.075,96.075,96.07,96.075,1030.0,96.075,47
2026-08-17T13:15:00Z,96.075,96.075,96.07,96.075,2016.0,96.0745,51
2026-08-17T13:30:00Z,96.075,96.075,96.07,96.07,1050.0,96.075,47
2026-08-17T13:45:00Z,96.07,96.075,96.07,96.075,5484.0,96.075,141
2026-08-17T14:00:00Z,96.075,96.08,96.075,96.08,2268.0,96.0755,73
2026-08-17T14:15:00Z,96.08,96.08,96.075,96.08,2046.0,96.08,35
2026-08-17T14:30:00Z,96.075,96.085,96.075,96.075,5943.0,96.08,143
2026-08-17T14:45:00Z,96.08,96.08,96.075,96.08,923.0,96.0795,38
2026-08-17T15:00:00Z,96.075,96.08,96.07,96.08,5606.0,96.075,184
2026-08-17T15:15:00Z,96.08,96.08,96.07,96.075,1126.0,96.073,100
2026-08-17T15:30:00Z,96.075,96.075,96.065,96.065,5950.0,96.07,138
2026-08-17T15:45:00Z,96.07,96.07,96.065,96.07,3062.0,96.07,90
2026-08-17T16:00:00Z,96.07,96.075,96.065,96.075,2002.0,96.07,63
2026-08-17T16:15:00Z,96.07,96.075,96.07,96.07,644.0,96.0745,36
2026-08-17T16:30:00Z,96.07,96.075,96.07,96.075,229.0,96.0725,22
2026-08-17T16:45:00Z,96.075,96.075,96.07,96.075,169.0,96.073,20
2026-08-17T17:00:00Z,96.075,96.075,96.07,96.075,4531.0,96.07,76
2026-08-17T17:15:00Z,96.075,96.075,96.065,96.07,2890.0,96.07,62
2026-08-17T17:30:00Z,96.07,96.07,96.065,96.07,1655.0,96.07,56
2026-08-17T17:45:00Z,96.07,96.075,96.065,96.07,3808.0,96.07,138
2026-08-17T18:00:00Z,96.07,96.07,96.06,96.065,3364.0,96.065,101
2026-08-17T18:15:00Z,96.065,96.065,96.055,96.06,9071.0,96.0625,170
2026-08-17T18:30:00Z,96.06,96.06,96.055,96.06,1050.0,96.057,29
2026-08-17T18:45:00Z,96.06,96.065,96.055,96.055,11364.0,96.06,141
2026-08-17T19:00:00Z,96.06,96.065,96.055,96.06,3153.0,96.06,174
2026-08-17T19:15:00Z,96.06,96.06,96.055,96.06,788.0,96.0595,33
2026-08-17T19:30:00Z,96.06,96.06,96.055,96.055,4028.0,96.0595,65
2026-08-17T19:45:00Z,96.06,96.065,96.055,96.06,4458.0,96.0595,90
2026-08-17T20:00:00Z,96.06,96.06,96.055,96.06,253.0,96.0595,10
2026-08-17T20:15:00Z,96.06,96.06,96.055,96.055,1278.0,96.059,22
2026-08-17T20:30:00Z,96.06,96.065,96.06,96.065,1503.0,96.06,25
2026-08-17T20:45:00Z,96.065,96.065,96.06,96.065,1589.0,96.065,38
2026-08-17T22:00:00Z,96.065,96.065,96.065,96.065,447.0,96.065,11
2026-08-17T22:15:00Z,96.065,96.065,96.065,96.065,820.0,96.065,20
2026-08-17T22:30:00Z,96.065,96.065,96.065,96.065,406.0,96.065,8
2026-08-17T22:45:00Z,96.065,96.065,96.065,96.065,53.0,96.065,6
2026-08-17T23:00:00Z,96.065,96.065,96.065,96.065,0.0,96.065,0
2026-08-17T23:15:00Z,96.065,96.065,96.065,96.065,268.0,96.065,2
2026-08-17T23:30:00Z,96.065,96.065,96.065,96.065,0.0,96.065,0
2026-08-17T23:45:00Z,96.065,96.065,96.065,96.065,0.0,96.065,0
2026-08-18T00:00:00Z,96.065,96.065,96.065,96.065,182.0,96.065,5
2026-08-18T00:15:00Z,96.06,96.06,96.06,96.06,492.0,96.06,14
2026-08-18T00:30:00Z,96.06,96.06,96.06,96.06,470.0,96.06,18
2026-08-18T00:45:00Z,96.06,96.06,96.06,96.06,1.0,96.06,1
2026-08-18T01:00:00Z,96.065,96.065,96.065,96.065,1122.0,96.065,55
2026-08-18T01:15:00Z,96.06,96.06,96.06,96.06,7.0,96.06,2
2026-08-18T01:30:00Z,96.06,96.06,96.06,96.06,46.0,96.06,4
2026-08-18T01:45:00Z,96.06,96.065,96.06,96.06,1738.0,96.0605,14
2026-08-18T02:00:00Z,96.06,96.065,96.06,96.065,374.0,96.064,9
2026-08-18T02:15:00Z,96.065,96.065,96.065,96.065,200.0,96.065,2
2026-08-18T02:30:00Z,96.065,96.065,96.06,96.06,700.0,96.0605,2
2026-08-18T02:45:00Z,96.06,96.06,96.06,96.06,635.0,96.06,14
2026-08-18T03:00:00Z,96.06,96.06,96.06,96.06,43.0,96.06,9
2026-08-18T03:15:00Z,96.06,96.06,96.06,96.06,113.0,96.06,5
2026-08-18T03:30:00Z,96.06,96.06,96.055,96.055,1916.0,96.059,64
2026-08-18T03:45:00Z,96.055,96.055,96.05,96.05,479.0,96.055,20
2026-08-18T04:00:00Z,96.05,96.05,96.05,96.05,18.0,96.05,7
2026-08-18T04:15:00Z,96.05,96.05,96.05,96.05,0.0,96.05,0
2026-08-18T04:30:00Z,96.055,96.055,96.055,96.055,1000.0,96.055,1
2026-08-18T04:45:00Z,96.055,96.055,96.055,96.055,0.0,96.055,0
2026-08-18T05:00:00Z,96.055,96.055,96.055,96.055,0.0,96.055,0
2026-08-18T05:15:00Z,96.055,96.055,96.055,96.055,0.0,96.055,0
2026-08-18T05:30:00Z,96.055,96.055,96.055,96.055,225.0,96.055,1
2026-08-18T05:45:00Z,96.055,96.055,96.055,96.055,1028.0,96.055,3
2026-08-18T06:00:00Z,96.05,96.05,96.05,96.05,152.0,96.05,4
2026-08-18T06:15:00Z,96.05,96.055,96.05,96.055,1291.0,96.055,7
2026-08-18T06:30:00Z,96.055,96.055,96.055,96.055,25.0,96.055,1
2026-08-18T06:45:00Z,96.055,96.06,96.055,96.06,258.0,96.0555,5
2026-08-18T07:00:00Z,96.06,96.06,96.06,96.06,1691.0,96.06,29
2026-08-18T07:15:00Z,96.06,96.06,96.06,96.06,728.0,96.06,18
2026-08-18T07:30:00Z,96.06,96.065,96.055,96.06,3288.0,96.06,52
2026-08-18T07:45:00Z,96.06,96.06,96.06,96.06,2115.0,96.06,45
2026-08-18T08:00:00Z,96.06,96.06,96.06,96.06,1271.0,96.06,14
2026-08-18T08:15:00Z,96.06,96.06,96.055,96.06,222.0,96.06,5
2026-08-18T08:30:00Z,96.06,96.06,96.06,96.06,1898.0,96.06,63
2026-08-18T08:45:00Z,96.06,96.065,96.055,96.055,1280.0,96.06,15
2026-08-18T09:00:00Z,96.06,96.06,96.055,96.06,648.0,96.06,23
2026-08-18T09:15:00Z,96.06,96.06,96.06,96.06,3202.0,96.06,81
2026-08-18T09:30:00Z,96.06,96.06,96.06,96.06,402.0,96.06,9
2026-08-18T09:45:00Z,96.06,96.065,96.06,96.06,1560.0,96.06,18
2026-08-18T10:00:00Z,96.06,96.06,96.06,96.06,530.0,96.06,8
2026-08-18T10:15:00Z,96.06,96.06,96.055,96.06,1047.0,96.06,32
2026-08-18T10:30:00Z,96.06,96.065,96.06,96.06,312.0,96.06,13
2026-08-18T10:45:00Z,96.06,96.065,96.06,96.065,250.0,96.0605,4
2026-08-18T11:00:00Z,96.065,96.065,96.06,96.06,159.0,96.0605,8
2026-08-18T11:15:00Z,96.06,96.065,96.055,96.055,2850.0,96.06,53
2026-08-18T11:30:00Z,96.055,96.06,96.055,96.055,7154.0,96.055,40
2026-08-18T11:45:00Z,96.055,96.055,96.055,96.055,3652.0,96.055,47
2026-08-18T12:00:00Z,96.06,96.065,96.055,96.06,4563.0,96.058,142
2026-08-18T12:15:00Z,96.055,96.065,96.05,96.055,6092.0,96.0565,113
2026-08-18T12:30:00Z,96.055,96.055,96.05,96.055,11357.0,96.055,160
2026-08-18T12:45:00Z,96.055,96.055,96.05,96.055,11792.0,96.055,115
2026-08-18T13:00:00Z,96.055,96.06,96.055,96.06,3610.0,96.0585,72
2026-08-18T13:15:00Z,96.06,96.06,96.05,96.06,3561.0,96.055,105
2026-08-18T13:30:00Z,96.055,96.065,96.05,96.065,19564.0,96.0575,354
2026-08-18T13:45:00Z,96.065,96.065,96.06,96.065,5313.0,96.0605,62
2026-08-18T14:00:00Z,96.065,96.07,96.065,96.07,5961.0,96.065,206
2026-08-18T14:15:00Z,96.07,96.07,96.06,96.065,2594.0,96.0655,61
2026-08-18T14:30:00Z,96.065,96.065,96.06,96.065,304.0,96.064,47
2026-08-18T14:45:00Z,96.065,96.07,96.06,96.06,6586.0,96.063,145
2026-08-18T15:00:00Z,96.06,96.07,96.06,96.065,2984.0,96.0635,98
2026-08-18T15:15:00Z,96.065,96.07,96.06,96.065,1665.0,96.065,99
2026-08-18T15:30:00Z,96.06,96.065,96.06,96.065,2457.0,96.0605,72
2026-08-18T15:45:00Z,96.065,96.065,96.06,96.065,2090.0,96.065,52
2026-08-18T16:00:00Z,96.065,96.07,96.06,96.07,1458.0,96.065,58
2026-08-18T16:15:00Z,96.07,96.07,96.065,96.065,2403.0,96.068,51
2026-08-18T16:30:00Z,96.06,96.065,96.06,96.065,1009.0,96.065,57
2026-08-18T16:45:00Z,96.065,96.065,96.065,96.065,67.0,96.065,14
2026-08-18T17:00:00Z,96.065,96.065,96.06,96.06,2726.0,96.06,55
2026-08-18T17:15:00Z,96.06,96.065,96.06,96.065,566.0,96.061,41
2026-08-18T17:30:00Z,96.065,96.065,96.06,96.065,93.0,96.0635,18
2026-08-18T17:45:00Z,96.065,96.07,96.06,96.065,3519.0,96.065,78
2026-08-18T18:00:00Z,96.065,96.07,96.065,96.07,1187.0,96.0655,61
2026-08-18T18:15:00Z,96.07,96.07,96.065,96.065,1785.0,96.065,68
2026-08-18T18:30:00Z,96.065,96.07,96.06,96.065,933.0,96.0625,36
2026-08-18T18:45:00Z,96.065,96.065,96.06,96.06,1965.0,96.0605,121
2026-08-18T19:00:00Z,96.065,96.065,96.06,96.065,511.0,96.0615,25
2026-08-18T19:15:00Z,96.065,96.065,96.055,96.06,3382.0,96.06,57
2026-08-18T19:30:00Z,96.06,96.065,96.06,96.065,1952.0,96.0605,50
2026-08-18T19:45:00Z,96.065,96.065,96.06,96.065,617.0,96.0605,52
2026-08-18T20:00:00Z,96.06,96.065,96.06,96.065,2690.0,96.0605,75
2026-08-18T20:15:00Z,96.065,96.07,96.06,96.065,5214.0,96.065,58
2026-08-18T20:30:00Z,96.065,96.065,96.06,96.06,542.0,96.061,8
2026-08-18T20:45:00Z,96.06,96.07,96.06,96.065,1567.0,96.065,94
2026-08-18T22:00:00Z,96.065,96.065,96.065,96.065,281.0,96.065,15
2026-08-18T22:15:00Z,96.065,96.065,96.065,96.065,74.0,96.065,8
2026-08-18T22:30:00Z,96.065,96.065,96.065,96.065,0.0,96.065,0
2026-08-18T22:45:00Z,96.065,96.065,96.065,96.065,57.0,96.065,4
2026-08-18T23:00:00Z,96.065,96.065,96.065,96.065,608.0,96.065,3
2026-08-18T23:15:00Z,96.065,96.065,96.065,96.065,808.0,96.065,4
2026-08-18T23:30:00Z,96.065,96.065,96.065,96.065,0.0,96.065,0
2026-08-18T23:45:00Z,96.065,96.065,96.065,96.065,0.0,96.065,0
2026-08-19T00:00:00Z,96.065,96.07,96.065,96.07,493.0,96.0675,9
2026-08-19T00:15:00Z,96.075,96.08,96.07,96.07,2002.0,96.075,42
2026-08-19T00:30:00Z,96.07,96.07,96.07,96.07,43.0,96.07,1
2026-08-19T00:45:00Z,96.07,96.07,96.07,96.07,400.0,96.07,17
2026-08-19T01:00:00Z,96.07,96.07,96.065,96.065,1278.0,96.07,34
2026-08-19T01:15:00Z,96.065,96.065,96.065,96.065,9.0,96.065,1
2026-08-19T01:30:00Z,96.065,96.065,96.065,96.065,0.0,96.065,0
2026-08-19T01:45:00Z,96.07,96.07,96.07,96.07,3.0,96.07,1
2026-08-19T02:00:00Z,96.07,96.07,96.07,96.07,0.0,96.07,0
2026-08-19T02:15:00Z,96.07,96.08,96.07,96.075,2673.0,96.0725,31
2026-08-19T02:30:00Z,96.08,96.08,96.08,96.08,26.0,96.08,1
2026-08-19T02:45:00Z,96.08,96.08,96.08,96.08,0.0,96.08,0
2026-08-19T03:00:00Z,96.075,96.075,96.075,96.075,12.0,96.075,1
2026-08-19T03:15:00Z,96.075,96.075,96.075,96.075,0.0,96.075,0
2026-08-19T03:30:00Z,96.08,96.08,96.08,96.08,138.0,96.08,4
2026-08-19T03:45:00Z,96.08,96.08,96.075,96.075,877.0,96.0755,8
2026-08-19T04:00:00Z,96.075,96.075,96.075,96.075,1189.0,96.075,23
2026-08-19T04:15:00Z,96.075,96.075,96.075,96.075,0.0,96.075,0
2026-08-19T04:30:00Z,96.075,96.075,96.075,96.075,910.0,96.075,8
2026-08-19T04:45:00Z,96.075,96.075,96.075,96.075,550.0,96.075,12
2026-08-19T05:00:00Z,96.075,96.075,96.075,96.075,60.0,96.075,6
2026-08-19T05:15:00Z,96.075,96.075,96.075,96.075,0.0,96.075,0
2026-08-19T05:30:00Z,96.075,96.075,96.075,96.075,0.0,96.075,0
2026-08-19T05:45:00Z,96.08,96.08,96.075,96.075,526.0,96.075,16
2026-08-19T06:00:00Z,96.08,96.08,96.08,96.08,326.0,96.08,8
2026-08-19T06:15:00Z,96.08,96.08,96.08,96.08,222.0,96.08,12
2026-08-19T06:30:00Z,96.08,96.085,96.08,96.08,1213.0,96.08,55
2026-08-19T06:45:00Z,96.08,96.08,96.075,96.08,1596.0,96.0795,22
2026-08-19T07:00:00Z,96.08,96.085,96.08,96.085,1888.0,96.08,101
2026-08-19T07:15:00Z,96.08,96.085,96.08,96.08,1061.0,96.08,33
2026-08-19T07:30:00Z,96.085,96.085,96.08,96.08,1216.0,96.08,49
2026-08-19T07:45:00Z,96.08,96.08,96.075,96.08,240.0,96.08,25
2026-08-19T08:00:00Z,96.08,96.085,96.08,96.085,1237.0,96.08,34
2026-08-19T08:15:00Z,96.085,96.085,96.08,96.085,1048.0,96.08,9
2026-08-19T08:30:00Z,96.08,96.085,96.08,96.085,539.0,96.08,22
2026-08-19T08:45:00Z,96.08,96.08,96.08,96.08,3508.0,96.08,46
2026-08-19T09:00:00Z,96.075,96.08,96.075,96.075,201.0,96.075,6
2026-08-19T09:15:00Z,96.08,96.08,96.075,96.08,24.0,96.0755,6
2026-08-19T09:30:00Z,96.075,96.08,96.075,96.08,309.0,96.075,7
2026-08-19T09:45:00Z,96.08,96.08,96.075,96.08,19.0,96.079,6
2026-08-19T10:00:00Z,96.08,96.08,96.08,96.08,4029.0,96.08,55
2026-08-19T10:15:00Z,96.08,96.08,96.075,96.075,417.0,96.08,10
2026-08-19T10:30:00Z,96.075,96.08,96.075,96.08,332.0,96.077,8
2026-08-19T10:45:00Z,96.08,96.08,96.075,96.08,1213.0,96.079,13
2026-08-19T11:00:00Z,96.08,96.08,96.08,96.08,871.0,96.08,39
2026-08-19T11:15:00Z,96.08,96.085,96.075,96.085,1455.0,96.08,48
2026-08-19T11:30:00Z,96.08,96.085,96.075,96.08,2097.0,96.08,20
2026-08-19T11:45:00Z,96.08,96.08,96.075,96.08,3905.0,96.0785,32
2026-08-19T12:00:00Z,96.08,96.08,96.075,96.08,2983.0,96.0795,68
2026-08-19T12:15:00Z,96.08,96.08,96.075,96.075,10928.0,96.08,128
2026-08-19T12:30:00Z,96.075,96.085,96.07,96.07,9765.0,96.078,254
2026-08-19T12:45:00Z,96.075,96.075,96.065,96.065,11008.0,96.0685,179
2026-08-19T13:00:00Z,96.07,96.075,96.065,96.075,4936.0,96.07,189
2026-08-19T13:15:00Z,96.075,96.075,96.06,96.07,5987.0,96.066,120
2026-08-19T13:30:00Z,96.07,96.075,96.065,96.065,8995.0,96.0695,168
2026-08-19T13:45:00Z,96.06,96.065,96.055,96.06,11080.0,96.06,281
2026-08-19T14:00:00Z,96.065,96.07,96.06,96.065,7377.0,96.065,249
2026-08-19T14:15:00Z,96.065,96.07,96.06,96.065,3695.0,96.063,55
2026-08-19T14:30:00Z,96.065,96.065,96.06,96.06,9638.0,96.0645,171
2026-08-19T14:45:00Z,96.065,96.065,96.055,96.065,6393.0,96.0595,133
2026-08-19T15:00:00Z,96.065,96.065,96.06,96.065,6955.0,96.06,316
2026-08-19T15:15:00Z,96.06,96.065,96.055,96.06,5768.0,96.0595,254
2026-08-19T15:30:00Z,96.065,96.07,96.06,96.065,7288.0,96.065,115
2026-08-19T15:45:00Z,96.07,96.07,96.06,96.065,6430.0,96.065,130
2026-08-19T16:00:00Z,96.065,96.07,96.065,96.065,2200.0,96.065,79
2026-08-19T16:15:00Z,96.065,96.065,96.06,96.065,733.0,96.064,24
2026-08-19T16:30:00Z,96.065,96.065,96.06,96.06,219.0,96.062,28
2026-08-19T16:45:00Z,96.06,96.065,96.055,96.06,7884.0,96.06,245
2026-08-19T17:00:00Z,96.06,96.06,96.055,96.06,8836.0,96.056,267
2026-08-19T17:15:00Z,96.055,96.06,96.055,96.055,9102.0,96.055,145
2026-08-19T17:30:00Z,96.055,96.06,96.055,96.06,875.0,96.0585,50
2026-08-19T17:45:00Z,96.06,96.06,96.05,96.055,1921.0,96.0555,48
2026-08-19T18:00:00Z,96.055,96.07,96.055,96.07,25495.0,96.065,420
2026-08-19T18:15:00Z,96.065,96.065,96.06,96.065,3181.0,96.064,38
2026-08-19T18:30:00Z,96.065,96.07,96.065,96.07,2007.0,96.067,83
2026-08-19T18:45:00Z,96.07,96.07,96.065,96.07,1527.0,96.069,176
2026-08-19T19:00:00Z,96.07,96.07,96.065,96.07,3174.0,96.07,52
2026-08-19T19:15:00Z,96.07,96.075,96.065,96.075,9013.0,96.07,191
2026-08-19T19:30:00Z,96.075,96.08,96.075,96.08,6775.0,96.0765,39
2026-08-19T19:45:00Z,96.08,96.085,96.08,96.085,7589.0,96.082,123
2026-08-19T20:00:00Z,96.085,96.09,96.08,96.085,3785.0,96.0845,72
2026-08-19T20:15:00Z,96.085,96.085,96.08,96.085,235.0,96.0815,28
2026-08-19T20:30:00Z,96.085,96.085,96.08,96.085,4284.0,96.085,22
2026-08-19T20:45:00Z,96.085,96.09,96.08,96.085,1232.0,96.085,60
2026-08-19T22:00:00Z,96.085,96.09,96.085,96.09,654.0,96.0865,7
2026-08-19T22:15:00Z,96.085,96.085,96.085,96.085,401.0,96.085,8
2026-08-19T22:30:00Z,96.085,96.085,96.085,96.085,328.0,96.085,4
2026-08-19T22:45:00Z,96.085,96.085,96.085,96.085,0.0,96.085,0
2026-08-19T23:00:00Z,96.085,96.085,96.085,96.085,2208.0,96.085,34
2026-08-19T23:15:00Z,96.085,96.085,96.085,96.085,0.0,96.085,0
2026-08-19T23:30:00Z,96.085,96.085,96.085,96.085,0.0,96.085,0
2026-08-19T23:45:00Z,96.085,96.085,96.085,96.085,0.0,96.085,0
2026-08-20T00:00:00Z,96.08,96.08,96.08,96.08,335.0,96.08,5
2026-08-20T00:15:00Z,96.08,96.08,96.08,96.08,0.0,96.08,0
2026-08-20T00:30:00Z,96.08,96.08,96.08,96.08,22.0,96.08,2
2026-08-20T00:45:00Z,96.08,96.08,96.08,96.08,79.0,96.08,1
2026-08-20T01:00:00Z,96.08,96.08,96.08,96.08,0.0,96.08,0
2026-08-20T01:15:00Z,96.085,96.085,96.085,96.085,2014.0,96.085,12
2026-08-20T01:30:00Z,96.085,96.085,96.085,96.085,1290.0,96.085,31
2026-08-20T01:45:00Z,96.085,96.09,96.085,96.09,111.0,96.0855,3
2026-08-20T02:00:00Z,96.09,96.09,96.09,96.09,313.0,96.09,6
2026-08-20T02:15:00Z,96.09,96.09,96.09,96.09,0.0,96.09,0
2026-08-20T02:30:00Z,96.09,96.09,96.09,96.09,2412.0,96.09,41
2026-08-20T02:45:00Z,96.09,96.09,96.09,96.09,65.0,96.09,3
2026-08-20T03:00:00Z,96.09,96.09,96.09,96.09,104.0,96.09,5
2026-08-20T03:15:00Z,96.09,96.09,96.09,96.09,371.0,96.09,8
2026-08-20T03:30:00Z,96.09,96.09,96.09,96.09,0.0,96.09,0
2026-08-20T03:45:00Z,96.09,96.09,96.085,96.09,1069.0,96.09,37
2026-08-20T04:00:00Z,96.09,96.09,96.09,96.09,0.0,96.09,0
2026-08-20T04:15:00Z,96.09,96.09,96.09,96.09,0.0,96.09,0
2026-08-20T04:30:00Z,96.085,96.085,96.085,96.085,31.0,96.085,2
2026-08-20T04:45:00Z,96.085,96.085,96.085,96.085,0.0,96.085,0
2026-08-20T05:00:00Z,96.085,96.085,96.085,96.085,0.0,96.085,0
2026-08-20T05:15:00Z,96.085,96.085,96.085,96.085,17.0,96.085,5
2026-08-20T05:30:00Z,96.085,96.085,96.085,96.085,0.0,96.085,0
2026-08-20T05:45:00Z,96.085,96.085,96.08,96.08,4254.0,96.085,28
2026-08-20T06:00:00Z,96.085,96.085,96.085,96.085,3860.0,96.085,16
2026-08-20T06:15:00Z,96.085,96.085,96.085,96.085,0.0,96.085,0
2026-08-20T06:30:00Z,96.085,96.085,96.085,96.085,0.0,96.085,0
2026-08-20T06:45:00Z,96.085,96.09,96.085,96.085,127.0,96.085,4
2026-08-20T07:00:00Z,96.09,96.09,96.085,96.085,102.0,96.085,2
2026-08-20T07:15:00Z,96.09,96.09,96.085,96.085,1879.0,96.0855,27
2026-08-20T07:30:00Z,96.08,96.085,96.08,96.085,71.0,96.08,7
2026-08-20T07:45:00Z,96.08,96.085,96.08,96.085,56.0,96.0815,8
2026-08-20T08:00:00Z,96.085,96.085,96.08,96.085,3250.0,96.085,75
2026-08-20T08:15:00Z,96.085,96.085,96.075,96.075,3384.0,96.08,111
2026-08-20T08:30:00Z,96.075,96.085,96.075,96.08,3411.0,96.08,60
2026-08-20T08:45:00Z,96.085,96.085,96.08,96.08,1037.0,96.08,59
2026-08-20T09:00:00Z,96.08,96.08,96.08,96.08,1730.0,96.08,61
2026-08-20T09:15:00Z,96.08,96.08,96.08,96.08,1762.0,96.08,75
2026-08-20T09:30:00Z,96.085,96.085,96.08,96.08,1369.0,96.081,50
2026-08-20T09:45:00Z,96.08,96.08,96.075,96.075,1044.0,96.08,43
2026-08-20T10:00:00Z,96.08,96.08,96.075,96.08,1239.0,96.0795,28
2026-08-20T10:15:00Z,96.08,96.085,96.08,96.085,1057.0,96.08,34
2026-08-20T10:30:00Z,96.085,96.085,96.08,96.08,238.0,96.08,5
2026-08-20T10:45:00Z,96.08,96.08,96.075,96.08,3572.0,96.0785,74
2026-08-20T11:00:00Z,96.075,96.075,96.07,96.07,2097.0,96.0725,71
2026-08-20T11:15:00Z,96.07,96.075,96.065,96.075,6389.0,96.07,155
2026-08-20T11:30:00Z,96.07,96.075,96.07,96.075,5788.0,96.0725,112
2026-08-20T11:45:00Z,96.07,96.075,96.07,96.075,4575.0,96.0705,96
2026-08-20T12:00:00Z,96.075,96.08,96.07,96.075,9035.0,96.075,204
2026-08-20T12:15:00Z,96.08,96.08,96.07,96.075,8213.0,96.075,239
2026-08-20T12:30:00Z,96.075,96.075,96.07,96.075,8093.0,96.074,85
2026-08-20T12:45:00Z,96.075,96.08,96.07,96.075,3185.0,96.0755,81
2026-08-20T13:00:00Z,96.08,96.08,96.07,96.07,6895.0,96.0755,144
2026-08-20T13:15:00Z,96.07,96.075,96.07,96.07,9623.0,96.07,267
2026-08-20T13:30:00Z,96.07,96.075,96.065,96.075,8776.0,96.07,138
2026-08-20T13:45:00Z,96.07,96.075,96.065,96.07,4817.0,96.069,168
2026-08-20T14:00:00Z,96.065,96.075,96.06,96.07,17207.0,96.067,186
2026-08-20T14:15:00Z,96.07,96.075,96.065,96.07,8781.0,96.07,165
2026-08-20T14:30:00Z,96.07,96.075,96.07,96.07,1750.0,96.0745,57
2026-08-20T14:45:00Z,96.075,96.08,96.07,96.075,6248.0,96.075,113
2026-08-20T15:00:00Z,96.075,96.08,96.065,96.08,16884.0,96.0715,334
2026-08-20T15:15:00Z,96.08,96.08,96.07,96.07,5616.0,96.075,234
2026-08-20T15:30:00Z,96.075,96.075,96.065,96.065,6779.0,96.07,210
2026-08-20T15:45:00Z,96.07,96.07,96.065,96.07,1760.0,96.068,48
2026-08-20T16:00:00Z,96.07,96.07,96.065,96.07,536.0,96.07,35
2026-08-20T16:15:00Z,96.07,96.07,96.065,96.07,1087.0,96.0655,16
2026-08-20T16:30:00Z,96.065,96.07,96.065,96.07,4154.0,96.065,64
2026-08-20T16:45:00Z,96.07,96.075,96.07,96.075,2913.0,96.07,64
2026-08-20T17:00:00Z,96.075,96.075,96.07,96.075,1074.0,96.075,53
2026-08-20T17:15:00Z,96.075,96.075,96.07,96.07,236.0,96.0705,21
2026-08-20T17:30:00Z,96.075,96.075,96.065,96.07,4594.0,96.07,51
2026-08-20T17:45:00Z,96.07,96.075,96.07,96.075,3404.0,96.07,111
2026-08-20T18:00:00Z,96.075,96.075,96.07,96.075,775.0,96.075,177
2026-08-20T18:15:00Z,96.075,96.075,96.07,96.07,500.0,96.0715,25
2026-08-20T18:30:00Z,96.07,96.075,96.07,96.075,102.0,96.0745,17
2026-08-20T18:45:00Z,96.075,96.075,96.07,96.07,2327.0,96.0715,137
2026-08-20T19:00:00Z,96.075,96.075,96.07,96.075,630.0,96.074,37
2026-08-20T19:15:00Z,96.075,96.08,96.07,96.075,5914.0,96.075,97
2026-08-20T19:30:00Z,96.075,96.08,96.07,96.075,511.0,96.075,41
2026-08-20T19:45:00Z,96.075,96.075,96.07,96.075,251.0,96.075,25
2026-08-20T20:00:00Z,96.075,96.075,96.07,96.075,66.0,96.075,6
2026-08-20T20:15:00Z,96.075,96.075,96.07,96.075,3143.0,96.0705,62
2026-08-20T20:30:00Z,96.075,96.075,96.07,96.07,1126.0,96.0705,30
2026-08-20T20:45:00Z,96.07,96.07,96.065,96.07,1138.0,96.069,74
2026-08-20T22:15:00Z,96.07,96.07,96.07,96.07,664.0,96.07,7
2026-08-20T22:30:00Z,96.07,96.07,96.07,96.07,101.0,96.07,12
2026-08-20T22:45:00Z,96.07,96.07,96.07,96.07,8.0,96.07,2
2026-08-20T23:00:00Z,96.07,96.07,96.07,96.07,0.0,96.07,0
2026-08-20T23:15:00Z,96.07,96.07,96.07,96.07,0.0,96.07,0
2026-08-20T23:30:00Z,96.07,96.07,96.07,96.07,4.0,96.07,1
2026-08-20T23:45:00Z,96.07,96.07,96.07,96.07,0.0,96.07,0
2026-08-21T00:00:00Z,96.07,96.07,96.07,96.07,0.0,96.07,0
2026-08-21T00:15:00Z,96.075,96.075,96.075,96.075,2345.0,96.075,48
2026-08-21T00:30:00Z,96.075,96.075,96.075,96.075,248.0,96.075,15
2026-08-21T00:45:00Z,96.075,96.075,96.075,96.075,67.0,96.075,3
2026-08-21T01:00:00Z,96.075,96.075,96.075,96.075,806.0,96.075,11
2026-08-21T01:15:00Z,96.075,96.075,96.075,96.075,0.0,96.075,0
2026-08-21T01:30:00Z,96.07,96.07,96.07,96.07,275.0,96.07,6
2026-08-21T01:45:00Z,96.075,96.075,96.075,96.075,66.0,96.075,3
2026-08-21T02:00:00Z,96.075,96.075,96.075,96.075,0.0,96.075,0
2026-08-21T02:15:00Z,96.07,96.07,96.07,96.07,77.0,96.07,1
2026-08-21T02:30:00Z,96.07,96.07,96.07,96.07,83.0,96.07,2
2026-08-21T02:45:00Z,96.07,96.07,96.07,96.07,0.0,96.07,0
2026-08-21T03:00:00Z,96.075,96.075,96.075,96.075,32.0,96.075,1
2026-08-21T03:15:00Z,96.075,96.075,96.075,96.075,0.0,96.075,0
2026-08-21T03:30:00Z,96.075,96.075,96.075,96.075,0.0,96.075,0
2026-08-21T03:45:00Z,96.07,96.07,96.07,96.07,1.0,96.07,1
2026-08-21T04:00:00Z,96.07,96.07,96.07,96.07,0.0,96.07,0
2026-08-21T04:15:00Z,96.07,96.07,96.07,96.07,0.0,96.07,0
2026-08-21T04:30:00Z,96.07,96.07,96.07,96.07,100.0,96.07,1
2026-08-21T04:45:00Z,96.07,96.07,96.07,96.07,0.0,96.07,0
2026-08-21T05:00:00Z,96.07,96.07,96.07,96.07,5.0,96.07,2
2026-08-21T05:15:00Z,96.07,96.07,96.07,96.07,4.0,96.07,1
2026-08-21T05:30:00Z,96.07,96.07,96.07,96.07,3021.0,96.07,16
2026-08-21T05:45:00Z,96.07,96.075,96.07,96.075,79.0,96.0715,4
2026-08-21T06:00:00Z,96.075,96.075,96.075,96.075,0.0,96.075,0
2026-08-21T06:15:00Z,96.07,96.075,96.07,96.075,163.0,96.0725,4
2026-08-21T06:30:00Z,96.07,96.07,96.07,96.07,55.0,96.07,32
2026-08-21T06:45:00Z,96.07,96.07,96.07,96.07,30.0,96.07,30
2026-08-21T07:00:00Z,96.07,96.08,96.07,96.075,3495.0,96.075,64
2026-08-21T07:15:00Z,96.07,96.08,96.07,96.075,654.0,96.0765,67
2026-08-21T07:30:00Z,96.075,96.08,96.075,96.08,3056.0,96.0785,104
2026-08-21T07:45:00Z,96.08,96.085,96.075,96.075,2841.0,96.0775,94
2026-08-21T08:00:00Z,96.075,96.075,96.07,96.07,755.0,96.0745,20
2026-08-21T08:15:00Z,96.075,96.08,96.075,96.08,2252.0,96.077,44
2026-08-21T08:30:00Z,96.08,96.08,96.075,96.075,885.0,96.08,30
2026-08-21T08:45:00Z,96.08,96.08,96.075,96.08,207.0,96.0795,5
2026-08-21T09:00:00Z,96.08,96.085,96.08,96.08,2172.0,96.08,96
2026-08-21T09:15:00Z,96.08,96.08,96.075,96.075,1424.0,96.0755,16
2026-08-21T09:30:00Z,96.075,96.075,96.075,96.075,871.0,96.075,56
2026-08-21T09:45:00Z,96.075,96.075,96.075,96.075,0.0,96.075,0
2026-08-21T10:00:00Z,96.07,96.075,96.07,96.07,985.0,96.07,56
2026-08-21T10:15:00Z,96.07,96.07,96.07,96.07,2.0,96.07,1
2026-08-21T10:30:00Z,96.07,96.07,96.07,96.07,40.0,96.07,1
2026-08-21T10:45:00Z,96.075,96.075,96.07,96.07,1702.0,96.07,43
2026-08-21T11:00:00Z,96.065,96.07,96.065,96.065,1730.0,96.065,68
2026-08-21T11:15:00Z,96.065,96.08,96.065,96.08,7028.0,96.073,210
2026-08-21T11:30:00Z,96.075,96.08,96.07,96.07,3160.0,96.074,78
2026-08-21T11:45:00Z,96.07,96.075,96.07,96.075,218.0,96.074,13
2026-08-21T12:00:00Z,96.07,96.08,96.07,96.08,2037.0,96.0745,39
2026-08-21T12:15:00Z,96.08,96.08,96.075,96.08,2992.0,96.076,39
2026-08-21T12:30:00Z,96.08,96.08,96.07,96.075,7945.0,96.073,125
2026-08-21T12:45:00Z,96.075,96.075,96.07,96.075,1444.0,96.0745,66
2026-08-21T13:00:00Z,96.075,96.075,96.06,96.065,11178.0,96.0685,255
2026-08-21T13:15:00Z,96.065,96.065,96.055,96.06,11375.0,96.0605,221
2026-08-21T13:30:00Z,96.06,96.06,96.055,96.055,16270.0,96.058,220
2026-08-21T13:45:00Z,96.055,96.06,96.05,96.06,13463.0,96.0545,108
2026-08-21T14:00:00Z,96.06,96.06,96.05,96.05,6783.0,96.0525,194
2026-08-21T14:15:00Z,96.05,96.055,96.045,96.045,9683.0,96.05,175
2026-08-21T14:30:00Z,96.045,96.05,96.035,96.045,20134.0,96.0425,390
2026-08-21T14:45:00Z,96.04,96.045,96.04,96.045,1079.0,96.0425,66
2026-08-21T15:00:00Z,96.045,96.05,96.04,96.04,8733.0,96.042,188
2026-08-21T15:15:00Z,96.04,96.045,96.035,96.035,11935.0,96.04,122
2026-08-21T15:30:00Z,96.04,96.045,96.04,96.045,4706.0,96.041,62
2026-08-21T15:45:00Z,96.04,96.045,96.04,96.04,2862.0,96.0445,73
2026-08-21T16:00:00Z,96.04,96.04,96.035,96.035,7363.0,96.039,132
2026-08-21T16:15:00Z,96.035,96.045,96.035,96.035,3253.0,96.0395,163
2026-08-21T16:30:00Z,96.035,96.045,96.035,96.04,2540.0,96.0395,61
2026-08-21T16:45:00Z,96.04,96.045,96.04,96.04,783.0,96.0425,40
2026-08-21T17:00:00Z,96.04,96.045,96.04,96.04,3228.0,96.0445,30
2026-08-21T17:15:00Z,96.04,96.045,96.04,96.04,1947.0,96.044,53
2026-08-21T17:30:00Z,96.04,96.045,96.04,96.04,457.0,96.04,50
2026-08-21T17:45:00Z,96.04,96.045,96.035,96.04,5854.0,96.04,111
2026-08-21T18:00:00Z,96.04,96.045,96.035,96.035,2325.0,96.0405,60
2026-08-21T18:15:00Z,96.035,96.045,96.035,96.04,2236.0,96.0385,109
2026-08-21T18:30:00Z,96.04,96.045,96.04,96.04,3213.0,96.04,77
2026-08-21T18:45:00Z,96.04,96.045,96.04,96.045,1309.0,96.044,110
2026-08-21T19:00:00Z,96.045,96.045,96.04,96.045,3527.0,96.0445,100
2026-08-21T19:15:00Z,96.045,96.045,96.04,96.045,196.0,96.041,39
2026-08-21T19:30:00Z,96.04,96.045,96.04,96.045,1554.0,96.04,35
2026-08-21T19:45:00Z,96.045,96.045,96.04,96.04,534.0,96.0445,39
2026-08-21T20:00:00Z,96.045,96.045,96.035,96.035,5716.0,96.04,139
2026-08-21T20:15:00Z,96.04,96.04,96.035,96.035,3972.0,96.0355,60
2026-08-21T20:30:00Z,96.03,96.035,96.03,96.03,693.0,96.0345,50
2026-08-21T20:45:00Z,96.03,96.035,96.03,96.03,1554.0,96.033,83
2026-08-23T22:00:00Z,96.035,96.035,96.03,96.035,1037.0,96.035,17
2026-08-23T22:15:00Z,96.04,96.04,96.04,96.04,6.0,96.04,1
2026-08-23T22:30:00Z,96.035,96.035,96.035,96.035,1154.0,96.035,23
2026-08-23T22:45:00Z,96.035,96.035,96.035,96.035,10.0,96.035,2
2026-08-23T23:00:00Z,96.035,96.035,96.035,96.035,0.0,96.035,0
2026-08-23T23:15:00Z,96.04,96.04,96.04,96.04,169.0,96.04,1
2026-08-23T23:30:00Z,96.04,96.04,96.04,96.04,0.0,96.04,0
2026-08-23T23:45:00Z,96.04,96.045,96.04,96.045,1973.0,96.04,34
2026-08-24T00:00:00Z,96.045,96.045,96.045,96.045,818.0,96.045,20
2026-08-24T00:15:00Z,96.045,96.05,96.045,96.05,443.0,96.05,12
2026-08-24T00:30:00Z,96.05,96.05,96.05,96.05,29.0,96.05,3
2026-08-24T00:45:00Z,96.05,96.05,96.05,96.05,85.0,96.05,1
2026-08-24T01:00:00Z,96.05,96.05,96.05,96.05,1.0,96.05,1
2026-08-24T01:15:00Z,96.045,96.045,96.045,96.045,45.0,96.045,5
2026-08-24T01:30:00Z,96.045,96.045,96.045,96.045,1047.0,96.045,17
2026-08-24T01:45:00Z,96.05,96.05,96.05,96.05,9.0,96.05,3
2026-08-24T02:00:00Z,96.05,96.05,96.05,96.05,0.0,96.05,0
2026-08-24T02:15:00Z,96.05,96.05,96.05,96.05,0.0,96.05,0
2026-08-24T02:30:00Z,96.045,96.045,96.045,96.045,558.0,96.045,13
2026-08-24T02:45:00Z,96.045,96.045,96.045,96.045,265.0,96.045,25
2026-08-24T03:00:00Z,96.045,96.045,96.045,96.045,296.0,96.045,8
2026-08-24T03:15:00Z,96.045,96.05,96.045,96.05,143.0,96.0455,5
2026-08-24T03:30:00Z,96.045,96.05,96.045,96.05,18.0,96.046,5
2026-08-24T03:45:00Z,96.045,96.05,96.045,96.045,600.0,96.0455,14
2026-08-24T04:00:00Z,96.045,96.05,96.045,96.045,446.0,96.045,12
2026-08-24T04:15:00Z,96.045,96.045,96.045,96.045,27.0,96.045,4
2026-08-24T04:30:00Z,96.045,96.045,96.045,96.045,2399.0,96.045,19
2026-08-24T04:45:00Z,96.045,96.05,96.045,96.045,562.0,96.045,14
2026-08-24T05:00:00Z,96.045,96.045,96.045,96.045,1086.0,96.045,8
2026-08-24T05:15:00Z,96.045,96.045,96.045,96.045,0.0,96.045,0
2026-08-24T05:30:00Z,96.045,96.045,96.045,96.045,150.0,96.045,2
2026-08-24T05:45:00Z,96.045,96.045,96.045,96.045,934.0,96.045,8
2026-08-24T06:00:00Z,96.05,96.05,96.05,96.05,2259.0,96.05,22
2026-08-24T06:15:00Z,96.05,96.05,96.045,96.045,774.0,96.047,18
2026-08-24T06:30:00Z,96.045,96.05,96.045,96.045,50.0,96.045,6
2026-08-24T06:45:00Z,96.05,96.05,96.05,96.05,33.0,96.05,1
2026-08-24T07:00:00Z,96.05,96.05,96.045,96.045,334.0,96.048,26
2026-08-24T07:15:00Z,96.045,96.045,96.045,96.045,1703.0,96.045,38
2026-08-24T07:30:00Z,96.045,96.05,96.045,96.05,1551.0,96.0455,35
2026-08-24T07:45:00Z,96.05,96.05,96.05,96.05,1527.0,96.05,19
2026-08-24T08:00:00Z,96.05,96.055,96.045,96.045,1062.0,96.05,38
2026-08-24T08:15:00Z,96.05,96.05,96.045,96.045,2202.0,96.05,55
2026-08-24T08:30:00Z,96.045,96.05,96.045,96.045,104.0,96.0495,16
2026-08-24T08:45:00Z,96.05,96.055,96.045,96.05,1188.0,96.05,43
2026-08-24T09:00:00Z,96.05,96.055,96.05,96.05,630.0,96.05,31
2026-08-24T09:15:00Z,96.045,96.05,96.045,96.05,1571.0,96.05,6
2026-08-24T09:30:00Z,96.05,96.05,96.045,96.045,104.0,96.048,7
2026-08-24T09:45:00Z,96.05,96.05,96.05,96.05,347.0,96.05,5
2026-08-24T10:00:00Z,96.045,96.045,96.045,96.045,284.0,96.045,6
2026-08-24T10:15:00Z,96.045,96.05,96.045,96.045,1617.0,96.045,111
2026-08-24T10:30:00Z,96.045,96.05,96.04,96.04,1814.0,96.045,32
2026-08-24T10:45:00Z,96.04,96.045,96.04,96.04,2183.0,96.04,35
2026-08-24T11:00:00Z,96.035,96.04,96.03,96.035,2909.0,96.035,96
2026-08-24T11:15:00Z,96.035,96.04,96.035,96.035,2880.0,96.035,93
2026-08-24T11:30:00Z,96.035,96.045,96.035,96.035,5582.0,96.0395,249
2026-08-24T11:45:00Z,96.035,96.035,96.035,96.035,3906.0,96.035,101
2026-08-24T12:00:00Z,96.035,96.035,96.025,96.03,7475.0,96.0285,194
2026-08-24T12:15:00Z,96.03,96.035,96.03,96.035,6086.0,96.0305,104
2026-08-24T12:30:00Z,96.035,96.04,96.03,96.035,9618.0,96.0325,284
2026-08-24T12:45:00Z,96.03,96.035,96.025,96.03,6749.0,96.0315,146
2026-08-24T13:00:00Z,96.025,96.03,96.025,96.025,5317.0,96.025,183
2026-08-24T13:15:00Z,96.03,96.035,96.025,96.03,7473.0,96.03,67
2026-08-24T13:30:00Z,96.03,96.035,96.03,96.035,1426.0,96.0315,41
2026-08-24T13:45:00Z,96.035,96.04,96.035,96.035,8398.0,96.0375,209
2026-08-24T14:00:00Z,96.035,96.04,96.03,96.035,3381.0,96.035,172
2026-08-24T14:15:00Z,96.035,96.035,96.03,96.035,1334.0,96.03,44
2026-08-24T14:30:00Z,96.03,96.04,96.03,96.03,5995.0,96.035,112
2026-08-24T14:45:00Z,96.03,96.035,96.03,96.03,3618.0,96.0305,64
2026-08-24T15:00:00Z,96.03,96.035,96.03,96.03,2735.0,96.03,184
2026-08-24T15:15:00Z,96.03,96.035,96.03,96.03,7812.0,96.035,112
2026-08-24T15:30:00Z,96.035,96.035,96.025,96.025,3066.0,96.03,85
2026-08-24T15:45:00Z,96.025,96.03,96.02,96.02,11785.0,96.025,169
2026-08-24T16:00:00Z,96.02,96.03,96.02,96.03,6652.0,96.029,77
2026-08-24T16:15:00Z,96.03,96.035,96.025,96.025,3902.0,96.03,86
2026-08-24T16:30:00Z,96.025,96.03,96.025,96.025,2974.0,96.025,65
2026-08-24T16:45:00Z,96.025,96.025,96.02,96.025,8307.0,96.025,74
2026-08-24T17:00:00Z,96.025,96.03,96.025,96.03,4102.0,96.028,80
2026-08-24T17:15:00Z,96.03,96.03,96.025,96.03,4769.0,96.03,80
2026-08-24T17:30:00Z,96.03,96.035,96.025,96.03,1005.0,96.03,17
2026-08-24T17:45:00Z,96.03,96.03,96.025,96.025,3625.0,96.0295,75
2026-08-24T18:00:00Z,96.025,96.025,96.025,96.025,513.0,96.025,16
2026-08-24T18:15:00Z,96.025,96.03,96.025,96.025,32.0,96.026,12
2026-08-24T18:30:00Z,96.025,96.03,96.02,96.025,7879.0,96.025,58
2026-08-24T18:45:00Z,96.025,96.025,96.02,96.025,736.0,96.0245,66
2026-08-24T19:00:00Z,96.025,96.025,96.02,96.02,2178.0,96.025,49
2026-08-24T19:15:00Z,96.025,96.025,96.02,96.025,271.0,96.025,21
2026-08-24T19:30:00Z,96.025,96.025,96.02,96.02,365.0,96.0225,23
2026-08-24T19:45:00Z,96.02,96.025,96.02,96.025,1070.0,96.025,45
2026-08-24T20:00:00Z,96.025,96.03,96.02,96.025,11751.0,96.025,172
2026-08-24T20:15:00Z,96.025,96.025,96.025,96.025,860.0,96.025,41
2026-08-24T20:30:00Z,96.025,96.03,96.025,96.025,3416.0,96.025,162
2026-08-24T20:45:00Z,96.025,96.025,96.02,96.025,3420.0,96.025,168
2026-08-24T22:00:00Z,96.025,96.025,96.025,96.025,39.0,96.025,10
2026-08-24T22:15:00Z,96.025,96.025,96.02,96.02,2807.0,96.0205,35
2026-08-24T22:30:00Z,96.02,96.02,96.015,96.02,3297.0,96.0195,89
2026-08-24T22:45:00Z,96.02,96.02,96.02,96.02,7.0,96.02,1
2026-08-24T23:00:00Z,96.02,96.02,96.02,96.02,0.0,96.02,0
2026-08-24T23:15:00Z,96.02,96.02,96.02,96.02,14.0,96.02,2
2026-08-24T23:30:00Z,96.02,96.02,96.02,96.02,663.0,96.02,9
2026-08-24T23:45:00Z,96.02,96.02,96.02,96.02,289.0,96.02,3
2026-08-25T00:00:00Z,96.02,96.02,96.015,96.02,50.0,96.0195,6
2026-08-25T00:15:00Z,96.02,96.02,96.02,96.02,200.0,96.02,1
2026-08-25T00:30:00Z,96.02,96.02,96.02,96.02,0.0,96.02,0
2026-08-25T00:45:00Z,96.02,96.02,96.02,96.02,94.0,96.02,3
2026-08-25T01:00:00Z,96.02,96.02,96.02,96.02,379.0,96.02,8
2026-08-25T01:15:00Z,96.02,96.025,96.02,96.02,303.0,96.02,6
2026-08-25T01:30:00Z,96.025,96.03,96.025,96.025,700.0,96.025,17
2026-08-25T01:45:00Z,96.02,96.02,96.02,96.02,407.0,96.02,6
2026-08-25T02:00:00Z,96.02,96.02,96.015,96.02,639.0,96.02,15
2026-08-25T02:15:00Z,96.02,96.02,96.02,96.02,150.0,96.02,2
2026-08-25T02:30:00Z,96.02,96.02,96.02,96.02,115.0,96.02,1
2026-08-25T02:45:00Z,96.02,96.02,96.02,96.02,5.0,96.02,1
2026-08-25T03:00:00Z,96.02,96.02,96.02,96.02,2140.0,96.02,27
2026-08-25T03:15:00Z,96.015,96.015,96.015,96.015,23.0,96.015,2
2026-08-25T03:30:00Z,96.015,96.015,96.015,96.015,0.0,96.015,0
2026-08-25T03:45:00Z,96.02,96.02,96.02,96.02,50.0,96.02,1
2026-08-25T04:00:00Z,96.02,96.02,96.015,96.015,100.0,96.0175,2
2026-08-25T04:15:00Z,96.015,96.015,96.015,96.015,0.0,96.015,0
2026-08-25T04:30:00Z,96.02,96.02,96.02,96.02,12.0,96.02,2
2026-08-25T04:45:00Z,96.015,96.015,96.015,96.015,1.0,96.015,1
2026-08-25T05:00:00Z,96.015,96.015,96.015,96.015,0.0,96.015,0
2026-08-25T05:15:00Z,96.015,96.015,96.015,96.015,0.0,96.015,0
2026-08-25T05:30:00Z,96.02,96.02,96.02,96.02,8.0,96.02,1
2026-08-25T05:45:00Z,96.02,96.025,96.02,96.025,1055.0,96.02,23
2026-08-25T06:00:00Z,96.025,96.025,96.025,96.025,0.0,96.025,0
2026-08-25T06:15:00Z,96.02,96.025,96.02,96.025,618.0,96.025,4
2026-08-25T06:30:00Z,96.025,96.03,96.025,96.025,1036.0,96.0255,12
2026-08-25T06:45:00Z,96.02,96.025,96.02,96.025,8.0,96.0245,3
2026-08-25T07:00:00Z,96.025,96.025,96.02,96.02,251.0,96.025,2
2026-08-25T07:15:00Z,96.025,96.025,96.025,96.025,3368.0,96.025,56
2026-08-25T07:30:00Z,96.02,96.025,96.02,96.025,797.0,96.025,22
2026-08-25T07:45:00Z,96.025,96.025,96.025,96.025,892.0,96.025,12
2026-08-25T08:00:00Z,96.02,96.025,96.02,96.02,252.0,96.0215,32
2026-08-25T08:15:00Z,96.02,96.03,96.02,96.025,3146.0,96.027,50
2026-08-25T08:30:00Z,96.025,96.03,96.025,96.025,130.0,96.028,19
2026-08-25T08:45:00Z,96.025,96.03,96.025,96.03,991.0,96.0295,19
2026-08-25T09:00:00Z,96.03,96.03,96.03,96.03,457.0,96.03,17
2026-08-25T09:15:00Z,96.035,96.035,96.03,96.03,241.0,96.033,23
2026-08-25T09:30:00Z,96.03,96.04,96.03,96.04,3749.0,96.0355,72
2026-08-25T09:45:00Z,96.035,96.04,96.035,96.04,4694.0,96.039,106
2026-08-25T10:00:00Z,96.04,96.04,96.035,96.035,105.0,96.037,20
2026-08-25T10:15:00Z,96.035,96.035,96.035,96.035,5885.0,96.035,77
2026-08-25T10:30:00Z,96.03,96.035,96.03,96.035,2078.0,96.035,37
2026-08-25T10:45:00Z,96.035,96.035,96.03,96.03,361.0,96.034,36
2026-08-25T11:00:00Z,96.03,96.035,96.025,96.03,4130.0,96.03,148
2026-08-25T11:15:00Z,96.03,96.035,96.025,96.03,2700.0,96.029,91
2026-08-25T11:30:00Z,96.035,96.035,96.035,96.035,2925.0,96.035,58
2026-08-25T11:45:00Z,96.035,96.04,96.035,96.04,1886.0,96.04,89
2026-08-25T12:00:00Z,96.035,96.04,96.035,96.04,1369.0,96.037,50
2026-08-25T12:15:00Z,96.04,96.04,96.035,96.04,554.0,96.037,19
2026-08-25T12:30:00Z,96.04,96.04,96.035,96.035,919.0,96.035,29
2026-08-25T12:45:00Z,96.035,96.045,96.035,96.04,7882.0,96.04,96
2026-08-25T13:00:00Z,96.04,96.05,96.04,96.05,15284.0,96.045,134
2026-08-25T13:15:00Z,96.045,96.05,96.04,96.04,9755.0,96.0435,279
2026-08-25T13:30:00Z,96.04,96.045,96.04,96.045,259.0,96.0425,35
2026-08-25T13:45:00Z,96.04,96.045,96.04,96.04,1625.0,96.04,90
2026-08-25T14:00:00Z,96.04,96.045,96.035,96.035,9738.0,96.04,218
2026-08-25T14:15:00Z,96.035,96.04,96.035,96.04,7072.0,96.04,141
2026-08-25T14:30:00Z,96.04,96.045,96.035,96.04,12213.0,96.04,380
2026-08-25T14:45:00Z,96.04,96.045,96.04,96.045,906.0,96.0425,176
2026-08-25T15:00:00Z,96.045,96.045,96.035,96.04,5891.0,96.04,257
2026-08-25T15:15:00Z,96.04,96.045,96.04,96.04,3188.0,96.04,95
2026-08-25T15:30:00Z,96.04,96.05,96.04,96.045,17378.0,96.0445,394
2026-08-25T15:45:00Z,96.045,96.045,96.04,96.04,5695.0,96.04,174
2026-08-25T16:00:00Z,96.04,96.045,96.035,96.04,4766.0,96.04,185
2026-08-25T16:15:00Z,96.035,96.04,96.035,96.035,258.0,96.0385,29
2026-08-25T16:30:00Z,96.04,96.04,96.035,96.035,2523.0,96.036,53
2026-08-25T16:45:00Z,96.035,96.04,96.035,96.035,1070.0,96.036,94
2026-08-25T17:00:00Z,96.035,96.04,96.035,96.035,1054.0,96.0375,39
2026-08-25T17:15:00Z,96.035,96.04,96.035,96.04,642.0,96.039,18
2026-08-25T17:30:00Z,96.035,96.04,96.035,96.04,4682.0,96.04,95
2026-08-25T17:45:00Z,96.035,96.04,96.035,96.04,1927.0,96.04,56
2026-08-25T18:00:00Z,96.04,96.04,96.035,96.04,599.0,96.0395,109
2026-08-25T18:15:00Z,96.04,96.045,96.035,96.04,2736.0,96.04,131
2026-08-25T18:30:00Z,96.045,96.045,96.04,96.04,490.0,96.0415,78
2026-08-25T18:45:00Z,96.04,96.045,96.04,96.04,311.0,96.0415,62
2026-08-25T19:00:00Z,96.045,96.045,96.04,96.045,4713.0,96.045,172
2026-08-25T19:15:00Z,96.045,96.05,96.045,96.045,675.0,96.049,34
2026-08-25T19:30:00Z,96.05,96.055,96.045,96.05,3448.0,96.05,138
2026-08-25T19:45:00Z,96.05,96.065,96.05,96.06,16030.0,96.058,286
2026-08-25T20:00:00Z,96.06,96.07,96.055,96.06,10376.0,96.0625,246
2026-08-25T20:15:00Z,96.065,96.07,96.06,96.065,5419.0,96.065,138
2026-08-25T20:30:00Z,96.065,96.065,96.06,96.06,4229.0,96.0645,51
2026-08-25T20:45:00Z,96.06,96.065,96.06,96.065,2430.0,96.0625,68
2026-08-25T22:00:00Z,96.06,96.065,96.055,96.06,849.0,96.06,39
2026-08-25T22:15:00Z,96.06,96.06,96.06,96.06,348.0,96.06,9
2026-08-25T22:30:00Z,96.06,96.06,96.06,96.06,0.0,96.06,0
2026-08-25T22:45:00Z,96.06,96.06,96.06,96.06,140.0,96.06,3
2026-08-25T23:00:00Z,96.06,96.06,96.055,96.055,1835.0,96.06,39
2026-08-25T23:15:00Z,96.055,96.055,96.055,96.055,150.0,96.055,2
2026-08-25T23:30:00Z,96.055,96.055,96.055,96.055,3.0,96.055,1
2026-08-25T23:45:00Z,96.055,96.055,96.055,96.055,188.0,96.055,9
2026-08-26T00:00:00Z,96.055,96.06,96.055,96.055,1491.0,96.055,55
2026-08-26T00:15:00Z,96.055,96.06,96.055,96.055,1218.0,96.055,30
2026-08-26T00:30:00Z,96.055,96.055,96.055,96.055,9.0,96.055,2
2026-08-26T00:45:00Z,96.055,96.055,96.055,96.055,1279.0,96.055,29
2026-08-26T01:00:00Z,96.055,96.055,96.055,96.055,36.0,96.055,5
2026-08-26T01:15:00Z,96.055,96.055,96.05,96.055,363.0,96.055,9
2026-08-26T01:30:00Z,96.055,96.055,96.055,96.055,779.0,96.055,16
2026-08-26T01:45:00Z,96.055,96.055,96.05,96.055,435.0,96.055,6
2026-08-26T02:00:00Z,96.05,96.055,96.05,96.055,551.0,96.0515,8
2026-08-26T02:15:00Z,96.05,96.055,96.05,96.05,1529.0,96.05,24
2026-08-26T02:30:00Z,96.05,96.05,96.05,96.05,190.0,96.05,1
2026-08-26T02:45:00Z,96.05,96.05,96.05,96.05,0.0,96.05,0
2026-08-26T03:00:00Z,96.05,96.05,96.05,96.05,1153.0,96.05,8
2026-08-26T03:15:00Z,96.05,96.05,96.05,96.05,1460.0,96.05,36
2026-08-26T03:30:00Z,96.05,96.05,96.05,96.05,119.0,96.05,7
2026-08-26T03:45:00Z,96.05,96.05,96.05,96.05,2.0,96.05,1
2026-08-26T04:00:00Z,96.05,96.05,96.05,96.05,64.0,96.05,10
2026-08-26T04:15:00Z,96.05,96.05,96.05,96.05,12.0,96.05,2
2026-08-26T04:30:00Z,96.05,96.05,96.045,96.045,27.0,96.0495,2
2026-08-26T04:45:00Z,96.045,96.045,96.045,96.045,0.0,96.045,0
2026-08-26T05:00:00Z,96.045,96.05,96.045,96.05,218.0,96.05,6
2026-08-26T05:15:00Z,96.05,96.05,96.05,96.05,0.0,96.05,0
2026-08-26T05:30:00Z,96.05,96.05,96.05,96.05,121.0,96.05,4
2026-08-26T05:45:00Z,96.05,96.05,96.05,96.05,61.0,96.05,1
2026-08-26T06:00:00Z,96.05,96.05,96.05,96.05,10.0,96.05,1
2026-08-26T06:15:00Z,96.045,96.045,96.045,96.045,1635.0,96.045,22
2026-08-26T06:30:00Z,96.045,96.045,96.045,96.045,0.0,96.045,0
2026-08-26T06:45:00Z,96.05,96.05,96.05,96.05,950.0,96.05,3
2026-08-26T07:00:00Z,96.05,96.05,96.05,96.05,2297.0,96.05,45
2026-08-26T07:15:00Z,96.05,96.05,96.045,96.045,880.0,96.048,31
2026-08-26T07:30:00Z,96.045,96.05,96.045,96.05,749.0,96.05,6
2026-08-26T07:45:00Z,96.045,96.05,96.045,96.05,3216.0,96.05,50
2026-08-26T08:00:00Z,96.05,96.05,96.045,96.045,150.0,96.05,3
2026-08-26T08:15:00Z,96.05,96.05,96.05,96.05,1.0,96.05,1
2026-08-26T08:30:00Z,96.05,96.055,96.05,96.05,3648.0,96.05,101
2026-08-26T08:45:00Z,96.05,96.05,96.045,96.045,1069.0,96.05,25
2026-08-26T09:00:00Z,96.045,96.05,96.045,96.045,130.0,96.045,20
2026-08-26T09:15:00Z,96.045,96.045,96.045,96.045,23.0,96.045,3
2026-08-26T09:30:00Z,96.045,96.045,96.045,96.045,2599.0,96.045,85
2026-08-26T09:45:00Z,96.045,96.045,96.045,96.045,1267.0,96.045,32
2026-08-26T10:00:00Z,96.045,96.045,96.045,96.045,1089.0,96.045,31
2026-08-26T10:15:00Z,96.045,96.045,96.045,96.045,80.0,96.045,18
2026-08-26T10:30:00Z,96.045,96.045,96.045,96.045,99.0,96.045,19
2026-08-26T10:45:00Z,96.045,96.05,96.045,96.045,966.0,96.045,43
2026-08-26T11:00:00Z,96.045,96.05,96.045,96.05,1042.0,96.0455,11
2026-08-26T11:15:00Z,96.045,96.05,96.045,96.05,225.0,96.0455,5
2026-08-26T11:30:00Z,96.05,96.055,96.05,96.05,7163.0,96.05,107
2026-08-26T11:45:00Z,96.05,96.055,96.05,96.055,1119.0,96.0545,42
2026-08-26T12:00:00Z,96.055,96.065,96.055,96.06,9620.0,96.0595,409
2026-08-26T12:15:00Z,96.06,96.07,96.06,96.07,8365.0,96.065,134
2026-08-26T12:30:00Z,96.07,96.07,96.03,96.035,38167.0,96.045,346
2026-08-26T12:45:00Z,96.04,96.04,96.03,96.03,14538.0,96.0315,159
2026-08-26T13:00:00Z,96.03,96.035,96.025,96.035,1824.0,96.03,48
2026-08-26T13:15:00Z,96.035,96.035,96.03,96.03,7747.0,96.032,124
2026-08-26T13:30:00Z,96.03,96.035,96.025,96.03,5104.0,96.03,91
2026-08-26T13:45:00Z,96.03,96.035,96.025,96.03,11681.0,96.028,195
2026-08-26T14:00:00Z,96.03,96.035,96.03,96.035,3124.0,96.03,82
2026-08-26T14:15:00Z,96.035,96.035,96.03,96.035,1479.0,96.035,114
2026-08-26T14:30:00Z,96.035,96.04,96.03,96.035,7186.0,96.035,184
2026-08-26T14:45:00Z,96.035,96.04,96.035,96.04,2028.0,96.035,121
2026-08-26T15:00:00Z,96.035,96.04,96.035,96.04,693.0,96.0375,23
2026-08-26T15:15:00Z,96.04,96.04,96.03,96.035,3376.0,96.035,133
2026-08-26T15:30:00Z,96.035,96.035,96.03,96.035,561.0,96.035,38
2026-08-26T15:45:00Z,96.035,96.035,96.025,96.03,6523.0,96.03,96
2026-08-26T16:00:00Z,96.03,96.035,96.03,96.03,3685.0,96.03,110
2026-08-26T16:15:00Z,96.03,96.03,96.025,96.025,244.0,96.028,21
2026-08-26T16:30:00Z,96.03,96.03,96.025,96.025,256.0,96.026,24
2026-08-26T16:45:00Z,96.03,96.03,96.025,96.025,6551.0,96.025,201
2026-08-26T17:00:00Z,96.025,96.03,96.025,96.03,612.0,96.0285,84
2026-08-26T17:15:00Z,96.03,96.035,96.025,96.03,5104.0,96.03,41
2026-08-26T17:30:00Z,96.03,96.03,96.025,96.025,67.0,96.028,9
2026-08-26T17:45:00Z,96.03,96.03,96.025,96.025,4257.0,96.025,146
2026-08-26T18:00:00Z,96.03,96.04,96.025,96.035,18424.0,96.0335,205
2026-08-26T18:15:00Z,96.035,96.035,96.03,96.03,168.0,96.0305,13
2026-08-26T18:30:00Z,96.03,96.035,96.03,96.03,389.0,96.0305,28
2026-08-26T18:45:00Z,96.035,96.04,96.03,96.035,4959.0,96.035,163
2026-08-26T19:00:00Z,96.035,96.04,96.03,96.04,813.0,96.0355,59
2026-08-26T19:15:00Z,96.035,96.04,96.035,96.035,1710.0,96.0355,25
2026-08-26T19:30:00Z,96.035,96.04,96.035,96.04,1172.0,96.0365,42
2026-08-26T19:45:00Z,96.04,96.045,96.035,96.04,6261.0,96.04,180
2026-08-26T20:00:00Z,96.04,96.045,96.04,96.04,1824.0,96.0415,82
2026-08-26T20:15:00Z,96.045,96.045,96.035,96.035,7732.0,96.04,178
2026-08-26T20:30:00Z,96.04,96.04,96.035,96.04,2493.0,96.04,108
2026-08-26T20:45:00Z,96.04,96.04,96.035,96.035,431.0,96.0395,26
2026-08-26T22:00:00Z,96.035,96.035,96.035,96.035,2218.0,96.035,44
2026-08-26T22:15:00Z,96.035,96.035,96.035,96.035,106.0,96.035,8
2026-08-26T22:30:00Z,96.035,96.035,96.035,96.035,0.0,96.035,0
2026-08-26T22:45:00Z,96.04,96.04,96.04,96.04,1.0,96.04,1
2026-08-26T23:00:00Z,96.04,96.04,96.04,96.04,6.0,96.04,4
2026-08-26T23:15:00Z,96.035,96.035,96.035,96.035,30.0,96.035,1
2026-08-26T23:30:00Z,96.035,96.035,96.035,96.035,0.0,96.035,0
2026-08-26T23:45:00Z,96.035,96.035,96.035,96.035,0.0,96.035,0
2026-08-27T00:00:00Z,96.035,96.035,96.035,96.035,9.0,96.035,1
2026-08-27T00:15:00Z,96.035,96.035,96.03,96.035,1580.0,96.035,19
2026-08-27T00:30:00Z,96.035,96.035,96.03,96.035,560.0,96.033,8
2026-08-27T00:45:00Z,96.03,96.03,96.03,96.03,1809.0,96.03,58
2026-08-27T01:00:00Z,96.03,96.03,96.03,96.03,1094.0,96.03,26
2026-08-27T01:15:00Z,96.03,96.035,96.03,96.035,1705.0,96.03,25
2026-08-27T01:30:00Z,96.035,96.035,96.035,96.035,1514.0,96.035,29
2026-08-27T01:45:00Z,96.035,96.035,96.03,96.035,222.0,96.0305,11
2026-08-27T02:00:00Z,96.035,96.035,96.035,96.035,10.0,96.035,4
2026-08-27T02:15:00Z,96.035,96.035,96.035,96.035,0.0,96.035,0
2026-08-27T02:30:00Z,96.035,96.035,96.035,96.035,76.0,96.035,5
2026-08-27T02:45:00Z,96.035,96.035,96.035,96.035,3.0,96.035,1
2026-08-27T03:00:00Z,96.03,96.035,96.03,96.03,58.0,96.0345,3
2026-08-27T03:15:00Z,96.03,96.03,96.03,96.03,0.0,96.03,0
2026-08-27T03:30:00Z,96.035,96.035,96.03,96.035,82.0,96.035,11
2026-08-27T03:45:00Z,96.035,96.035,96.03,96.03,211.0,96.035,5
2026-08-27T04:00:00Z,96.035,96.035,96.035,96.035,50.0,96.035,1
2026-08-27T04:15:00Z,96.03,96.03,96.03,96.03,202.0,96.03,1
2026-08-27T04:30:00Z,96.035,96.035,96.035,96.035,2.0,96.035,2
2026-08-27T04:45:00Z,96.035,96.035,96.035,96.035,6.0,96.035,3
2026-08-27T05:00:00Z,96.03,96.03,96.03,96.03,1626.0,96.03,32
2026-08-27T05:15:00Z,96.035,96.035,96.03,96.03,987.0,96.035,6
2026-08-27T05:30:00Z,96.035,96.035,96.035,96.035,1649.0,96.035,39
2026-08-27T05:45:00Z,96.035,96.035,96.035,96.035,181.0,96.035,27
2026-08-27T06:00:00Z,96.035,96.04,96.035,96.04,1633.0,96.036,26
2026-08-27T06:15:00Z,96.035,96.04,96.035,96.04,333.0,96.0385,35
2026-08-27T06:30:00Z,96.04,96.04,96.04,96.04,151.0,96.04,5
2026-08-27T06:45:00Z,96.04,96.04,96.035,96.04,688.0,96.039,22
2026-08-27T07:00:00Z,96.04,96.045,96.04,96.04,1825.0,96.0405,76
2026-08-27T07:15:00Z,96.04,96.045,96.04,96.04,1908.0,96.0405,14
2026-08-27T07:30:00Z,96.04,96.04,96.04,96.04,1984.0,96.04,79
2026-08-27T07:45:00Z,96.04,96.04,96.035,96.035,3122.0,96.0375,62
2026-08-27T08:00:00Z,96.035,96.035,96.035,96.035,1052.0,96.035,37
2026-08-27T08:15:00Z,96.035,96.035,96.03,96.035,321.0,96.034,34
2026-08-27T08:30:00Z,96.035,96.035,96.035,96.035,2149.0,96.035,76
2026-08-27T08:45:00Z,96.035,96.035,96.035,96.035,794.0,96.035,30
2026-08-27T09:00:00Z,96.035,96.035,96.03,96.03,2385.0,96.03,60
2026-08-27T09:15:00Z,96.03,96.03,96.03,96.03,2786.0,96.03,56
2026-08-27T09:30:00Z,96.03,96.03,96.03,96.03,0.0,96.03,0
2026-08-27T09:45:00Z,96.025,96.03,96.025,96.03,393.0,96.026,18
2026-08-27T10:00:00Z,96.03,96.03,96.03,96.03,361.0,96.03,3
2026-08-27T10:15:00Z,96.03,96.03,96.025,96.025,5336.0,96.03,65
2026-08-27T10:30:00Z,96.025,96.03,96.025,96.03,202.0,96.028,25
2026-08-27T10:45:00Z,96.025,96.03,96.025,96.025,455.0,96.0255,35
2026-08-27T11:00:00Z,96.025,96.03,96.025,96.03,3184.0,96.025,72
2026-08-27T11:15:00Z,96.025,96.03,96.025,96.025,2748.0,96.025,62
2026-08-27T11:30:00Z,96.025,96.03,96.025,96.03,3350.0,96.0255,116
2026-08-27T11:45:00Z,96.03,96.035,96.025,96.035,11102.0,96.034,309
2026-08-27T12:00:00Z,96.03,96.035,96.03,96.035,769.0,96.0335,29
2026-08-27T12:15:00Z,96.035,96.04,96.03,96.035,9454.0,96.035,205
2026-08-27T12:30:00Z,96.03,96.04,96.03,96.035,3741.0,96.035,108
2026-08-27T12:45:00Z,96.035,96.035,96.03,96.035,6132.0,96.03,154
2026-08-27T13:00:00Z,96.035,96.04,96.035,96.035,2950.0,96.035,52
2026-08-27T13:15:00Z,96.04,96.045,96.035,96.04,4266.0,96.04,85
2026-08-27T13:30:00Z,96.04,96.045,96.04,96.04,4586.0,96.04,120
2026-08-27T13:45:00Z,96.04,96.045,96.035,96.04,3136.0,96.0405,99
2026-08-27T14:00:00Z,96.04,96.04,96.035,96.04,799.0,96.04,43
2026-08-27T14:15:00Z,96.04,96.04,96.03,96.035,6002.0,96.034,96
2026-08-27T14:30:00Z,96.035,96.04,96.035,96.035,4502.0,96.035,70
2026-08-27T14:45:00Z,96.04,96.045,96.035,96.04,6355.0,96.04,125
2026-08-27T15:00:00Z,96.04,96.045,96.035,96.04,5579.0,96.039,107
2026-08-27T15:15:00Z,96.04,96.04,96.035,96.035,3692.0,96.035,95
2026-08-27T15:30:00Z,96.035,96.04,96.035,96.035,2882.0,96.039,118
2026-08-27T15:45:00Z,96.035,96.04,96.035,96.035,1277.0,96.037,152
2026-08-27T16:00:00Z,96.035,96.04,96.035,96.04,4339.0,96.039,143
2026-08-27T16:15:00Z,96.04,96.045,96.035,96.045,2575.0,96.04,81
2026-08-27T16:30:00Z,96.04,96.045,96.035,96.04,4657.0,96.0395,88
2026-08-27T16:45:00Z,96.035,96.04,96.035,96.035,3636.0,96.035,126
2026-08-27T17:00:00Z,96.035,96.04,96.03,96.03,1610.0,96.035,118
2026-08-27T17:15:00Z,96.03,96.035,96.03,96.03,825.0,96.0305,81
2026-08-27T17:30:00Z,96.03,96.035,96.03,96.035,484.0,96.031,65
2026-08-27T17:45:00Z,96.03,96.035,96.025,96.025,10936.0,96.03,141
2026-08-27T18:00:00Z,96.025,96.03,96.02,96.025,6868.0,96.025,74
2026-08-27T18:15:00Z,96.025,96.03,96.025,96.025,3092.0,96.029,104
2026-08-27T18:30:00Z,96.025,96.03,96.025,96.025,631.0,96.026,76
2026-08-27T18:45:00Z,96.025,96.03,96.025,96.03,8048.0,96.03,162
2026-08-27T19:00:00Z,96.03,96.03,96.025,96.025,1472.0,96.03,58
2026-08-27T19:15:00Z,96.025,96.03,96.025,96.025,980.0,96.0275,109
2026-08-27T19:30:00Z,96.025,96.03,96.025,96.025,1099.0,96.0255,148
2026-08-27T19:45:00Z,96.025,96.03,96.025,96.03,1136.0,96.026,172
2026-08-27T20:00:00Z,96.025,96.03,96.025,96.025,1042.0,96.0295,46
2026-08-27T20:15:00Z,96.03,96.03,96.025,96.025,942.0,96.0295,34
2026-08-27T20:30:00Z,96.025,96.03,96.025,96.03,575.0,96.028,31
2026-08-27T20:45:00Z,96.025,96.03,96.02,96.03,4790.0,96.025,98
2026-08-27T22:30:00Z,96.03,96.03,96.025,96.03,540.0,96.03,23
2026-08-27T22:45:00Z,96.035,96.035,96.03,96.03,74.0,96.0305,2
2026-08-27T23:00:00Z,96.035,96.035,96.035,96.035,1292.0,96.035,13
2026-08-27T23:15:00Z,96.035,96.035,96.035,96.035,1.0,96.035,1
2026-08-27T23:30:00Z,96.035,96.04,96.035,96.035,888.0,96.0355,23
2026-08-27T23:45:00Z,96.035,96.035,96.03,96.035,896.0,96.035,32
2026-08-28T00:00:00Z,96.035,96.035,96.035,96.035,241.0,96.035,26
2026-08-28T00:15:00Z,96.035,96.035,96.035,96.035,1.0,96.035,1
2026-08-28T00:30:00Z,96.035,96.035,96.025,96.03,12967.0,96.03,51
2026-08-28T00:45:00Z,96.03,96.03,96.03,96.03,1.0,96.03,1
2026-08-28T01:00:00Z,96.03,96.03,96.03,96.03,0.0,96.03,0
2026-08-28T01:15:00Z,96.03,96.03,96.03,96.03,200.0,96.03,1
2026-08-28T01:30:00Z,96.03,96.03,96.03,96.03,1.0,96.03,1
2026-08-28T01:45:00Z,96.03,96.03,96.03,96.03,1666.0,96.03,49
2026-08-28T02:00:00Z,96.03,96.03,96.03,96.03,154.0,96.03,6
2026-08-28T02:15:00Z,96.03,96.03,96.03,96.03,0.0,96.03,0
2026-08-28T02:30:00Z,96.025,96.025,96.025,96.025,271.0,96.025,6
2026-08-28T02:45:00Z,96.03,96.03,96.03,96.03,3.0,96.03,1
2026-08-28T03:00:00Z,96.03,96.03,96.025,96.025,418.0,96.029,6
2026-08-28T03:15:00Z,96.03,96.03,96.03,96.03,14.0,96.03,1
2026-08-28T03:30:00Z,96.025,96.03,96.025,96.025,2424.0,96.025,27
2026-08-28T03:45:00Z,96.025,96.025,96.025,96.025,6.0,96.025,1
2026-08-28T04:00:00Z,96.025,96.025,96.02,96.02,3238.0,96.024,50
2026-08-28T04:15:00Z,96.025,96.025,96.025,96.025,601.0,96.025,7
2026-08-28T04:30:00Z,96.025,96.025,96.025,96.025,0.0,96.025,0
2026-08-28T04:45:00Z,96.025,96.025,96.025,96.025,0.0,96.025,0
2026-08-28T05:00:00Z,96.025,96.025,96.025,96.025,0.0,96.025,0
2026-08-28T05:15:00Z,96.025,96.025,96.02,96.025,158.0,96.0205,4
2026-08-28T05:30:00Z,96.025,96.025,96.025,96.025,2171.0,96.025,40
2026-08-28T05:45:00Z,96.025,96.025,96.025,96.025,0.0,96.025,0
2026-08-28T06:00:00Z,96.025,96.025,96.025,96.025,4126.0,96.025,45
2026-08-28T06:15:00Z,96.025,96.025,96.025,96.025,980.0,96.025,9
2026-08-28T06:30:00Z,96.025,96.025,96.025,96.025,2142.0,96.025,35
2026-08-28T06:45:00Z,96.03,96.03,96.025,96.025,723.0,96.028,22
2026-08-28T07:00:00Z,96.025,96.025,96.025,96.025,22.0,96.025,8
2026-08-28T07:15:00Z,96.03,96.03,96.025,96.025,267.0,96.025,15
2026-08-28T07:30:00Z,96.025,96.025,96.025,96.025,1028.0,96.025,7
2026-08-28T07:45:00Z,96.025,96.025,96.025,96.025,2517.0,96.025,36
2026-08-28T08:00:00Z,96.025,96.025,96.025,96.025,174.0,96.025,4
2026-08-28T08:15:00Z,96.03,96.03,96.03,96.03,260.0,96.03,3
2026-08-28T08:30:00Z,96.025,96.025,96.025,96.025,366.0,96.025,15
2026-08-28T08:45:00Z,96.025,96.025,96.025,96.025,2076.0,96.025,28
2026-08-28T09:00:00Z,96.025,96.03,96.02,96.02,1299.0,96.025,57
2026-08-28T09:15:00Z,96.025,96.025,96.025,96.025,157.0,96.025,14
2026-08-28T09:30:00Z,96.025,96.025,96.02,96.025,2771.0,96.025,49
2026-08-28T09:45:00Z,96.025,96.025,96.02,96.025,1116.0,96.025,35
2026-08-28T10:00:00Z,96.025,96.025,96.025,96.025,873.0,96.025,36
2026-08-28T10:15:00Z,96.025,96.03,96.025,96.03,1429.0,96.0255,21
2026-08-28T10:30:00Z,96.03,96.03,96.025,96.025,706.0,96.0255,10
2026-08-28T10:45:00Z,96.025,96.025,96.025,96.025,746.0,96.025,17
2026-08-28T11:00:00Z,96.025,96.03,96.025,96.025,1440.0,96.0295,6
2026-08-28T11:15:00Z,96.025,96.025,96.02,96.025,1367.0,96.025,37
2026-08-28T11:30:00Z,96.025,96.03,96.025,96.025,4319.0,96.025,81
2026-08-28T11:45:00Z,96.025,96.025,96.025,96.025,4764.0,96.025,50
2026-08-28T12:00:00Z,96.02,96.025,96.02,96.025,1089.0,96.025,56
2026-08-28T12:15:00Z,96.025,96.025,96.015,96.02,7794.0,96.024,176
2026-08-28T12:30:00Z,96.02,96.02,96.01,96.015,9068.0,96.012,163
2026-08-28T12:45:00Z,96.015,96.02,96.01,96.015,6406.0,96.015,95
2026-08-28T13:00:00Z,96.015,96.02,96.015,96.015,4435.0,96.0155,63
2026-08-28T13:15:00Z,96.015,96.02,96.015,96.02,1503.0,96.017,41
2026-08-28T13:30:00Z,96.015,96.02,96.015,96.02,1847.0,96.016,42
2026-08-28T13:45:00Z,96.02,96.035,96.005,96.01,14507.0,96.0215,325
2026-08-28T14:00:00Z,96.005,96.04,95.96,95.96,98302.0,95.9775,1382
2026-08-28T14:15:00Z,95.96,95.965,95.915,95.925,71898.0,95.9455,1098
2026-08-28T14:30:00Z,95.925,95.96,95.925,95.945,66437.0,95.944,671
2026-08-28T14:45:00Z,95.95,95.95,95.935,95.94,24240.0,95.943,542
2026-08-28T15:00:00Z,95.945,95.945,95.92,95.925,19989.0,95.931,331
2026-08-28T15:15:00Z,95.925,95.93,95.92,95.92,27729.0,95.924,454
2026-08-28T15:30:00Z,95.92,95.925,95.91,95.915,26247.0,95.915,395
2026-08-28T15:45:00Z,95.915,95.925,95.91,95.92,25880.0,95.917,341
2026-08-28T16:00:00Z,95.92,95.925,95.91,95.915,9931.0,95.9165,185
2026-08-28T16:15:00Z,95.91,95.915,95.905,95.905,9102.0,95.909,238
2026-08-28T16:30:00Z,95.91,95.91,95.905,95.905,18334.0,95.91,218
2026-08-28T16:45:00Z,95.91,95.915,95.905,95.91,12818.0,95.91,166
2026-08-28T17:00:00Z,95.91,95.915,95.91,95.91,3805.0,95.9145,82
2026-08-28T17:15:00Z,95.915,95.915,95.91,95.91,4110.0,95.91,155
2026-08-28T17:30:00Z,95.905,95.91,95.9,95.905,7663.0,95.905,146
2026-08-28T17:45:00Z,95.905,95.91,95.905,95.905,4352.0,95.909,86
2026-08-28T18:00:00Z,95.91,95.91,95.905,95.905,4112.0,95.909,142
2026-08-28T18:15:00Z,95.91,95.91,95.905,95.91,7021.0,95.9085,143
2026-08-28T18:30:00Z,95.91,95.91,95.91,95.91,2024.0,95.91,79
2026-08-28T18:45:00Z,95.91,95.915,95.9,95.905,7072.0,95.907,173
2026-08-28T19:00:00Z,95.905,95.915,95.905,95.915,6697.0,95.9115,126
2026-08-28T19:15:00Z,95.91,95.915,95.905,95.91,8521.0,95.91,109
2026-08-28T19:30:00Z,95.91,95.915,95.905,95.91,4237.0,95.91,94
2026-08-28T19:45:00Z,95.91,95.91,95.905,95.905,1433.0,95.9085,85
2026-08-28T20:00:00Z,95.905,95.91,95.9,95.9,6231.0,95.905,153
2026-08-28T20:15:00Z,95.905,95.905,95.9,95.905,10343.0,95.9,79
2026-08-28T20:30:00Z,95.9,95.905,95.895,95.9,9930.0,95.9,133
2026-08-28T20:45:00Z,95.9,95.91,95.895,95.91,6373.0,95.902,143
2026-08-30T22:00:00Z,95.9,95.9,95.89,95.9,4747.0,95.894,123
2026-08-30T22:15:00Z,95.9,95.9,95.895,95.9,57.0,95.8995,17
2026-08-30T22:30:00Z,95.9,95.9,95.9,95.9,665.0,95.9,29
2026-08-30T22:45:00Z,95.9,95.9,95.9,95.9,509.0,95.9,16
2026-08-30T23:00:00Z,95.9,95.9,95.9,95.9,1805.0,95.9,20
2026-08-30T23:15:00Z,95.9,95.9,95.9,95.9,2.0,95.9,2
2026-08-30T23:30:00Z,95.905,95.905,95.905,95.905,1694.0,95.905,23
2026-08-30T23:45:00Z,95.905,95.905,95.905,95.905,560.0,95.905,25
2026-08-31T00:00:00Z,95.91,95.91,95.905,95.905,1220.0,95.91,34
2026-08-31T00:15:00Z,95.91,95.91,95.905,95.91,149.0,95.91,6
2026-08-31T00:30:00Z,95.91,95.91,95.91,95.91,1072.0,95.91,39
2026-08-31T00:45:00Z,95.91,95.915,95.91,95.91,3400.0,95.9145,12
2026-08-31T01:00:00Z,95.91,95.915,95.91,95.915,384.0,95.91,13
2026-08-31T01:15:00Z,95.915,95.92,95.915,95.915,1180.0,95.9155,40
2026-08-31T01:30:00Z,95.915,95.92,95.915,95.915,1134.0,95.918,49
2026-08-31T01:45:00Z,95.92,95.92,95.915,95.92,1499.0,95.92,34
2026-08-31T02:00:00Z,95.92,95.925,95.92,95.92,192.0,95.9205,18
2026-08-31T02:15:00Z,95.92,95.925,95.92,95.925,21.0,95.921,15
2026-08-31T02:30:00Z,95.92,95.925,95.92,95.92,1089.0,95.92,45
2026-08-31T02:45:00Z,95.925,95.925,95.92,95.925,2778.0,95.925,42
2026-08-31T03:00:00Z,95.925,95.925,95.925,95.925,443.0,95.925,14
2026-08-31T03:15:00Z,95.925,95.925,95.925,95.925,120.0,95.925,6
2026-08-31T03:30:00Z,95.925,95.925,95.92,95.925,1950.0,95.925,46
2026-08-31T03:45:00Z,95.925,95.925,95.925,95.925,233.0,95.925,26
2026-08-31T04:00:00Z,95.925,95.925,95.925,95.925,0.0,95.925,0
2026-08-31T04:15:00Z,95.93,95.93,95.925,95.925,1224.0,95.9255,36
2026-08-31T04:30:00Z,95.925,95.925,95.925,95.925,666.0,95.925,21
2026-08-31T04:45:00Z,95.925,95.925,95.925,95.925,507.0,95.925,11
2026-08-31T05:00:00Z,95.925,95.925,95.925,95.925,2020.0,95.925,74
2026-08-31T05:15:00Z,95.92,95.925,95.92,95.92,229.0,95.9205,6
2026-08-31T05:30:00Z,95.92,95.92,95.92,95.92,1150.0,95.92,25
2026-08-31T05:45:00Z,95.92,95.92,95.92,95.92,125.0,95.92,16
2026-08-31T06:00:00Z,95.92,95.925,95.92,95.925,1003.0,95.925,11
2026-08-31T06:15:00Z,95.925,95.93,95.925,95.93,429.0,95.9275,10
2026-08-31T06:30:00Z,95.925,95.93,95.925,95.93,1361.0,95.93,20
2026-08-31T06:45:00Z,95.93,95.93,95.925,95.925,1644.0,95.928,14
2026-08-31T07:00:00Z,95.93,95.93,95.925,95.93,1195.0,95.93,50
2026-08-31T07:15:00Z,95.935,95.935,95.93,95.93,1621.0,95.93,13
2026-08-31T07:30:00Z,95.93,95.93,95.93,95.93,249.0,95.93,14
2026-08-31T07:45:00Z,95.93,95.93,95.93,95.93,628.0,95.93,7
2026-08-31T08:00:00Z,95.935,95.935,95.93,95.93,270.0,95.932,14
2026-08-31T08:15:00Z,95.93,95.93,95.93,95.93,1.0,95.93,1
2026-08-31T08:30:00Z,95.93,95.93,95.925,95.93,2319.0,95.9295,40
2026-08-31T08:45:00Z,95.93,95.93,95.925,95.925,245.0,95.925,16
2026-08-31T09:00:00Z,95.925,95.93,95.925,95.925,1183.0,95.928,19
2026-08-31T09:15:00Z,95.925,95.925,95.925,95.925,287.0,95.925,7
2026-08-31T09:30:00Z,95.925,95.93,95.92,95.93,3956.0,95.9255,43
2026-08-31T09:45:00Z,95.925,95.925,95.925,95.925,1133.0,95.925,16
2026-08-31T10:00:00Z,95.925,95.93,95.925,95.93,3260.0,95.9295,62
2026-08-31T10:15:00Z,95.925,95.93,95.925,95.93,7908.0,95.925,37
2026-08-31T10:30:00Z,95.925,95.925,95.925,95.925,30.0,95.925,2
2026-08-31T10:45:00Z,95.925,95.93,95.925,95.93,502.0,95.927,13
2026-08-31T11:00:00Z,95.925,95.925,95.925,95.925,2040.0,95.925,52
2026-08-31T11:15:00Z,95.925,95.93,95.925,95.93,3353.0,95.929,69
2026-08-31T11:30:00Z,95.93,95.93,95.925,95.93,3463.0,95.93,162
2026-08-31T11:45:00Z,95.925,95.93,95.925,95.925,4525.0,95.9255,164
2026-08-31T12:00:00Z,95.925,95.93,95.925,95.93,10412.0,95.927,200
2026-08-31T12:15:00Z,95.93,95.93,95.92,95.925,5955.0,95.927,232
2026-08-31T12:30:00Z,95.92,95.925,95.915,95.92,14025.0,95.92,382
2026-08-31T12:45:00Z,95.92,95.925,95.92,95.925,2020.0,95.9205,55
2026-08-31T13:00:00Z,95.925,95.93,95.92,95.925,7006.0,95.925,111
2026-08-31T13:15:00Z,95.925,95.93,95.925,95.93,5637.0,95.925,128
2026-08-31T13:30:00Z,95.93,95.93,95.92,95.925,8703.0,95.925,228
2026-08-31T13:45:00Z,95.925,95.93,95.915,95.925,17356.0,95.922,287
2026-08-31T14:00:00Z,95.92,95.925,95.915,95.92,3020.0,95.92,132
2026-08-31T14:15:00Z,95.92,95.925,95.92,95.925,1501.0,95.922,59
2026-08-31T14:30:00Z,95.925,95.925,95.92,95.92,558.0,95.9215,59
2026-08-31T14:45:00Z,95.925,95.925,95.92,95.925,484.0,95.923,92
2026-08-31T15:00:00Z,95.92,95.925,95.92,95.92,1441.0,95.921,77
2026-08-31T15:15:00Z,95.925,95.925,95.915,95.92,7383.0,95.9195,92
2026-08-31T15:30:00Z,95.92,95.925,95.91,95.915,14033.0,95.9185,172
2026-08-31T15:45:00Z,95.915,95.915,95.905,95.905,5106.0,95.91,77
2026-08-31T16:00:00Z,95.91,95.91,95.9,95.91,14546.0,95.905,265
2026-08-31T16:15:00Z,95.91,95.915,95.91,95.91,1787.0,95.91,73
2026-08-31T16:30:00Z,95.91,95.915,95.905,95.91,5146.0,95.9105,43
2026-08-31T16:45:00Z,95.91,95.915,95.91,95.915,3372.0,95.915,64
2026-08-31T17:00:00Z,95.915,95.915,95.915,95.915,2616.0,95.915,26
2026-08-31T17:15:00Z,95.915,95.92,95.915,95.915,2260.0,95.915,37
2026-08-31T17:30:00Z,95.915,95.92,95.915,95.92,381.0,95.917,36
2026-08-31T17:45:00Z,95.915,95.92,95.915,95.92,252.0,95.919,46
2026-08-31T18:00:00Z,95.92,95.92,95.915,95.92,416.0,95.9185,20
2026-08-31T18:15:00Z,95.915,95.92,95.915,95.915,1943.0,95.916,140
2026-08-31T18:30:00Z,95.915,95.92,95.91,95.915,6963.0,95.915,118
2026-08-31T18:45:00Z,95.915,95.92,95.915,95.915,2017.0,95.915,291
2026-08-31T19:00:00Z,95.92,95.92,95.915,95.92,1301.0,95.9185,55
2026-08-31T19:15:00Z,95.92,95.925,95.915,95.915,14013.0,95.92,151
2026-08-31T19:30:00Z,95.92,95.925,95.915,95.92,9183.0,95.92,155
2026-08-31T19:45:00Z,95.92,95.925,95.915,95.925,14637.0,95.92,409
2026-08-31T20:00:00Z,95.92,95.925,95.915,95.92,9152.0,95.92,272
2026-08-31T20:15:00Z,95.92,95.92,95.915,95.915,5541.0,95.915,108
2026-08-31T20:30:00Z,95.915,95.915,95.91,95.915,2555.0,95.915,68
2026-08-31T20:45:00Z,95.915,95.92,95.915,95.915,4170.0,95.9165,82
2026-08-31T22:15:00Z,95.915,95.915,95.91,95.91,931.0,95.915,15
2026-08-31T22:30:00Z,95.915,95.915,95.915,95.915,2.0,95.915,1
2026-08-31T22:45:00Z,95.915,95.915,95.915,95.915,0.0,95.915,0
2026-08-31T23:00:00Z,95.91,95.91,95.91,95.91,20.0,95.91,1
2026-08-31T23:15:00Z,95.91,95.91,95.91,95.91,0.0,95.91,0
2026-08-31T23:30:00Z,95.91,95.91,95.91,95.91,0.0,95.91,0
2026-08-31T23:45:00Z,95.915,95.915,95.915,95.915,633.0,95.915,11
2026-09-01T00:00:00Z,95.915,95.915,95.915,95.915,19.0,95.915,2
2026-09-01T00:15:00Z,95.915,95.915,95.91,95.915,565.0,95.915,23
2026-09-01T00:30:00Z,95.915,95.915,95.915,95.915,0.0,95.915,0
2026-09-01T00:45:00Z,95.91,95.91,95.91,95.91,42.0,95.91,2
2026-09-01T01:00:00Z,95.915,95.915,95.915,95.915,228.0,95.915,4
2026-09-01T01:15:00Z,95.915,95.915,95.915,95.915,105.0,95.915,1
2026-09-01T01:30:00Z,95.91,95.915,95.91,95.915,142.0,95.91,6
2026-09-01T01:45:00Z,95.915,95.915,95.915,95.915,4220.0,95.915,54
2026-09-01T02:00:00Z,95.915,95.915,95.915,95.915,203.0,95.915,10
2026-09-01T02:15:00Z,95.915,95.915,95.915,95.915,5711.0,95.915,30
2026-09-01T02:30:00Z,95.915,95.915,95.915,95.915,556.0,95.915,18
2026-09-01T02:45:00Z,95.915,95.915,95.915,95.915,1240.0,95.915,9
2026-09-01T03:00:00Z,95.915,95.915,95.915,95.915,100.0,95.915,1
2026-09-01T03:15:00Z,95.915,95.915,95.915,95.915,80.0,95.915,18
2026-09-01T03:30:00Z,95.915,95.915,95.915,95.915,1081.0,95.915,27
2026-09-01T03:45:00Z,95.915,95.915,95.915,95.915,302.0,95.915,15
2026-09-01T04:00:00Z,95.915,95.915,95.915,95.915,303.0,95.915,2
2026-09-01T04:15:00Z,95.91,95.91,95.91,95.91,19.0,95.91,2
2026-09-01T04:30:00Z,95.91,95.91,95.91,95.91,0.0,95.91,0
2026-09-01T04:45:00Z,95.91,95.915,95.91,95.915,134.0,95.914,6
2026-09-01T05:00:00Z,95.915,95.915,95.915,95.915,265.0,95.915,5
2026-09-01T05:15:00Z,95.915,95.915,95.91,95.91,15.0,95.9145,3
2026-09-01T05:30:00Z,95.915,95.92,95.915,95.915,2804.0,95.915,85
2026-09-01T05:45:00Z,95.915,95.915,95.915,95.915,0.0,95.915,0
2026-09-01T06:00:00Z,95.915,95.915,95.915,95.915,503.0,95.915,11
2026-09-01T06:15:00Z,95.915,95.915,95.915,95.915,1140.0,95.915,30
2026-09-01T06:30:00Z,95.915,95.92,95.915,95.915,833.0,95.9165,26
2026-09-01T06:45:00Z,95.915,95.915,95.915,95.915,35.0,95.915,4
2026-09-01T07:00:00Z,95.915,95.915,95.915,95.915,2113.0,95.915,84
2026-09-01T07:15:00Z,95.92,95.92,95.915,95.915,70.0,95.9175,3
2026-09-01T07:30:00Z,95.915,95.915,95.915,95.915,2393.0,95.915,59
2026-09-01T07:45:00Z,95.915,95.92,95.915,95.92,1550.0,95.916,38
2026-09-01T08:00:00Z,95.915,95.92,95.915,95.915,1099.0,95.915,20
2026-09-01T08:15:00Z,95.915,95.915,95.915,95.915,764.0,95.915,17
2026-09-01T08:30:00Z,95.915,95.915,95.91,95.915,5139.0,95.915,101
2026-09-01T08:45:00Z,95.915,95.915,95.915,95.915,710.0,95.915,26
2026-09-01T09:00:00Z,95.92,95.92,95.915,95.915,237.0,95.915,12
2026-09-01T09:15:00Z,95.915,95.915,95.915,95.915,420.0,95.915,35
2026-09-01T09:30:00Z,95.915,95.915,95.915,95.915,286.0,95.915,2
2026-09-01T09:45:00Z,95.92,95.92,95.915,95.915,267.0,95.918,5
2026-09-01T10:00:00Z,95.92,95.92,95.915,95.915,372.0,95.9165,5
2026-09-01T10:15:00Z,95.92,95.925,95.915,95.92,7340.0,95.921,139
2026-09-01T10:30:00Z,95.92,95.925,95.92,95.925,893.0,95.925,7
2026-09-01T10:45:00Z,95.925,95.925,95.92,95.92,3675.0,95.9205,94
2026-09-01T11:00:00Z,95.92,95.925,95.915,95.92,2756.0,95.92,39
2026-09-01T11:15:00Z,95.92,95.92,95.915,95.92,1171.0,95.92,43
2026-09-01T11:30:00Z,95.92,95.925,95.92,95.925,1664.0,95.922,12
2026-09-01T11:45:00Z,95.925,95.925,95.915,95.915,3860.0,95.92,50
2026-09-01T12:00:00Z,95.915,95.92,95.91,95.91,2865.0,95.9145,60
2026-09-01T12:15:00Z,95.915,95.92,95.91,95.915,5911.0,95.915,79
2026-09-01T12:30:00Z,95.915,95.92,95.915,95.915,3857.0,95.9175,36
2026-09-01T12:45:00Z,95.92,95.925,95.915,95.92,5943.0,95.92,72
2026-09-01T13:00:00Z,95.92,95.925,95.915,95.915,7624.0,95.918,141
2026-09-01T13:15:00Z,95.92,95.92,95.91,95.91,4614.0,95.912,107
2026-09-01T13:30:00Z,95.91,95.915,95.91,95.915,12486.0,95.9125,130
2026-09-01T13:45:00Z,95.915,95.915,95.91,95.915,15830.0,95.9125,174
2026-09-01T14:00:00Z,95.915,95.92,95.91,95.915,17228.0,95.912,256
2026-09-01T14:15:00Z,95.915,95.915,95.905,95.91,7740.0,95.91,307
2026-09-01T14:30:00Z,95.91,95.915,95.905,95.91,4563.0,95.91,206
2026-09-01T14:45:00Z,95.91,95.91,95.905,95.91,3876.0,95.91,130
2026-09-01T15:00:00Z,95.91,95.915,95.91,95.91,9708.0,95.91,223
2026-09-01T15:15:00Z,95.91,95.91,95.905,95.91,750.0,95.907,121
2026-09-01T15:30:00Z,95.91,95.91,95.905,95.905,2228.0,95.9055,58
2026-09-01T15:45:00Z,95.91,95.91,95.905,95.91,8209.0,95.905,219
2026-09-01T16:00:00Z,95.91,95.91,95.905,95.905,13332.0,95.905,143
2026-09-01T16:15:00Z,95.905,95.905,95.9,95.9,9538.0,95.902,228
2026-09-01T16:30:00Z,95.9,95.9,95.895,95.895,35426.0,95.8995,237
2026-09-01T16:45:00Z,95.9,95.9,95.895,95.9,2732.0,95.9,42
2026-09-01T17:00:00Z,95.9,95.9,95.895,95.895,3980.0,95.895,16
2026-09-01T17:15:00Z,95.895,95.895,95.89,95.895,24544.0,95.894,261
2026-09-01T17:30:00Z,95.895,95.9,95.895,95.895,17528.0,95.8985,127
2026-09-01T17:45:00Z,95.9,95.9,95.895,95.895,5592.0,95.895,49
2026-09-01T18:00:00Z,95.895,95.895,95.89,95.89,674.0,95.894,132
2026-09-01T18:15:00Z,95.89,95.895,95.89,95.895,3391.0,95.895,58
2026-09-01T18:30:00Z,95.895,95.895,95.89,95.89,676.0,95.8905,23
2026-09-01T18:45:00Z,95.89,95.895,95.89,95.89,647.0,95.8905,81
2026-09-01T19:00:00Z,95.89,95.895,95.89,95.89,814.0,95.8915,33
2026-09-01T19:15:00Z,95.89,95.895,95.89,95.895,418.0,95.892,46
2026-09-01T19:30:00Z,95.895,95.895,95.89,95.895,751.0,95.892,73
2026-09-01T19:45:00Z,95.89,95.895,95.885,95.895,5758.0,95.89,112
2026-09-01T20:00:00Z,95.89,95.895,95.89,95.89,1569.0,95.8905,40
2026-09-01T20:15:00Z,95.89,95.89,95.885,95.89,7863.0,95.89,93
2026-09-01T20:30:00Z,95.885,95.89,95.885,95.89,8958.0,95.885,61
2026-09-01T20:45:00Z,95.885,95.89,95.885,95.885,1681.0,95.889,39
2026-09-01T22:00:00Z,95.89,95.89,95.885,95.885,23.0,95.8855,2
2026-09-01T22:15:00Z,95.885,95.885,95.885,95.885,56.0,95.885,2
2026-09-01T22:30:00Z,95.89,95.89,95.885,95.885,51.0,95.89,2
2026-09-01T22:45:00Z,95.885,95.885,95.885,95.885,0.0,95.885,0
2026-09-01T23:00:00Z,95.89,95.89,95.89,95.89,581.0,95.89,28
2026-09-01T23:15:00Z,95.89,95.89,95.89,95.89,0.0,95.89,0
2026-09-01T23:30:00Z,95.89,95.89,95.89,95.89,0.0,95.89,0
2026-09-01T23:45:00Z,95.89,95.89,95.89,95.89,0.0,95.89,0
2026-09-02T00:00:00Z,95.89,95.89,95.89,95.89,1171.0,95.89,19
2026-09-02T00:15:00Z,95.89,95.895,95.89,95.89,2805.0,95.892,58
2026-09-02T00:30:00Z,95.89,95.89,95.89,95.89,593.0,95.89,12
2026-09-02T00:45:00Z,95.89,95.89,95.89,95.89,73.0,95.89,6
2026-09-02T01:00:00Z,95.885,95.885,95.885,95.885,296.0,95.885,7
2026-09-02T01:15:00Z,95.89,95.89,95.89,95.89,25.0,95.89,1
2026-09-02T01:30:00Z,95.89,95.89,95.885,95.885,155.0,95.885,3
2026-09-02T01:45:00Z,95.89,95.89,95.885,95.89,209.0,95.8875,4
2026-09-02T02:00:00Z,95.89,95.89,95.89,95.89,1046.0,95.89,3
2026-09-02T02:15:00Z,95.89,95.89,95.89,95.89,1314.0,95.89,13
2026-09-02T02:30:00Z,95.89,95.89,95.89,95.89,1185.0,95.89,36
2026-09-02T02:45:00Z,95.89,95.89,95.89,95.89,500.0,95.89,3
2026-09-02T03:00:00Z,95.895,95.895,95.89,95.89,165.0,95.892,2
2026-09-02T03:15:00Z,95.89,95.89,95.89,95.89,303.0,95.89,7
2026-09-02T03:30:00Z,95.89,95.89,95.89,95.89,491.0,95.89,7
2026-09-02T03:45:00Z,95.89,95.89,95.89,95.89,766.0,95.89,25
2026-09-02T04:00:00Z,95.89,95.89,95.89,95.89,189.0,95.89,11
2026-09-02T04:15:00Z,95.89,95.89,95.89,95.89,150.0,95.89,1
2026-09-02T04:30:00Z,95.89,95.89,95.89,95.89,0.0,95.89,0
2026-09-02T04:45:00Z,95.89,95.89,95.89,95.89,0.0,95.89,0
2026-09-02T05:00:00Z,95.89,95.89,95.89,95.89,1126.0,95.89,21
2026-09-02T05:15:00Z,95.89,95.89,95.89,95.89,475.0,95.89,16
2026-09-02T05:30:00Z,95.89,95.89,95.89,95.89,50.0,95.89,6
2026-09-02T05:45:00Z,95.89,95.89,95.89,95.89,404.0,95.89,2
2026-09-02T06:00:00Z,95.89,95.89,95.89,95.89,5.0,95.89,4
2026-09-02T06:15:00Z,95.89,95.89,95.89,95.89,866.0,95.89,11
2026-09-02T06:30:00Z,95.885,95.885,95.885,95.885,1538.0,95.885,45
2026-09-02T06:45:00Z,95.885,95.89,95.885,95.89,16.0,95.8895,2
2026-09-02T07:00:00Z,95.89,95.895,95.89,95.895,4660.0,95.8905,104
2026-09-02T07:15:00Z,95.89,95.9,95.89,95.895,1165.0,95.8945,69
2026-09-02T07:30:00Z,95.895,95.9,95.89,95.9,1052.0,95.895,62
2026-09-02T07:45:00Z,95.9,95.9,95.89,95.895,1351.0,95.895,60
2026-09-02T08:00:00Z,95.895,95.9,95.89,95.89,2056.0,95.895,71
2026-09-02T08:15:00Z,95.895,95.895,95.89,95.89,1621.0,95.8945,54
2026-09-02T08:30:00Z,95.895,95.895,95.89,95.895,564.0,95.8945,76
2026-09-02T08:45:00Z,95.895,95.895,95.89,95.89,2151.0,95.891,80
2026-09-02T09:00:00Z,95.895,95.895,95.89,95.895,277.0,95.8945,58
2026-09-02T09:15:00Z,95.895,95.895,95.89,95.895,2067.0,95.89,57
2026-09-02T09:30:00Z,95.895,95.895,95.89,95.895,365.0,95.8945,64
2026-09-02T09:45:00Z,95.895,95.895,95.89,95.895,361.0,95.8945,63
2026-09-02T10:00:00Z,95.895,95.895,95.885,95.89,1797.0,95.8895,69
2026-09-02T10:15:00Z,95.89,95.895,95.885,95.89,1964.0,95.8895,66
2026-09-02T10:30:00Z,95.89,95.895,95.885,95.89,2019.0,95.8915,79
2026-09-02T10:45:00Z,95.895,95.895,95.885,95.89,2699.0,95.89,107
2026-09-02T11:00:00Z,95.89,95.9,95.885,95.9,2172.0,95.892,66
2026-09-02T11:15:00Z,95.9,95.9,95.895,95.9,2525.0,95.896,62
2026-09-02T11:30:00Z,95.895,95.905,95.895,95.895,4931.0,95.8995,121
2026-09-02T11:45:00Z,95.895,95.91,95.895,95.91,5152.0,95.901,115
2026-09-02T12:00:00Z,95.905,95.91,95.905,95.91,5430.0,95.91,200
2026-09-02T12:15:00Z,95.91,95.925,95.9,95.91,45440.0,95.914,383
2026-09-02T12:30:00Z,95.91,95.915,95.91,95.91,12224.0,95.91,156
2026-09-02T12:45:00Z,95.91,95.91,95.9,95.905,4143.0,95.9065,68
2026-09-02T13:00:00Z,95.905,95.91,95.895,95.9,5326.0,95.903,130
2026-09-02T13:15:00Z,95.9,95.91,95.9,95.905,5404.0,95.905,130
2026-09-02T13:30:00Z,95.905,95.905,95.895,95.905,1702.0,95.9,59
2026-09-02T13:45:00Z,95.9,95.91,95.895,95.91,5452.0,95.9015,123
2026-09-02T14:00:00Z,95.905,95.91,95.9,95.905,5228.0,95.905,107
2026-09-02T14:15:00Z,95.905,95.91,95.9,95.905,3584.0,95.9035,121
2026-09-02T14:30:00Z,95.9,95.905,95.895,95.9,3622.0,95.9,113
2026-09-02T14:45:00Z,95.9,95.905,95.9,95.905,1703.0,95.9005,71
2026-09-02T15:00:00Z,95.905,95.91,95.9,95.905,7383.0,95.9045,131
2026-09-02T15:15:00Z,95.905,95.91,95.9,95.91,7828.0,95.9035,178
2026-09-02T15:30:00Z,95.905,95.91,95.9,95.905,2827.0,95.905,71
2026-09-02T15:45:00Z,95.905,95.905,95.9,95.905,3804.0,95.9005,118
2026-09-02T16:00:00Z,95.905,95.905,95.9,95.905,9249.0,95.9,213
2026-09-02T16:15:00Z,95.9,95.905,95.9,95.905,713.0,95.9025,77
2026-09-02T16:30:00Z,95.905,95.905,95.9,95.905,274.0,95.904,75
2026-09-02T16:45:00Z,95.905,95.91,95.9,95.91,8965.0,95.9065,128
2026-09-02T17:00:00Z,95.905,95.91,95.9,95.905,3797.0,95.905,72
2026-09-02T17:15:00Z,95.905,95.91,95.9,95.91,3893.0,95.9055,115
2026-09-02T17:30:00Z,95.905,95.91,95.9,95.905,6161.0,95.9065,96
2026-09-02T17:45:00Z,95.905,95.91,95.905,95.905,705.0,95.9055,69
2026-09-02T18:00:00Z,95.91,95.91,95.905,95.905,568.0,95.9075,164
2026-09-02T18:15:00Z,95.91,95.91,95.9,95.9,4090.0,95.9055,105
2026-09-02T18:30:00Z,95.9,95.91,95.9,95.9,5509.0,95.905,98
2026-09-02T18:45:00Z,95.9,95.905,95.9,95.9,1316.0,95.902,182
2026-09-02T19:00:00Z,95.9,95.91,95.9,95.91,4004.0,95.905,99
2026-09-02T19:15:00Z,95.905,95.91,95.905,95.905,4179.0,95.9055,78
2026-09-02T19:30:00Z,95.91,95.915,95.905,95.91,20121.0,95.913,149
2026-09-02T19:45:00Z,95.915,95.92,95.91,95.915,9058.0,95.915,154
2026-09-02T20:00:00Z,95.92,95.925,95.915,95.915,1596.0,95.92,65
2026-09-02T20:15:00Z,95.92,95.92,95.915,95.915,665.0,95.915,49
2026-09-02T20:30:00Z,95.915,95.92,95.915,95.915,279.0,95.917,22
2026-09-02T20:45:00Z,95.915,95.92,95.91,95.915,2946.0,95.915,48
2026-09-02T22:00:00Z,95.915,95.915,95.915,95.915,304.0,95.915,9
2026-09-02T22:15:00Z,95.91,95.91,95.91,95.91,32.0,95.91,2
2026-09-02T22:30:00Z,95.91,95.91,95.91,95.91,0.0,95.91,0
2026-09-02T22:45:00Z,95.915,95.915,95.915,95.915,961.0,95.915,7
2026-09-02T23:00:00Z,95.915,95.915,95.915,95.915,0.0,95.915,0
2026-09-02T23:15:00Z,95.915,95.915,95.915,95.915,0.0,95.915,0
2026-09-02T23:30:00Z,95.915,95.915,95.915,95.915,0.0,95.915,0
2026-09-02T23:45:00Z,95.915,95.915,95.91,95.915,1750.0,95.915,40
2026-09-03T00:00:00Z,95.915,95.915,95.91,95.91,148.0,95.915,2
2026-09-03T00:15:00Z,95.915,95.915,95.91,95.915,3532.0,95.915,79
2026-09-03T00:30:00Z,95.915,95.915,95.915,95.915,0.0,95.915,0
2026-09-03T00:45:00Z,95.915,95.915,95.915,95.915,0.0,95.915,0
2026-09-03T01:00:00Z,95.915,95.915,95.91,95.91,69.0,95.914,7
2026-09-03T01:15:00Z,95.91,95.91,95.91,95.91,0.0,95.91,0
2026-09-03T01:30:00Z,95.91,95.91,95.91,95.91,0.0,95.91,0
2026-09-03T01:45:00Z,95.91,95.91,95.91,95.91,0.0,95.91,0
2026-09-03T02:00:00Z,95.915,95.915,95.915,95.915,882.0,95.915,27
2026-09-03T02:15:00Z,95.92,95.92,95.92,95.92,250.0,95.92,1
2026-09-03T02:30:00Z,95.92,95.92,95.92,95.92,182.0,95.92,12
2026-09-03T02:45:00Z,95.92,95.92,95.92,95.92,25.0,95.92,13
2026-09-03T03:00:00Z,95.92,95.92,95.92,95.92,923.0,95.92,50
2026-09-03T03:15:00Z,95.92,95.92,95.92,95.92,82.0,95.92,5
2026-09-03T03:30:00Z,95.92,95.92,95.92,95.92,16.0,95.92,1
2026-09-03T03:45:00Z,95.915,95.92,95.915,95.92,175.0,95.915,3
2026-09-03T04:00:00Z,95.92,95.92,95.92,95.92,0.0,95.92,0
2026-09-03T04:15:00Z,95.92,95.92,95.92,95.92,4.0,95.92,3
2026-09-03T04:30:00Z,95.915,95.915,95.915,95.915,4.0,95.915,1
2026-09-03T04:45:00Z,95.92,95.92,95.92,95.92,1.0,95.92,1
2026-09-03T05:00:00Z,95.92,95.92,95.92,95.92,334.0,95.92,18
2026-09-03T05:15:00Z,95.92,95.925,95.92,95.925,1913.0,95.92,41
2026-09-03T05:30:00Z,95.925,95.925,95.925,95.925,1616.0,95.925,26
2026-09-03T05:45:00Z,95.925,95.925,95.925,95.925,0.0,95.925,0
2026-09-03T06:00:00Z,95.92,95.92,95.92,95.92,1001.0,95.92,18
2026-09-03T06:15:00Z,95.92,95.92,95.92,95.92,978.0,95.92,27
2026-09-03T06:30:00Z,95.92,95.92,95.92,95.92,1148.0,95.92,11
2026-09-03T06:45:00Z,95.92,95.92,95.92,95.92,300.0,95.92,1
2026-09-03T07:00:00Z,95.92,95.925,95.92,95.925,3032.0,95.9225,29
2026-09-03T07:15:00Z,95.92,95.92,95.92,95.92,1393.0,95.92,28
2026-09-03T07:30:00Z,95.92,95.92,95.92,95.92,954.0,95.92,25
2026-09-03T07:45:00Z,95.92,95.92,95.92,95.92,2143.0,95.92,30
2026-09-03T08:00:00Z,95.92,95.925,95.92,95.92,3631.0,95.923,49
2026-09-03T08:15:00Z,95.925,95.925,95.925,95.925,102.0,95.925,2
2026-09-03T08:30:00Z,95.92,95.92,95.915,95.92,1745.0,95.92,36
2026-09-03T08:45:00Z,95.92,95.92,95.92,95.92,613.0,95.92,18
2026-09-03T09:00:00Z,95.92,95.92,95.915,95.915,1499.0,95.9185,26
2026-09-03T09:15:00Z,95.915,95.92,95.915,95.915,469.0,95.917,7
2026-09-03T09:30:00Z,95.915,95.915,95.915,95.915,2131.0,95.915,30
2026-09-03T09:45:00Z,95.915,95.92,95.915,95.915,886.0,95.915,11
2026-09-03T10:00:00Z,95.915,95.915,95.915,95.915,482.0,95.915,4
2026-09-03T10:15:00Z,95.915,95.915,95.915,95.915,20.0,95.915,1
2026-09-03T10:30:00Z,95.915,95.915,95.915,95.915,100.0,95.915,1
2026-09-03T10:45:00Z,95.915,95.915,95.915,95.915,847.0,95.915,11
2026-09-03T11:00:00Z,95.915,95.92,95.915,95.92,12249.0,95.9195,68
2026-09-03T11:15:00Z,95.92,95.925,95.915,95.915,23772.0,95.9155,111
2026-09-03T11:30:00Z,95.915,95.92,95.91,95.92,3101.0,95.914,33
2026-09-03T11:45:00Z,95.92,95.92,95.915,95.92,1338.0,95.9195,10
2026-09-03T12:00:00Z,95.915,95.925,95.915,95.925,4836.0,95.9195,38
2026-09-03T12:15:00Z,95.925,95.925,95.915,95.915,5053.0,95.9175,216
2026-09-03T12:30:00Z,95.92,95.96,95.92,95.955,65421.0,95.9475,934
2026-09-03T12:45:00Z,95.955,95.975,95.955,95.96,30435.0,95.966,481
2026-09-03T13:00:00Z,95.965,95.975,95.96,95.97,22836.0,95.9675,477
2026-09-03T13:15:00Z,95.975,95.975,95.965,95.965,14469.0,95.9705,204
2026-09-03T13:30:00Z,95.965,95.965,95.96,95.965,9644.0,95.965,180
2026-09-03T13:45:00Z,95.965,95.965,95.96,95.96,6743.0,95.963,162
2026-09-03T14:00:00Z,95.96,95.96,95.95,95.955,7929.0,95.9575,213
2026-09-03T14:15:00Z,95.96,95.96,95.95,95.955,10511.0,95.955,162
2026-09-03T14:30:00Z,95.955,95.955,95.95,95.95,8303.0,95.9535,135
2026-09-03T14:45:00Z,95.95,95.96,95.95,95.955,9611.0,95.9555,100
2026-09-03T15:00:00Z,95.955,95.965,95.955,95.96,10765.0,95.96,270
2026-09-03T15:15:00Z,95.965,95.97,95.96,95.96,4039.0,95.965,122
2026-09-03T15:30:00Z,95.965,95.965,95.96,95.96,8043.0,95.965,80
2026-09-03T15:45:00Z,95.96,95.965,95.96,95.965,2157.0,95.963,120
2026-09-03T16:00:00Z,95.965,95.965,95.96,95.96,5630.0,95.9645,121
2026-09-03T16:15:00Z,95.96,95.97,95.96,95.96,3943.0,95.965,114
2026-09-03T16:30:00Z,95.96,95.96,95.96,95.96,449.0,95.96,28
2026-09-03T16:45:00Z,95.96,95.965,95.96,95.96,5138.0,95.96,59
2026-09-03T17:00:00Z,95.955,95.96,95.955,95.96,71.0,95.956,16
2026-09-03T17:15:00Z,95.955,95.96,95.955,95.96,5940.0,95.96,88
2026-09-03T17:30:00Z,95.96,95.965,95.96,95.96,177.0,95.9635,16
2026-09-03T17:45:00Z,95.96,95.965,95.96,95.96,1426.0,95.965,31
2026-09-03T18:00:00Z,95.965,95.97,95.96,95.965,7158.0,95.965,53
2026-09-03T18:15:00Z,95.97,95.97,95.965,95.97,423.0,95.9695,17
2026-09-03T18:30:00Z,95.965,95.97,95.965,95.965,745.0,95.9665,24
2026-09-03T18:45:00Z,95.97,95.97,95.965,95.965,7787.0,95.965,150
2026-09-03T19:00:00Z,95.965,95.97,95.96,95.96,3574.0,95.965,116
2026-09-03T19:15:00Z,95.96,95.965,95.96,95.96,700.0,95.961,17
2026-09-03T19:30:00Z,95.965,95.965,95.96,95.965,198.0,95.9635,29
2026-09-03T19:45:00Z,95.965,95.965,95.96,95.96,305.0,95.9645,49
2026-09-03T20:00:00Z,95.965,95.97,95.96,95.965,7330.0,95.965,79
2026-09-03T20:15:00Z,95.965,95.965,95.96,95.96,713.0,95.9635,14
2026-09-03T20:30:00Z,95.965,95.965,95.96,95.96,988.0,95.9645,19
2026-09-03T20:45:00Z,95.96,95.965,95.96,95.96,17681.0,95.96,152
2026-09-03T22:00:00Z,95.96,95.96,95.96,95.96,396.0,95.96,18
2026-09-03T22:15:00Z,95.96,95.96,95.96,95.96,0.0,95.96,0
2026-09-03T22:30:00Z,95.96,95.96,95.96,95.96,1321.0,95.96,5
2026-09-03T22:45:00Z,95.96,95.96,95.96,95.96,400.0,95.96,1
2026-09-03T23:00:00Z,95.96,95.96,95.96,95.96,363.0,95.96,3
2026-09-03T23:15:00Z,95.96,95.96,95.96,95.96,609.0,95.96,10
2026-09-03T23:30:00Z,95.96,95.96,95.955,95.96,566.0,95.96,24
2026-09-03T23:45:00Z,95.96,95.96,95.96,95.96,11.0,95.96,2
2026-09-04T00:00:00Z,95.96,95.96,95.96,95.96,22.0,95.96,2
2026-09-04T00:15:00Z,95.965,95.965,95.965,95.965,3.0,95.965,1
2026-09-04T00:30:00Z,95.96,95.96,95.96,95.96,2.0,95.96,2
2026-09-04T00:45:00Z,95.96,95.96,95.96,95.96,0.0,95.96,0
2026-09-04T01:00:00Z,95.96,95.96,95.96,95.96,0.0,95.96,0
2026-09-04T01:15:00Z,95.96,95.965,95.96,95.96,482.0,95.96,40
2026-09-04T01:30:00Z,95.96,95.96,95.96,95.96,25.0,95.96,1
2026-09-04T01:45:00Z,95.965,95.965,95.96,95.96,250.0,95.9625,5
2026-09-04T02:00:00Z,95.965,95.965,95.965,95.965,200.0,95.965,1
2026-09-04T02:15:00Z,95.965,95.965,95.96,95.965,402.0,95.965,5
2026-09-04T02:30:00Z,95.965,95.965,95.965,95.965,190.0,95.965,3
2026-09-04T02:45:00Z,95.96,95.96,95.96,95.96,5.0,95.96,1
2026-09-04T03:00:00Z,95.96,95.96,95.955,95.96,1771.0,95.96,76
2026-09-04T03:15:00Z,95.96,95.96,95.96,95.96,4.0,95.96,1
2026-09-04T03:30:00Z,95.96,95.96,95.96,95.96,3.0,95.96,3
2026-09-04T03:45:00Z,95.96,95.96,95.955,95.96,1419.0,95.96,21
2026-09-04T04:00:00Z,95.96,95.96,95.96,95.96,738.0,95.96,15
2026-09-04T04:15:00Z,95.96,95.96,95.96,95.96,221.0,95.96,5
2026-09-04T04:30:00Z,95.96,95.96,95.96,95.96,0.0,95.96,0
2026-09-04T04:45:00Z,95.965,95.965,95.96,95.96,163.0,95.965,2
2026-09-04T05:00:00Z,95.965,95.965,95.965,95.965,3002.0,95.965,14
2026-09-04T05:15:00Z,95.965,95.97,95.965,95.97,701.0,95.9675,7
2026-09-04T05:30:00Z,95.97,95.97,95.97,95.97,320.0,95.97,2
2026-09-04T05:45:00Z,95.965,95.965,95.965,95.965,50.0,95.965,1
2026-09-04T06:00:00Z,95.97,95.97,95.965,95.97,1223.0,95.97,49
2026-09-04T06:15:00Z,95.97,95.97,95.97,95.97,1075.0,95.97,72
2026-09-04T06:30:00Z,95.97,95.97,95.965,95.97,348.0,95.967,30
2026-09-04T06:45:00Z,95.97,95.97,95.97,95.97,67.0,95.97,67
2026-09-04T07:00:00Z,95.97,95.97,95.965,95.965,743.0,95.9655,83
2026-09-04T07:15:00Z,95.965,95.965,95.96,95.965,2236.0,95.965,81
2026-09-04T07:30:00Z,95.965,95.965,95.96,95.965,1046.0,95.965,53
2026-09-04T07:45:00Z,95.965,95.97,95.96,95.96,2611.0,95.965,44
2026-09-04T08:00:00Z,95.965,95.965,95.96,95.965,301.0,95.965,24
2026-09-04T08:15:00Z,95.965,95.965,95.96,95.96,598.0,95.961,48
2026-09-04T08:30:00Z,95.965,95.965,95.96,95.96,122.0,95.9625,29
2026-09-04T08:45:00Z,95.96,95.96,95.96,95.96,3377.0,95.96,84
2026-09-04T09:00:00Z,95.96,95.96,95.96,95.96,353.0,95.96,14
2026-09-04T09:15:00Z,95.96,95.965,95.96,95.965,1808.0,95.9625,17
2026-09-04T09:30:00Z,95.965,95.965,95.955,95.96,4178.0,95.962,76
2026-09-04T09:45:00Z,95.96,95.96,95.96,95.96,408.0,95.96,18
2026-09-04T10:00:00Z,95.96,95.96,95.955,95.955,76.0,95.9565,4
2026-09-04T10:15:00Z,95.955,95.96,95.955,95.955,1557.0,95.955,13
2026-09-04T10:30:00Z,95.955,95.96,95.955,95.955,591.0,95.9565,19
2026-09-04T10:45:00Z,95.96,95.965,95.955,95.955,6084.0,95.96,119
2026-09-04T11:00:00Z,95.955,95.96,95.955,95.955,2133.0,95.9555,52
2026-09-04T11:15:00Z,95.955,95.96,95.95,95.955,4308.0,95.9555,89
2026-09-04T11:30:00Z,95.955,95.96,95.955,95.96,13724.0,95.955,228
2026-09-04T11:45:00Z,95.96,95.965,95.955,95.955,5956.0,95.9605,78
2026-09-04T12:00:00Z,95.955,95.965,95.955,95.96,6073.0,95.9605,194
2026-09-04T12:15:00Z,95.96,95.975,95.96,95.965,17699.0,95.969,287
2026-09-04T12:30:00Z,95.975,95.975,95.895,95.915,75084.0,95.914,1281
2026-09-04T12:45:00Z,95.92,95.93,95.915,95.925,13946.0,95.9225,236
2026-09-04T13:00:00Z,95.925,95.93,95.92,95.92,6965.0,95.9245,227
2026-09-04T13:15:00Z,95.925,95.935,95.925,95.935,9753.0,95.9285,214
2026-09-04T13:30:00Z,95.93,95.935,95.925,95.935,11020.0,95.931,234
2026-09-04T13:45:00Z,95.935,95.94,95.93,95.935,6070.0,95.935,103
2026-09-04T14:00:00Z,95.935,95.935,95.925,95.935,9665.0,95.93,254
2026-09-04T14:15:00Z,95.935,95.94,95.93,95.94,2550.0,95.935,69
2026-09-04T14:30:00Z,95.94,95.945,95.93,95.94,17831.0,95.938,237
2026-09-04T14:45:00Z,95.94,95.94,95.93,95.935,1083.0,95.935,42
2026-09-04T15:00:00Z,95.935,95.94,95.93,95.94,7002.0,95.935,208
2026-09-04T15:15:00Z,95.94,95.94,95.935,95.94,717.0,95.94,42
2026-09-04T15:30:00Z,95.94,95.95,95.935,95.94,6219.0,95.943,109
2026-09-04T15:45:00Z,95.945,95.945,95.94,95.945,2561.0,95.945,54
2026-09-04T16:00:00Z,95.945,95.945,95.94,95.94,4620.0,95.941,168
2026-09-04T16:15:00Z,95.945,95.945,95.94,95.945,1990.0,95.94,74
2026-09-04T16:30:00Z,95.94,95.945,95.94,95.94,1973.0,95.941,92
2026-09-04T16:45:00Z,95.945,95.95,95.94,95.95,1991.0,95.9455,61
2026-09-04T17:00:00Z,95.945,95.945,95.94,95.94,9606.0,95.9445,121
2026-09-04T17:15:00Z,95.945,95.945,95.94,95.945,3569.0,95.945,79
2026-09-04T17:30:00Z,95.945,95.95,95.94,95.945,4352.0,95.945,106
2026-09-04T17:45:00Z,95.945,95.95,95.94,95.945,1368.0,95.9455,54
2026-09-04T18:00:00Z,95.945,95.945,95.94,95.945,859.0,95.945,80
2026-09-04T18:15:00Z,95.945,95.945,95.94,95.94,920.0,95.945,62
2026-09-04T18:30:00Z,95.945,95.945,95.94,95.945,112.0,95.942,28
2026-09-04T18:45:00Z,95.945,95.945,95.94,95.94,403.0,95.9425,66
2026-09-04T19:00:00Z,95.94,95.945,95.94,95.94,1199.0,95.9415,34
2026-09-04T19:15:00Z,95.945,95.945,95.94,95.94,180.0,95.9425,31
2026-09-04T19:30:00Z,95.945,95.95,95.94,95.945,7889.0,95.945,208
2026-09-04T19:45:00Z,95.945,95.95,95.94,95.95,1371.0,95.944,106
2026-09-04T20:00:00Z,95.945,95.95,95.94,95.945,753.0,95.9445,51
2026-09-04T20:15:00Z,95.945,95.945,95.94,95.94,640.0,95.9445,24
2026-09-04T20:30:00Z,95.94,95.945,95.94,95.945,759.0,95.9445,134
2026-09-04T20:45:00Z,95.945,95.955,95.94,95.95,8749.0,95.9495,121
2026-09-06T22:00:00Z,95.95,95.955,95.95,95.95,704.0,95.95,27
2026-09-06T22:15:00Z,95.95,95.95,95.95,95.95,450.0,95.95,1
2026-09-06T22:30:00Z,95.95,95.95,95.95,95.95,164.0,95.95,3
2026-09-06T22:45:00Z,95.95,95.95,95.95,95.95,0.0,95.95,0
2026-09-06T23:00:00Z,95.95,95.95,95.95,95.95,407.0,95.95,7
2026-09-06T23:15:00Z,95.95,95.95,95.95,95.95,22.0,95.95,5
2026-09-06T23:30:00Z,95.95,95.95,95.95,95.95,0.0,95.95,0
2026-09-06T23:45:00Z,95.95,95.95,95.95,95.95,0.0,95.95,0
2026-09-07T00:00:00Z,95.95,95.95,95.95,95.95,80.0,95.95,5
2026-09-07T00:15:00Z,95.955,95.955,95.955,95.955,483.0,95.955,6
2026-09-07T00:30:00Z,95.955,95.955,95.955,95.955,485.0,95.955,19
2026-09-07T00:45:00Z,95.955,95.955,95.955,95.955,17.0,95.955,3
2026-09-07T01:00:00Z,95.955,95.955,95.955,95.955,26.0,95.955,2
2026-09-07T01:15:00Z,95.95,95.95,95.95,95.95,40.0,95.95,3
2026-09-07T01:30:00Z,95.95,95.95,95.95,95.95,0.0,95.95,0
2026-09-07T01:45:00Z,95.955,95.955,95.955,95.955,21.0,95.955,1
2026-09-07T02:00:00Z,95.95,95.95,95.95,95.95,93.0,95.95,3
2026-09-07T02:15:00Z,95.95,95.95,95.95,95.95,947.0,95.95,16
2026-09-07T02:30:00Z,95.95,95.95,95.95,95.95,0.0,95.95,0
2026-09-07T02:45:00Z,95.95,95.95,95.95,95.95,7.0,95.95,1
2026-09-07T03:00:00Z,95.95,95.95,95.95,95.95,0.0,95.95,0
2026-09-07T03:15:00Z,95.95,95.95,95.95,95.95,423.0,95.95,7
2026-09-07T03:30:00Z,95.95,95.95,95.95,95.95,423.0,95.95,3
2026-09-07T03:45:00Z,95.95,95.95,95.95,95.95,11.0,95.95,1
2026-09-07T04:00:00Z,95.95,95.95,95.95,95.95,0.0,95.95,0
2026-09-07T04:15:00Z,95.95,95.95,95.95,95.95,0.0,95.95,0
2026-09-07T04:30:00Z,95.95,95.95,95.95,95.95,0.0,95.95,0
2026-09-07T04:45:00Z,95.95,95.95,95.95,95.95,0.0,95.95,0
2026-09-07T05:00:00Z,95.95,95.95,95.95,95.95,0.0,95.95,0
2026-09-07T05:15:00Z,95.945,95.95,95.945,95.95,230.0,95.9455,6
2026-09-07T05:30:00Z,95.945,95.945,95.945,95.945,170.0,95.945,2
2026-09-07T05:45:00Z,95.945,95.945,95.945,95.945,200.0,95.945,1
2026-09-07T06:00:00Z,95.95,95.95,95.95,95.95,250.0,95.95,1
2026-09-07T06:15:00Z,95.945,95.945,95.945,95.945,30.0,95.945,1
2026-09-07T06:30:00Z,95.95,95.95,95.945,95.945,36.0,95.945,2
2026-09-07T06:45:00Z,95.945,95.95,95.945,95.945,556.0,95.9485,4
2026-09-07T07:00:00Z,95.945,95.945,95.945,95.945,300.0,95.945,1
2026-09-07T07:15:00Z,95.95,95.95,95.95,95.95,11.0,95.95,3
2026-09-07T07:30:00Z,95.945,95.95,95.945,95.945,6238.0,95.945,61
2026-09-07T07:45:00Z,95.945,95.95,95.945,95.95,1764.0,95.9465,28
2026-09-07T08:00:00Z,95.95,95.955,95.95,95.955,628.0,95.954,43
2026-09-07T08:15:00Z,95.955,95.955,95.95,95.95,1095.0,95.9545,51
2026-09-07T08:30:00Z,95.95,95.95,95.95,95.95,85.0,95.95,3
2026-09-07T08:45:00Z,95.95,95.955,95.95,95.955,69.0,95.951,4
2026-09-07T09:00:00Z,95.955,95.955,95.955,95.955,50.0,95.955,1
2026-09-07T09:15:00Z,95.955,95.955,95.95,95.95,307.0,95.9505,3
2026-09-07T09:30:00Z,95.95,95.95,95.95,95.95,1.0,95.95,1
2026-09-07T09:45:00Z,95.95,95.955,95.95,95.955,143.0,95.9515,28
2026-09-07T10:00:00Z,95.95,95.95,95.95,95.95,170.0,95.95,4
2026-09-07T10:15:00Z,95.95,95.95,95.95,95.95,50.0,95.95,1
2026-09-07T10:30:00Z,95.95,95.95,95.95,95.95,2511.0,95.95,34
2026-09-07T10:45:00Z,95.945,95.945,95.945,95.945,973.0,95.945,11
2026-09-07T11:00:00Z,95.945,95.945,95.945,95.945,270.0,95.945,6
2026-09-07T11:15:00Z,95.945,95.95,95.945,95.945,831.0,95.945,34
2026-09-07T11:30:00Z,95.945,95.945,95.945,95.945,347.0,95.945,15
2026-09-07T11:45:00Z,95.95,95.95,95.945,95.945,358.0,95.947,3
2026-09-07T12:00:00Z,95.945,95.945,95.945,95.945,1001.0,95.945,10
2026-09-07T12:15:00Z,95.945,95.945,95.945,95.945,734.0,95.945,20
2026-09-07T12:30:00Z,95.945,95.945,95.945,95.945,102.0,95.945,5
2026-09-07T12:45:00Z,95.945,95.945,95.945,95.945,965.0,95.945,21
2026-09-07T13:00:00Z,95.94,95.94,95.94,95.94,1659.0,95.94,39
2026-09-07T13:15:00Z,95.94,95.945,95.94,95.945,122.0,95.9445,3
2026-09-07T13:30:00Z,95.945,95.945,95.94,95.94,1050.0,95.943,6
2026-09-07T13:45:00Z,95.945,95.945,95.945,95.945,1004.0,95.945,2
2026-09-07T14:00:00Z,95.945,95.945,95.945,95.945,2202.0,95.945,36
2026-09-07T14:15:00Z,95.945,95.945,95.945,95.945,168.0,95.945,11
2026-09-07T14:30:00Z,95.94,95.945,95.94,95.945,7289.0,95.94,30
2026-09-07T14:45:00Z,95.945,95.945,95.945,95.945,118.0,95.945,31
2026-09-07T15:00:00Z,95.945,95.945,95.945,95.945,0.0,95.945,0
2026-09-07T15:15:00Z,95.94,95.945,95.94,95.945,130.0,95.94,15
2026-09-07T15:30:00Z,95.94,95.945,95.94,95.94,869.0,95.94,9
2026-09-07T15:45:00Z,95.94,95.94,95.94,95.94,5.0,95.94,2
2026-09-07T16:00:00Z,95.94,95.945,95.94,95.945,94.0,95.942,6
2026-09-07T16:15:00Z,95.94,95.94,95.94,95.94,60.0,95.94,12
2026-09-07T16:30:00Z,95.94,95.94,95.94,95.94,63.0,95.94,11
2026-09-07T16:45:00Z,95.94,95.945,95.94,95.945,503.0,95.9445,26
2026-09-07T22:00:00Z,95.945,95.945,95.945,95.945,0.0,95.945,0
2026-09-07T22:15:00Z,95.94,95.94,95.94,95.94,3.0,95.94,2
2026-09-07T22:30:00Z,95.945,95.945,95.94,95.94,56.0,95.945,2
2026-09-07T22:45:00Z,95.94,95.94,95.94,95.94,2.0,95.94,2
2026-09-07T23:00:00Z,95.94,95.94,95.94,95.94,2.0,95.94,2
2026-09-07T23:15:00Z,95.94,95.94,95.94,95.94,2.0,95.94,1
2026-09-07T23:30:00Z,95.94,95.95,95.94,95.95,1415.0,95.9465,22
2026-09-07T23:45:00Z,95.945,95.945,95.945,95.945,2.0,95.945,1
2026-09-08T00:00:00Z,95.945,95.945,95.945,95.945,2.0,95.945,1
2026-09-08T00:15:00Z,95.945,95.945,95.945,95.945,3.0,95.945,3
2026-09-08T00:30:00Z,95.945,95.945,95.945,95.945,2.0,95.945,1
2026-09-08T00:45:00Z,95.95,95.95,95.945,95.95,40.0,95.95,3
2026-09-08T01:00:00Z,95.945,95.95,95.945,95.945,39.0,95.945,10
2026-09-08T01:15:00Z,95.945,95.95,95.945,95.945,153.0,95.9485,14
2026-09-08T01:30:00Z,95.95,95.955,95.95,95.95,2262.0,95.95,41
2026-09-08T01:45:00Z,95.95,95.95,95.95,95.95,102.0,95.95,2
2026-09-08T02:00:00Z,95.95,95.955,95.95,95.955,603.0,95.955,9
2026-09-08T02:15:00Z,95.95,95.95,95.95,95.95,2.0,95.95,2
2026-09-08T02:30:00Z,95.95,95.955,95.95,95.955,1862.0,95.9545,31
2026-09-08T02:45:00Z,95.955,95.955,95.955,95.955,92.0,95.955,3
2026-09-08T03:00:00Z,95.955,95.96,95.955,95.96,3.0,95.9565,2
2026-09-08T03:15:00Z,95.955,95.96,95.955,95.96,521.0,95.96,3
2026-09-08T03:30:00Z,95.96,95.96,95.955,95.955,3135.0,95.9555,21
2026-09-08T03:45:00Z,95.955,95.955,95.955,95.955,2.0,95.955,1
2026-09-08T04:00:00Z,95.955,95.955,95.955,95.955,417.0,95.955,5
2026-09-08T04:15:00Z,95.955,95.955,95.955,95.955,1507.0,95.955,29
2026-09-08T04:30:00Z,95.955,95.955,95.95,95.955,365.0,95.955,19
2026-09-08T04:45:00Z,95.955,95.955,95.955,95.955,10.0,95.955,1
2026-09-08T05:00:00Z,95.955,95.955,95.95,95.95,27.0,95.9515,7
2026-09-08T05:15:00Z,95.95,95.95,95.95,95.95,22.0,95.95,2
2026-09-08T05:30:00Z,95.95,95.955,95.95,95.95,160.0,95.95,5
2026-09-08T05:45:00Z,95.95,95.955,95.95,95.95,138.0,95.952,18
2026-09-08T06:00:00Z,95.955,95.955,95.95,95.95,110.0,95.9505,17
2026-09-08T06:15:00Z,95.95,95.95,95.945,95.945,4256.0,95.95,45
2026-09-08T06:30:00Z,95.945,95.955,95.945,95.95,1920.0,95.95,14
2026-09-08T06:45:00Z,95.945,95.945,95.945,95.945,50.0,95.945,1
2026-09-08T07:00:00Z,95.945,95.955,95.945,95.95,3069.0,95.9495,55
2026-09-08T07:15:00Z,95.95,95.95,95.945,95.95,2658.0,95.95,23
2026-09-08T07:30:00Z,95.945,95.945,95.94,95.945,2897.0,95.945,44
2026-09-08T07:45:00Z,95.945,95.95,95.945,95.95,2657.0,95.9465,27
2026-09-08T08:00:00Z,95.95,95.95,95.945,95.945,1011.0,95.949,24
2026-09-08T08:15:00Z,95.945,95.945,95.945,95.945,1318.0,95.945,29
2026-09-08T08:30:00Z,95.945,95.945,95.945,95.945,2773.0,95.945,14
2026-09-08T08:45:00Z,95.945,95.945,95.945,95.945,1875.0,95.945,29
2026-09-08T09:00:00Z,95.945,95.945,95.94,95.945,711.0,95.945,33
2026-09-08T09:15:00Z,95.945,95.95,95.945,95.945,1622.0,95.9455,15
2026-09-08T09:30:00Z,95.945,95.95,95.945,95.95,7879.0,95.9495,65
2026-09-08T09:45:00Z,95.95,95.95,95.945,95.945,714.0,95.95,7
2026-09-08T10:00:00Z,95.945,95.95,95.945,95.95,106.0,95.949,2
2026-09-08T10:15:00Z,95.95,95.95,95.95,95.95,4080.0,95.95,69
2026-09-08T10:30:00Z,95.945,95.945,95.945,95.945,350.0,95.945,1
2026-09-08T10:45:00Z,95.945,95.95,95.945,95.95,179.0,95.946,2
2026-09-08T11:00:00Z,95.95,95.95,95.95,95.95,1899.0,95.95,37
2026-09-08T11:15:00Z,95.95,95.95,95.945,95.945,237.0,95.95,6
2026-09-08T11:30:00Z,95.95,95.95,95.945,95.945,480.0,95.9465,33
2026-09-08T11:45:00Z,95.945,95.945,95.94,95.945,7452.0,95.945,173
2026-09-08T12:00:00Z,95.945,95.95,95.94,95.94,3324.0,95.945,112
2026-09-08T12:15:00Z,95.94,95.95,95.94,95.95,1784.0,95.948,74
2026-09-08T12:30:00Z,95.95,95.955,95.95,95.95,1811.0,95.95,72
2026-09-08T12:45:00Z,95.955,95.955,95.95,95.955,2047.0,95.951,58
2026-09-08T13:00:00Z,95.95,95.95,95.95,95.95,3323.0,95.95,102
2026-09-08T13:15:00Z,95.945,95.95,95.945,95.945,1974.0,95.945,25
2026-09-08T13:30:00Z,95.95,95.95,95.945,95.945,5218.0,95.945,150
2026-09-08T13:45:00Z,95.945,95.95,95.945,95.945,2368.0,95.945,135
2026-09-08T14:00:00Z,95.95,95.95,95.935,95.94,7215.0,95.943,144
2026-09-08T14:15:00Z,95.94,95.945,95.94,95.94,238.0,95.9415,45
2026-09-08T14:30:00Z,95.94,95.95,95.94,95.945,4815.0,95.945,57
2026-09-08T14:45:00Z,95.945,95.95,95.945,95.945,833.0,95.9455,51
2026-09-08T15:00:00Z,95.945,95.95,95.94,95.945,6314.0,95.945,134
2026-09-08T15:15:00Z,95.94,95.945,95.94,95.94,4866.0,95.944,56
2026-09-08T15:30:00Z,95.94,95.945,95.935,95.935,3164.0,95.9395,73
2026-09-08T15:45:00Z,95.935,95.94,95.93,95.935,5974.0,95.935,74
2026-09-08T16:00:00Z,95.935,95.94,95.935,95.94,1711.0,95.9395,52
2026-09-08T16:15:00Z,95.935,95.94,95.935,95.935,350.0,95.938,32
2026-09-08T16:30:00Z,95.94,95.94,95.935,95.935,67.0,95.936,22
2026-09-08T16:45:00Z,95.935,95.94,95.935,95.935,1102.0,95.939,51
2026-09-08T17:00:00Z,95.935,95.945,95.935,95.94,4671.0,95.94,48
2026-09-08T17:15:00Z,95.94,95.945,95.94,95.94,144.0,95.9425,32
2026-09-08T17:30:00Z,95.94,95.945,95.935,95.935,6410.0,95.94,108
2026-09-08T17:45:00Z,95.94,95.945,95.935,95.935,4282.0,95.94,76
2026-09-08T18:00:00Z,95.94,95.94,95.935,95.94,370.0,95.94,68
2026-09-08T18:15:00Z,95.94,95.94,95.935,95.935,343.0,95.935,15
2026-09-08T18:30:00Z,95.935,95.94,95.935,95.94,425.0,95.936,16
2026-09-08T18:45:00Z,95.935,95.935,95.93,95.93,7162.0,95.9345,222
2026-09-08T19:00:00Z,95.93,95.94,95.93,95.935,3549.0,95.935,52
2026-09-08T19:15:00Z,95.935,95.94,95.935,95.935,963.0,95.935,37
2026-09-08T19:30:00Z,95.935,95.94,95.935,95.94,455.0,95.935,22
2026-09-08T19:45:00Z,95.94,95.94,95.935,95.935,3530.0,95.935,92
2026-09-08T20:00:00Z,95.935,95.94,95.935,95.935,1358.0,95.935,48
2026-09-08T20:15:00Z,95.935,95.935,95.93,95.93,1354.0,95.934,48
2026-09-08T20:30:00Z,95.93,95.935,95.93,95.935,1746.0,95.9305,89
2026-09-08T20:45:00Z,95.935,95.935,95.93,95.935,578.0,95.9345,48
2026-09-08T22:00:00Z,95.93,95.935,95.93,95.935,69.0,95.934,3
2026-09-08T22:15:00Z,95.935,95.935,95.935,95.935,0.0,95.935,0
2026-09-08T22:30:00Z,95.935,95.935,95.935,95.935,0.0,95.935,0
2026-09-08T22:45:00Z,95.935,95.935,95.935,95.935,4.0,95.935,1
2026-09-08T23:00:00Z,95.935,95.935,95.935,95.935,1937.0,95.935,1
2026-09-08T23:15:00Z,95.935,95.935,95.935,95.935,1.0,95.935,1
2026-09-08T23:30:00Z,95.935,95.935,95.935,95.935,448.0,95.935,9
2026-09-08T23:45:00Z,95.935,95.935,95.935,95.935,1.0,95.935,1
2026-09-09T00:00:00Z,95.935,95.935,95.935,95.935,206.0,95.935,8
2026-09-09T00:15:00Z,95.935,95.935,95.935,95.935,0.0,95.935,0
2026-09-09T00:30:00Z,95.935,95.935,95.935,95.935,0.0,95.935,0
2026-09-09T00:45:00Z,95.935,95.935,95.935,95.935,0.0,95.935,0
2026-09-09T01:00:00Z,95.935,95.935,95.935,95.935,218.0,95.935,3
2026-09-09T01:15:00Z,95.93,95.93,95.93,95.93,105.0,95.93,3
2026-09-09T01:30:00Z,95.93,95.935,95.93,95.935,117.0,95.935,3
2026-09-09T01:45:00Z,95.935,95.935,95.935,95.935,161.0,95.935,5
2026-09-09T02:00:00Z,95.935,95.935,95.935,95.935,0.0,95.935,0
2026-09-09T02:15:00Z,95.93,95.93,95.93,95.93,132.0,95.93,3
2026-09-09T02:30:00Z,95.93,95.93,95.93,95.93,770.0,95.93,5
2026-09-09T02:45:00Z,95.93,95.93,95.93,95.93,8.0,95.93,1
2026-09-09T03:00:00Z,95.93,95.93,95.93,95.93,2.0,95.93,1
2026-09-09T03:15:00Z,95.93,95.93,95.93,95.93,0.0,95.93,0
2026-09-09T03:30:00Z,95.935,95.935,95.935,95.935,4.0,95.935,1
2026-09-09T03:45:00Z,95.935,95.935,95.935,95.935,0.0,95.935,0
2026-09-09T04:00:00Z,95.935,95.935,95.935,95.935,30.0,95.935,2
2026-09-09T04:15:00Z,95.935,95.935,95.935,95.935,2890.0,95.935,12
2026-09-09T04:30:00Z,95.935,95.935,95.935,95.935,501.0,95.935,13
2026-09-09T04:45:00Z,95.935,95.935,95.935,95.935,247.0,95.935,7
2026-09-09T05:00:00Z,95.935,95.935,95.935,95.935,0.0,95.935,0
2026-09-09T05:15:00Z,95.935,95.935,95.93,95.935,201.0,95.9335,5
2026-09-09T05:30:00Z,95.935,95.935,95.935,95.935,21.0,95.935,1
2026-09-09T05:45:00Z,95.935,95.935,95.935,95.935,1341.0,95.935,23
2026-09-09T06:00:00Z,95.935,95.94,95.935,95.935,1611.0,95.9355,18
2026-09-09T06:15:00Z,95.935,95.935,95.935,95.935,101.0,95.935,2
2026-09-09T06:30:00Z,95.935,95.935,95.935,95.935,200.0,95.935,1
2026-09-09T06:45:00Z,95.935,95.935,95.935,95.935,445.0,95.935,8
2026-09-09T07:00:00Z,95.935,95.935,95.93,95.935,1499.0,95.935,42
2026-09-09T07:15:00Z,95.935,95.94,95.935,95.935,2665.0,95.935,55
2026-09-09T07:30:00Z,95.935,95.94,95.93,95.935,2712.0,95.935,79
2026-09-09T07:45:00Z,95.935,95.935,95.935,95.935,644.0,95.935,7
2026-09-09T08:00:00Z,95.935,95.935,95.935,95.935,438.0,95.935,5
2026-09-09T08:15:00Z,95.935,95.935,95.93,95.93,348.0,95.932,7
2026-09-09T08:30:00Z,95.935,95.935,95.93,95.93,641.0,95.935,4
2026-09-09T08:45:00Z,95.93,95.93,95.93,95.93,261.0,95.93,5
2026-09-09T09:00:00Z,95.935,95.935,95.93,95.93,616.0,95.931,5
2026-09-09T09:15:00Z,95.93,95.935,95.93,95.93,145.0,95.9335,3
2026-09-09T09:30:00Z,95.935,95.935,95.93,95.93,539.0,95.93,16
2026-09-09T09:45:00Z,95.93,95.93,95.925,95.925,6697.0,95.93,69
2026-09-09T10:00:00Z,95.93,95.93,95.925,95.925,340.0,95.926,5
2026-09-09T10:15:00Z,95.925,95.93,95.925,95.925,4477.0,95.925,85
2026-09-09T10:30:00Z,95.925,95.93,95.925,95.925,1295.0,95.9255,22
2026-09-09T10:45:00Z,95.925,95.925,95.925,95.925,1861.0,95.925,27
2026-09-09T11:00:00Z,95.925,95.925,95.92,95.92,2623.0,95.923,55
2026-09-09T11:15:00Z,95.92,95.925,95.92,95.925,652.0,95.9205,9
2026-09-09T11:30:00Z,95.92,95.925,95.92,95.925,250.0,95.92,6
2026-09-09T11:45:00Z,95.92,95.93,95.92,95.925,6059.0,95.925,101
2026-09-09T12:00:00Z,95.925,95.925,95.92,95.925,1095.0,95.924,20
2026-09-09T12:15:00Z,95.925,95.925,95.92,95.92,3568.0,95.925,78
2026-09-09T12:30:00Z,95.925,95.925,95.92,95.92,353.0,95.925,31
2026-09-09T12:45:00Z,95.925,95.93,95.925,95.93,5055.0,95.9255,57
2026-09-09T13:00:00Z,95.93,95.935,95.925,95.93,5045.0,95.93,99
2026-09-09T13:15:00Z,95.93,95.935,95.925,95.935,3915.0,95.9295,171
2026-09-09T13:30:00Z,95.935,95.935,95.93,95.935,113.0,95.9345,38
2026-09-09T13:45:00Z,95.935,95.94,95.935,95.935,7817.0,95.935,135
2026-09-09T14:00:00Z,95.93,95.94,95.93,95.935,1533.0,95.9355,54
2026-09-09T14:15:00Z,95.94,95.94,95.93,95.93,20175.0,95.9315,143
2026-09-09T14:30:00Z,95.935,95.935,95.93,95.935,2474.0,95.9305,70
2026-09-09T14:45:00Z,95.935,95.935,95.925,95.93,6399.0,95.93,95
2026-09-09T15:00:00Z,95.925,95.935,95.925,95.93,10870.0,95.9285,405
2026-09-09T15:15:00Z,95.93,95.93,95.925,95.925,7234.0,95.925,110
2026-09-09T15:30:00Z,95.925,95.93,95.92,95.925,10574.0,95.925,214
2026-09-09T15:45:00Z,95.92,95.925,95.915,95.915,16195.0,95.9195,66
2026-09-09T16:00:00Z,95.92,95.92,95.915,95.92,556.0,95.919,79
2026-09-09T16:15:00Z,95.92,95.92,95.915,95.92,973.0,95.919,91
2026-09-09T16:30:00Z,95.92,95.92,95.915,95.92,2647.0,95.9195,26
2026-09-09T16:45:00Z,95.92,95.92,95.915,95.92,2344.0,95.92,21
2026-09-09T17:00:00Z,95.92,95.92,95.915,95.92,9168.0,95.92,223
2026-09-09T17:15:00Z,95.92,95.92,95.915,95.92,212.0,95.919,17
2026-09-09T17:30:00Z,95.915,95.925,95.915,95.925,9015.0,95.92,51
2026-09-09T17:45:00Z,95.925,95.925,95.92,95.925,5291.0,95.925,102
2026-09-09T18:00:00Z,95.925,95.93,95.92,95.925,7252.0,95.925,137
2026-09-09T18:15:00Z,95.925,95.925,95.92,95.925,227.0,95.922,13
2026-09-09T18:30:00Z,95.925,95.925,95.92,95.92,1072.0,95.9205,21
2026-09-09T18:45:00Z,95.925,95.925,95.915,95.925,13951.0,95.92,282
2026-09-09T19:00:00Z,95.925,95.925,95.92,95.925,3755.0,95.92,71
2026-09-09T19:15:00Z,95.925,95.925,95.92,95.925,858.0,95.9235,22
2026-09-09T19:30:00Z,95.925,95.925,95.92,95.925,773.0,95.924,32
2026-09-09T19:45:00Z,95.925,95.925,95.92,95.92,1234.0,95.921,74
2026-09-09T20:00:00Z,95.92,95.925,95.92,95.92,109.0,95.923,66
2026-09-09T20:15:00Z,95.925,95.925,95.915,95.915,4101.0,95.92,75
2026-09-09T20:30:00Z,95.915,95.92,95.915,95.915,1507.0,95.918,54
2026-09-09T20:45:00Z,95.915,95.92,95.915,95.915,4119.0,95.915,75
2026-09-09T22:00:00Z,95.915,95.915,95.91,95.915,229.0,95.915,10
2026-09-09T22:15:00Z,95.915,95.92,95.915,95.92,407.0,95.92,9
2026-09-09T22:30:00Z,95.92,95.92,95.92,95.92,0.0,95.92,0
2026-09-09T22:45:00Z,95.92,95.92,95.92,95.92,0.0,95.92,0
2026-09-09T23:00:00Z,95.92,95.92,95.92,95.92,0.0,95.92,0
2026-09-09T23:15:00Z,95.92,95.92,95.92,95.92,0.0,95.92,0
2026-09-09T23:30:00Z,95.915,95.915,95.915,95.915,2863.0,95.915,17
2026-09-09T23:45:00Z,95.915,95.915,95.915,95.915,55.0,95.915,4
2026-09-10T00:00:00Z,95.915,95.915,95.915,95.915,1209.0,95.915,25
2026-09-10T00:15:00Z,95.915,95.915,95.915,95.915,40.0,95.915,8
2026-09-10T00:30:00Z,95.915,95.915,95.915,95.915,20.0,95.915,1
2026-09-10T00:45:00Z,95.915,95.915,95.915,95.915,0.0,95.915,0
2026-09-10T01:00:00Z,95.915,95.915,95.915,95.915,200.0,95.915,1
2026-09-10T01:15:00Z,95.915,95.915,95.915,95.915,2835.0,95.915,28
2026-09-10T01:30:00Z,95.92,95.92,95.92,95.92,4.0,95.92,1
2026-09-10T01:45:00Z,95.92,95.925,95.92,95.92,2962.0,95.92,25
2026-09-10T02:00:00Z,95.92,95.92,95.92,95.92,325.0,95.92,4
2026-09-10T02:15:00Z,95.915,95.915,95.915,95.915,50.0,95.915,1
2026-09-10T02:30:00Z,95.915,95.915,95.915,95.915,934.0,95.915,14
2026-09-10T02:45:00Z,95.915,95.915,95.915,95.915,0.0,95.915,0
2026-09-10T03:00:00Z,95.915,95.915,95.915,95.915,0.0,95.915,0
2026-09-10T03:15:00Z,95.92,95.92,95.92,95.92,1142.0,95.92,18
2026-09-10T03:30:00Z,95.925,95.925,95.925,95.925,100.0,95.925,3
2026-09-10T03:45:00Z,95.925,95.925,95.925,95.925,0.0,95.925,0
2026-09-10T04:00:00Z,95.925,95.925,95.925,95.925,0.0,95.925,0
2026-09-10T04:15:00Z,95.92,95.92,95.92,95.92,340.0,95.92,4
2026-09-10T04:30:00Z,95.92,95.92,95.92,95.92,1000.0,95.92,1
2026-09-10T04:45:00Z,95.92,95.92,95.92,95.92,101.0,95.92,5
2026-09-10T05:00:00Z,95.92,95.92,95.92,95.92,0.0,95.92,0
2026-09-10T05:15:00Z,95.92,95.925,95.92,95.925,90.0,95.92,4
2026-09-10T05:30:00Z,95.92,95.925,95.92,95.925,862.0,95.925,24
2026-09-10T05:45:00Z,95.925,95.925,95.925,95.925,764.0,95.925,18
2026-09-10T06:00:00Z,95.925,95.925,95.925,95.925,583.0,95.925,12
2026-09-10T06:15:00Z,95.925,95.925,95.925,95.925,1287.0,95.925,14
2026-09-10T06:30:00Z,95.93,95.93,95.93,95.93,125.0,95.93,1
2026-09-10T06:45:00Z,95.925,95.925,95.925,95.925,7004.0,95.925,37
2026-09-10T07:00:00Z,95.925,95.925,95.925,95.925,1580.0,95.925,30
2026-09-10T07:15:00Z,95.925,95.925,95.92,95.925,122.0,95.925,8
2026-09-10T07:30:00Z,95.925,95.925,95.92,95.92,13.0,95.923,4
2026-09-10T07:45:00Z,95.925,95.925,95.92,95.92,102.0,95.9245,6
2026-09-10T08:00:00Z,95.92,95.925,95.92,95.925,981.0,95.92,20
2026-09-10T08:15:00Z,95.92,95.92,95.92,95.92,2609.0,95.92,13
2026-09-10T08:30:00Z,95.915,95.915,95.91,95.91,2960.0,95.9135,30
2026-09-10T08:45:00Z,95.91,95.915,95.91,95.91,5154.0,95.91,87
2026-09-10T09:00:00Z,95.91,95.91,95.91,95.91,590.0,95.91,11
2026-09-10T09:15:00Z,95.91,95.91,95.905,95.91,2790.0,95.91,50
2026-09-10T09:30:00Z,95.905,95.91,95.905,95.91,553.0,95.908,15
2026-09-10T09:45:00Z,95.91,95.91,95.91,95.91,1568.0,95.91,51
2026-09-10T10:00:00Z,95.91,95.915,95.91,95.915,1714.0,95.9105,41
2026-09-10T10:15:00Z,95.91,95.91,95.91,95.91,811.0,95.91,4
2026-09-10T10:30:00Z,95.915,95.915,95.915,95.915,3325.0,95.915,42
2026-09-10T10:45:00Z,95.915,95.915,95.91,95.915,1624.0,95.9135,30
2026-09-10T11:00:00Z,95.91,95.91,95.905,95.91,2666.0,95.9095,47
2026-09-10T11:15:00Z,95.905,95.91,95.905,95.91,2975.0,95.905,69
2026-09-10T11:30:00Z,95.91,95.91,95.91,95.91,354.0,95.91,7
2026-09-10T11:45:00Z,95.91,95.91,95.905,95.905,1666.0,95.9055,64
2026-09-10T12:00:00Z,95.905,95.905,95.9,95.9,7838.0,95.9025,320
2026-09-10T12:15:00Z,95.9,95.9,95.885,95.89,12847.0,95.8915,322
2026-09-10T12:30:00Z,95.885,95.9,95.85,95.855,43205.0,95.8685,949
2026-09-10T12:45:00Z,95.855,95.865,95.85,95.86,27198.0,95.8585,652
2026-09-10T13:00:00Z,95.855,95.87,95.855,95.86,15370.0,95.862,209
2026-09-10T13:15:00Z,95.86,95.865,95.855,95.86,14605.0,95.858,296
2026-09-10T13:30:00Z,95.86,95.865,95.85,95.855,10230.0,95.857,223
2026-09-10T13:45:00Z,95.855,95.86,95.85,95.855,5270.0,95.856,101
2026-09-10T14:00:00Z,95.85,95.865,95.85,95.86,17631.0,95.859,274
2026-09-10T14:15:00Z,95.855,95.86,95.85,95.855,19743.0,95.855,373
2026-09-10T14:30:00Z,95.855,95.86,95.85,95.855,7825.0,95.855,125
2026-09-10T14:45:00Z,95.855,95.86,95.85,95.855,9114.0,95.8545,116
2026-09-10T15:00:00Z,95.855,95.855,95.845,95.845,10794.0,95.8485,242
2026-09-10T15:15:00Z,95.85,95.855,95.845,95.85,13905.0,95.854,194
2026-09-10T15:30:00Z,95.855,95.855,95.85,95.855,6082.0,95.854,118
2026-09-10T15:45:00Z,95.85,95.855,95.845,95.85,9769.0,95.85,145
2026-09-10T16:00:00Z,95.85,95.85,95.84,95.84,16832.0,95.846,459
2026-09-10T16:15:00Z,95.84,95.845,95.835,95.835,3985.0,95.8415,112
2026-09-10T16:30:00Z,95.84,95.84,95.835,95.84,9414.0,95.835,176
2026-09-10T16:45:00Z,95.835,95.845,95.835,95.84,3612.0,95.8395,50
2026-09-10T17:00:00Z,95.835,95.84,95.83,95.83,4919.0,95.8345,80
2026-09-10T17:15:00Z,95.83,95.835,95.83,95.835,4941.0,95.831,149
2026-09-10T17:30:00Z,95.835,95.84,95.83,95.835,4771.0,95.835,87
2026-09-10T17:45:00Z,95.835,95.835,95.83,95.83,5455.0,95.83,112
2026-09-10T18:00:00Z,95.83,95.84,95.83,95.83,9376.0,95.833,279
2026-09-10T18:15:00Z,95.83,95.835,95.83,95.835,3131.0,95.83,77
2026-09-10T18:30:00Z,95.83,95.83,95.815,95.83,15789.0,95.824,144
2026-09-10T18:45:00Z,95.83,95.83,95.825,95.825,4970.0,95.8295,112
2026-09-10T19:00:00Z,95.825,95.83,95.82,95.82,7600.0,95.8265,121
2026-09-10T19:15:00Z,95.825,95.825,95.82,95.82,849.0,95.823,36
2026-09-10T19:30:00Z,95.825,95.825,95.815,95.82,9731.0,95.8205,175
2026-09-10T19:45:00Z,95.82,95.82,95.81,95.82,7755.0,95.8175,132
2026-09-10T20:00:00Z,95.815,95.82,95.815,95.815,9292.0,95.8175,79
2026-09-10T20:15:00Z,95.81,95.815,95.81,95.81,4979.0,95.815,167
2026-09-10T20:30:00Z,95.815,95.815,95.81,95.81,9527.0,95.813,83
2026-09-10T20:45:00Z,95.815,95.815,95.805,95.805,7415.0,95.81,228
2026-09-10T22:00:00Z,95.81,95.815,95.805,95.815,473.0,95.8095,7
2026-09-10T22:15:00Z,95.81,95.815,95.81,95.815,412.0,95.81,11
2026-09-10T22:30:00Z,95.81,95.815,95.81,95.815,1441.0,95.815,10
2026-09-10T22:45:00Z,95.815,95.815,95.815,95.815,2195.0,95.815,20
2026-09-10T23:00:00Z,95.815,95.815,95.815,95.815,782.0,95.815,15
2026-09-10T23:15:00Z,95.815,95.815,95.815,95.815,513.0,95.815,12
2026-09-10T23:30:00Z,95.815,95.815,95.815,95.815,60.0,95.815,19
2026-09-10T23:45:00Z,95.815,95.815,95.815,95.815,239.0,95.815,17
2026-09-11T00:00:00Z,95.815,95.82,95.815,95.82,934.0,95.8195,17
2026-09-11T00:15:00Z,95.82,95.82,95.815,95.815,56.0,95.817,3
2026-09-11T00:30:00Z,95.815,95.815,95.815,95.815,560.0,95.815,23
2026-09-11T00:45:00Z,95.815,95.82,95.815,95.82,496.0,95.8165,13
2026-09-11T01:00:00Z,95.82,95.825,95.82,95.825,1406.0,95.8225,33
2026-09-11T01:15:00Z,95.825,95.83,95.825,95.83,232.0,95.825,6
2026-09-11T01:30:00Z,95.83,95.83,95.825,95.825,2966.0,95.825,39
2026-09-11T01:45:00Z,95.825,95.825,95.825,95.825,1495.0,95.825,32
2026-09-11T02:00:00Z,95.825,95.825,95.825,95.825,251.0,95.825,15
2026-09-11T02:15:00Z,95.825,95.825,95.825,95.825,104.0,95.825,2
2026-09-11T02:30:00Z,95.825,95.825,95.825,95.825,0.0,95.825,0
2026-09-11T02:45:00Z,95.825,95.825,95.825,95.825,75.0,95.825,2
2026-09-11T03:00:00Z,95.82,95.82,95.815,95.815,1751.0,95.8185,16
2026-09-11T03:15:00Z,95.815,95.815,95.815,95.815,473.0,95.815,7
2026-09-11T03:30:00Z,95.815,95.82,95.815,95.82,462.0,95.8155,7
2026-09-11T03:45:00Z,95.815,95.815,95.81,95.815,1919.0,95.8145,31
2026-09-11T04:00:00Z,95.82,95.825,95.82,95.825,1623.0,95.823,21
2026-09-11T04:15:00Z,95.83,95.83,95.83,95.83,1115.0,95.83,27
2026-09-11T04:30:00Z,95.83,95.83,95.83,95.83,512.0,95.83,14
2026-09-11T04:45:00Z,95.83,95.83,95.83,95.83,373.0,95.83,24
2026-09-11T05:00:00Z,95.83,95.835,95.83,95.835,20.0,95.831,4
2026-09-11T05:15:00Z,95.83,95.83,95.83,95.83,1233.0,95.83,15
2026-09-11T05:30:00Z,95.835,95.84,95.835,95.84,1852.0,95.837,49
2026-09-11T05:45:00Z,95.835,95.835,95.835,95.835,30.0,95.835,1
2026-09-11T06:00:00Z,95.84,95.84,95.84,95.84,517.0,95.84,9
2026-09-11T06:15:00Z,95.84,95.84,95.83,95.835,1236.0,95.8345,40
2026-09-11T06:30:00Z,95.835,95.84,95.83,95.84,1002.0,95.8365,26
2026-09-11T06:45:00Z,95.84,95.84,95.835,95.84,2164.0,95.8395,64
2026-09-11T07:00:00Z,95.84,95.845,95.84,95.845,567.0,95.841,8
2026-09-11T07:15:00Z,95.845,95.845,95.84,95.84,1430.0,95.8425,41
2026-09-11T07:30:00Z,95.84,95.84,95.835,95.84,175.0,95.838,4
2026-09-11T07:45:00Z,95.84,95.84,95.84,95.84,2310.0,95.84,20
2026-09-11T08:00:00Z,95.84,95.84,95.835,95.835,2800.0,95.8365,73
2026-09-11T08:15:00Z,95.835,95.835,95.83,95.83,9675.0,95.834,94
2026-09-11T08:30:00Z,95.83,95.835,95.83,95.835,1907.0,95.8315,46
2026-09-11T08:45:00Z,95.835,95.835,95.83,95.83,83.0,95.8335,6
2026-09-11T09:00:00Z,95.835,95.835,95.83,95.83,3140.0,95.8345,60
2026-09-11T09:15:00Z,95.835,95.835,95.835,95.835,3293.0,95.835,11
2026-09-11T09:30:00Z,95.835,95.835,95.83,95.835,1069.0,95.835,13
2026-09-11T09:45:00Z,95.835,95.84,95.83,95.84,5074.0,95.8355,114
2026-09-11T10:00:00Z,95.84,95.84,95.835,95.835,5626.0,95.835,48
2026-09-11T10:15:00Z,95.84,95.84,95.83,95.84,5841.0,95.835,60
2026-09-11T10:30:00Z,95.84,95.84,95.835,95.84,266.0,95.8395,15
2026-09-11T10:45:00Z,95.84,95.84,95.835,95.84,4752.0,95.835,118
2026-09-11T11:00:00Z,95.835,95.84,95.83,95.83,4640.0,95.833,48
2026-09-11T11:15:00Z,95.83,95.835,95.825,95.83,7942.0,95.8295,219
2026-09-11T11:30:00Z,95.835,95.835,95.83,95.835,8730.0,95.83,131
2026-09-11T11:45:00Z,95.83,95.835,95.825,95.825,15737.0,95.8265,298
2026-09-11T12:00:00Z,95.825,95.835,95.825,95.83,12988.0,95.83,146
2026-09-11T12:15:00Z,95.835,95.835,95.825,95.835,18201.0,95.831,405
2026-09-11T12:30:00Z,95.835,95.845,95.725,95.785,94149.0,95.764,2063
2026-09-11T12:45:00Z,95.785,95.81,95.785,95.81,41707.0,95.7995,406
2026-09-11T13:00:00Z,95.81,95.82,95.805,95.805,45893.0,95.81,707
2026-09-11T13:15:00Z,95.805,95.815,95.805,95.815,35737.0,95.808,978
2026-09-11T13:30:00Z,95.815,95.82,95.81,95.815,11176.0,95.816,359
2026-09-11T13:45:00Z,95.815,95.82,95.81,95.82,11212.0,95.814,349
2026-09-11T14:00:00Z,95.82,95.82,95.805,95.81,14273.0,95.81,169
2026-09-11T14:15:00Z,95.81,95.815,95.805,95.805,13246.0,95.8075,318
2026-09-11T14:30:00Z,95.805,95.805,95.79,95.79,30025.0,95.7975,366
2026-09-11T14:45:00Z,95.79,95.795,95.775,95.775,38638.0,95.788,278
2026-09-11T15:00:00Z,95.775,95.785,95.775,95.785,11898.0,95.7815,177
2026-09-11T15:15:00Z,95.78,95.79,95.78,95.785,9935.0,95.785,141
2026-09-11T15:30:00Z,95.78,95.79,95.78,95.78,4569.0,95.7815,66
2026-09-11T15:45:00Z,95.78,95.79,95.78,95.78,2080.0,95.784,76
2026-09-11T16:00:00Z,95.78,95.785,95.78,95.78,3801.0,95.78,51
2026-09-11T16:15:00Z,95.775,95.785,95.775,95.78,2993.0,95.78,42
2026-09-11T16:30:00Z,95.78,95.785,95.775,95.785,38258.0,95.7815,195
2026-09-11T16:45:00Z,95.785,95.79,95.78,95.78,8126.0,95.782,326
2026-09-11T17:00:00Z,95.785,95.785,95.775,95.78,7850.0,95.78,48
2026-09-11T17:15:00Z,95.775,95.78,95.77,95.775,9948.0,95.774,69
2026-09-11T17:30:00Z,95.775,95.78,95.77,95.77,2127.0,95.775,31
2026-09-11T17:45:00Z,95.77,95.775,95.77,95.77,5818.0,95.77,69
2026-09-11T18:00:00Z,95.77,95.775,95.765,95.77,11044.0,95.77,299
2026-09-11T18:15:00Z,95.77,95.77,95.765,95.77,4802.0,95.765,98
2026-09-11T18:30:00Z,95.77,95.77,95.76,95.76,15937.0,95.7655,89
2026-09-11T18:45:00Z,95.76,95.765,95.755,95.76,6389.0,95.76,186
2026-09-11T19:00:00Z,95.76,95.77,95.755,95.77,17223.0,95.763,361
2026-09-11T19:15:00Z,95.77,95.77,95.765,95.765,11016.0,95.77,167
2026-09-11T19:30:00Z,95.77,95.77,95.765,95.765,3961.0,95.765,94
2026-09-11T19:45:00Z,95.765,95.77,95.76,95.765,8665.0,95.765,180
2026-09-11T20:00:00Z,95.765,95.77,95.76,95.77,2845.0,95.767,135
2026-09-11T20:15:00Z,95.765,95.775,95.765,95.77,2741.0,95.77,77
2026-09-11T20:30:00Z,95.77,95.77,95.765,95.765,464.0,95.769,67
2026-09-11T20:45:00Z,95.77,95.77,95.765,95.77,2659.0,95.767,182
2026-09-13T22:00:00Z,95.765,95.77,95.755,95.77,4122.0,95.7695,52
2026-09-13T22:15:00Z,95.77,95.775,95.77,95.775,4052.0,95.77,53
2026-09-13T22:30:00Z,95.775,95.78,95.775,95.775,803.0,95.7755,13
2026-09-13T22:45:00Z,95.775,95.775,95.775,95.775,53.0,95.775,4
2026-09-13T23:00:00Z,95.775,95.775,95.775,95.775,2.0,95.775,2
2026-09-13T23:15:00Z,95.775,95.775,95.775,95.775,353.0,95.775,2
2026-09-13T23:30:00Z,95.775,95.78,95.775,95.78,732.0,95.7755,30
2026-09-13T23:45:00Z,95.78,95.78,95.78,95.78,739.0,95.78,45
2026-09-14T00:00:00Z,95.785,95.785,95.785,95.785,1122.0,95.785,50
2026-09-14T00:15:00Z,95.78,95.78,95.775,95.775,1524.0,95.7785,13
2026-09-14T00:30:00Z,95.775,95.775,95.775,95.775,406.0,95.775,4
2026-09-14T00:45:00Z,95.775,95.775,95.775,95.775,4.0,95.775,4
2026-09-14T01:00:00Z,95.775,95.775,95.775,95.775,591.0,95.775,15
2026-09-14T01:15:00Z,95.77,95.775,95.77,95.775,700.0,95.7745,6
2026-09-14T01:30:00Z,95.775,95.775,95.77,95.775,845.0,95.775,11
2026-09-14T01:45:00Z,95.78,95.78,95.775,95.78,3025.0,95.78,22
2026-09-14T02:00:00Z,95.78,95.78,95.78,95.78,1369.0,95.78,25
2026-09-14T02:15:00Z,95.775,95.78,95.775,95.78,401.0,95.775,2
2026-09-14T02:30:00Z,95.78,95.78,95.775,95.775,1079.0,95.775,34
2026-09-14T02:45:00Z,95.78,95.78,95.775,95.775,569.0,95.775,8
2026-09-14T03:00:00Z,95.775,95.775,95.775,95.775,235.0,95.775,5
2026-09-14T03:15:00Z,95.775,95.775,95.775,95.775,1.0,95.775,1
2026-09-14T03:30:00Z,95.775,95.78,95.775,95.78,1048.0,95.775,10
2026-09-14T03:45:00Z,95.775,95.775,95.775,95.775,359.0,95.775,6
2026-09-14T04:00:00Z,95.78,95.78,95.78,95.78,2.0,95.78,2
2026-09-14T04:15:00Z,95.78,95.78,95.78,95.78,4.0,95.78,2
2026-09-14T04:30:00Z,95.78,95.78,95.78,95.78,1689.0,95.78,24
2026-09-14T04:45:00Z,95.785,95.785,95.785,95.785,60.0,95.785,2
2026-09-14T05:00:00Z,95.785,95.785,95.785,95.785,2.0,95.785,2
2026-09-14T05:15:00Z,95.785,95.785,95.785,95.785,141.0,95.785,3
2026-09-14T05:30:00Z,95.785,95.785,95.78,95.785,2127.0,95.785,44
2026-09-14T05:45:00Z,95.785,95.785,95.785,95.785,225.0,95.785,24
2026-09-14T06:00:00Z,95.785,95.785,95.78,95.785,129.0,95.78,6
2026-09-14T06:15:00Z,95.78,95.785,95.78,95.785,1831.0,95.781,20
2026-09-14T06:30:00Z,95.78,95.785,95.775,95.775,1440.0,95.78,44
2026-09-14T06:45:00Z,95.775,95.78,95.775,95.775,183.0,95.779,42
2026-09-14T07:00:00Z,95.775,95.78,95.775,95.78,2101.0,95.775,38
2026-09-14T07:15:00Z,95.78,95.78,95.775,95.775,966.0,95.7755,74
2026-09-14T07:30:00Z,95.775,95.775,95.77,95.775,3532.0,95.775,46
2026-09-14T07:45:00Z,95.775,95.775,95.77,95.775,3906.0,95.7745,37
2026-09-14T08:00:00Z,95.775,95.775,95.77,95.775,9823.0,95.775,55
2026-09-14T08:15:00Z,95.77,95.775,95.77,95.775,1190.0,95.772,23
2026-09-14T08:30:00Z,95.77,95.775,95.77,95.775,2513.0,95.7705,42
2026-09-14T08:45:00Z,95.775,95.775,95.765,95.77,2749.0,95.77,55
2026-09-14T09:00:00Z,95.77,95.775,95.77,95.77,1107.0,95.77,52
2026-09-14T09:15:00Z,95.765,95.77,95.765,95.77,1414.0,95.765,32
2026-09-14T09:30:00Z,95.77,95.775,95.765,95.775,3987.0,95.77,53
2026-09-14T09:45:00Z,95.775,95.775,95.77,95.77,3880.0,95.77,50
2026-09-14T10:00:00Z,95.77,95.775,95.77,95.775,1700.0,95.7705,44
2026-09-14T10:15:00Z,95.775,95.775,95.775,95.775,229.0,95.775,27
2026-09-14T10:30:00Z,95.775,95.775,95.77,95.77,1369.0,95.7705,26
2026-09-14T10:45:00Z,95.77,95.77,95.765,95.765,1175.0,95.7655,24
2026-09-14T11:00:00Z,95.765,95.77,95.765,95.765,1275.0,95.7675,27
2026-09-14T11:15:00Z,95.765,95.77,95.765,95.765,7836.0,95.765,146
2026-09-14T11:30:00Z,95.765,95.77,95.76,95.765,6639.0,95.765,166
2026-09-14T11:45:00Z,95.765,95.765,95.76,95.765,3840.0,95.765,91
2026-09-14T12:00:00Z,95.765,95.765,95.765,95.765,648.0,95.765,19
2026-09-14T12:15:00Z,95.765,95.775,95.765,95.77,14375.0,95.771,225
2026-09-14T12:30:00Z,95.77,95.775,95.76,95.77,13069.0,95.765,214
2026-09-14T12:45:00Z,95.765,95.77,95.765,95.765,8051.0,95.766,80
2026-09-14T13:00:00Z,95.77,95.77,95.765,95.765,6389.0,95.7655,67
2026-09-14T13:15:00Z,95.765,95.77,95.765,95.765,6177.0,95.765,78
2026-09-14T13:30:00Z,95.76,95.76,95.755,95.76,19514.0,95.76,100
2026-09-14T13:45:00Z,95.76,95.765,95.755,95.755,6145.0,95.76,64
2026-09-14T14:00:00Z,95.755,95.76,95.745,95.75,14924.0,95.752,216
2026-09-14T14:15:00Z,95.75,95.755,95.74,95.745,10724.0,95.7455,305
2026-09-14T14:30:00Z,95.745,95.755,95.74,95.755,10566.0,95.7485,181
2026-09-14T14:45:00Z,95.75,95.76,95.75,95.755,31831.0,95.7585,296
2026-09-14T15:00:00Z,95.755,95.77,95.755,95.765,19769.0,95.762,249
2026-09-14T15:15:00Z,95.765,95.77,95.76,95.77,10428.0,95.7645,192
2026-09-14T15:30:00Z,95.77,95.78,95.765,95.775,47193.0,95.772,373
2026-09-14T15:45:00Z,95.775,95.78,95.77,95.775,6057.0,95.7755,131
2026-09-14T16:00:00Z,95.775,95.78,95.77,95.775,16311.0,95.775,133
2026-09-14T16:15:00Z,95.775,95.775,95.77,95.77,7449.0,95.7725,139
2026-09-14T16:30:00Z,95.77,95.775,95.765,95.775,19912.0,95.773,185
2026-09-14T16:45:00Z,95.775,95.79,95.775,95.785,13821.0,95.783,238
2026-09-14T17:00:00Z,95.785,95.785,95.775,95.78,3047.0,95.781,27
2026-09-14T17:15:00Z,95.78,95.78,95.77,95.77,10989.0,95.7745,116
2026-09-14T17:30:00Z,95.775,95.775,95.77,95.77,4766.0,95.7705,43
2026-09-14T17:45:00Z,95.77,95.775,95.77,95.775,2268.0,95.7705,30
2026-09-14T18:00:00Z,95.775,95.775,95.765,95.77,5934.0,95.7705,63
2026-09-14T18:15:00Z,95.77,95.775,95.755,95.755,29690.0,95.7655,73
2026-09-14T18:30:00Z,95.755,95.765,95.755,95.765,2183.0,95.76,17
2026-09-14T18:45:00Z,95.76,95.765,95.755,95.755,6109.0,95.7605,92
2026-09-14T19:00:00Z,95.76,95.76,95.755,95.76,3306.0,95.76,31
2026-09-14T19:15:00Z,95.755,95.755,95.75,95.755,8211.0,95.7545,79
2026-09-14T19:30:00Z,95.755,95.76,95.75,95.755,9018.0,95.7595,91
2026-09-14T19:45:00Z,95.755,95.755,95.745,95.745,8428.0,95.7515,145
2026-09-14T20:00:00Z,95.745,95.75,95.745,95.75,806.0,95.7455,42
2026-09-14T20:15:00Z,95.75,95.75,95.745,95.75,7353.0,95.745,174
2026-09-14T20:30:00Z,95.745,95.745,95.74,95.74,3540.0,95.741,37
2026-09-14T20:45:00Z,95.74,95.75,95.74,95.75,5972.0,95.745,69
2026-09-14T22:00:00Z,95.745,95.75,95.745,95.75,146.0,95.749,7
2026-09-14T22:15:00Z,95.75,95.75,95.75,95.75,0.0,95.75,0
2026-09-14T22:30:00Z,95.755,95.755,95.755,95.755,29.0,95.755,1
2026-09-14T22:45:00Z,95.755,95.76,95.755,95.76,189.0,95.755,4
2026-09-14T23:00:00Z,95.76,95.76,95.76,95.76,0.0,95.76,0
2026-09-14T23:15:00Z,95.76,95.76,95.76,95.76,0.0,95.76,0
2026-09-14T23:30:00Z,95.755,95.755,95.75,95.755,2529.0,95.755,14
2026-09-14T23:45:00Z,95.755,95.755,95.755,95.755,0.0,95.755,0
2026-09-15T00:00:00Z,95.755,95.755,95.755,95.755,1871.0,95.755,20
2026-09-15T00:15:00Z,95.755,95.755,95.75,95.75,2949.0,95.75,71
2026-09-15T00:30:00Z,95.75,95.75,95.75,95.75,1170.0,95.75,17
2026-09-15T00:45:00Z,95.755,95.755,95.755,95.755,942.0,95.755,41
2026-09-15T01:00:00Z,95.755,95.755,95.755,95.755,2458.0,95.755,31
2026-09-15T01:15:00Z,95.755,95.755,95.755,95.755,15.0,95.755,1
2026-09-15T01:30:00Z,95.75,95.75,95.75,95.75,4660.0,95.75,24
2026-09-15T01:45:00Z,95.75,95.75,95.75,95.75,333.0,95.75,2
2026-09-15T02:00:00Z,95.745,95.745,95.74,95.74,648.0,95.745,7
2026-09-15T02:15:00Z,95.745,95.745,95.745,95.745,1567.0,95.745,26
2026-09-15T02:30:00Z,95.745,95.745,95.74,95.74,427.0,95.7425,5
2026-09-15T02:45:00Z,95.74,95.745,95.74,95.74,375.0,95.7415,6
2026-09-15T03:00:00Z,95.745,95.745,95.745,95.745,10.0,95.745,1
2026-09-15T03:15:00Z,95.74,95.74,95.74,95.74,5.0,95.74,1
2026-09-15T03:30:00Z,95.745,95.745,95.74,95.74,4231.0,95.743,36
2026-09-15T03:45:00Z,95.74,95.74,95.74,95.74,18.0,95.74,2
2026-09-15T04:00:00Z,95.74,95.74,95.74,95.74,812.0,95.74,32
2026-09-15T04:15:00Z,95.74,95.74,95.735,95.735,79.0,95.736,7
2026-09-15T04:30:00Z,95.735,95.735,95.735,95.735,0.0,95.735,0
2026-09-15T04:45:00Z,95.735,95.735,95.735,95.735,516.0,95.735,9
2026-09-15T05:00:00Z,95.74,95.74,95.735,95.74,178.0,95.737,7
2026-09-15T05:15:00Z,95.74,95.74,95.74,95.74,10.0,95.74,1
2026-09-15T05:30:00Z,95.74,95.74,95.74,95.74,590.0,95.74,52
2026-09-15T05:45:00Z,95.745,95.745,95.74,95.74,603.0,95.7405,21
2026-09-15T06:00:00Z,95.74,95.745,95.74,95.74,1676.0,95.74,48
2026-09-15T06:15:00Z,95.74,95.74,95.74,95.74,1128.0,95.74,30
2026-09-15T06:30:00Z,95.735,95.74,95.735,95.74,444.0,95.7385,33
2026-09-15T06:45:00Z,95.74,95.74,95.735,95.735,1381.0,95.74,44
2026-09-15T07:00:00Z,95.735,95.74,95.735,95.74,4179.0,95.74,69
2026-09-15T07:15:00Z,95.74,95.745,95.74,95.74,3384.0,95.744,22
2026-09-15T07:30:00Z,95.745,95.745,95.74,95.745,188.0,95.741,9
2026-09-15T07:45:00Z,95.745,95.745,95.735,95.74,4506.0,95.7425,72
2026-09-15T08:00:00Z,95.74,95.74,95.735,95.735,4603.0,95.736,90
2026-09-15T08:15:00Z,95.74,95.745,95.735,95.745,2896.0,95.7435,101
2026-09-15T08:30:00Z,95.745,95.745,95.74,95.74,4623.0,95.7445,61
2026-09-15T08:45:00Z,95.74,95.745,95.74,95.74,2851.0,95.7405,46
2026-09-15T09:00:00Z,95.74,95.745,95.74,95.74,1152.0,95.7405,53
2026-09-15T09:15:00Z,95.74,95.75,95.74,95.75,10660.0,95.743,132
2026-09-15T09:30:00Z,95.745,95.75,95.745,95.75,6087.0,95.75,75
2026-09-15T09:45:00Z,95.75,95.755,95.75,95.75,3628.0,95.7505,102
2026-09-15T10:00:00Z,95.75,95.76,95.75,95.755,3256.0,95.755,87
2026-09-15T10:15:00Z,95.755,95.755,95.75,95.75,2802.0,95.75,40
2026-09-15T10:30:00Z,95.75,95.755,95.75,95.755,520.0,95.753,25
2026-09-15T10:45:00Z,95.755,95.755,95.75,95.755,2987.0,95.755,60
2026-09-15T11:00:00Z,95.75,95.755,95.745,95.745,4011.0,95.749,26
2026-09-15T11:15:00Z,95.745,95.75,95.745,95.75,4085.0,95.75,103
2026-09-15T11:30:00Z,95.755,95.755,95.75,95.755,3392.0,95.755,41
2026-09-15T11:45:00Z,95.755,95.755,95.75,95.755,2543.0,95.7545,38
2026-09-15T12:00:00Z,95.75,95.755,95.745,95.755,6456.0,95.75,134
2026-09-15T12:15:00Z,95.755,95.755,95.75,95.755,1631.0,95.7505,62
2026-09-15T12:30:00Z,95.755,95.765,95.75,95.76,9618.0,95.7575,214
2026-09-15T12:45:00Z,95.76,95.765,95.755,95.76,11535.0,95.76,315
2026-09-15T13:00:00Z,95.76,95.76,95.755,95.76,4711.0,95.76,104
2026-09-15T13:15:00Z,95.76,95.76,95.755,95.755,6002.0,95.76,126
2026-09-15T13:30:00Z,95.755,95.755,95.75,95.755,2457.0,95.7545,54
2026-09-15T13:45:00Z,95.75,95.76,95.75,95.76,31951.0,95.76,211
2026-09-15T14:00:00Z,95.755,95.76,95.755,95.76,2489.0,95.7595,54
2026-09-15T14:15:00Z,95.755,95.76,95.75,95.755,8803.0,95.755,124
2026-09-15T14:30:00Z,95.755,95.76,95.75,95.75,6645.0,95.755,143
2026-09-15T14:45:00Z,95.75,95.755,95.75,95.755,3837.0,95.7545,57
2026-09-15T15:00:00Z,95.75,95.76,95.75,95.755,2871.0,95.7545,57
2026-09-15T15:15:00Z,95.755,95.755,95.75,95.755,4896.0,95.755,88
2026-09-15T15:30:00Z,95.755,95.755,95.75,95.755,4309.0,95.7545,99
2026-09-15T15:45:00Z,95.76,95.76,95.75,95.75,10868.0,95.755,123
2026-09-15T16:00:00Z,95.755,95.755,95.75,95.75,438.0,95.7525,126
2026-09-15T16:15:00Z,95.755,95.755,95.75,95.755,367.0,95.754,16
2026-09-15T16:30:00Z,95.755,95.755,95.75,95.75,260.0,95.7525,27
2026-09-15T16:45:00Z,95.75,95.76,95.75,95.755,4784.0,95.755,47
2026-09-15T17:00:00Z,95.755,95.755,95.75,95.755,1848.0,95.755,108
2026-09-15T17:15:00Z,95.75,95.755,95.745,95.745,6244.0,95.75,33
2026-09-15T17:30:00Z,95.745,95.75,95.745,95.75,10216.0,95.75,1274
2026-09-15T17:45:00Z,95.75,95.755,95.745,95.745,2217.0,95.7495,25
2026-09-15T18:00:00Z,95.75,95.75,95.74,95.74,6923.0,95.745,46
2026-09-15T18:15:00Z,95.745,95.75,95.74,95.75,3148.0,95.7485,31
2026-09-15T18:30:00Z,95.75,95.75,95.745,95.75,4677.0,95.75,51
2026-09-15T18:45:00Z,95.75,95.75,95.745,95.745,4825.0,95.7495,114
2026-09-15T19:00:00Z,95.75,95.75,95.745,95.745,4422.0,95.75,57
2026-09-15T19:15:00Z,95.75,95.75,95.745,95.75,265.0,95.7465,10
2026-09-15T19:30:00Z,95.75,95.755,95.745,95.75,9120.0,95.75,95
2026-09-15T19:45:00Z,95.75,95.755,95.745,95.745,7814.0,95.751,167
2026-09-15T20:00:00Z,95.75,95.75,95.745,95.75,1028.0,95.75,33
2026-09-15T20:15:00Z,95.75,95.75,95.74,95.745,5826.0,95.745,389
2026-09-15T20:30:00Z,95.75,95.75,95.745,95.75,400.0,95.7475,16
2026-09-15T20:45:00Z,95.75,95.755,95.745,95.75,6916.0,95.7505,81
2026-09-15T22:00:00Z,95.755,95.755,95.75,95.755,1907.0,95.755,76
2026-09-15T22:15:00Z,95.755,95.755,95.755,95.755,496.0,95.755,16
2026-09-15T22:30:00Z,95.755,95.76,95.755,95.76,4488.0,95.755,31
2026-09-15T22:45:00Z,95.76,95.76,95.76,95.76,42.0,95.76,2
2026-09-15T23:00:00Z,95.755,95.755,95.755,95.755,197.0,95.755,11
2026-09-15T23:15:00Z,95.755,95.755,95.755,95.755,0.0,95.755,0
2026-09-15T23:30:00Z,95.755,95.755,95.755,95.755,0.0,95.755,0
2026-09-15T23:45:00Z,95.76,95.76,95.76,95.76,5.0,95.76,2
2026-09-16T00:00:00Z,95.76,95.76,95.76,95.76,0.0,95.76,0
2026-09-16T00:15:00Z,95.755,95.76,95.755,95.76,2171.0,95.76,16
2026-09-16T00:30:00Z,95.76,95.76,95.76,95.76,998.0,95.76,12
2026-09-16T00:45:00Z,95.755,95.755,95.755,95.755,3.0,95.755,3
2026-09-16T01:00:00Z,95.755,95.755,95.755,95.755,21.0,95.755,7
2026-09-16T01:15:00Z,95.76,95.76,95.76,95.76,6.0,95.76,1
2026-09-16T01:30:00Z,95.755,95.76,95.755,95.76,537.0,95.76,6
2026-09-16T01:45:00Z,95.76,95.76,95.755,95.755,456.0,95.7595,29
2026-09-16T02:00:00Z,95.755,95.765,95.755,95.765,3371.0,95.7605,27
2026-09-16T02:15:00Z,95.765,95.765,95.76,95.76,4178.0,95.76,181
2026-09-16T02:30:00Z,95.76,95.765,95.76,95.765,1020.0,95.762,24
2026-09-16T02:45:00Z,95.76,95.765,95.76,95.765,81.0,95.76,2
2026-09-16T03:00:00Z,95.765,95.765,95.765,95.765,622.0,95.765,3
2026-09-16T03:15:00Z,95.76,95.765,95.76,95.765,600.0,95.7615,2
2026-09-16T03:30:00Z,95.765,95.765,95.765,95.765,5.0,95.765,2
2026-09-16T03:45:00Z,95.76,95.76,95.76,95.76,69.0,95.76,6
2026-09-16T04:00:00Z,95.76,95.76,95.76,95.76,0.0,95.76,0
2026-09-16T04:15:00Z,95.765,95.765,95.765,95.765,100.0,95.765,1
2026-09-16T04:30:00Z,95.76,95.765,95.755,95.755,1145.0,95.76,18
2026-09-16T04:45:00Z,95.755,95.755,95.755,95.755,0.0,95.755,0
2026-09-16T05:00:00Z,95.755,95.76,95.755,95.76,184.0,95.7595,18
2026-09-16T05:15:00Z,95.755,95.765,95.755,95.76,2907.0,95.7615,32
2026-09-16T05:30:00Z,95.765,95.765,95.76,95.76,1622.0,95.76,11
2026-09-16T05:45:00Z,95.76,95.765,95.76,95.765,510.0,95.7605,8
2026-09-16T06:00:00Z,95.765,95.765,95.76,95.76,439.0,95.764,4
2026-09-16T06:15:00Z,95.76,95.765,95.76,95.765,75.0,95.762,2
2026-09-16T06:30:00Z,95.76,95.76,95.76,95.76,8.0,95.76,4
2026-09-16T06:45:00Z,95.76,95.765,95.76,95.76,2254.0,95.7605,51
2026-09-16T07:00:00Z,95.76,95.76,95.76,95.76,1864.0,95.76,89
2026-09-16T07:15:00Z,95.76,95.76,95.755,95.76,2008.0,95.7595,28
2026-09-16T07:30:00Z,95.76,95.76,95.755,95.755,2211.0,95.76,69
2026-09-16T07:45:00Z,95.755,95.76,95.755,95.76,154.0,95.756,13
2026-09-16T08:00:00Z,95.755,95.76,95.755,95.755,303.0,95.756,8
2026-09-16T08:15:00Z,95.755,95.76,95.755,95.755,4714.0,95.755,48
2026-09-16T08:30:00Z,95.755,95.755,95.755,95.755,1712.0,95.755,67
2026-09-16T08:45:00Z,95.755,95.76,95.755,95.76,840.0,95.757,27
2026-09-16T09:00:00Z,95.76,95.76,95.755,95.755,990.0,95.7575,8
2026-09-16T09:15:00Z,95.76,95.76,95.76,95.76,6178.0,95.76,53
2026-09-16T09:30:00Z,95.765,95.765,95.76,95.76,749.0,95.764,7
2026-09-16T09:45:00Z,95.76,95.765,95.755,95.76,2749.0,95.76,45
2026-09-16T10:00:00Z,95.76,95.765,95.76,95.765,4757.0,95.7605,77
2026-09-16T10:15:00Z,95.765,95.765,95.765,95.765,0.0,95.765,0
2026-09-16T10:30:00Z,95.76,95.76,95.755,95.76,3231.0,95.76,57
2026-09-16T10:45:00Z,95.76,95.765,95.755,95.76,1640.0,95.7595,44
2026-09-16T11:00:00Z,95.765,95.765,95.76,95.76,1267.0,95.7645,45
2026-09-16T11:15:00Z,95.765,95.77,95.76,95.77,5082.0,95.767,113
2026-09-16T11:30:00Z,95.77,95.775,95.77,95.77,7719.0,95.771,95
2026-09-16T11:45:00Z,95.77,95.775,95.77,95.77,2974.0,95.77,57
2026-09-16T12:00:00Z,95.775,95.775,95.765,95.77,4489.0,95.7705,66
2026-09-16T12:15:00Z,95.765,95.77,95.76,95.765,9952.0,95.7645,663
2026-09-16T12:30:00Z,95.765,95.77,95.76,95.77,14348.0,95.768,98
2026-09-16T12:45:00Z,95.77,95.775,95.765,95.77,15246.0,95.77,92
2026-09-16T13:00:00Z,95.765,95.77,95.76,95.77,13626.0,95.766,521
2026-09-16T13:15:00Z,95.77,95.77,95.765,95.765,6589.0,95.765,86
2026-09-16T13:30:00Z,95.77,95.77,95.765,95.765,12395.0,95.7655,278
2026-09-16T13:45:00Z,95.765,95.77,95.76,95.765,12057.0,95.765,142
2026-09-16T14:00:00Z,95.765,95.77,95.76,95.76,3881.0,95.765,46
2026-09-16T14:15:00Z,95.765,95.77,95.76,95.77,11426.0,95.765,103
2026-09-16T14:30:00Z,95.765,95.77,95.76,95.765,6784.0,95.765,108
2026-09-16T14:45:00Z,95.77,95.77,95.765,95.77,3722.0,95.769,36
2026-09-16T15:00:00Z,95.77,95.775,95.765,95.77,19347.0,95.77,162
2026-09-16T15:15:00Z,95.765,95.77,95.765,95.77,8999.0,95.765,102
2026-09-16T15:30:00Z,95.77,95.77,95.76,95.765,4246.0,95.765,104
2026-09-16T15:45:00Z,95.765,95.775,95.765,95.77,12219.0,95.7675,166
2026-09-16T16:00:00Z,95.77,95.77,95.765,95.77,951.0,95.7685,38
2026-09-16T16:15:00Z,95.77,95.775,95.77,95.775,10825.0,95.7715,98
2026-09-16T16:30:00Z,95.77,95.775,95.77,95.77,1752.0,95.772,66
2026-09-16T16:45:00Z,95.775,95.775,95.77,95.775,5202.0,95.7745,65
2026-09-16T17:00:00Z,95.77,95.775,95.77,95.775,13048.0,95.775,86
2026-09-16T17:15:00Z,95.775,95.785,95.775,95.78,9426.0,95.7775,313
2026-09-16T17:30:00Z,95.785,95.785,95.775,95.78,7505.0,95.78,101
2026-09-16T17:45:00Z,95.78,95.785,95.775,95.78,18308.0,95.78,393
2026-09-16T18:00:00Z,95.775,95.775,95.73,95.735,94191.0,95.7435,2271
2026-09-16T18:15:00Z,95.735,95.745,95.725,95.74,50845.0,95.736,767
2026-09-16T18:30:00Z,95.74,95.74,95.69,95.72,65857.0,95.714,1159
2026-09-16T18:45:00Z,95.715,95.725,95.695,95.7,66348.0,95.7135,737
2026-09-16T19:00:00Z,95.695,95.705,95.68,95.685,41782.0,95.694,639
2026-09-16T19:15:00Z,95.69,95.695,95.685,95.695,35382.0,95.69,473
2026-09-16T19:30:00Z,95.695,95.705,95.69,95.7,36216.0,95.6995,260
2026-09-16T19:45:00Z,95.695,95.705,95.69,95.695,28308.0,95.6985,233
2026-09-16T20:00:00Z,95.695,95.695,95.685,95.69,9122.0,95.6905,234
2026-09-16T20:15:00Z,95.69,95.695,95.685,95.695,8986.0,95.6925,100
2026-09-16T20:30:00Z,95.695,95.7,95.69,95.69,6047.0,95.695,77
2026-09-16T20:45:00Z,95.695,95.695,95.69,95.69,1372.0,95.695,32
2026-09-16T22:00:00Z,95.69,95.69,95.68,95.68,6820.0,95.6865,85
2026-09-16T22:15:00Z,95.68,95.685,95.68,95.685,2565.0,95.6845,18
2026-09-16T22:30:00Z,95.68,95.68,95.68,95.68,35.0,95.68,2
2026-09-16T22:45:00Z,95.685,95.685,95.68,95.68,3010.0,95.68,22
2026-09-16T23:00:00Z,95.68,95.68,95.68,95.68,0.0,95.68,0
2026-09-16T23:15:00Z,95.685,95.685,95.685,95.685,288.0,95.685,9
2026-09-16T23:30:00Z,95.69,95.69,95.69,95.69,540.0,95.69,14
2026-09-16T23:45:00Z,95.69,95.695,95.69,95.695,840.0,95.6945,29
2026-09-17T00:00:00Z,95.695,95.7,95.695,95.7,1292.0,95.698,35
2026-09-17T00:15:00Z,95.7,95.7,95.7,95.7,614.0,95.7,20
2026-09-17T00:30:00Z,95.7,95.7,95.7,95.7,1874.0,95.7,16
2026-09-17T00:45:00Z,95.7,95.705,95.695,95.695,4401.0,95.6965,23
2026-09-17T01:00:00Z,95.695,95.695,95.695,95.695,441.0,95.695,18
2026-09-17T01:15:00Z,95.695,95.695,95.695,95.695,1049.0,95.695,9
2026-09-17T01:30:00Z,95.695,95.695,95.695,95.695,1808.0,95.695,9
2026-09-17T01:45:00Z,95.69,95.695,95.69,95.69,44.0,95.692,4
2026-09-17T02:00:00Z,95.69,95.69,95.685,95.685,900.0,95.69,13
2026-09-17T02:15:00Z,95.685,95.685,95.685,95.685,202.0,95.685,3
2026-09-17T02:30:00Z,95.69,95.69,95.69,95.69,10.0,95.69,1
2026-09-17T02:45:00Z,95.69,95.69,95.685,95.69,632.0,95.689,6
2026-09-17T03:00:00Z,95.69,95.69,95.69,95.69,2525.0,95.69,38
2026-09-17T03:15:00Z,95.69,95.69,95.69,95.69,117.0,95.69,8
2026-09-17T03:30:00Z,95.69,95.7,95.69,95.7,605.0,95.695,21
2026-09-17T03:45:00Z,95.695,95.7,95.695,95.695,1627.0,95.695,17
2026-09-17T04:00:00Z,95.695,95.695,95.695,95.695,91.0,95.695,3
2026-09-17T04:15:00Z,95.695,95.695,95.695,95.695,78.0,95.695,6
2026-09-17T04:30:00Z,95.695,95.695,95.69,95.69,92.0,95.69,2
2026-09-17T04:45:00Z,95.69,95.69,95.69,95.69,0.0,95.69,0
2026-09-17T05:00:00Z,95.695,95.695,95.695,95.695,42.0,95.695,3
2026-09-17T05:15:00Z,95.69,95.695,95.69,95.69,1659.0,95.6905,23
2026-09-17T05:30:00Z,95.695,95.695,95.69,95.695,158.0,95.6945,4
2026-09-17T05:45:00Z,95.695,95.695,95.695,95.695,646.0,95.695,13
2026-09-17T06:00:00Z,95.695,95.7,95.695,95.7,2537.0,95.6985,23
2026-09-17T06:15:00Z,95.7,95.7,95.7,95.7,669.0,95.7,27
2026-09-17T06:30:00Z,95.7,95.705,95.7,95.705,605.0,95.7,7
2026-09-17T06:45:00Z,95.705,95.71,95.705,95.705,3809.0,95.7055,63
2026-09-17T07:00:00Z,95.705,95.71,95.705,95.705,1873.0,95.7055,39
2026-09-17T07:15:00Z,95.71,95.71,95.705,95.705,2692.0,95.705,58
2026-09-17T07:30:00Z,95.705,95.705,95.7,95.7,563.0,95.7015,7
2026-09-17T07:45:00Z,95.7,95.705,95.695,95.7,5802.0,95.6985,42
2026-09-17T08:00:00Z,95.695,95.7,95.695,95.695,2310.0,95.695,26
2026-09-17T08:15:00Z,95.695,95.695,95.695,95.695,2066.0,95.695,36
2026-09-17T08:30:00Z,95.695,95.695,95.695,95.695,923.0,95.695,14
2026-09-17T08:45:00Z,95.695,95.7,95.695,95.695,673.0,95.695,16
2026-09-17T09:00:00Z,95.695,95.695,95.69,95.695,1296.0,95.6945,10
2026-09-17T09:15:00Z,95.695,95.695,95.69,95.69,3250.0,95.69,30
2026-09-17T09:30:00Z,95.69,95.69,95.685,95.69,1459.0,95.6895,11
2026-09-17T09:45:00Z,95.69,95.69,95.685,95.685,641.0,95.689,29
2026-09-17T10:00:00Z,95.69,95.69,95.685,95.69,3407.0,95.69,138
2026-09-17T10:15:00Z,95.685,95.685,95.68,95.685,7763.0,95.685,57
2026-09-17T10:30:00Z,95.685,95.69,95.685,95.685,2594.0,95.685,66
2026-09-17T10:45:00Z,95.685,95.69,95.685,95.685,2176.0,95.686,43
2026-09-17T11:00:00Z,95.69,95.7,95.69,95.7,2131.0,95.6925,64
2026-09-17T11:15:00Z,95.7,95.7,95.695,95.695,1752.0,95.696,52
2026-09-17T11:30:00Z,95.69,95.695,95.685,95.69,4828.0,95.69,102
2026-09-17T11:45:00Z,95.685,95.7,95.685,95.695,7061.0,95.6925,99
2026-09-17T12:00:00Z,95.69,95.71,95.69,95.705,10771.0,95.7025,132
2026-09-17T12:15:00Z,95.705,95.71,95.705,95.71,8769.0,95.705,164
2026-09-17T12:30:00Z,95.705,95.71,95.7,95.705,17059.0,95.7045,132
2026-09-17T12:45:00Z,95.7,95.71,95.7,95.705,7060.0,95.705,104
2026-09-17T13:00:00Z,95.705,95.715,95.705,95.71,5305.0,95.7095,84
2026-09-17T13:15:00Z,95.71,95.715,95.705,95.71,5655.0,95.7095,100
2026-09-17T13:30:00Z,95.71,95.715,95.7,95.7,15057.0,95.7075,138
2026-09-17T13:45:00Z,95.7,95.71,95.695,95.705,10310.0,95.7025,96
2026-09-17T14:00:00Z,95.705,95.71,95.7,95.705,6543.0,95.706,55
2026-09-17T14:15:00Z,95.705,95.71,95.705,95.71,4558.0,95.705,42
2026-09-17T14:30:00Z,95.705,95.71,95.7,95.705,5205.0,95.705,76
2026-09-17T14:45:00Z,95.705,95.705,95.7,95.7,1170.0,95.704,38
2026-09-17T15:00:00Z,95.7,95.705,95.7,95.705,6830.0,95.701,140
2026-09-17T15:15:00Z,95.705,95.71,95.7,95.7,5526.0,95.705,131
2026-09-17T15:30:00Z,95.705,95.705,95.7,95.7,4592.0,95.704,146
2026-09-17T15:45:00Z,95.705,95.705,95.7,95.7,702.0,95.7005,83
2026-09-17T16:00:00Z,95.7,95.705,95.7,95.7,5334.0,95.705,46
2026-09-17T16:15:00Z,95.705,95.705,95.7,95.705,718.0,95.705,31
2026-09-17T16:30:00Z,95.7,95.705,95.7,95.7,162.0,95.7005,33
2026-09-17T16:45:00Z,95.7,95.705,95.695,95.695,14509.0,95.697,115
2026-09-17T17:00:00Z,95.695,95.7,95.695,95.695,2062.0,95.6955,57
2026-09-17T17:15:00Z,95.695,95.7,95.695,95.695,754.0,95.6955,37
2026-09-17T17:30:00Z,95.695,95.7,95.695,95.7,3381.0,95.6995,48
2026-09-17T17:45:00Z,95.7,95.705,95.695,95.7,25506.0,95.6995,176
2026-09-17T18:00:00Z,95.695,95.7,95.69,95.7,3755.0,95.695,85
2026-09-17T18:15:00Z,95.695,95.7,95.695,95.695,1001.0,95.6955,35
2026-09-17T18:30:00Z,95.695,95.7,95.69,95.695,5387.0,95.695,113
2026-09-17T18:45:00Z,95.695,95.695,95.69,95.695,427.0,95.6935,39
2026-09-17T19:00:00Z,95.695,95.7,95.69,95.7,11497.0,95.6955,46
2026-09-17T19:15:00Z,95.7,95.705,95.695,95.705,7253.0,95.7,248
2026-09-17T19:30:00Z,95.705,95.705,95.695,95.705,1658.0,95.7,67
2026-09-17T19:45:00Z,95.705,95.705,95.695,95.7,3028.0,95.7,67
2026-09-17T20:00:00Z,95.7,95.705,95.695,95.695,543.0,95.7,80
2026-09-17T20:15:00Z,95.695,95.7,95.695,95.7,2393.0,95.699,144
2026-09-17T20:30:00Z,95.7,95.705,95.7,95.7,361.0,95.7025,42
2026-09-17T20:45:00Z,95.7,95.705,95.7,95.705,2025.0,95.704,85
2026-09-17T22:00:00Z,95.7,95.705,95.7,95.7,627.0,95.7,9
2026-09-17T22:15:00Z,95.7,95.705,95.7,95.7,439.0,95.7005,12
2026-09-17T22:30:00Z,95.7,95.7,95.7,95.7,0.0,95.7,0
2026-09-17T22:45:00Z,95.7,95.7,95.7,95.7,0.0,95.7,0
2026-09-17T23:00:00Z,95.7,95.7,95.7,95.7,23.0,95.7,1
2026-09-17T23:15:00Z,95.7,95.7,95.7,95.7,0.0,95.7,0
2026-09-17T23:30:00Z,95.7,95.7,95.7,95.7,33.0,95.7,4
2026-09-17T23:45:00Z,95.7,95.7,95.7,95.7,0.0,95.7,0
2026-09-18T00:00:00Z,95.7,95.7,95.7,95.7,562.0,95.7,15
2026-09-18T00:15:00Z,95.7,95.7,95.7,95.7,6.0,95.7,2
2026-09-18T00:30:00Z,95.7,95.7,95.7,95.7,1178.0,95.7,18
2026-09-18T00:45:00Z,95.7,95.7,95.7,95.7,39.0,95.7,4
2026-09-18T01:00:00Z,95.7,95.7,95.7,95.7,113.0,95.7,4
2026-09-18T01:15:00Z,95.7,95.7,95.7,95.7,0.0,95.7,0
2026-09-18T01:30:00Z,95.695,95.695,95.69,95.695,1070.0,95.695,29
2026-09-18T01:45:00Z,95.69,95.695,95.69,95.695,139.0,95.6945,6
2026-09-18T02:00:00Z,95.695,95.695,95.695,95.695,0.0,95.695,0
2026-09-18T02:15:00Z,95.695,95.695,95.695,95.695,1759.0,95.695,30
2026-09-18T02:30:00Z,95.695,95.695,95.695,95.695,1089.0,95.695,16
2026-09-18T02:45:00Z,95.695,95.7,95.695,95.695,594.0,95.695,21
2026-09-18T03:00:00Z,95.695,95.695,95.695,95.695,207.0,95.695,4
2026-09-18T03:15:00Z,95.695,95.695,95.695,95.695,128.0,95.695,4
2026-09-18T03:30:00Z,95.695,95.695,95.695,95.695,1.0,95.695,1
2026-09-18T03:45:00Z,95.695,95.695,95.695,95.695,211.0,95.695,9
2026-09-18T04:00:00Z,95.695,95.695,95.695,95.695,258.0,95.695,4
2026-09-18T04:15:00Z,95.695,95.695,95.695,95.695,0.0,95.695,0
2026-09-18T04:30:00Z,95.695,95.7,95.695,95.7,53.0,95.6955,2
2026-09-18T04:45:00Z,95.695,95.695,95.695,95.695,25.0,95.695,1
2026-09-18T05:00:00Z,95.695,95.695,95.695,95.695,451.0,95.695,4
2026-09-18T05:15:00Z,95.695,95.695,95.695,95.695,0.0,95.695,0
2026-09-18T05:30:00Z,95.695,95.695,95.695,95.695,703.0,95.695,16
2026-09-18T05:45:00Z,95.695,95.695,95.695,95.695,538.0,95.695,20
2026-09-18T06:00:00Z,95.69,95.695,95.69,95.695,527.0,95.6945,63
2026-09-18T06:15:00Z,95.695,95.7,95.695,95.7,1491.0,95.6975,30
2026-09-18T06:30:00Z,95.7,95.7,95.7,95.7,1561.0,95.7,26
2026-09-18T06:45:00Z,95.7,95.7,95.7,95.7,43.0,95.7,42
2026-09-18T07:00:00Z,95.7,95.7,95.69,95.69,3284.0,95.696,61
2026-09-18T07:15:00Z,95.695,95.7,95.695,95.695,583.0,95.6965,18
2026-09-18T07:30:00Z,95.695,95.7,95.69,95.695,2216.0,95.696,39
2026-09-18T07:45:00Z,95.695,95.695,95.69,95.69,1450.0,95.695,46
2026-09-18T08:00:00Z,95.695,95.695,95.69,95.695,1853.0,95.695,17
2026-09-18T08:15:00Z,95.69,95.69,95.69,95.69,1749.0,95.69,28
2026-09-18T08:30:00Z,95.69,95.69,95.69,95.69,2150.0,95.69,61
2026-09-18T08:45:00Z,95.69,95.69,95.69,95.69,610.0,95.69,8
2026-09-18T09:00:00Z,95.685,95.69,95.685,95.69,210.0,95.69,14
2026-09-18T09:15:00Z,95.69,95.69,95.685,95.685,680.0,95.689,10
2026-09-18T09:30:00Z,95.69,95.69,95.685,95.685,1220.0,95.689,3
2026-09-18T09:45:00Z,95.685,95.685,95.685,95.685,1160.0,95.685,4
2026-09-18T10:00:00Z,95.69,95.69,95.685,95.69,814.0,95.6865,10
2026-09-18T10:15:00Z,95.685,95.685,95.685,95.685,4244.0,95.685,67
2026-09-18T10:30:00Z,95.685,95.69,95.685,95.685,830.0,95.685,14
2026-09-18T10:45:00Z,95.685,95.69,95.685,95.69,167.0,95.689,8
2026-09-18T11:00:00Z,95.69,95.69,95.685,95.685,5297.0,95.6885,62
2026-09-18T11:15:00Z,95.685,95.685,95.68,95.68,1376.0,95.684,41
2026-09-18T11:30:00Z,95.685,95.685,95.68,95.68,603.0,95.685,18
2026-09-18T11:45:00Z,95.68,95.685,95.68,95.685,1671.0,95.6835,58
2026-09-18T12:00:00Z,95.69,95.69,95.68,95.685,3378.0,95.6875,87
2026-09-18T12:15:00Z,95.685,95.685,95.675,95.68,3808.0,95.679,58
2026-09-18T12:30:00Z,95.68,95.685,95.675,95.68,9661.0,95.68,94
2026-09-18T12:45:00Z,95.68,95.68,95.675,95.675,3352.0,95.68,49
2026-09-18T13:00:00Z,95.675,95.68,95.675,95.68,561.0,95.6795,25
2026-09-18T13:15:00Z,95.675,95.68,95.675,95.675,3518.0,95.679,34
2026-09-18T13:30:00Z,95.68,95.68,95.675,95.68,3627.0,95.6795,46
2026-09-18T13:45:00Z,95.675,95.68,95.675,95.675,6905.0,95.676,81
2026-09-18T14:00:00Z,95.675,95.685,95.675,95.68,5055.0,95.6785,137
2026-09-18T14:15:00Z,95.68,95.68,95.675,95.675,7854.0,95.679,113
2026-09-18T14:30:00Z,95.68,95.68,95.675,95.675,1214.0,95.676,54
2026-09-18T14:45:00Z,95.675,95.685,95.675,95.68,10525.0,95.68,118
2026-09-18T15:00:00Z,95.675,95.68,95.675,95.68,1659.0,95.6785,30
2026-09-18T15:15:00Z,95.68,95.68,95.675,95.675,4466.0,95.6795,153
2026-09-18T15:30:00Z,95.68,95.68,95.675,95.68,721.0,95.676,48
2026-09-18T15:45:00Z,95.68,95.68,95.675,95.68,337.0,95.677,43
2026-09-18T16:00:00Z,95.675,95.68,95.675,95.68,554.0,95.6765,33
2026-09-18T16:15:00Z,95.675,95.68,95.675,95.68,1342.0,95.678,45
2026-09-18T16:30:00Z,95.68,95.685,95.675,95.675,6986.0,95.68,53
2026-09-18T16:45:00Z,95.68,95.68,95.675,95.68,1297.0,95.679,22
2026-09-18T17:00:00Z,95.675,95.68,95.675,95.675,508.0,95.6795,20
2026-09-18T17:15:00Z,95.68,95.68,95.675,95.68,220.0,95.676,18
2026-09-18T17:30:00Z,95.675,95.68,95.675,95.68,1489.0,95.679,37
2026-09-18T17:45:00Z,95.675,95.685,95.675,95.68,4546.0,95.68,55
2026-09-18T18:00:00Z,95.68,95.685,95.68,95.68,119.0,95.684,31
2026-09-18T18:15:00Z,95.685,95.685,95.68,95.68,276.0,95.6815,42
2026-09-18T18:30:00Z,95.68,95.685,95.68,95.68,6352.0,95.68,49
2026-09-18T18:45:00Z,95.675,95.68,95.675,95.675,2454.0,95.675,56
2026-09-18T19:00:00Z,95.68,95.68,95.675,95.675,228.0,95.6765,21
2026-09-18T19:15:00Z,95.68,95.68,95.675,95.675,11574.0,95.675,112
2026-09-18T19:30:00Z,95.675,95.68,95.675,95.675,328.0,95.6755,26
2026-09-18T19:45:00Z,95.675,95.68,95.675,95.675,14638.0,95.675,73
2026-09-18T20:00:00Z,95.675,95.68,95.675,95.675,4070.0,95.676,62
2026-09-18T20:15:00Z,95.675,95.68,95.675,95.675,207.0,95.6755,126
2026-09-18T20:30:00Z,95.675,95.68,95.675,95.675,593.0,95.675,42
2026-09-18T20:45:00Z,95.675,95.68,95.675,95.68,11557.0,95.68,149
2026-09-20T22:00:00Z,95.675,95.68,95.675,95.68,802.0,95.676,15
2026-09-20T22:15:00Z,95.68,95.68,95.675,95.68,51.0,95.68,10
2026-09-20T22:30:00Z,95.675,95.685,95.675,95.685,452.0,95.6805,33
2026-09-20T22:45:00Z,95.68,95.68,95.68,95.68,1.0,95.68,1
2026-09-20T23:00:00Z,95.68,95.685,95.68,95.68,378.0,95.68,22
2026-09-20T23:15:00Z,95.675,95.68,95.675,95.68,4.0,95.679,4
2026-09-20T23:30:00Z,95.675,95.675,95.675,95.675,9.0,95.675,4
2026-09-20T23:45:00Z,95.68,95.685,95.68,95.685,1072.0,95.68,27
2026-09-21T00:00:00Z,95.68,95.685,95.68,95.68,81.0,95.6825,9
2026-09-21T00:15:00Z,95.68,95.685,95.68,95.68,761.0,95.68,20
2026-09-21T00:30:00Z,95.68,95.685,95.68,95.68,1927.0,95.6825,42
2026-09-21T00:45:00Z,95.68,95.68,95.68,95.68,0.0,95.68,0
2026-09-21T01:00:00Z,95.68,95.68,95.68,95.68,9.0,95.68,1
2026-09-21T01:15:00Z,95.685,95.685,95.685,95.685,198.0,95.685,13
2026-09-21T01:30:00Z,95.68,95.69,95.68,95.69,3645.0,95.685,52
2026-09-21T01:45:00Z,95.69,95.69,95.69,95.69,0.0,95.69,0
2026-09-21T02:00:00Z,95.685,95.685,95.685,95.685,18.0,95.685,8
2026-09-21T02:15:00Z,95.685,95.685,95.685,95.685,56.0,95.685,4
2026-09-21T02:30:00Z,95.685,95.685,95.685,95.685,11.0,95.685,1
2026-09-21T02:45:00Z,95.685,95.685,95.685,95.685,1.0,95.685,1
2026-09-21T03:00:00Z,95.685,95.685,95.685,95.685,6.0,95.685,1
2026-09-21T03:15:00Z,95.685,95.685,95.685,95.685,0.0,95.685,0
2026-09-21T03:30:00Z,95.685,95.69,95.685,95.69,328.0,95.6855,6
2026-09-21T03:45:00Z,95.69,95.69,95.69,95.69,7.0,95.69,7
2026-09-21T04:00:00Z,95.685,95.69,95.685,95.69,7.0,95.6865,3
2026-09-21T04:15:00Z,95.69,95.69,95.69,95.69,0.0,95.69,0
2026-09-21T04:30:00Z,95.685,95.685,95.685,95.685,13.0,95.685,1
2026-09-21T04:45:00Z,95.69,95.69,95.69,95.69,7.0,95.69,1
2026-09-21T05:00:00Z,95.685,95.685,95.685,95.685,4267.0,95.685,50
2026-09-21T05:15:00Z,95.685,95.685,95.685,95.685,21.0,95.685,4
2026-09-21T05:30:00Z,95.685,95.685,95.685,95.685,375.0,95.685,34
2026-09-21T05:45:00Z,95.685,95.685,95.685,95.685,0.0,95.685,0
2026-09-21T06:00:00Z,95.685,95.685,95.685,95.685,21.0,95.685,7
2026-09-21T06:15:00Z,95.685,95.685,95.685,95.685,21.0,95.685,17
2026-09-21T06:30:00Z,95.685,95.685,95.685,95.685,103.0,95.685,53
2026-09-21T06:45:00Z,95.685,95.69,95.685,95.685,123.0,95.6875,60
2026-09-21T07:00:00Z,95.685,95.695,95.685,95.685,4658.0,95.69,38
2026-09-21T07:15:00Z,95.69,95.69,95.685,95.685,370.0,95.688,98
2026-09-21T07:30:00Z,95.685,95.69,95.685,95.685,1130.0,95.6895,57
2026-09-21T07:45:00Z,95.685,95.69,95.68,95.68,3361.0,95.685,64
2026-09-21T08:00:00Z,95.68,95.69,95.68,95.685,661.0,95.6855,45
2026-09-21T08:15:00Z,95.69,95.69,95.685,95.69,2611.0,95.69,51
2026-09-21T08:30:00Z,95.685,95.69,95.685,95.69,1292.0,95.69,14
2026-09-21T08:45:00Z,95.69,95.69,95.685,95.69,1082.0,95.69,21
2026-09-21T09:00:00Z,95.685,95.69,95.685,95.69,10.0,95.686,3
2026-09-21T09:15:00Z,95.685,95.69,95.685,95.69,5098.0,95.685,29
2026-09-21T09:30:00Z,95.685,95.69,95.685,95.685,1616.0,95.685,31
2026-09-21T09:45:00Z,95.685,95.685,95.685,95.685,3.0,95.685,1
2026-09-21T10:00:00Z,95.685,95.69,95.685,95.69,675.0,95.69,8
2026-09-21T10:15:00Z,95.69,95.695,95.69,95.69,2860.0,95.69,48
2026-09-21T10:30:00Z,95.69,95.695,95.69,95.69,1245.0,95.69,37
2026-09-21T10:45:00Z,95.69,95.695,95.69,95.69,285.0,95.69,22
2026-09-21T11:00:00Z,95.69,95.695,95.69,95.695,1032.0,95.69,27
2026-09-21T11:15:00Z,95.69,95.695,95.69,95.695,2556.0,95.6935,46
2026-09-21T11:30:00Z,95.695,95.715,95.695,95.715,28201.0,95.7075,123
2026-09-21T11:45:00Z,95.715,95.715,95.71,95.71,14661.0,95.7115,94
2026-09-21T12:00:00Z,95.71,95.71,95.7,95.7,6608.0,95.7065,120
2026-09-21T12:15:00Z,95.7,95.705,95.695,95.7,9574.0,95.7025,138
2026-09-21T12:30:00Z,95.695,95.7,95.695,95.7,6248.0,95.699,67
2026-09-21T12:45:00Z,95.7,95.7,95.69,95.695,6283.0,95.6965,107
2026-09-21T13:00:00Z,95.69,95.695,95.69,95.69,720.0,95.6935,19
2026-09-21T13:15:00Z,95.69,95.695,95.69,95.695,6394.0,95.695,76
2026-09-21T13:30:00Z,95.695,95.695,95.695,95.695,4066.0,95.695,64
2026-09-21T13:45:00Z,95.695,95.695,95.69,95.69,5114.0,95.6925,19
2026-09-21T14:00:00Z,95.69,95.695,95.685,95.695,3878.0,95.69,49
2026-09-21T14:15:00Z,95.69,95.7,95.69,95.695,6133.0,95.695,382
2026-09-21T14:30:00Z,95.695,95.7,95.69,95.695,10819.0,95.698,369
2026-09-21T14:45:00Z,95.695,95.7,95.69,95.69,8392.0,95.695,102
2026-09-21T15:00:00Z,95.69,95.695,95.69,95.695,3959.0,95.695,216
2026-09-21T15:15:00Z,95.695,95.695,95.685,95.69,4169.0,95.6925,123
2026-09-21T15:30:00Z,95.69,95.69,95.685,95.685,5634.0,95.6855,68
2026-09-21T15:45:00Z,95.685,95.69,95.68,95.685,13620.0,95.689,104
2026-09-21T16:00:00Z,95.68,95.69,95.68,95.69,5675.0,95.6865,78
2026-09-21T16:15:00Z,95.69,95.695,95.685,95.685,5978.0,95.689,110
2026-09-21T16:30:00Z,95.685,95.69,95.685,95.685,389.0,95.689,9
2026-09-21T16:45:00Z,95.69,95.69,95.685,95.69,258.0,95.688,13
2026-09-21T17:00:00Z,95.685,95.69,95.68,95.68,4237.0,95.685,90
2026-09-21T17:15:00Z,95.685,95.685,95.68,95.68,3961.0,95.68,71
2026-09-21T17:30:00Z,95.68,95.685,95.675,95.68,3200.0,95.68,93
2026-09-21T17:45:00Z,95.68,95.68,95.675,95.68,258.0,95.679,17
2026-09-21T18:00:00Z,95.675,95.68,95.675,95.675,146.0,95.677,39
2026-09-21T18:15:00Z,95.675,95.68,95.675,95.68,151.0,95.6775,8
2026-09-21T18:30:00Z,95.68,95.68,95.675,95.675,176.0,95.675,7
2026-09-21T18:45:00Z,95.68,95.68,95.675,95.675,2485.0,95.6765,95
2026-09-21T19:00:00Z,95.675,95.68,95.67,95.675,8873.0,95.675,85
2026-09-21T19:15:00Z,95.675,95.68,95.675,95.675,1507.0,95.675,37
2026-09-21T19:30:00Z,95.675,95.68,95.675,95.675,1527.0,95.6755,26
2026-09-21T19:45:00Z,95.675,95.675,95.67,95.67,3664.0,95.675,51
2026-09-21T20:00:00Z,95.675,95.68,95.67,95.675,2730.0,95.675,35
2026-09-21T20:15:00Z,95.67,95.675,95.67,95.675,213.0,95.6715,77
2026-09-21T20:30:00Z,95.67,95.68,95.67,95.68,2884.0,95.675,54
2026-09-21T20:45:00Z,95.68,95.68,95.675,95.68,588.0,95.6785,19
2026-09-21T22:00:00Z,95.675,95.68,95.675,95.68,545.0,95.68,5
2026-09-21T22:15:00Z,95.68,95.68,95.68,95.68,29.0,95.68,3
2026-09-21T22:30:00Z,95.68,95.68,95.68,95.68,128.0,95.68,11
2026-09-21T22:45:00Z,95.68,95.68,95.68,95.68,0.0,95.68,0
2026-09-21T23:00:00Z,95.68,95.68,95.68,95.68,0.0,95.68,0
2026-09-21T23:15:00Z,95.68,95.68,95.68,95.68,0.0,95.68,0
2026-09-21T23:30:00Z,95.68,95.68,95.68,95.68,111.0,95.68,7
2026-09-21T23:45:00Z,95.68,95.68,95.68,95.68,2.0,95.68,1
2026-09-22T00:00:00Z,95.68,95.68,95.68,95.68,37.0,95.68,4
2026-09-22T00:15:00Z,95.68,95.68,95.68,95.68,0.0,95.68,0
2026-09-22T00:30:00Z,95.68,95.68,95.68,95.68,307.0,95.68,3
2026-09-22T00:45:00Z,95.68,95.68,95.68,95.68,0.0,95.68,0
2026-09-22T01:00:00Z,95.68,95.68,95.68,95.68,0.0,95.68,0
2026-09-22T01:15:00Z,95.675,95.68,95.675,95.675,43.0,95.675,8
2026-09-22T01:30:00Z,95.675,95.68,95.675,95.675,339.0,95.675,11
2026-09-22T01:45:00Z,95.675,95.675,95.675,95.675,5.0,95.675,1
2026-09-22T02:00:00Z,95.675,95.675,95.675,95.675,0.0,95.675,0
2026-09-22T02:15:00Z,95.68,95.68,95.68,95.68,2.0,95.68,1
2026-09-22T02:30:00Z,95.68,95.68,95.68,95.68,9.0,95.68,2
2026-09-22T02:45:00Z,95.675,95.675,95.675,95.675,305.0,95.675,3
2026-09-22T03:00:00Z,95.675,95.675,95.675,95.675,616.0,95.675,4
2026-09-22T03:15:00Z,95.675,95.675,95.675,95.675,1.0,95.675,1
2026-09-22T03:30:00Z,95.675,95.675,95.675,95.675,24.0,95.675,1
2026-09-22T03:45:00Z,95.675,95.675,95.67,95.67,202.0,95.67,2
2026-09-22T04:00:00Z,95.67,95.67,95.67,95.67,0.0,95.67,0
2026-09-22T04:15:00Z,95.67,95.67,95.67,95.67,0.0,95.67,0
2026-09-22T04:30:00Z,95.67,95.67,95.67,95.67,0.0,95.67,0
2026-09-22T04:45:00Z,95.67,95.67,95.67,95.67,0.0,95.67,0
2026-09-22T05:00:00Z,95.67,95.67,95.67,95.67,24.0,95.67,1
2026-09-22T05:15:00Z,95.67,95.67,95.67,95.67,200.0,95.67,2
2026-09-22T05:30:00Z,95.67,95.67,95.67,95.67,999.0,95.67,8
2026-09-22T05:45:00Z,95.67,95.67,95.67,95.67,1188.0,95.67,8
2026-09-22T06:00:00Z,95.67,95.67,95.67,95.67,228.0,95.67,10
2026-09-22T06:15:00Z,95.665,95.665,95.665,95.665,1830.0,95.665,97
2026-09-22T06:30:00Z,95.665,95.665,95.665,95.665,1344.0,95.665,16
2026-09-22T06:45:00Z,95.67,95.67,95.67,95.67,244.0,95.67,7
2026-09-22T07:00:00Z,95.67,95.67,95.67,95.67,572.0,95.67,33
2026-09-22T07:15:00Z,95.67,95.67,95.665,95.665,1227.0,95.666,49
2026-09-22T07:30:00Z,95.665,95.665,95.665,95.665,4676.0,95.665,55
2026-09-22T07:45:00Z,95.66,95.665,95.66,95.66,6597.0,95.66,76
2026-09-22T08:00:00Z,95.66,95.665,95.66,95.66,1442.0,95.66,34
2026-09-22T08:15:00Z,95.66,95.66,95.655,95.655,6220.0,95.6565,203
2026-09-22T08:30:00Z,95.655,95.675,95.655,95.675,5025.0,95.6665,98
2026-09-22T08:45:00Z,95.675,95.695,95.675,95.69,13797.0,95.6815,219
2026-09-22T09:00:00Z,95.69,95.69,95.68,95.685,5161.0,95.6855,67
2026-09-22T09:15:00Z,95.685,95.685,95.68,95.685,1033.0,95.6835,51
2026-09-22T09:30:00Z,95.685,95.685,95.68,95.685,3424.0,95.6845,33
2026-09-22T09:45:00Z,95.69,95.7,95.69,95.7,6324.0,95.693,115
2026-09-22T10:00:00Z,95.7,95.7,95.695,95.7,587.0,95.699,9
2026-09-22T10:15:00Z,95.7,95.7,95.695,95.7,4220.0,95.6995,20
2026-09-22T10:30:00Z,95.7,95.7,95.7,95.7,2054.0,95.7,97
2026-09-22T10:45:00Z,95.695,95.7,95.695,95.695,677.0,95.6995,18
2026-09-22T11:00:00Z,95.695,95.7,95.69,95.69,5672.0,95.691,108
2026-09-22T11:15:00Z,95.69,95.69,95.685,95.685,1197.0,95.69,30
2026-09-22T11:30:00Z,95.69,95.69,95.69,95.69,2654.0,95.69,26
2026-09-22T11:45:00Z,95.69,95.695,95.69,95.695,1706.0,95.6915,37
2026-09-22T12:00:00Z,95.69,95.695,95.69,95.69,6029.0,95.692,73
2026-09-22T12:15:00Z,95.69,95.695,95.69,95.69,3842.0,95.6915,145
2026-09-22T12:30:00Z,95.685,95.695,95.685,95.685,9658.0,95.69,118
2026-09-22T12:45:00Z,95.685,95.685,95.675,95.68,13739.0,95.6805,164
2026-09-22T13:00:00Z,95.68,95.69,95.68,95.69,3689.0,95.6875,82
2026-09-22T13:15:00Z,95.69,95.69,95.685,95.69,1397.0,95.69,73
2026-09-22T13:30:00Z,95.69,95.695,95.685,95.695,11083.0,95.689,90
2026-09-22T13:45:00Z,95.69,95.695,95.685,95.69,4853.0,95.69,98
2026-09-22T14:00:00Z,95.69,95.69,95.68,95.69,7342.0,95.687,115
2026-09-22T14:15:00Z,95.69,95.69,95.685,95.685,3709.0,95.6895,74
2026-09-22T14:30:00Z,95.69,95.69,95.68,95.68,4109.0,95.687,107
2026-09-22T14:45:00Z,95.68,95.685,95.68,95.685,3552.0,95.685,89
2026-09-22T15:00:00Z,95.685,95.69,95.68,95.685,4211.0,95.685,92
2026-09-22T15:15:00Z,95.685,95.69,95.68,95.68,3071.0,95.685,73
2026-09-22T15:30:00Z,95.68,95.68,95.675,95.675,7513.0,95.678,134
2026-09-22T15:45:00Z,95.675,95.68,95.67,95.675,6468.0,95.675,123
2026-09-22T16:00:00Z,95.675,95.68,95.675,95.675,241.0,95.675,50
2026-09-22T16:15:00Z,95.675,95.68,95.67,95.67,3968.0,95.675,67
2026-09-22T16:30:00Z,95.67,95.68,95.67,95.68,3589.0,95.6755,22
2026-09-22T16:45:00Z,95.675,95.685,95.675,95.675,6530.0,95.68,160
2026-09-22T17:00:00Z,95.675,95.68,95.675,95.675,473.0,95.6755,21
2026-09-22T17:15:00Z,95.675,95.68,95.67,95.68,6664.0,95.676,146
2026-09-22T17:30:00Z,95.68,95.685,95.675,95.68,3030.0,95.68,112
2026-09-22T17:45:00Z,95.68,95.685,95.675,95.68,14959.0,95.683,174
2026-09-22T18:00:00Z,95.685,95.69,95.68,95.685,3302.0,95.685,58
2026-09-22T18:15:00Z,95.69,95.69,95.68,95.68,4446.0,95.6825,15
2026-09-22T18:30:00Z,95.675,95.68,95.675,95.68,1637.0,95.6795,19
2026-09-22T18:45:00Z,95.68,95.68,95.675,95.68,208.0,95.678,66
2026-09-22T19:00:00Z,95.68,95.68,95.675,95.68,62.0,95.6795,7
2026-09-22T19:15:00Z,95.68,95.685,95.675,95.68,6728.0,95.68,64
2026-09-22T19:30:00Z,95.68,95.695,95.68,95.685,13733.0,95.687,417
2026-09-22T19:45:00Z,95.685,95.69,95.68,95.68,4373.0,95.686,64
2026-09-22T20:00:00Z,95.685,95.685,95.68,95.68,2419.0,95.684,52
2026-09-22T20:15:00Z,95.68,95.685,95.68,95.68,564.0,95.681,56
2026-09-22T20:30:00Z,95.68,95.685,95.68,95.68,1026.0,95.68,50
2026-09-22T20:45:00Z,95.68,95.685,95.675,95.675,2252.0,95.68,82
2026-09-22T22:00:00Z,95.68,95.68,95.68,95.68,971.0,95.68,25
2026-09-22T22:15:00Z,95.68,95.68,95.68,95.68,143.0,95.68,1
2026-09-22T22:30:00Z,95.68,95.685,95.68,95.68,12.0,95.682,4
2026-09-22T22:45:00Z,95.68,95.68,95.68,95.68,0.0,95.68,0
2026-09-22T23:00:00Z,95.68,95.68,95.68,95.68,30.0,95.68,1
2026-09-22T23:15:00Z,95.68,95.68,95.68,95.68,0.0,95.68,0
2026-09-22T23:30:00Z,95.685,95.685,95.685,95.685,200.0,95.685,1
2026-09-22T23:45:00Z,95.685,95.685,95.685,95.685,0.0,95.685,0
2026-09-23T00:00:00Z,95.685,95.685,95.685,95.685,0.0,95.685,0
2026-09-23T00:15:00Z,95.685,95.685,95.685,95.685,0.0,95.685,0
2026-09-23T00:30:00Z,95.68,95.68,95.68,95.68,117.0,95.68,2
2026-09-23T00:45:00Z,95.68,95.68,95.68,95.68,182.0,95.68,9
2026-09-23T01:00:00Z,95.685,95.685,95.675,95.675,239.0,95.6795,6
2026-09-23T01:15:00Z,95.675,95.68,95.675,95.68,1152.0,95.68,16
2026-09-23T01:30:00Z,95.685,95.685,95.685,95.685,400.0,95.685,1
2026-09-23T01:45:00Z,95.685,95.685,95.68,95.685,373.0,95.6825,4
2026-09-23T02:00:00Z,95.685,95.685,95.685,95.685,1273.0,95.685,14
2026-09-23T02:15:00Z,95.685,95.685,95.685,95.685,257.0,95.685,6
2026-09-23T02:30:00Z,95.685,95.685,95.685,95.685,0.0,95.685,0
2026-09-23T02:45:00Z,95.69,95.69,95.685,95.685,168.0,95.6865,5
2026-09-23T03:00:00Z,95.685,95.685,95.685,95.685,53.0,95.685,5
2026-09-23T03:15:00Z,95.685,95.685,95.685,95.685,60.0,95.685,1
2026-09-23T03:30:00Z,95.69,95.69,95.69,95.69,2005.0,95.69,15
2026-09-23T03:45:00Z,95.69,95.69,95.69,95.69,1745.0,95.69,43
2026-09-23T04:00:00Z,95.69,95.69,95.69,95.69,47.0,95.69,3
2026-09-23T04:15:00Z,95.69,95.695,95.69,95.69,368.0,95.69,17
2026-09-23T04:30:00Z,95.69,95.69,95.69,95.69,0.0,95.69,0
2026-09-23T04:45:00Z,95.695,95.695,95.695,95.695,6.0,95.695,2
2026-09-23T05:00:00Z,95.695,95.695,95.695,95.695,100.0,95.695,1
2026-09-23T05:15:00Z,95.695,95.695,95.695,95.695,100.0,95.695,1
2026-09-23T05:30:00Z,95.69,95.69,95.69,95.69,1.0,95.69,1
2026-09-23T05:45:00Z,95.69,95.69,95.69,95.69,1783.0,95.69,14
2026-09-23T06:00:00Z,95.69,95.69,95.685,95.685,1793.0,95.6875,26
2026-09-23T06:15:00Z,95.685,95.685,95.685,95.685,1136.0,95.685,10
2026-09-23T06:30:00Z,95.685,95.685,95.685,95.685,103.0,95.685,4
2026-09-23T06:45:00Z,95.69,95.69,95.685,95.685,1642.0,95.685,16
2026-09-23T07:00:00Z,95.685,95.685,95.685,95.685,1382.0,95.685,30
2026-09-23T07:15:00Z,95.685,95.685,95.68,95.68,889.0,95.6805,9
2026-09-23T07:30:00Z,95.68,95.68,95.68,95.68,2134.0,95.68,35
2026-09-23T07:45:00Z,95.68,95.68,95.68,95.68,3404.0,95.68,62
2026-09-23T08:00:00Z,95.68,95.68,95.675,95.68,1532.0,95.6795,10
2026-09-23T08:15:00Z,95.68,95.685,95.68,95.685,898.0,95.681,8
2026-09-23T08:30:00Z,95.685,95.685,95.68,95.68,109.0,95.6825,6
2026-09-23T08:45:00Z,95.685,95.685,95.685,95.685,81.0,95.685,14
2026-09-23T09:00:00Z,95.685,95.685,95.685,95.685,205.0,95.685,4
2026-09-23T09:15:00Z,95.68,95.685,95.68,95.685,927.0,95.6805,6
2026-09-23T09:30:00Z,95.68,95.685,95.68,95.685,819.0,95.68,6
2026-09-23T09:45:00Z,95.685,95.685,95.68,95.68,5590.0,95.68,45
2026-09-23T10:00:00Z,95.68,95.68,95.68,95.68,309.0,95.68,2
2026-09-23T10:15:00Z,95.68,95.68,95.68,95.68,0.0,95.68,0
2026-09-23T10:30:00Z,95.685,95.685,95.685,95.685,272.0,95.685,3
2026-09-23T10:45:00Z,95.68,95.68,95.675,95.68,3707.0,95.68,90
2026-09-23T11:00:00Z,95.68,95.68,95.68,95.68,2081.0,95.68,45
2026-09-23T11:15:00Z,95.675,95.68,95.675,95.68,1168.0,95.68,107
2026-09-23T11:30:00Z,95.68,95.68,95.675,95.675,5320.0,95.675,108
2026-09-23T11:45:00Z,95.675,95.68,95.675,95.68,290.0,95.679,12
2026-09-23T12:00:00Z,95.675,95.68,95.675,95.68,717.0,95.6775,52
2026-09-23T12:15:00Z,95.675,95.68,95.675,95.68,3621.0,95.675,50
2026-09-23T12:30:00Z,95.68,95.68,95.675,95.675,3089.0,95.675,55
2026-09-23T12:45:00Z,95.675,95.675,95.67,95.675,3764.0,95.675,63
2026-09-23T13:00:00Z,95.67,95.675,95.67,95.67,4807.0,95.67,49
2026-09-23T13:15:00Z,95.67,95.675,95.67,95.675,4277.0,95.6745,90
2026-09-23T13:30:00Z,95.675,95.675,95.665,95.665,6396.0,95.67,89
2026-09-23T13:45:00Z,95.665,95.665,95.64,95.645,37089.0,95.6525,524
2026-09-23T14:00:00Z,95.645,95.65,95.64,95.64,19530.0,95.642,216
2026-09-23T14:15:00Z,95.64,95.64,95.625,95.63,19657.0,95.634,263
2026-09-23T14:30:00Z,95.63,95.64,95.625,95.63,22579.0,95.632,253
2026-09-23T14:45:00Z,95.63,95.64,95.63,95.635,18739.0,95.635,427
2026-09-23T15:00:00Z,95.64,95.64,95.635,95.64,5913.0,95.635,142
2026-09-23T15:15:00Z,95.635,95.64,95.63,95.63,9870.0,95.6335,131
2026-09-23T15:30:00Z,95.63,95.63,95.625,95.625,14162.0,95.625,143
2026-09-23T15:45:00Z,95.63,95.63,95.625,95.63,17343.0,95.628,173
2026-09-23T16:00:00Z,95.63,95.635,95.625,95.63,6437.0,95.63,94
2026-09-23T16:15:00Z,95.63,95.64,95.63,95.64,31659.0,95.634,138
2026-09-23T16:30:00Z,95.64,95.64,95.63,95.63,27383.0,95.632,210
2026-09-23T16:45:00Z,95.63,95.63,95.625,95.63,12369.0,95.63,176
2026-09-23T17:00:00Z,95.63,95.63,95.615,95.625,21212.0,95.621,438
2026-09-23T17:15:00Z,95.625,95.64,95.62,95.635,18678.0,95.633,200
2026-09-23T17:30:00Z,95.635,95.635,95.625,95.635,13598.0,95.631,224
2026-09-23T17:45:00Z,95.635,95.64,95.63,95.63,6676.0,95.636,125
2026-09-23T18:00:00Z,95.635,95.64,95.625,95.63,12765.0,95.632,210
2026-09-23T18:15:00Z,95.63,95.635,95.63,95.635,5320.0,95.632,136
2026-09-23T18:30:00Z,95.635,95.635,95.63,95.63,1818.0,95.635,98
2026-09-23T18:45:00Z,95.63,95.635,95.63,95.63,3810.0,95.634,167
2026-09-23T19:00:00Z,95.63,95.64,95.63,95.635,13992.0,95.635,207
2026-09-23T19:15:00Z,95.635,95.635,95.63,95.635,3495.0,95.635,163
2026-09-23T19:30:00Z,95.635,95.635,95.63,95.635,6252.0,95.6345,157
2026-09-23T19:45:00Z,95.635,95.635,95.63,95.635,2716.0,95.6345,118
2026-09-23T20:00:00Z,95.635,95.635,95.63,95.63,1250.0,95.635,44
2026-09-23T20:15:00Z,95.63,95.635,95.63,95.63,1383.0,95.63,40
2026-09-23T20:30:00Z,95.63,95.635,95.625,95.63,8194.0,95.6305,46
2026-09-23T20:45:00Z,95.63,95.63,95.625,95.625,10509.0,95.63,30
2026-09-23T22:00:00Z,95.625,95.635,95.625,95.635,809.0,95.634,25
2026-09-23T22:15:00Z,95.635,95.635,95.635,95.635,1.0,95.635,1
2026-09-23T22:30:00Z,95.635,95.635,95.635,95.635,150.0,95.635,1
2026-09-23T22:45:00Z,95.635,95.635,95.635,95.635,848.0,95.635,26
2026-09-23T23:00:00Z,95.635,95.635,95.635,95.635,553.0,95.635,18
2026-09-23T23:15:00Z,95.635,95.635,95.63,95.63,1233.0,95.6305,37
2026-09-23T23:30:00Z,95.63,95.63,95.63,95.63,325.0,95.63,3
2026-09-23T23:45:00Z,95.63,95.63,95.63,95.63,2.0,95.63,1
2026-09-24T00:00:00Z,95.635,95.635,95.635,95.635,421.0,95.635,7
2026-09-24T00:15:00Z,95.63,95.63,95.625,95.63,999.0,95.63,20
2026-09-24T00:30:00Z,95.63,95.63,95.625,95.625,53.0,95.628,6
2026-09-24T00:45:00Z,95.625,95.625,95.625,95.625,668.0,95.625,10
2026-09-24T01:00:00Z,95.63,95.635,95.63,95.635,678.0,95.6305,20
2026-09-24T01:15:00Z,95.635,95.635,95.63,95.63,1610.0,95.63,35
2026-09-24T01:30:00Z,95.63,95.635,95.63,95.63,703.0,95.63,15
2026-09-24T01:45:00Z,95.625,95.625,95.625,95.625,3.0,95.625,1
2026-09-24T02:00:00Z,95.63,95.635,95.625,95.63,978.0,95.63,73
2026-09-24T02:15:00Z,95.63,95.635,95.63,95.635,336.0,95.63,17
2026-09-24T02:30:00Z,95.635,95.64,95.63,95.635,2182.0,95.635,65
2026-09-24T02:45:00Z,95.635,95.635,95.63,95.635,233.0,95.635,9
2026-09-24T03:00:00Z,95.635,95.635,95.635,95.635,543.0,95.635,17
2026-09-24T03:15:00Z,95.635,95.635,95.635,95.635,89.0,95.635,2
2026-09-24T03:30:00Z,95.635,95.635,95.635,95.635,379.0,95.635,10
2026-09-24T03:45:00Z,95.635,95.635,95.635,95.635,143.0,95.635,4
2026-09-24T04:00:00Z,95.635,95.635,95.635,95.635,467.0,95.635,10
2026-09-24T04:15:00Z,95.635,95.635,95.635,95.635,100.0,95.635,1
2026-09-24T04:30:00Z,95.635,95.635,95.635,95.635,250.0,95.635,1
2026-09-24T04:45:00Z,95.635,95.635,95.635,95.635,364.0,95.635,13
2026-09-24T05:00:00Z,95.635,95.635,95.635,95.635,0.0,95.635,0
2026-09-24T05:15:00Z,95.635,95.635,95.635,95.635,0.0,95.635,0
2026-09-24T05:30:00Z,95.63,95.63,95.63,95.63,1060.0,95.63,13
2026-09-24T05:45:00Z,95.63,95.63,95.63,95.63,828.0,95.63,22
2026-09-24T06:00:00Z,95.63,95.635,95.63,95.635,196.0,95.634,13
2026-09-24T06:15:00Z,95.635,95.635,95.635,95.635,317.0,95.635,8
2026-09-24T06:30:00Z,95.635,95.635,95.635,95.635,902.0,95.635,44
2026-09-24T06:45:00Z,95.635,95.635,95.635,95.635,1066.0,95.635,32
2026-09-24T07:00:00Z,95.635,95.635,95.635,95.635,1773.0,95.635,14
2026-09-24T07:15:00Z,95.64,95.64,95.64,95.64,299.0,95.64,5
2026-09-24T07:30:00Z,95.64,95.64,95.64,95.64,3060.0,95.64,46
2026-09-24T07:45:00Z,95.645,95.645,95.63,95.635,4419.0,95.6375,79
2026-09-24T08:00:00Z,95.63,95.635,95.63,95.63,1389.0,95.63,17
2026-09-24T08:15:00Z,95.63,95.63,95.615,95.62,10731.0,95.6215,168
2026-09-24T08:30:00Z,95.62,95.625,95.62,95.625,4708.0,95.6235,91
2026-09-24T08:45:00Z,95.625,95.63,95.625,95.625,1554.0,95.625,35
2026-09-24T09:00:00Z,95.625,95.625,95.62,95.625,1968.0,95.6245,72
2026-09-24T09:15:00Z,95.625,95.625,95.62,95.62,391.0,95.624,39
2026-09-24T09:30:00Z,95.62,95.625,95.62,95.62,2780.0,95.62,51
2026-09-24T09:45:00Z,95.62,95.625,95.62,95.625,3186.0,95.625,119
2026-09-24T10:00:00Z,95.625,95.63,95.625,95.625,1388.0,95.625,73
2026-09-24T10:15:00Z,95.63,95.63,95.625,95.63,6146.0,95.63,120
2026-09-24T10:30:00Z,95.63,95.635,95.625,95.635,4222.0,95.6345,37
2026-09-24T10:45:00Z,95.635,95.64,95.635,95.64,7024.0,95.6375,106
2026-09-24T11:00:00Z,95.645,95.645,95.64,95.645,9594.0,95.642,106
2026-09-24T11:15:00Z,95.64,95.65,95.64,95.64,6792.0,95.645,118
2026-09-24T11:30:00Z,95.645,95.645,95.64,95.64,2993.0,95.64,63
2026-09-24T11:45:00Z,95.64,95.64,95.635,95.64,2695.0,95.639,60
2026-09-24T12:00:00Z,95.645,95.645,95.635,95.645,4736.0,95.6395,101
2026-09-24T12:15:00Z,95.64,95.65,95.64,95.64,13513.0,95.6425,163
2026-09-24T12:30:00Z,95.64,95.65,95.64,95.65,19373.0,95.646,163
2026-09-24T12:45:00Z,95.65,95.66,95.645,95.655,17757.0,95.6525,316
2026-09-24T13:00:00Z,95.655,95.66,95.655,95.655,6233.0,95.6575,144
2026-09-24T13:15:00Z,95.655,95.66,95.65,95.655,7025.0,95.6555,192
2026-09-24T13:30:00Z,95.655,95.66,95.655,95.66,3756.0,95.655,79
2026-09-24T13:45:00Z,95.655,95.655,95.65,95.65,5582.0,95.652,85
2026-09-24T14:00:00Z,95.65,95.655,95.645,95.645,3140.0,95.6495,46
2026-09-24T14:15:00Z,95.65,95.655,95.645,95.645,12127.0,95.649,88
2026-09-24T14:30:00Z,95.65,95.65,95.635,95.64,12579.0,95.641,119
2026-09-24T14:45:00Z,95.64,95.64,95.635,95.635,9323.0,95.635,112
2026-09-24T15:00:00Z,95.635,95.635,95.625,95.625,10858.0,95.627,182
2026-09-24T15:15:00Z,95.625,95.63,95.625,95.625,6651.0,95.625,145
2026-09-24T15:30:00Z,95.625,95.625,95.615,95.625,19920.0,95.624,533
2026-09-24T15:45:00Z,95.625,95.63,95.62,95.62,8878.0,95.624,212
2026-09-24T16:00:00Z,95.62,95.625,95.62,95.625,3064.0,95.6215,31
2026-09-24T16:15:00Z,95.625,95.645,95.625,95.635,40031.0,95.6375,453
2026-09-24T16:30:00Z,95.635,95.64,95.63,95.64,13982.0,95.637,80
2026-09-24T16:45:00Z,95.64,95.64,95.63,95.63,7485.0,95.6325,143
2026-09-24T17:00:00Z,95.63,95.64,95.63,95.635,19509.0,95.6305,203
2026-09-24T17:15:00Z,95.63,95.63,95.62,95.625,7345.0,95.626,139
2026-09-24T17:30:00Z,95.625,95.63,95.62,95.62,3830.0,95.6225,50
2026-09-24T17:45:00Z,95.62,95.625,95.62,95.625,1283.0,95.623,45
2026-09-24T18:00:00Z,95.625,95.63,95.62,95.625,3183.0,95.625,55
2026-09-24T18:15:00Z,95.63,95.635,95.625,95.635,5460.0,95.63,91
2026-09-24T18:30:00Z,95.63,95.635,95.625,95.63,4767.0,95.63,86
2026-09-24T18:45:00Z,95.625,95.63,95.625,95.625,2749.0,95.6295,122
2026-09-24T19:00:00Z,95.625,95.625,95.62,95.62,7716.0,95.621,92
2026-09-24T19:15:00Z,95.62,95.62,95.615,95.62,2872.0,95.6195,62
2026-09-24T19:30:00Z,95.62,95.62,95.615,95.62,8269.0,95.62,105
2026-09-24T19:45:00Z,95.62,95.625,95.615,95.62,5636.0,95.62,82
2026-09-24T20:00:00Z,95.615,95.62,95.615,95.615,1182.0,95.6165,73
2026-09-24T20:15:00Z,95.615,95.62,95.61,95.615,17100.0,95.615,306
2026-09-24T20:30:00Z,95.615,95.615,95.61,95.615,6514.0,95.615,133
2026-09-24T20:45:00Z,95.615,95.62,95.615,95.615,2650.0,95.6195,95
2026-09-24T22:00:00Z,95.615,95.62,95.615,95.615,46.0,95.6165,4
2026-09-24T22:15:00Z,95.615,95.62,95.615,95.62,8.0,95.6175,2
2026-09-24T22:30:00Z,95.62,95.62,95.62,95.62,1374.0,95.62,17
2026-09-24T22:45:00Z,95.62,95.62,95.62,95.62,0.0,95.62,0
2026-09-24T23:00:00Z,95.625,95.625,95.625,95.625,10.0,95.625,1
2026-09-24T23:15:00Z,95.625,95.625,95.625,95.625,406.0,95.625,3
2026-09-24T23:30:00Z,95.625,95.625,95.625,95.625,30.0,95.625,1
2026-09-24T23:45:00Z,95.625,95.625,95.625,95.625,526.0,95.625,11
2026-09-25T00:00:00Z,95.625,95.625,95.625,95.625,1068.0,95.625,29
2026-09-25T00:15:00Z,95.625,95.625,95.625,95.625,15.0,95.625,1
2026-09-25T00:30:00Z,95.63,95.63,95.63,95.63,24.0,95.63,3
2026-09-25T00:45:00Z,95.625,95.625,95.625,95.625,595.0,95.625,53
2026-09-25T01:00:00Z,95.625,95.63,95.625,95.625,2157.0,95.6265,45
2026-09-25T01:15:00Z,95.625,95.625,95.625,95.625,450.0,95.625,16
2026-09-25T01:30:00Z,95.625,95.625,95.625,95.625,285.0,95.625,11
2026-09-25T01:45:00Z,95.625,95.625,95.625,95.625,0.0,95.625,0
2026-09-25T02:00:00Z,95.62,95.62,95.62,95.62,189.0,95.62,5
2026-09-25T02:15:00Z,95.62,95.62,95.62,95.62,460.0,95.62,7
2026-09-25T02:30:00Z,95.62,95.62,95.62,95.62,593.0,95.62,3
2026-09-25T02:45:00Z,95.62,95.62,95.62,95.62,1046.0,95.62,13
2026-09-25T03:00:00Z,95.62,95.625,95.62,95.625,57.0,95.6245,3
2026-09-25T03:15:00Z,95.625,95.625,95.625,95.625,266.0,95.625,22
2026-09-25T03:30:00Z,95.62,95.62,95.62,95.62,11.0,95.62,2
2026-09-25T03:45:00Z,95.62,95.62,95.62,95.62,0.0,95.62,0
2026-09-25T04:00:00Z,95.62,95.62,95.62,95.62,0.0,95.62,0
2026-09-25T04:15:00Z,95.62,95.62,95.62,95.62,34.0,95.62,2
2026-09-25T04:30:00Z,95.62,95.62,95.615,95.62,1194.0,95.62,18
2026-09-25T04:45:00Z,95.62,95.62,95.62,95.62,789.0,95.62,24
2026-09-25T05:00:00Z,95.62,95.62,95.62,95.62,355.0,95.62,23
2026-09-25T05:15:00Z,95.625,95.625,95.625,95.625,640.0,95.625,1
2026-09-25T05:30:00Z,95.625,95.625,95.625,95.625,42.0,95.625,2
2026-09-25T05:45:00Z,95.625,95.625,95.625,95.625,50.0,95.625,1
2026-09-25T06:00:00Z,95.625,95.625,95.625,95.625,761.0,95.625,11
2026-09-25T06:15:00Z,95.625,95.625,95.625,95.625,2020.0,95.625,47
2026-09-25T06:30:00Z,95.625,95.625,95.625,95.625,1493.0,95.625,28
2026-09-25T06:45:00Z,95.625,95.625,95.625,95.625,843.0,95.625,23
2026-09-25T07:00:00Z,95.625,95.63,95.625,95.63,16.0,95.6255,6
2026-09-25T07:15:00Z,95.625,95.63,95.625,95.625,1630.0,95.625,61
2026-09-25T07:30:00Z,95.625,95.625,95.625,95.625,1298.0,95.625,26
2026-09-25T07:45:00Z,95.625,95.625,95.62,95.625,1826.0,95.625,59
2026-09-25T08:00:00Z,95.62,95.625,95.62,95.625,660.0,95.625,28
2026-09-25T08:15:00Z,95.625,95.625,95.625,95.625,1184.0,95.625,20
2026-09-25T08:30:00Z,95.63,95.63,95.625,95.625,2771.0,95.63,22
2026-09-25T08:45:00Z,95.635,95.635,95.625,95.63,1349.0,95.631,27
2026-09-25T09:00:00Z,95.63,95.635,95.63,95.63,1212.0,95.63,31
2026-09-25T09:15:00Z,95.63,95.635,95.63,95.635,1858.0,95.6305,105
2026-09-25T09:30:00Z,95.635,95.635,95.625,95.63,1690.0,95.63,36
2026-09-25T09:45:00Z,95.63,95.63,95.63,95.63,392.0,95.63,13
2026-09-25T10:00:00Z,95.63,95.635,95.63,95.63,3682.0,95.631,66
2026-09-25T10:15:00Z,95.63,95.635,95.625,95.635,2050.0,95.63,30
2026-09-25T10:30:00Z,95.635,95.635,95.63,95.63,340.0,95.635,12
2026-09-25T10:45:00Z,95.63,95.63,95.63,95.63,2142.0,95.63,49
2026-09-25T11:00:00Z,95.63,95.64,95.63,95.64,7378.0,95.6365,78
2026-09-25T11:15:00Z,95.64,95.64,95.63,95.63,1464.0,95.6355,66
2026-09-25T11:30:00Z,95.635,95.635,95.63,95.63,3334.0,95.6345,77
2026-09-25T11:45:00Z,95.635,95.635,95.63,95.63,197.0,95.632,10
2026-09-25T12:00:00Z,95.63,95.63,95.625,95.625,3288.0,95.6295,53
2026-09-25T12:15:00Z,95.625,95.63,95.625,95.63,3119.0,95.6295,93
2026-09-25T12:30:00Z,95.63,95.63,95.625,95.63,4980.0,95.63,152
2026-09-25T12:45:00Z,95.63,95.635,95.63,95.63,6000.0,95.63,114
2026-09-25T13:00:00Z,95.63,95.64,95.63,95.635,5125.0,95.6345,86
2026-09-25T13:15:00Z,95.64,95.64,95.63,95.635,13187.0,95.639,153
2026-09-25T13:30:00Z,95.635,95.64,95.63,95.635,6576.0,95.635,152
2026-09-25T13:45:00Z,95.635,95.64,95.63,95.63,2421.0,95.6355,62
2026-09-25T14:00:00Z,95.635,95.64,95.63,95.635,8958.0,95.6345,177
2026-09-25T14:15:00Z,95.635,95.635,95.63,95.63,1607.0,95.635,63
2026-09-25T14:30:00Z,95.63,95.635,95.63,95.635,526.0,95.631,74
2026-09-25T14:45:00Z,95.63,95.635,95.63,95.635,785.0,95.634,61
2026-09-25T15:00:00Z,95.63,95.635,95.63,95.63,543.0,95.6335,57
2026-09-25T15:15:00Z,95.63,95.635,95.63,95.63,868.0,95.6325,50
2026-09-25T15:30:00Z,95.635,95.64,95.635,95.635,5626.0,95.6365,120
2026-09-25T15:45:00Z,95.635,95.65,95.635,95.65,23179.0,95.641,351
2026-09-25T16:00:00Z,95.65,95.66,95.65,95.65,17863.0,95.654,447
2026-09-25T16:15:00Z,95.65,95.65,95.64,95.64,13154.0,95.6455,181
2026-09-25T16:30:00Z,95.645,95.645,95.635,95.64,4987.0,95.6405,117
2026-09-25T16:45:00Z,95.64,95.645,95.635,95.64,7928.0,95.64,111
2026-09-25T17:00:00Z,95.635,95.64,95.635,95.635,995.0,95.6375,28
2026-09-25T17:15:00Z,95.635,95.64,95.635,95.635,2418.0,95.6375,52
2026-09-25T17:30:00Z,95.64,95.64,95.63,95.635,7546.0,95.635,123
2026-09-25T17:45:00Z,95.635,95.64,95.635,95.64,155.0,95.637,28
2026-09-25T18:00:00Z,95.64,95.64,95.635,95.635,525.0,95.6375,66
2026-09-25T18:15:00Z,95.635,95.645,95.635,95.64,3314.0,95.6395,89
2026-09-25T18:30:00Z,95.64,95.645,95.64,95.645,5736.0,95.6445,53
2026-09-25T18:45:00Z,95.645,95.655,95.645,95.65,7121.0,95.6495,155
2026-09-25T19:00:00Z,95.65,95.655,95.65,95.655,4796.0,95.655,77
2026-09-25T19:15:00Z,95.655,95.655,95.65,95.65,17816.0,95.6535,87
2026-09-25T19:30:00Z,95.65,95.655,95.65,95.655,3496.0,95.6505,76
2026-09-25T19:45:00Z,95.65,95.655,95.65,95.655,595.0,95.6515,42
2026-09-25T20:00:00Z,95.655,95.655,95.65,95.65,3347.0,95.6505,96
2026-09-25T20:15:00Z,95.645,95.65,95.645,95.645,714.0,95.646,30
2026-09-25T20:30:00Z,95.645,95.65,95.645,95.645,652.0,95.6465,18
2026-09-25T20:45:00Z,95.645,95.655,95.645,95.655,4306.0,95.6505,47
2026-09-27T22:00:00Z,95.65,95.65,95.635,95.635,2306.0,95.637,85
2026-09-27T22:15:00Z,95.64,95.64,95.635,95.635,232.0,95.635,9
2026-09-27T22:30:00Z,95.635,95.635,95.635,95.635,843.0,95.635,7
2026-09-27T22:45:00Z,95.635,95.635,95.635,95.635,0.0,95.635,0
2026-09-27T23:00:00Z,95.635,95.635,95.635,95.635,117.0,95.635,2
2026-09-27T23:15:00Z,95.635,95.635,95.63,95.635,9.0,95.6315,3
2026-09-27T23:30:00Z,95.63,95.63,95.63,95.63,70.0,95.63,3
2026-09-27T23:45:00Z,95.635,95.635,95.63,95.63,7.0,95.6305,2
2026-09-28T00:00:00Z,95.63,95.63,95.63,95.63,0.0,95.63,0
2026-09-28T00:15:00Z,95.63,95.63,95.63,95.63,1343.0,95.63,28
2026-09-28T00:30:00Z,95.625,95.625,95.625,95.625,152.0,95.625,2
2026-09-28T00:45:00Z,95.63,95.63,95.63,95.63,6116.0,95.63,52
2026-09-28T01:00:00Z,95.625,95.63,95.625,95.63,2722.0,95.6295,25
2026-09-28T01:15:00Z,95.63,95.63,95.63,95.63,154.0,95.63,3
2026-09-28T01:30:00Z,95.63,95.63,95.63,95.63,0.0,95.63,0
2026-09-28T01:45:00Z,95.625,95.63,95.625,95.63,302.0,95.63,2
2026-09-28T02:00:00Z,95.625,95.625,95.625,95.625,723.0,95.625,15
2026-09-28T02:15:00Z,95.625,95.625,95.625,95.625,1084.0,95.625,16
2026-09-28T02:30:00Z,95.625,95.625,95.625,95.625,503.0,95.625,4
2026-09-28T02:45:00Z,95.625,95.625,95.625,95.625,1427.0,95.625,25
2026-09-28T03:00:00Z,95.625,95.625,95.625,95.625,84.0,95.625,1
2026-09-28T03:15:00Z,95.625,95.625,95.625,95.625,220.0,95.625,2
2026-09-28T03:30:00Z,95.625,95.625,95.625,95.625,1792.0,95.625,31
2026-09-28T03:45:00Z,95.625,95.625,95.625,95.625,519.0,95.625,22
2026-09-28T04:00:00Z,95.625,95.625,95.625,95.625,90.0,95.625,7
2026-09-28T04:15:00Z,95.625,95.625,95.625,95.625,0.0,95.625,0
2026-09-28T04:30:00Z,95.625,95.625,95.625,95.625,0.0,95.625,0
2026-09-28T04:45:00Z,95.625,95.625,95.625,95.625,328.0,95.625,10
2026-09-28T05:00:00Z,95.625,95.625,95.625,95.625,158.0,95.625,9
2026-09-28T05:15:00Z,95.625,95.625,95.625,95.625,642.0,95.625,4
2026-09-28T05:30:00Z,95.62,95.62,95.62,95.62,138.0,95.62,15
2026-09-28T05:45:00Z,95.62,95.625,95.62,95.625,2.0,95.6225,2
2026-09-28T06:00:00Z,95.625,95.625,95.625,95.625,1778.0,95.625,57
2026-09-28T06:15:00Z,95.62,95.62,95.62,95.62,804.0,95.62,55
2026-09-28T06:30:00Z,95.625,95.625,95.625,95.625,2818.0,95.625,31
2026-09-28T06:45:00Z,95.625,95.625,95.625,95.625,147.0,95.625,14
2026-09-28T07:00:00Z,95.625,95.625,95.62,95.62,399.0,95.6245,8
2026-09-28T07:15:00Z,95.62,95.625,95.62,95.62,1196.0,95.621,13
2026-09-28T07:30:00Z,95.625,95.625,95.62,95.62,1024.0,95.621,18
2026-09-28T07:45:00Z,95.62,95.62,95.62,95.62,928.0,95.62,24
2026-09-28T08:00:00Z,95.62,95.625,95.62,95.62,1030.0,95.6205,9
2026-09-28T08:15:00Z,95.625,95.625,95.625,95.625,2839.0,95.625,22
2026-09-28T08:30:00Z,95.625,95.625,95.625,95.625,1083.0,95.625,10
2026-09-28T08:45:00Z,95.625,95.625,95.62,95.62,1551.0,95.624,8
2026-09-28T09:00:00Z,95.62,95.625,95.62,95.62,2418.0,95.621,47
2026-09-28T09:15:00Z,95.62,95.625,95.62,95.625,2448.0,95.62,78
2026-09-28T09:30:00Z,95.625,95.625,95.625,95.625,0.0,95.625,0
2026-09-28T09:45:00Z,95.625,95.625,95.62,95.62,925.0,95.6245,7
2026-09-28T10:00:00Z,95.62,95.62,95.62,95.62,412.0,95.62,13
2026-09-28T10:15:00Z,95.62,95.62,95.62,95.62,316.0,95.62,7
2026-09-28T10:30:00Z,95.62,95.62,95.62,95.62,13.0,95.62,5
2026-09-28T10:45:00Z,95.625,95.63,95.625,95.625,5805.0,95.625,69
2026-09-28T11:00:00Z,95.63,95.63,95.62,95.625,685.0,95.624,13
2026-09-28T11:15:00Z,95.625,95.625,95.62,95.625,4656.0,95.625,76
2026-09-28T11:30:00Z,95.63,95.63,95.625,95.625,2229.0,95.625,14
2026-09-28T11:45:00Z,95.63,95.63,95.625,95.625,2538.0,95.6295,38
2026-09-28T12:00:00Z,95.63,95.635,95.625,95.635,8705.0,95.63,167
2026-09-28T12:15:00Z,95.63,95.635,95.625,95.63,3843.0,95.6295,63
2026-09-28T12:30:00Z,95.63,95.63,95.625,95.625,1440.0,95.6285,21
2026-09-28T12:45:00Z,95.63,95.635,95.625,95.63,25677.0,95.63,137
2026-09-28T13:00:00Z,95.63,95.63,95.62,95.63,6479.0,95.626,173
2026-09-28T13:15:00Z,95.625,95.625,95.62,95.62,4278.0,95.625,122
2026-09-28T13:30:00Z,95.625,95.63,95.62,95.63,4277.0,95.625,58
2026-09-28T13:45:00Z,95.625,95.63,95.62,95.63,5819.0,95.625,83
2026-09-28T14:00:00Z,95.625,95.625,95.62,95.625,6706.0,95.625,47
2026-09-28T14:15:00Z,95.62,95.625,95.62,95.625,4868.0,95.62,416
2026-09-28T14:30:00Z,95.62,95.625,95.61,95.615,8722.0,95.618,76
2026-09-28T14:45:00Z,95.61,95.61,95.6,95.61,37707.0,95.6085,318
2026-09-28T15:00:00Z,95.605,95.615,95.605,95.61,8797.0,95.6125,144
2026-09-28T15:15:00Z,95.615,95.62,95.61,95.615,9185.0,95.615,525
2026-09-28T15:30:00Z,95.615,95.615,95.6,95.6,7350.0,95.6065,103
2026-09-28T15:45:00Z,95.605,95.61,95.6,95.61,20695.0,95.605,54
2026-09-28T16:00:00Z,95.61,95.615,95.605,95.61,10537.0,95.61,86
2026-09-28T16:15:00Z,95.61,95.63,95.61,95.625,17319.0,95.6185,291
2026-09-28T16:30:00Z,95.625,95.625,95.61,95.615,5358.0,95.6175,136
2026-09-28T16:45:00Z,95.615,95.615,95.61,95.615,3883.0,95.614,52
2026-09-28T17:00:00Z,95.615,95.625,95.61,95.625,9108.0,95.6205,129
2026-09-28T17:15:00Z,95.625,95.63,95.62,95.625,10020.0,95.625,101
2026-09-28T17:30:00Z,95.62,95.625,95.62,95.62,1463.0,95.6235,16
2026-09-28T17:45:00Z,95.62,95.62,95.62,95.62,1895.0,95.62,47
2026-09-28T18:00:00Z,95.62,95.625,95.62,95.62,1858.0,95.62,25
2026-09-28T18:15:00Z,95.62,95.62,95.615,95.62,2835.0,95.6195,40
2026-09-28T18:30:00Z,95.615,95.62,95.61,95.62,6732.0,95.615,78
2026-09-28T18:45:00Z,95.62,95.62,95.61,95.615,4743.0,95.615,192
2026-09-28T19:00:00Z,95.61,95.615,95.61,95.61,617.0,95.6105,18
2026-09-28T19:15:00Z,95.615,95.615,95.61,95.615,5047.0,95.615,52
2026-09-28T19:30:00Z,95.615,95.62,95.61,95.615,1661.0,95.615,37
2026-09-28T19:45:00Z,95.61,95.62,95.61,95.615,2391.0,95.614,40
2026-09-28T20:00:00Z,95.615,95.615,95.61,95.615,3576.0,95.615,94
2026-09-28T20:15:00Z,95.615,95.62,95.615,95.615,1849.0,95.6155,40
2026-09-28T20:30:00Z,95.62,95.62,95.615,95.62,411.0,95.619,22
2026-09-28T20:45:00Z,95.615,95.62,95.615,95.615,632.0,95.617,31
2026-09-28T22:00:00Z,95.615,95.62,95.615,95.62,40.0,95.6155,4
2026-09-28T22:15:00Z,95.62,95.62,95.62,95.62,0.0,95.62,0
2026-09-28T22:30:00Z,95.62,95.62,95.62,95.62,11.0,95.62,1
2026-09-28T22:45:00Z,95.62,95.62,95.62,95.62,0.0,95.62,0
2026-09-28T23:00:00Z,95.62,95.62,95.62,95.62,3.0,95.62,1
2026-09-28T23:15:00Z,95.62,95.625,95.62,95.625,636.0,95.62,14
2026-09-28T23:30:00Z,95.625,95.625,95.625,95.625,0.0,95.625,0
2026-09-28T23:45:00Z,95.62,95.62,95.62,95.62,710.0,95.62,4
2026-09-29T00:00:00Z,95.62,95.62,95.62,95.62,1.0,95.62,1
2026-09-29T00:15:00Z,95.615,95.62,95.615,95.62,535.0,95.615,14
2026-09-29T00:30:00Z,95.62,95.62,95.62,95.62,1.0,95.62,1
2026-09-29T00:45:00Z,95.62,95.62,95.62,95.62,0.0,95.62,0
2026-09-29T01:00:00Z,95.62,95.62,95.62,95.62,907.0,95.62,20
2026-09-29T01:15:00Z,95.62,95.62,95.62,95.62,524.0,95.62,16
2026-09-29T01:30:00Z,95.62,95.62,95.615,95.615,25.0,95.619,5
2026-09-29T01:45:00Z,95.615,95.615,95.615,95.615,328.0,95.615,4
2026-09-29T02:00:00Z,95.615,95.615,95.615,95.615,70.0,95.615,2
2026-09-29T02:15:00Z,95.615,95.615,95.615,95.615,244.0,95.615,3
2026-09-29T02:30:00Z,95.615,95.615,95.615,95.615,41.0,95.615,6
2026-09-29T02:45:00Z,95.615,95.615,95.615,95.615,1270.0,95.615,22
2026-09-29T03:00:00Z,95.615,95.615,95.615,95.615,20.0,95.615,1
2026-09-29T03:15:00Z,95.615,95.615,95.615,95.615,150.0,95.615,1
2026-09-29T03:30:00Z,95.61,95.61,95.61,95.61,542.0,95.61,6
2026-09-29T03:45:00Z,95.61,95.61,95.61,95.61,1117.0,95.61,18
2026-09-29T04:00:00Z,95.605,95.61,95.605,95.61,7.0,95.6055,2
2026-09-29T04:15:00Z,95.61,95.61,95.61,95.61,0.0,95.61,0
2026-09-29T04:30:00Z,95.605,95.605,95.605,95.605,213.0,95.605,7
2026-09-29T04:45:00Z,95.605,95.605,95.605,95.605,21.0,95.605,2
2026-09-29T05:00:00Z,95.605,95.605,95.605,95.605,4.0,95.605,1
2026-09-29T05:15:00Z,95.605,95.605,95.605,95.605,0.0,95.605,0
2026-09-29T05:30:00Z,95.605,95.61,95.605,95.605,2349.0,95.605,33
2026-09-29T05:45:00Z,95.61,95.615,95.61,95.61,1174.0,95.61,407
2026-09-29T06:00:00Z,95.615,95.615,95.615,95.615,1135.0,95.615,13
2026-09-29T06:15:00Z,95.615,95.615,95.61,95.61,225.0,95.61,4
2026-09-29T06:30:00Z,95.61,95.61,95.61,95.61,2465.0,95.61,38
2026-09-29T06:45:00Z,95.61,95.61,95.61,95.61,5.0,95.61,2
2026-09-29T07:00:00Z,95.605,95.61,95.605,95.61,2449.0,95.6095,31
2026-09-29T07:15:00Z,95.61,95.615,95.61,95.61,1647.0,95.61,42
2026-09-29T07:30:00Z,95.615,95.62,95.61,95.61,2574.0,95.615,29
2026-09-29T07:45:00Z,95.61,95.615,95.61,95.615,106.0,95.6105,3
2026-09-29T08:00:00Z,95.61,95.61,95.61,95.61,1630.0,95.61,81
2026-09-29T08:15:00Z,95.61,95.61,95.61,95.61,3478.0,95.61,71
2026-09-29T08:30:00Z,95.61,95.61,95.605,95.605,1994.0,95.606,31
2026-09-29T08:45:00Z,95.6,95.605,95.6,95.605,4931.0,95.6045,34
2026-09-29T09:00:00Z,95.605,95.605,95.605,95.605,2608.0,95.605,36
2026-09-29T09:15:00Z,95.6,95.605,95.6,95.605,2363.0,95.605,46
2026-09-29T09:30:00Z,95.605,95.61,95.605,95.61,1633.0,95.609,31
2026-09-29T09:45:00Z,95.61,95.61,95.61,95.61,1139.0,95.61,43
2026-09-29T10:00:00Z,95.61,95.615,95.61,95.61,626.0,95.61,37
2026-09-29T10:15:00Z,95.61,95.615,95.61,95.615,1286.0,95.61,13
2026-09-29T10:30:00Z,95.61,95.615,95.61,95.615,221.0,95.61,3
2026-09-29T10:45:00Z,95.61,95.62,95.61,95.62,6369.0,95.6165,138
2026-09-29T11:00:00Z,95.62,95.625,95.62,95.62,2324.0,95.62,101
2026-09-29T11:15:00Z,95.62,95.625,95.615,95.62,4010.0,95.62,102
2026-09-29T11:30:00Z,95.62,95.62,95.615,95.62,3685.0,95.62,94
2026-09-29T11:45:00Z,95.62,95.625,95.62,95.62,2895.0,95.62,92
2026-09-29T12:00:00Z,95.62,95.625,95.62,95.62,4045.0,95.621,27
2026-09-29T12:15:00Z,95.62,95.625,95.62,95.62,5049.0,95.6205,78
2026-09-29T12:30:00Z,95.62,95.625,95.615,95.62,4053.0,95.6195,73
2026-09-29T12:45:00Z,95.62,95.62,95.615,95.615,1995.0,95.6175,37
2026-09-29T13:00:00Z,95.615,95.615,95.61,95.615,4117.0,95.615,59
2026-09-29T13:15:00Z,95.615,95.615,95.61,95.61,1698.0,95.61,44
2026-09-29T13:30:00Z,95.61,95.615,95.605,95.605,7272.0,95.61,134
2026-09-29T13:45:00Z,95.61,95.62,95.61,95.615,26587.0,95.613,251
2026-09-29T14:00:00Z,95.62,95.625,95.615,95.62,20117.0,95.6205,405
2026-09-29T14:15:00Z,95.62,95.625,95.62,95.625,5792.0,95.6245,162
2026-09-29T14:30:00Z,95.625,95.625,95.62,95.625,2179.0,95.6235,61
2026-09-29T14:45:00Z,95.625,95.625,95.62,95.625,2632.0,95.6235,55
2026-09-29T15:00:00Z,95.625,95.625,95.615,95.62,6998.0,95.6205,96
2026-09-29T15:15:00Z,95.62,95.62,95.61,95.62,10203.0,95.615,149
2026-09-29T15:30:00Z,95.62,95.62,95.615,95.615,4575.0,95.616,63
2026-09-29T15:45:00Z,95.615,95.62,95.61,95.615,7921.0,95.615,127
2026-09-29T16:00:00Z,95.62,95.62,95.61,95.615,3562.0,95.6155,127
2026-09-29T16:15:00Z,95.615,95.62,95.615,95.615,755.0,95.617,45
2026-09-29T16:30:00Z,95.62,95.62,95.61,95.615,4953.0,95.6155,49
2026-09-29T16:45:00Z,95.615,95.62,95.61,95.62,3092.0,95.615,86
2026-09-29T17:00:00Z,95.615,95.62,95.615,95.615,477.0,95.616,20
2026-09-29T17:15:00Z,95.62,95.62,95.615,95.62,3781.0,95.615,45
2026-09-29T17:30:00Z,95.615,95.62,95.615,95.615,2705.0,95.615,37
2026-09-29T17:45:00Z,95.62,95.62,95.615,95.615,151.0,95.615,9
2026-09-29T18:00:00Z,95.62,95.665,95.615,95.645,69762.0,95.642,804
2026-09-29T18:15:00Z,95.645,95.665,95.645,95.665,60016.0,95.6595,283
2026-09-29T18:30:00Z,95.66,95.67,95.66,95.665,26308.0,95.662,310
2026-09-29T18:45:00Z,95.66,95.665,95.655,95.66,7705.0,95.662,151
2026-09-29T19:00:00Z,95.66,95.665,95.66,95.665,2643.0,95.664,57
2026-09-29T19:15:00Z,95.66,95.665,95.66,95.665,3786.0,95.664,33
2026-09-29T19:30:00Z,95.66,95.665,95.66,95.66,6821.0,95.66,68
2026-09-29T19:45:00Z,95.66,95.665,95.66,95.665,6358.0,95.6645,83
2026-09-29T20:00:00Z,95.67,95.67,95.665,95.665,4954.0,95.665,60
2026-09-29T20:15:00Z,95.665,95.675,95.665,95.67,5299.0,95.67,122
2026-09-29T20:30:00Z,95.67,95.675,95.665,95.675,8069.0,95.6725,188
2026-09-29T20:45:00Z,95.67,95.675,95.67,95.675,988.0,95.6735,43
2026-09-29T22:00:00Z,95.675,95.68,95.675,95.68,44.0,95.6765,9
2026-09-29T22:15:00Z,95.675,95.68,95.675,95.675,1058.0,95.675,8
2026-09-29T22:30:00Z,95.67,95.67,95.67,95.67,7.0,95.67,1
2026-09-29T22:45:00Z,95.67,95.67,95.67,95.67,407.0,95.67,6
2026-09-29T23:00:00Z,95.67,95.67,95.67,95.67,0.0,95.67,0
2026-09-29T23:15:00Z,95.665,95.665,95.665,95.665,20.0,95.665,5
2026-09-29T23:30:00Z,95.665,95.665,95.66,95.665,1075.0,95.6645,18
2026-09-29T23:45:00Z,95.665,95.665,95.665,95.665,44.0,95.665,12
2026-09-30T00:00:00Z,95.665,95.67,95.66,95.665,5218.0,95.665,245
2026-09-30T00:15:00Z,95.665,95.665,95.66,95.66,1205.0,95.665,36
2026-09-30T00:30:00Z,95.665,95.665,95.66,95.665,116.0,95.6605,5
2026-09-30T00:45:00Z,95.665,95.665,95.665,95.665,0.0,95.665,0
2026-09-30T01:00:00Z,95.66,95.66,95.66,95.66,1332.0,95.66,16
2026-09-30T01:15:00Z,95.665,95.665,95.66,95.66,10.0,95.664,2
2026-09-30T01:30:00Z,95.665,95.665,95.665,95.665,1139.0,95.665,5
2026-09-30T01:45:00Z,95.665,95.665,95.665,95.665,172.0,95.665,2
2026-09-30T02:00:00Z,95.665,95.665,95.665,95.665,2656.0,95.665,32
2026-09-30T02:15:00Z,95.665,95.665,95.665,95.665,258.0,95.665,11
2026-09-30T02:30:00Z,95.665,95.665,95.665,95.665,765.0,95.665,7
2026-09-30T02:45:00Z,95.665,95.665,95.665,95.665,50.0,95.665,1
2026-09-30T03:00:00Z,95.665,95.665,95.665,95.665,452.0,95.665,10
2026-09-30T03:15:00Z,95.665,95.665,95.665,95.665,945.0,95.665,33
2026-09-30T03:30:00Z,95.665,95.665,95.665,95.665,0.0,95.665,0
2026-09-30T03:45:00Z,95.665,95.665,95.665,95.665,0.0,95.665,0
2026-09-30T04:00:00Z,95.665,95.665,95.665,95.665,0.0,95.665,0
2026-09-30T04:15:00Z,95.665,95.665,95.665,95.665,260.0,95.665,16
2026-09-30T04:30:00Z,95.665,95.665,95.66,95.665,1767.0,95.665,32
2026-09-30T04:45:00Z,95.665,95.665,95.665,95.665,170.0,95.665,8
2026-09-30T05:00:00Z,95.665,95.665,95.665,95.665,133.0,95.665,3
2026-09-30T05:15:00Z,95.665,95.665,95.665,95.665,199.0,95.665,5
2026-09-30T05:30:00Z,95.665,95.67,95.665,95.67,5981.0,95.6695,50
2026-09-30T05:45:00Z,95.67,95.67,95.67,95.67,1422.0,95.67,22
2026-09-30T06:00:00Z,95.67,95.675,95.67,95.675,339.0,95.6735,9
2026-09-30T06:15:00Z,95.67,95.675,95.665,95.67,2189.0,95.67,25
2026-09-30T06:30:00Z,95.67,95.67,95.67,95.67,2438.0,95.67,12
2026-09-30T06:45:00Z,95.67,95.67,95.67,95.67,60.0,95.67,1
2026-09-30T07:00:00Z,95.67,95.68,95.67,95.68,2394.0,95.6745,37
2026-09-30T07:15:00Z,95.68,95.68,95.675,95.68,3274.0,95.68,80
2026-09-30T07:30:00Z,95.675,95.68,95.675,95.68,212.0,95.68,3
2026-09-30T07:45:00Z,95.675,95.68,95.675,95.68,1694.0,95.6755,55
2026-09-30T08:00:00Z,95.675,95.685,95.675,95.68,1539.0,95.6795,44
2026-09-30T08:15:00Z,95.68,95.685,95.68,95.68,523.0,95.68,16
2026-09-30T08:30:00Z,95.685,95.685,95.675,95.68,4439.0,95.68,44
2026-09-30T08:45:00Z,95.685,95.685,95.68,95.685,4250.0,95.6825,58
2026-09-30T09:00:00Z,95.685,95.685,95.675,95.675,2337.0,95.68,49
2026-09-30T09:15:00Z,95.675,95.68,95.675,95.68,1656.0,95.6795,23
2026-09-30T09:30:00Z,95.68,95.68,95.675,95.68,633.0,95.68,20
2026-09-30T09:45:00Z,95.68,95.68,95.68,95.68,1025.0,95.68,18
2026-09-30T10:00:00Z,95.68,95.685,95.68,95.68,4784.0,95.685,47
2026-09-30T10:15:00Z,95.68,95.685,95.68,95.685,8700.0,95.681,67
2026-09-30T10:30:00Z,95.685,95.69,95.685,95.69,2673.0,95.685,56
2026-09-30T10:45:00Z,95.685,95.685,95.68,95.685,6251.0,95.685,136
2026-09-30T11:00:00Z,95.685,95.685,95.68,95.68,2018.0,95.685,4
2026-09-30T11:15:00Z,95.685,95.69,95.68,95.69,2811.0,95.685,23
2026-09-30T11:30:00Z,95.69,95.695,95.685,95.69,5451.0,95.69,61
2026-09-30T11:45:00Z,95.69,95.69,95.68,95.685,9143.0,95.686,178
2026-09-30T12:00:00Z,95.685,95.69,95.68,95.685,15044.0,95.684,89
2026-09-30T12:15:00Z,95.68,95.685,95.67,95.685,37018.0,95.678,266
2026-09-30T12:30:00Z,95.685,95.72,95.68,95.705,89127.0,95.709,816
2026-09-30T12:45:00Z,95.71,95.715,95.7,95.705,18277.0,95.7085,357
2026-09-30T13:00:00Z,95.705,95.715,95.705,95.705,16810.0,95.7095,330
2026-09-30T13:15:00Z,95.71,95.71,95.7,95.705,14616.0,95.7055,350
2026-09-30T13:30:00Z,95.705,95.71,95.7,95.705,8744.0,95.705,128
2026-09-30T13:45:00Z,95.705,95.71,95.7,95.705,10510.0,95.707,118
2026-09-30T14:00:00Z,95.705,95.71,95.7,95.705,8413.0,95.705,136
2026-09-30T14:15:00Z,95.705,95.705,95.695,95.695,8317.0,95.7005,106
2026-09-30T14:30:00Z,95.695,95.71,95.695,95.71,36888.0,95.7045,107
2026-09-30T14:45:00Z,95.71,95.71,95.7,95.705,7271.0,95.707,131
2026-09-30T15:00:00Z,95.705,95.705,95.7,95.7,4386.0,95.701,155
2026-09-30T15:15:00Z,95.7,95.705,95.695,95.695,7990.0,95.6975,110
2026-09-30T15:30:00Z,95.7,95.7,95.685,95.69,11089.0,95.6915,112
2026-09-30T15:45:00Z,95.69,95.695,95.685,95.695,3876.0,95.6905,54
2026-09-30T16:00:00Z,95.695,95.7,95.69,95.695,10719.0,95.695,131
2026-09-30T16:15:00Z,95.695,95.695,95.685,95.69,32907.0,95.69,45
2026-09-30T16:30:00Z,95.685,95.69,95.685,95.69,148.0,95.689,10
2026-09-30T16:45:00Z,95.69,95.69,95.685,95.69,1786.0,95.6885,13
2026-09-30T17:00:00Z,95.685,95.69,95.685,95.685,14297.0,95.685,130
2026-09-30T17:15:00Z,95.685,95.69,95.685,95.69,734.0,95.688,13
2026-09-30T17:30:00Z,95.685,95.695,95.685,95.69,6391.0,95.6895,44
2026-09-30T17:45:00Z,95.69,95.695,95.685,95.695,4927.0,95.691,129
2026-09-30T18:00:00Z,95.695,95.695,95.69,95.69,1510.0,95.6935,160
2026-09-30T18:15:00Z,95.69,95.705,95.69,95.705,8520.0,95.6975,178
2026-09-30T18:30:00Z,95.7,95.7,95.695,95.695,4369.0,95.6975,118
2026-09-30T18:45:00Z,95.7,95.7,95.695,95.7,3178.0,95.699,133
2026-09-30T19:00:00Z,95.695,95.7,95.695,95.7,4303.0,95.7,42
2026-09-30T19:15:00Z,95.7,95.71,95.695,95.695,19816.0,95.7015,81
2026-09-30T19:30:00Z,95.7,95.705,95.7,95.7,14656.0,95.7,256
2026-09-30T19:45:00Z,95.7,95.705,95.7,95.705,3233.0,95.704,63
2026-09-30T20:00:00Z,95.705,95.705,95.695,95.695,8536.0,95.7,141
2026-09-30T20:15:00Z,95.7,95.7,95.695,95.695,368.0,95.699,9
2026-09-30T20:30:00Z,95.695,95.7,95.695,95.7,507.0,95.698,43
2026-09-30T20:45:00Z,95.695,95.705,95.695,95.7,4957.0,95.7,62
2026-09-30T22:00:00Z,95.7,95.7,95.7,95.7,827.0,95.7,16
2026-09-30T22:15:00Z,95.7,95.7,95.695,95.695,26.0,95.7,3
2026-09-30T22:30:00Z,95.7,95.7,95.7,95.7,5.0,95.7,3
2026-09-30T22:45:00Z,95.7,95.705,95.7,95.7,596.0,95.7,15
2026-09-30T23:00:00Z,95.7,95.7,95.7,95.7,0.0,95.7,0
2026-09-30T23:15:00Z,95.705,95.705,95.7,95.705,3294.0,95.705,13
2026-09-30T23:30:00Z,95.705,95.705,95.705,95.705,157.0,95.705,2
2026-09-30T23:45:00Z,95.705,95.705,95.705,95.705,1080.0,95.705,9
2026-10-01T00:00:00Z,95.705,95.705,95.705,95.705,3439.0,95.705,42
2026-10-01T00:15:00Z,95.705,95.705,95.705,95.705,0.0,95.705,0
2026-10-01T00:30:00Z,95.7,95.7,95.7,95.7,1098.0,95.7,32
2026-10-01T00:45:00Z,95.7,95.7,95.7,95.7,759.0,95.7,27
2026-10-01T01:00:00Z,95.705,95.705,95.705,95.705,272.0,95.705,24
2026-10-01T01:15:00Z,95.705,95.705,95.7,95.705,43.0,95.704,5
2026-10-01T01:30:00Z,95.705,95.705,95.705,95.705,0.0,95.705,0
2026-10-01T01:45:00Z,95.7,95.7,95.7,95.7,194.0,95.7,6
2026-10-01T02:00:00Z,95.7,95.7,95.7,95.7,550.0,95.7,3
2026-10-01T02:15:00Z,95.7,95.705,95.7,95.705,393.0,95.7,5
2026-10-01T02:30:00Z,95.705,95.705,95.705,95.705,0.0,95.705,0
2026-10-01T02:45:00Z,95.705,95.705,95.705,95.705,15.0,95.705,7
2026-10-01T03:00:00Z,95.705,95.705,95.705,95.705,0.0,95.705,0
2026-10-01T03:15:00Z,95.705,95.705,95.705,95.705,26.0,95.705,2
2026-10-01T03:30:00Z,95.705,95.705,95.705,95.705,861.0,95.705,11
2026-10-01T03:45:00Z,95.705,95.705,95.705,95.705,322.0,95.705,11
2026-10-01T04:00:00Z,95.705,95.705,95.705,95.705,1560.0,95.705,32
2026-10-01T04:15:00Z,95.705,95.705,95.705,95.705,221.0,95.705,9
2026-10-01T04:30:00Z,95.705,95.705,95.705,95.705,10.0,95.705,1
2026-10-01T04:45:00Z,95.71,95.71,95.71,95.71,86.0,95.71,1
2026-10-01T05:00:00Z,95.705,95.705,95.7,95.7,701.0,95.705,4
2026-10-01T05:15:00Z,95.705,95.705,95.7,95.705,82.0,95.705,3
2026-10-01T05:30:00Z,95.705,95.705,95.705,95.705,270.0,95.705,9
2026-10-01T05:45:00Z,95.705,95.705,95.705,95.705,400.0,95.705,2
2026-10-01T06:00:00Z,95.705,95.705,95.7,95.7,289.0,95.7,21
2026-10-01T06:15:00Z,95.7,95.7,95.695,95.7,1164.0,95.7,50
2026-10-01T06:30:00Z,95.695,95.695,95.69,95.69,448.0,95.695,9
2026-10-01T06:45:00Z,95.69,95.695,95.69,95.695,1999.0,95.695,22
2026-10-01T07:00:00Z,95.69,95.69,95.685,95.685,2420.0,95.689,55
2026-10-01T07:15:00Z,95.685,95.685,95.68,95.685,2098.0,95.685,40
2026-10-01T07:30:00Z,95.68,95.69,95.68,95.69,10375.0,95.685,108
2026-10-01T07:45:00Z,95.69,95.69,95.69,95.69,2218.0,95.69,89
2026-10-01T08:00:00Z,95.69,95.695,95.69,95.69,3047.0,95.69,40
2026-10-01T08:15:00Z,95.69,95.695,95.69,95.69,5273.0,95.69,65
2026-10-01T08:30:00Z,95.69,95.695,95.69,95.69,2397.0,95.69,28
2026-10-01T08:45:00Z,95.685,95.69,95.685,95.69,2538.0,95.689,46
2026-10-01T09:00:00Z,95.69,95.695,95.69,95.69,1708.0,95.69,36
2026-10-01T09:15:00Z,95.695,95.695,95.695,95.695,1388.0,95.695,7
2026-10-01T09:30:00Z,95.695,95.695,95.69,95.69,1895.0,95.6945,15
2026-10-01T09:45:00Z,95.695,95.695,95.695,95.695,704.0,95.695,2
2026-10-01T10:00:00Z,95.695,95.695,95.695,95.695,254.0,95.695,3
2026-10-01T10:15:00Z,95.695,95.695,95.69,95.695,10914.0,95.695,162
2026-10-01T10:30:00Z,95.7,95.7,95.7,95.7,1256.0,95.7,27
2026-10-01T10:45:00Z,95.7,95.705,95.695,95.7,4926.0,95.7,74
2026-10-01T11:00:00Z,95.7,95.7,95.695,95.7,863.0,95.7,14
2026-10-01T11:15:00Z,95.7,95.7,95.695,95.695,3947.0,95.696,33
2026-10-01T11:30:00Z,95.695,95.71,95.695,95.71,8957.0,95.7035,128
2026-10-01T11:45:00Z,95.71,95.71,95.705,95.705,6553.0,95.71,167
2026-10-01T12:00:00Z,95.705,95.71,95.7,95.705,5757.0,95.705,182
2026-10-01T12:15:00Z,95.705,95.71,95.7,95.705,8203.0,95.7055,534
2026-10-01T12:30:00Z,95.7,95.71,95.7,95.71,3811.0,95.7085,56
2026-10-01T12:45:00Z,95.705,95.71,95.705,95.705,477.0,95.7085,15
2026-10-01T13:00:00Z,95.705,95.71,95.705,95.705,7184.0,95.705,170
2026-10-01T13:15:00Z,95.705,95.71,95.7,95.705,2784.0,95.7045,44
2026-10-01T13:30:00Z,95.705,95.72,95.705,95.715,51437.0,95.713,290
2026-10-01T13:45:00Z,95.72,95.725,95.72,95.72,43197.0,95.7215,503
2026-10-01T14:00:00Z,95.72,95.725,95.705,95.71,26934.0,95.7125,415
2026-10-01T14:15:00Z,95.71,95.725,95.71,95.725,16657.0,95.717,181
2026-10-01T14:30:00Z,95.725,95.735,95.72,95.73,24763.0,95.729,476
2026-10-01T14:45:00Z,95.73,95.74,95.73,95.735,65821.0,95.736,452
2026-10-01T15:00:00Z,95.735,95.745,95.73,95.745,18712.0,95.7355,219
2026-10-01T15:15:00Z,95.745,95.755,95.74,95.75,21897.0,95.7495,312
2026-10-01T15:30:00Z,95.75,95.775,95.745,95.77,49701.0,95.7595,516
2026-10-01T15:45:00Z,95.77,95.775,95.76,95.765,37357.0,95.7695,657
2026-10-01T16:00:00Z,95.765,95.775,95.76,95.77,15103.0,95.7675,294
2026-10-01T16:15:00Z,95.77,95.77,95.755,95.76,14721.0,95.7635,386
2026-10-01T16:30:00Z,95.76,95.765,95.76,95.765,10336.0,95.7625,191
2026-10-01T16:45:00Z,95.765,95.765,95.755,95.755,9116.0,95.7605,411
2026-10-01T17:00:00Z,95.76,95.775,95.76,95.775,14238.0,95.767,270
2026-10-01T17:15:00Z,95.77,95.79,95.77,95.775,22237.0,95.7795,372
2026-10-01T17:30:00Z,95.775,95.815,95.775,95.78,58739.0,95.794,1199
2026-10-01T17:45:00Z,95.78,95.785,95.76,95.76,16143.0,95.774,275
2026-10-01T18:00:00Z,95.76,95.765,95.76,95.765,10125.0,95.7615,178
2026-10-01T18:15:00Z,95.765,95.775,95.765,95.775,2096.0,95.7735,42
2026-10-01T18:30:00Z,95.77,95.78,95.77,95.78,6012.0,95.7785,88
2026-10-01T18:45:00Z,95.775,95.785,95.775,95.78,4148.0,95.779,163
2026-10-01T19:00:00Z,95.775,95.78,95.77,95.77,9411.0,95.7745,145
2026-10-01T19:15:00Z,95.77,95.77,95.76,95.77,6956.0,95.767,133
2026-10-01T19:30:00Z,95.77,95.77,95.765,95.77,3029.0,95.7675,57
2026-10-01T19:45:00Z,95.77,95.78,95.765,95.775,16814.0,95.775,163
2026-10-01T20:00:00Z,95.775,95.78,95.77,95.78,7717.0,95.775,138
2026-10-01T20:15:00Z,95.775,95.78,95.77,95.77,2222.0,95.7755,85
2026-10-01T20:30:00Z,95.77,95.775,95.77,95.775,922.0,95.774,26
2026-10-01T20:45:00Z,95.775,95.775,95.765,95.77,5920.0,95.7695,188
2026-10-01T22:00:00Z,95.765,95.77,95.765,95.765,1394.0,95.766,52
2026-10-01T22:15:00Z,95.765,95.765,95.765,95.765,50.0,95.765,1
2026-10-01T22:30:00Z,95.765,95.77,95.765,95.77,186.0,95.765,34
2026-10-01T22:45:00Z,95.77,95.77,95.77,95.77,0.0,95.77,0
2026-10-01T23:00:00Z,95.77,95.77,95.77,95.77,0.0,95.77,0
2026-10-01T23:15:00Z,95.77,95.77,95.77,95.77,0.0,95.77,0
2026-10-01T23:30:00Z,95.77,95.77,95.765,95.765,1366.0,95.7695,31
2026-10-01T23:45:00Z,95.77,95.77,95.77,95.77,365.0,95.77,10
2026-10-02T00:00:00Z,95.77,95.775,95.77,95.775,617.0,95.775,38
2026-10-02T00:15:00Z,95.775,95.78,95.775,95.775,1791.0,95.775,44
2026-10-02T00:30:00Z,95.775,95.775,95.775,95.775,378.0,95.775,22
2026-10-02T00:45:00Z,95.775,95.775,95.77,95.77,698.0,95.771,18
2026-10-02T01:00:00Z,95.77,95.77,95.765,95.765,566.0,95.7695,16
2026-10-02T01:15:00Z,95.765,95.77,95.765,95.77,21.0,95.768,3
2026-10-02T01:30:00Z,95.77,95.77,95.765,95.765,1042.0,95.77,26
2026-10-02T01:45:00Z,95.77,95.77,95.765,95.765,73.0,95.7665,3
2026-10-02T02:00:00Z,95.77,95.77,95.77,95.77,1373.0,95.77,52
2026-10-02T02:15:00Z,95.77,95.77,95.77,95.77,824.0,95.77,13
2026-10-02T02:30:00Z,95.77,95.77,95.77,95.77,135.0,95.77,10
2026-10-02T02:45:00Z,95.77,95.77,95.77,95.77,567.0,95.77,10
2026-10-02T03:00:00Z,95.77,95.77,95.77,95.77,290.0,95.77,11
2026-10-02T03:15:00Z,95.77,95.775,95.77,95.775,2.0,95.7725,2
2026-10-02T03:30:00Z,95.775,95.775,95.77,95.77,1265.0,95.7745,4
2026-10-02T03:45:00Z,95.77,95.77,95.77,95.77,0.0,95.77,0
2026-10-02T04:00:00Z,95.775,95.775,95.775,95.775,1022.0,95.775,4
2026-10-02T04:15:00Z,95.775,95.775,95.77,95.775,842.0,95.7745,16
2026-10-02T04:30:00Z,95.775,95.775,95.77,95.77,182.0,95.7745,3
2026-10-02T04:45:00Z,95.77,95.77,95.77,95.77,47.0,95.77,3
2026-10-02T05:00:00Z,95.77,95.775,95.77,95.775,4398.0,95.775,18
2026-10-02T05:15:00Z,95.775,95.775,95.775,95.775,2383.0,95.775,26
2026-10-02T05:30:00Z,95.77,95.77,95.77,95.77,263.0,95.77,5
2026-10-02T05:45:00Z,95.77,95.77,95.77,95.77,856.0,95.77,23
2026-10-02T06:00:00Z,95.77,95.785,95.77,95.785,3638.0,95.777,46
2026-10-02T06:15:00Z,95.78,95.78,95.78,95.78,5453.0,95.78,52
2026-10-02T06:30:00Z,95.775,95.775,95.77,95.775,1276.0,95.775,13
2026-10-02T06:45:00Z,95.77,95.775,95.77,95.77,585.0,95.7725,12
2026-10-02T07:00:00Z,95.77,95.775,95.765,95.77,5440.0,95.77,80
2026-10-02T07:15:00Z,95.765,95.765,95.76,95.76,1690.0,95.765,46
2026-10-02T07:30:00Z,95.76,95.77,95.76,95.77,1808.0,95.767,66
2026-10-02T07:45:00Z,95.77,95.785,95.765,95.78,14687.0,95.774,384
2026-10-02T08:00:00Z,95.775,95.775,95.77,95.775,2675.0,95.775,176
2026-10-02T08:15:00Z,95.78,95.78,95.77,95.77,5357.0,95.772,84
2026-10-02T08:30:00Z,95.77,95.77,95.765,95.77,2248.0,95.77,43
2026-10-02T08:45:00Z,95.77,95.775,95.765,95.775,5628.0,95.771,293
2026-10-02T09:00:00Z,95.775,95.78,95.77,95.78,3219.0,95.7755,110
2026-10-02T09:15:00Z,95.78,95.78,95.775,95.78,5064.0,95.78,109
2026-10-02T09:30:00Z,95.78,95.78,95.775,95.775,720.0,95.78,34
2026-10-02T09:45:00Z,95.78,95.785,95.775,95.785,3126.0,95.783,115
2026-10-02T10:00:00Z,95.78,95.785,95.775,95.78,2876.0,95.78,79
2026-10-02T10:15:00Z,95.78,95.78,95.78,95.78,3840.0,95.78,50
2026-10-02T10:30:00Z,95.78,95.78,95.775,95.78,2796.0,95.78,45
2026-10-02T10:45:00Z,95.775,95.775,95.765,95.77,4563.0,95.7725,73
2026-10-02T11:00:00Z,95.775,95.785,95.77,95.78,9599.0,95.777,110
2026-10-02T11:15:00Z,95.785,95.785,95.78,95.785,6094.0,95.7825,221
2026-10-02T11:30:00Z,95.78,95.79,95.775,95.79,17169.0,95.7855,232
2026-10-02T11:45:00Z,95.79,95.795,95.79,95.795,14044.0,95.794,248
2026-10-02T12:00:00Z,95.79,95.795,95.78,95.785,6763.0,95.7865,179
2026-10-02T12:15:00Z,95.785,95.795,95.775,95.795,23158.0,95.781,468
2026-10-02T12:30:00Z,95.81,95.86,95.8,95.81,64879.0,95.8225,1347
2026-10-02T12:45:00Z,95.81,95.815,95.805,95.81,25584.0,95.808,417
2026-10-02T13:00:00Z,95.805,95.815,95.795,95.8,31801.0,95.8055,447
2026-10-02T13:15:00Z,95.795,95.8,95.79,95.795,10963.0,95.794,227
2026-10-02T13:30:00Z,95.795,95.795,95.785,95.785,7967.0,95.7925,232
2026-10-02T13:45:00Z,95.785,95.79,95.78,95.785,7117.0,95.786,245
2026-10-02T14:00:00Z,95.785,95.79,95.78,95.785,8413.0,95.783,306
2026-10-02T14:15:00Z,95.785,95.79,95.78,95.785,7325.0,95.785,320
2026-10-02T14:30:00Z,95.785,95.785,95.775,95.785,6194.0,95.7795,162
2026-10-02T14:45:00Z,95.78,95.78,95.76,95.765,13949.0,95.773,336
2026-10-02T15:00:00Z,95.765,95.775,95.76,95.775,11673.0,95.77,251
2026-10-02T15:15:00Z,95.775,95.78,95.77,95.775,6680.0,95.775,339
2026-10-02T15:30:00Z,95.775,95.78,95.77,95.77,3783.0,95.772,88
2026-10-02T15:45:00Z,95.765,95.77,95.76,95.765,4740.0,95.7625,123
2026-10-02T16:00:00Z,95.765,95.77,95.76,95.765,11524.0,95.7645,189
2026-10-02T16:15:00Z,95.76,95.765,95.75,95.755,8925.0,95.7565,199
2026-10-02T16:30:00Z,95.755,95.76,95.75,95.755,8530.0,95.753,106
2026-10-02T16:45:00Z,95.75,95.755,95.75,95.755,3322.0,95.75,94
2026-10-02T17:00:00Z,95.75,95.76,95.75,95.755,7723.0,95.755,88
2026-10-02T17:15:00Z,95.76,95.76,95.745,95.75,5475.0,95.7525,67
2026-10-02T17:30:00Z,95.75,95.755,95.75,95.755,1641.0,95.751,55
2026-10-02T17:45:00Z,95.755,95.775,95.755,95.77,19287.0,95.764,230
2026-10-02T18:00:00Z,95.775,95.775,95.765,95.765,10184.0,95.7675,109
2026-10-02T18:15:00Z,95.77,95.77,95.76,95.77,9231.0,95.765,103
2026-10-02T18:30:00Z,95.765,95.77,95.76,95.77,3680.0,95.7685,86
2026-10-02T18:45:00Z,95.77,95.775,95.765,95.775,4627.0,95.7705,328
2026-10-02T19:00:00Z,95.775,95.775,95.765,95.765,975.0,95.7695,18
2026-10-02T19:15:00Z,95.765,95.77,95.76,95.765,3328.0,95.765,68
2026-10-02T19:30:00Z,95.765,95.77,95.76,95.765,3909.0,95.765,125
2026-10-02T19:45:00Z,95.765,95.765,95.76,95.765,1004.0,95.764,28
2026-10-02T20:00:00Z,95.76,95.765,95.76,95.765,1246.0,95.7605,13
2026-10-02T20:15:00Z,95.76,95.765,95.76,95.765,5736.0,95.7645,45
2026-10-02T20:30:00Z,95.77,95.775,95.765,95.77,6894.0,95.773,45
2026-10-02T20:45:00Z,95.775,95.775,95.77,95.77,1760.0,95.7715,18
2026-10-04T22:00:00Z,95.765,95.78,95.765,95.78,4678.0,95.777,96
2026-10-04T22:15:00Z,95.775,95.78,95.775,95.78,180.0,95.78,14
2026-10-04T22:30:00Z,95.78,95.78,95.78,95.78,14.0,95.78,7
2026-10-04T22:45:00Z,95.78,95.78,95.78,95.78,855.0,95.78,82
2026-10-04T23:00:00Z,95.78,95.78,95.78,95.78,330.0,95.78,19
2026-10-04T23:15:00Z,95.78,95.78,95.78,95.78,48.0,95.78,11
2026-10-04T23:30:00Z,95.78,95.78,95.78,95.78,20.0,95.78,4
2026-10-04T23:45:00Z,95.78,95.78,95.78,95.78,0.0,95.78,0
2026-10-05T00:00:00Z,95.78,95.785,95.78,95.78,775.0,95.78,93
2026-10-05T00:15:00Z,95.78,95.78,95.78,95.78,749.0,95.78,67
2026-10-05T00:30:00Z,95.78,95.78,95.78,95.78,253.0,95.78,9
2026-10-05T00:45:00Z,95.78,95.78,95.78,95.78,32.0,95.78,4
2026-10-05T01:00:00Z,95.78,95.78,95.775,95.775,489.0,95.775,11
2026-10-05T01:15:00Z,95.775,95.775,95.775,95.775,0.0,95.775,0
2026-10-05T01:30:00Z,95.78,95.78,95.78,95.78,242.0,95.78,11
2026-10-05T01:45:00Z,95.78,95.78,95.78,95.78,241.0,95.78,6
2026-10-05T02:00:00Z,95.78,95.785,95.78,95.78,63.0,95.7835,7
2026-10-05T02:15:00Z,95.78,95.78,95.775,95.78,588.0,95.7795,14
2026-10-05T02:30:00Z,95.78,95.78,95.78,95.78,115.0,95.78,4
2026-10-05T02:45:00Z,95.78,95.78,95.78,95.78,591.0,95.78,8
2026-10-05T03:00:00Z,95.78,95.785,95.78,95.785,882.0,95.785,5
2026-10-05T03:15:00Z,95.785,95.785,95.785,95.785,2.0,95.785,1
2026-10-05T03:30:00Z,95.785,95.785,95.785,95.785,0.0,95.785,0
2026-10-05T03:45:00Z,95.78,95.78,95.78,95.78,15.0,95.78,1
2026-10-05T04:00:00Z,95.785,95.785,95.78,95.78,620.0,95.78,8
2026-10-05T04:15:00Z,95.78,95.78,95.78,95.78,0.0,95.78,0
2026-10-05T04:30:00Z,95.78,95.78,95.78,95.78,0.0,95.78,0
2026-10-05T04:45:00Z,95.78,95.78,95.78,95.78,1.0,95.78,1
2026-10-05T05:00:00Z,95.785,95.785,95.785,95.785,1178.0,95.785,13
2026-10-05T05:15:00Z,95.785,95.79,95.785,95.79,1345.0,95.7895,7
2026-10-05T05:30:00Z,95.79,95.79,95.79,95.79,151.0,95.79,2
2026-10-05T05:45:00Z,95.79,95.79,95.79,95.79,2077.0,95.79,56
2026-10-05T06:00:00Z,95.79,95.79,95.79,95.79,1209.0,95.79,33
2026-10-05T06:15:00Z,95.79,95.795,95.79,95.79,1034.0,95.79,42
2026-10-05T06:30:00Z,95.79,95.795,95.79,95.795,290.0,95.79,28
2026-10-05T06:45:00Z,95.79,95.79,95.785,95.79,767.0,95.79,32
2026-10-05T07:00:00Z,95.79,95.79,95.78,95.785,2080.0,95.7855,37
2026-10-05T07:15:00Z,95.785,95.79,95.785,95.785,4399.0,95.79,57
2026-10-05T07:30:00Z,95.79,95.79,95.785,95.785,3920.0,95.789,13
2026-10-05T07:45:00Z,95.785,95.785,95.785,95.785,1334.0,95.785,24
2026-10-05T08:00:00Z,95.79,95.795,95.79,95.795,1162.0,95.7925,35
2026-10-05T08:15:00Z,95.795,95.795,95.79,95.79,3197.0,95.7905,34
2026-10-05T08:30:00Z,95.785,95.79,95.78,95.78,3802.0,95.7835,80
2026-10-05T08:45:00Z,95.78,95.78,95.775,95.78,3336.0,95.78,56
2026-10-05T09:00:00Z,95.78,95.78,95.775,95.78,3158.0,95.78,99
2026-10-05T09:15:00Z,95.78,95.78,95.775,95.775,1292.0,95.777,9
2026-10-05T09:30:00Z,95.775,95.775,95.775,95.775,3056.0,95.775,59
2026-10-05T09:45:00Z,95.775,95.775,95.77,95.775,39.0,95.775,5
2026-10-05T10:00:00Z,95.77,95.775,95.77,95.77,2300.0,95.77,29
2026-10-05T10:15:00Z,95.77,95.775,95.77,95.775,5080.0,95.773,67
2026-10-05T10:30:00Z,95.775,95.775,95.775,95.775,3600.0,95.775,57
2026-10-05T10:45:00Z,95.775,95.785,95.775,95.785,2889.0,95.777,100
2026-10-05T11:00:00Z,95.78,95.785,95.78,95.78,2569.0,95.78,101
2026-10-05T11:15:00Z,95.78,95.785,95.78,95.78,685.0,95.7815,28
2026-10-05T11:30:00Z,95.78,95.78,95.775,95.775,2183.0,95.778,74
2026-10-05T11:45:00Z,95.775,95.78,95.77,95.78,3559.0,95.775,104
2026-10-05T12:00:00Z,95.78,95.78,95.77,95.775,2382.0,95.7755,145
2026-10-05T12:15:00Z,95.775,95.775,95.77,95.775,3899.0,95.7745,60
2026-10-05T12:30:00Z,95.775,95.775,95.765,95.765,3295.0,95.7695,79
2026-10-05T12:45:00Z,95.765,95.77,95.76,95.765,5863.0,95.7665,140
2026-10-05T13:00:00Z,95.765,95.765,95.76,95.765,5133.0,95.7645,29
2026-10-05T13:15:00Z,95.765,95.765,95.76,95.765,5006.0,95.765,119
2026-10-05T13:30:00Z,95.765,95.77,95.76,95.77,5869.0,95.765,206
2026-10-05T13:45:00Z,95.765,95.775,95.765,95.77,7008.0,95.77,135
2026-10-05T14:00:00Z,95.77,95.775,95.765,95.765,15080.0,95.7695,401
2026-10-05T14:15:00Z,95.765,95.77,95.765,95.765,4792.0,95.7685,132
2026-10-05T14:30:00Z,95.765,95.765,95.755,95.755,8276.0,95.761,85
2026-10-05T14:45:00Z,95.755,95.76,95.75,95.755,10947.0,95.755,105
2026-10-05T15:00:00Z,95.755,95.76,95.75,95.75,11406.0,95.7545,281
2026-10-05T15:15:00Z,95.75,95.755,95.745,95.75,11976.0,95.75,178
2026-10-05T15:30:00Z,95.745,95.75,95.74,95.745,16871.0,95.745,239
2026-10-05T15:45:00Z,95.74,95.745,95.74,95.745,9971.0,95.743,110
2026-10-05T16:00:00Z,95.745,95.75,95.74,95.745,9172.0,95.745,303
2026-10-05T16:15:00Z,95.745,95.75,95.745,95.745,1110.0,95.7455,52
2026-10-05T16:30:00Z,95.745,95.75,95.745,95.75,3424.0,95.75,39
2026-10-05T16:45:00Z,95.75,95.75,95.745,95.75,275.0,95.749,15
2026-10-05T17:00:00Z,95.745,95.75,95.745,95.75,5229.0,95.745,21
2026-10-05T17:15:00Z,95.75,95.75,95.745,95.745,261.0,95.7495,7
2026-10-05T17:30:00Z,95.75,95.755,95.745,95.75,4580.0,95.75,67
2026-10-05T17:45:00Z,95.75,95.755,95.75,95.75,1573.0,95.75,85
2026-10-05T18:00:00Z,95.75,95.75,95.75,95.75,5188.0,95.75,105
2026-10-05T18:15:00Z,95.75,95.75,95.745,95.75,787.0,95.7465,39
2026-10-05T18:30:00Z,95.75,95.75,95.745,95.745,3522.0,95.75,128
2026-10-05T18:45:00Z,95.75,95.76,95.75,95.76,11531.0,95.755,222
2026-10-05T19:00:00Z,95.755,95.76,95.75,95.755,1635.0,95.7555,52
2026-10-05T19:15:00Z,95.76,95.76,95.75,95.75,6956.0,95.755,15
2026-10-05T19:30:00Z,95.75,95.755,95.75,95.755,3816.0,95.755,117
2026-10-05T19:45:00Z,95.755,95.76,95.755,95.76,1412.0,95.7575,27
2026-10-05T20:00:00Z,95.76,95.76,95.755,95.755,181.0,95.7575,12
2026-10-05T20:15:00Z,95.76,95.76,95.755,95.76,3962.0,95.76,147
2026-10-05T20:30:00Z,95.76,95.76,95.76,95.76,340.0,95.76,22
2026-10-05T20:45:00Z,95.76,95.76,95.755,95.76,657.0,95.7595,45
2026-10-05T22:00:00Z,95.76,95.76,95.76,95.76,662.0,95.76,17
2026-10-05T22:15:00Z,95.76,95.76,95.76,95.76,0.0,95.76,0
2026-10-05T22:30:00Z,95.76,95.76,95.76,95.76,16.0,95.76,3
2026-10-05T22:45:00Z,95.76,95.76,95.76,95.76,0.0,95.76,0
2026-10-05T23:00:00Z,95.76,95.76,95.76,95.76,0.0,95.76,0
2026-10-05T23:15:00Z,95.755,95.755,95.755,95.755,22.0,95.755,1
2026-10-05T23:30:00Z,95.755,95.755,95.755,95.755,0.0,95.755,0
2026-10-05T23:45:00Z,95.755,95.755,95.755,95.755,201.0,95.755,2
2026-10-06T00:00:00Z,95.755,95.755,95.755,95.755,2334.0,95.755,13
2026-10-06T00:15:00Z,95.755,95.755,95.75,95.755,140.0,95.755,7
2026-10-06T00:30:00Z,95.755,95.755,95.755,95.755,306.0,95.755,5
2026-10-06T00:45:00Z,95.755,95.755,95.755,95.755,279.0,95.755,14
2026-10-06T01:00:00Z,95.755,95.755,95.755,95.755,329.0,95.755,6
2026-10-06T01:15:00Z,95.755,95.755,95.75,95.755,19.0,95.754,3
2026-10-06T01:30:00Z,95.755,95.755,95.755,95.755,203.0,95.755,3
2026-10-06T01:45:00Z,95.75,95.75,95.75,95.75,100.0,95.75,1
2026-10-06T02:00:00Z,95.75,95.75,95.75,95.75,0.0,95.75,0
2026-10-06T02:15:00Z,95.75,95.75,95.75,95.75,0.0,95.75,0
2026-10-06T02:30:00Z,95.755,95.755,95.75,95.755,16.0,95.7505,3
2026-10-06T02:45:00Z,95.755,95.755,95.755,95.755,0.0,95.755,0
2026-10-06T03:00:00Z,95.755,95.755,95.755,95.755,0.0,95.755,0
2026-10-06T03:15:00Z,95.75,95.75,95.75,95.75,2.0,95.75,1
2026-10-06T03:30:00Z,95.75,95.75,95.75,95.75,140.0,95.75,2
2026-10-06T03:45:00Z,95.75,95.75,95.75,95.75,0.0,95.75,0
2026-10-06T04:00:00Z,95.75,95.75,95.75,95.75,0.0,95.75,0
2026-10-06T04:15:00Z,95.75,95.75,95.75,95.75,0.0,95.75,0
2026-10-06T04:30:00Z,95.75,95.75,95.75,95.75,3196.0,95.75,10
2026-10-06T04:45:00Z,95.745,95.75,95.745,95.75,3712.0,95.7455,28
2026-10-06T05:00:00Z,95.75,95.75,95.75,95.75,8.0,95.75,1
2026-10-06T05:15:00Z,95.75,95.75,95.75,95.75,1389.0,95.75,3
2026-10-06T05:30:00Z,95.75,95.75,95.75,95.75,680.0,95.75,11
2026-10-06T05:45:00Z,95.75,95.75,95.75,95.75,6.0,95.75,1
2026-10-06T06:00:00Z,95.75,95.75,95.75,95.75,200.0,95.75,1
2026-10-06T06:15:00Z,95.755,95.755,95.755,95.755,1969.0,95.755,14
2026-10-06T06:30:00Z,95.755,95.755,95.755,95.755,1229.0,95.755,33
2026-10-06T06:45:00Z,95.755,95.755,95.755,95.755,1884.0,95.755,20
2026-10-06T07:00:00Z,95.755,95.76,95.75,95.755,867.0,95.755,28
2026-10-06T07:15:00Z,95.76,95.76,95.755,95.76,379.0,95.7575,18
2026-10-06T07:30:00Z,95.755,95.76,95.755,95.755,2407.0,95.755,39
2026-10-06T07:45:00Z,95.755,95.76,95.755,95.76,1035.0,95.756,39
2026-10-06T08:00:00Z,95.755,95.76,95.755,95.755,2366.0,95.755,34
2026-10-06T08:15:00Z,95.76,95.76,95.755,95.755,1315.0,95.7555,15
2026-10-06T08:30:00Z,95.755,95.755,95.75,95.755,2576.0,95.755,46
2026-10-06T08:45:00Z,95.755,95.755,95.75,95.75,608.0,95.7545,28
2026-10-06T09:00:00Z,95.755,95.755,95.755,95.755,1301.0,95.755,40
2026-10-06T09:15:00Z,95.755,95.755,95.755,95.755,11.0,95.755,7
2026-10-06T09:30:00Z,95.755,95.76,95.755,95.76,2679.0,95.76,34
2026-10-06T09:45:00Z,95.755,95.755,95.755,95.755,1900.0,95.755,19
2026-10-06T10:00:00Z,95.755,95.76,95.755,95.755,1554.0,95.7555,40
2026-10-06T10:15:00Z,95.755,95.755,95.755,95.755,386.0,95.755,30
2026-10-06T10:30:00Z,95.755,95.76,95.755,95.755,406.0,95.755,5
2026-10-06T10:45:00Z,95.76,95.765,95.755,95.765,2776.0,95.76,49
2026-10-06T11:00:00Z,95.76,95.765,95.76,95.76,2345.0,95.76,40
2026-10-06T11:15:00Z,95.765,95.765,95.765,95.765,3380.0,95.765,35
2026-10-06T11:30:00Z,95.765,95.775,95.765,95.775,5938.0,95.7675,104
2026-10-06T11:45:00Z,95.775,95.775,95.77,95.77,5440.0,95.7705,63
2026-10-06T12:00:00Z,95.77,95.775,95.765,95.765,2689.0,95.7695,50
2026-10-06T12:15:00Z,95.77,95.77,95.76,95.765,4914.0,95.765,101
2026-10-06T12:30:00Z,95.765,95.775,95.765,95.77,5001.0,95.77,52
2026-10-06T12:45:00Z,95.77,95.775,95.77,95.77,4370.0,95.77,104
2026-10-06T13:00:00Z,95.77,95.77,95.765,95.765,6944.0,95.765,111
2026-10-06T13:15:00Z,95.765,95.765,95.76,95.765,1936.0,95.7605,65
2026-10-06T13:30:00Z,95.765,95.765,95.76,95.765,1857.0,95.763,47
2026-10-06T13:45:00Z,95.765,95.765,95.76,95.76,7049.0,95.76,181
2026-10-06T14:00:00Z,95.76,95.765,95.76,95.76,1936.0,95.76,98
2026-10-06T14:15:00Z,95.765,95.765,95.76,95.765,266.0,95.7625,58
2026-10-06T14:30:00Z,95.76,95.775,95.76,95.775,9120.0,95.768,145
2026-10-06T14:45:00Z,95.77,95.78,95.77,95.78,6898.0,95.777,187
2026-10-06T15:00:00Z,95.78,95.78,95.775,95.775,964.0,95.7775,55
2026-10-06T15:15:00Z,95.775,95.78,95.77,95.77,5869.0,95.7745,171
2026-10-06T15:30:00Z,95.775,95.775,95.77,95.77,7396.0,95.775,123
2026-10-06T15:45:00Z,95.77,95.775,95.765,95.77,1990.0,95.77,70
2026-10-06T16:00:00Z,95.77,95.775,95.765,95.765,3812.0,95.7695,117
2026-10-06T16:15:00Z,95.77,95.77,95.77,95.77,4289.0,95.77,50
2026-10-06T16:30:00Z,95.77,95.77,95.765,95.77,3594.0,95.7695,64
2026-10-06T16:45:00Z,95.77,95.77,95.765,95.765,702.0,95.768,138
2026-10-06T17:00:00Z,95.77,95.77,95.765,95.765,146.0,95.7675,38
2026-10-06T17:15:00Z,95.765,95.77,95.765,95.765,694.0,95.766,32
2026-10-06T17:30:00Z,95.765,95.77,95.765,95.765,218.0,95.765,18
2026-10-06T17:45:00Z,95.765,95.77,95.765,95.765,4745.0,95.77,69
2026-10-06T18:00:00Z,95.765,95.77,95.765,95.765,506.0,95.7675,48
2026-10-06T18:15:00Z,95.765,95.77,95.765,95.765,442.0,95.766,40
2026-10-06T18:30:00Z,95.765,95.77,95.765,95.765,7541.0,95.765,109
2026-10-06T18:45:00Z,95.765,95.77,95.765,95.77,523.0,95.7665,58
2026-10-06T19:00:00Z,95.765,95.77,95.765,95.77,149.0,95.7655,7
2026-10-06T19:15:00Z,95.77,95.77,95.765,95.765,150.0,95.767,17
2026-10-06T19:30:00Z,95.765,95.77,95.765,95.765,707.0,95.767,13
2026-10-06T19:45:00Z,95.765,95.77,95.76,95.765,7062.0,95.765,104
2026-10-06T20:00:00Z,95.765,95.77,95.765,95.765,3176.0,95.765,88
2026-10-06T20:15:00Z,95.765,95.77,95.765,95.765,1860.0,95.767,32
2026-10-06T20:30:00Z,95.765,95.77,95.76,95.76,2031.0,95.7655,30
2026-10-06T20:45:00Z,95.765,95.765,95.76,95.765,1195.0,95.7635,31
2026-10-06T22:00:00Z,95.76,95.765,95.76,95.76,405.0,95.761,7
2026-10-06T22:15:00Z,95.76,95.76,95.76,95.76,0.0,95.76,0
2026-10-06T22:30:00Z,95.76,95.76,95.76,95.76,0.0,95.76,0
2026-10-06T22:45:00Z,95.76,95.76,95.76,95.76,0.0,95.76,0
2026-10-06T23:00:00Z,95.76,95.765,95.76,95.76,741.0,95.761,3
2026-10-06T23:15:00Z,95.76,95.76,95.76,95.76,1255.0,95.76,7
2026-10-06T23:30:00Z,95.76,95.76,95.76,95.76,11.0,95.76,3
2026-10-06T23:45:00Z,95.76,95.76,95.76,95.76,245.0,95.76,10
2026-10-07T00:00:00Z,95.765,95.765,95.765,95.765,3.0,95.765,1
2026-10-07T00:15:00Z,95.76,95.76,95.76,95.76,586.0,95.76,10
2026-10-07T00:30:00Z,95.76,95.76,95.76,95.76,1084.0,95.76,7
2026-10-07T00:45:00Z,95.76,95.76,95.76,95.76,632.0,95.76,7
2026-10-07T01:00:00Z,95.76,95.76,95.76,95.76,0.0,95.76,0
2026-10-07T01:15:00Z,95.755,95.76,95.755,95.76,210.0,95.755,2
2026-10-07T01:30:00Z,95.76,95.76,95.755,95.76,27.0,95.7555,3
2026-10-07T01:45:00Z,95.755,95.76,95.755,95.755,168.0,95.759,4
2026-10-07T02:00:00Z,95.755,95.755,95.755,95.755,20.0,95.755,1
2026-10-07T02:15:00Z,95.755,95.755,95.755,95.755,47.0,95.755,7
2026-10-07T02:30:00Z,95.755,95.755,95.755,95.755,949.0,95.755,32
2026-10-07T02:45:00Z,95.755,95.755,95.755,95.755,0.0,95.755,0
2026-10-07T03:00:00Z,95.755,95.755,95.755,95.755,0.0,95.755,0
2026-10-07T03:15:00Z,95.755,95.755,95.755,95.755,60.0,95.755,2
2026-10-07T03:30:00Z,95.76,95.76,95.76,95.76,20.0,95.76,1
2026-10-07T03:45:00Z,95.76,95.76,95.76,95.76,8.0,95.76,2
2026-10-07T04:00:00Z,95.76,95.76,95.76,95.76,0.0,95.76,0
2026-10-07T04:15:00Z,95.76,95.76,95.76,95.76,0.0,95.76,0
2026-10-07T04:30:00Z,95.755,95.76,95.755,95.755,42.0,95.7555,4
2026-10-07T04:45:00Z,95.76,95.76,95.76,95.76,107.0,95.76,14
2026-10-07T05:00:00Z,95.76,95.76,95.76,95.76,0.0,95.76,0
2026-10-07T05:15:00Z,95.755,95.755,95.755,95.755,94.0,95.755,9
2026-10-07T05:30:00Z,95.755,95.76,95.755,95.755,1113.0,95.755,22
2026-10-07T05:45:00Z,95.76,95.76,95.755,95.755,747.0,95.7555,13
2026-10-07T06:00:00Z,95.755,95.755,95.75,95.75,1365.0,95.755,49
2026-10-07T06:15:00Z,95.75,95.76,95.75,95.755,1347.0,95.755,46
2026-10-07T06:30:00Z,95.755,95.755,95.755,95.755,108.0,95.755,61
2026-10-07T06:45:00Z,95.755,95.76,95.755,95.76,739.0,95.755,15
2026-10-07T07:00:00Z,95.76,95.76,95.755,95.755,471.0,95.755,9
2026-10-07T07:15:00Z,95.76,95.765,95.76,95.765,7424.0,95.76,36
2026-10-07T07:30:00Z,95.76,95.76,95.76,95.76,3338.0,95.76,57
2026-10-07T07:45:00Z,95.76,95.76,95.76,95.76,2584.0,95.76,38
2026-10-07T08:00:00Z,95.765,95.765,95.76,95.765,1918.0,95.765,54
2026-10-07T08:15:00Z,95.765,95.765,95.765,95.765,3785.0,95.765,34
2026-10-07T08:30:00Z,95.765,95.765,95.765,95.765,915.0,95.765,30
2026-10-07T08:45:00Z,95.765,95.765,95.765,95.765,33.0,95.765,2
2026-10-07T09:00:00Z,95.765,95.765,95.765,95.765,99.0,95.765,3
2026-10-07T09:15:00Z,95.76,95.76,95.755,95.76,2965.0,95.76,19
2026-10-07T09:30:00Z,95.765,95.765,95.76,95.76,1357.0,95.76,14
2026-10-07T09:45:00Z,95.76,95.765,95.76,95.765,1820.0,95.7635,41
2026-10-07T10:00:00Z,95.765,95.765,95.765,95.765,986.0,95.765,13
2026-10-07T10:15:00Z,95.76,95.765,95.76,95.765,90.0,95.763,8
2026-10-07T10:30:00Z,95.765,95.765,95.76,95.76,1306.0,95.76,44
2026-10-07T10:45:00Z,95.755,95.765,95.755,95.76,968.0,95.76,18
2026-10-07T11:00:00Z,95.76,95.765,95.76,95.76,1790.0,95.76,39
2026-10-07T11:15:00Z,95.76,95.765,95.755,95.76,2585.0,95.76,79
2026-10-07T11:30:00Z,95.755,95.76,95.755,95.76,1843.0,95.76,61
2026-10-07T11:45:00Z,95.76,95.765,95.76,95.765,1384.0,95.76,51
2026-10-07T12:00:00Z,95.76,95.77,95.76,95.765,7423.0,95.765,113
2026-10-07T12:15:00Z,95.765,95.77,95.755,95.76,3967.0,95.76,63
2026-10-07T12:30:00Z,95.76,95.765,95.755,95.76,4429.0,95.76,124
2026-10-07T12:45:00Z,95.76,95.765,95.76,95.76,5640.0,95.76,97
2026-10-07T13:00:00Z,95.76,95.765,95.755,95.76,2579.0,95.7585,42
2026-10-07T13:15:00Z,95.76,95.76,95.75,95.755,8806.0,95.755,308
2026-10-07T13:30:00Z,95.755,95.76,95.75,95.76,8995.0,95.7575,342
2026-10-07T13:45:00Z,95.76,95.78,95.76,95.78,7885.0,95.7685,279
2026-10-07T14:00:00Z,95.775,95.775,95.77,95.775,2067.0,95.7735,65
2026-10-07T14:15:00Z,95.775,95.78,95.775,95.775,7046.0,95.775,136
2026-10-07T14:30:00Z,95.775,95.775,95.77,95.775,5063.0,95.775,182
2026-10-07T14:45:00Z,95.775,95.775,95.77,95.77,1209.0,95.77,35
2026-10-07T15:00:00Z,95.77,95.775,95.765,95.77,7529.0,95.7695,157
2026-10-07T15:15:00Z,95.77,95.775,95.77,95.775,2840.0,95.7705,145
2026-10-07T15:30:00Z,95.775,95.775,95.765,95.77,6144.0,95.77,64
2026-10-07T15:45:00Z,95.77,95.77,95.76,95.765,6338.0,95.765,64
2026-10-07T16:00:00Z,95.765,95.775,95.765,95.765,5377.0,95.7695,78
2026-10-07T16:15:00Z,95.77,95.775,95.765,95.775,3862.0,95.7695,92
2026-10-07T16:30:00Z,95.77,95.775,95.765,95.765,4358.0,95.7695,80
2026-10-07T16:45:00Z,95.77,95.775,95.765,95.77,5651.0,95.7695,25
2026-10-07T17:00:00Z,95.775,95.775,95.77,95.77,2518.0,95.775,254
2026-10-07T17:15:00Z,95.775,95.78,95.77,95.775,4822.0,95.7755,45
2026-10-07T17:30:00Z,95.77,95.78,95.77,95.78,4570.0,95.775,86
2026-10-07T17:45:00Z,95.78,95.785,95.77,95.775,13569.0,95.7765,121
2026-10-07T18:00:00Z,95.775,95.78,95.77,95.78,5724.0,95.777,159
2026-10-07T18:15:00Z,95.78,95.78,95.775,95.78,5313.0,95.78,82
2026-10-07T18:30:00Z,95.785,95.795,95.785,95.795,13606.0,95.792,114
2026-10-07T18:45:00Z,95.795,95.795,95.785,95.785,6756.0,95.793,191
2026-10-07T19:00:00Z,95.79,95.79,95.78,95.785,11092.0,95.785,67
2026-10-07T19:15:00Z,95.785,95.79,95.785,95.79,3650.0,95.786,68
2026-10-07T19:30:00Z,95.79,95.79,95.785,95.785,4622.0,95.786,120
2026-10-07T19:45:00Z,95.79,95.79,95.775,95.78,19793.0,95.7825,116
2026-10-07T20:00:00Z,95.775,95.78,95.77,95.775,23503.0,95.775,204
2026-10-07T20:15:00Z,95.775,95.78,95.775,95.775,2826.0,95.775,24
2026-10-07T20:30:00Z,95.775,95.775,95.775,95.775,3755.0,95.775,61
2026-10-07T20:45:00Z,95.775,95.78,95.77,95.77,5350.0,95.7745,44
2026-10-07T22:00:00Z,95.775,95.78,95.775,95.775,1470.0,95.775,12
2026-10-07T22:15:00Z,95.775,95.775,95.77,95.77,704.0,95.7745,14
2026-10-07T22:30:00Z,95.775,95.775,95.775,95.775,1.0,95.775,1
2026-10-07T22:45:00Z,95.775,95.775,95.775,95.775,8.0,95.775,2
2026-10-07T23:00:00Z,95.775,95.775,95.775,95.775,0.0,95.775,0
2026-10-07T23:15:00Z,95.775,95.775,95.775,95.775,10.0,95.775,1
2026-10-07T23:30:00Z,95.775,95.775,95.775,95.775,9.0,95.775,3
2026-10-07T23:45:00Z,95.775,95.775,95.775,95.775,500.0,95.775,1
2026-10-08T00:00:00Z,95.775,95.775,95.775,95.775,24.0,95.775,3
2026-10-08T00:15:00Z,95.77,95.775,95.77,95.77,1583.0,95.77,39
2026-10-08T00:30:00Z,95.77,95.77,95.77,95.77,1507.0,95.77,7
2026-10-08T00:45:00Z,95.77,95.77,95.765,95.765,1844.0,95.765,16
2026-10-08T01:00:00Z,95.77,95.77,95.77,95.77,2685.0,95.77,15
2026-10-08T01:15:00Z,95.77,95.77,95.77,95.77,0.0,95.77,0
2026-10-08T01:30:00Z,95.77,95.77,95.77,95.77,816.0,95.77,16
2026-10-08T01:45:00Z,95.77,95.77,95.77,95.77,618.0,95.77,7
2026-10-08T02:00:00Z,95.77,95.77,95.77,95.77,1603.0,95.77,21
2026-10-08T02:15:00Z,95.77,95.77,95.765,95.765,27.0,95.7685,3
2026-10-08T02:30:00Z,95.765,95.77,95.765,95.77,283.0,95.765,6
2026-10-08T02:45:00Z,95.765,95.765,95.765,95.765,425.0,95.765,2
2026-10-08T03:00:00Z,95.765,95.765,95.765,95.765,1871.0,95.765,7
2026-10-08T03:15:00Z,95.765,95.765,95.765,95.765,2153.0,95.765,15
2026-10-08T03:30:00Z,95.765,95.765,95.765,95.765,261.0,95.765,5
2026-10-08T03:45:00Z,95.765,95.765,95.765,95.765,155.0,95.765,4
2026-10-08T04:00:00Z,95.765,95.765,95.765,95.765,0.0,95.765,0
2026-10-08T04:15:00Z,95.765,95.765,95.765,95.765,0.0,95.765,0
2026-10-08T04:30:00Z,95.765,95.765,95.765,95.765,243.0,95.765,4
2026-10-08T04:45:00Z,95.765,95.765,95.765,95.765,0.0,95.765,0
2026-10-08T05:00:00Z,95.765,95.765,95.765,95.765,0.0,95.765,0
2026-10-08T05:15:00Z,95.765,95.765,95.765,95.765,0.0,95.765,0
2026-10-08T05:30:00Z,95.765,95.765,95.765,95.765,300.0,95.765,1
2026-10-08T05:45:00Z,95.765,95.765,95.765,95.765,2979.0,95.765,52
2026-10-08T06:00:00Z,95.765,95.765,95.765,95.765,793.0,95.765,24
2026-10-08T06:15:00Z,95.765,95.765,95.765,95.765,860.0,95.765,11
2026-10-08T06:30:00Z,95.765,95.765,95.76,95.76,121.0,95.7645,8
2026-10-08T06:45:00Z,95.765,95.765,95.765,95.765,466.0,95.765,10
2026-10-08T07:00:00Z,95.765,95.77,95.765,95.765,1611.0,95.765,27
2026-10-08T07:15:00Z,95.765,95.765,95.76,95.765,613.0,95.762,8
2026-10-08T07:30:00Z,95.765,95.765,95.76,95.76,2576.0,95.76,39
2026-10-08T07:45:00Z,95.76,95.765,95.76,95.76,2020.0,95.76,20
2026-10-08T08:00:00Z,95.765,95.765,95.76,95.765,2334.0,95.765,46
2026-10-08T08:15:00Z,95.765,95.765,95.765,95.765,434.0,95.765,14
2026-10-08T08:30:00Z,95.765,95.775,95.765,95.765,16314.0,95.7685,326
2026-10-08T08:45:00Z,95.765,95.765,95.76,95.76,750.0,95.763,6
2026-10-08T09:00:00Z,95.765,95.765,95.76,95.76,980.0,95.7635,21
2026-10-08T09:15:00Z,95.76,95.76,95.755,95.76,4345.0,95.76,17
2026-10-08T09:30:00Z,95.765,95.765,95.76,95.76,2445.0,95.76,29
2026-10-08T09:45:00Z,95.76,95.76,95.755,95.76,263.0,95.76,15
2026-10-08T10:00:00Z,95.76,95.76,95.76,95.76,253.0,95.76,3
2026-10-08T10:15:00Z,95.76,95.76,95.755,95.76,1059.0,95.7575,40
2026-10-08T10:30:00Z,95.76,95.76,95.755,95.76,4797.0,95.76,79
2026-10-08T10:45:00Z,95.76,95.76,95.76,95.76,356.0,95.76,15
2026-10-08T11:00:00Z,95.76,95.76,95.755,95.755,3259.0,95.7555,37
2026-10-08T11:15:00Z,95.76,95.76,95.755,95.755,1108.0,95.756,23
2026-10-08T11:30:00Z,95.76,95.765,95.755,95.765,7976.0,95.76,75
2026-10-08T11:45:00Z,95.765,95.765,95.76,95.76,805.0,95.763,34
2026-10-08T12:00:00Z,95.76,95.765,95.76,95.76,9594.0,95.76,72
2026-10-08T12:15:00Z,95.76,95.765,95.755,95.76,7455.0,95.76,174
2026-10-08T12:30:00Z,95.765,95.765,95.75,95.755,8977.0,95.7555,128
2026-10-08T12:45:00Z,95.755,95.755,95.755,95.755,4268.0,95.755,102
2026-10-08T13:00:00Z,95.755,95.765,95.755,95.76,7392.0,95.76,87
2026-10-08T13:15:00Z,95.76,95.77,95.76,95.76,2914.0,95.765,66
2026-10-08T13:30:00Z,95.76,95.765,95.76,95.76,2312.0,95.7615,22
