combo,ic_select
vix +smallcap_largecap_oanda,-0.4294277816512082
leg_discretionary_staples_yahoo -vix -smallcap_largecap_oanda,0.4187800333385799
vix +smallcap_largecap_oanda -hy_oas,-0.41115496246809
jordan_composite_yahoo -vix -leg_smallcap_largecap_yahoo,0.4091037656098683
vix -nas_rvol +smallcap_largecap_oanda,-0.40682922420672935
leg_discretionary_staples_yahoo -vix +hy_oas,0.40320269962814514
vix +oil -hy_oas,-0.4020327989705183
jordan_composite_yahoo -vix -smallcap_largecap_oanda,0.3989248317974803
jordan_composite_yahoo -vix +hy_oas,0.39878020093227806
leg_discretionary_staples_yahoo -vix +nas_rvol,0.393862023942353
vix -nas_rvol -hy_oas,-0.39277116601788964
vix +smallcap_largecap_oanda +xauusd_skew,-0.39142731040134193
vix +smallcap_largecap_oanda -leg_hy_ig_credit_yahoo,-0.38318087443349325
leg_discretionary_staples_yahoo -vix +hy_ig_oas_diff,0.38221649391065315
leg_discretionary_staples_yahoo -vix -oil,0.3814850680876069
vix +smallcap_largecap_oanda +nzdjpy,-0.37895739896738057
jordan_composite_yahoo -vix +nas_rvol,0.37892685013359345
vix +oil +smallcap_largecap_oanda,-0.37638930470629794
vix -silver_gold_ratio_oanda +smallcap_largecap_oanda,-0.3748637508896873
leg_discretionary_staples_yahoo +jordan_composite_yahoo +hy_oas,0.37197056046060734
vix -hy_oas +nzdjpy,-0.37166214408259596
leg_discretionary_staples_yahoo -vix -nzdjpy,0.370863111459201
vix -leg_hy_ig_credit_yahoo -hy_oas,-0.36738101132740575
vix -nas_rvol,-0.36682950120547364
vix -hy_oas -be10,-0.36628451706703213
jordan_composite_yahoo -vix -oil,0.3659162375226764
vix +oil -leg_hy_ig_credit_yahoo,-0.3654841339766606
leg_discretionary_staples_yahoo -vix -xauusd_skew,0.3643681615594694
vix +smallcap_largecap_oanda -real10,-0.3629411976837427
vix -em_fx_basket -hy_oas,-0.36135626462536846
leg_discretionary_staples_yahoo -vix +leg_hy_ig_credit_yahoo,0.3611177708909174
vix +oil +xauusd_skew,-0.36078357935288025
jordan_composite_yahoo -vix +hy_ig_oas_diff,0.35982756788973425
vix +smallcap_largecap_oanda +nfci,-0.3589810481539101
jordan_composite_yahoo -vix -xauusd_skew,0.3581818252466154
vix +smallcap_largecap_oanda +gold,-0.35781037772179625
jordan_composite_yahoo -vix -nzdjpy,0.357731360223205
vix -nas_rvol +xauusd_skew,-0.3576601334090625
leg_discretionary_staples_yahoo -vix +ig_oas,0.3554586995136198
leg_discretionary_staples_yahoo -vix -leg_smallcap_largecap_yahoo,0.3536724279791006
vix +smallcap_largecap_oanda -dow_spx_ratio_oanda,-0.35310519540065727
vix -nas_rvol -leg_hy_ig_credit_yahoo,-0.35256911508118566
vix -leg_hy_ig_credit_yahoo +nzdjpy,-0.35236768054116857
vix +smallcap_largecap_oanda -ig_oas,-0.35222449373224685
vix -hy_oas,-0.35220585493245976
vix -hy_ig_oas_diff +smallcap_largecap_oanda,-0.3521946092423297
vix +eurusd_cvol +smallcap_largecap_oanda,-0.3518416011627358
vix +smallcap_largecap_oanda -be10,-0.3489806077402868
vix -leg_hy_ig_credit_yahoo +leg_smallcap_largecap_yahoo,-0.34784425713661415
vix -hy_oas +xauusd_skew,-0.34768123167947707
vix +smallcap_largecap_oanda +copper_gold_ratio_yahoo,-0.34755627426140046
leg_discretionary_staples_yahoo +jordan_composite_yahoo -vix,0.34737711808465077
leg_discretionary_staples_yahoo -vix,0.3466882863549773
vix -nas_rvol +nzdjpy,-0.34612673617711964
leg_discretionary_staples_yahoo -vix +xauusd_cvol,0.34523961045140317
leg_discretionary_staples_yahoo -vix -gold,0.3448406350457422
vix -nas_rvol +oil,-0.3442953216369566
vix -hy_oas +ig_oas,-0.34352039476737
vix -hy_ig_oas_diff -nas_rvol,-0.3431246964895294
vix +smallcap_largecap_oanda +usd_basket,-0.34309096751842527
vix -hy_oas +nfci,-0.3430431197460198
vix -em_fx_basket +smallcap_largecap_oanda,-0.34282264473372714
leg_discretionary_staples_yahoo -vix +em_fx_basket,0.34281505530332
vix +oil,-0.3424762406035084
vix -xauusd_cvol +smallcap_largecap_oanda,-0.3422046495380857
vix -hy_oas -real10,-0.34185892246642563
jordan_composite_yahoo -vix +ig_oas,0.34079722393947515
leg_discretionary_staples_yahoo -vix +real10,0.3395447425384176
leg_discretionary_staples_yahoo +jordan_composite_yahoo -smallcap_largecap_oanda,0.3387118591314519
jordan_composite_yahoo +hy_oas -nfci,0.33832620966015364
leg_discretionary_staples_yahoo +jordan_composite_yahoo +hy_ig_oas_diff,0.33823817018656727
leg_discretionary_staples_yahoo -smallcap_largecap_oanda +hy_oas,0.33762275181053386
vix -hy_oas +gold,-0.33724501087950715
vix -usb05y +usb10y,-0.3369747534548372
vix +hy_ig_oas_diff -hy_oas,-0.3367841902431962
vix -fwd5y5y +smallcap_largecap_oanda,-0.33615900721060993
jordan_composite_yahoo +hy_oas -nzdjpy,0.3359778787080746
vix -oil_gold_ratio_oanda +oil,-0.33527290733129345
jordan_composite_yahoo -oil +hy_oas,0.33515233314748405
leg_discretionary_staples_yahoo -oil +hy_oas,0.3351128974635472
vix -em_fx_basket +xauusd_skew,-0.33444421175578865
jordan_composite_yahoo +hy_oas,0.3343495172931165
leg_discretionary_staples_yahoo -vix -fwd5y5y,0.33377192520789006
vix +leg_smallcap_largecap_yahoo,-0.33369250169704384
vix -hy_oas +leg_smallcap_largecap_yahoo,-0.3335491958473507
jordan_composite_yahoo +nas_rvol +hy_oas,0.332924168789003
vix -leg_hy_ig_credit_yahoo +xauusd_skew,-0.33289113106063367
leg_discretionary_staples_yahoo -vix +eurusd_cvol,0.33222506272253843
leg_discretionary_staples_yahoo +nas_rvol +hy_oas,0.3321703387397955
vix +smallcap_largecap_oanda -dax,-0.3318881858973189
leg_discretionary_staples_yahoo +hy_oas -nfci,0.3314500966951226
vix -xauusd_cvol +oil,-0.3313687884697857
jordan_composite_yahoo -vix -gold,0.33132673203570706
vix +xauusd_skew +nzdjpy,-0.3312107959606908
leg_discretionary_staples_yahoo +hy_oas +real10,0.33109391190735904
leg_discretionary_staples_yahoo -vix +be10,0.330596822034588
vix +nzdjpy,-0.32997422529197556
vix -xauusd_cvol +nzdjpy,-0.32831983462207215
jordan_composite_yahoo -smallcap_largecap_oanda +hy_oas,0.3277937955079251
leg_discretionary_staples_yahoo +jordan_composite_yahoo +nas_rvol,0.3277911834171314
vix -hy_ig_oas_diff +oil,-0.3274632890992227
vix +eurusd_skew +smallcap_largecap_oanda,-0.326781967548819
vix +smallcap_largecap_oanda -usb02y,-0.32638482526321905
vix +smallcap_largecap_oanda +slope_5s30s,-0.3263150500860878
leg_discretionary_staples_yahoo +leg_hy_ig_credit_yahoo +hy_oas,0.3251349516697598
vix -hy_ig_oas_diff -leg_hy_ig_credit_yahoo,-0.3250270706931712
vix +oil -ig_oas,-0.3250091843118273
vix -leg_hy_ig_credit_yahoo -ig_oas,-0.3246464682685079
vix +smallcap_largecap_oanda -slope_2s30s,-0.3246383372330338
leg_discretionary_staples_yahoo +hy_oas +be10,0.32451454856194234
leg_discretionary_staples_yahoo +hy_oas -nzdjpy,0.3241090690916294
vix +smallcap_largecap_oanda -nikkei,-0.3238380386937525
jordan_composite_yahoo -vix,0.3233626569110407
vix +smallcap_largecap_oanda -usb05y,-0.3232307897496127
jordan_composite_yahoo +hy_oas +be10,0.32295721610267225
leg_discretionary_staples_yahoo -vix +silver_gold_ratio_oanda,0.32276630832671804
vix +smallcap_largecap_oanda +ftse,-0.3226539167218416
vix +smallcap_largecap_oanda -slope_2s10s,-0.3222307944364598
vix +smallcap_largecap_oanda -slope_2s5s,-0.32216710732043513
leg_discretionary_staples_yahoo -vix -usd_basket,0.3221526768025408
vix +smallcap_largecap_oanda -hangseng,-0.3221137855119654
vix +xauusd_skew,-0.32199656271584404
vix +smallcap_largecap_oanda +audjpy,-0.3216922981924478
vix -nas_rvol +gold,-0.32166856409746886
leg_discretionary_staples_yahoo -vix +dow_spx_ratio_oanda,0.3216527095042248
jordan_composite_yahoo -vix +xauusd_cvol,0.3214710358333669
vix +oil_gold_ratio_oanda +smallcap_largecap_oanda,-0.3212574525980229
vix -nas_rvol +leg_smallcap_largecap_yahoo,-0.32099416759990834
vix -nas_rvol -ig_oas,-0.3205477652456996
leg_discretionary_staples_yahoo +hy_oas,0.3194990329084634
vix +smallcap_largecap_oanda +slope_2s30s,-0.31920649833633524
vix +smallcap_largecap_oanda +usb10y,-0.3189509810770804
vix +oil +leg_smallcap_largecap_yahoo,-0.31886241693315487
leg_discretionary_staples_yahoo -vix -oil_gold_ratio_oanda,0.3187931334857208
leg_discretionary_staples_yahoo +jordan_composite_yahoo -nzdjpy,0.3185765794199582
vix +smallcap_largecap_oanda +leg_smallcap_largecap_yahoo,-0.3180052162311935
leg_discretionary_staples_yahoo +hy_oas -xauusd_skew,0.3180013003699683
leg_discretionary_staples_yahoo -vix -nfci,0.3178657494160704
vix -hy_oas -dax,-0.317836565849862
jordan_composite_yahoo -vix +em_fx_basket,0.3172201777214833
vix -silver_gold_ratio_oanda -hy_oas,-0.31651045677627904
jordan_composite_yahoo +hy_oas -xauusd_skew,0.31643862177321586
leg_discretionary_staples_yahoo -smallcap_largecap_oanda +leg_hy_ig_credit_yahoo,0.3160479965531472
vix +nzdjpy -real10,-0.3152742275958796
vix +usd_basket -hy_oas,-0.31517159625606367
vix -leg_hy_ig_credit_yahoo +gold,-0.3147599535039019
vix -silver_gold_ratio_oanda -nas_rvol,-0.3144325471756603
vix -nas_rvol -real10,-0.31417512408477194
vix -leg_hy_ig_credit_yahoo,-0.31406711768654194
vix -ig_oas +nzdjpy,-0.31331505727322906
leg_discretionary_staples_yahoo +jordan_composite_yahoo -xauusd_skew,0.31300910610589916
leg_discretionary_staples_yahoo -oil +leg_hy_ig_credit_yahoo,0.3128880455589135
vix +smallcap_largecap_oanda -usb10y,-0.31240633789523203
leg_discretionary_staples_yahoo -vix -ftse,0.3122707098889051
leg_discretionary_staples_yahoo +jordan_composite_yahoo -oil,0.31111705511030907
vix +smallcap_largecap_oanda +usb05y,-0.3107618034171017
leg_discretionary_staples_yahoo +jordan_composite_yahoo -leg_smallcap_largecap_yahoo,0.310490146816921
jordan_composite_yahoo -vix +leg_hy_ig_credit_yahoo,0.31047874646804463
vix +xauusd_skew -ig_oas,-0.3099927623637026
vix +smallcap_largecap_oanda +usb02y,-0.30985040708743206
jordan_composite_yahoo -vix +eurusd_cvol,0.30945856904027547
vix +smallcap_largecap_oanda -leg_smallcap_largecap_yahoo,-0.3093522338915684
jordan_composite_yahoo -vix -nfci,0.30922701449264806
vix -copper_gold_ratio_yahoo -hy_oas,-0.30904493905118796
jordan_composite_yahoo +hy_oas -gold,0.30856834121246063
vix -nas_rvol +copper_gold_ratio_yahoo,-0.30834271487866993
vix -ig_oas -be10,-0.3082463048914704
vix -em_fx_basket -nas_rvol,-0.30789619702155613
vix -ig_oas -real10,-0.3075565104876656
vix +usb05y -usb02y,-0.3074978904410618
vix +eurusd_skew +oil,-0.3070715428684525
leg_discretionary_staples_yahoo -vix -slope_2s5s,0.3068314943391763
leg_discretionary_staples_yahoo -vix -eurusd_skew,0.3068034004161371
leg_discretionary_staples_yahoo -vix +usb02y,0.3064849150340432
vix -usb02y +usb10y,-0.3064159412678238
leg_discretionary_staples_yahoo -vix -slope_5s30s,0.306171805054335
vix +smallcap_largecap_oanda -audjpy,-0.3058166006000638
vix -hy_oas -dow_spx_ratio_oanda,-0.30529616603865295
vix +fwd5y5y +smallcap_largecap_oanda,-0.3050565212978301
vix -hy_oas -nikkei,-0.30476624628969645
vix +xauusd_skew -be10,-0.3047517881696932
vix +smallcap_largecap_oanda -slope_5s30s,-0.30459777960785167
vix -nas_rvol -dax,-0.304334901666505
leg_discretionary_staples_yahoo -vix -audjpy,0.30431464246363193
vix +xauusd_skew +nfci,-0.30430256889845375
leg_discretionary_staples_yahoo -vix +dax,0.3042575711909512
leg_discretionary_staples_yahoo +hy_oas -ig_oas,0.3034908353619042
vix -em_fx_basket -hy_ig_oas_diff,-0.3033736915753313
vix -leg_hy_ig_credit_yahoo +nfci,-0.3033681777615727
jordan_composite_yahoo -vix -eurusd_skew,0.30314443737990193
jordan_composite_yahoo -vix -usd_basket,0.3031033921005956
vix -hy_ig_oas_diff +nzdjpy,-0.30306183477519194
leg_discretionary_staples_yahoo +leg_hy_ig_credit_yahoo -nzdjpy,0.3028069461442061
vix -silver_gold_ratio_oanda +nzdjpy,-0.30274629451731505
leg_discretionary_staples_yahoo -vix -copper_gold_ratio_yahoo,0.3025844952207577
vix +eurusd_cvol +leg_smallcap_largecap_yahoo,-0.30257901888846844
vix -hy_oas -usb02y,-0.3024929694209919
vix +oil +gold,-0.30242053262294116
leg_discretionary_staples_yahoo +nas_rvol +leg_hy_ig_credit_yahoo,0.302259488148365
vix -nas_rvol +nfci,-0.3022478231972659
vix +eurusd_skew -hy_oas,-0.30221661352452767
jordan_composite_yahoo -vix +silver_gold_ratio_oanda,0.3021754120403214
jordan_composite_yahoo -vix +real10,0.30211659926217804
jordan_composite_yahoo -vix +be10,0.3018115610081616
vix +slope_5s30s -slope_2s30s,-0.3017141697191791
leg_discretionary_staples_yahoo -vix -usb10y,0.30170744231512314
vix -xauusd_cvol -hy_oas,-0.30160894744837835
vix -nas_rvol +usd_basket,-0.30138981053818226
leg_discretionary_staples_yahoo -vix +usb05y,0.30138477709811995
leg_discretionary_staples_yahoo -smallcap_largecap_oanda -xauusd_skew,0.30133329878745224
vix +smallcap_largecap_oanda +slope_2s5s,-0.3011235986465769
leg_discretionary_staples_yahoo -vix -nikkei,0.30100973087548427
jordan_composite_yahoo -vix -oil_gold_ratio_oanda,0.30091165805932074
leg_discretionary_staples_yahoo -vix -hangseng,0.3008333969228125
jordan_composite_yahoo -vix -slope_2s5s,0.3006861919403244
vix +smallcap_largecap_oanda +nikkei,-0.3000921155499678
vix -hy_ig_oas_diff -be10,-0.29992223829046505
vix -nas_rvol -be10,-0.2992804846190028
vix +eurusd_cvol -hy_oas,-0.29915127467245667
vix +slope_5s30s -hy_oas,-0.29868255438053726
vix +slope_2s30s -hy_oas,-0.2984627662334228
leg_discretionary_staples_yahoo +hy_oas +dax,0.298214203350807
vix +oil -slope_2s5s,-0.2981265032111286
vix -hy_oas +slope_2s5s,-0.2980729396484738
leg_discretionary_staples_yahoo -smallcap_largecap_oanda,0.29797597475720455
jordan_composite_yahoo -vix +dow_spx_ratio_oanda,0.2976760880069996
vix -oil_gold_ratio_oanda +smallcap_largecap_oanda,-0.29746886602341455
jordan_composite_yahoo +hy_oas +real10,0.2973147548125358
leg_discretionary_staples_yahoo -vix +nikkei,0.2968966810725842
vix -leg_hy_ig_credit_yahoo +usd_basket,-0.29680950276136003
jordan_composite_yahoo -vix -fwd5y5y,0.29676644827840115
vix -hy_oas -usb05y,-0.29669002568668235
vix -fwd5y5y -nas_rvol,-0.2966622659043828
vix +oil +slope_5s30s,-0.29661108335932274
vix +smallcap_largecap_oanda +slope_2s10s,-0.2966035422123647
jordan_composite_yahoo +hy_oas -ig_oas,0.2965362244600448
vix -nas_rvol -hangseng,-0.2964105685297218
leg_discretionary_staples_yahoo +jordan_composite_yahoo +ig_oas,0.2962299821616984
vix +oil -real10,-0.29618951766764723
vix -nas_rvol +slope_5s30s,-0.2961653744605683
leg_discretionary_staples_yahoo -vix +hangseng,0.2959684303150103
vix -nas_rvol -nikkei,-0.29538598915767733
vix -fwd5y5y -hy_oas,-0.2953412587706888
vix +usb05y -usb10y,-0.2953354161364094
leg_discretionary_staples_yahoo +hy_oas +nikkei,0.29516154554937857
leg_hy_ig_credit_yahoo +hy_oas -nfci,0.29506114505093994
vix -xauusd_cvol -nas_rvol,-0.29489425821385984
leg_discretionary_staples_yahoo +jordan_composite_yahoo -gold,0.2948871803925879
vix +smallcap_largecap_oanda -ftse,-0.2948601524431663
vix -em_fx_basket +leg_smallcap_largecap_yahoo,-0.29455399767239837
jordan_composite_yahoo -vix -audjpy,0.2944804267355505
vix -silver_gold_ratio_oanda -em_fx_basket,-0.2944387736182099
vix -hangseng -hy_oas,-0.2943578434144168
jordan_composite_yahoo -vix +usb02y,0.29435182786271896
leg_discretionary_staples_yahoo -vix +slope_2s30s,0.29434420814143886
vix +smallcap_largecap_oanda +hangseng,-0.29434101098867055
vix -hy_oas +slope_2s10s,-0.2941730760649511
vix -hy_oas +usb10y,-0.29408733857497604
vix -nas_rvol +usb10y,-0.2940860740405419
vix -hy_ig_oas_diff,-0.2940062113743151
leg_discretionary_staples_yahoo -vix -slope_2s30s,0.2937753036685476
vix -leg_hy_ig_credit_yahoo -be10,-0.29366608178741976
vix -usb05y +usb02y,-0.29362444646262575
vix +oil_gold_ratio_oanda -leg_hy_ig_credit_yahoo,-0.29361317374295076
leg_discretionary_staples_yahoo -vix +copper_gold_ratio_yahoo,0.293575770456298
vix +copper_gold_ratio_yahoo -hy_oas,-0.29349791357984883
vix +copper_gold_ratio_yahoo +xauusd_skew,-0.29342744201578924
vix +gold,-0.2933542285609745
jordan_composite_yahoo -slope_5s30s +hy_oas,0.29325825095756586
leg_discretionary_staples_yahoo -vix -slope_2s10s,0.2931662069137789
vix -eurusd_skew +smallcap_largecap_oanda,-0.2930285729373602
leg_discretionary_staples_yahoo +nas_rvol -smallcap_largecap_oanda,0.29296326223007885
leg_discretionary_staples_yahoo -vix +slope_5s30s,0.29289588587490667
vix +nzdjpy +leg_smallcap_largecap_yahoo,-0.29280201722298604
vix -hy_oas +audjpy,-0.2927355030823773
leg_discretionary_staples_yahoo +hy_oas -gold,0.2926992482433307
leg_discretionary_staples_yahoo -smallcap_largecap_oanda +real10,0.2926142472696947
vix +oil_gold_ratio_oanda -hy_oas,-0.29233464061262016
jordan_composite_yahoo +leg_hy_ig_credit_yahoo +hy_oas,0.2922139819143941
vix +eurusd_skew -nas_rvol,-0.2921971739941159
leg_discretionary_staples_yahoo -vix +slope_2s5s,0.2921745203297569
vix -silver_gold_ratio_oanda +oil,-0.2921611962542221
leg_discretionary_staples_yahoo -vix -usb05y,0.29200967413163276
leg_discretionary_staples_yahoo +jordan_composite_yahoo -nfci,0.2916429348260112
vix -em_fx_basket,-0.2915380111774478
jordan_composite_yahoo -vix +usb05y,0.2915303993742492
vix -em_fx_basket -leg_hy_ig_credit_yahoo,-0.2914286892947715
vix +smallcap_largecap_oanda -copper_gold_ratio_yahoo,-0.2912780344547919
leg_discretionary_staples_yahoo -vix +fwd5y5y,0.29126322329619647
jordan_composite_yahoo -vix +copper_gold_ratio_yahoo,0.29098847331761735
leg_discretionary_staples_yahoo +hy_ig_oas_diff +leg_hy_ig_credit_yahoo,0.2909172297278114
vix +xauusd_skew -real10,-0.2909100132960343
jordan_composite_yahoo -smallcap_largecap_oanda -slope_5s30s,0.29071824433368854
vix -slope_2s5s +nzdjpy,-0.29064193849155195
jordan_composite_yahoo -vix -slope_5s30s,0.29058015016512234
vix -em_fx_basket -xauusd_cvol,-0.2904874055775039
vix +nzdjpy +gold,-0.29022291878311424
vix +copper_gold_ratio_yahoo -real10,-0.290213713463993
vix -slope_5s30s +slope_2s30s,-0.29010923589079696
leg_discretionary_staples_yahoo -vix +usb10y,0.29000707060587816
jordan_composite_yahoo -vix -slope_2s30s,0.2898454478081196
vix -hy_oas -slope_2s10s,-0.2898240294318348
vix +xauusd_cvol +smallcap_largecap_oanda,-0.2897876159953043
jordan_composite_yahoo -smallcap_largecap_oanda -xauusd_skew,0.28928074082806643
vix -silver_gold_ratio_oanda +leg_smallcap_largecap_yahoo,-0.289192506143712
jordan_composite_yahoo -vix +dax,0.28900719254771684
leg_discretionary_staples_yahoo +jordan_composite_yahoo -slope_5s30s,0.2888368380776846
leg_discretionary_staples_yahoo +jordan_composite_yahoo,0.2885857654416926
vix -dax +ftse,-0.2885848288482197
leg_discretionary_staples_yahoo -vix -usb02y,0.288394921012971
vix -hy_ig_oas_diff +xauusd_skew,-0.28816493242633073
leg_discretionary_staples_yahoo -usd_basket +hy_oas,0.2880979450168483
vix +smallcap_largecap_oanda +ig_oas,-0.288043356450143
vix -eurusd_cvol -hy_oas,-0.28789035354526443
leg_discretionary_staples_yahoo -vix +slope_2s10s,0.2878651096237998
leg_discretionary_staples_yahoo -vix +eurusd_skew,0.287832511148445
leg_discretionary_staples_yahoo -vix -eurusd_cvol,0.28769006732920277
vix -slope_2s30s -hy_oas,-0.2876055379025799
jordan_composite_yahoo +hy_oas +dax,0.2875154190951917
jordan_composite_yahoo +nas_rvol -smallcap_largecap_oanda,0.28746646365370154
vix +oil -nikkei,-0.28745574721167133
leg_discretionary_staples_yahoo -vix +audjpy,0.28745353486605557
vix -hy_ig_oas_diff +nfci,-0.28731292089672295
vix -ig_oas,-0.28727667242578414
leg_discretionary_staples_yahoo -smallcap_largecap_oanda +be10,0.2871551338174587
vix -nas_rvol +slope_2s30s,-0.28712245397528274
leg_discretionary_staples_yahoo +silver_gold_ratio_oanda -smallcap_largecap_oanda,0.2870638030623841
jordan_composite_yahoo +fwd5y5y +hy_oas,0.28692554747346966
vix -fwd5y5y -leg_hy_ig_credit_yahoo,-0.28682635119190736
leg_discretionary_staples_yahoo -smallcap_largecap_oanda -nzdjpy,0.2867051703725601
leg_discretionary_staples_yahoo +nas_rvol -xauusd_skew,0.2865495847337562
vix +oil +usd_basket,-0.286467434644856
vix -silver_gold_ratio_oanda -leg_hy_ig_credit_yahoo,-0.28636722131378006
jordan_composite_yahoo +em_fx_basket +hy_oas,0.2861848757179104
vix -hy_oas +ftse,-0.2861784959344716
vix +leg_smallcap_largecap_yahoo -be10,-0.28606811872317794
jordan_composite_yahoo -vix +hangseng,0.2859776377970809
vix -hy_oas -ftse,-0.2858791746700493
vix +xauusd_skew +gold,-0.2857349396419363
jordan_composite_yahoo -slope_2s30s +hy_oas,0.28571693581668695
leg_discretionary_staples_yahoo -smallcap_largecap_oanda -slope_5s30s,0.2856780412866742
jordan_composite_yahoo +copper_gold_ratio_yahoo +hy_oas,0.285607044606775
vix +smallcap_largecap_oanda -usd_basket,-0.28548110121808573
vix +oil -be10,-0.2852572423685162
vix -nas_rvol -slope_2s5s,-0.2852503350723914
vix +xauusd_skew +leg_smallcap_largecap_yahoo,-0.2852141799337819
vix -eurusd_cvol -leg_hy_ig_credit_yahoo,-0.2849006662330079
leg_discretionary_staples_yahoo -vix -dax,0.28468721743657666
vix -nas_rvol -usb02y,-0.28460042252895834
vix -hy_oas +usb05y,-0.28456336563881485
vix -em_fx_basket -ig_oas,-0.2844652260412166
leg_discretionary_staples_yahoo +leg_hy_ig_credit_yahoo -nfci,0.284358662207548
jordan_composite_yahoo -vix -slope_2s10s,0.2843569201663031
vix -em_fx_basket -real10,-0.2843261790747625
vix +hangseng -hy_oas,-0.28408133087413995
leg_discretionary_staples_yahoo +jordan_composite_yahoo +xauusd_cvol,0.2839209801245693
vix -nas_rvol +ftse,-0.283899970287587
vix -hy_oas -audjpy,-0.28379901997328283
vix -nas_rvol +usb05y,-0.2837496463223245
vix -ig_oas +gold,-0.28372455132817676
vix +smallcap_largecap_oanda +dow_spx_ratio_oanda,-0.28371624603583007
vix -hy_ig_oas_diff -real10,-0.28347061407675733
vix -hy_oas -usb10y,-0.28345389971783264
jordan_composite_yahoo +nas_rvol -xauusd_skew,0.28344686077939446
vix -real10 +leg_smallcap_largecap_yahoo,-0.28328423022889404
vix +xauusd_cvol -hy_oas,-0.2831899739279283
leg_discretionary_staples_yahoo -slope_5s30s +hy_oas,0.2831431552554836
vix -dax +nzdjpy,-0.2831015195926285
vix +fwd5y5y -hy_oas,-0.28306970069859705
vix -slope_2s30s +slope_2s10s,-0.28298711598644105
vix +slope_5s30s -leg_hy_ig_credit_yahoo,-0.28293261667504366
leg_discretionary_staples_yahoo -vix +ftse,0.2827849255560563
vix -nas_rvol -audjpy,-0.28277272274822457
vix +oil -hangseng,-0.28270549769868875
vix -hy_oas +usb02y,-0.28267310910712956
jordan_composite_yahoo -vix +nikkei,0.2825404244706416
vix -leg_hy_ig_credit_yahoo -usb05y,-0.2824892544934298
leg_discretionary_staples_yahoo +jordan_composite_yahoo -slope_2s30s,0.2823213079452476
leg_discretionary_staples_yahoo +copper_gold_ratio_yahoo +hy_oas,0.28223006639360554
jordan_composite_yahoo +hy_oas -leg_smallcap_largecap_yahoo,0.2820336307080184
vix -ig_oas +nfci,-0.2819912090934991
vix +eurusd_skew -leg_hy_ig_credit_yahoo,-0.2819486012569011
vix +smallcap_largecap_oanda +real10,-0.28191870255421364
vix +oil -dax,-0.2818868199785921
vix -nas_rvol -dow_spx_ratio_oanda,-0.2818670680046391
vix -hy_oas -slope_2s5s,-0.28151840843422576
vix -ig_oas +leg_smallcap_largecap_yahoo,-0.28141327882182343
vix +usd_basket +gold,-0.2813890083863402
leg_discretionary_staples_yahoo +jordan_composite_yahoo +leg_hy_ig_credit_yahoo,0.2812394372756318
leg_discretionary_staples_yahoo +em_fx_basket +hy_oas,0.28121791195806506
jordan_composite_yahoo -vix -nikkei,0.28120028988060014
leg_discretionary_staples_yahoo -vix -dow_spx_ratio_oanda,0.28110008100195344
jordan_composite_yahoo -vix -ftse,0.2809699729765156
jordan_composite_yahoo -smallcap_largecap_oanda,0.2808209029320891
leg_discretionary_staples_yahoo +jordan_composite_yahoo +real10,0.2807543599593778
vix +smallcap_largecap_oanda +dax,-0.2806531038961228
vix -em_fx_basket +nzdjpy,-0.280491709543434
vix -nas_rvol +dow_spx_ratio_oanda,-0.28046687028646583
leg_discretionary_staples_yahoo +jordan_composite_yahoo -usd_basket,0.2804055692758241
vix -real10 +gold,-0.2803693486361503
jordan_composite_yahoo -vix -be10,0.28031305902308573
vix -em_fx_basket +usd_basket,-0.2801748123285818
jordan_composite_yahoo +hy_oas +nikkei,0.2801061363159141
jordan_composite_yahoo -vix +usb10y,0.2797684219261604
leg_discretionary_staples_yahoo +hy_ig_oas_diff -smallcap_largecap_oanda,0.2796634872670284
jordan_composite_yahoo -vix +fwd5y5y,0.2793739539641037
leg_discretionary_staples_yahoo +jordan_composite_yahoo +em_fx_basket,0.2791527257033137
vix -leg_hy_ig_credit_yahoo -dax,-0.27901366990904103
vix +smallcap_largecap_oanda -nfci,-0.2789471774336506
vix -xauusd_cvol -leg_hy_ig_credit_yahoo,-0.27873713940971345
vix +eurusd_skew +nzdjpy,-0.2786103769252575
vix +usd_basket +leg_smallcap_largecap_yahoo,-0.27851876115279
leg_discretionary_staples_yahoo +jordan_composite_yahoo +be10,0.27849019629963173
vix +smallcap_largecap_oanda +be10,-0.2783735766624915
vix -nas_rvol +usb02y,-0.27831922190288483
vix +oil +usb10y,-0.27826599631968485
vix -eurusd_cvol -nas_rvol,-0.2781151705502306
vix -leg_hy_ig_credit_yahoo +real10,-0.2780887283629742
leg_discretionary_staples_yahoo +leg_hy_ig_credit_yahoo -xauusd_skew,0.27784043558050175
vix +nfci +leg_smallcap_largecap_yahoo,-0.27783629474890886
vix +nzdjpy -audjpy,-0.27777476616924063
vix -leg_hy_ig_credit_yahoo -real10,-0.277721215706031
vix -leg_hy_ig_credit_yahoo -usb02y,-0.27768522146360175
vix -slope_5s30s -hy_oas,-0.27758909807905985
vix +nzdjpy -be10,-0.27753243618803053
jordan_composite_yahoo -smallcap_largecap_oanda +real10,0.2774751572931492
vix -real10,-0.2773316620041331
vix -nikkei +nzdjpy,-0.27724922963424686
jordan_composite_yahoo -smallcap_largecap_oanda -nfci,0.2771054810458788
vix +hy_ig_oas_diff +smallcap_largecap_oanda,-0.2770740371656564
jordan_composite_yahoo -xauusd_skew -nfci,0.27705792970893556
vix -leg_hy_ig_credit_yahoo +audjpy,-0.27697639927116846
leg_discretionary_staples_yahoo -smallcap_largecap_oanda -nfci,0.2769526744757231
leg_discretionary_staples_yahoo -smallcap_largecap_oanda +nikkei,0.2769388459144757
vix -eurusd_skew -hy_oas,-0.2769034242716635
leg_discretionary_staples_yahoo +jordan_composite_yahoo -oil_gold_ratio_oanda,0.2768713167629265
vix -eurusd_cvol +smallcap_largecap_oanda,-0.2768418171591494
vix +oil +nzdjpy,-0.27667374412853635
leg_discretionary_staples_yahoo -oil -smallcap_largecap_oanda,0.2766601814312872
vix +nfci +nzdjpy,-0.2765978520436052
vix -nas_rvol -usb05y,-0.2764905327953184
jordan_composite_yahoo -usd_basket +hy_oas,0.2762988453123281
vix +em_fx_basket +smallcap_largecap_oanda,-0.2762672663867017
leg_discretionary_staples_yahoo -vix +usd_basket,0.2761672503386056
vix -em_fx_basket +gold,-0.27601003501446314
leg_discretionary_staples_yahoo -smallcap_largecap_oanda -usd_basket,0.2759021822885018
leg_discretionary_staples_yahoo -slope_2s30s +hy_oas,0.2758030229973993
vix +slope_2s30s -leg_hy_ig_credit_yahoo,-0.2756769491307233
vix +usd_basket +xauusd_skew,-0.27553224528480835
leg_discretionary_staples_yahoo +hy_oas -usb10y,0.27552844653561265
leg_discretionary_staples_yahoo +leg_hy_ig_credit_yahoo -usd_basket,0.27550672446635505
vix -hy_oas +dow_spx_ratio_oanda,-0.27540502958285484
leg_hy_ig_credit_yahoo +hy_oas -nzdjpy,0.27538453944155883
jordan_composite_yahoo -vix -copper_gold_ratio_yahoo,0.27538055185381527
jordan_composite_yahoo -vix -usb10y,0.27522499768404174
vix -hy_ig_oas_diff +gold,-0.2751600052301933
vix +gold -be10,-0.27514032283427425
vix -em_fx_basket +oil,-0.27506540208357166
vix -xauusd_cvol,-0.27506173880851814
vix -leg_hy_ig_credit_yahoo -dow_spx_ratio_oanda,-0.2747287440669484
vix -be10,-0.27461643614217135
leg_discretionary_staples_yahoo +fwd5y5y +hy_oas,0.27458723006509755
vix -nas_rvol +audjpy,-0.27442813097598145
vix +slope_2s30s -slope_2s10s,-0.2742844457322643
leg_discretionary_staples_yahoo -slope_5s30s +leg_hy_ig_credit_yahoo,0.2741884966172426
vix -em_fx_basket -be10,-0.27414997036272026
leg_discretionary_staples_yahoo -vix +nfci,0.27413793139224873
vix -leg_hy_ig_credit_yahoo -usb10y,-0.2740118168253911
vix -em_fx_basket +nfci,-0.27394768841953165
leg_discretionary_staples_yahoo +ig_oas +real10,0.2739162540404192
leg_discretionary_staples_yahoo -vix -be10,0.2739012753056161
vix -eurusd_cvol +nzdjpy,-0.27387994175375363
vix -xauusd_cvol +nfci,-0.27370924635102706
leg_discretionary_staples_yahoo -smallcap_largecap_oanda +leg_smallcap_largecap_yahoo,0.27346703449177456
vix -copper_gold_ratio_yahoo -leg_hy_ig_credit_yahoo,-0.2734354099446485
vix -leg_hy_ig_credit_yahoo -nikkei,-0.2732835542944695
vix -em_fx_basket -fwd5y5y,-0.2732679939842991
leg_discretionary_staples_yahoo -vix -real10,0.2732667447966969
vix -leg_hy_ig_credit_yahoo -hangseng,-0.27321003736904437
jordan_composite_yahoo -smallcap_largecap_oanda -slope_2s30s,0.2730719957967545
jordan_composite_yahoo -eurusd_skew +hy_oas,0.27306744132846256
vix -fwd5y5y +oil,-0.27291231660156196
vix +eurusd_cvol -nas_rvol,-0.27290931861380935
jordan_composite_yahoo +hy_ig_oas_diff -smallcap_largecap_oanda,0.2728801527824306
jordan_composite_yahoo -smallcap_largecap_oanda -nzdjpy,0.27280812037320684
vix -eurusd_cvol +oil,-0.272679895004074
leg_discretionary_staples_yahoo +hy_ig_oas_diff +nas_rvol,0.2725991070898868
vix +oil -copper_gold_ratio_yahoo,-0.27226254014804574
leg_discretionary_staples_yahoo -oil -xauusd_skew,0.27221987264025277
vix +copper_gold_ratio_yahoo -leg_hy_ig_credit_yahoo,-0.27221840478708453
vix -hy_oas +nikkei,-0.2721729032557237
leg_discretionary_staples_yahoo +hy_ig_oas_diff -nfci,0.27212410849417595
vix +usd_basket +nzdjpy,-0.2720751895835129
jordan_composite_yahoo +hy_ig_oas_diff -nfci,0.2720199455544149
jordan_composite_yahoo -vix -hangseng,0.27182065500869107
oil -leg_hy_ig_credit_yahoo -hy_oas,-0.2718100732848111
leg_discretionary_staples_yahoo +nas_rvol,0.27176410413927005
leg_discretionary_staples_yahoo +jordan_composite_yahoo +dax,0.2717606074563265
vix -dax +gold,-0.2717076187709132
jordan_composite_yahoo +hy_ig_oas_diff +nas_rvol,0.27167358264564156
leg_discretionary_staples_yahoo +leg_hy_ig_credit_yahoo -gold,0.2715212624815366
vix -leg_hy_ig_credit_yahoo +slope_2s5s,-0.27104431793125155
leg_discretionary_staples_yahoo +hangseng +hy_oas,0.27096601577635854
vix +slope_2s30s +xauusd_skew,-0.27092386123829126
leg_discretionary_staples_yahoo +jordan_composite_yahoo +dow_spx_ratio_oanda,0.27088904189684804
leg_discretionary_staples_yahoo -smallcap_largecap_oanda -usb10y,0.2707240587664579
jordan_composite_yahoo -xauusd_skew -nzdjpy,0.27070296422285206
jordan_composite_yahoo -oil -xauusd_skew,0.2706565897052413
leg_discretionary_staples_yahoo -smallcap_largecap_oanda +dax,0.2705925650430943
leg_discretionary_staples_yahoo +jordan_composite_yahoo +silver_gold_ratio_oanda,0.2705292668227914
jordan_composite_yahoo +hy_oas -slope_2s10s,0.27049336555935777
vix -nas_rvol +slope_2s10s,-0.2703719222149126
leg_discretionary_staples_yahoo +silver_gold_ratio_oanda +hy_oas,0.2703166801200994
vix +smallcap_largecap_oanda -gold,-0.2703069586367905
vix +oil -dow_spx_ratio_oanda,-0.27022627446631586
vix +oil -audjpy,-0.27017279419513784
vix +oil +slope_2s30s,-0.27014217598548057
vix +silver_gold_ratio_oanda -hy_oas,-0.2700622201100178
vix -hy_ig_oas_diff +leg_smallcap_largecap_yahoo,-0.27005036751723843
leg_hy_ig_credit_yahoo +hy_oas +be10,0.2700132277279822
vix -dax +leg_smallcap_largecap_yahoo,-0.270000018729295
vix +oil -slope_2s10s,-0.26975143696801174
vix -usd_basket -hy_oas,-0.269604969748539
vix +eurusd_skew -silver_gold_ratio_oanda,-0.2695680086503326
leg_discretionary_staples_yahoo -eurusd_skew +hy_oas,0.2695444227553869
leg_discretionary_staples_yahoo -xauusd_skew -nzdjpy,0.26917442582868617
leg_discretionary_staples_yahoo +xauusd_cvol -smallcap_largecap_oanda,0.26916345896400934
jordan_composite_yahoo -smallcap_largecap_oanda +dax,0.2690365311620751
jordan_composite_yahoo +nas_rvol -nzdjpy,0.2688413289652435
vix +usb10y +nzdjpy,-0.26881357157068614
leg_discretionary_staples_yahoo +jordan_composite_yahoo -eurusd_skew,0.26868428900212865
leg_discretionary_staples_yahoo +nas_rvol -oil,0.2685873470983906
leg_discretionary_staples_yahoo +leg_hy_ig_credit_yahoo,0.26851183166903564
jordan_composite_yahoo +nas_rvol -slope_5s30s,0.2685097292166041
leg_discretionary_staples_yahoo +jordan_composite_yahoo -fwd5y5y,0.2684211481902437
jordan_composite_yahoo -vix +ftse,0.26837926929141576
vix +eurusd_skew +xauusd_skew,-0.2683275789002727
jordan_composite_yahoo -vix -real10,0.268069020794457
vix -eurusd_cvol +xauusd_skew,-0.2677458510548096
vix -hangseng +nzdjpy,-0.26773429732748266
vix +oil +usb05y,-0.26772775116325426
leg_discretionary_staples_yahoo +hy_oas -usb05y,0.26746307289508436
vix +leg_smallcap_largecap_yahoo +gold,-0.2672859692622024
vix -em_fx_basket -slope_2s5s,-0.2671739488300235
leg_discretionary_staples_yahoo -eurusd_cvol -smallcap_largecap_oanda,0.26717173205828026
leg_discretionary_staples_yahoo +jordan_composite_yahoo -slope_2s10s,0.2671194637582441
jordan_composite_yahoo +eurusd_cvol +hy_oas,0.26707436278428404
vix +fwd5y5y +oil,-0.26700044392357364
vix -xauusd_cvol +gold,-0.26687270694231774
leg_discretionary_staples_yahoo -vix +oil_gold_ratio_oanda,0.26683245913278886
leg_discretionary_staples_yahoo +nas_rvol +real10,0.26679588999645487
leg_discretionary_staples_yahoo -smallcap_largecap_oanda +ig_oas,0.2667823006820426
jordan_composite_yahoo -vix +slope_2s30s,0.2667816973916337
vix -hy_ig_oas_diff -hy_oas,-0.2667181828628995
leg_discretionary_staples_yahoo +jordan_composite_yahoo +nikkei,0.26667884185218743
vix -oil_gold_ratio_oanda -nas_rvol,-0.26658523877608375
jordan_composite_yahoo -oil -smallcap_largecap_oanda,0.2665789894983464
vix -nas_rvol -ftse,-0.26653460463396694
jordan_composite_yahoo -smallcap_largecap_oanda -gold,0.26646679290963526
jordan_composite_yahoo +nas_rvol -nfci,0.26646511592290967
vix -copper_gold_ratio_yahoo -ig_oas,-0.2664399739994894
leg_discretionary_staples_yahoo -vix -silver_gold_ratio_oanda,0.2664087350395325
leg_discretionary_staples_yahoo +jordan_composite_yahoo +eurusd_cvol,0.26632190610101153
vix -nas_rvol -slope_2s10s,-0.2663134087530752
leg_discretionary_staples_yahoo +leg_hy_ig_credit_yahoo +be10,0.2661259472577486
jordan_composite_yahoo -vix -usb05y,0.2660552646450709
vix -oil_gold_ratio_oanda -hy_oas,-0.2659597659802986
vix +oil +nfci,-0.26593501297987615
jordan_composite_yahoo +silver_gold_ratio_oanda -smallcap_largecap_oanda,0.2659255651139477
smallcap_largecap_oanda -hy_oas -real10,-0.2658677192283495
vix -silver_gold_ratio_oanda,-0.2658237096900072
vix +copper_gold_ratio_yahoo +leg_smallcap_largecap_yahoo,-0.26577447775585766
leg_discretionary_staples_yahoo +hy_oas -usb02y,0.2655483855019455
leg_discretionary_staples_yahoo -smallcap_largecap_oanda -gold,0.2655161831840337
hy_oas -xauusd_skew -nfci,0.26530642645796
leg_discretionary_staples_yahoo -smallcap_largecap_oanda -copper_gold_ratio_yahoo,0.26529399463187636
leg_discretionary_staples_yahoo +nas_rvol -slope_5s30s,0.2652532971427165
vix -fwd5y5y +xauusd_skew,-0.2651603191907099
leg_discretionary_staples_yahoo +xauusd_cvol +hy_oas,0.26508785125943735
vix -em_fx_basket -eurusd_cvol,-0.264992498455831
leg_discretionary_staples_yahoo +nas_rvol -nzdjpy,0.2649486532944951
vix +eurusd_skew +usd_basket,-0.26493096205916356
vix +xauusd_skew +usb10y,-0.26490327141687614
jordan_composite_yahoo -vix -usb02y,0.2648640569001131
vix -slope_2s10s +slope_2s5s,-0.26478464305943433
vix +xauusd_skew -dax,-0.26469649934878015
jordan_composite_yahoo +xauusd_cvol +hy_oas,0.2646672754963968
vix -xauusd_cvol +xauusd_skew,-0.26461734825362543
smallcap_largecap_oanda -leg_hy_ig_credit_yahoo -hy_oas,-0.2645945074866892
leg_discretionary_staples_yahoo -smallcap_largecap_oanda -usb05y,0.2645168984968367
leg_discretionary_staples_yahoo -smallcap_largecap_oanda -slope_2s30s,0.26444857067758326
vix -nikkei +gold,-0.2643850199547211
vix +nzdjpy -dow_spx_ratio_oanda,-0.2642528157941462
leg_discretionary_staples_yahoo +hy_oas +audjpy,0.26422204757896545
vix -hangseng +gold,-0.2642035232782511
leg_discretionary_staples_yahoo -oil_gold_ratio_oanda +leg_hy_ig_credit_yahoo,0.2641919785472124
smallcap_largecap_oanda -hy_oas -be10,-0.2640611266601517
jordan_composite_yahoo -vix -eurusd_cvol,0.26400907312614624
vix +oil +usb02y,-0.2639934126438236
leg_discretionary_staples_yahoo +fwd5y5y -smallcap_largecap_oanda,0.2639310514189397
jordan_composite_yahoo -vix +audjpy,0.26391212450906076
jordan_composite_yahoo +nas_rvol,0.2639101386542648
leg_discretionary_staples_yahoo +hy_oas +leg_smallcap_largecap_yahoo,0.26369617009475915
vix -nas_rvol -copper_gold_ratio_yahoo,-0.26369058596056455
jordan_composite_yahoo -hy_ig_oas_diff +hy_oas,0.26339440873271885
vix +slope_2s10s -slope_2s5s,-0.2633058794765509
leg_discretionary_staples_yahoo -smallcap_largecap_oanda -usb02y,0.26317316498721127
leg_discretionary_staples_yahoo +hy_oas +dow_spx_ratio_oanda,0.26317127900132203
vix -leg_hy_ig_credit_yahoo +ftse,-0.2630702061757681
leg_discretionary_staples_yahoo +hy_oas +slope_2s5s,0.26305890251308794
leg_discretionary_staples_yahoo -vix -ig_oas,0.26305005129102554
jordan_composite_yahoo -vix +slope_2s5s,0.2630254289878649
jordan_composite_yahoo -vix +slope_5s30s,0.2630100632940253
vix -nas_rvol -usb10y,-0.2629658101483298
vix +oil_gold_ratio_oanda -nas_rvol,-0.26290282113752617
vix -hy_oas -ig_oas,-0.262900837878575
jordan_composite_yahoo -smallcap_largecap_oanda +leg_hy_ig_credit_yahoo,0.2628358241287322
vix -silver_gold_ratio_oanda -hy_ig_oas_diff,-0.26267427592940795
leg_discretionary_staples_yahoo -slope_2s30s +leg_hy_ig_credit_yahoo,0.2624760878416577
vix +oil -nfci,-0.26236578505509794
jordan_composite_yahoo -vix -dow_spx_ratio_oanda,0.2623157777217762
vix +slope_5s30s +nzdjpy,-0.26225567385764254
vix +xauusd_skew +slope_2s10s,-0.26217786095192536
vix +oil +copper_gold_ratio_yahoo,-0.26200564386243863
jordan_composite_yahoo +hy_oas +dow_spx_ratio_oanda,0.2618897762872493
vix +usd_basket,-0.2618304195530531
vix -eurusd_cvol,-0.26160937708077525
leg_discretionary_staples_yahoo -smallcap_largecap_oanda +hangseng,0.2613663671216963
jordan_composite_yahoo +hy_ig_oas_diff -oil,0.26132803349990397
vix -xauusd_cvol +copper_gold_ratio_yahoo,-0.2612963138682878
vix +xauusd_cvol -leg_hy_ig_credit_yahoo,-0.26128999372316364
leg_discretionary_staples_yahoo +jordan_composite_yahoo +fwd5y5y,0.2612685519842767
jordan_composite_yahoo +nas_rvol -oil,0.2612297956976061
vix -ig_oas -dax,-0.26117460204150894
jordan_composite_yahoo +nas_rvol -slope_2s30s,0.2611387348515079
leg_discretionary_staples_yahoo +hy_ig_oas_diff +real10,0.2610530600828475
vix -nikkei +audjpy,-0.2608234710525978
jordan_composite_yahoo -vix +nfci,0.2608134588108782
leg_discretionary_staples_yahoo -hy_ig_oas_diff +hy_oas,0.26077346236745913
leg_discretionary_staples_yahoo +jordan_composite_yahoo +hangseng,0.2607714370066545
leg_discretionary_staples_yahoo +usb05y -usb10y,0.2605619644218545
vix -oil_gold_ratio_oanda +nzdjpy,-0.26051587040648616
leg_discretionary_staples_yahoo +jordan_composite_yahoo -slope_2s5s,0.2604769653364921
jordan_composite_yahoo -oil -slope_5s30s,0.26045078967445456
vix -em_fx_basket -dax,-0.2603762207224205
vix -slope_2s10s +nzdjpy,-0.26031085851102137
vix -hy_ig_oas_diff -dax,-0.26028922948007926
vix -fwd5y5y +nzdjpy,-0.2602887703661384
vix +xauusd_skew +ftse,-0.2601645375907364
leg_discretionary_staples_yahoo -vix -xauusd_cvol,0.26014241720073067
vix -nas_rvol +be10,-0.26009508227039646
vix -em_fx_basket +oil_gold_ratio_oanda,-0.26006785269629984
jordan_composite_yahoo -vix +eurusd_skew,0.2600456052665913
leg_discretionary_staples_yahoo +jordan_composite_yahoo -ftse,0.26004245538915904
jordan_composite_yahoo -smallcap_largecap_oanda +nikkei,0.26003343205990237
vix +xauusd_cvol -nas_rvol,-0.2600310285977474
jordan_composite_yahoo +hangseng +hy_oas,0.25998803106867646
vix +fwd5y5y -nas_rvol,-0.25998248860282364
leg_discretionary_staples_yahoo +hy_oas -slope_2s10s,0.2599747248053789
jordan_composite_yahoo +hy_oas -audjpy,0.25988279658957064
leg_discretionary_staples_yahoo +jordan_composite_yahoo -usb10y,0.25979168983618
jordan_composite_yahoo -nfci -leg_smallcap_largecap_yahoo,0.25973599165550587
vix +copper_gold_ratio_yahoo +nzdjpy,-0.2596572621055233
vix +usb02y -usb10y,-0.2596453591402691
vix -silver_gold_ratio_oanda +xauusd_skew,-0.2595245307692021
leg_discretionary_staples_yahoo +silver_gold_ratio_oanda +nas_rvol,0.2592577403871926
vix -audjpy +gold,-0.2592501803029793
vix +oil +ftse,-0.2592376584470113
leg_discretionary_staples_yahoo -nzdjpy +real10,0.2591776149961537
vix -silver_gold_ratio_oanda -be10,-0.25917559234755033
jordan_composite_yahoo +fwd5y5y -smallcap_largecap_oanda,0.25905390434240333
vix +eurusd_skew -be10,-0.25903662161673235
leg_discretionary_staples_yahoo +jordan_composite_yahoo -audjpy,0.2587582807882647
vix -nas_rvol -slope_2s30s,-0.2587492361155922
leg_discretionary_staples_yahoo +nas_rvol -nfci,0.2586834006387878
vix +slope_5s30s +xauusd_skew,-0.258595893474484
jordan_composite_yahoo +silver_gold_ratio_oanda +hy_oas,0.25833649167191997
leg_discretionary_staples_yahoo -smallcap_largecap_oanda +slope_2s5s,0.2583044947052935
jordan_composite_yahoo +ig_oas +real10,0.25828671759512056
jordan_composite_yahoo -vix +slope_2s10s,0.2582290122425327
vix +usd_basket -ig_oas,-0.2581098488249571
jordan_composite_yahoo +xauusd_cvol -nzdjpy,0.2580757818534064
jordan_composite_yahoo -smallcap_largecap_oanda +be10,0.258040329991497
jordan_composite_yahoo -vix -dax,0.25798288100949
vix -nas_rvol +slope_2s5s,-0.2579040753111509
vix -leg_hy_ig_credit_yahoo +slope_2s10s,-0.2578444206549332
leg_discretionary_staples_yahoo +nas_rvol +ig_oas,0.25769923825366037
vix -silver_gold_ratio_oanda +gold,-0.2575982499662598
leg_discretionary_staples_yahoo +jordan_composite_yahoo +copper_gold_ratio_yahoo,0.2575804580006902
leg_discretionary_staples_yahoo +leg_hy_ig_credit_yahoo +ig_oas,0.2574448042490738
jordan_composite_yahoo +hy_ig_oas_diff -nzdjpy,0.25732101233172927
leg_discretionary_staples_yahoo -vix -em_fx_basket,0.2571244595415524
jordan_composite_yahoo -oil +leg_hy_ig_credit_yahoo,0.25706556704277933
vix +eurusd_skew -real10,-0.25706330030064034
leg_discretionary_staples_yahoo +hy_oas +slope_2s10s,0.2569755311670321
leg_discretionary_staples_yahoo +oil_gold_ratio_oanda -oil,0.2568990702038367
smallcap_largecap_oanda -hy_oas +nfci,-0.2568987530498236
vix -leg_hy_ig_credit_yahoo +nikkei,-0.25649728816570055
vix -nas_rvol +nikkei,-0.2564527405010737
vix -leg_hy_ig_credit_yahoo -ftse,-0.2564009048996215
vix -leg_hy_ig_credit_yahoo +be10,-0.25639471284425264
vix +usb05y +nzdjpy,-0.25631659775207283
vix +oil -usb02y,-0.25618592077037466
vix -leg_hy_ig_credit_yahoo -slope_2s5s,-0.256180057279532
jordan_composite_yahoo -smallcap_largecap_oanda +hangseng,0.25614247826773695
leg_discretionary_staples_yahoo +leg_hy_ig_credit_yahoo +dax,0.2561033759268061
vix +silver_gold_ratio_oanda +smallcap_largecap_oanda,-0.25603185087876734
vix -nas_rvol -usd_basket,-0.25596879791682153
leg_discretionary_staples_yahoo -xauusd_skew +ig_oas,0.25590958529917207
vix +nzdjpy +ftse,-0.2559081551177485
jordan_composite_yahoo +hy_ig_oas_diff +hy_oas,0.25586545116851517
leg_discretionary_staples_yahoo -nzdjpy +be10,0.25578344345004916
vix +nfci +gold,-0.25572729414528006
vix +nfci,-0.2555318654777746
leg_discretionary_staples_yahoo -vix +leg_smallcap_largecap_yahoo,0.25548458365814497
vix +eurusd_skew,-0.2554122778808933
vix -nikkei +leg_smallcap_largecap_yahoo,-0.255392599644355
jordan_composite_yahoo -smallcap_largecap_oanda +ig_oas,0.2553307209507165
leg_discretionary_staples_yahoo +xauusd_cvol -oil,0.25520833545184146
leg_discretionary_staples_yahoo +hy_oas +ftse,0.2551912705864379
leg_discretionary_staples_yahoo +silver_gold_ratio_oanda -nzdjpy,0.25507033092999837
vix -slope_2s5s +gold,-0.25505854799055155
leg_discretionary_staples_yahoo +xauusd_cvol -nzdjpy,0.2547962807281464
vix -xauusd_cvol -be10,-0.25479521878595734
leg_discretionary_staples_yahoo +hy_ig_oas_diff -oil,0.2547816175775763
vix -slope_2s10s +leg_smallcap_largecap_yahoo,-0.2547708346670426
jordan_composite_yahoo -eurusd_cvol +hy_oas,0.25438413410690625
vix +oil_gold_ratio_oanda +gold,-0.2543104237781333
vix +slope_2s30s +nzdjpy,-0.2542800960104377
jordan_composite_yahoo +nas_rvol +leg_hy_ig_credit_yahoo,0.254102654604588
leg_discretionary_staples_yahoo +silver_gold_ratio_oanda -oil,0.25406824723121874
leg_discretionary_staples_yahoo +hy_oas -leg_smallcap_largecap_yahoo,0.2540555717387914
jordan_composite_yahoo +hy_oas +ftse,0.2539450652293069
leg_discretionary_staples_yahoo +nas_rvol +dax,0.25392936048757125
leg_discretionary_staples_yahoo +em_fx_basket -xauusd_skew,0.2539281530980983
leg_discretionary_staples_yahoo +em_fx_basket -smallcap_largecap_oanda,0.2539256257224838
leg_discretionary_staples_yahoo +jordan_composite_yahoo -usb05y,0.2539078184250256
jordan_composite_yahoo -eurusd_skew -smallcap_largecap_oanda,0.2537995498113576
vix -eurusd_skew -nas_rvol,-0.25374122933499577
vix -silver_gold_ratio_oanda -ig_oas,-0.2537228461445988
vix +eurusd_cvol -leg_hy_ig_credit_yahoo,-0.2536724189171093
vix +oil_gold_ratio_oanda +xauusd_skew,-0.25363457163397995
leg_discretionary_staples_yahoo -xauusd_skew,0.25358631507939755
nas_rvol +leg_hy_ig_credit_yahoo +hy_oas,0.25355060610952296
leg_discretionary_staples_yahoo +hy_ig_oas_diff +be10,0.25354311554919856
vix +usb05y +xauusd_skew,-0.2535041137978174
vix -nas_rvol +hangseng,-0.25346648683951284
vix -hy_ig_oas_diff +usd_basket,-0.2534631552815255
leg_discretionary_staples_yahoo -xauusd_skew -nfci,0.25337765024643044
vix +eurusd_skew +nfci,-0.2533679194139529
vix +usb02y +nzdjpy,-0.253319151832021
leg_discretionary_staples_yahoo +leg_hy_ig_credit_yahoo -leg_smallcap_largecap_yahoo,0.25329916888595116
leg_discretionary_staples_yahoo +nas_rvol +be10,0.2532196850966048
leg_discretionary_staples_yahoo +leg_hy_ig_credit_yahoo +real10,0.2531993026189947
vix -em_fx_basket -hangseng,-0.25310194679889175
leg_discretionary_staples_yahoo -eurusd_skew -smallcap_largecap_oanda,0.25294356589948463
vix -hy_oas +real10,-0.25278396455813346
jordan_composite_yahoo -vix +usd_basket,0.2527444191121725
jordan_composite_yahoo +hy_oas -usb10y,0.25268319566929076
vix +xauusd_skew -nikkei,-0.2526335116926757
jordan_composite_yahoo +nas_rvol -leg_smallcap_largecap_yahoo,0.25252831225821387
jordan_composite_yahoo +hy_oas +usb05y,0.252504904636465
jordan_composite_yahoo +hy_oas +usb02y,0.25236128751768716
vix -hy_oas -leg_smallcap_largecap_yahoo,-0.2523430636660417
vix -hy_ig_oas_diff +slope_5s30s,-0.2523279195100091
vix -hangseng +xauusd_skew,-0.2522926505563225
leg_discretionary_staples_yahoo +hy_ig_oas_diff -nzdjpy,0.25227389353140517
vix +xauusd_skew +slope_2s5s,-0.25221889302230727
leg_discretionary_staples_yahoo +jordan_composite_yahoo -copper_gold_ratio_yahoo,0.2522156979306445
leg_discretionary_staples_yahoo -eurusd_cvol +hy_oas,0.25212822539796087
leg_discretionary_staples_yahoo +hy_ig_oas_diff -xauusd_skew,0.25212147614937647
vix -eurusd_skew -leg_hy_ig_credit_yahoo,-0.2520474038747355
vix -copper_gold_ratio_yahoo +nzdjpy,-0.25203294756342254
jordan_composite_yahoo -vix -xauusd_cvol,0.25202644948047936
vix -nas_rvol -nfci,-0.25178033559982776
vix +slope_5s30s -slope_2s10s,-0.2516813889644258
jordan_composite_yahoo +hy_oas -usb02y,0.2516736626017527
smallcap_largecap_oanda -hy_oas -leg_smallcap_largecap_yahoo,-0.25164832316380853
leg_discretionary_staples_yahoo -slope_5s30s -xauusd_skew,0.2516186084802894
vix -dax,-0.2516159532664931
leg_discretionary_staples_yahoo +fwd5y5y +leg_hy_ig_credit_yahoo,0.25161255480529293
leg_discretionary_staples_yahoo +jordan_composite_yahoo -usb02y,0.2515534413622064
jordan_composite_yahoo -xauusd_skew +ig_oas,0.2514806065654974
vix -leg_hy_ig_credit_yahoo +dow_spx_ratio_oanda,-0.25135691384250214
vix -leg_hy_ig_credit_yahoo -slope_2s10s,-0.25124073372211153
leg_discretionary_staples_yahoo +jordan_composite_yahoo +usb02y,0.25121710859340896
jordan_composite_yahoo -vix -silver_gold_ratio_oanda,0.25119046175640364
leg_discretionary_staples_yahoo -smallcap_largecap_oanda +audjpy,0.25118579090554155
jordan_composite_yahoo -xauusd_skew,0.25108289683536794
jordan_composite_yahoo -vix -leg_hy_ig_credit_yahoo,0.251041816614279
vix +oil +dow_spx_ratio_oanda,-0.25103541278561725
jordan_composite_yahoo +ig_oas -nfci,0.25100341361121137
vix -nas_rvol +real10,-0.250988470187789
leg_discretionary_staples_yahoo +nas_rvol -slope_2s30s,0.2509867959684575
vix +leg_smallcap_largecap_yahoo -dow_spx_ratio_oanda,-0.25096480914132185
leg_discretionary_staples_yahoo -smallcap_largecap_oanda +dow_spx_ratio_oanda,0.2509532136756303
leg_discretionary_staples_yahoo +slope_2s30s +hy_oas,0.25093784374973543
vix -real10 -be10,-0.25090459184774166
vix -dow_spx_ratio_oanda,-0.2508668391591337
vix -fwd5y5y -real10,-0.25083669330514485
jordan_composite_yahoo +hy_ig_oas_diff,0.2507576374522154
jordan_composite_yahoo +leg_hy_ig_credit_yahoo -nfci,0.2507131654945595
leg_discretionary_staples_yahoo -oil +real10,0.2506879149156627
vix +eurusd_skew -hy_ig_oas_diff,-0.2505776107025347
vix -slope_2s30s +leg_smallcap_largecap_yahoo,-0.25055148010739015
vix +nikkei -dax,-0.2504678508486848
leg_discretionary_staples_yahoo +jordan_composite_yahoo +usb05y,0.2504636474973166
hy_oas -nfci,0.25040634461965533
vix +oil -usb05y,-0.250347372591588
jordan_composite_yahoo -xauusd_cvol +hy_oas,0.25025483013405425
leg_discretionary_staples_yahoo +leg_hy_ig_credit_yahoo +nikkei,0.250245557184782
vix +fwd5y5y -leg_hy_ig_credit_yahoo,-0.25004382192614416
leg_discretionary_staples_yahoo -slope_5s30s -nzdjpy,0.25000415931336634
vix -hy_ig_oas_diff -nikkei,-0.2499907592242507
leg_discretionary_staples_yahoo +em_fx_basket +leg_hy_ig_credit_yahoo,0.24998081340653597
jordan_composite_yahoo +oil_gold_ratio_oanda -smallcap_largecap_oanda,0.24996865272036928
vix -leg_hy_ig_credit_yahoo +hangseng,-0.24989565036493733
vix -leg_hy_ig_credit_yahoo +usb10y,-0.24989104194052544
vix +usb02y +xauusd_skew,-0.24985503118054758
vix +copper_gold_ratio_yahoo +usd_basket,-0.24983017008989156
jordan_composite_yahoo +leg_hy_ig_credit_yahoo -nzdjpy,0.24976580902721712
vix +eurusd_skew -ig_oas,-0.24970198226646192
jordan_composite_yahoo +hy_oas -usb05y,0.24967959120031086
vix +nfci -real10,-0.24966726997036878
vix +eurusd_skew -xauusd_cvol,-0.24965487283307594
vix +copper_gold_ratio_yahoo -be10,-0.24941659547668435
vix +slope_5s30s -ig_oas,-0.24930105842325145
leg_discretionary_staples_yahoo +hy_ig_oas_diff +hy_oas,0.2492363763426117
jordan_composite_yahoo +nas_rvol +dax,0.24922478199594442
jordan_composite_yahoo -smallcap_largecap_oanda -usd_basket,0.24920538011066456
jordan_composite_yahoo +xauusd_cvol -oil,0.24920510125522785
leg_discretionary_staples_yahoo +hy_ig_oas_diff,0.2491975652239668
vix -fwd5y5y -hy_ig_oas_diff,-0.24918638819673422
smallcap_largecap_oanda -leg_hy_ig_credit_yahoo +nfci,-0.24916162670543282
vix -leg_hy_ig_credit_yahoo +ig_oas,-0.24887864777083893
jordan_composite_yahoo +leg_hy_ig_credit_yahoo -xauusd_skew,0.2486443086348277
vix -hangseng +leg_smallcap_largecap_yahoo,-0.24857940287416147
vix -dax +audjpy,-0.24852443016258308
jordan_composite_yahoo +oil_gold_ratio_oanda +hy_oas,0.24852117283239655
vix -hy_oas -gold,-0.24851702254480057
fwd5y5y +leg_hy_ig_credit_yahoo +hy_oas,0.24849629833307202
slope_5s30s -leg_hy_ig_credit_yahoo -hy_oas,-0.24838994645237272
vix +xauusd_skew -dow_spx_ratio_oanda,-0.24825461807102303
vix +usb10y +leg_smallcap_largecap_yahoo,-0.24821808835662595
vix -leg_hy_ig_credit_yahoo +usb02y,-0.2481555382096912
leg_discretionary_staples_yahoo +nas_rvol +nikkei,0.24804799607583858
jordan_composite_yahoo +oil_gold_ratio_oanda -oil,0.24792345896375165
vix +oil -slope_2s30s,-0.24788650785176863
vix -silver_gold_ratio_oanda -xauusd_cvol,-0.24785833693990728
jordan_composite_yahoo +hy_ig_oas_diff +leg_hy_ig_credit_yahoo,0.24776652415621464
vix -eurusd_cvol +nfci,-0.24776564811162186
vix -nikkei +ftse,-0.24770630468654117
vix +eurusd_skew +gold,-0.24764888855614828
vix -slope_2s30s +nzdjpy,-0.2476224958390127
leg_discretionary_staples_yahoo -vix +gold,0.24760897246368604
vix -slope_2s30s -leg_hy_ig_credit_yahoo,-0.24760542539911118
vix -hy_ig_oas_diff +ig_oas,-0.24759160431736554
leg_discretionary_staples_yahoo +nas_rvol -gold,0.24755001514606906
leg_discretionary_staples_yahoo +nas_rvol -usb10y,0.24754009667951118
jordan_composite_yahoo +xauusd_cvol -smallcap_largecap_oanda,0.2474617030159664
vix +xauusd_skew -audjpy,-0.2474393906127454
leg_discretionary_staples_yahoo +eurusd_cvol +hy_oas,0.24733750266283674
vix -hy_oas +dax,-0.24727247883990883
vix -em_fx_basket -dow_spx_ratio_oanda,-0.24719097459206665
leg_discretionary_staples_yahoo +silver_gold_ratio_oanda +leg_hy_ig_credit_yahoo,0.24717767676412905
leg_discretionary_staples_yahoo +hy_oas -ftse,0.24706369384213667
jordan_composite_yahoo -leg_smallcap_largecap_yahoo,0.24700460202850597
vix -dax -real10,-0.24695436261116652
vix -hy_ig_oas_diff -xauusd_cvol,-0.24690261181741927
vix -em_fx_basket +slope_5s30s,-0.2469013021667686
vix -em_fx_basket +ftse,-0.24673687276296757
jordan_composite_yahoo +hy_ig_oas_diff -xauusd_skew,0.24671733186065298
vix +slope_5s30s +gold,-0.24667582553525583
vix -nas_rvol +dax,-0.24654969932759851
jordan_composite_yahoo -nzdjpy -leg_smallcap_largecap_yahoo,0.24647368327015368
leg_discretionary_staples_yahoo +hy_oas -audjpy,0.2464186792065802
vix +eurusd_cvol +oil,-0.24638532238529798
leg_discretionary_staples_yahoo -xauusd_skew +real10,0.24638412969744375
vix -nfci +nzdjpy,-0.24634036624875685
vix +fwd5y5y +nzdjpy,-0.24625928546664283
vix -fwd5y5y +gold,-0.24624901726508922
leg_discretionary_staples_yahoo +ig_oas +be10,0.24624062694829554
leg_discretionary_staples_yahoo -oil +be10,0.2461390300614179
vix -usb02y +xauusd_skew,-0.2461361566739408
vix +oil +audjpy,-0.24613446068830933
leg_discretionary_staples_yahoo +hy_oas -dow_spx_ratio_oanda,0.24608498174371662
vix -eurusd_cvol +gold,-0.24600279869729433
vix +oil -ftse,-0.24597787881067273
vix -fwd5y5y +leg_smallcap_largecap_yahoo,-0.24592313474632765
jordan_composite_yahoo -eurusd_cvol -smallcap_largecap_oanda,0.24575069274492434
vix +copper_gold_ratio_yahoo,-0.245749481934212
leg_discretionary_staples_yahoo +jordan_composite_yahoo +audjpy,0.2457379228050191
jordan_composite_yahoo +hy_oas +usb10y,0.24572231633825908
leg_discretionary_staples_yahoo -vix +xauusd_skew,0.2456706675764129
vix -hy_ig_oas_diff +usb10y,-0.24566068795293244
smallcap_largecap_oanda +slope_5s30s -leg_hy_ig_credit_yahoo,-0.24560239999124509
vix -leg_hy_ig_credit_yahoo -audjpy,-0.24550012934530374
vix -xauusd_cvol +leg_smallcap_largecap_yahoo,-0.2454943615453163
jordan_composite_yahoo +hy_oas -slope_2s5s,0.24548717266813397
vix +oil +slope_2s10s,-0.24548415601453402
jordan_composite_yahoo +em_fx_basket -xauusd_skew,0.24545849550090987
jordan_composite_yahoo -vix +oil_gold_ratio_oanda,0.24538283442645076
vix -ig_oas -nikkei,-0.24526338663182676
vix -usb02y +nzdjpy,-0.2451811246741432
leg_discretionary_staples_yahoo -slope_5s30s +slope_2s30s,0.24504810894772125
jordan_composite_yahoo +nas_rvol +ig_oas,0.2450466131846708
jordan_composite_yahoo -oil,0.2450224472004729
leg_discretionary_staples_yahoo -slope_2s30s -xauusd_skew,0.24487070915650858
leg_discretionary_staples_yahoo +hy_oas +usb02y,0.2447637922582944
vix +hangseng -dax,-0.24475931948577795
leg_discretionary_staples_yahoo +jordan_composite_yahoo -hangseng,0.24462641665547905
jordan_composite_yahoo -slope_5s30s -xauusd_skew,0.24457674164951687
jordan_composite_yahoo +nas_rvol +be10,0.24455857287540492
vix +silver_gold_ratio_oanda -nas_rvol,-0.24446330033081887
leg_discretionary_staples_yahoo +nas_rvol -usd_basket,0.24438216090398335
leg_discretionary_staples_yahoo +jordan_composite_yahoo +ftse,0.24438076907072712
jordan_composite_yahoo +hy_oas +slope_2s5s,0.24437472641488592
leg_discretionary_staples_yahoo -oil,0.2443652209780266
vix -hy_ig_oas_diff +slope_2s30s,-0.2442939084801358
vix +eurusd_cvol +nzdjpy,-0.2442608580717541
leg_discretionary_staples_yahoo +jordan_composite_yahoo -eurusd_cvol,0.24424936910422418
leg_discretionary_staples_yahoo +jordan_composite_yahoo +usb10y,0.24421503452194165
leg_discretionary_staples_yahoo -oil -slope_5s30s,0.24416885805333163
vix +usb10y +gold,-0.24416816392399837
leg_discretionary_staples_yahoo -oil +ig_oas,0.244167154115925
leg_discretionary_staples_yahoo -smallcap_largecap_oanda -ftse,0.24409897337082037
vix -silver_gold_ratio_oanda -dax,-0.24402329787534505
vix -silver_gold_ratio_oanda +nfci,-0.24400010379351217
vix -leg_hy_ig_credit_yahoo +usb05y,-0.24379617034072348
jordan_composite_yahoo -vix -ig_oas,0.24378582657836384
leg_discretionary_staples_yahoo +usb02y -usb10y,0.24378231366471415
vix -nas_rvol +ig_oas,-0.24371942475867456
jordan_composite_yahoo -slope_5s30s -nzdjpy,0.24368220916996508
leg_discretionary_staples_yahoo +eurusd_cvol +leg_hy_ig_credit_yahoo,0.24359653333994238
leg_discretionary_staples_yahoo -usb05y +usb02y,0.24353141503914186
vix -em_fx_basket -nikkei,-0.24351078213652433
vix +usd_basket -be10,-0.24348894834736873
leg_discretionary_staples_yahoo +leg_hy_ig_credit_yahoo +dow_spx_ratio_oanda,0.24339781207369
vix +xauusd_skew +dow_spx_ratio_oanda,-0.24335714602099762
vix -hy_ig_oas_diff -dow_spx_ratio_oanda,-0.24309845246553738
leg_discretionary_staples_yahoo -nzdjpy,0.2430856099441229
leg_discretionary_staples_yahoo +hy_oas +usb05y,0.24306479786519947
jordan_composite_yahoo +ig_oas -nzdjpy,0.2430233703207518
jordan_composite_yahoo -smallcap_largecap_oanda -copper_gold_ratio_yahoo,0.24281198962608017
vix +oil +real10,-0.24278202383263
vix -hy_ig_oas_diff +copper_gold_ratio_yahoo,-0.24275730887928934
vix -dax -dow_spx_ratio_oanda,-0.2427494005626181
vix -slope_2s5s +leg_smallcap_largecap_yahoo,-0.24265793095456237
vix +smallcap_largecap_oanda -xauusd_skew,-0.2425393435352858
jordan_composite_yahoo +nas_rvol -gold,0.24245602261412122
vix +hangseng +xauusd_skew,-0.24244137756267922
vix -xauusd_cvol +slope_2s5s,-0.24238783101547595
leg_discretionary_staples_yahoo +ig_oas -nzdjpy,0.24233972624547323
vix -fwd5y5y -ig_oas,-0.24231022691124796
leg_discretionary_staples_yahoo +nas_rvol +hangseng,0.24208087412622273
vix +nzdjpy +dow_spx_ratio_oanda,-0.2420524737206032
vix -silver_gold_ratio_oanda -real10,-0.24203636824211042
leg_discretionary_staples_yahoo +xauusd_cvol +nas_rvol,0.24201554206576745
vix -xauusd_cvol +slope_2s10s,-0.24199276191942418
vix +eurusd_cvol -hy_ig_oas_diff,-0.24196406985886018
jordan_composite_yahoo +silver_gold_ratio_oanda +nas_rvol,0.24191209557713142
leg_discretionary_staples_yahoo +ig_oas -nfci,0.2418418686736529
vix +copper_gold_ratio_yahoo +gold,-0.24179250141185638
vix -usb02y,-0.24178825937559917
vix +xauusd_skew +audjpy,-0.2416816615150617
jordan_composite_yahoo -vix -em_fx_basket,0.2416081476894815
jordan_composite_yahoo -oil_gold_ratio_oanda +hy_oas,0.2415272971382172
vix -hy_oas -nfci,-0.24149595518704556
jordan_composite_yahoo -xauusd_skew -leg_smallcap_largecap_yahoo,0.24141055705785394
jordan_composite_yahoo +nas_rvol +real10,0.24140167516071712
vix -hangseng +ftse,-0.24135320191353427
jordan_composite_yahoo +hy_ig_oas_diff +be10,0.24135183982257344
vix -usb02y -dax,-0.2413364249817451
vix +slope_2s30s -ig_oas,-0.24132658664777243
vix +eurusd_skew -slope_2s30s,-0.2412710046819537
vix -ig_oas -dow_spx_ratio_oanda,-0.2412014009397065
leg_discretionary_staples_yahoo -xauusd_cvol +hy_oas,0.24117977163921295
leg_discretionary_staples_yahoo +jordan_composite_yahoo -dow_spx_ratio_oanda,0.24100221409027223
vix +oil -usd_basket,-0.24095678647410576
leg_discretionary_staples_yahoo -smallcap_largecap_oanda -slope_2s10s,0.24094045854806875
leg_discretionary_staples_yahoo +real10,0.24091544092751646
vix +eurusd_skew -dax,-0.24089454961363976
jordan_composite_yahoo +real10 -leg_smallcap_largecap_yahoo,0.24083323856219718
jordan_composite_yahoo -slope_2s30s -xauusd_skew,0.24071547658539125
vix +eurusd_skew -em_fx_basket,-0.24071000683443797
leg_discretionary_staples_yahoo +nas_rvol -usb05y,0.24043466499073976
vix -xauusd_cvol -real10,-0.24043179295102093
leg_discretionary_staples_yahoo +jordan_composite_yahoo -nikkei,0.24042270666630405
leg_discretionary_staples_yahoo +leg_hy_ig_credit_yahoo -slope_2s10s,0.24035812351502372
vix +em_fx_basket -nas_rvol,-0.24029461431481933
leg_discretionary_staples_yahoo -copper_gold_ratio_yahoo +hy_oas,0.2401505795413892
vix +xauusd_skew -slope_2s5s,-0.2401457879788279
leg_discretionary_staples_yahoo -oil_gold_ratio_oanda +hy_oas,0.24012897920624365
vix -leg_hy_ig_credit_yahoo -nfci,-0.2401039097993265
leg_discretionary_staples_yahoo -slope_2s30s -nzdjpy,0.24008916453261034
vix -usb05y +nzdjpy,-0.24002577907863698
vix -nikkei -dow_spx_ratio_oanda,-0.23994044938669704
leg_discretionary_staples_yahoo -vix -hy_ig_oas_diff,0.23991292590273272
leg_discretionary_staples_yahoo +leg_hy_ig_credit_yahoo +hangseng,0.2398635918702834
leg_discretionary_staples_yahoo +oil_gold_ratio_oanda -smallcap_largecap_oanda,0.2398083289212397
vix -nas_rvol -leg_smallcap_largecap_yahoo,-0.23970523058378213
vix +em_fx_basket +oil,-0.23966382141073422
vix -em_fx_basket -slope_2s10s,-0.23963653711764138
vix -hy_ig_oas_diff -hangseng,-0.23958440922105956
vix -hy_ig_oas_diff -slope_2s10s,-0.23954799713228767
jordan_composite_yahoo -slope_2s30s -nzdjpy,0.23939018977151982
jordan_composite_yahoo -slope_5s30s +leg_hy_ig_credit_yahoo,0.2393613929302577
eurusd_skew -hy_oas +nfci,-0.23935750948702106
jordan_composite_yahoo -smallcap_largecap_oanda +dow_spx_ratio_oanda,0.23935600233472484
vix +xauusd_skew +ig_oas,-0.23934786368642727
leg_discretionary_staples_yahoo -smallcap_largecap_oanda +slope_2s10s,0.23930475771732015
jordan_composite_yahoo -silver_gold_ratio_oanda +hy_oas,0.23929563615502378
vix -usb02y -nikkei,-0.23915233020424892
vix -usb05y +xauusd_skew,-0.23914497784456593
vix -eurusd_cvol +copper_gold_ratio_yahoo,-0.23912419392560574
vix +oil_gold_ratio_oanda,-0.2391166749492756
vix -fwd5y5y +usd_basket,-0.23903488147245439
vix +xauusd_skew +nikkei,-0.23902105080818464
vix -silver_gold_ratio_oanda +copper_gold_ratio_yahoo,-0.2389766235994759
leg_discretionary_staples_yahoo +xauusd_cvol +leg_hy_ig_credit_yahoo,0.23896632365820902
vix -fwd5y5y -be10,-0.23890221533395173
vix +usd_basket -real10,-0.2388454290785047
vix -hangseng -ig_oas,-0.2387652438819292
vix -real10 -dow_spx_ratio_oanda,-0.23857294296664697
vix +silver_gold_ratio_oanda -leg_hy_ig_credit_yahoo,-0.23854230824694792
vix -xauusd_cvol +slope_2s30s,-0.23853992837494795
jordan_composite_yahoo -copper_gold_ratio_yahoo +hy_oas,0.23843683996553094
vix -hy_ig_oas_diff -slope_2s5s,-0.2384119094089148
leg_discretionary_staples_yahoo +em_fx_basket +nas_rvol,0.2383575035806335
vix +copper_gold_ratio_yahoo +nfci,-0.23832190771237532
leg_discretionary_staples_yahoo -xauusd_skew +be10,0.2383107498281544
vix -dax -be10,-0.23825254868906126
jordan_composite_yahoo +em_fx_basket -smallcap_largecap_oanda,0.23821519772603467
leg_discretionary_staples_yahoo +jordan_composite_yahoo -be10,0.2381921664420496
leg_discretionary_staples_yahoo -eurusd_skew +nas_rvol,0.23818550305987882
vix +eurusd_cvol -xauusd_cvol,-0.23803280158119391
leg_discretionary_staples_yahoo +fwd5y5y +nas_rvol,0.23801603607165817
leg_discretionary_staples_yahoo +jordan_composite_yahoo +slope_2s5s,0.23797170579886023
vix -leg_hy_ig_credit_yahoo +dax,-0.23796731628574752
vix -silver_gold_ratio_oanda -eurusd_cvol,-0.23790149816133394
leg_discretionary_staples_yahoo +usb05y -usb02y,0.23780986833848405
vix -xauusd_cvol +slope_5s30s,-0.237809369095033
vix -silver_gold_ratio_oanda +slope_5s30s,-0.23776324216066297
vix +slope_5s30s +usd_basket,-0.23775859111338796
vix -em_fx_basket -usb05y,-0.23772311153873785
vix -em_fx_basket -copper_gold_ratio_yahoo,-0.23769903679779206
leg_hy_ig_credit_yahoo +hy_oas -gold,0.23768917363136857
vix +usb05y +leg_smallcap_largecap_yahoo,-0.23767265135855245
leg_discretionary_staples_yahoo -smallcap_largecap_oanda +ftse,0.23766604660052218
jordan_composite_yahoo +nas_rvol +nikkei,0.23766251045679515
jordan_composite_yahoo -xauusd_skew +real10,0.2376082116843131
vix +oil_gold_ratio_oanda +leg_smallcap_largecap_yahoo,-0.23759639865179558
vix -silver_gold_ratio_oanda +slope_2s30s,-0.23758726303911665
leg_discretionary_staples_yahoo +oil_gold_ratio_oanda +hy_oas,0.2375609321167094
vix +slope_2s30s +gold,-0.23744781993273864
leg_discretionary_staples_yahoo +dax -ftse,0.23741160020680144
jordan_composite_yahoo -oil -leg_smallcap_largecap_yahoo,0.2373307963753601
vix -slope_5s30s -leg_hy_ig_credit_yahoo,-0.2373267691815154
vix +ftse,-0.23724788851410838
vix +fwd5y5y,-0.23723319730602158
leg_discretionary_staples_yahoo +em_fx_basket +be10,0.23719378049070433
leg_discretionary_staples_yahoo -fwd5y5y +hy_oas,0.23716413608812473
vix -em_fx_basket -usb02y,-0.23713677350610513
jordan_composite_yahoo +nas_rvol -usd_basket,0.23712304830393974
leg_discretionary_staples_yahoo +em_fx_basket -nfci,0.23709624189232548
leg_discretionary_staples_yahoo -xauusd_skew -gold,0.23704430379383742
leg_discretionary_staples_yahoo +jordan_composite_yahoo +eurusd_skew,0.23702524657880134
vix +nzdjpy -ftse,-0.23691972053383126
jordan_composite_yahoo -oil -slope_2s30s,0.23691865823056352
vix -fwd5y5y,-0.23691099052908005
leg_discretionary_staples_yahoo +nas_rvol +dow_spx_ratio_oanda,0.23689311379663308
vix +oil +be10,-0.23688630009834705
vix +slope_2s10s +nzdjpy,-0.23680500899851525
jordan_composite_yahoo +hy_oas +audjpy,0.23675600850819828
vix -nas_rvol -slope_5s30s,-0.23669739597256445
vix -eurusd_cvol -be10,-0.23662864617011758
leg_discretionary_staples_yahoo +nikkei -nzdjpy,0.23661207063511808
leg_discretionary_staples_yahoo +leg_hy_ig_credit_yahoo -audjpy,0.23659260424322384
oil_gold_ratio_oanda -oil +hy_oas,0.23656107836874535
vix +oil -usb10y,-0.23652104938465676
leg_discretionary_staples_yahoo +nas_rvol -usb02y,0.23649909625148405
leg_discretionary_staples_yahoo -nfci -nzdjpy,0.2364950910163991
jordan_composite_yahoo +silver_gold_ratio_oanda -nzdjpy,0.23643599747371483
vix +oil_gold_ratio_oanda +slope_5s30s,-0.23641945214626156
vix -hy_ig_oas_diff +slope_2s10s,-0.23631357169758607
jordan_composite_yahoo +leg_hy_ig_credit_yahoo +ig_oas,0.23608025185261766
jordan_composite_yahoo +hy_oas -ftse,0.23606279754590767
vix +usb02y +leg_smallcap_largecap_yahoo,-0.23601573178825025
vix +leg_smallcap_largecap_yahoo +ftse,-0.2359951529644435
hy_oas +be10,0.2359721957002787
vix +eurusd_cvol -ig_oas,-0.2359666963572933
jordan_composite_yahoo +ig_oas +be10,0.23594020195752574
leg_hy_ig_credit_yahoo +hy_oas,0.2358753276346954
leg_discretionary_staples_yahoo +hy_ig_oas_diff -slope_5s30s,0.23563714413524134
jordan_composite_yahoo +em_fx_basket -nfci,0.2355855950262472
vix -oil_gold_ratio_oanda -leg_hy_ig_credit_yahoo,-0.23550678548679604
jordan_composite_yahoo -oil +ig_oas,0.2354386264069098
jordan_composite_yahoo -nfci -nzdjpy,0.2354337783173386
vix -slope_2s5s -be10,-0.2353694192763021
leg_discretionary_staples_yahoo +leg_hy_ig_credit_yahoo -ftse,0.23536022110190183
vix -usd_basket +nzdjpy,-0.23534286199785073
vix +oil_gold_ratio_oanda -real10,-0.2353317983155228
vix +slope_5s30s,-0.23532659923593818
vix -nikkei -be10,-0.2353070796829426
vix +dow_spx_ratio_oanda +gold,-0.23526112526166343
jordan_composite_yahoo +hy_ig_oas_diff -gold,0.23524321072059887
vix -nikkei -real10,-0.23519832227522972
jordan_composite_yahoo +fwd5y5y +nas_rvol,0.23510514340612132
slope_2s30s -leg_hy_ig_credit_yahoo -hy_oas,-0.23506975547872952
vix -em_fx_basket +usb10y,-0.2349766622599966
vix +usb10y +audjpy,-0.2349654395421629
hy_oas -nfci +real10,0.23492544999631482
vix -hy_ig_oas_diff +usb05y,-0.2348957250815531
vix -nikkei,-0.23489522085139564
vix +smallcap_largecap_oanda -nzdjpy,-0.23488829856145735
vix +usd_basket +nfci,-0.23487305362678151
vix +silver_gold_ratio_oanda +oil,-0.23482125495391284
leg_discretionary_staples_yahoo +hy_oas -slope_2s5s,0.23481340055709415
vix -xauusd_cvol +audjpy,-0.23476155501300866
vix -slope_2s10s +gold,-0.2347191418609427
vix -nas_rvol -gold,-0.234677819146604
vix +eurusd_skew +oil_gold_ratio_oanda,-0.23466948942613414
vix -xauusd_cvol -ig_oas,-0.2346597021385155
vix +oil_gold_ratio_oanda -hy_ig_oas_diff,-0.23462817617979895
vix +slope_2s30s +usd_basket,-0.23461023869314573
vix -be10 +ftse,-0.23451068765543412
nas_rvol -smallcap_largecap_oanda +leg_hy_ig_credit_yahoo,0.23445970826312745
vix -hy_ig_oas_diff +usb02y,-0.23434304836254677
vix -usb05y,-0.23433948906706328
vix -real10 +ftse,-0.23426008765945677
vix -hy_ig_oas_diff -audjpy,-0.23425216570332796
vix +oil +hangseng,-0.23403215605210032
vix +usb05y +gold,-0.23399269742257472
vix +nas_rvol +smallcap_largecap_oanda,-0.23393538884331197
vix -xauusd_cvol +usd_basket,-0.23389401467829182
vix -hy_ig_oas_diff -copper_gold_ratio_yahoo,-0.23386097133964984
leg_discretionary_staples_yahoo +jordan_composite_yahoo -real10,0.23384761899746204
vix +usd_basket -dax,-0.23384135761801952
leg_discretionary_staples_yahoo -smallcap_largecap_oanda -audjpy,0.23383828985794838
vix -hangseng,-0.23383392627968716
vix -silver_gold_ratio_oanda -nikkei,-0.23371484895018746
jordan_composite_yahoo -nfci,0.2336102912334639
vix +nfci -slope_2s5s,-0.2336035697515021
jordan_composite_yahoo +hy_oas -dow_spx_ratio_oanda,0.23355060408822223
jordan_composite_yahoo +hy_ig_oas_diff -slope_5s30s,0.23354450076618175
jordan_composite_yahoo -smallcap_largecap_oanda -leg_smallcap_largecap_yahoo,0.23353203583262344
leg_discretionary_staples_yahoo +nas_rvol +slope_2s5s,0.23350925903478595
jordan_composite_yahoo +usb05y -usb10y,0.23347488846323677
jordan_composite_yahoo -smallcap_largecap_oanda -usb10y,0.23339230132511535
vix -dow_spx_ratio_oanda -be10,-0.2332509140770679
vix +usb02y +gold,-0.23323643049118156
vix +usd_basket +usb10y,-0.2332349981945051
leg_discretionary_staples_yahoo +hy_oas +usb10y,0.2332197609162169
leg_discretionary_staples_yahoo -oil_gold_ratio_oanda -smallcap_largecap_oanda,0.2331702651324973
vix +em_fx_basket -leg_hy_ig_credit_yahoo,-0.2331688566754339
vix -eurusd_cvol -hy_ig_oas_diff,-0.23310719443181424
vix -slope_2s30s +xauusd_skew,-0.23301195177377323
leg_discretionary_staples_yahoo +em_fx_basket -slope_5s30s,0.2329910377287277
leg_discretionary_staples_yahoo +leg_hy_ig_credit_yahoo -usb10y,0.23295939623733664
vix +hangseng +nzdjpy,-0.23292125123042495
leg_hy_ig_credit_yahoo +hy_oas +real10,0.23288652040560778
jordan_composite_yahoo -xauusd_skew -slope_2s10s,0.23285443752968707
jordan_composite_yahoo -smallcap_largecap_oanda -audjpy,0.23281174639345134
jordan_composite_yahoo -nzdjpy +real10,0.23273464297759247
leg_discretionary_staples_yahoo -smallcap_largecap_oanda -dow_spx_ratio_oanda,0.23268208585128106
vix -eurusd_cvol -real10,-0.2326688358037169
leg_discretionary_staples_yahoo -em_fx_basket -smallcap_largecap_oanda,0.23265654927580828
leg_discretionary_staples_yahoo +hy_ig_oas_diff +dax,0.23263650578010403
jordan_composite_yahoo +hy_oas +leg_smallcap_largecap_yahoo,0.2326168472653662
vix +eurusd_cvol +xauusd_skew,-0.2326102130925063
leg_discretionary_staples_yahoo +nas_rvol +audjpy,0.23258688919958873
leg_discretionary_staples_yahoo +jordan_composite_yahoo +oil_gold_ratio_oanda,0.23258102054181481
vix -audjpy +leg_smallcap_largecap_yahoo,-0.23254224104780907
jordan_composite_yahoo +nas_rvol +hangseng,0.23245377640215656
vix -silver_gold_ratio_oanda -fwd5y5y,-0.2324489328949643
vix +xauusd_cvol +xauusd_skew,-0.23243582395538354
leg_discretionary_staples_yahoo -smallcap_largecap_oanda -slope_2s5s,0.23243572887101996
jordan_composite_yahoo -vix -hy_ig_oas_diff,0.232405160977368
leg_discretionary_staples_yahoo +hy_ig_oas_diff +nikkei,0.2323724712182483
vix -dax +nfci,-0.23234329504282278
leg_discretionary_staples_yahoo +slope_5s30s +hy_oas,0.2323137163679004
leg_discretionary_staples_yahoo +hy_oas +ig_oas,0.23229815844954946
vix +usb10y,-0.23225266973809405
vix +hangseng -nikkei,-0.23222888692164448
vix -copper_gold_ratio_yahoo +gold,-0.23220123101783294
vix +slope_2s30s -real10,-0.23217537470858937
jordan_composite_yahoo -smallcap_largecap_oanda -usb02y,0.23216168960224012
vix +xauusd_skew -slope_2s10s,-0.23215465234849988
leg_discretionary_staples_yahoo -eurusd_skew -oil,0.23211530817736697
vix +oil_gold_ratio_oanda -be10,-0.23208894521200069
jordan_composite_yahoo +xauusd_cvol -nfci,0.2320694611387482
leg_discretionary_staples_yahoo +leg_hy_ig_credit_yahoo +usb05y,0.2320410193271572
nas_rvol +hy_oas -nfci,0.23187810031872988
leg_discretionary_staples_yahoo -oil +nikkei,0.2317997514548574
leg_discretionary_staples_yahoo -oil -usd_basket,0.2317975512170897
leg_discretionary_staples_yahoo -oil -nfci,0.23177346290774012
vix +xauusd_skew -ftse,-0.23172882672907252
vix -usb02y -ig_oas,-0.23172669646195085
leg_discretionary_staples_yahoo +be10,0.23172091528475303
vix +xauusd_skew +real10,-0.23172029426300517
vix +audjpy,-0.23169064136071765
jordan_composite_yahoo +eurusd_skew +hy_oas,0.23167640002723644
leg_discretionary_staples_yahoo -eurusd_skew +leg_hy_ig_credit_yahoo,0.23165684665316905
leg_discretionary_staples_yahoo -copper_gold_ratio_yahoo +leg_hy_ig_credit_yahoo,0.2316286544986052
vix -usb02y +leg_smallcap_largecap_yahoo,-0.23160895927613856
vix -usb02y -real10,-0.23154023386812098
vix -slope_2s10s,-0.23143510533392542
vix -dow_spx_ratio_oanda +gold,-0.231424166150791
leg_discretionary_staples_yahoo -eurusd_skew -nfci,0.23136376714751536
vix -hy_ig_oas_diff -ig_oas,-0.23130021787759697
vix -hy_ig_oas_diff +slope_2s5s,-0.2312745333160993
jordan_composite_yahoo -leg_smallcap_largecap_yahoo +be10,0.23123925873552065
vix +em_fx_basket -hy_oas,-0.23120782799594378
leg_discretionary_staples_yahoo -jordan_composite_yahoo -vix,0.23120339155603323
leg_discretionary_staples_yahoo +copper_gold_ratio_yahoo +leg_hy_ig_credit_yahoo,0.2311647911188963
leg_discretionary_staples_yahoo +nas_rvol -copper_gold_ratio_yahoo,0.2311527012355663
jordan_composite_yahoo -smallcap_largecap_oanda +slope_2s5s,0.23113282803073418
vix -slope_2s5s -real10,-0.23102073417940952
vix -xauusd_cvol -dax,-0.23088345853828826
vix +usb10y -real10,-0.2308562534933968
vix +eurusd_cvol +usd_basket,-0.2308532430725718
vix -usb05y -nikkei,-0.23082784412518292
vix -usb02y -be10,-0.23077029352218345
jordan_composite_yahoo -hangseng +hy_oas,0.23068956801809834
vix -oil_gold_ratio_oanda +xauusd_skew,-0.23068320015344035
leg_discretionary_staples_yahoo -hangseng +hy_oas,0.2306704536957301
vix -usb05y +leg_smallcap_largecap_yahoo,-0.2306577198688248
jordan_composite_yahoo -xauusd_skew -gold,0.2306261790510705
leg_discretionary_staples_yahoo -slope_5s30s +real10,0.23060127617178225
leg_discretionary_staples_yahoo -vix +nzdjpy,0.23058435911491873
vix +eurusd_skew -fwd5y5y,-0.2305136353853389
vix -slope_2s30s -be10,-0.23049975357363314
jordan_composite_yahoo +leg_hy_ig_credit_yahoo -leg_smallcap_largecap_yahoo,0.23048439252956052
vix +oil -nzdjpy,-0.23046850821824127
leg_discretionary_staples_yahoo -smallcap_largecap_oanda -leg_smallcap_largecap_yahoo,0.23042411628447354
jordan_composite_yahoo +hy_oas +ig_oas,0.23041927709365292
vix -em_fx_basket -slope_2s30s,-0.2303828203594738
vix +slope_2s10s -ig_oas,-0.23035401363835353
jordan_composite_yahoo -smallcap_largecap_oanda +usb05y,0.23027672012507713
jordan_composite_yahoo -slope_5s30s +ig_oas,0.23027386321351406
jordan_composite_yahoo -eurusd_skew +nas_rvol,0.230164578462019
leg_discretionary_staples_yahoo +em_fx_basket -usd_basket,0.23015925316605199
vix +gold +ftse,-0.23013096175919953
vix -oil_gold_ratio_oanda -ig_oas,-0.23012379633362384
jordan_composite_yahoo +eurusd_cvol -xauusd_skew,0.230042249024897
vix +nikkei -audjpy,-0.23002785806371515
leg_hy_ig_credit_yahoo +hy_oas -xauusd_skew,0.22965321961258905
jordan_composite_yahoo -smallcap_largecap_oanda +copper_gold_ratio_yahoo,0.2296309566562573
leg_discretionary_staples_yahoo -usb05y +usb10y,0.22962002245982954
jordan_composite_yahoo +vix -leg_hy_ig_credit_yahoo,-0.229601815936855
jordan_composite_yahoo -smallcap_largecap_oanda -usb05y,0.2295854229041072
smallcap_largecap_oanda -hy_oas +nzdjpy,-0.22958268525309664
vix -slope_2s5s,-0.22957640495074738
vix -usb02y +gold,-0.22955772818485026
vix +slope_5s30s +leg_smallcap_largecap_yahoo,-0.22949025615856514
leg_discretionary_staples_yahoo +leg_hy_ig_credit_yahoo +usb02y,0.22939884858109577
vix +fwd5y5y -be10,-0.22938682367738897
vix -ig_oas +usb10y,-0.22938081317978554
vix -fwd5y5y +nfci,-0.22933495296682718
vix -slope_2s10s +nfci,-0.22932292829897838
vix +hy_ig_oas_diff +xauusd_skew,-0.22931013047702054
leg_discretionary_staples_yahoo +ig_oas +dax,0.2292845363943556
em_fx_basket +hy_oas +be10,0.22924297899383833
oil +slope_5s30s -leg_hy_ig_credit_yahoo,-0.22922852852911788
leg_discretionary_staples_yahoo +leg_hy_ig_credit_yahoo +slope_2s5s,0.22922352655641706
vix +nfci +be10,-0.2292123002235589
vix -hangseng -be10,-0.2291828403575349
vix -slope_5s30s +slope_2s10s,-0.2290369088720752
leg_discretionary_staples_yahoo -usd_basket -xauusd_skew,0.22899698385071274
leg_discretionary_staples_yahoo +jordan_composite_yahoo +slope_2s10s,0.22897615377921562
leg_discretionary_staples_yahoo -slope_2s10s +slope_2s5s,0.22892007454969734
vix -real10 -audjpy,-0.2288927481391508
vix +real10 -be10,-0.2288822970674219
vix +nfci +ftse,-0.22883435747826383
jordan_composite_yahoo -smallcap_largecap_oanda +audjpy,0.22876654918622719
jordan_composite_yahoo -nzdjpy,0.2287601459854842
jordan_composite_yahoo -slope_5s30s -gold,0.228744456896987
vix +nzdjpy +be10,-0.2287042628630233
vix -slope_2s30s,-0.22862082623270488
jordan_composite_yahoo +em_fx_basket +nas_rvol,0.2286146348697592
vix -nikkei +nfci,-0.22855985073944055
leg_discretionary_staples_yahoo +jordan_composite_yahoo -silver_gold_ratio_oanda,0.2285414847329648
vix -slope_2s30s +gold,-0.22852283465268633
jordan_composite_yahoo +leg_hy_ig_credit_yahoo -gold,0.22833532124522996
vix -hy_oas -xauusd_skew,-0.22823810582539553
leg_discretionary_staples_yahoo +leg_hy_ig_credit_yahoo -usb02y,0.22820602544646598
vix -eurusd_cvol -ig_oas,-0.22818222443527617
vix -usb10y +nzdjpy,-0.22812473198805683
leg_discretionary_staples_yahoo +dax -nzdjpy,0.22810435394657616
leg_discretionary_staples_yahoo -fwd5y5y -smallcap_largecap_oanda,0.2280728823362221
jordan_composite_yahoo -smallcap_largecap_oanda +usb02y,0.22807102701183926
vix +nfci -be10,-0.22798410405285252
leg_discretionary_staples_yahoo -slope_2s30s +slope_2s10s,0.22796073275508252
vix -hangseng +audjpy,-0.22795465594775977
vix +slope_2s30s -slope_2s5s,-0.22777199278628815
leg_discretionary_staples_yahoo +leg_hy_ig_credit_yahoo -usb05y,0.22775912533517803
vix -hy_ig_oas_diff -usb02y,-0.22774985767202094
vix -xauusd_cvol -dow_spx_ratio_oanda,-0.22774075420338277
jordan_composite_yahoo -xauusd_skew +be10,0.22768593856879232
vix -em_fx_basket +copper_gold_ratio_yahoo,-0.22755122542521877
vix +slope_5s30s -real10,-0.2275247208778196
leg_discretionary_staples_yahoo +nas_rvol -ftse,0.22752087255552092
jordan_composite_yahoo -slope_5s30s,0.22741520902564127
vix +eurusd_skew -slope_5s30s,-0.22741349420802265
vix +slope_5s30s +copper_gold_ratio_yahoo,-0.22736963379916095
leg_discretionary_staples_yahoo -nfci +real10,0.2273437115257098
leg_discretionary_staples_yahoo -oil -usb10y,0.2273339783420238
jordan_composite_yahoo -oil -nfci,0.2273094219121818
vix -silver_gold_ratio_oanda +usb10y,-0.22730789847333524
jordan_composite_yahoo +slope_2s30s +hy_oas,0.2272608463923174
vix -oil +smallcap_largecap_oanda,-0.22725801408928484
vix +slope_5s30s -be10,-0.22725491454792732
leg_discretionary_staples_yahoo -vix -leg_hy_ig_credit_yahoo,0.2272161587162539
leg_discretionary_staples_yahoo -usd_basket -gold,0.22720865591916675
vix -em_fx_basket +audjpy,-0.22719617208837195
vix +eurusd_cvol -be10,-0.22719076245521208
leg_hy_ig_credit_yahoo -usd_basket +hy_oas,0.2271750873834036
leg_discretionary_staples_yahoo -smallcap_largecap_oanda +slope_2s30s,0.22714785855057415
vix -ig_oas +audjpy,-0.22714001570787065
vix -usb05y -dax,-0.22705078924171282
vix +usb10y +nfci,-0.22703978688239787
leg_discretionary_staples_yahoo -oil +slope_2s5s,0.22702800561973813
jordan_composite_yahoo -nzdjpy +be10,0.22694581216188142
vix -usb05y -ig_oas,-0.2269306787205294
vix +oil_gold_ratio_oanda +nzdjpy,-0.22691792690326337
vix -usb05y -real10,-0.22689564370402823
smallcap_largecap_oanda +slope_2s30s -leg_hy_ig_credit_yahoo,-0.22687651493361635
vix -usb05y -be10,-0.22686748292987405
vix -hy_ig_oas_diff +audjpy,-0.22683207407885272
vix -copper_gold_ratio_yahoo,-0.22679516977267664
jordan_composite_yahoo +ig_oas -gold,0.22679051422640176
jordan_composite_yahoo -slope_5s30s -leg_smallcap_largecap_yahoo,0.22671748808724307
jordan_composite_yahoo -em_fx_basket -smallcap_largecap_oanda,0.2267166735922965
vix +fwd5y5y +gold,-0.22662796265455099
jordan_composite_yahoo +xauusd_cvol +nas_rvol,0.22655762765604012
jordan_composite_yahoo +nas_rvol -slope_2s10s,0.22655506738274492
leg_discretionary_staples_yahoo +ig_oas -gold,0.22655431597367418
leg_discretionary_staples_yahoo -xauusd_skew -usb10y,0.22654926323460461
vix +oil -leg_smallcap_largecap_yahoo,-0.22653601391834063
vix +leg_smallcap_largecap_yahoo -ftse,-0.22641806685283222
leg_discretionary_staples_yahoo +leg_hy_ig_credit_yahoo +usb10y,0.22641117475649905
vix -em_fx_basket -usb10y,-0.22638534768980126
leg_discretionary_staples_yahoo -copper_gold_ratio_yahoo +real10,0.2263792946251854
jordan_composite_yahoo -eurusd_skew -oil,0.22637915541326695
smallcap_largecap_oanda -leg_hy_ig_credit_yahoo -be10,-0.226346110598083
leg_discretionary_staples_yahoo +hy_ig_oas_diff -gold,0.22631394714958503
leg_discretionary_staples_yahoo -oil +dax,0.22626620991333163
vix -real10 +audjpy,-0.22624848045320636
leg_discretionary_staples_yahoo +nas_rvol +leg_smallcap_largecap_yahoo,0.22624160732336965
vix -slope_5s30s +xauusd_skew,-0.22622777733236982
jordan_composite_yahoo -eurusd_skew +silver_gold_ratio_oanda,0.22622490680887938
jordan_composite_yahoo -smallcap_largecap_oanda +ftse,0.22620757763303548
leg_discretionary_staples_yahoo +jordan_composite_yahoo +slope_2s30s,0.2262039402556224
vix +usd_basket -nikkei,-0.2261778157891438
vix +slope_2s10s +gold,-0.2261581231839539
leg_discretionary_staples_yahoo -smallcap_largecap_oanda +usb05y,0.22615492215637964
vix -fwd5y5y +slope_5s30s,-0.22615211369716934
vix +slope_5s30s +nfci,-0.22614492883017678
leg_discretionary_staples_yahoo +em_fx_basket +real10,0.22610721312197346
vix -em_fx_basket -audjpy,-0.22605343978070463
vix +xauusd_skew -usb10y,-0.22602533028876226
jordan_composite_yahoo +em_fx_basket +hy_ig_oas_diff,0.2259911453035615
jordan_composite_yahoo -xauusd_skew +dax,0.22596369180699996
smallcap_largecap_oanda -leg_hy_ig_credit_yahoo +xauusd_skew,-0.22595560892088998
jordan_composite_yahoo -oil +dax,0.22594957167028
jordan_composite_yahoo +hy_oas -nikkei,0.2259004001494062
vix +slope_2s30s -be10,-0.22588124246957403
vix +usb10y -be10,-0.22584161092263005
jordan_composite_yahoo -slope_2s30s +leg_hy_ig_credit_yahoo,0.22583622409434886
leg_discretionary_staples_yahoo +real10 -gold,0.22581812249033564
vix -usb05y +gold,-0.22577737311247273
vix -fwd5y5y -dax,-0.22577557382115032
vix +oil +nikkei,-0.22576756348575647
leg_hy_ig_credit_yahoo +hy_oas +dax,0.22569441605593532
leg_discretionary_staples_yahoo +em_fx_basket +hy_ig_oas_diff,0.2256942489262737
jordan_composite_yahoo +silver_gold_ratio_oanda -oil,0.22569311270605547
jordan_composite_yahoo -eurusd_skew -xauusd_skew,0.22564816985303748
vix +gold -ftse,-0.22564639221122726
vix -eurusd_cvol -dax,-0.2256149260592953
leg_discretionary_staples_yahoo -smallcap_largecap_oanda +copper_gold_ratio_yahoo,0.2255822780579143
leg_discretionary_staples_yahoo +xauusd_cvol -gold,0.2255760596761594
vix -hy_oas +be10,-0.22552226737349024
jordan_composite_yahoo +fwd5y5y -oil,0.22551159112214228
leg_discretionary_staples_yahoo -eurusd_skew -nzdjpy,0.2254772117227748
leg_discretionary_staples_yahoo -gold +be10,0.22544676548710507
vix -silver_gold_ratio_oanda +usd_basket,-0.22541538734380473
jordan_composite_yahoo -smallcap_largecap_oanda +usb10y,0.22536736357408926
vix -hangseng -real10,-0.2253357736979248
vix -em_fx_basket +usb02y,-0.22530840021691187
vix -em_fx_basket +usb05y,-0.22526705526455754
leg_discretionary_staples_yahoo -smallcap_largecap_oanda +usb02y,0.2252548986848433
vix +oil_gold_ratio_oanda -dax,-0.22518872967149806
vix +xauusd_skew -leg_smallcap_largecap_yahoo,-0.22517744758490157
leg_discretionary_staples_yahoo +leg_hy_ig_credit_yahoo +ftse,0.22508655579635603
vix -audjpy -be10,-0.22506458712852903
vix +oil_gold_ratio_oanda -nikkei,-0.2249758280313332
vix +hy_ig_oas_diff -ig_oas,-0.22496270970624632
vix +slope_2s10s -real10,-0.22493799577571144
leg_discretionary_staples_yahoo -xauusd_skew -slope_2s10s,0.22485432479232553
leg_discretionary_staples_yahoo -oil +hangseng,0.22483020086974786
vix +fwd5y5y -real10,-0.22481614506241693
jordan_composite_yahoo -smallcap_largecap_oanda -ftse,0.2248021418850562
vix +usb05y +audjpy,-0.22478765267606501
jordan_composite_yahoo +leg_hy_ig_credit_yahoo -usd_basket,0.2247756127747579
jordan_composite_yahoo +dax -ftse,0.2247343569804159
vix -xauusd_cvol -nikkei,-0.22471735284644767
hy_ig_oas_diff +leg_hy_ig_credit_yahoo -nfci,0.2246504577639187
vix +hangseng -real10,-0.22464438479568138
jordan_composite_yahoo -smallcap_largecap_oanda -slope_2s10s,0.22462294610193692
leg_discretionary_staples_yahoo +jordan_composite_yahoo -xauusd_cvol,0.22461399610930055
jordan_composite_yahoo -vix +gold,0.22457733168643915
vix -silver_gold_ratio_oanda +oil_gold_ratio_oanda,-0.2245735845471114
vix -silver_gold_ratio_oanda -audjpy,-0.2245017709862959
jordan_composite_yahoo +hy_ig_oas_diff +real10,0.2244749183584572
vix +copper_gold_ratio_yahoo -dax,-0.2244124057010104
vix +usb10y -dow_spx_ratio_oanda,-0.22440614930486438
vix -hy_ig_oas_diff +ftse,-0.22434303963597874
leg_discretionary_staples_yahoo +fwd5y5y -xauusd_skew,0.22426281241854337
jordan_composite_yahoo +fwd5y5y +hy_ig_oas_diff,0.22425245597832777
nas_rvol -oil +leg_hy_ig_credit_yahoo,0.22422507987540125
smallcap_largecap_oanda -hy_oas -nikkei,-0.22416105142704562
leg_discretionary_staples_yahoo -xauusd_skew +dax,0.22413187833025247
vix +audjpy +leg_smallcap_largecap_yahoo,-0.22405170731128357
leg_discretionary_staples_yahoo -silver_gold_ratio_oanda +hy_oas,0.22404543245084588
vix +nzdjpy +audjpy,-0.22401462080414655
leg_discretionary_staples_yahoo +jordan_composite_yahoo +usd_basket,0.22399256254580913
jordan_composite_yahoo -slope_5s30s -usd_basket,0.2239829111122494
vix -audjpy -dow_spx_ratio_oanda,-0.22392120816632227
leg_discretionary_staples_yahoo +em_fx_basket -nzdjpy,0.22386612603560907
vix -fwd5y5y -dow_spx_ratio_oanda,-0.22386491903160638
leg_discretionary_staples_yahoo +xauusd_cvol -xauusd_skew,0.22382443681317668
jordan_composite_yahoo +dax -nzdjpy,0.22380052825085672
jordan_composite_yahoo +xauusd_cvol -slope_5s30s,0.22376181830119077
vix -hy_ig_oas_diff +xauusd_cvol,-0.22372965111266302
vix +usd_basket +usb05y,-0.22372633562669636
oil +smallcap_largecap_oanda -hy_oas,-0.2236638169909084
jordan_composite_yahoo +usd_basket +hy_oas,0.22365836220054658
vix -nfci -be10,-0.22364540981636363
vix -usb02y -audjpy,-0.2236264380128807
jordan_composite_yahoo -oil +nikkei,0.22357839551308828
leg_discretionary_staples_yahoo -gold,0.22354344189743539
jordan_composite_yahoo +hy_oas +slope_2s10s,0.22353272725246057
vix +oil -slope_5s30s,-0.22346851238630241
jordan_composite_yahoo -oil +real10,0.2233535152272614
leg_discretionary_staples_yahoo -slope_5s30s,0.22333357856507485
hy_oas +real10,0.22332706455961704
vix -hy_ig_oas_diff -usb05y,-0.22324600847207005
vix -eurusd_skew +oil,-0.22324028161024762
leg_discretionary_staples_yahoo -nfci,0.2232176783053474
leg_discretionary_staples_yahoo +ig_oas,0.22311803569494443
jordan_composite_yahoo +nas_rvol -copper_gold_ratio_yahoo,0.2230751430832998
jordan_composite_yahoo -eurusd_skew +hy_ig_oas_diff,0.22303255275013809
leg_discretionary_staples_yahoo -eurusd_cvol +nas_rvol,0.22302319492546752
jordan_composite_yahoo +silver_gold_ratio_oanda -leg_smallcap_largecap_yahoo,0.22298671148027113
vix -ig_oas -ftse,-0.22295468706421892
jordan_composite_yahoo -eurusd_skew -usd_basket,0.22291369835813618
vix +slope_2s5s -real10,-0.2228859040058304
leg_discretionary_staples_yahoo +nas_rvol -slope_2s10s,0.2228777721700057
vix +oil_gold_ratio_oanda +slope_2s30s,-0.22285583288505167
vix +fwd5y5y -hy_ig_oas_diff,-0.22279955901370108
jordan_composite_yahoo -oil -gold,0.22279552136877714
jordan_composite_yahoo -vix +leg_smallcap_largecap_yahoo,0.22279239308271587
vix +eurusd_cvol,-0.22277125005349718
oil -leg_hy_ig_credit_yahoo +xauusd_skew,-0.22272608797945398
leg_discretionary_staples_yahoo -xauusd_cvol -smallcap_largecap_oanda,0.2226553889925619
leg_discretionary_staples_yahoo +jordan_composite_yahoo -dax,0.22260076945728577
vix -usd_basket +xauusd_skew,-0.22259869514833666
smallcap_largecap_oanda +slope_5s30s -hy_oas,-0.2225495816484673
leg_discretionary_staples_yahoo -em_fx_basket +hy_oas,0.22252426798049915
vix -xauusd_cvol -usb02y,-0.2224902731640262
vix +usb02y +audjpy,-0.22244196565744773
leg_discretionary_staples_yahoo +jordan_composite_yahoo -em_fx_basket,0.22242892188199156
smallcap_largecap_oanda -leg_hy_ig_credit_yahoo -dax,-0.22242263175818863
leg_discretionary_staples_yahoo -slope_5s30s -gold,0.22241063724643673
leg_discretionary_staples_yahoo -xauusd_skew +nikkei,0.2224094973796659
jordan_composite_yahoo +eurusd_cvol +nas_rvol,0.22239551274147829
vix +slope_2s30s,-0.22237977738367637
slope_5s30s -leg_hy_ig_credit_yahoo +nzdjpy,-0.2223576785241133
em_fx_basket +hy_oas -nfci,0.22235200776273958
vix -slope_2s10s -be10,-0.22233419231562052
leg_discretionary_staples_yahoo +eurusd_skew +hy_oas,0.22225529150332993
jordan_composite_yahoo -smallcap_largecap_oanda -ig_oas,0.22222657989616096
vix +oil_gold_ratio_oanda +nfci,-0.22217922097572498
leg_discretionary_staples_yahoo +em_fx_basket +xauusd_cvol,0.22215255962035382
leg_discretionary_staples_yahoo +hy_ig_oas_diff -usb10y,0.22212552355443924
oil +smallcap_largecap_oanda -leg_hy_ig_credit_yahoo,-0.22211271058262994
vix +slope_5s30s -dax,-0.22205655729448934
jordan_composite_yahoo -eurusd_skew +leg_hy_ig_credit_yahoo,0.2220388350540083
vix +usb05y -real10,-0.22201068737766955
vix +oil +ig_oas,-0.22195509830242446
vix -hy_ig_oas_diff +dow_spx_ratio_oanda,-0.22190503109493032
leg_discretionary_staples_yahoo -oil -gold,0.22190211766028461
vix +smallcap_largecap_oanda +leg_hy_ig_credit_yahoo,-0.2218190888804357
leg_discretionary_staples_yahoo +hy_ig_oas_diff -usd_basket,0.22180181381709646
vix +nzdjpy -leg_smallcap_largecap_yahoo,-0.2217774236669622
vix -copper_gold_ratio_yahoo +xauusd_skew,-0.22173607747847462
jordan_composite_yahoo +ig_oas,0.22170269943966203
vix +nfci +dow_spx_ratio_oanda,-0.22169223569183097
nas_rvol -smallcap_largecap_oanda +hy_oas,0.2216616076917428
nas_rvol +leg_hy_ig_credit_yahoo -nfci,0.22158866065149715
leg_discretionary_staples_yahoo -eurusd_skew +xauusd_cvol,0.2215836454398691
jordan_composite_yahoo -nfci -gold,0.2215762919345913
vix -hangseng +nfci,-0.22157515641434158
vix -hangseng -dow_spx_ratio_oanda,-0.22145946654111373
leg_discretionary_staples_yahoo -slope_2s30s +real10,0.22143621477477535
vix -slope_5s30s +leg_smallcap_largecap_yahoo,-0.22142539416113777
copper_gold_ratio_yahoo +leg_hy_ig_credit_yahoo +hy_oas,0.221413298976429
jordan_composite_yahoo +hy_ig_oas_diff -slope_2s30s,0.22135344880326982
leg_discretionary_staples_yahoo +usd_basket +hy_oas,0.22131120976787416
leg_discretionary_staples_yahoo -usb10y -nzdjpy,0.22129031233395235
vix -hy_ig_oas_diff +hangseng,-0.22126049179517707
jordan_composite_yahoo -usd_basket -xauusd_skew,0.22124700979603718
vix -silver_gold_ratio_oanda -hangseng,-0.22123892412094193
vix -hy_ig_oas_diff -ftse,-0.2211773569953799
vix -hy_ig_oas_diff -slope_2s30s,-0.22117241476487579
vix +usb05y,-0.2211197175077057
leg_discretionary_staples_yahoo -eurusd_skew +silver_gold_ratio_oanda,0.2211012807439075
vix -silver_gold_ratio_oanda -dow_spx_ratio_oanda,-0.22107165903320833
vix +eurusd_cvol -fwd5y5y,-0.22103217880585238
vix -slope_2s30s +nfci,-0.22102101464812676
vix +usb05y -ig_oas,-0.22099148755007586
jordan_composite_yahoo -smallcap_largecap_oanda +leg_smallcap_largecap_yahoo,0.22097947889058228
vix +silver_gold_ratio_oanda +xauusd_skew,-0.22097768283015762
vix -leg_hy_ig_credit_yahoo -usd_basket,-0.22097743827937352
silver_gold_ratio_oanda -smallcap_largecap_oanda +leg_hy_ig_credit_yahoo,0.2209685038008511
nas_rvol +hy_oas +real10,0.22096012429950704
vix +eurusd_skew -hangseng,-0.22095692937054015
vix +dow_spx_ratio_oanda -be10,-0.22091192542226548
vix -fwd5y5y +slope_2s30s,-0.22091182663156572
vix +copper_gold_ratio_yahoo -nikkei,-0.22088709303886597
vix -real10 +dow_spx_ratio_oanda,-0.22069976899148191
leg_discretionary_staples_yahoo -vix -nas_rvol,0.22068128461811398
vix +usb02y -real10,-0.2206728756494428
vix -slope_5s30s +nzdjpy,-0.2205631474175719
leg_discretionary_staples_yahoo -fwd5y5y +leg_hy_ig_credit_yahoo,0.2204990735344871
smallcap_largecap_oanda -leg_hy_ig_credit_yahoo -real10,-0.22046041432198743
leg_discretionary_staples_yahoo +xauusd_cvol +real10,0.2204489080694543
jordan_composite_yahoo +copper_gold_ratio_yahoo +ig_oas,0.220403375953538
vix +usd_basket -dow_spx_ratio_oanda,-0.22039856177486408
vix -audjpy,-0.22039650516274584
jordan_composite_yahoo -usd_basket -gold,0.22038522207646885
vix +nfci -dow_spx_ratio_oanda,-0.22034682068497832
leg_discretionary_staples_yahoo -eurusd_skew -usd_basket,0.22029200128093182
vix -slope_2s30s -real10,-0.22022959814075796
jordan_composite_yahoo -oil +hangseng,0.22021505673603112
vix -eurusd_skew +leg_smallcap_largecap_yahoo,-0.2202115689728311
leg_discretionary_staples_yahoo -usb02y -xauusd_skew,0.22020617925280334
jordan_composite_yahoo +hy_ig_oas_diff +dax,0.2202019228366432
vix -em_fx_basket +dow_spx_ratio_oanda,-0.2201949969003376
vix +slope_2s10s -be10,-0.22008739812693298
jordan_composite_yahoo +slope_5s30s +hy_oas,0.2199994119598153
jordan_composite_yahoo +eurusd_cvol -smallcap_largecap_oanda,0.21994142945445402
leg_discretionary_staples_yahoo -oil -usb05y,0.21993660770244577
vix -xauusd_cvol -usb05y,-0.2199021034669451
vix -eurusd_skew +xauusd_skew,-0.21980113995127903
jordan_composite_yahoo +leg_hy_ig_credit_yahoo +dax,0.2197978511853593
vix -xauusd_cvol -hangseng,-0.21975628364327884
vix +usd_basket +usb02y,-0.21974722839070207
leg_discretionary_staples_yahoo -smallcap_largecap_oanda +usb10y,0.21971131146841133
vix -leg_hy_ig_credit_yahoo -leg_smallcap_largecap_yahoo,-0.21962712322685862
jordan_composite_yahoo +fwd5y5y -xauusd_skew,0.21962448922531908
jordan_composite_yahoo +leg_hy_ig_credit_yahoo,0.21957451187289917
vix +fwd5y5y +nfci,-0.21956461199645116
vix +hy_ig_oas_diff -nas_rvol,-0.21955683937196677
leg_hy_ig_credit_yahoo +hy_oas +nikkei,0.21955127040005565
vix +eurusd_cvol -real10,-0.21955085259491328
jordan_composite_yahoo +fwd5y5y -slope_2s30s,0.21944166715177346
jordan_composite_yahoo +silver_gold_ratio_oanda +em_fx_basket,0.21943626428581406
vix +fwd5y5y -xauusd_cvol,-0.21943013322381688
leg_hy_ig_credit_yahoo +hy_oas -ig_oas,0.21939536267177273
jordan_composite_yahoo +nikkei -nzdjpy,0.21932068134983126
vix -em_fx_basket +slope_2s30s,-0.2192903414860031
vix +xauusd_cvol -real10,-0.21928539302211572
leg_discretionary_staples_yahoo +silver_gold_ratio_oanda -xauusd_skew,0.21927794578023269
jordan_composite_yahoo -slope_5s30s +real10,0.21925258590775207
jordan_composite_yahoo +eurusd_cvol -oil,0.21924870458284587
vix -xauusd_cvol +ftse,-0.21923802780090854
leg_discretionary_staples_yahoo +silver_gold_ratio_oanda +em_fx_basket,0.2191922442564872
jordan_composite_yahoo -slope_2s30s -gold,0.2191906522019608
leg_discretionary_staples_yahoo +em_fx_basket,0.21918396509588492
jordan_composite_yahoo +silver_gold_ratio_oanda -nfci,0.2191612105181064
vix -eurusd_cvol -nikkei,-0.21915974995219495
leg_discretionary_staples_yahoo +leg_hy_ig_credit_yahoo +audjpy,0.21915916263272445
vix -silver_gold_ratio_oanda -slope_2s5s,-0.21912607603702625
vix +usb02y -ig_oas,-0.2190765145422239
vix +eurusd_skew -dow_spx_ratio_oanda,-0.2190724781402232
vix +audjpy -be10,-0.21906581738282632
vix +oil_gold_ratio_oanda -xauusd_cvol,-0.21900988550520112
vix +usb02y,-0.21894985677860523
vix -usb02y +nfci,-0.21892261025644508
vix +leg_smallcap_largecap_yahoo +dow_spx_ratio_oanda,-0.21890362236049277
leg_discretionary_staples_yahoo +dax +real10,0.21885333860927197
leg_discretionary_staples_yahoo -eurusd_skew -xauusd_skew,0.21885095979531005
leg_discretionary_staples_yahoo -usb05y -xauusd_skew,0.21885047384744932
leg_discretionary_staples_yahoo -oil_gold_ratio_oanda +nas_rvol,0.21883431813125706
vix -silver_gold_ratio_oanda +usb05y,-0.2187886966326536
vix -ig_oas +slope_2s5s,-0.21877568422627713
vix +usd_basket +audjpy,-0.21877505064868114
vix -hangseng +nikkei,-0.2187568853534578
leg_discretionary_staples_yahoo -nzdjpy +dow_spx_ratio_oanda,0.21875276610537245
leg_discretionary_staples_yahoo -smallcap_largecap_oanda -hangseng,0.21873964216460767
em_fx_basket -smallcap_largecap_oanda +hy_oas,0.21873834369349804
vix +slope_2s5s +leg_smallcap_largecap_yahoo,-0.21872952140783636
vix +oil +slope_2s5s,-0.21868448191243064
leg_hy_ig_credit_yahoo +ig_oas -nfci,0.21867505592206046
jordan_composite_yahoo -oil +be10,0.21860795901378383
leg_discretionary_staples_yahoo -oil -slope_2s30s,0.21857419142939777
jordan_composite_yahoo -eurusd_skew -nzdjpy,0.21852703608788676
jordan_composite_yahoo +nas_rvol +audjpy,0.21851697301518033
vix -nfci +gold,-0.21846548735922863
vix -fwd5y5y -nikkei,-0.21845855516326515
jordan_composite_yahoo +dax -leg_smallcap_largecap_yahoo,0.21845412400279304
vix -hangseng -usb02y,-0.2183854612992407
leg_discretionary_staples_yahoo +hy_oas +gold,0.21836747862898295
vix -eurusd_cvol -dow_spx_ratio_oanda,-0.21831961295134228
oil -leg_hy_ig_credit_yahoo +nfci,-0.21830555987322212
vix +slope_5s30s -usb02y,-0.21827873920906146
vix +nfci +audjpy,-0.21824912474256433
smallcap_largecap_oanda -hy_oas +xauusd_skew,-0.21822056951318453
jordan_composite_yahoo -oil +copper_gold_ratio_yahoo,0.2182170260875574
jordan_composite_yahoo -fwd5y5y +hy_oas,0.21817759852330382
leg_discretionary_staples_yahoo -eurusd_cvol +leg_hy_ig_credit_yahoo,0.2181612315128317
smallcap_largecap_oanda -hy_oas +ig_oas,-0.2181374661835488
leg_discretionary_staples_yahoo -usd_basket -nzdjpy,0.21811677493033632
eurusd_skew -hy_oas -be10,-0.21810562128201139
leg_discretionary_staples_yahoo +nas_rvol +ftse,0.21809616927878564
vix +eurusd_cvol +gold,-0.21809461521212678
leg_discretionary_staples_yahoo -nzdjpy +audjpy,0.2180645967828804
vix +hy_ig_oas_diff -leg_hy_ig_credit_yahoo,-0.21805686301944532
vix -usb10y,-0.21800532321121072
leg_discretionary_staples_yahoo +xauusd_cvol -slope_5s30s,0.21797995101682877
vix +slope_2s5s +nzdjpy,-0.2179772782769017
jordan_composite_yahoo -eurusd_skew -nfci,0.21792882321978288
leg_discretionary_staples_yahoo +jordan_composite_yahoo -ig_oas,0.21792384060575015
jordan_composite_yahoo -leg_smallcap_largecap_yahoo -gold,0.2178818104457763
vix +hangseng -be10,-0.21788052306316436
jordan_composite_yahoo +em_fx_basket -slope_5s30s,0.2178755570110283
leg_discretionary_staples_yahoo +leg_hy_ig_credit_yahoo -slope_2s5s,0.21782640024377437
leg_discretionary_staples_yahoo +ig_oas +nikkei,0.21781908319970097
leg_discretionary_staples_yahoo +dax -gold,0.21778653850401078
jordan_composite_yahoo -oil_gold_ratio_oanda -smallcap_largecap_oanda,0.21777764545417216
leg_discretionary_staples_yahoo +hy_ig_oas_diff -slope_2s30s,0.2177716945075462
vix -usb10y +leg_smallcap_largecap_yahoo,-0.21776670205929233
leg_discretionary_staples_yahoo +eurusd_skew -smallcap_largecap_oanda,0.21775224637200763
jordan_composite_yahoo +usb05y -usb02y,0.21775002038033697
vix +nikkei +nzdjpy,-0.2177163054259214
leg_discretionary_staples_yahoo -smallcap_largecap_oanda +gold,0.21771499184041251
jordan_composite_yahoo -xauusd_skew +nikkei,0.21770893456825266
vix -ig_oas -slope_2s5s,-0.21768970350296887
vix -silver_gold_ratio_oanda -ftse,-0.21768881239872745
vix +usb05y +nfci,-0.2176843688388768
jordan_composite_yahoo +fwd5y5y -slope_5s30s,0.21760544913849647
vix +hangseng,-0.21760214653898766
jordan_composite_yahoo +eurusd_cvol +leg_hy_ig_credit_yahoo,0.2175530698329261
leg_discretionary_staples_yahoo -slope_5s30s +be10,0.2175352669191681
vix -silver_gold_ratio_oanda +slope_2s10s,-0.21752363199018326
leg_discretionary_staples_yahoo +nikkei -gold,0.21751069604273804
vix -fwd5y5y +slope_2s5s,-0.21746894436322653
vix +xauusd_cvol -ig_oas,-0.21744203902613654
leg_discretionary_staples_yahoo -xauusd_skew -leg_smallcap_largecap_yahoo,0.21743773580164225
vix +oil +dax,-0.2174033137120234
vix +slope_2s30s -dax,-0.21739656935990415
leg_discretionary_staples_yahoo +fwd5y5y +hy_ig_oas_diff,0.2173742655646853
leg_discretionary_staples_yahoo +eurusd_cvol -smallcap_largecap_oanda,0.21733158538666877
jordan_composite_yahoo -slope_5s30s +slope_2s30s,0.21731102444923323
leg_discretionary_staples_yahoo -nfci -gold,0.2172621708462901
leg_discretionary_staples_yahoo +nikkei +real10,0.2172431386427764
vix +slope_5s30s -usb05y,-0.21723776593820007
leg_discretionary_staples_yahoo +real10 +be10,0.21717915066967275
vix +eurusd_skew -nikkei,-0.21714037397594851
vix -fwd5y5y +oil_gold_ratio_oanda,-0.21710826005757639
vix -eurusd_cvol -fwd5y5y,-0.21710016464492563
leg_discretionary_staples_yahoo +eurusd_skew +leg_hy_ig_credit_yahoo,0.21708654239946928
smallcap_largecap_oanda -hy_oas -dax,-0.21704230766271987
hy_oas -nzdjpy +real10,0.21703436990412237
leg_discretionary_staples_yahoo -usb02y +usb10y,0.2170265356196856
vix -usb05y -audjpy,-0.21699828511850766
vix -ig_oas -audjpy,-0.21699825142454457
leg_discretionary_staples_yahoo +silver_gold_ratio_oanda -gold,0.2169783465246595
jordan_composite_yahoo +dax -gold,0.2168726304915576
jordan_composite_yahoo +nas_rvol -usb10y,0.21680595643939987
leg_discretionary_staples_yahoo +em_fx_basket +fwd5y5y,0.21677978408078283
vix -usb10y -nikkei,-0.21676416436815563
vix -oil +nzdjpy,-0.21671580655649025
vix +slope_2s5s -be10,-0.21669021100482702
jordan_composite_yahoo +em_fx_basket -usd_basket,0.21665067474441047
jordan_composite_yahoo -slope_2s10s +slope_2s5s,0.21663465811689822
vix +nfci -audjpy,-0.21662350214680545
leg_discretionary_staples_yahoo -smallcap_largecap_oanda +slope_5s30s,0.2165749607704293
vix -fwd5y5y +slope_2s10s,-0.21656738643491763
jordan_composite_yahoo -eurusd_cvol -leg_smallcap_largecap_yahoo,0.21656526526795675
hy_ig_oas_diff -smallcap_largecap_oanda +leg_hy_ig_credit_yahoo,0.216561095906787
leg_discretionary_staples_yahoo -nzdjpy -gold,0.2165123937237154
vix -slope_5s30s -be10,-0.21649696864652254
vix -usb10y -real10,-0.2164926180146222
vix -hy_ig_oas_diff +hy_oas,-0.21646599998904076
vix +usd_basket +slope_2s10s,-0.21643579371869073
jordan_composite_yahoo -slope_2s30s +real10,0.21642735786891393
vix -silver_gold_ratio_oanda +usb02y,-0.2163145858862116
jordan_composite_yahoo +eurusd_cvol +be10,0.21628519612475422
vix +dow_spx_ratio_oanda,-0.21626219615384276
vix +usb02y +nfci,-0.21623078384486358
jordan_composite_yahoo -oil_gold_ratio_oanda +leg_hy_ig_credit_yahoo,0.21621890780108582
vix +usb05y -be10,-0.21621881109941182
vix +nikkei,-0.21621219030305525
smallcap_largecap_oanda -leg_hy_ig_credit_yahoo +nzdjpy,-0.216178773124043
leg_discretionary_staples_yahoo +leg_hy_ig_credit_yahoo -hangseng,0.21616769672531977
leg_discretionary_staples_yahoo +nas_rvol -leg_smallcap_largecap_yahoo,0.21616493209203802
vix +slope_5s30s -slope_2s5s,-0.2161535594715994
leg_discretionary_staples_yahoo +real10 -leg_smallcap_largecap_yahoo,0.21613235225538133
vix +slope_5s30s +ftse,-0.2160197776585915
leg_discretionary_staples_yahoo +nikkei -audjpy,0.21601712864649286
fwd5y5y -smallcap_largecap_oanda +hy_oas,0.2159544158178259
vix +usd_basket +ftse,-0.21584790963856204
leg_discretionary_staples_yahoo -oil +dow_spx_ratio_oanda,0.2158181980878786
leg_discretionary_staples_yahoo -oil -usb02y,0.21578924915641884
jordan_composite_yahoo -xauusd_skew -slope_2s5s,0.21577400499209126
vix -usb10y -be10,-0.21576640006707387
leg_hy_ig_credit_yahoo -xauusd_skew -nzdjpy,0.21568978912610148
vix +smallcap_largecap_oanda +hy_oas,-0.21568128382639007
vix -slope_2s10s -real10,-0.2156587589740518
smallcap_largecap_oanda -hy_oas,-0.21563609762746902
vix -usb05y +nfci,-0.21561335194489678
vix -dax -slope_2s5s,-0.21552456602730627
leg_discretionary_staples_yahoo +silver_gold_ratio_oanda +hy_ig_oas_diff,0.2155180708083501
vix +ig_oas +nzdjpy,-0.2155061006236396
nas_rvol +hy_oas +be10,0.21544763913804224
leg_discretionary_staples_yahoo +fwd5y5y -oil,0.2154198516929989
vix +hangseng +nfci,-0.21526291468099146
jordan_composite_yahoo -usb05y +usb10y,0.21523985965414413
leg_discretionary_staples_yahoo +jordan_composite_yahoo +slope_5s30s,0.2152379328849535
leg_discretionary_staples_yahoo -copper_gold_ratio_yahoo -xauusd_skew,0.21523269151614535
vix +hy_ig_oas_diff +nzdjpy,-0.2152320351409566
xauusd_cvol +hy_oas -nfci,0.21520251579251715
jordan_composite_yahoo +leg_hy_ig_credit_yahoo +be10,0.21510068837733104
vix -eurusd_skew -em_fx_basket,-0.2150777885245129
leg_discretionary_staples_yahoo +jordan_composite_yahoo +leg_smallcap_largecap_yahoo,0.21506809221059453
leg_discretionary_staples_yahoo +silver_gold_ratio_oanda +be10,0.21498990557143888
leg_discretionary_staples_yahoo -eurusd_skew +hy_ig_oas_diff,0.2149808715438939
vix -ig_oas -usb10y,-0.21498059087534643
jordan_composite_yahoo -slope_2s30s +ig_oas,0.21486315565926806
jordan_composite_yahoo -slope_2s30s +slope_2s10s,0.21486222977841965
vix +eurusd_skew -copper_gold_ratio_yahoo,-0.21483462812688714
leg_discretionary_staples_yahoo +leg_hy_ig_credit_yahoo -dow_spx_ratio_oanda,0.2147408653700942
leg_discretionary_staples_yahoo +nas_rvol +usb02y,0.21472852741577664
vix -silver_gold_ratio_oanda +dow_spx_ratio_oanda,-0.214681162666285
oil -hy_oas +nfci,-0.2146811404282693
vix +hangseng +usd_basket,-0.21465341295848037
jordan_composite_yahoo -slope_5s30s -nfci,0.21463706284768305
leg_discretionary_staples_yahoo -usb02y -nzdjpy,0.21456867045123498
vix +copper_gold_ratio_yahoo -hangseng,-0.21452222568171117
jordan_composite_yahoo -nzdjpy -gold,0.21452061888399998
vix +slope_2s30s +leg_smallcap_largecap_yahoo,-0.21451509405118038
leg_discretionary_staples_yahoo +nas_rvol -dow_spx_ratio_oanda,0.21450070201540544
vix -fwd5y5y +copper_gold_ratio_yahoo,-0.2144868200653102
leg_discretionary_staples_yahoo -eurusd_skew +be10,0.214483015654932
vix +slope_5s30s -dow_spx_ratio_oanda,-0.21445956228936658
leg_discretionary_staples_yahoo -slope_5s30s +ig_oas,0.21441445230864917
vix +silver_gold_ratio_oanda +usd_basket,-0.21440586543339382
vix +eurusd_skew +ftse,-0.21438919477236432
vix -ig_oas +ftse,-0.21436343967978597
jordan_composite_yahoo -usd_basket -leg_smallcap_largecap_yahoo,0.2143378571676864
jordan_composite_yahoo +nas_rvol +dow_spx_ratio_oanda,0.21431949221294475
eurusd_cvol +smallcap_largecap_oanda -hy_oas,-0.21431788996997925
vix +slope_2s5s +gold,-0.21431700414240812
jordan_composite_yahoo +hy_ig_oas_diff +nikkei,0.21430606475710992
vix +xauusd_skew -gold,-0.21430010163321866
vix +usb02y -be10,-0.2142843185048705
jordan_composite_yahoo +hangseng -nzdjpy,0.21418188070317826
vix -xauusd_cvol +usb10y,-0.21414032610698572
jordan_composite_yahoo -vix +xauusd_skew,0.21409755566888541
leg_discretionary_staples_yahoo +hangseng -nzdjpy,0.2140755837634252
leg_discretionary_staples_yahoo -usb05y -nzdjpy,0.21403344905827024
vix +eurusd_skew -slope_2s10s,-0.21399995149730433
leg_discretionary_staples_yahoo +eurusd_cvol -xauusd_skew,0.2139810999608208
vix +oil_gold_ratio_oanda +oil,-0.2139038139612981
vix -usd_basket -real10,-0.21385066628322966
jordan_composite_yahoo -gold +be10,0.2137897435210174
leg_discretionary_staples_yahoo +xauusd_cvol -nfci,0.2137818342338188
vix +em_fx_basket +nzdjpy,-0.21376985572669946
vix -eurusd_skew +nzdjpy,-0.2137326394641107
vix -em_fx_basket +eurusd_cvol,-0.21365988934589747
vix -fwd5y5y -xauusd_cvol,-0.21365304266521232
vix +usb05y -dow_spx_ratio_oanda,-0.21364358574690182
hy_oas -xauusd_skew -nzdjpy,0.2136105439304804
nas_rvol -slope_5s30s +leg_hy_ig_credit_yahoo,0.2135794984139834
leg_discretionary_staples_yahoo +hy_ig_oas_diff -usb05y,0.21349550947941584
vix -leg_hy_ig_credit_yahoo -gold,-0.21349399230045285
jordan_composite_yahoo -copper_gold_ratio_yahoo +real10,0.21346547351329334
leg_discretionary_staples_yahoo +hy_ig_oas_diff -usb02y,0.21346123071672243
leg_discretionary_staples_yahoo +nas_rvol +usb05y,0.2134465808174343
leg_discretionary_staples_yahoo +hy_oas -nikkei,0.21340154233284755
jordan_composite_yahoo -oil -usd_basket,0.21337515969380164
leg_discretionary_staples_yahoo -xauusd_cvol +leg_hy_ig_credit_yahoo,0.21334817534077352
vix -usb10y +gold,-0.213326601635319
vix +usd_basket -slope_2s5s,-0.21332422897382697
vix +xauusd_skew +dax,-0.21331523039449604
vix -eurusd_cvol -hangseng,-0.21328888784767133
jordan_composite_yahoo -gold,0.21327642765165583
jordan_composite_yahoo -smallcap_largecap_oanda -dow_spx_ratio_oanda,0.21326554504787118
leg_discretionary_staples_yahoo -eurusd_skew +real10,0.21322969287580174
jordan_composite_yahoo +nas_rvol -usb02y,0.21322290533041194
slope_5s30s -hy_oas +nfci,-0.21316523498690265
vix -audjpy +ftse,-0.2131182015423149
leg_discretionary_staples_yahoo -fwd5y5y -oil,0.2130661783665704
vix -eurusd_cvol -slope_2s10s,-0.21301715937826737
smallcap_largecap_oanda -leg_hy_ig_credit_yahoo -nikkei,-0.21298796032822923
leg_discretionary_staples_yahoo +hangseng -xauusd_skew,0.21296771615147753
vix -hy_oas -nzdjpy,-0.21292909747655572
vix +eurusd_skew -eurusd_cvol,-0.21292119165983517
vix -hangseng -usb05y,-0.21280690345547126
jordan_composite_yahoo +fwd5y5y -leg_smallcap_largecap_yahoo,0.2127730273765241
leg_discretionary_staples_yahoo -vix +oil,0.21275549859764292
vix -eurusd_cvol -slope_2s5s,-0.21274166122827448
jordan_composite_yahoo +hangseng -xauusd_skew,0.21269439136081286
eurusd_skew +oil -hy_oas,-0.21268957733600832
vix +eurusd_skew +usb10y,-0.2125916337361933
vix +slope_2s5s,-0.21257241395838722
vix -real10 +be10,-0.21254509495804935
jordan_composite_yahoo -usb05y +usb02y,0.21254366711143924
vix +oil_gold_ratio_oanda -hangseng,-0.21254035179394232
vix +slope_2s30s -dow_spx_ratio_oanda,-0.21249801280228933
jordan_composite_yahoo -nfci -be10,0.21249623576979487
vix -slope_5s30s,-0.21245435192907666
vix +xauusd_cvol +leg_smallcap_largecap_yahoo,-0.21244772907738846
leg_discretionary_staples_yahoo -usb10y +real10,0.21244218844925808
vix -nfci -real10,-0.2124355656551814
leg_discretionary_staples_yahoo -smallcap_largecap_oanda -ig_oas,0.21240839302650058
jordan_composite_yahoo +copper_gold_ratio_yahoo +leg_hy_ig_credit_yahoo,0.21237641631391793
vix +xauusd_skew -nfci,-0.21236410999154054
leg_discretionary_staples_yahoo +nas_rvol -audjpy,0.21233478495890548
vix -nas_rvol -nzdjpy,-0.21231993084050746
hy_oas -nzdjpy +be10,0.21229755622955046
leg_hy_ig_credit_yahoo +hy_oas -slope_2s10s,0.21226377458270246
vix +slope_2s30s +nfci,-0.21224911687849435
vix +slope_5s30s -nikkei,-0.21216609033740053
leg_discretionary_staples_yahoo +xauusd_cvol +be10,0.21215438980547657
hy_oas -nfci -nzdjpy,0.21215242009008894
vix -em_fx_basket +ig_oas,-0.2121460877140562
hy_ig_oas_diff +smallcap_largecap_oanda -hy_oas,-0.21209631630586398
jordan_composite_yahoo -usd_basket -nzdjpy,0.21209141565371045
vix +copper_gold_ratio_yahoo +usb10y,-0.21197680203305108
vix -hangseng +usd_basket,-0.21197527488786855
smallcap_largecap_oanda +slope_2s30s -hy_oas,-0.21195556981591224
oil -hy_oas -be10,-0.21193051262639107
vix -eurusd_cvol +usd_basket,-0.2119262688717415
leg_discretionary_staples_yahoo +jordan_composite_yahoo +nfci,0.21192258169994513
leg_discretionary_staples_yahoo -usd_basket +ig_oas,0.2119217270939886
leg_discretionary_staples_yahoo -slope_2s10s -nzdjpy,0.21191519279003523
jordan_composite_yahoo +eurusd_cvol -nfci,0.21189693136962096
jordan_composite_yahoo +oil_gold_ratio_oanda +nas_rvol,0.21184659728295216
vix -fwd5y5y +ftse,-0.2117770124323113
jordan_composite_yahoo +leg_hy_ig_credit_yahoo +nikkei,0.21177529302937564
jordan_composite_yahoo -xauusd_cvol -smallcap_largecap_oanda,0.21177371017578475
vix +copper_gold_ratio_yahoo -dow_spx_ratio_oanda,-0.21173170011688663
vix +slope_2s30s +ftse,-0.21162589288519285
jordan_composite_yahoo +nas_rvol +slope_2s5s,0.21161479203842365
leg_discretionary_staples_yahoo -usd_basket,0.21161378044457022
jordan_composite_yahoo -xauusd_skew -usb10y,0.2115643902197463
vix +oil -gold,-0.21155912998205453
vix +oil_gold_ratio_oanda +copper_gold_ratio_yahoo,-0.21154490519949884
silver_gold_ratio_oanda +leg_hy_ig_credit_yahoo +hy_oas,0.21150646449829177
vix -hy_ig_oas_diff -usd_basket,-0.21150587428114057
vix +usb02y -dow_spx_ratio_oanda,-0.21147397607151994
leg_discretionary_staples_yahoo +jordan_composite_yahoo -leg_hy_ig_credit_yahoo,0.21146310921054776
hy_oas -nfci -gold,0.21142103332013484
leg_discretionary_staples_yahoo -slope_2s30s +slope_2s5s,0.21141167418170517
jordan_composite_yahoo +nas_rvol -usb05y,0.21139377001838136
leg_discretionary_staples_yahoo -oil -nzdjpy,0.21138868603217084
vix +usd_basket -audjpy,-0.2113652724393722
jordan_composite_yahoo +xauusd_cvol -gold,0.21136315898553829
leg_discretionary_staples_yahoo +em_fx_basket -slope_2s30s,0.21135502954198496
vix +nikkei -real10,-0.21131202846395747
jordan_composite_yahoo -nfci +real10,0.21126095743133314
vix +oil_gold_ratio_oanda +usb10y,-0.21124636290580867
jordan_composite_yahoo -slope_2s30s -usd_basket,0.21123933768081318
leg_discretionary_staples_yahoo +dax,0.2112235925663724
leg_discretionary_staples_yahoo +dax +be10,0.21121633525735903
jordan_composite_yahoo +nikkei -leg_smallcap_largecap_yahoo,0.2111883975336815
vix -hy_ig_oas_diff -usb10y,-0.2111735396380015
jordan_composite_yahoo +silver_gold_ratio_oanda +leg_hy_ig_credit_yahoo,0.2111732903026748
leg_discretionary_staples_yahoo +eurusd_cvol -oil,0.21115565791935414
leg_discretionary_staples_yahoo +nikkei,0.21115542842527463
leg_discretionary_staples_yahoo -slope_5s30s +dax,0.211153752588633
vix -ftse,-0.21112828992596022
leg_discretionary_staples_yahoo +xauusd_cvol -slope_2s30s,0.21112414529895004
smallcap_largecap_oanda +usd_basket -hy_oas,-0.21110917239023747
leg_discretionary_staples_yahoo +em_fx_basket +dax,0.21108262210553103
leg_discretionary_staples_yahoo +leg_hy_ig_credit_yahoo -ig_oas,0.2110757243687393
vix +eurusd_cvol +nfci,-0.2110287955614946
eurusd_skew +oil -leg_hy_ig_credit_yahoo,-0.21100737290607632
leg_discretionary_staples_yahoo +fwd5y5y +real10,0.210951839133021
vix -fwd5y5y +usb10y,-0.21089443502097666
leg_discretionary_staples_yahoo +fwd5y5y -nzdjpy,0.21082943084162917
jordan_composite_yahoo -smallcap_largecap_oanda -slope_2s5s,0.21082542190020837
leg_discretionary_staples_yahoo +copper_gold_ratio_yahoo +ig_oas,0.2108253696316093
jordan_composite_yahoo -oil +slope_2s5s,0.210789890706407
leg_discretionary_staples_yahoo -leg_smallcap_largecap_yahoo +be10,0.21075785428415011
jordan_composite_yahoo +vix +smallcap_largecap_oanda,-0.21074854811263005
vix +slope_2s10s,-0.21074701139836194
jordan_composite_yahoo +nas_rvol +ftse,0.21074331631620732
slope_2s30s -leg_hy_ig_credit_yahoo +nzdjpy,-0.21067601272604358
nas_rvol +leg_hy_ig_credit_yahoo -nzdjpy,0.21064424111173974
vix +oil_gold_ratio_oanda -ig_oas,-0.21062107694304866
leg_discretionary_staples_yahoo +hy_ig_oas_diff +xauusd_cvol,0.21060157228278475
vix +usb10y -dax,-0.21059069007614178
silver_gold_ratio_oanda -smallcap_largecap_oanda +hy_oas,0.2105807704094335
vix -usb10y -dax,-0.21054848097471648
xauusd_cvol -leg_hy_ig_credit_yahoo -hy_oas,-0.210526019298559
fwd5y5y -smallcap_largecap_oanda +leg_hy_ig_credit_yahoo,0.2105088840314726
vix +nzdjpy +real10,-0.2105083460062702
leg_discretionary_staples_yahoo +silver_gold_ratio_oanda -slope_5s30s,0.21042897141905836
vix +usd_basket +dow_spx_ratio_oanda,-0.21039683600393763
leg_discretionary_staples_yahoo +hy_ig_oas_diff +slope_2s5s,0.21038227623627637
oil -hy_oas -real10,-0.21035162365850146
leg_discretionary_staples_yahoo -usb10y -nfci,0.21035148669962916
vix +fwd5y5y +xauusd_skew,-0.2103011614903722
vix +eurusd_skew -usb05y,-0.21030060675296403
vix +usb02y +ftse,-0.21026488121238363
vix +copper_gold_ratio_yahoo -ig_oas,-0.21013557031285124
jordan_composite_yahoo +usb02y -usb10y,0.21012168254318703
vix -fwd5y5y -usb02y,-0.21008435286671862
jordan_composite_yahoo +fwd5y5y -nfci,0.21007964295323983
leg_hy_ig_credit_yahoo +hy_oas +slope_2s5s,0.21007579695329373
smallcap_largecap_oanda +xauusd_skew +nfci,-0.2099815296397828
jordan_composite_yahoo +nas_rvol +usb05y,0.20997801327040835
leg_discretionary_staples_yahoo +em_fx_basket +slope_2s5s,0.2099760183519363
vix +nfci +real10,-0.20996620464213783
leg_discretionary_staples_yahoo -vix -hy_oas,0.209951606025041
vix -fwd5y5y -hangseng,-0.2099478354745423
leg_discretionary_staples_yahoo +fwd5y5y +be10,0.20994670951811276
vix +silver_gold_ratio_oanda -ig_oas,-0.20994497714826665
vix +fwd5y5y +leg_smallcap_largecap_yahoo,-0.2099360113194679
vix +hy_ig_oas_diff +oil,-0.20987718718574594
leg_discretionary_staples_yahoo +eurusd_cvol +be10,0.20984599813296628
vix -real10 -ftse,-0.2098250262353862
jordan_composite_yahoo +nas_rvol +usb02y,0.20981580224344235
smallcap_largecap_oanda -leg_hy_ig_credit_yahoo,-0.20981144312066324
vix +silver_gold_ratio_oanda +gold,-0.20978714788642303
vix -silver_gold_ratio_oanda -usb02y,-0.20976892137648842
vix -em_fx_basket -ftse,-0.20975393180482457
jordan_composite_yahoo +eurusd_cvol -nzdjpy,0.20973349282156478
vix +copper_gold_ratio_yahoo +slope_2s30s,-0.20972950664666273
vix +audjpy +dow_spx_ratio_oanda,-0.2096619946593374
vix +eurusd_skew +slope_2s5s,-0.20963677300958244
leg_discretionary_staples_yahoo +hangseng -gold,0.20962086780800596
vix +usb10y +ftse,-0.2095769405503215
vix +eurusd_cvol +slope_5s30s,-0.2095436619327276
hy_oas +real10 -gold,0.20949989182368686
vix +eurusd_skew -slope_2s5s,-0.2094598012975778
vix +silver_gold_ratio_oanda +nzdjpy,-0.2093867421383353
leg_discretionary_staples_yahoo +em_fx_basket -oil,0.20937765878657313
vix +slope_5s30s -hangseng,-0.2093730888727811
vix -em_fx_basket +nikkei,-0.20930643965307438
vix +usd_basket -slope_2s10s,-0.20925470014680478
vix -slope_2s10s -dax,-0.2092269589972667
vix -silver_gold_ratio_oanda +ftse,-0.20922400124010607
jordan_composite_yahoo +silver_gold_ratio_oanda -slope_5s30s,0.20921151823327752
leg_discretionary_staples_yahoo +xauusd_cvol +dax,0.2091950024633962
leg_discretionary_staples_yahoo +silver_gold_ratio_oanda -leg_smallcap_largecap_yahoo,0.20918308167558258
vix +nikkei -be10,-0.2091813043848711
jordan_composite_yahoo -vix +nzdjpy,0.20915239991756382
leg_discretionary_staples_yahoo +slope_2s5s +be10,0.20909243015020262
vix +silver_gold_ratio_oanda +nfci,-0.20907932559603806
vix +ig_oas +gold,-0.2090690841811849
jordan_composite_yahoo -slope_2s30s,0.20906800950837098
jordan_composite_yahoo -smallcap_largecap_oanda +slope_2s10s,0.2090389373163771
jordan_composite_yahoo +real10 -gold,0.20902985002084154
leg_discretionary_staples_yahoo -usd_basket +real10,0.2090183360860849
vix -silver_gold_ratio_oanda -oil_gold_ratio_oanda,-0.20901711211918217
leg_discretionary_staples_yahoo +leg_hy_ig_credit_yahoo -nikkei,0.2090106300071775
jordan_composite_yahoo -em_fx_basket +hy_oas,0.2090028732862437
leg_discretionary_staples_yahoo +oil_gold_ratio_oanda -nzdjpy,0.20898735901611018
vix +slope_2s30s -nikkei,-0.2089625661079522
vix -eurusd_cvol +usb10y,-0.20894975977385394
smallcap_largecap_oanda +slope_5s30s +xauusd_skew,-0.20888236204275729
vix -oil_gold_ratio_oanda +usd_basket,-0.20885416026305018
leg_discretionary_staples_yahoo -oil_gold_ratio_oanda +real10,0.20877458014266356
vix -slope_2s10s -ig_oas,-0.20877202900424915
vix -xauusd_cvol -usb10y,-0.208763088176371
leg_discretionary_staples_yahoo +eurusd_cvol +nas_rvol,0.20873349962273827
xauusd_cvol +smallcap_largecap_oanda -hy_oas,-0.20871739128365743
hy_oas +dax -nfci,0.20865390730996053
leg_discretionary_staples_yahoo +em_fx_basket +nikkei,0.20864623139418007
vix -silver_gold_ratio_oanda +hangseng,-0.20862357121282588
vix +fwd5y5y -ig_oas,-0.20861589134782169
smallcap_largecap_oanda -hy_oas -slope_2s5s,-0.20857945200063363
leg_discretionary_staples_yahoo +dax -nfci,0.20847503825719507
leg_discretionary_staples_yahoo +fwd5y5y -nfci,0.20847429811692808
vix -silver_gold_ratio_oanda -usb05y,-0.20843556493007734
leg_discretionary_staples_yahoo -smallcap_largecap_oanda -real10,0.2084301869018548
leg_discretionary_staples_yahoo +nas_rvol +slope_2s10s,0.20842861386549466
jordan_composite_yahoo +hy_ig_oas_diff -usd_basket,0.2084141605030933
jordan_composite_yahoo +nikkei -audjpy,0.20840354599498714
jordan_composite_yahoo +em_fx_basket -leg_smallcap_largecap_yahoo,0.20838294962364687
leg_discretionary_staples_yahoo +fwd5y5y,0.2083549780656491
jordan_composite_yahoo +hy_ig_oas_diff -leg_smallcap_largecap_yahoo,0.20831025246532228
hy_oas +nikkei -nfci,0.20827846618704718
oil +slope_5s30s -hy_oas,-0.20825543619481443
jordan_composite_yahoo +nikkei -gold,0.2082310477665804
