{
  "risk_guard": {
    "day_start_bal": 108429.59,
    "month_start_bal": 10000.0,
    "locked_until": 1779477051.5555823,
    "last_trade_by_pair": {
      "XAU/USD": 1779352343.38085
    },
    "last_reset_date": "2026-05-22"
  },
  "position_meta": {}
}