{
  "risk_guard": {
    "day_start_bal": 100566.09,
    "month_start_bal": 99830.98,
    "locked_until": 1779829255.5206673,
    "last_trade_by_pair": {
      "XAU/USD": 1779797784.9885044,
      "USD/JPY": 1779792677.8766346,
      "USD/CAD": 1779823774.2399597,
      "EUR/USD": 1779823466.5245433,
      "USD/CHF": 1779807893.2853694,
      "EUR/GBP": 1779811054.5022295,
      "GBP/JPY": 1779811952.7776759
    },
    "last_reset_date": "2026-05-26",
    "last_reset_month": "2026-05"
  },
  "position_meta": {}
}