{
  "risk_guard": {
    "day_start_bal": 93949.43,
    "month_start_bal": 10000.0,
    "locked_until": 1779317358.3881204,
    "last_trade_by_pair": {
      "XAU/USD": 1779356672.1371286
    },
    "last_reset_date": "2026-05-21"
  },
  "position_meta": {}
}