{
  "risk_guard": {
    "day_start_bal": 97576.24,
    "month_start_bal": 104299.24,
    "locked_until": 1780554906.3052785,
    "last_trade_by_pair": {
      "XAU/USD": 1779897294.9003794,
      "USD/JPY": 1780298783.1707315,
      "USD/CAD": 1779914256.5022867,
      "EUR/USD": 1779910463.8196313,
      "USD/CHF": 1779898975.0198252,
      "EUR/GBP": 1779893665.4903212,
      "GBP/JPY": 1779908245.640869,
      "AUD/USD": 1779893862.7164354,
      "GBP/USD": 1779891513.292055
    },
    "last_reset_date": "2026-06-04",
    "last_reset_month": "2026-06"
  },
  "position_meta": {}
}