{
  "risk_guard": {
    "day_start_bal": 96320.61,
    "month_start_bal": 104299.24,
    "locked_until": 1780563914.5479677,
    "last_trade_by_pair": {
      "XAU/USD": 1780663269.8780086,
      "USD/JPY": 1780651160.2971032,
      "USD/CAD": 1780654778.3249414,
      "EUR/USD": 1780685379.6040683,
      "USD/CHF": 1779898975.0198252,
      "EUR/GBP": 1780655433.4730015,
      "GBP/JPY": 1780652286.568657,
      "AUD/USD": 1780690229.8667438,
      "GBP/USD": 1780658870.6148307
    },
    "last_reset_date": "2026-06-08",
    "last_reset_month": "2026-06"
  },
  "position_meta": {}
}