{
  "risk_guard": {
    "day_start_bal": 100566.09,
    "month_start_bal": 10000.0,
    "locked_until": 1779815929.2866554,
    "last_trade_by_pair": {
      "XAU/USD": 1779797784.9885044,
      "USD/JPY": 1779792677.8766346,
      "USD/CAD": 1779811203.965166,
      "EUR/USD": 1779814123.8892624,
      "USD/CHF": 1779807893.2853694,
      "EUR/GBP": 1779811054.5022295,
      "GBP/JPY": 1779811952.7776759
    },
    "last_reset_date": "2026-05-26"
  },
  "position_meta": {}
}