{
  "risk_guard": {
    "day_start_bal": 104383.17,
    "month_start_bal": 10000.0,
    "locked_until": 1779808957.0475452,
    "last_trade_by_pair": {
      "XAU/USD": 1779797784.9885044,
      "USD/JPY": 1779792677.8766346,
      "USD/CAD": 1779792532.3399787,
      "EUR/USD": 1779797665.6724308,
      "USD/CHF": 1779794945.2320044,
      "EUR/GBP": 1779797743.9937732
    },
    "last_reset_date": "2026-05-26"
  },
  "position_meta": {}
}