{
  "risk_guard": {
    "day_start_bal": 95371.85,
    "month_start_bal": 104299.24,
    "locked_until": 1780563914.5479677,
    "last_trade_by_pair": {
      "XAU/USD": 1781012444.6352544,
      "USD/JPY": 1780996407.8431919,
      "USD/CAD": 1781017805.3755364,
      "EUR/USD": 1781013063.9978976,
      "USD/CHF": 1780993293.165173,
      "EUR/GBP": 1780952262.8902957,
      "GBP/JPY": 1780652286.568657,
      "AUD/USD": 1780690229.8667438,
      "GBP/USD": 1780658870.6148307
    },
    "last_reset_date": "2026-06-09",
    "last_reset_month": "2026-06"
  },
  "position_meta": {}
}