{
  "risk_guard": {
    "day_start_bal": 89263.06,
    "month_start_bal": 10000.0,
    "locked_until": 1779487852.5729687,
    "last_trade_by_pair": {
      "XAU/USD": 1779782254.8815842,
      "USD/JPY": 1779792677.8766346,
      "USD/CAD": 1779792532.3399787,
      "EUR/USD": 1779793384.063051,
      "USD/CHF": 1779794945.2320044
    },
    "last_reset_date": "2026-05-26"
  },
  "position_meta": {
    "8792612203": {
      "tp1": 0.78431,
      "tp1_close_pct": 50,
      "trailoffset_dist": 0.00053,
      "tp1_hit": false,
      "trail_active": false,
      "trail_sl": null
    }
  }
}