{
  "risk_guard": {
    "day_start_bal": 91224.41,
    "month_start_bal": 104299.24,
    "locked_until": 1780563914.5479677,
    "last_trade_by_pair": {
      "XAU/USD": 1781765186.662191,
      "USD/JPY": 1782202066.3856373,
      "USD/CAD": 1782201441.300271,
      "EUR/USD": 1781711076.722537,
      "USD/CHF": 1782211896.3922148,
      "EUR/GBP": 1782133060.2322798,
      "GBP/JPY": 1782202809.1919997,
      "AUD/USD": 1781797131.2759385,
      "GBP/USD": 1781273883.5577285
    },
    "last_reset_date": "2026-06-23",
    "last_reset_month": "2026-06"
  },
  "position_meta": {}
}