{
  "risk_guard": {
    "day_start_bal": 91367.93,
    "month_start_bal": 104299.24,
    "locked_until": 1780563914.5479677,
    "last_trade_by_pair": {
      "XAU/USD": 1781765186.662191,
      "USD/JPY": 1781208741.396118,
      "USD/CAD": 1781282763.793376,
      "EUR/USD": 1781711076.722537,
      "USD/CHF": 1781813769.9197373,
      "EUR/GBP": 1781766287.1411722,
      "GBP/JPY": 1781289038.1689298,
      "AUD/USD": 1781797131.2759385,
      "GBP/USD": 1781273883.5577285
    },
    "last_reset_date": "2026-06-20",
    "last_reset_month": "2026-06"
  },
  "position_meta": {}
}