{
  "risk_guard": {
    "day_start_bal": 90404.39,
    "month_start_bal": 104299.24,
    "locked_until": 1780563914.5479677,
    "last_trade_by_pair": {
      "XAU/USD": 1781012444.6352544,
      "USD/JPY": 1781208741.396118,
      "USD/CAD": 1781282763.793376,
      "EUR/USD": 1781244665.7276077,
      "USD/CHF": 1780993293.165173,
      "EUR/GBP": 1781246416.4079535,
      "GBP/JPY": 1781289038.1689298,
      "AUD/USD": 1780690229.8667438,
      "GBP/USD": 1781273883.5577285
    },
    "last_reset_date": "2026-06-15",
    "last_reset_month": "2026-06"
  },
  "position_meta": {}
}